normal,anomaly,AP,AUROC,FPR95,threshold,sequence,frame,scan,global95_TP,global95_FP,global95_FN,global95_TN,global95_precision_pct,global95_recall_pct,global95_fpr_pct,normal_p99_9,anomaly_p50,global50_TP,global50_FP,global50_FN,global50_TN,global50_precision_pct,global50_recall_pct,global50_fpr_pct,global75_TP,global75_FP,global75_FN,global75_TN,global75_precision_pct,global75_recall_pct,global75_fpr_pct,global90_TP,global90_FP,global90_FN,global90_TN,global90_precision_pct,global90_recall_pct,global90_fpr_pct,global99_TP,global99_FP,global99_FN,global99_TN,global99_precision_pct,global99_recall_pct,global99_fpr_pct
102306,25,30.68677189345332,99.70742673938969,0.7213653158172542,-1.65625,125,0,/home/jasongao/Data/STU/val/125/velodyne/000000.bin,24,1353,1,100953,1.7429193899782136,96.0,1.3225030789982992,4.53125,5.6875,2,0,23,102306,100.0,8.0,0.0,16,261,9,102045,5.776173285198556,64.0,0.25511700193537035,24,900,1,101406,2.5974025974025974,96.0,0.8797137997771391,25,4003,0,98303,0.6206554121151936,100.0,3.912771489453209
102315,25,47.97649992292236,99.64273078238772,0.7926501490495039,-2.609375,125,1,/home/jasongao/Data/STU/val/125/velodyne/000001.bin,24,1389,1,100926,1.6985138004246285,96.0,1.3575722034892244,5.03125,2.953125,7,0,18,102315,100.0,28.0,0.0,12,286,13,102029,4.026845637583893,48.0,0.2795289058300347,24,915,1,101400,2.5559105431309903,96.0,0.8942970238967893,25,4022,0,98293,0.6177415369409439,100.0,3.930997409959439
102295,26,30.44800695939327,99.61786612624874,0.9990713133584241,-5.75,125,2,/home/jasongao/Data/STU/val/125/velodyne/000002.bin,25,1339,1,100956,1.8328445747800586,96.15384615384616,1.3089593821789922,1.8125,0.01165771484375,4,5,22,102290,44.44444444444444,15.384615384615385,0.004887824429346498,13,59,13,102236,18.055555555555557,50.0,0.05767632826628868,24,783,2,101512,2.973977695167286,92.3076923076923,0.7654333056356616,26,4357,0,97938,0.593201003878622,100.0,4.2592502077325385
102296,25,7.817649282568845,99.60794165949793,0.7448971611793228,-4.1875,125,3,/home/jasongao/Data/STU/val/125/velodyne/000003.bin,24,1147,1,101149,2.049530315969257,96.0,1.1212559630875107,3.1875,2.953125,0,4,25,102292,0.0,0.0,0.003910221318526629,12,115,13,102181,9.448818897637794,48.0,0.11241886290764057,23,731,2,101565,3.050397877984085,92.0,0.7145929459607414,25,4456,0,97840,0.5579111805400581,100.0,4.355986548838664
102304,25,41.99232694914433,99.88074757585235,0.36557710353456363,-0.23046875,125,4,/home/jasongao/Data/STU/val/125/velodyne/000004.bin,24,1237,1,101067,1.9032513877874702,96.0,1.209141382546137,2.46875,6.65625,2,0,23,102304,100.0,8.0,0.0,18,76,7,102228,19.148936170212767,72.0,0.07428839537066,24,741,1,101563,3.1372549019607843,96.0,0.7243118548639349,25,4417,0,97887,0.5628095452498875,100.0,4.317524241476384
102300,24,51.27006826218054,99.62467416096447,1.0439882697947216,-6.375,125,5,/home/jasongao/Data/STU/val/125/velodyne/000005.bin,23,1274,1,101026,1.7733230531996915,95.83333333333333,1.2453567937438905,4.25,4.21875,9,0,15,102300,100.0,37.5,0.0,13,210,11,102090,5.829596412556054,54.166666666666664,0.20527859237536658,21,804,3,101496,2.5454545454545454,87.5,0.7859237536656891,24,4003,0,98297,0.5959771542090887,100.0,3.9130009775171066
102290,25,50.791636738305655,99.62049076156026,0.8847394662234822,-4.875,125,6,/home/jasongao/Data/STU/val/125/velodyne/000006.bin,24,1275,1,101015,1.8475750577367205,96.0,1.2464561540717567,4.15625,6.46875,9,0,16,102290,100.0,36.0,0.0,13,206,12,102084,5.936073059360731,52.0,0.2013882099912015,23,819,2,101471,2.7315914489311166,92.0,0.800664776615505,25,4003,0,98287,0.6206554121151936,100.0,3.913383517450386
102281,24,11.452124376908527,99.60448014131006,1.3091385496817591,-7.78125,125,7,/home/jasongao/Data/STU/val/125/velodyne/000007.bin,23,1364,1,100917,1.658255227108868,95.83333333333333,1.3335810170021802,4.5,3.484375,0,0,24,102281,,0.0,0.0,15,262,9,102019,5.415162454873646,62.5,0.2561570575180141,20,901,4,101380,2.1715526601520088,83.33333333333333,0.8809065222279798,24,4003,0,98278,0.5959771542090887,100.0,3.9137278673458415
102283,24,54.06267073786633,99.86599679321098,0.6227818894635472,-2.359375,125,8,/home/jasongao/Data/STU/val/125/velodyne/000008.bin,24,1210,0,101073,1.9448946515397083,100.0,1.182992286108151,3.375,3.953125,5,0,19,102283,100.0,20.833333333333332,0.0,15,142,9,102141,9.554140127388536,62.5,0.13883049969203093,23,756,1,101527,2.952503209242619,95.83333333333333,0.7391257589237703,24,4281,0,98002,0.5574912891986062,100.0,4.185446261842144
102283,25,51.115767320335394,99.75745725096058,0.7361927201978823,-2.609375,125,9,/home/jasongao/Data/STU/val/125/velodyne/000009.bin,24,1386,1,100897,1.702127659574468,96.0,1.3550638913602455,3.125,3.78125,10,0,15,102283,100.0,40.0,0.0,14,108,11,102175,11.475409836065573,56.0,0.10558939413196719,24,854,1,101429,2.733485193621868,96.0,0.8349383573027775,25,4309,0,97974,0.5768343331795108,100.0,4.212821289950432
102287,24,6.033969667020641,99.62120471483831,1.262134973163745,-6.625,125,10,/home/jasongao/Data/STU/val/125/velodyne/000010.bin,24,1520,0,100767,1.5544041450777202,100.0,1.486014840595579,6.3125,3.109375,0,5,24,102282,0.0,0.0,0.004888206712485458,13,446,11,101841,2.832244008714597,54.166666666666664,0.43602803875370283,21,957,3,101330,2.147239263803681,87.5,0.9356027647697166,24,4492,0,97795,0.5314437555358724,100.0,4.391564910496935
102282,25,57.84464086958747,99.83232631352537,0.8271250073326686,-4.8125,125,11,/home/jasongao/Data/STU/val/125/velodyne/000011.bin,25,1224,0,101058,2.00160128102482,100.0,1.1966914999706693,2.859375,7.0625,1,0,24,102282,100.0,4.0,0.0,16,98,9,102184,14.035087719298245,64.0,0.09581353512837058,22,771,3,101511,2.7742749054224465,88.0,0.7537983222854461,25,4506,0,97776,0.5517545795630103,100.0,4.405467237637121
102273,24,37.290636859543305,99.6613434956766,1.1263969962746767,-5.125,125,12,/home/jasongao/Data/STU/val/125/velodyne/000012.bin,23,1549,1,100724,1.4631043256997456,95.83333333333333,1.514573738914474,5.4375,5.1875,2,1,22,102272,66.66666666666667,8.333333333333334,0.0009777751703773235,15,354,9,101919,4.065040650406504,62.5,0.3461324103135725,22,967,2,101306,2.224469160768453,91.66666666666667,0.9455085897548717,24,4289,0,97984,0.5564572223510318,100.0,4.19367770574834
102310,24,13.368779979471283,99.59679324275893,1.1289219040172027,-5.875,125,13,/home/jasongao/Data/STU/val/125/velodyne/000013.bin,24,1458,0,100852,1.6194331983805668,100.0,1.4250806372788585,5.25,4.34375,0,0,24,102310,,0.0,0.0,13,277,11,102033,4.482758620689655,54.166666666666664,0.2707457726517447,21,920,3,101390,2.2316684378320937,87.5,0.8992278369660834,24,4426,0,97884,0.5393258426966292,100.0,4.326067833056397
102281,24,37.32334924931388,99.60806503651705,1.1595506496807815,-6.59375,125,14,/home/jasongao/Data/STU/val/125/velodyne/000014.bin,23,1415,1,100866,1.599443671766342,95.83333333333333,1.3834436503358396,4.53125,3.859375,1,0,23,102281,100.0,4.166666666666667,0.0,13,246,11,102035,5.019305019305019,54.166666666666664,0.24051387843294453,22,885,2,101396,2.4255788313120177,91.66666666666667,0.8652633431429102,24,4286,0,97995,0.5568445475638051,100.0,4.19041659741301
102275,24,24.205366932924427,99.61543632363725,0.9513566365191884,-3.9375,125,15,/home/jasongao/Data/STU/val/125/velodyne/000015.bin,23,1474,1,100801,1.5364061456245826,95.83333333333333,1.4412124175018333,7.0625,4.59375,9,16,15,102259,36.0,37.5,0.015644096797848936,14,494,10,101781,2.7559055118110236,58.333333333333336,0.4830114886335859,22,955,2,101320,2.2517911975435005,91.66666666666667,0.9337570276216084,24,4145,0,98130,0.5756776205325018,100.0,4.05279882669274
102284,24,86.40571282999974,99.91524823041728,0.10558836181611983,2.1875,125,16,/home/jasongao/Data/STU/val/125/velodyne/000016.bin,23,1233,1,101051,1.8312101910828025,95.83333333333333,1.2054671307340346,2.203125,7.625,11,0,13,102284,100.0,45.833333333333336,0.0,21,52,3,102232,28.767123287671232,87.5,0.05083884087442806,23,702,1,101582,3.1724137931034484,95.83333333333333,0.6863243518047788,24,4263,0,98021,0.5598320503848845,100.0,4.167807281686286
102270,25,48.367344980723615,99.64998533294221,0.8946905250806688,-4.4375,125,17,/home/jasongao/Data/STU/val/125/velodyne/000017.bin,24,1369,1,100901,1.722900215362527,96.0,1.338613474137088,5.125,4.28125,10,1,15,102269,90.9090909090909,40.0,0.000977803852547179,15,280,10,101990,5.084745762711864,60.0,0.2737850787132101,23,853,2,101417,2.625570776255708,92.0,0.8340666862227437,25,4214,0,98056,0.5897617362585515,100.0,4.120465434633813
102308,25,85.74851831194896,99.88479884271025,0.09578918559643429,0.19140625,125,18,/home/jasongao/Data/STU/val/125/velodyne/000018.bin,24,1045,1,101263,2.245088868101029,96.0,1.021425499472182,0.1142578125,7.3125,4,0,21,102308,100.0,16.0,0.0,22,14,3,102294,61.111111111111114,88.0,0.013684169370919185,24,508,1,101800,4.511278195488722,96.0,0.49653986003049616,25,4366,0,97942,0.5693463903438852,100.0,4.267505962388083
102324,25,33.49698008206058,99.614342676205,0.9196278487940268,-3.859375,125,19,/home/jasongao/Data/STU/val/125/velodyne/000019.bin,24,1419,1,100905,1.6632016632016633,96.0,1.3867714319221298,6.3125,4.25,5,2,20,102322,71.42857142857143,20.0,0.0019545756616238617,14,404,11,101920,3.349282296650718,56.0,0.39482428364802,23,929,2,101395,2.4159663865546217,92.0,0.9079003948242836,25,4049,0,98275,0.6136475208640157,100.0,3.9570384269575074
102316,25,60.74635751444959,99.90240040658352,0.30982446538175845,0.006561279296875,125,20,/home/jasongao/Data/STU/val/125/velodyne/000020.bin,24,1166,1,101150,2.0168067226890756,96.0,1.1396067086281716,1.84375,5.9375,3,0,22,102316,100.0,12.0,0.0,16,40,9,102276,28.571428571428573,64.0,0.03909456976425974,24,747,1,101569,3.11284046692607,96.0,0.7300910903475507,25,4666,0,97650,0.5329354082285227,100.0,4.560381563000899
102305,24,41.0652782909241,99.59856556375544,1.3068764967499145,-6.90625,125,21,/home/jasongao/Data/STU/val/125/velodyne/000021.bin,23,1479,1,100826,1.5312916111850865,95.83333333333333,1.4456771418796734,5.59375,4.53125,6,2,18,102303,75.0,25.0,0.0019549386637994232,16,384,8,101921,4.0,66.66666666666667,0.37534822344948926,22,1016,2,101289,2.1194605009633913,91.66666666666667,0.993108841210107,24,4453,0,97852,0.5360732633459906,100.0,4.352670934949416
102311,24,52.874499694955446,99.55320053562178,1.0663565012559744,-6.875,125,22,/home/jasongao/Data/STU/val/125/velodyne/000022.bin,23,1236,1,101075,1.8268467037331215,95.83333333333333,1.2080812424861451,2.984375,4.875,7,0,17,102311,100.0,29.166666666666668,0.0,14,105,10,102206,11.764705882352942,58.333333333333336,0.10262826089081331,21,814,3,101497,2.5149700598802394,87.5,0.7956133749059241,23,4633,1,97678,0.49398625429553267,95.83333333333333,4.528349835306076
102265,25,48.71180801344456,99.5392558548868,1.7884906859629395,-10.125,125,23,/home/jasongao/Data/STU/val/125/velodyne/000023.bin,23,1321,2,100944,1.7113095238095237,92.0,1.2917420427321176,5.03125,3.875,7,0,18,102265,100.0,28.0,0.0,13,275,12,101990,4.513888888888889,52.0,0.268909206473378,20,815,5,101450,2.395209580838323,80.0,0.796949102821102,25,4344,0,97921,0.5722133211261158,100.0,4.247787610619469
102302,24,37.905513367392146,99.46740614390073,1.847471212684014,-9.375,125,24,/home/jasongao/Data/STU/val/125/velodyne/000024.bin,22,1586,2,100716,1.3681592039800996,91.66666666666667,1.5503118218607652,6.375,1.6015625,9,4,15,102298,69.23076923076923,37.5,0.003909991984516432,12,447,12,101855,2.6143790849673203,50.0,0.43694160426971124,20,1006,4,101296,1.949317738791423,83.33333333333333,0.9833629841058826,24,4544,0,97758,0.5253940455341506,100.0,4.441750894410666
102326,24,4.659741418017596,99.62165448338317,1.1111545452768603,-5.71875,125,25,/home/jasongao/Data/STU/val/125/velodyne/000025.bin,24,1426,0,100900,1.6551724137931034,100.0,1.3935852080605124,6.65625,3.84375,0,2,24,102324,0.0,0.0,0.001954537458710396,14,390,10,101936,3.4653465346534653,58.333333333333336,0.38113480444852726,22,946,2,101380,2.272727272727273,91.66666666666667,0.9244962179700174,24,4439,0,97887,0.5377548734035402,100.0,4.338095889607724
102278,24,2.963110960375285,99.42562590847169,1.2681123995385128,-6.65625,125,26,/home/jasongao/Data/STU/val/125/velodyne/000026.bin,23,1464,1,100814,1.546738399462004,95.83333333333333,1.4313928704120142,7.0625,3.03125,0,6,24,102272,0.0,0.0,0.005866364223000058,13,462,11,101816,2.736842105263158,54.166666666666664,0.4517100451710045,20,964,4,101314,2.032520325203252,83.33333333333333,0.9425291851620095,24,4430,0,97848,0.5388414907947912,100.0,4.331332251315043
102298,24,34.663253368893194,99.34511183014331,2.4242898199378287,-11.875,125,27,/home/jasongao/Data/STU/val/125/velodyne/000027.bin,21,1468,3,100830,1.4103425117528543,87.5,1.4350231676083598,5.28125,2.671875,2,0,22,102298,100.0,8.333333333333334,0.0,12,314,12,101984,3.6809815950920246,50.0,0.3069463723630961,16,962,8,101336,1.6359918200408998,66.66666666666667,0.9403898414436255,24,4367,0,97931,0.5465725347301298,100.0,4.268900662769556
102298,25,7.283279636732855,99.61960155623764,0.8856478132514809,-4.25,125,28,/home/jasongao/Data/STU/val/125/velodyne/000028.bin,24,1370,1,100928,1.721664275466284,96.0,1.339224618272107,6.625,4.46875,1,4,24,102294,20.0,4.0,0.003910144870867466,14,441,11,101857,3.076923076923077,56.0,0.4310934720131381,23,864,2,101434,2.593010146561443,92.0,0.8445912921073726,25,4199,0,98099,0.5918560606060606,100.0,4.104674578193122
102265,24,90.40220759325938,99.95750419661337,0.07333887449273944,1.25,125,29,/home/jasongao/Data/STU/val/125/velodyne/000029.bin,24,1146,0,101119,2.051282051282051,100.0,1.1206180022490588,0.314453125,6.625,4,0,20,102265,100.0,16.666666666666668,0.0,22,16,2,102249,57.89473684210526,91.66666666666667,0.015645626558451083,23,468,1,101797,4.684317718940937,95.83333333333333,0.45763457683469416,24,4653,0,97612,0.5131494547787043,100.0,4.549943773529556
102261,22,9.753028332921888,99.65549382995917,1.0453643128856553,-6.28125,125,30,/home/jasongao/Data/STU/val/125/velodyne/000030.bin,21,1328,1,100933,1.5567086730911786,95.45454545454545,1.2986377993565486,3.375,4.0,0,0,22,102261,,0.0,0.0,13,126,9,102135,9.352517985611511,59.09090909090909,0.12321412855340745,16,791,6,101470,1.982651796778191,72.72727272727273,0.7735109181408357,22,4175,0,98086,0.524183940910174,100.0,4.082690370718065
102282,17,97.18885448916409,99.9993673776192,0.007821513071703722,4.3125,125,31,/home/jasongao/Data/STU/val/125/velodyne/000031.bin,17,1049,0,101233,1.594746716697936,100.0,1.0255959015271505,2.375,8.6875,5,0,12,102282,100.0,29.41176470588235,0.0,17,62,0,102220,21.518987341772153,100.0,0.06061672630570384,17,652,0,101630,2.5411061285500747,100.0,0.6374533153438533,17,4004,0,98278,0.4227804028848545,100.0,3.9146672923877124
102357,16,78.2711721300065,99.96479845052122,0.278437234385533,2.046875,125,32,/home/jasongao/Data/STU/val/125/velodyne/000032.bin,16,1257,0,101100,1.2568735271013354,100.0,1.228054749553035,3.703125,7.875,4,0,12,102357,100.0,25.0,0.0,15,175,1,102182,7.894736842105263,93.75,0.17097023164023956,16,782,0,101575,2.0050125313283207,100.0,0.7639926922438133,16,3836,0,98521,0.4153686396677051,100.0,3.747667477554051
102443,19,68.19229954625764,99.8164062479931,2.6971096121745752,-12.6875,125,33,/home/jasongao/Data/STU/val/125/velodyne/000033.bin,18,1350,1,101093,1.3157894736842106,94.73684210526316,1.3178059994338316,4.5,9.25,6,0,13,102443,100.0,31.57894736842105,0.0,18,246,1,102197,6.818181818181818,94.73684210526316,0.2401335376746093,18,912,1,101531,1.935483870967742,94.73684210526316,0.8902511640619661,19,4206,0,98237,0.44970414201183434,100.0,4.105697802680515
102490,22,50.21346355223319,99.97095060271958,0.15903990633232512,2.078125,125,34,/home/jasongao/Data/STU/val/125/velodyne/000034.bin,22,1180,0,101310,1.8302828618968385,100.0,1.1513318372524148,2.9375,7.78125,4,3,18,102487,57.142857142857146,18.181818181818183,0.002927114840472241,20,101,2,102389,16.52892561983471,90.9090909090909,0.09854619962923213,22,755,0,101735,2.831402831402831,100.0,0.7366572348521807,22,4190,0,98300,0.5223171889838556,100.0,4.088203727192897
102599,22,19.414264895136814,99.91456145682794,0.24171775553367963,1.1328125,125,35,/home/jasongao/Data/STU/val/125/velodyne/000035.bin,22,1078,0,101521,2.0,100.0,1.0506925018762365,2.890625,4.75,0,0,22,102599,,0.0,0.0,13,101,9,102498,11.403508771929825,59.09090909090909,0.09844150527782922,22,611,0,101988,3.4755134281200633,100.0,0.5955223735124124,22,3915,0,98684,0.5588011176022352,100.0,3.8158266649772417
102705,25,5.143898788772072,99.58623241322233,0.8548756146244098,-3.625,125,36,/home/jasongao/Data/STU/val/125/velodyne/000036.bin,24,1329,1,101376,1.7738359201773837,96.0,1.2939973711114356,2.796875,1.3046875,0,1,25,102704,0.0,0.0,0.0009736624312350907,8,95,17,102610,7.766990291262136,32.0,0.09249793096733362,24,882,1,101823,2.6490066225165565,96.0,0.8587702643493501,25,3893,0,98812,0.6380806533945891,100.0,3.7904678447982083
102691,24,7.969405728720909,99.62855800410941,0.8842060161065722,-6.65625,125,37,/home/jasongao/Data/STU/val/125/velodyne/000037.bin,23,1078,1,101613,2.089009990917348,95.83333333333333,1.0497511953335736,2.015625,1.0078125,0,10,24,102681,0.0,0.0,0.009737951719235376,10,48,14,102643,17.24137931034483,41.666666666666664,0.046742168252329803,18,594,6,102097,2.9411764705882355,75.0,0.5784343321225813,24,3802,0,98889,0.6272869837950863,100.0,3.70236924365329
102909,23,1.8586212800694688,99.43071274029778,1.024205851771954,-8.125,125,38,/home/jasongao/Data/STU/val/125/velodyne/000038.bin,21,1037,2,101872,1.9848771266540643,91.30434782608695,1.0076864025498256,2.65625,-2.5625,0,9,23,102900,0.0,0.0,0.008745590764656152,0,76,23,102833,0.0,0.0,0.07385165534598528,13,591,10,102318,2.152317880794702,56.52173913043478,0.574293793545754,23,4139,0,98770,0.5526189332051898,100.0,4.022000019434646
103064,19,11.966697520469037,99.93394497849064,0.12710548785220835,-1.875,125,39,/home/jasongao/Data/STU/val/125/velodyne/000039.bin,19,604,0,102460,3.0497592295345104,100.0,0.5860436233796475,-1.5078125,0.65234375,0,6,19,103058,0.0,0.0,0.005821625397811069,3,30,16,103034,9.090909090909092,15.789473684210526,0.029108126989055343,19,224,0,102840,7.818930041152264,100.0,0.2173406815182799,19,3935,0,99129,0.4805260495700556,100.0,3.818015990064426
103242,19,10.430274424036867,99.86324924882672,0.6915790085430349,-7.21875,125,40,/home/jasongao/Data/STU/val/125/velodyne/000040.bin,19,825,0,102417,2.251184834123223,100.0,0.7990933922240948,1.5703125,3.3125,0,10,19,103232,0.0,0.0,0.00968598051180721,12,64,7,103178,15.789473684210526,63.1578947368421,0.061990275275566144,16,393,3,102849,3.9119804400977993,84.21052631578948,0.38065903411402335,19,3876,0,99366,0.4878048780487805,100.0,3.7542860463764747
103130,26,0.9521257494037045,98.66082017468617,3.617763987200621,-14.1875,125,41,/home/jasongao/Data/STU/val/125/velodyne/000041.bin,18,1373,8,101757,1.2940330697340043,69.23076923076923,1.3313293900901775,4.5,-6.3125,0,0,26,103130,,0.0,0.0,1,241,25,102889,0.4132231404958678,3.8461538461538463,0.23368563948414622,6,907,20,102223,0.6571741511500547,23.076923076923077,0.8794725104237371,26,4273,0,98857,0.6047918120493138,100.0,4.143314263550858
103566,25,2.818120739256738,99.5578085472066,0.7869377981190738,-4.09375,125,42,/home/jasongao/Data/STU/val/125/velodyne/000042.bin,24,1232,1,102334,1.910828025477707,96.0,1.1895795917579128,4.1875,0.98828125,0,0,25,103566,,0.0,0.0,4,231,21,103335,1.702127659574468,16.0,0.22304617345460864,23,775,2,102791,2.882205513784461,92.0,0.7483150841009598,25,4283,0,99283,0.5803156917363046,100.0,4.135527103489562
103639,26,0.4529471747727114,96.88376517007632,8.372330879302194,-17.125,125,43,/home/jasongao/Data/STU/val/125/velodyne/000043.bin,9,1376,17,102263,0.6498194945848376,34.61538461538461,1.327685523789307,7.1875,-12.0625,0,11,26,103628,0.0,0.0,0.01061376508843196,0,456,26,103183,0.0,0.0,0.43998880730227036,5,978,21,102661,0.508646998982706,19.23076923076923,0.9436602051351325,18,4495,8,99144,0.3988477730999335,69.23076923076923,4.337170370227424
103700,20,0.2182870587291115,95.06383799421408,13.286403085824494,-18.625,125,44,/home/jasongao/Data/STU/val/125/velodyne/000044.bin,0,1272,20,102428,0.0,0.0,1.2266152362584377,1.046875,-13.6875,0,2,20,103698,0.0,0.0,0.0019286403085824494,0,61,20,103639,0.0,0.0,0.058823529411764705,0,479,20,103221,0.0,0.0,0.46190935390549664,13,4531,7,99169,0.2860915492957746,65.0,4.369334619093539
103741,26,5.474883972810437,99.60912271907925,2.229591000665118,-12.25,125,45,/home/jasongao/Data/STU/val/125/velodyne/000045.bin,24,1051,2,102690,2.2325581395348837,92.3076923076923,1.0130999315603282,2.859375,1.2265625,0,0,26,103741,,0.0,0.0,4,95,22,103646,4.040404040404041,15.384615384615385,0.09157420884703252,22,576,4,103165,3.678929765886288,84.61538461538461,0.5552288873251655,26,4288,0,99453,0.602688919796013,100.0,4.133370605642899
103706,27,13.44856640512421,99.88944887648915,0.3066360673442231,-4.625,125,46,/home/jasongao/Data/STU/val/125/velodyne/000046.bin,26,649,1,103057,3.8518518518518516,96.29629629629629,0.6258075714037761,0.240234375,1.5859375,0,1,27,103705,0.0,0.0,0.0009642643627176827,7,57,20,103649,10.9375,25.925925925925927,0.05496306867490791,24,265,3,103441,8.304498269896193,88.88888888888889,0.2555300561201859,27,3860,0,99846,0.6946231026498585,100.0,3.7220604400902553
103786,22,3.5052821655252155,99.72235263820835,0.4200951958838379,-4.90625,125,47,/home/jasongao/Data/STU/val/125/velodyne/000047.bin,22,823,0,102963,2.603550295857988,100.0,0.7929778582853179,1.6171875,-2.265625,0,0,22,103786,,0.0,0.0,0,63,22,103723,0.0,0.0,0.06070182876303162,16,363,6,103423,4.221635883905013,72.72727272727273,0.34975815620603934,22,3975,0,99811,0.5504128096072054,100.0,3.8299963386198526
103879,29,36.85637261191539,99.96951028235436,0.10781774949701094,-0.875,125,48,/home/jasongao/Data/STU/val/125/velodyne/000048.bin,29,586,0,103293,4.715447154471545,100.0,0.5641178679040036,-0.33984375,6.28125,0,2,29,103877,0.0,0.0,0.001925316955303767,22,39,7,103840,36.0655737704918,75.86206896551724,0.037543680628423455,29,198,0,103681,12.775330396475772,100.0,0.19060637857507293,29,3658,0,100221,0.7865473284513155,100.0,3.5214047112505895
104070,25,10.115313446334143,99.87621793023926,0.4103007591044489,-7.6875,125,49,/home/jasongao/Data/STU/val/125/velodyne/000049.bin,25,451,0,103619,5.2521008403361344,100.0,0.43336216008455847,-0.4453125,-0.83984375,0,0,25,104070,,0.0,0.0,3,25,22,104045,10.714285714285714,12.0,0.024022292687614105,22,217,3,103853,9.205020920502092,88.0,0.20851350052849044,25,3275,0,100795,0.7575757575757576,100.0,3.146920342077448
104185,23,4.8976954136646,99.71422073193378,0.8321735374574075,-8.8125,125,50,/home/jasongao/Data/STU/val/125/velodyne/000050.bin,21,746,2,103439,2.7379400260756195,91.30434782608695,0.7160339780198685,2.46875,1.8125,0,0,23,104185,,0.0,0.0,1,80,22,104105,1.2345679012345678,4.3478260869565215,0.07678648557853818,16,424,7,103761,3.6363636363636362,69.56521739130434,0.4069683735662523,23,3399,0,100786,0.6721215663354764,100.0,3.262465806018141
103757,27,4.2894163483866095,99.70906023654274,0.6968204554873406,-9.0625,125,51,/home/jasongao/Data/STU/val/125/velodyne/000051.bin,24,555,3,103202,4.1450777202072535,88.88888888888889,0.5349036691500333,1.0390625,-4.03125,0,5,27,103752,0.0,0.0,0.004818951974324624,0,71,27,103686,0.0,0.0,0.06842911803540966,13,245,14,103512,5.038759689922481,48.148148148148145,0.23612864674190656,27,3728,0,100029,0.7190412782956058,100.0,3.5930105920564395
104379,25,18.5511504312198,99.8177411165081,0.6294369557094818,-4.6875,125,52,/home/jasongao/Data/STU/val/125/velodyne/000052.bin,24,888,1,103491,2.6315789473684212,96.0,0.8507458396803955,3.0625,5.34375,2,8,23,104371,20.0,8.0,0.007664376934057617,18,108,7,104271,14.285714285714286,72.0,0.10346908860977783,23,584,2,103795,3.7891268533772653,92.0,0.5594995161862061,25,3429,0,100950,0.7237984944991315,100.0,3.285143563360446
104336,27,4.285185030309602,99.70249251705316,0.6795353473393652,-8.5,125,53,/home/jasongao/Data/STU/val/125/velodyne/000053.bin,25,623,2,103713,3.8580246913580245,92.5925925925926,0.5971093390584267,1.6328125,-1.75,0,0,27,104336,,0.0,0.0,0,65,27,104271,0.0,0.0,0.06229872718908143,19,300,8,104036,5.956112852664577,70.37037037037037,0.2875325870265297,27,3757,0,100579,0.7135306553911205,100.0,3.6008664315289067
104305,25,4.110670098352891,99.7314222712238,0.5014141220459231,-8.25,125,54,/home/jasongao/Data/STU/val/125/velodyne/000054.bin,23,480,2,103825,4.572564612326044,92.0,0.4601888691817267,1.4921875,-4.0625,0,18,25,104287,0.0,0.0,0.01725708259431475,0,83,25,104222,0.0,0.0,0.0795743252960069,12,237,13,104068,4.819277108433735,48.0,0.22721825415847755,25,3656,0,100649,0.6791632708503124,100.0,3.5051052202674846
104393,26,63.111263563914086,99.96582809486931,0.17434119145919744,-6.03125,125,55,/home/jasongao/Data/STU/val/125/velodyne/000055.bin,25,283,1,104110,8.116883116883116,96.15384615384616,0.2710909735327081,-3.734375,4.5625,0,0,26,104393,,0.0,0.0,20,11,6,104382,64.51612903225806,76.92307692307692,0.010537104978303144,23,102,3,104291,18.4,88.46153846153847,0.09770770070790187,26,3655,0,100738,0.7063298016843249,100.0,3.501192608699817
104421,32,12.99008286313461,99.89287655260915,0.22313519311249652,-4.125,125,56,/home/jasongao/Data/STU/val/125/velodyne/000056.bin,31,415,1,104006,6.95067264573991,96.875,0.3974296358012277,-0.035400390625,0.49609375,0,1,32,104420,0.0,0.0,0.0009576617730150066,4,55,28,104366,6.779661016949152,12.5,0.05267139751582536,30,221,2,104200,11.952191235059761,93.75,0.21164325183631644,32,3422,0,100999,0.9264620729588883,100.0,3.2771185872573523
104368,31,40.99882901799799,99.94639006888777,0.12647554806070826,-3.296875,125,57,/home/jasongao/Data/STU/val/125/velodyne/000057.bin,30,314,1,104054,8.720930232558139,96.7741935483871,0.30085850068986664,-2.234375,2.859375,0,0,31,104368,,0.0,0.0,14,22,17,104346,38.888888888888886,45.16129032258065,0.021079258010118045,30,143,1,104225,17.341040462427745,96.7741935483871,0.1370151770657673,31,2760,0,101608,1.1107130060910069,100.0,2.6444887321784454
104395,30,0.8708660649437624,97.13490428979676,7.93237224004981,-16.75,125,58,/home/jasongao/Data/STU/val/125/velodyne/000058.bin,7,458,23,103937,1.5053763440860215,23.333333333333332,0.4387183294219072,-0.640625,-14.0,0,0,30,104395,,0.0,0.0,0,12,30,104383,0.0,0.0,0.011494803390967,1,191,29,104204,0.5208333333333334,3.3333333333333335,0.1829589539728914,21,3663,9,100732,0.5700325732899023,70.0,3.508788735092677
104376,33,0.25741339951949566,92.12895220310719,27.412431976699626,-20.0,125,59,/home/jasongao/Data/STU/val/125/velodyne/000059.bin,0,573,33,103803,0.0,0.0,0.548976776270407,-0.125,-16.125,0,0,33,104376,,0.0,0.0,0,39,33,104337,0.0,0.0,0.03736491147390204,0,241,33,104135,0.0,0.0,0.23089599141565112,10,4057,23,100319,0.24588148512417016,30.303030303030305,3.8869088679389896
104445,28,0.24693880716627542,89.78862764407788,39.07606874431519,-21.25,125,60,/home/jasongao/Data/STU/val/125/velodyne/000060.bin,0,600,28,103845,0.0,0.0,0.5744650294413327,0.38671875,-15.1875,0,9,28,104436,0.0,0.0,0.008616975441619991,0,62,28,104383,0.0,0.0,0.05936138637560438,0,269,28,104176,0.0,0.0,0.2575518215328642,13,3603,15,100842,0.35951327433628316,46.42857142857143,3.449662501795203
104047,30,2.5923519343071773,99.3519114759035,1.7088431189750786,-13.625,125,61,/home/jasongao/Data/STU/val/125/velodyne/000061.bin,14,432,16,103615,3.1390134529147984,46.666666666666664,0.41519697828865804,2.71875,-8.125,0,0,30,104047,,0.0,0.0,0,101,30,103946,0.0,0.0,0.09707151575730198,3,228,27,103819,1.2987012987012987,10.0,0.21913173854123616,29,2793,1,101254,1.0276399716513112,96.66666666666667,2.684363797130143
104704,32,0.3672911601266533,93.07652405829768,20.766159841075797,-19.5,125,62,/home/jasongao/Data/STU/val/125/velodyne/000062.bin,0,564,32,104140,0.0,0.0,0.538661369193154,2.015625,-15.25,0,12,32,104692,0.0,0.0,0.011460880195599023,0,74,32,104630,0.0,0.0,0.07067542787286063,0,373,32,104331,0.0,0.0,0.3562423594132029,16,3362,16,101342,0.47365304914150386,50.0,3.2109566014669926
104553,33,51.27509493912231,99.61624508839796,3.3408893097280803,-15.0,125,63,/home/jasongao/Data/STU/val/125/velodyne/000063.bin,29,355,4,104198,7.552083333333333,87.87878787878788,0.33954071140952435,1.4765625,6.6875,0,0,33,104553,,0.0,0.0,24,54,9,104499,30.76923076923077,72.72727272727273,0.05164844624257554,26,217,7,104336,10.699588477366255,78.78787878787878,0.20755023767849798,31,3110,2,101443,0.9869468322190386,93.93939393939394,2.9745679224890726
104518,38,8.522605881920972,98.63984647318368,2.638779923075451,-14.0625,125,64,/home/jasongao/Data/STU/val/125/velodyne/000064.bin,28,515,10,104003,5.156537753222836,73.6842105263158,0.4927380929600643,1.0390625,-0.006317138671875,0,5,38,104513,0.0,0.0,0.004783864980194799,4,59,34,104459,6.349206349206349,10.526315789473685,0.05644960676629863,26,238,12,104280,9.848484848484848,68.42105263157895,0.22771197305727242,37,3435,1,101083,1.0656682027649769,97.36842105263158,3.286515241393827
104529,35,1.6304635429262095,98.56398019414982,4.769968142812043,-15.4375,125,65,/home/jasongao/Data/STU/val/125/velodyne/000065.bin,12,512,23,104017,2.2900763358778624,34.285714285714285,0.4898162232490505,-1.125,-10.0,0,0,35,104529,,0.0,0.0,0,58,35,104471,0.0,0.0,0.0554869940399315,0,213,35,104316,0.0,0.0,0.20377120225009326,30,3767,5,100762,0.7900974453515933,85.71428571428571,3.603784595662448
104625,40,2.4323867159094044,93.62143369175628,45.90489844683393,-22.0,125,66,/home/jasongao/Data/STU/val/125/velodyne/000066.bin,22,609,18,104016,3.4865293185419968,55.0,0.582078853046595,0.2890625,-7.0625,0,6,40,104619,0.0,0.0,0.005734767025089606,0,53,40,104572,0.0,0.0,0.05065710872162485,11,269,29,104356,3.9285714285714284,27.5,0.25710872162485066,31,3938,9,100687,0.781053162005543,77.5,3.7639187574671444
104672,35,1.651413194737044,98.62700353758134,4.843702231733415,-15.75,125,67,/home/jasongao/Data/STU/val/125/velodyne/000067.bin,16,704,19,103968,2.2222222222222223,45.714285714285715,0.6725771935188016,4.5,-8.0625,0,4,35,104668,0.0,0.0,0.0038214613268113726,0,177,35,104495,0.0,0.0,0.16909966371140325,5,460,30,104212,1.075268817204301,14.285714285714286,0.43946805258330784,32,3409,3,101263,0.9299622202848009,91.42857142857143,3.256840415774992
104646,34,55.43127454969624,99.92754283067508,0.3421057661066835,-5.21875,125,68,/home/jasongao/Data/STU/val/125/velodyne/000068.bin,34,604,0,104042,5.329153605015674,100.0,0.5771840299677006,2.265625,5.65625,9,0,25,104646,100.0,26.470588235294116,0.0,26,73,8,104573,26.262626262626263,76.47058823529412,0.06975899699940753,31,295,3,104351,9.50920245398773,91.17647058823529,0.28190279609349617,34,3763,0,100883,0.8954437713984725,100.0,3.5959329549146646
104647,33,14.893688566600208,99.61742956334298,0.7281622980114099,-9.5625,125,69,/home/jasongao/Data/STU/val/125/velodyne/000069.bin,30,530,3,104117,5.357142857142857,90.9090909090909,0.5064645904803768,2.453125,2.046875,0,0,33,104647,,0.0,0.0,10,83,23,104564,10.75268817204301,30.303030303030305,0.07931426605636091,26,288,7,104359,8.280254777070065,78.78787878787878,0.2752109472799029,32,3748,1,100899,0.8465608465608465,96.96969696969697,3.5815646889065142
104617,34,6.454413955725709,99.62614331603962,1.1460852442719633,-9.875,125,70,/home/jasongao/Data/STU/val/125/velodyne/000070.bin,31,778,3,103839,3.831891223733004,91.17647058823529,0.7436649875259279,2.875,-0.1494140625,0,8,34,104609,0.0,0.0,0.007646940745767896,3,104,31,104513,2.803738317757009,8.823529411764707,0.09941022969498266,28,352,6,104265,7.368421052631579,82.3529411764706,0.33646539281378746,33,4470,1,100147,0.7328447701532311,97.05882352941177,4.2727281416978125
104222,39,2.900771103606571,99.15080186328099,4.820479361363244,-15.75,125,71,/home/jasongao/Data/STU/val/125/velodyne/000071.bin,23,535,16,103687,4.121863799283154,58.97435897435897,0.5133273205273359,2.8125,-7.25,0,0,39,104222,,0.0,0.0,0,93,39,104129,0.0,0.0,0.08923259964306961,9,322,30,103900,2.719033232628399,23.076923076923077,0.30895588263514423,36,3377,3,100845,1.054790506885438,92.3076923076923,3.2401988063940435
104836,38,30.516437747717905,94.96813067427621,68.29810370483422,-24.25,125,72,/home/jasongao/Data/STU/val/125/velodyne/000072.bin,25,402,13,104434,5.85480093676815,65.78947368421052,0.3834560647105956,0.984375,-0.92578125,0,0,38,104836,,0.0,0.0,19,34,19,104802,35.84905660377358,50.0,0.032431607463085196,22,204,16,104632,9.734513274336283,57.89473684210526,0.1945896447785112,32,4580,6,100256,0.6938421509106678,84.21052631578948,4.368728299439124
104775,41,53.0566500357225,98.1753467069388,3.0140777857313292,-14.125,125,73,/home/jasongao/Data/STU/val/125/velodyne/000073.bin,33,487,8,104288,6.346153846153846,80.48780487804878,0.46480553567167743,-0.6328125,4.34375,0,0,41,104775,,0.0,0.0,25,28,16,104747,47.16981132075472,60.97560975609756,0.02672393223574326,28,207,13,104568,11.914893617021276,68.29268292682927,0.19756621331424482,39,3932,2,100843,0.9821203727020902,95.1219512195122,3.7528036268193747
104648,42,21.85022996855177,99.8847838194983,0.5074153352190199,-9.3125,125,74,/home/jasongao/Data/STU/val/125/velodyne/000074.bin,39,314,3,104334,11.048158640226628,92.85714285714286,0.30005351272838465,-2.546875,0.055419921875,0,0,42,104648,,0.0,0.0,2,13,40,104635,13.333333333333334,4.761904761904762,0.012422597660729302,33,121,9,104527,21.428571428571427,78.57142857142857,0.11562571668832658,42,3879,0,100769,1.0711553175210407,100.0,3.706712025074536
104620,45,3.3892194436959766,98.88537352110282,5.927164978015675,-15.75,125,75,/home/jasongao/Data/STU/val/125/velodyne/000075.bin,28,611,17,104009,4.381846635367762,62.22222222222222,0.5840183521315236,-0.333984375,-6.34375,0,0,45,104620,,0.0,0.0,0,36,45,104584,0.0,0.0,0.03441024660676735,8,245,37,104375,3.1620553359683794,17.77777777777778,0.23418084496272223,41,4199,4,100421,0.9669811320754716,91.11111111111111,4.013572930606003
104470,47,13.532542287932383,99.81436185487435,0.45084713314827224,-7.03125,125,76,/home/jasongao/Data/STU/val/125/velodyne/000076.bin,46,554,1,103916,7.666666666666667,97.87234042553192,0.5302957786924476,1.1171875,0.8359375,0,0,47,104470,,0.0,0.0,8,70,39,104400,10.256410256410257,17.02127659574468,0.06700488178424428,40,304,7,104166,11.627906976744185,85.1063829787234,0.29099262946300375,47,3789,0,100681,1.2252346193952033,100.0,3.626878529721451
104451,49,1.3152540409740787,96.38493706354645,13.600635704780231,-18.25,125,77,/home/jasongao/Data/STU/val/125/velodyne/000077.bin,4,451,45,104000,0.8791208791208791,8.16326530612245,0.4317814094647251,2.71875,-12.3125,0,0,49,104451,,0.0,0.0,0,95,49,104356,0.0,0.0,0.0909517381355851,0,325,49,104126,0.0,0.0,0.3111506830954227,36,3259,13,101192,1.0925644916540211,73.46938775510205,3.1201233114091775
104441,47,2.916584779664573,98.92923358744538,3.7782097069158667,-14.625,125,78,/home/jasongao/Data/STU/val/125/velodyne/000078.bin,30,780,17,103661,3.7037037037037037,63.829787234042556,0.7468331402418591,1.0546875,-6.75,0,0,47,104441,,0.0,0.0,0,31,47,104410,0.0,0.0,0.02968182993268927,12,326,35,104115,3.5502958579881656,25.53191489361702,0.31213795348570006,45,4026,2,100415,1.105379513633014,95.74468085106383,3.8548079777099034
104521,47,3.6910784517296054,98.9827352214876,3.905435271380871,-14.9375,125,79,/home/jasongao/Data/STU/val/125/velodyne/000079.bin,27,566,20,103955,4.5531197301854975,57.4468085106383,0.5415179724648636,0.00750732421875,-6.625,0,0,47,104521,,0.0,0.0,1,37,46,104484,2.6315789473684212,2.127659574468085,0.03539958477243808,14,252,33,104269,5.2631578947368425,29.78723404255319,0.241099874666335,44,3732,3,100789,1.1652542372881356,93.61702127659575,3.5705743343442946
104552,49,6.127271732784909,96.8848232536568,13.92225878031984,-18.125,125,80,/home/jasongao/Data/STU/val/125/velodyne/000080.bin,15,403,34,104149,3.588516746411483,30.612244897959183,0.3854541280893718,-3.40625,-11.5,0,0,49,104552,,0.0,0.0,1,13,48,104539,7.142857142857143,2.0408163265306123,0.012434004131915219,15,109,34,104443,12.096774193548388,30.612244897959183,0.10425434233682761,39,4165,10,100387,0.9276879162702188,79.59183673469387,3.983663631494376
104139,48,42.910813681318366,99.91958864274352,0.4311545146390881,-7.25,125,81,/home/jasongao/Data/STU/val/125/velodyne/000081.bin,46,515,2,103624,8.19964349376114,95.83333333333333,0.4945313475259029,3.28125,7.8125,11,14,37,104125,44.0,22.916666666666668,0.013443570612354641,39,108,9,104031,26.53061224489796,81.25,0.10370754472387866,44,248,4,103891,15.068493150684931,91.66666666666667,0.23814325084742508,48,3294,0,100845,1.436265709156194,100.0,3.163080114078299
104626,53,65.39922913023014,99.89716290441895,0.6891212509318907,-8.625,125,82,/home/jasongao/Data/STU/val/125/velodyne/000082.bin,50,621,3,104005,7.451564828614009,94.33962264150944,0.5935427140481333,-1.265625,4.875,0,0,53,104626,,0.0,0.0,37,14,16,104612,72.54901960784314,69.81132075471699,0.013380995163726034,44,237,9,104389,15.658362989323843,83.01886792452831,0.226521132414505,53,3968,0,100658,1.3180800795821934,100.0,3.792556343547493
104601,53,42.9908422107845,99.66557554826942,2.2590606208353647,-12.625,125,83,/home/jasongao/Data/STU/val/125/velodyne/000083.bin,45,575,8,104026,7.258064516129032,84.90566037735849,0.5497079377826216,-1.1015625,3.65625,0,2,53,104599,0.0,0.0,0.0019120276096786838,31,34,22,104567,47.69230769230769,58.490566037735846,0.03250446936453762,45,168,8,104433,21.12676056338028,84.90566037735849,0.16061031921300944,53,4145,0,100456,1.26250595521677,100.0,3.962677221059072
104635,52,26.523077007670697,99.00945962337944,3.8247240407129546,-14.625,125,84,/home/jasongao/Data/STU/val/125/velodyne/000084.bin,34,592,18,104043,5.431309904153355,65.38461538461539,0.565776269890572,0.6875,-4.71875,1,0,51,104635,100.0,1.9230769230769231,0.0,13,41,39,104594,24.074074074074073,25.0,0.03918382950255651,18,251,34,104384,6.691449814126394,34.61538461538461,0.23988149280833374,50,4094,2,100541,1.2065637065637065,96.15384615384616,3.9126487313040568
104726,55,65.70369415075075,99.93543324311233,0.2129366155491473,-2.796875,125,85,/home/jasongao/Data/STU/val/125/velodyne/000085.bin,54,429,1,104297,11.180124223602485,98.18181818181819,0.4096403949353551,2.0,7.21875,14,0,41,104726,100.0,25.454545454545453,0.0,43,85,12,104641,33.59375,78.18181818181819,0.0811641808146974,54,251,1,104475,17.704918032786885,98.18181818181819,0.2396730515822241,55,3369,0,101357,1.6063084112149533,100.0,3.216966178408418
104878,57,10.0943039366524,99.74780220828009,0.5711398005301398,-9.125,125,86,/home/jasongao/Data/STU/val/125/velodyne/000086.bin,52,425,5,104453,10.90146750524109,91.2280701754386,0.4052327466198821,2.46875,-1.6171875,0,0,57,104878,,0.0,0.0,0,98,57,104780,0.0,0.0,0.09344190392646694,40,239,17,104639,14.336917562724015,70.17543859649123,0.2278838269227102,57,3445,0,101433,1.6276413478012564,100.0,3.2847689696599858
104851,59,3.248144677353064,98.98668958646563,4.3995765419500055,-14.75,125,87,/home/jasongao/Data/STU/val/125/velodyne/000087.bin,32,727,27,104124,4.216073781291173,54.23728813559322,0.6933648701490687,1.15625,-7.65625,0,0,59,104851,,0.0,0.0,0,59,59,104792,0.0,0.0,0.05627032646326692,9,333,50,104518,2.6315789473684212,15.254237288135593,0.31759353749606584,56,4525,3,100326,1.22244051517136,94.91525423728814,4.315647919428522
104822,60,81.76062523054712,99.96106097320536,0.2375455534143596,-2.296875,125,88,/home/jasongao/Data/STU/val/125/velodyne/000088.bin,60,662,0,104160,8.310249307479225,100.0,0.6315468126919921,1.6875,6.46875,1,0,59,104822,100.0,1.6666666666666667,0.0,48,56,12,104766,46.15384615384615,80.0,0.053423899563068825,60,312,0,104510,16.129032258064516,100.0,0.297647440422812,60,4626,0,100196,1.2804097311139564,100.0,4.413195703192078
104931,64,79.24821086234785,99.97607058447932,0.09911275028351965,-3.75,125,89,/home/jasongao/Data/STU/val/125/velodyne/000089.bin,63,266,1,104665,19.148936170212767,98.4375,0.2534999189943868,-3.8125,2.5625,0,0,64,104931,,0.0,0.0,26,2,38,104929,92.85714285714286,40.625,0.001906014428529224,60,102,4,104829,37.03703703703704,93.75,0.09720673585499043,64,3971,0,100960,1.5861214374225527,100.0,3.784391647844774
105073,67,12.615408027719946,99.7822267418629,0.5310593587315485,-4.3125,125,90,/home/jasongao/Data/STU/val/125/velodyne/000090.bin,67,1007,0,104066,6.238361266294227,100.0,0.9583813158470778,3.5,1.515625,0,0,67,105073,,0.0,0.0,15,142,52,104931,9.554140127388536,22.388059701492537,0.13514413788508942,61,505,6,104568,10.777385159010601,91.04477611940298,0.4806182368448602,67,4078,0,100995,1.6164053075995175,100.0,3.8811112274323567
104616,71,12.748638226905493,99.77703838693245,0.5285998317656955,-2.796875,125,91,/home/jasongao/Data/STU/val/125/velodyne/000091.bin,71,1003,0,103613,6.610800744878957,100.0,0.9587443603272922,4.5625,2.8125,0,2,71,104614,0.0,0.0,0.001911753460273763,32,188,39,104428,14.545454545454545,45.070422535211264,0.17970482526573373,69,634,2,103982,9.815078236130867,97.1830985915493,0.6060258469067829,71,3436,0,101180,2.024522383803821,100.0,3.284392444750325
105020,64,84.28705588605905,99.95273965673205,0.206627309083984,0.03955078125,125,92,/home/jasongao/Data/STU/val/125/velodyne/000092.bin,64,946,0,104074,6.336633663366337,100.0,0.9007808036564464,1.7734375,6.1875,21,1,43,105019,95.45454545454545,32.8125,0.0009521995810321843,55,45,9,104975,55.0,85.9375,0.04284898114644829,62,522,2,104498,10.616438356164384,96.875,0.49704818129880024,64,4281,0,100739,1.472957422324511,100.0,4.0763664063987815
104974,75,21.59270205243294,99.79512387194289,0.7116047783260617,-9.0625,125,93,/home/jasongao/Data/STU/val/125/velodyne/000093.bin,69,566,6,104408,10.866141732283465,92.0,0.5391811305656639,-1.421875,-1.65625,0,0,75,104974,,0.0,0.0,4,10,71,104964,28.571428571428573,5.333333333333333,0.009526168384552365,47,235,28,104739,16.666666666666668,62.666666666666664,0.2238649570369806,75,4064,0,100910,1.812031891761295,100.0,3.8714348314820812
104961,79,42.48566021797206,99.8389395747836,0.5897428568706472,-1.1484375,125,94,/home/jasongao/Data/STU/val/125/velodyne/000094.bin,79,1389,0,103572,5.381471389645776,100.0,1.3233486723640209,6.1875,6.4375,8,1,71,104960,88.88888888888889,10.126582278481013,0.0009527348253160698,64,350,15,104611,15.458937198067632,81.0126582278481,0.3334571888606244,79,822,0,104139,8.76803551609323,100.0,0.7831480264098094,79,4715,0,100246,1.6478931998331248,100.0,4.492144701365269
104913,84,10.346173408046274,99.6552131857099,0.8206799919933659,-3.84375,125,95,/home/jasongao/Data/STU/val/125/velodyne/000095.bin,84,1275,0,103638,6.181015452538631,100.0,1.2152926710703154,5.46875,1.8046875,0,1,84,104912,0.0,0.0,0.0009531707224080905,26,211,58,104702,10.970464135021096,30.952380952380953,0.20111902242810709,79,847,5,104066,8.531317494600431,94.04761904761905,0.8073356018796527,84,4656,0,100257,1.7721518987341771,100.0,4.4379628835320695
104869,88,4.446017834858031,99.17662967390484,1.2119882901524759,-7.3125,125,96,/home/jasongao/Data/STU/val/125/velodyne/000096.bin,86,1361,2,103508,5.9433310297166555,97.72727272727273,1.297809648227789,6.375,-2.546875,0,6,88,104863,0.0,0.0,0.005721423871687534,5,442,83,104427,1.1185682326621924,5.681818181818182,0.421478225214315,63,950,25,103919,6.219151036525172,71.5909090909091,0.9058921130171929,88,4701,0,100168,1.837544372520359,100.0,4.482735603467183
104956,98,11.085951313537324,99.5283981003507,1.183353024124395,-8.5,125,97,/home/jasongao/Data/STU/val/125/velodyne/000097.bin,90,1144,8,103812,7.293354943273906,91.83673469387755,1.0899805632836617,3.5625,-2.046875,0,5,98,104951,0.0,0.0,0.004763901063302717,14,129,84,104827,9.79020979020979,14.285714285714286,0.1229086474332101,64,464,34,104492,12.121212121212121,65.3061224489796,0.44209001867449216,97,4004,1,100952,2.365276761765423,98.9795918367347,3.814931971492816
104994,103,63.90462806817896,99.88308624570502,0.3666876202449664,-4.96875,125,98,/home/jasongao/Data/STU/val/125/velodyne/000098.bin,102,993,1,104001,9.315068493150685,99.02912621359224,0.9457683296188354,-2.3125,0.41796875,0,0,103,104994,,0.0,0.0,13,4,90,104990,76.47058823529412,12.62135922330097,0.0038097415090386118,90,221,13,104773,28.938906752411576,87.37864077669903,0.2104882183743833,103,4765,0,100229,2.115858668857847,100.0,4.5383545726422465
105226,98,35.65162197301691,99.868034283449,0.2822496341208447,0.107421875,125,99,/home/jasongao/Data/STU/val/125/velodyne/000099.bin,97,983,1,104243,8.981481481481481,98.9795918367347,0.9341797654572064,4.71875,4.6875,0,0,98,105226,,0.0,0.0,69,208,29,105018,24.90974729241877,70.40816326530613,0.1976697774314333,97,465,1,104761,17.259786476868328,98.9795918367347,0.44190599281546383,98,4303,0,100923,2.226766643944558,100.0,4.0892935206127765
105509,114,87.33292765266869,99.93434500391005,0.24926783497142424,-4.75,125,100,/home/jasongao/Data/STU/val/125/velodyne/000100.bin,112,739,2,104770,13.160987074030553,98.24561403508773,0.7004141826763594,-2.65625,5.4375,7,1,107,105508,87.5,6.140350877192983,0.000947786444758267,89,4,25,105505,95.6989247311828,78.0701754385965,0.003791145779033068,106,172,8,105337,38.1294964028777,92.98245614035088,0.16301926849842194,114,4579,0,100930,2.42914979757085,100.0,4.339914130548105
106143,133,14.577705857929452,99.52857256903884,0.9251669916998766,-10.25,125,101,/home/jasongao/Data/STU/val/125/velodyne/000101.bin,119,627,14,105516,15.951742627345844,89.47368421052632,0.5907125293236483,5.03125,-1.71875,0,6,133,106137,0.0,0.0,0.005652751476781323,3,167,130,105976,1.7647058823529411,2.255639097744361,0.15733491610374684,102,360,31,105783,22.07792207792208,76.69172932330827,0.3391650886068794,129,3727,4,102416,3.345435684647303,96.99248120300751,3.511300792327332
106384,141,33.565233219633924,99.8035718857099,0.3412167243194465,-5.40625,125,102,/home/jasongao/Data/STU/val/125/velodyne/000102.bin,136,640,5,105744,17.52577319587629,96.45390070921985,0.6015942246954429,0.0224609375,0.2216796875,0,0,141,106384,,0.0,0.0,11,44,130,106340,20.0,7.801418439716312,0.0413596029478117,127,243,14,106141,34.32432432432432,90.0709219858156,0.228417807189051,141,4928,0,101456,2.78161373051884,100.0,4.63227553015491
106576,154,3.0612132175238145,96.6711274388425,11.555134364209579,-17.5,125,103,/home/jasongao/Data/STU/val/125/velodyne/000103.bin,19,638,135,105938,2.8919330289193304,12.337662337662337,0.5986338387629485,4.1875,-11.9375,0,5,154,106571,0.0,0.0,0.00469148776459991,0,131,154,106445,0.0,0.0,0.12291697943251764,0,281,154,106295,0.0,0.0,0.26366161237051494,123,4307,31,102269,2.7765237020316027,79.87012987012987,4.0412475604263625
106681,163,31.51867118372448,99.8571194679764,0.2043475407992051,-3.234375,125,104,/home/jasongao/Data/STU/val/125/velodyne/000104.bin,163,534,0,106147,23.38593974175036,100.0,0.5005577375540162,4.5625,1.125,0,17,163,106664,0.0,0.0,0.015935358686176546,30,121,133,106560,19.867549668874172,18.404907975460123,0.11342225888396247,157,236,6,106445,39.94910941475827,96.31901840490798,0.22122027352574497,163,4804,0,101877,3.281658949063821,100.0,4.503144889905419
106870,169,7.954620678856289,98.63101107744131,5.498268924861982,-15.375,125,105,/home/jasongao/Data/STU/val/125/velodyne/000105.bin,58,481,111,106389,10.760667903525047,34.319526627218934,0.4500795358847198,2.9375,-9.0625,0,1,169,106869,0.0,0.0,0.0009357162908206232,0,104,169,106766,0.0,0.0,0.09731449424534482,6,280,163,106590,2.097902097902098,3.5502958579881656,0.2620005614297745,153,4461,16,102409,3.3159947984395317,90.53254437869822,4.1742303733508
106976,169,73.69276816646514,99.91746752465188,0.2262189650014957,-2.78125,125,106,/home/jasongao/Data/STU/val/125/velodyne/000106.bin,165,662,4,106314,19.951632406287786,97.63313609467455,0.6188303918635956,1.9921875,4.71875,0,0,169,106976,,0.0,0.0,113,76,56,106900,59.78835978835979,66.86390532544378,0.07104397247980855,161,279,8,106697,36.59090909090909,95.26627218934911,0.2608061621298235,169,4875,0,102101,3.350515463917526,100.0,4.5570969189350885
106950,174,55.94027974760382,99.83326347578898,0.404862085086489,-7.28125,125,107,/home/jasongao/Data/STU/val/125/velodyne/000107.bin,167,497,7,106453,25.150602409638555,95.97701149425288,0.46470313230481536,1.265625,3.234375,1,9,173,106941,10.0,0.5747126436781609,0.008415147265077139,96,50,78,106900,65.75342465753425,55.172413793103445,0.04675081813931744,158,221,16,106729,41.68865435356201,90.80459770114942,0.20663861617578308,173,4629,1,102321,3.6026655560183256,99.42528735632185,4.328190743338008
106952,180,6.649018137752092,97.86114331662802,8.993754207494952,-17.125,125,108,/home/jasongao/Data/STU/val/125/velodyne/000108.bin,58,494,122,106458,10.507246376811594,32.22222222222222,0.4618894457326651,2.03125,-9.9375,0,0,180,106952,,0.0,0.0,0,75,180,106877,0.0,0.0,0.07012491585010099,13,242,167,106710,5.098039215686274,7.222222222222222,0.22626972847632582,148,4425,32,102527,3.236387491799694,82.22222222222223,4.137370035155958
106792,186,36.550336654226165,99.8441775470274,0.42980747621544685,-5.21875,125,109,/home/jasongao/Data/STU/val/125/velodyne/000109.bin,183,779,3,106013,19.022869022869024,98.38709677419355,0.7294553899168477,1.1953125,1.0,0,0,186,106792,,0.0,0.0,35,75,151,106717,31.818181818181817,18.817204301075268,0.07022997977376583,166,331,20,106461,33.40040241448692,89.24731182795699,0.3099483107348865,186,5299,0,101493,3.391066545123063,100.0,4.961982170949135
93421,110,21.28184321330582,99.76141727915955,0.5919439954614059,-5.59375,125,110,/home/jasongao/Data/STU/val/125/velodyne/000110.bin,109,914,1,92507,10.654936461388074,99.0909090909091,0.9783667483756329,2.921875,0.75,0,0,110,93421,,0.0,0.0,23,93,87,93328,19.82758620689655,20.90909090909091,0.09954935185878978,94,422,16,92999,18.217054263565892,85.45454545454545,0.45171856434848695,110,4423,0,88998,2.4266490183101697,100.0,4.734481540552981
107099,213,70.99264862893303,99.90708872888308,0.43697887001746044,-7.78125,125,111,/home/jasongao/Data/STU/val/125/velodyne/000111.bin,204,509,9,106590,28.611500701262273,95.77464788732394,0.47526120692069956,-3.359375,-0.4296875,0,0,213,107099,,0.0,0.0,42,4,171,107095,91.30434782608695,19.718309859154928,0.0037348621369013716,176,118,37,106981,59.863945578231295,82.62910798122066,0.11017843303859046,213,4804,0,102295,4.2455650787323105,100.0,4.4855694264185475
106824,180,56.60902243542476,99.85286806127628,0.6140942110387179,-7.34375,125,112,/home/jasongao/Data/STU/val/125/velodyne/000112.bin,173,758,7,106066,18.58216970998926,96.11111111111111,0.7095783719014453,-0.232421875,1.8515625,0,0,180,106824,,0.0,0.0,45,21,135,106803,68.18181818181819,25.0,0.019658503707032128,158,289,22,106535,35.34675615212528,87.77777777777777,0.27053845577772784,180,4204,0,102620,4.105839416058394,100.0,3.935445218303003
106902,195,71.84671269274295,99.88023298597469,0.6576116443097416,-9.875,125,113,/home/jasongao/Data/STU/val/125/velodyne/000113.bin,169,342,26,106560,33.07240704500978,86.66666666666667,0.3199191783128473,-5.59375,-3.34375,0,0,195,106902,,0.0,0.0,3,0,192,106902,100.0,1.5384615384615385,0.0,103,25,92,106877,80.46875,52.82051282051282,0.023385904847430358,195,4605,0,102297,4.0625,100.0,4.307683672896672
106957,198,20.146838589502593,99.47884040626919,1.3407257122021,-11.0625,125,114,/home/jasongao/Data/STU/val/125/velodyne/000114.bin,162,600,36,106357,21.25984251968504,81.81818181818181,0.5609731013397907,-0.66796875,-5.0,0,0,198,106957,,0.0,0.0,1,21,197,106936,4.545454545454546,0.5050505050505051,0.019634058546892676,65,221,133,106736,22.727272727272727,32.82828282828283,0.20662509232682294,193,4339,5,102618,4.258605472197705,97.47474747474747,4.056770477855586
106956,200,22.880316063746275,99.69230571449943,0.6254908560529564,-6.28125,125,115,/home/jasongao/Data/STU/val/125/velodyne/000115.bin,195,882,5,106074,18.105849582172702,97.5,0.8246381689666779,4.0625,-0.76171875,0,2,200,106954,0.0,0.0,0.0018699278207861176,38,160,162,106796,19.19191919191919,19.0,0.1495942256628894,169,435,31,106521,27.980132450331126,84.5,0.4067093010209806,200,4210,0,102746,4.535147392290249,100.0,3.9361980627547775
106869,213,21.095341910342576,99.65475919203787,0.5586278527917357,-8.3125,125,116,/home/jasongao/Data/STU/val/125/velodyne/000116.bin,201,572,12,106297,26.002587322121602,94.36619718309859,0.5352347266279277,6.15625,-3.375,0,40,213,106829,0.0,0.0,0.037429001862092845,7,225,206,106644,3.0172413793103448,3.2863849765258215,0.21053813547427225,115,334,98,106535,25.612472160356347,53.990610328638496,0.31253216554847524,213,3361,0,103508,5.95970900951315,100.0,3.144971881462351
106894,242,33.35794552983168,99.71761629308529,0.5669167586581099,-7.96875,125,117,/home/jasongao/Data/STU/val/125/velodyne/000117.bin,231,606,11,106288,27.59856630824373,95.45454545454545,0.5669167586581099,3.046875,1.3671875,0,0,242,106894,,0.0,0.0,45,112,197,106782,28.662420382165607,18.59504132231405,0.10477669466948566,219,336,23,106558,39.45945945945946,90.49586776859505,0.31433008400845697,238,3648,4,103246,6.124549665465775,98.34710743801652,3.412726626377533
106898,236,78.79419880061096,99.8457582406292,0.843795019551348,-9.9375,125,118,/home/jasongao/Data/STU/val/125/velodyne/000118.bin,215,504,21,106394,29.902642559109875,91.10169491525424,0.471477483208292,-3.6875,0.107421875,0,0,236,106898,,0.0,0.0,57,1,179,106897,98.27586206896552,24.152542372881356,0.0009354711968418492,178,106,58,106792,62.67605633802817,75.42372881355932,0.09915994686523602,236,3933,0,102965,5.660829935236268,100.0,3.679208217178993
106787,243,87.28351347569931,99.51252909478163,0.5281541760701209,-9.125,125,119,/home/jasongao/Data/STU/val/125/velodyne/000119.bin,224,409,19,106378,35.3870458135861,92.18106995884774,0.3830054220082969,-4.0625,2.671875,0,0,243,106787,,0.0,0.0,102,1,141,106786,99.02912621359224,41.97530864197531,0.000936443574592413,202,88,41,106699,69.65517241379311,83.1275720164609,0.08240703456413234,240,3765,3,103022,5.992509363295881,98.76543209876543,3.525710058340435
106844,239,28.916930297274394,99.5754730354927,1.7998202987533227,-13.3125,125,120,/home/jasongao/Data/STU/val/125/velodyne/000120.bin,181,354,58,106490,33.83177570093458,75.73221757322176,0.3313241735614541,0.030029296875,-4.625,0,3,239,106841,0.0,0.0,0.0028078319793343564,1,62,238,106782,1.5873015873015872,0.41841004184100417,0.058028527572910035,90,162,149,106682,35.714285714285715,37.65690376569037,0.15162292688405526,233,2998,6,103846,7.211389662643144,97.48953974895397,2.8059600913481337
107030,254,61.74359488961302,99.88654111990088,0.44566943847519386,-7.375,125,121,/home/jasongao/Data/STU/val/125/velodyne/000121.bin,245,533,9,106497,31.491002570694086,96.45669291338582,0.49799121741567787,-0.625,2.078125,1,0,253,107030,100.0,0.3937007874015748,0.0,92,56,162,106974,62.16216216216216,36.22047244094488,0.052321778940483975,222,192,32,106838,53.6231884057971,87.4015748031496,0.17938895636737362,253,2841,1,104189,8.177117000646412,99.60629921259843,2.6543959637484815
106810,241,74.31763483337357,99.84764313721072,0.7958056361763879,-10.625,125,122,/home/jasongao/Data/STU/val/125/velodyne/000122.bin,206,375,35,106435,35.45611015490534,85.47717842323651,0.3510907218425241,-2.6875,3.015625,5,0,236,106810,100.0,2.074688796680498,0.0,124,29,117,106781,81.04575163398692,51.45228215767635,0.027151015822488533,184,133,57,106677,58.04416403785489,76.34854771784232,0.12452017601348188,240,3275,1,103535,6.827880512091038,99.5850622406639,3.066192304091377
106955,265,93.0285722686426,99.96642918949338,0.11406666355009117,-3.296875,125,123,/home/jasongao/Data/STU/val/125/velodyne/000123.bin,263,408,2,106547,39.195230998509686,99.24528301886792,0.38146884203637044,-2.9375,4.125,12,1,253,106954,92.3076923076923,4.528301886792453,0.0009349726520499276,164,4,101,106951,97.61904761904762,61.886792452830186,0.0037398906081997103,253,137,12,106818,64.87179487179488,95.47169811320755,0.12809125333084007,265,3063,0,103892,7.962740384615385,100.0,2.863821233228928
107156,261,49.51094073141,99.86605270162212,0.20157527343312556,-2.515625,125,124,/home/jasongao/Data/STU/val/125/velodyne/000124.bin,259,530,2,106626,32.82636248415716,99.23371647509579,0.49460599499794694,3.765625,3.890625,0,25,261,107131,0.0,0.0,0.023330471462167306,183,111,78,107045,62.244897959183675,70.11494252873563,0.10358729329202285,253,260,8,106896,49.317738791423004,96.93486590038314,0.24263690320654,259,3060,2,104096,7.803555287737271,99.23371647509579,2.8556497069692783
107197,283,93.71069463020166,99.98449899925012,0.06996464453296268,-2.34375,125,125,/home/jasongao/Data/STU/val/125/velodyne/000125.bin,283,436,0,106761,39.360222531293466,100.0,0.4067278002182897,-3.671875,3.484375,4,0,279,107197,100.0,1.4134275618374559,0.0,173,8,110,107189,95.58011049723757,61.130742049469966,0.0074628954168493526,275,108,8,107089,71.80156657963447,97.17314487632508,0.10074908812746626,283,3100,0,104097,8.365356192728347,100.0,2.891871974029124
107210,307,40.45890415336694,99.80371106419346,0.47290364704785,-8.875,125,126,/home/jasongao/Data/STU/val/125/velodyne/000126.bin,284,426,23,106784,40.0,92.50814332247558,0.3973509933774834,4.75,-0.65625,1,35,306,107175,2.7777777777777777,0.3257328990228013,0.03264620837608432,49,128,258,107082,27.683615819209038,15.960912052117264,0.11939184777539409,245,215,62,106995,53.26086956521739,79.80456026058631,0.20054099431023226,307,2666,0,104544,10.326269761183989,100.0,2.48670832944688
106940,316,36.71348672186236,99.69780019791058,0.8182158219562372,-10.375,125,127,/home/jasongao/Data/STU/val/125/velodyne/000127.bin,265,482,51,106458,35.475234270414994,83.86075949367088,0.4507200299233215,1.546875,-2.21875,0,8,316,106932,0.0,0.0,0.007480830372171311,16,91,300,106849,14.953271028037383,5.063291139240507,0.08509444548344866,189,219,127,106721,46.3235294117647,59.81012658227848,0.20478773143818965,315,3561,1,103379,8.126934984520124,99.68354430379746,3.329904619412755
106755,308,77.11459872530381,99.90158008353876,0.39904454123928623,-7.6875,125,128,/home/jasongao/Data/STU/val/125/velodyne/000128.bin,294,462,14,106293,38.888888888888886,95.45454545454545,0.4327666151468315,-4.34375,-1.125,0,0,308,106755,,0.0,0.0,50,19,258,106736,72.46376811594203,16.233766233766232,0.01779776122898225,261,77,47,106678,77.2189349112426,84.74025974025975,0.07212776919113859,307,3832,1,102923,7.417250543609567,99.67532467532467,3.589527422603157
106588,342,54.689282774917515,99.84035512374587,0.3827823019476864,-5.875,125,129,/home/jasongao/Data/STU/val/125/velodyne/000129.bin,331,651,11,105937,33.70672097759674,96.78362573099415,0.6107629376665291,1.0859375,0.439453125,0,0,342,106588,,0.0,0.0,82,62,260,106526,56.94444444444444,23.976608187134502,0.05816789882538372,318,254,24,106334,55.59440559440559,92.98245614035088,0.23830074680076557,341,4423,1,102165,7.157850545759866,99.70760233918129,4.149622846849551
106455,336,91.36694195708624,99.9396151067632,0.267718754403269,-6.1875,125,130,/home/jasongao/Data/STU/val/125/velodyne/000130.bin,330,417,6,106038,44.17670682730924,98.21428571428571,0.3917148090742567,-2.578125,4.40625,3,0,333,106455,100.0,0.8928571428571429,0.0,219,10,117,106445,95.63318777292577,65.17857142857143,0.00939364050537786,302,168,34,106287,64.25531914893617,89.88095238095238,0.15781316049034805,336,3423,0,103032,8.938547486033519,100.0,3.215443144990841
106736,335,75.15246123400304,99.93447915571296,0.24359166541747865,-7.8125,125,131,/home/jasongao/Data/STU/val/125/velodyne/000131.bin,321,276,14,106460,53.768844221105525,95.82089552238806,0.2585819217508619,-5.5,-2.171875,0,0,335,106736,,0.0,0.0,10,9,325,106727,52.63157894736842,2.985074626865672,0.008432019187528107,242,52,93,106684,82.31292517006803,72.23880597014926,0.04871833308349573,335,3192,0,103544,9.498157074000567,100.0,2.9905561385099686
106764,330,95.91548647299743,99.97840890641835,0.042149039001910756,-3.5,125,132,/home/jasongao/Data/STU/val/125/velodyne/000132.bin,324,312,6,106452,50.943396226415096,98.18181818181819,0.29223333707991456,-4.96875,1.65625,0,0,330,106764,,0.0,0.0,79,1,251,106763,98.75,23.939393939393938,0.0009366453111535724,314,52,16,106712,85.79234972677595,95.15151515151516,0.048705556179985766,330,3337,0,103427,8.999181892555223,100.0,3.1255854033194708
106961,327,68.15479259187993,99.86361458392035,0.39079664550630605,-8.875,125,133,/home/jasongao/Data/STU/val/125/velodyne/000133.bin,302,321,25,106640,48.47512038523274,92.35474006116208,0.3001093856639336,-4.25,-3.515625,0,0,327,106961,,0.0,0.0,4,0,323,106961,100.0,1.2232415902140672,0.0,170,85,157,106876,66.66666666666667,51.98776758409786,0.07946821738764596,327,3556,0,103405,8.421323718774143,100.0,3.324576247417283
107116,332,52.30072383035147,99.85115646498762,0.36035699615370254,-6.46875,125,134,/home/jasongao/Data/STU/val/125/velodyne/000134.bin,323,510,9,106606,38.775510204081634,97.28915662650603,0.4761193472497106,-1.4765625,-0.8671875,0,8,332,107108,0.0,0.0,0.007468538780387617,17,47,315,107069,26.5625,5.120481927710843,0.04387766533477725,275,232,57,106884,54.24063116370809,82.83132530120481,0.2165876246312409,332,3338,0,103778,9.046321525885558,100.0,3.1162478061167334
107088,320,41.966036236935494,99.78660365773942,0.2848124906618856,-7.21875,125,135,/home/jasongao/Data/STU/val/125/velodyne/000135.bin,311,367,9,106721,45.87020648967552,97.1875,0.34270880023905576,0.6640625,-3.34375,0,10,320,107078,0.0,0.0,0.009338114447930673,1,80,319,107008,1.2345679012345678,0.3125,0.07470491558344539,171,174,149,106914,49.56521739130435,53.4375,0.16248319139399373,318,3191,2,103897,9.062410943288686,99.375,2.979792320334678
107063,297,99.83740677252982,99.99914459251484,0.0,1.3203125,125,136,/home/jasongao/Data/STU/val/125/velodyne/000136.bin,297,467,0,106596,38.87434554973822,100.0,0.4361917749362525,-4.28125,3.234375,0,0,297,107063,,0.0,0.0,165,0,132,107063,100.0,55.55555555555556,0.0,296,72,1,106991,80.43478260869566,99.66329966329967,0.0672501237589083,297,3577,0,103486,7.666494579246257,100.0,3.3410235095224308
107016,290,13.53498628088328,99.04450317451725,2.5837257980115123,-13.9375,125,137,/home/jasongao/Data/STU/val/125/velodyne/000137.bin,112,512,178,106504,17.94871794871795,38.62068965517241,0.47843313149435596,1.078125,-9.0,0,7,290,107009,0.0,0.0,0.006541077969649398,0,84,290,106932,0.0,0.0,0.07849293563579278,12,243,278,106773,4.705882352941177,4.137931034482759,0.2270688495178291,282,3632,8,103384,7.2049054675523765,97.24137931034483,3.3938850265380878
107123,278,54.87945470532842,99.91680880252157,0.1026856977493162,-1.921875,125,138,/home/jasongao/Data/STU/val/125/velodyne/000138.bin,278,381,0,106742,42.18512898330804,100.0,0.35566591674990433,-1.75,0.60546875,0,7,278,107116,0.0,0.0,0.006534544402229213,20,69,258,107054,22.471910112359552,7.194244604316546,0.06441193767911653,277,143,1,106980,65.95238095238095,99.64028776978417,0.13349140707411106,278,3526,0,103597,7.308096740273396,100.0,3.291543366037172
105210,341,78.14230297489182,99.95069210831235,0.23191711814466304,-5.09375,125,139,/home/jasongao/Data/STU/val/125/velodyne/000139.bin,338,478,3,104732,41.42156862745098,99.12023460410558,0.4543294363653645,-2.015625,4.09375,1,5,340,105205,16.666666666666668,0.2932551319648094,0.004752399961980801,246,35,95,105175,87.54448398576513,72.14076246334311,0.0332667997338656,317,176,24,105034,64.3002028397566,92.96187683284458,0.16728447866172416,341,3943,0,101267,7.959850606909431,100.0,3.7477426100180593
107157,289,99.02601334356277,99.94752065276403,0.0,4.0625,125,140,/home/jasongao/Data/STU/val/125/velodyne/000140.bin,286,390,3,106767,42.30769230769231,98.96193771626298,0.3639519583414989,-4.0,5.6875,13,0,276,107157,100.0,4.498269896193771,0.0,283,0,6,107157,100.0,97.92387543252595,0.0,286,95,3,107062,75.06561679790026,98.96193771626298,0.08865496421139077,287,4077,2,103080,6.57653528872594,99.30795847750865,3.804697779893054
107102,285,34.0032663183741,99.75609248701106,0.37534313084722976,-6.90625,125,141,/home/jasongao/Data/STU/val/125/velodyne/000141.bin,281,540,4,106562,34.22655298416565,98.59649122807018,0.5041922653171743,0.8359375,-3.59375,0,12,285,107090,0.0,0.0,0.011204272562603873,0,89,285,107013,0.0,0.0,0.08309835483931206,150,236,135,106866,38.86010362694301,52.63157894736842,0.2203506937312095,284,3808,1,103294,6.940371456500489,99.64912280701755,3.555489159866296
107067,294,43.96786978772905,99.83887163540358,0.2484425640019801,-4.34375,125,142,/home/jasongao/Data/STU/val/125/velodyne/000142.bin,292,633,2,106434,31.56756756756757,99.31972789115646,0.5912185827565917,2.0,-1.0234375,0,5,294,107062,0.0,0.0,0.004669973007556017,5,96,289,106971,4.9504950495049505,1.7006802721088434,0.08966348174507552,266,228,28,106839,53.84615384615385,90.47619047619048,0.21295076914455435,293,4321,1,102746,6.35023840485479,99.65986394557824,4.03579067312991
107114,284,49.31594846220706,99.88780053211703,0.12510036036372463,-1.390625,125,143,/home/jasongao/Data/STU/val/125/velodyne/000143.bin,283,511,1,106603,35.642317380352644,99.64788732394366,0.4770618219840544,2.578125,0.94921875,0,5,284,107109,0.0,0.0,0.004667923894168829,31,96,253,107018,24.409448818897637,10.915492957746478,0.08962413876804153,283,168,1,106946,62.749445676274945,99.64788732394366,0.15684224284407267,284,3551,0,103563,7.405475880052151,100.0,3.3151595496387025
107138,282,22.281768575275823,99.5313676442221,1.1471186693796784,-11.25,125,144,/home/jasongao/Data/STU/val/125/velodyne/000144.bin,176,488,106,106650,26.50602409638554,62.4113475177305,0.45548731542496596,0.5859375,-6.96875,0,3,282,107135,0.0,0.0,0.0028001269390879055,0,68,282,107070,0.0,0.0,0.06346954395265919,31,155,251,106983,16.666666666666668,10.99290780141844,0.14467322518620845,282,3860,0,103278,6.80830516658619,100.0,3.6028299949597713
107143,278,74.33266132497369,99.96510412326646,0.06626657831122892,2.578125,125,145,/home/jasongao/Data/STU/val/125/velodyne/000145.bin,278,388,0,106755,41.74174174174174,100.0,0.3621328504895327,-1.4140625,4.65625,0,3,278,107140,0.0,0.0,0.0027999962666716443,251,61,27,107082,80.44871794871794,90.28776978417267,0.056933257422323434,278,137,0,107006,66.98795180722891,100.0,0.1278664961780051,278,3515,0,103628,7.329290798839969,100.0,3.280662292450277
107097,286,4.56052311134353,96.22372594584701,11.162777668842265,-17.25,125,146,/home/jasongao/Data/STU/val/125/velodyne/000146.bin,8,533,278,106564,1.478743068391867,2.797202797202797,0.4976796735669533,-1.265625,-12.4375,0,4,286,107093,0.0,0.0,0.0037349318841797623,0,58,286,107039,0.0,0.0,0.05415651232060655,0,172,286,106925,0.0,0.0,0.1606020710197298,185,4429,101,102668,4.009536194191591,64.68531468531468,4.135503328758042
107080,283,63.365948432318056,99.93938681953719,0.07844602166604409,0.67578125,125,147,/home/jasongao/Data/STU/val/125/velodyne/000147.bin,282,423,1,106657,40.0,99.64664310954063,0.39503175196115053,-1.9609375,2.96875,0,2,283,107078,0.0,0.0,0.0018677624206200972,142,60,141,107020,70.29702970297029,50.17667844522968,0.056032872618602916,281,133,2,106947,67.8743961352657,99.29328621908127,0.12420620097123646,283,3803,0,103277,6.926089084679393,100.0,3.551550242809115
107130,284,52.53082201699112,99.90254534769525,0.1372164659759171,-1.875,125,148,/home/jasongao/Data/STU/val/125/velodyne/000148.bin,282,623,2,106507,31.16022099447514,99.29577464788733,0.5815364510407915,-0.57421875,0.75,0,3,284,107127,0.0,0.0,0.002800336040324839,25,80,259,107050,23.80952380952381,8.80281690140845,0.07467562774199571,282,241,2,106889,53.91969407265774,99.29577464788733,0.22496032857276207,284,3602,0,103528,7.308286155429748,100.0,3.3622701390833565
107172,284,59.25089723518637,99.92820544361228,0.08024484007016758,1.5,125,149,/home/jasongao/Data/STU/val/125/velodyne/000149.bin,283,449,1,106723,38.66120218579235,99.64788732394366,0.4189527115291307,-2.21875,3.796875,0,21,284,107151,0.0,0.0,0.019594670249692085,212,81,72,107091,72.35494880546075,74.64788732394366,0.07557944239166947,283,146,1,107026,65.96736596736596,99.64788732394366,0.13622961221214497,284,4263,0,102909,6.245876402023312,100.0,3.977718060687493
107210,283,39.847586528366584,99.8129228887,0.46823990299412366,-7.6875,125,150,/home/jasongao/Data/STU/val/125/velodyne/000150.bin,273,533,10,106677,33.87096774193548,96.46643109540636,0.49715511612722696,-0.0634765625,-2.4375,0,6,283,107204,0.0,0.0,0.005596492864471597,2,68,281,107142,2.857142857142857,0.7067137809187279,0.0634269191306781,183,190,100,107020,49.061662198391424,64.66431095406361,0.1772222740416006,283,3868,0,103342,6.8176343049867505,100.0,3.60787239996269
107269,272,62.73043439095388,99.93833020394577,0.07924004139126868,2.046875,125,151,/home/jasongao/Data/STU/val/125/velodyne/000151.bin,271,727,1,106542,27.15430861723447,99.63235294117646,0.6777354128406157,1.1171875,4.0,0,2,272,107267,0.0,0.0,0.0018644715621474984,224,73,48,107196,75.42087542087542,82.3529411764706,0.06805321201838369,271,308,1,106961,46.80483592400691,99.63235294117646,0.28712862057071475,272,3920,0,103349,6.488549618320611,100.0,3.654364261809097
107202,275,57.1065722256002,99.92578496669839,0.0923490233391168,-0.00982666015625,125,152,/home/jasongao/Data/STU/val/125/velodyne/000152.bin,275,462,0,106740,37.3134328358209,100.0,0.43096210891587844,-0.99609375,2.96875,0,16,275,107186,0.0,0.0,0.014925094681069383,139,82,136,107120,62.89592760180995,50.54545454545455,0.0764911102404806,275,180,0,107022,60.43956043956044,100.0,0.16790731516203056,275,3821,0,103381,6.7138671875,100.0,3.564299173522882
107047,272,69.43244318007903,99.95440602231346,0.07753603557315945,3.3125,125,153,/home/jasongao/Data/STU/val/125/velodyne/000153.bin,272,484,0,106563,35.97883597883598,100.0,0.45213784599288165,0.67578125,6.65625,16,16,256,107031,50.0,5.882352941176471,0.014946705652657244,260,87,12,106960,74.92795389048992,95.58823529411765,0.08127271198632377,272,185,0,106862,59.518599562363235,100.0,0.1728212841088494,272,3815,0,103232,6.655248348421825,100.0,3.5638551290554616
106761,260,27.97252835537743,99.57341632243984,1.0087953466153372,-10.875,125,154,/home/jasongao/Data/STU/val/125/velodyne/000154.bin,162,486,98,106275,25.0,62.30769230769231,0.4552224126787872,-1.8671875,-6.8125,0,0,260,106761,,0.0,0.0,6,1,254,106760,85.71428571428571,2.3076923076923075,0.0009366716310263111,69,249,191,106512,21.69811320754717,26.53846153846154,0.23323123612555147,260,3803,0,102958,6.399212404627122,100.0,3.5621622127930612
106418,253,99.35191678627612,99.99828961444233,0.014095359807551354,1.7265625,125,155,/home/jasongao/Data/STU/val/125/velodyne/000155.bin,253,365,0,106053,40.93851132686084,100.0,0.34298708865041627,-2.328125,5.1875,9,0,244,106418,100.0,3.5573122529644268,0.0,222,1,31,106417,99.55156950672645,87.74703557312253,0.000939690653836757,253,143,0,106275,63.888888888888886,100.0,0.13437576349865624,253,3178,0,103240,7.373943456718158,100.0,2.9863368978932137
106158,250,100.0,100.0,0.0,5.6875,125,156,/home/jasongao/Data/STU/val/125/velodyne/000156.bin,250,350,0,105808,41.666666666666664,100.0,0.3296972437310424,-3.96875,8.5,51,0,199,106158,100.0,20.4,0.0,250,0,0,106158,100.0,100.0,0.0,250,96,0,106062,72.25433526011561,100.0,0.09043124399480021,250,3266,0,102892,7.1103526734926055,100.0,3.0765462800730985
105813,236,55.265435845234954,99.90010959532543,0.2816289113813992,-5.59375,125,157,/home/jasongao/Data/STU/val/125/velodyne/000157.bin,236,531,0,105282,30.76923076923077,100.0,0.5018286977970571,-1.8359375,-1.28125,0,0,236,105813,,0.0,0.0,2,3,234,105810,40.0,0.847457627118644,0.0028351903830342207,207,186,29,105627,52.67175572519084,87.71186440677967,0.1757818037481217,236,4304,0,101509,5.1982378854625555,100.0,4.067553136193095
105930,217,76.6231033408711,99.96147573325746,0.09817804210327576,-2.578125,125,158,/home/jasongao/Data/STU/val/125/velodyne/000158.bin,217,576,0,105354,27.364438839848678,100.0,0.5437553101104503,-2.65625,-0.19140625,0,0,217,105930,,0.0,0.0,9,1,208,105929,90.0,4.147465437788019,0.0009440196356084206,215,168,2,105762,56.13577023498694,99.07834101382488,0.15859529878221468,217,4311,0,101619,4.792402826855124,100.0,4.069668649107902
106630,211,57.49492123461653,99.93871486332905,0.07221232298602645,0.2041015625,125,159,/home/jasongao/Data/STU/val/125/velodyne/000159.bin,210,355,1,106275,37.16814159292036,99.5260663507109,0.3329269436368752,-1.390625,2.421875,0,0,211,106630,,0.0,0.0,78,65,133,106565,54.54545454545455,36.96682464454976,0.060958454468723625,210,170,1,106460,55.26315789473684,99.5260663507109,0.15942980399512333,211,3670,0,102960,5.436743107446534,100.0,3.44180812154178
106240,201,51.936823993940436,99.92707537238506,0.08283132530120482,0.75390625,125,160,/home/jasongao/Data/STU/val/125/velodyne/000160.bin,200,601,1,105639,24.968789013732835,99.50248756218906,0.5657003012048193,-0.7578125,3.703125,0,20,201,106220,0.0,0.0,0.01882530120481928,138,79,63,106161,63.59447004608295,68.65671641791045,0.07435993975903614,200,219,1,106021,47.7326968973747,99.50248756218906,0.2061370481927711,201,3567,0,102673,5.334394904458598,100.0,3.357492469879518
105094,156,96.68365980123455,99.99524235446363,0.021885169467334008,4.40625,125,161,/home/jasongao/Data/STU/val/125/velodyne/000161.bin,156,428,0,104666,26.71232876712329,100.0,0.4072544579138676,-0.828125,6.5625,13,0,143,105094,100.0,8.333333333333334,0.0,155,51,1,105043,75.24271844660194,99.35897435897436,0.04852798447104497,156,179,0,104915,46.56716417910448,100.0,0.1703237102022951,156,3360,0,101734,4.436860068259386,100.0,3.1971378004453155
105839,180,96.7873496249927,99.995207605682,0.01700696340668374,8.0625,125,162,/home/jasongao/Data/STU/val/125/velodyne/000162.bin,180,282,0,105557,38.96103896103896,100.0,0.26644242670471185,-3.0625,11.625,133,7,47,105832,95.0,73.88888888888889,0.006613819102599231,180,56,0,105783,76.27118644067797,100.0,0.05291055282079385,180,114,0,105725,61.224489795918366,100.0,0.10771076824233033,180,3011,0,102828,5.6408649326230025,100.0,2.844887045418041
104328,134,99.99999999999999,100.0,0.0,10.4375,125,163,/home/jasongao/Data/STU/val/125/velodyne/000163.bin,134,310,0,104018,30.18018018018018,100.0,0.2971397898934131,-5.21875,13.0625,130,0,4,104328,100.0,97.01492537313433,0.0,134,0,0,104328,100.0,100.0,0.0,134,53,0,104275,71.65775401069519,100.0,0.050801318917260946,134,3329,0,100999,3.869477331793243,100.0,3.190897937274749
103549,88,100.0,100.0,0.0,9.25,125,164,/home/jasongao/Data/STU/val/125/velodyne/000164.bin,88,421,0,103128,17.288801571709232,100.0,0.40657080222889647,-3.484375,10.5,61,0,27,103549,100.0,69.31818181818181,0.0,88,0,0,103549,100.0,100.0,0.0,88,115,0,103434,43.34975369458128,100.0,0.11105853267535176,88,3329,0,100220,2.5753585016095992,100.0,3.214903089358661
102871,51,100.0,100.00000000000003,0.0,10.1875,125,165,/home/jasongao/Data/STU/val/125/velodyne/000165.bin,51,451,0,102420,10.159362549800797,100.0,0.4384131582272944,-3.640625,13.25,49,0,2,102871,100.0,96.07843137254902,0.0,51,0,0,102871,100.0,100.0,0.0,51,105,0,102766,32.69230769230769,100.0,0.10206958229238561,51,3549,0,99322,1.4166666666666667,100.0,3.4499518814826335
102038,24,100.0,100.0,0.0,14.1875,125,166,/home/jasongao/Data/STU/val/125/velodyne/000166.bin,24,326,0,101712,6.857142857142857,100.0,0.3194888178913738,-1.6484375,17.625,24,2,0,102036,92.3076923076923,100.0,0.001960054097493091,24,61,0,101977,28.235294117647058,100.0,0.05978164997353927,24,172,0,101866,12.244897959183673,100.0,0.16856465238440582,24,2728,0,99310,0.872093023255814,100.0,2.673513788980576
101207,18,100.0,100.0,0.0,11.125,125,167,/home/jasongao/Data/STU/val/125/velodyne/000167.bin,18,290,0,100917,5.8441558441558445,100.0,0.286541444761726,-5.5,16.5,18,0,0,101207,100.0,100.0,0.0,18,0,0,101207,100.0,100.0,0.0,18,51,0,101156,26.08695652173913,100.0,0.050391771320165604,18,3609,0,97598,0.49627791563275436,100.0,3.565958876362307
100331,22,100.0,100.0,0.0,14.1875,125,168,/home/jasongao/Data/STU/val/125/velodyne/000168.bin,22,270,0,100061,7.534246575342466,100.0,0.2691092483878363,-3.234375,15.5625,22,0,0,100331,100.0,100.0,0.0,22,54,0,100277,28.94736842105263,100.0,0.05382184967756725,22,108,0,100223,16.923076923076923,100.0,0.1076436993551345,22,3128,0,97203,0.6984126984126984,100.0,3.1176804776190807
70878,10,60.429320679320675,99.99590846242839,0.004232625074070939,5.8125,125,214,/home/jasongao/Data/STU/val/125/velodyne/000214.bin,10,295,0,70583,3.278688524590164,100.0,0.41620813228364234,0.5234375,6.3125,0,0,10,70878,,0.0,0.0,10,41,0,70837,19.607843137254903,100.0,0.05784587601230283,10,154,0,70724,6.097560975609756,100.0,0.21727475380230818,10,1717,0,69161,0.5790387955993052,100.0,2.4224724173932675
70734,14,100.0,100.0,0.0,14.4375,125,215,/home/jasongao/Data/STU/val/125/velodyne/000215.bin,14,186,0,70548,7.0,100.0,0.2629569938077869,-2.609375,16.5,14,0,0,70734,100.0,100.0,0.0,14,2,0,70732,87.5,100.0,0.0028274945570729774,14,82,0,70652,14.583333333333334,100.0,0.11592727683999209,14,1319,0,69415,1.0502625656414104,100.0,1.8647326603896288
70916,32,100.0,100.0,0.0,10.25,125,216,/home/jasongao/Data/STU/val/125/velodyne/000216.bin,32,91,0,70825,26.016260162601625,100.0,0.12832083027807548,-7.53125,11.9375,31,0,1,70916,100.0,96.875,0.0,32,0,0,70916,100.0,100.0,0.0,32,17,0,70899,65.3061224489796,100.0,0.023972023238761353,32,1224,0,69692,2.5477707006369426,100.0,1.7259856731908174
71412,43,97.61491518212911,99.99842056380336,0.009802274127597602,4.125,125,217,/home/jasongao/Data/STU/val/125/velodyne/000217.bin,43,151,0,71261,22.164948453608247,100.0,0.211449056181034,-3.109375,6.65625,4,0,39,71412,100.0,9.30232558139535,0.0,43,16,0,71396,72.88135593220339,100.0,0.022405198005937377,43,78,0,71334,35.53719008264463,100.0,0.10922534027894472,43,1247,0,70165,3.3333333333333335,100.0,1.7462051195877444
72279,63,64.41244371676702,99.97754512551342,0.035971720693424095,3.359375,125,218,/home/jasongao/Data/STU/val/125/velodyne/000218.bin,63,121,0,72158,34.23913043478261,100.0,0.16740685399631983,-6.09375,7.1875,5,4,58,72275,55.55555555555556,7.936507936507937,0.005534110875911399,61,27,2,72252,69.31818181818181,96.82539682539682,0.03735524841240194,63,43,0,72236,59.43396226415094,100.0,0.059491691916047536,63,1120,0,71159,5.325443786982248,100.0,1.5495510452551917
73158,67,100.0,100.0,0.0,3.59375,125,219,/home/jasongao/Data/STU/val/125/velodyne/000219.bin,67,102,0,73056,39.64497041420118,100.0,0.1394242598212089,-6.53125,8.125,10,0,57,73158,100.0,14.925373134328359,0.0,66,0,1,73158,100.0,98.50746268656717,0.0,67,18,0,73140,78.82352941176471,100.0,0.024604281144919218,67,1055,0,72103,5.971479500891266,100.0,1.4420842559938762
73870,84,34.493723653005794,99.90061369071793,0.18275348585352647,-6.78125,125,220,/home/jasongao/Data/STU/val/125/velodyne/000220.bin,83,195,1,73675,29.85611510791367,98.80952380952381,0.2639772573439827,-3.484375,-3.609375,0,0,84,73870,,0.0,0.0,0,0,84,73870,,0.0,0.0,44,75,40,73795,36.97478991596638,52.38095238095238,0.10152971436307026,84,1269,0,72601,6.208425720620842,100.0,1.7178827670231487
75150,138,52.3494756208162,99.91747423028339,0.25681969394544246,-9.8125,125,221,/home/jasongao/Data/STU/val/125/velodyne/000221.bin,118,108,20,75042,52.21238938053097,85.5072463768116,0.1437125748502994,-6.25,-3.875,0,2,138,75148,0.0,0.0,0.0026613439787092482,0,20,138,75130,0.0,0.0,0.02661343978709248,67,35,71,75115,65.68627450980392,48.55072463768116,0.046573519627411845,138,1006,0,74144,12.062937062937063,100.0,1.338656021290752
76275,160,99.22742649033977,99.99859062602427,0.005244182235332678,-2.03125,125,222,/home/jasongao/Data/STU/val/125/velodyne/000222.bin,160,60,0,76215,72.72727272727273,100.0,0.07866273352999016,-8.625,0.94140625,0,0,160,76275,,0.0,0.0,13,0,147,76275,100.0,8.125,0.0,160,9,0,76266,94.67455621301775,100.0,0.011799410029498525,160,1184,0,75091,11.904761904761905,100.0,1.5522779416584727
77616,183,99.65531301423312,99.99915515137997,0.006441970727685013,4.21875,125,223,/home/jasongao/Data/STU/val/125/velodyne/000223.bin,183,103,0,77513,63.98601398601399,100.0,0.13270459699031129,-6.96875,10.8125,113,0,70,77616,100.0,61.74863387978142,0.0,180,13,3,77603,93.26424870466322,98.36065573770492,0.016749123891981035,183,44,0,77572,80.61674008810573,100.0,0.05668934240362812,183,995,0,76621,15.534804753820033,100.0,1.2819521748093177
78630,224,91.19825863601419,99.98100563670718,0.03433803891644411,-3.5625,125,224,/home/jasongao/Data/STU/val/125/velodyne/000224.bin,219,93,5,78537,70.1923076923077,97.76785714285714,0.11827546737886303,-7.40625,2.453125,0,0,224,78630,,0.0,0.0,89,7,135,78623,92.70833333333333,39.732142857142854,0.008902454533892917,213,27,11,78603,88.75,95.08928571428571,0.0343380389164441,224,1067,0,77563,17.35089078233927,100.0,1.356988426809106
79954,246,96.88127598238529,99.99128818176142,0.02876654076093754,1.0859375,125,225,/home/jasongao/Data/STU/val/125/velodyne/000225.bin,245,129,1,79825,65.50802139037434,99.59349593495935,0.16134277209395403,-6.03125,10.9375,154,4,92,79950,97.46835443037975,62.60162601626016,0.0050028766540760935,228,20,18,79934,91.93548387096774,92.6829268292683,0.02501438327038047,240,46,6,79908,83.91608391608392,97.5609756097561,0.05753308152187508,246,847,0,79107,22.506861848124426,100.0,1.0593591315006128
81140,266,97.50074879793172,99.98938759889619,0.02588119299975351,-5.53125,125,226,/home/jasongao/Data/STU/val/125/velodyne/000226.bin,257,85,9,81055,75.14619883040936,96.61654135338345,0.10475720976090708,-7.84375,7.0625,48,0,218,81140,100.0,18.045112781954888,0.0,156,2,110,81138,98.73417721518987,58.64661654135338,0.002464875523786049,242,10,24,81130,96.03174603174604,90.97744360902256,0.012324377618930245,266,1033,0,80107,20.47729022324865,100.0,1.2731082080354943
82307,289,97.44579602864263,99.9884326226862,0.07532773640152113,-5.9375,125,227,/home/jasongao/Data/STU/val/125/velodyne/000227.bin,282,112,7,82195,71.57360406091371,97.57785467128028,0.13607591091887689,-6.96875,3.96875,79,0,210,82307,100.0,27.335640138408305,0.0,193,1,96,82306,99.48453608247422,66.78200692041523,0.001214963490347115,260,22,29,82285,92.19858156028369,89.96539792387543,0.026729196787636533,289,972,0,81335,22.918318794607455,100.0,1.1809445126173959
84317,301,96.46008538979349,99.98202283370023,0.06404402433672925,-6.15625,125,228,/home/jasongao/Data/STU/val/125/velodyne/000228.bin,288,99,13,84218,74.4186046511628,95.68106312292359,0.11741404461733695,-7.6875,5.46875,12,0,289,84317,100.0,3.9867109634551494,0.0,223,2,78,84315,99.11111111111111,74.08637873754152,0.0023720009013603427,269,20,32,84297,93.0795847750865,89.3687707641196,0.023720009013603424,301,1198,0,83119,20.08005336891261,100.0,1.4208285399148453
86409,282,64.41598187251802,99.73828696429622,0.5960027311969818,-12.5,125,229,/home/jasongao/Data/STU/val/125/velodyne/000229.bin,184,117,98,86292,61.12956810631229,65.2482269503546,0.1354025622331007,-7.1875,-6.90625,0,0,282,86409,,0.0,0.0,0,0,282,86409,,0.0,0.0,47,7,235,86402,87.03703703703704,16.666666666666668,0.00810100799685218,271,1149,11,85260,19.08450704225352,96.09929078014184,1.3297225983404506
72722,110,25.66662811516704,99.79331626542924,0.48953549132312096,-10.75,125,230,/home/jasongao/Data/STU/val/125/velodyne/000230.bin,82,171,28,72551,32.41106719367589,74.54545454545455,0.2351420477984654,-3.390625,-6.375,0,0,110,72722,,0.0,0.0,0,28,110,72694,0.0,0.0,0.038502791452380294,20,77,90,72645,20.61855670103093,18.181818181818183,0.10588267649404581,110,1229,0,71493,8.215085884988797,100.0,1.6899975248205494
90253,284,32.14438159138256,99.3177648653714,2.8896546375189747,-17.625,125,231,/home/jasongao/Data/STU/val/125/velodyne/000231.bin,135,204,149,90049,39.823008849557525,47.53521126760563,0.22603126765869277,-3.5,-8.125,0,0,284,90253,,0.0,0.0,0,8,284,90245,0.0,0.0,0.00886397128073305,25,94,259,90159,21.008403361344538,8.80281690140845,0.10415166254861334,254,922,30,89331,21.598639455782312,89.43661971830986,1.0215726901044841
88214,248,58.62299879180873,99.90015802846011,0.29247058290067335,-10.0,125,232,/home/jasongao/Data/STU/val/125/velodyne/000232.bin,218,151,30,88063,59.078590785907856,87.90322580645162,0.17117464348062666,-5.0625,-3.578125,0,4,248,88210,0.0,0.0,0.004534427641870905,0,21,248,88193,0.0,0.0,0.02380574511982225,127,68,121,88146,65.12820512820512,51.20967741935484,0.07708526991180538,248,1133,0,87081,17.95800144822592,100.0,1.2843766295599337
92360,252,26.9032682814455,99.48960073418714,1.2462104807275876,-14.375,125,233,/home/jasongao/Data/STU/val/125/velodyne/000233.bin,197,385,55,91975,33.84879725085911,78.17460317460318,0.41684711996535295,-0.1572265625,-4.0,0,0,252,92360,,0.0,0.0,0,7,252,92353,0.0,0.0,0.007579038544824599,116,270,136,92090,30.05181347150259,46.03174603174603,0.29233434387180596,242,1257,10,91103,16.144096064042696,96.03174603174604,1.3609787786920744
94463,239,88.80172678969235,99.93815957783298,0.34828451351322737,-6.625,125,234,/home/jasongao/Data/STU/val/125/velodyne/000234.bin,232,392,7,94071,37.17948717948718,97.07112970711297,0.4149772926966114,-2.96875,6.625,22,0,217,94463,100.0,9.205020920502092,0.0,170,8,69,94455,95.50561797752809,71.1297071129707,0.008468924340747171,202,131,37,94332,60.66066066066066,84.51882845188284,0.13867863607973493,238,1055,1,93408,18.406805877803556,99.581589958159,1.116839397436033
96807,231,92.06051173463285,99.96334027757374,0.16217835487103205,-7.84375,125,235,/home/jasongao/Data/STU/val/125/velodyne/000235.bin,220,167,11,96640,56.84754521963824,95.23809523809524,0.17250818639147997,-5.9375,8.3125,58,0,173,96807,100.0,25.10822510822511,0.0,163,5,68,96802,97.02380952380952,70.56277056277057,0.005164915760223951,199,53,32,96754,78.96825396825396,86.14718614718615,0.05474810705837388,230,1019,1,95788,18.414731785428344,99.56709956709956,1.0526098319336412
97890,212,64.00570633139608,99.90787936786958,0.3769537235672694,-11.0625,125,236,/home/jasongao/Data/STU/val/125/velodyne/000236.bin,179,138,33,97752,56.46687697160883,84.43396226415095,0.14097456328532026,-6.875,-2.921875,0,0,212,97890,,0.0,0.0,0,6,212,97884,0.0,0.0,0.006129328838492185,129,49,83,97841,72.47191011235955,60.84905660377358,0.05005618551435285,212,1091,0,96799,16.270145817344588,100.0,1.1145162937991624
98897,212,86.95790360727817,99.95595283906012,0.2133532867528843,-9.8125,125,237,/home/jasongao/Data/STU/val/125/velodyne/000237.bin,190,149,22,98748,56.04719764011799,89.62264150943396,0.15066179965014107,-6.375,9.375,86,5,126,98892,94.50549450549451,40.56603773584906,0.005055765088930908,151,15,61,98882,90.96385542168674,71.22641509433963,0.015167295266792724,174,55,38,98842,75.9825327510917,82.0754716981132,0.05561341597823999,209,660,3,98237,24.050632911392405,98.58490566037736,0.6673609917388799
99934,175,87.48696660953065,99.93653525612618,0.40126483479096203,-7.71875,125,238,/home/jasongao/Data/STU/val/125/velodyne/000238.bin,168,406,7,99528,29.26829268292683,96.0,0.4062681369704005,-1.15625,5.03125,0,0,175,99934,,0.0,0.0,133,1,42,99933,99.25373134328358,76.0,0.001000660435887686,155,252,20,99682,38.08353808353808,88.57142857142857,0.25216642984369686,175,1302,0,98632,11.848341232227488,100.0,1.302859887525767
101364,166,63.080847698675015,99.92186099672753,0.21605303658103467,-5.71875,125,239,/home/jasongao/Data/STU/val/125/velodyne/000239.bin,161,385,5,100979,29.487179487179485,96.98795180722891,0.3798192652223669,-1.171875,1.9375,0,0,166,101364,,0.0,0.0,52,26,114,101338,66.66666666666667,31.325301204819276,0.02565013219683517,149,137,17,101227,52.0979020979021,89.75903614457832,0.1351564658064007,166,1138,0,100226,12.730061349693251,100.0,1.1226865553845546
102982,149,30.061135828810492,99.7973191118693,0.8069371346448895,-12.75,125,240,/home/jasongao/Data/STU/val/125/velodyne/000240.bin,123,262,26,102720,31.948051948051948,82.5503355704698,0.254413392631722,-5.28125,-6.0,0,0,149,102982,,0.0,0.0,0,20,149,102962,0.0,0.0,0.019420869666543668,40,72,109,102910,35.714285714285715,26.845637583892618,0.0699151307995572,147,1300,2,101682,10.158949550794748,98.65771812080537,1.2623565283253384
105969,147,32.17405589029658,99.72837005405829,1.0521945097151053,-14.1875,125,241,/home/jasongao/Data/STU/val/125/velodyne/000241.bin,110,273,37,105696,28.720626631853786,74.82993197278911,0.2576225122441469,-4.5625,-5.0,0,0,147,105969,,0.0,0.0,3,30,144,105939,9.090909090909092,2.0408163265306123,0.02831016618067548,55,86,92,105883,39.00709219858156,37.414965986394556,0.08115580971793637,142,1252,5,104717,10.18651362984218,96.59863945578232,1.18147760194019
105252,137,94.82528449377176,99.99065503133112,0.07980845969672785,-4.21875,125,242,/home/jasongao/Data/STU/val/125/velodyne/000242.bin,137,209,0,105043,39.59537572254335,100.0,0.1985710485311443,-5.21875,3.703125,0,0,137,105252,,0.0,0.0,92,1,45,105251,98.9247311827957,67.15328467153284,0.0009501007106753316,129,72,8,105180,64.17910447761194,94.16058394160584,0.06840725116862388,137,1189,0,104063,10.331825037707391,100.0,1.1296697449929693
107181,137,42.48916053271664,99.89180931880222,0.3358804265681417,-7.875,125,243,/home/jasongao/Data/STU/val/125/velodyne/000243.bin,131,366,6,106815,26.358148893360163,95.62043795620438,0.34147843367761077,1.2890625,1.703125,0,2,137,107179,0.0,0.0,0.0018660023698230097,37,36,100,107145,50.68493150684932,27.00729927007299,0.03358804265681417,121,279,16,106902,30.25,88.32116788321167,0.26030733059030986,137,1088,0,106093,11.183673469387756,100.0,1.0151052891837173
107457,130,40.3838827656722,99.89781959295347,0.3499074048223941,-9.3125,125,244,/home/jasongao/Data/STU/val/125/velodyne/000244.bin,119,292,11,107165,28.953771289537713,91.53846153846153,0.27173660161739116,-2.078125,-1.234375,0,3,130,107454,0.0,0.0,0.0027918144001786763,4,12,126,107445,25.0,3.076923076923077,0.011167257600714705,95,131,35,107326,42.0353982300885,73.07692307692308,0.1219092288078022,130,1269,0,106188,9.292351679771265,100.0,1.18093749127558
107504,125,64.9030907366561,99.94110358684328,0.36370739693406756,-7.6875,125,245,/home/jasongao/Data/STU/val/125/velodyne/000245.bin,119,409,6,107095,22.53787878787879,95.2,0.3804509599642804,-2.65625,2.375,0,0,125,107504,,0.0,0.0,41,14,84,107490,74.54545454545455,32.8,0.01302277124572109,111,186,14,107318,37.37373737373738,88.8,0.1730168179788659,125,1284,0,106220,8.87154009936125,100.0,1.1943741628218485
107822,123,29.58312143971889,99.80406580975902,0.7762794234942776,-13.4375,125,246,/home/jasongao/Data/STU/val/125/velodyne/000246.bin,85,217,38,107605,28.14569536423841,69.10569105691057,0.20125762831333124,-5.6875,-5.75,0,0,123,107822,,0.0,0.0,0,11,123,107811,0.0,0.0,0.010201999591920016,34,59,89,107763,36.55913978494624,27.642276422764226,0.05471981599302554,121,1271,2,106551,8.692528735632184,98.3739837398374,1.1787946801209401
107697,117,45.849723276522894,99.8763228491076,0.4577657687772176,-12.1875,125,247,/home/jasongao/Data/STU/val/125/velodyne/000247.bin,80,130,37,107567,38.095238095238095,68.37606837606837,0.12070902624957056,-7.5,-6.96875,0,0,117,107697,,0.0,0.0,0,0,117,107697,,0.0,0.0,30,16,87,107681,65.21739130434783,25.641025641025642,0.014856495538408683,117,1268,0,106429,8.447653429602887,100.0,1.1773772714188881
107809,123,16.6192668671595,99.64033049415079,1.106586648610042,-15.0,125,248,/home/jasongao/Data/STU/val/125/velodyne/000248.bin,31,158,92,107651,16.402116402116402,25.203252032520325,0.1465554823808773,-6.75,-10.0625,0,0,123,107809,,0.0,0.0,0,7,123,107802,0.0,0.0,0.006492964409279374,6,37,117,107772,13.953488372093023,4.878048780487805,0.0343199547347624,115,1062,8,106747,9.770603228547154,93.4959349593496,0.9850754575220992
107647,125,28.61238965070121,99.76756621178482,0.7756834839800459,-13.75,125,249,/home/jasongao/Data/STU/val/125/velodyne/000249.bin,70,139,55,107508,33.49282296650718,56.0,0.1291257536206304,-7.40625,-7.625,0,0,125,107647,,0.0,0.0,0,0,125,107647,,0.0,0.0,19,31,106,107616,38.0,15.2,0.028797829944169368,122,1170,3,106477,9.442724458204335,97.6,1.0868858398283279
107347,109,7.365633322972764,99.0758940631783,2.9949602690340673,-17.125,125,250,/home/jasongao/Data/STU/val/125/velodyne/000250.bin,7,78,102,107269,8.235294117647058,6.422018348623853,0.0726615555162231,-8.4375,-12.4375,0,0,109,107347,,0.0,0.0,0,2,109,107345,0.0,0.0,0.0018631168081082844,0,21,109,107326,0.0,0.0,0.019562726485136985,84,1406,25,105941,5.6375838926174495,77.06422018348624,1.309771116100124
107151,111,25.19615998090786,99.71814634580265,1.1115155248201136,-14.5625,125,251,/home/jasongao/Data/STU/val/125/velodyne/000251.bin,56,115,55,107036,32.748538011695906,50.450450450450454,0.10732517661991021,-7.84375,-7.96875,0,0,111,107151,,0.0,0.0,0,3,111,107148,0.0,0.0,0.002799787216171571,11,45,100,107106,19.642857142857142,9.90990990990991,0.04199680824257356,106,1233,5,105918,7.916355489171023,95.49549549549549,1.1507125458465157
107355,110,3.902317165515475,98.53113078528756,3.847980997624703,-18.375,125,252,/home/jasongao/Data/STU/val/125/velodyne/000252.bin,0,69,110,107286,0.0,0.0,0.0642727399748498,-9.125,-15.375,0,0,110,107355,,0.0,0.0,0,0,110,107355,,0.0,0.0,0,20,110,107335,0.0,0.0,0.018629779702855013,43,897,67,106458,4.574468085106383,39.09090909090909,0.8355456196730474
107105,110,2.9084592156657934,97.78716722332798,6.1901871994771485,-19.25,125,253,/home/jasongao/Data/STU/val/125/velodyne/000253.bin,0,45,110,107060,0.0,0.0,0.042014845245320016,-9.4375,-15.5625,0,0,110,107105,,0.0,0.0,0,0,110,107105,,0.0,0.0,0,5,110,107100,0.0,0.0,0.004668316138368891,42,1226,68,105879,3.312302839116719,38.18181818181818,1.144671117128052
107727,108,4.182203242423398,98.58054688308478,3.3974769556378623,-17.875,125,254,/home/jasongao/Data/STU/val/125/velodyne/000254.bin,2,100,106,107627,1.9607843137254901,1.8518518518518519,0.09282723922507821,-8.1875,-14.375,0,0,108,107727,,0.0,0.0,0,4,108,107723,0.0,0.0,0.003713089569003128,0,27,108,107700,0.0,0.0,0.025063354590771116,62,1183,46,106544,4.979919678714859,57.407407407407405,1.0981462400326751
91630,5,34.25,99.99367019535086,0.012004801920768308,-0.427734375,137,325,/home/jasongao/Data/STU/val/137/velodyne/000325.bin,5,375,0,91255,1.3157894736842106,100.0,0.4092546109352832,-4.46875,1.46875,0,0,5,91630,,0.0,0.0,1,2,4,91628,33.333333333333336,20.0,0.0021826912583215105,5,56,0,91574,8.19672131147541,100.0,0.061115355233002294,5,3165,0,88465,0.15772870662460567,100.0,3.4541089162937904
94755,5,35.43650793650793,99.99472323360246,0.005276766397551581,0.0086669921875,137,327,/home/jasongao/Data/STU/val/137/velodyne/000327.bin,5,130,0,94625,3.7037037037037037,100.0,0.1371959263363411,-7.375,0.042724609375,0,0,5,94755,,0.0,0.0,0,2,5,94753,0.0,0.0,0.0021107065590206323,5,20,0,94735,20.0,100.0,0.021107065590206323,5,2621,0,92134,0.19040365575019041,100.0,2.7660809455965385
97393,6,24.75727513227513,99.98973232162476,0.019508588912960888,-4.15625,137,329,/home/jasongao/Data/STU/val/137/velodyne/000329.bin,6,189,0,97204,3.076923076923077,100.0,0.19405912129208464,-7.0625,-3.3125,0,0,6,97393,,0.0,0.0,0,0,6,97393,,0.0,0.0,4,11,2,97382,26.666666666666668,66.66666666666667,0.011294446212766832,6,2707,0,94686,0.22115739034279394,100.0,2.779460536178165
98454,5,0.2403747436905767,97.91527007536514,4.608243443638654,-16.25,137,330,/home/jasongao/Data/STU/val/137/velodyne/000330.bin,1,465,4,97989,0.2145922746781116,20.0,0.47230178560546043,-5.0,-9.75,0,0,5,98454,,0.0,0.0,0,0,5,98454,,0.0,0.0,0,37,5,98417,0.0,0.0,0.03758100229548825,3,3078,2,95376,0.09737098344693282,60.0,3.126333109878725
98485,6,100.0,100.0,0.0,7.40625,137,331,/home/jasongao/Data/STU/val/137/velodyne/000331.bin,6,614,0,97871,0.967741935483871,100.0,0.6234451946997005,-4.28125,7.8125,2,0,4,98485,100.0,33.333333333333336,0.0,6,0,0,98485,100.0,100.0,0.0,6,76,0,98409,7.317073170731708,100.0,0.07716911204751993,6,2482,0,96003,0.24115755627009647,100.0,2.5201807381834795
96636,5,30.11258091753448,99.91421416449356,0.24111097313630533,-4.53125,137,332,/home/jasongao/Data/STU/val/137/velodyne/000332.bin,5,587,0,96049,0.8445945945945946,100.0,0.6074340825365289,-3.140625,-2.328125,0,0,5,96636,,0.0,0.0,0,0,5,96636,,0.0,0.0,4,143,1,96493,2.7210884353741496,80.0,0.14797797922099426,5,2614,0,94022,0.19091256204658266,100.0,2.7049960677180347
95789,6,0.4380368130183446,99.207111463738,1.2224785726962386,-12.1875,137,334,/home/jasongao/Data/STU/val/137/velodyne/000334.bin,2,548,4,95241,0.36363636363636365,33.333333333333336,0.5720907411080605,0.578125,-9.125,0,3,6,95786,0.0,0.0,0.0031318836192047103,0,17,6,95772,0.0,0.0,0.017747340508826693,0,358,6,95431,0.0,0.0,0.3737381118917621,6,1989,0,93800,0.3007518796992481,100.0,2.076438839532723
100047,7,1.417113683320844,99.71713294751467,0.30585624756364505,-2.234375,137,336,/home/jasongao/Data/STU/val/137/velodyne/000336.bin,7,587,0,99460,1.1784511784511784,100.0,0.5867242396073845,1.640625,-1.640625,0,0,7,100047,,0.0,0.0,0,18,7,100029,0.0,0.0,0.017991543974332065,7,355,0,99692,1.9337016574585635,100.0,0.3548332283826601,7,2211,0,97836,0.3155996393146979,100.0,2.209961318180455
100401,7,100.0,100.0,0.0,0.9921875,137,337,/home/jasongao/Data/STU/val/137/velodyne/000337.bin,7,197,0,100204,3.4313725490196076,100.0,0.19621318512763816,-6.71875,6.90625,0,0,7,100401,,0.0,0.0,6,0,1,100401,100.0,85.71428571428571,0.0,7,22,0,100379,24.137931034482758,100.0,0.02191213234927939,7,1722,0,98679,0.4048582995951417,100.0,1.7151223593390503
99649,8,7.637812709934782,99.86533984284839,0.44757097411915825,-8.5,137,338,/home/jasongao/Data/STU/val/137/velodyne/000338.bin,6,398,2,99251,1.4851485148514851,75.0,0.39940190067135645,-2.359375,0.546875,0,2,8,99647,0.0,0.0,0.002007044726991741,1,23,7,99626,4.166666666666667,12.5,0.023081014360405022,6,148,2,99501,3.896103896103896,75.0,0.14852130979738884,8,1971,0,97678,0.40424456796361796,100.0,1.9779425784503608
99607,7,74.78260869565217,99.99053422808781,0.062244621361952475,-2.09375,137,339,/home/jasongao/Data/STU/val/137/velodyne/000339.bin,7,294,0,99313,2.3255813953488373,100.0,0.2951599787163553,-2.9375,3.796875,0,0,7,99607,,0.0,0.0,6,4,1,99603,60.0,85.71428571428571,0.004015782023351773,7,137,0,99470,4.861111111111111,100.0,0.1375405342997982,7,1564,0,98043,0.44557606619987267,100.0,1.570170771130543
99976,8,85.2281746031746,99.9989997599424,0.0020004801152276545,4.21875,137,340,/home/jasongao/Data/STU/val/137/velodyne/000340.bin,8,206,0,99770,3.7383177570093458,100.0,0.20604945186844842,-5.65625,4.71875,0,0,8,99976,,0.0,0.0,8,7,0,99969,53.333333333333336,100.0,0.0070016804032967915,8,59,0,99917,11.940298507462687,100.0,0.059014163399215815,8,1489,0,98487,0.5344021376085505,100.0,1.489357445786989
99692,9,97.97979797979798,99.99977709121873,0.0020061790314167636,4.125,137,341,/home/jasongao/Data/STU/val/137/velodyne/000341.bin,9,152,0,99540,5.590062111801243,100.0,0.15246960638767404,-6.75,10.875,6,0,3,99692,100.0,66.66666666666667,0.0,9,3,0,99689,75.0,100.0,0.0030092685471251454,9,30,0,99662,23.076923076923077,100.0,0.030092685471251455,9,1603,0,98089,0.5583126550868487,100.0,1.607952493680536
99326,12,71.71614199663158,99.93309069797098,0.40170750860801807,-10.125,137,342,/home/jasongao/Data/STU/val/137/velodyne/000342.bin,10,254,2,99072,3.787878787878788,83.33333333333333,0.25572357690836234,-4.0625,9.6875,6,0,6,99326,100.0,50.0,0.0,8,0,4,99326,100.0,66.66666666666667,0.0,10,87,2,99239,10.309278350515465,83.33333333333333,0.08759035901979341,12,1995,0,97331,0.5979073243647235,100.0,2.0085375430400902
98768,8,1.9141275368829338,99.78263455775149,0.3331038393001782,-9.1875,137,343,/home/jasongao/Data/STU/val/137/velodyne/000343.bin,5,209,3,98559,2.336448598130841,62.5,0.21160699821804632,-5.78125,-7.78125,0,0,8,98768,,0.0,0.0,0,1,8,98767,0.0,0.0,0.0010124736756844323,0,69,8,98699,0.0,0.0,0.06986068362222582,8,2256,0,96512,0.35335689045936397,100.0,2.284140612344079
97730,12,61.52006175225989,99.99164364405334,0.0429755448685153,-2.3125,137,344,/home/jasongao/Data/STU/val/137/velodyne/000344.bin,12,161,0,97569,6.936416184971098,100.0,0.16473958866264196,-5.40625,7.625,3,4,9,97726,42.857142857142854,25.0,0.004092909035096695,11,10,1,97720,52.38095238095238,91.66666666666667,0.010232272587741738,12,58,0,97672,17.142857142857142,100.0,0.05934718100890208,12,1251,0,96479,0.9501187648456056,100.0,1.2800573007264913
97232,10,62.10606060606061,99.99681174921837,0.006170807964456146,0.953125,137,345,/home/jasongao/Data/STU/val/137/velodyne/000345.bin,10,147,0,97085,6.369426751592357,100.0,0.15118479512917557,-6.625,1.8359375,0,0,10,97232,,0.0,0.0,4,3,6,97229,57.142857142857146,40.0,0.003085403982228073,10,46,0,97186,17.857142857142858,100.0,0.04730952772749712,10,2076,0,95156,0.4793863854266539,100.0,2.1350995557018266
97267,15,86.21092796092796,99.995579178961,0.04215201455786649,-0.208984375,137,346,/home/jasongao/Data/STU/val/137/velodyne/000346.bin,15,187,0,97080,7.425742574257426,100.0,0.19225431030051301,-5.71875,8.0625,3,0,12,97267,100.0,20.0,0.0,14,26,1,97241,35.0,93.33333333333333,0.026730545817183628,15,70,0,97197,17.647058823529413,100.0,0.0719668541231867,15,1666,0,95601,0.892325996430696,100.0,1.7128111281318432
95994,13,94.30860805860806,99.99919866786546,0.0031251953247077944,4.09375,137,347,/home/jasongao/Data/STU/val/137/velodyne/000347.bin,13,170,0,95824,7.103825136612022,100.0,0.17709440173344168,-5.15625,8.9375,5,0,8,95994,100.0,38.46153846153846,0.0,13,3,0,95991,81.25,100.0,0.0031251953247077944,13,77,0,95917,14.444444444444445,100.0,0.08021334666750005,13,1580,0,94414,0.8160703075957313,100.0,1.645936204346105
95618,17,58.78306223852719,99.99021843044567,0.016733251061515613,3.6875,137,348,/home/jasongao/Data/STU/val/137/velodyne/000348.bin,17,163,0,95455,9.444444444444445,100.0,0.17046999518919032,-6.8125,7.96875,4,6,13,95612,40.0,23.529411764705884,0.006274969148068355,17,16,0,95602,51.515151515151516,100.0,0.016733251061515613,17,29,0,95589,36.95652173913044,100.0,0.030329017548997052,17,2392,0,93226,0.70568700705687,100.0,2.5016210336965843
94737,20,97.95833333333333,99.99947222310185,0.005277768981496142,0.98046875,137,349,/home/jasongao/Data/STU/val/137/velodyne/000349.bin,20,139,0,94598,12.578616352201259,100.0,0.14672197768559275,-6.6875,7.65625,4,0,16,94737,100.0,20.0,0.0,18,4,2,94733,81.81818181818181,90.0,0.004222215185196914,20,45,0,94692,30.76923076923077,100.0,0.04749992083346528,20,1761,0,92976,1.1229646266142617,100.0,1.8588302352829411
93981,21,97.78911564625851,99.9991892991542,0.001064044860131303,0.73828125,137,350,/home/jasongao/Data/STU/val/137/velodyne/000350.bin,21,83,0,93898,20.192307692307693,100.0,0.08831572339089816,-8.3125,4.59375,4,0,17,93981,100.0,19.047619047619047,0.0,15,0,6,93981,100.0,71.42857142857143,0.0,21,20,0,93961,51.21951219512195,100.0,0.021280897202626062,21,1856,0,92125,1.1188066062866275,100.0,1.9748672604036985
93956,26,82.3537729108051,99.99013449830854,0.06066669504874622,-3.234375,137,351,/home/jasongao/Data/STU/val/137/velodyne/000351.bin,26,163,0,93793,13.756613756613756,100.0,0.17348546127974795,-5.09375,7.71875,5,0,21,93956,100.0,19.23076923076923,0.0,21,11,5,93945,65.625,80.76923076923077,0.01170760781642471,26,66,0,93890,28.26086956521739,100.0,0.07024564689854826,26,1652,0,92304,1.5494636471990464,100.0,1.758269828430329
93936,27,75.0132565853542,99.98963044973095,0.03938851984329756,-0.3046875,137,352,/home/jasongao/Data/STU/val/137/velodyne/000352.bin,27,191,0,93745,12.385321100917432,100.0,0.20332992675864417,-4.375,10.3125,19,3,8,93933,86.36363636363636,70.37037037037037,0.0031936637710781807,23,21,4,93915,52.27272727272727,85.18518518518519,0.022355646397547266,26,82,1,93854,24.074074074074073,96.29629629629629,0.08729347640947027,27,1483,0,92453,1.7880794701986755,100.0,1.5787344575029807
93763,32,77.8926698811515,99.98880155285133,0.039461194714332945,0.08935546875,137,353,/home/jasongao/Data/STU/val/137/velodyne/000353.bin,32,246,0,93517,11.510791366906474,100.0,0.26236361891151094,-3.578125,10.6875,21,5,11,93758,80.76923076923077,65.625,0.005332593880315263,27,23,5,93740,54.0,84.375,0.02452993184945021,32,98,0,93665,24.615384615384617,100.0,0.10451884005417915,32,1776,0,91987,1.7699115044247788,100.0,1.8941373462879814
93458,40,77.84059162971153,99.98851088189346,0.03316998009801194,-2.75,137,354,/home/jasongao/Data/STU/val/137/velodyne/000354.bin,40,111,0,93347,26.490066225165563,100.0,0.11876992873804276,-7.46875,9.5,16,3,24,93455,84.21052631578948,40.0,0.0032099980740011554,30,16,10,93442,65.21739130434783,75.0,0.017119989728006164,39,40,1,93418,49.36708860759494,97.5,0.04279997432001541,40,1144,0,92314,3.3783783783783785,100.0,1.2240792655524406
92814,51,58.769375294150805,99.96995889311829,0.13252311073760423,-3.671875,137,355,/home/jasongao/Data/STU/val/137/velodyne/000355.bin,51,166,0,92648,23.502304147465438,100.0,0.17885232831253906,-1.5859375,8.4375,17,9,34,92805,65.38461538461539,33.333333333333336,0.00969681298080031,40,42,11,92772,48.78048780487805,78.43137254901961,0.04525179391040145,49,123,2,92691,28.488372093023255,96.07843137254902,0.13252311073760423,51,1082,0,91732,4.501323918799647,100.0,1.165772405025104
92687,62,86.42856102619024,99.98861064484457,0.0528660977267578,-1.84375,137,356,/home/jasongao/Data/STU/val/137/velodyne/000356.bin,62,207,0,92480,23.04832713754647,100.0,0.2233322903967115,-4.03125,5.96875,12,0,50,92687,100.0,19.35483870967742,0.0,49,11,13,92676,81.66666666666667,79.03225806451613,0.011867899489680322,61,87,1,92600,41.21621621621622,98.38709677419355,0.09386429596383528,62,1371,0,91316,4.326587578506629,100.0,1.479171836395611
92844,25,61.43315604420905,99.99144802033518,0.015079057343500925,0.0162353515625,137,357,/home/jasongao/Data/STU/val/137/velodyne/000357.bin,25,180,0,92664,12.195121951219512,100.0,0.19387359441644048,-6.40625,1.859375,0,0,25,92844,,0.0,0.0,5,3,20,92841,62.5,20.0,0.0032312265736073415,24,38,1,92806,38.70967741935484,96.0,0.040928869932359654,25,1695,0,91149,1.4534883720930232,100.0,1.8256430140881479
100983,30,81.92856230914907,99.99732628264162,0.0029707970648525,2.421875,137,384,/home/jasongao/Data/STU/val/137/velodyne/000384.bin,30,294,0,100689,9.25925925925926,100.0,0.291138112355545,-4.90625,7.40625,1,1,29,100982,50.0,3.3333333333333335,0.0009902656882841666,28,3,2,100980,90.3225806451613,93.33333333333333,0.0029707970648525,30,47,0,100936,38.96103896103896,100.0,0.04654248734935583,30,1931,0,99052,1.5298317185109638,100.0,1.9122030440767257
101940,36,48.196233094968264,99.96441261744383,0.2158132234647832,-5.9375,137,385,/home/jasongao/Data/STU/val/137/velodyne/000385.bin,36,335,0,101605,9.703504043126685,100.0,0.3286246811850108,-2.421875,6.96875,6,3,30,101937,66.66666666666667,16.666666666666668,0.002942907592701589,28,50,8,101890,35.8974358974359,77.77777777777777,0.04904845987835982,34,138,2,101802,19.767441860465116,94.44444444444444,0.1353737492642731,36,1687,0,100253,2.089378990133488,100.0,1.6548950362958603
103014,30,9.574581931322,99.81864924508643,0.398974896615994,-9.4375,137,386,/home/jasongao/Data/STU/val/137/velodyne/000386.bin,26,348,4,102666,6.951871657754011,86.66666666666667,0.33781816063835984,1.5859375,1.3125,0,20,30,102994,0.0,0.0,0.019414836818296543,7,72,23,102942,8.860759493670885,23.333333333333332,0.06989341254586755,25,226,5,102788,9.9601593625498,83.33333333333333,0.21938765604675092,29,1420,1,101594,2.0013802622498273,96.66666666666667,1.3784534140990545
104340,29,14.511128248502846,99.88743696007086,0.35269311865056546,-6.59375,137,387,/home/jasongao/Data/STU/val/137/velodyne/000387.bin,28,462,1,103878,5.714285714285714,96.55172413793103,0.4427832087406556,-0.75390625,2.875,0,20,29,104320,0.0,0.0,0.019168104274487254,14,53,15,104287,20.895522388059703,48.275862068965516,0.050795476327391224,24,225,5,104115,9.63855421686747,82.75862068965517,0.21564117308798159,29,1956,0,102384,1.4609571788413098,100.0,1.8746405980448533
105714,23,83.30883574275799,99.9255990938636,0.6772991278354806,-11.0625,137,388,/home/jasongao/Data/STU/val/137/velodyne/000388.bin,21,318,2,105396,6.1946902654867255,91.30434782608695,0.3008116238151995,-3.703125,7.65625,1,0,22,105714,100.0,4.3478260869565215,0.0,19,19,4,105695,50.0,82.6086956521739,0.017973021548706888,21,105,2,105609,16.666666666666668,91.30434782608695,0.09932459276916965,23,1922,0,103792,1.1825192802056554,100.0,1.8181130219270862
106632,21,9.77146374806052,99.73875438088807,0.3685572811163628,-6.1875,137,389,/home/jasongao/Data/STU/val/137/velodyne/000389.bin,20,547,1,106085,3.527336860670194,95.23809523809524,0.51297921824593,-1.3046875,0.6328125,0,0,21,106632,,0.0,0.0,2,54,19,106578,3.5714285714285716,9.523809523809524,0.05064145847400405,18,231,3,106401,7.228915662650603,85.71428571428571,0.21663290569435067,20,2337,1,104295,0.8485362749257531,95.23809523809524,2.1916497861805087
107722,16,0.8730026045987809,99.08636350977515,2.4423980245446613,-14.9375,137,390,/home/jasongao/Data/STU/val/137/velodyne/000390.bin,10,830,6,106892,1.1904761904761905,62.5,0.7705018473478027,5.3125,-5.6875,0,29,16,107693,0.0,0.0,0.02692114888323648,0,195,16,107527,0.0,0.0,0.181021518352797,3,557,13,107165,0.5357142857142857,18.75,0.5170717216538868,15,2498,1,105224,0.5968961400716275,93.75,2.318932065873266
109046,16,6.45485920724171,99.84820053005153,0.6254241329347248,-6.40625,137,391,/home/jasongao/Data/STU/val/137/velodyne/000391.bin,16,825,0,108221,1.9024970273483948,100.0,0.7565614511307155,4.1875,4.34375,0,7,16,109039,0.0,0.0,0.006419309282321223,13,144,3,108902,8.280254777070065,81.25,0.13205436237917942,14,512,2,108534,2.661596958174905,87.5,0.469526621792638,16,2385,0,106661,0.6663890045814244,100.0,2.1871503769051595
110251,9,1.0303825870334236,99.58171203284624,0.7546416812545917,-8.4375,137,392,/home/jasongao/Data/STU/val/137/velodyne/000392.bin,8,800,1,109451,0.9900990099009901,88.88888888888889,0.7256170012063383,4.09375,-2.1875,0,4,9,110247,0.0,0.0,0.0036280850060316913,0,147,9,110104,0.0,0.0,0.13333212397166466,8,515,1,109736,1.5296367112810707,88.88888888888889,0.4671159445265803,9,2484,0,107767,0.36101083032490977,100.0,2.2530407887456803
111227,12,86.70070871157827,99.99763996152014,0.012586871892616001,-3.046875,137,393,/home/jasongao/Data/STU/val/137/velodyne/000393.bin,12,206,0,111021,5.504587155963303,100.0,0.18520682927706403,-6.78125,5.8125,0,0,12,111227,,0.0,0.0,8,0,4,111227,100.0,66.66666666666667,0.0,12,21,0,111206,36.36363636363637,100.0,0.018880307838924002,12,1775,0,109452,0.6715165081141579,100.0,1.5958355435281002
112191,10,8.405570795589192,99.94928291930725,0.0766549901507251,-1.5390625,137,394,/home/jasongao/Data/STU/val/137/velodyne/000394.bin,10,196,0,111995,4.854368932038835,100.0,0.17470207057607118,-4.78125,3.03125,0,0,10,112191,,0.0,0.0,6,49,4,112142,10.909090909090908,60.0,0.043675517644017794,10,97,0,112094,9.345794392523365,100.0,0.08645969819325972,10,1417,0,110774,0.700770847932726,100.0,1.2630246632974125
113077,10,4.12170375030224,99.81088108103327,0.6137410790877013,-12.125,137,395,/home/jasongao/Data/STU/val/137/velodyne/000395.bin,5,230,5,112847,2.127659574468085,50.0,0.20340122217603934,-5.15625,-8.625,0,0,10,113077,,0.0,0.0,0,4,10,113073,0.0,0.0,0.0035374125595832927,4,62,6,113015,6.0606060606060606,40.0,0.05482989467354104,10,1469,0,111608,0.676132521974307,100.0,1.2991147625069643
113824,9,5.832405988945278,99.93132672664231,0.12475400618498735,-6.5,137,396,/home/jasongao/Data/STU/val/137/velodyne/000396.bin,9,204,0,113620,4.225352112676056,100.0,0.17922406522350295,-5.6875,-3.140625,0,0,9,113824,,0.0,0.0,0,4,9,113820,0.0,0.0,0.003514197357323587,6,73,3,113751,7.594936708860759,66.66666666666667,0.06413410177115547,9,1634,0,112190,0.5477784540474742,100.0,1.4355496204666853
114364,6,3.593339546033299,99.92086670630617,0.11891854079955232,-1.4921875,137,397,/home/jasongao/Data/STU/val/137/velodyne/000397.bin,6,428,0,113936,1.3824884792626728,100.0,0.37424364310447344,0.3515625,2.78125,0,17,6,114347,0.0,0.0,0.014864817599944038,3,80,3,114284,3.6144578313253013,50.0,0.06995208282326607,6,219,0,114145,2.6666666666666665,100.0,0.19149382672869084,6,2233,0,112131,0.2679767753461367,100.0,1.952537511804414
114123,6,23.75,99.98948502931049,0.026287426723798007,0.134765625,137,398,/home/jasongao/Data/STU/val/137/velodyne/000398.bin,6,290,0,113833,2.027027027027027,100.0,0.2541117916633807,-3.796875,2.625,0,0,6,114123,,0.0,0.0,3,8,3,114115,27.272727272727273,50.0,0.007009980459679469,6,111,0,114012,5.128205128205129,100.0,0.09726347887805263,6,1866,0,112257,0.32051282051282054,100.0,1.6350779422202362
113676,5,0.37354616566818366,99.3099686829234,1.0881804426615995,-11.0,137,399,/home/jasongao/Data/STU/val/137/velodyne/000399.bin,2,666,3,113010,0.2994011976047904,40.0,0.5858756465744748,-0.8203125,-8.25,0,0,5,113676,,0.0,0.0,0,34,5,113642,0.0,0.0,0.02990956754284106,0,259,5,113417,0.0,0.0,0.22784052922340686,5,2847,0,110829,0.1753155680224404,100.0,2.504486435131426
113519,6,100.0,100.0,0.0,6.375,137,400,/home/jasongao/Data/STU/val/137/velodyne/000400.bin,6,233,0,113286,2.510460251046025,100.0,0.20525198424933272,-6.40625,6.96875,0,0,6,113519,,0.0,0.0,6,0,0,113519,100.0,100.0,0.0,6,24,0,113495,20.0,100.0,0.021141835287484916,6,2547,0,110972,0.23501762632197415,100.0,2.2436772698843366
74717,5,60.93837535014006,99.97751515719314,0.10707068003265655,2.875,138,326,/home/jasongao/Data/STU/val/138/velodyne/000326.bin,5,2846,0,71871,0.175377060680463,100.0,3.809039442161757,2.90625,4.9375,0,0,5,74717,,0.0,0.0,4,65,1,74652,5.797101449275362,80.0,0.08699492752653346,5,1785,0,72932,0.27932960893854747,100.0,2.3890145482286496,5,4315,0,70402,0.11574074074074074,100.0,5.775124804261413
68830,8,76.71341816078659,99.96204416678773,0.18160685747493827,-5.78125,138,329,/home/jasongao/Data/STU/val/138/velodyne/000329.bin,8,310,0,68520,2.5157232704402515,100.0,0.45038500653784685,-4.375,3.3125,1,0,7,68830,100.0,12.5,0.0,5,0,3,68830,100.0,62.5,0.0,6,48,2,68782,11.11111111111111,75.0,0.0697370332703763,8,2011,0,66819,0.396235760277365,100.0,2.9216911230568066
61696,5,96.66666666666667,99.99983791493776,0.001620850622406639,8.0625,138,332,/home/jasongao/Data/STU/val/138/velodyne/000332.bin,5,408,0,61288,1.2106537530266344,100.0,0.6613070539419087,-4.59375,8.9375,0,0,5,61696,,0.0,0.0,5,9,0,61687,35.714285714285715,100.0,0.014587655601659751,5,34,0,61662,12.820512820512821,100.0,0.055108921161825725,5,2169,0,59527,0.22999080036798528,100.0,3.515625
61320,7,100.0,100.0,0.0,6.15625,138,333,/home/jasongao/Data/STU/val/138/velodyne/000333.bin,7,818,0,60502,0.8484848484848485,100.0,1.3339856490541422,-0.98828125,8.25,2,0,5,61320,100.0,28.571428571428573,0.0,7,0,0,61320,100.0,100.0,0.0,7,343,0,60977,2.0,100.0,0.5593607305936074,7,1621,0,59699,0.42997542997543,100.0,2.643509458577952
65037,7,100.0,100.0,0.0,4.15625,138,335,/home/jasongao/Data/STU/val/138/velodyne/000335.bin,7,154,0,64883,4.3478260869565215,100.0,0.2367882897427618,-6.90625,7.9375,1,0,6,65037,100.0,14.285714285714286,0.0,7,0,0,65037,100.0,100.0,0.0,7,1,0,65036,87.5,100.0,0.0015375862970309208,7,1918,0,63119,0.36363636363636365,100.0,2.949090517705306
67203,7,100.0,100.0,0.0,7.34375,138,336,/home/jasongao/Data/STU/val/138/velodyne/000336.bin,7,1137,0,66066,0.6118881118881119,100.0,1.6918887549662962,1.890625,8.375,1,0,6,67203,100.0,14.285714285714286,0.0,7,15,0,67188,31.818181818181817,100.0,0.022320432123565912,7,923,0,66280,0.7526881720430108,100.0,1.3734505900034224,7,3297,0,63906,0.211864406779661,100.0,4.9060309807597875
69626,7,91.23376623376623,99.99876893278783,0.005744980323442393,8.3125,138,337,/home/jasongao/Data/STU/val/138/velodyne/000337.bin,7,594,0,69032,1.1647254575707155,100.0,0.8531295780311953,5.65625,9.6875,2,0,5,69626,100.0,28.571428571428573,0.0,7,89,0,69537,7.291666666666667,100.0,0.12782581219659322,7,129,0,69497,5.147058823529412,100.0,0.18527561543101714,7,2345,0,67281,0.2976190476190476,100.0,3.3679947146181024
70867,10,85.52669552669553,99.99788335896821,0.005644376084778529,5.3125,138,338,/home/jasongao/Data/STU/val/138/velodyne/000338.bin,10,341,0,70526,2.849002849002849,100.0,0.4811830612273696,-4.6875,6.875,0,0,10,70867,,0.0,0.0,10,4,0,70863,71.42857142857143,100.0,0.005644376084778528,10,46,0,70821,17.857142857142858,100.0,0.06491032497495308,10,2655,0,68212,0.37523452157598497,100.0,3.7464546262717486
72589,12,100.0,100.0,0.0,7.125,138,339,/home/jasongao/Data/STU/val/138/velodyne/000339.bin,12,513,0,72076,2.2857142857142856,100.0,0.7067186488310901,-4.46875,10.75,7,0,5,72589,100.0,58.333333333333336,0.0,12,0,0,72589,100.0,100.0,0.0,12,44,0,72545,21.428571428571427,100.0,0.06061524473405061,12,3027,0,69562,0.39486673247778875,100.0,4.170053313862982
73378,9,90.85858585858585,99.99863719370929,0.004088418872141514,5.9375,138,340,/home/jasongao/Data/STU/val/138/velodyne/000340.bin,9,92,0,73286,8.910891089108912,100.0,0.12537817874567309,-7.46875,9.75,4,0,5,73378,100.0,44.44444444444444,0.0,9,4,0,73374,69.23076923076923,100.0,0.005451225162855352,9,11,0,73367,45.0,100.0,0.014990869197852218,9,1932,0,71446,0.46367851622874806,100.0,2.632941753659135
73651,8,100.0,100.0,0.0,6.78125,138,341,/home/jasongao/Data/STU/val/138/velodyne/000341.bin,8,1735,0,71916,0.4589787722317843,100.0,2.355704606862093,4.5,8.6875,4,0,4,73651,100.0,50.0,0.0,8,154,0,73497,4.938271604938271,100.0,0.20909424176182265,8,861,0,72790,0.9205983889528193,100.0,1.1690268971229176,8,4792,0,68859,0.16666666666666666,100.0,6.506361081315936
75984,8,91.59722222222221,99.99901295009475,0.0026321330806485573,5.5625,138,342,/home/jasongao/Data/STU/val/138/velodyne/000342.bin,8,1160,0,74824,0.684931506849315,100.0,1.5266371867761634,-1.9140625,11.0625,5,0,3,75984,100.0,62.5,0.0,8,3,0,75981,72.72727272727273,100.0,0.003948199620972836,8,366,0,75618,2.1390374331550803,100.0,0.48168035375868606,8,2627,0,73357,0.3036053130929791,100.0,3.4573068014318804
79690,12,96.46464646464646,99.99937256870372,0.005019450370184465,6.375,138,343,/home/jasongao/Data/STU/val/138/velodyne/000343.bin,12,1680,0,78010,0.7092198581560284,100.0,2.108169155477475,-1.3203125,10.0,6,0,6,79690,100.0,50.0,0.0,12,9,0,79681,57.142857142857146,100.0,0.011293763332915046,12,373,0,79317,3.116883116883117,100.0,0.4680637470197013,12,3871,0,75819,0.3090394025238218,100.0,4.857573095746016
83236,11,63.83598125549837,99.91349896679321,0.45773463405257336,6.3125,138,344,/home/jasongao/Data/STU/val/138/velodyne/000344.bin,11,1626,0,81610,0.6719609040928528,100.0,1.953481666586573,8.4375,10.375,7,3,4,83233,70.0,63.63636363636363,0.0036042097169493967,11,628,0,82608,1.7214397496087637,100.0,0.7544812340814071,11,1024,0,82212,1.0628019323671498,100.0,1.2302369167187275,11,3411,0,79825,0.32144944476914084,100.0,4.097986448171464
86432,10,78.29390217625512,99.99531423546834,0.02776749352091818,4.46875,138,345,/home/jasongao/Data/STU/val/138/velodyne/000345.bin,10,1973,0,84459,0.5042864346949067,100.0,2.282719363198815,2.15625,9.25,2,0,8,86432,100.0,20.0,0.0,10,36,0,86396,21.73913043478261,100.0,0.04165124028137727,10,660,0,85772,1.492537313432836,100.0,0.7636060718252499,10,4836,0,81596,0.20635575732562939,100.0,5.595149944465013
89860,14,100.0,100.0,0.0,9.8125,138,346,/home/jasongao/Data/STU/val/138/velodyne/000346.bin,14,381,0,89479,3.5443037974683542,100.0,0.42399287780992656,-3.859375,13.9375,13,0,1,89860,100.0,92.85714285714286,0.0,14,8,0,89852,63.63636363636363,100.0,0.00890273759180948,14,77,0,89783,15.384615384615385,100.0,0.08568884932116626,14,3139,0,86721,0.44402156676181415,100.0,3.4932116625862455
92658,11,100.0,100.0,0.0,7.40625,138,347,/home/jasongao/Data/STU/val/138/velodyne/000347.bin,11,175,0,92483,5.913978494623656,100.0,0.18886658464460704,-6.375,12.1875,7,0,4,92658,100.0,63.63636363636363,0.0,11,1,0,92657,91.66666666666667,100.0,0.0010792376265406117,11,36,0,92622,23.404255319148938,100.0,0.03885255455546202,11,2064,0,90594,0.5301204819277109,100.0,2.2275464611798226
94444,14,98.1203007518797,99.99962184695997,0.005294142560670873,6.125,138,348,/home/jasongao/Data/STU/val/138/velodyne/000348.bin,14,90,0,94354,13.461538461538462,100.0,0.09529456609207573,-8.125,12.4375,13,0,1,94444,100.0,92.85714285714286,0.0,14,6,0,94438,70.0,100.0,0.006352971072805048,14,27,0,94417,34.146341463414636,100.0,0.02858836982762272,14,1172,0,93272,1.1804384485666104,100.0,1.2409470162212528
95364,14,95.99307555189908,99.99943824264324,0.003145841197936328,7.0625,138,349,/home/jasongao/Data/STU/val/138/velodyne/000349.bin,14,82,0,95282,14.583333333333334,100.0,0.0859863260769263,-8.3125,10.0625,8,0,6,95364,100.0,57.142857142857146,0.0,14,16,0,95348,46.666666666666664,100.0,0.016777819722327083,14,33,0,95331,29.78723404255319,100.0,0.03460425317729961,14,1772,0,93592,0.7838745800671892,100.0,1.8581435342477246
96772,17,98.66310160427807,99.99969607154233,0.005166783780432356,6.71875,138,350,/home/jasongao/Data/STU/val/138/velodyne/000350.bin,17,147,0,96625,10.365853658536585,100.0,0.15190344314471127,-7.21875,11.5625,13,0,4,96772,100.0,76.47058823529412,0.0,17,8,0,96764,68.0,100.0,0.00826685404869177,17,44,0,96728,27.868852459016395,100.0,0.04546769726780474,17,1591,0,95181,1.0572139303482586,100.0,1.6440705989335758
98696,13,100.0,100.0,0.0,7.5,138,351,/home/jasongao/Data/STU/val/138/velodyne/000351.bin,13,340,0,98356,3.68271954674221,100.0,0.3444921780011348,-3.75,11.875,9,0,4,98696,100.0,69.23076923076923,0.0,13,8,0,98688,61.904761904761905,100.0,0.008105698305909055,13,91,0,98605,12.5,100.0,0.09220231822971549,13,2539,0,96157,0.5094043887147336,100.0,2.572545999837886
97432,16,95.81962719298247,99.99910193776171,0.008210854749979473,6.90625,138,352,/home/jasongao/Data/STU/val/138/velodyne/000352.bin,16,894,0,96538,1.7582417582417582,100.0,0.9175630183102061,1.8203125,12.25,11,0,5,97432,100.0,68.75,0.0,16,24,0,97408,40.0,100.0,0.02463256424993842,16,625,0,96807,2.49609984399376,100.0,0.6414730273421463,16,2559,0,94873,0.6213592233009708,100.0,2.6264471631496837
96983,20,91.98227651784659,99.9985822257509,0.003093325634389532,8.75,138,353,/home/jasongao/Data/STU/val/138/velodyne/000353.bin,20,273,0,96710,6.825938566552901,100.0,0.2814926327294474,-5.84375,11.3125,15,3,5,96980,83.33333333333333,75.0,0.0030933256343895323,20,6,0,96977,76.92307692307692,100.0,0.006186651268779065,20,24,0,96959,45.45454545454545,100.0,0.02474660507511626,20,1916,0,95067,1.0330578512396693,100.0,1.9756039718301146
96406,20,97.04924242424242,99.99927390411383,0.005186399186772607,7.34375,138,354,/home/jasongao/Data/STU/val/138/velodyne/000354.bin,20,583,0,95823,3.316749585406302,100.0,0.6047341451776861,0.0986328125,10.8125,14,0,6,96406,100.0,70.0,0.0,20,11,0,96395,64.51612903225806,100.0,0.011410078210899736,20,356,0,96050,5.319148936170213,100.0,0.36927162209820963,20,2141,0,94265,0.9254974548819991,100.0,2.2208161317760307
96767,19,92.91979949874687,99.99586635939939,0.0392695857058708,2.921875,138,355,/home/jasongao/Data/STU/val/138/velodyne/000355.bin,19,519,0,96248,3.5315985130111525,100.0,0.5363398679301828,0.30078125,10.75,14,0,5,96767,100.0,73.6842105263158,0.0,18,38,1,96729,32.142857142857146,94.73684210526316,0.0392695857058708,19,293,0,96474,6.089743589743589,100.0,0.302789173995267,19,1944,0,94823,0.9679062659195109,100.0,2.0089493319003378
100526,20,99.76190476190476,99.99995026162387,0.0009947675228299147,6.4375,138,356,/home/jasongao/Data/STU/val/138/velodyne/000356.bin,20,631,0,99895,3.0721966205837172,100.0,0.6276983069056762,1.40625,10.625,15,0,5,100526,100.0,75.0,0.0,20,14,0,100512,58.8235294117647,100.0,0.013926745319618804,20,451,0,100075,4.246284501061571,100.0,0.4486401527962915,20,2011,0,98515,0.9847365829640571,100.0,2.0004774884109584
101851,25,98.11693301448854,99.99960726944262,0.000981826393457109,8.3125,138,357,/home/jasongao/Data/STU/val/138/velodyne/000357.bin,25,204,0,101647,10.91703056768559,100.0,0.2002925842652502,-5.625,12.0,16,1,9,101850,94.11764705882354,64.0,0.000981826393457109,25,10,0,101841,71.42857142857143,100.0,0.00981826393457109,25,65,0,101786,27.77777777777778,100.0,0.06381871557471208,25,1429,0,100422,1.71939477303989,100.0,1.4030299162502087
101745,26,97.82622852350893,99.99947077346458,0.0019656985601258048,7.90625,138,358,/home/jasongao/Data/STU/val/138/velodyne/000358.bin,26,103,0,101642,20.155038759689923,100.0,0.10123347584647895,-7.9375,11.125,17,0,9,101745,100.0,65.38461538461539,0.0,26,12,0,101733,68.42105263157895,100.0,0.011794191360754828,26,39,0,101706,40.0,100.0,0.03833112192245319,26,1210,0,100535,2.103559870550162,100.0,1.1892476288761118
102363,26,95.25494012716206,99.99872249513233,0.005861492922247297,6.40625,138,359,/home/jasongao/Data/STU/val/138/velodyne/000359.bin,26,148,0,102215,14.942528735632184,100.0,0.14458349208209997,-6.9375,11.125,18,0,8,102363,100.0,69.23076923076923,0.0,26,6,0,102357,81.25,100.0,0.005861492922247296,26,36,0,102327,41.935483870967744,100.0,0.03516895753348378,26,1278,0,101085,1.9938650306748467,100.0,1.248497992438674
102784,31,97.13756664677365,99.99905847025269,0.006810398505603985,7.90625,138,360,/home/jasongao/Data/STU/val/138/velodyne/000360.bin,31,103,0,102681,23.134328358208954,100.0,0.10021014943960149,-7.96875,14.0625,27,4,4,102780,87.09677419354838,87.09677419354838,0.003891656288916563,31,10,0,102774,75.60975609756098,100.0,0.009729140722291408,31,38,0,102746,44.927536231884055,100.0,0.03697073474470735,31,1070,0,101714,2.815622161671208,100.0,1.0410180572851806
102908,36,99.85380116959064,99.99994601434723,0.0,11.5,138,361,/home/jasongao/Data/STU/val/138/velodyne/000361.bin,36,161,0,102747,18.274111675126903,100.0,0.15645042173591947,-5.6875,17.125,35,0,1,102908,100.0,97.22222222222223,0.0,36,4,0,102904,90.0,100.0,0.003886966999650173,36,82,0,102826,30.508474576271187,100.0,0.07968282349282854,36,1153,0,101755,3.027754415475189,100.0,1.1204182376491623
102571,39,99.87492182614133,99.99995000336227,0.0,7.90625,138,362,/home/jasongao/Data/STU/val/138/velodyne/000362.bin,39,113,0,102458,25.657894736842106,100.0,0.11016759122948981,-7.34375,16.875,36,0,3,102571,100.0,92.3076923076923,0.0,39,7,0,102564,84.78260869565217,100.0,0.006824541049614413,39,34,0,102537,53.42465753424658,100.0,0.033147770812412866,39,1476,0,101095,2.5742574257425743,100.0,1.439003227032982
101430,45,99.31066335176689,99.99969327505559,0.0029577048210588583,5.375,138,363,/home/jasongao/Data/STU/val/138/velodyne/000363.bin,45,190,0,101240,19.148936170212767,100.0,0.1873213053337277,-6.125,15.4375,34,0,11,101430,100.0,75.55555555555556,0.0,45,5,0,101425,90.0,100.0,0.004929508035098097,45,57,0,101373,44.11764705882353,100.0,0.05619639160011831,45,1876,0,99554,2.342529932326913,100.0,1.8495514147688061
101449,46,99.81385213190505,99.99991428548164,0.000985716961231752,9.4375,138,364,/home/jasongao/Data/STU/val/138/velodyne/000364.bin,46,160,0,101289,22.33009708737864,100.0,0.1577147137970803,-5.78125,17.875,43,0,3,101449,100.0,93.47826086956522,0.0,46,5,0,101444,90.19607843137256,100.0,0.004928584806158759,46,75,0,101374,38.01652892561984,100.0,0.0739287720923814,46,1086,0,100363,4.063604240282685,100.0,1.0704886198976826
100423,50,99.25817252758837,99.99968134789839,0.0009957878175318403,10.0,138,365,/home/jasongao/Data/STU/val/138/velodyne/000365.bin,50,158,0,100265,24.03846153846154,100.0,0.15733447517003077,-5.53125,18.375,47,1,3,100422,97.91666666666667,94.0,0.0009957878175318403,50,12,0,100411,80.64516129032258,100.0,0.011949453810382083,50,71,0,100352,41.32231404958678,100.0,0.07070093504476066,50,1370,0,99053,3.5211267605633805,100.0,1.3642293100186211
100002,60,99.25109433650982,99.99957500849983,0.002999940001199976,11.4375,138,366,/home/jasongao/Data/STU/val/138/velodyne/000366.bin,60,146,0,99856,29.12621359223301,100.0,0.14599708005839884,-6.8125,18.625,59,5,1,99997,92.1875,98.33333333333333,0.00499990000199996,60,13,0,99989,82.1917808219178,100.0,0.012999740005199895,60,36,0,99966,62.5,100.0,0.03599928001439971,60,1461,0,98541,3.9447731755424065,100.0,1.4609707805843883
99112,65,98.85277602965319,99.99937134058128,0.0020179191218015983,9.6875,138,367,/home/jasongao/Data/STU/val/138/velodyne/000367.bin,65,140,0,98972,31.70731707317073,100.0,0.14125433852611188,-6.5,14.0625,61,2,4,99110,96.82539682539682,93.84615384615384,0.0020179191218015983,65,8,0,99104,89.04109589041096,100.0,0.008071676487206393,65,42,0,99070,60.74766355140187,100.0,0.04237630155783356,65,1292,0,97820,4.789977892409727,100.0,1.3035757526838325
98719,74,99.5520754082398,99.99960986726452,0.0,9.5,138,368,/home/jasongao/Data/STU/val/138/velodyne/000368.bin,74,106,0,98613,41.111111111111114,100.0,0.1073754798974868,-7.5625,14.8125,70,0,4,98719,100.0,94.5945945945946,0.0,74,22,0,98697,77.08333333333333,100.0,0.022285476959855752,74,47,0,98672,61.15702479338843,100.0,0.04760988259605547,74,1108,0,97611,6.260575296108291,100.0,1.1223776577963716
98624,92,99.54341782861168,99.9995536407048,0.0030418559377027904,7.25,138,369,/home/jasongao/Data/STU/val/138/velodyne/000369.bin,92,227,0,98397,28.84012539184953,100.0,0.23016709928617782,-3.921875,14.25,81,0,11,98624,100.0,88.04347826086956,0.0,92,25,0,98599,78.63247863247864,100.0,0.025348799480856585,92,92,0,98532,50.0,100.0,0.09328358208955224,92,1901,0,96723,4.616156547917712,100.0,1.9275227125243348
98703,105,97.36388140845727,99.99748162235626,0.008105123451161565,7.84375,138,370,/home/jasongao/Data/STU/val/138/velodyne/000370.bin,105,227,0,98476,31.626506024096386,100.0,0.22998287792670943,-2.859375,15.375,94,6,11,98697,94.0,89.52380952380952,0.006078842588371174,103,24,2,98679,81.10236220472441,98.0952380952381,0.024315370353484696,105,109,0,98594,49.06542056074766,100.0,0.11043230702207633,105,1563,0,97140,6.294964028776978,100.0,1.583538494270691
98156,120,99.17040214304242,99.9990024382955,0.008150291372916582,7.875,138,371,/home/jasongao/Data/STU/val/138/velodyne/000371.bin,120,316,0,97840,27.522935779816514,100.0,0.321936509230205,-4.4375,14.0,109,3,11,98153,97.32142857142857,90.83333333333333,0.003056359264843718,120,19,0,98137,86.33093525179856,100.0,0.01935694201067688,120,75,0,98081,61.53846153846154,100.0,0.07640898162109296,120,1950,0,96206,5.797101449275362,100.0,1.9866335221484168
97107,141,99.75591520877455,99.99966769127306,0.003089375637183725,11.5,138,372,/home/jasongao/Data/STU/val/138/velodyne/000372.bin,141,160,0,96947,46.84385382059801,100.0,0.16476670064979868,-6.09375,14.8125,140,4,1,97103,97.22222222222223,99.29078014184397,0.004119167516244967,141,21,0,97086,87.03703703703704,100.0,0.021625629460286077,141,70,0,97037,66.82464454976304,100.0,0.07208543153428693,141,1477,0,95630,8.714462299134734,100.0,1.521002605373454
96768,77,100.0,99.99999999999999,0.0,9.25,138,373,/home/jasongao/Data/STU/val/138/velodyne/000373.bin,77,78,0,96690,49.67741935483871,100.0,0.08060515873015874,-8.5625,14.1875,68,0,9,96768,100.0,88.31168831168831,0.0,77,0,0,96768,100.0,100.0,0.0,77,8,0,96760,90.58823529411765,100.0,0.008267195767195767,77,1222,0,95546,5.9276366435719785,100.0,1.2628141534391535
103523,40,100.0,100.0,0.0,11.8125,138,390,/home/jasongao/Data/STU/val/138/velodyne/000390.bin,40,145,0,103378,21.62162162162162,100.0,0.14006549269244517,-6.53125,13.3125,39,0,1,103523,100.0,97.5,0.0,40,0,0,103523,100.0,100.0,0.0,40,37,0,103486,51.94805194805195,100.0,0.03574084985945152,40,1333,0,102190,2.9133284777858703,100.0,1.287636563855375
104331,98,99.76283030218889,99.99971636582862,0.0,10.5,138,391,/home/jasongao/Data/STU/val/138/velodyne/000391.bin,98,233,0,104098,29.60725075528701,100.0,0.22332767825478525,-2.875,13.4375,95,0,3,104331,100.0,96.93877551020408,0.0,98,46,0,104285,68.05555555555556,100.0,0.04409044291725374,98,128,0,104203,43.36283185840708,100.0,0.12268644985670606,98,1331,0,103000,6.857942617214835,100.0,1.275747380931842
104897,83,97.60561190337606,99.998489625681,0.004766580550444722,9.0625,138,392,/home/jasongao/Data/STU/val/138/velodyne/000392.bin,83,172,0,104725,32.549019607843135,100.0,0.16397037093529843,-6.3125,14.6875,77,4,6,104893,95.06172839506173,92.7710843373494,0.0038132644403557777,83,20,0,104877,80.58252427184466,100.0,0.01906632220177889,83,55,0,104842,60.14492753623188,100.0,0.05243238605489194,83,1444,0,103453,5.435494433529797,100.0,1.3765884629684357
105375,75,99.79118920295392,99.99984183471727,0.0,8.25,138,393,/home/jasongao/Data/STU/val/138/velodyne/000393.bin,75,300,0,105075,20.0,100.0,0.2846975088967972,-5.03125,13.1875,68,0,7,105375,100.0,90.66666666666667,0.0,75,17,0,105358,81.52173913043478,100.0,0.01613285883748517,75,66,0,105309,53.191489361702125,100.0,0.06263345195729537,75,1714,0,103661,4.192286193404136,100.0,1.6265717674970344
106033,61,99.8349994934331,99.9999149661573,0.000943102618995973,9.125,138,394,/home/jasongao/Data/STU/val/138/velodyne/000394.bin,61,207,0,105826,22.761194029850746,100.0,0.1952222421321664,-4.96875,15.5,53,0,8,106033,100.0,86.88524590163935,0.0,61,21,0,106012,74.39024390243902,100.0,0.01980515499891543,61,91,0,105942,40.13157894736842,100.0,0.08582233832863354,61,1363,0,104670,4.283707865168539,100.0,1.2854488696915112
107009,51,99.92384585810193,99.99996335290837,0.0,8.625,138,395,/home/jasongao/Data/STU/val/138/velodyne/000395.bin,51,380,0,106629,11.832946635730858,100.0,0.3551103178237345,-3.828125,13.5625,40,0,11,107009,100.0,78.43137254901961,0.0,51,13,0,106996,79.6875,100.0,0.012148510872917231,51,99,0,106910,34.0,100.0,0.0925155828014466,51,1976,0,105033,2.5160335471139614,100.0,1.846573652683419
108075,42,100.0,99.99999999999999,0.0,11.75,138,396,/home/jasongao/Data/STU/val/138/velodyne/000396.bin,42,176,0,107899,19.26605504587156,100.0,0.1628498727735369,-6.5625,13.5,41,0,1,108075,100.0,97.61904761904762,0.0,42,11,0,108064,79.24528301886792,100.0,0.010178117048346057,42,39,0,108036,51.851851851851855,100.0,0.03608605135322693,42,1435,0,106640,2.843601895734597,100.0,1.3277816331251446
109117,39,99.19022058325098,99.9997415148125,0.000916447482976988,9.1875,138,397,/home/jasongao/Data/STU/val/138/velodyne/000397.bin,39,768,0,108349,4.83271375464684,100.0,0.7038316669263268,2.53125,12.625,36,1,3,109116,97.29729729729729,92.3076923076923,0.000916447482976988,39,90,0,109027,30.232558139534884,100.0,0.08248027346792892,39,497,0,108620,7.276119402985074,100.0,0.45547439903956305,39,2203,0,106914,1.7395182872435326,100.0,2.0189338049983045
110326,33,100.0,100.0,0.0,10.6875,138,398,/home/jasongao/Data/STU/val/138/velodyne/000398.bin,33,825,0,109501,3.8461538461538463,100.0,0.7477838406178055,5.46875,13.875,33,2,0,110324,94.28571428571429,100.0,0.0018128093105886191,33,247,0,110079,11.785714285714286,100.0,0.22388194985769447,33,544,0,109782,5.719237435008665,100.0,0.4930841324801044,33,2500,0,107826,1.3028030003947888,100.0,2.266011638235774
111421,32,99.90530303030303,99.99997195322247,0.0,7.875,138,399,/home/jasongao/Data/STU/val/138/velodyne/000399.bin,32,468,0,110953,6.4,100.0,0.4200285404008221,-0.57421875,10.875,22,0,10,111421,100.0,68.75,0.0,32,13,0,111408,71.11111111111111,100.0,0.011667459455578393,32,282,0,111139,10.19108280254777,100.0,0.2530941204979313,32,1838,0,109583,1.7112299465240641,100.0,1.649599267642545
112633,25,100.0,100.0,0.0,10.875,138,400,/home/jasongao/Data/STU/val/138/velodyne/000400.bin,25,161,0,112472,13.440860215053764,100.0,0.1429421217582769,-6.84375,16.875,25,0,0,112633,100.0,100.0,0.0,25,8,0,112625,75.75757575757575,100.0,0.007102714124634876,25,40,0,112593,38.46153846153846,100.0,0.03551357062317438,25,1238,0,111395,1.9794140934283453,100.0,1.0991450107872471
113582,29,97.8393207577396,99.99921065686101,0.011445475515486608,1.765625,138,401,/home/jasongao/Data/STU/val/138/velodyne/000401.bin,29,186,0,113396,13.488372093023257,100.0,0.1637583419908084,-5.46875,12.625,19,0,10,113582,100.0,65.51724137931035,0.0,27,8,2,113574,77.14285714285714,93.10344827586206,0.0070433695479917595,29,75,0,113507,27.884615384615383,100.0,0.06603158951242274,29,1236,0,112346,2.292490118577075,100.0,1.088200595164727
114457,19,100.0,100.0,0.0,7.4375,138,402,/home/jasongao/Data/STU/val/138/velodyne/000402.bin,19,190,0,114267,9.090909090909092,100.0,0.16600120569296767,-6.4375,11.1875,14,0,5,114457,100.0,73.6842105263158,0.0,19,5,0,114452,79.16666666666667,100.0,0.004368452781393886,19,42,0,114415,31.147540983606557,100.0,0.03669500336370864,19,1458,0,112999,1.2863913337846986,100.0,1.2738408310544571
115144,21,99.31869717584003,99.99987593175254,0.0008684777322309456,7.125,138,403,/home/jasongao/Data/STU/val/138/velodyne/000403.bin,21,201,0,114943,9.45945945945946,100.0,0.17456402417842007,-6.28125,13.25,15,0,6,115144,100.0,71.42857142857143,0.0,21,1,0,115143,95.45454545454545,100.0,0.0008684777322309456,21,40,0,115104,34.42622950819672,100.0,0.034739109289237825,21,1953,0,113191,1.0638297872340425,100.0,1.6961370110470368
115485,20,95.43888107936095,99.99943715634065,0.0008659133220764601,7.09375,138,404,/home/jasongao/Data/STU/val/138/velodyne/000404.bin,20,273,0,115212,6.825938566552901,100.0,0.23639433692687362,-4.90625,10.875,15,1,5,115484,93.75,75.0,0.0008659133220764602,20,11,0,115474,64.51612903225806,100.0,0.00952504654284106,20,85,0,115400,19.047619047619047,100.0,0.07360263237649911,20,1526,0,113959,1.2936610608020698,100.0,1.321383729488678
115578,17,100.0,100.0,0.0,8.0625,138,405,/home/jasongao/Data/STU/val/138/velodyne/000405.bin,17,171,0,115407,9.042553191489361,100.0,0.14795203239370813,-7.0625,11.375,11,0,6,115578,100.0,64.70588235294117,0.0,17,6,0,115572,73.91304347826087,100.0,0.0051912993822353735,17,46,0,115532,26.984126984126984,100.0,0.039799961930471195,17,1930,0,113648,0.8731381612737545,100.0,1.6698679679523785
115347,16,100.0,100.0,0.0,8.875,138,406,/home/jasongao/Data/STU/val/138/velodyne/000406.bin,16,354,0,114993,4.324324324324325,100.0,0.30690004941610965,-3.84375,10.1875,9,0,7,115347,100.0,56.25,0.0,16,8,0,115339,66.66666666666667,100.0,0.006935594337087223,16,107,0,115240,13.008130081300813,100.0,0.09276357425854162,16,2169,0,113178,0.7322654462242563,100.0,1.8804130146427736
114972,13,98.85883347421809,99.99986618815551,0.0008697769891799743,9.1875,138,407,/home/jasongao/Data/STU/val/138/velodyne/000407.bin,13,428,0,114544,2.947845804988662,100.0,0.372264551369029,-4.0625,11.75,11,0,2,114972,100.0,84.61538461538461,0.0,13,8,0,114964,61.904761904761905,100.0,0.006958215913439794,13,94,0,114878,12.149532710280374,100.0,0.08175903698291757,13,2056,0,112916,0.6283228612856452,100.0,1.788261489754027
115311,14,97.05586080586082,99.99965930644704,0.001734439905993357,5.375,138,408,/home/jasongao/Data/STU/val/138/velodyne/000408.bin,14,384,0,114927,3.5175879396984926,100.0,0.33301246195072454,-3.8125,9.0,4,0,10,115311,100.0,28.571428571428573,0.0,14,3,0,115308,82.3529411764706,100.0,0.0026016598589900354,14,107,0,115204,11.570247933884298,100.0,0.0927925349706446,14,1926,0,113385,0.7216494845360825,100.0,1.670265629471603
116147,13,100.0,100.0,0.0,6.0625,138,409,/home/jasongao/Data/STU/val/138/velodyne/000409.bin,13,337,0,115810,3.7142857142857144,100.0,0.2901495518610037,-4.9375,9.125,5,0,8,116147,100.0,38.46153846153846,0.0,13,1,0,116146,92.85714285714286,100.0,0.0008609778986973405,13,70,0,116077,15.662650602409638,100.0,0.06026845290881383,13,1841,0,114306,0.7011866235167206,100.0,1.5850603115018038
116469,11,100.0,100.0,0.0,10.375,138,410,/home/jasongao/Data/STU/val/138/velodyne/000410.bin,11,199,0,116270,5.238095238095238,100.0,0.17086091578016468,-6.6875,11.0625,11,0,0,116469,100.0,100.0,0.0,11,4,0,116465,73.33333333333333,100.0,0.0034343902669379837,11,29,0,116440,27.5,100.0,0.02489932943530038,11,1713,0,114756,0.6380510440835266,100.0,1.4707776318161914
116526,10,99.0909090909091,99.99995709112129,0.0008581775741036335,9.3125,138,411,/home/jasongao/Data/STU/val/138/velodyne/000411.bin,10,211,0,116315,4.524886877828054,100.0,0.18107546813586667,-6.53125,10.4375,9,0,1,116526,100.0,90.0,0.0,10,4,0,116522,71.42857142857143,100.0,0.0034327102964145343,10,27,0,116499,27.027027027027028,100.0,0.023170794500798106,10,1746,0,114780,0.5694760820045558,100.0,1.4983780443849442
116294,11,100.0,100.0,0.0,7.4375,138,412,/home/jasongao/Data/STU/val/138/velodyne/000412.bin,11,171,0,116123,6.043956043956044,100.0,0.14704111992020225,-6.5625,10.8125,6,0,5,116294,100.0,54.54545454545455,0.0,11,5,0,116289,68.75,100.0,0.004299447950883106,11,31,0,116263,26.19047619047619,100.0,0.02665657729547526,11,1487,0,114807,0.7343124165554072,100.0,1.278655820592636
115823,11,99.24242424242425,99.99992151032964,0.0008633863740362451,5.84375,138,413,/home/jasongao/Data/STU/val/138/velodyne/000413.bin,11,174,0,115649,5.945945945945946,100.0,0.15022922908230663,-7.09375,9.375,4,0,7,115823,100.0,36.36363636363637,0.0,11,5,0,115818,68.75,100.0,0.004316931870181224,11,21,0,115802,34.375,100.0,0.018131113854761145,11,1709,0,114114,0.6395348837209303,100.0,1.4755273132279427
115372,10,92.83119658119658,99.99930659085393,0.0026002842977498873,4.4375,138,414,/home/jasongao/Data/STU/val/138/velodyne/000414.bin,10,247,0,115125,3.8910505836575875,100.0,0.21409007384807405,-4.96875,8.875,2,0,8,115372,100.0,20.0,0.0,10,6,0,115366,62.5,100.0,0.0052005685954997745,10,85,0,115287,10.526315789473685,100.0,0.07367472176958013,10,1514,0,113858,0.6561679790026247,100.0,1.3122768089311099
114878,7,100.0,100.0,0.0,6.75,138,415,/home/jasongao/Data/STU/val/138/velodyne/000415.bin,7,311,0,114567,2.20125786163522,100.0,0.27072198332143665,-4.375,8.5625,0,0,7,114878,,0.0,0.0,7,5,0,114873,58.333333333333336,100.0,0.004352443461759432,7,74,0,114804,8.641975308641975,100.0,0.06441616323403959,7,2267,0,112611,0.30782761653474056,100.0,1.9733978655617264
114420,7,71.21212121212122,99.99425674832074,0.02272330012235623,3.03125,138,416,/home/jasongao/Data/STU/val/138/velodyne/000416.bin,7,635,0,113785,1.0903426791277258,100.0,0.5549729068344695,0.953125,5.40625,0,0,7,114420,,0.0,0.0,7,27,0,114393,20.58823529411765,100.0,0.023597273203985317,7,318,0,114102,2.1538461538461537,100.0,0.2779234399580493,7,2798,0,111622,0.24955436720142601,100.0,2.445376682398182
113679,5,3.3617952748857904,99.92065377070524,0.10644006368810423,-4.125,138,418,/home/jasongao/Data/STU/val/138/velodyne/000418.bin,5,427,0,113252,1.1574074074074074,100.0,0.3756190677257893,-3.921875,-3.6875,0,0,5,113679,,0.0,0.0,0,3,5,113676,0.0,0.0,0.002639009843506716,2,105,3,113574,1.8691588785046729,40.0,0.09236534452273507,5,2553,0,111126,0.19546520719311963,100.0,2.2457973768242154
113473,10,100.0,99.99999999999999,0.0,5.34375,138,419,/home/jasongao/Data/STU/val/138/velodyne/000419.bin,10,350,0,113123,2.7777777777777777,100.0,0.30844341825808785,-4.78125,6.6875,0,0,10,113473,,0.0,0.0,10,5,0,113468,66.66666666666667,100.0,0.004406334546544112,10,70,0,113403,12.5,100.0,0.06168868365161757,10,2729,0,110744,0.36509675063891933,100.0,2.404977395503776
113329,8,98.61111111111111,99.99988970166505,0.0008823866794906864,2.59375,138,420,/home/jasongao/Data/STU/val/138/velodyne/000420.bin,8,407,0,112922,1.927710843373494,100.0,0.3591313785527094,-4.8125,4.3125,0,0,8,113329,,0.0,0.0,7,0,1,113329,100.0,87.5,0.0,8,66,0,113263,10.81081081081081,100.0,0.0582375208463853,8,2700,0,110629,0.29542097488921715,100.0,2.382444034624853
113050,7,66.65293040293041,99.9968408415998,0.00796107916850951,0.482421875,138,423,/home/jasongao/Data/STU/val/138/velodyne/000423.bin,7,373,0,112677,1.8421052631578947,100.0,0.32994250331711633,-3.65625,1.4375,0,0,7,113050,,0.0,0.0,0,0,7,113050,,0.0,0.0,7,114,0,112936,5.785123966942149,100.0,0.10084033613445378,7,2473,0,110577,0.28225806451612906,100.0,2.187527642636002
113019,8,66.12959956709956,99.9977879825516,0.002654420938072359,1.625,138,424,/home/jasongao/Data/STU/val/138/velodyne/000424.bin,8,245,0,112774,3.1620553359683794,100.0,0.21677770994257603,-4.875,2.609375,0,0,8,113019,,0.0,0.0,1,2,7,113017,33.333333333333336,12.5,0.0017696139587149062,8,94,0,112925,7.8431372549019605,100.0,0.0831718560596006,8,2797,0,110222,0.28520499108734404,100.0,2.4748051212627966
112855,5,28.939393939393938,99.99344291347303,0.013291391608701433,1.9296875,138,425,/home/jasongao/Data/STU/val/138/velodyne/000425.bin,5,374,0,112481,1.3192612137203166,100.0,0.3313986974436223,-4.25,3.90625,0,0,5,112855,,0.0,0.0,4,12,1,112843,25.0,80.0,0.010633113286961145,5,91,0,112764,5.208333333333333,100.0,0.08063444242612201,5,3928,0,108927,0.12712941774726672,100.0,3.480572415931948
112194,7,0.8490526145399648,99.59394314440038,0.7585075850758507,-6.71875,138,427,/home/jasongao/Data/STU/val/138/velodyne/000427.bin,7,1397,0,110797,0.4985754985754986,100.0,1.245164625559299,-3.59375,-5.5,0,0,7,112194,,0.0,0.0,0,0,7,112194,,0.0,0.0,0,119,7,112075,0.0,0.0,0.10606627805408489,7,4748,0,107446,0.14721345951629863,100.0,4.231955363031891
111727,8,100.0,100.0,0.0,6.21875,138,428,/home/jasongao/Data/STU/val/138/velodyne/000428.bin,8,963,0,110764,0.82389289392379,100.0,0.8619223643344939,-3.390625,7.65625,0,0,8,111727,,0.0,0.0,8,13,0,111714,38.095238095238095,100.0,0.011635504399115702,8,130,0,111597,5.797101449275362,100.0,0.11635504399115702,8,4706,0,107021,0.1697072549851506,100.0,4.212052592479884
111306,5,0.7310168135444104,99.61340808222377,0.8409250175192713,-7.03125,138,430,/home/jasongao/Data/STU/val/138/velodyne/000430.bin,5,1200,0,110106,0.4149377593360996,100.0,1.0781089968195785,0.494140625,-2.859375,0,0,5,111306,,0.0,0.0,0,31,5,111275,0.0,0.0,0.027851149084505776,3,351,2,110955,0.847457627118644,60.0,0.3153468815697267,5,4177,0,107129,0.11956001912960305,100.0,3.752717733096149
110953,6,7.61275112874155,99.96409891275285,0.042360278676556735,-0.58203125,138,431,/home/jasongao/Data/STU/val/138/velodyne/000431.bin,6,1333,0,109620,0.4480955937266617,100.0,1.201409605869152,-2.96875,-0.18359375,0,0,6,110953,,0.0,0.0,0,7,6,110946,0.0,0.0,0.006308977675231855,6,191,0,110762,3.045685279187817,100.0,0.17214496228132634,6,4464,0,106489,0.1342281879194631,100.0,4.023325191747857
110006,5,0.3974619679775972,99.35667145428431,0.8372270603421631,-6.0,138,433,/home/jasongao/Data/STU/val/138/velodyne/000433.bin,5,1439,0,108567,0.3462603878116344,100.0,1.3081104667018162,-1.828125,-5.0625,0,0,5,110006,,0.0,0.0,0,1,5,110005,0.0,0.0,0.0009090413250186354,0,440,5,109566,0.0,0.0,0.39997818300819954,5,4877,0,105129,0.10241704219582139,100.0,4.4333945421158845
108204,5,100.0,100.0,0.0,8.25,138,437,/home/jasongao/Data/STU/val/138/velodyne/000437.bin,5,672,0,107532,0.7385524372230429,100.0,0.6210491294222025,-2.71875,8.875,0,0,5,108204,,0.0,0.0,5,5,0,108199,50.0,100.0,0.0046209012605818636,5,177,0,108027,2.7472527472527473,100.0,0.16357990462459798,5,4186,0,104018,0.11930326890956812,100.0,3.8686185353591362
104252,5,0.6120958508377408,99.55761040555576,0.5275678164447685,-6.71875,138,443,/home/jasongao/Data/STU/val/138/velodyne/000443.bin,5,808,0,103444,0.6150061500615006,100.0,0.7750450830679507,-2.546875,-6.0625,0,0,5,104252,,0.0,0.0,0,0,5,104252,,0.0,0.0,0,189,5,104063,0.0,0.0,0.1812914860146568,5,4664,0,99588,0.10708931248661384,100.0,4.4737750834516365
86456,6,28.07905602023249,99.97686684556307,0.04395299343018414,9.1875,139,297,/home/jasongao/Data/STU/val/139/velodyne/000297.bin,6,585,0,85871,1.015228426395939,100.0,0.6766447672804664,7.84375,10.1875,4,23,2,86433,14.814814814814815,66.66666666666667,0.026603127602479876,6,264,0,86192,2.2222222222222223,100.0,0.30535763856759507,6,409,0,86047,1.4457831325301205,100.0,0.473073008235403,6,2173,0,84283,0.27535566773749426,100.0,2.5134172295734247
82757,5,0.39257916897130574,99.0957864591515,0.9461435286441026,2.125,139,304,/home/jasongao/Data/STU/val/139/velodyne/000304.bin,5,1271,0,81486,0.39184952978056425,100.0,1.5358217431758039,9.6875,2.4375,0,68,5,82689,0.0,0.0,0.082168275795401,0,709,5,82048,0.0,0.0,0.8567251108667545,5,979,0,81778,0.508130081300813,100.0,1.182981500054376,5,2724,0,80033,0.18321729571271528,100.0,3.2915644598040044
83015,5,0.6637970885691281,99.48732156839125,0.7203517436607842,-10.0,139,306,/home/jasongao/Data/STU/val/139/velodyne/000306.bin,0,327,5,82688,0.0,0.0,0.39390471601517796,-3.296875,-8.6875,0,0,5,83015,,0.0,0.0,0,6,5,83009,0.0,0.0,0.007227609468168404,0,94,5,82921,0.0,0.0,0.11323254833463832,5,2300,0,80715,0.21691973969631237,100.0,2.7705836294645545
83662,6,0.57511510660111,99.3062362044098,0.8151849107121513,-2.671875,139,307,/home/jasongao/Data/STU/val/139/velodyne/000307.bin,6,1401,0,82261,0.42643923240938164,100.0,1.674595395759126,2.96875,-2.078125,0,0,6,83662,,0.0,0.0,0,84,6,83578,0.0,0.0,0.10040400659797757,6,761,0,82901,0.7822685788787483,100.0,0.9096124883459635,6,3537,0,80125,0.1693480101608806,100.0,4.227725849250556
85325,5,0.8666315993331049,99.5913272780545,0.5531790213888075,-6.03125,139,309,/home/jasongao/Data/STU/val/139/velodyne/000309.bin,5,645,0,84680,0.7692307692307693,100.0,0.7559331966012306,-1.5703125,-4.03125,0,0,5,85325,,0.0,0.0,0,7,5,85318,0.0,0.0,0.008203926164664518,2,312,3,85013,0.6369426751592356,40.0,0.3656607090536185,5,2331,0,82994,0.21404109589041095,100.0,2.7319074128332845
87239,5,56.3594470046083,99.94131065234585,0.17194144820550442,-7.21875,139,311,/home/jasongao/Data/STU/val/139/velodyne/000311.bin,5,197,0,87042,2.4752475247524752,100.0,0.2258164353098958,-6.28125,-0.41796875,0,0,5,87239,,0.0,0.0,0,0,5,87239,,0.0,0.0,3,23,2,87216,11.538461538461538,60.0,0.026364355391510677,5,2610,0,84629,0.19120458891013384,100.0,2.9917811987757768
85496,6,91.07142857142857,99.99931770687128,0.0023392907270515582,2.765625,139,312,/home/jasongao/Data/STU/val/139/velodyne/000312.bin,6,103,0,85393,5.504587155963303,100.0,0.12047347244315523,-7.4375,4.8125,0,0,6,85496,,0.0,0.0,5,2,1,85494,71.42857142857143,83.33333333333333,0.002339290727051558,6,27,0,85469,18.181818181818183,100.0,0.03158042481519603,6,2047,0,83449,0.2922552362396493,100.0,2.3942640591372695
84886,6,100.0,100.0,0.0,9.125,139,313,/home/jasongao/Data/STU/val/139/velodyne/000313.bin,6,520,0,84366,1.1406844106463878,100.0,0.6125862922036613,-3.53125,10.125,4,0,2,84886,100.0,66.66666666666667,0.0,6,1,0,84885,85.71428571428571,100.0,0.001178050561930118,6,90,0,84796,6.25,100.0,0.10602455057371063,6,3429,0,81457,0.17467248908296942,100.0,4.039535376858375
86199,6,100.0,100.0,0.0,8.6875,139,314,/home/jasongao/Data/STU/val/139/velodyne/000314.bin,6,1262,0,84937,0.47318611987381703,100.0,1.4640541073562339,1.9140625,9.875,3,0,3,86199,100.0,50.0,0.0,6,36,0,86163,14.285714285714286,100.0,0.041763825566421886,6,670,0,85529,0.8875739644970414,100.0,0.7772711980417406,6,3112,0,83087,0.19243104554201412,100.0,3.610250698964025
89038,7,100.0,100.0,0.0,5.0625,139,315,/home/jasongao/Data/STU/val/139/velodyne/000315.bin,7,906,0,88132,0.7667031763417306,100.0,1.0175430714975628,-0.46484375,9.6875,2,0,5,89038,100.0,28.571428571428573,0.0,7,3,0,89035,70.0,100.0,0.003369347918866102,7,448,0,88590,1.5384615384615385,100.0,0.5031559558840046,7,3413,0,85625,0.2046783625730994,100.0,3.8331948156966686
86716,8,77.13789682539682,99.99884681027723,0.0011531897227731907,6.90625,139,316,/home/jasongao/Data/STU/val/139/velodyne/000316.bin,8,284,0,86432,2.73972602739726,100.0,0.3275058812675861,-1.765625,7.8125,1,1,7,86715,50.0,12.5,0.0011531897227731907,8,9,0,86707,47.05882352941177,100.0,0.010378707504958716,8,156,0,86560,4.878048780487805,100.0,0.17989759675261774,8,1381,0,85335,0.5759539236861051,100.0,1.5925550071497763
84248,6,100.0,100.0,0.0,8.6875,139,317,/home/jasongao/Data/STU/val/139/velodyne/000317.bin,6,139,0,84109,4.137931034482759,100.0,0.16498907985946254,-6.34375,9.125,0,0,6,84248,,0.0,0.0,6,1,0,84247,85.71428571428571,100.0,0.0011869717975500902,6,42,0,84206,12.5,100.0,0.04985281549710379,6,972,0,83276,0.6134969325153374,100.0,1.1537365872186878
82199,6,100.0,99.99999999999999,0.0,9.0,139,318,/home/jasongao/Data/STU/val/139/velodyne/000318.bin,6,353,0,81846,1.6713091922005572,100.0,0.42944561369359724,-3.8125,9.9375,3,0,3,82199,100.0,50.0,0.0,6,5,0,82194,54.54545454545455,100.0,0.006082799060815825,6,75,0,82124,7.407407407407407,100.0,0.09124198591223738,6,2709,0,79490,0.22099447513812154,100.0,3.295660531150014
80698,12,100.0,100.0,0.0,8.625,139,319,/home/jasongao/Data/STU/val/139/velodyne/000319.bin,12,583,0,80115,2.0168067226890756,100.0,0.7224466529529852,-3.65625,10.1875,7,0,5,80698,100.0,58.333333333333336,0.0,12,0,0,80698,100.0,100.0,0.0,12,83,0,80615,12.631578947368421,100.0,0.10285261096929292,12,2261,0,78437,0.5279366476022878,100.0,2.8018042578502564
81217,11,100.0,100.00000000000003,0.0,6.9375,139,320,/home/jasongao/Data/STU/val/139/velodyne/000320.bin,11,601,0,80616,1.7973856209150327,100.0,0.7399928586379699,-3.734375,8.75,1,0,10,81217,100.0,9.090909090909092,0.0,11,0,0,81217,100.0,100.0,0.0,11,79,0,81138,12.222222222222221,100.0,0.09727027592745362,11,2618,0,78599,0.41841004184100417,100.0,3.2234630680768803
83283,7,96.82539682539682,99.99965693564627,0.002401450476087557,2.859375,139,321,/home/jasongao/Data/STU/val/139/velodyne/000321.bin,7,587,0,82696,1.1784511784511784,100.0,0.704825714731698,-3.4375,7.25,0,0,7,83283,,0.0,0.0,6,2,1,83281,75.0,85.71428571428571,0.002401450476087557,7,97,0,83186,6.730769230769231,100.0,0.1164703480902465,7,2702,0,80581,0.25839793281653745,100.0,3.2443595931942895
85293,11,83.3932733932734,99.99765514168806,0.004689716623873003,5.71875,139,322,/home/jasongao/Data/STU/val/139/velodyne/000322.bin,11,279,0,85014,3.793103448275862,100.0,0.3271077345151419,-5.28125,7.59375,0,0,11,85293,,0.0,0.0,11,13,0,85280,45.833333333333336,100.0,0.015241579027587259,11,51,0,85242,17.741935483870968,100.0,0.05979388695438078,11,2753,0,82540,0.3979739507959479,100.0,3.2276974663805937
87421,12,100.0,100.0,0.0,6.375,139,323,/home/jasongao/Data/STU/val/139/velodyne/000323.bin,12,338,0,87083,3.4285714285714284,100.0,0.38663479026778463,-2.96875,7.6875,0,0,12,87421,,0.0,0.0,12,0,0,87421,100.0,100.0,0.0,12,117,0,87304,9.30232558139535,100.0,0.1338351197080793,12,3300,0,84121,0.36231884057971014,100.0,3.774836709715057
88501,12,94.62343212343211,99.99929379329048,0.0022598614704918587,7.09375,139,324,/home/jasongao/Data/STU/val/139/velodyne/000324.bin,12,717,0,87784,1.646090534979424,100.0,0.8101603371713314,2.546875,9.25,4,0,8,88501,100.0,33.333333333333336,0.0,12,44,0,88457,21.428571428571427,100.0,0.049716952350820895,12,294,0,88207,3.9215686274509802,100.0,0.33219963616230325,12,3881,0,84620,0.30824556896994604,100.0,4.385261183489452
90002,8,97.04861111111111,99.99972222839493,0.001111086420301771,6.84375,139,325,/home/jasongao/Data/STU/val/139/velodyne/000325.bin,8,793,0,89209,0.9987515605493134,100.0,0.8810915312993045,-0.8125,8.1875,2,0,6,90002,100.0,25.0,0.0,8,8,0,89994,50.0,100.0,0.008888691362414169,8,324,0,89678,2.4096385542168677,100.0,0.35999200017777383,8,2541,0,87461,0.3138485680659082,100.0,2.8232705939868
89739,12,88.87009980759981,99.99837491688861,0.006686056229732892,3.109375,139,326,/home/jasongao/Data/STU/val/139/velodyne/000326.bin,12,2341,0,87398,0.509987250318742,100.0,2.6086762723007832,2.03125,3.9375,0,0,12,89739,,0.0,0.0,12,9,0,89730,57.142857142857146,100.0,0.010029084344599338,12,980,0,88759,1.2096774193548387,100.0,1.0920558508563725,12,5471,0,84268,0.21885828925770565,100.0,6.096568938811442
90925,10,0.3428131222602038,98.333681605719,2.627440197965356,-12.0625,139,327,/home/jasongao/Data/STU/val/139/velodyne/000327.bin,1,1129,9,89796,0.08849557522123894,10.0,1.241682705526533,-2.046875,-9.375,0,0,10,90925,,0.0,0.0,0,12,10,90913,0.0,0.0,0.013197690404179268,0,289,10,90636,0.0,0.0,0.31784437723398407,10,3806,0,87119,0.2620545073375262,100.0,4.185867473192191
94408,10,98.0909090909091,99.9997881535463,0.001059232268451826,3.578125,139,328,/home/jasongao/Data/STU/val/139/velodyne/000328.bin,10,1023,0,93385,0.968054211035818,100.0,1.0835946106262182,-2.828125,8.1875,2,0,8,94408,100.0,20.0,0.0,10,5,0,94403,66.66666666666667,100.0,0.0052961613422591305,10,177,0,94231,5.347593582887701,100.0,0.18748411151597322,10,2959,0,91449,0.33681374200067365,100.0,3.1342682823489536
97027,12,23.522628182030196,99.9803319350971,0.026796664845867648,-0.09716796875,139,329,/home/jasongao/Data/STU/val/139/velodyne/000329.bin,12,1419,0,95608,0.8385744234800838,100.0,1.4624795160110073,-2.875,1.265625,0,3,12,97024,0.0,0.0,0.0030919228668308822,0,14,12,97013,0.0,0.0,0.014428973378544117,12,185,0,96842,6.091370558375634,100.0,0.1906685767879044,12,3591,0,93436,0.33305578684429643,100.0,3.701031671596566
97921,10,7.161684340999389,99.92856486351242,0.18484288354898337,2.875,139,330,/home/jasongao/Data/STU/val/139/velodyne/000330.bin,10,2176,0,95745,0.45745654162854527,100.0,2.222199528191093,3.625,4.3125,0,5,10,97916,0.0,0.0,0.005106157004115562,9,170,1,97751,5.027932960893855,90.0,0.17360933813992913,10,1052,0,96869,0.9416195856873822,100.0,1.0743354336659143,10,5763,0,92158,0.17322016282695304,100.0,5.885356562943597
99523,12,2.410495339079043,99.73548827909127,0.35971584457864014,8.0625,139,331,/home/jasongao/Data/STU/val/139/velodyne/000331.bin,12,3103,0,96420,0.3852327447833066,100.0,3.1178722506355316,13.3125,8.8125,4,278,8,99245,1.4184397163120568,33.333333333333336,0.2793324156225194,12,435,0,99088,2.684563758389262,100.0,0.4370848949489063,12,1464,0,98059,0.8130081300813008,100.0,1.4710167498970088,12,5313,0,94210,0.22535211267605634,100.0,5.338464475548366
101421,10,6.708197567171199,99.9159444296546,0.16268820066850062,7.875,139,332,/home/jasongao/Data/STU/val/139/velodyne/000332.bin,10,1708,0,99713,0.5820721769499418,100.0,1.6840693741927215,8.625,9.25,1,49,9,101372,2.0,10.0,0.048313465653069876,10,188,0,101233,5.05050505050505,100.0,0.18536594985259464,10,861,0,100560,1.148105625717566,100.0,0.848936610761085,10,4365,0,97056,0.22857142857142856,100.0,4.303842399503061
103330,12,100.0,100.0,0.0,9.0,139,333,/home/jasongao/Data/STU/val/139/velodyne/000333.bin,12,1997,0,101333,0.5973120955699353,100.0,1.9326429884834995,7.125,10.0,6,0,6,103330,100.0,50.0,0.0,12,501,0,102829,2.3391812865497075,100.0,0.48485435014032713,12,1357,0,101973,0.8765522279035792,100.0,1.3132681699409658,12,4819,0,98511,0.24839577727178638,100.0,4.663698828994484
105252,15,23.805561666189533,99.97678587263583,0.045604834112415914,0.859375,139,334,/home/jasongao/Data/STU/val/139/velodyne/000334.bin,15,531,0,104721,2.7472527472527473,100.0,0.504503477368601,-3.234375,1.9609375,0,0,15,105252,,0.0,0.0,2,7,13,105245,22.22222222222222,13.333333333333334,0.006650704974727321,15,126,0,105126,10.638297872340425,100.0,0.11971268954509177,15,4009,0,101243,0.3727634194831014,100.0,3.8089537490974044
106365,15,100.0,100.0,0.0,9.1875,139,335,/home/jasongao/Data/STU/val/139/velodyne/000335.bin,15,428,0,105937,3.386004514672686,100.0,0.4023880035726038,-0.86328125,10.9375,12,0,3,106365,100.0,80.0,0.0,15,47,0,106318,24.193548387096776,100.0,0.04418746768203827,15,157,0,106208,8.720930232558139,100.0,0.14760494523574483,15,3005,0,103360,0.4966887417218543,100.0,2.8251774549898934
106873,15,91.70687830687831,99.99825337862075,0.011228280295303771,3.1875,139,336,/home/jasongao/Data/STU/val/139/velodyne/000336.bin,15,224,0,106649,6.2761506276150625,100.0,0.20959456551233707,-4.3125,9.125,5,0,10,106873,100.0,33.333333333333336,0.0,15,13,0,106860,53.57142857142857,100.0,0.012163970319912419,15,98,0,106775,13.274336283185841,100.0,0.09169762241164747,15,2892,0,103981,0.5159958720330238,100.0,2.706015551168209
107329,20,57.216576257880604,99.99408361207131,0.009317146344417632,7.59375,139,337,/home/jasongao/Data/STU/val/139/velodyne/000337.bin,20,191,0,107138,9.47867298578199,100.0,0.17795749517837678,-4.71875,9.375,7,6,13,107323,53.84615384615385,35.0,0.005590287806650579,20,64,0,107265,23.80952380952381,100.0,0.05962973660427284,20,96,0,107233,17.24137931034483,100.0,0.08944460490640926,20,1878,0,105451,1.053740779768177,100.0,1.7497600834816311
107514,20,98.56926406926407,99.99972096657179,0.0018602228546979929,6.84375,139,338,/home/jasongao/Data/STU/val/139/velodyne/000338.bin,20,318,0,107196,5.9171597633136095,100.0,0.29577543389698085,-3.453125,9.375,9,0,11,107514,100.0,45.0,0.0,20,40,0,107474,33.333333333333336,100.0,0.03720445709395986,20,112,0,107402,15.151515151515152,100.0,0.1041724798630876,20,2442,0,105072,0.8123476848090982,100.0,2.271332105586249
107803,20,100.0,100.0,0.0,5.96875,139,339,/home/jasongao/Data/STU/val/139/velodyne/000339.bin,20,375,0,107428,5.063291139240507,100.0,0.34785673868074174,-3.8125,11.1875,12,0,8,107803,100.0,60.0,0.0,20,12,0,107791,62.5,100.0,0.011131415637783736,20,104,0,107699,16.129032258064516,100.0,0.09647226886079237,20,3054,0,104749,0.6506180871828237,100.0,2.8329452798159607
107389,20,81.34603543651994,99.99234092877296,0.04376612129733958,5.25,139,340,/home/jasongao/Data/STU/val/139/velodyne/000340.bin,20,445,0,106944,4.301075268817204,100.0,0.41438136121949176,-4.1875,9.25,10,0,10,107389,100.0,50.0,0.0,20,62,0,107327,24.390243902439025,100.0,0.057734032349681996,20,100,0,107289,16.666666666666668,100.0,0.09311940701561612,20,2610,0,104779,0.7604562737642585,100.0,2.430416523107581
104181,18,100.0,100.0,0.0,7.0,139,341,/home/jasongao/Data/STU/val/139/velodyne/000341.bin,18,286,0,103895,5.921052631578948,100.0,0.27452222574173796,-1.203125,9.5,7,0,11,104181,100.0,38.888888888888886,0.0,18,17,0,104164,51.42857142857143,100.0,0.01631775467695645,18,122,0,104059,12.857142857142858,100.0,0.11710388650521689,18,2544,0,101637,0.702576112412178,100.0,2.441903994010424
104046,23,71.42514511390475,99.98648173174239,0.05093900774657363,6.125,139,342,/home/jasongao/Data/STU/val/139/velodyne/000342.bin,23,641,0,103405,3.463855421686747,100.0,0.6160736597274282,1.3515625,10.5625,13,6,10,104040,68.42105263157895,56.52173913043478,0.005766680122253618,23,76,0,103970,23.232323232323232,100.0,0.07304461488187917,23,418,0,103628,5.215419501133787,100.0,0.4017453818503354,23,2615,0,101431,0.8718726307808946,100.0,2.513311419948869
107548,26,100.0,100.0,0.0,7.625,139,343,/home/jasongao/Data/STU/val/139/velodyne/000343.bin,26,653,0,106895,3.829160530191458,100.0,0.6071707516643731,0.392578125,11.0,18,0,8,107548,100.0,69.23076923076923,0.0,26,56,0,107492,31.70731707317073,100.0,0.05206977349648529,26,245,0,107303,9.59409594095941,100.0,0.22780525904712315,26,2532,0,105016,1.016419077404222,100.0,2.354297615948228
108072,28,95.93395691609979,99.99849637278851,0.012029017691909097,6.46875,139,344,/home/jasongao/Data/STU/val/139/velodyne/000344.bin,28,457,0,107615,5.77319587628866,100.0,0.42286623732326595,-0.9609375,11.6875,20,0,8,108072,100.0,71.42857142857143,0.0,28,63,0,108009,30.76923076923077,100.0,0.058294470353097934,28,158,0,107914,15.053763440860216,100.0,0.14619883040935672,28,2270,0,105802,1.2184508268059182,100.0,2.100451550817973
107914,24,91.6414419555982,99.99777986791952,0.011119965898771244,8.4375,139,345,/home/jasongao/Data/STU/val/139/velodyne/000345.bin,24,696,0,107218,3.3333333333333335,100.0,0.6449580221287321,3.78125,9.8125,12,1,12,107913,92.3076923076923,50.0,0.0009266638248976037,24,128,0,107786,15.789473684210526,100.0,0.11861296958689327,24,517,0,107397,4.436229205175601,100.0,0.4790851974720611,24,2424,0,105490,0.9803921568627451,100.0,2.246233111551791
107256,33,87.51510021054179,99.99196202345676,0.055940926381740884,3.9375,139,346,/home/jasongao/Data/STU/val/139/velodyne/000346.bin,33,291,0,106965,10.185185185185185,100.0,0.2713134929514433,1.890625,11.0625,21,1,12,107255,95.45454545454545,63.63636363636363,0.0009323487730290147,33,81,0,107175,28.94736842105263,100.0,0.07552025061535018,33,170,0,107086,16.25615763546798,100.0,0.1584992914149325,33,1662,0,105594,1.9469026548672566,100.0,1.5495636607742225
106775,35,95.31906642673087,99.99749807673011,0.023413720440177945,7.15625,139,347,/home/jasongao/Data/STU/val/139/velodyne/000347.bin,35,363,0,106412,8.793969849246231,100.0,0.33996722079138375,2.0,13.375,31,1,4,106774,96.875,88.57142857142857,0.0009365488176071178,35,86,0,106689,28.925619834710744,100.0,0.08054319831421212,35,235,0,106540,12.962962962962964,100.0,0.22008897213767267,35,1607,0,105168,2.131546894031669,100.0,1.5050339498946383
106150,38,99.54233409610984,99.99980167092247,0.0,8.9375,139,348,/home/jasongao/Data/STU/val/139/velodyne/000348.bin,38,450,0,105700,7.786885245901639,100.0,0.4239284032030146,2.640625,14.875,35,0,3,106150,100.0,92.10526315789474,0.0,38,100,0,106050,27.536231884057973,100.0,0.09420631182289213,38,296,0,105854,11.377245508982035,100.0,0.2788506829957607,38,2155,0,103995,1.7327861377108984,100.0,2.0301460197833254
105064,36,88.80630725774579,99.99060096702962,0.06852965811315008,5.84375,139,349,/home/jasongao/Data/STU/val/139/velodyne/000349.bin,36,224,0,104840,13.846153846153847,100.0,0.21320338079646692,3.484375,15.8125,29,6,7,105058,82.85714285714286,80.55555555555556,0.005710804842762506,36,111,0,104953,24.489795918367346,100.0,0.10564988959110637,36,136,0,104928,20.930232558139537,100.0,0.1294449097692835,36,1703,0,103361,2.0701552616446235,100.0,1.6209167745374249
104283,43,99.94714587737845,99.99997769932399,0.0,8.25,139,350,/home/jasongao/Data/STU/val/139/velodyne/000350.bin,43,361,0,103922,10.643564356435643,100.0,0.3461733935540788,-1.703125,17.0,37,0,6,104283,100.0,86.04651162790698,0.0,43,14,0,104269,75.43859649122807,100.0,0.013425006952235743,43,186,0,104097,18.777292576419214,100.0,0.17836080665113202,43,1841,0,102442,2.2823779193205946,100.0,1.7653884142190002
103233,48,100.0,100.0,0.0,11.375,139,351,/home/jasongao/Data/STU/val/139/velodyne/000351.bin,48,326,0,102907,12.834224598930481,100.0,0.31579049334999465,3.046875,14.75,48,0,0,103233,100.0,100.0,0.0,48,104,0,103129,31.57894736842105,100.0,0.10074297947361793,48,186,0,103047,20.512820512820515,100.0,0.18017494405858592,48,1726,0,101507,2.705749718151071,100.0,1.6719459862640822
103137,48,100.0,100.0,0.0,9.875,139,352,/home/jasongao/Data/STU/val/139/velodyne/000352.bin,48,482,0,102655,9.056603773584905,100.0,0.46733955806354655,3.890625,16.5,44,0,4,103137,100.0,91.66666666666667,0.0,48,134,0,103003,26.373626373626372,100.0,0.1299242754782474,48,256,0,102881,15.789473684210526,100.0,0.2482135412121741,48,2179,0,100958,2.1553659631791646,100.0,2.11272385273956
102469,57,85.99168887815183,99.98698793456232,0.05074705520694064,9.1875,139,353,/home/jasongao/Data/STU/val/139/velodyne/000353.bin,57,431,0,102038,11.680327868852459,100.0,0.4206150152729118,7.875,16.5,40,28,17,102441,58.8235294117647,70.17543859649123,0.02732533741912188,57,186,0,102283,23.45679012345679,100.0,0.18151831285559536,57,295,0,102174,16.193181818181817,100.0,0.28789194780860555,57,1969,0,100500,2.813425468904245,100.0,1.9215567635089637
102415,58,98.06956790584785,99.99867004934286,0.016599130986671876,8.5,139,354,/home/jasongao/Data/STU/val/139/velodyne/000354.bin,58,466,0,101949,11.068702290076336,100.0,0.4550114729287702,2.078125,13.8125,50,1,8,102414,98.03921568627452,86.20689655172414,0.0009764194698042279,58,72,0,102343,44.61538461538461,100.0,0.07030220182590441,58,286,0,102129,16.86046511627907,100.0,0.2792559683640092,58,1867,0,100548,3.012987012987013,100.0,1.8229751501244935
101811,70,68.78706503229932,99.98491602787799,0.026519727730795296,10.1875,139,355,/home/jasongao/Data/STU/val/139/velodyne/000355.bin,70,449,0,101362,13.48747591522158,100.0,0.441013250041744,5.71875,15.375,67,27,3,101784,71.27659574468085,95.71428571428571,0.026519727730795296,70,196,0,101615,26.31578947368421,100.0,0.1925135790828103,70,318,0,101493,18.04123711340206,100.0,0.31234345994047796,70,2234,0,99577,3.0381944444444446,100.0,2.1942619166887662
101705,82,99.69713868370884,99.9997481957023,0.0019664716582272258,7.125,139,356,/home/jasongao/Data/STU/val/139/velodyne/000356.bin,82,143,0,101562,36.44444444444444,100.0,0.14060272356324666,-7.03125,12.625,46,0,36,101705,100.0,56.09756097560975,0.0,82,20,0,101685,80.3921568627451,100.0,0.019664716582272257,82,45,0,101660,64.56692913385827,100.0,0.04424561231011258,82,1540,0,100165,5.055487053020962,100.0,1.5141831768349638
101739,107,99.64389292288311,99.99944883705997,0.0,7.4375,139,357,/home/jasongao/Data/STU/val/139/velodyne/000357.bin,107,347,0,101392,23.568281938325992,100.0,0.34106881333608546,-2.8125,11.4375,73,0,34,101739,100.0,68.22429906542057,0.0,106,2,1,101737,98.14814814814815,99.06542056074767,0.001965814486086948,107,139,0,101600,43.49593495934959,100.0,0.13662410678304288,107,1855,0,99884,5.45361875637105,100.0,1.8232929358456442
101941,114,99.6282120987831,99.99966440856655,0.0009809595746559285,8.875,139,358,/home/jasongao/Data/STU/val/139/velodyne/000358.bin,114,538,0,101403,17.484662576687118,100.0,0.5277562511648894,0.69140625,12.9375,103,1,11,101940,99.03846153846153,90.35087719298245,0.0009809595746559285,114,14,0,101927,89.0625,100.0,0.013733434045182997,114,322,0,101619,26.146788990825687,100.0,0.31586898303920896,114,2490,0,99451,4.377880184331797,100.0,2.442589340893262
102142,136,98.26781115017612,99.99836948446627,0.003916116778602338,8.9375,139,359,/home/jasongao/Data/STU/val/139/velodyne/000359.bin,136,685,0,101457,16.56516443361754,100.0,0.6706349983356503,3.734375,13.5625,127,2,9,102140,98.44961240310077,93.38235294117646,0.001958058389301169,136,160,0,101982,45.945945945945944,100.0,0.15664467114409353,136,469,0,101673,22.479338842975206,100.0,0.4591646922911241,136,2540,0,99602,5.082212257100149,100.0,2.486734154412485
102063,162,98.91252712115183,99.99827630065815,0.011757443931689251,7.9375,139,360,/home/jasongao/Data/STU/val/139/velodyne/000360.bin,162,583,0,101480,21.74496644295302,100.0,0.5712158176812361,0.05322265625,12.8125,127,0,35,102063,100.0,78.39506172839506,0.0,162,37,0,102026,81.4070351758794,100.0,0.03625211878937519,162,289,0,101774,35.92017738359202,100.0,0.28315844135484947,162,2368,0,99695,6.403162055335969,100.0,2.320135602520012
101989,94,98.59045216572923,99.99832063658096,0.01666846424614419,5.125,139,361,/home/jasongao/Data/STU/val/139/velodyne/000361.bin,94,554,0,101435,14.506172839506172,100.0,0.5431958348449343,2.296875,12.0625,62,0,32,101989,100.0,65.95744680851064,0.0,94,69,0,101920,57.668711656441715,100.0,0.06765435488140878,94,416,0,101573,18.431372549019606,100.0,0.4078871250821167,94,2036,0,99953,4.413145539906103,100.0,1.996293717949975
109338,43,100.0,100.0,0.0,9.1875,139,378,/home/jasongao/Data/STU/val/139/velodyne/000378.bin,43,258,0,109080,14.285714285714286,100.0,0.23596553805630247,-5.1875,11.6875,34,0,9,109338,100.0,79.06976744186046,0.0,43,1,0,109337,97.72727272727273,100.0,0.0009145951087453585,43,83,0,109255,34.12698412698413,100.0,0.07591139402586475,43,1844,0,107494,2.278749337572867,100.0,1.686513380526441
109347,113,98.80976201309083,99.99889933896402,0.004572599156812716,9.375,139,379,/home/jasongao/Data/STU/val/139/velodyne/000379.bin,113,360,0,108987,23.890063424947147,100.0,0.3292271392905155,2.453125,16.125,100,5,13,109342,95.23809523809524,88.49557522123894,0.004572599156812716,113,96,0,109251,54.066985645933016,100.0,0.08779390381080414,113,235,0,109112,32.47126436781609,100.0,0.21491216037019764,113,1493,0,107854,7.036114570361145,100.0,1.3653781082242769
109520,123,95.59290677456296,99.97798226703962,0.09587289992695398,-6.5625,139,380,/home/jasongao/Data/STU/val/139/velodyne/000380.bin,118,189,5,109331,38.43648208469055,95.9349593495935,0.17257121986851717,-6.6875,9.9375,58,0,65,109520,100.0,47.15447154471545,0.0,114,6,9,109514,95.0,92.6829268292683,0.00547845142439737,114,29,9,109491,79.72027972027972,92.6829268292683,0.02647918188458729,123,1906,0,107614,6.06209955643174,100.0,1.7403214024835647
110492,99,99.59498922288472,99.99964803887259,0.004525214495167071,4.0625,139,381,/home/jasongao/Data/STU/val/139/velodyne/000381.bin,99,194,0,110298,33.78839590443686,100.0,0.17557832241248236,-6.1875,11.1875,70,0,29,110492,100.0,70.70707070707071,0.0,95,5,4,110487,95.0,95.95959595959596,0.004525214495167071,99,53,0,110439,65.13157894736842,100.0,0.04796727364877095,99,1662,0,108830,5.621805792163544,100.0,1.5041812981935343
110199,81,98.73196878777122,99.99880687228124,0.004537246254503217,2.734375,139,382,/home/jasongao/Data/STU/val/139/velodyne/000382.bin,81,285,0,109914,22.131147540983605,100.0,0.2586230365066834,-3.671875,8.5,3,0,78,110199,100.0,3.7037037037037037,0.0,76,4,5,110195,95.0,93.82716049382717,0.0036297970036025737,81,111,0,110088,42.1875,100.0,0.10072686684997141,81,1981,0,108218,3.9282250242483028,100.0,1.7976569660341746
110625,76,86.45890796604093,99.98547130538209,0.09310734463276836,-3.984375,139,383,/home/jasongao/Data/STU/val/139/velodyne/000383.bin,76,225,0,110400,25.249169435215947,100.0,0.2033898305084746,-4.28125,10.5,50,5,26,110620,90.9090909090909,65.78947368421052,0.004519774011299435,69,44,7,110581,61.06194690265487,90.78947368421052,0.03977401129943503,72,95,4,110530,43.11377245508982,94.73684210526316,0.08587570621468926,76,1572,0,109053,4.611650485436893,100.0,1.4210169491525424
111171,66,76.13145511493768,99.98821089977956,0.03328206096913763,7.40625,139,384,/home/jasongao/Data/STU/val/139/velodyne/000384.bin,66,295,0,110876,18.282548476454295,100.0,0.26535697259177304,-4.21875,10.875,43,17,23,111154,71.66666666666667,65.15151515151516,0.015291757742576751,66,57,0,111114,53.65853658536585,100.0,0.05127236419569852,66,99,0,111072,40.0,100.0,0.08905200097147638,66,1846,0,109325,3.4518828451882846,100.0,1.6605049878115696
111512,51,99.96229260935142,99.99998241638288,0.0,4.875,139,385,/home/jasongao/Data/STU/val/139/velodyne/000385.bin,51,585,0,110927,8.018867924528301,100.0,0.524607217160485,-2.28125,7.40625,5,0,46,111512,100.0,9.803921568627452,0.0,51,5,0,111507,91.07142857142857,100.0,0.004483822368893034,51,184,0,111328,21.70212765957447,100.0,0.16500466317526366,51,2423,0,109089,2.06143896523848,100.0,2.1728603199655643
112302,49,71.45972602639516,99.98260884735366,0.04808462894694662,7.46875,139,386,/home/jasongao/Data/STU/val/139/velodyne/000386.bin,49,881,0,111421,5.268817204301075,100.0,0.7844918167085181,5.625,11.4375,28,26,21,112276,51.851851851851855,57.142857142857146,0.02315185838186319,49,216,0,112086,18.49056603773585,100.0,0.1923385157877865,49,620,0,111682,7.324364723467863,100.0,0.5520827767982761,49,2205,0,110097,2.1739130434782608,100.0,1.9634556820003206
112984,39,94.05751965908394,99.9977078669637,0.014161297174821215,9.0625,139,387,/home/jasongao/Data/STU/val/139/velodyne/000387.bin,39,672,0,112312,5.485232067510548,100.0,0.594774481342491,0.490234375,11.75,34,5,5,112979,87.17948717948718,87.17948717948718,0.004425405367131629,39,69,0,112915,36.111111111111114,100.0,0.06107059406641648,39,319,0,112665,10.893854748603353,100.0,0.28234086242299794,39,2165,0,110819,1.7695099818511797,100.0,1.9162005239679956
113936,42,100.0,100.0,0.0,6.5625,139,388,/home/jasongao/Data/STU/val/139/velodyne/000388.bin,42,797,0,113139,5.00595947556615,100.0,0.6995155174834995,0.8671875,11.25,34,0,8,113936,100.0,80.95238095238095,0.0,42,14,0,113922,75.0,100.0,0.012287600056171886,42,459,0,113477,8.383233532934131,100.0,0.4028577446987783,42,2876,0,111060,1.4393420150788212,100.0,2.5242241258250244
114708,38,92.10253034555475,99.98804745413067,0.14558705582871292,-6.125,139,389,/home/jasongao/Data/STU/val/139/velodyne/000389.bin,38,244,0,114464,13.47517730496454,100.0,0.21271402168985598,-3.953125,14.4375,29,0,9,114708,100.0,76.3157894736842,0.0,35,50,3,114658,41.1764705882353,92.10526315789474,0.043588938870872125,35,112,3,114596,23.80952380952381,92.10526315789474,0.09763922307075357,38,1454,0,113254,2.546916890080429,100.0,1.2675663423649615
115276,36,96.98222234680568,99.9987710653851,0.013012248863596932,4.5625,139,390,/home/jasongao/Data/STU/val/139/velodyne/000390.bin,36,212,0,115064,14.516129032258064,100.0,0.1839064506055033,-4.59375,9.375,15,0,21,115276,100.0,41.666666666666664,0.0,36,27,0,115249,57.142857142857146,100.0,0.02342204795447448,36,96,0,115180,27.272727272727273,100.0,0.08327839272702037,36,1475,0,113801,2.382528127068167,100.0,1.279537804920365
115503,24,99.09830447330448,99.99981962950457,0.0008657783780507866,3.515625,139,391,/home/jasongao/Data/STU/val/139/velodyne/000391.bin,24,236,0,115267,9.23076923076923,100.0,0.20432369721998564,-3.828125,3.9375,0,0,24,115503,,0.0,0.0,24,1,0,115502,96.0,100.0,0.0008657783780507865,24,111,0,115392,17.77777777777778,100.0,0.09610139996363731,24,1602,0,113901,1.4760147601476015,100.0,1.3869769616373602
115830,26,99.44037444037444,99.99986717935437,0.00172666839333506,4.71875,139,392,/home/jasongao/Data/STU/val/139/velodyne/000392.bin,26,300,0,115530,7.975460122699387,100.0,0.259000259000259,-5.40625,12.25,16,0,10,115830,100.0,61.53846153846154,0.0,26,2,0,115828,92.85714285714286,100.0,0.00172666839333506,26,36,0,115794,41.935483870967744,100.0,0.03108003108003108,26,2514,0,113316,1.0236220472440944,100.0,2.1704221704221704
115854,24,20.643927627966807,99.96205712937548,0.049199854989901086,4.6875,139,393,/home/jasongao/Data/STU/val/139/velodyne/000393.bin,24,282,0,115572,7.8431372549019605,100.0,0.24340980889740535,-2.453125,5.875,0,17,24,115837,0.0,0.0,0.014673640961900323,24,72,0,115782,25.0,100.0,0.06214718525040137,24,138,0,115716,14.814814814814815,100.0,0.11911543839660262,24,1652,0,114202,1.431980906921241,100.0,1.4259326393564313
115946,24,93.8207095533894,99.99877816684779,0.004312352301933659,8.0625,139,394,/home/jasongao/Data/STU/val/139/velodyne/000394.bin,24,699,0,115247,3.319502074688797,100.0,0.6028668518103255,-1.875,9.8125,12,1,12,115945,92.3076923076923,50.0,0.0008624704603867317,24,35,0,115911,40.67796610169491,100.0,0.03018646611353561,24,204,0,115742,10.526315789473685,100.0,0.17594397391889327,24,2651,0,113295,0.897196261682243,100.0,2.2864091904852257
115914,20,96.77480465870558,99.99937453629416,0.006901668478354643,7.0625,139,395,/home/jasongao/Data/STU/val/139/velodyne/000395.bin,20,471,0,115443,4.0733197556008145,100.0,0.4063357316631296,-0.35546875,9.625,7,0,13,115914,100.0,35.0,0.0,20,37,0,115877,35.08771929824562,100.0,0.03192021671239022,20,250,0,115664,7.407407407407407,100.0,0.21567713994858256,20,1887,0,114027,1.048767697954903,100.0,1.6279310523319013
115935,17,100.0,100.0,0.0,8.1875,139,396,/home/jasongao/Data/STU/val/139/velodyne/000396.bin,17,386,0,115549,4.218362282878412,100.0,0.3329451848018286,-1.5625,9.6875,6,0,11,115935,100.0,35.294117647058826,0.0,17,6,0,115929,73.91304347826087,100.0,0.005175313753396299,17,164,0,115771,9.392265193370166,100.0,0.14145857592616554,17,2041,0,113894,0.826044703595724,100.0,1.7604692284469745
115713,19,74.79421815272134,99.99674785210414,0.0190125569296449,7.5625,139,397,/home/jasongao/Data/STU/val/139/velodyne/000397.bin,19,368,0,115345,4.909560723514212,100.0,0.3180282250049692,3.203125,9.9375,9,3,10,115710,75.0,47.36842105263158,0.0025926213994970316,19,123,0,115590,13.380281690140846,100.0,0.1062974773793783,19,195,0,115518,8.878504672897197,100.0,0.16852039096730703,19,1865,0,113848,1.0084925690021231,100.0,1.6117463033539878
116158,14,100.0,100.0,0.0,5.25,139,398,/home/jasongao/Data/STU/val/139/velodyne/000398.bin,14,432,0,115726,3.1390134529147984,100.0,0.37190722980767577,-3.046875,6.71875,0,0,14,116158,,0.0,0.0,14,5,0,116153,73.6842105263158,100.0,0.004304481826477729,14,144,0,116014,8.860759493670885,100.0,0.12396907660255858,14,2352,0,113806,0.591715976331361,100.0,2.0248282511751237
116234,15,100.0,100.0,0.0,8.75,139,399,/home/jasongao/Data/STU/val/139/velodyne/000399.bin,15,264,0,115970,5.376344086021505,100.0,0.22712803482629867,-5.5,10.5625,11,0,4,116234,100.0,73.33333333333333,0.0,15,0,0,116234,100.0,100.0,0.0,15,47,0,116187,24.193548387096776,100.0,0.04043567286680317,15,1888,0,114346,0.7882291119285338,100.0,1.624309582394136
115957,15,100.0,100.0,0.0,6.875,139,400,/home/jasongao/Data/STU/val/139/velodyne/000400.bin,15,558,0,115399,2.6178010471204187,100.0,0.48121286338901487,-2.84375,10.0625,8,0,7,115957,100.0,53.333333333333336,0.0,15,0,0,115957,100.0,100.0,0.0,15,167,0,115790,8.241758241758241,100.0,0.14401890355907793,15,2246,0,113711,0.6634232640424591,100.0,1.9369248945729882
115450,12,100.0,100.0,0.0,8.0625,139,401,/home/jasongao/Data/STU/val/139/velodyne/000401.bin,12,274,0,115176,4.195804195804196,100.0,0.23733217843222174,-0.8125,10.4375,8,0,4,115450,100.0,66.66666666666667,0.0,12,71,0,115379,14.457831325301205,100.0,0.061498484192291036,12,145,0,115305,7.643312101910828,100.0,0.1255954958856648,12,1778,0,113672,0.6703910614525139,100.0,1.5400606323083585
114681,10,92.46503496503496,99.99921521437727,0.0026159520757579723,6.03125,139,402,/home/jasongao/Data/STU/val/139/velodyne/000402.bin,10,571,0,114110,1.721170395869191,100.0,0.49790287841926734,-0.357421875,7.625,0,0,10,114681,,0.0,0.0,10,42,0,114639,19.23076923076923,100.0,0.03662332906061161,10,256,0,114425,3.7593984962406015,100.0,0.2232279104646803,10,2237,0,112444,0.44503782821539833,100.0,1.9506282644901944
114279,10,16.095611815379257,99.97711740564758,0.028876696505919723,0.79296875,139,403,/home/jasongao/Data/STU/val/139/velodyne/000403.bin,10,316,0,113963,3.067484662576687,100.0,0.2765162453294131,-4.03125,1.5625,0,0,10,114279,,0.0,0.0,0,20,10,114259,0.0,0.0,0.017501028185405894,10,100,0,114179,9.090909090909092,100.0,0.08750514092702946,10,1866,0,112413,0.5330490405117271,100.0,1.6328459296983697
114028,9,100.0,100.0,0.0,8.75,139,404,/home/jasongao/Data/STU/val/139/velodyne/000404.bin,9,545,0,113483,1.6245487364620939,100.0,0.47795278352685305,-2.140625,11.5,6,0,3,114028,100.0,66.66666666666667,0.0,9,2,0,114026,81.81818181818181,100.0,0.0017539551689058827,9,214,0,113814,4.0358744394618835,100.0,0.18767320307292945,9,2728,0,111300,0.3288271830471319,100.0,2.3923948503876242
113798,7,100.0,100.0,0.0,6.96875,139,405,/home/jasongao/Data/STU/val/139/velodyne/000405.bin,7,397,0,113401,1.7326732673267327,100.0,0.3488637761647832,-4.34375,9.3125,1,0,6,113798,100.0,14.285714285714286,0.0,7,1,0,113797,87.5,100.0,0.0008787500659062549,7,81,0,113717,7.954545454545454,100.0,0.07117875533840665,7,2714,0,111084,0.25725836089672915,100.0,2.384927678869576
113641,7,30.77971239562103,99.9849777557647,0.03343863570366329,5.71875,139,406,/home/jasongao/Data/STU/val/139/velodyne/000406.bin,7,829,0,112812,0.8373205741626795,100.0,0.7294902367983386,4.03125,6.25,0,0,7,113641,,0.0,0.0,7,162,0,113479,4.1420118343195265,100.0,0.1425541837893014,7,438,0,113203,1.5730337078651686,100.0,0.38542427468959267,7,3935,0,109706,0.17757483510908167,100.0,3.46265872352408
113504,8,93.18181818181819,99.99933923033551,0.0026430786580208627,8.75,139,407,/home/jasongao/Data/STU/val/139/velodyne/000407.bin,8,645,0,112859,1.225114854517611,100.0,0.5682619114744855,-1.1171875,10.4375,6,0,2,113504,100.0,75.0,0.0,8,15,0,113489,34.78260869565217,100.0,0.013215393290104313,8,246,0,113258,3.1496062992125986,100.0,0.21673244995771074,8,3354,0,110150,0.2379535990481856,100.0,2.9549619396673243
113365,9,100.0,100.0,0.0,6.375,139,408,/home/jasongao/Data/STU/val/139/velodyne/000408.bin,9,446,0,112919,1.978021978021978,100.0,0.39341948573192786,-4.46875,7.53125,0,0,9,113365,,0.0,0.0,9,5,0,113360,64.28571428571429,100.0,0.004410532351254796,9,88,0,113277,9.278350515463918,100.0,0.07762536938208442,9,3914,0,109451,0.22941626306398163,100.0,3.452564724562255
113309,7,100.0,100.0,0.0,5.5,139,409,/home/jasongao/Data/STU/val/139/velodyne/000409.bin,7,526,0,112783,1.3133208255159474,100.0,0.4642173172475267,-3.515625,7.40625,0,0,7,113309,,0.0,0.0,7,1,0,113308,87.5,100.0,0.000882542428227237,7,126,0,113183,5.2631578947368425,100.0,0.11120034595663186,7,3085,0,110224,0.22639068564036222,100.0,2.7226433910810264
112920,6,84.0686274509804,99.98110756878025,0.1151257527453064,-6.09375,139,410,/home/jasongao/Data/STU/val/139/velodyne/000410.bin,6,271,0,112649,2.1660649819494586,100.0,0.2399929153382926,-5.78125,5.53125,3,0,3,112920,100.0,50.0,0.0,5,0,1,112920,100.0,83.33333333333333,0.0,5,34,1,112886,12.820512820512821,83.33333333333333,0.030109812256464755,6,2394,0,110526,0.25,100.0,2.120085015940489
112093,6,100.0,100.0,0.0,9.625,139,411,/home/jasongao/Data/STU/val/139/velodyne/000411.bin,6,640,0,111453,0.9287925696594427,100.0,0.5709544753017584,-1.7734375,11.5625,4,0,2,112093,100.0,66.66666666666667,0.0,6,7,0,112086,46.15384615384615,100.0,0.006244814573612982,6,234,0,111859,2.5,100.0,0.2087552300322054,6,3006,0,109087,0.199203187250996,100.0,2.681701801182946
111295,7,100.0,100.0,0.0,8.5625,139,412,/home/jasongao/Data/STU/val/139/velodyne/000412.bin,7,213,0,111082,3.1818181818181817,100.0,0.19138326070353565,-6.625,9.625,3,0,4,111295,100.0,42.857142857142854,0.0,7,3,0,111292,70.0,100.0,0.0026955388831483894,7,16,0,111279,30.434782608695652,100.0,0.01437620737679141,7,2505,0,108790,0.2786624203821656,100.0,2.2507749674289053
110608,8,3.1838802912498,99.86941496094316,0.3046795891798062,-5.96875,139,413,/home/jasongao/Data/STU/val/139/velodyne/000413.bin,8,477,0,110131,1.6494845360824741,100.0,0.4312527122812093,-1.609375,-1.296875,0,15,8,110593,0.0,0.0,0.013561406046578909,0,34,8,110574,0.0,0.0,0.030739187038912194,6,230,2,110378,2.542372881355932,75.0,0.2079415593808766,8,3883,0,106725,0.20560267283474684,100.0,3.5105959785910605
109596,6,100.0,100.0,0.0,8.4375,139,414,/home/jasongao/Data/STU/val/139/velodyne/000414.bin,6,435,0,109161,1.3605442176870748,100.0,0.3969122960691996,-4.125,8.6875,0,0,6,109596,,0.0,0.0,6,5,0,109591,54.54545454545455,100.0,0.004562210299645973,6,93,0,109503,6.0606060606060606,100.0,0.08485711157341509,6,4823,0,104773,0.12424932698281217,100.0,4.400708055038505
103916,6,91.07142857142857,99.99935845618897,0.0019246314330805651,8.875,139,418,/home/jasongao/Data/STU/val/139/velodyne/000418.bin,6,1649,0,102267,0.36253776435045315,100.0,1.5868586165749259,1.046875,10.625,4,0,2,103916,100.0,66.66666666666667,0.0,6,42,0,103874,12.5,100.0,0.04041726009469187,6,565,0,103351,1.0507880910683012,100.0,0.5437083798452597,6,4398,0,99518,0.1362397820163488,100.0,4.232264521344162
103054,6,100.0,100.0,0.0,9.875,139,419,/home/jasongao/Data/STU/val/139/velodyne/000419.bin,6,1089,0,101965,0.547945205479452,100.0,1.056727540900887,-3.78125,11.1875,5,0,1,103054,100.0,83.33333333333333,0.0,6,16,0,103038,27.272727272727273,100.0,0.015525840821316979,6,103,0,102951,5.504587155963303,100.0,0.09994760028722806,6,4980,0,98074,0.12033694344163658,100.0,4.83241795563491
97853,6,100.0,100.0,0.0,9.0625,139,424,/home/jasongao/Data/STU/val/139/velodyne/000424.bin,6,584,0,97269,1.0169491525423728,100.0,0.5968135877285315,-3.859375,9.1875,0,0,6,97853,,0.0,0.0,6,3,0,97850,66.66666666666667,100.0,0.0030658232246328675,6,90,0,97763,6.25,100.0,0.09197469673898603,6,5531,0,92322,0.1083619288423334,100.0,5.6523560851481305
97792,6,100.0,100.0,0.0,8.4375,139,425,/home/jasongao/Data/STU/val/139/velodyne/000425.bin,6,600,0,97192,0.9900990099009901,100.0,0.6135471204188482,-2.46875,8.9375,1,0,5,97792,100.0,16.666666666666668,0.0,6,19,0,97773,24.0,100.0,0.01942899214659686,6,140,0,97652,4.109589041095891,100.0,0.1431609947643979,6,5802,0,91990,0.10330578512396695,100.0,5.933000654450262
96284,5,50.006038647343,99.98712143242906,0.03219641892733995,0.466796875,139,426,/home/jasongao/Data/STU/val/139/velodyne/000426.bin,5,1262,0,95022,0.39463299131807417,100.0,1.31070582859042,-1.34375,1.484375,0,0,5,96284,,0.0,0.0,2,0,3,96284,100.0,40.0,0.0,5,396,0,95888,1.2468827930174564,100.0,0.41128328694279426,5,4918,0,91366,0.10156408693885842,100.0,5.107806073698642
97014,6,0.48708586456337205,99.29898433903011,1.1843651431752118,-6.84375,139,429,/home/jasongao/Data/STU/val/139/velodyne/000429.bin,6,1379,0,95635,0.4332129963898917,100.0,1.4214443276228172,0.056640625,-4.53125,0,0,6,97014,,0.0,0.0,0,7,6,97007,0.0,0.0,0.007215453439709732,2,476,4,96538,0.41841004184100417,33.333333333333336,0.4906508339002618,6,4830,0,92184,0.12406947890818859,100.0,4.978662873399715
77321,5,71.0,99.99870669029113,0.0012933097088759845,0.107421875,140,263,/home/jasongao/Data/STU/val/140/velodyne/000263.bin,5,179,0,77142,2.717391304347826,100.0,0.23150243788880123,-6.0625,1.046875,0,0,5,77321,,0.0,0.0,0,1,5,77320,0.0,0.0,0.0012933097088759845,5,20,0,77301,20.0,100.0,0.025866194177519692,5,2573,0,74748,0.1939487975174554,100.0,3.327685880937908
77972,5,1.131050107321853,99.67655055661007,0.3539732211563125,-2.359375,140,264,/home/jasongao/Data/STU/val/140/velodyne/000264.bin,5,514,0,77458,0.9633911368015414,100.0,0.6592109988200893,2.4375,-1.8359375,0,0,5,77972,,0.0,0.0,0,53,5,77919,0.0,0.0,0.06797311855537885,5,305,0,77667,1.6129032258064515,100.0,0.3911660596111425,5,2930,0,75042,0.17035775127768313,100.0,3.75775919560868
79835,6,100.0,99.99999999999999,0.0,5.09375,140,266,/home/jasongao/Data/STU/val/140/velodyne/000266.bin,6,1304,0,78531,0.4580152671755725,100.0,1.6333688231978456,-0.92578125,5.5625,0,0,6,79835,,0.0,0.0,6,0,0,79835,100.0,100.0,0.0,6,387,0,79448,1.5267175572519085,100.0,0.48474979645518884,6,4966,0,74869,0.12067578439259855,100.0,6.220329429448237
83055,6,97.61904761904762,99.99979932976142,0.0012040214315814821,5.8125,140,268,/home/jasongao/Data/STU/val/140/velodyne/000268.bin,6,423,0,82632,1.3986013986013985,100.0,0.5093010655589669,-5.53125,6.9375,0,0,6,83055,,0.0,0.0,6,1,0,83054,85.71428571428571,100.0,0.0012040214315814821,6,15,0,83040,28.571428571428573,100.0,0.018060321473722232,6,2888,0,80167,0.2073255010366275,100.0,3.4772138944073205
86173,7,100.0,99.99999999999999,0.0,4.5,140,270,/home/jasongao/Data/STU/val/140/velodyne/000270.bin,7,2684,0,83489,0.2601263470828688,100.0,3.114664686154596,1.453125,6.15625,0,0,7,86173,,0.0,0.0,7,9,0,86164,43.75,100.0,0.010444106622724054,7,1498,0,84675,0.46511627906976744,100.0,1.7383635245378484,7,4401,0,81772,0.1588021778584392,100.0,5.107168138512063
88435,6,0.5337413573683382,99.30118165884548,0.8526036071691072,2.25,140,271,/home/jasongao/Data/STU/val/140/velodyne/000271.bin,6,2369,0,86066,0.25263157894736843,100.0,2.6788036410923275,7.34375,4.09375,0,0,6,88435,,0.0,0.0,4,687,2,87748,0.5788712011577424,66.66666666666667,0.7768417481766269,6,1397,0,87038,0.4276550249465431,100.0,1.579691298693956,6,4780,0,83655,0.12536564981195153,100.0,5.4050997908068075
90606,6,7.127205305570163,99.94601166957302,0.11367900580535506,1.046875,140,272,/home/jasongao/Data/STU/val/140/velodyne/000272.bin,6,593,0,90013,1.001669449081803,100.0,0.6544820431318015,1.34375,2.5625,0,0,6,90606,,0.0,0.0,1,31,5,90575,3.125,16.666666666666668,0.03421406970840783,6,403,0,90203,1.466992665036675,100.0,0.44478290620930183,6,3130,0,87476,0.1913265306122449,100.0,3.454517360881178
92908,8,76.2202380952381,99.99798187454256,0.004305334309209111,5.9375,140,273,/home/jasongao/Data/STU/val/140/velodyne/000273.bin,8,407,0,92501,1.927710843373494,100.0,0.43806776596202696,-2.09375,7.625,1,0,7,92908,100.0,12.5,0.0,8,5,0,92903,61.53846153846154,100.0,0.0053816678865113874,8,216,0,92692,3.5714285714285716,100.0,0.23248805269729195,8,3276,0,89632,0.243605359317905,100.0,3.5260687992422612
95022,7,100.0,100.0,0.0,6.46875,140,274,/home/jasongao/Data/STU/val/140/velodyne/000274.bin,7,152,0,94870,4.40251572327044,100.0,0.15996295594704385,-7.125,7.21875,0,0,7,95022,,0.0,0.0,7,5,0,95017,58.333333333333336,100.0,0.005261939340363285,7,34,0,94988,17.073170731707318,100.0,0.03578118751447033,7,2264,0,92758,0.30823425803610743,100.0,2.382606133316495
96035,8,100.0,100.0,0.0,6.9375,140,275,/home/jasongao/Data/STU/val/140/velodyne/000275.bin,8,149,0,95886,5.095541401273885,100.0,0.15515176758473473,-6.75,8.6875,0,0,8,96035,,0.0,0.0,8,8,0,96027,50.0,100.0,0.008330296246160255,8,29,0,96006,21.62162162162162,100.0,0.030197323892330923,8,1950,0,94085,0.40858018386108275,100.0,2.030509710001562
97183,8,100.0,100.0,0.0,7.09375,140,276,/home/jasongao/Data/STU/val/140/velodyne/000276.bin,8,128,0,97055,5.882352941176471,100.0,0.1317102785466594,-7.28125,7.71875,0,0,8,97183,,0.0,0.0,8,11,0,97172,42.10526315789474,100.0,0.011318852062603541,8,26,0,97157,23.529411764705884,100.0,0.02675365032979019,8,2129,0,95054,0.37435657463734207,100.0,2.190712367389358
99051,8,100.0,100.0,0.0,7.28125,140,277,/home/jasongao/Data/STU/val/140/velodyne/000277.bin,8,82,0,98969,8.88888888888889,100.0,0.08278563568262814,-8.4375,10.75,7,0,1,99051,100.0,87.5,0.0,8,0,0,99051,100.0,100.0,0.0,8,11,0,99040,42.10526315789474,100.0,0.011105390152547677,8,1763,0,97288,0.45172219085262566,100.0,1.779891167176505
100795,10,95.72979797979797,99.99960315491839,0.0009921127040031746,5.25,140,278,/home/jasongao/Data/STU/val/140/velodyne/000278.bin,10,309,0,100486,3.134796238244514,100.0,0.306562825536981,-5.84375,6.53125,0,0,10,100795,,0.0,0.0,10,1,0,100794,90.9090909090909,100.0,0.0009921127040031748,10,32,0,100763,23.80952380952381,100.0,0.031747606528101595,10,2555,0,98240,0.3898635477582846,100.0,2.5348479587281116
101960,8,100.0,100.0,0.0,8.875,140,279,/home/jasongao/Data/STU/val/140/velodyne/000279.bin,8,148,0,101812,5.128205128205129,100.0,0.14515496273048253,-7.375,11.25,5,0,3,101960,100.0,62.5,0.0,8,2,0,101958,80.0,100.0,0.001961553550411926,8,18,0,101942,30.76923076923077,100.0,0.017653981953707338,8,2022,0,99938,0.39408866995073893,100.0,1.9831306394664574
99565,11,100.0,100.0,0.0,7.0,140,280,/home/jasongao/Data/STU/val/140/velodyne/000280.bin,11,207,0,99358,5.045871559633028,100.0,0.20790438407070758,-6.8125,8.9375,2,0,9,99565,100.0,18.181818181818183,0.0,11,1,0,99564,91.66666666666667,100.0,0.0010043690051725004,11,25,0,99540,30.555555555555557,100.0,0.02510922512931251,11,1883,0,97682,0.5807814149947201,100.0,1.8912268367398182
98271,10,100.0,100.0,0.0,8.1875,140,281,/home/jasongao/Data/STU/val/140/velodyne/000281.bin,10,353,0,97918,2.7548209366391183,100.0,0.3592107539355456,-5.03125,13.0625,8,0,2,98271,100.0,80.0,0.0,10,14,0,98257,41.666666666666664,100.0,0.014246318852967814,10,57,0,98214,14.925373134328359,100.0,0.05800286961565467,10,2546,0,95725,0.39123630672926446,100.0,2.590794842832575
99600,10,100.0,100.0,0.0,8.0625,140,282,/home/jasongao/Data/STU/val/140/velodyne/000282.bin,10,367,0,99233,2.6525198938992043,100.0,0.3684738955823293,-4.34375,10.0,5,0,5,99600,100.0,50.0,0.0,10,12,0,99588,45.45454545454545,100.0,0.012048192771084338,10,78,0,99522,11.363636363636363,100.0,0.0783132530120482,10,2379,0,97221,0.4185851820845542,100.0,2.38855421686747
100221,9,100.0,100.0,0.0,7.4375,140,283,/home/jasongao/Data/STU/val/140/velodyne/000283.bin,9,152,0,100069,5.590062111801243,100.0,0.151664820746151,-6.28125,9.0,2,0,7,100221,100.0,22.22222222222222,0.0,9,0,0,100221,100.0,100.0,0.0,9,68,0,100153,11.688311688311689,100.0,0.06785005138643597,9,1710,0,98511,0.5235602094240838,100.0,1.7062292333941989
101647,13,69.50611795661206,99.99296206857669,0.03344909343118833,5.9375,140,284,/home/jasongao/Data/STU/val/140/velodyne/000284.bin,13,420,0,101227,3.0023094688221708,100.0,0.41319468356173816,-0.84765625,8.125,5,1,8,101646,83.33333333333333,38.46153846153846,0.000983796865623186,13,91,0,101556,12.5,100.0,0.08952551477170993,13,150,0,101497,7.975460122699387,100.0,0.14756952984347793,13,1744,0,99903,0.7398975526465567,100.0,1.7157417336468366
104795,12,72.73100186993375,99.99626254433258,0.006679708001335941,5.46875,140,285,/home/jasongao/Data/STU/val/140/velodyne/000285.bin,12,330,0,104465,3.508771929824561,100.0,0.3149005200629801,-3.734375,7.28125,3,1,9,104794,75.0,25.0,0.0009542440001908488,12,9,0,104786,57.142857142857146,100.0,0.00858819600171764,12,104,0,104691,10.344827586206897,100.0,0.09924137601984828,12,1852,0,102943,0.6437768240343348,100.0,1.767259888353452
106800,12,94.38131313131312,99.99914169787763,0.00749063670411985,4.125,140,286,/home/jasongao/Data/STU/val/140/velodyne/000286.bin,12,178,0,106622,6.315789473684211,100.0,0.16666666666666666,-4.15625,8.4375,1,0,11,106800,100.0,8.333333333333334,0.0,12,10,0,106790,54.54545454545455,100.0,0.009363295880149813,12,101,0,106699,10.619469026548673,100.0,0.0945692883895131,12,1577,0,105223,0.7551919446192574,100.0,1.4765917602996255
107156,12,82.89744977244978,99.99848351935496,0.002799656575460077,5.9375,140,287,/home/jasongao/Data/STU/val/140/velodyne/000287.bin,12,257,0,106899,4.4609665427509295,100.0,0.23983724663107991,-5.59375,7.09375,0,0,12,107156,,0.0,0.0,12,11,0,107145,52.17391304347826,100.0,0.010265407443353615,12,59,0,107097,16.901408450704224,100.0,0.055059912650714846,12,1823,0,105333,0.6539509536784741,100.0,1.70125797902124
106811,17,98.56737793156478,99.99977970984483,0.0009362331595060434,11.375,140,288,/home/jasongao/Data/STU/val/140/velodyne/000288.bin,17,89,0,106722,16.037735849056602,100.0,0.08332475119603786,-8.4375,12.9375,17,1,0,106810,94.44444444444444,100.0,0.0009362331595060434,17,13,0,106798,56.666666666666664,100.0,0.012171031073578564,17,17,0,106794,50.0,100.0,0.015915963711602737,17,1242,0,105569,1.3502779984114377,100.0,1.1628015841065058
106296,14,99.10714285714285,99.99986560440387,0.0018815383457514866,13.25,140,289,/home/jasongao/Data/STU/val/140/velodyne/000289.bin,14,158,0,106138,8.13953488372093,100.0,0.14864152931436742,-6.9375,15.1875,14,3,0,106293,82.3529411764706,100.0,0.0028223075186272297,14,4,0,106292,77.77777777777777,100.0,0.0037630766915029727,14,36,0,106260,28.0,100.0,0.03386769022352676,14,1754,0,104542,0.7918552036199095,100.0,1.6501091292240535
105641,18,100.0,100.0,0.0,14.0625,140,290,/home/jasongao/Data/STU/val/140/velodyne/000290.bin,18,167,0,105474,9.72972972972973,100.0,0.1580825626413987,-6.75,16.25,18,0,0,105641,100.0,100.0,0.0,18,4,0,105637,81.81818181818181,100.0,0.003786408686021526,18,33,0,105608,35.294117647058826,100.0,0.031237871659677587,18,1466,0,104175,1.2129380053908356,100.0,1.3877187834268891
104919,19,100.0,100.0,0.0,6.625,140,291,/home/jasongao/Data/STU/val/140/velodyne/000291.bin,19,127,0,104792,13.013698630136986,100.0,0.12104575910940821,-7.375,14.8125,16,0,3,104919,100.0,84.21052631578948,0.0,19,2,0,104917,90.47619047619048,100.0,0.0019062324269198143,19,24,0,104895,44.18604651162791,100.0,0.02287478912303777,19,1137,0,103782,1.643598615916955,100.0,1.0836931347039145
104355,21,100.0,100.0,0.0,8.0,140,292,/home/jasongao/Data/STU/val/140/velodyne/000292.bin,21,246,0,104109,7.865168539325842,100.0,0.23573379330171051,-5.28125,16.25,17,0,4,104355,100.0,80.95238095238095,0.0,21,4,0,104351,84.0,100.0,0.0038330698097839106,21,75,0,104280,21.875,100.0,0.07187005893344832,21,1900,0,102455,1.0931806350858928,100.0,1.8207081596473575
103712,21,100.0,100.0,0.0,7.71875,140,293,/home/jasongao/Data/STU/val/140/velodyne/000293.bin,21,188,0,103524,10.047846889952153,100.0,0.18127121258870718,-5.4375,14.125,16,0,5,103712,100.0,76.19047619047619,0.0,21,4,0,103708,84.0,100.0,0.0038568343103980254,21,73,0,103639,22.340425531914892,100.0,0.07038722616476396,21,1334,0,102378,1.5498154981549817,100.0,1.2862542425177415
103125,24,98.81189613526568,99.99967676767677,0.0009696969696969698,8.5,140,294,/home/jasongao/Data/STU/val/140/velodyne/000294.bin,24,104,0,103021,18.75,100.0,0.10084848484848485,-7.90625,16.25,21,0,3,103125,100.0,87.5,0.0,24,15,0,103110,61.53846153846154,100.0,0.014545454545454545,24,58,0,103067,29.26829268292683,100.0,0.05624242424242424,24,1068,0,102057,2.197802197802198,100.0,1.0356363636363637
103079,27,92.91930333531067,99.99779026011333,0.010671426769759117,6.1875,140,295,/home/jasongao/Data/STU/val/140/velodyne/000295.bin,27,192,0,102887,12.32876712328767,100.0,0.18626490361761366,-4.53125,15.1875,19,1,8,103078,95.0,70.37037037037037,0.0009701297063417379,27,16,0,103063,62.7906976744186,100.0,0.015522075301467807,27,91,0,102988,22.88135593220339,100.0,0.08828180327709814,27,1219,0,101860,2.1669341894060996,100.0,1.1825881120305786
103063,29,96.71322973938908,99.99892934586043,0.010673083453809806,6.3125,140,296,/home/jasongao/Data/STU/val/140/velodyne/000296.bin,29,126,0,102937,18.70967741935484,100.0,0.12225531956182141,-7.46875,15.375,22,0,7,103063,100.0,75.86206896551724,0.0,29,14,0,103049,67.44186046511628,100.0,0.013583924395757934,29,47,0,103016,38.1578947368421,100.0,0.04560317475718735,29,1135,0,101928,2.491408934707904,100.0,1.1012681563703755
102672,30,99.29570994105661,99.99980520492443,0.0009739753779024466,9.0,140,297,/home/jasongao/Data/STU/val/140/velodyne/000297.bin,30,144,0,102528,17.24137931034483,100.0,0.1402524544179523,-7.03125,17.0,24,0,6,102672,100.0,80.0,0.0,30,3,0,102669,90.9090909090909,100.0,0.00292192613370734,30,25,0,102647,54.54545454545455,100.0,0.024349384447561167,30,1574,0,101098,1.8703241895261846,100.0,1.533037244818451
102380,34,100.0,100.0,0.0,10.5,140,298,/home/jasongao/Data/STU/val/140/velodyne/000298.bin,34,90,0,102290,27.419354838709676,100.0,0.08790779449111155,-8.3125,17.5,34,0,0,102380,100.0,100.0,0.0,34,2,0,102378,94.44444444444444,100.0,0.0019535065442469234,34,28,0,102352,54.83870967741935,100.0,0.027349091619456926,34,1544,0,100836,2.1546261089987326,100.0,1.5081070521586248
101797,40,100.0,100.0,0.0,8.4375,140,299,/home/jasongao/Data/STU/val/140/velodyne/000299.bin,40,149,0,101648,21.164021164021165,100.0,0.1463697358468324,-5.96875,16.875,33,0,7,101797,100.0,82.5,0.0,40,36,0,101761,52.63157894736842,100.0,0.03536449993614743,40,68,0,101729,37.03703703703704,100.0,0.0667996109905007,40,1049,0,100748,3.6730945821854912,100.0,1.0304822342505182
101678,45,99.85605463619646,99.99993443353856,0.0,7.1875,140,300,/home/jasongao/Data/STU/val/140/velodyne/000300.bin,45,159,0,101519,22.058823529411764,100.0,0.156376010543087,-5.9375,13.125,36,0,9,101678,100.0,80.0,0.0,45,3,0,101675,93.75,100.0,0.0029504907649639056,45,51,0,101627,46.875,100.0,0.050158343004386395,45,1154,0,100524,3.7531276063386154,100.0,1.134955447589449
101666,48,79.73755787426678,99.99214134191044,0.011803356087580902,7.84375,140,301,/home/jasongao/Data/STU/val/140/velodyne/000301.bin,48,111,0,101555,30.18867924528302,100.0,0.10918104381012335,-7.75,11.4375,41,12,7,101654,77.35849056603773,85.41666666666667,0.011803356087580902,48,20,0,101646,70.58823529411765,100.0,0.01967226014596817,48,43,0,101623,52.747252747252745,100.0,0.04229535931383157,48,1365,0,100301,3.397027600849257,100.0,1.3426317549623277
101482,54,98.89322485430769,99.9993795652139,0.003941585699927081,7.46875,140,302,/home/jasongao/Data/STU/val/140/velodyne/000302.bin,54,181,0,101301,22.97872340425532,100.0,0.1783567529217004,-6.28125,10.8125,34,0,20,101482,100.0,62.96296296296296,0.0,54,26,0,101456,67.5,100.0,0.025620307049526024,54,50,0,101432,51.92307692307692,100.0,0.049269821249088505,54,1696,0,99786,3.085714285714286,100.0,1.6712323367690822
101321,64,99.73020186335404,99.99981494458207,0.0,8.4375,140,303,/home/jasongao/Data/STU/val/140/velodyne/000303.bin,64,232,0,101089,21.62162162162162,100.0,0.2289752371176755,-5.125,12.25,51,0,13,101321,100.0,79.6875,0.0,64,20,0,101301,76.19047619047619,100.0,0.019739244579109957,64,61,0,101260,51.2,100.0,0.060204695966285374,64,1274,0,100047,4.783258594917788,100.0,1.2573898796893044
100726,69,98.64553653468512,99.99913670232374,0.001985584655401783,8.3125,140,304,/home/jasongao/Data/STU/val/140/velodyne/000304.bin,69,277,0,100449,19.942196531791907,100.0,0.27500347477314696,-3.484375,11.625,46,0,23,100726,100.0,66.66666666666667,0.0,69,22,0,100704,75.82417582417582,100.0,0.021841431209419615,69,111,0,100615,38.333333333333336,100.0,0.11019994837479896,69,1319,0,99407,4.971181556195965,100.0,1.309493080237476
100207,81,99.12306002361426,99.99922998898452,0.0029938028281457385,9.375,140,305,/home/jasongao/Data/STU/val/140/velodyne/000305.bin,81,100,0,100107,44.751381215469614,100.0,0.09979342760485795,-8.0,12.875,74,2,7,100205,97.36842105263158,91.35802469135803,0.001995868552097159,80,20,1,100187,80.0,98.76543209876543,0.01995868552097159,81,37,0,100170,68.64406779661017,100.0,0.03692356821379744,81,1136,0,99071,6.655710764174199,100.0,1.1336533375911861
99616,23,99.62980466288595,99.99991270827805,0.001003854802441375,5.625,140,306,/home/jasongao/Data/STU/val/140/velodyne/000306.bin,23,112,0,99504,17.037037037037038,100.0,0.11243173787343398,-7.59375,10.1875,14,0,9,99616,100.0,60.869565217391305,0.0,23,7,0,99609,76.66666666666667,100.0,0.007026983617089624,23,34,0,99582,40.35087719298246,100.0,0.034131063283006746,23,1345,0,98271,1.6812865497076024,100.0,1.3501847092836492
108653,8,100.0,100.0,0.0,4.09375,140,327,/home/jasongao/Data/STU/val/140/velodyne/000327.bin,8,159,0,108494,4.790419161676646,100.0,0.14633742280470857,-6.8125,4.46875,0,0,8,108653,,0.0,0.0,8,10,0,108643,44.44444444444444,100.0,0.009203611497151482,8,58,0,108595,12.121212121212121,100.0,0.0533809466834786,8,1424,0,107229,0.5586592178770949,100.0,1.310594277194371
109036,63,99.73885450075926,99.99982530889756,0.0,9.25,140,328,/home/jasongao/Data/STU/val/140/velodyne/000328.bin,63,131,0,108905,32.47422680412371,100.0,0.12014380571554349,-7.1875,15.3125,57,0,6,109036,100.0,90.47619047619048,0.0,63,26,0,109010,70.78651685393258,100.0,0.023845335485527714,63,61,0,108975,50.806451612903224,100.0,0.05594482556219964,63,1063,0,107973,5.595026642984014,100.0,0.9749073700429216
109806,60,99.89583333333334,99.9999392868635,0.0,8.25,140,329,/home/jasongao/Data/STU/val/140/velodyne/000329.bin,60,312,0,109494,16.129032258064516,100.0,0.28413747882629364,-3.5,13.625,55,0,5,109806,100.0,91.66666666666667,0.0,60,41,0,109765,59.40594059405941,100.0,0.037338578948327046,60,115,0,109691,34.285714285714285,100.0,0.10473016046481977,60,1205,0,108601,4.743083003952569,100.0,1.0973899422618072
110531,53,99.38208070598202,99.99967566513824,0.0018094471234314357,8.5625,140,330,/home/jasongao/Data/STU/val/140/velodyne/000330.bin,53,319,0,110212,14.24731182795699,100.0,0.288606816187314,-3.75,11.4375,45,0,8,110531,100.0,84.90566037735849,0.0,53,14,0,110517,79.1044776119403,100.0,0.012666129864020048,53,107,0,110424,33.125,100.0,0.0968054211035818,53,1620,0,108911,3.167961745367603,100.0,1.4656521699794627
110867,44,94.51338772377699,99.9982370358587,0.0009019816536931639,8.375,140,331,/home/jasongao/Data/STU/val/140/velodyne/000331.bin,44,321,0,110546,12.054794520547945,100.0,0.2895361108355056,-3.078125,11.0625,39,1,5,110866,97.5,88.63636363636364,0.0009019816536931639,43,8,1,110859,84.31372549019608,97.72727272727273,0.007215853229545311,44,135,0,110732,24.58100558659218,100.0,0.12176752324857712,44,1624,0,109243,2.6378896882494005,100.0,1.4648182055976982
111111,39,96.3205487013485,99.99785384400768,0.0252000252000252,5.15625,140,332,/home/jasongao/Data/STU/val/140/velodyne/000332.bin,39,474,0,110637,7.60233918128655,100.0,0.4266004266004266,-1.3984375,14.0625,32,0,7,111111,100.0,82.05128205128206,0.0,39,45,0,111066,46.42857142857143,100.0,0.0405000405000405,39,212,0,110899,15.53784860557769,100.0,0.1908001908001908,39,1759,0,109352,2.169076751946607,100.0,1.583101583101583
111824,34,82.12008239781414,99.99018941529968,0.036664758906853626,5.4375,140,333,/home/jasongao/Data/STU/val/140/velodyne/000333.bin,34,557,0,111267,5.752961082910321,100.0,0.49810416368579197,-2.078125,13.0,22,7,12,111817,75.86206896551724,64.70588235294117,0.006259836886535985,34,55,0,111769,38.20224719101124,100.0,0.049184432679925595,34,188,0,111636,15.315315315315315,100.0,0.16812133352410932,34,1965,0,109859,1.7008504252126062,100.0,1.7572256402918873
112511,31,100.0,100.0,0.0,7.21875,140,334,/home/jasongao/Data/STU/val/140/velodyne/000334.bin,31,491,0,112020,5.938697318007663,100.0,0.4364017740487597,-2.234375,12.5,20,0,11,112511,100.0,64.51612903225806,0.0,31,19,0,112492,62.0,100.0,0.016887237692314528,31,168,0,112343,15.577889447236181,100.0,0.14931873327941267,31,2160,0,110351,1.4148790506617983,100.0,1.9198122850210202
113214,27,97.65165939848085,99.99865871842836,0.0008832829862031198,6.0,140,335,/home/jasongao/Data/STU/val/140/velodyne/000335.bin,27,709,0,112505,3.6684782608695654,100.0,0.6262476372180119,-0.2314453125,11.4375,20,0,7,113214,100.0,74.07407407407408,0.0,26,7,1,113207,78.78787878787878,96.29629629629629,0.0061829809034218385,27,322,0,112892,7.736389684813753,100.0,0.28441712155740456,27,2253,0,110961,1.1842105263157894,100.0,1.9900365679156289
114269,26,93.99589607922941,99.99431166808145,0.02537871163657685,3.609375,140,336,/home/jasongao/Data/STU/val/140/velodyne/000336.bin,26,791,0,113478,3.182374541003672,100.0,0.6922262380873203,0.8046875,9.6875,11,0,15,114269,100.0,42.30769230769231,0.0,25,46,1,114223,35.2112676056338,96.15384615384616,0.04025588742353569,26,460,0,113809,5.349794238683128,100.0,0.4025588742353569,26,2538,0,111731,1.0140405616224648,100.0,2.2210748321942084
115334,18,100.0,100.0,0.0,12.1875,140,337,/home/jasongao/Data/STU/val/140/velodyne/000337.bin,18,644,0,114690,2.719033232628399,100.0,0.5583782752700851,-0.62890625,14.0,18,0,0,115334,100.0,100.0,0.0,18,10,0,115324,64.28571428571429,100.0,0.00867047011288952,18,299,0,115035,5.678233438485805,100.0,0.2592470563753967,18,2084,0,113250,0.8563273073263559,100.0,1.806925971526176
116439,17,82.59368641521843,99.99611005611116,0.017176375612981902,8.3125,140,338,/home/jasongao/Data/STU/val/140/velodyne/000338.bin,17,470,0,115969,3.490759753593429,100.0,0.40364482690507475,-1.796875,13.875,15,16,2,116423,48.38709677419355,88.23529411764706,0.013741100490385523,17,35,0,116404,32.69230769230769,100.0,0.030058657322718334,17,221,0,116218,7.142857142857143,100.0,0.18979895052345006,17,1759,0,114680,0.9572072072072072,100.0,1.5106622351617585
117148,16,98.8250612745098,99.9998666217093,0.0008536210605388057,8.75,140,339,/home/jasongao/Data/STU/val/140/velodyne/000339.bin,16,156,0,116992,9.30232558139535,100.0,0.13316488544405367,-6.46875,15.1875,12,0,4,117148,100.0,75.0,0.0,16,5,0,117143,76.19047619047619,100.0,0.004268105302694028,16,50,0,117098,24.242424242424242,100.0,0.04268105302694028,16,1300,0,115848,1.21580547112462,100.0,1.1097073787004472
117763,14,99.52380952380952,99.9999393454893,0.0008491631497159549,6.28125,140,340,/home/jasongao/Data/STU/val/140/velodyne/000340.bin,14,194,0,117569,6.730769230769231,100.0,0.16473765104489527,-5.25,9.5,6,0,8,117763,100.0,42.857142857142854,0.0,14,3,0,117760,82.3529411764706,100.0,0.0025474894491478647,14,83,0,117680,14.43298969072165,100.0,0.07048054142642426,14,1312,0,116451,1.0558069381598794,100.0,1.1141020524273328
118269,12,17.817611433470056,99.97650130916244,0.04143097514987021,7.34375,140,341,/home/jasongao/Data/STU/val/140/velodyne/000341.bin,12,364,0,117905,3.1914893617021276,100.0,0.30777295825617873,3.859375,8.75,0,18,12,118251,0.0,0.0,0.015219541891789057,12,142,0,118127,7.792207792207792,100.0,0.12006527492411367,12,233,0,118036,4.8979591836734695,100.0,0.19700851448815834,12,1464,0,116805,0.8130081300813008,100.0,1.23785607386551
118583,13,100.0,99.99999999999999,0.0,7.1875,140,342,/home/jasongao/Data/STU/val/140/velodyne/000342.bin,13,214,0,118369,5.726872246696035,100.0,0.1804643161330039,-5.53125,10.5,8,0,5,118583,100.0,61.53846153846154,0.0,13,3,0,118580,81.25,100.0,0.002529873590649587,13,79,0,118504,14.130434782608695,100.0,0.06662000455377247,13,1958,0,116625,0.6595636732623034,100.0,1.6511641634972973
118546,12,100.0,99.99999999999999,0.0,6.0,140,343,/home/jasongao/Data/STU/val/140/velodyne/000343.bin,12,302,0,118244,3.821656050955414,100.0,0.25475342904863935,-3.53125,7.03125,0,0,12,118546,,0.0,0.0,12,7,0,118539,63.1578947368421,100.0,0.005904880805763164,12,119,0,118427,9.16030534351145,100.0,0.10038297369797378,12,2096,0,116450,0.5692599620493358,100.0,1.7680900241256559
118319,8,100.0,100.0,0.0,8.75,140,344,/home/jasongao/Data/STU/val/140/velodyne/000344.bin,8,314,0,118005,2.484472049689441,100.0,0.26538425781150954,-5.09375,9.6875,3,0,5,118319,100.0,37.5,0.0,8,5,0,118314,61.53846153846154,100.0,0.00422586397789028,8,65,0,118254,10.95890410958904,100.0,0.054936231712573634,8,1890,0,116429,0.4214963119072708,100.0,1.5973765836425258
118096,9,100.0,100.0,0.0,5.46875,140,345,/home/jasongao/Data/STU/val/140/velodyne/000345.bin,9,465,0,117631,1.8987341772151898,100.0,0.3937474596938084,-2.15625,6.90625,0,0,9,118096,,0.0,0.0,9,4,0,118092,69.23076923076923,100.0,0.003387074922097277,9,194,0,117902,4.433497536945813,100.0,0.16427313372171792,9,2595,0,115501,0.3456221198156682,100.0,2.1973648557106085
118219,8,100.0,100.0,0.0,6.78125,140,346,/home/jasongao/Data/STU/val/140/velodyne/000346.bin,8,242,0,117977,3.2,100.0,0.20470482748120014,-5.78125,7.71875,0,0,8,118219,,0.0,0.0,8,2,0,118217,80.0,100.0,0.0016917754337289269,8,58,0,118161,12.121212121212121,100.0,0.04906148757813888,8,1996,0,116223,0.3992015968063872,100.0,1.688391882861469
118506,6,97.61904761904762,99.99985936014491,0.0008438391305081598,9.3125,140,347,/home/jasongao/Data/STU/val/140/velodyne/000347.bin,6,626,0,117880,0.9493670886075949,100.0,0.5282432956981081,1.1171875,11.25,5,1,1,118505,83.33333333333333,83.33333333333333,0.0008438391305081599,6,32,0,118474,15.789473684210526,100.0,0.027002852176261118,6,431,0,118075,1.3729977116704806,100.0,0.36369466524901695,6,2096,0,116410,0.285442435775452,100.0,1.7686868175451032
119278,6,45.640331890331886,99.97687475197998,0.062039940307516896,-2.34375,140,348,/home/jasongao/Data/STU/val/140/velodyne/000348.bin,6,497,0,118781,1.1928429423459244,100.0,0.416673653146431,-3.078125,-0.318359375,0,0,6,119278,,0.0,0.0,0,0,6,119278,,0.0,0.0,6,170,0,119108,3.409090909090909,100.0,0.1425241871929442,6,2292,0,116986,0.26109660574412535,100.0,1.9215613943895773
119858,8,5.163407461689832,99.93075138914382,0.07675749637070534,5.65625,140,349,/home/jasongao/Data/STU/val/140/velodyne/000349.bin,8,358,0,119500,2.185792349726776,100.0,0.29868677935557075,3.1875,6.09375,0,6,8,119852,0.0,0.0,0.005005923676350348,8,123,0,119735,6.106870229007634,100.0,0.10262143536518213,8,210,0,119648,3.669724770642202,100.0,0.17520732867226219,8,1828,0,118030,0.4357298474945534,100.0,1.525138080061406
120431,9,2.17954248513322,99.82262780254992,0.264881965606862,-6.71875,140,350,/home/jasongao/Data/STU/val/140/velodyne/000350.bin,9,363,0,120068,2.4193548387096775,100.0,0.30141740913884296,-1.578125,-4.65625,0,0,9,120431,,0.0,0.0,0,3,9,120428,0.0,0.0,0.0024910529680896116,3,192,6,120239,1.5384615384615385,33.333333333333336,0.15942738995773514,9,2054,0,118377,0.4362578768783325,100.0,1.7055409321520207
120820,7,100.0,100.0,0.0,6.65625,140,351,/home/jasongao/Data/STU/val/140/velodyne/000351.bin,7,375,0,120445,1.8324607329842932,100.0,0.3103790763118689,-4.28125,10.75,4,0,3,120820,100.0,57.142857142857146,0.0,7,0,0,120820,100.0,100.0,0.0,7,104,0,120716,6.306306306306307,100.0,0.08607846383049164,7,1938,0,118882,0.35989717223650386,100.0,1.6040390663797384
121090,6,100.0,100.0,0.0,4.09375,140,352,/home/jasongao/Data/STU/val/140/velodyne/000352.bin,6,311,0,120779,1.8927444794952681,100.0,0.2568337600132133,-4.96875,5.15625,0,0,6,121090,,0.0,0.0,6,1,0,121089,85.71428571428571,100.0,0.0008258320257659592,6,89,0,121001,6.315789473684211,100.0,0.07349905029317037,6,2094,0,118996,0.2857142857142857,100.0,1.7292922619539186
121141,7,100.0,100.0,0.0,3.734375,140,353,/home/jasongao/Data/STU/val/140/velodyne/000353.bin,7,361,0,120780,1.9021739130434783,100.0,0.2979998514128165,-4.4375,5.6875,0,0,7,121141,,0.0,0.0,7,0,0,121141,100.0,100.0,0.0,7,86,0,121055,7.526881720430108,100.0,0.07099165435319174,7,2422,0,118719,0.2881844380403458,100.0,1.9993231028305858
121351,5,100.0,100.0,0.0,5.34375,140,356,/home/jasongao/Data/STU/val/140/velodyne/000356.bin,5,663,0,120688,0.7485029940119761,100.0,0.5463490206096365,-2.578125,6.65625,0,0,5,121351,,0.0,0.0,5,4,0,121347,55.55555555555556,100.0,0.003296223352094338,5,196,0,121155,2.487562189054726,100.0,0.16151494425262256,5,3879,0,117472,0.12873326467559218,100.0,3.196512595693484
121366,8,2.433194542271107,99.85802242802761,0.2743766788062555,-6.625,140,357,/home/jasongao/Data/STU/val/140/velodyne/000357.bin,8,551,0,120815,1.4311270125223614,100.0,0.45399864871545575,-4.4375,-4.96875,0,0,8,121366,,0.0,0.0,0,1,8,121365,0.0,0.0,0.0008239539904091756,0,77,8,121289,0.0,0.0,0.06344445726150652,8,3706,0,117660,0.2154011847065159,100.0,3.0535734884564047
121383,6,100.0,99.99999999999999,0.0,3.234375,140,358,/home/jasongao/Data/STU/val/140/velodyne/000358.bin,6,419,0,120964,1.411764705882353,100.0,0.34518837069441355,-5.03125,3.625,0,0,6,121383,,0.0,0.0,6,0,0,121383,100.0,100.0,0.0,6,54,0,121329,10.0,100.0,0.04448728405130867,6,3362,0,118021,0.17814726840855108,100.0,2.769745351490736
121463,5,4.166965804907086,99.93512427652867,0.1432535010661683,-2.40625,140,359,/home/jasongao/Data/STU/val/140/velodyne/000359.bin,5,743,0,120720,0.6684491978609626,100.0,0.6117089154722014,-1.7421875,-1.0703125,0,0,5,121463,,0.0,0.0,0,4,5,121459,0.0,0.0,0.003293183932555593,5,252,0,121211,1.9455252918287937,100.0,0.20747058775100236,5,3285,0,118178,0.1519756838905775,100.0,2.7045273046112808
121328,5,92.66666666666666,99.99967031517869,0.0008242120532770671,0.0002346038818359375,140,363,/home/jasongao/Data/STU/val/140/velodyne/000363.bin,5,246,0,121082,1.9920318725099602,100.0,0.20275616510615851,-6.0625,4.09375,0,0,5,121328,,0.0,0.0,3,1,2,121327,75.0,60.0,0.0008242120532770672,5,46,0,121282,9.803921568627452,100.0,0.03791375445074509,5,3507,0,117821,0.14236902050113895,100.0,2.8905116708426744
118811,5,69.61904761904762,99.99865332334548,0.0016833458181481514,0.3671875,140,375,/home/jasongao/Data/STU/val/140/velodyne/000375.bin,5,403,0,118408,1.2254901960784315,100.0,0.3391941823568525,-5.5625,1.1171875,0,0,5,118811,,0.0,0.0,1,0,4,118811,100.0,20.0,0.0,5,27,0,118784,15.625,100.0,0.022725168545000042,5,4521,0,114290,0.1104728236853734,100.0,3.805203221923896
114443,5,1.7875943162093129,99.85049325865279,0.2743723949913931,-4.4375,140,381,/home/jasongao/Data/STU/val/140/velodyne/000381.bin,5,926,0,113517,0.5370569280343717,100.0,0.8091364259937261,-1.5390625,-1.4765625,0,18,5,114425,0.0,0.0,0.015728353853009795,0,29,5,114414,0.0,0.0,0.025340125652071336,3,249,2,114194,1.1904761904761905,60.0,0.21757556163330216,5,5602,0,108841,0.08917424647761726,100.0,4.89501323803116
99714,5,3.681434047339907,99.92588803979382,0.0932667428846501,-6.5625,141,261,/home/jasongao/Data/STU/val/141/velodyne/000261.bin,5,152,0,99562,3.1847133757961785,100.0,0.15243596686523458,-6.65625,-5.71875,0,0,5,99714,,0.0,0.0,0,6,5,99708,0.0,0.0,0.006017209218364523,0,32,5,99682,0.0,0.0,0.03209178249794412,5,1400,0,98314,0.35587188612099646,100.0,1.4040154842850552
100505,5,2.568269818388859,99.89075170389533,0.15720610914879857,-7.125,141,264,/home/jasongao/Data/STU/val/141/velodyne/000264.bin,5,207,0,100298,2.358490566037736,100.0,0.2059599024924133,-5.1875,-4.71875,0,0,5,100505,,0.0,0.0,0,0,5,100505,,0.0,0.0,0,58,5,100447,0.0,0.0,0.057708571712850106,5,1988,0,98517,0.2508780732563974,100.0,1.9780110442266554
97189,6,34.9025974025974,99.88167385197913,0.6852627354947577,-11.5,141,265,/home/jasongao/Data/STU/val/141/velodyne/000265.bin,5,267,1,96922,1.838235294117647,83.33333333333333,0.2747224480136641,-5.21875,-2.46875,0,0,6,97189,,0.0,0.0,0,0,6,97189,,0.0,0.0,5,41,1,97148,10.869565217391305,83.33333333333333,0.0421858440770046,6,1685,0,95504,0.35481963335304556,100.0,1.733735299262262
95813,6,83.62403100775194,99.94120491652141,0.35277050087148926,-7.5625,141,266,/home/jasongao/Data/STU/val/141/velodyne/000266.bin,6,365,0,95448,1.6172506738544474,100.0,0.3809503929529396,-3.03125,4.25,0,0,6,95813,,0.0,0.0,5,2,1,95811,71.42857142857143,83.33333333333333,0.002087399413440765,5,123,1,95690,3.90625,83.33333333333333,0.12837506392660702,6,1780,0,94033,0.335946248600224,100.0,1.8577854779622807
92585,6,83.56752537080406,99.92493384457526,0.454717286817519,-9.5625,141,267,/home/jasongao/Data/STU/val/141/velodyne/000267.bin,5,246,1,92339,1.9920318725099602,83.33333333333333,0.2657017875465788,-5.0625,3.40625,0,0,6,92585,,0.0,0.0,4,0,2,92585,100.0,66.66666666666667,0.0,5,40,1,92545,11.11111111111111,83.33333333333333,0.04320354269050062,6,1884,0,90701,0.31746031746031744,100.0,2.034886860722579
89406,5,3.7392035429056523,99.88602554638392,0.3333109634700132,-6.5625,141,268,/home/jasongao/Data/STU/val/141/velodyne/000268.bin,5,371,0,89035,1.3297872340425532,100.0,0.41496096458850634,0.79296875,1.5859375,0,0,5,89406,,0.0,0.0,0,32,5,89374,0.0,0.0,0.035791781312216185,4,207,1,89199,1.8957345971563981,80.0,0.23152808536339842,5,1831,0,87575,0.27233115468409586,100.0,2.0479609869583695
88058,5,29.29627783316716,99.94276499579823,0.2623271025914738,-8.9375,141,269,/home/jasongao/Data/STU/val/141/velodyne/000269.bin,4,176,1,87882,2.2222222222222223,80.0,0.1998682686411229,-5.09375,6.53125,0,0,5,88058,,0.0,0.0,4,19,1,88039,17.391304347826086,80.0,0.021576688091939404,4,66,1,87992,5.714285714285714,80.0,0.07495060074042109,5,1523,0,86535,0.32722513089005234,100.0,1.7295418928433532
92556,7,75.4591836734694,99.99891957301526,0.0010804269847443711,8.0,141,271,/home/jasongao/Data/STU/val/141/velodyne/000271.bin,7,69,0,92487,9.210526315789474,100.0,0.0745494619473616,-8.6875,8.375,2,1,5,92555,66.66666666666667,28.571428571428573,0.001080426984744371,7,8,0,92548,46.666666666666664,100.0,0.008643415877954967,7,10,0,92546,41.1764705882353,100.0,0.010804269847443709,7,1449,0,91107,0.4807692307692308,100.0,1.5655387008945936
96267,8,100.0,100.0,0.0,1.109375,141,272,/home/jasongao/Data/STU/val/141/velodyne/000272.bin,8,79,0,96188,9.195402298850574,100.0,0.08206342775821414,-8.125,8.0,3,0,5,96267,100.0,37.5,0.0,6,0,2,96267,100.0,75.0,0.0,8,3,0,96264,72.72727272727273,100.0,0.0031163326996790177,8,1654,0,94613,0.4813477737665463,100.0,1.7181380950896985
97917,6,100.0,100.0,0.0,7.125,141,273,/home/jasongao/Data/STU/val/141/velodyne/000273.bin,6,65,0,97852,8.450704225352112,100.0,0.06638275273956515,-8.5625,7.875,1,0,5,97917,100.0,16.666666666666668,0.0,6,0,0,97917,100.0,100.0,0.0,6,4,0,97913,60.0,100.0,0.004085092476280932,6,1555,0,96362,0.3843689942344651,100.0,1.5880797001542122
92243,9,100.0,99.99999999999999,0.0,6.15625,141,274,/home/jasongao/Data/STU/val/141/velodyne/000274.bin,9,84,0,92159,9.67741935483871,100.0,0.09106382056090977,-8.25,7.09375,0,0,9,92243,,0.0,0.0,9,0,0,92243,100.0,100.0,0.0,9,15,0,92228,37.5,100.0,0.016261396528733887,9,1201,0,91042,0.743801652892562,100.0,1.3019958154006266
89018,8,89.42307692307692,99.99382147430856,0.04942820553146555,-1.78125,141,275,/home/jasongao/Data/STU/val/141/velodyne/000275.bin,8,155,0,88863,4.9079754601226995,100.0,0.1741220876676627,-5.5625,3.515625,0,0,8,89018,,0.0,0.0,7,0,1,89018,100.0,87.5,0.0,8,63,0,88955,11.267605633802816,100.0,0.0707722033745984,8,1344,0,87674,0.591715976331361,100.0,1.5098070053247659
85102,8,2.501814059689359,99.7740211745905,0.45239829851237334,-11.3125,141,276,/home/jasongao/Data/STU/val/141/velodyne/000276.bin,3,87,5,85015,3.3333333333333335,37.5,0.10223026485864022,-7.875,-10.0625,0,0,8,85102,,0.0,0.0,0,0,8,85102,,0.0,0.0,0,44,8,85058,0.0,0.0,0.051702662687128385,8,1517,0,83585,0.5245901639344263,100.0,1.7825668021903127
83138,9,89.70189701897019,99.98476428748987,0.13712141259111357,-0.3984375,141,277,/home/jasongao/Data/STU/val/141/velodyne/000277.bin,9,357,0,82781,2.459016393442623,100.0,0.4294065289037504,0.3828125,8.5,1,0,8,83138,100.0,11.11111111111111,0.0,8,12,1,83126,40.0,88.88888888888889,0.014433832904327744,9,241,0,82897,3.6,100.0,0.28987947749524884,9,1438,0,81700,0.6219765031098825,100.0,1.7296543097019415
87547,7,79.72789115646258,99.99844981226413,0.0034267307846071256,6.71875,141,278,/home/jasongao/Data/STU/val/141/velodyne/000278.bin,7,173,0,87374,3.888888888888889,100.0,0.19760814191234422,-4.375,7.90625,0,0,7,87547,,0.0,0.0,7,3,0,87544,70.0,100.0,0.003426730784607125,7,74,0,87473,8.641975308641975,100.0,0.08452602602030909,7,1566,0,85981,0.44500953591862685,100.0,1.7887534695649194
92334,8,2.443082087582375,99.81723958671779,0.23285030432993264,-5.5625,141,279,/home/jasongao/Data/STU/val/141/velodyne/000279.bin,8,308,0,92026,2.5316455696202533,100.0,0.33357159876101977,-1.3984375,-4.0625,0,0,8,92334,,0.0,0.0,0,0,8,92334,,0.0,0.0,3,164,5,92170,1.7964071856287425,37.5,0.17761604609353002,8,1802,0,90532,0.4419889502762431,100.0,1.951610457686226
97573,9,100.0,99.99999999999999,0.0,7.625,141,280,/home/jasongao/Data/STU/val/141/velodyne/000280.bin,9,216,0,97357,4.0,100.0,0.22137271581277607,-3.03125,9.375,1,0,8,97573,100.0,11.11111111111111,0.0,9,0,0,97573,100.0,100.0,0.0,9,113,0,97460,7.377049180327869,100.0,0.11581072632798008,9,1279,0,96294,0.6987577639751553,100.0,1.3108134422432436
99531,8,84.54941116231439,99.99284142628927,0.054254453386382136,0.41015625,141,281,/home/jasongao/Data/STU/val/141/velodyne/000281.bin,8,250,0,99281,3.10077519379845,100.0,0.2511780249369543,-1.828125,10.0625,5,0,3,99531,100.0,62.5,0.0,7,13,1,99518,35.0,87.5,0.013061257296721624,8,145,0,99386,5.228758169934641,100.0,0.1456832544634335,8,1587,0,97944,0.5015673981191222,100.0,1.594478102299786
98853,12,6.029668255605879,99.90680606557211,0.13960122606294195,2.046875,141,282,/home/jasongao/Data/STU/val/141/velodyne/000282.bin,12,417,0,98436,2.797202797202797,100.0,0.4218384874510637,2.75,2.953125,0,0,12,98853,,0.0,0.0,6,94,6,98759,6.0,50.0,0.09509069021678654,12,319,0,98534,3.6253776435045317,100.0,0.3227013848846267,12,1964,0,96889,0.6072874493927125,100.0,1.9867884636783912
98651,9,97.65432098765432,99.99977473900698,0.00101367446858116,7.625,141,283,/home/jasongao/Data/STU/val/141/velodyne/000283.bin,9,81,0,98570,10.0,100.0,0.08210763195507395,-8.625,10.875,5,0,4,98651,100.0,55.55555555555556,0.0,9,2,0,98649,81.81818181818181,100.0,0.0020273489371623195,9,13,0,98638,40.90909090909091,100.0,0.013177768091555077,9,2406,0,96245,0.37267080745341613,100.0,2.4389007714062707
98044,11,100.0,100.0,0.0,4.75,141,284,/home/jasongao/Data/STU/val/141/velodyne/000284.bin,11,362,0,97682,2.9490616621983916,100.0,0.36922198196728,-1.53125,9.5625,5,0,6,98044,100.0,45.45454545454545,0.0,11,4,0,98040,73.33333333333333,100.0,0.004079800905715801,11,182,0,97862,5.699481865284974,100.0,0.18563094121006896,11,2124,0,95920,0.5152224824355972,100.0,2.1663742809350905
97697,10,100.0,100.0,0.0,6.75,141,285,/home/jasongao/Data/STU/val/141/velodyne/000285.bin,10,323,0,97374,3.003003003003003,100.0,0.33061404137281597,-2.546875,8.4375,4,0,6,97697,100.0,40.0,0.0,10,0,0,97697,100.0,100.0,0.0,10,162,0,97535,5.813953488372093,100.0,0.16581880712816155,10,2584,0,95113,0.3855050115651503,100.0,2.6449123309825278
96749,10,22.11054280620278,99.949301801569,0.2180901094584957,-3.90625,141,286,/home/jasongao/Data/STU/val/141/velodyne/000286.bin,10,340,0,96409,2.857142857142857,100.0,0.3514248209283817,1.0078125,3.390625,0,0,10,96749,,0.0,0.0,6,31,4,96718,16.216216216216218,60.0,0.03204167484935245,9,206,1,96543,4.186046511627907,90.0,0.2129220973860195,10,2906,0,93843,0.3429355281207133,100.0,3.003648616523168
95067,10,90.47058823529413,99.9937938506527,0.06100960375314252,0.8984375,141,287,/home/jasongao/Data/STU/val/141/velodyne/000287.bin,10,449,0,94618,2.178649237472767,100.0,0.4722984842269137,0.0299072265625,11.1875,8,1,2,95066,88.88888888888889,80.0,0.0010518897198817676,9,14,1,95053,39.130434782608695,90.0,0.014726456078344746,10,251,0,94816,3.8314176245210727,100.0,0.26402431969032364,10,1878,0,93189,0.5296610169491526,100.0,1.9754488939379595
91278,11,85.37050598040241,99.992629907834,0.07449768838055172,3.171875,141,288,/home/jasongao/Data/STU/val/141/velodyne/000288.bin,11,488,0,90790,2.2044088176352705,100.0,0.5346304695545476,2.359375,10.625,6,0,5,91278,100.0,54.54545454545455,0.0,11,73,0,91205,13.095238095238095,100.0,0.07997545958500406,11,312,0,90966,3.4055727554179565,100.0,0.3418129231578255,11,2364,0,88914,0.4631578947368421,100.0,2.5898902254650626
87208,10,98.18181818181817,99.99977066324192,0.0011466837904779378,8.25,141,289,/home/jasongao/Data/STU/val/141/velodyne/000289.bin,10,191,0,87017,4.975124378109452,100.0,0.2190166039812861,-5.78125,9.8125,3,0,7,87208,100.0,30.0,0.0,10,3,0,87205,76.92307692307692,100.0,0.0034400513714338134,10,40,0,87168,20.0,100.0,0.045867351619117515,10,2316,0,84892,0.4299226139294927,100.0,2.655719658746904
82662,13,9.879772540980143,99.90731486703034,0.44034743896832884,-2.9375,141,290,/home/jasongao/Data/STU/val/141/velodyne/000290.bin,13,525,0,82137,2.41635687732342,100.0,0.6351164985120128,5.90625,6.71875,0,4,13,82658,0.0,0.0,0.004838982845805812,12,223,1,82439,5.1063829787234045,92.3076923076923,0.269773293653674,13,377,0,82285,3.3333333333333335,100.0,0.45607413321719775,13,2284,0,80378,0.5659555942533739,100.0,2.7630592049551184
77449,11,100.0,100.0,0.0,7.875,141,291,/home/jasongao/Data/STU/val/141/velodyne/000291.bin,11,461,0,76988,2.330508474576271,100.0,0.5952304096889566,0.60546875,9.0625,0,0,11,77449,,0.0,0.0,11,9,0,77440,55.0,100.0,0.011620550297615205,11,294,0,77155,3.6065573770491803,100.0,0.37960464305543,11,1818,0,75631,0.6014215418261345,100.0,2.3473511601182713
73987,15,3.831875451082779,99.7520735624727,0.30816224471866677,2.578125,141,292,/home/jasongao/Data/STU/val/141/velodyne/000292.bin,15,487,0,73500,2.9880478087649402,100.0,0.6582237420087312,10.125,6.5625,0,76,15,73911,0.0,0.0,0.1027207482395556,11,227,4,73760,4.621848739495798,73.33333333333333,0.30681065592604106,15,324,0,73663,4.424778761061947,100.0,0.43791476881073704,15,1668,0,72319,0.8912655971479501,100.0,2.2544501060997204
73620,16,87.90147373578483,99.92079258353708,0.6492800869328986,-4.53125,141,293,/home/jasongao/Data/STU/val/141/velodyne/000293.bin,16,601,0,73019,2.593192868719611,100.0,0.8163542515620755,2.78125,11.375,12,0,4,73620,100.0,75.0,0.0,14,69,2,73551,16.867469879518072,87.5,0.09372453137734311,14,452,2,73168,3.004291845493562,87.5,0.6139635968486824,16,1583,0,72037,1.0006253908692933,100.0,2.150230915512089
73895,14,73.14144506954965,99.9240718007211,0.30989918127072197,3.015625,141,294,/home/jasongao/Data/STU/val/141/velodyne/000294.bin,14,718,0,73177,1.9125683060109289,100.0,0.9716489613640977,5.53125,9.75,7,0,7,73895,100.0,50.0,0.0,14,232,0,73663,5.691056910569106,100.0,0.3139589958725218,14,569,0,73326,2.4013722126929675,100.0,0.7700115028080384,14,1847,0,72048,0.7522837184309511,100.0,2.499492523174775
75018,13,97.01923076923077,99.99938476304149,0.003999040230344717,7.3125,141,295,/home/jasongao/Data/STU/val/141/velodyne/000295.bin,13,705,0,74313,1.8105849582172702,100.0,0.9397744541310086,3.828125,12.625,10,0,3,75018,100.0,76.92307692307692,0.0,13,144,0,74874,8.280254777070065,100.0,0.19195393105654643,13,479,0,74539,2.6422764227642275,100.0,0.6385134234450398,13,1677,0,73341,0.7692307692307693,100.0,2.2354634887626967
77402,15,26.211080276849565,99.95719318191605,0.21963256763391126,1.1796875,141,296,/home/jasongao/Data/STU/val/141/velodyne/000296.bin,15,678,0,76724,2.1645021645021645,100.0,0.8759463579752461,3.46875,7.6875,1,14,14,77388,6.666666666666667,6.666666666666667,0.018087387922792693,14,94,1,77308,12.962962962962964,93.33333333333333,0.12144389033875094,15,456,0,76946,3.1847133757961785,100.0,0.589132063770962,15,2093,0,75309,0.7115749525616698,100.0,2.7040644944575076
77805,16,1.976845330739167,99.49553370606002,0.963948332369385,-0.42578125,141,297,/home/jasongao/Data/STU/val/141/velodyne/000297.bin,16,1328,0,76477,1.1904761904761905,100.0,1.706831180515391,8.75,4.25,0,15,16,77790,0.0,0.0,0.0192789666473877,13,483,3,77322,2.620967741935484,81.25,0.6207827260458839,16,992,0,76813,1.5873015873015872,100.0,1.2749823276139065,16,2792,0,75013,0.5698005698005698,100.0,3.5884583253004307
77358,11,99.24242424242425,99.99994124131253,0.0012926911243827401,9.75,141,298,/home/jasongao/Data/STU/val/141/velodyne/000298.bin,11,613,0,76745,1.7628205128205128,100.0,0.7924196592466196,-0.578125,12.625,10,0,1,77358,100.0,90.9090909090909,0.0,11,14,0,77344,44.0,100.0,0.01809767574135836,11,200,0,77158,5.213270142180095,100.0,0.258538224876548,11,2238,0,75120,0.48910626945309027,100.0,2.8930427363685722
78619,15,80.62618622061348,99.99622652709057,0.013991528765311184,5.0,141,299,/home/jasongao/Data/STU/val/141/velodyne/000299.bin,15,159,0,78460,8.620689655172415,100.0,0.20224118851677075,-5.09375,9.1875,4,1,11,78618,80.0,26.666666666666668,0.001271957160482835,15,14,0,78605,51.724137931034484,100.0,0.01780740024675969,15,62,0,78557,19.48051948051948,100.0,0.07886134394993577,15,1632,0,76987,0.9107468123861566,100.0,2.0758340859079865
78869,13,99.45054945054946,99.99990246728508,0.001267925293841687,7.625,141,300,/home/jasongao/Data/STU/val/141/velodyne/000300.bin,13,916,0,77953,1.3993541442411195,100.0,1.1614195691589853,0.44140625,9.25,4,0,9,78869,100.0,30.76923076923077,0.0,13,15,0,78854,46.42857142857143,100.0,0.019018879407625304,13,540,0,78329,2.3508137432188065,100.0,0.6846796586745109,13,2402,0,76467,0.5383022774327122,100.0,3.0455565558077318
80183,16,79.00229978354979,99.98858080889964,0.062357357544616694,-0.53125,141,301,/home/jasongao/Data/STU/val/141/velodyne/000301.bin,16,1129,0,79054,1.3973799126637554,100.0,1.4080291333574448,-1.140625,6.15625,0,0,16,80183,,0.0,0.0,12,6,4,80177,66.66666666666667,75.0,0.007482882905354002,16,416,0,79767,3.7037037037037037,100.0,0.5188132147712109,16,3037,0,77146,0.5240746806419915,100.0,3.787585897260018
81784,17,99.32718185313341,99.9998561490526,0.0012227330529198865,2.828125,141,302,/home/jasongao/Data/STU/val/141/velodyne/000302.bin,17,1224,0,80560,1.36986301369863,100.0,1.496625256773941,-2.859375,10.5625,9,0,8,81784,100.0,52.94117647058823,0.0,15,1,2,81783,93.75,88.23529411764706,0.0012227330529198865,17,159,0,81625,9.659090909090908,100.0,0.19441455541426195,17,3391,0,78393,0.4988262910798122,100.0,4.146287782451335
83398,17,88.66880850285513,99.99802506196367,0.0035972085661526653,1.75,141,303,/home/jasongao/Data/STU/val/141/velodyne/000303.bin,17,201,0,83197,7.798165137614679,100.0,0.2410129739322286,-5.8125,8.125,3,0,14,83398,100.0,17.647058823529413,0.0,14,3,3,83395,82.3529411764706,82.3529411764706,0.0035972085661526657,17,27,0,83371,38.63636363636363,100.0,0.03237487709537399,17,2122,0,81276,0.7947639083683965,100.0,2.5444255257919854
83014,17,92.61992188895303,99.99851194483142,0.006023080444262413,5.6875,141,304,/home/jasongao/Data/STU/val/141/velodyne/000304.bin,17,271,0,82743,5.902777777777778,100.0,0.3264509600790228,-5.25,10.4375,13,3,4,83011,81.25,76.47058823529412,0.0036138482665574482,17,11,0,83003,60.714285714285715,100.0,0.01325077697737731,17,46,0,82968,26.984126984126984,100.0,0.055412340087214206,17,2106,0,80908,0.8007536504945831,100.0,2.5369214831233284
81847,17,96.21683967704729,99.99913755867297,0.0036653756399134974,8.25,141,305,/home/jasongao/Data/STU/val/141/velodyne/000305.bin,17,268,0,81579,5.964912280701754,100.0,0.3274402238322724,-4.84375,12.0,13,3,4,81844,81.25,76.47058823529412,0.003665375639913497,17,7,0,81840,70.83333333333333,100.0,0.00855254315979816,17,55,0,81792,23.61111111111111,100.0,0.06719855339841412,17,3121,0,78726,0.5417463352453792,100.0,3.813212457390008
80908,19,93.45850133246255,99.99856887484941,0.003707915162901073,7.65625,141,306,/home/jasongao/Data/STU/val/141/velodyne/000306.bin,19,146,0,80762,11.515151515151516,100.0,0.18045187126118553,-4.875,10.1875,12,2,7,80906,85.71428571428571,63.1578947368421,0.0024719434419340487,19,6,0,80902,76.0,100.0,0.007415830325802146,19,57,0,80851,25.0,100.0,0.07045038809512039,19,1649,0,79259,1.1390887290167866,100.0,2.038117367874623
80637,21,92.42685724229955,99.99799217776078,0.008680878504904697,3.953125,141,307,/home/jasongao/Data/STU/val/141/velodyne/000307.bin,21,609,0,80028,3.3333333333333335,100.0,0.7552364299267086,-1.171875,7.25,0,0,21,80637,,0.0,0.0,21,10,0,80627,67.74193548387096,100.0,0.01240125500700671,21,280,0,80357,6.976744186046512,100.0,0.34723514019618784,21,2936,0,77701,0.7101792357118701,100.0,3.64100847005717
80648,22,94.86442262739597,99.99819642712212,0.012399563535363554,4.1875,141,308,/home/jasongao/Data/STU/val/141/velodyne/000308.bin,22,1537,0,79111,1.4111610006414368,100.0,1.9058129153853784,1.0703125,9.5,7,0,15,80648,100.0,31.818181818181817,0.0,22,15,0,80633,59.45945945945946,100.0,0.01859934530304533,22,634,0,80014,3.3536585365853657,100.0,0.7861323281420494,22,3762,0,76886,0.5813953488372093,100.0,4.664715802003769
82726,22,99.80237154150198,99.99994505409974,0.0,6.28125,141,309,/home/jasongao/Data/STU/val/141/velodyne/000309.bin,22,1315,0,81411,1.6454749439042633,100.0,1.5895848947126658,1.5625,8.0,4,0,18,82726,100.0,18.181818181818183,0.0,22,4,0,82722,84.61538461538461,100.0,0.004835239223460581,22,712,0,82014,2.997275204359673,100.0,0.8606725817759834,22,4011,0,78715,0.5454996280684354,100.0,4.848536131325098
82135,22,99.3006993006993,99.99977863495243,0.0,7.5625,141,310,/home/jasongao/Data/STU/val/141/velodyne/000310.bin,22,544,0,81591,3.8869257950530036,100.0,0.6623242223169172,-3.546875,10.3125,13,0,9,82135,100.0,59.09090909090909,0.0,22,7,0,82128,75.86206896551724,100.0,0.008522554331283861,22,87,0,82048,20.18348623853211,100.0,0.10592317526024228,22,2849,0,79286,0.7662835249042146,100.0,3.4686796128325317
79581,21,95.15454186809687,99.99856390703451,0.007539488068760132,6.0,141,311,/home/jasongao/Data/STU/val/141/velodyne/000311.bin,21,120,0,79461,14.893617021276595,100.0,0.1507897613752026,-7.15625,11.9375,15,0,6,79581,100.0,71.42857142857143,0.0,21,7,0,79574,75.0,100.0,0.008796069413553487,21,21,0,79560,50.0,100.0,0.02638820824066046,21,1187,0,78394,1.7384105960264902,100.0,1.4915620562697127
77239,22,91.6959606244075,99.9975871821701,0.00906277916596538,0.181640625,141,312,/home/jasongao/Data/STU/val/141/velodyne/000312.bin,22,65,0,77174,25.28735632183908,100.0,0.08415437796967853,-8.4375,10.875,12,2,10,77237,85.71428571428571,54.54545454545455,0.0025893654759901086,18,4,4,77235,81.81818181818181,81.81818181818181,0.005178730951980217,22,16,0,77223,57.89473684210526,100.0,0.02071492380792087,22,1129,0,76110,1.9113814074717637,100.0,1.4616968111964164
75514,27,98.54217387550722,99.99941144099844,0.005297031014116588,-0.0712890625,141,313,/home/jasongao/Data/STU/val/141/velodyne/000313.bin,27,141,0,75373,16.071428571428573,100.0,0.18672034324760972,-6.9375,7.65625,1,0,26,75514,100.0,3.7037037037037037,0.0,23,1,4,75513,95.83333333333333,85.18518518518519,0.001324257753529147,27,13,0,75501,67.5,100.0,0.01721535079587891,27,1986,0,73528,1.3412816691505216,100.0,2.629975898508886
73917,27,97.82126728937637,99.99909808749453,0.005411475032807068,2.828125,141,314,/home/jasongao/Data/STU/val/141/velodyne/000314.bin,27,114,0,73803,19.148936170212767,100.0,0.1542270384350014,-7.125,8.75,2,0,25,73917,100.0,7.407407407407407,0.0,24,3,3,73914,88.88888888888889,88.88888888888889,0.0040586062746053005,27,23,0,73894,54.0,100.0,0.03111598143864064,27,1451,0,72466,1.8267929634641407,100.0,1.9630125681507637
73588,28,96.10998376623377,99.99801015693552,0.017665923791922594,-0.66796875,141,315,/home/jasongao/Data/STU/val/141/velodyne/000315.bin,28,111,0,73477,20.14388489208633,100.0,0.1508398108387237,-7.15625,10.9375,17,0,11,73588,100.0,60.714285714285715,0.0,24,7,4,73581,77.41935483870968,85.71428571428571,0.009512420503342936,28,27,0,73561,50.90909090909091,100.0,0.03669076479860847,28,1442,0,72146,1.9047619047619047,100.0,1.9595586236886449
75116,27,97.2282797504693,99.99901387089203,0.00532509718302359,2.484375,141,316,/home/jasongao/Data/STU/val/141/velodyne/000316.bin,27,239,0,74877,10.150375939849624,100.0,0.3181745566856595,-5.90625,10.25,15,0,12,75116,100.0,55.55555555555556,0.0,24,4,3,75112,85.71428571428571,88.88888888888889,0.00532509718302359,27,16,0,75100,62.7906976744186,100.0,0.02130038873209436,27,1507,0,73609,1.7601043024771839,100.0,2.0062303637041374
76490,25,85.6833649237388,99.98786769512354,0.09412995162766374,-0.5859375,141,317,/home/jasongao/Data/STU/val/141/velodyne/000317.bin,25,581,0,75909,4.125412541254126,100.0,0.7595764152176755,-0.7109375,7.375,1,0,24,76490,100.0,4.0,0.0,23,4,2,76486,85.18518518518519,92.0,0.00522944175709243,25,350,0,76140,6.666666666666667,100.0,0.45757615374558763,25,1779,0,74711,1.3858093126385809,100.0,2.3257942214668583
77758,28,96.54979292856783,99.99875988873906,0.0051441652305872065,5.625,141,318,/home/jasongao/Data/STU/val/141/velodyne/000318.bin,28,226,0,77532,11.023622047244094,100.0,0.2906453355281772,-6.34375,11.4375,20,1,8,77757,95.23809523809524,71.42857142857143,0.0012860413076468016,28,4,0,77754,87.5,100.0,0.0051441652305872065,28,18,0,77740,60.869565217391305,100.0,0.02314874353764243,28,2720,0,75038,1.0189228529839884,100.0,3.4980323567993006
78108,29,97.73730520565522,99.99902875417415,0.007681671531725304,-0.25,141,319,/home/jasongao/Data/STU/val/141/velodyne/000319.bin,29,732,0,77376,3.8107752956636007,100.0,0.937163926870487,-3.921875,9.75,13,0,16,78108,100.0,44.827586206896555,0.0,26,6,3,78102,81.25,89.65517241379311,0.007681671531725304,29,58,0,78050,33.333333333333336,100.0,0.07425615814001127,29,4026,0,74082,0.7151664611590629,100.0,5.154401597787679
77922,31,98.25303177307273,99.99929623585537,0.00128333461666795,5.5625,141,320,/home/jasongao/Data/STU/val/141/velodyne/000320.bin,31,391,0,77531,7.345971563981043,100.0,0.5017838351171684,-0.51171875,9.3125,12,0,19,77922,100.0,38.70967741935484,0.0,30,2,1,77920,93.75,96.7741935483871,0.0025666692333359,31,142,0,77780,17.91907514450867,100.0,0.1822335155668489,31,2721,0,75201,1.126453488372093,100.0,3.491953491953492
77989,32,98.82148692810458,99.99935888394516,0.0038466963289694703,6.3125,141,321,/home/jasongao/Data/STU/val/141/velodyne/000321.bin,32,505,0,77484,5.95903165735568,100.0,0.6475272153765275,-4.125,11.5625,22,0,10,77989,100.0,68.75,0.0,32,16,0,77973,66.66666666666667,100.0,0.02051571375450384,32,57,0,77932,35.95505617977528,100.0,0.07308723025041994,32,3392,0,74597,0.9345794392523364,100.0,4.349331315954814
77756,32,97.19952751741545,99.9988344950872,0.006430371932712588,4.625,141,322,/home/jasongao/Data/STU/val/141/velodyne/000322.bin,32,246,0,77510,11.510791366906474,100.0,0.31637429908945935,-6.34375,10.0,16,0,16,77756,100.0,50.0,0.0,32,5,0,77751,86.48648648648648,100.0,0.006430371932712588,32,15,0,77741,68.08510638297872,100.0,0.019291115798137765,32,2378,0,75378,1.3278008298755186,100.0,3.058284891198107
78743,33,88.58361751213646,99.94523803751291,0.5663995529761375,2.890625,141,323,/home/jasongao/Data/STU/val/141/velodyne/000323.bin,33,3174,0,75569,1.028999064546305,100.0,4.030834486875023,5.84375,10.375,17,0,16,78743,100.0,51.515151515151516,0.0,31,423,2,78320,6.828193832599119,93.93939393939394,0.5371906074190722,33,2531,0,76212,1.2870514820592824,100.0,3.214253965431848,33,5239,0,73504,0.625948406676783,100.0,6.653289816237634
78920,34,99.01720828191417,99.99951551832086,0.007602635580334516,3.578125,141,324,/home/jasongao/Data/STU/val/141/velodyne/000324.bin,34,49,0,78871,40.963855421686745,100.0,0.06208819057273188,-8.75,12.25,27,0,7,78920,100.0,79.41176470588235,0.0,33,6,1,78914,84.61538461538461,97.05882352941177,0.007602635580334516,34,14,0,78906,70.83333333333333,100.0,0.017739483020780537,34,1378,0,77542,2.407932011331445,100.0,1.7460719716168271
78987,35,96.75492676259826,99.99855310729252,0.006330155595224531,4.5625,141,325,/home/jasongao/Data/STU/val/141/velodyne/000325.bin,35,62,0,78925,36.08247422680412,100.0,0.07849392938078419,-8.8125,11.375,24,0,11,78987,100.0,68.57142857142857,0.0,35,6,0,78981,85.36585365853658,100.0,0.0075961867142694366,35,20,0,78967,63.63636363636363,100.0,0.025320622380898123,35,1315,0,77672,2.5925925925925926,100.0,1.6648309215440515
80045,36,91.58364988017047,99.8528952464239,1.9139234180773315,-11.9375,141,326,/home/jasongao/Data/STU/val/141/velodyne/000326.bin,33,461,3,79584,6.680161943319838,91.66666666666667,0.5759260416015991,-4.28125,11.875,30,0,6,80045,100.0,83.33333333333333,0.0,33,4,3,80041,89.1891891891892,91.66666666666667,0.004997189081141858,33,40,3,80005,45.205479452054796,91.66666666666667,0.049971890811418576,36,2427,0,77618,1.46163215590743,100.0,3.0320444749828224
80678,38,97.2115902597895,99.99840170345793,0.014873943330275913,-0.7109375,141,327,/home/jasongao/Data/STU/val/141/velodyne/000327.bin,38,494,0,80184,7.142857142857143,100.0,0.6123106670963584,-5.21875,10.625,25,0,13,80678,100.0,65.78947368421052,0.0,33,6,5,80672,84.61538461538461,86.84210526315789,0.007436971665137956,38,20,0,80658,65.51724137931035,100.0,0.024789905550459852,38,2778,0,77900,1.3494318181818181,100.0,3.4433178809588734
81998,42,99.18679073347037,99.99962252273284,0.0012195419400473182,7.96875,141,328,/home/jasongao/Data/STU/val/141/velodyne/000328.bin,42,451,0,81547,8.519269776876268,100.0,0.5500134149613405,-4.875,11.5625,30,1,12,81997,96.7741935483871,71.42857142857143,0.0012195419400473182,42,7,0,81991,85.71428571428571,100.0,0.008536793580331228,42,41,0,81957,50.602409638554214,100.0,0.05000121954194005,42,2904,0,79094,1.4256619144602851,100.0,3.541549793897412
83996,38,89.65793489892017,99.73476180570002,2.394161626744131,-6.75,141,329,/home/jasongao/Data/STU/val/141/velodyne/000329.bin,37,2433,1,81563,1.4979757085020242,97.36842105263158,2.8965665031668175,1.5703125,12.625,30,0,8,83996,100.0,78.94736842105263,0.0,34,7,4,83989,82.92682926829268,89.47368421052632,0.008333730177627506,34,1009,4,82987,3.2598274209012463,89.47368421052632,1.201247678460879,38,4586,0,79410,0.8217993079584776,100.0,5.459783799228535
85249,44,93.28434219823242,99.97952521970397,0.15835962885195135,-2.5,141,330,/home/jasongao/Data/STU/val/141/velodyne/000330.bin,44,1626,0,83623,2.6347305389221556,100.0,1.9073537519501695,-1.9296875,11.6875,35,0,9,85249,100.0,79.54545454545455,0.0,40,8,4,85241,83.33333333333333,90.9090909090909,0.009384274302337858,43,345,1,84904,11.082474226804123,97.72727272727273,0.40469682928832007,44,4062,0,81187,1.071602532878714,100.0,4.764865277012047
87102,43,93.94097194555927,99.97659787268921,0.22961585267846893,7.375,141,331,/home/jasongao/Data/STU/val/141/velodyne/000331.bin,43,1592,0,85510,2.6299694189602447,100.0,1.8277421873206126,8.0,13.125,40,0,3,87102,100.0,93.02325581395348,0.0,43,421,0,86681,9.267241379310345,100.0,0.48334136988817705,43,821,0,86281,4.976851851851852,100.0,0.9425730752451149,43,4029,0,83073,1.0559921414538311,100.0,4.625611352207756
88854,47,34.813486172245625,99.93089308830312,0.15306007607986133,5.21875,141,332,/home/jasongao/Data/STU/val/141/velodyne/000332.bin,47,1047,0,87807,4.296160877513711,100.0,1.178337497467756,11.0625,12.8125,40,117,7,88737,25.477707006369428,85.1063829787234,0.131676683098116,47,175,0,88679,21.17117117117117,100.0,0.19695230377923334,47,442,0,88412,9.611451942740286,100.0,0.49744524725954936,47,3327,0,85527,1.3930053349140485,100.0,3.7443446552771964
90913,47,97.42778706483337,99.9981745465796,0.02199905404067625,1.734375,141,333,/home/jasongao/Data/STU/val/141/velodyne/000333.bin,47,219,0,90694,17.669172932330827,100.0,0.24088964174540495,-5.4375,13.1875,39,0,8,90913,100.0,82.97872340425532,0.0,43,15,4,90898,74.13793103448276,91.48936170212765,0.016499290530507187,47,53,0,90860,47.0,100.0,0.05829749320779207,47,2500,0,88413,1.845308205732234,100.0,2.7498817550845316
93216,49,97.0147608074707,99.99811716653706,0.013946103673189152,-2.078125,141,334,/home/jasongao/Data/STU/val/141/velodyne/000334.bin,49,297,0,92919,14.16184971098266,100.0,0.3186148300720906,-5.53125,12.25,37,0,12,93216,100.0,75.51020408163265,0.0,42,6,7,93210,87.5,85.71428571428571,0.006436663233779609,49,25,0,93191,66.21621621621621,100.0,0.02681943014074837,49,2978,0,90238,1.6187644532540468,100.0,3.1947305183659456
95498,51,98.08139914471774,99.99898365595584,0.0073299964397160145,7.625,141,335,/home/jasongao/Data/STU/val/141/velodyne/000335.bin,51,123,0,95375,29.310344827586206,100.0,0.1287985088692957,-7.6875,12.5,42,2,9,95496,95.45454545454545,82.3529411764706,0.0020942846970617188,51,9,0,95489,85.0,100.0,0.009424281136777733,51,23,0,95475,68.91891891891892,100.0,0.024084274016209762,51,1694,0,93804,2.9226361031518624,100.0,1.7738591384112756
96896,53,99.67183736830691,99.99981501271155,0.0,8.5,141,336,/home/jasongao/Data/STU/val/141/velodyne/000336.bin,53,80,0,96816,39.849624060150376,100.0,0.08256274768824307,-8.4375,12.5625,45,0,8,96896,100.0,84.90566037735849,0.0,53,10,0,96886,84.12698412698413,100.0,0.010320343461030383,53,22,0,96874,70.66666666666667,100.0,0.022704755614266842,53,1266,0,95630,4.018195602729341,100.0,1.3065554821664465
98045,55,98.21770280613666,99.9990171488973,0.006119638941302463,5.875,141,337,/home/jasongao/Data/STU/val/141/velodyne/000337.bin,55,94,0,97951,36.91275167785235,100.0,0.09587434341373859,-8.125,13.0,39,0,16,98045,100.0,70.9090909090909,0.0,55,9,0,98036,85.9375,100.0,0.009179458411953695,55,33,0,98012,62.5,100.0,0.03365801417716355,55,972,0,97073,5.355404089581305,100.0,0.991381508490999
99501,61,99.36615714847945,99.99957163294016,0.002010030049949247,4.28125,141,338,/home/jasongao/Data/STU/val/141/velodyne/000338.bin,61,79,0,99422,43.57142857142857,100.0,0.07939618697299525,-9.0625,12.25,48,0,13,99501,100.0,78.68852459016394,0.0,59,2,2,99499,96.72131147540983,96.72131147540983,0.002010030049949247,61,40,0,99461,60.396039603960396,100.0,0.04020060099898493,61,1226,0,98275,4.73970473970474,100.0,1.2321484206188882
100715,58,98.08147651533157,99.99886158792222,0.0069503053169835665,3.546875,141,339,/home/jasongao/Data/STU/val/141/velodyne/000339.bin,58,67,0,100648,46.4,100.0,0.06652435089112843,-9.1875,13.75,48,1,10,100714,97.95918367346938,82.75862068965517,0.0009929007595690811,57,7,1,100708,89.0625,98.27586206896552,0.006950305316983567,58,19,0,100696,75.32467532467533,100.0,0.01886511443181254,58,988,0,99727,5.544933078393881,100.0,0.9809859504542521
101656,63,99.15924473770505,99.99943788013356,0.003934839065082238,5.6875,141,340,/home/jasongao/Data/STU/val/141/velodyne/000340.bin,63,99,0,101557,38.888888888888886,100.0,0.09738726686078539,-8.1875,11.8125,46,0,17,101656,100.0,73.01587301587301,0.0,63,11,0,101645,85.13513513513513,100.0,0.010820807428976155,63,32,0,101624,66.3157894736842,100.0,0.031478712520657905,63,1245,0,100411,4.81651376146789,100.0,1.2247186590068466
102309,65,97.94792339917944,99.9987368582507,0.006842017808794926,4.625,141,341,/home/jasongao/Data/STU/val/141/velodyne/000341.bin,65,99,0,102210,39.63414634146341,100.0,0.09676568043867108,-8.0625,12.5625,53,3,12,102306,94.64285714285714,81.53846153846153,0.0029322933466263963,65,7,0,102302,90.27777777777777,100.0,0.006842017808794925,65,21,0,102288,75.5813953488372,100.0,0.020526053426384777,65,1892,0,100417,3.321410321921308,100.0,1.849299670605714
102762,67,99.56071814774572,99.9997095157133,0.0019462447208111948,7.25,141,342,/home/jasongao/Data/STU/val/141/velodyne/000342.bin,67,55,0,102707,54.91803278688525,100.0,0.05352172982230786,-9.1875,12.0,57,0,10,102762,100.0,85.07462686567165,0.0,67,8,0,102754,89.33333333333333,100.0,0.007784978883244779,67,21,0,102741,76.13636363636364,100.0,0.020435569568517546,67,1430,0,101332,4.47561790247161,100.0,1.3915649753800043
103097,65,90.90044244560154,99.99697820051468,0.0067897223003579145,7.96875,141,343,/home/jasongao/Data/STU/val/141/velodyne/000343.bin,65,125,0,102972,34.21052631578947,100.0,0.12124504107781992,-7.71875,12.8125,53,5,12,103092,91.37931034482759,81.53846153846153,0.0048498016431127965,65,10,0,103087,86.66666666666667,100.0,0.009699603286225593,65,18,0,103079,78.3132530120482,100.0,0.01745928591520607,65,1469,0,101628,4.237288135593221,100.0,1.4248717227465397
103303,72,99.2137393138897,99.9994218733026,0.006776182685885212,3.34375,141,344,/home/jasongao/Data/STU/val/141/velodyne/000344.bin,72,328,0,102975,18.0,100.0,0.31751256013862134,-5.65625,11.6875,55,0,17,103303,100.0,76.38888888888889,0.0,70,7,2,103296,90.9090909090909,97.22222222222223,0.006776182685885212,72,34,0,103269,67.9245283018868,100.0,0.03291288733144246,72,2182,0,101121,3.194321206743567,100.0,2.1122329458002187
103487,70,96.1918983529221,99.99764635723741,0.013528269251210296,2.8125,141,345,/home/jasongao/Data/STU/val/141/velodyne/000345.bin,70,325,0,103162,17.72151898734177,100.0,0.3140491076173819,-6.21875,12.3125,59,5,11,103482,92.1875,84.28571428571429,0.004831524732575106,65,14,5,103473,82.27848101265823,92.85714285714286,0.013528269251210296,70,28,0,103459,71.42857142857143,100.0,0.027056538502420593,70,1658,0,101829,4.050925925925926,100.0,1.6021336013219052
103507,80,98.00210403829067,99.9979771899485,0.01062730056904364,0.119140625,141,346,/home/jasongao/Data/STU/val/141/velodyne/000346.bin,80,601,0,102906,11.747430249632894,100.0,0.5806370583632025,-2.84375,12.9375,72,0,8,103507,100.0,90.0,0.0,73,9,7,103498,89.02439024390245,91.25,0.008695064101944795,80,169,0,103338,32.1285140562249,100.0,0.16327398146985228,80,1616,0,101891,4.716981132075472,100.0,1.5612470654158657
103058,76,92.95172052166689,99.99648894694964,0.007762619107686934,6.25,141,347,/home/jasongao/Data/STU/val/141/velodyne/000347.bin,76,120,0,102938,38.775510204081634,100.0,0.116439286615304,-7.15625,13.3125,69,8,7,103050,89.6103896103896,90.78947368421052,0.007762619107686933,76,10,0,103048,88.37209302325581,100.0,0.009703273884608668,76,58,0,103000,56.71641791044776,100.0,0.05627898853073027,76,1148,0,101910,6.209150326797386,100.0,1.113935841953075
103200,80,90.42183517857696,99.99547601744186,0.007751937984496125,3.40625,141,348,/home/jasongao/Data/STU/val/141/velodyne/000348.bin,80,158,0,103042,33.61344537815126,100.0,0.15310077519379844,-6.0625,12.4375,68,8,12,103192,89.47368421052632,85.0,0.007751937984496124,77,8,3,103192,90.58823529411765,96.25,0.007751937984496124,80,34,0,103166,70.17543859649123,100.0,0.03294573643410853,80,1623,0,101577,4.697592483852026,100.0,1.572674418604651
104257,89,99.60057181746411,99.99966590770238,0.0019183364186577399,5.5625,141,349,/home/jasongao/Data/STU/val/141/velodyne/000349.bin,89,166,0,104091,34.90196078431372,100.0,0.15922192274859243,-6.0625,14.25,83,1,6,104256,98.80952380952381,93.25842696629213,0.00095916820932887,89,6,0,104251,93.6842105263158,100.0,0.00575500925597322,89,41,0,104216,68.46153846153847,100.0,0.03932589658248367,89,1192,0,103065,6.947697111631538,100.0,1.143328505520013
105064,90,99.16881777152386,99.99931787608823,0.006662605649889592,6.71875,141,350,/home/jasongao/Data/STU/val/141/velodyne/000350.bin,90,180,0,104884,33.333333333333336,100.0,0.1713241452828752,-6.1875,12.625,77,1,13,105063,98.71794871794872,85.55555555555556,0.0009518008071270844,90,12,0,105052,88.23529411764706,100.0,0.011421609685525013,90,35,0,105029,72.0,100.0,0.03331302824944796,90,1549,0,103515,5.491153142159853,100.0,1.474339450239854
105330,94,99.0534800861652,99.99912130265368,0.0037975885312826353,6.6875,141,351,/home/jasongao/Data/STU/val/141/velodyne/000351.bin,94,102,0,105228,47.95918367346939,100.0,0.0968385075477072,-8.0,13.125,86,2,8,105328,97.72727272727273,91.48936170212765,0.0018987942656413178,93,13,1,105317,87.73584905660377,98.93617021276596,0.012342162726668566,94,29,0,105301,76.42276422764228,100.0,0.027532516851799107,94,1201,0,104129,7.258687258687258,100.0,1.1402259565176114
105685,96,98.61509667520238,99.99866939489995,0.013246912996167856,5.28125,141,352,/home/jasongao/Data/STU/val/141/velodyne/000352.bin,96,244,0,105441,28.235294117647058,100.0,0.23087476936178267,-4.40625,14.1875,88,1,8,105684,98.87640449438203,91.66666666666667,0.0009462080711548469,96,40,0,105645,70.58823529411765,100.0,0.037848322846193876,96,97,0,105588,49.740932642487046,100.0,0.09178218290202016,96,1452,0,104233,6.2015503875969,100.0,1.3738941193168377
106031,100,99.12534682195839,99.9991464760306,0.007544963265460102,8.375,141,353,/home/jasongao/Data/STU/val/141/velodyne/000353.bin,100,229,0,105802,30.3951367781155,100.0,0.2159745734737954,-3.609375,13.4375,92,4,8,106027,95.83333333333333,92.0,0.0037724816327300505,100,22,0,106009,81.9672131147541,100.0,0.02074864898001528,100,108,0,105923,48.07692307692308,100.0,0.10185700408371137,100,1929,0,104102,4.928536224741252,100.0,1.819279267384067
106199,109,95.58146859859893,99.99668270343429,0.010357912974698442,5.78125,141,354,/home/jasongao/Data/STU/val/141/velodyne/000354.bin,109,439,0,105760,19.89051094890511,100.0,0.41337489053569243,-2.84375,12.6875,96,7,13,106192,93.20388349514563,88.07339449541284,0.006591399165717191,109,12,0,106187,90.08264462809917,100.0,0.011299541426943756,109,151,0,106048,41.92307692307692,100.0,0.14218589628904227,109,2054,0,104145,5.039297272306981,100.0,1.934104840911873
106149,115,90.84555593371884,99.99559683742336,0.007536575945133728,6.90625,141,355,/home/jasongao/Data/STU/val/141/velodyne/000355.bin,115,160,0,105989,41.81818181818182,100.0,0.15073151890267455,-6.5,13.1875,98,8,17,106141,92.45283018867924,85.21739130434783,0.007536575945133727,115,16,0,106133,87.78625954198473,100.0,0.015073151890267453,115,51,0,106098,69.27710843373494,100.0,0.04804567165022751,115,1768,0,104381,6.107275624004249,100.0,1.6655832838745537
105787,118,95.63411800675038,99.99710803592701,0.006617070150396551,8.625,141,356,/home/jasongao/Data/STU/val/141/velodyne/000356.bin,118,110,0,105677,51.75438596491228,100.0,0.10398253093480295,-7.9375,14.3125,109,7,9,105780,93.96551724137932,92.37288135593221,0.006617070150396551,117,15,1,105772,88.63636363636364,99.15254237288136,0.014179436036564038,118,38,0,105749,75.64102564102564,100.0,0.03592123795929557,118,1143,0,104644,9.35765265662173,100.0,1.0804730259861797
105045,124,99.28243104370421,99.99914399205255,0.006663810747774763,8.8125,141,357,/home/jasongao/Data/STU/val/141/velodyne/000357.bin,124,176,0,104869,41.333333333333336,100.0,0.1675472416583369,-5.71875,13.9375,114,2,10,105043,98.27586206896552,91.93548387096774,0.0019039459279356467,123,15,1,105030,89.1304347826087,99.19354838709677,0.01427959445951735,124,55,0,104990,69.27374301675978,100.0,0.05235851301823028,124,1384,0,103661,8.222811671087532,100.0,1.3175305821314676
104773,132,98.23824494742813,99.99844179725925,0.009544443702098823,8.75,141,358,/home/jasongao/Data/STU/val/141/velodyne/000358.bin,132,157,0,104616,45.674740484429066,100.0,0.14984776612295153,-6.03125,15.4375,124,5,8,104768,96.12403100775194,93.93939393939394,0.004772221851049412,132,26,0,104747,83.54430379746836,100.0,0.02481555362545694,132,78,0,104695,62.857142857142854,100.0,0.07444666087637082,132,1173,0,103600,10.114942528735632,100.0,1.119563246256192
104429,139,98.84644315176672,99.99865662057681,0.00861829568414904,9.5625,141,359,/home/jasongao/Data/STU/val/141/velodyne/000359.bin,139,277,0,104152,33.41346153846154,100.0,0.26525198938992045,-4.09375,14.875,130,7,9,104422,94.8905109489051,93.5251798561151,0.006703118865449252,139,27,0,104402,83.73493975903614,100.0,0.025854887052447116,139,92,0,104337,60.17316017316017,100.0,0.08809813366019018,139,1630,0,102799,7.857546636517807,100.0,1.560869107240326
103838,145,99.62488992913033,99.99948527248345,0.0038521543173019508,12.0625,141,360,/home/jasongao/Data/STU/val/141/velodyne/000360.bin,145,97,0,103741,59.917355371900825,100.0,0.09341474219457231,-8.125,15.75,143,9,2,103829,94.07894736842105,98.62068965517241,0.00866734721392939,145,22,0,103816,86.82634730538922,100.0,0.02118684874516073,145,38,0,103800,79.23497267759562,100.0,0.036595466014368534,145,1565,0,102273,8.47953216374269,100.0,1.5071553766443884
103492,154,99.09829421909313,99.99855688701203,0.01835890696865458,4.46875,141,361,/home/jasongao/Data/STU/val/141/velodyne/000361.bin,154,154,0,103338,50.0,100.0,0.14880377227225292,-6.46875,17.25,142,10,12,103482,93.42105263157895,92.20779220779221,0.009662582615081359,154,20,0,103472,88.50574712643679,100.0,0.019325165230162717,154,65,0,103427,70.31963470319634,100.0,0.06280678699802883,154,1453,0,102039,9.583074051026758,100.0,1.4039732539713214
103131,164,99.94144426037664,99.99990244470035,0.0,11.625,141,362,/home/jasongao/Data/STU/val/141/velodyne/000362.bin,164,195,0,102936,45.682451253481894,100.0,0.18907990807807545,-5.09375,15.9375,163,1,1,103130,99.39024390243902,99.39024390243902,0.0009696405542465408,164,26,0,103105,86.3157894736842,100.0,0.025210654410410063,164,75,0,103056,68.61924686192468,100.0,0.07272304156849056,164,1412,0,101719,10.406091370558375,100.0,1.3691324625961157
102585,165,99.29192661383131,99.99892771847735,0.0038992055368718623,10.5625,141,363,/home/jasongao/Data/STU/val/141/velodyne/000363.bin,165,173,0,102412,48.81656804733728,100.0,0.16864063946970806,-5.125,13.6875,161,9,4,102576,94.70588235294117,97.57575757575758,0.00877321245796169,165,48,0,102537,77.46478873239437,100.0,0.04679046644246235,165,86,0,102499,65.73705179282868,100.0,0.08383291904274504,165,1962,0,100623,7.757404795486601,100.0,1.9125603158356486
102590,178,98.3137262491232,99.9972783557545,0.014621308119699777,5.53125,141,364,/home/jasongao/Data/STU/val/141/velodyne/000364.bin,178,244,0,102346,42.18009478672986,100.0,0.23783994541378303,-4.65625,15.1875,164,11,14,102579,93.71428571428571,92.13483146067416,0.01072229262111317,178,21,0,102569,89.44723618090453,100.0,0.020469831367579686,178,83,0,102507,68.19923371647509,100.0,0.08090457159567209,178,2271,0,100319,7.26827276439363,100.0,2.213666049322546
102373,186,95.00356766191635,99.99355351277623,0.014652300899651275,7.59375,141,365,/home/jasongao/Data/STU/val/141/velodyne/000365.bin,186,303,0,102070,38.03680981595092,100.0,0.29597647817295575,-3.140625,13.75,172,12,14,102361,93.47826086956522,92.47311827956989,0.01172184071972102,186,31,0,102342,85.71428571428571,100.0,0.030281421859279303,186,117,0,102256,61.386138613861384,100.0,0.11428794701727994,186,1983,0,100390,8.575380359612724,100.0,1.9370341789338985
102371,197,96.89817508846699,99.99516786931102,0.01562942630237079,11.375,141,366,/home/jasongao/Data/STU/val/141/velodyne/000366.bin,197,155,0,102216,55.96590909090909,100.0,0.15141006730421702,-6.65625,16.875,190,16,7,102355,92.23300970873787,96.44670050761421,0.01562942630237079,197,36,0,102335,84.54935622317596,100.0,0.03516620918033427,197,65,0,102306,75.19083969465649,100.0,0.06349454435338132,197,1795,0,100576,9.889558232931726,100.0,1.7534262632972228
102323,201,96.19891676597679,99.9937691214189,0.018568650254585966,12.8125,141,367,/home/jasongao/Data/STU/val/141/velodyne/000367.bin,201,267,0,102056,42.94871794871795,100.0,0.2609384009460239,-4.375,15.9375,196,20,5,102303,90.74074074074075,97.51243781094527,0.019545947636406283,201,41,0,102282,83.05785123966942,100.0,0.04006919265463288,201,86,0,102237,70.03484320557492,100.0,0.08404757483654701,201,2122,0,100201,8.65260439087387,100.0,2.0738250442227066
102243,216,91.74254202634842,99.99124498607348,0.012714806881644709,10.75,141,368,/home/jasongao/Data/STU/val/141/velodyne/000368.bin,216,581,0,101662,27.101631116687578,100.0,0.5682540614027366,4.03125,14.6875,209,13,7,102230,94.14414414414415,96.75925925925925,0.012714806881644709,216,126,0,102117,63.1578947368421,100.0,0.12323582054517179,216,387,0,101856,35.82089552238806,100.0,0.3785100202458848,216,2164,0,100079,9.07563025210084,100.0,2.1165263147599345
102197,220,96.24496917857877,99.99296590275289,0.023484055304950242,12.0,141,369,/home/jasongao/Data/STU/val/141/velodyne/000369.bin,220,716,0,101481,23.504273504273506,100.0,0.7006076499310155,6.75,16.125,213,25,7,102172,89.49579831932773,96.81818181818181,0.02446255760932317,220,337,0,101860,39.497307001795335,100.0,0.3297552765736763,220,536,0,101661,29.1005291005291,100.0,0.5244772351438888,220,2339,0,99858,8.597108245408362,100.0,2.288716889928276
102049,239,73.7170604163918,99.93303733693278,0.23910082411390607,10.875,141,370,/home/jasongao/Data/STU/val/141/velodyne/000370.bin,239,773,0,101276,23.616600790513836,100.0,0.7574792501641369,12.875,14.25,232,274,7,101775,45.8498023715415,97.07112970711297,0.26849846642299285,239,585,0,101464,29.00485436893204,100.0,0.5732540250271928,239,651,0,101398,26.853932584269664,100.0,0.6379288381071838,239,2875,0,99174,7.675016056518946,100.0,2.8172740546208193
101713,250,99.22052469988441,99.9979628955984,0.01474737742471464,10.875,141,371,/home/jasongao/Data/STU/val/141/velodyne/000371.bin,250,746,0,100967,25.100401606425702,100.0,0.733436237255808,5.78125,15.5625,242,16,8,101697,93.7984496124031,96.8,0.015730535919695615,250,374,0,101339,40.06410256410256,100.0,0.367701277122885,250,630,0,101083,28.40909090909091,100.0,0.6193898518380148,250,2863,0,98850,8.030838419531,100.0,2.8147827711305338
101535,256,98.69917058069547,99.99673565457724,0.024622051509331756,11.1875,141,372,/home/jasongao/Data/STU/val/141/velodyne/000372.bin,256,876,0,100659,22.614840989399294,100.0,0.8627566848869848,6.78125,16.25,250,30,6,101505,89.28571428571429,97.65625,0.029546461811198108,256,444,0,101091,36.57142857142857,100.0,0.437287634805732,256,669,0,100866,27.675675675675677,100.0,0.6588860983897178,256,2467,0,99068,9.401395519647448,100.0,2.4297040429408576
101380,275,53.05121655201649,99.80569952832725,0.4271059380548432,10.4375,141,373,/home/jasongao/Data/STU/val/141/velodyne/000373.bin,275,772,0,100608,26.26552053486151,100.0,0.761491418425725,14.0,13.375,262,448,13,100932,36.901408450704224,95.27272727272727,0.4419017557703689,275,559,0,100821,32.97362110311751,100.0,0.5513908068652594,275,620,0,100760,30.726256983240223,100.0,0.6115604655750642,275,2325,0,99055,10.576923076923077,100.0,2.2933517459064903
101175,296,39.11434627435556,99.71442476575908,0.4665184086978008,10.375,141,374,/home/jasongao/Data/STU/val/141/velodyne/000374.bin,296,697,0,100478,29.808660624370596,100.0,0.6889053619965406,17.375,15.875,286,472,10,100703,37.73087071240106,96.62162162162163,0.4665184086978008,296,530,0,100645,35.83535108958838,100.0,0.5238448233259204,296,596,0,100579,33.18385650224215,100.0,0.5890783296268841,296,2028,0,99147,12.736660929432015,100.0,2.004447739065975
101026,308,24.385731052808616,99.57783305621982,0.45631817551917325,9.875,141,375,/home/jasongao/Data/STU/val/141/velodyne/000375.bin,308,761,0,100265,28.81197380729654,100.0,0.753271435076119,19.625,14.1875,291,459,17,100567,38.8,94.48051948051948,0.454338487122127,308,489,0,100537,38.64491844416562,100.0,0.48403381307782156,308,547,0,100479,36.0233918128655,100.0,0.5414447765921644,308,2905,0,98121,9.586056644880175,100.0,2.8754973967097577
100871,325,28.458236149444833,99.63946792666644,0.3846497011033895,8.4375,141,376,/home/jasongao/Data/STU/val/141/velodyne/000376.bin,325,687,0,100184,32.11462450592885,100.0,0.6810678986031664,20.875,14.3125,299,374,26,100497,44.42793462109955,92.0,0.3707705881769785,324,415,1,100456,43.843031123139376,99.6923076923077,0.41141656174718205,325,502,0,100369,39.29866989117291,100.0,0.49766533493273585,325,2871,0,98000,10.168961201501878,100.0,2.8462095151232765
100755,331,34.27740256063444,99.73274136762909,0.30469951863431094,9.1875,141,377,/home/jasongao/Data/STU/val/141/velodyne/000377.bin,331,578,0,100177,36.41364136413642,100.0,0.5736688005558037,20.75,13.3125,299,298,32,100457,50.083752093802346,90.33232628398791,0.29576695945610637,331,355,0,100400,48.25072886297376,100.0,0.3523398342514019,331,430,0,100325,43.49540078843627,100.0,0.42677782740310655,331,2618,0,98137,11.224143777551712,100.0,2.5983822142821698
100611,361,57.15206697417955,99.85106924668116,0.2127004005526235,6.875,141,378,/home/jasongao/Data/STU/val/141/velodyne/000378.bin,361,368,0,100243,49.519890260631,100.0,0.3657651747820815,16.0,12.6875,314,184,47,100427,63.05220883534137,86.98060941828255,0.18288258739104074,359,231,2,100380,60.847457627118644,99.44598337950139,0.229597161344187,361,262,0,100349,57.9454253611557,100.0,0.2604089016111558,361,2139,0,98472,14.44,100.0,2.1260100784208484
100409,374,70.34716937993079,99.91987184181403,0.11054785925564442,7.625,141,379,/home/jasongao/Data/STU/val/141/velodyne/000379.bin,374,225,0,100184,62.43739565943239,100.0,0.22408349849117112,13.5625,13.0,299,109,75,100300,73.2843137254902,79.94652406417113,0.1085560059357229,374,119,0,100290,75.86206896551724,100.0,0.1185152725353305,374,159,0,100250,70.1688555347092,100.0,0.1583523389337609,374,1881,0,98528,16.585365853658537,100.0,1.8733380473861905
100393,316,72.83170520433076,99.95356067111946,0.05279252537527517,0.6640625,141,380,/home/jasongao/Data/STU/val/141/velodyne/000380.bin,315,138,1,100255,69.5364238410596,99.68354430379746,0.13745978305260326,-5.5625,8.0625,112,50,204,100343,69.1358024691358,35.44303797468354,0.04980426922195771,290,52,26,100341,84.7953216374269,91.77215189873418,0.05179643999083602,315,71,1,100322,81.60621761658031,99.68354430379746,0.07072206229517994,316,1030,0,99363,23.476968796433876,100.0,1.0259679459723288
100267,244,99.50556325948381,99.99868588573428,0.0029920113297495685,5.84375,141,381,/home/jasongao/Data/STU/val/141/velodyne/000381.bin,244,157,0,100110,60.84788029925187,100.0,0.1565819262568941,-4.3125,13.4375,189,0,55,100267,100.0,77.45901639344262,0.0,241,31,3,100236,88.6029411764706,98.77049180327869,0.03091745040741221,244,92,0,100175,72.61904761904762,100.0,0.09175501411232011,244,1438,0,98829,14.50653983353151,100.0,1.43417076405996
100553,149,84.44171865638708,99.9846853610941,0.02187900907978877,5.09375,141,382,/home/jasongao/Data/STU/val/141/velodyne/000382.bin,149,139,0,100414,51.736111111111114,100.0,0.1382355573677563,-6.84375,17.5,120,22,29,100531,84.50704225352112,80.53691275167785,0.021879009079788767,147,26,2,100527,84.97109826589596,98.65771812080537,0.025857010730659453,149,59,0,100494,71.63461538461539,100.0,0.05867552435034261,149,1852,0,98701,7.446276861569215,100.0,1.8418147643531273
100616,60,40.53472894635974,99.96263019798045,0.042736741671304763,4.15625,141,383,/home/jasongao/Data/STU/val/141/velodyne/000383.bin,60,150,0,100466,28.571428571428573,100.0,0.14908165699292358,-6.03125,16.25,36,41,24,100575,46.753246753246756,60.0,0.04074898624473245,59,44,1,100572,57.28155339805825,98.33333333333333,0.04373061938459092,60,65,0,100551,48.0,100.0,0.06460205136360023,60,1327,0,99289,4.325883201153569,100.0,1.3188757255307306
100655,37,45.027734902009925,99.97784779961522,0.05265510903581541,-2.8125,141,384,/home/jasongao/Data/STU/val/141/velodyne/000384.bin,37,195,0,100460,15.948275862068966,100.0,0.193731061546868,-5.5625,6.78125,2,17,35,100638,10.526315789473685,5.405405405405405,0.01688937459639362,32,18,5,100637,64.0,86.48648648648648,0.017882867219710892,36,66,1,100589,35.294117647058826,97.29729729729729,0.06557051313893994,37,1867,0,98788,1.9432773109243697,100.0,1.8548507277333466
100830,32,85.50233688541402,99.98205519190716,0.20727957949023107,7.5,141,385,/home/jasongao/Data/STU/val/141/velodyne/000385.bin,32,775,0,100055,3.965303593556382,100.0,0.7686204502628186,9.1875,12.25,30,46,2,100784,39.473684210526315,93.75,0.04562134285430924,32,336,0,100494,8.695652173913043,100.0,0.3332341565010414,32,496,0,100334,6.0606060606060606,100.0,0.4919170881682039,32,2625,0,98205,1.204365826119684,100.0,2.6033918476643856
100848,34,97.81760941053538,99.99890633311868,0.011899095668729176,5.625,141,386,/home/jasongao/Data/STU/val/141/velodyne/000386.bin,34,755,0,100093,4.309252217997465,100.0,0.7486514358242107,2.953125,12.125,30,1,4,100847,96.7741935483871,88.23529411764706,0.0009915913057274314,34,100,0,100748,25.37313432835821,100.0,0.09915913057274314,34,371,0,100477,8.395061728395062,100.0,0.36788037442487703,34,2727,0,98121,1.231437884824339,100.0,2.7040694907187053
100933,31,99.1315968359906,99.99971236109037,0.001981512488482459,6.3125,141,387,/home/jasongao/Data/STU/val/141/velodyne/000387.bin,31,477,0,100456,6.102362204724409,100.0,0.4725907285030664,-2.359375,12.5625,25,0,6,100933,100.0,80.64516129032258,0.0,31,9,0,100924,77.5,100.0,0.008916806198171064,31,157,0,100776,16.48936170212766,100.0,0.155548730345873,31,2824,0,98109,1.085814360770578,100.0,2.7978956337372316
100851,32,97.93991824881181,99.99919435603019,0.00892405628104828,3.8125,141,388,/home/jasongao/Data/STU/val/141/velodyne/000388.bin,32,464,0,100387,6.451612903225806,100.0,0.46008467937848907,-3.8125,12.625,27,0,5,100851,100.0,84.375,0.0,32,14,0,100837,69.56521739130434,100.0,0.013881865326075101,32,93,0,100758,25.6,100.0,0.09221524823749888,32,2645,0,98206,1.195367949196862,100.0,2.6226809848191888
100849,34,97.77747375173847,99.99880426939984,0.005949488839750518,5.96875,141,389,/home/jasongao/Data/STU/val/141/velodyne/000389.bin,34,225,0,100624,13.127413127413128,100.0,0.22310583149064442,-5.96875,14.0625,29,0,5,100849,100.0,85.29411764705883,0.0,33,12,1,100837,73.33333333333333,97.05882352941177,0.011898977679501037,34,50,0,100799,40.476190476190474,100.0,0.04957907366458765,34,2328,0,98521,1.4394580863674853,100.0,2.308401669823201
100853,33,99.6012759170654,99.9998497663416,0.0,5.96875,141,390,/home/jasongao/Data/STU/val/141/velodyne/000390.bin,33,270,0,100583,10.891089108910892,100.0,0.2677163792847015,-4.8125,15.1875,26,0,7,100853,100.0,78.78787878787878,0.0,33,6,0,100847,84.61538461538461,100.0,0.005949252872993366,33,58,0,100795,36.26373626373626,100.0,0.057509444438935874,33,1826,0,99027,1.7751479289940828,100.0,1.8105559576809813
100873,32,94.81872294372295,99.9972118406313,0.026766329939627055,-0.36328125,141,391,/home/jasongao/Data/STU/val/141/velodyne/000391.bin,32,135,0,100738,19.161676646706585,100.0,0.13383164969813527,-7.03125,12.8125,25,0,7,100873,100.0,78.125,0.0,28,11,4,100862,71.7948717948718,87.5,0.010904801086514726,32,58,0,100815,35.55555555555556,100.0,0.057498042092532196,32,1452,0,99421,2.1563342318059298,100.0,1.4394337434199438
100988,39,97.58417878460695,99.99898439316985,0.007921733275240622,2.453125,141,392,/home/jasongao/Data/STU/val/141/velodyne/000392.bin,39,205,0,100783,15.98360655737705,100.0,0.20299441517804095,-5.03125,14.8125,26,0,13,100988,100.0,66.66666666666667,0.0,37,7,2,100981,84.0909090909091,94.87179487179488,0.006931516615835544,39,59,0,100929,39.795918367346935,100.0,0.05842278290489959,39,2188,0,98800,1.7512348450830715,100.0,2.1665940507783104
100934,43,97.25843440780342,99.9985830022013,0.01387044999702776,4.5,141,393,/home/jasongao/Data/STU/val/141/velodyne/000393.bin,43,248,0,100686,14.776632302405499,100.0,0.24570511423306318,-5.25,14.4375,30,0,13,100934,100.0,69.76744186046511,0.0,43,19,0,100915,69.35483870967742,100.0,0.01882418213882339,43,58,0,100876,42.57425742574257,100.0,0.057463292844829296,43,2218,0,98716,1.9018133569217162,100.0,2.197475578100541
101112,41,94.69084821458318,99.9965264309657,0.019780045889706464,1.4765625,141,394,/home/jasongao/Data/STU/val/141/velodyne/000394.bin,41,160,0,100952,20.398009950248756,100.0,0.15824036711765171,-6.4375,16.125,29,0,12,101112,100.0,70.73170731707317,0.0,36,18,5,101094,66.66666666666667,87.8048780487805,0.01780204130073582,41,71,0,101041,36.607142857142854,100.0,0.07021916290845795,41,1812,0,99300,2.212628170534269,100.0,1.7920721576074057
100990,41,97.47191398458676,99.99869583803275,0.004950985246063967,5.03125,141,395,/home/jasongao/Data/STU/val/141/velodyne/000395.bin,41,155,0,100835,20.918367346938776,100.0,0.15348054262798297,-6.59375,15.5625,29,0,12,100990,100.0,70.73170731707317,0.0,39,15,2,100975,72.22222222222223,95.1219512195122,0.014852955738191901,41,58,0,100932,41.41414141414141,100.0,0.05743142885434201,41,2014,0,98976,1.9951338199513382,100.0,1.9942568571145658
100920,47,92.07077257233792,99.99098717332457,0.033690051525961155,-3.421875,141,396,/home/jasongao/Data/STU/val/141/velodyne/000396.bin,45,82,2,100838,35.43307086614173,95.74468085106383,0.08125247720967102,-9.0,12.25,24,0,23,100920,100.0,51.06382978723404,0.0,39,11,8,100909,78.0,82.97872340425532,0.010899722552516845,45,34,2,100886,56.962025316455694,95.74468085106383,0.033690051525961155,47,1143,0,99777,3.9495798319327733,100.0,1.1325802615933414
100425,48,96.12576584403058,99.99741722678617,0.0069703759024147376,2.6875,141,397,/home/jasongao/Data/STU/val/141/velodyne/000397.bin,48,162,0,100263,22.857142857142858,100.0,0.16131441374159822,-6.34375,11.5,29,0,19,100425,100.0,60.416666666666664,0.0,45,6,3,100419,88.23529411764706,93.75,0.00597460791635549,47,42,1,100383,52.80898876404494,97.91666666666667,0.041822255414488425,48,1546,0,98879,3.0112923462986196,100.0,1.5394573064475978
100156,49,96.84974954503733,99.99830876078215,0.010982866727904468,1.09375,141,398,/home/jasongao/Data/STU/val/141/velodyne/000398.bin,49,115,0,100041,29.878048780487806,100.0,0.11482087942809217,-7.46875,10.8125,29,1,20,100155,96.66666666666667,59.183673469387756,0.0009984424298094972,46,8,3,100148,85.18518518518519,93.87755102040816,0.007987539438475978,49,25,0,100131,66.21621621621621,100.0,0.02496106074523743,49,1836,0,98320,2.59946949602122,100.0,1.8331403011302367
99283,40,94.04080891331634,99.98958784484756,0.1480616016840748,3.0,141,399,/home/jasongao/Data/STU/val/141/velodyne/000399.bin,40,371,0,98912,9.732360097323602,100.0,0.37367928044076026,3.78125,13.375,32,0,8,99283,100.0,80.0,0.0,39,150,1,99133,20.634920634920636,97.5,0.15108326702456615,40,307,0,98976,11.527377521613833,100.0,0.3092170865102787,40,1888,0,97395,2.074688796680498,100.0,1.9016347209492057
98461,34,91.60026748167796,99.98401875451432,0.22750124414742892,2.546875,141,400,/home/jasongao/Data/STU/val/141/velodyne/000400.bin,34,354,0,98107,8.762886597938145,100.0,0.3595332161972761,5.875,12.0625,26,0,8,98461,100.0,76.47058823529412,0.0,32,218,2,98243,12.8,94.11764705882354,0.22140746082205137,34,271,0,98190,11.147540983606557,100.0,0.2752358801962198,34,1699,0,96762,1.9619157530294287,100.0,1.7255563116360793
97711,28,89.00835172447982,99.98629339875463,0.10848317998997042,6.40625,141,401,/home/jasongao/Data/STU/val/141/velodyne/000401.bin,28,296,0,97415,8.641975308641975,100.0,0.3029341629908608,6.53125,11.8125,24,1,4,97710,96.0,85.71428571428571,0.0010234262263204756,28,201,0,97510,12.22707423580786,100.0,0.2057086714904156,28,225,0,97486,11.067193675889328,100.0,0.23027090092210703,28,1760,0,95951,1.5659955257270695,100.0,1.8012301583240373
97099,22,99.00950498776587,99.99976593710824,0.002059753447512333,2.59375,141,402,/home/jasongao/Data/STU/val/141/velodyne/000402.bin,22,85,0,97014,20.560747663551403,100.0,0.08753952151927415,-8.4375,5.90625,0,0,22,97099,,0.0,0.0,20,1,2,97098,95.23809523809524,90.9090909090909,0.0010298767237561664,22,16,0,97083,57.89473684210526,100.0,0.016478027580098663,22,1356,0,95743,1.5965166908563135,100.0,1.3965128374133615
96429,17,100.0,100.0,0.0,12.3125,141,403,/home/jasongao/Data/STU/val/141/velodyne/000403.bin,17,75,0,96354,18.47826086956522,100.0,0.07777743210030177,-8.625,13.6875,17,0,0,96429,100.0,100.0,0.0,17,0,0,96429,100.0,100.0,0.0,17,10,0,96419,62.96296296296296,100.0,0.010370324280040236,17,1335,0,95094,1.257396449704142,100.0,1.3844382913853717
95720,11,80.16751934933752,99.99734072864037,0.014625992478061012,1.4296875,141,404,/home/jasongao/Data/STU/val/141/velodyne/000404.bin,11,213,0,95507,4.910714285714286,100.0,0.22252402841621396,-1.265625,2.71875,0,0,11,95720,,0.0,0.0,3,2,8,95718,60.0,27.272727272727273,0.002089427496865859,11,121,0,95599,8.333333333333334,100.0,0.12641036356038446,11,1512,0,94208,0.7222586999343401,100.0,1.5796071876305893
95013,5,100.0,99.99999999999999,0.0,1.484375,141,405,/home/jasongao/Data/STU/val/141/velodyne/000405.bin,5,51,0,94962,8.928571428571429,100.0,0.05367686527106817,-9.3125,2.90625,0,0,5,95013,,0.0,0.0,2,0,3,95013,100.0,40.0,0.0,5,9,0,95004,35.714285714285715,100.0,0.00947238798901203,5,1525,0,93488,0.32679738562091504,100.0,1.6050435203603717
102296,36,100.0,99.99999999999999,0.0,8.9375,141,455,/home/jasongao/Data/STU/val/141/velodyne/000455.bin,36,115,0,102181,23.841059602649008,100.0,0.11241886290764057,-7.59375,10.9375,28,0,8,102296,100.0,77.77777777777777,0.0,36,4,0,102292,90.0,100.0,0.003910221318526629,36,47,0,102249,43.373493975903614,100.0,0.045945100492687886,36,1226,0,101070,2.8526148969889067,100.0,1.1984828341284117
102665,98,100.0,100.0,0.0,17.25,141,456,/home/jasongao/Data/STU/val/141/velodyne/000456.bin,98,57,0,102608,63.225806451612904,100.0,0.055520381824380266,-9.875,19.125,98,0,0,102665,100.0,100.0,0.0,98,1,0,102664,98.98989898989899,100.0,0.0009740417863926363,98,18,0,102647,84.48275862068965,100.0,0.017532752155067454,98,829,0,101836,10.57173678532902,100.0,0.8074806409194955
103005,179,100.0,100.0,0.0,15.3125,141,457,/home/jasongao/Data/STU/val/141/velodyne/000457.bin,179,71,0,102934,71.6,100.0,0.06892869278190379,-9.0625,18.125,179,0,0,103005,100.0,100.0,0.0,179,2,0,103003,98.89502762430939,100.0,0.0019416533178001068,179,14,0,102991,92.74611398963731,100.0,0.013591573224600747,179,1122,0,101883,13.758647194465796,100.0,1.0892675112858599
103349,240,100.0,100.0,0.0,13.5625,141,458,/home/jasongao/Data/STU/val/141/velodyne/000458.bin,240,101,0,103248,70.38123167155425,100.0,0.09772711879166707,-8.0625,18.5,240,0,0,103349,100.0,100.0,0.0,240,0,0,103349,100.0,100.0,0.0,240,28,0,103321,89.55223880597015,100.0,0.027092666595709684,240,1322,0,102027,15.364916773367478,100.0,1.2791609014117213
103474,310,100.0,99.99999999999999,0.0,9.625,141,459,/home/jasongao/Data/STU/val/141/velodyne/000459.bin,310,272,0,103202,53.264604810996566,100.0,0.2628679668322477,-2.96875,18.0,291,0,19,103474,100.0,93.87096774193549,0.0,310,9,0,103465,97.17868338557994,100.0,0.008697837137831725,310,126,0,103348,71.10091743119266,100.0,0.12176971992964417,310,1605,0,101869,16.18798955613577,100.0,1.5511142895799912
103613,380,100.0,100.0,0.0,13.0,141,460,/home/jasongao/Data/STU/val/141/velodyne/000460.bin,380,157,0,103456,70.76350093109869,100.0,0.15152538774092053,-7.0625,17.625,380,0,0,103613,100.0,100.0,0.0,380,0,0,103613,100.0,100.0,0.0,380,30,0,103583,92.6829268292683,100.0,0.028953895746672714,380,1497,0,102116,20.245071923281834,100.0,1.4447993977589684
103985,406,100.00000000000003,99.99999999999999,0.0,12.625,141,461,/home/jasongao/Data/STU/val/141/velodyne/000461.bin,406,138,0,103847,74.63235294117646,100.0,0.13271144876664903,-7.15625,15.5625,406,0,0,103985,100.0,100.0,0.0,406,4,0,103981,99.02439024390245,100.0,0.0038467086599028705,406,45,0,103940,90.02217294900221,100.0,0.043275472423907294,406,1414,0,102571,22.307692307692307,100.0,1.3598115112756648
104477,378,99.3727415284111,99.9979008569416,0.011485781559577706,15.0,141,462,/home/jasongao/Data/STU/val/141/velodyne/000462.bin,378,274,0,104203,57.97546012269939,100.0,0.262258678943691,4.34375,17.875,378,89,0,104388,80.94218415417559,100.0,0.08518621323353465,378,108,0,104369,77.77777777777777,100.0,0.10337203403619935,378,164,0,104313,69.74169741697418,100.0,0.15697234798089532,378,1306,0,103171,22.446555819477435,100.0,1.2500358930673736
104718,345,98.47792215691389,99.9948253016867,0.039152772207261405,11.6875,141,463,/home/jasongao/Data/STU/val/141/velodyne/000463.bin,345,305,0,104413,53.07692307692308,100.0,0.2912584273954812,2.28125,16.375,341,60,4,104658,85.03740648379052,98.84057971014492,0.0572967398155045,345,98,0,104620,77.87810383747178,100.0,0.09358467503199068,345,151,0,104567,69.55645161290323,100.0,0.14419679520235298,345,1515,0,103203,18.548387096774192,100.0,1.4467426803414887
105090,309,99.87283112436435,99.99964123831599,0.0038062612998382337,11.3125,141,464,/home/jasongao/Data/STU/val/141/velodyne/000464.bin,309,215,0,104875,58.969465648854964,100.0,0.20458654486630506,-2.859375,17.375,307,8,2,105082,97.46031746031746,99.35275080906149,0.007612522599676467,309,32,0,105058,90.6158357771261,100.0,0.03045009039870587,309,119,0,104971,72.19626168224299,100.0,0.11323627367018746,309,1276,0,103814,19.49526813880126,100.0,1.2141973546483966
105647,273,99.92222882682366,99.99979890180273,0.0009465484112184918,12.0,141,465,/home/jasongao/Data/STU/val/141/velodyne/000465.bin,273,338,0,105309,44.680851063829785,100.0,0.3199333629918502,0.091796875,16.625,271,7,2,105640,97.4820143884892,99.26739926739927,0.006625838878529442,273,64,0,105583,81.00890207715133,100.0,0.06057909831798347,273,178,0,105469,60.532150776053214,100.0,0.16848561719689154,273,1662,0,103985,14.108527131782946,100.0,1.5731634594451334
106205,266,99.70518991276866,99.99928673904525,0.00470787627701144,9.6875,141,466,/home/jasongao/Data/STU/val/141/velodyne/000466.bin,266,228,0,105977,53.84615384615385,100.0,0.21467915823172168,-4.28125,17.375,252,4,14,106201,98.4375,94.73684210526316,0.003766301021609152,266,25,0,106180,91.40893470790378,100.0,0.0235393813850572,266,95,0,106110,73.6842105263158,100.0,0.08944964926321736,266,1202,0,105003,18.11989100817439,100.0,1.1317734569935503
106100,284,96.39659670863847,99.98982324673773,0.049010367577756835,2.203125,141,467,/home/jasongao/Data/STU/val/141/velodyne/000467.bin,284,279,0,105821,50.44404973357016,100.0,0.2629594721960415,-2.0,16.625,214,4,70,106096,98.1651376146789,75.35211267605634,0.003770028275212064,250,48,34,106052,83.89261744966443,88.02816901408451,0.04524033930254477,284,139,0,105961,67.13947990543736,100.0,0.13100848256361922,284,1612,0,104488,14.978902953586498,100.0,1.5193213949104618
105542,259,98.39066207895534,99.99650087150799,0.017054821777112428,7.875,141,468,/home/jasongao/Data/STU/val/141/velodyne/000468.bin,259,417,0,105125,38.31360946745562,100.0,0.3951033711697713,-1.8984375,15.875,212,7,47,105535,96.80365296803653,81.85328185328186,0.006632430691099278,259,48,0,105494,84.36482084690553,100.0,0.04547952473896648,259,164,0,105378,61.22931442080378,100.0,0.1553883761914688,259,1720,0,103822,13.087417887822133,100.0,1.6296829698129656
106077,233,97.4189965856457,99.99533094855664,0.013197959972472827,5.875,141,469,/home/jasongao/Data/STU/val/141/velodyne/000469.bin,233,250,0,105827,48.24016563146998,100.0,0.23567785665130048,-4.4375,14.75,171,11,62,106066,93.95604395604396,73.39055793991416,0.01036982569265722,229,19,4,106058,92.33870967741936,98.28326180257511,0.017911517105498837,233,87,0,105990,72.8125,100.0,0.08201589411465256,233,1398,0,104679,14.285714285714286,100.0,1.3179105743940722
107086,204,96.9508693886558,99.99534458835174,0.014007433277926152,7.78125,141,470,/home/jasongao/Data/STU/val/141/velodyne/000470.bin,204,229,0,106857,47.11316397228637,100.0,0.2138468147096726,-3.640625,16.375,170,8,34,107078,95.50561797752809,83.33333333333333,0.007470631081560615,204,43,0,107043,82.5910931174089,100.0,0.040154642063388306,204,108,0,106978,65.38461538461539,100.0,0.1008535196010683,204,1058,0,106028,16.164817749603802,100.0,0.9879909605363913
108404,191,98.69632388780303,99.99780006572274,0.012914652595845172,6.3125,141,471,/home/jasongao/Data/STU/val/141/velodyne/000471.bin,191,293,0,108111,39.46280991735537,100.0,0.2702852293273311,-3.28125,14.75,148,1,43,108403,99.32885906040268,77.4869109947644,0.0009224751854175123,191,22,0,108382,89.67136150234742,100.0,0.02029445407918527,191,117,0,108287,62.01298701298701,100.0,0.10792959669384894,191,1436,0,106968,11.73939766441303,100.0,1.3246743662595477
109697,174,98.95260001240227,99.99842565294014,0.007292815664968048,9.0,141,472,/home/jasongao/Data/STU/val/141/velodyne/000472.bin,174,244,0,109453,41.6267942583732,100.0,0.22243087778152548,-3.46875,15.125,151,4,23,109693,97.41935483870968,86.7816091954023,0.0036464078324840244,173,32,1,109665,84.39024390243902,99.42528735632185,0.029171262659872195,174,112,0,109585,60.83916083916084,100.0,0.10209941930955267,174,1216,0,108481,12.517985611510792,100.0,1.1085079810751433
109963,162,99.48184624962404,99.99924216933576,0.005456380782626884,7.875,141,473,/home/jasongao/Data/STU/val/141/velodyne/000473.bin,162,224,0,109739,41.968911917098445,100.0,0.20370488255140365,-5.15625,14.375,143,1,19,109962,99.30555555555556,88.27160493827161,0.0009093967971044807,162,16,0,109947,91.01123595505618,100.0,0.01455034875367169,162,79,0,109884,67.21991701244814,100.0,0.07184234697125397,162,1288,0,108675,11.172413793103448,100.0,1.171303074670571
110366,149,94.97386084245288,99.99515644529666,0.019027599079426635,8.1875,141,474,/home/jasongao/Data/STU/val/141/velodyne/000474.bin,149,240,0,110126,38.303341902313626,100.0,0.21745827519344726,-3.828125,13.75,131,13,18,110353,90.97222222222223,87.91946308724832,0.011778989906311727,148,47,1,110319,75.8974358974359,99.32885906040268,0.042585578892050086,149,109,0,110257,57.751937984496124,100.0,0.09876229998369063,149,1388,0,108978,9.694209499024073,100.0,1.2576336915354367
111052,130,98.39868373564325,99.99819557850931,0.00900479054857184,5.53125,141,475,/home/jasongao/Data/STU/val/141/velodyne/000475.bin,130,342,0,110710,27.54237288135593,100.0,0.30796383676115696,-4.53125,16.25,101,6,29,111046,94.39252336448598,77.6923076923077,0.0054028743291431045,130,13,0,111039,90.9090909090909,100.0,0.011706227713143393,130,81,0,110971,61.611374407582936,100.0,0.07293880344343191,130,1770,0,109282,6.842105263157895,100.0,1.5938479270972157
111825,122,99.71602402033727,99.99970313685392,0.0017885088307623518,6.34375,141,476,/home/jasongao/Data/STU/val/141/velodyne/000476.bin,122,259,0,111566,32.020997375328086,100.0,0.23161189358372458,-4.96875,12.25,94,0,28,111825,100.0,77.04918032786885,0.0,122,14,0,111811,89.70588235294117,100.0,0.012519561815336464,122,78,0,111747,61.0,100.0,0.06975184439973173,122,1517,0,110308,7.443563148261135,100.0,1.356583948133244
112576,114,98.63534366148825,99.9986169187537,0.007994599204093235,6.28125,141,477,/home/jasongao/Data/STU/val/141/velodyne/000477.bin,114,693,0,111883,14.12639405204461,100.0,0.615584138715179,0.5703125,14.625,89,1,25,112575,98.88888888888889,78.0701754385965,0.0008882888004548039,114,38,0,112538,75.0,100.0,0.03375497441728255,114,367,0,112209,23.7006237006237,100.0,0.326001989766913,114,2034,0,110542,5.307262569832402,100.0,1.806779420125071
113388,101,90.20996455695602,99.98410347437537,0.07672769605249233,5.40625,141,478,/home/jasongao/Data/STU/val/141/velodyne/000478.bin,101,1036,0,112352,8.883025505716798,100.0,0.913676932303242,4.90625,12.375,73,7,28,113381,91.25,72.27722772277228,0.006173492785832716,100,257,1,113131,28.011204481792717,99.00990099009901,0.226655377994144,101,628,0,112760,13.854595336076818,100.0,0.5538504956432779,101,2691,0,110697,3.6174785100286533,100.0,2.3732670123822626
114107,91,99.27666348210839,99.9994414342351,0.0008763704242509224,9.0,141,479,/home/jasongao/Data/STU/val/141/velodyne/000479.bin,91,817,0,113290,10.022026431718063,100.0,0.7159946366130036,4.375,14.3125,78,1,13,114106,98.73417721518987,85.71428571428571,0.0008763704242509224,91,167,0,113940,35.27131782945737,100.0,0.14635386084990404,91,523,0,113584,14.82084690553746,100.0,0.4583417318832324,91,2187,0,111920,3.9947322212467076,100.0,1.9166221178367673
114899,90,87.56068246965931,99.97703296905205,0.14708570135510318,5.4375,141,480,/home/jasongao/Data/STU/val/141/velodyne/000480.bin,90,938,0,113961,8.754863813229573,100.0,0.8163691590005135,7.3125,11.6875,63,4,27,114895,94.02985074626865,70.0,0.0034813183752687143,88,265,2,114634,24.929178470254957,97.77777777777777,0.2306373423615523,90,561,0,114338,13.824884792626728,100.0,0.4882549021314372,90,2293,0,112606,3.776751993285774,100.0,1.9956657586227904
115490,79,95.4090201351488,99.99777502792175,0.006061130833838428,7.25,141,481,/home/jasongao/Data/STU/val/141/velodyne/000481.bin,79,238,0,115252,24.9211356466877,100.0,0.20607844835050654,-5.96875,11.875,59,4,20,115486,93.65079365079364,74.68354430379746,0.0034635033336219588,78,10,1,115480,88.63636363636364,98.73417721518987,0.008658758334054897,79,29,0,115461,73.14814814814815,100.0,0.0251103991687592,79,1520,0,113970,4.940587867417135,100.0,1.3161312667763443
115984,79,97.49234249308205,99.99850481340944,0.006897503103876396,4.875,141,482,/home/jasongao/Data/STU/val/141/velodyne/000482.bin,79,111,0,115873,41.578947368421055,100.0,0.09570285556628501,-8.0625,11.0625,51,1,28,115983,98.07692307692308,64.55696202531645,0.0008621878879845495,78,8,1,115976,90.69767441860465,98.73417721518987,0.006897503103876396,79,26,0,115958,75.23809523809524,100.0,0.02241688508759829,79,1412,0,114572,5.298457411133468,100.0,1.217409297834184
116201,74,99.92908844260197,99.99995348228153,0.0,5.46875,141,483,/home/jasongao/Data/STU/val/141/velodyne/000483.bin,74,153,0,116048,32.59911894273128,100.0,0.13166840216521372,-6.96875,10.0625,40,0,34,116201,100.0,54.054054054054056,0.0,74,8,0,116193,90.2439024390244,100.0,0.006884622335436011,74,43,0,116158,63.24786324786325,100.0,0.03700484505296856,74,1311,0,114890,5.342960288808665,100.0,1.1282174852195763
116472,70,99.57862450144913,99.99973016200092,0.0034343018064427505,6.5625,141,484,/home/jasongao/Data/STU/val/141/velodyne/000484.bin,70,160,0,116312,30.434782608695652,100.0,0.13737207225771,-6.25,12.3125,52,0,18,116472,100.0,74.28571428571429,0.0,70,12,0,116460,85.36585365853658,100.0,0.01030290541932825,70,81,0,116391,46.35761589403973,100.0,0.0695446115804657,70,1210,0,115262,5.46875,100.0,1.038876296448932
116836,64,98.31153380654402,99.99910397908178,0.004279502892943956,6.84375,141,485,/home/jasongao/Data/STU/val/141/velodyne/000485.bin,64,158,0,116678,28.82882882882883,100.0,0.135232291417029,-6.9375,12.1875,48,0,16,116836,100.0,75.0,0.0,64,13,0,116823,83.11688311688312,100.0,0.011126707521654285,64,45,0,116791,58.71559633027523,100.0,0.0385155260364956,64,1327,0,115509,4.601006470165348,100.0,1.1357800677873258
117085,53,96.47563005398132,99.99851744539727,0.005124482213776316,5.34375,141,486,/home/jasongao/Data/STU/val/141/velodyne/000486.bin,53,161,0,116924,24.766355140186917,100.0,0.13750693940299782,-6.5,11.75,35,2,18,117083,94.5945945945946,66.0377358490566,0.0017081607379254389,53,17,0,117068,75.71428571428571,100.0,0.014519366272366229,53,59,0,117026,47.32142857142857,100.0,0.05039074176880044,53,1317,0,115768,3.8686131386861313,100.0,1.1248238459239015
116848,53,97.72628269251413,99.9991845558429,0.0034232507188826505,5.25,141,487,/home/jasongao/Data/STU/val/141/velodyne/000487.bin,53,250,0,116598,17.49174917491749,100.0,0.2139531699301657,-6.03125,13.125,41,2,12,116846,95.34883720930233,77.35849056603773,0.0017116253594413255,53,6,0,116842,89.83050847457628,100.0,0.005134876078323977,53,36,0,116812,59.550561797752806,100.0,0.03080925646994386,53,1901,0,114947,2.7123848515864895,100.0,1.6268999041489798
116398,58,97.74148102360398,99.99907422274704,0.003436485162975309,5.65625,141,488,/home/jasongao/Data/STU/val/141/velodyne/000488.bin,58,360,0,116038,13.875598086124402,100.0,0.3092836646677778,-4.0625,7.875,12,0,46,116398,100.0,20.689655172413794,0.0,58,6,0,116392,90.625,100.0,0.005154727744462963,58,100,0,116298,36.70886075949367,100.0,0.08591212907438273,58,2398,0,114000,2.3615635179153096,100.0,2.0601728552036978
116142,53,100.0,100.0,0.0,7.0625,141,489,/home/jasongao/Data/STU/val/141/velodyne/000489.bin,53,198,0,115944,21.115537848605577,100.0,0.17048096295913623,-5.65625,10.625,32,0,21,116142,100.0,60.37735849056604,0.0,53,5,0,116137,91.37931034482759,100.0,0.00430507482220041,53,60,0,116082,46.902654867256636,100.0,0.05166089786640492,53,1731,0,114411,2.9708520179372195,100.0,1.490416903445782
115901,45,84.67361064516841,99.99602150877809,0.006902442601875739,5.28125,141,490,/home/jasongao/Data/STU/val/141/velodyne/000490.bin,45,256,0,115645,14.950166112956811,100.0,0.22087816326002363,-6.0,9.0625,16,4,29,115897,80.0,35.55555555555556,0.0034512213009378692,44,13,1,115888,77.19298245614036,97.77777777777777,0.011216469228048075,45,42,0,115859,51.724137931034484,100.0,0.03623782365984763,45,2290,0,113611,1.9271948608137044,100.0,1.9758241947869302
116077,42,95.84938413691273,99.99841033271429,0.007753473987094773,5.65625,141,491,/home/jasongao/Data/STU/val/141/velodyne/000491.bin,42,174,0,115903,19.444444444444443,100.0,0.1499004970838323,-6.375,11.0625,29,0,13,116077,100.0,69.04761904761905,0.0,42,17,0,116060,71.1864406779661,100.0,0.01464545086451235,42,39,0,116038,51.851851851851855,100.0,0.033598387277410685,42,1440,0,114637,2.834008097165992,100.0,1.2405558379351638
116407,45,98.82420042327081,99.99954183740383,0.003436219471337634,4.4375,141,492,/home/jasongao/Data/STU/val/141/velodyne/000492.bin,45,302,0,116105,12.968299711815561,100.0,0.2594345700859914,-5.09375,9.3125,15,0,30,116407,100.0,33.333333333333336,0.0,44,4,1,116403,91.66666666666667,97.77777777777777,0.003436219471337634,45,74,0,116333,37.81512605042017,100.0,0.06357006021974623,45,2081,0,114326,2.116650987770461,100.0,1.7876931799634042
116797,42,96.767778502237,99.99891957433675,0.0034247454986001354,4.40625,141,493,/home/jasongao/Data/STU/val/141/velodyne/000493.bin,42,461,0,116336,8.34990059642147,100.0,0.3947019187136656,-3.484375,7.5,2,0,40,116797,100.0,4.761904761904762,0.0,41,9,1,116788,82.0,97.61904761904762,0.007705677371850304,42,122,0,116675,25.609756097560975,100.0,0.10445473770730412,42,2080,0,114717,1.9792648444863337,100.0,1.7808676592720702
117329,41,99.3457375336297,99.99980251487946,0.0008523042044166403,8.25,141,494,/home/jasongao/Data/STU/val/141/velodyne/000494.bin,41,375,0,116954,9.85576923076923,100.0,0.31961407665624014,-4.4375,11.125,28,0,13,117329,100.0,68.29268292682927,0.0,41,10,0,117319,80.3921568627451,100.0,0.008523042044166405,41,92,0,117237,30.827067669172934,100.0,0.07841198680633092,41,1790,0,115539,2.239213544511196,100.0,1.5256245259057863
117701,40,95.13684277325251,99.99856628235953,0.003398441814428085,6.375,141,495,/home/jasongao/Data/STU/val/141/velodyne/000495.bin,40,182,0,117519,18.01801801801802,100.0,0.15462910255647785,-6.71875,10.6875,23,3,17,117698,88.46153846153847,57.5,0.0025488313608210637,40,6,0,117695,86.95652173913044,100.0,0.005097662721642127,40,49,0,117652,44.943820224719104,100.0,0.04163091222674404,40,1748,0,115953,2.237136465324385,100.0,1.485119072905073
117952,36,97.33830089946586,99.9991757475734,0.005086814975583288,3.09375,141,496,/home/jasongao/Data/STU/val/141/velodyne/000496.bin,36,286,0,117666,11.180124223602485,100.0,0.24247151383613674,-5.25,9.0,9,0,27,117952,100.0,25.0,0.0,35,6,1,117946,85.36585365853658,97.22222222222223,0.005086814975583288,36,43,0,117909,45.56962025316456,100.0,0.03645550732501356,36,1747,0,116205,2.0190689848569825,100.0,1.4811109603906674
118094,38,98.80043298645285,99.99962117599452,0.002540349213338527,2.3125,141,497,/home/jasongao/Data/STU/val/141/velodyne/000497.bin,38,256,0,117838,12.92517006802721,100.0,0.21677646620488764,-5.59375,10.0,19,0,19,118094,100.0,50.0,0.0,36,3,2,118091,92.3076923076923,94.73684210526316,0.002540349213338527,38,55,0,118039,40.86021505376344,100.0,0.04657306891120633,38,1877,0,116217,1.9843342036553524,100.0,1.589411824478805
118256,35,100.0,99.99999999999999,0.0,7.46875,141,498,/home/jasongao/Data/STU/val/141/velodyne/000498.bin,35,126,0,118130,21.73913043478261,100.0,0.10654850493843865,-7.9375,9.6875,13,0,22,118256,100.0,37.142857142857146,0.0,35,3,0,118253,92.10526315789474,100.0,0.00253686916520092,35,28,0,118228,55.55555555555556,100.0,0.023677445541875255,35,1404,0,116852,2.432244614315497,100.0,1.1872547693140305
118347,31,97.15932575159329,99.99929131310685,0.0033798913364935317,7.3125,141,499,/home/jasongao/Data/STU/val/141/velodyne/000499.bin,31,134,0,118213,18.78787878787879,100.0,0.11322635977253331,-7.75,9.625,12,0,19,118347,100.0,38.70967741935484,0.0,31,6,0,118341,83.78378378378379,100.0,0.005069837004740297,31,19,0,118328,62.0,100.0,0.016054483848344275,31,1596,0,116751,1.9053472649047327,100.0,1.3485766432609192
118337,30,99.99999999999999,100.0,0.0,6.5625,141,500,/home/jasongao/Data/STU/val/141/velodyne/000500.bin,30,233,0,118104,11.406844106463879,100.0,0.19689530746934603,-6.0625,10.25,18,0,12,118337,100.0,60.0,0.0,30,3,0,118334,90.9090909090909,100.0,0.002535132714197588,30,50,0,118287,37.5,100.0,0.04225221190329314,30,1919,0,116418,1.539250897896357,100.0,1.6216398928483906
118212,31,100.0,99.99999999999999,0.0,4.46875,141,501,/home/jasongao/Data/STU/val/141/velodyne/000501.bin,31,273,0,117939,10.197368421052632,100.0,0.2309410212161202,-4.3125,7.59375,6,0,25,118212,100.0,19.35483870967742,0.0,31,0,0,118212,100.0,100.0,0.0,31,98,0,118114,24.031007751937985,100.0,0.08290190505194057,31,2081,0,116131,1.4678030303030303,100.0,1.7603965756437587
118034,28,90.64486207715639,99.99798786790247,0.005930494603249911,1.4453125,141,502,/home/jasongao/Data/STU/val/141/velodyne/000502.bin,28,360,0,117674,7.216494845360825,100.0,0.3049968653099954,-5.03125,7.96875,3,0,25,118034,100.0,10.714285714285714,0.0,25,7,3,118027,78.125,89.28571428571429,0.005930494603249911,28,53,0,117981,34.5679012345679,100.0,0.04490231628174933,28,2406,0,115628,1.1503697617091209,100.0,2.0383957164884694
117825,27,93.64999062876849,99.99858547280571,0.004243581582855931,2.359375,141,503,/home/jasongao/Data/STU/val/141/velodyne/000503.bin,27,267,0,117558,9.183673469387756,100.0,0.2266072565245067,-5.28125,10.1875,15,0,12,117825,100.0,55.55555555555556,0.0,25,5,2,117820,83.33333333333333,92.5925925925926,0.004243581582855931,27,52,0,117773,34.177215189873415,100.0,0.04413324846170168,27,2420,0,115405,1.103391908459338,100.0,2.0538934861022704
117560,29,90.0270223577447,99.98954312398071,0.08166042871725077,-3.140625,141,504,/home/jasongao/Data/STU/val/141/velodyne/000504.bin,29,542,0,117018,5.078809106830122,100.0,0.46104117046614496,-3.5,9.75,13,0,16,117560,100.0,44.827586206896555,0.0,26,6,3,117554,81.25,89.65517241379311,0.005103776794828173,28,125,1,117435,18.30065359477124,96.55172413793103,0.10632868322558693,29,3036,0,114524,0.9461663947797716,100.0,2.5825110581830555
117437,28,83.69229734092171,99.98344096956544,0.07919139623798291,-3.78125,141,505,/home/jasongao/Data/STU/val/141/velodyne/000505.bin,28,469,0,116968,5.633802816901408,100.0,0.3993630627485375,-4.125,8.625,7,0,21,117437,100.0,25.0,0.0,22,0,6,117437,100.0,78.57142857142857,0.0,26,88,2,117349,22.80701754385965,92.85714285714286,0.07493379428970427,28,2747,0,114690,1.009009009009009,100.0,2.339126510384291
117415,26,90.48935635260791,99.99772339401008,0.006813439509432356,0.69921875,141,506,/home/jasongao/Data/STU/val/141/velodyne/000506.bin,26,360,0,117055,6.7357512953367875,100.0,0.306604777924456,-4.5625,5.8125,0,0,26,117415,,0.0,0.0,19,4,7,117411,82.6086956521739,73.07692307692308,0.0034067197547161775,26,79,0,117336,24.761904761904763,100.0,0.0672827151556445,26,2735,0,114680,0.9416877942774358,100.0,2.3293446322871865
117306,26,92.04255207087301,99.99750816077346,0.012787069715104087,-1.078125,141,507,/home/jasongao/Data/STU/val/141/velodyne/000507.bin,26,399,0,116907,6.117647058823529,100.0,0.3401360544217687,-4.40625,8.5,5,0,21,117306,100.0,19.23076923076923,0.0,20,4,6,117302,83.33333333333333,76.92307692307692,0.00340988525736109,26,84,0,117222,23.636363636363637,100.0,0.07160759040458288,26,2903,0,114403,0.8876749743939911,100.0,2.474724225529811
117176,20,95.33365590359297,99.999146582918,0.003413668327985253,6.4375,141,508,/home/jasongao/Data/STU/val/141/velodyne/000508.bin,20,368,0,116808,5.154639175257732,100.0,0.3140574861746433,-4.90625,11.125,14,1,6,117175,93.33333333333333,70.0,0.0008534170819963133,20,8,0,117168,71.42857142857143,100.0,0.006827336655970506,20,72,0,117104,21.73913043478261,100.0,0.06144602990373455,20,2749,0,114427,0.7222824124232575,100.0,2.346043558407865
117179,27,96.05607084848423,99.9989885686128,0.005120371397605373,3.15625,141,509,/home/jasongao/Data/STU/val/141/velodyne/000509.bin,27,531,0,116648,4.838709677419355,100.0,0.4531528686880755,-3.21875,9.0,10,0,17,117179,100.0,37.03703703703704,0.0,26,6,1,117173,81.25,96.29629629629629,0.005120371397605373,27,154,0,117025,14.917127071823204,100.0,0.13142286587187124,27,2791,0,114388,0.9581263307310149,100.0,2.3818260951194326
117176,25,100.0,100.0,0.0,4.9375,141,510,/home/jasongao/Data/STU/val/141/velodyne/000510.bin,25,466,0,116710,5.091649694501018,100.0,0.397692360210282,-4.09375,9.125,6,0,19,117176,100.0,24.0,0.0,25,0,0,117176,100.0,100.0,0.0,25,93,0,117083,21.1864406779661,100.0,0.07936778862565713,25,3059,0,114117,0.8106355382619974,100.0,2.6106028538267223
117124,25,94.57027241438958,99.99818995252893,0.014514531607527064,0.71484375,141,511,/home/jasongao/Data/STU/val/141/velodyne/000511.bin,25,494,0,116630,4.8169556840077075,100.0,0.42177521259519823,-4.71875,9.6875,8,0,17,117124,100.0,32.0,0.0,22,7,3,117117,75.86206896551724,88.0,0.005976571838393498,25,64,0,117060,28.089887640449437,100.0,0.054642942522454836,25,2807,0,114317,0.882768361581921,100.0,2.3966053071957925
117089,27,97.52864015159098,99.99884544931477,0.0017081023836568764,3.359375,141,512,/home/jasongao/Data/STU/val/141/velodyne/000512.bin,27,522,0,116567,4.918032786885246,100.0,0.44581472213444473,-3.078125,9.5,9,0,18,117089,100.0,33.333333333333336,0.0,26,6,1,117083,81.25,96.29629629629629,0.005124307150970629,27,157,0,116932,14.673913043478262,100.0,0.1340860371170648,27,2638,0,114451,1.0131332082551594,100.0,2.25298704404342
117102,22,87.09334744472305,99.99699174457078,0.012809345698621714,3.515625,141,513,/home/jasongao/Data/STU/val/141/velodyne/000513.bin,22,540,0,116562,3.9145907473309607,100.0,0.4611364451503817,-3.765625,10.5625,17,3,5,117099,85.0,77.27272727272727,0.002561869139724343,22,18,0,117084,55.0,100.0,0.015371214838346057,22,111,0,116991,16.541353383458645,100.0,0.09478915816980069,22,2967,0,114135,0.7360321177651389,100.0,2.533688579187375
117021,23,100.0,100.0,0.0,6.875,141,514,/home/jasongao/Data/STU/val/141/velodyne/000514.bin,23,654,0,116367,3.397341211225997,100.0,0.5588740482477504,-1.9609375,9.625,7,0,16,117021,100.0,30.434782608695652,0.0,23,2,0,117019,92.0,100.0,0.0017090949487698788,23,256,0,116765,8.243727598566307,100.0,0.2187641534425445,23,2946,0,114075,0.7746716066015493,100.0,2.517496859538032
117043,26,97.65225008986127,99.99917847418338,0.000854386849277616,5.46875,141,515,/home/jasongao/Data/STU/val/141/velodyne/000515.bin,26,582,0,116461,4.276315789473684,100.0,0.49725314627957246,-1.46875,9.0,8,0,18,117043,100.0,30.76923076923077,0.0,26,36,0,117007,41.935483870967744,100.0,0.030757926573994173,26,263,0,116780,8.996539792387543,100.0,0.22470374136001298,26,2725,0,114318,0.945110868774991,100.0,2.3282041642815035
116946,18,88.97476768656733,99.99750597141701,0.012826432712533989,2.171875,141,516,/home/jasongao/Data/STU/val/141/velodyne/000516.bin,18,573,0,116373,3.045685279187817,100.0,0.4899697296187984,-1.140625,8.875,9,0,9,116946,100.0,50.0,0.0,15,7,3,116939,68.18181818181819,83.33333333333333,0.005985668599182529,18,276,0,116670,6.122448979591836,100.0,0.2360063619106254,18,2869,0,114077,0.6234845860755109,100.0,2.453269030150668
116895,19,100.0,100.0,0.0,9.125,141,517,/home/jasongao/Data/STU/val/141/velodyne/000517.bin,19,756,0,116139,2.4516129032258065,100.0,0.6467342486847171,-1.0703125,12.0,10,0,9,116895,100.0,52.63157894736842,0.0,19,8,0,116887,70.37037037037037,100.0,0.006843748663330339,19,331,0,116564,5.428571428571429,100.0,0.28316010094529276,19,3153,0,113742,0.5989911727616646,100.0,2.69729244193507
116845,19,97.33825670896609,99.99952703874453,0.0034233386109803585,4.625,141,518,/home/jasongao/Data/STU/val/141/velodyne/000518.bin,19,283,0,116562,6.291390728476821,100.0,0.24220120672686038,-3.796875,11.1875,16,0,3,116845,100.0,84.21052631578948,0.0,19,4,0,116841,82.6086956521739,100.0,0.0034233386109803585,19,114,0,116731,14.285714285714286,100.0,0.09756515041294021,19,3158,0,113687,0.598048473402581,100.0,2.702725833368993
116698,19,97.59761245218309,99.99954899330797,0.004284563574354317,6.875,141,519,/home/jasongao/Data/STU/val/141/velodyne/000519.bin,19,209,0,116489,8.333333333333334,100.0,0.17909475740801042,-6.03125,11.375,16,0,3,116698,100.0,84.21052631578948,0.0,19,43,0,116655,30.64516129032258,100.0,0.03684724673944712,19,82,0,116616,18.81188118811881,100.0,0.07026684261941078,19,2401,0,114297,0.7851239669421488,100.0,2.057447428404943
116670,20,84.18323278886781,99.98800034284734,0.06685523270763692,-0.58984375,141,520,/home/jasongao/Data/STU/val/141/velodyne/000520.bin,20,248,0,116422,7.462686567164179,100.0,0.21256535527556356,-4.46875,11.9375,16,0,4,116670,100.0,80.0,0.0,16,36,4,116634,30.76923076923077,80.0,0.03085626124967858,20,100,0,116570,16.666666666666668,100.0,0.08571183680466272,20,2501,0,114169,0.7933359777865926,100.0,2.1436530384846146
116571,20,73.74864890427139,99.98784002882364,0.05404431633939831,0.171875,141,521,/home/jasongao/Data/STU/val/141/velodyne/000521.bin,20,284,0,116287,6.578947368421052,100.0,0.24362834667284317,-4.59375,10.125,11,2,9,116569,84.61538461538461,55.0,0.0017156925822031208,16,51,4,116520,23.880597014925375,80.0,0.04375016084617958,20,102,0,116469,16.39344262295082,100.0,0.08750032169235916,20,2311,0,114260,0.858000858000858,100.0,1.9824827787357062
116580,20,98.09385783298828,99.99965688797391,0.0025733401955738548,4.90625,141,522,/home/jasongao/Data/STU/val/141/velodyne/000522.bin,20,320,0,116260,5.882352941176471,100.0,0.2744896208612112,-5.21875,11.4375,16,0,4,116580,100.0,80.0,0.0,20,5,0,116575,80.0,100.0,0.004288900325956425,20,47,0,116533,29.850746268656717,100.0,0.04031566306399039,20,3030,0,113550,0.6557377049180327,100.0,2.5990735975295935
116521,20,92.33477679764769,99.99785446400219,0.019738931179787336,0.5234375,141,523,/home/jasongao/Data/STU/val/141/velodyne/000523.bin,20,247,0,116274,7.49063670411985,100.0,0.21197895658293356,-5.09375,11.8125,15,0,5,116521,100.0,75.0,0.0,16,7,4,116514,69.56521739130434,80.0,0.006007500793848319,20,70,0,116451,22.22222222222222,100.0,0.060075007938483194,20,2697,0,113824,0.736105999263894,100.0,2.3146042344298454
116497,20,92.3594395612651,99.99802570023263,0.012017476844897294,0.80859375,141,524,/home/jasongao/Data/STU/val/141/velodyne/000524.bin,20,233,0,116264,7.905138339920948,100.0,0.20000515034721925,-6.125,12.5,16,0,4,116497,100.0,80.0,0.0,16,8,4,116489,66.66666666666667,80.0,0.006867129625655596,20,59,0,116438,25.31645569620253,100.0,0.05064508098921002,20,2699,0,113798,0.735564545788893,100.0,2.316797857455557
116439,20,95.44642857142858,99.99903382887177,0.0068705502451927615,5.03125,141,525,/home/jasongao/Data/STU/val/141/velodyne/000525.bin,20,264,0,116175,7.042253521126761,100.0,0.22672815809136115,-5.71875,11.25,16,0,4,116439,100.0,80.0,0.0,20,17,0,116422,54.054054054054056,100.0,0.01459991927103462,20,47,0,116392,29.850746268656717,100.0,0.04036448269050748,20,3397,0,113042,0.585308750365818,100.0,2.9174073978649764
116464,20,95.28704937432558,99.9990769679901,0.005151806566836104,3.015625,141,526,/home/jasongao/Data/STU/val/141/velodyne/000526.bin,20,257,0,116207,7.2202166064981945,100.0,0.22066904794614645,-5.96875,12.1875,15,0,5,116464,100.0,75.0,0.0,20,6,0,116458,76.92307692307692,100.0,0.005151806566836104,20,52,0,116412,27.77777777777778,100.0,0.0446489902459129,20,2875,0,113589,0.690846286701209,100.0,2.4685739799423
116541,19,95.67500415032491,99.99925483645016,0.003432268472039883,7.0,141,527,/home/jasongao/Data/STU/val/141/velodyne/000527.bin,19,282,0,116259,6.312292358803987,100.0,0.24197492727881176,-5.15625,13.1875,14,0,5,116541,100.0,73.6842105263158,0.0,19,8,0,116533,70.37037037037037,100.0,0.006864536944079766,19,64,0,116477,22.89156626506024,100.0,0.05491629555263813,19,2800,0,113741,0.6739978715856687,100.0,2.402587930427918
116526,24,99.99999999999999,100.0,0.0,6.3125,141,528,/home/jasongao/Data/STU/val/141/velodyne/000528.bin,24,265,0,116261,8.304498269896193,100.0,0.22741705713746288,-4.9375,12.0,14,0,10,116526,100.0,58.333333333333336,0.0,24,5,0,116521,82.75862068965517,100.0,0.004290887870518167,24,79,0,116447,23.300970873786408,100.0,0.06779602835418705,24,2574,0,113952,0.9237875288683602,100.0,2.2089490757427526
116541,21,100.0,100.0,0.0,7.6875,141,529,/home/jasongao/Data/STU/val/141/velodyne/000529.bin,21,336,0,116205,5.882352941176471,100.0,0.28831055165135017,-5.28125,12.375,15,0,6,116541,100.0,71.42857142857143,0.0,21,4,0,116537,84.0,100.0,0.003432268472039883,21,67,0,116474,23.863636363636363,100.0,0.05749049690666804,21,3091,0,113450,0.6748071979434447,100.0,2.6522854617688196
116510,22,100.0,100.0,0.0,5.875,141,530,/home/jasongao/Data/STU/val/141/velodyne/000530.bin,22,240,0,116270,8.396946564885496,100.0,0.20599090206849197,-6.4375,13.3125,15,0,7,116510,100.0,68.18181818181819,0.0,22,1,0,116509,95.65217391304348,100.0,0.0008582954252853832,22,29,0,116481,43.13725490196079,100.0,0.024890567333276114,22,2959,0,113551,0.7380073800738007,100.0,2.539696163419449
116509,20,100.0,100.0,0.0,5.90625,141,531,/home/jasongao/Data/STU/val/141/velodyne/000531.bin,20,329,0,116180,5.730659025787966,100.0,0.2823816185874053,-5.3125,12.6875,14,0,6,116509,100.0,70.0,0.0,20,1,0,116508,95.23809523809524,100.0,0.0008583027920589826,20,64,0,116445,23.80952380952381,100.0,0.05493137869177488,20,3051,0,113458,0.6512536633018561,100.0,2.618681818571956
116481,21,97.58297258297259,99.99930501643226,0.0017170182261484707,4.1875,141,532,/home/jasongao/Data/STU/val/141/velodyne/000532.bin,21,309,0,116172,6.363636363636363,100.0,0.2652793159399387,-4.96875,13.375,18,0,3,116481,100.0,85.71428571428571,0.0,20,11,1,116470,64.51612903225806,95.23809523809524,0.009443600243816588,21,85,0,116396,19.81132075471698,100.0,0.07297327461131,21,2683,0,113798,0.7766272189349113,100.0,2.303379950378173
116579,20,98.29710144927536,99.99965688503075,0.003431149692483209,2.90625,141,533,/home/jasongao/Data/STU/val/141/velodyne/000533.bin,20,453,0,116126,4.2283298097251585,100.0,0.3885777026737234,-2.890625,13.3125,17,0,3,116579,100.0,85.0,0.0,19,4,1,116575,82.6086956521739,95.0,0.003431149692483209,20,159,0,116420,11.1731843575419,100.0,0.13638820027620754,20,3048,0,113531,0.651890482398957,100.0,2.614536065672205
116559,20,100.0,100.0,0.0,7.25,141,534,/home/jasongao/Data/STU/val/141/velodyne/000534.bin,20,375,0,116184,5.063291139240507,100.0,0.32172547808406043,-4.3125,13.625,17,0,3,116559,100.0,85.0,0.0,20,3,0,116556,86.95652173913044,100.0,0.0025738038246724835,20,86,0,116473,18.867924528301888,100.0,0.07378237630727785,20,2880,0,113679,0.6896551724137931,100.0,2.470851671685584
116584,21,98.85749171463458,99.99977535102423,0.0008577506347354697,5.875,141,535,/home/jasongao/Data/STU/val/141/velodyne/000535.bin,21,415,0,116169,4.81651376146789,100.0,0.35596651341521995,-2.8125,12.5,16,0,5,116584,100.0,76.19047619047619,0.0,21,13,0,116571,61.76470588235294,100.0,0.011150758251561105,21,151,0,116433,12.209302325581396,100.0,0.12952034584505592,21,2896,0,113688,0.7199177236887213,100.0,2.48404583819392
116587,20,95.13888888888889,99.99841320215803,0.017154571264377676,0.5546875,141,536,/home/jasongao/Data/STU/val/141/velodyne/000536.bin,20,281,0,116306,6.644518272425249,100.0,0.24102172626450633,-4.875,11.875,15,0,5,116587,100.0,75.0,0.0,18,5,2,116582,78.26086956521739,90.0,0.004288642816094419,20,84,0,116503,19.23076923076923,100.0,0.07204919931038624,20,2640,0,113947,0.7518796992481203,100.0,2.264403406897853
116581,19,98.90350877192982,99.99977427034015,0.004288863536939982,2.296875,141,537,/home/jasongao/Data/STU/val/141/velodyne/000537.bin,19,358,0,116223,5.039787798408488,100.0,0.3070826292449027,-4.5,14.0625,17,0,2,116581,100.0,89.47368421052632,0.0,18,1,1,116580,94.73684210526316,94.73684210526316,0.0008577727073879963,19,85,0,116496,18.26923076923077,100.0,0.07291068012797969,19,2973,0,113608,0.6350267379679144,100.0,2.550158259064513
116545,19,98.30827067669172,99.9995935611047,0.0077223390106825685,1.71875,141,538,/home/jasongao/Data/STU/val/141/velodyne/000538.bin,19,268,0,116277,6.620209059233449,100.0,0.22995409498476982,-5.34375,13.5625,17,0,2,116545,100.0,89.47368421052632,0.0,18,7,1,116538,72.0,94.73684210526316,0.006006263674975331,19,68,0,116477,21.839080459770116,100.0,0.05834656141404607,19,2836,0,113709,0.6654991243432574,100.0,2.433394826032863
116592,19,98.73684210526315,99.99972914996424,0.00514615067929189,3.421875,141,539,/home/jasongao/Data/STU/val/141/velodyne/000539.bin,19,256,0,116336,6.909090909090909,100.0,0.2195690956497873,-4.71875,13.875,17,0,2,116592,100.0,89.47368421052632,0.0,19,6,0,116586,76.0,100.0,0.00514615067929189,19,78,0,116514,19.587628865979383,100.0,0.06689995883079457,19,2645,0,113947,0.7132132132132132,100.0,2.268594757787841
116606,19,98.07017543859648,99.99950350121912,0.009433476836526422,2.921875,141,540,/home/jasongao/Data/STU/val/141/velodyne/000540.bin,19,306,0,116300,5.846153846153846,100.0,0.26242217381609867,-3.8125,14.125,17,0,2,116606,100.0,89.47368421052632,0.0,18,11,1,116595,62.06896551724138,94.73684210526316,0.009433476836526422,19,114,0,116492,14.285714285714286,100.0,0.09776512357854655,19,2798,0,113808,0.6744763933262335,100.0,2.3995334716909937
116592,20,99.76190476190476,99.999957115411,0.0008576917798819815,2.734375,141,541,/home/jasongao/Data/STU/val/141/velodyne/000541.bin,20,341,0,116251,5.54016620498615,100.0,0.29247289693975576,-5.0,12.0,15,0,5,116592,100.0,75.0,0.0,19,0,1,116592,100.0,95.0,0.0,20,64,0,116528,23.80952380952381,100.0,0.054892273912446825,20,3297,0,113295,0.6029544769369912,100.0,2.827809798270893
116572,19,99.73684210526315,99.99995485058253,0.0008578389321620972,4.875,141,542,/home/jasongao/Data/STU/val/141/velodyne/000542.bin,19,373,0,116199,4.846938775510204,100.0,0.31997392169646227,-3.640625,13.9375,17,0,2,116572,100.0,89.47368421052632,0.0,19,6,0,116566,76.0,100.0,0.005147033592972584,19,118,0,116454,13.86861313868613,100.0,0.10122499399512748,19,3111,0,113461,0.6070287539936102,100.0,2.6687369179562843
116595,20,99.76190476190476,99.99997855825723,0.0008576697113941421,4.3125,141,543,/home/jasongao/Data/STU/val/141/velodyne/000543.bin,20,318,0,116277,5.9171597633136095,100.0,0.2727389682233372,-5.09375,13.0625,16,0,4,116595,100.0,80.0,0.0,20,6,0,116589,76.92307692307692,100.0,0.0051460182683648525,20,66,0,116529,23.25581395348837,100.0,0.05660620095201338,20,2664,0,113931,0.7451564828614009,100.0,2.2848321111539946
116599,19,100.0,100.0,0.0,4.5,141,544,/home/jasongao/Data/STU/val/141/velodyne/000544.bin,19,293,0,116306,6.089743589743589,100.0,0.25128860453348656,-5.3125,13.3125,15,0,4,116599,100.0,78.94736842105263,0.0,19,5,0,116594,79.16666666666667,100.0,0.004288201442550966,19,75,0,116524,20.21276595744681,100.0,0.06432302163826448,19,2913,0,113686,0.6480218281036835,100.0,2.498306160430192
116623,20,100.0,100.0,0.0,6.5,141,545,/home/jasongao/Data/STU/val/141/velodyne/000545.bin,20,279,0,116344,6.688963210702341,100.0,0.23923239841197705,-4.90625,12.8125,16,0,4,116623,100.0,80.0,0.0,20,3,0,116620,86.95652173913044,100.0,0.002572391380773947,20,81,0,116542,19.801980198019802,100.0,0.06945456728089656,20,2644,0,113979,0.7507507507507507,100.0,2.2671342702554385
116624,20,95.14724310776941,99.99802785018521,0.031725888324873094,2.078125,141,546,/home/jasongao/Data/STU/val/141/velodyne/000546.bin,20,299,0,116325,6.269592476489028,100.0,0.2563794759226231,-4.96875,12.875,16,0,4,116624,100.0,80.0,0.0,19,26,1,116598,42.22222222222222,95.0,0.022293867471532447,20,92,0,116532,17.857142857142858,100.0,0.07888599259157635,20,2846,0,113778,0.6978367062107467,100.0,2.44032103169159
116615,20,99.0,99.9997856193457,0.004287613085795138,3.984375,141,547,/home/jasongao/Data/STU/val/141/velodyne/000547.bin,20,230,0,116385,8.0,100.0,0.19723020194657634,-6.15625,13.0625,16,0,4,116615,100.0,80.0,0.0,20,11,0,116604,64.51612903225806,100.0,0.009432748788749303,20,51,0,116564,28.169014084507044,100.0,0.04373365347511041,20,2692,0,113923,0.7374631268436578,100.0,2.3084508853921024
116639,19,100.0,100.0,0.0,5.21875,141,548,/home/jasongao/Data/STU/val/141/velodyne/000548.bin,19,197,0,116442,8.796296296296296,100.0,0.16889719562067576,-6.5,13.75,16,0,3,116639,100.0,84.21052631578948,0.0,19,6,0,116633,76.0,100.0,0.005144077023979972,19,49,0,116590,27.941176470588236,100.0,0.04200996236250311,19,2942,0,113697,0.6416751097602161,100.0,2.5223124340915133
116592,19,97.96264855687606,99.99945829992849,0.01029230135858378,1.1328125,141,549,/home/jasongao/Data/STU/val/141/velodyne/000549.bin,19,233,0,116359,7.5396825396825395,100.0,0.1998421847125017,-6.34375,12.375,15,0,4,116592,100.0,78.94736842105263,0.0,18,0,1,116592,100.0,94.73684210526316,0.0,19,41,0,116551,31.666666666666668,100.0,0.03516536297516125,19,2952,0,113640,0.6395153147088523,100.0,2.5319061342116096
116632,19,100.0,100.0,0.0,6.46875,141,550,/home/jasongao/Data/STU/val/141/velodyne/000550.bin,19,236,0,116396,7.450980392156863,100.0,0.20234583990671515,-5.84375,12.625,16,0,3,116632,100.0,84.21052631578948,0.0,19,3,0,116629,86.36363636363636,100.0,0.002572192880170108,19,61,0,116571,23.75,100.0,0.05230125523012552,19,2805,0,113827,0.6728045325779037,100.0,2.4050003429590507
116625,20,100.0,100.0,0.0,4.9375,141,551,/home/jasongao/Data/STU/val/141/velodyne/000551.bin,20,327,0,116298,5.763688760806916,100.0,0.28038585209003214,-5.71875,13.0625,17,0,3,116625,100.0,85.0,0.0,20,1,0,116624,95.23809523809524,100.0,0.0008574490889603429,20,41,0,116584,32.78688524590164,100.0,0.03515541264737406,20,3302,0,113323,0.6020469596628537,100.0,2.8312968917470527
116633,20,96.58730158730158,99.99815661090771,0.03686778184561831,-1.0625,141,552,/home/jasongao/Data/STU/val/141/velodyne/000552.bin,20,272,0,116361,6.8493150684931505,100.0,0.23321015493042277,-4.53125,13.5,18,0,2,116633,100.0,90.0,0.0,19,5,1,116628,79.16666666666667,95.0,0.004286951377397478,20,89,0,116544,18.34862385321101,100.0,0.0763077345176751,20,2648,0,113985,0.7496251874062968,100.0,2.270369449469704
116617,19,98.21052631578947,99.99963894403768,0.005145047463062847,1.8359375,141,553,/home/jasongao/Data/STU/val/141/velodyne/000553.bin,19,169,0,116448,10.106382978723405,100.0,0.1449188368762702,-7.125,13.5625,17,0,2,116617,100.0,89.47368421052632,0.0,18,6,1,116611,75.0,94.73684210526316,0.0051450474630628466,19,41,0,116576,31.666666666666668,100.0,0.035157824330929455,19,2630,0,113987,0.7172517931294828,100.0,2.2552458046425476
116636,20,100.0,100.0,0.0,4.5,141,554,/home/jasongao/Data/STU/val/141/velodyne/000554.bin,20,248,0,116388,7.462686567164179,100.0,0.21262731918104188,-5.6875,13.5625,18,0,2,116636,100.0,90.0,0.0,20,1,0,116635,95.23809523809524,100.0,0.0008573682225042011,20,46,0,116590,30.303030303030305,100.0,0.039438938235193254,20,2961,0,113675,0.6709158000670916,100.0,2.5386673068349395
116630,20,98.44827586206897,99.99961416445167,0.007716710966303695,1.28125,141,555,/home/jasongao/Data/STU/val/141/velodyne/000555.bin,20,266,0,116364,6.993006993006993,100.0,0.22807167967075367,-4.375,12.6875,16,0,4,116630,100.0,80.0,0.0,19,6,1,116624,76.0,95.0,0.005144473977535797,20,92,0,116538,17.857142857142858,100.0,0.07888193432221555,20,2994,0,113636,0.6635700066357001,100.0,2.5670925147903625
116613,20,96.51098901098901,99.99905670894326,0.012863059864680611,-1.875,141,556,/home/jasongao/Data/STU/val/141/velodyne/000556.bin,20,256,0,116357,7.246376811594203,100.0,0.2195295550238824,-5.59375,13.375,16,0,4,116613,100.0,80.0,0.0,18,4,2,116609,81.81818181818181,90.0,0.0034301492972481627,20,49,0,116564,28.985507246376812,100.0,0.042019328891289995,20,3111,0,113502,0.6387735547748323,100.0,2.6677986159347586
116573,20,99.76190476190476,99.99995710842133,0.0008578315733488887,6.0625,141,557,/home/jasongao/Data/STU/val/141/velodyne/000557.bin,20,312,0,116261,6.024096385542169,100.0,0.26764345088485325,-4.90625,13.1875,16,0,4,116573,100.0,80.0,0.0,20,17,0,116556,54.054054054054056,100.0,0.014583136746931107,20,70,0,116503,22.22222222222222,100.0,0.06004821013442221,20,2670,0,113903,0.7434944237918215,100.0,2.2904103008415326
116543,17,98.66310160427807,99.9997476316492,0.004290261963395485,6.03125,141,558,/home/jasongao/Data/STU/val/141/velodyne/000558.bin,17,216,0,116327,7.296137339055794,100.0,0.18533931681868496,-5.9375,13.5625,16,0,1,116543,100.0,94.11764705882354,0.0,17,12,0,116531,58.62068965517241,100.0,0.010296628712149165,17,74,0,116469,18.681318681318682,100.0,0.06349587705825317,17,2790,0,113753,0.6056287851799074,100.0,2.3939661755746804
116568,19,87.7714295620474,99.99155676921355,0.0591929174387482,-4.0,141,559,/home/jasongao/Data/STU/val/141/velodyne/000559.bin,19,195,0,116373,8.878504672897197,100.0,0.16728433189211447,-6.28125,13.4375,16,0,3,116568,100.0,84.21052631578948,0.0,16,9,3,116559,64.0,84.21052631578948,0.0077208153180975915,17,62,2,116506,21.518987341772153,89.47368421052632,0.053187838858005626,19,2750,0,113818,0.6861682918020946,100.0,2.359138013863153
116495,17,96.2915601023018,99.998535660455,0.024893772264904072,1.171875,141,560,/home/jasongao/Data/STU/val/141/velodyne/000560.bin,17,222,0,116273,7.112970711297071,100.0,0.19056611871754153,-5.5,13.9375,16,0,1,116495,100.0,94.11764705882354,0.0,16,13,1,116482,55.172413793103445,94.11764705882354,0.011159277222198378,17,79,0,116416,17.708333333333332,100.0,0.06781406927335937,17,2653,0,113842,0.6367041198501873,100.0,2.277350959268638
116526,17,98.28431372549021,99.9996466327636,0.006007243018725434,2.453125,141,561,/home/jasongao/Data/STU/val/141/velodyne/000561.bin,17,138,0,116388,10.96774193548387,100.0,0.11842850522630143,-7.5625,13.875,16,0,1,116526,100.0,94.11764705882354,0.0,16,6,1,116520,72.72727272727273,94.11764705882354,0.005149065444621801,17,38,0,116488,30.90909090909091,100.0,0.032610747815938076,17,2578,0,113948,0.6551059730250481,100.0,2.2123817860391672
116462,18,91.96651674162918,99.99561134867072,0.043791107829163164,-4.78125,141,562,/home/jasongao/Data/STU/val/141/velodyne/000562.bin,18,184,0,116278,8.910891089108912,100.0,0.15799144785423572,-7.28125,13.25,16,0,2,116462,100.0,88.88888888888889,0.0,16,14,2,116448,53.333333333333336,88.88888888888889,0.012021088423691848,17,41,1,116421,29.310344827586206,94.44444444444444,0.0352046160979547,18,2789,0,113673,0.6412540078375489,100.0,2.39477254383404
116489,17,98.66310160427808,99.99974751466057,0.0042922507704590135,3.359375,141,563,/home/jasongao/Data/STU/val/141/velodyne/000563.bin,17,234,0,116255,6.772908366533865,100.0,0.20087733605748181,-6.1875,13.8125,16,0,1,116489,100.0,94.11764705882354,0.0,17,5,0,116484,77.27272727272727,100.0,0.0042922507704590135,17,61,0,116428,21.794871794871796,100.0,0.05236545939959996,17,3130,0,113359,0.5401970130282809,100.0,2.6869489823073422
116421,19,87.47044025271595,99.99018986898277,0.08847201106329614,-6.15625,141,564,/home/jasongao/Data/STU/val/141/velodyne/000564.bin,19,221,0,116200,7.916666666666667,100.0,0.1898282955824121,-6.5625,13.0,16,0,3,116421,100.0,84.21052631578948,0.0,16,11,3,116410,59.25925925925926,84.21052631578948,0.00944846720093454,16,45,3,116376,26.229508196721312,84.21052631578948,0.03865282036745948,19,3579,0,112842,0.528071150639244,100.0,3.0741876465586104
116361,19,100.0,100.0,0.0,3.515625,141,565,/home/jasongao/Data/STU/val/141/velodyne/000565.bin,19,209,0,116152,8.333333333333334,100.0,0.17961344436709895,-6.59375,9.875,8,0,11,116361,100.0,42.10526315789474,0.0,19,0,0,116361,100.0,100.0,0.0,19,37,0,116324,33.92857142857143,100.0,0.0317975954142711,19,3380,0,112981,0.5589879376287143,100.0,2.904753310817198
116337,22,84.80229700729913,99.98294531482597,0.11776133130474399,-3.609375,141,566,/home/jasongao/Data/STU/val/141/velodyne/000566.bin,22,433,0,115904,4.835164835164835,100.0,0.3721945726638988,-2.828125,9.4375,10,0,12,116337,100.0,45.45454545454545,0.0,18,4,4,116333,81.81818181818181,81.81818181818181,0.0034382870453939845,22,142,0,116195,13.414634146341463,100.0,0.12205919011148646,22,3506,0,112831,0.6235827664399093,100.0,3.0136585952878274
116240,19,91.77775340207283,99.99841525700003,0.008602890571231933,0.140625,141,567,/home/jasongao/Data/STU/val/141/velodyne/000567.bin,19,428,0,115812,4.250559284116331,100.0,0.3682037164487268,-4.4375,8.0,1,0,18,116240,100.0,5.2631578947368425,0.0,17,6,2,116234,73.91304347826087,89.47368421052632,0.00516173434273916,19,75,0,116165,20.21276595744681,100.0,0.0645216792842395,19,3387,0,112853,0.557839107457428,100.0,2.913799036476256
116082,17,79.47768651146907,99.99546466645789,0.018090660050653847,2.109375,141,568,/home/jasongao/Data/STU/val/141/velodyne/000568.bin,17,325,0,115757,4.970760233918129,100.0,0.2799745007839286,-4.8125,7.0,0,0,17,116082,,0.0,0.0,15,18,2,116064,45.45454545454545,88.23529411764706,0.015506280043417585,17,64,0,116018,20.987654320987655,100.0,0.05513344015437363,17,3341,0,112741,0.5062537224538416,100.0,2.878137868058786
116060,16,86.00351807607376,99.99738820437705,0.012924349474409787,2.734375,141,569,/home/jasongao/Data/STU/val/141/velodyne/000569.bin,16,692,0,115368,2.2598870056497176,100.0,0.5962433224194382,-3.921875,9.5625,6,0,10,116060,100.0,37.5,0.0,14,12,2,116048,53.84615384615385,87.5,0.01033947957952783,16,105,0,115955,13.223140495867769,100.0,0.09047044632086852,16,3792,0,112268,0.42016806722689076,100.0,3.2672755471307946
115930,15,92.50413475413475,99.99893613962449,0.005175536961959803,4.65625,141,570,/home/jasongao/Data/STU/val/141/velodyne/000570.bin,15,427,0,115503,3.3936651583710407,100.0,0.368325713792806,-4.53125,9.5,6,0,9,115930,100.0,40.0,0.0,15,7,0,115923,68.18181818181819,100.0,0.006038126455619771,15,72,0,115858,17.24137931034483,100.0,0.06210644354351764,15,3612,0,112318,0.41356492969396197,100.0,3.1156732510998015
115855,19,99.45983379501384,99.99990914232629,0.0008631479003927324,5.75,141,571,/home/jasongao/Data/STU/val/141/velodyne/000571.bin,19,544,0,115311,3.374777975133215,100.0,0.46955245781364635,-4.21875,9.5625,7,0,12,115855,100.0,36.8421052631579,0.0,19,5,0,115850,79.16666666666667,100.0,0.0043157395019636615,19,90,0,115765,17.431192660550458,100.0,0.07768331103534591,19,3974,0,111881,0.4758327072376659,100.0,3.430149756160718
115706,18,93.87426900584795,99.99793538028374,0.01901370715433945,2.71875,141,572,/home/jasongao/Data/STU/val/141/velodyne/000572.bin,18,582,0,115124,3.0,100.0,0.502998980173889,-4.96875,11.3125,13,0,5,115706,100.0,72.22222222222223,0.0,16,20,2,115686,44.44444444444444,88.88888888888889,0.01728518832212677,18,64,0,115642,21.951219512195124,100.0,0.05531260263080566,18,3648,0,112058,0.4909983633387889,100.0,3.152818349955923
115693,15,100.0,100.0,0.0,8.125,141,573,/home/jasongao/Data/STU/val/141/velodyne/000573.bin,15,406,0,115287,3.5629453681710213,100.0,0.3509287510912501,-5.03125,11.0,12,0,3,115693,100.0,80.0,0.0,15,17,0,115676,46.875,100.0,0.014694061006283872,15,70,0,115623,17.647058823529413,100.0,0.060504957084698295,15,3712,0,111981,0.4024684733029246,100.0,3.2084914385485725
115562,15,99.58333333333333,99.99994231090959,0.0008653363562416712,8.8125,141,574,/home/jasongao/Data/STU/val/141/velodyne/000574.bin,15,437,0,115125,3.3185840707964602,100.0,0.37815198767761027,-5.4375,12.8125,13,0,2,115562,100.0,86.66666666666667,0.0,15,3,0,115559,83.33333333333333,100.0,0.0025960090687250133,15,53,0,115509,22.058823529411764,100.0,0.04586282688080857,15,3458,0,112104,0.43190325367117766,100.0,2.992333119883699
115402,16,98.62253289473684,99.99978336597286,0.002599608325678931,5.84375,141,575,/home/jasongao/Data/STU/val/141/velodyne/000575.bin,16,538,0,114864,2.888086642599278,100.0,0.4661964264050883,-5.09375,11.25,12,0,4,115402,100.0,75.0,0.0,16,6,0,115396,72.72727272727273,100.0,0.005199216651357862,16,48,0,115354,25.0,100.0,0.0415937332108629,16,3495,0,111907,0.45571062375391624,100.0,3.0285436994159545
115314,15,99.58333333333333,99.99994218684056,0.0008671973914702464,9.125,141,576,/home/jasongao/Data/STU/val/141/velodyne/000576.bin,15,916,0,114398,1.6111707841031149,100.0,0.7943528105867458,-3.4375,10.5625,10,0,5,115314,100.0,66.66666666666667,0.0,15,17,0,115297,46.875,100.0,0.01474235565499419,15,135,0,115179,10.0,100.0,0.11707164784848327,15,4361,0,110953,0.34277879341864714,100.0,3.7818478242017446
115212,18,100.0,100.0,0.0,2.34375,141,577,/home/jasongao/Data/STU/val/141/velodyne/000577.bin,18,1296,0,113916,1.36986301369863,100.0,1.1248828247057598,-3.5,10.0625,10,0,8,115212,100.0,55.55555555555556,0.0,17,0,1,115212,100.0,94.44444444444444,0.0,18,141,0,115071,11.320754716981131,100.0,0.12238308509530257,18,4039,0,111173,0.4436775942814888,100.0,3.505711210637781
115054,15,98.59649122807016,99.99976822477562,0.0034766283658108368,1.96875,141,578,/home/jasongao/Data/STU/val/141/velodyne/000578.bin,15,1272,0,113782,1.1655011655011656,100.0,1.105567820327846,-2.265625,11.625,10,0,5,115054,100.0,66.66666666666667,0.0,14,4,1,115050,77.77777777777777,93.33333333333333,0.0034766283658108368,15,319,0,114735,4.491017964071856,100.0,0.2772611121734142,15,4134,0,110920,0.3615328994938539,100.0,3.5930954160654998
114928,16,89.80741738481677,99.99858607127942,0.0034804399276068495,4.875,141,579,/home/jasongao/Data/STU/val/141/velodyne/000579.bin,16,969,0,113959,1.6243654822335025,100.0,0.8431365724627593,-1.9140625,9.875,8,1,8,114927,88.88888888888889,50.0,0.0008701099819017124,16,10,0,114918,61.53846153846154,100.0,0.008701099819017124,16,233,0,114695,6.42570281124498,100.0,0.20273562578309898,16,4596,0,110332,0.3469210754553339,100.0,3.99902547682027
114902,14,89.31401308529792,99.99853912775359,0.004351534351012167,3.28125,141,580,/home/jasongao/Data/STU/val/141/velodyne/000580.bin,14,565,0,114337,2.4179620034542313,100.0,0.49172338166437485,-4.875,8.625,1,0,13,114902,100.0,7.142857142857143,0.0,14,6,0,114896,70.0,100.0,0.0052218412212146,14,59,0,114843,19.17808219178082,100.0,0.05134810534194357,14,3838,0,111064,0.363447559709242,100.0,3.3402377678369395
114723,16,8.5499915806718,99.83223176695171,0.6703102254996819,-7.84375,141,581,/home/jasongao/Data/STU/val/141/velodyne/000581.bin,16,798,0,113925,1.9656019656019657,100.0,0.6955885044847153,-4.09375,-3.21875,0,0,16,114723,,0.0,0.0,0,0,16,114723,,0.0,0.0,10,97,6,114626,9.345794392523365,62.5,0.08455148488097418,16,4187,0,110536,0.3806804663335713,100.0,3.6496604865632873
114769,14,85.20173021361654,99.99676368556466,0.026139462746909013,-1.5234375,141,582,/home/jasongao/Data/STU/val/141/velodyne/000582.bin,14,723,0,114046,1.8995929443690638,100.0,0.6299610522005071,-4.15625,8.25,0,0,14,114769,,0.0,0.0,13,8,1,114761,61.904761904761905,92.85714285714286,0.006970523399175736,14,91,0,114678,13.333333333333334,100.0,0.07928970366562399,14,4436,0,110333,0.3146067415730337,100.0,3.8651552248429453
114586,15,96.57894736842105,99.99941819535836,0.004363534812280733,3.84375,141,583,/home/jasongao/Data/STU/val/141/velodyne/000583.bin,15,740,0,113846,1.9867549668874172,100.0,0.6458031522175484,-4.4375,11.4375,12,0,3,114586,100.0,80.0,0.0,15,5,0,114581,75.0,100.0,0.004363534812280733,15,73,0,114513,17.045454545454547,100.0,0.06370760825929869,15,4396,0,110190,0.3400589435502154,100.0,3.83641980695722
114496,14,100.0,100.0,0.0,8.0625,141,584,/home/jasongao/Data/STU/val/141/velodyne/000584.bin,14,1180,0,113316,1.1725293132328307,100.0,1.0306036892118502,-2.453125,10.375,10,0,4,114496,100.0,71.42857142857143,0.0,14,5,0,114491,73.6842105263158,100.0,0.004366964784795976,14,310,0,114186,4.320987654320987,100.0,0.2707518166573505,14,4031,0,110465,0.34610630407911,100.0,3.5206470095025155
114443,14,100.0,99.99999999999999,0.0,8.5,141,585,/home/jasongao/Data/STU/val/141/velodyne/000585.bin,14,502,0,113941,2.7131782945736433,100.0,0.43864631301171764,-4.84375,12.5,12,0,2,114443,100.0,85.71428571428571,0.0,14,0,0,114443,100.0,100.0,0.0,14,61,0,114382,18.666666666666668,100.0,0.05330164361297764,14,3941,0,110502,0.35398230088495575,100.0,3.443635696372867
114323,14,92.94160231660233,99.9270550482905,1.0234161104939514,-7.5,141,586,/home/jasongao/Data/STU/val/141/velodyne/000586.bin,14,1279,0,113044,1.082753286929621,100.0,1.118760004548516,-2.59375,8.6875,5,0,9,114323,100.0,35.714285714285715,0.0,13,0,1,114323,100.0,92.85714285714286,0.0,13,266,1,114057,4.659498207885305,92.85714285714286,0.23267409007811202,14,4491,0,109832,0.31076581576026635,100.0,3.9283433779729364
114250,14,92.94124714646162,99.92663332291342,1.0284463894967177,-4.625,141,587,/home/jasongao/Data/STU/val/141/velodyne/000587.bin,14,1539,0,112711,0.901481004507405,100.0,1.3470459518599562,1.0390625,9.25,4,0,10,114250,100.0,28.571428571428573,0.0,13,3,1,114247,81.25,92.85714285714286,0.00262582056892779,13,1014,1,113236,1.2658227848101267,92.85714285714286,0.887527352297593,14,4539,0,109711,0.3074895673182517,100.0,3.972866520787746
114099,15,93.38388945062353,99.8860346424304,1.7204357619260466,-10.6875,141,588,/home/jasongao/Data/STU/val/141/velodyne/000588.bin,14,1358,1,112741,1.0204081632653061,93.33333333333333,1.1901944802320792,-0.609375,8.625,1,0,14,114099,100.0,6.666666666666667,0.0,14,50,1,114049,21.875,93.33333333333333,0.043821593528427065,14,691,1,113408,1.9858156028368794,93.33333333333333,0.6056144225628621,15,4034,0,110065,0.37046184243022967,100.0,3.5355261658734958
113956,15,86.74543107653199,99.71234511565868,2.4535785741865284,-12.0,141,589,/home/jasongao/Data/STU/val/141/velodyne/000589.bin,13,1558,2,112398,0.8274984086569064,86.66666666666667,1.3671943557162414,0.490234375,10.125,8,0,7,113956,100.0,53.333333333333336,0.0,13,17,2,113939,43.333333333333336,86.66666666666667,0.014918038541191336,13,496,2,113460,2.5540275049115913,86.66666666666667,0.4352557127312296,15,4820,0,109136,0.31023784901758017,100.0,4.229702692267191
113906,13,5.145905536866477,99.80432583412234,0.5715238881182729,-7.71875,141,590,/home/jasongao/Data/STU/val/141/velodyne/000590.bin,13,701,0,113205,1.8207282913165266,100.0,0.6154197320597686,-4.40625,-5.375,0,0,13,113906,,0.0,0.0,0,1,13,113905,0.0,0.0,0.0008779168788299123,5,71,8,113835,6.578947368421052,38.46153846153846,0.06233209839692378,13,4836,0,109070,0.2680965147453083,100.0,4.2456060260214565
113763,15,78.26147896132146,99.96612841316303,0.2056907781967775,-6.0625,141,591,/home/jasongao/Data/STU/val/141/velodyne/000591.bin,15,433,0,113330,3.3482142857142856,100.0,0.3806158417060028,-4.28125,8.9375,2,0,13,113763,100.0,13.333333333333334,0.0,12,3,3,113760,80.0,80.0,0.002637061258933045,12,84,3,113679,12.5,80.0,0.07383771525012527,15,4345,0,109418,0.3440366972477064,100.0,3.8193437233546934
113675,14,0.25026618011179735,97.55917559458356,3.777435671871564,-14.4375,141,592,/home/jasongao/Data/STU/val/141/velodyne/000592.bin,0,488,14,113187,0.0,0.0,0.42929404002639104,-3.515625,-13.625,0,0,14,113675,,0.0,0.0,0,5,14,113670,0.0,0.0,0.004398504508467121,0,122,14,113553,0.0,0.0,0.10732351000659776,14,4656,0,109019,0.29978586723768735,100.0,4.095887398284583
113392,11,96.06060606060606,99.99959913798632,0.0035275857203330044,0.94921875,141,593,/home/jasongao/Data/STU/val/141/velodyne/000593.bin,11,252,0,113140,4.182509505703422,100.0,0.22223790038097926,-6.53125,10.625,9,0,2,113392,100.0,81.81818181818181,0.0,10,4,1,113388,71.42857142857143,90.9090909090909,0.003527585720333004,11,19,0,113373,36.666666666666664,100.0,0.01675603217158177,11,3816,0,109576,0.28743140841390125,100.0,3.3653167771976857
113113,8,97.04861111111111,99.99977898207986,0.0008840716805318576,9.1875,141,594,/home/jasongao/Data/STU/val/141/velodyne/000594.bin,8,194,0,112919,3.9603960396039604,100.0,0.17150990602318036,-6.9375,10.375,6,0,2,113113,100.0,75.0,0.0,8,1,0,113112,88.88888888888889,100.0,0.0008840716805318575,8,29,0,113084,21.62162162162162,100.0,0.02563807873542387,8,3466,0,109647,0.23028209556706966,100.0,3.0641924447234183
112828,11,90.9542376359532,99.82410878021896,1.953415818768391,-12.375,141,595,/home/jasongao/Data/STU/val/141/velodyne/000595.bin,10,572,1,112256,1.7182130584192439,90.9090909090909,0.5069663558691105,-3.984375,9.3125,4,0,7,112828,100.0,36.36363636363637,0.0,10,0,1,112828,100.0,90.9090909090909,0.0,10,89,1,112739,10.1010101010101,90.9090909090909,0.07888112879781614,11,4602,0,108226,0.2384565358768697,100.0,4.078774772219662
112324,13,92.66230223677032,99.98168074224839,0.2394857732986717,-5.46875,141,596,/home/jasongao/Data/STU/val/141/velodyne/000596.bin,13,586,0,111738,2.1702838063439067,100.0,0.5217050674833518,-3.109375,10.25,7,0,6,112324,100.0,53.84615384615385,0.0,12,3,1,112321,80.0,92.3076923076923,0.002670845055375521,12,148,1,112176,7.5,92.3076923076923,0.1317616893985257,13,3929,0,108395,0.3297818366311517,100.0,3.497916740856807
111918,12,91.87370600414079,99.96515305848926,0.42084383209135257,-7.40625,141,597,/home/jasongao/Data/STU/val/141/velodyne/000597.bin,12,571,0,111347,2.058319039451115,100.0,0.510194964170196,-4.15625,8.625,0,0,12,111918,,0.0,0.0,11,0,1,111918,100.0,91.66666666666667,0.0,11,87,1,111831,11.224489795918368,91.66666666666667,0.07773548490859379,12,4134,0,107784,0.2894356005788712,100.0,3.6937758001393877
111496,12,100.0,100.0,0.0,2.546875,141,598,/home/jasongao/Data/STU/val/141/velodyne/000598.bin,12,591,0,110905,1.9900497512437811,100.0,0.5300638587931406,-2.96875,12.1875,10,0,2,111496,100.0,83.33333333333333,0.0,10,0,2,111496,100.0,83.33333333333333,0.0,12,156,0,111340,7.142857142857143,100.0,0.13991533328549904,12,4358,0,107138,0.2745995423340961,100.0,3.9086604003731074
111193,11,67.79288892925257,99.99779253599188,0.0026980115654762437,0.06689453125,141,599,/home/jasongao/Data/STU/val/141/velodyne/000599.bin,11,291,0,110902,3.642384105960265,100.0,0.26170712185119566,-5.84375,1.28125,0,0,11,111193,,0.0,0.0,2,2,9,111191,50.0,18.181818181818183,0.0017986743769841627,11,32,0,111161,25.58139534883721,100.0,0.028778790031746604,11,3927,0,107266,0.27932960893854747,100.0,3.5316971392084033
110666,10,100.0,99.99999999999999,0.0,7.75,141,600,/home/jasongao/Data/STU/val/141/velodyne/000600.bin,10,557,0,110109,1.763668430335097,100.0,0.5033162850378616,-5.46875,9.3125,1,0,9,110666,100.0,10.0,0.0,10,0,0,110666,100.0,100.0,0.0,10,34,0,110632,22.727272727272727,100.0,0.03072307664504003,10,4212,0,106454,0.23685457129322596,100.0,3.806047024379665
110398,12,26.77108774729362,99.88213101686625,1.141325024004058,-10.0,141,601,/home/jasongao/Data/STU/val/141/velodyne/000601.bin,11,811,1,109587,1.338199513381995,91.66666666666667,0.7346147575137231,-0.05419921875,1.734375,0,0,12,110398,,0.0,0.0,0,1,12,110397,0.0,0.0,0.0009058135111143317,11,334,1,110064,3.1884057971014492,91.66666666666667,0.3025417127121868,12,4120,0,106278,0.2904162633107454,100.0,3.7319516657910468
110026,10,95.08333333333334,99.99954556195809,0.0018177521676694599,3.578125,141,602,/home/jasongao/Data/STU/val/141/velodyne/000602.bin,10,687,0,109339,1.4347202295552368,100.0,0.6243978695944595,-0.8671875,8.5625,3,0,7,110026,100.0,30.0,0.0,10,2,0,110024,83.33333333333333,100.0,0.0018177521676694599,10,332,0,109694,2.9239766081871346,100.0,0.3017468598331304,10,4042,0,105984,0.24679170779861798,100.0,3.6736771308599785
109678,11,100.0,100.0,0.0,8.875,141,603,/home/jasongao/Data/STU/val/141/velodyne/000603.bin,11,621,0,109057,1.740506329113924,100.0,0.5662028848082569,-3.5,10.125,6,0,5,109678,100.0,54.54545454545455,0.0,11,3,0,109675,78.57142857142857,100.0,0.0027352796367548643,11,120,0,109558,8.396946564885496,100.0,0.10941118547019457,11,4372,0,105306,0.2509696554871093,100.0,3.9862141906307555
109295,13,98.5576923076923,99.99978885655267,0.002744864815407841,4.5625,141,604,/home/jasongao/Data/STU/val/141/velodyne/000604.bin,13,784,0,108511,1.631116687578419,100.0,0.7173246717599159,-1.796875,9.75,6,0,7,109295,100.0,46.15384615384615,0.0,13,9,0,109286,59.09090909090909,100.0,0.008234594446223523,13,238,0,109057,5.179282868525896,100.0,0.21775927535568873,13,5048,0,104247,0.2568662319699664,100.0,4.618692529392927
108793,12,83.49280124807171,99.81784980038545,1.2372119529749157,-10.375,141,605,/home/jasongao/Data/STU/val/141/velodyne/000605.bin,10,706,2,108087,1.3966480446927374,83.33333333333333,0.6489388104014046,-2.4375,10.8125,7,0,5,108793,100.0,58.333333333333336,0.0,10,2,2,108791,83.33333333333333,83.33333333333333,0.0018383535705422224,10,208,2,108585,4.587155963302752,83.33333333333333,0.19118877133639112,12,4586,0,104207,0.26098303610265333,100.0,4.215344737253316
108063,10,90.24691358024691,99.96377113350545,0.3655275163561996,-5.46875,141,606,/home/jasongao/Data/STU/val/141/velodyne/000606.bin,10,807,0,107256,1.2239902080783354,100.0,0.7467865967074762,-2.546875,9.9375,5,0,5,108063,100.0,50.0,0.0,9,0,1,108063,100.0,90.0,0.0,9,181,1,107882,4.7368421052631575,90.0,0.1674948872417016,10,5134,0,102929,0.19440124416796267,100.0,4.7509323265132375
107202,9,92.33716475095785,99.99792707018317,0.01865636835133673,0.8515625,141,607,/home/jasongao/Data/STU/val/141/velodyne/000607.bin,9,909,0,106293,0.9803921568627451,100.0,0.8479319415682544,-2.171875,10.5625,6,0,3,107202,100.0,66.66666666666667,0.0,8,3,1,107199,72.72727272727273,88.88888888888889,0.0027984552527005094,9,221,0,106981,3.9130434782608696,100.0,0.20615287028227086,9,4706,0,102496,0.19088016967126192,100.0,4.389843473069532
105938,9,2.7277344793411267,99.84031540460774,0.24637051860522194,-1.890625,141,608,/home/jasongao/Data/STU/val/141/velodyne/000608.bin,9,1017,0,104921,0.8771929824561403,100.0,0.9599954690479336,0.333984375,-0.5625,0,0,9,105938,,0.0,0.0,0,6,9,105932,0.0,0.0,0.005663690082878665,9,475,0,105463,1.859504132231405,100.0,0.448375464894561,9,4776,0,101162,0.18808777429467086,100.0,4.508297305971417
105130,6,97.61904761904762,99.99984146612131,0.0009512032721392561,1.46875,141,609,/home/jasongao/Data/STU/val/141/velodyne/000609.bin,6,610,0,104520,0.974025974025974,100.0,0.5802339960049463,-3.578125,1.859375,0,0,6,105130,,0.0,0.0,0,0,6,105130,,0.0,0.0,6,110,0,105020,5.172413793103448,100.0,0.10463235993531818,6,5036,0,100094,0.1190003966679889,100.0,4.790259678493294
105144,9,100.0,100.0,0.0,8.6875,141,610,/home/jasongao/Data/STU/val/141/velodyne/000610.bin,9,507,0,104637,1.744186046511628,100.0,0.4821958456973294,-3.984375,10.125,5,0,4,105144,100.0,55.55555555555556,0.0,9,0,0,105144,100.0,100.0,0.0,9,85,0,105059,9.574468085106384,100.0,0.08084151259225443,9,4191,0,100953,0.21428571428571427,100.0,3.98596210910751
105190,6,66.30572441742655,99.9701334093862,0.17302024907310581,-3.875,141,611,/home/jasongao/Data/STU/val/141/velodyne/000611.bin,6,588,0,104602,1.0101010101010102,100.0,0.5589884970054187,-2.625,6.3125,0,0,6,105190,,0.0,0.0,5,3,1,105187,62.5,83.33333333333333,0.002851982127578667,5,167,1,105023,2.9069767441860463,83.33333333333333,0.15876033843521248,6,4822,0,100368,0.12427506213753108,100.0,4.584085939728111
105361,5,78.0,99.99126811628591,0.04271030077542924,-3.453125,141,612,/home/jasongao/Data/STU/val/141/velodyne/000612.bin,5,337,0,105024,1.4619883040935673,100.0,0.3198526969182145,-5.15625,6.5,0,0,5,105361,,0.0,0.0,4,3,1,105358,57.142857142857146,80.0,0.0028473533850286157,5,57,0,105304,8.064516129032258,100.0,0.0540997143155437,5,5001,0,100360,0.0998801438274071,100.0,4.746538092842703
105329,6,100.0,100.0,0.0,9.0625,141,613,/home/jasongao/Data/STU/val/141/velodyne/000613.bin,6,966,0,104363,0.6172839506172839,100.0,0.9171263374759088,-1.515625,9.8125,3,0,3,105329,100.0,50.0,0.0,6,2,0,105327,75.0,100.0,0.0018988122929107843,6,283,0,105046,2.0761245674740483,100.0,0.26868193944687596,6,5321,0,100008,0.11263375258119017,100.0,5.051790105289141
105426,6,83.93939393939395,99.97510101872403,0.15081668658585168,-5.46875,141,614,/home/jasongao/Data/STU/val/141/velodyne/000614.bin,6,319,0,105107,1.8461538461538463,100.0,0.30258190579174016,-3.859375,10.0625,4,0,2,105426,100.0,66.66666666666667,0.0,5,17,1,105409,22.727272727272727,83.33333333333333,0.01612505454062565,5,99,1,105327,4.8076923076923075,83.33333333333333,0.0939047293836435,6,4356,0,101070,0.1375515818431912,100.0,4.1318080928803145
105938,6,0.29860432559210875,98.897782979982,1.6537975042005701,-11.6875,141,615,/home/jasongao/Data/STU/val/141/velodyne/000615.bin,0,429,6,105509,0.0,0.0,0.40495384092582454,-3.5625,-10.5,0,0,6,105938,,0.0,0.0,0,0,6,105938,,0.0,0.0,0,108,6,105830,0.0,0.0,0.10194642149181597,6,5317,0,100621,0.11271839188427578,100.0,5.018973361777643
105690,6,5.497868590755125,99.94575330368689,0.06812375816065852,-1.140625,141,616,/home/jasongao/Data/STU/val/141/velodyne/000616.bin,6,695,0,104995,0.8559201141226819,100.0,0.6575834989119121,-2.546875,1.328125,0,0,6,105690,,0.0,0.0,0,37,6,105653,0.0,0.0,0.03500804238811619,6,182,0,105508,3.1914893617021276,100.0,0.17220172201722017,6,4937,0,100753,0.1213837750354036,100.0,4.671208250544044
106249,6,1.2628451342986176,99.35152330845467,1.8080170166307448,-11.4375,141,617,/home/jasongao/Data/STU/val/141/velodyne/000617.bin,4,916,2,105333,0.43478260869565216,66.66666666666667,0.8621257611836347,0.06494140625,-1.796875,0,0,6,106249,,0.0,0.0,0,7,6,106242,0.0,0.0,0.0065882973016216624,4,410,2,105839,0.966183574879227,66.66666666666667,0.3858859848092688,6,4828,0,101421,0.12412081092263136,100.0,4.544042767461341
106463,6,0.32143545115983646,98.97022126623021,1.315010848839503,-10.1875,141,618,/home/jasongao/Data/STU/val/141/velodyne/000618.bin,0,796,6,105667,0.0,0.0,0.7476775969116031,-2.90625,-9.125,0,1,6,106462,0.0,0.0,0.0009392934634567878,0,5,6,106458,0.0,0.0,0.004696467317283939,0,163,6,106300,0.0,0.0,0.15310483454345641,6,4774,0,101689,0.12552301255230125,100.0,4.484186994542705
104204,5,0.21020403949659505,98.7183793328471,1.6381328931710875,-10.9375,141,622,/home/jasongao/Data/STU/val/141/velodyne/000622.bin,0,649,5,103555,0.0,0.0,0.6228167824651645,-3.125,-10.625,0,0,5,104204,,0.0,0.0,0,40,5,104164,0.0,0.0,0.038386242370734326,0,134,5,104070,0.0,0.0,0.12859391194196002,5,5233,0,98971,0.09545628102329133,100.0,5.021880158151318
104573,5,80.15974440894568,99.88228318973349,0.5938435351381331,-11.3125,142,263,/home/jasongao/Data/STU/val/142/velodyne/000263.bin,4,226,1,104347,1.7391304347826086,80.0,0.2161169709198359,-5.78125,9.75,2,0,3,104573,100.0,40.0,0.0,4,0,1,104573,100.0,80.0,0.0,4,46,1,104527,8.0,80.0,0.043988410010232085,5,1556,0,103017,0.3203074951953876,100.0,1.4879557820852418
106088,8,50.637927547459995,99.76257917954906,0.5825352537516024,-12.8125,142,264,/home/jasongao/Data/STU/val/142/velodyne/000264.bin,4,94,4,105994,4.081632653061225,50.0,0.08860568584571299,-8.375,-11.0,4,0,4,106088,100.0,50.0,0.0,4,0,4,106088,100.0,50.0,0.0,4,5,4,106083,44.44444444444444,50.0,0.004713068396048564,8,1218,0,104870,0.6525285481239804,100.0,1.1481034612774301
94448,6,11.513291102523562,99.82415367892033,0.6215060138912418,-11.375,142,271,/home/jasongao/Data/STU/val/142/velodyne/000271.bin,4,234,2,94214,1.680672268907563,66.66666666666667,0.24775537862104016,-4.125,-0.55078125,0,0,6,94448,,0.0,0.0,0,0,6,94448,,0.0,0.0,4,81,2,94367,4.705882352941177,66.66666666666667,0.08576147721497544,6,1795,0,92653,0.3331482509716824,100.0,1.9005166864306284
79976,6,0.33001378747343835,98.74337301190357,1.6167350205061517,-11.9375,142,284,/home/jasongao/Data/STU/val/142/velodyne/000284.bin,0,755,6,79221,0.0,0.0,0.9440332099629889,5.9375,-10.1875,0,1,6,79975,0.0,0.0,0.00125037511253376,0,228,6,79748,0.0,0.0,0.2850855256576973,0,601,6,79375,0.0,0.0,0.7514754426327899,6,2241,0,77735,0.26702269692923897,100.0,2.8020906271881563
82077,8,0.6187383223179528,99.1787437406338,1.0685088392606943,-7.375,142,285,/home/jasongao/Data/STU/val/142/velodyne/000285.bin,8,916,0,81161,0.8658008658008658,100.0,1.116025195852675,3.109375,-5.96875,0,0,8,82077,,0.0,0.0,0,86,8,81991,0.0,0.0,0.10477965812590616,2,579,6,81498,0.3442340791738382,25.0,0.7054351401732519,8,2587,0,79490,0.30828516377649323,100.0,3.1519183206013865
78895,8,68.56789616510748,99.98162114202421,0.07478293934976868,-4.375,142,292,/home/jasongao/Data/STU/val/142/velodyne/000292.bin,8,194,0,78701,3.9603960396039604,100.0,0.24589644464161228,-5.0,9.1875,1,0,7,78895,100.0,12.5,0.0,5,1,3,78894,83.33333333333333,62.5,0.001267507446606249,7,41,1,78854,14.583333333333334,87.5,0.0519678053108562,8,2599,0,76296,0.3068661296509398,100.0,3.294251853729641
77436,10,2.101187193999564,99.68018750968541,0.5501317216798388,-10.75,142,293,/home/jasongao/Data/STU/val/142/velodyne/000293.bin,2,149,8,77287,1.3245033112582782,20.0,0.1924169636861408,-5.375,-9.4375,0,0,10,77436,,0.0,0.0,0,0,10,77436,,0.0,0.0,0,46,10,77390,0.0,0.0,0.059403894829278374,10,2326,0,75110,0.4280821917808219,100.0,3.003770855932641
62774,11,0.18744175960881235,95.23014739744595,6.2573677000031855,-17.125,142,299,/home/jasongao/Data/STU/val/142/velodyne/000299.bin,0,1000,11,61774,0.0,0.0,1.593016216905088,4.28125,-16.5,0,0,11,62774,,0.0,0.0,0,260,11,62514,0.0,0.0,0.4141842163953229,0,893,11,61881,0.0,0.0,1.4225634816962436,2,2284,9,60490,0.08748906386701662,18.181818181818183,3.638449039411221
62861,15,68.16258400260055,99.30762581993076,7.755205930545171,-18.875,142,300,/home/jasongao/Data/STU/val/142/velodyne/000300.bin,13,426,2,62435,2.9612756264236904,86.66666666666667,0.677685687469178,-3.046875,0.94140625,0,0,15,62861,,0.0,0.0,0,0,15,62861,,0.0,0.0,12,74,3,62787,13.953488372093023,80.0,0.11772004899699337,14,1983,1,60878,0.7010515773660491,93.33333333333333,3.1545791508248358
70305,15,72.58882948937021,99.94808335111301,0.4892966360856269,-8.75,142,303,/home/jasongao/Data/STU/val/142/velodyne/000303.bin,14,255,1,70050,5.204460966542751,93.33333333333333,0.36270535523789205,-4.375,3.328125,0,0,15,70305,,0.0,0.0,11,3,4,70302,78.57142857142857,73.33333333333333,0.004267121826328142,13,60,2,70245,17.80821917808219,86.66666666666667,0.08534243652656283,15,3426,0,66879,0.43591979075850046,100.0,4.873053125666738
72529,25,0.8506750863524416,90.15574459871225,45.47284534462077,-24.125,142,304,/home/jasongao/Data/STU/val/142/velodyne/000304.bin,0,255,25,72274,0.0,0.0,0.35158350452922277,-4.625,-12.5625,0,0,25,72529,,0.0,0.0,0,0,25,72529,,0.0,0.0,0,42,25,72487,0.0,0.0,0.05790787133422493,15,1885,10,70644,0.7894736842105263,60.0,2.5989604158336665
74867,24,16.52339702336156,96.47611208320534,24.55821657071874,-21.25,142,305,/home/jasongao/Data/STU/val/142/velodyne/000305.bin,14,279,10,74588,4.778156996587031,58.333333333333336,0.3726608519107217,-4.6875,-4.71875,0,0,24,74867,,0.0,0.0,0,4,24,74863,0.0,0.0,0.005342807912698519,11,31,13,74836,26.19047619047619,45.833333333333336,0.04140676132341352,18,2475,6,72392,0.7220216606498195,75.0,3.3058623959822087
75210,18,74.0137042570115,97.4012025587614,45.216061693923685,-23.375,142,306,/home/jasongao/Data/STU/val/142/velodyne/000306.bin,15,559,3,74651,2.6132404181184667,83.33333333333333,0.7432522270974604,-3.671875,2.71875,0,0,18,75210,,0.0,0.0,9,0,9,75210,100.0,50.0,0.0,14,76,4,75134,15.555555555555555,77.77777777777777,0.10105039223507513,17,3404,1,71806,0.4969307220111079,94.44444444444444,4.525993883792049
77345,30,77.68809121261799,98.11554291378455,23.930441528217724,-22.125,142,307,/home/jasongao/Data/STU/val/142/velodyne/000307.bin,28,705,2,76640,3.819918144611187,93.33333333333333,0.9115004201952291,-1.828125,5.65625,0,0,30,77345,,0.0,0.0,25,9,5,77336,73.52941176470588,83.33333333333333,0.011636175576960372,25,209,5,77136,10.683760683760683,83.33333333333333,0.27021785506496865,28,3832,2,73513,0.7253886010362695,93.33333333333333,4.954424978990239
81423,30,2.3014869842095544,91.90695503727449,47.7813394249782,-24.5,142,308,/home/jasongao/Data/STU/val/142/velodyne/000308.bin,23,1196,7,80227,1.8867924528301887,76.66666666666667,1.4688724316225146,-2.46875,-6.21875,0,0,30,81423,,0.0,0.0,0,3,30,81420,0.0,0.0,0.0036844626211267086,5,171,25,81252,2.840909090909091,16.666666666666668,0.21001436940422238,25,3893,5,77530,0.6380806533945891,83.33333333333333,4.781204328015425
84792,32,23.588951504365696,99.71015470209453,2.2230870836871404,-10.875,142,309,/home/jasongao/Data/STU/val/142/velodyne/000309.bin,28,953,4,83839,2.854230377166157,87.5,1.1239267855458062,-3.140625,-0.515625,0,1,32,84791,0.0,0.0,0.001179356543070101,0,16,32,84776,0.0,0.0,0.018869704689121615,27,105,5,84687,20.454545454545453,84.375,0.1238324370223606,32,4134,0,80658,0.7681228996639462,100.0,4.875459949051797
86378,39,5.577256663696689,91.92382497680144,79.7517886498877,-26.875,142,310,/home/jasongao/Data/STU/val/142/velodyne/000310.bin,28,2259,11,84119,1.2243113248797552,71.7948717948718,2.615249253282086,1.1796875,-6.375,0,0,39,86378,,0.0,0.0,2,4,37,86374,33.333333333333336,5.128205128205129,0.0046308087707518115,15,1094,24,85284,1.3525698827772767,38.46153846153846,1.2665261988006205,35,5335,4,81043,0.6517690875232774,89.74358974358974,6.176341197990229
88588,39,4.128840283165229,98.4967142623936,1.964148643157087,-3.859375,142,311,/home/jasongao/Data/STU/val/142/velodyne/000311.bin,38,2921,1,85667,1.2842176410949646,97.43589743589743,3.297286314173477,7.71875,2.484375,0,0,39,88588,,0.0,0.0,17,279,22,88309,5.743243243243243,43.58974358974359,0.3149410755407053,37,1646,2,86942,2.1984551396316103,94.87179487179488,1.8580394635842326,38,5049,1,83539,0.7470021623746805,97.43589743589743,5.6994175283334085
90568,48,6.1073875920067024,99.15211038483055,1.884771663280629,-9.125,142,312,/home/jasongao/Data/STU/val/142/velodyne/000312.bin,45,1382,3,89186,3.153468815697267,93.75,1.525925271619115,11.5,7.46875,14,285,34,90283,4.682274247491639,29.166666666666668,0.3146806819185584,39,337,9,90231,10.372340425531915,81.25,0.3720961045844007,42,715,6,89853,5.548216644649934,87.5,0.7894620616553308,47,4583,1,85985,1.0151187904967602,97.91666666666667,5.060286193799135
92417,57,89.09820223005558,99.94375227919066,0.6189337459558306,-4.59375,142,313,/home/jasongao/Data/STU/val/142/velodyne/000313.bin,57,1152,0,91265,4.714640198511166,100.0,1.2465239079390156,1.796875,8.875,11,0,46,92417,100.0,19.29824561403509,0.0,50,25,7,92392,66.66666666666667,87.71929824561404,0.027051300085482108,53,487,4,91930,9.814814814814815,92.98245614035088,0.5269593256651914,57,4721,0,87696,1.1929677689409794,100.0,5.108367508142441
93762,50,49.829023740499814,99.94856125082657,0.2463684648365009,-3.015625,142,314,/home/jasongao/Data/STU/val/142/velodyne/000314.bin,50,1402,0,92360,3.443526170798898,100.0,1.4952752714319233,-1.3828125,0.69140625,0,0,50,93762,,0.0,0.0,1,1,49,93761,50.0,2.0,0.0010665301508073633,50,320,0,93442,13.513513513513514,100.0,0.3412896482583563,50,4887,0,88875,1.01276078590237,100.0,5.212132846995584
96330,6,24.9938211906297,99.97941105228554,0.04256202636769438,-4.0625,142,316,/home/jasongao/Data/STU/val/142/velodyne/000316.bin,6,250,0,96080,2.34375,100.0,0.25952455102252675,-5.53125,-3.765625,0,0,6,96330,,0.0,0.0,0,0,6,96330,,0.0,0.0,3,25,3,96305,10.714285714285714,50.0,0.025952455102252674,6,3051,0,93279,0.19627085377821393,100.0,3.1672376206789163
97111,6,95.83333333333334,99.99965675017933,0.002059498923911812,-1.34375,142,317,/home/jasongao/Data/STU/val/142/velodyne/000317.bin,6,95,0,97016,5.9405940594059405,100.0,0.09782619888581108,-8.0625,-0.47265625,0,0,6,97111,,0.0,0.0,0,0,6,97111,,0.0,0.0,6,24,0,97087,20.0,100.0,0.02471398708694175,6,2451,0,94660,0.2442002442002442,100.0,2.523915931253926
98741,6,5.263606097476964,99.92910746295865,0.16811658784091715,-7.75,142,319,/home/jasongao/Data/STU/val/142/velodyne/000319.bin,6,187,0,98554,3.1088082901554404,100.0,0.18938434895332232,-6.3125,-4.59375,0,4,6,98737,0.0,0.0,0.004051002116648606,0,31,6,98710,0.0,0.0,0.0313952664040267,1,47,5,98694,2.0833333333333335,16.666666666666668,0.04759927487062112,6,2456,0,96285,0.2437043054427295,100.0,2.487315299622244
99231,7,92.14285714285715,99.99928017886116,0.003023248783142365,4.0625,142,320,/home/jasongao/Data/STU/val/142/velodyne/000320.bin,7,450,0,98781,1.5317286652078774,100.0,0.45348731747135473,-4.625,7.15625,0,0,7,99231,,0.0,0.0,7,3,0,99228,70.0,100.0,0.003023248783142365,7,58,0,99173,10.76923076923077,100.0,0.05844947647408572,7,2896,0,96335,0.24112986565621772,100.0,2.9184428253267627
100060,7,100.0,100.0,0.0,3.671875,142,321,/home/jasongao/Data/STU/val/142/velodyne/000321.bin,7,160,0,99900,4.191616766467066,100.0,0.15990405756546072,-7.09375,6.75,0,0,7,100060,,0.0,0.0,7,1,0,100059,87.5,100.0,0.0009994003597841295,7,22,0,100038,24.137931034482758,100.0,0.021986807915250848,7,1996,0,98064,0.34947578632051923,100.0,1.9948031181291226
100862,6,94.84126984126983,99.99966951544356,0.0009914536693700303,5.34375,142,322,/home/jasongao/Data/STU/val/142/velodyne/000322.bin,6,480,0,100382,1.2345679012345678,100.0,0.4758977612976146,-1.453125,7.78125,0,0,6,100862,,0.0,0.0,6,6,0,100856,50.0,100.0,0.005948722016220182,6,202,0,100660,2.8846153846153846,100.0,0.20027364121274613,6,2627,0,98235,0.2278769464489176,100.0,2.6045487894350696
101192,5,21.468434343434346,99.98843782117163,0.0266819511423828,-2.203125,142,323,/home/jasongao/Data/STU/val/142/velodyne/000323.bin,5,706,0,100486,0.7032348804500703,100.0,0.6976836113526761,-4.0,0.345703125,0,0,5,101192,,0.0,0.0,0,6,5,101186,0.0,0.0,0.005929322476085066,5,78,0,101114,6.024096385542169,100.0,0.07708119218910586,5,2864,0,98328,0.17427675148135238,100.0,2.830263261917938
99988,7,100.0,100.0,0.0,5.65625,142,324,/home/jasongao/Data/STU/val/142/velodyne/000324.bin,7,559,0,99429,1.2367491166077738,100.0,0.559067088050566,-4.25,7.03125,0,0,7,99988,,0.0,0.0,7,1,0,99987,87.5,100.0,0.0010001200144017282,7,81,0,99907,7.954545454545454,100.0,0.08100972116653998,7,2390,0,97598,0.2920317062995411,100.0,2.3902868344201305
98715,11,5.388527141330591,99.89123878198487,0.20868155802056423,-3.96875,142,325,/home/jasongao/Data/STU/val/142/velodyne/000325.bin,11,664,0,98051,1.6296296296296295,100.0,0.6726434685711391,-2.171875,-2.359375,0,0,11,98715,,0.0,0.0,0,8,11,98707,0.0,0.0,0.008104138175555893,9,182,2,98533,4.712041884816754,81.81818181818181,0.18436914349389658,11,2931,0,95784,0.37389530931339227,100.0,2.9691536240692904
97968,10,27.146736356926155,99.984229544341,0.047974848930262944,-2.203125,142,326,/home/jasongao/Data/STU/val/142/velodyne/000326.bin,10,617,0,97351,1.594896331738437,100.0,0.6297974848930263,-2.859375,-1.0859375,0,0,10,97968,,0.0,0.0,0,0,10,97968,,0.0,0.0,10,163,0,97805,5.780346820809249,100.0,0.1663808590560183,10,2683,0,95285,0.37133308577794283,100.0,2.7386493548913933
97635,8,31.319046558017146,99.9909100220208,0.010242228708967072,1.53125,142,327,/home/jasongao/Data/STU/val/142/velodyne/000327.bin,8,478,0,97157,1.646090534979424,100.0,0.489578532288626,-4.15625,1.828125,0,0,8,97635,,0.0,0.0,3,8,5,97627,27.272727272727273,37.5,0.008193782967173657,8,65,0,97570,10.95890410958904,100.0,0.06657448660828597,8,2586,0,95049,0.3084040092521203,100.0,2.648640344138885
97517,10,11.851629951255491,99.9600582462545,0.08818975153050237,0.27734375,142,328,/home/jasongao/Data/STU/val/142/velodyne/000328.bin,10,437,0,97080,2.237136465324385,100.0,0.4481269932422039,-0.09375,2.375,0,4,10,97513,0.0,0.0,0.0041018489083954595,1,26,9,97491,3.7037037037037037,10.0,0.026662017904570484,10,194,0,97323,4.901960784313726,100.0,0.19893967205717977,10,2120,0,95397,0.4694835680751174,100.0,2.1739799214495936
98223,9,11.240806264026078,99.96136908418146,0.07635686142756788,-0.1884765625,142,329,/home/jasongao/Data/STU/val/142/velodyne/000329.bin,9,492,0,97731,1.7964071856287425,100.0,0.5009010109648453,-0.890625,1.1953125,0,1,9,98222,0.0,0.0,0.001018091485700905,1,16,8,98207,5.882352941176471,11.11111111111111,0.01628946377121448,9,206,0,98017,4.186046511627907,100.0,0.20972684605438643,9,2241,0,95982,0.4,100.0,2.2815430194557282
100599,13,43.14310379963038,99.9880714520025,0.022863050328532093,4.40625,142,330,/home/jasongao/Data/STU/val/142/velodyne/000330.bin,13,356,0,100243,3.5230352303523036,100.0,0.3538802572590185,-2.53125,5.875,0,0,13,100599,,0.0,0.0,13,37,0,100562,26.0,100.0,0.03677968965894293,13,146,0,100453,8.176100628930818,100.0,0.1451306673028559,13,2066,0,98533,0.6253006253006252,100.0,2.0536983469020567
101598,15,44.61873750250614,99.98366109569086,0.05019783854012874,1.6640625,142,331,/home/jasongao/Data/STU/val/142/velodyne/000331.bin,15,369,0,101229,3.90625,100.0,0.36319612590799033,-2.25,5.1875,0,0,15,101598,,0.0,0.0,13,40,2,101558,24.528301886792452,86.66666666666667,0.03937085375696372,15,135,0,101463,10.0,100.0,0.13287663142975256,15,2384,0,99214,0.6252605252188412,100.0,2.3465028839150377
101538,15,86.29965716997201,99.99753786759636,0.013787941460339972,1.078125,142,332,/home/jasongao/Data/STU/val/142/velodyne/000332.bin,15,306,0,101232,4.672897196261682,100.0,0.3013650062045737,-2.25,2.625,0,0,15,101538,,0.0,0.0,5,1,10,101537,83.33333333333333,33.333333333333336,0.000984852961452855,15,130,0,101408,10.344827586206897,100.0,0.12803088498887116,15,2101,0,99437,0.7088846880907372,100.0,2.0691760720124486
101768,11,2.2045837634765673,99.75398589304729,0.41073814951654747,-6.34375,142,333,/home/jasongao/Data/STU/val/142/velodyne/000333.bin,11,499,0,101269,2.156862745098039,100.0,0.4903309488247779,1.921875,-1.0859375,0,0,11,101768,,0.0,0.0,0,50,11,101718,0.0,0.0,0.04913135759767314,10,324,1,101444,2.9940119760479043,90.9090909090909,0.31837119723292195,11,2065,0,99703,0.5298651252408478,100.0,2.0291250687839004
101930,16,82.50422167701579,99.9973940449328,0.007848523496517218,2.0625,142,334,/home/jasongao/Data/STU/val/142/velodyne/000334.bin,16,242,0,101688,6.2015503875969,100.0,0.23741783576964584,-4.125,3.484375,0,0,16,101930,,0.0,0.0,14,4,2,101926,77.77777777777777,87.5,0.003924261748258609,16,89,0,101841,15.238095238095237,100.0,0.08731482389875404,16,2047,0,99883,0.7755695588948134,100.0,2.008240949671343
102001,23,7.759978228926934,99.87372246563653,0.20097842178017863,-1.890625,142,335,/home/jasongao/Data/STU/val/142/velodyne/000335.bin,23,354,0,101647,6.10079575596817,100.0,0.3470554210252841,1.3671875,0.81640625,0,0,23,102001,,0.0,0.0,1,42,22,101959,2.3255813953488373,4.3478260869565215,0.04117606690130489,23,239,0,101762,8.778625954198473,100.0,0.2343114283193302,23,1783,0,100218,1.273532668881506,100.0,1.7480220782149194
101294,23,53.536243058560075,99.99124374077695,0.013821154263826092,1.6640625,142,336,/home/jasongao/Data/STU/val/142/velodyne/000336.bin,23,377,0,100917,5.75,100.0,0.3721839398187454,-3.984375,4.0,0,0,23,101294,,0.0,0.0,16,11,7,101283,59.25925925925926,69.56521739130434,0.010859478350149072,23,82,0,101212,21.904761904761905,100.0,0.08095247497383853,23,2585,0,98709,0.8819018404907976,100.0,2.551977412285032
100603,32,5.127355415512711,99.71545021023229,0.517877200481099,-10.0,142,337,/home/jasongao/Data/STU/val/142/velodyne/000337.bin,28,388,4,100215,6.730769230769231,87.5,0.38567438346768984,-0.83984375,-4.46875,0,0,32,100603,,0.0,0.0,0,13,32,100590,0.0,0.0,0.012922079858453525,13,245,19,100358,5.038759689922481,40.625,0.24353150502470106,32,1964,0,98639,1.6032064128256514,100.0,1.9522280647694403
100013,27,80.1672162082671,99.99131594374212,0.03399558057452531,2.5625,142,338,/home/jasongao/Data/STU/val/142/velodyne/000338.bin,27,271,0,99742,9.060402684563758,100.0,0.2709647745793047,-3.25,7.6875,0,0,27,100013,,0.0,0.0,24,28,3,99985,46.15384615384615,88.88888888888889,0.02799636047313849,27,108,0,99905,20.0,100.0,0.10798596182496276,27,2151,0,97862,1.2396694214876034,100.0,2.1507204063471748
99404,28,61.11977071824845,99.98499988502907,0.0482877952597481,-1.8359375,142,339,/home/jasongao/Data/STU/val/142/velodyne/000339.bin,28,221,0,99183,11.244979919678714,100.0,0.22232505734175687,-5.5,0.90234375,0,0,28,99404,,0.0,0.0,2,1,26,99403,66.66666666666667,7.142857142857143,0.0010059957345780854,28,75,0,99329,27.184466019417474,100.0,0.07544968009335641,28,1882,0,97522,1.4659685863874345,100.0,1.8932839724759567
98517,44,61.013335480706786,99.17656112881302,0.04263223606078139,1.3046875,142,340,/home/jasongao/Data/STU/val/142/velodyne/000340.bin,42,293,2,98224,12.537313432835822,95.45454545454545,0.2974105991859273,-3.46875,5.28125,1,0,43,98517,100.0,2.272727272727273,0.0,35,30,9,98487,53.84615384615385,79.54545454545455,0.03045159718627242,42,104,2,98413,28.767123287671232,95.45454545454545,0.10556553691241105,42,2356,2,96161,1.7514595496246872,95.45454545454545,2.3914654323619273
97064,66,54.93301177914523,98.55154143845112,5.192450342042363,-17.125,142,341,/home/jasongao/Data/STU/val/142/velodyne/000341.bin,39,279,27,96785,12.264150943396226,59.09090909090909,0.28743921536305944,-4.9375,2.796875,0,0,66,97064,,0.0,0.0,31,4,35,97060,88.57142857142857,46.96969696969697,0.004120992334954257,39,63,27,97001,38.23529411764706,59.09090909090909,0.06490562927552955,47,2484,19,94580,1.8569735282497037,71.21212121212122,2.559136240006594
96026,84,56.88823692739775,99.52438476484046,2.100472788619749,-14.1875,142,342,/home/jasongao/Data/STU/val/142/velodyne/000342.bin,59,189,25,95837,23.79032258064516,70.23809523809524,0.19682169412450795,-5.9375,-2.453125,0,0,84,96026,,0.0,0.0,4,0,80,96026,100.0,4.761904761904762,0.0,44,50,40,95976,46.808510638297875,52.38095238095238,0.05206923124986983,82,2387,2,93639,3.3211826650465777,97.61904761904762,2.4857850998687856
94654,103,2.862097259497991,96.68289576282017,10.619730809051916,-19.625,142,343,/home/jasongao/Data/STU/val/142/velodyne/000343.bin,29,671,74,93983,4.142857142857143,28.155339805825243,0.7088976694064699,-0.1611328125,-11.125,0,0,103,94654,,0.0,0.0,0,1,103,94653,0.0,0.0,0.0010564793880871385,2,266,101,94388,0.746268656716418,1.941747572815534,0.2810235172311788,71,2600,32,92054,2.6581804567577687,68.93203883495146,2.74684640902656
94526,47,91.5696915485791,99.99119908920703,0.029621479804498235,-2.03125,142,344,/home/jasongao/Data/STU/val/142/velodyne/000344.bin,47,211,0,94315,18.217054263565892,100.0,0.22321900852675455,-6.125,5.40625,0,0,47,94526,,0.0,0.0,38,5,9,94521,88.37209302325581,80.85106382978724,0.00528954996508897,45,48,2,94478,48.38709677419355,95.74468085106383,0.05077967966485412,47,2543,0,91983,1.8146718146718146,100.0,2.6902651122442505
94814,31,15.592774021868225,99.74137819581564,1.0852827641487544,-12.0,142,345,/home/jasongao/Data/STU/val/142/velodyne/000345.bin,23,215,8,94599,9.663865546218487,74.19354838709677,0.22675976121669797,-5.875,-5.78125,0,0,31,94814,,0.0,0.0,0,0,31,94814,,0.0,0.0,3,19,28,94795,13.636363636363637,9.67741935483871,0.02003923471217331,31,2603,0,92211,1.1769172361427487,100.0,2.7453751555677433
95269,32,1.188877164004115,98.19452025317786,8.68173277771363,-18.25,142,346,/home/jasongao/Data/STU/val/142/velodyne/000346.bin,2,317,30,94952,0.6269592476489029,6.25,0.3327420252128184,-4.78125,-12.4375,0,0,32,95269,,0.0,0.0,0,0,32,95269,,0.0,0.0,0,64,32,95205,0.0,0.0,0.06717820067388132,29,2677,3,92592,1.0716925351071693,90.625,2.809938175062192
96955,33,0.7484302786443978,96.12049013678636,25.54793460883915,-21.5,142,347,/home/jasongao/Data/STU/val/142/velodyne/000347.bin,2,262,31,96693,0.7575757575757576,6.0606060606060606,0.27022845650043836,-5.0625,-14.875,0,0,33,96955,,0.0,0.0,0,0,33,96955,,0.0,0.0,0,68,33,96887,0.0,0.0,0.07013562993141148,16,2056,17,94899,0.7722007722007722,48.484848484848484,2.1205713991026767
98834,24,0.48471491749201273,94.86268220787719,18.659570593115728,-21.125,142,348,/home/jasongao/Data/STU/val/142/velodyne/000348.bin,0,114,24,98720,0.0,0.0,0.11534492178804864,-7.59375,-15.625,0,0,24,98834,,0.0,0.0,0,23,24,98811,0.0,0.0,0.023271343869518585,0,61,24,98773,0.0,0.0,0.06171965113220147,11,1662,13,97172,0.657501494321578,45.833333333333336,1.681607543962604
100597,17,0.7821530274017854,98.90913014012229,1.9841545970555783,-15.1875,142,349,/home/jasongao/Data/STU/val/142/velodyne/000349.bin,0,161,17,100436,0.0,0.0,0.1600445341312365,-6.875,-12.8125,0,0,17,100597,,0.0,0.0,0,0,17,100597,,0.0,0.0,0,29,17,100568,0.0,0.0,0.028827897452210306,13,1731,4,98866,0.7454128440366973,76.47058823529412,1.7207272582681392
101174,19,1.2377135327301039,98.7572217950732,3.5008994405677347,-17.75,142,350,/home/jasongao/Data/STU/val/142/velodyne/000350.bin,0,108,19,101066,0.0,0.0,0.10674679265423923,-7.84375,-12.0625,0,0,19,101174,,0.0,0.0,0,9,19,101165,0.0,0.0,0.008895566054519936,0,30,19,101144,0.0,0.0,0.029651886848399787,12,1295,7,99879,0.918133129303749,63.1578947368421,1.2799731156225909
100947,14,0.9035598634766143,97.67462841179743,9.583246654184869,-21.75,142,351,/home/jasongao/Data/STU/val/142/velodyne/000351.bin,0,87,14,100860,0.0,0.0,0.08618383904425095,-8.5,-12.9375,0,0,14,100947,,0.0,0.0,0,0,14,100947,,0.0,0.0,0,37,14,100910,0.0,0.0,0.03665289706479638,9,996,5,99951,0.8955223880597015,64.28571428571429,0.986656364230735
100247,17,4.8717310930462805,99.80545112395912,0.6743343940467046,-12.25,142,352,/home/jasongao/Data/STU/val/142/velodyne/000352.bin,8,109,9,100138,6.837606837606837,47.05882352941177,0.10873143335960178,-7.75,-8.75,0,0,17,100247,,0.0,0.0,0,0,17,100247,,0.0,0.0,0,33,17,100214,0.0,0.0,0.03291869083364091,17,1727,0,98520,0.9747706422018348,100.0,1.7227448202938742
99682,17,0.7129031666327241,97.7286004789348,7.598162155654983,-19.5,142,353,/home/jasongao/Data/STU/val/142/velodyne/000353.bin,0,102,17,99580,0.0,0.0,0.10232539475532193,-7.75,-13.5625,0,0,17,99682,,0.0,0.0,0,0,17,99682,,0.0,0.0,0,40,17,99642,0.0,0.0,0.040127605786400754,11,1406,6,98276,0.776287932251235,64.70588235294117,1.4104853433919866
98667,12,0.4992905922418604,98.44548667065314,3.4439072840970133,-17.5,142,354,/home/jasongao/Data/STU/val/142/velodyne/000354.bin,1,432,11,98235,0.23094688221709006,8.333333333333334,0.43783635866095044,1.3203125,-14.9375,0,2,12,98665,0.0,0.0,0.0020270201789858817,0,34,12,98633,0.0,0.0,0.03445934304275999,0,319,12,98348,0.0,0.0,0.32330971854824814,6,1441,6,97226,0.414651002073255,50.0,1.4604680389593279
98132,15,3.424203167305004,99.7910297694262,0.3260913871112379,-11.1875,142,355,/home/jasongao/Data/STU/val/142/velodyne/000355.bin,2,133,13,97999,1.4814814814814814,13.333333333333334,0.13553173276810826,-6.21875,-9.9375,0,0,15,98132,,0.0,0.0,0,11,15,98121,0.0,0.0,0.011209391431948804,0,58,15,98074,0.0,0.0,0.059104063913911875,15,1277,0,96855,1.1609907120743035,100.0,1.3013084416907839
97860,14,1.7994839352589915,97.70043210417214,26.155732679337827,-21.5,142,356,/home/jasongao/Data/STU/val/142/velodyne/000356.bin,5,171,9,97689,2.840909090909091,35.714285714285715,0.1747394236664623,-6.34375,-10.625,0,0,14,97860,,0.0,0.0,0,0,14,97860,,0.0,0.0,0,18,14,97842,0.0,0.0,0.018393623543838136,13,2008,1,95852,0.6432459178624443,92.85714285714286,2.05191089311261
97537,14,2.581337335241799,99.40561017870142,3.3218163363646616,-16.75,142,357,/home/jasongao/Data/STU/val/142/velodyne/000357.bin,7,168,7,97369,4.0,50.0,0.17224232855224172,-5.0625,-10.625,0,0,14,97537,,0.0,0.0,0,5,14,97532,0.0,0.0,0.005126259778340527,0,69,14,97468,0.0,0.0,0.07074238494109927,13,1617,1,95920,0.7975460122699386,92.85714285714286,1.6578324123153265
97515,11,1.1893447029502682,99.1488955079172,1.6500025637081477,-14.375,142,358,/home/jasongao/Data/STU/val/142/velodyne/000358.bin,3,125,8,97390,2.34375,27.272727272727273,0.12818540737322462,-7.65625,-12.9375,0,0,11,97515,,0.0,0.0,0,17,11,97498,0.0,0.0,0.01743321540275855,0,38,11,97477,0.0,0.0,0.03896836384146029,11,1826,0,95689,0.5988023952095808,100.0,1.8725324309080653
97644,9,1.2666327544526632,99.28276869717205,1.429683339478104,-13.1875,142,359,/home/jasongao/Data/STU/val/142/velodyne/000359.bin,2,315,7,97329,0.6309148264984227,22.22222222222222,0.3226004670025808,-5.5,-10.6875,0,0,9,97644,,0.0,0.0,0,16,9,97628,0.0,0.0,0.016386055466797757,1,39,8,97605,2.5,11.11111111111111,0.03994101020031953,9,2204,0,95440,0.4066877541798464,100.0,2.257179140551391
97582,10,10.906789163657074,99.95813777131029,0.05841241212518702,-4.875,142,360,/home/jasongao/Data/STU/val/142/velodyne/000360.bin,10,145,0,97437,6.451612903225806,100.0,0.14859297821319506,-6.71875,-3.96875,0,0,10,97582,,0.0,0.0,0,0,10,97582,,0.0,0.0,5,43,5,97539,10.416666666666666,50.0,0.04406550388391302,10,2061,0,95521,0.48285852245292127,100.0,2.112069848947552
98033,5,0.4430061403794293,99.3402221700856,0.7579080513704569,-12.0,142,361,/home/jasongao/Data/STU/val/142/velodyne/000361.bin,0,426,5,97607,0.0,0.0,0.43454755031468995,0.451171875,-11.125,0,0,5,98033,,0.0,0.0,0,13,5,98020,0.0,0.0,0.013260840737302744,0,277,5,97756,0.0,0.0,0.28255791417175846,5,1603,0,96430,0.31094527363184077,100.0,1.6351636693766385
98301,8,0.7306144151340412,99.41003906369212,0.7029430015971353,-13.0625,142,362,/home/jasongao/Data/STU/val/142/velodyne/000362.bin,0,169,8,98132,0.0,0.0,0.17192093671478417,-5.8125,-12.9375,0,0,8,98301,,0.0,0.0,0,0,8,98301,,0.0,0.0,0,43,8,98258,0.0,0.0,0.04374319691559598,8,1240,0,97061,0.6410256410256411,100.0,1.261431725007884
98746,7,0.4629422677364481,99.18181134281026,1.2678994592186013,-14.375,142,363,/home/jasongao/Data/STU/val/142/velodyne/000363.bin,0,171,7,98575,0.0,0.0,0.17317157150669393,-5.90625,-13.25,0,0,7,98746,,0.0,0.0,0,0,7,98746,,0.0,0.0,0,55,7,98691,0.0,0.0,0.05569845867174367,7,1388,0,97358,0.5017921146953405,100.0,1.4056265570250948
99125,6,11.349031048376998,99.97377049180328,0.02824716267339218,-1.6875,142,364,/home/jasongao/Data/STU/val/142/velodyne/000364.bin,6,104,0,99021,5.454545454545454,100.0,0.10491803278688525,-7.78125,-0.8984375,0,0,6,99125,,0.0,0.0,0,23,6,99102,0.0,0.0,0.023203026481715006,6,32,0,99093,15.789473684210526,100.0,0.03228247162673392,6,1026,0,98099,0.5813953488372093,100.0,1.0350567465321563
99513,8,15.209506125612377,99.97625938319618,0.030146814988996413,-1.4296875,142,365,/home/jasongao/Data/STU/val/142/velodyne/000365.bin,8,129,0,99384,5.839416058394161,100.0,0.1296313044526846,-6.65625,0.2177734375,0,0,8,99513,,0.0,0.0,0,21,8,99492,0.0,0.0,0.021102770492297487,8,49,0,99464,14.035087719298245,100.0,0.04923979781536081,8,1114,0,98399,0.7130124777183601,100.0,1.1194517299247335
99587,5,3.5859944395524463,99.92258025645918,0.10844788978481128,-6.46875,142,367,/home/jasongao/Data/STU/val/142/velodyne/000367.bin,5,182,0,99405,2.6737967914438503,100.0,0.18275477722995973,-6.0625,-4.40625,0,13,5,99574,0.0,0.0,0.013053912659282838,0,50,5,99537,0.0,0.0,0.05020735638185707,1,68,4,99519,1.4492753623188406,20.0,0.06828200467932562,5,1273,0,98314,0.39123630672926446,100.0,1.278279293482081
100103,6,4.588053498206601,99.93007202581342,0.0819156269042886,-2.5,142,369,/home/jasongao/Data/STU/val/142/velodyne/000369.bin,6,201,0,99902,2.898550724637681,100.0,0.20079318302148788,-3.96875,-1.1875,0,0,6,100103,,0.0,0.0,0,31,6,100072,0.0,0.0,0.030968102854060316,6,97,0,100006,5.825242718446602,100.0,0.09690019280141454,6,1592,0,98511,0.37546933667083854,100.0,1.5903619272149685
100353,7,1.3288536655928642,99.70973890737127,0.5291321634629756,-11.6875,142,370,/home/jasongao/Data/STU/val/142/velodyne/000370.bin,2,188,5,100165,1.0526315789473684,28.571428571428573,0.18733869440873716,-4.21875,-8.875,0,0,7,100353,,0.0,0.0,0,18,7,100335,0.0,0.0,0.017936683507219515,0,97,7,100256,0.0,0.0,0.09665879445557184,7,1637,0,98716,0.4257907542579075,100.0,1.631241716739908
101462,17,1.099559468750486,99.02658427901724,3.433797875066527,-16.75,142,374,/home/jasongao/Data/STU/val/142/velodyne/000374.bin,2,321,15,101141,0.6191950464396285,11.764705882352942,0.31637460329975753,-2.25,-11.4375,0,0,17,101462,,0.0,0.0,0,0,17,101462,,0.0,0.0,2,148,15,101314,1.3333333333333333,11.764705882352942,0.14586741834381345,13,1624,4,99838,0.7941356139279169,76.47058823529412,1.600599239124007
102125,16,0.7162615908118851,98.61116891064871,4.133170134638923,-17.0,142,375,/home/jasongao/Data/STU/val/142/velodyne/000375.bin,1,312,15,101813,0.3194888178913738,6.25,0.3055079559363525,-2.875,-12.9375,0,0,16,102125,,0.0,0.0,0,13,16,102112,0.0,0.0,0.012729498164014688,0,120,16,102005,0.0,0.0,0.1175030599755202,11,1893,5,100232,0.5777310924369747,68.75,1.853610771113831
102992,11,4.68695024920549,99.88225034248026,0.3194422867795557,-7.96875,142,376,/home/jasongao/Data/STU/val/142/velodyne/000376.bin,11,329,0,102663,3.235294117647059,100.0,0.3194422867795557,-2.359375,-2.40625,0,0,11,102992,,0.0,0.0,0,5,11,102987,0.0,0.0,0.004854745999689296,9,143,2,102849,5.921052631578948,81.81818181818181,0.13884573559111388,11,1589,0,101403,0.6875,100.0,1.5428382787012584
103571,14,7.397573750990194,99.8888271261812,0.34662212395361636,-10.9375,142,377,/home/jasongao/Data/STU/val/142/velodyne/000377.bin,10,139,4,103432,6.7114093959731544,71.42857142857143,0.1342074518929044,-6.84375,-3.78125,0,0,14,103571,,0.0,0.0,0,0,14,103571,,0.0,0.0,6,56,8,103515,9.67741935483871,42.857142857142854,0.05406918925181759,14,1448,0,102123,0.957592339261286,100.0,1.3980747506541407
104429,9,7.527806228166509,99.94541746066704,0.07373430751994178,-2.578125,142,378,/home/jasongao/Data/STU/val/142/velodyne/000378.bin,9,230,0,104199,3.7656903765690375,100.0,0.22024533415047545,-3.828125,-1.0703125,0,0,9,104429,,0.0,0.0,0,37,9,104392,0.0,0.0,0.03543077114594605,9,101,0,104328,8.181818181818182,100.0,0.09671642934433922,9,1546,0,102883,0.5787781350482315,100.0,1.480431680854935
105262,13,15.114015809224435,99.96514192425349,0.038950428454713006,2.25,142,379,/home/jasongao/Data/STU/val/142/velodyne/000379.bin,13,335,0,104927,3.735632183908046,100.0,0.31825350078850867,-0.7578125,3.40625,0,3,13,105259,0.0,0.0,0.0028500313503448537,10,38,3,105224,20.833333333333332,76.92307692307692,0.036100397104368145,13,179,0,105083,6.770833333333333,100.0,0.17005187057057627,13,1673,0,103589,0.7710557532621589,100.0,1.5893674830423135
105606,7,6.978782201799638,99.95211311045638,0.06344336496032423,-3.140625,142,380,/home/jasongao/Data/STU/val/142/velodyne/000380.bin,7,182,0,105424,3.7037037037037037,100.0,0.17233869287729864,-5.28125,0.16796875,0,17,7,105589,0.0,0.0,0.016097570213813608,0,42,7,105564,0.0,0.0,0.03977046758706892,7,80,0,105526,8.045977011494253,100.0,0.07575327159441698,7,1163,0,104443,0.5982905982905983,100.0,1.1012631858038369
106031,6,91.5079365079365,99.99952843979591,0.0009431204081825127,5.65625,142,381,/home/jasongao/Data/STU/val/142/velodyne/000381.bin,6,194,0,105837,3.0,100.0,0.18296535918740744,-5.875,6.0,0,0,6,106031,,0.0,0.0,6,6,0,106025,50.0,100.0,0.005658722449095076,6,64,0,105967,8.571428571428571,100.0,0.06035970612368081,6,1635,0,104396,0.3656307129798903,100.0,1.5420018673784082
106325,7,95.71428571428571,99.99959692318028,0.002821537738067247,4.125,142,382,/home/jasongao/Data/STU/val/142/velodyne/000382.bin,7,230,0,106095,2.9535864978902953,100.0,0.21631789325182224,-4.03125,6.1875,0,0,7,106325,,0.0,0.0,7,4,0,106321,63.63636363636363,100.0,0.0037620503174229957,7,102,0,106223,6.422018348623853,100.0,0.09593228309428639,7,1600,0,104725,0.4355942750466708,100.0,1.5048201269691983
106870,6,1.048536942643479,99.71055176070615,0.42855806119584544,-9.5,142,383,/home/jasongao/Data/STU/val/142/velodyne/000383.bin,3,312,3,106558,0.9523809523809523,50.0,0.29194348273603443,-3.578125,-8.6875,0,0,6,106870,,0.0,0.0,0,12,6,106858,0.0,0.0,0.011228595489847478,0,110,6,106760,0.0,0.0,0.10292879199026855,6,1966,0,104904,0.30425963488843816,100.0,1.8396182277533453
107984,5,66.19186896753436,99.51650244480663,2.430915691213513,-15.0,142,385,/home/jasongao/Data/STU/val/142/velodyne/000385.bin,4,359,1,107625,1.1019283746556474,80.0,0.3324566602459624,-5.53125,0.72265625,0,0,5,107984,,0.0,0.0,0,0,5,107984,,0.0,0.0,4,43,1,107941,8.51063829787234,80.0,0.0398207141798785,4,2438,1,105546,0.1638001638001638,80.0,2.257741887687065
108626,5,27.475723622782443,99.99263528068786,0.011967668882219727,-0.6953125,142,386,/home/jasongao/Data/STU/val/142/velodyne/000386.bin,5,245,0,108381,2.0,100.0,0.225544528934141,-5.96875,1.484375,0,0,5,108626,,0.0,0.0,0,3,5,108623,0.0,0.0,0.002761769742050706,5,36,0,108590,12.195121951219512,100.0,0.033141236904608476,5,1953,0,106673,0.2553626149131767,100.0,1.7979121020750097
110957,5,0.5356150979842352,99.48250223059384,0.8345575312959075,-9.0625,142,388,/home/jasongao/Data/STU/val/142/velodyne/000388.bin,3,819,2,110138,0.36496350364963503,60.0,0.7381237776796417,-1.171875,-5.125,0,0,5,110957,,0.0,0.0,0,5,5,110952,0.0,0.0,0.004506250168984381,2,414,3,110543,0.4807692307692308,40.0,0.3731175139919068,5,2470,0,108487,0.20202020202020202,100.0,2.2260875834782845
113813,5,28.936507936507937,99.99376169681847,0.011422245261964803,1.796875,142,391,/home/jasongao/Data/STU/val/142/velodyne/000391.bin,5,734,0,113079,0.6765899864682002,100.0,0.6449175401755511,-1.390625,2.4375,0,0,5,113813,,0.0,0.0,2,6,3,113807,25.0,40.0,0.005271805505522216,5,316,0,113497,1.557632398753894,100.0,0.2776484232908367,5,2326,0,111487,0.2145002145002145,100.0,2.043703267640779
69351,6,0.12462720603120925,96.29553527226236,5.541376476186357,-17.375,143,225,/home/jasongao/Data/STU/val/143/velodyne/000225.bin,0,327,6,69024,0.0,0.0,0.471514469870658,4.71875,-16.625,0,8,6,69343,0.0,0.0,0.01153552219867053,0,111,6,69240,0.0,0.0,0.1600553705065536,0,254,6,69097,0.0,0.0,0.36625282980778934,1,1384,5,67967,0.07220216606498195,16.666666666666668,1.9956453403700019
70935,7,0.8971005020898785,99.3963286308391,0.714738845421865,-8.375,143,229,/home/jasongao/Data/STU/val/143/velodyne/000229.bin,6,492,1,70443,1.2048192771084338,85.71428571428571,0.6935927257348277,7.5,-5.40625,0,10,7,70925,0.0,0.0,0.01409741312469162,0,289,7,70646,0.0,0.0,0.4074152393035878,0,389,7,70546,0.0,0.0,0.548389370550504,7,1618,0,69317,0.4307692307692308,100.0,2.2809614435751038
70932,6,100.0,100.0,0.0,8.875,143,230,/home/jasongao/Data/STU/val/143/velodyne/000230.bin,6,303,0,70629,1.941747572815534,100.0,0.42716968364066993,-2.171875,9.875,3,0,3,70932,100.0,50.0,0.0,6,4,0,70928,60.0,100.0,0.005639203744431286,6,106,0,70826,5.357142857142857,100.0,0.1494388992274291,6,1406,0,69526,0.42492917847025496,100.0,1.9821801161675972
70453,8,0.7541514109174883,99.20195023632776,1.0120221991966276,-10.875,143,231,/home/jasongao/Data/STU/val/143/velodyne/000231.bin,2,500,6,69953,0.398406374501992,25.0,0.7096929868139044,5.0,-8.9375,0,0,8,70453,,0.0,0.0,0,130,8,70323,0.0,0.0,0.18452017657161512,0,363,8,70090,0.0,0.0,0.5152371084268945,8,1671,0,68782,0.47647409172126265,100.0,2.371793961932068
68894,7,0.47874859535752157,98.8579764358497,1.8405086074259007,-13.0625,143,232,/home/jasongao/Data/STU/val/143/velodyne/000232.bin,0,495,7,68399,0.0,0.0,0.718495079397335,6.875,-9.8125,0,0,7,68894,,0.0,0.0,0,202,7,68692,0.0,0.0,0.29320405260254884,0,363,7,68531,0.0,0.0,0.5268963915580457,7,1920,0,66974,0.3632589517384536,100.0,2.7868900049351177
66264,8,1.1858750618167595,99.44851276711336,0.6172280574671013,-4.09375,143,233,/home/jasongao/Data/STU/val/143/velodyne/000233.bin,8,506,0,65758,1.556420233463035,100.0,0.7636122177954847,7.5625,-0.01806640625,0,0,8,66264,,0.0,0.0,0,274,8,65990,0.0,0.0,0.41349752505130993,7,400,1,65864,1.71990171990172,87.5,0.6036460219727152,8,1862,0,64402,0.42780748663101603,100.0,2.8099722322829894
66475,7,0.756184635162481,99.22666953204748,0.8318916886047386,1.46875,143,234,/home/jasongao/Data/STU/val/143/velodyne/000234.bin,7,830,0,65645,0.8363201911589009,100.0,1.2485896953742008,10.1875,3.125,0,69,7,66406,0.0,0.0,0.10379842045881911,4,511,3,65964,0.7766990291262136,57.142857142857146,0.7687100413689357,7,678,0,65797,1.0218978102189782,100.0,1.0199323053779616,7,2151,0,64324,0.3243744207599629,100.0,3.2358029334336216
67602,7,0.6297743270939531,99.0754711399071,0.9615100144966126,-1.234375,143,235,/home/jasongao/Data/STU/val/143/velodyne/000235.bin,7,903,0,66699,0.7692307692307693,100.0,1.3357592970622172,10.8125,-0.07763671875,0,82,7,67520,0.0,0.0,0.12129818644418804,0,483,7,67119,0.0,0.0,0.7144759030797906,7,743,0,66859,0.9333333333333333,100.0,1.0990799088784355,7,2152,0,65450,0.3242241778601204,100.0,3.1833377710718618
70616,7,10.522386110621404,99.9429510106977,0.17418148861447832,2.484375,143,236,/home/jasongao/Data/STU/val/143/velodyne/000236.bin,7,854,0,69762,0.8130081300813008,100.0,1.2093576526566217,3.328125,4.21875,0,1,7,70615,0.0,0.0,0.001416109663532344,6,86,1,70530,6.521739130434782,85.71428571428571,0.12178543106378158,7,514,0,70102,1.3435700575815739,100.0,0.7278803670556248,7,2174,0,68442,0.32095369096744614,100.0,3.078622408519316
71423,8,68.37536549707602,99.9781232936169,0.07840611567702281,6.125,143,237,/home/jasongao/Data/STU/val/143/velodyne/000237.bin,8,1065,0,70358,0.7455731593662628,100.0,1.4911163070719515,5.8125,8.625,0,0,8,71423,,0.0,0.0,8,267,0,71156,2.909090909090909,100.0,0.3738291586743766,8,802,0,70621,0.9876543209876543,100.0,1.122887585231648,8,2497,0,68926,0.3193612774451098,100.0,3.496072693670106
70006,7,98.21428571428572,99.99979593585857,0.001428448990086564,10.375,143,238,/home/jasongao/Data/STU/val/143/velodyne/000238.bin,7,1023,0,68983,0.6796116504854369,100.0,1.461303316858555,4.59375,11.5625,7,1,0,70005,87.5,100.0,0.001428448990086564,7,206,0,69800,3.2863849765258215,100.0,0.29426049195783216,7,688,0,69318,1.0071942446043165,100.0,0.9827729051795561,7,2461,0,67545,0.28363047001620745,100.0,3.515412964603034
71004,9,40.77714803461072,99.96346058750994,0.14224550729536364,1.9375,143,239,/home/jasongao/Data/STU/val/143/velodyne/000239.bin,9,815,0,70189,1.0922330097087378,100.0,1.1478226578784294,2.40625,4.40625,0,0,9,71004,,0.0,0.0,7,39,2,70965,15.217391304347826,77.77777777777777,0.054926483015041404,9,481,0,70523,1.836734693877551,100.0,0.6774266238521773,9,2616,0,68388,0.34285714285714286,100.0,3.6842994760858545
70713,10,25.32899086589252,99.97093886555513,0.080607526197446,-2.03125,143,240,/home/jasongao/Data/STU/val/143/velodyne/000240.bin,10,486,0,70227,2.0161290322580645,100.0,0.6872852233676976,-2.453125,-0.79296875,0,0,10,70713,,0.0,0.0,1,4,9,70709,20.0,10.0,0.0056566685050839305,10,96,0,70617,9.433962264150944,100.0,0.13576004412201434,10,2085,0,68628,0.477326968973747,100.0,2.948538458274999
71277,11,0.937215290077371,99.09093459958396,2.1409430812183454,-10.125,143,241,/home/jasongao/Data/STU/val/143/velodyne/000241.bin,9,1074,2,70203,0.8310249307479224,81.81818181818181,1.5067974241340123,3.21875,-3.328125,0,0,11,71277,,0.0,0.0,0,74,11,71203,0.0,0.0,0.10382030669079788,7,525,4,70752,1.3157894736842106,63.63636363636363,0.7365629866576876,11,3251,0,68026,0.3372164316370325,100.0,4.5610786088078905
73166,11,17.35990518954658,99.96446436869584,0.04510291665527704,1.1328125,143,242,/home/jasongao/Data/STU/val/143/velodyne/000242.bin,11,268,0,72898,3.942652329749104,100.0,0.366290353442856,-2.671875,1.9921875,0,0,11,73166,,0.0,0.0,4,22,7,73144,15.384615384615385,36.36363636363637,0.030068611103518026,11,90,0,73076,10.891089108910892,100.0,0.12300795451439193,11,2402,0,70764,0.45586406962287607,100.0,3.2829456304841047
72001,10,8.381971661969818,99.92382050249302,0.11249843752170108,2.0,143,243,/home/jasongao/Data/STU/val/143/velodyne/000243.bin,10,727,0,71274,1.3568521031207599,100.0,1.0097081984972431,2.28125,3.0625,0,0,10,72001,,0.0,0.0,6,58,4,71943,9.375,60.0,0.08055443674393412,10,298,0,71703,3.2467532467532467,100.0,0.4138831405119373,10,3218,0,68783,0.3097893432465923,100.0,4.46938236968931
70250,10,100.0,100.0,0.0,3.78125,143,244,/home/jasongao/Data/STU/val/143/velodyne/000244.bin,10,227,0,70023,4.219409282700422,100.0,0.3231316725978648,-6.21875,5.53125,0,0,10,70250,,0.0,0.0,10,0,0,70250,100.0,100.0,0.0,10,32,0,70218,23.80952380952381,100.0,0.04555160142348755,10,3114,0,67136,0.3201024327784891,100.0,4.4327402135231315
69736,10,21.996279066265455,99.97289778593552,0.0544912240449696,-3.671875,143,245,/home/jasongao/Data/STU/val/143/velodyne/000245.bin,10,316,0,69420,3.067484662576687,100.0,0.45313754732132616,-4.46875,-2.921875,0,0,10,69736,,0.0,0.0,0,0,10,69736,,0.0,0.0,10,38,0,69698,20.833333333333332,100.0,0.0544912240449696,10,3417,0,66319,0.29180040852057193,100.0,4.899908225306872
70117,11,40.36018137667698,99.97594928995302,0.06132606928419641,-0.92578125,143,246,/home/jasongao/Data/STU/val/143/velodyne/000246.bin,11,709,0,69408,1.5277777777777777,100.0,1.0111670493603548,-1.6171875,0.96875,0,0,11,70117,,0.0,0.0,1,0,10,70117,100.0,9.090909090909092,0.0,11,198,0,69919,5.2631578947368425,100.0,0.2823851562388579,11,2981,0,67136,0.36764705882352944,100.0,4.251465407818361
73496,14,36.181126163607054,99.97264185417282,0.0721127680417982,0.337890625,143,247,/home/jasongao/Data/STU/val/143/velodyne/000247.bin,14,827,0,72669,1.6646848989298455,100.0,1.1252313051050398,-0.60546875,2.328125,0,0,14,73496,,0.0,0.0,4,3,10,73493,57.142857142857146,28.571428571428573,0.004081854794818766,14,280,0,73216,4.761904761904762,100.0,0.38097311418308477,14,3129,0,70367,0.44543429844098,100.0,4.257374550995973
72234,15,81.30751538797516,99.9950161973586,0.019381454716615447,-1.265625,143,248,/home/jasongao/Data/STU/val/143/velodyne/000248.bin,15,238,0,71996,5.928853754940712,100.0,0.32948473018246255,-4.34375,1.359375,0,0,15,72234,,0.0,0.0,3,0,12,72234,100.0,20.0,0.0,15,52,0,72182,22.388059701492537,100.0,0.07198826037600022,15,1892,0,70342,0.7865757734661772,100.0,2.619265165988316
70248,11,91.8560606060606,99.99831764864221,0.007117640359867897,5.53125,143,249,/home/jasongao/Data/STU/val/143/velodyne/000249.bin,11,136,0,70112,7.482993197278912,100.0,0.1935998177884068,-5.5625,9.0,4,0,7,70248,100.0,36.36363636363637,0.0,11,13,0,70235,45.833333333333336,100.0,0.018505864935656532,11,54,0,70194,16.923076923076923,100.0,0.07687051588657329,11,1291,0,68957,0.8448540706605223,100.0,1.8377747409178908
68273,16,42.23420489147076,99.98420861834107,0.038082404464429565,-3.25,143,250,/home/jasongao/Data/STU/val/143/velodyne/000250.bin,16,112,0,68161,12.5,100.0,0.16404728076985045,-6.0,1.8046875,0,0,16,68273,,0.0,0.0,0,6,16,68267,0.0,0.0,0.00878824718409913,16,32,0,68241,33.333333333333336,100.0,0.0468706516485287,16,1410,0,66863,1.1220196353436185,100.0,2.0652380882632957
67008,18,95.176585555525,99.99817600551842,0.019400668576886344,-2.015625,143,251,/home/jasongao/Data/STU/val/143/velodyne/000251.bin,18,315,0,66693,5.405405405405405,100.0,0.4700931232091691,-4.875,2.40625,0,0,18,67008,,0.0,0.0,5,0,13,67008,100.0,27.77777777777778,0.0,18,35,0,66973,33.9622641509434,100.0,0.052232569245463226,18,1800,0,65208,0.9900990099009901,100.0,2.6862464183381087
66027,20,94.53246753246754,99.99613794356854,0.05300861768670393,-4.53125,143,252,/home/jasongao/Data/STU/val/143/velodyne/000252.bin,20,234,0,65793,7.874015748031496,100.0,0.3544004725339634,-5.78125,2.0625,0,0,20,66027,,0.0,0.0,4,0,16,66027,100.0,20.0,0.0,19,27,1,66000,41.30434782608695,95.0,0.04089236221545731,20,1902,0,64125,1.0405827263267429,100.0,2.880639738288882
67113,22,13.80287190065963,99.64740607090079,0.9267951067602401,-7.21875,143,253,/home/jasongao/Data/STU/val/143/velodyne/000253.bin,22,690,0,66423,3.0898876404494384,100.0,1.0281167583031603,-0.042724609375,-1.765625,0,0,22,67113,,0.0,0.0,0,0,22,67113,,0.0,0.0,16,360,6,66753,4.25531914893617,72.72727272727273,0.5364087434625184,22,2169,0,64944,1.004107713372889,100.0,3.2318626793616736
68224,23,100.0,100.0,0.0,2.875,143,254,/home/jasongao/Data/STU/val/143/velodyne/000254.bin,23,494,0,67730,4.448742746615087,100.0,0.7240853658536586,-2.859375,4.59375,0,0,23,68224,,0.0,0.0,21,0,2,68224,100.0,91.30434782608695,0.0,23,112,0,68112,17.037037037037038,100.0,0.16416510318949343,23,2005,0,66219,1.1341222879684418,100.0,2.9388484990619137
69308,22,98.91280257777034,99.99967208298138,0.0014428348819761066,2.671875,143,255,/home/jasongao/Data/STU/val/143/velodyne/000255.bin,22,362,0,68946,5.729166666666667,100.0,0.5223062272753506,-2.828125,5.71875,0,0,22,69308,,0.0,0.0,18,1,4,69307,94.73684210526316,81.81818181818181,0.0014428348819761066,22,106,0,69202,17.1875,100.0,0.1529404974894673,22,2454,0,66854,0.8885298869143781,100.0,3.5407168003693656
70028,31,98.95418166338813,99.99960845155026,0.0014280002284800366,8.5,143,256,/home/jasongao/Data/STU/val/143/velodyne/000256.bin,31,242,0,69786,11.355311355311356,100.0,0.34557605529216884,-5.625,11.375,21,0,10,70028,100.0,67.74193548387096,0.0,31,4,0,70024,88.57142857142857,100.0,0.005712000913920146,31,43,0,69985,41.891891891891895,100.0,0.06140400982464157,31,2238,0,67790,1.366240634640811,100.0,3.1958645113383217
70661,29,98.07007442475424,99.99877999325581,0.007076039116344236,8.625,143,257,/home/jasongao/Data/STU/val/143/velodyne/000257.bin,29,399,0,70262,6.775700934579439,100.0,0.5646679214842699,6.5,12.0,27,1,2,70660,96.42857142857143,93.10344827586206,0.0014152078232688471,29,98,0,70563,22.834645669291337,100.0,0.138690366680347,29,188,0,70473,13.36405529953917,100.0,0.2660590707745432,29,2097,0,68564,1.3640639698965193,100.0,2.9676908053947724
71554,29,99.65862452533466,99.99985542628524,0.001397545909383123,10.375,143,258,/home/jasongao/Data/STU/val/143/velodyne/000258.bin,29,158,0,71396,15.508021390374331,100.0,0.22081225368253346,-4.0625,18.125,29,3,0,71551,90.625,100.0,0.00419263772814937,29,5,0,71549,85.29411764705883,100.0,0.006987729546915616,29,65,0,71489,30.851063829787233,100.0,0.09084048410990302,29,1738,0,69816,1.6411997736276174,100.0,2.428934790507868
71407,36,100.0,100.0,0.0,10.9375,143,259,/home/jasongao/Data/STU/val/143/velodyne/000259.bin,36,148,0,71259,19.565217391304348,100.0,0.20726259330317756,-6.53125,17.875,36,0,0,71407,100.0,100.0,0.0,36,2,0,71405,94.73684210526316,100.0,0.0028008458554483456,36,23,0,71384,61.016949152542374,100.0,0.03220972733765597,36,2326,0,69081,1.5241320914479255,100.0,3.257383729886426
72305,38,100.0,100.0,0.0,10.5625,143,260,/home/jasongao/Data/STU/val/143/velodyne/000260.bin,38,1528,0,70777,2.426564495530013,100.0,2.113270174953323,0.1943359375,15.4375,38,0,0,72305,100.0,100.0,0.0,38,10,0,72295,79.16666666666667,100.0,0.013830302192102897,38,384,0,71921,9.004739336492891,100.0,0.5310836041767513,38,5775,0,66530,0.653707207982109,100.0,7.986999515939424
72960,44,99.94949494949495,99.99996884968103,0.0,11.5,143,261,/home/jasongao/Data/STU/val/143/velodyne/000261.bin,44,233,0,72727,15.884476534296029,100.0,0.31935307017543857,-6.0,17.625,43,1,1,72959,97.72727272727273,97.72727272727273,0.0013706140350877192,44,8,0,72952,84.61538461538461,100.0,0.010964912280701754,44,32,0,72928,57.89473684210526,100.0,0.043859649122807015,44,3102,0,69858,1.3986013986013985,100.0,4.251644736842105
73686,47,99.71903325868982,99.99984118926717,0.0013571098987596015,13.125,143,262,/home/jasongao/Data/STU/val/143/velodyne/000262.bin,47,790,0,72896,5.615292712066906,100.0,1.0721168200200852,-2.921875,18.25,47,1,0,73685,97.91666666666667,100.0,0.0013571098987596015,47,2,0,73684,95.91836734693878,100.0,0.002714219797519203,47,129,0,73557,26.704545454545453,100.0,0.1750671769399886,47,2271,0,71415,2.0276100086281277,100.0,3.081996580083055
74510,55,100.0,100.0,0.0,12.5625,143,263,/home/jasongao/Data/STU/val/143/velodyne/000263.bin,55,713,0,73797,7.161458333333333,100.0,0.9569185344249094,-3.96875,15.875,55,0,0,74510,100.0,100.0,0.0,55,6,0,74504,90.1639344262295,100.0,0.0080526103878674,55,59,0,74451,48.24561403508772,100.0,0.07918400214736276,55,2574,0,71936,2.092050209205021,100.0,3.4545698563951146
75583,59,100.0,100.0,0.0,13.3125,143,264,/home/jasongao/Data/STU/val/143/velodyne/000264.bin,59,677,0,74906,8.016304347826088,100.0,0.8957040604368707,-3.3125,17.125,59,0,0,75583,100.0,100.0,0.0,59,4,0,75579,93.65079365079364,100.0,0.005292195334929813,59,103,0,75480,36.41975308641975,100.0,0.13627402987444268,59,2630,0,72953,2.194124209743399,100.0,3.4796184327163515
77422,63,100.0,100.0,0.0,12.25,143,265,/home/jasongao/Data/STU/val/143/velodyne/000265.bin,63,263,0,77159,19.32515337423313,100.0,0.3396967270284932,-5.46875,16.625,63,0,0,77422,100.0,100.0,0.0,63,3,0,77419,95.45454545454545,100.0,0.0038748676086900365,63,44,0,77378,58.87850467289719,100.0,0.05683139159412053,63,2675,0,74747,2.3009495982468957,100.0,3.4550902844152827
78833,69,100.0,100.0,0.0,15.9375,143,266,/home/jasongao/Data/STU/val/143/velodyne/000266.bin,69,1021,0,77812,6.330275229357798,100.0,1.2951428970101353,-1.28125,17.125,69,0,0,78833,100.0,100.0,0.0,69,18,0,78815,79.3103448275862,100.0,0.022833077518298175,69,293,0,78540,19.060773480662984,100.0,0.3716717618256314,69,3371,0,75462,2.005813953488372,100.0,4.276128017454619
80308,76,98.80418021319619,99.99795196388641,0.0024904119141305973,12.4375,143,267,/home/jasongao/Data/STU/val/143/velodyne/000267.bin,76,2109,0,78199,3.4782608695652173,100.0,2.6261393634507146,11.1875,16.875,76,98,0,80210,43.67816091954023,100.0,0.12203018379239926,76,292,0,80016,20.652173913043477,100.0,0.3636001394630672,76,952,0,79356,7.392996108949417,100.0,1.1854360711261642,76,4980,0,75328,1.5031645569620253,100.0,6.201125666185187
81986,81,98.79756019704773,99.99826076900212,0.0,15.5,143,268,/home/jasongao/Data/STU/val/143/velodyne/000268.bin,81,1534,0,80452,5.015479876160991,100.0,1.8710511550752567,10.8125,18.0,81,241,0,81745,25.15527950310559,100.0,0.29395262605810746,81,548,0,81438,12.87758346581876,100.0,0.6684068011611739,81,887,0,81099,8.367768595041323,100.0,1.0818920303466446,81,4023,0,77963,1.9736842105263157,100.0,4.906935330422267
83421,90,93.27569627119749,99.97139675727801,0.33444816053511706,11.3125,143,269,/home/jasongao/Data/STU/val/143/velodyne/000269.bin,90,939,0,82482,8.746355685131196,100.0,1.125615852123566,13.1875,17.625,88,283,2,83138,23.71967654986523,97.77777777777777,0.3392431162417137,90,313,0,83108,22.332506203473944,100.0,0.3752052840411887,90,583,0,82838,13.37295690936107,100.0,0.6988647942364632,90,4020,0,79401,2.18978102189781,100.0,4.818930485129644
84655,99,99.5460121692266,99.99947499327337,0.004725060539838166,9.5,143,270,/home/jasongao/Data/STU/val/143/velodyne/000270.bin,99,1819,0,82836,5.1616266944734095,100.0,2.148721280491406,3.109375,16.625,94,4,5,84651,95.91836734693878,94.94949494949495,0.004725060539838167,99,91,0,84564,52.10526315789474,100.0,0.1074951272813183,99,799,0,83856,11.024498886414253,100.0,0.9438308428326738,99,4719,0,79936,2.0547945205479454,100.0,5.574390171874077
86300,110,99.41461761036224,99.99927314863584,0.005793742757821553,9.9375,143,271,/home/jasongao/Data/STU/val/143/velodyne/000271.bin,110,1602,0,84698,6.425233644859813,100.0,1.8563151796060255,-0.1171875,14.5625,104,5,6,86295,95.41284403669725,94.54545454545455,0.005793742757821553,110,10,0,86290,91.66666666666667,100.0,0.011587485515643106,110,430,0,85870,20.37037037037037,100.0,0.4982618771726535,110,4602,0,81698,2.33446519524618,100.0,5.332560834298957
88010,122,99.23975599098114,99.99898949635008,0.005681172594023406,11.875,143,272,/home/jasongao/Data/STU/val/143/velodyne/000272.bin,122,321,0,87689,27.539503386004515,100.0,0.3647312805363027,-3.75,18.625,122,7,0,88003,94.57364341085271,100.0,0.00795364163163277,122,28,0,87982,81.33333333333333,100.0,0.03181456652653108,122,85,0,87925,58.93719806763285,100.0,0.09657993409839791,122,1736,0,86274,6.566200215285253,100.0,1.9725031246449267
89340,131,99.82570587566384,99.99976075614728,0.0011193194537721066,11.875,143,273,/home/jasongao/Data/STU/val/143/velodyne/000273.bin,131,164,0,89176,44.40677966101695,100.0,0.18356839041862547,-3.796875,17.75,131,4,0,89336,97.03703703703704,100.0,0.0044772778150884264,131,16,0,89324,89.1156462585034,100.0,0.017909111260353706,131,88,0,89252,59.817351598173516,100.0,0.09850011193194538,131,1679,0,87661,7.237569060773481,100.0,1.879337362883367
90207,145,99.96679549865311,99.99994648324179,0.0,10.5,143,274,/home/jasongao/Data/STU/val/143/velodyne/000274.bin,145,181,0,90026,44.47852760736196,100.0,0.20064961699202943,-4.71875,16.5,141,1,4,90206,99.29577464788733,97.24137931034483,0.0011085614198454664,145,24,0,90183,85.79881656804734,100.0,0.026605474076291196,145,73,0,90134,66.5137614678899,100.0,0.08092498364871906,145,1565,0,88642,8.47953216374269,100.0,1.734898622058155
90917,158,99.94373191631621,99.9999060208344,0.0010999043083251756,8.875,143,275,/home/jasongao/Data/STU/val/143/velodyne/000275.bin,158,135,0,90782,53.924914675767916,100.0,0.14848708162389873,-5.71875,15.5625,134,0,24,90917,100.0,84.81012658227849,0.0,158,10,0,90907,94.04761904761905,100.0,0.010999043083251758,158,65,0,90852,70.85201793721973,100.0,0.07149378004113642,158,1078,0,89839,12.783171521035598,100.0,1.1856968443745395
92162,133,99.98341441839894,99.9999755252805,0.0,13.5,143,276,/home/jasongao/Data/STU/val/143/velodyne/000276.bin,133,58,0,92104,69.63350785340315,100.0,0.06293266205160478,-9.375,16.5,131,0,2,92162,100.0,98.49624060150376,0.0,132,3,1,92159,97.77777777777777,99.24812030075188,0.0032551376923243853,133,13,0,92149,91.0958904109589,100.0,0.014105596666739002,133,884,0,91278,13.077679449360865,100.0,0.9591805733382522
93344,98,99.9896928468357,99.99998906830473,0.0,12.625,143,277,/home/jasongao/Data/STU/val/143/velodyne/000277.bin,98,144,0,93200,40.49586776859504,100.0,0.15426808364758313,-6.28125,14.625,95,0,3,93344,100.0,96.93877551020408,0.0,98,1,0,93343,98.98989898989899,100.0,0.0010713061364415496,98,53,0,93291,64.90066225165563,100.0,0.05677922523140212,98,1458,0,91886,6.298200514138817,100.0,1.5619643469317792
94317,51,100.0,100.0,0.0,13.0625,143,278,/home/jasongao/Data/STU/val/143/velodyne/000278.bin,51,80,0,94237,38.93129770992366,100.0,0.08482033991751221,-8.4375,15.3125,51,0,0,94317,100.0,100.0,0.0,51,2,0,94315,96.22641509433963,100.0,0.0021205084979378057,51,18,0,94299,73.91304347826087,100.0,0.019084576481440248,51,1255,0,93062,3.9050535987748853,100.0,1.330619082455973
95060,13,100.0,100.0,0.0,12.5625,143,279,/home/jasongao/Data/STU/val/143/velodyne/000279.bin,13,312,0,94748,4.0,100.0,0.3282137597306964,0.75390625,13.25,13,0,0,95060,100.0,100.0,0.0,13,16,0,95044,44.827586206896555,100.0,0.016831474857984433,13,239,0,94821,5.158730158730159,100.0,0.25142015569114246,13,1639,0,93421,0.7869249394673123,100.0,1.7241742057647802
97363,9,100.0,100.0,0.0,11.9375,143,310,/home/jasongao/Data/STU/val/143/velodyne/000310.bin,9,142,0,97221,5.960264900662252,100.0,0.14584595791008906,-6.90625,16.625,9,0,0,97363,100.0,100.0,0.0,9,5,0,97358,64.28571428571429,100.0,0.005135421053172149,9,50,0,97313,15.254237288135593,100.0,0.0513542105317215,9,1666,0,95697,0.5373134328358209,100.0,1.7111222949169602
96692,63,100.0,100.0,0.0,8.5625,143,311,/home/jasongao/Data/STU/val/143/velodyne/000311.bin,63,140,0,96552,31.03448275862069,100.0,0.14478964133537417,-7.09375,12.1875,55,0,8,96692,100.0,87.3015873015873,0.0,63,6,0,96686,91.30434782608695,100.0,0.006205270342944607,63,29,0,96663,68.47826086956522,100.0,0.029992139990898937,63,1508,0,95184,4.0101845957988544,100.0,1.5595912795267448
96443,105,99.97354497354497,99.99997037480318,0.0,9.875,143,312,/home/jasongao/Data/STU/val/143/velodyne/000312.bin,105,145,0,96298,42.0,100.0,0.15034787387368706,-6.53125,16.125,96,0,9,96443,100.0,91.42857142857143,0.0,105,6,0,96437,94.5945945945946,100.0,0.0062212913327042915,105,66,0,96377,61.40350877192982,100.0,0.06843420465974721,105,1436,0,95007,6.813757300454251,100.0,1.4889623922938937
96264,85,99.68058614212649,99.99973113154512,0.003116429818000499,10.6875,143,313,/home/jasongao/Data/STU/val/143/velodyne/000313.bin,85,154,0,96110,35.56485355648535,100.0,0.15997673065735893,-5.1875,14.875,85,4,0,96260,95.50561797752809,100.0,0.004155239757333998,85,23,0,96241,78.70370370370371,100.0,0.02389262860467049,85,74,0,96190,53.459119496855344,100.0,0.07687193551067896,85,1480,0,94784,5.431309904153355,100.0,1.5374387102135794
96220,69,99.97929606625259,99.99998493789897,0.0,12.125,143,314,/home/jasongao/Data/STU/val/143/velodyne/000314.bin,69,147,0,96073,31.944444444444443,100.0,0.15277489087507795,-5.40625,18.25,69,6,0,96214,92.0,100.0,0.006235709831635835,69,32,0,96188,68.31683168316832,100.0,0.03325711910205779,69,76,0,96144,47.58620689655172,100.0,0.07898565786738723,69,1282,0,94938,5.107327905255366,100.0,1.33236333402619
95433,63,99.97519841269842,99.99998336737201,0.0,10.4375,143,315,/home/jasongao/Data/STU/val/143/velodyne/000315.bin,63,399,0,95034,13.636363636363637,100.0,0.41809436987205684,-3.21875,15.4375,61,0,2,95433,100.0,96.82539682539682,0.0,63,16,0,95417,79.74683544303798,100.0,0.01676568901742584,63,118,0,95315,34.806629834254146,100.0,0.12364695650351555,63,2003,0,93430,3.0493707647628265,100.0,2.098854693868997
94844,51,95.37012575396156,99.99767419936639,0.008434903631226013,9.0625,143,316,/home/jasongao/Data/STU/val/143/velodyne/000316.bin,51,201,0,94643,20.238095238095237,100.0,0.21192695373455359,-5.75,12.8125,42,6,9,94838,87.5,82.3529411764706,0.00632617772341951,51,23,0,94821,68.91891891891892,100.0,0.024250347939774788,51,57,0,94787,47.22222222222222,100.0,0.060098688372485345,51,2292,0,92552,2.176696542893726,100.0,2.416599890346253
94055,48,99.66283488418495,99.99982279871705,0.001063207697623731,10.8125,143,317,/home/jasongao/Data/STU/val/143/velodyne/000317.bin,48,444,0,93611,9.75609756097561,100.0,0.47206421774493645,-3.671875,12.375,47,3,1,94052,94.0,97.91666666666667,0.0031896230928711924,48,5,0,94050,90.56603773584905,100.0,0.005316038488118654,48,96,0,93959,33.333333333333336,100.0,0.10206793897187816,48,2289,0,91766,2.053915275994865,100.0,2.4336824198607196
93156,44,94.8399346269686,99.99901192135185,0.0010734681609343467,10.375,143,318,/home/jasongao/Data/STU/val/143/velodyne/000318.bin,44,141,0,93015,23.783783783783782,100.0,0.15135901069174287,-6.25,12.4375,43,1,1,93155,97.72727272727273,97.72727272727273,0.0010734681609343467,44,8,0,93148,84.61538461538461,100.0,0.008587745287474774,44,52,0,93104,45.833333333333336,100.0,0.05582034436858603,44,1493,0,91663,2.862719583604424,100.0,1.6026879642749796
92360,37,99.46605141727093,99.99976589842332,0.0043308791684712,7.8125,143,319,/home/jasongao/Data/STU/val/143/velodyne/000319.bin,37,350,0,92010,9.560723514211887,100.0,0.37895192724122995,-2.59375,12.375,35,0,2,92360,100.0,94.5945945945946,0.0,37,25,0,92335,59.67741935483871,100.0,0.027067994802944997,37,124,0,92236,22.981366459627328,100.0,0.1342572542226072,37,1531,0,90829,2.3596938775510203,100.0,1.6576440017323517
91832,36,99.51571936559681,99.99983363339818,0.0010889450300548829,8.875,143,320,/home/jasongao/Data/STU/val/143/velodyne/000320.bin,36,156,0,91676,18.75,100.0,0.16987542468856173,-5.96875,12.25,30,0,6,91832,100.0,83.33333333333333,0.0,36,4,0,91828,90.0,100.0,0.0043557801202195314,36,52,0,91780,40.90909090909091,100.0,0.056625141562853906,36,1607,0,90225,2.1911138161898966,100.0,1.7499346632981967
91595,29,97.57673003994671,99.99928470722878,0.004367050603198864,6.3125,143,321,/home/jasongao/Data/STU/val/143/velodyne/000321.bin,29,472,0,91123,5.788423153692615,100.0,0.515311971177466,-3.171875,10.75,20,0,9,91595,100.0,68.96551724137932,0.0,29,18,0,91577,61.702127659574465,100.0,0.01965172771439489,29,117,0,91478,19.863013698630137,100.0,0.12773623014356678,29,2066,0,89529,1.3842482100238664,100.0,2.2555816365522134
90933,30,99.89247311827957,99.99996334297414,0.0,7.28125,143,322,/home/jasongao/Data/STU/val/143/velodyne/000322.bin,30,130,0,90803,18.75,100.0,0.1429624008885663,-7.09375,12.0625,21,0,9,90933,100.0,70.0,0.0,30,11,0,90922,73.17073170731707,100.0,0.012096818536724842,30,35,0,90898,46.15384615384615,100.0,0.03848987716230631,30,1411,0,89522,2.081887578070784,100.0,1.5516919050289775
90661,23,97.23670698425255,99.99913677469291,0.005515050573013754,8.5625,143,323,/home/jasongao/Data/STU/val/143/velodyne/000323.bin,23,141,0,90520,14.024390243902438,100.0,0.15552442615898787,-6.59375,13.25,20,0,3,90661,100.0,86.95652173913044,0.0,23,23,0,90638,50.0,100.0,0.02536923263586327,23,54,0,90607,29.87012987012987,100.0,0.059562546188548546,23,1371,0,89290,1.6499282639885222,100.0,1.5122268671203716
90214,21,99.35916395543725,99.99984164637101,0.001108475402930809,9.5625,143,324,/home/jasongao/Data/STU/val/143/velodyne/000324.bin,21,190,0,90024,9.95260663507109,100.0,0.21061032655685372,-3.125,14.875,19,0,2,90214,100.0,90.47619047619048,0.0,21,14,0,90200,60.0,100.0,0.015518655641031326,21,96,0,90118,17.94871794871795,100.0,0.10641363868135766,21,1284,0,88930,1.6091954022988506,100.0,1.4232824173631586
89532,22,99.80237154150198,99.99994923095043,0.0,8.0625,143,325,/home/jasongao/Data/STU/val/143/velodyne/000325.bin,22,174,0,89358,11.224489795918368,100.0,0.19434392172631015,-3.265625,11.1875,16,0,6,89532,100.0,72.72727272727273,0.0,22,19,0,89513,53.65853658536585,100.0,0.021221462717240763,22,96,0,89436,18.64406779661017,100.0,0.1072242326765849,22,1303,0,88229,1.6603773584905661,100.0,1.455345574766564
89303,19,98.92934089609989,99.99976425616633,0.0022395664199410994,7.25,143,326,/home/jasongao/Data/STU/val/143/velodyne/000326.bin,19,172,0,89131,9.947643979057592,100.0,0.19260271211493454,-4.5,11.5625,15,0,4,89303,100.0,78.94736842105263,0.0,19,2,0,89301,90.47619047619048,100.0,0.0022395664199410994,19,66,0,89237,22.352941176470587,100.0,0.07390569185805627,19,1162,0,88141,1.6088060965283657,100.0,1.3011880899857788
89379,17,100.0,99.99999999999999,0.0,8.25,143,327,/home/jasongao/Data/STU/val/143/velodyne/000327.bin,17,195,0,89184,8.018867924528301,100.0,0.2181720538381499,-5.1875,9.6875,8,0,9,89379,100.0,47.05882352941177,0.0,17,3,0,89376,85.0,100.0,0.003356493135971537,17,57,0,89322,22.972972972972972,100.0,0.06377336958345921,17,1634,0,87745,1.029678982434888,100.0,1.828169928059164
89589,15,100.0,100.0,0.0,10.75,143,328,/home/jasongao/Data/STU/val/143/velodyne/000328.bin,15,197,0,89392,7.0754716981132075,100.0,0.21989306722923574,-2.15625,13.0,15,0,0,89589,100.0,100.0,0.0,15,28,0,89561,34.883720930232556,100.0,0.03125383696659188,15,99,0,89490,13.157894736842104,100.0,0.11050463784616416,15,1787,0,87802,0.832408435072142,100.0,1.9946645235464175
90250,15,100.0,100.0,0.0,10.1875,143,329,/home/jasongao/Data/STU/val/143/velodyne/000329.bin,15,167,0,90083,8.241758241758241,100.0,0.1850415512465374,-3.984375,11.625,15,0,0,90250,100.0,100.0,0.0,15,1,0,90249,93.75,100.0,0.00110803324099723,15,88,0,90162,14.563106796116505,100.0,0.09750692520775624,15,1638,0,88612,0.9074410163339383,100.0,1.8149584487534627
90823,13,100.0,99.99999999999999,0.0,10.75,143,330,/home/jasongao/Data/STU/val/143/velodyne/000330.bin,13,221,0,90602,5.555555555555555,100.0,0.2433304339209231,-2.46875,12.0625,13,0,0,90823,100.0,100.0,0.0,13,18,0,90805,41.935483870967744,100.0,0.019818768373649848,13,109,0,90714,10.655737704918034,100.0,0.12001365292932407,13,1451,0,89372,0.8879781420765027,100.0,1.5976129394536627
90929,11,100.0,100.0,0.0,10.5,143,331,/home/jasongao/Data/STU/val/143/velodyne/000331.bin,11,158,0,90771,6.508875739644971,100.0,0.1737619461337967,-5.8125,12.375,11,0,0,90929,100.0,100.0,0.0,11,4,0,90925,73.33333333333333,100.0,0.004399036610982195,11,52,0,90877,17.46031746031746,100.0,0.05718747594276853,11,1285,0,89644,0.8487654320987654,100.0,1.41319051127803
91361,13,100.0,100.0,0.0,10.1875,143,332,/home/jasongao/Data/STU/val/143/velodyne/000332.bin,13,217,0,91144,5.6521739130434785,100.0,0.2375192916014492,1.9609375,13.375,13,0,0,91361,100.0,100.0,0.0,13,81,0,91280,13.829787234042554,100.0,0.0886592747452414,13,161,0,91200,7.471264367816092,100.0,0.1762239905430107,13,1197,0,90164,1.0743801652892562,100.0,1.310187060124123
91432,13,100.0,100.0,0.0,7.5625,143,333,/home/jasongao/Data/STU/val/143/velodyne/000333.bin,13,172,0,91260,7.027027027027027,100.0,0.18811794557704087,-6.5625,9.8125,6,0,7,91432,100.0,46.15384615384615,0.0,13,0,0,91432,100.0,100.0,0.0,13,50,0,91382,20.634920634920636,100.0,0.05468544929565141,13,1488,0,89944,0.866089273817455,100.0,1.6274389710385861
91964,9,100.0,100.0,0.0,8.5625,143,334,/home/jasongao/Data/STU/val/143/velodyne/000334.bin,9,193,0,91771,4.455445544554456,100.0,0.20986472967683006,-6.75,10.8125,6,0,3,91964,100.0,66.66666666666667,0.0,9,3,0,91961,75.0,100.0,0.003262146057152799,9,26,0,91938,25.714285714285715,100.0,0.028271932495324257,9,1671,0,90293,0.5357142857142857,100.0,1.817015353834109
91779,10,100.0,100.0,0.0,7.5,143,335,/home/jasongao/Data/STU/val/143/velodyne/000335.bin,10,98,0,91681,9.25925925925926,100.0,0.1067782390307151,-7.53125,7.84375,1,0,9,91779,100.0,10.0,0.0,10,6,0,91773,62.5,100.0,0.006537443205962148,10,50,0,91729,16.666666666666668,100.0,0.054478693383017904,10,1208,0,90571,0.8210180623973727,100.0,1.3162052321337125
92342,10,100.0,100.0,0.0,8.3125,143,336,/home/jasongao/Data/STU/val/143/velodyne/000336.bin,10,146,0,92196,6.410256410256411,100.0,0.15810790322929977,-5.25,9.8125,5,0,5,92342,100.0,50.0,0.0,10,5,0,92337,66.66666666666667,100.0,0.005414654220181499,10,73,0,92269,12.048192771084338,100.0,0.07905395161464988,10,1035,0,91307,0.9569377990430622,100.0,1.1208334235775703
92274,9,100.0,100.0,0.0,5.3125,143,337,/home/jasongao/Data/STU/val/143/velodyne/000337.bin,9,167,0,92107,5.113636363636363,100.0,0.1809827253614236,-5.46875,6.28125,0,0,9,92274,,0.0,0.0,9,1,0,92273,90.0,100.0,0.001083728894379782,9,58,0,92216,13.432835820895523,100.0,0.06285627587402735,9,1465,0,90809,0.6105834464043419,100.0,1.5876628302663807
92255,8,97.5,99.99972901197766,0.0021679041786353045,7.21875,143,338,/home/jasongao/Data/STU/val/143/velodyne/000338.bin,8,119,0,92136,6.299212598425197,100.0,0.1289902986288006,-6.5625,10.1875,5,0,3,92255,100.0,62.5,0.0,8,17,0,92238,32.0,100.0,0.018427185518400085,8,53,0,92202,13.114754098360656,100.0,0.05744946073383556,8,1022,0,91233,0.7766990291262136,100.0,1.1077990352826406
92418,6,10.076479572447314,99.96591573070181,0.035707329740959554,1.3046875,143,339,/home/jasongao/Data/STU/val/143/velodyne/000339.bin,6,160,0,92258,3.6144578313253013,100.0,0.1731264472288948,-3.96875,1.359375,0,5,6,92413,0.0,0.0,0.005410201475902963,0,30,6,92388,0.0,0.0,0.03246120885541778,6,88,0,92330,6.382978723404255,100.0,0.09521954597589215,6,887,0,91531,0.671892497200448,100.0,0.9597697418251856
93127,7,96.1734693877551,99.99969319930233,0.0010738024418267527,6.96875,143,340,/home/jasongao/Data/STU/val/143/velodyne/000340.bin,7,238,0,92889,2.857142857142857,100.0,0.25556498115476717,-4.375,8.125,0,0,7,93127,,0.0,0.0,7,8,0,93119,46.666666666666664,100.0,0.008590419534614022,7,81,0,93046,7.954545454545454,100.0,0.08697799778796697,7,1468,0,91659,0.4745762711864407,100.0,1.576341984601673
93842,7,92.14285714285715,99.99923884218764,0.0031968628119605296,5.84375,143,341,/home/jasongao/Data/STU/val/143/velodyne/000341.bin,7,186,0,93656,3.626943005181347,100.0,0.19820549434155282,-3.703125,7.65625,1,0,6,93842,100.0,14.285714285714286,0.0,7,33,0,93809,17.5,100.0,0.035165490931565825,7,93,0,93749,7.0,100.0,0.09910274717077641,7,1331,0,92511,0.523168908819133,100.0,1.418341467573155
94949,6,100.0,100.0,0.0,7.25,143,342,/home/jasongao/Data/STU/val/143/velodyne/000342.bin,6,170,0,94779,3.409090909090909,100.0,0.1790434865032807,-6.0,9.3125,2,0,4,94949,100.0,33.333333333333336,0.0,6,4,0,94945,60.0,100.0,0.004212787917724252,6,26,0,94923,18.75,100.0,0.027383121465207636,6,1331,0,93618,0.4487658937920718,100.0,1.4018051796227449
95931,6,73.45238095238095,99.9989575840969,0.0010424159030970176,5.71875,143,343,/home/jasongao/Data/STU/val/143/velodyne/000343.bin,6,291,0,95640,2.0202020202020203,100.0,0.3033430278012321,-4.125,6.59375,0,0,6,95931,,0.0,0.0,6,6,0,95925,50.0,100.0,0.006254495418582106,6,71,0,95860,7.792207792207792,100.0,0.07401152911988826,6,1727,0,94204,0.3462204270051933,100.0,1.8002522646485495
97132,6,87.73809523809524,99.99914206097543,0.002059053658938352,5.0625,143,344,/home/jasongao/Data/STU/val/143/velodyne/000344.bin,6,185,0,96947,3.141361256544503,100.0,0.19046246345179754,-5.3125,6.0,0,0,6,97132,,0.0,0.0,6,16,0,97116,27.272727272727273,100.0,0.016472429271506814,6,76,0,97056,7.317073170731708,100.0,0.07824403903965738,6,1471,0,95661,0.4062288422477996,100.0,1.514433966149158
98172,5,30.454545454545457,99.99348082956445,0.010186203805565742,10.0,143,345,/home/jasongao/Data/STU/val/143/velodyne/000345.bin,5,409,0,97763,1.2077294685990339,100.0,0.4166157356476388,0.6171875,10.3125,4,8,1,98164,33.333333333333336,80.0,0.008148963044452593,5,51,0,98121,8.928571428571429,100.0,0.05194963940838528,5,197,0,97975,2.4752475247524752,100.0,0.20066821496964513,5,1507,0,96665,0.3306878306878307,100.0,1.5350609134987572
99339,5,87.66666666666667,99.99939600761031,0.001006653982826483,7.40625,143,346,/home/jasongao/Data/STU/val/143/velodyne/000346.bin,5,124,0,99215,3.875968992248062,100.0,0.1248250938704839,-6.625,8.3125,0,0,5,99339,,0.0,0.0,5,38,0,99301,11.627906976744185,100.0,0.03825285134740636,5,65,0,99274,7.142857142857143,100.0,0.0654325088837214,5,1032,0,98307,0.4821600771456123,100.0,1.0388669102769306
104209,6,0.7377959178199112,99.57121425852534,0.5824832787954975,-6.75,143,350,/home/jasongao/Data/STU/val/143/velodyne/000350.bin,6,745,0,103464,0.7989347536617842,100.0,0.7149094607951328,1.4921875,-4.09375,0,0,6,104209,,0.0,0.0,0,51,6,104158,0.0,0.0,0.04894011073899567,3,431,3,103778,0.6912442396313364,50.0,0.41359191624523794,6,2711,0,101498,0.2208317997791682,100.0,2.6015027492826914
108750,6,16.80855161787365,99.98007662835249,0.04873563218390804,-4.75,143,354,/home/jasongao/Data/STU/val/143/velodyne/000354.bin,6,155,0,108595,3.7267080745341614,100.0,0.1425287356321839,-6.65625,-2.515625,0,0,6,108750,,0.0,0.0,0,0,6,108750,,0.0,0.0,4,34,2,108716,10.526315789473685,66.66666666666667,0.03126436781609195,6,1483,0,107267,0.40295500335795836,100.0,1.3636781609195403
69636,6,100.0,100.0,0.0,8.375,144,241,/home/jasongao/Data/STU/val/144/velodyne/000241.bin,6,622,0,69014,0.9554140127388535,100.0,0.8932161525647654,-3.234375,10.125,4,0,2,69636,100.0,66.66666666666667,0.0,6,0,0,69636,100.0,100.0,0.0,6,92,0,69544,6.122448979591836,100.0,0.13211557240507785,6,2998,0,66638,0.19973368841544606,100.0,4.305244413808949
65909,6,100.0,100.0,0.0,9.5,144,242,/home/jasongao/Data/STU/val/144/velodyne/000242.bin,6,71,0,65838,7.792207792207792,100.0,0.10772428651625726,-7.875,11.875,5,0,1,65909,100.0,83.33333333333333,0.0,6,0,0,65909,100.0,100.0,0.0,6,23,0,65886,20.689655172413794,100.0,0.03489659985737911,6,1026,0,64883,0.5813953488372093,100.0,1.5566918023335206
61784,6,0.40040873595054133,98.62396952824895,1.479347403858604,-8.8125,144,244,/home/jasongao/Data/STU/val/144/velodyne/000244.bin,5,886,1,60898,0.5611672278338945,83.33333333333333,1.4340282273727827,1.21875,-7.59375,0,0,6,61784,,0.0,0.0,0,0,6,61784,,0.0,0.0,0,571,6,61213,0.0,0.0,0.9241874919072899,6,1857,0,59927,0.322061191626409,100.0,3.0056325262203805
61704,5,5.934012838460092,99.88153118112278,0.36302346687410864,-8.8125,144,245,/home/jasongao/Data/STU/val/144/velodyne/000245.bin,4,137,1,61567,2.8368794326241136,80.0,0.22202774536496825,-7.0,-6.28125,0,0,5,61704,,0.0,0.0,0,0,5,61704,,0.0,0.0,0,7,5,61697,0.0,0.0,0.011344483339815895,5,1635,0,60069,0.3048780487804878,100.0,2.6497471800855696
64158,6,100.0,99.99999999999999,0.0,9.75,144,246,/home/jasongao/Data/STU/val/144/velodyne/000246.bin,6,411,0,63747,1.4388489208633093,100.0,0.6406060039278032,-3.890625,11.75,5,0,1,64158,100.0,83.33333333333333,0.0,6,0,0,64158,100.0,100.0,0.0,6,55,0,64103,9.836065573770492,100.0,0.08572586427257707,6,1689,0,62469,0.35398230088495575,100.0,2.6325633592069577
69846,7,1.2851335518718567,99.57692638089512,0.5526443890845574,-2.0625,144,248,/home/jasongao/Data/STU/val/144/velodyne/000248.bin,7,861,0,68985,0.8064516129032258,100.0,1.232711966325917,8.1875,0.353515625,0,0,7,69846,,0.0,0.0,0,189,7,69657,0.0,0.0,0.27059530968129886,7,414,0,69432,1.66270783847981,100.0,0.5927325831114165,7,2959,0,66887,0.23600809170600134,100.0,4.2364630759098585
72675,6,100.0,100.0,0.0,7.75,144,249,/home/jasongao/Data/STU/val/144/velodyne/000249.bin,6,927,0,71748,0.6430868167202572,100.0,1.2755417956656347,-2.8125,9.8125,3,0,3,72675,100.0,50.0,0.0,6,0,0,72675,100.0,100.0,0.0,6,137,0,72538,4.195804195804196,100.0,0.18851049191606467,6,4438,0,68237,0.135013501350135,100.0,6.106639146886825
73596,6,0.652900088652313,99.32695617515445,0.9198869503777379,-7.71875,144,250,/home/jasongao/Data/STU/val/144/velodyne/000250.bin,6,741,0,72855,0.8032128514056225,100.0,1.0068481982716453,-3.625,-7.1875,0,0,6,73596,,0.0,0.0,0,2,6,73594,0.0,0.0,0.0027175389966846023,0,78,6,73518,0.0,0.0,0.1059840208706995,6,4202,0,69394,0.14258555133079848,100.0,5.70954943203435
80023,6,100.0,100.0,0.0,10.1875,144,252,/home/jasongao/Data/STU/val/144/velodyne/000252.bin,6,1600,0,78423,0.37359900373599003,100.0,1.9994251652649864,-0.7265625,10.625,6,0,0,80023,100.0,100.0,0.0,6,0,0,80023,100.0,100.0,0.0,6,690,0,79333,0.8620689655172413,100.0,0.8622521025205253,6,3029,0,76994,0.19769357495881384,100.0,3.785161765992277
84741,8,100.0,100.0,0.0,7.71875,144,253,/home/jasongao/Data/STU/val/144/velodyne/000253.bin,8,2564,0,82177,0.3110419906687403,100.0,3.0256900437804606,2.96875,9.1875,2,0,6,84741,100.0,25.0,0.0,8,88,0,84653,8.333333333333334,100.0,0.10384583613599084,8,1179,0,83562,0.6739679865206403,100.0,1.391298190958332,8,4755,0,79986,0.16796136888515642,100.0,5.611215350302687
88310,6,1.0032855948638735,99.5931000641679,0.4167138489412298,9.75,144,254,/home/jasongao/Data/STU/val/144/velodyne/000254.bin,6,1366,0,86944,0.43731778425655976,100.0,1.5468236892764127,13.75,11.0,4,363,2,87947,1.0899182561307903,66.66666666666667,0.4110519759936587,6,406,0,87904,1.4563106796116505,100.0,0.4597440833427698,6,750,0,87560,0.7936507936507936,100.0,0.8492809421356585,6,3339,0,84971,0.17937219730941703,100.0,3.7809987543879515
92041,6,92.06349206349206,99.9994567638335,0.0010864723329820406,9.6875,144,255,/home/jasongao/Data/STU/val/144/velodyne/000255.bin,6,1369,0,90672,0.43636363636363634,100.0,1.4873806238524137,-1.375,9.8125,3,1,3,92040,75.0,50.0,0.0010864723329820406,6,9,0,92032,40.0,100.0,0.009778250996838366,6,356,0,91685,1.6574585635359116,100.0,0.3867841505416065,6,4649,0,87392,0.1288936627282492,100.0,5.051009876033507
95710,10,100.0,99.99999999999999,0.0,4.125,144,256,/home/jasongao/Data/STU/val/144/velodyne/000256.bin,10,258,0,95452,3.7313432835820897,100.0,0.26956430884965,-5.8125,6.59375,0,0,10,95710,,0.0,0.0,10,0,0,95710,100.0,100.0,0.0,10,22,0,95688,31.25,100.0,0.02298610385539651,10,3111,0,92599,0.32041012495994875,100.0,3.25044404973357
98114,7,8.09602530807405,99.94510758621895,0.12026825937175123,-5.46875,144,257,/home/jasongao/Data/STU/val/144/velodyne/000257.bin,7,331,0,97783,2.0710059171597632,100.0,0.3373626597631327,-5.125,-3.578125,0,0,7,98114,,0.0,0.0,0,0,7,98114,,0.0,0.0,4,43,3,98071,8.51063829787234,57.142857142857146,0.043826569093095784,7,3231,0,94883,0.21618282890673254,100.0,3.293108017204476
99734,9,100.0,100.0,0.0,7.46875,144,258,/home/jasongao/Data/STU/val/144/velodyne/000258.bin,9,99,0,99635,8.333333333333334,100.0,0.09926404235265807,-8.0,11.0,8,0,1,99734,100.0,88.88888888888889,0.0,9,6,0,99728,60.0,100.0,0.006016002566827762,9,22,0,99712,29.032258064516128,100.0,0.02205867607836846,9,2587,0,97147,0.34668721109399075,100.0,2.5938997733972364
100774,11,100.0,100.0,0.0,6.90625,144,259,/home/jasongao/Data/STU/val/144/velodyne/000259.bin,11,53,0,100721,17.1875,100.0,0.052592930716256175,-9.6875,11.75,9,0,2,100774,100.0,81.81818181818181,0.0,11,0,0,100774,100.0,100.0,0.0,11,27,0,100747,28.94736842105263,100.0,0.026792625081866354,11,1352,0,99422,0.8070432868672047,100.0,1.3416158929882709
101847,8,92.8409090909091,99.99926360128428,0.0029455948628825594,1.890625,144,260,/home/jasongao/Data/STU/val/144/velodyne/000260.bin,8,740,0,101107,1.0695187165775402,100.0,0.7265800661776979,-3.328125,3.515625,0,0,8,101847,,0.0,0.0,6,0,2,101847,100.0,75.0,0.0,8,133,0,101714,5.673758865248227,100.0,0.13058803892112678,8,2683,0,99164,0.29728725380899296,100.0,2.634343672371302
102521,10,97.69230769230771,99.99970737702519,0.0029262297480516187,6.375,144,261,/home/jasongao/Data/STU/val/144/velodyne/000261.bin,10,982,0,101539,1.0080645161290323,100.0,0.9578525375288965,0.396484375,9.4375,3,0,7,102521,100.0,30.0,0.0,10,9,0,102512,52.63157894736842,100.0,0.008778689244154855,10,537,0,101984,1.8281535648994516,100.0,0.5237951249012397,10,2243,0,100278,0.44385264092321347,100.0,2.1878444416265936
101301,12,76.23013832572656,99.9969151341053,0.0059229425178428646,8.3125,144,262,/home/jasongao/Data/STU/val/144/velodyne/000262.bin,12,251,0,101050,4.562737642585551,100.0,0.24777642866309316,-6.375,10.5625,8,5,4,101296,61.53846153846154,66.66666666666667,0.00493578543153572,12,6,0,101295,66.66666666666667,100.0,0.0059229425178428646,12,40,0,101261,23.076923076923077,100.0,0.03948628345228576,12,3013,0,98288,0.39669421487603307,100.0,2.974304301043425
101551,10,95.86868686868686,99.9996061092456,0.0009847268859981685,7.75,144,263,/home/jasongao/Data/STU/val/144/velodyne/000263.bin,10,156,0,101395,6.024096385542169,100.0,0.15361739421571427,-7.09375,11.125,6,0,4,101551,100.0,60.0,0.0,10,4,0,101547,71.42857142857143,100.0,0.003938907543992674,10,36,0,101515,21.73913043478261,100.0,0.03545016789593406,10,2716,0,98835,0.36683785766691124,100.0,2.6745182223710255
104267,11,93.35710041592394,99.99921530127635,0.005754457306722165,7.0,144,264,/home/jasongao/Data/STU/val/144/velodyne/000264.bin,11,501,0,103766,2.1484375,100.0,0.4804971851113008,0.1201171875,10.125,7,0,4,104267,100.0,63.63636363636363,0.0,11,56,0,104211,16.417910447761194,100.0,0.05370826819607354,11,287,0,103980,3.6912751677852347,100.0,0.2752548745048769,11,1881,0,102386,0.5813953488372093,100.0,1.8040223656573988
104871,11,97.08624708624708,99.99965325365102,0.0019071049193771395,5.46875,144,265,/home/jasongao/Data/STU/val/144/velodyne/000265.bin,11,538,0,104333,2.0036429872495445,100.0,0.5130112233124505,1.2890625,8.3125,1,0,10,104871,100.0,9.090909090909092,0.0,11,28,0,104843,28.205128205128204,100.0,0.026699468871279955,11,331,0,104540,3.216374269005848,100.0,0.31562586415691657,11,2081,0,102790,0.5258126195028681,100.0,1.9843426686119137
104970,15,93.75174337517433,99.98580546822903,0.21339430313422883,-6.625,144,266,/home/jasongao/Data/STU/val/144/velodyne/000266.bin,15,288,0,104682,4.9504950495049505,100.0,0.2743641040297228,-3.828125,10.0,7,0,8,104970,100.0,46.666666666666664,0.0,14,0,1,104970,100.0,93.33333333333333,0.0,14,94,1,104876,12.962962962962964,93.33333333333333,0.08954939506525673,15,1820,0,103150,0.8174386920980926,100.0,1.7338287129656091
104270,13,97.45879120879121,99.99963113514471,0.0028771458712956747,6.96875,144,267,/home/jasongao/Data/STU/val/144/velodyne/000267.bin,13,322,0,103948,3.8805970149253732,100.0,0.3088136568524024,3.28125,11.25,7,0,6,104270,100.0,53.84615384615385,0.0,13,120,0,104150,9.774436090225564,100.0,0.11508583485182698,13,212,0,104058,5.777777777777778,100.0,0.2033183082382277,13,1506,0,102764,0.8558262014483212,100.0,1.4443272273904286
103977,15,99.58333333333333,99.99993588325623,0.0009617511565057657,5.34375,144,268,/home/jasongao/Data/STU/val/144/velodyne/000268.bin,15,264,0,103713,5.376344086021505,100.0,0.25390230531752217,-4.03125,10.125,8,0,7,103977,100.0,53.333333333333336,0.0,15,5,0,103972,75.0,100.0,0.004808755782528829,15,93,0,103884,13.88888888888889,100.0,0.08944285755503621,15,1609,0,102368,0.9236453201970444,100.0,1.547457610817777
103705,17,100.0,100.0,0.0,8.4375,144,269,/home/jasongao/Data/STU/val/144/velodyne/000269.bin,17,249,0,103456,6.390977443609023,100.0,0.2401041415553734,-3.546875,11.1875,10,0,7,103705,100.0,58.8235294117647,0.0,17,4,0,103701,80.95238095238095,100.0,0.003857094643459814,17,109,0,103596,13.492063492063492,100.0,0.10510582903427992,17,1449,0,102256,1.159618008185539,100.0,1.3972325345933176
103022,13,90.0132434182208,99.99876800026281,0.003882665838364621,8.0,144,270,/home/jasongao/Data/STU/val/144/velodyne/000270.bin,13,115,0,102907,10.15625,100.0,0.11162664285298286,-7.75,10.3125,7,1,6,103021,87.5,53.84615384615385,0.0009706664595911553,13,4,0,103018,76.47058823529412,100.0,0.003882665838364621,13,43,0,102979,23.214285714285715,100.0,0.041738657762419674,13,1635,0,101387,0.7888349514563107,100.0,1.587039661431539
102390,20,100.0,100.0,0.0,7.375,144,271,/home/jasongao/Data/STU/val/144/velodyne/000271.bin,20,150,0,102240,11.764705882352942,100.0,0.1464986815118664,-6.8125,10.125,11,0,9,102390,100.0,55.0,0.0,20,9,0,102381,68.96551724137932,100.0,0.008789920890711983,20,48,0,102342,29.41176470588235,100.0,0.046879578083797245,20,1525,0,100865,1.2944983818770226,100.0,1.4894032620373083
101905,18,95.72451042997021,99.99901869388155,0.010794367302880133,-0.05419921875,144,272,/home/jasongao/Data/STU/val/144/velodyne/000272.bin,18,61,0,101844,22.78481012658228,100.0,0.05985967322506256,-8.9375,10.0625,11,0,7,101905,100.0,61.111111111111114,0.0,17,3,1,101902,85.0,94.44444444444444,0.0029439183553309455,18,15,0,101890,54.54545454545455,100.0,0.014719591776654727,18,1504,0,100401,1.1826544021024967,100.0,1.4758844021392474
102288,16,100.0,100.0,0.0,5.71875,144,273,/home/jasongao/Data/STU/val/144/velodyne/000273.bin,16,105,0,102183,13.223140495867769,100.0,0.10265133740028155,-7.875,8.4375,6,0,10,102288,100.0,37.5,0.0,16,2,0,102286,88.88888888888889,100.0,0.0019552635695291726,16,21,0,102267,43.24324324324324,100.0,0.020530267480056312,16,1308,0,100980,1.2084592145015105,100.0,1.278742374472079
101299,18,100.0,100.0,0.0,9.875,144,274,/home/jasongao/Data/STU/val/144/velodyne/000274.bin,18,276,0,101023,6.122448979591836,100.0,0.27246073505167867,-1.4609375,11.625,17,0,1,101299,100.0,94.44444444444444,0.0,18,50,0,101249,26.470588235294116,100.0,0.049358828813709905,18,158,0,101141,10.227272727272727,100.0,0.1559738990513233,18,1745,0,99554,1.0209869540555871,100.0,1.7226231255984759
100225,22,97.72140526186708,99.99950112247443,0.001995510102269893,6.6875,144,275,/home/jasongao/Data/STU/val/144/velodyne/000275.bin,22,80,0,100145,21.568627450980394,100.0,0.07982040409079572,-8.5625,7.5,2,0,20,100225,100.0,9.090909090909092,0.0,22,4,0,100221,84.61538461538461,100.0,0.003991020204539786,22,7,0,100218,75.86206896551724,100.0,0.006984285357944624,22,1148,0,99077,1.8803418803418803,100.0,1.1454227987029184
98713,22,96.78610253209796,99.9992171980664,0.0040521511857607405,8.375,144,276,/home/jasongao/Data/STU/val/144/velodyne/000276.bin,22,98,0,98615,18.333333333333332,100.0,0.09927770405113814,-8.0,13.875,17,1,5,98712,94.44444444444444,77.27272727272727,0.0010130377964401851,22,5,0,98708,81.48148148148148,100.0,0.005065188982200926,22,27,0,98686,44.89795918367347,100.0,0.027352020503885,22,1479,0,97234,1.4656895403064623,100.0,1.4982829009350338
97468,27,98.43813983660728,99.99954400988587,0.003077933270406698,5.9375,144,277,/home/jasongao/Data/STU/val/144/velodyne/000277.bin,27,125,0,97343,17.763157894736842,100.0,0.12824721960027907,-6.59375,10.625,20,0,7,97468,100.0,74.07407407407408,0.0,27,8,0,97460,77.14285714285714,100.0,0.008207822054417861,27,58,0,97410,31.764705882352942,100.0,0.05950670989452949,27,1586,0,95882,1.6738995660260385,100.0,1.627200722288341
96715,29,100.0,100.0,0.0,7.5,144,278,/home/jasongao/Data/STU/val/144/velodyne/000278.bin,29,158,0,96557,15.508021390374331,100.0,0.16336659256578606,-6.0,9.75,12,0,17,96715,100.0,41.37931034482759,0.0,29,2,0,96713,93.54838709677419,100.0,0.0020679315514656464,29,46,0,96669,38.666666666666664,100.0,0.04756242568370987,29,1538,0,95177,1.8506700701978303,100.0,1.5902393630770821
96137,28,97.53331334802525,99.99914556458863,0.005200911199642178,2.890625,144,279,/home/jasongao/Data/STU/val/144/velodyne/000279.bin,28,130,0,96007,17.72151898734177,100.0,0.1352236911906966,-6.625,8.625,11,0,17,96137,100.0,39.285714285714285,0.0,26,5,2,96132,83.87096774193549,92.85714285714286,0.005200911199642178,28,60,0,96077,31.818181818181817,100.0,0.06241093439570613,28,1429,0,94708,1.9217570350034316,100.0,1.4864204208577343
95469,32,98.9707037507085,99.99965630204568,0.003142381296546523,7.71875,144,280,/home/jasongao/Data/STU/val/144/velodyne/000280.bin,32,177,0,95292,15.311004784688995,100.0,0.18540049649624485,-4.625,11.0,22,0,10,95469,100.0,68.75,0.0,32,7,0,95462,82.05128205128206,100.0,0.00733222302527522,32,75,0,95394,29.906542056074766,100.0,0.07855953241366308,32,1421,0,94048,2.202339986235375,100.0,1.4884412741308697
94559,33,97.42165624149766,99.99915076269524,0.004230163178544613,7.34375,144,281,/home/jasongao/Data/STU/val/144/velodyne/000281.bin,33,73,0,94486,31.132075471698112,100.0,0.07720047800843917,-8.875,12.25,23,0,10,94559,100.0,69.6969696969697,0.0,33,19,0,94540,63.46153846153846,100.0,0.020093275098086907,33,25,0,94534,56.89655172413793,100.0,0.02643851986590383,33,1125,0,93434,2.849740932642487,100.0,1.1897333939656722
93992,37,99.85775248933145,99.99994249079278,0.0010639203336454167,10.625,144,282,/home/jasongao/Data/STU/val/144/velodyne/000282.bin,37,122,0,93870,23.270440251572328,100.0,0.12979828070474084,-7.1875,14.125,37,1,0,93991,97.36842105263158,100.0,0.0010639203336454167,37,12,0,93980,75.51020408163265,100.0,0.012767044003744999,37,45,0,93947,45.1219512195122,100.0,0.04787641501404375,37,844,0,93148,4.199772985244041,100.0,0.8979487615967316
93875,39,99.70862470862471,99.99986342995665,0.0,8.5,144,283,/home/jasongao/Data/STU/val/144/velodyne/000283.bin,39,86,0,93789,31.2,100.0,0.09161118508655126,-8.1875,12.5,34,0,5,93875,100.0,87.17948717948718,0.0,39,14,0,93861,73.58490566037736,100.0,0.014913448735019973,39,25,0,93850,60.9375,100.0,0.02663115845539281,39,1326,0,92549,2.857142857142857,100.0,1.4125166444740347
93902,45,97.61445591626192,99.99880490061743,0.008519520351004239,7.9375,144,284,/home/jasongao/Data/STU/val/144/velodyne/000284.bin,45,136,0,93766,24.861878453038674,100.0,0.14483184596707205,-6.1875,12.0625,38,1,7,93901,97.43589743589743,84.44444444444444,0.0010649400438755298,45,31,0,93871,59.21052631578947,100.0,0.033013141360141426,45,61,0,93841,42.45283018867924,100.0,0.06496134267640732,45,973,0,92929,4.4204322200392925,100.0,1.0361866626908904
94305,48,99.56079358457332,99.99976803987063,0.001060389162822756,8.125,144,285,/home/jasongao/Data/STU/val/144/velodyne/000285.bin,48,152,0,94153,24.0,100.0,0.16117915274905892,-5.15625,13.1875,43,0,5,94305,100.0,89.58333333333333,0.0,48,25,0,94280,65.75342465753425,100.0,0.026509729070568897,48,73,0,94232,39.66942148760331,100.0,0.07740840888606118,48,1073,0,93232,4.281891168599465,100.0,1.1377975717088171
94870,51,99.59703267174424,99.99977265070675,0.0021081479919890377,6.875,144,286,/home/jasongao/Data/STU/val/144/velodyne/000286.bin,51,113,0,94757,31.097560975609756,100.0,0.11911036154738062,-7.3125,14.5625,42,0,9,94870,100.0,82.3529411764706,0.0,51,7,0,94863,87.93103448275862,100.0,0.007378517971961632,51,43,0,94827,54.255319148936174,100.0,0.04532518182776431,51,907,0,93963,5.323590814196242,100.0,0.9560451143670285
95238,51,100.0,100.0,0.0,8.25,144,287,/home/jasongao/Data/STU/val/144/velodyne/000287.bin,51,157,0,95081,24.51923076923077,100.0,0.16485016485016485,-4.71875,12.25,41,0,10,95238,100.0,80.3921568627451,0.0,51,12,0,95226,80.95238095238095,100.0,0.0126000126000126,51,86,0,95152,37.22627737226277,100.0,0.0903000903000903,51,1095,0,94143,4.450261780104712,100.0,1.1497511497511497
95838,64,99.58194268115987,99.99970653602955,0.0010434274504893676,6.46875,144,288,/home/jasongao/Data/STU/val/144/velodyne/000288.bin,64,182,0,95656,26.016260162601625,100.0,0.18990379598906487,-3.203125,13.8125,49,0,15,95838,100.0,76.5625,0.0,64,18,0,95820,78.04878048780488,100.0,0.018781694108808613,64,101,0,95737,38.78787878787879,100.0,0.10538617249942611,64,1300,0,94538,4.69208211143695,100.0,1.3564556856361778
96269,66,98.72906232653061,99.99911863128474,0.005193779929156842,5.1875,144,289,/home/jasongao/Data/STU/val/144/velodyne/000289.bin,66,149,0,96120,30.697674418604652,100.0,0.15477464188887388,-6.0,16.75,49,0,17,96269,100.0,74.24242424242425,0.0,66,11,0,96258,85.71428571428571,100.0,0.011426315844145052,66,48,0,96221,57.89473684210526,100.0,0.04986028731990568,66,1298,0,94971,4.838709677419355,100.0,1.3483052696091162
96392,69,98.73119048153055,99.99920313310022,0.004149721968628102,6.96875,144,290,/home/jasongao/Data/STU/val/144/velodyne/000290.bin,69,169,0,96223,28.991596638655462,100.0,0.1753257531745373,-5.5,11.9375,53,1,16,96391,98.14814814814815,76.81159420289855,0.0010374304921570254,69,7,0,96385,90.78947368421052,100.0,0.007262013445099178,69,60,0,96332,53.48837209302326,100.0,0.06224582952942153,69,1307,0,95085,5.0145348837209305,100.0,1.3559216532492322
96519,73,98.76332323143792,99.99932584783151,0.0010360654378930574,8.5625,144,291,/home/jasongao/Data/STU/val/144/velodyne/000291.bin,73,217,0,96302,25.17241379310345,100.0,0.22482620002279344,-3.078125,10.4375,42,1,31,96518,97.67441860465117,57.534246575342465,0.0010360654378930574,73,25,0,96494,74.48979591836735,100.0,0.025901635947326432,73,112,0,96407,39.45945945945946,100.0,0.11603932904402242,73,1386,0,95133,5.003427004797807,100.0,1.4359866969197774
96384,80,99.47403062983436,99.9995979623174,0.0031125498007968126,8.8125,144,292,/home/jasongao/Data/STU/val/144/velodyne/000292.bin,80,148,0,96236,35.08771929824562,100.0,0.15355245683930943,-6.375,17.25,75,2,5,96382,97.40259740259741,93.75,0.0020750332005312084,80,13,0,96371,86.02150537634408,100.0,0.013487715803452855,80,59,0,96325,57.55395683453237,100.0,0.06121347941567065,80,1063,0,95321,6.99912510936133,100.0,1.1028801460823374
96610,79,98.65630809263212,99.99887319367049,0.00828071628195839,5.625,144,293,/home/jasongao/Data/STU/val/144/velodyne/000293.bin,79,112,0,96498,41.361256544502616,100.0,0.11593002794741745,-7.5,12.75,56,0,23,96610,100.0,70.88607594936708,0.0,78,16,1,96594,82.97872340425532,98.73417721518987,0.01656143256391678,79,54,0,96556,59.3984962406015,100.0,0.05589483490321913,79,1052,0,95558,6.984969053934571,100.0,1.0889141910775282
96662,89,99.80211825723963,99.99983145253739,0.001034532701578697,7.84375,144,294,/home/jasongao/Data/STU/val/144/velodyne/000294.bin,89,103,0,96559,46.354166666666664,100.0,0.10655686826260578,-7.75,13.8125,66,0,23,96662,100.0,74.15730337078652,0.0,89,9,0,96653,90.81632653061224,100.0,0.009310794314208273,89,45,0,96617,66.41791044776119,100.0,0.04655397157104136,89,1192,0,95470,6.947697111631538,100.0,1.2331629802818067
96714,93,99.8496028486779,99.99984434762867,0.0,7.21875,144,295,/home/jasongao/Data/STU/val/144/velodyne/000295.bin,93,134,0,96580,40.969162995594715,100.0,0.1385528465372128,-6.75,13.75,62,0,31,96714,100.0,66.66666666666667,0.0,92,7,1,96707,92.92929292929293,98.9247311827957,0.007237835266869326,93,44,0,96670,67.88321167883211,100.0,0.04549496453460719,93,1048,0,95666,8.150744960560912,100.0,1.0836073370970076
96768,104,99.20270284093658,99.99872315546143,0.0031001984126984125,6.96875,144,296,/home/jasongao/Data/STU/val/144/velodyne/000296.bin,104,129,0,96639,44.63519313304721,100.0,0.13330853174603174,-6.65625,13.25,72,0,32,96768,100.0,69.23076923076923,0.0,102,10,2,96758,91.07142857142857,98.07692307692308,0.01033399470899471,103,55,1,96713,65.18987341772151,99.03846153846153,0.0568369708994709,104,971,0,95797,9.674418604651162,100.0,1.0034308862433863
96889,99,99.41796808172705,99.99941618081965,0.006192653448791916,9.0,144,297,/home/jasongao/Data/STU/val/144/velodyne/000297.bin,99,160,0,96729,38.22393822393823,100.0,0.16513742530111777,-5.75,13.5625,82,0,17,96889,100.0,82.82828282828282,0.0,99,22,0,96867,81.81818181818181,100.0,0.022706395978903695,99,59,0,96830,62.65822784810127,100.0,0.06089442557978718,99,1224,0,95665,7.482993197278912,100.0,1.263301303553551
96950,110,99.87681159420289,99.99984996952506,0.0,9.4375,144,298,/home/jasongao/Data/STU/val/144/velodyne/000298.bin,110,121,0,96829,47.61904761904762,100.0,0.12480660134089737,-7.0625,13.8125,103,0,7,96950,100.0,93.63636363636364,0.0,110,15,0,96935,88.0,100.0,0.015471892728210418,110,55,0,96895,66.66666666666667,100.0,0.05673027333677153,110,1067,0,95883,9.345794392523365,100.0,1.1005673027333678
96952,118,99.56117424528598,99.99933568384705,0.0,7.9375,144,299,/home/jasongao/Data/STU/val/144/velodyne/000299.bin,118,124,0,96828,48.760330578512395,100.0,0.12789834144731413,-6.9375,14.625,91,0,27,96952,100.0,77.11864406779661,0.0,116,19,2,96933,85.92592592592592,98.30508474576271,0.019597326512088457,118,59,0,96893,66.66666666666667,100.0,0.06085485601122205,118,972,0,95980,10.825688073394495,100.0,1.0025579668289464
96903,119,99.05519285780781,99.99843471644564,0.0030958793845391784,6.3125,144,300,/home/jasongao/Data/STU/val/144/velodyne/000300.bin,119,153,0,96750,43.75,100.0,0.1578898486114981,-5.59375,15.5,106,0,13,96903,100.0,89.07563025210084,0.0,116,25,3,96878,82.26950354609929,97.47899159663865,0.02579899487115982,119,70,0,96833,62.96296296296296,100.0,0.0722371856392475,119,1036,0,95867,10.303030303030303,100.0,1.069110347460863
96933,115,99.6396038587182,99.99944381125646,0.001031640411418196,9.3125,144,301,/home/jasongao/Data/STU/val/144/velodyne/000301.bin,115,237,0,96696,32.67045454545455,100.0,0.24449877750611246,-3.9375,12.6875,104,1,11,96932,99.04761904761905,90.43478260869566,0.001031640411418196,114,14,1,96919,89.0625,99.1304347826087,0.014442965759854745,115,92,0,96841,55.55555555555556,100.0,0.09491091785047404,115,1234,0,95699,8.524833209785026,100.0,1.273044267690054
96950,118,99.46040731324042,99.99927885245758,0.007220216606498195,6.59375,144,302,/home/jasongao/Data/STU/val/144/velodyne/000302.bin,118,208,0,96742,36.19631901840491,100.0,0.2145435791645178,-4.875,14.9375,105,0,13,96950,100.0,88.98305084745763,0.0,116,17,2,96933,87.21804511278195,98.30508474576271,0.017534811758638472,118,75,0,96875,61.13989637305699,100.0,0.07735946364105209,118,1323,0,95627,8.188757807078417,100.0,1.364620938628159
96936,117,98.51437389320824,99.9972622697926,0.004126433935792688,9.0,144,303,/home/jasongao/Data/STU/val/144/velodyne/000303.bin,117,341,0,96595,25.54585152838428,100.0,0.35177849302632663,-1.1171875,15.75,108,0,9,96936,100.0,92.3076923076923,0.0,113,43,4,96893,72.43589743589743,96.58119658119658,0.044359164809771395,117,148,0,96788,44.15094339622642,100.0,0.15267805562432946,117,1373,0,95563,7.852348993288591,100.0,1.41639844846084
96930,115,99.35031331436268,99.99878442085055,0.0,9.75,144,304,/home/jasongao/Data/STU/val/144/velodyne/000304.bin,115,219,0,96711,34.4311377245509,100.0,0.22593624264933457,-2.90625,15.125,107,0,8,96930,100.0,93.04347826086956,0.0,113,15,2,96915,88.28125,98.26086956521739,0.01547508511296812,115,109,0,96821,51.339285714285715,100.0,0.11245228515423501,115,1073,0,95857,9.68013468013468,100.0,1.106984421747653
96923,109,99.98324291649769,99.99998106886513,0.0,8.5625,144,305,/home/jasongao/Data/STU/val/144/velodyne/000305.bin,109,389,0,96534,21.88755020080321,100.0,0.4013495248805753,0.1572265625,12.3125,86,0,23,96923,100.0,78.89908256880734,0.0,109,52,0,96871,67.70186335403727,100.0,0.0536508362308224,109,209,0,96714,34.276729559748425,100.0,0.21563509177388235,109,1618,0,95305,6.311522872032426,100.0,1.669366404259051
96916,117,98.74065399542789,99.998522819832,0.007222749597589665,6.15625,144,306,/home/jasongao/Data/STU/val/144/velodyne/000306.bin,117,280,0,96636,29.47103274559194,100.0,0.28890998390358663,-3.203125,11.375,75,0,42,96916,100.0,64.1025641025641,0.0,117,29,0,96887,80.13698630136986,100.0,0.029922819761442898,117,106,0,96810,52.46636771300449,100.0,0.10937306533492921,117,1198,0,95718,8.897338403041825,100.0,1.236122002558917
97038,117,99.64113585079953,99.99959483666898,0.0030915723737092687,7.625,144,307,/home/jasongao/Data/STU/val/144/velodyne/000307.bin,117,201,0,96837,36.79245283018868,100.0,0.207135349038521,-4.84375,10.9375,76,0,41,97038,100.0,64.95726495726495,0.0,117,13,0,97025,90.0,100.0,0.01339681361940683,117,69,0,96969,62.903225806451616,100.0,0.07110616459531317,117,1162,0,95876,9.147771696637998,100.0,1.1974690327500568
96997,117,99.69108244044446,99.9996387235168,0.0020619194408074476,8.375,144,308,/home/jasongao/Data/STU/val/144/velodyne/000308.bin,117,150,0,96847,43.82022471910113,100.0,0.15464395806055858,-6.03125,11.4375,82,0,35,96997,100.0,70.08547008547009,0.0,117,18,0,96979,86.66666666666667,100.0,0.01855727496726703,117,64,0,96933,64.64088397790056,100.0,0.06598142210583832,117,1029,0,95968,10.209424083769633,100.0,1.0608575522954318
96968,119,98.41529763421748,99.99730050422941,0.010312680471908258,3.59375,144,309,/home/jasongao/Data/STU/val/144/velodyne/000309.bin,119,221,0,96747,35.0,100.0,0.22791023842917252,-3.4375,10.75,69,0,50,96968,100.0,57.983193277310924,0.0,115,13,4,96955,89.84375,96.63865546218487,0.013406484613480736,118,102,1,96866,53.63636363636363,99.15966386554622,0.10518934081346423,119,1371,0,95597,7.9865771812080535,100.0,1.4138684926986222
96880,117,99.21780049306876,99.99887957257899,0.0030966143682906685,7.09375,144,310,/home/jasongao/Data/STU/val/144/velodyne/000310.bin,117,107,0,96773,52.232142857142854,100.0,0.11044591246903386,-7.09375,11.125,76,0,41,96880,100.0,64.95726495726495,0.0,116,18,1,96862,86.56716417910448,99.14529914529915,0.018579686209744012,116,67,1,96813,63.387978142076506,99.14529914529915,0.06915772089182494,117,1309,0,95571,8.20476858345021,100.0,1.3511560693641618
96879,118,98.52663142924855,99.99809302570515,0.012386585328089677,6.8125,144,311,/home/jasongao/Data/STU/val/144/velodyne/000311.bin,118,148,0,96731,44.3609022556391,100.0,0.15276788571310604,-6.28125,10.3125,66,0,52,96879,100.0,55.932203389830505,0.0,117,38,1,96841,75.48387096774194,99.15254237288136,0.03922418687228398,118,60,0,96819,66.29213483146067,100.0,0.061932926640448395,118,1042,0,95837,10.172413793103448,100.0,1.0755684926557871
96920,118,99.07697160094062,99.99879771539693,0.004127115146512587,6.34375,144,312,/home/jasongao/Data/STU/val/144/velodyne/000312.bin,118,136,0,96784,46.45669291338583,100.0,0.140321914981428,-7.125,11.4375,82,0,36,96920,100.0,69.49152542372882,0.0,116,9,2,96911,92.8,98.30508474576271,0.009286009079653322,117,43,1,96877,73.125,99.15254237288136,0.04436648782501032,118,1044,0,95876,10.154905335628227,100.0,1.0771770532397853
96889,117,99.31853464630625,99.9991354985214,0.003096326724395958,6.65625,144,313,/home/jasongao/Data/STU/val/144/velodyne/000313.bin,117,147,0,96742,44.31818181818182,100.0,0.15172000949540196,-6.53125,11.3125,81,0,36,96889,100.0,69.23076923076923,0.0,115,13,2,96876,89.84375,98.2905982905983,0.013417415805715819,117,47,0,96842,71.34146341463415,100.0,0.048509118682203346,117,1211,0,95678,8.810240963855422,100.0,1.249883887747835
96874,117,98.76841085613873,99.99841630568142,0.008258149761545926,5.21875,144,314,/home/jasongao/Data/STU/val/144/velodyne/000314.bin,117,116,0,96758,50.21459227467811,100.0,0.11974317154241593,-6.90625,11.5625,79,0,38,96874,100.0,67.52136752136752,0.0,115,17,2,96857,87.12121212121212,98.2905982905983,0.01754856824328509,117,57,0,96817,67.24137931034483,100.0,0.05883931705101472,117,1016,0,95858,10.326566637246248,100.0,1.0487850197163326
96818,115,98.72461227163465,99.9982261652747,0.008262926315354583,6.46875,144,315,/home/jasongao/Data/STU/val/144/velodyne/000315.bin,115,162,0,96656,41.51624548736462,100.0,0.1673242578859303,-5.1875,11.625,83,0,32,96818,100.0,72.17391304347827,0.0,113,31,2,96787,78.47222222222223,98.26086956521739,0.03201883947199901,115,80,0,96738,58.97435897435897,100.0,0.08262926315354582,115,1251,0,95567,8.418740849194728,100.0,1.2921151025635729
96841,117,99.12448320968282,99.99876879865727,0.00309786144298386,6.65625,144,316,/home/jasongao/Data/STU/val/144/velodyne/000316.bin,117,184,0,96657,38.87043189368771,100.0,0.19000216850301008,-5.75,11.25,75,0,42,96841,100.0,64.1025641025641,0.0,116,17,1,96824,87.21804511278195,99.14529914529915,0.01755454817690854,117,68,0,96773,63.24324324324324,100.0,0.07021819270763416,117,1140,0,95701,9.307875894988067,100.0,1.1771873483338668
96745,117,99.42827502456915,99.99926231307698,0.003100935448860406,6.1875,144,317,/home/jasongao/Data/STU/val/144/velodyne/000317.bin,117,186,0,96559,38.613861386138616,100.0,0.1922579978293452,-4.71875,10.875,77,0,40,96745,100.0,65.8119658119658,0.0,116,10,1,96735,92.06349206349206,99.14529914529915,0.010336451496201354,117,73,0,96672,61.578947368421055,100.0,0.07545609592226989,117,1319,0,95426,8.147632311977716,100.0,1.3633779523489586
96823,118,99.1293561372002,99.99889716636525,0.006196874709521499,5.375,144,318,/home/jasongao/Data/STU/val/144/velodyne/000318.bin,118,115,0,96708,50.64377682403433,100.0,0.11877343193249537,-7.15625,11.6875,85,0,33,96823,100.0,72.03389830508475,0.0,117,13,1,96810,90.0,99.15254237288136,0.013426561870629912,117,41,1,96782,74.0506329113924,99.15254237288136,0.04234531051506357,118,1068,0,95755,9.949409780775717,100.0,1.1030436982948266
96834,118,98.21869392244113,99.99674438485152,0.005163475638721936,6.46875,144,319,/home/jasongao/Data/STU/val/144/velodyne/000319.bin,118,136,0,96698,46.45669291338583,100.0,0.14044653737323667,-6.28125,11.625,81,0,37,96834,100.0,68.64406779661017,0.0,115,10,3,96824,92.0,97.45762711864407,0.010326951277443873,116,54,2,96780,68.23529411764706,98.30508474576271,0.05576553689819692,118,1148,0,95686,9.320695102685624,100.0,1.1855340066505566
96795,116,98.6798644091447,99.9979694020958,0.009298000929800094,4.96875,144,320,/home/jasongao/Data/STU/val/144/velodyne/000320.bin,116,123,0,96672,48.53556485355649,100.0,0.1270726793739346,-6.40625,10.9375,76,0,40,96795,100.0,65.51724137931035,0.0,114,24,2,96771,82.6086956521739,98.27586206896552,0.024794669146133583,115,67,1,96728,63.18681318681319,99.13793103448276,0.06921845136628958,116,983,0,95812,10.555050045495905,100.0,1.0155483237770546
96825,116,99.33335000347704,99.99913192125858,0.004131164471985541,6.78125,144,321,/home/jasongao/Data/STU/val/144/velodyne/000321.bin,116,129,0,96696,47.3469387755102,100.0,0.1332300542215337,-6.84375,11.375,82,0,34,96825,100.0,70.6896551724138,0.0,115,15,1,96810,88.46153846153847,99.13793103448276,0.015491866769945779,116,46,0,96779,71.60493827160494,100.0,0.047508391427833724,116,1190,0,95635,8.88208269525268,100.0,1.2290214304156983
96862,115,99.30462236113111,99.99920999216278,0.005161983027399806,7.3125,144,322,/home/jasongao/Data/STU/val/144/velodyne/000322.bin,115,106,0,96756,52.036199095022624,100.0,0.10943404018087588,-7.40625,11.25,79,0,36,96862,100.0,68.69565217391305,0.0,115,18,0,96844,86.46616541353383,100.0,0.0185831388986393,115,57,0,96805,66.86046511627907,100.0,0.05884660651235779,115,1129,0,95733,9.244372990353698,100.0,1.165575767586876
79154,5,100.0,100.0,0.0,5.625,145,236,/home/jasongao/Data/STU/val/145/velodyne/000236.bin,5,796,0,78358,0.6242197253433208,100.0,1.0056345857442455,-0.08154296875,6.59375,0,0,5,79154,,0.0,0.0,5,10,0,79144,33.333333333333336,100.0,0.012633600323420167,5,397,0,78757,1.243781094527363,100.0,0.5015539328397807,5,2631,0,76523,0.18968133535660092,100.0,3.3239002450918465
70201,6,91.5079365079365,99.99928775943361,0.0014244811327473966,4.59375,145,245,/home/jasongao/Data/STU/val/145/velodyne/000245.bin,6,413,0,69788,1.431980906921241,100.0,0.5883107078246749,-3.875,5.0,0,0,6,70201,,0.0,0.0,6,3,0,70198,66.66666666666667,100.0,0.00427344339824219,6,67,0,70134,8.219178082191782,100.0,0.09544023589407559,6,2835,0,67366,0.21119324181626187,100.0,4.03840401133887
66813,6,100.0,100.0,0.0,1.6328125,145,246,/home/jasongao/Data/STU/val/145/velodyne/000246.bin,6,120,0,66693,4.761904761904762,100.0,0.1796057653450676,-7.09375,2.765625,0,0,6,66813,,0.0,0.0,2,0,4,66813,100.0,33.333333333333336,0.0,6,7,0,66806,46.15384615384615,100.0,0.010477002978462276,6,1170,0,65643,0.5102040816326531,100.0,1.7511562121144089
63889,5,100.0,100.0,0.0,1.9765625,145,247,/home/jasongao/Data/STU/val/145/velodyne/000247.bin,5,181,0,63708,2.6881720430107525,100.0,0.28330385512373024,-5.53125,9.4375,2,0,3,63889,100.0,40.0,0.0,4,0,1,63889,100.0,80.0,0.0,5,24,0,63865,17.24137931034483,100.0,0.03756515206060511,5,1818,0,62071,0.27427317608337903,100.0,2.8455602685908374
61805,5,89.0909090909091,99.9980584095138,0.009707952431033088,0.49609375,145,248,/home/jasongao/Data/STU/val/145/velodyne/000248.bin,5,266,0,61539,1.845018450184502,100.0,0.43038589110913356,-5.3125,2.734375,0,0,5,61805,,0.0,0.0,2,0,3,61805,100.0,40.0,0.0,5,19,0,61786,20.833333333333332,100.0,0.030741849364938113,5,1955,0,59850,0.25510204081632654,100.0,3.163174500444948
60756,5,100.0,100.0,0.0,3.34375,145,249,/home/jasongao/Data/STU/val/145/velodyne/000249.bin,5,273,0,60483,1.7985611510791366,100.0,0.44933833695437486,-6.34375,4.875,0,0,5,60756,,0.0,0.0,5,1,0,60755,83.33333333333333,100.0,0.0016459279741918493,5,12,0,60744,29.41176470588235,100.0,0.019751135690302193,5,1890,0,58866,0.2638522427440633,100.0,3.110803871222595
61682,6,94.84126984126983,99.99945959383072,0.0016212185078304854,1.9609375,145,250,/home/jasongao/Data/STU/val/145/velodyne/000250.bin,6,302,0,61380,1.948051948051948,100.0,0.4896079893648066,-5.03125,2.796875,0,0,6,61682,,0.0,0.0,2,0,4,61682,100.0,33.333333333333336,0.0,6,25,0,61657,19.35483870967742,100.0,0.04053046269576213,6,1840,0,59842,0.3250270855904659,100.0,2.9830420544080933
63364,6,9.911065057637341,99.83968289038991,0.490814973802159,-6.5625,145,251,/home/jasongao/Data/STU/val/145/velodyne/000251.bin,6,424,0,62940,1.3953488372093024,100.0,0.6691496748942617,-3.71875,-3.125,0,0,6,63364,,0.0,0.0,0,0,6,63364,,0.0,0.0,4,58,2,63306,6.451612903225806,66.66666666666667,0.09153462533930938,6,2136,0,61228,0.2801120448179272,100.0,3.370999305599394
67608,6,100.0,100.0,0.0,5.3125,145,253,/home/jasongao/Data/STU/val/145/velodyne/000253.bin,6,703,0,66905,0.846262341325811,100.0,1.03981777304461,-2.65625,6.65625,0,0,6,67608,,0.0,0.0,6,2,0,67606,75.0,100.0,0.002958229795290498,6,203,0,67405,2.8708133971291865,100.0,0.30026032422198556,6,2796,0,64812,0.21413276231263384,100.0,4.1356052538161165
70440,6,94.84126984126983,99.99952678402423,0.0014196479273140261,6.34375,145,254,/home/jasongao/Data/STU/val/145/velodyne/000254.bin,6,267,0,70173,2.197802197802198,100.0,0.379045996592845,-4.09375,9.3125,2,0,4,70440,100.0,33.333333333333336,0.0,6,1,0,70439,85.71428571428571,100.0,0.0014196479273140261,6,59,0,70381,9.23076923076923,100.0,0.08375922771152754,6,2703,0,67737,0.22148394241417496,100.0,3.8373083475298126
72539,7,76.87074829931973,99.99803061604298,0.004135706309709259,-0.014404296875,145,255,/home/jasongao/Data/STU/val/145/velodyne/000255.bin,7,277,0,72262,2.464788732394366,100.0,0.38186354926315497,-5.28125,1.5625,0,0,7,72539,,0.0,0.0,0,0,7,72539,,0.0,0.0,7,21,0,72518,25.0,100.0,0.028949944167964817,7,2897,0,69642,0.24104683195592286,100.0,3.9937137264092417
72811,7,22.955852898153655,99.97027529199866,0.07141778028045213,-2.015625,145,256,/home/jasongao/Data/STU/val/145/velodyne/000256.bin,7,973,0,71838,0.7142857142857143,100.0,1.336336542555383,-2.25,-0.423828125,0,0,7,72811,,0.0,0.0,0,1,7,72810,0.0,0.0,0.0013734188515471563,7,236,0,72575,2.880658436213992,100.0,0.3241268489651289,7,3937,0,68874,0.17748478701825557,100.0,5.407150018541154
74852,6,57.22222222222222,99.99621475266748,0.008015817880617752,6.03125,145,257,/home/jasongao/Data/STU/val/145/velodyne/000257.bin,6,558,0,74294,1.0638297872340425,100.0,0.745471062897451,-1.21875,8.8125,2,1,4,74851,66.66666666666667,33.333333333333336,0.0013359696467696255,6,9,0,74843,40.0,100.0,0.012023726820926629,6,204,0,74648,2.857142857142857,100.0,0.2725378079410036,6,3055,0,71797,0.1960143743874551,100.0,4.081387270881206
77352,6,18.589322894242805,99.98179318785121,0.021977453718068054,-3.15625,145,258,/home/jasongao/Data/STU/val/145/velodyne/000258.bin,6,451,0,76901,1.312910284463895,100.0,0.5830489192263937,-5.5625,-2.984375,0,0,6,77352,,0.0,0.0,0,1,6,77351,0.0,0.0,0.0012927913951804736,6,25,0,77327,19.35483870967742,100.0,0.03231978487951184,6,3193,0,74159,0.1875586120662707,100.0,4.127882924811252
81156,7,96.1734693877551,99.99964794434703,0.0012321947853516685,6.9375,145,259,/home/jasongao/Data/STU/val/145/velodyne/000259.bin,7,1366,0,79790,0.5098324836125273,100.0,1.683178076790379,4.375,8.5,0,0,7,81156,,0.0,0.0,7,174,0,80982,3.867403314917127,100.0,0.2144018926511903,7,932,0,80224,0.7454739084132055,100.0,1.1484055399477548,7,3008,0,78148,0.23217247097844113,100.0,3.7064419143378187
83861,6,100.0,99.99999999999999,0.0,10.0,145,260,/home/jasongao/Data/STU/val/145/velodyne/000260.bin,6,2626,0,81235,0.22796352583586627,100.0,3.131372151536471,3.75,10.6875,5,0,1,83861,100.0,83.33333333333333,0.0,6,158,0,83703,3.658536585365854,100.0,0.18840700683273512,6,1608,0,82253,0.37174721189591076,100.0,1.9174586518166967,6,4140,0,79721,0.1447178002894356,100.0,4.936740558781794
87145,8,3.453572246224933,99.86495209134202,0.23983016811062025,4.59375,145,261,/home/jasongao/Data/STU/val/145/velodyne/000261.bin,8,2660,0,84485,0.29985007496251875,100.0,3.0523839577715304,6.3125,5.3125,0,0,8,87145,,0.0,0.0,8,351,0,86794,2.2284122562674096,100.0,0.40277698089391245,8,1614,0,85531,0.4932182490752158,100.0,1.8520856044523495,8,4471,0,82674,0.17861129716454566,100.0,5.130529577141545
89726,9,1.0120950297305558,99.47073435917248,1.1000156030581993,-0.96875,145,262,/home/jasongao/Data/STU/val/145/velodyne/000262.bin,9,1774,0,87952,0.5047672462142456,100.0,1.9771303746962976,12.5625,2.65625,0,212,9,89514,0.0,0.0,0.23627488130530727,3,317,6,89409,0.9375,33.333333333333336,0.3532978178008604,9,1183,0,88543,0.7550335570469798,100.0,1.3184584178498986,9,4179,0,85547,0.2148997134670487,100.0,4.657512872523014
92303,6,100.0,100.0,0.0,8.0625,145,263,/home/jasongao/Data/STU/val/145/velodyne/000263.bin,6,442,0,91861,1.3392857142857142,100.0,0.4788576752651593,-2.453125,8.9375,1,0,5,92303,100.0,16.666666666666668,0.0,6,1,0,92302,85.71428571428571,100.0,0.0010833884055772836,6,122,0,92181,4.6875,100.0,0.1321733854804286,6,2585,0,89718,0.23157082207641838,100.0,2.8005590284172777
94283,7,100.0,100.0,0.0,7.21875,145,264,/home/jasongao/Data/STU/val/145/velodyne/000264.bin,7,387,0,93896,1.7766497461928934,100.0,0.41046636191041863,-4.21875,8.5625,1,0,6,94283,100.0,14.285714285714286,0.0,7,2,0,94281,77.77777777777777,100.0,0.0021212731881675383,7,80,0,94203,8.045977011494253,100.0,0.08485092752670152,7,2956,0,91327,0.2362470469119136,100.0,3.1352417721116215
96028,11,34.63998568276644,99.97794203963237,0.14891489982088557,-6.53125,145,265,/home/jasongao/Data/STU/val/145/velodyne/000265.bin,11,301,0,95727,3.5256410256410255,100.0,0.313450243678927,-5.625,1.0234375,0,0,11,96028,,0.0,0.0,0,6,11,96022,0.0,0.0,0.006248177614862332,10,40,1,95988,20.0,90.9090909090909,0.04165451743241554,11,3321,0,92707,0.33013205282112845,100.0,3.4583663098263004
97276,8,100.0,100.0,0.0,8.25,145,266,/home/jasongao/Data/STU/val/145/velodyne/000266.bin,8,116,0,97160,6.451612903225806,100.0,0.11924832435544225,-7.03125,9.875,3,0,5,97276,100.0,37.5,0.0,8,0,0,97276,100.0,100.0,0.0,8,44,0,97232,15.384615384615385,100.0,0.045232123031374645,8,1470,0,95806,0.5412719891745602,100.0,1.5111641103663802
98158,8,100.0,99.99999999999999,0.0,7.4375,145,267,/home/jasongao/Data/STU/val/145/velodyne/000267.bin,8,81,0,98077,8.98876404494382,100.0,0.0825200187452882,-8.5,9.625,3,0,5,98158,100.0,37.5,0.0,8,1,0,98157,88.88888888888889,100.0,0.0010187656635220767,8,7,0,98151,53.333333333333336,100.0,0.007131359644654537,8,1302,0,96856,0.6106870229007634,100.0,1.3264328939057437
98842,9,96.26543209876543,99.9996627614442,0.0010117156674288258,4.78125,145,268,/home/jasongao/Data/STU/val/145/velodyne/000268.bin,9,120,0,98722,6.976744186046512,100.0,0.1214058800914591,-7.6875,9.875,4,0,5,98842,100.0,44.44444444444444,0.0,9,1,0,98841,90.0,100.0,0.0010117156674288258,9,32,0,98810,21.951219512195124,100.0,0.032374901357722426,9,1919,0,96923,0.46680497925311204,100.0,1.9414823657959168
99328,8,100.0,100.0,0.0,4.125,145,269,/home/jasongao/Data/STU/val/145/velodyne/000269.bin,8,256,0,99072,3.0303030303030303,100.0,0.25773195876288657,-5.4375,4.875,0,0,8,99328,,0.0,0.0,8,2,0,99326,80.0,100.0,0.0020135309278350513,8,45,0,99283,15.09433962264151,100.0,0.04530444587628866,8,1848,0,97480,0.43103448275862066,100.0,1.8605025773195876
100120,10,91.69172932330827,99.99860167798641,0.00898921294446664,1.3984375,145,270,/home/jasongao/Data/STU/val/145/velodyne/000270.bin,10,246,0,99874,3.90625,100.0,0.2457051538154215,-5.65625,10.5,6,0,4,100120,100.0,60.0,0.0,9,6,1,100114,60.0,90.0,0.0059928086296444265,10,34,0,100086,22.727272727272727,100.0,0.03395924890131842,10,1892,0,98228,0.5257623554153522,100.0,1.8897323212145425
100389,10,84.18128654970761,99.9970116247796,0.009961250734642242,-0.9296875,145,271,/home/jasongao/Data/STU/val/145/velodyne/000271.bin,10,553,0,99836,1.7761989342806395,100.0,0.550857165625716,-2.90625,0.74609375,0,0,10,100389,,0.0,0.0,0,0,10,100389,,0.0,0.0,10,159,0,100230,5.9171597633136095,100.0,0.15838388668081163,10,2339,0,98050,0.4257130693912303,100.0,2.3299365468328204
100639,10,96.979797979798,99.99970190482814,0.000993650572839555,7.71875,145,272,/home/jasongao/Data/STU/val/145/velodyne/000272.bin,10,861,0,99778,1.148105625717566,100.0,0.8555331432148571,-2.9375,9.0,5,0,5,100639,100.0,50.0,0.0,10,12,0,100627,45.45454545454545,100.0,0.011923806874074664,10,194,0,100445,4.901960784313726,100.0,0.19276821113087372,10,2417,0,98222,0.4120313143798929,100.0,2.401653434553205
99928,9,90.60405643738977,99.9993328529875,0.0010007205187735168,8.8125,145,273,/home/jasongao/Data/STU/val/145/velodyne/000273.bin,9,428,0,99500,2.059496567505721,100.0,0.42830838203506527,-5.0625,9.875,3,1,6,99927,75.0,33.333333333333336,0.0010007205187735168,9,5,0,99923,64.28571428571429,100.0,0.005003602593867585,9,31,0,99897,22.5,100.0,0.031022336081979025,9,2151,0,97777,0.4166666666666667,100.0,2.152549835881835
98926,13,88.97102897102897,99.99708406750032,0.022238845197420296,2.484375,145,274,/home/jasongao/Data/STU/val/145/velodyne/000274.bin,13,261,0,98665,4.744525547445256,100.0,0.2638335725693953,-5.375,9.625,6,0,7,98926,100.0,46.15384615384615,0.0,12,22,1,98904,35.294117647058826,92.3076923076923,0.022238845197420296,13,47,0,98879,21.666666666666668,100.0,0.04751026019448881,13,2419,0,96507,0.5345394736842105,100.0,2.4452621151163494
100424,12,84.70021747401778,99.99730310151624,0.009957779016968055,3.9375,145,275,/home/jasongao/Data/STU/val/145/velodyne/000275.bin,12,557,0,99867,2.10896309314587,100.0,0.5546482912451207,0.54296875,11.3125,7,1,5,100423,87.5,58.333333333333336,0.0009957779016968055,12,13,0,100411,48.0,100.0,0.012945112722058472,12,369,0,100055,3.1496062992125986,100.0,0.36744204572612127,12,1948,0,98476,0.6122448979591837,100.0,1.9397753525053771
102273,12,61.24842637037759,99.98757410720978,0.031288805452074346,5.71875,145,276,/home/jasongao/Data/STU/val/145/velodyne/000276.bin,12,381,0,101892,3.053435114503817,100.0,0.3725323399137602,-3.359375,10.125,7,5,5,102268,58.333333333333336,58.333333333333336,0.004888875851886617,12,32,0,102241,27.272727272727273,100.0,0.03128880545207435,12,115,0,102158,9.448818897637794,100.0,0.11244414459339219,12,1600,0,100673,0.7444168734491315,100.0,1.5644402726037174
102450,12,51.47861669920493,99.99495688953962,0.005856515373352855,6.4375,145,277,/home/jasongao/Data/STU/val/145/velodyne/000277.bin,12,288,0,102162,4.0,100.0,0.28111273792093705,-4.90625,10.5,7,5,5,102445,58.333333333333336,58.333333333333336,0.004880429477794046,12,8,0,102442,60.0,100.0,0.007808687164470474,12,50,0,102400,19.35483870967742,100.0,0.04880429477794046,12,1797,0,100653,0.6633499170812603,100.0,1.75402635431918
102545,11,100.0,100.0,0.0,8.25,145,278,/home/jasongao/Data/STU/val/145/velodyne/000278.bin,11,368,0,102177,2.9023746701846966,100.0,0.3588668389487542,-2.78125,11.125,7,0,4,102545,100.0,63.63636363636363,0.0,11,1,0,102544,91.66666666666667,100.0,0.0009751816275781365,11,143,0,102402,7.142857142857143,100.0,0.13945097274367352,11,1530,0,101015,0.7138221933809215,100.0,1.4920278901945487
102590,12,100.0,100.0,0.0,9.8125,145,279,/home/jasongao/Data/STU/val/145/velodyne/000279.bin,12,335,0,102255,3.4582132564841497,100.0,0.32654254800662835,-3.546875,12.5625,11,0,1,102590,100.0,91.66666666666667,0.0,12,1,0,102589,92.3076923076923,100.0,0.0009747538746466517,12,114,0,102476,9.523809523809524,100.0,0.1111219417097183,12,1814,0,100776,0.6571741511500547,100.0,1.7682035286090263
102163,13,56.26706239435462,99.99322349879792,0.012724763368342747,6.5625,145,280,/home/jasongao/Data/STU/val/145/velodyne/000280.bin,13,82,0,102081,13.68421052631579,100.0,0.0802638920157004,-8.75,9.8125,6,5,7,102158,54.54545454545455,46.15384615384615,0.004894139757054903,13,15,0,102148,46.42857142857143,100.0,0.014682419271164707,13,40,0,102123,24.528301886792452,100.0,0.03915311805643922,13,1189,0,100974,1.08153078202995,100.0,1.1638264342276559
101753,14,100.0,100.0,0.0,7.25,145,281,/home/jasongao/Data/STU/val/145/velodyne/000281.bin,14,286,0,101467,4.666666666666667,100.0,0.2810727939225379,2.65625,12.1875,12,0,2,101753,100.0,85.71428571428571,0.0,14,82,0,101671,14.583333333333334,100.0,0.08058730455121717,14,216,0,101537,6.086956521739131,100.0,0.21227875345198668,14,1301,0,100452,1.064638783269962,100.0,1.2785863807455309
101741,16,96.9458653026428,99.9993856950492,0.006880215449032347,2.609375,145,282,/home/jasongao/Data/STU/val/145/velodyne/000282.bin,16,119,0,101622,11.851851851851851,100.0,0.1169636626335499,-7.625,11.0625,11,0,5,101741,100.0,68.75,0.0,15,5,1,101736,75.0,93.75,0.004914439606451677,16,26,0,101715,38.095238095238095,100.0,0.025555085953548717,16,946,0,100795,1.6632016632016633,100.0,0.9298119735406571
101878,15,49.59738827480763,99.99028249474861,0.02061288992716779,4.71875,145,283,/home/jasongao/Data/STU/val/145/velodyne/000283.bin,15,309,0,101569,4.62962962962963,100.0,0.3033039517854689,0.26171875,9.1875,4,8,11,101870,33.333333333333336,26.666666666666668,0.00785252949606392,15,22,0,101856,40.54054054054054,100.0,0.021594456114175778,15,214,0,101664,6.550218340611353,100.0,0.21005516401970986,15,1187,0,100691,1.2479201331114809,100.0,1.165119063978484
101761,18,99.1358024691358,99.99983621754241,0.0019653894910623914,2.796875,145,284,/home/jasongao/Data/STU/val/145/velodyne/000284.bin,18,110,0,101651,14.0625,100.0,0.10809642200843152,-7.4375,9.0,7,0,11,101761,100.0,38.888888888888886,0.0,17,2,1,101759,89.47368421052632,94.44444444444444,0.0019653894910623914,18,50,0,101711,26.470588235294116,100.0,0.04913473727655978,18,1077,0,100684,1.643835616438356,100.0,1.0583622409370976
101864,14,99.52380952380952,99.99992987849345,0.000981701091651614,8.375,145,285,/home/jasongao/Data/STU/val/145/velodyne/000285.bin,14,264,0,101600,5.0359712230215825,100.0,0.2591690881960261,1.2265625,12.3125,12,0,2,101864,100.0,85.71428571428571,0.0,14,25,0,101839,35.8974358974359,100.0,0.024542527291290347,14,189,0,101675,6.896551724137931,100.0,0.18554150632215502,14,1345,0,100519,1.030169242089772,100.0,1.3203879682714208
101436,15,99.58333333333333,99.99993427711397,0.0009858432903505658,5.4375,145,286,/home/jasongao/Data/STU/val/145/velodyne/000286.bin,15,132,0,101304,10.204081632653061,100.0,0.1301313143262747,-6.8125,9.4375,6,0,9,101436,100.0,40.0,0.0,15,9,0,101427,62.5,100.0,0.008872589613155093,15,62,0,101374,19.48051948051948,100.0,0.06112228400173508,15,1272,0,100164,1.1655011655011656,100.0,1.2539926653259197
100983,18,99.39896036387265,99.99988997047909,0.0009902656882841668,6.09375,145,287,/home/jasongao/Data/STU/val/145/velodyne/000287.bin,18,154,0,100829,10.465116279069768,100.0,0.15250091599576165,-6.96875,10.0,9,0,9,100983,100.0,50.0,0.0,18,6,0,100977,75.0,100.0,0.005941594129705,18,48,0,100935,27.272727272727273,100.0,0.04753275303764,18,1697,0,99286,1.0495626822157433,100.0,1.6804808730182308
100312,16,97.89786347231201,99.99968847196746,0.0009968897041231358,11.6875,145,288,/home/jasongao/Data/STU/val/145/velodyne/000288.bin,16,135,0,100177,10.596026490066226,100.0,0.13458011005662335,-6.5,14.125,16,1,0,100311,94.11764705882354,100.0,0.0009968897041231358,16,11,0,100301,59.25925925925926,100.0,0.010965786745354493,16,50,0,100262,24.242424242424242,100.0,0.049844485206156794,16,1053,0,99259,1.4967259120673526,100.0,1.049724858441662
99552,19,98.85783861097532,99.99978852628195,0.0010045001607200256,2.765625,145,289,/home/jasongao/Data/STU/val/145/velodyne/000289.bin,19,99,0,99453,16.10169491525424,100.0,0.09944551591128255,-8.0,11.3125,12,0,7,99552,100.0,63.1578947368421,0.0,18,1,1,99551,94.73684210526316,94.73684210526316,0.0010045001607200258,19,10,0,99542,65.51724137931035,100.0,0.010045001607200257,19,1133,0,98419,1.6493055555555556,100.0,1.1380986820957892
99324,19,99.73684210526315,99.99994701021008,0.0010068060086182594,6.625,145,290,/home/jasongao/Data/STU/val/145/velodyne/000290.bin,19,188,0,99136,9.178743961352657,100.0,0.18927952962023278,-3.71875,11.1875,13,0,6,99324,100.0,68.42105263157895,0.0,19,10,0,99314,65.51724137931035,100.0,0.010068060086182594,19,98,0,99226,16.23931623931624,100.0,0.09866698884458942,19,1421,0,97903,1.3194444444444444,100.0,1.4306713382465466
99232,21,99.35916395543725,99.99988003101917,0.0010077394388906804,7.90625,145,291,/home/jasongao/Data/STU/val/145/velodyne/000291.bin,21,52,0,99180,28.767123287671232,100.0,0.05240245082231538,-9.5625,10.375,13,0,8,99232,100.0,61.904761904761905,0.0,21,7,0,99225,75.0,100.0,0.007054176072234763,21,19,0,99213,52.5,100.0,0.019147049338922927,21,1007,0,98225,2.0428015564202333,100.0,1.014793614962915
99210,21,71.9117619486889,99.9940962172592,0.01108759197661526,7.3125,145,292,/home/jasongao/Data/STU/val/145/velodyne/000292.bin,21,92,0,99118,18.58407079646018,100.0,0.09273258744078218,-8.25,10.75,13,9,8,99201,59.09090909090909,61.904761904761905,0.009071666162685213,21,12,0,99198,63.63636363636363,100.0,0.012095554883580285,21,26,0,99184,44.680851063829785,100.0,0.026207035581090617,21,1473,0,97737,1.4056224899598393,100.0,1.48472936195948
98058,21,98.44444444444444,99.99961150300744,0.004079218421750392,4.5625,145,293,/home/jasongao/Data/STU/val/145/velodyne/000293.bin,21,77,0,97981,21.428571428571427,100.0,0.07852495461869506,-8.625,10.4375,12,0,9,98058,100.0,57.142857142857146,0.0,21,4,0,98054,84.0,100.0,0.004079218421750392,21,26,0,98032,44.680851063829785,100.0,0.02651491974137755,21,1275,0,96783,1.6203703703703705,100.0,1.3002508719329378
97290,24,97.21285135959047,99.9993575907082,0.0020557097337855893,6.46875,145,294,/home/jasongao/Data/STU/val/145/velodyne/000294.bin,24,293,0,96997,7.570977917981073,100.0,0.30116147599958887,-1.953125,10.3125,13,0,11,97290,100.0,54.166666666666664,0.0,24,6,0,97284,80.0,100.0,0.006167129201356768,24,147,0,97143,14.035087719298245,100.0,0.15109466543324082,24,1739,0,95551,1.3613159387407827,100.0,1.78743961352657
97052,26,99.85754985754986,99.99996037017428,0.0,4.5,145,295,/home/jasongao/Data/STU/val/145/velodyne/000295.bin,26,94,0,96958,21.666666666666668,100.0,0.0968552940691588,-8.3125,7.375,5,0,21,97052,100.0,19.23076923076923,0.0,26,2,0,97050,92.85714285714286,100.0,0.0020607509376416766,26,33,0,97019,44.067796610169495,100.0,0.03400239047108766,26,1223,0,95829,2.0816653322658127,100.0,1.2601491983678852
96798,28,100.0,100.0,0.0,6.6875,145,296,/home/jasongao/Data/STU/val/145/velodyne/000296.bin,28,130,0,96668,17.72151898734177,100.0,0.13430029546065,-6.46875,9.625,14,0,14,96798,100.0,50.0,0.0,28,3,0,96795,90.3225806451613,100.0,0.003099237587553462,28,66,0,96732,29.78723404255319,100.0,0.06818322692617616,28,1409,0,95389,1.9485038274182325,100.0,1.4556085869542759
96350,26,99.70962086346701,99.99992016286777,0.0010378827192527246,6.34375,145,297,/home/jasongao/Data/STU/val/145/velodyne/000297.bin,26,185,0,96165,12.322274881516588,100.0,0.192008303061754,-6.71875,10.6875,15,0,11,96350,100.0,57.69230769230769,0.0,26,5,0,96345,83.87096774193549,100.0,0.005189413596263622,26,35,0,96315,42.622950819672134,100.0,0.03632589517384536,26,1552,0,94798,1.6476552598225602,100.0,1.6107939802802282
96269,30,99.99999999999999,99.99999999999999,0.0,6.8125,145,298,/home/jasongao/Data/STU/val/145/velodyne/000298.bin,30,79,0,96190,27.522935779816514,100.0,0.0820617228806781,-8.625,11.0625,20,0,10,96269,100.0,66.66666666666667,0.0,30,2,0,96267,93.75,100.0,0.0020775119716627366,30,19,0,96250,61.224489795918366,100.0,0.019736363730796,30,1054,0,95215,2.7675276752767526,100.0,1.0948488090662623
95993,32,99.50657894736842,99.99980467325742,0.0,9.0625,145,299,/home/jasongao/Data/STU/val/145/velodyne/000299.bin,32,346,0,95647,8.465608465608465,100.0,0.3604429489650287,-1.4140625,12.8125,27,0,5,95993,100.0,84.375,0.0,32,6,0,95987,84.21052631578948,100.0,0.006250455762399342,32,220,0,95773,12.698412698412698,100.0,0.22918337795464253,32,1190,0,94803,2.618657937806874,100.0,1.2396737262092028
96045,30,98.154852192672,99.99902823329342,0.002082357228382529,5.40625,145,300,/home/jasongao/Data/STU/val/145/velodyne/000300.bin,30,145,0,95900,17.142857142857142,100.0,0.15097089905773337,-6.03125,14.25,27,0,3,96045,100.0,90.0,0.0,29,7,1,96038,80.55555555555556,96.66666666666667,0.007288250299338852,30,78,0,95967,27.77777777777778,100.0,0.08121193190691864,30,978,0,95067,2.9761904761904763,100.0,1.0182726846790566
95727,32,97.90714362668145,99.99905329739781,0.008357098833140076,7.6875,145,301,/home/jasongao/Data/STU/val/145/velodyne/000301.bin,32,109,0,95618,22.69503546099291,100.0,0.11386547160153353,-7.59375,15.875,29,3,3,95724,90.625,90.625,0.0031339120624275284,31,16,1,95711,65.95744680851064,96.875,0.01671419766628015,32,31,0,95696,50.79365079365079,100.0,0.03238375797841779,32,893,0,94834,3.4594594594594597,100.0,0.9328611572492609
95358,33,93.21855726876048,99.99850642586439,0.005243398561211435,3.34375,145,302,/home/jasongao/Data/STU/val/145/velodyne/000302.bin,33,203,0,95155,13.983050847457626,100.0,0.21288198158518426,-5.34375,14.875,26,1,7,95357,96.29629629629629,78.78787878787878,0.001048679712242287,32,6,1,95352,84.21052631578948,96.96969696969697,0.006292078273453722,33,66,0,95292,33.333333333333336,100.0,0.06921286100799094,33,1316,0,94042,2.446256486286138,100.0,1.3800625013108496
95050,37,98.93489048894453,99.99940287473164,0.0010520778537611783,4.25,145,303,/home/jasongao/Data/STU/val/145/velodyne/000303.bin,37,157,0,94893,19.072164948453608,100.0,0.165176223040505,-5.09375,15.9375,32,0,5,95050,100.0,86.48648648648648,0.0,36,3,1,95047,92.3076923076923,97.29729729729729,0.003156233561283535,37,77,0,94973,32.45614035087719,100.0,0.08100999473961074,37,1167,0,93883,3.0730897009966776,100.0,1.227774855339295
94690,35,99.05979233798783,99.99960774255842,0.0042243109092829235,6.8125,145,304,/home/jasongao/Data/STU/val/145/velodyne/000304.bin,35,122,0,94568,22.29299363057325,100.0,0.12884148273312915,-6.0,16.75,31,0,4,94690,100.0,88.57142857142857,0.0,35,13,0,94677,72.91666666666667,100.0,0.013729010455169501,35,68,0,94622,33.980582524271846,100.0,0.0718132854578097,35,902,0,93788,3.7353255069370332,100.0,0.9525821100432992
94152,40,93.29910775500774,99.99660124054721,0.015931684934998726,5.65625,145,305,/home/jasongao/Data/STU/val/145/velodyne/000305.bin,40,144,0,94008,21.73913043478261,100.0,0.15294417537598776,-5.6875,16.625,31,11,9,94141,73.80952380952381,77.5,0.011683235618999066,40,24,0,94128,62.5,100.0,0.02549069589599796,40,82,0,94070,32.78688524590164,100.0,0.08709321097799304,40,947,0,93205,4.052684903748734,100.0,1.0058203755629196
93477,44,93.38803826888812,99.99598831798195,0.016046728072146087,5.5625,145,306,/home/jasongao/Data/STU/val/145/velodyne/000306.bin,44,120,0,93357,26.829268292682926,100.0,0.12837382457716873,-6.53125,14.9375,35,11,9,93466,76.08695652173913,79.54545454545455,0.011767600586240465,42,16,2,93461,72.41379310344827,95.45454545454545,0.017116509943622495,44,72,0,93405,37.93103448275862,100.0,0.07702429474630122,44,867,0,92610,4.829857299670691,100.0,0.9275008825700439
93020,45,98.62825439308895,99.9993430325617,0.003225112878950763,5.21875,145,307,/home/jasongao/Data/STU/val/145/velodyne/000307.bin,45,135,0,92885,25.0,100.0,0.14513007955278434,-5.40625,15.0625,33,0,12,93020,100.0,73.33333333333333,0.0,45,13,0,93007,77.58620689655173,100.0,0.013975489142119974,45,76,0,92944,37.1900826446281,100.0,0.081702859600086,45,915,0,92105,4.6875,100.0,0.9836594280799827
92740,46,99.95374653098983,99.99997655905712,0.0,6.625,145,308,/home/jasongao/Data/STU/val/145/velodyne/000308.bin,46,183,0,92557,20.087336244541486,100.0,0.19732585723528143,-4.5625,16.5,33,0,13,92740,100.0,71.73913043478261,0.0,46,6,0,92734,88.46153846153847,100.0,0.006469700237222342,46,76,0,92664,37.704918032786885,100.0,0.08194953633814966,46,1241,0,91499,3.5742035742035743,100.0,1.3381496657321543
92468,47,99.59310272705643,99.99979291283287,0.0021629104122507245,5.21875,145,309,/home/jasongao/Data/STU/val/145/velodyne/000309.bin,47,193,0,92275,19.583333333333332,100.0,0.20872085478219493,-4.375,16.625,33,0,14,92468,100.0,70.2127659574468,0.0,47,2,0,92466,95.91836734693878,100.0,0.0021629104122507245,47,73,0,92395,39.166666666666664,100.0,0.07894623004715144,47,1149,0,91319,3.9297658862876252,100.0,1.2425920318380412
92134,49,99.47733495452474,99.99968989267185,0.00108537564851195,6.5625,145,310,/home/jasongao/Data/STU/val/145/velodyne/000310.bin,49,149,0,91985,24.747474747474747,100.0,0.16172097162828056,-6.78125,16.875,35,0,14,92134,100.0,71.42857142857143,0.0,48,4,1,92130,92.3076923076923,97.95918367346938,0.0043415025940478,49,31,0,92103,61.25,100.0,0.03364664510387045,49,1306,0,90828,3.6162361623616235,100.0,1.4175005969566066
91805,52,99.47344694644056,99.99970673626794,0.0021785305811230326,5.625,145,311,/home/jasongao/Data/STU/val/145/velodyne/000311.bin,52,177,0,91628,22.707423580786028,100.0,0.19279995642938838,-5.15625,16.625,36,0,16,91805,100.0,69.23076923076923,0.0,52,7,0,91798,88.13559322033899,100.0,0.007624857033930614,52,60,0,91745,46.42857142857143,100.0,0.06535591743369097,52,1205,0,90600,4.136833731105807,100.0,1.3125646751266271
91790,56,99.68487394957982,99.99976654786548,0.0,4.09375,145,312,/home/jasongao/Data/STU/val/145/velodyne/000312.bin,56,142,0,91648,28.282828282828284,100.0,0.1547009478156662,-5.875,15.0,35,0,21,91790,100.0,62.5,0.0,55,1,1,91789,98.21428571428571,98.21428571428571,0.0010894432944765224,56,56,0,91734,50.0,100.0,0.06100882449068526,56,1235,0,90555,4.337722695584818,100.0,1.3454624686785053
91619,52,97.24966017068355,99.99838377494757,0.013097719905259828,4.5,145,313,/home/jasongao/Data/STU/val/145/velodyne/000313.bin,52,237,0,91382,17.993079584775085,100.0,0.25867996812888155,-4.25,15.875,38,1,14,91618,97.43589743589743,73.07692307692308,0.001091476658771652,52,21,0,91598,71.23287671232876,100.0,0.022921009834204694,52,81,0,91538,39.097744360902254,100.0,0.08840960936050382,52,1365,0,90254,3.669724770642202,100.0,1.4898656392233052
91667,61,99.8117027954401,99.99987481416609,0.0010909051239813674,7.875,145,314,/home/jasongao/Data/STU/val/145/velodyne/000314.bin,61,260,0,91407,19.003115264797508,100.0,0.2836353322351555,-3.625,14.3125,52,0,9,91667,100.0,85.24590163934427,0.0,61,5,0,91662,92.42424242424242,100.0,0.005454525619906837,61,94,0,91573,39.354838709677416,100.0,0.10254508165424853,61,1334,0,90333,4.372759856630824,100.0,1.4552674353911441
91343,65,97.4849252461161,99.99595775517301,0.016421619609603363,4.875,145,315,/home/jasongao/Data/STU/val/145/velodyne/000315.bin,65,280,0,91063,18.840579710144926,100.0,0.30653689937926276,0.80078125,17.375,54,0,11,91343,100.0,83.07692307692308,0.0,64,49,1,91294,56.63716814159292,98.46153846153847,0.05364395739137098,64,166,1,91177,27.82608695652174,98.46153846153847,0.18173259034627723,65,1282,0,90061,4.825538233110616,100.0,1.4035010893007673
91347,67,99.63256810949045,99.99972223352351,0.002189453402957952,2.09375,145,316,/home/jasongao/Data/STU/val/145/velodyne/000316.bin,67,152,0,91195,30.59360730593607,100.0,0.16639845862480432,-6.1875,13.8125,58,0,9,91347,100.0,86.56716417910448,0.0,63,2,4,91345,96.92307692307692,94.02985074626865,0.0021894534029579514,67,36,0,91311,65.04854368932038,100.0,0.03941016125324313,67,1022,0,90325,6.152433425160698,100.0,1.1188106889115133
91324,68,99.06817794597708,99.99915459372833,0.003285007227015899,5.25,145,317,/home/jasongao/Data/STU/val/145/velodyne/000317.bin,68,175,0,91149,27.983539094650205,100.0,0.19162542157592746,-4.3125,15.875,62,1,6,91323,98.41269841269842,91.17647058823529,0.0010950024090052998,67,18,1,91306,78.82352941176471,98.52941176470588,0.019710043362095395,68,84,0,91240,44.73684210526316,100.0,0.09198020235644519,68,959,0,90365,6.621226874391431,100.0,1.0501073102360825
90985,84,94.64199696478315,99.99080827033237,0.030774303456613725,1.0234375,145,318,/home/jasongao/Data/STU/val/145/velodyne/000318.bin,83,302,1,90683,21.558441558441558,98.80952380952381,0.3319228444249052,-2.890625,13.3125,67,5,17,90980,93.05555555555556,79.76190476190476,0.005495411331538165,76,20,8,90965,79.16666666666667,90.47619047619048,0.02198164532615266,83,113,1,90872,42.3469387755102,98.80952380952381,0.12419629609276255,84,1144,0,89841,6.840390879478828,100.0,1.2573501126559323
91369,83,94.59193298423257,99.98933887439348,0.021889262222416793,4.40625,145,319,/home/jasongao/Data/STU/val/145/velodyne/000319.bin,83,260,0,91109,24.198250728862973,100.0,0.2845604088914183,0.0002498626708984375,12.25,61,1,22,91368,98.38709677419355,73.49397590361446,0.0010944631111208397,80,26,3,91343,75.47169811320755,96.3855421686747,0.02845604088914183,81,188,2,91181,30.111524163568774,97.59036144578313,0.20575906489071785,83,1086,0,90283,7.100085543199316,100.0,1.1885869386772319
91054,85,92.6627585279298,99.98970875718223,0.048322973180749886,-0.447265625,145,320,/home/jasongao/Data/STU/val/145/velodyne/000320.bin,85,151,0,90903,36.016949152542374,100.0,0.16583565796120983,-4.0,13.1875,66,9,19,91045,88.0,77.6470588235294,0.009884244514244295,75,20,10,91034,78.94736842105263,88.23529411764706,0.021964987809431766,82,89,3,90965,47.953216374269005,96.47058823529412,0.09774419575197135,85,1050,0,90004,7.488986784140969,100.0,1.1531618599951676
90748,90,99.11407520067628,99.99894702301368,0.005509763300568607,2.609375,145,321,/home/jasongao/Data/STU/val/145/velodyne/000321.bin,90,162,0,90586,35.714285714285715,100.0,0.1785163309384229,-4.71875,13.25,72,0,18,90748,100.0,80.0,0.0,85,4,5,90744,95.50561797752809,94.44444444444444,0.004407810640454886,90,71,0,90677,55.900621118012424,100.0,0.07823863886807422,90,1220,0,89528,6.870229007633588,100.0,1.3443822453387402
90808,94,97.0754107126907,99.99572396845718,0.036340410536516606,-1.71875,145,322,/home/jasongao/Data/STU/val/145/velodyne/000322.bin,94,177,0,90631,34.686346863468636,100.0,0.19491674742313453,-5.5625,14.0625,73,0,21,90808,100.0,77.65957446808511,0.0,83,5,11,90803,94.31818181818181,88.29787234042553,0.005506122808563122,92,51,2,90757,64.33566433566433,97.87234042553192,0.05616245264734385,94,1080,0,89728,8.006814310051107,100.0,1.1893225266496343
90810,91,98.58054891448396,99.9981727335543,0.009910802775024777,1.125,145,323,/home/jasongao/Data/STU/val/145/velodyne/000323.bin,91,187,0,90623,32.73381294964029,100.0,0.20592445765884815,-3.9375,13.3125,78,1,13,90809,98.73417721518987,85.71428571428571,0.0011012003083360864,83,3,8,90807,96.51162790697674,91.20879120879121,0.003303600925008259,91,88,0,90722,50.83798882681564,100.0,0.0969056271335756,91,1276,0,89534,6.656912948061448,100.0,1.4051315934368462
90736,103,98.567420728124,99.99802585287435,0.011020983953447364,0.8046875,145,324,/home/jasongao/Data/STU/val/145/velodyne/000324.bin,103,174,0,90562,37.18411552346571,100.0,0.19176512078998412,-5.5625,13.8125,76,0,27,90736,100.0,73.7864077669903,0.0,93,9,10,90727,91.17647058823529,90.29126213592232,0.009918885558102627,102,47,1,90689,68.45637583892618,99.02912621359224,0.05179862458120261,103,1247,0,89489,7.62962962962963,100.0,1.3743166989948863
90588,104,97.221654111494,99.99436905380573,0.02097408045215702,2.234375,145,325,/home/jasongao/Data/STU/val/145/velodyne/000325.bin,104,194,0,90394,34.899328859060404,100.0,0.21415640040623482,-1.3125,13.0625,85,0,19,90588,100.0,81.73076923076923,0.0,98,17,6,90571,85.21739130434783,94.23076923076923,0.018766282509824702,102,123,2,90465,45.333333333333336,98.07692307692308,0.13577957345343755,104,984,0,89604,9.558823529411764,100.0,1.0862365876275004
90346,113,98.06884859583124,99.99608192614079,0.034312531822106127,0.0162353515625,145,326,/home/jasongao/Data/STU/val/145/velodyne/000326.bin,113,208,0,90138,35.202492211838006,100.0,0.2302260199676798,-2.515625,12.875,87,0,26,90346,100.0,76.99115044247787,0.0,100,1,13,90345,99.00990099009901,88.49557522123894,0.0011068558652292297,112,116,1,90230,49.12280701754386,99.11504424778761,0.12839528036659068,113,1012,0,89334,10.044444444444444,100.0,1.1201381356119806
90314,117,98.62633121230779,99.99765301268944,0.019930464822729588,0.4921875,145,327,/home/jasongao/Data/STU/val/145/velodyne/000327.bin,117,183,0,90131,39.0,100.0,0.20262639236441748,-3.84375,13.3125,95,0,22,90314,100.0,81.19658119658119,0.0,107,1,10,90313,99.07407407407408,91.45299145299145,0.0011072480457071992,117,84,0,90230,58.208955223880594,100.0,0.09300883583940474,117,1258,0,89056,8.50909090909091,100.0,1.3929180414996567
90226,119,98.42953705439906,99.99730834634299,0.018841575599051273,-0.65625,145,328,/home/jasongao/Data/STU/val/145/velodyne/000328.bin,119,221,0,90005,35.0,100.0,0.24494048278766653,-4.625,13.125,92,0,27,90226,100.0,77.3109243697479,0.0,111,4,8,90222,96.52173913043478,93.27731092436974,0.004433311905659123,118,67,1,90159,63.78378378378378,99.15966386554622,0.0742579744197903,119,1474,0,88752,7.470182046453233,100.0,1.6336754372353868
90547,125,98.02891230989914,99.99653660529891,0.023192375230543252,-0.89453125,145,329,/home/jasongao/Data/STU/val/145/velodyne/000329.bin,125,194,0,90353,39.18495297805643,100.0,0.2142533711773996,-4.625,12.1875,92,0,33,90547,100.0,73.6,0.0,113,4,12,90543,96.58119658119658,90.4,0.004417595282008239,123,61,2,90486,66.84782608695652,98.4,0.06736832805062565,125,1164,0,89383,9.69743987587277,100.0,1.2855202270643975
90461,132,96.60945267356965,99.98918000156102,0.03205801395076331,0.33203125,145,330,/home/jasongao/Data/STU/val/145/velodyne/000330.bin,132,392,0,90069,25.19083969465649,100.0,0.43333591271376615,-1.6015625,13.75,103,1,29,90460,99.03846153846153,78.03030303030303,0.0011054487569228729,120,8,12,90453,93.75,90.9090909090909,0.008843590055382983,129,202,3,90259,38.972809667673715,97.72727272727273,0.2233006488984203,132,1621,0,88840,7.529948659440958,100.0,1.791932434971977
90624,136,98.47151676835497,99.99655979976737,0.016551906779661014,0.7109375,145,331,/home/jasongao/Data/STU/val/145/velodyne/000331.bin,136,241,0,90383,36.07427055702918,100.0,0.2659339689265537,-4.40625,13.3125,105,1,31,90623,99.05660377358491,77.20588235294117,0.0011034604519774012,124,6,12,90618,95.38461538461539,91.17647058823529,0.0066207627118644065,135,71,1,90553,65.53398058252426,99.26470588235294,0.07834569209039548,136,1269,0,89355,9.679715302491104,100.0,1.400291313559322
90640,136,97.61597684246851,99.99452828902963,0.05626654898499559,-0.12353515625,145,332,/home/jasongao/Data/STU/val/145/velodyne/000332.bin,136,234,0,90406,36.75675675675676,100.0,0.2581641659311562,-2.234375,12.125,101,0,35,90640,100.0,74.26470588235294,0.0,126,7,10,90633,94.73684210526316,92.6470588235294,0.007722859664607238,134,120,2,90520,52.75590551181102,98.52941176470588,0.1323918799646955,136,1201,0,89439,10.172026925953627,100.0,1.3250220653133276
90674,138,99.26230912104987,99.99879325617206,0.012131371727286764,2.1875,145,333,/home/jasongao/Data/STU/val/145/velodyne/000333.bin,138,216,0,90458,38.983050847457626,100.0,0.2382160266449037,-4.28125,11.75,98,0,40,90674,100.0,71.01449275362319,0.0,131,8,7,90666,94.24460431654676,94.92753623188406,0.0088228158016631,138,79,0,90595,63.59447004608295,100.0,0.08712530604142311,138,1178,0,89496,10.486322188449847,100.0,1.2991596267948915
90743,139,98.12039582984961,99.9968089180948,0.019836240811963456,3.90625,145,334,/home/jasongao/Data/STU/val/145/velodyne/000334.bin,139,236,0,90507,37.06666666666667,100.0,0.26007515731240977,-3.265625,13.125,106,2,33,90741,98.14814814814815,76.2589928057554,0.0022040267568848287,135,22,4,90721,85.98726114649682,97.12230215827338,0.024244294325733114,139,97,0,90646,58.898305084745765,100.0,0.10689529770891419,139,1208,0,89535,10.319227913882703,100.0,1.3312321611584366
90804,139,98.69072362756233,99.99701309389913,0.013215276860050218,4.46875,145,335,/home/jasongao/Data/STU/val/145/velodyne/000335.bin,139,280,0,90524,33.17422434367542,100.0,0.3083564600678384,-2.84375,12.75,106,0,33,90804,100.0,76.2589928057554,0.0,136,22,3,90782,86.07594936708861,97.84172661870504,0.024228007576758734,138,124,1,90680,52.67175572519084,99.28057553956835,0.13655786088718558,139,1627,0,89177,7.870894677236693,100.0,1.7917712876084755
90721,139,97.87194639125968,99.99575740912985,0.04078438288819568,3.546875,145,336,/home/jasongao/Data/STU/val/145/velodyne/000336.bin,139,301,0,90420,31.59090909090909,100.0,0.33178646619856483,-1.453125,12.375,109,0,30,90721,100.0,78.41726618705036,0.0,135,43,4,90678,75.84269662921348,97.12230215827338,0.04739806659979497,139,132,0,90589,51.291512915129154,100.0,0.14550104165518457,139,1542,0,89179,8.26888756692445,100.0,1.6997167138810199
79305,5,0.26841815663287594,98.62013744404514,1.4387491330937519,-6.1875,146,306,/home/jasongao/Data/STU/val/146/velodyne/000306.bin,5,1262,0,78043,0.39463299131807417,100.0,1.5913246327469894,7.5,-5.75,0,0,5,79305,,0.0,0.0,0,466,5,78839,0.0,0.0,0.5876048168463527,0,961,5,78344,0.0,0.0,1.211777315427779,5,2715,0,76590,0.18382352941176472,100.0,3.423491583128428
77045,5,54.388888888888886,99.9953274060614,0.00648971380362126,1.9375,146,311,/home/jasongao/Data/STU/val/146/velodyne/000311.bin,5,100,0,76945,4.761904761904762,100.0,0.12979427607242522,-7.03125,3.484375,0,0,5,77045,,0.0,0.0,3,5,2,77040,37.5,60.0,0.00648971380362126,5,32,0,77013,13.513513513513514,100.0,0.04153416834317607,5,898,0,76147,0.5537098560354374,100.0,1.1655525991303783
74327,6,0.5923661355605504,99.26114781080003,1.017127019790924,-10.5625,146,313,/home/jasongao/Data/STU/val/146/velodyne/000313.bin,2,486,4,73841,0.4098360655737705,33.333333333333336,0.6538673698655939,0.2138671875,-8.5625,0,0,6,74327,,0.0,0.0,0,16,6,74311,0.0,0.0,0.021526497773352887,0,276,6,74051,0.0,0.0,0.3713320865903373,6,2205,0,72122,0.27137042062415195,100.0,2.9666204743901945
66056,5,90.0,99.99848613297809,0.0075693351096039726,-2.28125,146,317,/home/jasongao/Data/STU/val/146/velodyne/000317.bin,5,174,0,65882,2.793296089385475,100.0,0.26341286181421825,-5.46875,5.125,2,0,3,66056,100.0,40.0,0.0,4,0,1,66056,100.0,80.0,0.0,5,17,0,66039,22.727272727272727,100.0,0.025735739372653506,5,2192,0,63864,0.2275830678197542,100.0,3.3183965120503816
62938,5,100.0,100.0,0.0,5.03125,146,318,/home/jasongao/Data/STU/val/146/velodyne/000318.bin,5,138,0,62800,3.4965034965034967,100.0,0.21926340207823572,-6.46875,7.4375,2,0,3,62938,100.0,40.0,0.0,5,0,0,62938,100.0,100.0,0.0,5,10,0,62928,33.333333333333336,100.0,0.015888652324509835,5,1216,0,61722,0.4095004095004095,100.0,1.932060122660396
60356,5,69.77777777777777,99.99701769500962,0.006627344423089668,0.70703125,146,320,/home/jasongao/Data/STU/val/146/velodyne/000320.bin,5,74,0,60282,6.329113924050633,100.0,0.12260587182715886,-6.5,1.8671875,0,0,5,60356,,0.0,0.0,0,0,5,60356,,0.0,0.0,5,30,0,60326,14.285714285714286,100.0,0.04970508317317251,5,1110,0,59246,0.4484304932735426,100.0,1.8390880774073828
64028,6,100.0,100.0,0.0,5.28125,146,322,/home/jasongao/Data/STU/val/146/velodyne/000322.bin,6,207,0,63821,2.816901408450704,100.0,0.3232960579746361,-5.71875,6.15625,0,0,6,64028,,0.0,0.0,6,0,0,64028,100.0,100.0,0.0,6,4,0,64024,60.0,100.0,0.006247266820765915,6,2607,0,61421,0.2296211251435132,100.0,4.071656150434185
66705,7,96.82539682539682,99.99957167485839,0.0029982759913049994,-0.025390625,146,323,/home/jasongao/Data/STU/val/146/velodyne/000323.bin,7,684,0,66021,1.0130246020260492,100.0,1.0254103890263098,-3.328125,3.109375,0,0,7,66705,,0.0,0.0,4,0,3,66705,100.0,57.142857142857146,0.0,7,91,0,66614,7.142857142857143,100.0,0.1364215576043775,7,3082,0,63623,0.22661055357720944,100.0,4.620343302601005
69331,6,4.28202634492777,99.89338583510022,0.13990855461481877,-4.5,146,324,/home/jasongao/Data/STU/val/146/velodyne/000324.bin,6,355,0,68976,1.6620498614958448,100.0,0.5120364627655738,-3.375,-3.6875,0,0,6,69331,,0.0,0.0,0,0,6,69331,,0.0,0.0,3,74,3,69257,3.896103896103896,50.0,0.10673436125254215,6,2607,0,66724,0.2296211251435132,100.0,3.760222699802397
71027,7,74.96150655384103,99.79675736993377,1.4332577752122433,-9.9375,146,326,/home/jasongao/Data/STU/val/146/velodyne/000326.bin,6,421,1,70606,1.405152224824356,85.71428571428571,0.5927323412223521,-4.875,1.7265625,0,0,7,71027,,0.0,0.0,3,1,4,71026,75.0,42.857142857142854,0.001407915299815563,6,46,1,70981,11.538461538461538,85.71428571428571,0.0647641037915159,7,3538,0,67489,0.19746121297602257,100.0,4.981204330747462
73552,6,11.07992946187345,99.96408436661591,0.0407874700891886,-2.390625,146,327,/home/jasongao/Data/STU/val/146/velodyne/000327.bin,6,703,0,72849,0.846262341325811,100.0,0.9557863824233196,-3.484375,-2.046875,0,0,6,73552,,0.0,0.0,0,5,6,73547,0.0,0.0,0.006797911681531434,6,84,0,73468,6.666666666666667,100.0,0.11420491624972809,6,3401,0,70151,0.1761080129145876,100.0,4.623939525777681
77453,7,4.2854936487518165,99.14058479704742,5.334848230539811,-14.5,146,328,/home/jasongao/Data/STU/val/146/velodyne/000328.bin,6,1627,1,75826,0.3674219228413962,85.71428571428571,2.1006287684143934,-1.8828125,-1.7578125,0,1,7,77452,0.0,0.0,0.0012911055737027616,0,2,7,77451,0.0,0.0,0.002582211147405523,6,317,1,77136,1.8575851393188854,85.71428571428571,0.40928046686377545,7,4270,0,73183,0.16366612111292964,100.0,5.513020799710793
81834,7,77.19522591645354,99.9752984264312,0.16008016227973704,-1.1171875,146,329,/home/jasongao/Data/STU/val/146/velodyne/000329.bin,7,1404,0,80430,0.4961020552799433,100.0,1.7156683041278686,-0.76171875,3.40625,3,0,4,81834,100.0,42.857142857142854,0.0,4,0,3,81834,100.0,57.142857142857146,0.0,7,479,0,81355,1.440329218106996,100.0,0.5853312803969011,7,4409,0,77425,0.1585144927536232,100.0,5.387736148789012
84173,7,65.0955836616214,99.98786512811199,0.0546493531179832,4.34375,146,330,/home/jasongao/Data/STU/val/146/velodyne/000330.bin,7,2328,0,81845,0.29978586723768735,100.0,2.7657324795361933,3.921875,7.09375,2,0,5,84173,100.0,28.571428571428573,0.0,7,200,0,83973,3.3816425120772946,100.0,0.23760588312166608,7,973,0,83200,0.7142857142857143,100.0,1.1559526213869056,7,3794,0,80379,0.1841620626151013,100.0,4.507383602818006
87684,8,0.7973612274695643,99.34559041558323,1.2784544500707085,-2.6875,146,331,/home/jasongao/Data/STU/val/146/velodyne/000331.bin,8,3021,0,84663,0.26411356883459886,100.0,3.4453263993430956,13.0,0.921875,0,336,8,87348,0.0,0.0,0.38319419734501164,4,375,4,87309,1.0554089709762533,50.0,0.42767209525112904,8,1409,0,86275,0.5645730416372619,100.0,1.6069066192235755,8,4948,0,82736,0.16142050040355124,100.0,5.642990739473564
90514,8,11.442946729974041,99.96188434938243,0.06297368362905185,2.046875,146,332,/home/jasongao/Data/STU/val/146/velodyne/000332.bin,8,1108,0,89406,0.7168458781362007,100.0,1.224120025631394,0.71484375,3.328125,0,2,8,90512,0.0,0.0,0.002209602934352697,7,45,1,90469,13.461538461538462,87.5,0.04971606602293568,8,436,0,90078,1.8018018018018018,100.0,0.4816934396888879,8,3788,0,86726,0.2107481559536354,100.0,4.184987957664008
92962,8,74.9861195235211,99.98110787203373,0.12800929412017814,-3.765625,146,333,/home/jasongao/Data/STU/val/146/velodyne/000333.bin,8,415,0,92547,1.8912529550827424,100.0,0.44641896688969684,-3.078125,2.546875,2,0,6,92962,100.0,25.0,0.0,4,0,4,92962,100.0,50.0,0.0,7,116,1,92846,5.691056910569106,87.5,0.12478216905832491,8,3672,0,89290,0.21739130434782608,100.0,3.950001075708354
95172,8,100.0,100.0,0.0,5.75,146,334,/home/jasongao/Data/STU/val/146/velodyne/000334.bin,8,189,0,94983,4.060913705583756,100.0,0.19858781994704325,-4.5625,8.6875,1,0,7,95172,100.0,12.5,0.0,8,0,0,95172,100.0,100.0,0.0,8,64,0,95108,11.11111111111111,100.0,0.06724666918841676,8,1869,0,93303,0.42621204049014383,100.0,1.9638128861429833
96384,11,85.84988540870894,99.99773632741761,0.006225099601593625,2.796875,146,335,/home/jasongao/Data/STU/val/146/velodyne/000335.bin,11,416,0,95968,2.576112412177986,100.0,0.4316069057104914,-5.8125,9.9375,5,0,6,96384,100.0,45.45454545454545,0.0,10,6,1,96378,62.5,90.9090909090909,0.006225099601593625,11,23,0,96361,32.35294117647059,100.0,0.023862881806108897,11,2699,0,93685,0.4059040590405904,100.0,2.8002573041168657
96952,9,97.65432098765432,99.99977079150277,0.00103143823747834,0.6953125,146,336,/home/jasongao/Data/STU/val/146/velodyne/000336.bin,9,115,0,96837,7.258064516129032,100.0,0.11861539731000907,-7.78125,5.03125,0,0,9,96952,,0.0,0.0,7,0,2,96952,100.0,77.77777777777777,0.0,9,20,0,96932,31.03448275862069,100.0,0.020628764749566795,9,2444,0,94508,0.36689767631471665,100.0,2.5208350523970626
97538,12,97.07362082362081,99.99965825285189,0.0010252414443601469,1.75,146,337,/home/jasongao/Data/STU/val/146/velodyne/000337.bin,12,196,0,97342,5.769230769230769,100.0,0.20094732309458876,-6.75,10.625,7,0,5,97538,100.0,58.333333333333336,0.0,8,1,4,97537,88.88888888888889,66.66666666666667,0.0010252414443601469,12,9,0,97529,57.142857142857146,100.0,0.009227172999241322,12,2468,0,95070,0.4838709677419355,100.0,2.5302958846808425
98460,9,81.51575236836308,99.98815085652379,0.08125126955108673,3.21875,146,338,/home/jasongao/Data/STU/val/146/velodyne/000338.bin,9,349,0,98111,2.5139664804469275,100.0,0.35445866341661586,2.234375,5.65625,3,0,6,98460,100.0,33.333333333333336,0.0,9,85,0,98375,9.574468085106384,100.0,0.08632947389802965,9,232,0,98228,3.7344398340248963,100.0,0.23562868169815154,9,3377,0,95083,0.26580035440047256,100.0,3.429819215925249
99174,13,94.8076923076923,99.99790577865477,0.027224877488051306,-5.5,146,339,/home/jasongao/Data/STU/val/146/velodyne/000339.bin,13,184,0,98990,6.598984771573604,100.0,0.18553249843709035,-7.25,9.375,6,0,7,99174,100.0,46.15384615384615,0.0,11,0,2,99174,100.0,84.61538461538461,0.0,12,6,1,99168,66.66666666666667,92.3076923076923,0.006049972775122512,13,2164,0,97010,0.5971520440973818,100.0,2.1820235142275193
99696,10,100.0,100.0,0.0,7.28125,146,340,/home/jasongao/Data/STU/val/146/velodyne/000340.bin,10,672,0,99024,1.466275659824047,100.0,0.6740491092922485,-3.109375,10.6875,7,0,3,99696,100.0,70.0,0.0,10,0,0,99696,100.0,100.0,0.0,10,146,0,99550,6.410256410256411,100.0,0.14644519338789921,10,2272,0,97424,0.43821209465381245,100.0,2.278927940940459
99983,13,85.19668737060042,99.9811121736849,0.2170368962723663,-8.0625,146,341,/home/jasongao/Data/STU/val/146/velodyne/000341.bin,12,199,1,99784,5.687203791469194,92.3076923076923,0.19903383575207786,-6.90625,8.25,2,0,11,99983,100.0,15.384615384615385,0.0,10,0,3,99983,100.0,76.92307692307692,0.0,11,20,2,99963,35.483870967741936,84.61538461538461,0.020003400578098275,13,2497,0,97486,0.5179282868525896,100.0,2.4974245621755697
99889,10,100.0,99.99999999999999,0.0,3.21875,146,342,/home/jasongao/Data/STU/val/146/velodyne/000342.bin,10,127,0,99762,7.299270072992701,100.0,0.12714112665058214,-7.53125,7.46875,4,0,6,99889,100.0,40.0,0.0,10,0,0,99889,100.0,100.0,0.0,10,2,0,99887,83.33333333333333,100.0,0.0020022224669383015,10,1564,0,98325,0.6353240152477764,100.0,1.5657379691457518
100650,16,95.48940387635241,99.99944113263784,0.0009935419771485345,2.375,146,343,/home/jasongao/Data/STU/val/146/velodyne/000343.bin,16,377,0,100273,4.071246819338422,100.0,0.37456532538499754,-4.375,7.875,5,0,11,100650,100.0,31.25,0.0,15,1,1,100649,93.75,93.75,0.0009935419771485345,16,71,0,100579,18.39080459770115,100.0,0.07054148037754596,16,2245,0,98405,0.7076514816452897,100.0,2.23050173869846
101173,14,93.12452253628724,99.97472504663159,0.35582615915313376,-7.375,146,344,/home/jasongao/Data/STU/val/146/velodyne/000344.bin,14,408,0,100765,3.3175355450236967,100.0,0.4032696470402182,-2.8125,7.90625,0,0,14,101173,,0.0,0.0,13,0,1,101173,100.0,92.85714285714286,0.0,13,151,1,101022,7.926829268292683,92.85714285714286,0.14924930564478664,14,2234,0,98939,0.6227758007117438,100.0,2.2080989987447244
101700,10,100.0,100.0,0.0,8.0625,146,345,/home/jasongao/Data/STU/val/146/velodyne/000345.bin,10,328,0,101372,2.9585798816568047,100.0,0.3225172074729597,-4.59375,9.6875,5,0,5,101700,100.0,50.0,0.0,10,12,0,101688,45.45454545454545,100.0,0.011799410029498525,10,77,0,101623,11.494252873563218,100.0,0.07571288102261553,10,1756,0,99944,0.5662514156285391,100.0,1.7266470009832842
102046,15,98.59649122807016,99.99973867994171,0.003919800874115595,1.328125,146,346,/home/jasongao/Data/STU/val/146/velodyne/000346.bin,15,106,0,101940,12.396694214876034,100.0,0.10387472316406327,-7.9375,11.625,9,0,6,102046,100.0,60.0,0.0,14,2,1,102044,87.5,93.33333333333333,0.0019599004370577976,15,11,0,102035,57.69230769230769,100.0,0.010779452403817886,15,1149,0,100897,1.288659793814433,100.0,1.1259628010897047
102267,18,95.13888888888889,99.99315517224521,0.12320689958637684,-3.515625,146,347,/home/jasongao/Data/STU/val/146/velodyne/000347.bin,18,349,0,101918,4.9046321525885554,100.0,0.34126355520353585,-2.875,8.5,4,0,14,102267,100.0,22.22222222222222,0.0,17,0,1,102267,100.0,94.44444444444444,0.0,18,134,0,102133,11.842105263157896,100.0,0.13102955987757536,18,1294,0,100973,1.3719512195121952,100.0,1.2653153021013621
102023,18,98.57090984541965,99.99972773023947,0.002940513413642022,1.5078125,146,348,/home/jasongao/Data/STU/val/146/velodyne/000348.bin,18,67,0,101956,21.176470588235293,100.0,0.06567146623800516,-8.9375,9.1875,8,0,10,102023,100.0,44.44444444444444,0.0,17,3,1,102020,85.0,94.44444444444444,0.0029405134136420217,18,17,0,102006,51.42857142857143,100.0,0.01666290934397146,18,1083,0,100940,1.6348773841961852,100.0,1.06152534232477
101198,21,96.42745774545863,99.9991530041531,0.001976323642759738,0.8671875,146,349,/home/jasongao/Data/STU/val/146/velodyne/000349.bin,21,197,0,101001,9.63302752293578,100.0,0.19466787881183423,-6.25,8.875,5,0,16,101198,100.0,23.80952380952381,0.0,17,2,4,101196,89.47368421052632,80.95238095238095,0.0019763236427597385,21,35,0,101163,37.5,100.0,0.03458566374829542,21,1087,0,100111,1.8953068592057762,100.0,1.0741318998399179
100954,17,100.0,100.0,0.0,7.3125,146,350,/home/jasongao/Data/STU/val/146/velodyne/000350.bin,17,243,0,100711,6.538461538461538,100.0,0.24070368682766408,0.91796875,12.8125,15,0,2,100954,100.0,88.23529411764706,0.0,17,20,0,100934,45.945945945945944,100.0,0.019811003031083463,17,174,0,100780,8.900523560209423,100.0,0.17235572637042612,17,1009,0,99945,1.6569200779727096,100.0,0.9994651029181607
100490,18,98.62155388471177,99.99972357669643,0.0029853716787740076,7.0,146,351,/home/jasongao/Data/STU/val/146/velodyne/000351.bin,18,38,0,100452,32.142857142857146,100.0,0.03781470793113743,-9.8125,10.3125,11,0,7,100490,100.0,61.111111111111114,0.0,18,6,0,100484,75.0,100.0,0.005970743357548014,18,20,0,100470,47.36842105263158,100.0,0.019902477858493382,18,911,0,99579,1.9375672766415502,100.0,0.9065578664543735
100231,26,88.82559660946025,99.99545281169728,0.0229469924474464,2.625,146,352,/home/jasongao/Data/STU/val/146/velodyne/000352.bin,26,242,0,99989,9.701492537313433,100.0,0.2414422683600882,0.53515625,8.8125,11,0,15,100231,100.0,42.30769230769231,0.0,23,17,3,100214,57.5,88.46153846153847,0.016960820504634294,26,166,0,100065,13.541666666666666,100.0,0.1656174237511349,26,1502,0,98729,1.7015706806282722,100.0,1.4985383763506301
99608,25,97.8267905643461,99.9995181109951,0.002007870853746687,3.1875,146,353,/home/jasongao/Data/STU/val/146/velodyne/000353.bin,25,457,0,99151,5.186721991701245,100.0,0.458798490081118,-4.5625,9.5625,11,0,14,99608,100.0,44.0,0.0,24,2,1,99606,92.3076923076923,96.0,0.002007870853746687,25,57,0,99551,30.48780487804878,100.0,0.05722431933178058,25,2128,0,97480,1.1611704598235022,100.0,2.136374588386475
99115,23,99.81884057971016,99.99995613352078,0.0,5.96875,146,354,/home/jasongao/Data/STU/val/146/velodyne/000354.bin,23,136,0,98979,14.465408805031446,100.0,0.1372143469706906,-6.28125,14.9375,19,0,4,99115,100.0,82.6086956521739,0.0,23,1,0,99114,95.83333333333333,100.0,0.0010089290218433134,23,51,0,99064,31.08108108108108,100.0,0.05145538011400898,23,1199,0,97916,1.8821603927986907,100.0,1.2097058971901327
98448,23,99.81884057971016,99.99995583631879,0.0,5.125,146,355,/home/jasongao/Data/STU/val/146/velodyne/000355.bin,23,105,0,98343,17.96875,100.0,0.10665529010238908,-7.90625,16.25,20,0,3,98448,100.0,86.95652173913044,0.0,22,0,1,98448,100.0,95.65217391304348,0.0,23,16,0,98432,58.97435897435897,100.0,0.01625223468226881,23,1609,0,96839,1.4093137254901962,100.0,1.6343653502356574
98489,27,100.0,100.0,0.0,5.75,146,356,/home/jasongao/Data/STU/val/146/velodyne/000356.bin,27,94,0,98395,22.31404958677686,100.0,0.09544213059326422,-8.0625,15.8125,22,0,5,98489,100.0,81.48148148148148,0.0,27,0,0,98489,100.0,100.0,0.0,27,9,0,98480,75.0,100.0,0.009138076333397638,27,1717,0,96772,1.548165137614679,100.0,1.743341896049305
98392,28,98.80916041630327,99.99960072247454,0.0010163427920969184,1.09375,146,357,/home/jasongao/Data/STU/val/146/velodyne/000357.bin,28,203,0,98189,12.121212121212121,100.0,0.20631758679567444,-5.8125,16.875,21,0,7,98392,100.0,75.0,0.0,25,1,3,98391,96.15384615384616,89.28571428571429,0.0010163427920969184,28,44,0,98348,38.888888888888886,100.0,0.04471908285226441,28,1392,0,97000,1.971830985915493,100.0,1.4147491665989105
97500,32,99.37704248366013,99.99977564102564,0.003076923076923077,0.62890625,146,358,/home/jasongao/Data/STU/val/146/velodyne/000358.bin,32,158,0,97342,16.842105263157894,100.0,0.16205128205128205,-6.84375,15.625,24,0,8,97500,100.0,75.0,0.0,30,0,2,97500,100.0,93.75,0.0,32,23,0,97477,58.18181818181818,100.0,0.02358974358974359,32,1538,0,95962,2.038216560509554,100.0,1.5774358974358975
96667,42,98.3202788884477,99.99903941217937,0.002068958382902128,-3.171875,146,359,/home/jasongao/Data/STU/val/146/velodyne/000359.bin,41,27,1,96640,60.294117647058826,97.61904761904762,0.027930938169178725,-9.75,15.125,29,0,13,96667,100.0,69.04761904761905,0.0,34,1,8,96666,97.14285714285714,80.95238095238095,0.001034479191451064,41,2,1,96665,95.34883720930233,97.61904761904762,0.002068958382902128,42,994,0,95673,4.054054054054054,100.0,1.0282723163023575
95996,42,98.27103762902296,99.9991567108947,0.007291970498770782,0.4375,146,360,/home/jasongao/Data/STU/val/146/velodyne/000360.bin,42,113,0,95883,27.096774193548388,100.0,0.11771323805158548,-7.5,14.9375,29,0,13,95996,100.0,69.04761904761905,0.0,35,0,7,95996,100.0,83.33333333333333,0.0,42,29,0,95967,59.15492957746479,100.0,0.030209592066336097,42,1092,0,94904,3.7037037037037037,100.0,1.137547397808242
95164,43,98.41351843523032,99.9992668714865,0.005254087680215207,1.4375,146,361,/home/jasongao/Data/STU/val/146/velodyne/000361.bin,43,43,0,95121,50.0,100.0,0.04518515404985078,-9.6875,14.75,30,0,13,95164,100.0,69.76744186046511,0.0,40,4,3,95160,90.9090909090909,93.02325581395348,0.004203270144172166,43,12,0,95152,78.18181818181819,100.0,0.012609810432516497,43,1005,0,94159,4.103053435114504,100.0,1.0560716237232568
94694,40,96.77235714909841,99.99647548947136,0.009504298054786997,3.421875,146,362,/home/jasongao/Data/STU/val/146/velodyne/000362.bin,40,441,0,94253,8.316008316008316,100.0,0.46571060468456293,-2.046875,14.6875,31,0,9,94694,100.0,77.5,0.0,39,9,1,94685,81.25,97.5,0.009504298054786997,40,209,0,94485,16.06425702811245,100.0,0.22071092149449806,40,1577,0,93117,2.473716759431045,100.0,1.6653642258221217
94004,49,99.15239909161222,99.9995766571809,0.0021275690396153355,5.21875,146,363,/home/jasongao/Data/STU/val/146/velodyne/000363.bin,49,272,0,93732,15.264797507788161,100.0,0.2893493893876856,-0.9296875,16.375,35,0,14,94004,100.0,71.42857142857143,0.0,49,8,0,93996,85.96491228070175,100.0,0.008510276158461342,49,168,0,93836,22.580645161290324,100.0,0.1787157993276882,49,1723,0,92281,2.765237020316027,100.0,1.8329007276286116
93785,51,98.28400633223488,99.9989650922479,0.009596417337527323,1.0546875,146,364,/home/jasongao/Data/STU/val/146/velodyne/000364.bin,51,187,0,93598,21.428571428571427,100.0,0.1993922269019566,-5.34375,13.1875,31,0,20,93785,100.0,60.78431372549019,0.0,47,3,4,93782,94.0,92.15686274509804,0.0031988057791757746,51,50,0,93735,50.495049504950494,100.0,0.053313429652929574,51,1512,0,92273,3.2629558541266794,100.0,1.6121981127045903
93296,58,99.49295961824332,99.99968583492512,0.0032155719430629393,2.546875,146,365,/home/jasongao/Data/STU/val/146/velodyne/000365.bin,58,94,0,93202,38.1578947368421,100.0,0.10075458754930544,-7.90625,13.8125,38,0,20,93296,100.0,65.51724137931035,0.0,54,3,4,93293,94.73684210526316,93.10344827586206,0.0032155719430629393,58,15,0,93281,79.45205479452055,100.0,0.016077859715314696,58,1139,0,92157,4.845446950710109,100.0,1.2208454810495626
92861,58,97.85090734036442,99.99875601984279,0.006461270070320156,1.28125,146,366,/home/jasongao/Data/STU/val/146/velodyne/000366.bin,58,80,0,92781,42.028985507246375,100.0,0.08615026760426875,-8.5625,12.125,34,1,24,92860,97.14285714285714,58.62068965517241,0.0010768783450533592,52,3,6,92858,94.54545454545455,89.65517241379311,0.003230635035160078,58,31,0,92830,65.1685393258427,100.0,0.03338322869665414,58,1095,0,91766,5.030355594102342,100.0,1.1791817878334285
92551,67,98.28768343670691,99.99879050146939,0.007563397478147184,-0.82421875,146,367,/home/jasongao/Data/STU/val/146/velodyne/000367.bin,67,41,0,92510,62.03703703703704,100.0,0.04429989951486207,-9.6875,9.25,31,0,36,92551,100.0,46.26865671641791,0.0,56,3,11,92548,94.91525423728814,83.58208955223881,0.003241456062063079,67,12,0,92539,84.81012658227849,100.0,0.012965824248252315,67,1391,0,91160,4.595336076817558,100.0,1.5029551274432476
92261,67,98.72142057352838,99.99842270961665,0.004335526387097473,-4.75,146,368,/home/jasongao/Data/STU/val/146/velodyne/000368.bin,66,42,1,92219,61.111111111111114,98.50746268656717,0.04552302706452347,-9.1875,11.3125,42,0,25,92261,100.0,62.6865671641791,0.0,57,1,10,92260,98.27586206896552,85.07462686567165,0.0010838815967743683,63,1,4,92260,98.4375,94.02985074626865,0.0010838815967743683,67,1327,0,90934,4.806312769010043,100.0,1.4383108789195869
91920,68,94.98971064139022,99.98951293964062,0.0881201044386423,-3.8125,146,369,/home/jasongao/Data/STU/val/146/velodyne/000369.bin,67,282,1,91638,19.197707736389685,98.52941176470588,0.30678851174934724,-3.96875,11.8125,44,0,24,91920,100.0,64.70588235294117,0.0,58,1,10,91919,98.30508474576271,85.29411764705883,0.0010879025239338555,64,73,4,91847,46.715328467153284,94.11764705882354,0.07941688424717146,68,1310,0,90610,4.934687953555878,100.0,1.4251523063533507
91858,78,97.28163762409866,99.97497531027545,0.0032659104269633565,-1.859375,146,370,/home/jasongao/Data/STU/val/146/velodyne/000370.bin,76,40,2,91818,65.51724137931035,97.43589743589743,0.04354547235951142,-9.5625,13.25,58,0,20,91858,100.0,74.35897435897436,0.0,71,1,7,91857,98.61111111111111,91.02564102564102,0.0010886368089877854,75,6,3,91852,92.5925925925926,96.15384615384616,0.006531820853926713,77,919,1,90939,7.730923694779117,98.71794871794872,1.000457227459775
91674,82,96.1362239850788,99.95812973543048,0.028361367454240023,-4.0625,146,371,/home/jasongao/Data/STU/val/146/velodyne/000371.bin,80,108,2,91566,42.5531914893617,97.5609756097561,0.1178087571176124,-7.53125,12.25,62,0,20,91674,100.0,75.60975609756098,0.0,70,2,12,91672,97.22222222222223,85.36585365853658,0.002181643650326156,77,20,5,91654,79.38144329896907,93.90243902439025,0.02181643650326156,81,1382,1,90292,5.536568694463432,98.78048780487805,1.5075157623753737
91460,85,98.95997892333665,99.99893235229803,0.004373496610540127,-1.1171875,146,372,/home/jasongao/Data/STU/val/146/velodyne/000372.bin,85,54,0,91406,61.15107913669065,100.0,0.059042204242291715,-9.375,11.4375,62,0,23,91460,100.0,72.94117647058823,0.0,73,2,12,91458,97.33333333333333,85.88235294117646,0.002186748305270063,83,16,2,91444,83.83838383838383,97.6470588235294,0.017493986442160506,85,1212,0,90248,6.553585196607556,100.0,1.3251694729936585
91293,91,96.25465430965909,99.99174858200193,0.07448544795329325,-5.09375,146,373,/home/jasongao/Data/STU/val/146/velodyne/000373.bin,90,186,1,91107,32.608695652173914,98.9010989010989,0.20373960763694918,-5.8125,12.125,58,0,33,91293,100.0,63.73626373626374,0.0,75,0,16,91293,100.0,82.41758241758242,0.0,85,36,6,91257,70.24793388429752,93.4065934065934,0.03943347244586113,91,1350,0,89943,6.315058986814712,100.0,1.4787552167197924
80696,5,87.66666666666667,99.99925646872212,0.001239218796470705,1.5703125,147,225,/home/jasongao/Data/STU/val/147/velodyne/000225.bin,5,92,0,80604,5.154639175257732,100.0,0.11400812927530485,-7.4375,1.7421875,0,0,5,80696,,0.0,0.0,1,0,4,80696,100.0,20.0,0.0,5,17,0,80679,22.727272727272727,100.0,0.021066719540001982,5,983,0,79713,0.5060728744939271,100.0,1.2181520769307028
79317,5,100.0,99.99999999999999,0.0,7.25,147,226,/home/jasongao/Data/STU/val/147/velodyne/000226.bin,5,228,0,79089,2.1459227467811157,100.0,0.28745413971784106,-5.78125,9.0,0,0,5,79317,,0.0,0.0,5,6,0,79311,45.45454545454545,100.0,0.0075645826241537125,5,34,0,79283,12.820512820512821,100.0,0.042865968203537705,5,2638,0,76679,0.18917896329928113,100.0,3.3258948270862487
71797,5,44.666666666666664,99.9954037076758,0.0069640792790785135,3.984375,147,231,/home/jasongao/Data/STU/val/147/velodyne/000231.bin,5,340,0,71457,1.4492753623188406,100.0,0.4735573909773389,-4.0,4.75,0,0,5,71797,,0.0,0.0,5,6,0,71791,45.45454545454545,100.0,0.008356895134894215,5,67,0,71730,6.944444444444445,100.0,0.09331866233965208,5,2471,0,69326,0.20193861066235863,100.0,3.441647979720601
68505,8,100.0,100.0,0.0,5.40625,147,232,/home/jasongao/Data/STU/val/147/velodyne/000232.bin,8,216,0,68289,3.5714285714285716,100.0,0.31530545215677686,-5.0625,6.46875,0,0,8,68505,,0.0,0.0,8,0,0,68505,100.0,100.0,0.0,8,30,0,68475,21.05263157894737,100.0,0.04379242391066346,8,1803,0,66702,0.4417448923246825,100.0,2.6319246770308737
65604,6,100.0,100.0,0.0,7.25,147,233,/home/jasongao/Data/STU/val/147/velodyne/000233.bin,6,168,0,65436,3.4482758620689653,100.0,0.2560819462227913,-5.3125,7.75,1,0,5,65604,100.0,16.666666666666668,0.0,6,3,0,65601,66.66666666666667,100.0,0.004572891896835559,6,33,0,65571,15.384615384615385,100.0,0.05030181086519115,6,1573,0,64031,0.3799873337555415,100.0,2.397719651240778
63678,6,78.71794871794873,99.99607399729891,0.010992807563051604,2.203125,147,234,/home/jasongao/Data/STU/val/147/velodyne/000234.bin,6,325,0,63353,1.8126888217522659,100.0,0.5103803511416816,-3.515625,3.140625,0,0,6,63678,,0.0,0.0,4,2,2,63676,66.66666666666667,66.66666666666667,0.003140802160871887,6,72,0,63606,7.6923076923076925,100.0,0.11306887779138793,6,2475,0,61203,0.2418379685610641,100.0,3.8867426740789597
62567,6,0.5038277587843643,98.93047985892457,1.6302523694599387,-9.4375,147,235,/home/jasongao/Data/STU/val/147/velodyne/000235.bin,3,764,3,61803,0.39113428943937417,50.0,1.2210909904582288,-3.828125,-8.625,0,0,6,62567,,0.0,0.0,0,0,6,62567,,0.0,0.0,0,56,6,62511,0.0,0.0,0.0895040516566241,6,2375,0,60192,0.25199496010079797,100.0,3.795930762222897
62813,5,100.0,100.0,0.0,11.25,147,236,/home/jasongao/Data/STU/val/147/velodyne/000236.bin,5,597,0,62216,0.8305647840531561,100.0,0.9504401955009313,-2.46875,13.0625,5,0,0,62813,100.0,100.0,0.0,5,5,0,62808,50.0,100.0,0.007960135640711317,5,153,0,62660,3.1645569620253164,100.0,0.24358015060576632,5,2697,0,60116,0.1850481125092524,100.0,4.293697164599685
64610,5,100.0,100.0,0.0,8.625,147,237,/home/jasongao/Data/STU/val/147/velodyne/000237.bin,5,326,0,64284,1.5105740181268883,100.0,0.5045658566785327,-3.984375,10.125,4,0,1,64610,100.0,80.0,0.0,5,2,0,64608,71.42857142857143,100.0,0.003095496053242532,5,57,0,64553,8.064516129032258,100.0,0.08822163751741216,5,2552,0,62058,0.19554165037152912,100.0,3.949852963937471
66153,6,22.505291005291006,99.982112174303,0.02872129759799253,-1.8046875,147,238,/home/jasongao/Data/STU/val/147/velodyne/000238.bin,6,182,0,65971,3.1914893617021276,100.0,0.27511979804392844,-5.3125,-0.4375,0,0,6,66153,,0.0,0.0,0,0,6,66153,,0.0,0.0,6,33,0,66120,15.384615384615385,100.0,0.04988435898598703,6,2256,0,63897,0.26525198938992045,100.0,3.4102761779511135
68286,5,71.58333333333333,99.99355651231583,0.016108719210379874,-1.7109375,147,239,/home/jasongao/Data/STU/val/147/velodyne/000239.bin,5,586,0,67700,0.8460236886632826,100.0,0.8581554052075095,-3.734375,0.54296875,0,0,5,68286,,0.0,0.0,0,0,5,68286,,0.0,0.0,5,62,0,68224,7.462686567164179,100.0,0.09079459918577747,5,3307,0,64979,0.15096618357487923,100.0,4.84286676624784
71016,6,2.187403466604009,99.78995343772296,0.27458600878675227,1.1171875,147,240,/home/jasongao/Data/STU/val/147/velodyne/000240.bin,6,615,0,70401,0.966183574879227,100.0,0.8660020277120649,4.5,3.140625,0,0,6,71016,,0.0,0.0,4,139,2,70877,2.797202797202797,66.66666666666667,0.1957305395967106,6,301,0,70715,1.9543973941368078,100.0,0.42384814689647404,6,3572,0,67444,0.16769144773616546,100.0,5.029852427621944
73753,7,100.0,100.0,0.0,6.40625,147,241,/home/jasongao/Data/STU/val/147/velodyne/000241.bin,7,223,0,73530,3.0434782608695654,100.0,0.3023605819424295,-5.8125,8.5,3,0,4,73753,100.0,42.857142857142854,0.0,7,0,0,73753,100.0,100.0,0.0,7,41,0,73712,14.583333333333334,100.0,0.055590959011836805,7,1999,0,71754,0.3489531405782652,100.0,2.710398221089312
74951,5,100.0,100.0,0.0,8.75,147,242,/home/jasongao/Data/STU/val/147/velodyne/000242.bin,5,868,0,74083,0.572737686139748,100.0,1.15808995210204,-2.453125,10.8125,3,0,2,74951,100.0,60.0,0.0,5,9,0,74942,35.714285714285715,100.0,0.012007845125481982,5,151,0,74800,3.2051282051282053,100.0,0.2014649571053088,5,3450,0,71501,0.1447178002894356,100.0,4.603007298101426
74717,9,100.0,100.0,0.0,8.75,147,243,/home/jasongao/Data/STU/val/147/velodyne/000243.bin,9,191,0,74526,4.5,100.0,0.25563124857796754,-6.125,10.4375,5,0,4,74717,100.0,55.55555555555556,0.0,9,0,0,74717,100.0,100.0,0.0,9,21,0,74696,30.0,100.0,0.028106053508572346,9,3335,0,71382,0.26913875598086123,100.0,4.46350897386137
77021,7,100.0,100.0,0.0,8.1875,147,244,/home/jasongao/Data/STU/val/147/velodyne/000244.bin,7,457,0,76564,1.5086206896551724,100.0,0.5933446722322483,-5.5,9.875,3,0,4,77021,100.0,42.857142857142854,0.0,7,7,0,77014,50.0,100.0,0.009088430428065073,7,23,0,76998,23.333333333333332,100.0,0.02986198569221381,7,3047,0,73974,0.22920759659463,100.0,3.956063930616325
79911,8,100.0,100.0,0.0,7.90625,147,245,/home/jasongao/Data/STU/val/147/velodyne/000245.bin,8,1248,0,78663,0.6369426751592356,100.0,1.5617374328940947,-1.046875,10.0,4,0,4,79911,100.0,50.0,0.0,8,0,0,79911,100.0,100.0,0.0,8,475,0,79436,1.6563146997929608,100.0,0.594411282551839,8,3702,0,76209,0.215633423180593,100.0,4.632653827382963
83241,8,0.21784069837692374,97.50761343568674,4.490575557717952,-15.1875,147,246,/home/jasongao/Data/STU/val/147/velodyne/000246.bin,0,1200,8,82041,0.0,0.0,1.4415972897970952,0.48046875,-10.75,0,0,8,83241,,0.0,0.0,0,5,8,83236,0.0,0.0,0.006006655374154563,0,416,8,82825,0.0,0.0,0.49975372712965965,6,3449,2,79792,0.1736613603473227,75.0,4.143390877091818
84889,9,18.816396484231923,99.9767016011759,0.02591619644476905,3.328125,147,247,/home/jasongao/Data/STU/val/147/velodyne/000247.bin,9,2141,0,82748,0.4186046511627907,100.0,2.5221171176477517,2.046875,4.3125,0,0,9,84889,,0.0,0.0,9,27,0,84862,25.0,100.0,0.031806241091307474,9,1241,0,83648,0.72,100.0,1.461909081270836,9,5120,0,79769,0.17547280171573407,100.0,6.031405718055343
87179,8,28.496935673677292,99.90579726769062,0.13650076279838036,7.46875,147,248,/home/jasongao/Data/STU/val/147/velodyne/000248.bin,8,2683,0,84496,0.29728725380899296,100.0,3.077576021748357,8.625,8.25,2,0,6,87179,100.0,25.0,0.0,8,695,0,86484,1.1379800853485065,100.0,0.7972103373518852,8,2011,0,85168,0.396235760277365,100.0,2.3067481847692677,8,4587,0,82592,0.17410228509249184,100.0,5.261588226522442
89343,11,2.063306454004311,99.69016242814975,0.35369307052595056,4.5,147,249,/home/jasongao/Data/STU/val/147/velodyne/000249.bin,11,1227,0,88116,0.8885298869143781,100.0,1.373358852959941,15.75,7.5625,4,269,7,89074,1.465201465201465,36.36363636363637,0.30108682269455916,11,394,0,88949,2.7160493827160495,100.0,0.4409970562886852,11,678,0,88665,1.5965166908563135,100.0,0.7588731070145395,11,4185,0,85158,0.2621544327931363,100.0,4.684194620731339
91344,9,92.826278659612,99.99939179852475,0.001094762655456297,4.21875,147,250,/home/jasongao/Data/STU/val/147/velodyne/000250.bin,9,219,0,91125,3.9473684210526314,100.0,0.23975302154492906,-6.4375,5.78125,0,0,9,91344,,0.0,0.0,9,1,0,91343,90.0,100.0,0.001094762655456297,9,18,0,91326,33.333333333333336,100.0,0.01970572779821335,9,2643,0,88701,0.3393665158371041,100.0,2.893457698370993
93133,10,100.0,100.0,0.0,8.25,147,251,/home/jasongao/Data/STU/val/147/velodyne/000251.bin,10,348,0,92785,2.793296089385475,100.0,0.37365917558760053,-4.09375,10.6875,6,0,4,93133,100.0,60.0,0.0,10,33,0,93100,23.25581395348837,100.0,0.03543319768503109,10,88,0,93045,10.204081632653061,100.0,0.0944885271600829,10,3310,0,89823,0.30120481927710846,100.0,3.5540571011349362
94915,9,100.0,99.99999999999999,0.0,7.5,147,252,/home/jasongao/Data/STU/val/147/velodyne/000252.bin,9,261,0,94654,3.3333333333333335,100.0,0.27498287941842703,-5.78125,10.375,6,0,3,94915,100.0,66.66666666666667,0.0,9,3,0,94912,75.0,100.0,0.0031607227519359427,9,30,0,94885,23.076923076923077,100.0,0.031607227519359425,9,2660,0,92255,0.3372049456725365,100.0,2.8025075067165357
96255,11,100.0,99.99999999999999,0.0,6.03125,147,253,/home/jasongao/Data/STU/val/147/velodyne/000253.bin,11,156,0,96099,6.586826347305389,100.0,0.16206950288296712,-6.6875,9.25,4,0,7,96255,100.0,36.36363636363637,0.0,11,3,0,96252,78.57142857142857,100.0,0.003116721209287829,11,51,0,96204,17.741935483870968,100.0,0.0529842605578931,11,2279,0,93976,0.48034934497816595,100.0,2.3676692119889875
97327,13,100.0,100.0,0.0,7.0625,147,254,/home/jasongao/Data/STU/val/147/velodyne/000254.bin,13,205,0,97122,5.963302752293578,100.0,0.2106301437422298,-5.875,10.5625,8,0,5,97327,100.0,61.53846153846154,0.0,13,3,0,97324,81.25,100.0,0.0030823923474472656,13,38,0,97289,25.49019607843137,100.0,0.03904363640099869,13,2151,0,95176,0.600739371534196,100.0,2.210075313119689
98450,11,99.24242424242425,99.99990765963341,0.001015744032503809,8.5,147,255,/home/jasongao/Data/STU/val/147/velodyne/000255.bin,11,184,0,98266,5.641025641025641,100.0,0.18689690198070086,-4.53125,12.625,9,0,2,98450,100.0,81.81818181818181,0.0,11,3,0,98447,78.57142857142857,100.0,0.0030472320975114273,11,84,0,98366,11.578947368421053,100.0,0.08532249873031995,11,1956,0,96494,0.5592272496187087,100.0,1.9867953275774506
99163,14,99.52380952380952,99.99992796852514,0.0010084406482256487,4.0625,147,256,/home/jasongao/Data/STU/val/147/velodyne/000256.bin,14,539,0,98624,2.5316455696202533,100.0,0.5435495093936247,-4.15625,7.21875,1,0,13,99163,100.0,7.142857142857143,0.0,14,2,0,99161,87.5,100.0,0.0020168812964512974,14,86,0,99077,14.0,100.0,0.08672589574740579,14,2797,0,96366,0.49804340092493776,100.0,2.8206084930871396
100080,15,97.42002063983489,99.99953370636825,0.003996802557953637,7.96875,147,257,/home/jasongao/Data/STU/val/147/velodyne/000257.bin,15,369,0,99711,3.90625,100.0,0.368705035971223,-5.1875,11.125,12,0,3,100080,100.0,80.0,0.0,15,13,0,100067,53.57142857142857,100.0,0.01298960831334932,15,62,0,100018,19.48051948051948,100.0,0.061950439648281376,15,2129,0,97951,0.6996268656716418,100.0,2.1272981614708235
100493,15,97.68115942028986,99.99950245290718,0.007960753485317384,7.21875,147,258,/home/jasongao/Data/STU/val/147/velodyne/000258.bin,15,1494,0,98999,0.9940357852882704,100.0,1.4866707133830217,5.34375,11.0,11,0,4,100493,100.0,73.33333333333333,0.0,15,304,0,100189,4.702194357366771,100.0,0.30250863244206067,15,1181,0,99312,1.254180602006689,100.0,1.175206233269979,15,3000,0,97493,0.4975124378109453,100.0,2.9852825569940196
100547,16,97.70720108695652,99.99953380011337,0.006961918306861469,3.359375,147,259,/home/jasongao/Data/STU/val/147/velodyne/000259.bin,16,333,0,100214,4.584527220630372,100.0,0.33118839945498124,-2.984375,11.3125,9,0,7,100547,100.0,56.25,0.0,16,12,0,100535,57.142857142857146,100.0,0.011934717097476802,16,107,0,100440,13.008130081300813,100.0,0.10641789411916815,16,2330,0,98217,0.6820119352088662,100.0,2.317324236426746
99189,16,100.0,100.00000000000003,0.0,6.3125,147,260,/home/jasongao/Data/STU/val/147/velodyne/000260.bin,16,698,0,98491,2.2408963585434174,100.0,0.7037070642914033,-2.515625,10.4375,10,0,6,99189,100.0,62.5,0.0,16,4,0,99185,80.0,100.0,0.004032705239492282,16,142,0,99047,10.126582278481013,100.0,0.14316103600197602,16,2522,0,96667,0.6304176516942475,100.0,2.542620653499884
99067,18,100.0,100.0,0.0,11.375,147,261,/home/jasongao/Data/STU/val/147/velodyne/000261.bin,18,279,0,98788,6.0606060606060606,100.0,0.2816275853715162,-1.203125,13.1875,18,0,0,99067,100.0,100.0,0.0,18,9,0,99058,66.66666666666667,100.0,0.009084760818436007,18,156,0,98911,10.344827586206897,100.0,0.15746918751955746,18,1576,0,97491,1.1292346298619824,100.0,1.5908425610950165
100576,17,97.59165430878234,99.9995905934757,0.0029828189627744196,5.96875,147,262,/home/jasongao/Data/STU/val/147/velodyne/000262.bin,17,789,0,99787,2.109181141439206,100.0,0.7844813872096723,1.171875,11.0625,11,0,6,100576,100.0,64.70588235294117,0.0,17,16,0,100560,51.515151515151516,100.0,0.01590836780146357,17,501,0,100075,3.281853281853282,100.0,0.498130766783328,17,2639,0,97937,0.6400602409638554,100.0,2.6238864142538976
102478,20,99.54545454545453,99.99990241807998,0.001951638400437167,8.5625,147,263,/home/jasongao/Data/STU/val/147/velodyne/000263.bin,20,426,0,102052,4.484304932735426,100.0,0.41569897929311656,1.7890625,12.875,18,0,2,102478,100.0,90.0,0.0,20,76,0,102402,20.833333333333332,100.0,0.07416225921661235,20,206,0,102272,8.849557522123893,100.0,0.2010187552450282,20,2253,0,100225,0.8798944126704795,100.0,2.1985206580924688
102848,19,99.49874686716792,99.99989765172108,0.0019446172993154947,7.84375,147,264,/home/jasongao/Data/STU/val/147/velodyne/000264.bin,19,306,0,102542,5.846153846153846,100.0,0.2975264467952707,-0.625,12.3125,15,0,4,102848,100.0,78.94736842105263,0.0,19,86,0,102762,18.095238095238095,100.0,0.08361854387056628,19,130,0,102718,12.751677852348994,100.0,0.12640012445550716,19,1935,0,100913,0.9723643807574207,100.0,1.8814172370877411
103053,22,82.66331390810102,99.99704476866714,0.005822246805042066,6.40625,147,265,/home/jasongao/Data/STU/val/147/velodyne/000265.bin,22,560,0,102493,3.7800687285223367,100.0,0.5434097018039261,0.1826171875,9.0,9,3,13,103050,75.0,40.90909090909091,0.002911123402521033,22,32,0,103021,40.74074074074074,100.0,0.03105198296022435,22,254,0,102799,7.971014492753623,100.0,0.24647511474678077,22,1996,0,101057,1.0901883052527255,100.0,1.9368674371439938
103131,24,98.27777777777777,99.99951517972289,0.0019392811084930817,6.9375,147,266,/home/jasongao/Data/STU/val/147/velodyne/000266.bin,24,256,0,102875,8.571428571428571,100.0,0.24822798188711445,-1.1484375,10.875,14,0,10,103131,100.0,58.333333333333336,0.0,24,49,0,103082,32.87671232876713,100.0,0.047512387158080496,24,158,0,102973,13.186813186813186,100.0,0.15320320757095346,24,1810,0,101321,1.3086150490730644,100.0,1.755049403186239
102461,26,97.76668310322157,99.99939939624308,0.004879905525029035,7.65625,147,267,/home/jasongao/Data/STU/val/147/velodyne/000267.bin,26,357,0,102104,6.788511749347259,100.0,0.3484252544870731,-0.65625,12.9375,21,0,5,102461,100.0,80.76923076923077,0.0,26,23,0,102438,53.06122448979592,100.0,0.022447565415133562,26,159,0,102302,14.054054054054054,100.0,0.15518099569592333,26,1525,0,100936,1.6763378465506125,100.0,1.488371185133856
102403,28,96.17812402738872,99.99787255116689,0.023436813374608165,4.625,147,268,/home/jasongao/Data/STU/val/147/velodyne/000268.bin,28,333,0,102070,7.756232686980609,100.0,0.3251857855726883,1.09375,13.4375,22,0,6,102403,100.0,78.57142857142857,0.0,28,40,0,102363,41.1764705882353,100.0,0.03906135562434694,28,170,0,102233,14.141414141414142,100.0,0.1660107614034745,28,1595,0,100808,1.725200246457178,100.0,1.5575715555208343
102422,29,99.5152847768781,99.999865330657,0.000976352736716721,11.0625,147,269,/home/jasongao/Data/STU/val/147/velodyne/000269.bin,29,195,0,102227,12.946428571428571,100.0,0.19038878365976059,3.0625,13.9375,29,1,0,102421,96.66666666666667,100.0,0.000976352736716721,29,103,0,102319,21.96969696969697,100.0,0.10056433188182226,29,140,0,102282,17.159763313609467,100.0,0.13668938314034093,29,1733,0,100689,1.6458569807037458,100.0,1.6920192927300775
102285,33,100.0,100.0,0.0,14.375,147,270,/home/jasongao/Data/STU/val/147/velodyne/000270.bin,33,320,0,101965,9.34844192634561,100.0,0.3128513467272816,1.5859375,16.625,33,3,0,102282,91.66666666666667,100.0,0.002932981375568265,33,49,0,102236,40.24390243902439,100.0,0.047905362467614995,33,173,0,102112,16.019417475728154,100.0,0.16913525932443663,33,1356,0,100929,2.375809935205184,100.0,1.3257075817568558
102257,32,94.51041666666666,99.99474363613248,0.0674770431364112,9.8125,147,271,/home/jasongao/Data/STU/val/147/velodyne/000271.bin,32,303,0,101954,9.552238805970148,100.0,0.29631223290337094,6.03125,17.625,30,67,2,102190,30.927835051546392,93.75,0.06552118681361667,32,123,0,102134,20.64516129032258,100.0,0.12028516385186344,32,202,0,102055,13.675213675213675,100.0,0.19754148860224727,32,1445,0,100812,2.1665538253215977,100.0,1.413106193219046
102059,40,86.24226472932976,99.98203245181709,0.11463957122840711,5.59375,147,272,/home/jasongao/Data/STU/val/147/velodyne/000272.bin,40,364,0,101695,9.900990099009901,100.0,0.35665644382171097,7.375,17.25,34,61,6,101998,35.78947368421053,85.0,0.05976934910199003,40,134,0,101925,22.988505747126435,100.0,0.13129660294535514,40,247,0,101812,13.937282229965156,100.0,0.24201687259330387,40,2261,0,99798,1.7383746197305519,100.0,2.2153852183540894
101658,41,97.4864584025579,99.9989803209134,0.004918452064766176,8.375,147,273,/home/jasongao/Data/STU/val/147/velodyne/000273.bin,41,253,0,101405,13.945578231292517,100.0,0.24887367447716854,-0.23046875,16.875,31,2,10,101656,93.93939393939394,75.60975609756098,0.0019673808259064707,41,27,0,101631,60.294117647058826,100.0,0.026559641149737356,41,157,0,101501,20.707070707070706,100.0,0.15443939483365796,41,1862,0,99796,2.1544929059379925,100.0,1.8316315489189243
101670,44,95.66961874835212,99.99786519667015,0.011802891708468575,7.15625,147,274,/home/jasongao/Data/STU/val/147/velodyne/000274.bin,44,391,0,101279,10.114942528735632,100.0,0.38457755483426775,-0.07373046875,17.75,33,3,11,101667,91.66666666666667,75.0,0.0029507229271171437,44,20,0,101650,68.75,100.0,0.019671486180780958,44,200,0,101470,18.0327868852459,100.0,0.1967148618078096,44,1498,0,100172,2.853437094682231,100.0,1.4733943149404938
101666,49,99.74187868367281,99.99987955759094,0.0009836130072984086,8.5625,147,275,/home/jasongao/Data/STU/val/147/velodyne/000275.bin,49,528,0,101138,8.492201039861351,100.0,0.5193476678535597,-0.0634765625,18.0,38,0,11,101666,100.0,77.55102040816327,0.0,49,14,0,101652,77.77777777777777,100.0,0.01377058210217772,49,231,0,101435,17.5,100.0,0.22721460468593235,49,2453,0,99213,1.9584332533972821,100.0,2.4128027069029963
100765,53,97.46215592250631,99.99838967745801,0.014886121173026347,8.375,147,276,/home/jasongao/Data/STU/val/147/velodyne/000276.bin,53,630,0,100135,7.759882869692533,100.0,0.6252170892671066,5.6875,16.125,45,3,8,100762,93.75,84.90566037735849,0.0029772242346052698,53,178,0,100587,22.943722943722943,100.0,0.17664863791991267,53,292,0,100473,15.36231884057971,100.0,0.2897831588349129,53,2115,0,98650,2.444649446494465,100.0,2.0989430853967153
99868,59,99.71917580591558,99.99981331289504,0.0,11.3125,147,277,/home/jasongao/Data/STU/val/147/velodyne/000277.bin,59,600,0,99268,8.952959028831563,100.0,0.6007930468218048,0.65625,16.5,58,2,1,99866,96.66666666666667,98.30508474576271,0.002002643489406016,59,16,0,99852,78.66666666666667,100.0,0.016021147915248127,59,403,0,99465,12.770562770562771,100.0,0.4035326631153122,59,2167,0,97701,2.650494159928122,100.0,2.169864220771418
98830,67,99.617117700573,99.99975836692285,0.0010118385105737124,9.1875,147,278,/home/jasongao/Data/STU/val/147/velodyne/000278.bin,67,682,0,98148,8.945260347129507,100.0,0.6900738642112719,-2.3125,16.375,58,1,9,98829,98.30508474576271,86.56716417910448,0.0010118385105737124,67,19,0,98811,77.90697674418605,100.0,0.019224931700900536,67,162,0,98668,29.25764192139738,100.0,0.1639178387129414,67,2202,0,96628,2.9528426619656236,100.0,2.228068400283315
97699,74,25.609003663042685,99.89787303142609,0.10337874492062356,8.5625,147,279,/home/jasongao/Data/STU/val/147/velodyne/000279.bin,74,557,0,97142,11.727416798732172,100.0,0.5701184249582902,18.0,13.8125,65,100,9,97599,39.39393939393939,87.83783783783784,0.10235519299071638,74,102,0,97597,42.04545454545455,100.0,0.10440229685053071,74,309,0,97390,19.321148825065276,100.0,0.3162775463413136,74,1907,0,95792,3.735487127713276,100.0,1.9519135303329613
96782,81,88.34840223647869,99.99226338128891,0.009299249860511253,9.625,147,280,/home/jasongao/Data/STU/val/147/velodyne/000280.bin,81,409,0,96373,16.53061224489796,100.0,0.42259924366101137,-1.5703125,15.5625,74,9,7,96773,89.1566265060241,91.35802469135803,0.009299249860511252,79,21,2,96761,79.0,97.53086419753086,0.021698249674526254,81,220,0,96562,26.910299003322258,100.0,0.22731499659027504,81,1815,0,94967,4.272151898734177,100.0,1.875348721869769
96260,91,90.32668420240117,99.9823851610679,0.10076875129856638,8.0625,147,281,/home/jasongao/Data/STU/val/147/velodyne/000281.bin,91,498,0,95762,15.449915110356537,100.0,0.5173488468730522,8.0625,12.625,82,31,9,96229,72.56637168141593,90.10989010989012,0.03220444629129441,89,273,2,95987,24.585635359116022,97.8021978021978,0.28360689798462496,91,363,0,95897,20.044052863436125,100.0,0.37710367753999585,91,1555,0,94705,5.528554070473876,100.0,1.6154165800955744
95883,102,99.71603704328591,99.99966769140413,0.0,8.6875,147,282,/home/jasongao/Data/STU/val/147/velodyne/000282.bin,102,501,0,95382,16.915422885572138,100.0,0.5225118112699852,1.84375,11.8125,83,0,19,95883,100.0,81.37254901960785,0.0,102,41,0,95842,71.32867132867133,100.0,0.04276044762888103,102,369,0,95514,21.656050955414013,100.0,0.3848440286599293,102,2224,0,93659,4.3852106620808255,100.0,2.3194935494300344
95604,109,94.74531294829141,99.9856585402553,0.05543701100372369,9.125,147,283,/home/jasongao/Data/STU/val/147/velodyne/000283.bin,109,587,0,95017,15.660919540229886,100.0,0.6139910463997322,8.25,14.625,101,36,8,95568,73.72262773722628,92.66055045871559,0.03765532822894439,107,238,2,95366,31.014492753623188,98.1651376146789,0.24894355884691016,107,432,2,95172,19.851576994434136,98.1651376146789,0.45186393874733277,109,2174,0,93430,4.774419623302672,100.0,2.2739634324923643
95200,124,96.25330725640883,99.986713031987,0.022058823529411766,7.65625,147,284,/home/jasongao/Data/STU/val/147/velodyne/000284.bin,124,553,0,94647,18.31610044313146,100.0,0.5808823529411765,5.90625,11.8125,105,1,19,95199,99.05660377358491,84.6774193548387,0.0010504201680672268,121,245,3,94955,33.060109289617486,97.58064516129032,0.25735294117647056,124,427,0,94773,22.504537205081668,100.0,0.4485294117647059,124,2157,0,93043,5.436212187637001,100.0,2.2657563025210083
94904,139,97.05026476659854,99.98064306710242,0.036879372839922445,6.1875,147,285,/home/jasongao/Data/STU/val/147/velodyne/000285.bin,138,604,1,94300,18.598382749326145,99.28057553956835,0.636432605580376,4.625,13.8125,114,0,25,94904,100.0,82.01438848920863,0.0,135,245,4,94659,35.526315789473685,97.12230215827338,0.2581556098794571,135,493,4,94411,21.496815286624205,97.12230215827338,0.519472308859479,139,1683,0,93221,7.628979143798024,100.0,1.7733709854168422
94707,79,93.96768775730055,99.96940597469639,0.46459079054346564,-1.2265625,147,286,/home/jasongao/Data/STU/val/147/velodyne/000286.bin,79,592,0,94115,11.773472429210134,100.0,0.6250857909130265,6.78125,15.1875,73,0,6,94707,100.0,92.40506329113924,0.0,74,341,5,94366,17.83132530120482,93.67088607594937,0.3600578626711859,79,478,0,94229,14.183123877917415,100.0,0.5047145406358559,79,1874,0,92833,4.0450588837685615,100.0,1.978734412451033
94555,16,1.8286109382463334,99.54097482946433,0.5499444767595579,-5.0,147,287,/home/jasongao/Data/STU/val/147/velodyne/000287.bin,16,629,0,93926,2.4806201550387597,100.0,0.6652212997726191,10.1875,-1.6796875,0,107,16,94448,0.0,0.0,0.11316165194860134,0,346,16,94209,0.0,0.0,0.365924594151552,14,478,2,94077,2.845528455284553,87.5,0.5055258844059013,16,1912,0,92643,0.8298755186721992,100.0,2.022103537623605
98966,12,71.77529352837749,99.97890689731827,0.0828567386779298,-5.96875,147,322,/home/jasongao/Data/STU/val/147/velodyne/000322.bin,12,145,0,98821,7.643312101910828,100.0,0.14651496473536366,-6.8125,6.125,0,0,12,98966,,0.0,0.0,8,1,4,98965,88.88888888888889,66.66666666666667,0.0010104480326576803,9,47,3,98919,16.071428571428573,75.0,0.04749105753491098,12,1090,0,97876,1.0889292196007259,100.0,1.1013883555968718
99070,39,100.0,100.0,0.0,8.3125,147,323,/home/jasongao/Data/STU/val/147/velodyne/000323.bin,39,283,0,98787,12.111801242236025,100.0,0.285656606439891,-2.71875,12.9375,32,0,7,99070,100.0,82.05128205128206,0.0,39,5,0,99065,88.63636363636364,100.0,0.00504693650953871,39,124,0,98946,23.926380368098158,100.0,0.12516402543656,39,1322,0,97748,2.8655400440852317,100.0,1.3344100131220349
99511,66,99.48183335229643,99.99953560791056,0.0,8.375,147,324,/home/jasongao/Data/STU/val/147/velodyne/000324.bin,66,434,0,99077,13.2,100.0,0.436132688848469,-1.625,13.75,56,0,10,99511,100.0,84.84848484848484,0.0,66,36,0,99475,64.70588235294117,100.0,0.036176905065771627,66,167,0,99344,28.326180257510728,100.0,0.16782064294399615,66,1582,0,97929,4.004854368932039,100.0,1.5897739948347418
100041,68,99.93511175130816,99.99995590043376,0.0,8.6875,147,325,/home/jasongao/Data/STU/val/147/velodyne/000325.bin,68,319,0,99722,17.57105943152455,100.0,0.3188692636019232,-3.734375,13.0,61,0,7,100041,100.0,89.70588235294117,0.0,68,18,0,100023,79.06976744186046,100.0,0.01799262302455993,68,94,0,99947,41.97530864197531,100.0,0.09396147579492409,68,1531,0,98510,4.252657911194497,100.0,1.530372547255625
100854,67,98.90574750909768,99.9991490580887,0.001983064628076229,7.0625,147,326,/home/jasongao/Data/STU/val/147/velodyne/000326.bin,67,407,0,100447,14.135021097046414,100.0,0.4035536518135126,-0.56640625,12.0625,52,0,15,100854,100.0,77.61194029850746,0.0,65,18,2,100836,78.3132530120482,97.01492537313433,0.017847581652686063,67,199,0,100655,25.18796992481203,100.0,0.19731493049358478,67,1408,0,99446,4.5423728813559325,100.0,1.3960774981656652
101291,59,99.26863882658472,99.99949800616415,0.003949018175356152,6.28125,147,327,/home/jasongao/Data/STU/val/147/velodyne/000327.bin,59,357,0,100934,14.182692307692308,100.0,0.3524498721505366,-1.09375,12.625,48,0,11,101291,100.0,81.35593220338983,0.0,59,26,0,101265,69.41176470588235,100.0,0.02566861813981499,59,184,0,101107,24.279835390946502,100.0,0.181654836066383,59,1185,0,100106,4.742765273311897,100.0,1.16989663444926
101587,58,96.41414325313026,99.99838765685129,0.002953133767115871,5.96875,147,328,/home/jasongao/Data/STU/val/147/velodyne/000328.bin,58,227,0,101360,20.350877192982455,100.0,0.22345378837843424,-4.28125,11.5625,44,3,14,101584,93.61702127659575,75.86206896551724,0.002953133767115871,58,12,0,101575,82.85714285714286,100.0,0.011812535068463484,58,86,0,101501,40.27777777777778,100.0,0.0846565013239883,58,919,0,100668,5.93654042988741,100.0,0.9046433106598285
102129,46,99.65463675448179,99.9998616413087,0.0009791538152728412,10.3125,147,329,/home/jasongao/Data/STU/val/147/velodyne/000329.bin,46,182,0,101947,20.17543859649123,100.0,0.1782059943796571,-5.3125,11.9375,45,1,1,102128,97.82608695652173,97.82608695652173,0.0009791538152728412,46,60,0,102069,43.39622641509434,100.0,0.05874922891637047,46,85,0,102044,35.11450381679389,100.0,0.0832280742981915,46,964,0,101165,4.554455445544554,100.0,0.9439042779230189
102823,46,99.8196443038463,99.99991543086495,0.0,8.6875,147,330,/home/jasongao/Data/STU/val/147/velodyne/000330.bin,46,215,0,102608,17.624521072796934,100.0,0.20909718642716124,-5.875,12.75,42,0,4,102823,100.0,91.30434782608695,0.0,46,12,0,102811,79.3103448275862,100.0,0.011670540637795046,46,41,0,102782,52.87356321839081,100.0,0.039874347179133074,46,1286,0,101537,3.4534534534534536,100.0,1.250692938350369
104569,43,99.22574240854392,99.99971088412303,0.001912612724612457,7.71875,147,331,/home/jasongao/Data/STU/val/147/velodyne/000331.bin,43,447,0,104122,8.775510204081632,100.0,0.4274689439508841,-0.74609375,12.8125,32,0,11,104569,100.0,74.4186046511628,0.0,43,34,0,104535,55.84415584415584,100.0,0.03251441631841177,43,214,0,104355,16.731517509727627,100.0,0.2046495615335329,43,1496,0,103073,2.7940220922677064,100.0,1.4306343180101178
106127,39,98.95669508771412,99.9995651074076,0.006595870984763537,5.1875,147,332,/home/jasongao/Data/STU/val/147/velodyne/000332.bin,39,450,0,105677,7.975460122699387,100.0,0.4240202775919417,0.78125,12.75,31,0,8,106127,100.0,79.48717948717949,0.0,39,32,0,106095,54.929577464788736,100.0,0.030152553073204746,39,275,0,105852,12.420382165605096,100.0,0.2591235029728533,39,1346,0,104781,2.815884476534296,100.0,1.2682917636416746
106628,32,100.0,100.0,0.0,8.375,147,333,/home/jasongao/Data/STU/val/147/velodyne/000333.bin,32,251,0,106377,11.307420494699647,100.0,0.23539783171399634,-3.859375,11.375,24,0,8,106628,100.0,75.0,0.0,32,10,0,106618,76.19047619047619,100.0,0.00937839966988033,32,103,0,106525,23.703703703703702,100.0,0.09659751659976741,32,1322,0,105306,2.363367799113737,100.0,1.2398244363581798
107326,36,99.54780361757106,99.99981882820151,0.0,5.75,147,334,/home/jasongao/Data/STU/val/147/velodyne/000334.bin,36,324,0,107002,10.0,100.0,0.3018839796507836,-3.09375,11.4375,25,0,11,107326,100.0,69.44444444444444,0.0,36,20,0,107306,64.28571428571429,100.0,0.018634813558690344,36,122,0,107204,22.78481012658228,100.0,0.11367236270801111,36,1632,0,105694,2.158273381294964,100.0,1.5206007863891322
107762,33,98.32741232197753,99.9993391722387,0.009279708988326127,7.03125,147,335,/home/jasongao/Data/STU/val/147/velodyne/000335.bin,33,309,0,107453,9.649122807017545,100.0,0.2867430077392773,-3.328125,12.75,29,0,4,107762,100.0,87.87878787878788,0.0,33,46,0,107716,41.77215189873418,100.0,0.04268666134630018,33,117,0,107645,22.0,100.0,0.10857259516341568,33,1494,0,106268,2.161100196463654,100.0,1.3863885228559232
108669,28,96.52186071803504,99.99924410036769,0.0018404512786535257,5.71875,147,336,/home/jasongao/Data/STU/val/147/velodyne/000336.bin,28,193,0,108476,12.669683257918551,100.0,0.17760354839006526,-6.875,10.25,15,1,13,108668,93.75,53.57142857142857,0.000920225639326763,28,4,0,108665,87.5,100.0,0.003680902557307052,28,32,0,108637,46.666666666666664,100.0,0.029447220458456415,28,1487,0,107182,1.8481848184818481,100.0,1.3683755256788965
109667,26,98.38927738927738,99.99954407433411,0.00455925665879435,5.4375,147,337,/home/jasongao/Data/STU/val/147/velodyne/000337.bin,26,252,0,109415,9.352517985611511,100.0,0.22978653560323525,-6.0625,11.625,21,0,5,109667,100.0,80.76923076923077,0.0,26,7,0,109660,78.78787878787878,100.0,0.00638295932231209,26,30,0,109637,46.42857142857143,100.0,0.0273555399527661,26,1446,0,108221,1.766304347826087,100.0,1.318537025723326
110350,26,99.55577470962086,99.99989543759368,0.0009062075215224287,7.03125,147,338,/home/jasongao/Data/STU/val/147/velodyne/000338.bin,26,459,0,109891,5.360824742268041,100.0,0.41594925237879476,-3.359375,11.8125,18,0,8,110350,100.0,69.23076923076923,0.0,26,8,0,110342,76.47058823529412,100.0,0.007249660172179429,26,135,0,110215,16.149068322981368,100.0,0.12233801540552787,26,1813,0,108537,1.4138118542686242,100.0,1.642954236520163
110947,26,77.95889874959498,99.98431336930803,0.062191857373340424,4.21875,147,339,/home/jasongao/Data/STU/val/147/velodyne/000339.bin,26,613,0,110334,4.068857589984351,100.0,0.5525160662298214,0.32421875,12.4375,18,13,8,110934,58.064516129032256,69.23076923076923,0.011717306461643848,25,76,1,110871,24.752475247524753,96.15384615384616,0.0685011762373025,26,281,0,110666,8.469055374592834,100.0,0.2532740858247632,26,1928,0,109019,1.330603889457523,100.0,1.7377666813884107
111519,23,99.28985507246378,99.99984405075057,0.0017934163685111955,3.765625,147,340,/home/jasongao/Data/STU/val/147/velodyne/000340.bin,23,366,0,111153,5.912596401028278,100.0,0.32819519543754877,-3.4375,9.875,11,0,12,111519,100.0,47.82608695652174,0.0,23,2,0,111517,92.0,100.0,0.0017934163685111955,23,118,0,111401,16.31205673758865,100.0,0.10581156574216052,23,1374,0,110145,1.64638511095204,100.0,1.2320770451671912
112114,20,36.904626535664455,99.97326382075387,0.07670763686961486,0.033935546875,147,341,/home/jasongao/Data/STU/val/147/velodyne/000341.bin,20,205,0,111909,8.88888888888889,100.0,0.1828495995147796,-4.09375,8.625,6,14,14,112100,30.0,30.0,0.012487289722960558,19,71,1,112043,21.11111111111111,95.0,0.06332839788072854,20,110,0,112004,15.384615384615385,100.0,0.09811441925183295,20,903,0,111211,2.1668472372697725,100.0,0.805430187130956
112574,20,98.36996336996336,99.99964467816726,0.0053298274912502,1.9140625,147,342,/home/jasongao/Data/STU/val/147/velodyne/000342.bin,20,90,0,112484,18.181818181818183,100.0,0.079947412368753,-8.5625,9.3125,9,0,11,112574,100.0,45.0,0.0,19,6,1,112568,76.0,95.0,0.0053298274912502,20,22,0,112552,47.61904761904762,100.0,0.019542700801250732,20,1049,0,111525,1.8709073900841908,100.0,0.9318315063869099
112920,21,96.4351590438547,99.99843968760015,0.002656748140276302,2.109375,147,343,/home/jasongao/Data/STU/val/147/velodyne/000343.bin,21,275,0,112645,7.094594594594595,100.0,0.24353524619199432,-3.265625,9.5,10,0,11,112920,100.0,47.61904761904762,0.0,19,2,2,112918,90.47619047619048,90.47619047619048,0.001771165426850868,21,121,0,112799,14.788732394366198,100.0,0.10715550832447751,21,1439,0,111481,1.4383561643835616,100.0,1.2743535246191995
113157,19,95.53429027113238,99.9980464961816,0.033581660878248806,-0.15234375,147,344,/home/jasongao/Data/STU/val/147/velodyne/000344.bin,19,183,0,112974,9.405940594059405,100.0,0.16172220896630346,-5.0,9.5,8,0,11,113157,100.0,42.10526315789474,0.0,17,4,2,113153,80.95238095238095,89.47368421052632,0.003534911671394611,19,103,0,113054,15.573770491803279,100.0,0.09102397553841124,19,1204,0,111953,1.553556827473426,100.0,1.064008413089778
113237,17,97.5659229208925,99.9993766327676,0.010597242950625679,3.59375,147,345,/home/jasongao/Data/STU/val/147/velodyne/000345.bin,17,311,0,112926,5.182926829268292,100.0,0.27464521313704887,-3.78125,11.3125,13,0,4,113237,100.0,76.47058823529412,0.0,17,19,0,113218,47.22222222222222,100.0,0.016778968005157324,17,111,0,113126,13.28125,100.0,0.09802449729328754,17,1439,0,111798,1.1675824175824177,100.0,1.2707860504958626
112534,12,100.0,100.0,0.0,10.0,147,346,/home/jasongao/Data/STU/val/147/velodyne/000346.bin,12,398,0,112136,2.926829268292683,100.0,0.3536708905752928,-3.5,11.4375,10,0,2,112534,100.0,83.33333333333333,0.0,12,14,0,112520,46.15384615384615,100.0,0.012440684593100751,12,119,0,112415,9.16030534351145,100.0,0.1057458190413564,12,1946,0,110588,0.6128702757916241,100.0,1.7292551584410045
111811,13,99.45054945054946,99.99993120258569,0.0008943663861337435,6.375,147,347,/home/jasongao/Data/STU/val/147/velodyne/000347.bin,13,676,0,111135,1.8867924528301887,100.0,0.6045916770264106,-0.66796875,11.6875,10,0,3,111811,100.0,76.92307692307692,0.0,13,14,0,111797,48.148148148148145,100.0,0.01252112940587241,13,367,0,111444,3.4210526315789473,100.0,0.3282324637110839,13,2443,0,109368,0.5293159609120521,100.0,2.1849370813247355
111566,14,100.0,100.0,0.0,7.75,147,348,/home/jasongao/Data/STU/val/147/velodyne/000348.bin,14,478,0,111088,2.845528455284553,100.0,0.428445942312174,-2.671875,10.0625,9,0,5,111566,100.0,64.28571428571429,0.0,14,10,0,111556,58.333333333333336,100.0,0.008963304232472259,14,170,0,111396,7.608695652173913,100.0,0.1523761719520284,14,2165,0,109401,0.6424965580541533,100.0,1.940555366330244
111175,13,94.55374753451676,99.99930809015585,0.0026984483921744995,4.90625,147,349,/home/jasongao/Data/STU/val/147/velodyne/000349.bin,13,323,0,110852,3.869047619047619,100.0,0.29053294355745446,-5.25,11.4375,8,0,5,111175,100.0,61.53846153846154,0.0,13,7,0,111168,65.0,100.0,0.006296379581740499,13,54,0,111121,19.402985074626866,100.0,0.04857207105914099,13,1799,0,109376,0.717439293598234,100.0,1.6181695525073083
111364,11,100.0,100.0,0.0,7.53125,147,350,/home/jasongao/Data/STU/val/147/velodyne/000350.bin,11,742,0,110622,1.4608233731739708,100.0,0.6662835386659962,-1.734375,10.8125,6,0,5,111364,100.0,54.54545454545455,0.0,11,7,0,111357,61.111111111111114,100.0,0.006285693760999964,11,257,0,111107,4.104477611940299,100.0,0.23077475665385583,11,2139,0,109225,0.5116279069767442,100.0,1.9207284221112748
111588,11,76.7344398280012,99.98757605086242,0.0779653726207119,4.71875,147,351,/home/jasongao/Data/STU/val/147/velodyne/000351.bin,11,634,0,110954,1.7054263565891472,100.0,0.5681614510520845,3.421875,9.5625,5,1,6,111587,83.33333333333333,45.45454545454545,0.0008961537082840449,11,119,0,111469,8.461538461538462,100.0,0.10664229128580134,11,284,0,111304,3.7288135593220337,100.0,0.25450765315266877,11,1838,0,109750,0.5949161709031909,100.0,1.6471305158260745
111757,11,100.0,100.0,0.0,9.8125,147,352,/home/jasongao/Data/STU/val/147/velodyne/000352.bin,11,714,0,111043,1.5172413793103448,100.0,0.6388861547822507,1.046875,11.625,10,0,1,111757,100.0,90.9090909090909,0.0,11,53,0,111704,17.1875,100.0,0.047424322413808534,11,336,0,111421,3.170028818443804,100.0,0.3006523081328239,11,2008,0,109749,0.5448241703813769,100.0,1.7967554605080667
112141,11,87.87445887445888,99.99781119710494,0.012484283179211885,5.625,147,353,/home/jasongao/Data/STU/val/147/velodyne/000353.bin,11,630,0,111511,1.71606864274571,100.0,0.5617927430645349,0.59765625,8.25,2,0,9,112141,100.0,18.181818181818183,0.0,11,76,0,112065,12.64367816091954,100.0,0.06777182297286452,11,330,0,111811,3.225806451612903,100.0,0.2942723892242802,11,1781,0,110360,0.6138392857142857,100.0,1.5881791672983119
112576,9,95.75757575757575,99.99965455435537,0.0017765776009096076,8.4375,147,354,/home/jasongao/Data/STU/val/147/velodyne/000354.bin,9,559,0,112017,1.5845070422535212,100.0,0.49655343945423536,-1.59375,11.625,7,0,2,112576,100.0,77.77777777777777,0.0,9,6,0,112570,60.0,100.0,0.005329732802728823,9,269,0,112307,3.237410071942446,100.0,0.23894968732234223,9,1879,0,110697,0.4766949152542373,100.0,1.6690946560545765
112842,6,100.0,100.0,0.0,10.75,147,355,/home/jasongao/Data/STU/val/147/velodyne/000355.bin,6,495,0,112347,1.1976047904191616,100.0,0.4386664539799011,-3.453125,11.0,6,0,0,112842,100.0,100.0,0.0,6,4,0,112838,60.0,100.0,0.0035447794261002107,6,134,0,112708,4.285714285714286,100.0,0.11875011077435707,6,1607,0,111235,0.3719776813391196,100.0,1.4241151344357597
112870,8,96.5909090909091,99.99972313280765,0.002657925046513688,3.890625,147,356,/home/jasongao/Data/STU/val/147/velodyne/000356.bin,8,277,0,112593,2.807017543859649,100.0,0.2454150792947639,-5.40625,7.0625,0,0,8,112870,,0.0,0.0,8,5,0,112865,61.53846153846154,100.0,0.0044298750775228135,8,59,0,112811,11.940298507462687,100.0,0.052272525914769205,8,1543,0,111327,0.5157962604771116,100.0,1.3670594489235404
112995,9,100.0,100.0,0.0,5.46875,147,357,/home/jasongao/Data/STU/val/147/velodyne/000357.bin,9,270,0,112725,3.225806451612903,100.0,0.23894862604540024,-4.875,8.8125,4,0,5,112995,100.0,44.44444444444444,0.0,9,0,0,112995,100.0,100.0,0.0,9,67,0,112928,11.842105263157896,100.0,0.05929465905571043,9,1217,0,111778,0.734094616639478,100.0,1.0770388070268595
113133,5,91.11111111111111,99.9992928676867,0.0035356615664748573,5.28125,147,358,/home/jasongao/Data/STU/val/147/velodyne/000358.bin,5,293,0,112840,1.6778523489932886,100.0,0.2589872097442833,-5.21875,10.5625,4,0,1,113133,100.0,80.0,0.0,5,5,0,113128,50.0,100.0,0.004419576958093571,5,52,0,113081,8.771929824561404,100.0,0.04596360036417314,5,1460,0,111673,0.3412969283276451,100.0,1.2905164717633228
113038,6,94.84126984126983,99.9997051139145,0.000884658256515508,1.234375,147,359,/home/jasongao/Data/STU/val/147/velodyne/000359.bin,6,121,0,112917,4.724409448818897,100.0,0.10704364903837647,-7.71875,4.0625,0,0,6,113038,,0.0,0.0,4,0,2,113038,100.0,66.66666666666667,0.0,6,25,0,113013,19.35483870967742,100.0,0.022116456412887703,6,1485,0,111553,0.4024144869215292,100.0,1.3137175109255295
112933,7,55.19491525423729,99.98507332413277,0.04604500013282212,-4.34375,147,360,/home/jasongao/Data/STU/val/147/velodyne/000360.bin,7,179,0,112754,3.763440860215054,100.0,0.15850105814952228,-6.59375,-0.97265625,0,0,7,112933,,0.0,0.0,0,0,7,112933,,0.0,0.0,5,37,2,112896,11.904761904761905,71.42857142857143,0.03276278855604651,7,1588,0,111345,0.438871473354232,100.0,1.4061434655946445
111958,8,80.73232323232324,99.9982136158202,0.0035727683595634077,-0.1767578125,147,362,/home/jasongao/Data/STU/val/147/velodyne/000362.bin,8,397,0,111561,1.9753086419753085,100.0,0.3545972596866682,-4.0,0.81640625,2,0,6,111958,100.0,25.0,0.0,4,2,4,111956,66.66666666666667,50.0,0.0017863841797817039,8,93,0,111865,7.920792079207921,100.0,0.08306686435984922,8,2665,0,109293,0.2992891881780771,100.0,2.3803569195591203
111334,8,87.5545634920635,99.9993263513392,0.0008981982143819498,3.90625,147,363,/home/jasongao/Data/STU/val/147/velodyne/000363.bin,8,636,0,110698,1.2422360248447204,100.0,0.57125406434692,-1.5390625,4.375,0,0,8,111334,,0.0,0.0,8,2,0,111332,80.0,100.0,0.0017963964287638996,8,290,0,111044,2.684563758389262,100.0,0.26047748217076544,8,2828,0,108506,0.2820874471086037,100.0,2.540104550272154
110633,5,65.93939393939394,99.99656522014226,0.009038894362441586,4.34375,147,364,/home/jasongao/Data/STU/val/147/velodyne/000364.bin,5,742,0,109891,0.6693440428380187,100.0,0.6706859616931657,1.75,6.40625,0,0,5,110633,,0.0,0.0,5,47,0,110586,9.615384615384615,100.0,0.042482803503475455,5,340,0,110293,1.4492753623188406,100.0,0.30732240832301394,5,3129,0,107504,0.1595405232929164,100.0,2.8282700460079724
109742,7,100.0,100.0,0.0,4.6875,147,365,/home/jasongao/Data/STU/val/147/velodyne/000365.bin,7,782,0,108960,0.8871989860583016,100.0,0.7125804158845291,-2.640625,6.09375,0,0,7,109742,,0.0,0.0,7,2,0,109740,77.77777777777777,100.0,0.001822456306610049,7,175,0,109567,3.8461538461538463,100.0,0.1594649268283793,7,2934,0,106808,0.23801428085685142,100.0,2.673543401796942
108749,5,100.0,100.0,0.0,3.71875,147,366,/home/jasongao/Data/STU/val/147/velodyne/000366.bin,5,502,0,108247,0.9861932938856016,100.0,0.46161344012358735,-3.65625,5.34375,0,0,5,108749,,0.0,0.0,5,0,0,108749,100.0,100.0,0.0,5,113,0,108636,4.237288135593221,100.0,0.10390900146208241,5,2455,0,106294,0.2032520325203252,100.0,2.2574920229151534
107610,8,100.0,100.0,0.0,5.65625,147,367,/home/jasongao/Data/STU/val/147/velodyne/000367.bin,8,483,0,107127,1.629327902240326,100.0,0.44884304432673544,-3.40625,6.78125,0,0,8,107610,,0.0,0.0,8,4,0,107606,66.66666666666667,100.0,0.0037171266610909765,8,121,0,107489,6.2015503875969,100.0,0.11244308149800204,8,2094,0,105516,0.38058991436726924,100.0,1.9459158070811262
104459,8,100.0,100.0,0.0,7.78125,147,369,/home/jasongao/Data/STU/val/147/velodyne/000369.bin,8,697,0,103762,1.1347517730496455,100.0,0.667247436793383,2.375,8.6875,0,0,8,104459,,0.0,0.0,8,73,0,104386,9.876543209876543,100.0,0.06988387788510325,8,445,0,104014,1.7660044150110374,100.0,0.4260044610804239,8,2059,0,102400,0.3870343492985002,100.0,1.971108281718186
102672,5,96.66666666666667,99.99990260246221,0.0009739753779024466,5.625,147,370,/home/jasongao/Data/STU/val/147/velodyne/000370.bin,5,544,0,102128,0.9107468123861566,100.0,0.5298426055789309,-0.73046875,8.4375,0,0,5,102672,,0.0,0.0,5,7,0,102665,41.666666666666664,100.0,0.006817827645317126,5,328,0,102344,1.5015015015015014,100.0,0.3194639239520025,5,1907,0,100765,0.2615062761506276,100.0,1.8573710456599657
100670,5,100.0,100.0,0.0,5.21875,147,371,/home/jasongao/Data/STU/val/147/velodyne/000371.bin,5,425,0,100245,1.1627906976744187,100.0,0.4221714512764478,-2.453125,5.6875,0,0,5,100670,,0.0,0.0,5,2,0,100668,71.42857142857143,100.0,0.0019866891824774015,5,159,0,100511,3.048780487804878,100.0,0.1579417900069534,5,2341,0,98329,0.21312872975277067,100.0,2.325419688089798
93368,5,24.033130493576742,99.98564818781597,0.03105989204009939,-1.6328125,147,374,/home/jasongao/Data/STU/val/147/velodyne/000374.bin,5,310,0,93058,1.5873015873015872,100.0,0.33201953560106245,-3.28125,-0.486328125,0,0,5,93368,,0.0,0.0,0,1,5,93367,0.0,0.0,0.0010710307600034273,5,111,0,93257,4.310344827586207,100.0,0.11888441436038043,5,2338,0,91030,0.21340162185232608,100.0,2.504069916888013
81035,5,29.244444444444444,99.87992842598877,0.45659283025853026,-5.90625,147,380,/home/jasongao/Data/STU/val/147/velodyne/000380.bin,5,810,0,80225,0.6134969325153374,100.0,0.999568087863269,-3.328125,-2.796875,0,0,5,81035,,0.0,0.0,0,0,5,81035,,0.0,0.0,4,128,1,80907,3.0303030303030303,80.0,0.15795643857592398,5,4043,0,76992,0.12351778656126482,100.0,4.989202196581724
68316,6,17.904189267680316,99.97816519312217,0.03220329059078401,-2.734375,147,388,/home/jasongao/Data/STU/val/147/velodyne/000388.bin,6,282,0,68034,2.0833333333333335,100.0,0.41278763393641316,-5.03125,-2.296875,0,0,6,68316,,0.0,0.0,0,0,6,68316,,0.0,0.0,6,36,0,68280,14.285714285714286,100.0,0.05269629369401019,6,3569,0,64747,0.16783216783216784,100.0,5.224252005386732
60183,5,0.7412708549276603,99.38205140986656,0.8789857600983667,-8.75,147,396,/home/jasongao/Data/STU/val/147/velodyne/000396.bin,3,384,2,59799,0.7751937984496124,60.0,0.638053935496735,-3.796875,-7.875,0,0,5,60183,,0.0,0.0,0,0,5,60183,,0.0,0.0,0,59,5,60124,0.0,0.0,0.09803432863100876,5,3077,0,57106,0.16223231667748214,100.0,5.11273947792566
76854,5,15.898892773892776,99.97944153850158,0.03513154813022094,-3.265625,148,127,/home/jasongao/Data/STU/val/148/velodyne/000127.bin,5,207,0,76647,2.358490566037736,100.0,0.26934186899836055,-5.03125,-2.890625,0,0,5,76854,,0.0,0.0,0,0,5,76854,,0.0,0.0,5,37,0,76817,11.904761904761905,100.0,0.04814323262289536,5,2278,0,74576,0.21901007446342532,100.0,2.964061727431233
75439,5,11.515545085339134,99.97083736528852,0.042418377762165456,-4.03125,148,128,/home/jasongao/Data/STU/val/148/velodyne/000128.bin,5,139,0,75300,3.4722222222222223,100.0,0.1842548284044062,-6.40625,-2.734375,0,0,5,75439,,0.0,0.0,0,6,5,75433,0.0,0.0,0.007953445830406023,4,27,1,75412,12.903225806451612,80.0,0.035790506236827106,5,2235,0,73204,0.22321428571428573,100.0,2.962658571826244
70804,6,100.0,99.99999999999999,0.0,5.75,148,134,/home/jasongao/Data/STU/val/148/velodyne/000134.bin,6,222,0,70582,2.6315789473684212,100.0,0.3135416078187673,-5.59375,7.375,3,0,3,70804,100.0,50.0,0.0,6,0,0,70804,100.0,100.0,0.0,6,28,0,70776,17.647058823529413,100.0,0.03954578837353822,6,1691,0,69113,0.3535651149086623,100.0,2.3882831478447546
68536,5,100.0,100.0,0.0,-0.1630859375,148,135,/home/jasongao/Data/STU/val/148/velodyne/000135.bin,5,89,0,68447,5.319148936170213,100.0,0.1298587603595191,-7.40625,0.75,0,0,5,68536,,0.0,0.0,0,0,5,68536,,0.0,0.0,5,17,0,68519,22.727272727272727,100.0,0.024804482315863196,5,1752,0,66784,0.28457598178713717,100.0,2.55632076572896
66287,5,100.0,100.0,0.0,2.640625,148,136,/home/jasongao/Data/STU/val/148/velodyne/000136.bin,5,240,0,66047,2.0408163265306123,100.0,0.3620619427640412,-1.265625,3.09375,0,0,5,66287,,0.0,0.0,3,0,2,66287,100.0,60.0,0.0,5,93,0,66194,5.1020408163265305,100.0,0.14029900282106597,5,1625,0,64662,0.3067484662576687,100.0,2.451461070798196
63414,6,95.83333333333334,99.9994743537179,0.0031538776926230802,-0.1298828125,148,140,/home/jasongao/Data/STU/val/148/velodyne/000140.bin,6,405,0,63009,1.4598540145985401,100.0,0.6386602327561737,-3.953125,3.796875,0,0,6,63414,,0.0,0.0,4,0,2,63414,100.0,66.66666666666667,0.0,6,42,0,63372,12.5,100.0,0.06623143154508468,6,1838,0,61576,0.32537960954446854,100.0,2.8984135995206106
65215,7,30.241858445505866,99.93055935860505,0.34961281913670167,-7.46875,148,141,/home/jasongao/Data/STU/val/148/velodyne/000141.bin,7,293,0,64922,2.3333333333333335,100.0,0.449283140381814,-5.6875,-1.8046875,0,0,7,65215,,0.0,0.0,0,2,7,65213,0.0,0.0,0.0030667791152342253,5,12,2,65203,29.41176470588235,71.42857142857143,0.018400674691405352,7,2098,0,63117,0.332541567695962,100.0,3.2170512918807024
66675,5,94.28571428571428,99.99940007499063,0.0029996250468691415,0.66015625,148,142,/home/jasongao/Data/STU/val/148/velodyne/000142.bin,5,318,0,66357,1.5479876160990713,100.0,0.4769403824521935,-4.4375,2.6875,0,0,5,66675,,0.0,0.0,0,0,5,66675,,0.0,0.0,5,31,0,66644,13.88888888888889,100.0,0.046494188226471694,5,2377,0,64298,0.20990764063811923,100.0,3.5650543682039744
68279,5,87.1111111111111,99.99853542084682,0.005858316612721334,-0.49609375,148,143,/home/jasongao/Data/STU/val/148/velodyne/000143.bin,5,318,0,67961,1.5479876160990713,100.0,0.4657361707113461,-5.0625,3.1875,0,0,5,68279,,0.0,0.0,3,0,2,68279,100.0,60.0,0.0,5,20,0,68259,20.0,100.0,0.02929158306360667,5,3116,0,65163,0.16020506247997437,100.0,4.563628641309919
70398,7,100.0,100.00000000000003,0.0,4.34375,148,144,/home/jasongao/Data/STU/val/148/velodyne/000144.bin,7,700,0,69698,0.9900990099009901,100.0,0.9943464302963152,-1.1171875,7.15625,0,0,7,70398,,0.0,0.0,7,0,0,70398,100.0,100.0,0.0,7,312,0,70086,2.19435736677116,100.0,0.44319440893207196,7,3132,0,67266,0.22300095571838166,100.0,4.448990028125799
72309,6,91.5079365079365,99.99930852314374,0.0013829537125392413,1.265625,148,145,/home/jasongao/Data/STU/val/148/velodyne/000145.bin,6,446,0,71863,1.3274336283185841,100.0,0.6167973557925016,-2.671875,1.703125,0,0,6,72309,,0.0,0.0,0,0,6,72309,,0.0,0.0,6,94,0,72215,6.0,100.0,0.12999764897868868,6,3426,0,68883,0.17482517482517482,100.0,4.737999419159441
73894,6,100.0,100.0,0.0,9.125,148,146,/home/jasongao/Data/STU/val/148/velodyne/000146.bin,6,763,0,73131,0.7802340702210663,100.0,1.0325601537337268,-0.3203125,13.375,4,0,2,73894,100.0,66.66666666666667,0.0,6,8,0,73886,42.857142857142854,100.0,0.010826318780956506,6,284,0,73610,2.0689655172413794,100.0,0.38433431672395596,6,3036,0,70858,0.19723865877712032,100.0,4.108587977372994
74482,8,100.0,100.0,0.0,4.84375,148,148,/home/jasongao/Data/STU/val/148/velodyne/000148.bin,8,633,0,73849,1.24804992199688,100.0,0.8498697671920733,-2.765625,7.34375,3,0,5,74482,100.0,37.5,0.0,8,2,0,74480,80.0,100.0,0.0026852125345721116,8,110,0,74372,6.779661016949152,100.0,0.14768668940146612,8,3532,0,70950,0.22598870056497175,100.0,4.742085336054349
75814,7,100.0,100.0,0.0,6.84375,148,149,/home/jasongao/Data/STU/val/148/velodyne/000149.bin,7,410,0,75404,1.6786570743405276,100.0,0.5407972142348378,-5.59375,9.4375,3,0,4,75814,100.0,42.857142857142854,0.0,7,0,0,75814,100.0,100.0,0.0,7,14,0,75800,33.333333333333336,100.0,0.018466246339726173,7,2834,0,72980,0.24639211545230552,100.0,3.7380958661988553
76552,6,0.5692055648981902,99.23080607517329,1.1417075974500992,-3.0625,148,150,/home/jasongao/Data/STU/val/148/velodyne/000150.bin,6,2318,0,74234,0.25817555938037867,100.0,3.028007106280698,5.125,0.890625,0,0,6,76552,,0.0,0.0,0,279,6,76273,0.0,0.0,0.3644581460967708,6,967,0,75585,0.6166495375128469,100.0,1.263193646149023,6,5530,0,71022,0.10838150289017341,100.0,7.223847841989759
78341,7,98.21428571428572,99.99981764702666,0.0012764708134948494,6.375,148,151,/home/jasongao/Data/STU/val/148/velodyne/000151.bin,7,2222,0,76119,0.31404217137729923,100.0,2.8363181475855557,-0.01409912109375,9.0,3,0,4,78341,100.0,42.857142857142854,0.0,7,3,0,78338,70.0,100.0,0.0038294124404845485,7,822,0,77519,0.8443908323281062,100.0,1.0492590086927662,7,4492,0,73849,0.15559013114025338,100.0,5.733906894218864
81307,9,7.824477470574697,99.92859710042733,0.14512895568647227,1.6015625,148,152,/home/jasongao/Data/STU/val/148/velodyne/000152.bin,9,1994,0,79313,0.4493260109835247,100.0,2.4524333698205565,1.8515625,2.125,0,0,9,81307,,0.0,0.0,1,16,8,81291,5.882352941176471,11.11111111111111,0.01967850246596234,9,735,0,80572,1.2096774193548387,100.0,0.903981207030145,9,4554,0,76753,0.19723865877712032,100.0,5.600993764374531
83300,9,27.85528915624375,99.97078831532613,0.10444177671068426,3.9375,148,153,/home/jasongao/Data/STU/val/148/velodyne/000153.bin,9,2708,0,80592,0.3312476996687523,100.0,3.250900360144058,4.0,6.65625,0,0,9,83300,,0.0,0.0,9,234,0,83066,3.7037037037037037,100.0,0.2809123649459784,9,1669,0,81631,0.5363528009535161,100.0,2.0036014405762304,9,5512,0,77788,0.1630139467487774,100.0,6.617046818727491
85305,9,70.06655873358517,99.95428169509407,0.245003223726628,6.375,148,154,/home/jasongao/Data/STU/val/148/velodyne/000154.bin,9,1385,0,83920,0.6456241032998565,100.0,1.6235859562745443,7.90625,10.5625,6,0,3,85305,100.0,66.66666666666667,0.0,9,367,0,84938,2.393617021276596,100.0,0.4302209718070453,9,630,0,84675,1.408450704225352,100.0,0.7385264638649551,9,4600,0,80705,0.19527012367107832,100.0,5.39241545044253
87201,11,1.612470686763576,99.59211268427907,0.5137555761975208,1.5703125,148,155,/home/jasongao/Data/STU/val/148/velodyne/000155.bin,11,1121,0,86080,0.9717314487632509,100.0,1.2855357163335284,15.75,5.8125,0,338,11,86863,0.0,0.0,0.38761023382759374,10,397,1,86804,2.457002457002457,90.9090909090909,0.45527000837146364,11,592,0,86609,1.824212271973466,100.0,0.6788912971181523,11,3475,0,83726,0.31554790590935167,100.0,3.985046043049965
88787,9,100.0,100.0,0.0,8.125,148,156,/home/jasongao/Data/STU/val/148/velodyne/000156.bin,9,251,0,88536,3.4615384615384617,100.0,0.2826990437789316,-5.46875,10.75,6,0,3,88787,100.0,66.66666666666667,0.0,9,4,0,88783,69.23076923076923,100.0,0.004505164044285762,9,35,0,88752,20.454545454545453,100.0,0.039420185387500424,9,2354,0,86433,0.38087177316969956,100.0,2.651289040062171
90492,10,93.44497607655502,99.99878442293242,0.009945630552977059,0.984375,148,157,/home/jasongao/Data/STU/val/148/velodyne/000157.bin,10,489,0,90003,2.004008016032064,100.0,0.5403792600450869,-4.96875,6.25,0,0,10,90492,,0.0,0.0,8,1,2,90491,88.88888888888889,80.0,0.0011050700614418955,10,51,0,90441,16.39344262295082,100.0,0.05635857313353666,10,3765,0,86727,0.26490066225165565,100.0,4.1605887813287366
92378,10,100.0,100.0,0.0,8.4375,148,158,/home/jasongao/Data/STU/val/148/velodyne/000158.bin,10,177,0,92201,5.347593582887701,100.0,0.1916040615731018,-7.0,10.875,7,0,3,92378,100.0,70.0,0.0,10,1,0,92377,90.9090909090909,100.0,0.001082508822446903,10,15,0,92363,40.0,100.0,0.016237632336703545,10,2452,0,89926,0.4061738424045491,100.0,2.654311632639806
93651,10,98.0909090909091,99.99978644114852,0.0010677942574024836,4.15625,148,159,/home/jasongao/Data/STU/val/148/velodyne/000159.bin,10,137,0,93514,6.802721088435374,100.0,0.14628781326414025,-6.96875,8.6875,3,0,7,93651,100.0,30.0,0.0,10,2,0,93649,83.33333333333333,100.0,0.002135588514804967,10,31,0,93620,24.390243902439025,100.0,0.033101621979477,10,2015,0,91636,0.49382716049382713,100.0,2.1516054286660045
95455,11,100.0,100.0,0.0,7.375,148,160,/home/jasongao/Data/STU/val/148/velodyne/000160.bin,11,150,0,95305,6.832298136645963,100.0,0.15714210884710073,-7.25,9.125,3,0,8,95455,100.0,27.272727272727273,0.0,11,0,0,95455,100.0,100.0,0.0,11,17,0,95438,39.285714285714285,100.0,0.017809439002671415,11,1949,0,93506,0.5612244897959183,100.0,2.0417998009533287
96311,11,98.05194805194806,99.99971682645521,0.003114908992742262,3.515625,148,161,/home/jasongao/Data/STU/val/148/velodyne/000161.bin,11,97,0,96214,10.185185185185185,100.0,0.10071539076533315,-7.96875,9.6875,5,0,6,96311,100.0,45.45454545454545,0.0,11,3,0,96308,78.57142857142857,100.0,0.003114908992742262,11,15,0,96296,42.30769230769231,100.0,0.01557454496371131,11,2010,0,94301,0.5442850074220683,100.0,2.0869890251373158
97290,11,88.14878303514668,99.99850493837545,0.005139274334463974,8.5,148,162,/home/jasongao/Data/STU/val/148/velodyne/000162.bin,11,125,0,97165,8.088235294117647,100.0,0.12848185836159934,-7.34375,13.25,8,3,3,97287,72.72727272727273,72.72727272727273,0.003083564600678384,11,6,0,97284,64.70588235294117,100.0,0.006167129201356768,11,33,0,97257,25.0,100.0,0.033919210607462225,11,1949,0,95341,0.5612244897959183,100.0,2.003289135574057
98525,11,100.0,100.0,0.0,9.375,148,163,/home/jasongao/Data/STU/val/148/velodyne/000163.bin,11,116,0,98409,8.661417322834646,100.0,0.11773661507231667,-7.75,11.75,9,0,2,98525,100.0,81.81818181818181,0.0,11,5,0,98520,68.75,100.0,0.005074854097944684,11,24,0,98501,31.428571428571427,100.0,0.024359299670134484,11,1858,0,96667,0.588550026752274,100.0,1.8858157827962445
100213,13,100.0,100.0,0.0,6.28125,148,164,/home/jasongao/Data/STU/val/148/velodyne/000164.bin,13,379,0,99834,3.316326530612245,100.0,0.3781944458303813,-5.40625,9.9375,6,0,7,100213,100.0,46.15384615384615,0.0,13,4,0,100209,76.47058823529412,100.0,0.003991498109027771,13,36,0,100177,26.53061224489796,100.0,0.035923482981249935,13,2567,0,97646,0.5038759689922481,100.0,2.561543911468572
101322,11,96.31641086186539,99.99955138523269,0.002960857464321668,6.125,148,165,/home/jasongao/Data/STU/val/148/velodyne/000165.bin,11,591,0,100731,1.8272425249169435,100.0,0.5832889204713685,-1.421875,11.125,6,0,5,101322,100.0,54.54545454545455,0.0,11,15,0,101307,42.30769230769231,100.0,0.014804287321608338,11,292,0,101030,3.6303630363036303,100.0,0.28819012652730897,11,2133,0,99189,0.5130597014925373,100.0,2.1051696571327057
101848,14,100.0,100.0,0.0,6.03125,148,166,/home/jasongao/Data/STU/val/148/velodyne/000166.bin,14,944,0,100904,1.4613778705636744,100.0,0.9268714162281046,-2.140625,13.6875,13,0,1,101848,100.0,92.85714285714286,0.0,14,3,0,101845,82.3529411764706,100.0,0.0029455659414028747,14,337,0,101511,3.988603988603989,100.0,0.33088524075092296,14,2731,0,99117,0.5100182149362478,100.0,2.681446861990417
101018,12,100.0,99.99999999999999,0.0,8.9375,148,167,/home/jasongao/Data/STU/val/148/velodyne/000167.bin,12,374,0,100644,3.1088082901554404,100.0,0.3702310479320517,-5.65625,10.6875,9,0,3,101018,100.0,75.0,0.0,12,10,0,101008,54.54545454545455,100.0,0.009899225880536142,12,41,0,100977,22.641509433962263,100.0,0.04058682611019818,12,2337,0,98681,0.5108556832694764,100.0,2.3134490882812964
99764,15,100.0,100.0,0.0,8.3125,148,168,/home/jasongao/Data/STU/val/148/velodyne/000168.bin,15,444,0,99320,3.2679738562091503,100.0,0.4450503187522553,-4.03125,11.5,14,0,1,99764,100.0,93.33333333333333,0.0,15,7,0,99757,68.18181818181819,100.0,0.0070165590794274485,15,84,0,99680,15.151515151515152,100.0,0.08419870895312939,15,2257,0,97507,0.6602112676056338,100.0,2.2623391203239644
99137,18,99.70760233918128,99.99994396082637,0.0010087051252307413,6.34375,148,169,/home/jasongao/Data/STU/val/148/velodyne/000169.bin,18,174,0,98963,9.375,100.0,0.17551469179014897,-5.6875,8.5,6,0,12,99137,100.0,33.333333333333336,0.0,18,8,0,99129,69.23076923076923,100.0,0.00806964100184593,18,57,0,99080,24.0,100.0,0.057496192138152255,18,1770,0,97367,1.0067114093959733,100.0,1.7854080716584122
100222,16,100.0,100.0,0.0,8.0,148,170,/home/jasongao/Data/STU/val/148/velodyne/000170.bin,16,507,0,99715,3.0592734225621414,100.0,0.505876953163976,-2.8125,9.25,5,0,11,100222,100.0,31.25,0.0,16,0,0,100222,100.0,100.0,0.0,16,161,0,100061,9.03954802259887,100.0,0.16064337171479315,16,2200,0,98022,0.7220216606498195,100.0,2.195126818463012
101855,20,79.63349600065337,99.9916057140052,0.030435422905110206,5.46875,148,171,/home/jasongao/Data/STU/val/148/velodyne/000171.bin,20,318,0,101537,5.9171597633136095,100.0,0.31220853173629176,-4.4375,10.75,13,0,7,101855,100.0,65.0,0.0,20,36,0,101819,35.714285714285715,100.0,0.035344362083353786,20,83,0,101772,19.41747572815534,100.0,0.08148839035884345,20,1788,0,100067,1.1061946902654867,100.0,1.7554366501399048
103334,17,92.21232285086774,99.9988045617922,0.0038709427681111737,7.65625,148,172,/home/jasongao/Data/STU/val/148/velodyne/000172.bin,17,278,0,103056,5.762711864406779,100.0,0.26903052238372654,-1.1328125,9.3125,8,1,9,103333,88.88888888888889,47.05882352941177,0.0009677356920277934,17,8,0,103326,68.0,100.0,0.007741885536222347,17,168,0,103166,9.18918918918919,100.0,0.16257959626066928,17,2364,0,100970,0.7139857202855943,100.0,2.2877271759537035
103357,18,99.70760233918128,99.99994624886989,0.0009675203421151931,8.6875,148,173,/home/jasongao/Data/STU/val/148/velodyne/000173.bin,18,240,0,103117,6.976744186046512,100.0,0.2322048821076463,-5.25,12.6875,16,0,2,103357,100.0,88.88888888888889,0.0,18,18,0,103339,50.0,100.0,0.017415366158073473,18,65,0,103292,21.686746987951807,100.0,0.06288882223748754,18,1573,0,101784,1.1313639220615965,100.0,1.5219094981471986
103263,18,99.39896036387265,99.99989239988078,0.0009684010729883889,6.59375,148,174,/home/jasongao/Data/STU/val/148/velodyne/000174.bin,18,431,0,102832,4.008908685968819,100.0,0.4173808624579956,-1.640625,12.0625,15,0,3,103263,100.0,83.33333333333333,0.0,18,17,0,103246,51.42857142857143,100.0,0.01646281824080261,18,229,0,103034,7.287449392712551,100.0,0.22176384571434105,18,2016,0,101247,0.8849557522123894,100.0,1.9522965631445919
103415,21,100.0,100.0,0.0,9.1875,148,175,/home/jasongao/Data/STU/val/148/velodyne/000175.bin,21,153,0,103262,12.068965517241379,100.0,0.14794758980805492,-6.78125,11.25,18,0,3,103415,100.0,85.71428571428571,0.0,21,2,0,103413,91.30434782608695,100.0,0.0019339554223275154,21,44,0,103371,32.30769230769231,100.0,0.042547019291205336,21,1697,0,101718,1.2223515715948778,100.0,1.6409611758448968
103307,21,97.22933378847355,99.99921639016763,0.006775920315177093,5.78125,148,176,/home/jasongao/Data/STU/val/148/velodyne/000176.bin,21,338,0,102969,5.8495821727019495,100.0,0.32718015236140824,-1.953125,12.4375,16,0,5,103307,100.0,76.19047619047619,0.0,21,10,0,103297,67.74193548387096,100.0,0.009679886164538704,21,172,0,103135,10.880829015544041,100.0,0.16649404203006574,21,1602,0,101705,1.2939001848428835,100.0,1.5507177635591005
103090,27,95.77684561555529,99.99874255864168,0.00873023571636434,7.46875,148,177,/home/jasongao/Data/STU/val/148/velodyne/000177.bin,27,114,0,102976,19.148936170212767,100.0,0.110582985740615,-7.84375,15.8125,21,2,6,103088,91.30434782608695,77.77777777777777,0.0019400523814142982,27,14,0,103076,65.85365853658537,100.0,0.013580366669900087,27,33,0,103057,45.0,100.0,0.03201086429333592,27,1357,0,101733,1.9508670520231215,100.0,1.3163255407896013
103075,28,99.65437788018434,99.9998960534978,0.0,8.1875,148,178,/home/jasongao/Data/STU/val/148/velodyne/000178.bin,28,225,0,102850,11.067193675889328,100.0,0.21828765462042202,-5.65625,14.125,25,0,3,103075,100.0,89.28571428571429,0.0,28,9,0,103066,75.67567567567568,100.0,0.00873150618481688,28,35,0,103040,44.44444444444444,100.0,0.03395585738539898,28,1502,0,101573,1.8300653594771241,100.0,1.4571913655105506
102891,27,97.9911317530009,99.9995860416111,0.0009719023043803638,11.4375,148,179,/home/jasongao/Data/STU/val/148/velodyne/000179.bin,27,131,0,102760,17.088607594936708,100.0,0.12731920187382764,-7.46875,14.1875,27,1,0,102890,96.42857142857143,100.0,0.0009719023043803637,27,1,0,102890,96.42857142857143,100.0,0.0009719023043803637,27,44,0,102847,38.028169014084504,100.0,0.042763701392736005,27,1718,0,101173,1.5472779369627507,100.0,1.669728158925465
102885,28,100.0,100.0,0.0,13.5625,148,180,/home/jasongao/Data/STU/val/148/velodyne/000180.bin,28,89,0,102796,23.931623931623932,100.0,0.0865043495164504,-8.5,17.75,28,0,0,102885,100.0,100.0,0.0,28,1,0,102884,96.55172413793103,100.0,0.0009719589833309034,28,27,0,102858,50.90909090909091,100.0,0.026242892549934393,28,1292,0,101593,2.121212121212121,100.0,1.2557710064635272
103028,30,100.0,99.99999999999999,0.0,11.4375,148,181,/home/jasongao/Data/STU/val/148/velodyne/000181.bin,30,213,0,102815,12.345679012345679,100.0,0.206739915362814,-4.15625,17.0,30,0,0,103028,100.0,100.0,0.0,30,7,0,103021,81.08108108108108,100.0,0.006794269518965718,30,93,0,102935,24.390243902439025,100.0,0.09026672360911597,30,1268,0,101760,2.3112480739599386,100.0,1.2307333928640758
102509,35,99.02384924747282,99.99966553459417,0.0019510482006457968,8.1875,148,182,/home/jasongao/Data/STU/val/148/velodyne/000182.bin,35,237,0,102272,12.867647058823529,100.0,0.23119921177652694,-0.8125,14.9375,29,0,6,102509,100.0,82.85714285714286,0.0,35,8,0,102501,81.3953488372093,100.0,0.007804192802583188,35,164,0,102345,17.587939698492463,100.0,0.15998595245295535,35,1625,0,100884,2.108433734939759,100.0,1.58522666302471
102266,34,99.3844049247606,99.99974115944464,0.0,8.625,148,183,/home/jasongao/Data/STU/val/148/velodyne/000183.bin,34,211,0,102055,13.877551020408163,100.0,0.20632468269023918,-5.6875,16.5,30,0,4,102266,100.0,88.23529411764706,0.0,34,14,0,102252,70.83333333333333,100.0,0.013689789372812079,34,46,0,102220,42.5,100.0,0.04498073651066826,34,1711,0,100555,1.9484240687679084,100.0,1.6730878297772476
101637,40,100.0,100.0,0.0,10.3125,148,184,/home/jasongao/Data/STU/val/148/velodyne/000184.bin,40,124,0,101513,24.390243902439025,100.0,0.12200281393586981,-7.1875,16.75,39,0,1,101637,100.0,97.5,0.0,40,2,0,101635,95.23809523809524,100.0,0.0019677873215462873,40,32,0,101605,55.55555555555556,100.0,0.0314845971447406,40,1797,0,99840,2.1774632553075666,100.0,1.7680569084093392
101043,41,100.0,99.99999999999999,0.0,8.5625,148,185,/home/jasongao/Data/STU/val/148/velodyne/000185.bin,41,175,0,100868,18.98148148148148,100.0,0.17319359084746097,-4.53125,17.25,35,0,6,101043,100.0,85.36585365853658,0.0,41,2,0,101041,95.34883720930233,100.0,0.0019793553239709828,41,84,0,100959,32.8,100.0,0.08313292360678128,41,1299,0,99744,3.0597014925373136,100.0,1.2855912829191531
101194,44,100.0,100.0,0.0,8.875,148,186,/home/jasongao/Data/STU/val/148/velodyne/000186.bin,44,137,0,101057,24.30939226519337,100.0,0.13538352076210053,-7.0,18.0,39,0,5,101194,100.0,88.63636363636364,0.0,44,1,0,101193,97.77777777777777,100.0,0.0009882008814751863,44,30,0,101164,59.45945945945946,100.0,0.02964602644425559,44,1450,0,99744,2.9451137884872827,100.0,1.4328912781390202
100880,47,99.61648056143034,99.99984181753759,0.0009912767644726407,10.4375,148,187,/home/jasongao/Data/STU/val/148/velodyne/000187.bin,47,704,0,100176,6.25832223701731,100.0,0.6978588421887391,-0.0556640625,17.75,45,1,2,100879,97.82608695652173,95.74468085106383,0.0009912767644726407,47,8,0,100872,85.45454545454545,100.0,0.007930214115781126,47,367,0,100513,11.352657004830919,100.0,0.36379857256145914,47,2002,0,98878,2.2938018545632017,100.0,1.9845360824742269
100577,57,77.62254249190165,99.95506628507894,0.2992731936725096,7.15625,148,188,/home/jasongao/Data/STU/val/148/velodyne/000188.bin,57,635,0,99942,8.236994219653178,100.0,0.631357069707786,10.75,17.375,50,184,7,100393,21.367521367521366,87.71929824561404,0.18294441074997267,57,403,0,100174,12.391304347826088,100.0,0.4006880300665162,57,456,0,100121,11.11111111111111,100.0,0.45338397446732354,57,2301,0,98276,2.4173027989821882,100.0,2.2877993974765602
100387,53,30.045819809243273,99.85027753913111,0.32673553348541146,9.4375,148,189,/home/jasongao/Data/STU/val/148/velodyne/000189.bin,53,466,0,99921,10.211946050096339,100.0,0.4642035323298834,18.375,18.125,50,325,3,100062,13.333333333333334,94.33962264150944,0.32374709872792296,53,344,0,100043,13.350125944584383,100.0,0.3426738521920169,53,366,0,100021,12.649164677804295,100.0,0.36458904041359935,53,1809,0,98578,2.8464017185821695,100.0,1.8020261587655773
99826,65,13.368654072454412,99.80136976801171,0.2223869532987398,8.4375,148,190,/home/jasongao/Data/STU/val/148/velodyne/000190.bin,65,364,0,99462,15.151515151515152,100.0,0.3646344639673031,18.5,16.25,55,222,10,99604,19.855595667870038,84.61538461538461,0.2223869532987398,64,223,1,99603,22.299651567944252,98.46153846153847,0.223388696331617,65,247,0,99579,20.833333333333332,100.0,0.24743052912066996,65,1746,0,98080,3.5891772501380452,100.0,1.7490433354036024
99380,66,78.51957181726586,99.98082048092112,0.047293217951298046,8.0,148,191,/home/jasongao/Data/STU/val/148/velodyne/000191.bin,66,211,0,99169,23.826714801444044,100.0,0.2123163614409338,2.25,18.25,62,36,4,99344,63.265306122448976,93.93939393939394,0.03622459247333468,65,97,1,99283,40.123456790123456,98.48484848484848,0.09760515194204065,66,131,0,99249,33.50253807106599,100.0,0.13181726705574562,66,1480,0,97900,4.269081500646831,100.0,1.4892332461259812
98900,76,99.79532163742691,99.9998137406205,0.0,8.625,148,192,/home/jasongao/Data/STU/val/148/velodyne/000192.bin,76,401,0,98499,15.932914046121594,100.0,0.40546006066734075,-2.34375,12.0625,60,0,16,98900,100.0,78.94736842105263,0.0,76,18,0,98882,80.85106382978724,100.0,0.01820020222446916,76,158,0,98742,32.47863247863248,100.0,0.1597573306370071,76,1999,0,96901,3.6626506024096384,100.0,2.021233569261881
98800,86,99.7039380102127,99.999694002448,0.0,9.6875,148,193,/home/jasongao/Data/STU/val/148/velodyne/000193.bin,86,205,0,98595,29.553264604810998,100.0,0.2074898785425101,-4.6875,13.5,81,0,5,98800,100.0,94.18604651162791,0.0,85,6,1,98794,93.4065934065934,98.83720930232558,0.006072874493927126,86,84,0,98716,50.588235294117645,100.0,0.08502024291497975,86,1995,0,96805,4.132628543969245,100.0,2.019230769230769
98690,93,99.47619409164652,99.99909568029356,0.0,6.75,148,194,/home/jasongao/Data/STU/val/148/velodyne/000194.bin,93,148,0,98542,38.58921161825726,100.0,0.14996453541392238,-5.6875,12.8125,85,0,8,98690,100.0,91.39784946236558,0.0,92,15,1,98675,85.98130841121495,98.9247311827957,0.01519910831897862,92,80,1,98610,53.48837209302326,98.9247311827957,0.08106191103455264,93,1619,0,97071,5.432242990654205,100.0,1.640490424561759
98706,97,99.95726150263988,99.99995822228294,0.0,8.3125,148,195,/home/jasongao/Data/STU/val/148/velodyne/000195.bin,97,227,0,98479,29.938271604938272,100.0,0.22997588799059834,-5.28125,14.125,86,0,11,98706,100.0,88.65979381443299,0.0,97,8,0,98698,92.38095238095238,100.0,0.008104877109800823,97,71,0,98635,57.73809523809524,100.0,0.0719307843494823,97,1621,0,97085,5.646100116414435,100.0,1.6422507243733917
98552,111,99.55554905119875,99.99950636568869,0.005073463755174933,8.8125,148,196,/home/jasongao/Data/STU/val/148/velodyne/000196.bin,111,163,0,98389,40.51094890510949,100.0,0.16539491841870282,-3.34375,13.875,103,1,8,98551,99.03846153846153,92.7927927927928,0.0010146927510349866,111,27,0,98525,80.43478260869566,100.0,0.027396704277944637,111,100,0,98452,52.60663507109005,100.0,0.10146927510349867,111,1180,0,97372,8.597986057319908,100.0,1.1973374462212842
98677,109,99.32524806580379,99.99908421443216,0.002026814759265077,9.0,148,197,/home/jasongao/Data/STU/val/148/velodyne/000197.bin,109,332,0,98345,24.71655328798186,100.0,0.3364512500380028,-1.5703125,15.0625,92,1,17,98676,98.9247311827957,84.40366972477064,0.0010134073796325385,108,10,1,98667,91.52542372881356,99.08256880733946,0.010134073796325384,109,165,0,98512,39.78102189781022,100.0,0.16721221763936886,109,1573,0,97104,6.48038049940547,100.0,1.594089808161983
98667,52,99.99999999999999,100.00000000000003,0.0,12.125,148,198,/home/jasongao/Data/STU/val/148/velodyne/000198.bin,52,295,0,98372,14.985590778097983,100.0,0.29898547640041756,-4.28125,15.5,50,0,2,98667,100.0,96.15384615384616,0.0,52,15,0,98652,77.61194029850746,100.0,0.015202651342394114,52,72,0,98595,41.935483870967744,100.0,0.07297272644349174,52,1648,0,97019,3.0588235294117645,100.0,1.6702646274843667
105534,25,22.584478521740863,99.96124471734228,0.04074516269638221,3.53125,148,265,/home/jasongao/Data/STU/val/148/velodyne/000265.bin,25,295,0,105239,7.8125,100.0,0.27953076733564536,-1.921875,4.46875,0,7,25,105527,0.0,0.0,0.006632933462201755,25,43,0,105491,36.76470588235294,100.0,0.04074516269638221,25,163,0,105371,13.297872340425531,100.0,0.15445259347698373,25,1893,0,103641,1.3034410844629822,100.0,1.7937347205639889
104706,60,96.1805210138615,99.99684831814794,0.018146047026913453,9.4375,148,266,/home/jasongao/Data/STU/val/148/velodyne/000266.bin,60,371,0,104335,13.921113689095128,100.0,0.3543254445781522,4.21875,14.625,55,15,5,104691,78.57142857142857,91.66666666666667,0.014325826600194831,60,117,0,104589,33.898305084745765,100.0,0.11174144748151968,60,196,0,104510,23.4375,100.0,0.18719080090921247,60,1723,0,102983,3.365114974761638,100.0,1.6455599488090462
104687,96,94.72515901716629,99.99298006597444,0.06208984878733749,4.625,148,267,/home/jasongao/Data/STU/val/148/velodyne/000267.bin,96,404,0,104283,19.2,100.0,0.38591229092437457,1.84375,14.4375,73,2,23,104685,97.33333333333333,76.04166666666667,0.0019104568857642305,94,89,2,104598,51.36612021857923,97.91666666666667,0.08501533141650826,96,177,0,104510,35.16483516483517,100.0,0.1690754343901344,96,1931,0,102756,4.736063147508633,100.0,1.8445461232053646
104941,99,95.69015842121324,99.99618352168834,0.015246662410306743,9.4375,148,268,/home/jasongao/Data/STU/val/148/velodyne/000268.bin,99,486,0,104455,16.923076923076923,100.0,0.46311737071306736,1.3515625,15.5625,85,11,14,104930,88.54166666666667,85.85858585858585,0.010482080407085887,99,82,0,104859,54.69613259668508,100.0,0.07813914485282206,99,229,0,104712,30.182926829268293,100.0,0.21821785574751526,99,1812,0,103129,5.180533751962323,100.0,1.7266845179672388
105509,90,99.26507185093257,99.99945239005415,0.0018955728895165343,9.6875,148,269,/home/jasongao/Data/STU/val/148/velodyne/000269.bin,90,591,0,104918,13.215859030837004,100.0,0.5601417888521358,1.5234375,13.625,82,1,8,105508,98.79518072289157,91.11111111111111,0.000947786444758267,90,79,0,105430,53.25443786982248,100.0,0.07487512913590309,90,290,0,105219,23.68421052631579,100.0,0.27485806897989745,90,1889,0,103620,4.547751389590703,100.0,1.7903685941483665
106212,83,91.61848579050157,99.99397658422642,0.01600572440025609,8.5,148,270,/home/jasongao/Data/STU/val/148/velodyne/000270.bin,83,482,0,105730,14.690265486725664,100.0,0.45380936240726094,0.5859375,11.6875,59,11,24,106201,84.28571428571429,71.08433734939759,0.010356645200165706,83,51,0,106161,61.940298507462686,100.0,0.04801717320076827,83,240,0,105972,25.69659442724458,100.0,0.2259631680036154,83,1840,0,104372,4.316172646905876,100.0,1.732384288027718
107060,68,99.28368365987782,99.99962912495468,0.0009340556697179153,8.875,148,271,/home/jasongao/Data/STU/val/148/velodyne/000271.bin,68,291,0,106769,18.941504178272982,100.0,0.27181019988791333,-3.859375,12.4375,61,1,7,107059,98.38709677419355,89.70588235294117,0.0009340556697179152,68,24,0,107036,73.91304347826087,100.0,0.022417336073229963,68,100,0,106960,40.476190476190474,100.0,0.09340556697179152,68,1554,0,105506,4.192355117139334,100.0,1.4515225107416403
107461,63,99.67814427635857,99.99981536306343,0.002791710481011716,8.3125,148,272,/home/jasongao/Data/STU/val/148/velodyne/000272.bin,63,308,0,107153,16.9811320754717,100.0,0.2866156093838695,-4.0625,11.3125,51,0,12,107461,100.0,80.95238095238095,0.0,63,19,0,107442,76.82926829268293,100.0,0.017680833046407534,63,98,0,107363,39.130434782608695,100.0,0.09119587571304938,63,1463,0,105998,4.128440366972477,100.0,1.3614241445733801
108033,59,95.54677616293066,99.99821931371568,0.004628215452685753,7.40625,148,273,/home/jasongao/Data/STU/val/148/velodyne/000273.bin,59,353,0,107680,14.320388349514563,100.0,0.3267520109596142,-1.8046875,11.3125,42,3,17,108030,93.33333333333333,71.1864406779661,0.002776929271611452,59,14,0,108019,80.82191780821918,100.0,0.01295900326752011,59,169,0,107864,25.87719298245614,100.0,0.15643368230077848,59,1686,0,106347,3.3810888252148996,100.0,1.560634250645636
109830,56,99.2061128060481,99.99960978655325,0.0036419921697168353,11.125,148,274,/home/jasongao/Data/STU/val/148/velodyne/000274.bin,56,146,0,109684,27.722772277227723,100.0,0.1329327141946645,-6.625,13.625,56,7,0,109823,88.88888888888889,100.0,0.006373486297004461,56,55,0,109775,50.450450450450454,100.0,0.05007739233360648,56,81,0,109749,40.87591240875913,100.0,0.07375034143676591,56,1161,0,108669,4.6014790468364835,100.0,1.0570882272603115
111458,54,95.83402908446985,99.99661058176372,0.037682355685549715,5.4375,148,275,/home/jasongao/Data/STU/val/148/velodyne/000275.bin,54,416,0,111042,11.48936170212766,100.0,0.37323476107592096,0.322265625,14.125,47,1,7,111457,97.91666666666667,87.03703703703704,0.0008971989448940408,53,56,1,111402,48.62385321100918,98.14814814814815,0.05024314091406629,54,227,0,111231,19.21708185053381,100.0,0.20366416049094727,54,1542,0,109916,3.3834586466165413,100.0,1.383480773026611
111634,47,89.40471321189905,99.993062435413,0.03762294641417489,5.28125,148,276,/home/jasongao/Data/STU/val/148/velodyne/000276.bin,47,316,0,111318,12.947658402203857,100.0,0.2830678825447444,-0.9375,14.625,35,11,12,111623,76.08695652173913,74.46808510638297,0.00985362882276009,47,58,0,111576,44.76190476190476,100.0,0.05195549742909866,47,172,0,111462,21.461187214611872,100.0,0.15407492341043053,47,1379,0,110255,3.2959326788218792,100.0,1.2352867405987422
112258,38,98.68236382209008,99.9995780396849,0.001781610219316218,8.0625,148,277,/home/jasongao/Data/STU/val/148/velodyne/000277.bin,38,338,0,111920,10.106382978723405,100.0,0.30109212706444083,-1.40625,13.0625,26,0,12,112258,100.0,68.42105263157895,0.0,38,52,0,112206,42.22222222222222,100.0,0.046321865702221666,38,164,0,112094,18.81188118811881,100.0,0.14609203798392986,38,1499,0,110759,2.47234873129473,100.0,1.3353168593775053
112934,38,98.24335932019879,99.99937084818055,0.0061983105176474755,8.0625,148,278,/home/jasongao/Data/STU/val/148/velodyne/000278.bin,38,196,0,112738,16.23931623931624,100.0,0.17355269449412933,-5.40625,11.25,30,0,8,112934,100.0,78.94736842105263,0.0,38,50,0,112884,43.18181818181818,100.0,0.044273646554624825,38,94,0,112840,28.78787878787879,100.0,0.08323445552269468,38,1390,0,111544,2.661064425770308,100.0,1.2308073742185701
113664,35,98.93642726127817,99.99971092744529,0.001759572072072072,7.78125,148,279,/home/jasongao/Data/STU/val/148/velodyne/000279.bin,35,518,0,113146,6.329113924050633,100.0,0.4557291666666667,-3.375,14.5,26,1,9,113663,96.29629629629629,74.28571428571429,0.000879786036036036,35,15,0,113649,70.0,100.0,0.013196790540540541,35,132,0,113532,20.95808383233533,100.0,0.11613175675675676,35,2112,0,111552,1.6301816488122962,100.0,1.8581081081081081
114409,34,86.24810269800763,99.99196638684842,0.05331748376438916,4.75,148,280,/home/jasongao/Data/STU/val/148/velodyne/000280.bin,34,654,0,113755,4.941860465116279,100.0,0.5716333505231231,-1.2421875,10.0625,19,1,15,114408,95.0,55.88235294117647,0.0008740571108916257,33,65,1,114344,33.673469387755105,97.05882352941177,0.05681371220795567,34,282,0,114127,10.759493670886076,100.0,0.24648410527143844,34,2213,0,112196,1.5131286159323543,100.0,1.9342883864031677
115078,33,88.40464889514496,99.96522780069593,0.45795025982377174,-1.0390625,148,281,/home/jasongao/Data/STU/val/148/velodyne/000281.bin,33,873,0,114205,3.642384105960265,100.0,0.7586158953057925,4.875,9.0625,12,0,21,115078,100.0,36.36363636363637,0.0,31,258,2,114820,10.726643598615917,93.93939393939394,0.22419576287387685,33,601,0,114477,5.205047318611987,100.0,0.52225447088062,33,2218,0,112860,1.4660151043980454,100.0,1.927388380055267
115813,26,97.70924891572665,99.99956826953796,0.0008634609240758811,12.4375,148,282,/home/jasongao/Data/STU/val/148/velodyne/000282.bin,26,1033,0,114780,2.4551463644948064,100.0,0.891955134570385,3.46875,14.1875,25,2,1,115811,92.5925925925926,96.15384615384616,0.001726921848151762,26,149,0,115664,14.857142857142858,100.0,0.12865567768730626,26,642,0,115171,3.8922155688622753,100.0,0.5543419132567156,26,2555,0,113258,1.0073614877954282,100.0,2.206142661013876
116420,24,100.0,100.0,0.0,14.1875,148,283,/home/jasongao/Data/STU/val/148/velodyne/000283.bin,24,714,0,115706,3.252032520325203,100.0,0.6132966844184848,4.03125,16.25,24,0,0,116420,100.0,100.0,0.0,24,174,0,116246,12.121212121212121,100.0,0.14945885586668958,24,496,0,115924,4.615384615384615,100.0,0.42604363511424154,24,2261,0,114159,1.0503282275711159,100.0,1.9421061673252018
116822,24,97.88122917151051,99.99946499803119,0.0017120063001831846,6.84375,148,284,/home/jasongao/Data/STU/val/148/velodyne/000284.bin,24,215,0,116607,10.0418410041841,100.0,0.18404067726969237,-5.25,13.375,16,0,8,116822,100.0,66.66666666666667,0.0,24,30,0,116792,44.44444444444444,100.0,0.02568009450274777,24,95,0,116727,20.168067226890756,100.0,0.08132029925870127,24,1759,0,115063,1.346045989904655,100.0,1.505709541011111
117273,23,98.68723274205315,99.99974047920145,0.0008527111952452823,5.8125,148,285,/home/jasongao/Data/STU/val/148/velodyne/000285.bin,23,331,0,116942,6.497175141242938,100.0,0.28224740562618844,-4.34375,12.9375,13,0,10,117273,100.0,56.52173913043478,0.0,23,3,0,117270,88.46153846153847,100.0,0.002558133585735847,23,100,0,117173,18.69918699186992,100.0,0.08527111952452823,23,1969,0,115304,1.1546184738955823,100.0,1.678988343437961
117758,19,92.87651495889482,99.9976758758596,0.02972197218023404,5.15625,148,286,/home/jasongao/Data/STU/val/148/velodyne/000286.bin,19,205,0,117553,8.482142857142858,100.0,0.17408583705565653,-3.171875,11.8125,14,0,5,117758,100.0,73.6842105263158,0.0,19,69,0,117689,21.59090909090909,100.0,0.05859474515531853,19,121,0,117637,13.571428571428571,100.0,0.10275310382309483,19,1363,0,116395,1.3748191027496381,100.0,1.1574585166188285
118251,19,95.76758360590037,99.99937688298172,0.002536976431488951,2.578125,148,287,/home/jasongao/Data/STU/val/148/velodyne/000287.bin,19,187,0,118064,9.223300970873787,100.0,0.1581381975628113,-6.15625,9.0625,9,0,10,118251,100.0,47.36842105263158,0.0,18,3,1,118248,85.71428571428571,94.73684210526316,0.0025369764314889516,19,51,0,118200,27.142857142857142,100.0,0.04312859933531218,19,1407,0,116844,1.332398316970547,100.0,1.1898419463683183
118617,19,49.70733175906795,99.97260089194634,0.07418835411450297,3.59375,148,288,/home/jasongao/Data/STU/val/148/velodyne/000288.bin,19,244,0,118373,7.224334600760456,100.0,0.20570407277203098,-3.609375,11.125,11,34,8,118583,24.444444444444443,57.89473684210526,0.028663682271512517,19,89,0,118528,17.59259259259259,100.0,0.07503140359307688,19,120,0,118497,13.66906474820144,100.0,0.1011659374288677,19,1327,0,117290,1.411589895988113,100.0,1.1187266580675619
119026,15,100.0,100.0,0.0,7.96875,148,289,/home/jasongao/Data/STU/val/148/velodyne/000289.bin,15,239,0,118787,5.905511811023622,100.0,0.20079646463797826,-4.28125,9.8125,7,0,8,119026,100.0,46.666666666666664,0.0,15,55,0,118971,21.428571428571427,100.0,0.04620839144388621,15,106,0,118920,12.396694214876034,100.0,0.08905617260094432,15,1662,0,117364,0.8944543828264758,100.0,1.3963335741770706
118619,14,100.0,100.0,0.0,7.6875,148,290,/home/jasongao/Data/STU/val/148/velodyne/000290.bin,14,249,0,118370,5.32319391634981,100.0,0.2099157807771099,-2.796875,8.6875,2,0,12,118619,100.0,14.285714285714286,0.0,14,47,0,118572,22.950819672131146,100.0,0.0396226574157597,14,139,0,118480,9.15032679738562,100.0,0.1171819017189489,14,1655,0,116964,0.8388256440982624,100.0,1.3952233621932406
118289,13,100.0,100.0,0.0,9.9375,148,291,/home/jasongao/Data/STU/val/148/velodyne/000291.bin,13,344,0,117945,3.641456582633053,100.0,0.2908131778948169,-0.83203125,11.125,12,0,1,118289,100.0,92.3076923076923,0.0,13,7,0,118282,65.0,100.0,0.005917710015301507,13,182,0,118107,6.666666666666667,100.0,0.15386046039783918,13,2344,0,115945,0.5515485787017395,100.0,1.981587467980962
118296,11,98.48484848484847,99.99984630234174,0.000845337120443633,6.03125,148,292,/home/jasongao/Data/STU/val/148/velodyne/000292.bin,11,335,0,117961,3.179190751445087,100.0,0.283187935348617,-2.8125,9.5625,4,0,7,118296,100.0,36.36363636363637,0.0,11,6,0,118290,64.70588235294117,100.0,0.005072022722661797,11,142,0,118154,7.189542483660131,100.0,0.12003787110299588,11,2051,0,116245,0.533462657613967,100.0,1.7337864340298912
118290,8,94.15178571428571,99.99957731000084,0.0016907599966184798,6.46875,148,293,/home/jasongao/Data/STU/val/148/velodyne/000293.bin,8,383,0,117907,2.0460358056265986,100.0,0.32378053935243895,-1.125,8.5,1,0,7,118290,100.0,12.5,0.0,8,22,0,118268,26.666666666666668,100.0,0.01859835996280328,8,189,0,118101,4.060913705583756,100.0,0.15977681968044635,8,2022,0,116268,0.39408866995073893,100.0,1.7093583565812833
119022,11,22.618709228707726,99.98319638386181,0.03024650904874729,8.8125,148,294,/home/jasongao/Data/STU/val/148/velodyne/000294.bin,11,370,0,118652,2.8871391076115485,100.0,0.31086689855656935,2.140625,9.8125,5,20,6,119002,20.0,45.45454545454545,0.01680361613819294,11,108,0,118914,9.243697478991596,100.0,0.09073952714624187,11,211,0,118811,4.954954954954955,100.0,0.1772781502579355,11,1909,0,117113,0.5729166666666666,100.0,1.6039051603905161
119481,12,99.35897435897435,99.99993025390368,0.0008369531557318736,4.4375,148,295,/home/jasongao/Data/STU/val/148/velodyne/000295.bin,12,448,0,119033,2.608695652173913,100.0,0.37495501376787943,-4.84375,8.25,2,0,10,119481,100.0,16.666666666666668,0.0,12,2,0,119479,85.71428571428571,100.0,0.0016739063114637473,12,63,0,119418,16.0,100.0,0.05272804881110804,12,2572,0,116909,0.46439628482972134,100.0,2.152643516542379
119956,11,100.0,99.99999999999999,0.0,9.5625,148,296,/home/jasongao/Data/STU/val/148/velodyne/000296.bin,11,546,0,119410,1.9748653500897666,100.0,0.4551668945279936,-3.40625,10.1875,7,0,4,119956,100.0,63.63636363636363,0.0,11,0,0,119956,100.0,100.0,0.0,11,126,0,119830,8.02919708029197,100.0,0.10503851412184467,11,2294,0,117662,0.4772234273318872,100.0,1.9123678682183467
120233,15,15.148348071531897,99.96126964588201,0.07402293879384196,3.53125,148,297,/home/jasongao/Data/STU/val/148/velodyne/000297.bin,15,609,0,119624,2.4038461538461537,100.0,0.5065165137690983,2.203125,5.34375,0,0,15,120233,,0.0,0.0,15,104,0,120129,12.605042016806722,100.0,0.08649871499505128,15,334,0,119899,4.2979942693409745,100.0,0.2777939500802608,15,2100,0,118133,0.7092198581560284,100.0,1.7466086681693045
120511,10,100.0,100.0,0.0,6.75,148,298,/home/jasongao/Data/STU/val/148/velodyne/000298.bin,10,234,0,120277,4.098360655737705,100.0,0.1941731460198654,-6.40625,8.5,5,0,5,120511,100.0,50.0,0.0,10,1,0,120510,90.9090909090909,100.0,0.0008297997693156641,10,52,0,120459,16.129032258064516,100.0,0.043149588004414534,10,1809,0,118702,0.5497526113249038,100.0,1.5011077826920365
120665,9,100.0,100.0,0.0,4.4375,148,299,/home/jasongao/Data/STU/val/148/velodyne/000299.bin,9,448,0,120217,1.9693654266958425,100.0,0.37127584635146893,-4.1875,6.53125,0,0,9,120665,,0.0,0.0,9,3,0,120662,75.0,100.0,0.002486222185389301,9,80,0,120585,10.112359550561798,100.0,0.06629925827704802,9,2310,0,118355,0.38809831824062097,100.0,1.9143910827497617
120849,9,100.0,100.0,0.0,6.8125,148,300,/home/jasongao/Data/STU/val/148/velodyne/000300.bin,9,135,0,120714,6.25,100.0,0.11170965419655934,-7.5,8.6875,3,0,6,120849,100.0,33.333333333333336,0.0,9,0,0,120849,100.0,100.0,0.0,9,18,0,120831,33.333333333333336,100.0,0.014894620559541246,9,1534,0,119315,0.5832793259883344,100.0,1.269352663240904
120905,9,98.88888888888889,99.99990810048294,0.0008270956536123403,2.1875,148,301,/home/jasongao/Data/STU/val/148/velodyne/000301.bin,9,135,0,120770,6.25,100.0,0.11165791323766594,-7.75,8.5,1,0,8,120905,100.0,11.11111111111111,0.0,7,0,2,120905,100.0,77.77777777777777,0.0,9,17,0,120888,34.61538461538461,100.0,0.014060626111409784,9,1752,0,119153,0.5110732538330494,100.0,1.44907158512882
121011,5,71.0,99.99917362884366,0.000826371156341159,2.609375,148,302,/home/jasongao/Data/STU/val/148/velodyne/000302.bin,5,281,0,120730,1.7482517482517483,100.0,0.2322102949318657,-5.875,2.765625,0,0,5,121011,,0.0,0.0,2,1,3,121010,66.66666666666667,40.0,0.0008263711563411591,5,46,0,120965,9.803921568627452,100.0,0.038013073191693315,5,2464,0,118547,0.2025111381125962,100.0,2.0361785292246157
121034,6,94.44444444444444,99.99958689293918,0.0024786423649553017,-0.16796875,148,303,/home/jasongao/Data/STU/val/148/velodyne/000303.bin,6,307,0,120727,1.9169329073482428,100.0,0.25364773534709256,-5.28125,3.453125,0,0,6,121034,,0.0,0.0,4,0,2,121034,100.0,66.66666666666667,0.0,6,65,0,120969,8.450704225352112,100.0,0.053703917907364875,6,2663,0,118371,0.22480329711502436,100.0,2.2002082059586563
121065,7,10.819168553779464,99.97427592025535,0.03138809730310164,-0.412109375,148,304,/home/jasongao/Data/STU/val/148/velodyne/000304.bin,7,232,0,120833,2.928870292887029,100.0,0.19163259406104158,-4.96875,1.8203125,0,0,7,121065,,0.0,0.0,0,22,7,121043,0.0,0.0,0.018172056333374632,7,98,0,120967,6.666666666666667,100.0,0.08094825093957791,7,2028,0,119037,0.343980343980344,100.0,1.675133192912898
120992,7,100.0,100.0,0.0,4.8125,148,305,/home/jasongao/Data/STU/val/148/velodyne/000305.bin,7,373,0,120619,1.8421052631578947,100.0,0.3082848452790267,-4.96875,7.25,0,0,7,120992,,0.0,0.0,7,0,0,120992,100.0,100.0,0.0,7,61,0,120931,10.294117647058824,100.0,0.05041655646654324,7,3370,0,117622,0.207284572105419,100.0,2.785308119545094
121074,8,32.58763227513227,99.99236004427046,0.015692882039083537,4.1875,148,306,/home/jasongao/Data/STU/val/148/velodyne/000306.bin,8,747,0,120327,1.0596026490066226,100.0,0.6169780464839685,-0.703125,4.9375,0,0,8,121074,,0.0,0.0,8,25,0,121049,24.242424242424242,100.0,0.020648528998794127,8,284,0,120790,2.73972602739726,100.0,0.23456728942630126,8,2776,0,118298,0.28735632183908044,100.0,2.2928126600260996
121014,5,62.952380952380935,99.99867783892773,0.001652701340340787,1.6796875,148,307,/home/jasongao/Data/STU/val/148/velodyne/000307.bin,5,551,0,120463,0.8992805755395683,100.0,0.4553192192638868,-2.9375,1.9609375,0,0,5,121014,,0.0,0.0,0,0,5,121014,,0.0,0.0,5,171,0,120843,2.840909090909091,100.0,0.1413059645991373,5,3469,0,117545,0.14392630972941853,100.0,2.866610474821095
120976,9,100.0,100.0,0.0,3.296875,148,308,/home/jasongao/Data/STU/val/148/velodyne/000308.bin,9,294,0,120682,2.9702970297029703,100.0,0.24302340960190452,-5.0,4.3125,0,0,9,120976,,0.0,0.0,9,0,0,120976,100.0,100.0,0.0,9,65,0,120911,12.162162162162161,100.0,0.05372966538817617,9,2947,0,118029,0.3044654939106901,100.0,2.436020367676233
120980,5,100.0,100.0,0.0,7.09375,148,309,/home/jasongao/Data/STU/val/148/velodyne/000309.bin,5,362,0,120618,1.3623978201634876,100.0,0.2992230120681104,-4.8125,7.40625,0,0,5,120980,,0.0,0.0,5,1,0,120979,83.33333333333333,100.0,0.0008265829062654984,5,68,0,120912,6.8493150684931505,100.0,0.056207637626053894,5,3033,0,117947,0.16458196181698487,100.0,2.507025954703257
120951,7,100.0,100.0,0.0,4.875,148,310,/home/jasongao/Data/STU/val/148/velodyne/000310.bin,7,257,0,120694,2.6515151515151514,100.0,0.2124827409446801,-6.0625,7.40625,1,0,6,120951,100.0,14.285714285714286,0.0,7,1,0,120950,87.5,100.0,0.0008267810931699614,7,37,0,120914,15.909090909090908,100.0,0.03059090044728857,7,2310,0,118641,0.3021148036253776,100.0,1.9098643252226108
120738,6,99.99999999999999,100.0,0.0,7.5,148,312,/home/jasongao/Data/STU/val/148/velodyne/000312.bin,6,274,0,120464,2.142857142857143,100.0,0.22693766668323145,-5.90625,8.5625,0,0,6,120738,,0.0,0.0,6,11,0,120727,35.294117647058826,100.0,0.009110636253706372,6,49,0,120689,10.909090909090908,100.0,0.04058374331196475,6,2605,0,118133,0.2297970126388357,100.0,2.1575643128095545
120606,6,100.0,100.0,0.0,8.3125,148,313,/home/jasongao/Data/STU/val/148/velodyne/000313.bin,6,755,0,119851,0.7884362680683311,100.0,0.6260053397011758,1.0859375,9.5625,3,0,3,120606,100.0,50.0,0.0,6,67,0,120539,8.219178082191782,100.0,0.05555279173507122,6,386,0,120220,1.530612244897959,100.0,0.32005041208563423,6,2796,0,117810,0.21413276231263384,100.0,2.3182926222575992
120461,8,100.0,100.0,0.0,5.78125,148,314,/home/jasongao/Data/STU/val/148/velodyne/000314.bin,8,393,0,120068,1.9950124688279303,100.0,0.32624666904641336,-4.125,7.125,0,0,8,120461,,0.0,0.0,8,1,0,120460,88.88888888888889,100.0,0.0008301441960468533,8,99,0,120362,7.4766355140186915,100.0,0.08218427540863849,8,3381,0,117080,0.23605783416937148,100.0,2.806717526834411
114145,5,0.7718710680538792,99.62898068246527,0.7140041175697578,-7.6875,148,329,/home/jasongao/Data/STU/val/148/velodyne/000329.bin,5,891,0,113254,0.5580357142857143,100.0,0.7805860966314775,-1.3046875,-4.84375,0,0,5,114145,,0.0,0.0,0,0,5,114145,,0.0,0.0,2,210,3,113935,0.9433962264150944,40.0,0.18397652109159401,5,5323,0,108822,0.09384384384384384,100.0,4.663366770335976
112450,5,0.14697924241574073,98.14308581591818,2.8216985326811916,-13.6875,148,331,/home/jasongao/Data/STU/val/148/velodyne/000331.bin,0,572,5,111878,0.0,0.0,0.5086705202312138,-3.734375,-13.0625,0,0,5,112450,,0.0,0.0,0,0,5,112450,,0.0,0.0,0,110,5,112340,0.0,0.0,0.09782125389061805,5,4407,0,108043,0.11332728921124206,100.0,3.9190751445086707
102968,5,0.20499506356336084,98.63627534768084,1.5033796907777173,-9.5,148,340,/home/jasongao/Data/STU/val/148/velodyne/000340.bin,0,1091,5,101877,0.0,0.0,1.0595524823246056,-0.8671875,-9.1875,0,0,5,102968,,0.0,0.0,0,4,5,102964,0.0,0.0,0.003884702043353275,0,322,5,102646,0.0,0.0,0.31271851448993865,5,5349,0,97619,0.09338812103100486,100.0,5.194817807474167
82005,5,0.4022248349038224,99.06371562709592,1.1255411255411256,-9.0,149,147,/home/jasongao/Data/STU/val/149/velodyne/000147.bin,4,802,1,81203,0.49627791563275436,80.0,0.9779891470032315,7.375,-7.46875,0,3,5,82002,0.0,0.0,0.003658313517468447,0,328,5,81677,0.0,0.0,0.3999756112432169,0,591,5,81414,0.0,0.0,0.7206877629412841,5,2405,0,79600,0.2074688796680498,100.0,2.932748003170538
81140,5,5.497059331645798,99.93973379344342,0.08873551885629775,5.125,149,148,/home/jasongao/Data/STU/val/149/velodyne/000148.bin,5,535,0,80605,0.9259259259259259,100.0,0.659354202612768,3.734375,7.3125,0,6,5,81134,0.0,0.0,0.007394626571358146,5,92,0,81048,5.154639175257732,100.0,0.11338427409415824,5,329,0,80811,1.4970059880239521,100.0,0.40547202366280505,5,1675,0,79465,0.2976190476190476,100.0,2.0643332511708157
81449,5,0.3596687522633579,99.00133826075214,1.109896990754951,-5.46875,149,149,/home/jasongao/Data/STU/val/149/velodyne/000149.bin,5,1020,0,80429,0.4878048780487805,100.0,1.2523174010730642,10.75,-3.4375,0,122,5,81327,0.0,0.0,0.14978698326560178,0,556,5,80893,0.0,0.0,0.6826357598006114,4,813,1,80636,0.48959608323133413,80.0,0.998170634384707,5,2227,0,79222,0.22401433691756273,100.0,2.73422632567619
82543,6,0.6050800884504074,99.30672497970754,0.7814109009849413,-8.9375,149,150,/home/jasongao/Data/STU/val/149/velodyne/000150.bin,3,545,3,81998,0.5474452554744526,50.0,0.6602619240880511,-0.54296875,-8.5625,0,0,6,82543,,0.0,0.0,0,9,6,82534,0.0,0.0,0.01090340792072011,0,271,6,82272,0.0,0.0,0.3283137273905722,6,2167,0,80376,0.2761159687068569,100.0,2.6252983293556085
82132,5,0.35867440966046643,99.02522768226756,1.1493693079433107,-4.71875,149,154,/home/jasongao/Data/STU/val/149/velodyne/000154.bin,5,1396,0,80736,0.35688793718772305,100.0,1.6997029172551503,3.015625,-3.09375,0,0,5,82132,,0.0,0.0,0,90,5,82042,0.0,0.0,0.10957970096917158,4,845,1,81287,0.4711425206124853,80.0,1.0288316368772221,5,3221,0,78911,0.15499070055796652,100.0,3.9217357424633517
81301,5,100.0,100.0,0.0,8.0,149,156,/home/jasongao/Data/STU/val/149/velodyne/000156.bin,5,553,0,80748,0.8960573476702509,100.0,0.6801884355665982,-3.046875,8.375,0,0,5,81301,,0.0,0.0,5,4,0,81297,55.55555555555556,100.0,0.004919988684026027,5,95,0,81206,5.0,100.0,0.11684973124561814,5,2636,0,78665,0.18932222642938282,100.0,3.2422725427731516
75318,6,100.0,100.0,0.0,4.5,149,161,/home/jasongao/Data/STU/val/149/velodyne/000161.bin,6,1173,0,74145,0.5089058524173028,100.0,1.5573966382538038,-0.310546875,7.5625,3,0,3,75318,100.0,50.0,0.0,6,1,0,75317,85.71428571428571,100.0,0.001327703868929074,6,262,0,75056,2.2388059701492535,100.0,0.3478584136594174,6,3608,0,71710,0.16602102933038185,100.0,4.790355559096099
73790,5,100.0,100.0,0.0,7.75,149,162,/home/jasongao/Data/STU/val/149/velodyne/000162.bin,5,924,0,72866,0.5382131324004306,100.0,1.2522021954194336,-1.1484375,10.375,3,0,2,73790,100.0,60.0,0.0,5,11,0,73779,31.25,100.0,0.014907168993088494,5,272,0,73518,1.8050541516245486,100.0,0.36861363328364277,5,3127,0,70663,0.15964240102171137,100.0,4.237701585580702
70367,7,100.0,100.0,0.0,9.0,149,163,/home/jasongao/Data/STU/val/149/velodyne/000163.bin,7,557,0,69810,1.2411347517730495,100.0,0.7915642275498458,1.6015625,10.4375,4,0,3,70367,100.0,57.142857142857146,0.0,7,18,0,70349,28.0,100.0,0.025580172524052466,7,270,0,70097,2.527075812274368,100.0,0.38370258786078704,7,2680,0,67687,0.2605135839225903,100.0,3.8086034646922564
66917,7,100.0,100.0,0.0,7.4375,149,164,/home/jasongao/Data/STU/val/149/velodyne/000164.bin,7,97,0,66820,6.730769230769231,100.0,0.14495569137887235,-6.875,9.4375,0,0,7,66917,,0.0,0.0,7,1,0,66916,87.5,100.0,0.0014943885709162096,7,19,0,66898,26.923076923076923,100.0,0.028393382847407982,7,1498,0,65419,0.46511627906976744,100.0,2.238594079232482
64406,7,100.0,100.0,0.0,7.125,149,165,/home/jasongao/Data/STU/val/149/velodyne/000165.bin,7,159,0,64247,4.216867469879518,100.0,0.2468714094960097,-6.40625,7.9375,0,0,7,64406,,0.0,0.0,7,0,0,64406,100.0,100.0,0.0,7,9,0,64397,43.75,100.0,0.013973853367698661,7,1669,0,62737,0.41766109785202865,100.0,2.5913734745210073
62622,6,100.0,100.0,0.0,7.75,149,166,/home/jasongao/Data/STU/val/149/velodyne/000166.bin,6,419,0,62203,1.411764705882353,100.0,0.6690939286512727,-2.34375,7.96875,3,0,3,62622,100.0,50.0,0.0,6,0,0,62622,100.0,100.0,0.0,6,169,0,62453,3.4285714285714284,100.0,0.26987320749896204,6,2235,0,60387,0.2677376171352075,100.0,3.5690332471016575
62073,7,100.0,100.0,0.0,7.375,149,167,/home/jasongao/Data/STU/val/149/velodyne/000167.bin,7,276,0,61797,2.4734982332155475,100.0,0.4446377652119279,-5.6875,11.625,4,0,3,62073,100.0,57.142857142857146,0.0,7,2,0,62071,77.77777777777777,100.0,0.0032220127913907817,7,22,0,62051,24.137931034482758,100.0,0.0354421407052986,7,1690,0,60383,0.41249263406010606,100.0,2.7226008087252107
63068,7,100.0,100.0,0.0,7.15625,149,168,/home/jasongao/Data/STU/val/149/velodyne/000168.bin,7,507,0,62561,1.3618677042801557,100.0,0.8038942094247479,-1.28125,11.1875,5,0,2,63068,100.0,71.42857142857143,0.0,7,3,0,63065,70.0,100.0,0.004756770469968923,7,140,0,62928,4.761904761904762,100.0,0.22198262193188303,7,2130,0,60938,0.32756200280767434,100.0,3.3773070336779347
64740,7,100.0,100.0,0.0,7.96875,149,169,/home/jasongao/Data/STU/val/149/velodyne/000169.bin,7,570,0,64170,1.2131715771230502,100.0,0.8804448563484708,-3.40625,9.25,0,0,7,64740,,0.0,0.0,7,6,0,64734,53.84615384615385,100.0,0.009267840593141797,7,76,0,64664,8.433734939759036,100.0,0.11739264751312944,7,2579,0,62161,0.27068832173240526,100.0,3.983626814952116
66646,5,62.952380952380935,99.99759925576929,0.0030009302883894006,3.171875,149,170,/home/jasongao/Data/STU/val/149/velodyne/000170.bin,5,254,0,66392,1.9305019305019304,100.0,0.3811181466254539,-5.53125,4.0,0,0,5,66646,,0.0,0.0,5,2,0,66644,71.42857142857143,100.0,0.0030009302883894006,5,21,0,66625,19.23076923076923,100.0,0.031509768028088705,5,3249,0,63397,0.15365703749231716,100.0,4.875011253488582
68962,8,100.0,100.0,0.0,7.65625,149,171,/home/jasongao/Data/STU/val/149/velodyne/000171.bin,8,787,0,68175,1.0062893081761006,100.0,1.1412082016182825,0.6484375,8.8125,2,0,6,68962,100.0,25.0,0.0,8,0,0,68962,100.0,100.0,0.0,8,455,0,68507,1.7278617710583153,100.0,0.6597836489660973,8,3059,0,65903,0.26084121291164003,100.0,4.435776224587454
71845,8,100.0,100.0,0.0,2.328125,149,172,/home/jasongao/Data/STU/val/149/velodyne/000172.bin,8,332,0,71513,2.3529411764705883,100.0,0.4621059224719883,-4.21875,3.453125,0,0,8,71845,,0.0,0.0,6,0,2,71845,100.0,75.0,0.0,8,47,0,71798,14.545454545454545,100.0,0.06541860950657666,8,3180,0,68665,0.25094102885821834,100.0,4.426195281508804
73894,8,100.0,100.0,0.0,4.625,149,173,/home/jasongao/Data/STU/val/149/velodyne/000173.bin,8,492,0,73402,1.6,100.0,0.6658186050288251,-4.34375,6.21875,0,0,8,73894,,0.0,0.0,8,1,0,73893,88.88888888888889,100.0,0.0013532898476195632,8,49,0,73845,14.035087719298245,100.0,0.06631120253335859,8,3356,0,70538,0.23781212841854935,100.0,4.541640728611254
73342,8,82.27678571428572,99.99863652477434,0.0027269504513102996,8.25,149,174,/home/jasongao/Data/STU/val/149/velodyne/000174.bin,8,1039,0,72303,0.7640878701050621,100.0,1.4166507594557007,1.5,9.875,3,1,5,73341,75.0,37.5,0.0013634752256551498,8,2,0,73340,80.0,100.0,0.0027269504513102996,8,309,0,73033,2.5236593059936907,100.0,0.4213138447274413,8,3309,0,70033,0.2411817907747965,100.0,4.511739521692891
75035,8,100.0,100.0,0.0,9.6875,149,175,/home/jasongao/Data/STU/val/149/velodyne/000175.bin,8,400,0,74635,1.9607843137254901,100.0,0.5330845605384154,-5.15625,11.0625,7,0,1,75035,100.0,87.5,0.0,8,5,0,75030,61.53846153846154,100.0,0.006663557006730192,8,22,0,75013,26.666666666666668,100.0,0.029319650829612846,8,2201,0,72834,0.362154821186057,100.0,2.933297794362631
77033,9,100.0,100.0,0.0,7.96875,149,176,/home/jasongao/Data/STU/val/149/velodyne/000176.bin,9,1080,0,75953,0.8264462809917356,100.0,1.4019965469344307,-1.0546875,10.125,5,0,4,77033,100.0,55.55555555555556,0.0,9,4,0,77029,69.23076923076923,100.0,0.005192579803460854,9,494,0,76539,1.7892644135188867,100.0,0.6412836057274155,9,2696,0,74337,0.33271719038817005,100.0,3.4997987875326158
80775,11,80.23887728433183,99.99864944711742,0.0024760136180748994,2.375,149,177,/home/jasongao/Data/STU/val/149/velodyne/000177.bin,11,1160,0,79615,0.9393680614859095,100.0,1.4360878984834418,-1.578125,3.1875,0,0,11,80775,,0.0,0.0,7,1,4,80774,87.5,63.63636363636363,0.0012380068090374497,11,307,0,80468,3.459119496855346,100.0,0.38006809037449707,11,3050,0,77725,0.359359686377001,100.0,3.7759207675642217
83441,10,14.442560690790767,99.9502043359979,0.15939406287077096,1.421875,149,178,/home/jasongao/Data/STU/val/149/velodyne/000178.bin,10,1898,0,81543,0.5241090146750524,100.0,2.2746611378099497,2.25,3.140625,0,0,10,83441,,0.0,0.0,6,37,4,83404,13.953488372093023,60.0,0.044342709219688164,10,944,0,82497,1.0482180293501049,100.0,1.1313383109023143,10,4990,0,78451,0.2,100.0,5.980273486655242
86228,12,1.2855622734628818,99.44241816270043,0.7167045507259823,-3.0625,149,179,/home/jasongao/Data/STU/val/149/velodyne/000179.bin,12,2146,0,84082,0.5560704355885079,100.0,2.488750753815466,8.875,-1.9453125,0,2,12,86226,0.0,0.0,0.0023194322029967064,0,404,12,85824,0.0,0.0,0.4685253050053347,12,737,0,85491,1.6021361815754338,100.0,0.8547107668042863,12,5220,0,81008,0.22935779816513763,100.0,6.053718049821404
88827,9,100.0,100.0,0.0,7.625,149,180,/home/jasongao/Data/STU/val/149/velodyne/000180.bin,9,1117,0,87710,0.7992895204262878,100.0,1.2575005347473178,3.453125,9.375,4,0,5,88827,100.0,44.44444444444444,0.0,9,188,0,88639,4.568527918781726,100.0,0.2116473594740338,9,537,0,88290,1.6483516483516483,100.0,0.6045459150933837,9,4047,0,84780,0.22189349112426035,100.0,4.556047147826674
91432,12,100.0,99.99999999999999,0.0,6.34375,149,181,/home/jasongao/Data/STU/val/149/velodyne/000181.bin,12,958,0,90474,1.2371134020618557,100.0,1.0477732085046811,-0.875,8.6875,4,0,8,91432,100.0,33.333333333333336,0.0,12,0,0,91432,100.0,100.0,0.0,12,274,0,91158,4.195804195804196,100.0,0.29967626214016974,12,3814,0,87618,0.31364349189754315,100.0,4.17140607227229
93790,11,100.0,100.0,0.0,8.5,149,182,/home/jasongao/Data/STU/val/149/velodyne/000182.bin,11,114,0,93676,8.8,100.0,0.12154813946049685,-7.5625,11.3125,9,0,2,93790,100.0,81.81818181818181,0.0,11,7,0,93783,61.111111111111114,100.0,0.007463482247574369,11,20,0,93770,35.483870967741936,100.0,0.021324234993069624,11,1786,0,92004,0.6121313299944352,100.0,1.9042541848811174
95819,11,100.0,100.0,0.0,7.84375,149,183,/home/jasongao/Data/STU/val/149/velodyne/000183.bin,11,87,0,95732,11.224489795918368,100.0,0.09079618864734551,-8.3125,10.25,7,0,4,95819,100.0,63.63636363636363,0.0,11,1,0,95818,91.66666666666667,100.0,0.0010436343522683392,11,25,0,95794,30.555555555555557,100.0,0.026090858806708483,11,1995,0,93824,0.5483549351944168,100.0,2.082050532775337
97206,15,99.13888888888889,99.99986283425577,0.0010287430817027756,6.125,149,184,/home/jasongao/Data/STU/val/149/velodyne/000184.bin,15,463,0,96743,3.1380753138075312,100.0,0.47630804682838507,-3.015625,8.875,6,0,9,97206,100.0,40.0,0.0,15,3,0,97203,83.33333333333333,100.0,0.0030862292451083267,15,128,0,97078,10.48951048951049,100.0,0.13167911445795527,15,2521,0,94685,0.5914826498422713,100.0,2.593461308972697
98687,13,99.45054945054946,99.99992205348534,0.0010133046905874128,5.125,149,185,/home/jasongao/Data/STU/val/149/velodyne/000185.bin,13,177,0,98510,6.842105263157895,100.0,0.17935493023397206,-7.125,10.6875,8,0,5,98687,100.0,61.53846153846154,0.0,13,2,0,98685,86.66666666666667,100.0,0.0020266093811748256,13,15,0,98672,46.42857142857143,100.0,0.015199570358811192,13,2532,0,96155,0.5108055009823183,100.0,2.565687476567329
99471,16,100.0,99.99999999999999,0.0,7.5,149,186,/home/jasongao/Data/STU/val/149/velodyne/000186.bin,16,248,0,99223,6.0606060606060606,100.0,0.24931889696494455,-4.03125,9.6875,8,0,8,99471,100.0,50.0,0.0,16,1,0,99470,94.11764705882354,100.0,0.0010053181329231636,16,89,0,99382,15.238095238095237,100.0,0.08947331383016155,16,1928,0,97543,0.823045267489712,100.0,1.9382533602758594
100561,15,99.58333333333333,99.99993370524692,0.0009944212965264864,5.9375,149,187,/home/jasongao/Data/STU/val/149/velodyne/000187.bin,15,229,0,100332,6.147540983606557,100.0,0.2277224769045654,-5.90625,9.0,4,0,11,100561,100.0,26.666666666666668,0.0,15,2,0,100559,88.23529411764706,100.0,0.001988842593052973,15,57,0,100504,20.833333333333332,100.0,0.05668201390200973,15,2107,0,98454,0.706880301602262,100.0,2.095245671781307
101171,16,97.97149122807018,99.99966022872167,0.002965276610886519,5.78125,149,188,/home/jasongao/Data/STU/val/149/velodyne/000188.bin,16,543,0,100628,2.862254025044723,100.0,0.5367150665704599,-2.796875,10.3125,10,0,6,101171,100.0,62.5,0.0,16,4,0,101167,80.0,100.0,0.0039537021478486915,16,121,0,101050,11.678832116788321,100.0,0.11959948997242292,16,2634,0,98537,0.6037735849056604,100.0,2.6035128643583634
101620,17,100.0,100.0,0.0,7.1875,149,189,/home/jasongao/Data/STU/val/149/velodyne/000189.bin,17,429,0,101191,3.811659192825112,100.0,0.4221609919307223,-5.375,10.875,11,0,6,101620,100.0,64.70588235294117,0.0,17,3,0,101617,85.0,100.0,0.0029521747687463098,17,42,0,101578,28.8135593220339,100.0,0.041330446762448333,17,2519,0,99101,0.6703470031545742,100.0,2.4788427474906514
102056,21,100.0,100.0,0.0,5.53125,149,190,/home/jasongao/Data/STU/val/149/velodyne/000190.bin,21,244,0,101812,7.9245283018867925,100.0,0.23908442423767343,-6.125,10.125,12,0,9,102056,100.0,57.142857142857146,0.0,21,10,0,102046,67.74193548387096,100.0,0.00979854197695383,21,51,0,102005,29.166666666666668,100.0,0.04997256408246453,21,2058,0,99998,1.0101010101010102,100.0,2.016539938857098
101773,23,100.0,100.0,0.0,3.734375,149,191,/home/jasongao/Data/STU/val/149/velodyne/000191.bin,23,245,0,101528,8.582089552238806,100.0,0.2407318247472316,-5.0,7.90625,0,0,23,101773,,0.0,0.0,23,0,0,101773,100.0,100.0,0.0,23,78,0,101695,22.77227722772277,100.0,0.07664115236850638,23,2063,0,99710,1.102588686481304,100.0,2.0270602222593417
102630,22,99.15824915824916,99.99977855137165,0.0,6.59375,149,192,/home/jasongao/Data/STU/val/149/velodyne/000192.bin,22,395,0,102235,5.275779376498801,100.0,0.38487771606742666,-3.328125,9.375,10,0,12,102630,100.0,45.45454545454545,0.0,22,8,0,102622,73.33333333333333,100.0,0.0077949917178213,22,128,0,102502,14.666666666666666,100.0,0.1247198674851408,22,3054,0,99576,0.7152145643693107,100.0,2.9757380882782813
103117,21,99.08424908424908,99.99979219167132,0.0,8.3125,149,193,/home/jasongao/Data/STU/val/149/velodyne/000193.bin,21,261,0,102856,7.446808510638298,100.0,0.2531105443331361,-4.5625,9.75,6,0,15,103117,100.0,28.571428571428573,0.0,21,16,0,103101,56.75675675675676,100.0,0.015516355208161603,21,88,0,103029,19.26605504587156,100.0,0.08533995364488882,21,1723,0,101394,1.2041284403669725,100.0,1.6709175014789026
103528,25,87.19393341881957,99.99671586430723,0.009659222625763079,8.0625,149,194,/home/jasongao/Data/STU/val/149/velodyne/000194.bin,25,191,0,103337,11.574074074074074,100.0,0.1844911521520748,-4.9375,11.3125,17,5,8,103523,77.27272727272727,68.0,0.004829611312881539,25,15,0,103513,62.5,100.0,0.014488833938644618,25,79,0,103449,24.03846153846154,100.0,0.07630785874352831,25,1782,0,101746,1.3835085777531821,100.0,1.7212734719109806
103803,29,96.04547470841463,99.9991196852659,0.002890089881795324,8.25,149,195,/home/jasongao/Data/STU/val/149/velodyne/000195.bin,29,146,0,103657,16.571428571428573,100.0,0.1406510409140391,-6.5,11.5,25,2,4,103801,92.5925925925926,86.20689655172414,0.0019267265878635492,29,7,0,103796,80.55555555555556,100.0,0.006743543057522422,29,56,0,103747,34.11764705882353,100.0,0.053948344460179376,29,1430,0,102373,1.9876627827278959,100.0,1.3776095103224377
103887,30,97.08255633255632,99.99884489878427,0.010588427810986938,3.59375,149,196,/home/jasongao/Data/STU/val/149/velodyne/000196.bin,30,99,0,103788,23.25581395348837,100.0,0.09529585029888243,-8.1875,16.75,27,0,3,103887,100.0,90.0,0.0,29,11,1,103876,72.5,96.66666666666667,0.010588427810986938,30,25,0,103862,54.54545454545455,100.0,0.02406460866133395,30,1453,0,102434,2.0229265003371544,100.0,1.398635055396729
103814,32,99.29563492063492,99.9997591846957,0.003853044868707496,3.796875,149,197,/home/jasongao/Data/STU/val/149/velodyne/000197.bin,32,154,0,103660,17.204301075268816,100.0,0.1483422274452386,-6.84375,14.8125,27,0,5,103814,100.0,84.375,0.0,32,7,0,103807,82.05128205128206,100.0,0.006742828520238118,32,37,0,103777,46.3768115942029,100.0,0.03564066503554434,32,1778,0,102036,1.7679558011049723,100.0,1.712678444140482
103987,33,99.29527836504582,99.99970858828216,0.0,9.0,149,198,/home/jasongao/Data/STU/val/149/velodyne/000198.bin,33,176,0,103811,15.789473684210526,100.0,0.16925192572148443,-5.53125,17.125,31,0,2,103987,100.0,93.93939393939394,0.0,33,11,0,103976,75.0,100.0,0.010578245357592777,33,70,0,103917,32.03883495145631,100.0,0.06731610682104494,33,1677,0,102310,1.9298245614035088,100.0,1.6127015876984623
103844,36,98.80335516478927,99.99954525805803,0.004814914679711875,6.15625,149,199,/home/jasongao/Data/STU/val/149/velodyne/000199.bin,36,109,0,103735,24.82758620689655,100.0,0.10496514001771888,-7.90625,16.125,28,0,8,103844,100.0,77.77777777777777,0.0,36,13,0,103831,73.46938775510205,100.0,0.012518778167250876,36,29,0,103815,55.38461538461539,100.0,0.02792650514232888,36,1633,0,102211,2.156980227681246,100.0,1.5725511343938985
104001,42,99.73052787006276,99.99988553223619,0.0,7.1875,149,200,/home/jasongao/Data/STU/val/149/velodyne/000200.bin,42,111,0,103890,27.45098039215686,100.0,0.10672974298324055,-7.84375,15.8125,33,0,9,104001,100.0,78.57142857142857,0.0,42,4,0,103997,91.30434782608695,100.0,0.0038461168642609208,42,35,0,103966,54.54545454545455,100.0,0.03365352256228305,42,1619,0,102382,2.5285972305839857,100.0,1.5567158008096076
103032,43,98.33647708810102,99.99835228432079,0.0009705722493982452,7.625,149,201,/home/jasongao/Data/STU/val/149/velodyne/000201.bin,43,83,0,102949,34.12698412698413,100.0,0.08055749670005435,-8.6875,16.0,35,0,8,103032,100.0,81.3953488372093,0.0,42,5,1,103027,89.36170212765957,97.67441860465117,0.004852861246991226,42,31,1,103001,57.534246575342465,97.67441860465117,0.0300877397313456,43,1206,0,101826,3.44275420336269,100.0,1.1705101327742837
101778,50,99.53447185325743,99.99973471673643,0.0,8.1875,149,202,/home/jasongao/Data/STU/val/149/velodyne/000202.bin,50,89,0,101689,35.97122302158273,100.0,0.08744522391872507,-8.3125,14.125,45,0,5,101778,100.0,90.0,0.0,50,15,0,101763,76.92307692307692,100.0,0.014737959087425574,50,27,0,101751,64.93506493506493,100.0,0.02652832635736603,50,1627,0,100151,2.9815146094215863,100.0,1.5985772956827604
101171,50,99.80059392987964,99.9999011574463,0.000988425536962173,7.625,149,203,/home/jasongao/Data/STU/val/149/velodyne/000203.bin,50,410,0,100761,10.869565217391305,100.0,0.4052544701544909,-0.052490234375,13.3125,45,0,5,101171,100.0,90.0,0.0,50,20,0,101151,71.42857142857143,100.0,0.019768510739243458,50,271,0,100900,15.576323987538942,100.0,0.2678633205167489,50,1676,0,99495,2.8968713789107765,100.0,1.6566011999486019
100305,60,99.56949997692683,99.99977568416331,0.0009969592742136483,6.0625,149,204,/home/jasongao/Data/STU/val/149/velodyne/000204.bin,60,222,0,100083,21.27659574468085,100.0,0.22132495887542994,-5.46875,14.125,54,1,6,100304,98.18181818181819,90.0,0.0009969592742136483,60,2,0,100303,96.7741935483871,100.0,0.0019939185484272965,60,37,0,100268,61.855670103092784,100.0,0.03688749314590499,60,1717,0,98588,3.376477208778841,100.0,1.7117790738248342
99536,66,53.50392024114361,99.86266579961324,0.32350104484809517,7.90625,149,205,/home/jasongao/Data/STU/val/149/velodyne/000205.bin,66,548,0,98988,10.749185667752442,100.0,0.5505545732197396,14.0625,12.875,57,295,9,99241,16.193181818181817,86.36363636363636,0.29637518083909337,66,403,0,99133,14.072494669509595,100.0,0.40487863687510045,66,450,0,99086,12.790697674418604,100.0,0.4520977334833628,66,2023,0,97513,3.1594064145524174,100.0,2.0324304774152067
98660,82,12.969013268778331,99.73784690461946,0.27366713967159945,3.515625,149,206,/home/jasongao/Data/STU/val/149/velodyne/000206.bin,82,480,0,98180,14.590747330960854,100.0,0.48651935941617674,18.25,11.3125,56,268,26,98392,17.28395061728395,68.29268292682927,0.27163997567403203,78,277,4,98383,21.971830985915492,95.1219512195122,0.28076221366308535,82,366,0,98294,18.303571428571427,100.0,0.3709710115548348,82,2048,0,96612,3.8497652582159625,100.0,2.0758159335090207
97558,88,35.078733660077475,99.92492810803458,0.09327784497427172,5.09375,149,207,/home/jasongao/Data/STU/val/149/velodyne/000207.bin,88,266,0,97292,24.858757062146893,100.0,0.2726583160786404,2.21875,11.8125,59,79,29,97479,42.7536231884058,67.04545454545455,0.08097746981282929,88,96,0,97462,47.82608695652174,100.0,0.0984030012915394,88,147,0,97411,37.4468085106383,100.0,0.1506795957276697,88,1552,0,96006,5.365853658536586,100.0,1.5908485208798868
96646,113,97.69274096358099,99.99604431756146,0.01345115162551994,4.3125,149,208,/home/jasongao/Data/STU/val/149/velodyne/000208.bin,113,234,0,96412,32.564841498559076,100.0,0.2421207292593589,-2.34375,12.75,86,1,27,96645,98.85057471264368,76.10619469026548,0.0010347039711938414,109,22,4,96624,83.20610687022901,96.46017699115045,0.02276348736626451,112,128,1,96518,46.666666666666664,99.11504424778761,0.1324421083128117,113,1541,0,95105,6.831922611850061,100.0,1.5944788196097097
96257,130,98.66646230135474,99.9981819504036,0.008311083869225095,5.0,149,209,/home/jasongao/Data/STU/val/149/velodyne/000209.bin,130,163,0,96094,44.36860068259386,100.0,0.16933833383546132,-5.71875,14.0625,106,1,24,96256,99.06542056074767,81.53846153846153,0.0010388854836531369,126,13,4,96244,90.64748201438849,96.92307692307692,0.01350551128749078,130,69,0,96188,65.32663316582915,100.0,0.07168309837206645,130,1488,0,94769,8.034610630407911,100.0,1.5458615996758678
95862,149,99.28257344060547,99.99859977688844,0.005215831090525964,3.53125,149,210,/home/jasongao/Data/STU/val/149/velodyne/000210.bin,149,262,0,95600,36.25304136253041,100.0,0.27330954914356054,-4.03125,15.4375,123,0,26,95862,100.0,82.5503355704698,0.0,142,8,7,95854,94.66666666666667,95.30201342281879,0.008345329744841543,149,88,0,95774,62.869198312236286,100.0,0.09179862719325697,149,2099,0,93763,6.628113879003559,100.0,2.1896058918028
96018,91,99.70877403562953,99.99973104859687,0.0020829427815617905,7.4375,149,211,/home/jasongao/Data/STU/val/149/velodyne/000211.bin,91,157,0,95861,36.693548387096776,100.0,0.16351100835260055,-6.78125,14.4375,81,1,10,96017,98.78048780487805,89.01098901098901,0.0010414713907808952,91,18,0,96000,83.4862385321101,100.0,0.018746485034056116,91,30,0,95988,75.20661157024793,100.0,0.031244141723426856,91,1712,0,94306,5.0471436494731,100.0,1.7829990210168927
96137,21,100.0,100.0,0.0,13.4375,149,212,/home/jasongao/Data/STU/val/149/velodyne/000212.bin,21,152,0,95985,12.138728323699421,100.0,0.1581077004691222,-6.5,15.9375,21,0,0,96137,100.0,100.0,0.0,21,0,0,96137,100.0,100.0,0.0,21,32,0,96105,39.62264150943396,100.0,0.03328583167770993,21,1495,0,94642,1.3852242744063326,100.0,1.555072448693011
100652,9,78.76543209876543,99.9990616734447,0.00099352223502762,8.3125,149,232,/home/jasongao/Data/STU/val/149/velodyne/000232.bin,9,190,0,100462,4.522613065326633,100.0,0.18876922465524779,-6.71875,12.875,8,1,1,100651,88.88888888888889,88.88888888888889,0.00099352223502762,9,1,0,100651,90.0,100.0,0.00099352223502762,9,29,0,100623,23.68421052631579,100.0,0.028812144815800977,9,1737,0,98915,0.5154639175257731,100.0,1.7257481222429758
100890,85,96.67116866247949,99.99700314261892,0.016850034691247896,10.3125,149,233,/home/jasongao/Data/STU/val/149/velodyne/000233.bin,85,284,0,100606,23.035230352303522,100.0,0.28149469719496484,-2.765625,19.0,82,17,3,100873,82.82828282828282,96.47058823529412,0.016850034691247892,85,34,0,100856,71.42857142857143,100.0,0.033700069382495784,85,124,0,100766,40.66985645933014,100.0,0.12290613539498464,85,1277,0,99613,6.240822320117474,100.0,1.2657349588660918
101340,135,93.12458500122356,99.98767259463925,0.05821985395697652,2.078125,149,234,/home/jasongao/Data/STU/val/149/velodyne/000234.bin,134,221,1,101119,37.74647887323944,99.25925925925925,0.21807775804223406,-3.515625,11.0,82,3,53,101337,96.47058823529412,60.74074074074074,0.002960331557134399,127,56,8,101284,69.39890710382514,94.07407407407408,0.055259522399842116,133,106,2,101234,55.64853556485355,98.51851851851852,0.10459838168541544,135,1520,0,99820,8.157099697885196,100.0,1.4999013222814288
100433,112,92.77328223829397,99.97450770307425,0.20809893162605916,0.27734375,149,235,/home/jasongao/Data/STU/val/149/velodyne/000235.bin,112,585,0,99848,16.068866571018653,100.0,0.5824778708193522,2.25,10.0,56,0,56,100433,100.0,50.0,0.0,102,72,10,100361,58.62068965517241,91.07142857142857,0.07168958410084335,111,381,1,100052,22.5609756097561,99.10714285714286,0.3793573825336294,112,1772,0,98661,5.944798301486199,100.0,1.7643603198152003
101135,94,97.73647610639708,99.99787518053076,0.012854105898057053,3.4375,149,236,/home/jasongao/Data/STU/val/149/velodyne/000236.bin,94,501,0,100634,15.798319327731093,100.0,0.4953774657635833,-1.4296875,10.4375,51,0,43,101135,100.0,54.255319148936174,0.0,90,16,4,101119,84.90566037735849,95.74468085106383,0.01582043802837791,94,221,0,100914,29.841269841269842,100.0,0.2185198002669699,94,1648,0,99487,5.396096440872561,100.0,1.6295051169229249
102463,88,91.5066192615962,99.92588788147916,0.7710100231303008,-12.0625,149,237,/home/jasongao/Data/STU/val/149/velodyne/000237.bin,83,311,5,102152,21.065989847715738,94.31818181818181,0.3035241989791437,-3.5625,8.6875,16,0,72,102463,100.0,18.181818181818183,0.0,77,27,11,102436,74.03846153846153,87.5,0.026350975474073567,82,105,6,102358,43.850267379679146,93.18181818181819,0.10247601573250832,88,1545,0,100918,5.388854868340478,100.0,1.5078613743497653
104760,74,77.80211837621691,99.95948912830356,0.24818633066055745,-3.796875,149,238,/home/jasongao/Data/STU/val/149/velodyne/000238.bin,74,388,0,104372,16.017316017316016,100.0,0.37037037037037035,2.984375,13.125,48,21,26,104739,69.56521739130434,64.86486486486487,0.02004581901489118,64,105,10,104655,37.8698224852071,86.48648648648648,0.1002290950744559,70,257,4,104503,21.406727828746178,94.5945945945946,0.24532264222985872,74,1383,0,103377,5.078929306794784,100.0,1.320160366552119
105998,60,82.14985779692599,99.9873032195576,0.033962904960470955,3.9375,149,239,/home/jasongao/Data/STU/val/149/velodyne/000239.bin,60,240,0,105758,20.0,100.0,0.22641936640313967,-2.375,11.1875,36,16,24,105982,69.23076923076923,60.0,0.015094624426875978,58,39,2,105959,59.79381443298969,96.66666666666667,0.0367931470405102,60,129,0,105869,31.746031746031747,100.0,0.12170040944168758,60,1271,0,104727,4.507888805409467,100.0,1.1990792279099605
107392,52,98.03080986657245,99.99894348239663,0.01024284862932062,1.859375,149,240,/home/jasongao/Data/STU/val/149/velodyne/000240.bin,52,188,0,107204,21.666666666666668,100.0,0.1750595947556615,-6.5625,10.625,29,0,23,107392,100.0,55.76923076923077,0.0,49,6,3,107386,89.0909090909091,94.23076923076923,0.005587008343265793,52,27,0,107365,65.82278481012658,100.0,0.025141537544696068,52,1530,0,105862,3.2869785082174463,100.0,1.424687127532777
108725,43,96.99477874535937,99.99894121610421,0.004598758335249482,5.34375,149,241,/home/jasongao/Data/STU/val/149/velodyne/000241.bin,43,386,0,108339,10.023310023310023,100.0,0.35502414348126005,-3.890625,8.625,17,0,26,108725,100.0,39.53488372093023,0.0,43,8,0,108717,84.31372549019608,100.0,0.0073580133363991725,43,97,0,108628,30.714285714285715,100.0,0.08921591170383997,43,1748,0,106977,2.400893355667225,100.0,1.6077259140032192
110200,39,62.92891123156923,99.98441062869375,0.043557168784029036,6.96875,149,242,/home/jasongao/Data/STU/val/149/velodyne/000242.bin,39,522,0,109678,6.951871657754011,100.0,0.47368421052631576,4.03125,11.5625,27,21,12,110179,56.25,69.23076923076923,0.019056261343012703,38,124,1,110076,23.45679012345679,97.43589743589743,0.11252268602540835,39,304,0,109896,11.370262390670554,100.0,0.27586206896551724,39,2013,0,108187,1.9005847953216375,100.0,1.8266787658802177
111365,38,93.17381114627527,99.9064479768991,1.5022673191756837,-13.6875,149,243,/home/jasongao/Data/STU/val/149/velodyne/000243.bin,36,524,2,110841,6.428571428571429,94.73684210526316,0.47052485071611366,-2.609375,12.6875,31,0,7,111365,100.0,81.57894736842105,0.0,35,2,3,111363,94.5945945945946,92.10526315789474,0.00179589637677906,36,178,2,111187,16.822429906542055,94.73684210526316,0.15983477753333633,37,2088,1,109277,1.7411764705882353,97.36842105263158,1.8749158173573386
112621,31,89.84654976576758,99.99576083186227,0.015094875733655358,7.28125,149,244,/home/jasongao/Data/STU/val/149/velodyne/000244.bin,31,949,0,111672,3.163265306122449,100.0,0.8426492394846432,4.28125,11.8125,20,0,11,112621,100.0,64.51612903225806,0.0,31,172,0,112449,15.270935960591133,100.0,0.1527246250699248,31,594,0,112027,4.96,100.0,0.5274327168112519,31,2226,0,110395,1.3735046521931769,100.0,1.9765407872421663
113586,28,99.8768472906404,99.99996855749325,0.0,7.75,149,245,/home/jasongao/Data/STU/val/149/velodyne/000245.bin,28,805,0,112781,3.361344537815126,100.0,0.7087141020900463,2.03125,12.5,20,0,8,113586,100.0,71.42857142857143,0.0,28,57,0,113529,32.94117647058823,100.0,0.05018224076910887,28,550,0,113036,4.844290657439446,100.0,0.484214603912454,28,2186,0,111400,1.2646793134598013,100.0,1.9245329530047717
114307,25,92.89764414862222,99.99686808331948,0.03236897127909927,3.1875,149,246,/home/jasongao/Data/STU/val/149/velodyne/000246.bin,25,649,0,113658,3.7091988130563798,100.0,0.567769252976633,1.7578125,8.4375,7,0,18,114307,100.0,28.0,0.0,25,48,0,114259,34.24657534246575,100.0,0.04199217895666932,25,384,0,113923,6.112469437652812,100.0,0.33593743165335455,25,2165,0,112142,1.1415525114155252,100.0,1.8940222383581058
114971,24,99.47856280193237,99.9998912769307,0.0008697845543658836,5.5625,149,247,/home/jasongao/Data/STU/val/149/velodyne/000247.bin,24,161,0,114810,12.972972972972974,100.0,0.14003531325290725,-7.0,10.125,14,0,10,114971,100.0,58.333333333333336,0.0,24,3,0,114968,88.88888888888889,100.0,0.0026093536630976506,24,37,0,114934,39.34426229508197,100.0,0.032182028511537696,24,1701,0,113270,1.391304347826087,100.0,1.4795035269763679
115524,24,91.04518049656745,99.99320126842329,0.06319033274471104,2.578125,149,248,/home/jasongao/Data/STU/val/149/velodyne/000248.bin,24,247,0,115277,8.85608856088561,100.0,0.2138083861362141,-1.9140625,10.125,15,0,9,115524,100.0,62.5,0.0,22,67,2,115457,24.719101123595507,91.66666666666667,0.05799660676569371,24,149,0,115375,13.872832369942197,100.0,0.1289775284789308,24,1463,0,114061,1.6139878950907869,100.0,1.2664035178837298
115891,25,96.82567580567581,99.99930969618003,0.0034515190998438187,7.09375,149,249,/home/jasongao/Data/STU/val/149/velodyne/000249.bin,25,243,0,115648,9.328358208955224,100.0,0.20967978531551199,-3.015625,10.9375,19,0,6,115891,100.0,76.0,0.0,25,5,0,115886,83.33333333333333,100.0,0.004314398874804773,25,128,0,115763,16.33986928104575,100.0,0.1104486111950022,25,1444,0,114447,1.7018379850238257,100.0,1.2459983950436186
116075,22,96.31818181818183,99.9986294128013,0.0060305836743484815,5.3125,149,250,/home/jasongao/Data/STU/val/149/velodyne/000250.bin,22,261,0,115814,7.773851590106007,100.0,0.22485461985785052,-3.171875,10.1875,13,0,9,116075,100.0,59.09090909090909,0.0,22,51,0,116024,30.136986301369863,100.0,0.04393710962739608,22,122,0,115953,15.277777777777779,100.0,0.10510445832435925,22,1694,0,114381,1.2820512820512822,100.0,1.4594012491923325
115964,19,98.97243107769424,99.99981845545533,0.0017246731744334448,3.625,149,251,/home/jasongao/Data/STU/val/149/velodyne/000251.bin,19,370,0,115594,4.884318766066838,100.0,0.3190645372701873,-2.78125,11.375,12,0,7,115964,100.0,63.1578947368421,0.0,19,3,0,115961,86.36363636363636,100.0,0.0025870097616501673,19,134,0,115830,12.418300653594772,100.0,0.1155531026870408,19,1865,0,114099,1.0084925690021231,100.0,1.6082577351591874
115124,17,100.0,100.0,0.0,1.8828125,149,252,/home/jasongao/Data/STU/val/149/velodyne/000252.bin,17,273,0,114851,5.862068965517241,100.0,0.23713561029846078,-5.34375,9.1875,7,0,10,115124,100.0,41.1764705882353,0.0,15,0,2,115124,100.0,88.23529411764706,0.0,17,60,0,115064,22.07792207792208,100.0,0.052117716549112264,17,2064,0,113060,0.8169149447381067,100.0,1.7928494492894618
114728,12,97.90695415695416,99.99981841108246,0.0008716268042674849,8.6875,149,253,/home/jasongao/Data/STU/val/149/velodyne/000253.bin,12,485,0,114243,2.414486921529175,100.0,0.42273900006973014,-1.1015625,9.4375,5,0,7,114728,100.0,41.666666666666664,0.0,12,37,0,114691,24.489795918367346,100.0,0.03225019175789694,12,245,0,114483,4.669260700389105,100.0,0.2135485670455338,12,2098,0,112630,0.5687203791469194,100.0,1.8286730353531833
114315,14,100.0,100.0,0.0,5.46875,149,254,/home/jasongao/Data/STU/val/149/velodyne/000254.bin,14,579,0,113736,2.360876897133221,100.0,0.5064952106022832,-2.875,9.375,4,0,10,114315,100.0,28.571428571428573,0.0,14,3,0,114312,82.3529411764706,100.0,0.002624327516074006,14,157,0,114158,8.187134502923977,100.0,0.13733980667453966,14,2461,0,111854,0.5656565656565656,100.0,2.1528233390193763
114571,12,96.85457516339868,99.99956358939,0.004364106100147507,5.40625,149,255,/home/jasongao/Data/STU/val/149/velodyne/000255.bin,12,554,0,114017,2.1201413427561837,100.0,0.4835429558963438,-1.5078125,10.6875,10,0,2,114571,100.0,83.33333333333333,0.0,12,5,0,114566,70.58823529411765,100.0,0.004364106100147507,12,243,0,114328,4.705882352941177,100.0,0.21209555646716882,12,2344,0,112227,0.5093378607809848,100.0,2.045892939749151
115000,11,98.4159779614325,99.99984189723318,0.0008695652173913043,8.1875,149,256,/home/jasongao/Data/STU/val/149/velodyne/000256.bin,11,881,0,114119,1.2331838565022422,100.0,0.7660869565217391,-2.03125,10.4375,7,0,4,115000,100.0,63.63636363636363,0.0,11,1,0,114999,91.66666666666667,100.0,0.0008695652173913044,11,334,0,114666,3.1884057971014492,100.0,0.29043478260869565,11,2870,0,112130,0.3818118708781673,100.0,2.4956521739130433
115480,13,97.04231665770128,99.99966694199462,0.0017319016279875303,1.8359375,149,257,/home/jasongao/Data/STU/val/149/velodyne/000257.bin,13,664,0,114816,1.9202363367799113,100.0,0.5749913404918601,-2.40625,11.0,8,0,5,115480,100.0,61.53846153846154,0.0,12,1,1,115479,92.3076923076923,92.3076923076923,0.0008659508139937652,13,235,0,115245,5.241935483870968,100.0,0.2034984412885348,13,2488,0,112992,0.5197920831667333,100.0,2.1544856252164877
116121,10,100.0,100.0,0.0,6.6875,149,258,/home/jasongao/Data/STU/val/149/velodyne/000258.bin,10,780,0,115341,1.2658227848101267,100.0,0.6717131268246054,1.9453125,7.625,0,0,10,116121,,0.0,0.0,10,50,0,116071,16.666666666666668,100.0,0.04305853377080804,10,487,0,115634,2.0120724346076457,100.0,0.41939011892767025,10,2277,0,113844,0.4372540445999126,100.0,1.960885627922598
116706,10,100.0,100.0,0.0,7.3125,149,259,/home/jasongao/Data/STU/val/149/velodyne/000259.bin,10,377,0,116329,2.5839793281653747,100.0,0.32303394855448736,-3.515625,8.9375,4,0,6,116706,100.0,40.0,0.0,10,3,0,116703,76.92307692307692,100.0,0.0025705619248367695,10,124,0,116582,7.462686567164179,100.0,0.10624989289325314,10,1759,0,114947,0.5652911249293386,100.0,1.5072061419292924
117100,9,88.88888888888889,99.9983869437328,0.007685738684884714,5.6875,149,260,/home/jasongao/Data/STU/val/149/velodyne/000260.bin,9,625,0,116475,1.4195583596214512,100.0,0.533731853116994,0.703125,9.0625,3,0,6,117100,100.0,33.333333333333336,0.0,9,47,0,117053,16.071428571428573,100.0,0.04013663535439795,9,385,0,116715,2.284263959390863,100.0,0.3287788215200683,9,2150,0,114950,0.41685965724872626,100.0,1.8360375747224595
117566,8,100.0,100.0,0.0,8.8125,149,261,/home/jasongao/Data/STU/val/149/velodyne/000261.bin,8,189,0,117377,4.060913705583756,100.0,0.16076076416651072,-6.84375,9.9375,4,0,4,117566,100.0,50.0,0.0,8,3,0,117563,72.72727272727273,100.0,0.002551758161373186,8,31,0,117535,20.512820512820515,100.0,0.026368167667522924,8,1709,0,115857,0.46592894583576006,100.0,1.453651565928925
117949,9,100.0,100.0,0.0,7.25,149,262,/home/jasongao/Data/STU/val/149/velodyne/000262.bin,9,273,0,117676,3.1914893617021276,100.0,0.2314559682574672,-4.03125,9.3125,3,0,6,117949,100.0,33.333333333333336,0.0,9,0,0,117949,100.0,100.0,0.0,9,103,0,117846,8.035714285714286,100.0,0.08732587813376969,9,1527,0,116422,0.5859375,100.0,1.2946273389346243
118198,5,100.0,100.0,0.0,11.625,149,263,/home/jasongao/Data/STU/val/149/velodyne/000263.bin,5,91,0,118107,5.208333333333333,100.0,0.07698945836646982,-8.5,11.8125,5,0,0,118198,100.0,100.0,0.0,5,5,0,118193,50.0,100.0,0.004230190020135705,5,7,0,118191,41.666666666666664,100.0,0.005922266028189987,5,1603,0,116595,0.31094527363184077,100.0,1.356198920455507
118479,5,8.029249435623306,99.97037449674626,0.04051350872306485,-2.984375,149,264,/home/jasongao/Data/STU/val/149/velodyne/000264.bin,5,188,0,118291,2.5906735751295336,100.0,0.1586779091653373,-6.75,-2.453125,0,0,5,118479,,0.0,0.0,0,0,5,118479,,0.0,0.0,5,54,0,118425,8.474576271186441,100.0,0.045577697313447955,5,2327,0,116152,0.2144082332761578,100.0,1.9640611416369145
118599,5,94.28571428571428,99.99966272902807,0.0016863548596531169,4.65625,149,265,/home/jasongao/Data/STU/val/149/velodyne/000265.bin,5,415,0,118184,1.1904761904761905,100.0,0.34991863337802176,-1.0,6.78125,0,0,5,118599,,0.0,0.0,5,8,0,118591,38.46153846153846,100.0,0.006745419438612467,5,205,0,118394,2.380952380952381,100.0,0.17285137311444448,5,2028,0,116571,0.24594195769798327,100.0,1.7099638276882605
118652,5,100.0,99.99999999999999,0.0,8.625,149,266,/home/jasongao/Data/STU/val/149/velodyne/000266.bin,5,370,0,118282,1.3333333333333333,100.0,0.3118362943734619,-3.671875,9.375,2,0,3,118652,100.0,40.0,0.0,5,0,0,118652,100.0,100.0,0.0,5,120,0,118532,4.0,100.0,0.10113609547247412,5,2110,0,116542,0.2364066193853428,100.0,1.7783096787243367
118683,5,100.0,99.99999999999999,0.0,6.625,149,267,/home/jasongao/Data/STU/val/149/velodyne/000267.bin,5,575,0,118108,0.8620689655172413,100.0,0.4844838772191468,-1.359375,7.65625,0,0,5,118683,,0.0,0.0,5,22,0,118661,18.51851851851852,100.0,0.018536774432732574,5,240,0,118443,2.0408163265306123,100.0,0.20221935744799172,5,2786,0,115897,0.17914725904693657,100.0,2.3474297077087702
118661,8,77.02020202020202,99.9981038420374,0.0033709474890654886,7.5,149,269,/home/jasongao/Data/STU/val/149/velodyne/000269.bin,8,408,0,118253,1.9230769230769231,100.0,0.3438366438846799,-4.9375,7.8125,3,0,5,118661,100.0,37.5,0.0,8,4,0,118657,66.66666666666667,100.0,0.003370947489065489,8,49,0,118612,14.035087719298245,100.0,0.041294106741052244,8,3019,0,115642,0.26428807400066073,100.0,2.544222617372178
118598,8,100.0,100.0,0.0,6.65625,149,270,/home/jasongao/Data/STU/val/149/velodyne/000270.bin,8,723,0,117875,1.094391244870041,100.0,0.6096224219632709,-2.515625,7.75,2,0,6,118598,100.0,25.0,0.0,8,3,0,118595,72.72727272727273,100.0,0.0025295536181048585,8,222,0,118376,3.4782608695652173,100.0,0.1871869677397595,8,2970,0,115628,0.2686366689053056,100.0,2.50425808192381
118493,8,100.0,100.0,0.0,6.1875,149,271,/home/jasongao/Data/STU/val/149/velodyne/000271.bin,8,732,0,117761,1.0810810810810811,100.0,0.6177580110217481,-1.5078125,7.34375,0,0,8,118493,,0.0,0.0,8,12,0,118481,40.0,100.0,0.010127180508553248,8,259,0,118234,2.9962546816479403,100.0,0.21857831264294092,8,2742,0,115751,0.2909090909090909,100.0,2.314060746204417
118240,5,100.0,100.0,0.0,9.3125,149,274,/home/jasongao/Data/STU/val/149/velodyne/000274.bin,5,710,0,117530,0.6993006993006993,100.0,0.6004736129905277,3.0625,9.75,1,0,4,118240,100.0,20.0,0.0,5,126,0,118114,3.816793893129771,100.0,0.10656292286874154,5,401,0,117839,1.2315270935960592,100.0,0.33914073071718537,5,2238,0,116002,0.22291573785109228,100.0,1.8927604871447903
118135,7,100.0,100.0,0.0,7.21875,149,275,/home/jasongao/Data/STU/val/149/velodyne/000275.bin,7,518,0,117617,1.3333333333333333,100.0,0.43848139840013545,-1.6171875,8.4375,0,0,7,118135,,0.0,0.0,7,3,0,118132,70.0,100.0,0.0025394675583019426,7,241,0,117894,2.8225806451612905,100.0,0.20400389385025605,7,2650,0,115485,0.26345502446368085,100.0,2.243196343166716
117969,6,97.61904761904762,99.99985871994619,0.000847680322796667,6.34375,149,276,/home/jasongao/Data/STU/val/149/velodyne/000276.bin,6,283,0,117686,2.0761245674740483,100.0,0.23989353135145675,-4.3125,9.0625,3,0,3,117969,100.0,50.0,0.0,6,7,0,117962,46.15384615384615,100.0,0.005933762259576669,6,107,0,117862,5.3097345132743365,100.0,0.09070179453924336,6,2637,0,115332,0.22701475595913734,100.0,2.2353330112148107
115246,6,71.32936507936508,99.99732456368696,0.010412508894018013,-0.275390625,149,284,/home/jasongao/Data/STU/val/149/velodyne/000284.bin,6,1149,0,114097,0.5194805194805194,100.0,0.9969977266022249,-3.890625,1.328125,0,0,6,115246,,0.0,0.0,0,0,6,115246,,0.0,0.0,6,90,0,115156,6.25,100.0,0.0780938167051351,6,5325,0,109921,0.11254924029262803,100.0,4.620550821720493
109118,6,0.10006941899498843,96.81613788131503,4.885536758371671,-15.125,149,292,/home/jasongao/Data/STU/val/149/velodyne/000292.bin,0,783,6,108335,0.0,0.0,0.7175718030022544,-1.8203125,-14.75,0,0,6,109118,,0.0,0.0,0,3,6,109115,0.0,0.0,0.002749317252882201,0,323,6,108795,0.0,0.0,0.29600982422698363,3,4627,3,104491,0.06479481641468683,50.0,4.2403636430286475
102697,6,100.0,100.0,0.0,5.46875,150,136,/home/jasongao/Data/STU/val/150/velodyne/000136.bin,6,297,0,102400,1.9801980198019802,100.0,0.2892002687517649,-0.028076171875,6.0625,0,0,6,102697,,0.0,0.0,6,11,0,102686,35.294117647058826,100.0,0.010711121064880182,6,182,0,102515,3.1914893617021276,100.0,0.17722036670983574,6,1693,0,101004,0.3531489111241907,100.0,1.6485389057129225
102371,6,1.891760062380797,99.82482018019427,0.1787615633333659,-0.306640625,150,139,/home/jasongao/Data/STU/val/150/velodyne/000139.bin,6,358,0,102013,1.6483516483516483,100.0,0.3497084135155464,3.59375,0.07958984375,0,0,6,102371,,0.0,0.0,0,120,6,102251,0.0,0.0,0.11722069726778092,6,244,0,102127,2.4,100.0,0.23834875111115453,6,1801,0,100570,0.3320420586607637,100.0,1.7592872981606118
102585,6,2.2476020206786487,99.8607658689542,0.16181702978018228,-4.4375,150,140,/home/jasongao/Data/STU/val/150/velodyne/000140.bin,6,298,0,102287,1.9736842105263157,100.0,0.29049081249695374,-2.8125,-4.25,0,0,6,102585,,0.0,0.0,0,5,6,102580,0.0,0.0,0.004874006921089828,2,141,4,102444,1.3986013986013985,33.333333333333336,0.13744699517473316,6,2090,0,100495,0.2862595419847328,100.0,2.037334893015548
102868,5,0.43247367529131997,99.33575067076254,0.6902049228137029,-8.4375,150,142,/home/jasongao/Data/STU/val/150/velodyne/000142.bin,4,694,1,102174,0.5730659025787965,80.0,0.6746510090601547,6.3125,-7.78125,0,2,5,102866,0.0,0.0,0.0019442392191935296,0,334,5,102534,0.0,0.0,0.32468794960531944,0,563,5,102305,0.0,0.0,0.5473033402029785,5,1953,0,100915,0.2553626149131767,100.0,1.8985495975424815
87129,7,57.354244196349455,99.98409583163225,0.05394300405146392,6.375,150,147,/home/jasongao/Data/STU/val/150/velodyne/000147.bin,7,553,0,86576,1.25,100.0,0.6346910902225436,5.09375,9.9375,3,4,4,87125,42.857142857142854,42.857142857142854,0.004590893961826717,7,157,0,86972,4.2682926829268295,100.0,0.18019258800169863,7,395,0,86734,1.7412935323383085,100.0,0.45335077873038826,7,1652,0,85477,0.4219409282700422,100.0,1.896039206234434
85025,7,11.655066786600097,99.94077372201453,0.14231108497500736,5.0,150,148,/home/jasongao/Data/STU/val/150/velodyne/000148.bin,7,777,0,84248,0.8928571428571429,100.0,0.9138488679800059,6.125,8.125,0,1,7,85024,0.0,0.0,0.0011761246692149367,7,255,0,84770,2.6717557251908395,100.0,0.2999117906498089,7,584,0,84441,1.1844331641285957,100.0,0.6868568068215231,7,2035,0,82990,0.3428011753183154,100.0,2.3934137018523964
84569,7,12.217838145190003,99.90202421353315,0.23176341212501037,7.1875,150,149,/home/jasongao/Data/STU/val/150/velodyne/000149.bin,7,842,0,83727,0.8244994110718492,100.0,0.9956366990268302,8.8125,9.125,2,29,5,84540,6.451612903225806,28.571428571428573,0.034291525263394386,7,444,0,84125,1.5521064301552105,100.0,0.525015076446452,7,677,0,83892,1.023391812865497,100.0,0.800529744942,7,1780,0,82789,0.39171796306659207,100.0,2.1047901713393795
85153,7,52.68635875402792,99.97928099169393,0.058717837304616396,7.59375,150,150,/home/jasongao/Data/STU/val/150/velodyne/000150.bin,7,841,0,84312,0.8254716981132075,100.0,0.9876340234636478,5.90625,8.5,3,0,4,85153,100.0,42.857142857142854,0.0,7,257,0,84896,2.6515151515151514,100.0,0.30180968374572825,7,625,0,84528,1.1075949367088607,100.0,0.7339729663077049,7,2142,0,83011,0.3257328990228013,100.0,2.5154721501297663
86233,5,55.04385964912281,99.9907228091334,0.02203332830818828,6.71875,150,152,/home/jasongao/Data/STU/val/150/velodyne/000152.bin,5,953,0,85280,0.5219206680584552,100.0,1.1051453619843912,4.21875,7.84375,0,0,5,86233,,0.0,0.0,5,130,0,86103,3.7037037037037037,100.0,0.15075435158234088,5,519,0,85714,0.9541984732824428,100.0,0.6018577574710378,5,2226,0,84007,0.22411474675033619,100.0,2.581378358633006
85449,6,100.0,99.99999999999999,0.0,5.84375,150,154,/home/jasongao/Data/STU/val/150/velodyne/000154.bin,6,552,0,84897,1.075268817204301,100.0,0.6459993680440965,-2.796875,6.65625,0,0,6,85449,,0.0,0.0,6,8,0,85441,42.857142857142854,100.0,0.0093623096817985,6,139,0,85310,4.137931034482759,100.0,0.16267013072124895,6,2257,0,83192,0.26513477684489617,100.0,2.641341618977402
84255,7,100.0,100.0,0.0,7.9375,150,155,/home/jasongao/Data/STU/val/150/velodyne/000155.bin,7,854,0,83401,0.8130081300813008,100.0,1.013589697940775,-1.453125,9.25,2,0,5,84255,100.0,28.571428571428573,0.0,7,7,0,84248,50.0,100.0,0.008308112278203075,7,291,0,83964,2.348993288590604,100.0,0.34538009613672777,7,2642,0,81613,0.2642506606266516,100.0,3.1357189484303603
84355,8,97.5,99.99970363345385,0.00237093236915417,4.03125,150,156,/home/jasongao/Data/STU/val/150/velodyne/000156.bin,8,158,0,84197,4.819277108433735,100.0,0.18730365716317943,-5.6875,7.5,3,0,5,84355,100.0,37.5,0.0,8,6,0,84349,57.142857142857146,100.0,0.00711279710746251,8,46,0,84309,14.814814814814815,100.0,0.05453144449054591,8,1902,0,82453,0.418848167539267,100.0,2.2547566830656156
83403,6,94.84126984126983,99.99960033412067,0.0011989976379746532,6.78125,150,157,/home/jasongao/Data/STU/val/150/velodyne/000157.bin,6,434,0,82969,1.3636363636363635,100.0,0.5203649748809995,-4.65625,7.625,0,0,6,83403,,0.0,0.0,6,11,0,83392,35.294117647058826,100.0,0.013188974017721185,6,52,0,83351,10.344827586206897,100.0,0.062347877174681966,6,2582,0,80821,0.23183925811437403,100.0,3.0958119012505545
80787,7,94.04761904761905,99.99946950446412,0.0012378229170534863,6.03125,150,159,/home/jasongao/Data/STU/val/150/velodyne/000159.bin,7,343,0,80444,2.0,100.0,0.4245732605493458,-5.1875,8.125,3,0,4,80787,100.0,42.857142857142854,0.0,7,2,0,80785,77.77777777777777,100.0,0.0024756458341069726,7,21,0,80766,25.0,100.0,0.02599428125812321,7,2571,0,78216,0.27152831652443754,100.0,3.1824427197445133
78611,6,55.23252575884155,99.99045935047256,0.026713818676775518,4.15625,150,160,/home/jasongao/Data/STU/val/150/velodyne/000160.bin,6,2501,0,76110,0.23932987634623054,100.0,3.1814885957435983,2.53125,6.03125,0,0,6,78611,,0.0,0.0,6,50,0,78561,10.714285714285714,100.0,0.06360433018279885,6,1452,0,77159,0.411522633744856,100.0,1.8470697485084784,6,4189,0,74422,0.1430274135876043,100.0,5.328770782714887
77635,7,100.0,99.99999999999999,0.0,6.6875,150,161,/home/jasongao/Data/STU/val/150/velodyne/000161.bin,7,152,0,77483,4.40251572327044,100.0,0.19578798222451213,-5.84375,9.375,3,0,4,77635,100.0,42.857142857142854,0.0,7,2,0,77633,77.77777777777777,100.0,0.002576157660848844,7,39,0,77596,15.217391304347826,100.0,0.050235074386552454,7,1981,0,75654,0.352112676056338,100.0,2.55168416307078
77025,8,100.0,100.0,0.0,7.65625,150,162,/home/jasongao/Data/STU/val/150/velodyne/000162.bin,8,1989,0,75036,0.400600901352028,100.0,2.5822784810126582,1.5546875,8.25,1,0,7,77025,100.0,12.5,0.0,8,1,0,77024,88.88888888888889,100.0,0.0012982797792924375,8,1180,0,75845,0.6734006734006734,100.0,1.5319701395650762,8,3552,0,73473,0.2247191011235955,100.0,4.611489776046738
76889,8,100.0,100.0,0.0,8.9375,150,163,/home/jasongao/Data/STU/val/150/velodyne/000163.bin,8,1121,0,75768,0.70859167404783,100.0,1.457945870020419,3.03125,9.75,4,0,4,76889,100.0,50.0,0.0,8,82,0,76807,8.88888888888889,100.0,0.10664724472941513,8,637,0,76252,1.2403100775193798,100.0,0.8284670108858224,8,3690,0,73199,0.21633315305570577,100.0,4.799126012823681
75844,8,100.0,99.99999999999999,0.0,7.25,150,164,/home/jasongao/Data/STU/val/150/velodyne/000164.bin,8,209,0,75635,3.686635944700461,100.0,0.275565634723907,-5.3125,7.71875,2,0,6,75844,100.0,25.0,0.0,8,0,0,75844,100.0,100.0,0.0,8,37,0,75807,17.77777777777778,100.0,0.04878434681715099,8,2004,0,73840,0.3976143141153082,100.0,2.6422657032856915
72987,8,98.61111111111111,99.99982873662432,0.0013701070053571184,8.5625,150,165,/home/jasongao/Data/STU/val/150/velodyne/000165.bin,8,388,0,72599,2.0202020202020203,100.0,0.5316015180785619,-1.0546875,10.625,5,0,3,72987,100.0,62.5,0.0,8,9,0,72978,47.05882352941177,100.0,0.012330963048214065,8,180,0,72807,4.25531914893617,100.0,0.2466192609642813,8,2390,0,70597,0.3336113427856547,100.0,3.274555742803513
69942,11,92.77434983317336,99.99857024391639,0.008578536501672814,4.34375,150,166,/home/jasongao/Data/STU/val/150/velodyne/000166.bin,11,355,0,69587,3.0054644808743167,100.0,0.5075634096823082,-3.265625,6.5625,0,0,11,69942,,0.0,0.0,11,8,0,69934,57.89473684210526,100.0,0.011438048668897086,11,76,0,69866,12.64367816091954,100.0,0.10866146235452231,11,2542,0,67400,0.4308656482569526,100.0,3.6344399645420493
67207,8,100.0,99.99999999999999,0.0,4.65625,150,167,/home/jasongao/Data/STU/val/150/velodyne/000167.bin,8,205,0,67002,3.755868544600939,100.0,0.30502775008555655,-5.09375,6.15625,1,0,7,67207,100.0,12.5,0.0,8,1,0,67206,88.88888888888889,100.0,0.001487940244319788,8,22,0,67185,26.666666666666668,100.0,0.032734685375035336,8,1923,0,65284,0.4142931123770067,100.0,2.8613090898269524
65467,10,95.5811965811966,99.99923625643453,0.004582461392762766,0.984375,150,168,/home/jasongao/Data/STU/val/150/velodyne/000168.bin,10,306,0,65161,3.1645569620253164,100.0,0.4674110620618021,-5.28125,4.15625,0,0,10,65467,,0.0,0.0,7,0,3,65467,100.0,70.0,0.0,10,18,0,65449,35.714285714285715,100.0,0.027494768356576597,10,2289,0,63178,0.43497172683775553,100.0,3.4964180426779903
64383,9,100.0,100.0,0.0,3.078125,150,169,/home/jasongao/Data/STU/val/150/velodyne/000169.bin,9,525,0,63858,1.6853932584269662,100.0,0.8154326452635012,-4.4375,6.71875,0,0,9,64383,,0.0,0.0,9,0,0,64383,100.0,100.0,0.0,9,45,0,64338,16.666666666666668,100.0,0.06989422673687154,9,2214,0,62169,0.4048582995951417,100.0,3.4387959554540797
64179,8,100.0,100.0,0.0,10.75,150,170,/home/jasongao/Data/STU/val/150/velodyne/000170.bin,8,332,0,63847,2.3529411764705883,100.0,0.5173031677028311,-4.09375,14.0,8,0,0,64179,100.0,100.0,0.0,8,4,0,64175,66.66666666666667,100.0,0.006232568285576279,8,60,0,64119,11.764705882352942,100.0,0.09348852428364418,8,2088,0,62091,0.3816793893129771,100.0,3.2534006450708177
65250,9,100.0,100.0,0.0,12.375,150,171,/home/jasongao/Data/STU/val/150/velodyne/000171.bin,9,585,0,64665,1.5151515151515151,100.0,0.896551724137931,-1.328125,14.1875,9,0,0,65250,100.0,100.0,0.0,9,6,0,65244,60.0,100.0,0.009195402298850575,9,212,0,65038,4.072398190045249,100.0,0.32490421455938695,9,1944,0,63306,0.4608294930875576,100.0,2.9793103448275864
66585,8,100.0,100.0,0.0,9.625,150,172,/home/jasongao/Data/STU/val/150/velodyne/000172.bin,8,339,0,66246,2.3054755043227666,100.0,0.509123676503717,-5.15625,11.5625,7,0,1,66585,100.0,87.5,0.0,8,12,0,66573,40.0,100.0,0.018022077044379366,8,22,0,66563,26.666666666666668,100.0,0.03304047458136217,8,1816,0,64769,0.43859649122807015,100.0,2.727340992716077
67989,9,91.88983855650523,99.99869259896616,0.005883304652223154,6.90625,150,173,/home/jasongao/Data/STU/val/150/velodyne/000173.bin,9,132,0,67857,6.382978723404255,100.0,0.19414905352336406,-6.5,12.8125,5,0,4,67989,100.0,55.55555555555556,0.0,9,7,0,67982,56.25,100.0,0.010295783141390518,9,24,0,67965,27.272727272727273,100.0,0.035299827913338924,9,2121,0,65868,0.4225352112676056,100.0,3.119622291841327
69888,13,94.55374753451677,99.99889933784164,0.004292582417582418,5.90625,150,174,/home/jasongao/Data/STU/val/150/velodyne/000174.bin,13,180,0,69708,6.7357512953367875,100.0,0.25755494505494503,-4.65625,10.8125,8,0,5,69888,100.0,61.53846153846154,0.0,13,3,0,69885,81.25,100.0,0.004292582417582418,13,47,0,69841,21.666666666666668,100.0,0.06725045787545787,13,2776,0,67112,0.4661168877733955,100.0,3.972069597069597
72153,11,100.0,100.0,0.0,8.125,150,175,/home/jasongao/Data/STU/val/150/velodyne/000175.bin,11,415,0,71738,2.5821596244131455,100.0,0.5751666597369479,-5.03125,9.625,5,0,6,72153,100.0,45.45454545454545,0.0,11,0,0,72153,100.0,100.0,0.0,11,15,0,72138,42.30769230769231,100.0,0.02078915637603426,11,2839,0,69314,0.38596491228070173,100.0,3.9346943301040844
74396,11,95.43335452426362,99.99926682275195,0.0026883165761600086,7.09375,150,176,/home/jasongao/Data/STU/val/150/velodyne/000176.bin,11,83,0,74313,11.702127659574469,100.0,0.11156513791064036,-7.8125,11.8125,8,0,3,74396,100.0,72.72727272727273,0.0,11,5,0,74391,68.75,100.0,0.006720791440400021,11,7,0,74389,61.111111111111114,100.0,0.00940910801656003,11,1920,0,72476,0.5696530295183843,100.0,2.580783913113608
75518,14,99.52380952380952,99.99990541517066,0.0013241876109007123,4.3125,150,177,/home/jasongao/Data/STU/val/150/velodyne/000177.bin,14,401,0,75117,3.3734939759036147,100.0,0.5309992319711857,-4.1875,10.75,9,0,5,75518,100.0,64.28571428571429,0.0,14,1,0,75517,93.33333333333333,100.0,0.0013241876109007125,14,57,0,75461,19.718309859154928,100.0,0.0754786938213406,14,2734,0,72784,0.5094614264919942,100.0,3.620328928202548
75496,13,100.0,100.0,0.0,6.125,150,178,/home/jasongao/Data/STU/val/150/velodyne/000178.bin,13,650,0,74846,1.9607843137254901,100.0,0.8609727667691004,-2.25,10.875,8,0,5,75496,100.0,61.53846153846154,0.0,13,0,0,75496,100.0,100.0,0.0,13,174,0,75322,6.951871657754011,100.0,0.23047578679665148,13,2960,0,72536,0.43726875210225363,100.0,3.9207375225177494
77170,10,100.0,100.0,0.0,9.875,150,179,/home/jasongao/Data/STU/val/150/velodyne/000179.bin,10,201,0,76969,4.739336492890995,100.0,0.26046391084618375,-5.96875,14.625,9,0,1,77170,100.0,90.0,0.0,10,5,0,77165,66.66666666666667,100.0,0.006479201762342879,10,15,0,77155,40.0,100.0,0.019437605287028637,10,2069,0,75101,0.481000481000481,100.0,2.6810936892574833
78317,15,97.76315789473684,99.9994892552064,0.005107447935952603,0.09814453125,150,180,/home/jasongao/Data/STU/val/150/velodyne/000180.bin,15,751,0,77566,1.95822454308094,100.0,0.9589233499751012,-3.609375,11.4375,10,0,5,78317,100.0,66.66666666666667,0.0,14,3,1,78314,82.3529411764706,93.33333333333333,0.003830585951964452,15,81,0,78236,15.625,100.0,0.10342582070304021,15,2937,0,75380,0.508130081300813,100.0,3.7501436469731986
81001,13,83.07148407148406,99.99719851511804,0.014814631918124469,1.8359375,150,181,/home/jasongao/Data/STU/val/150/velodyne/000181.bin,13,803,0,80198,1.5931372549019607,100.0,0.9913457858544956,-3.578125,11.25,12,3,1,80998,80.0,92.3076923076923,0.0037036579795311168,12,9,1,80992,57.142857142857146,92.3076923076923,0.01111097393859335,13,86,0,80915,13.131313131313131,100.0,0.10617152874655869,13,2835,0,78166,0.45646067415730335,100.0,3.4999567906569053
84840,16,93.54786377415687,99.99830563413484,0.015322960867515324,3.953125,150,182,/home/jasongao/Data/STU/val/150/velodyne/000182.bin,16,1641,0,83199,0.9656004828002414,100.0,1.9342291371994342,1.03125,11.75,10,0,6,84840,100.0,62.5,0.0,16,20,0,84820,44.44444444444444,100.0,0.023573785950023574,16,678,0,84162,2.3054755043227666,100.0,0.7991513437057991,16,3118,0,81722,0.5105296745373324,100.0,3.675153229608675
86959,16,96.7353255404726,99.99942501638704,0.002299934451868122,7.8125,150,183,/home/jasongao/Data/STU/val/150/velodyne/000183.bin,16,2778,0,84181,0.572655690765927,100.0,3.194608953644821,3.28125,11.625,11,1,5,86958,91.66666666666667,68.75,0.001149967225934061,16,106,0,86853,13.114754098360656,100.0,0.12189652594901046,16,1497,0,85462,1.0575016523463319,100.0,1.7215009372232892,16,4918,0,82041,0.3242805026347791,100.0,5.655538817143712
89358,13,42.786304937687234,99.93470517038637,0.20703238657982498,5.96875,150,184,/home/jasongao/Data/STU/val/150/velodyne/000184.bin,13,2249,0,87109,0.5747126436781609,100.0,2.5168423644217643,8.125,8.5625,3,0,10,89358,100.0,23.076923076923077,0.0,13,361,0,88997,3.4759358288770055,100.0,0.40399292732603687,13,906,0,88452,1.4145810663764962,100.0,1.013899147250386,13,5123,0,84235,0.2531152647975078,100.0,5.733118467288883
91468,17,21.836909225351675,99.84723040394712,0.29627847990554074,7.78125,150,185,/home/jasongao/Data/STU/val/150/velodyne/000185.bin,17,1214,0,90254,1.380991064175467,100.0,1.3272401276949315,11.875,11.625,14,260,3,91208,5.109489051094891,82.3529411764706,0.28425241614553726,17,380,0,91088,4.282115869017632,100.0,0.41544583898193904,17,644,0,90824,2.571860816944024,100.0,0.704071369222023,17,3624,0,87844,0.46690469651194727,100.0,3.9620413696593344
93194,15,96.98826173826173,99.99957078781895,0.0010730304526042449,10.0625,150,186,/home/jasongao/Data/STU/val/150/velodyne/000186.bin,15,326,0,92868,4.39882697947214,100.0,0.3498079275489838,-4.9375,13.4375,15,1,0,93193,93.75,100.0,0.0010730304526042449,15,4,0,93190,78.94736842105263,100.0,0.0042921218104169795,15,56,0,93138,21.12676056338028,100.0,0.06008970534583771,15,1828,0,91366,0.8138903960933261,100.0,1.9614996673605596
94805,19,100.0,100.0,0.0,9.375,150,187,/home/jasongao/Data/STU/val/150/velodyne/000187.bin,19,259,0,94546,6.83453237410072,100.0,0.27319234217604554,-5.9375,12.3125,17,0,2,94805,100.0,89.47368421052632,0.0,19,2,0,94803,90.47619047619048,100.0,0.0021095933758767996,19,21,0,94784,47.5,100.0,0.022150730446706398,19,2317,0,92488,0.8133561643835616,100.0,2.4439639259532724
96743,21,99.35916395543725,99.9998523333545,0.001033666518507799,5.875,150,188,/home/jasongao/Data/STU/val/150/velodyne/000188.bin,21,157,0,96586,11.797752808988765,100.0,0.16228564340572443,-6.5,10.5,13,0,8,96743,100.0,61.904761904761905,0.0,21,9,0,96734,70.0,100.0,0.009302998666570191,21,43,0,96700,32.8125,100.0,0.044447660295835356,21,1799,0,94944,1.1538461538461537,100.0,1.8595660667955305
97762,19,99.49874686716792,99.9998923271231,0.002045784660706614,6.40625,150,189,/home/jasongao/Data/STU/val/150/velodyne/000189.bin,19,141,0,97621,11.875,100.0,0.14422781857981629,-6.5625,14.1875,18,0,1,97762,100.0,94.73684210526316,0.0,19,13,0,97749,59.375,100.0,0.01329760029459299,19,44,0,97718,30.158730158730158,100.0,0.04500726253554551,19,2181,0,95581,0.8636363636363636,100.0,2.2309281725005627
98923,21,98.09404463539802,99.99951862511631,0.0010108872557443667,8.6875,150,190,/home/jasongao/Data/STU/val/150/velodyne/000190.bin,21,157,0,98766,11.797752808988765,100.0,0.1587092991518656,-6.75,11.0625,17,0,4,98923,100.0,80.95238095238095,0.0,21,13,0,98910,61.76470588235294,100.0,0.013141534324676768,21,55,0,98868,27.63157894736842,100.0,0.055598799065940174,21,2384,0,96539,0.8731808731808732,100.0,2.4099552176945704
99781,23,100.0,100.0,0.0,5.71875,150,191,/home/jasongao/Data/STU/val/150/velodyne/000191.bin,23,126,0,99655,15.436241610738255,100.0,0.1262765456349405,-6.90625,12.125,16,0,7,99781,100.0,69.56521739130434,0.0,23,3,0,99778,88.46153846153847,100.0,0.003006584419879536,23,42,0,99739,35.38461538461539,100.0,0.042092181878313505,23,1837,0,97944,1.2365591397849462,100.0,1.8410318597729027
100752,21,100.0,100.0,0.0,11.3125,150,192,/home/jasongao/Data/STU/val/150/velodyne/000192.bin,21,111,0,100641,15.909090909090908,100.0,0.11017151024297285,-7.65625,13.5,21,0,0,100752,100.0,100.0,0.0,21,6,0,100746,77.77777777777777,100.0,0.005955216769890424,21,28,0,100724,42.857142857142854,100.0,0.02779101159282198,21,1452,0,99300,1.4256619144602851,100.0,1.4411624583134826
101308,26,98.90642121411352,99.99969628034539,0.001974177754965057,5.59375,150,193,/home/jasongao/Data/STU/val/150/velodyne/000193.bin,26,445,0,100863,5.520169851380042,100.0,0.43925455047972517,-5.25,12.3125,22,0,4,101308,100.0,84.61538461538461,0.0,26,4,0,101304,86.66666666666667,100.0,0.003948355509930114,26,38,0,101270,40.625,100.0,0.037509377344336084,26,2587,0,98721,0.9950248756218906,100.0,2.553598926047301
102436,23,98.11099372810452,99.99949066819241,0.0019524385958061617,9.0625,150,194,/home/jasongao/Data/STU/val/150/velodyne/000194.bin,23,101,0,102335,18.548387096774192,100.0,0.09859814908821117,-8.0625,14.4375,20,1,3,102435,95.23809523809524,86.95652173913044,0.000976219297903081,23,10,0,102426,69.6969696969697,100.0,0.009762192979030809,23,32,0,102404,41.81818181818182,100.0,0.03123901753289859,23,1748,0,100688,1.2987012987012987,100.0,1.7064313327345855
103202,27,88.3674406401679,99.98094352176638,0.1773221449196721,7.96875,150,195,/home/jasongao/Data/STU/val/150/velodyne/000195.bin,27,853,0,102349,3.0681818181818183,100.0,0.8265343694889634,8.5,13.6875,23,0,4,103202,100.0,85.18518518518519,0.0,27,586,0,102616,4.404567699836868,100.0,0.5678184531307533,27,761,0,102441,3.4263959390862944,100.0,0.7373888102943741,27,2353,0,100849,1.134453781512605,100.0,2.2799945737485707
103156,24,100.0,100.0,0.0,9.875,150,196,/home/jasongao/Data/STU/val/150/velodyne/000196.bin,24,547,0,102609,4.203152364273205,100.0,0.5302648415991315,-1.640625,14.0,22,0,2,103156,100.0,91.66666666666667,0.0,24,23,0,103133,51.06382978723404,100.0,0.022296327891736786,24,150,0,103006,13.793103448275861,100.0,0.14541083407654426,24,2507,0,100649,0.9482418016594232,100.0,2.4302997401993096
101867,29,100.0,100.0,0.0,10.5,150,197,/home/jasongao/Data/STU/val/150/velodyne/000197.bin,29,732,0,101135,3.8107752956636007,100.0,0.7185840360470025,-3.5625,13.75,28,0,1,101867,100.0,96.55172413793103,0.0,29,5,0,101862,85.29411764705883,100.0,0.004908360901960399,29,109,0,101758,21.014492753623188,100.0,0.10700226766273671,29,2504,0,99363,1.1448874851954205,100.0,2.458107139701768
100971,31,94.9133022963158,99.99554327480169,0.0614037693991344,-5.625,150,198,/home/jasongao/Data/STU/val/150/velodyne/000198.bin,31,159,0,100812,16.31578947368421,100.0,0.15747095700745758,-7.28125,13.5625,22,0,9,100971,100.0,70.96774193548387,0.0,29,4,2,100967,87.87878787878788,93.54838709677419,0.003961533509621575,29,21,2,100950,58.0,93.54838709677419,0.020798050925513265,31,2175,0,98796,1.4052583862194017,100.0,2.1540838458567313
100475,32,96.15133673078141,99.9972941030107,0.012938541925852204,1.734375,150,199,/home/jasongao/Data/STU/val/150/velodyne/000199.bin,32,604,0,99871,5.031446540880503,100.0,0.60114456332421,-2.390625,12.3125,24,0,8,100475,100.0,75.0,0.0,30,7,2,100468,81.08108108108108,93.75,0.006966907190843493,32,163,0,100312,16.41025641025641,100.0,0.1622294103010699,32,2385,0,98090,1.3239553165080677,100.0,2.373724807165962
100277,33,99.16309773401804,99.99969780677222,0.0019944753034095556,7.625,150,200,/home/jasongao/Data/STU/val/150/velodyne/000200.bin,33,352,0,99925,8.571428571428571,100.0,0.3510276534000818,-4.28125,11.6875,22,0,11,100277,100.0,66.66666666666667,0.0,33,15,0,100262,68.75,100.0,0.014958564775571666,33,84,0,100193,28.205128205128204,100.0,0.08376796274320134,33,1750,0,98527,1.8508132361189007,100.0,1.7451658904833611
101378,31,100.0,100.0,0.0,8.5,150,201,/home/jasongao/Data/STU/val/150/velodyne/000201.bin,31,222,0,101156,12.25296442687747,100.0,0.21898242222178382,-4.125,12.75,27,0,4,101378,100.0,87.09677419354838,0.0,31,20,0,101358,60.78431372549019,100.0,0.01972814614610665,31,94,0,101284,24.8,100.0,0.09272228688670126,31,1881,0,99497,1.6213389121338913,100.0,1.8554321450413305
103557,39,98.02953017510944,99.99772205224275,0.0028969552999797213,7.53125,150,202,/home/jasongao/Data/STU/val/150/velodyne/000202.bin,39,502,0,103055,7.208872458410351,100.0,0.48475718686327335,4.09375,13.125,31,0,8,103557,100.0,79.48717948717949,0.0,39,104,0,103453,27.272727272727273,100.0,0.10042778373263034,39,189,0,103368,17.105263157894736,100.0,0.18250818389872245,39,2120,0,101437,1.8063918480778138,100.0,2.047181745319003
105585,39,99.21701619503818,99.99966001386657,0.0018942084576407635,5.5625,150,203,/home/jasongao/Data/STU/val/150/velodyne/000203.bin,39,524,0,105061,6.927175843694494,100.0,0.49628261590188,0.44921875,13.5625,29,0,10,105585,100.0,74.35897435897436,0.0,39,15,0,105570,72.22222222222223,100.0,0.014206563432305724,39,261,0,105324,13.0,100.0,0.24719420372211962,39,2293,0,103292,1.6723842195540308,100.0,2.171709996685135
106282,42,87.21176335796117,99.99376098268667,0.02352232739316159,7.4375,150,204,/home/jasongao/Data/STU/val/150/velodyne/000204.bin,42,516,0,105766,7.526881720430108,100.0,0.4855008373948552,-1.53125,12.5,28,9,14,106273,75.67567567567568,66.66666666666667,0.008468037861538172,42,42,0,106240,50.0,100.0,0.039517510020511466,42,184,0,106098,18.58407079646018,100.0,0.1731243296136693,42,1965,0,104317,2.092675635276532,100.0,1.8488549331025008
106170,41,100.0,100.0,0.0,9.75,150,205,/home/jasongao/Data/STU/val/150/velodyne/000205.bin,41,149,0,106021,21.57894736842105,100.0,0.1403409626071395,-5.75,14.9375,37,0,4,106170,100.0,90.2439024390244,0.0,41,14,0,106156,74.54545454545455,100.0,0.013186399171140624,41,66,0,106104,38.3177570093458,100.0,0.062164453235377226,41,1475,0,104695,2.704485488126649,100.0,1.3892813412451728
105480,44,98.63890506415676,99.99941824387216,0.0037921880925293893,8.75,150,206,/home/jasongao/Data/STU/val/150/velodyne/000206.bin,44,222,0,105258,16.541353383458645,100.0,0.21046643913538113,-4.59375,16.25,38,4,6,105476,90.47619047619048,86.36363636363636,0.0037921880925293893,44,23,0,105457,65.67164179104478,100.0,0.02180508153204399,44,92,0,105388,32.35294117647059,100.0,0.08722032612817596,44,1321,0,104159,3.2234432234432235,100.0,1.2523701175578308
105539,48,99.53213223167691,99.99980260061841,0.0009475170316186434,10.8125,150,207,/home/jasongao/Data/STU/val/150/velodyne/000207.bin,48,246,0,105293,16.3265306122449,100.0,0.23308918977818627,-5.9375,15.5,46,1,2,105538,97.87234042553192,95.83333333333333,0.0009475170316186433,48,7,0,105532,87.27272727272727,100.0,0.006632619221330504,48,45,0,105494,51.61290322580645,100.0,0.04263826642283895,48,1340,0,104199,3.4582132564841497,100.0,1.2696728223689822
105449,47,98.31771265196598,99.99923326855799,0.003793302923688228,11.9375,150,208,/home/jasongao/Data/STU/val/150/velodyne/000208.bin,47,131,0,105318,26.40449438202247,100.0,0.12423067075078949,-7.375,16.25,45,9,2,105440,83.33333333333333,95.74468085106383,0.008534931578298514,47,12,0,105437,79.66101694915254,100.0,0.011379908771064685,47,51,0,105398,47.95918367346939,100.0,0.04836461227702491,47,1421,0,104028,3.2016348773841963,100.0,1.3475708636402433
105200,53,99.17034429303578,99.99952471482891,0.0028517110266159697,11.1875,150,209,/home/jasongao/Data/STU/val/150/velodyne/000209.bin,53,103,0,105097,33.97435897435897,100.0,0.0979087452471483,-8.0625,17.75,52,4,1,105196,92.85714285714286,98.11320754716981,0.0038022813688212928,53,16,0,105184,76.81159420289855,100.0,0.015209125475285171,53,30,0,105170,63.855421686746986,100.0,0.028517110266159697,53,1518,0,103682,3.3736473583704645,100.0,1.4429657794676807
104654,58,100.0,100.0,0.0,12.625,150,210,/home/jasongao/Data/STU/val/150/velodyne/000210.bin,58,71,0,104583,44.96124031007752,100.0,0.06784260515603799,-9.4375,17.25,58,0,0,104654,100.0,100.0,0.0,58,9,0,104645,86.56716417910448,100.0,0.00859976685076538,58,35,0,104619,62.365591397849464,100.0,0.033443537752976475,58,893,0,103761,6.0988433228180865,100.0,0.8532879775259427
104378,60,99.94623655913979,99.99997604859261,0.0,11.875,150,211,/home/jasongao/Data/STU/val/150/velodyne/000211.bin,60,199,0,104179,23.166023166023166,100.0,0.19065320278219547,-4.9375,17.75,59,0,1,104378,100.0,98.33333333333333,0.0,60,12,0,104366,83.33333333333333,100.0,0.011496675544655005,60,77,0,104301,43.7956204379562,100.0,0.0737703347448696,60,1202,0,103176,4.754358161648177,100.0,1.1515836670562762
104025,68,99.0069209289797,99.99929315633969,0.0038452295121365054,9.1875,150,212,/home/jasongao/Data/STU/val/150/velodyne/000212.bin,68,227,0,103798,23.050847457627118,100.0,0.21821677481374668,-3.75,17.625,63,2,5,104023,96.92307692307692,92.6470588235294,0.0019226147560682527,68,23,0,104002,74.72527472527473,100.0,0.022110069694784906,68,101,0,103924,40.23668639053255,100.0,0.09709204518144676,68,1398,0,102627,4.638472032742156,100.0,1.3439077144917086
103755,68,99.50546662436786,99.99966691895784,0.0028914269191846176,7.84375,150,213,/home/jasongao/Data/STU/val/150/velodyne/000213.bin,68,150,0,103605,31.192660550458715,100.0,0.14457134595923088,-5.5,18.375,59,0,9,103755,100.0,86.76470588235294,0.0,68,15,0,103740,81.92771084337349,100.0,0.014457134595923089,68,81,0,103674,45.63758389261745,100.0,0.07806852681798468,68,1123,0,102632,5.709487825356843,100.0,1.0823574767481086
103332,70,99.10981713402589,99.99939860975164,0.004838772113188557,7.25,150,214,/home/jasongao/Data/STU/val/150/velodyne/000214.bin,70,151,0,103181,31.67420814479638,100.0,0.14613091781829443,-5.96875,16.875,61,1,9,103331,98.38709677419355,87.14285714285714,0.0009677544226377114,70,12,0,103320,85.36585365853658,100.0,0.011613053071652538,70,62,0,103270,53.03030303030303,100.0,0.06000077420353811,70,1383,0,101949,4.817618719889883,100.0,1.338404366507955
103161,79,98.59359711951753,99.99856436767942,0.005816151452583825,10.5625,150,215,/home/jasongao/Data/STU/val/150/velodyne/000215.bin,79,159,0,103002,33.19327731092437,100.0,0.15412801349347138,-5.8125,16.125,76,7,3,103154,91.56626506024097,96.20253164556962,0.006785510028014463,78,31,1,103130,71.55963302752293,98.73417721518987,0.030050115838349763,79,63,0,103098,55.63380281690141,100.0,0.061069590252130164,79,1181,0,101980,6.26984126984127,100.0,1.1448124775835828
103397,84,99.73992112965175,99.99976972713127,0.0,10.9375,150,216,/home/jasongao/Data/STU/val/150/velodyne/000216.bin,84,418,0,102979,16.733067729083665,100.0,0.4042670483669739,-1.515625,18.875,81,2,3,103395,97.59036144578313,96.42857142857143,0.0019342920974496358,84,24,0,103373,77.77777777777777,100.0,0.02321150516939563,84,197,0,103200,29.893238434163703,100.0,0.19052777159878914,84,2078,0,101319,3.885291396854764,100.0,2.0097294892501716
103543,85,98.07678024282403,99.99842634290613,0.009657823319780188,8.3125,150,217,/home/jasongao/Data/STU/val/150/velodyne/000217.bin,85,728,0,102815,10.45510455104551,100.0,0.7030895376799977,0.76171875,16.125,73,5,12,103538,93.58974358974359,85.88235294117646,0.004828911659890094,85,47,0,103496,64.39393939393939,100.0,0.04539176960296688,85,350,0,103193,19.54022988505747,100.0,0.3380238161923066,85,2130,0,101413,3.8374717832957113,100.0,2.05711636711318
102906,98,99.10934772564438,99.9991373145375,0.0038870425436806407,9.4375,150,218,/home/jasongao/Data/STU/val/150/velodyne/000218.bin,98,391,0,102515,20.040899795501023,100.0,0.37995840864478264,-3.8125,15.3125,87,3,11,102903,96.66666666666667,88.77551020408163,0.0029152819077604805,98,40,0,102866,71.01449275362319,100.0,0.038870425436806404,98,101,0,102805,49.246231155778894,100.0,0.09814782422793618,98,2114,0,100792,4.430379746835443,100.0,2.0543019843352184
102682,101,98.28117572797736,99.99818723229133,0.005843283146023646,10.0,150,219,/home/jasongao/Data/STU/val/150/velodyne/000219.bin,101,204,0,102478,33.114754098360656,100.0,0.19867162696480395,-4.90625,16.75,95,6,6,102676,94.05940594059406,94.05940594059406,0.005843283146023646,99,34,2,102648,74.43609022556392,98.01980198019803,0.033111937827467325,101,74,0,102608,57.714285714285715,100.0,0.07206715880095829,101,1905,0,100777,5.0348953140578265,100.0,1.8552423988625075
102465,111,98.2173047700104,99.9970853594042,0.0078075440394280975,10.875,150,220,/home/jasongao/Data/STU/val/150/velodyne/000220.bin,111,928,0,101537,10.68334937439846,100.0,0.9056751085736593,8.4375,15.25,107,18,4,102447,85.6,96.3963963963964,0.01756697408871322,111,253,0,102212,30.494505494505493,100.0,0.24691358024691357,111,587,0,101878,15.902578796561604,100.0,0.5728785438930366,111,2418,0,100047,4.389086595492289,100.0,2.359830185917142
102169,118,26.318211644734113,99.85383141358841,0.16247589777721227,10.125,150,221,/home/jasongao/Data/STU/val/150/velodyne/000221.bin,118,349,0,101820,25.26766595289079,100.0,0.34159089351956073,19.375,17.25,115,166,3,102003,40.92526690391459,97.45762711864407,0.16247589777721227,118,197,0,101972,37.46031746031746,100.0,0.19281778230187238,118,245,0,101924,32.5068870523416,100.0,0.2397987647916687,118,1721,0,100448,6.41653072321914,100.0,1.6844639763529055
101914,139,81.6642692968281,99.97008692474951,0.06574170378946954,11.25,150,222,/home/jasongao/Data/STU/val/150/velodyne/000222.bin,139,203,0,101711,40.64327485380117,100.0,0.1991875502874973,0.8984375,16.75,135,67,4,101847,66.83168316831683,97.12230215827338,0.06574170378946956,139,81,0,101833,63.18181818181818,100.0,0.07947877622309006,139,123,0,101791,53.05343511450382,100.0,0.12068999352395157,139,1412,0,100502,8.961960025789812,100.0,1.3854818768765822
101680,153,94.53460242118996,99.99607251765117,0.005900865460267506,7.1875,150,223,/home/jasongao/Data/STU/val/150/velodyne/000223.bin,153,226,0,101454,40.36939313984169,100.0,0.22226593233674272,-3.078125,15.6875,135,4,18,101676,97.12230215827338,88.23529411764706,0.003933910306845004,153,37,0,101643,80.52631578947368,100.0,0.03638867033831629,153,111,0,101569,57.95454545454545,100.0,0.10916601101494885,153,1293,0,100387,10.58091286307054,100.0,1.2716365066876476
101616,168,99.37231465166924,99.99737867021317,0.002952290977798772,7.5625,150,224,/home/jasongao/Data/STU/val/150/velodyne/000224.bin,167,167,1,101449,50.0,99.4047619047619,0.16434419776413164,-4.40625,14.375,154,0,14,101616,100.0,91.66666666666667,0.0,167,20,1,101596,89.3048128342246,99.4047619047619,0.019681939851991813,167,82,1,101534,67.06827309236948,99.4047619047619,0.08069595339316643,168,1473,0,100143,10.23765996343693,100.0,1.449574870099197
101603,177,99.24440285421375,99.99873496773277,0.010826451974843262,8.875,150,225,/home/jasongao/Data/STU/val/150/velodyne/000225.bin,177,542,0,101061,24.617524339360223,100.0,0.5334488154877317,2.546875,14.3125,157,3,20,101600,98.125,88.70056497175142,0.0029526687204117987,177,87,0,101516,67.04545454545455,100.0,0.08562739289194217,177,390,0,101213,31.21693121693122,100.0,0.38384693365353384,177,1823,0,99780,8.85,100.0,1.7942383591035698
101571,202,98.64039484718141,99.99777261596556,0.0059071979206663325,9.5,150,226,/home/jasongao/Data/STU/val/150/velodyne/000226.bin,202,216,0,101355,48.32535885167464,100.0,0.21265912514398794,-2.109375,14.8125,183,6,19,101565,96.82539682539682,90.5940594059406,0.005907197920666332,202,32,0,101539,86.32478632478633,100.0,0.031505055576887105,202,143,0,101428,58.55072463768116,100.0,0.14078821710921424,202,1202,0,100369,14.387464387464387,100.0,1.1834086501068217
101580,225,97.86028728340816,99.99542779637287,0.021657806654853316,8.5,150,227,/home/jasongao/Data/STU/val/150/velodyne/000227.bin,225,190,0,101390,54.21686746987952,100.0,0.18704469383736957,-4.1875,15.75,202,20,23,101560,90.990990990991,89.77777777777777,0.019688915140775743,224,33,1,101547,87.15953307392996,99.55555555555556,0.032486709982279975,224,97,1,101483,69.78193146417445,99.55555555555556,0.09549123843276236,225,1043,0,100537,17.744479495268138,100.0,1.026776924591455
101568,215,99.39162619666729,99.99881165648218,0.004922810333963453,6.25,150,228,/home/jasongao/Data/STU/val/150/velodyne/000228.bin,215,200,0,101368,51.80722891566265,100.0,0.19691241335853812,-3.515625,15.8125,181,3,34,101565,98.3695652173913,84.18604651162791,0.002953686200378072,214,16,1,101552,93.04347826086956,99.53488372093024,0.01575299306868305,215,109,0,101459,66.35802469135803,100.0,0.10731726528040328,215,1273,0,100295,14.448924731182796,100.0,1.253347511027095
101525,156,99.97528874912338,99.99996211618965,0.0,9.875,150,229,/home/jasongao/Data/STU/val/150/velodyne/000229.bin,156,79,0,101446,66.38297872340425,100.0,0.07781334646638759,-8.875,18.625,148,0,8,101525,100.0,94.87179487179488,0.0,156,15,0,101510,91.2280701754386,100.0,0.014774686037921694,156,42,0,101483,78.78787878787878,100.0,0.041369120906180744,156,986,0,100539,13.660245183887916,100.0,0.9711893622260527
101446,89,100.0,100.0,0.0,7.84375,150,230,/home/jasongao/Data/STU/val/150/velodyne/000230.bin,89,177,0,101269,33.45864661654135,100.0,0.17447706168799165,-3.578125,15.4375,78,0,11,101446,100.0,87.64044943820225,0.0,89,12,0,101434,88.11881188118812,100.0,0.011828953334779095,89,105,0,101341,45.876288659793815,100.0,0.10350334167931707,89,1326,0,100120,6.289752650176679,100.0,1.30709934349309
101313,15,50.52248862248862,99.99249849476375,0.010857441789306407,5.9375,150,231,/home/jasongao/Data/STU/val/150/velodyne/000231.bin,15,55,0,101258,21.428571428571427,100.0,0.05428720894653204,-9.8125,6.40625,0,0,15,101313,,0.0,0.0,15,20,0,101293,42.857142857142854,100.0,0.019740803253284377,15,23,0,101290,39.473684210526315,100.0,0.02270192374127703,15,1224,0,100089,1.2106537530266344,100.0,1.2081371591010037
105255,22,13.238494775865014,99.9351574747043,0.09025699491710608,-2.90625,150,260,/home/jasongao/Data/STU/val/150/velodyne/000260.bin,22,274,0,104981,7.4324324324324325,100.0,0.2603201748135481,-3.328125,-1.5859375,0,6,22,105249,0.0,0.0,0.005700441784238278,0,38,22,105217,0.0,0.0,0.03610279796684243,22,113,0,105142,16.296296296296298,100.0,0.10735832026982091,22,1430,0,103825,1.5151515151515151,100.0,1.358605291910123
105205,85,99.99999999999999,99.99999999999999,0.0,8.5,150,261,/home/jasongao/Data/STU/val/150/velodyne/000261.bin,85,149,0,105056,36.324786324786324,100.0,0.14162824960790837,-6.65625,11.125,66,0,19,105205,100.0,77.6470588235294,0.0,85,16,0,105189,84.15841584158416,100.0,0.01520840264245996,85,60,0,105145,58.62068965517241,100.0,0.05703150990922485,85,1371,0,103834,5.837912087912088,100.0,1.3031700014257876
105252,149,79.28932705531244,99.9643935411516,0.12541329380914376,1.9609375,150,262,/home/jasongao/Data/STU/val/150/velodyne/000262.bin,149,436,0,104816,25.47008547008547,100.0,0.4142439098544446,4.09375,10.5625,86,16,63,105236,84.31372549019608,57.718120805369125,0.015201611370805305,139,118,10,105134,54.08560311284047,93.28859060402685,0.11211188385968912,149,288,0,104964,34.09610983981693,100.0,0.2736290046744955,149,1909,0,103343,7.240038872691934,100.0,1.813742256679208
105608,122,57.76727683302032,99.95653971196916,0.09090220437845618,7.15625,150,263,/home/jasongao/Data/STU/val/150/velodyne/000263.bin,122,411,0,105197,22.889305816135085,100.0,0.3891750624952655,6.65625,11.125,79,60,43,105548,56.83453237410072,64.75409836065573,0.05681387773653511,122,148,0,105460,45.18518518518518,100.0,0.14014089841678662,122,243,0,105365,33.42465753424658,100.0,0.2300962048329672,122,1770,0,103838,6.4482029598308666,100.0,1.6760093932277857
106097,105,79.84757837312078,99.97724903132219,0.06974749521664138,5.09375,150,264,/home/jasongao/Data/STU/val/150/velodyne/000264.bin,105,339,0,105758,23.64864864864865,100.0,0.319518930789749,-0.5859375,11.0,61,20,44,106077,75.30864197530865,58.095238095238095,0.018850674382876048,100,86,5,106011,53.763440860215056,95.23809523809524,0.08105789984636701,104,146,1,105951,41.6,99.04761904761905,0.13760992299499514,105,1485,0,104612,6.60377358490566,100.0,1.3996625729285466
106858,102,96.53821935633816,99.99703197830068,0.013101499185835407,2.96875,150,265,/home/jasongao/Data/STU/val/150/velodyne/000265.bin,102,374,0,106484,21.428571428571427,100.0,0.34999719253588873,-1.2734375,8.5,22,0,80,106858,100.0,21.568627450980394,0.0,97,14,5,106844,87.38738738738739,95.09803921568627,0.013101499185835407,102,201,0,106657,33.663366336633665,100.0,0.1881000954537798,102,1646,0,105212,5.835240274599542,100.0,1.5403619757060771
107384,86,98.84916478989967,99.99900920668968,0.012106086567831334,4.25,150,266,/home/jasongao/Data/STU/val/150/velodyne/000266.bin,86,247,0,107137,25.825825825825827,100.0,0.23001564478879535,-4.5,11.3125,50,0,36,107384,100.0,58.13953488372093,0.0,86,18,0,107366,82.6923076923077,100.0,0.016762273709304925,86,86,0,107298,50.0,100.0,0.08008641883334575,86,1212,0,106172,6.62557781201849,100.0,1.1286597630931983
107924,68,97.78728052674069,99.99864419842284,0.003706311849078981,7.375,150,267,/home/jasongao/Data/STU/val/150/velodyne/000267.bin,68,431,0,107493,13.627254509018035,100.0,0.3993551017382603,-2.671875,12.1875,52,2,16,107922,96.29629629629629,76.47058823529412,0.0018531559245394907,68,28,0,107896,70.83333333333333,100.0,0.02594418294355287,68,164,0,107760,29.310344827586206,100.0,0.15195878581223823,68,2159,0,105765,3.053435114503817,100.0,2.0004818205403803
108654,69,97.72682999362516,99.99737899563112,0.006442468754026543,2.703125,150,268,/home/jasongao/Data/STU/val/150/velodyne/000268.bin,69,299,0,108355,18.75,100.0,0.27518545106484804,-4.21875,11.4375,53,0,16,108654,100.0,76.81159420289855,0.0,65,6,4,108648,91.54929577464789,94.20289855072464,0.005522116074879894,68,92,1,108562,42.5,98.55072463768116,0.0846724464814917,69,1602,0,107052,4.129263913824057,100.0,1.4744049919929316
109659,69,93.33585891875533,99.87927661389305,0.1340519246026318,-3.984375,150,269,/home/jasongao/Data/STU/val/150/velodyne/000269.bin,67,394,2,109265,14.533622559652928,97.10144927536231,0.3592956346492308,-2.921875,12.3125,44,0,25,109659,100.0,63.768115942028984,0.0,62,6,7,109653,91.17647058823529,89.85507246376811,0.005471507126638032,65,139,4,109520,31.862745098039216,94.20289855072464,0.1267565817671144,68,1693,1,107966,3.861442362294151,98.55072463768116,1.5438769275663649
110879,45,99.33542260208927,99.99969937198809,0.0018037680715013663,6.1875,150,270,/home/jasongao/Data/STU/val/150/velodyne/000270.bin,45,596,0,110283,7.02028081123245,100.0,0.5375228853074072,-1.265625,11.0625,26,0,19,110879,100.0,57.77777777777778,0.0,45,16,0,110863,73.77049180327869,100.0,0.01443014457201093,45,229,0,110650,16.423357664233578,100.0,0.20653144418690644,45,2022,0,108857,2.1770682148040637,100.0,1.8236095202878815
111914,52,98.80410807830162,99.99929547550936,0.008935432564290437,0.78125,150,271,/home/jasongao/Data/STU/val/150/velodyne/000271.bin,52,659,0,111255,7.313642756680731,100.0,0.5888450059867398,-2.9375,8.8125,8,0,44,111914,100.0,15.384615384615385,0.0,49,0,3,111914,100.0,94.23076923076923,0.0,52,158,0,111756,24.761904761904763,100.0,0.14117983451578892,52,2258,0,109656,2.2510822510822512,100.0,2.017620673016781
112821,43,99.35444809415631,99.99973203075544,0.0026590794267024754,5.625,150,272,/home/jasongao/Data/STU/val/150/velodyne/000272.bin,43,811,0,112010,5.035128805620609,100.0,0.7188378050185692,0.193359375,9.4375,13,0,30,112821,100.0,30.232558139534884,0.0,43,16,0,112805,72.88135593220339,100.0,0.014181756942413203,43,373,0,112448,10.336538461538462,100.0,0.3306122087200078,43,2243,0,110578,1.8810148731408574,100.0,1.9881050513645508
113597,34,97.37497057141896,99.99865365127187,0.017606098752607904,5.5625,150,273,/home/jasongao/Data/STU/val/150/velodyne/000273.bin,34,788,0,112809,4.13625304136253,100.0,0.6936802908527514,3.0,10.375,22,0,12,113597,100.0,64.70588235294117,0.0,34,115,0,113482,22.818791946308725,100.0,0.10123506782749545,34,515,0,113082,6.193078324225866,100.0,0.4533570428796535,34,2572,0,111025,1.3046815042210285,100.0,2.2641442995853764
114340,36,93.31709147937504,99.99403581909704,0.08133636522651741,6.40625,150,274,/home/jasongao/Data/STU/val/150/velodyne/000274.bin,36,637,0,113703,5.349182763744428,100.0,0.5571103725730278,6.0,12.0625,32,4,4,114336,88.88888888888889,88.88888888888889,0.0034983382893125766,36,290,0,114050,11.042944785276074,100.0,0.2536295259751618,36,460,0,113880,7.258064516129032,100.0,0.4023089032709463,36,1840,0,112500,1.9189765458422174,100.0,1.6092356130837853
115143,36,67.25917263690474,99.98932486849685,0.03473941099328661,4.09375,150,275,/home/jasongao/Data/STU/val/150/velodyne/000275.bin,36,474,0,114669,7.0588235294117645,100.0,0.4116620202704463,-1.203125,5.875,0,0,36,115143,,0.0,0.0,36,51,0,115092,41.37931034482759,100.0,0.044292749016440425,36,217,0,114926,14.229249011857707,100.0,0.18846130463857985,36,1832,0,113311,1.9271948608137044,100.0,1.5910650234925268
115968,34,36.77743297699534,99.97249494789638,0.06467301324503312,4.125,150,276,/home/jasongao/Data/STU/val/150/velodyne/000276.bin,34,167,0,115801,16.915422885572138,100.0,0.14400524282560706,-5.65625,10.8125,24,38,10,115930,38.70967741935484,70.58823529411765,0.03276766004415011,33,82,1,115886,28.695652173913043,97.05882352941177,0.07070916114790286,34,107,0,115861,24.113475177304963,100.0,0.09226683222958057,34,982,0,114986,3.3464566929133857,100.0,0.8467853200883002
116591,27,98.86182478775072,99.99965056701856,0.0008576991362969698,6.34375,150,277,/home/jasongao/Data/STU/val/150/velodyne/000277.bin,27,159,0,116432,14.516129032258064,100.0,0.13637416267121819,-7.03125,10.3125,17,0,10,116591,100.0,62.96296296296296,0.0,27,11,0,116580,71.05263157894737,100.0,0.009434690499266667,27,33,0,116558,45.0,100.0,0.028304071497800003,27,1288,0,115303,2.053231939163498,100.0,1.1047164875504971
117097,24,100.0,100.0,0.0,8.0,150,278,/home/jasongao/Data/STU/val/150/velodyne/000278.bin,24,416,0,116681,5.454545454545454,100.0,0.355261022912628,-1.390625,10.0,11,0,13,117097,100.0,45.833333333333336,0.0,24,56,0,117041,30.0,100.0,0.04782359923823838,24,175,0,116922,12.06030150753769,100.0,0.14944874761949495,24,1676,0,115421,1.411764705882353,100.0,1.4312920057729916
117557,26,100.0,100.0,0.0,6.21875,150,279,/home/jasongao/Data/STU/val/150/velodyne/000279.bin,26,163,0,117394,13.756613756613756,100.0,0.1386561412761469,-7.03125,10.5625,16,0,10,117557,100.0,61.53846153846154,0.0,26,0,0,117557,100.0,100.0,0.0,26,23,0,117534,53.06122448979592,100.0,0.019564976989885758,26,1287,0,116270,1.9801980198019802,100.0,1.0947880602601292
117332,19,100.0,100.0,0.0,6.59375,150,280,/home/jasongao/Data/STU/val/150/velodyne/000280.bin,19,229,0,117103,7.661290322580645,100.0,0.195172672416732,-5.25,9.9375,7,0,12,117332,100.0,36.8421052631579,0.0,19,0,0,117332,100.0,100.0,0.0,19,83,0,117249,18.627450980392158,100.0,0.0707394402209116,19,1807,0,115525,1.04052573932092,100.0,1.5400743190263526
117325,18,86.8584618315964,99.99815327793168,0.004261666311527808,4.125,150,281,/home/jasongao/Data/STU/val/150/velodyne/000281.bin,18,189,0,117136,8.695652173913043,100.0,0.1610909865757511,-6.8125,5.46875,0,0,18,117325,,0.0,0.0,18,10,0,117315,64.28571428571429,100.0,0.008523332623055616,18,55,0,117270,24.65753424657534,100.0,0.04687832942680588,18,1675,0,115650,1.0632014176018902,100.0,1.4276582143618155
117166,21,100.0,100.0,0.0,6.65625,150,282,/home/jasongao/Data/STU/val/150/velodyne/000282.bin,21,270,0,116896,7.216494845360825,100.0,0.2304422784766912,-5.6875,9.125,6,0,15,117166,100.0,28.571428571428573,0.0,21,0,0,117166,100.0,100.0,0.0,21,65,0,117101,24.41860465116279,100.0,0.05547684481846269,21,2452,0,114714,0.8491710473109584,100.0,2.0927572845364697
117575,17,95.79991423417029,99.99939963227477,0.0025515628322347436,2.171875,150,283,/home/jasongao/Data/STU/val/150/velodyne/000283.bin,17,386,0,117189,4.218362282878412,100.0,0.3283010844142037,-4.25,9.375,6,0,11,117575,100.0,35.294117647058826,0.0,16,2,1,117573,88.88888888888889,94.11764705882354,0.0017010418881564958,17,83,0,117492,17.0,100.0,0.07059323835849458,17,2190,0,115385,0.7702763932940644,100.0,1.862640867531363
118065,16,98.62253289473684,99.99978825223394,0.002540973192732817,3.65625,150,284,/home/jasongao/Data/STU/val/150/velodyne/000284.bin,16,541,0,117524,2.872531418312388,100.0,0.45822216575615127,-2.5,6.3125,0,0,16,118065,,0.0,0.0,16,3,0,118062,84.21052631578948,100.0,0.002540973192732817,16,207,0,117858,7.174887892376682,100.0,0.17532715029856435,16,2402,0,115663,0.6617038875103392,100.0,2.034472536314742
118519,18,100.0,100.0,0.0,5.875,150,285,/home/jasongao/Data/STU/val/150/velodyne/000285.bin,18,393,0,118126,4.37956204379562,100.0,0.33159240290586317,-4.0625,9.5625,6,0,12,118519,100.0,33.333333333333336,0.0,18,0,0,118519,100.0,100.0,0.0,18,103,0,118416,14.87603305785124,100.0,0.08690589694479366,18,2113,0,116406,0.8446738620366026,100.0,1.7828365072266894
118865,20,49.543357769809674,99.98292180204433,0.08412905396878813,2.9375,150,286,/home/jasongao/Data/STU/val/150/velodyne/000286.bin,20,292,0,118573,6.410256410256411,100.0,0.2456568375888613,-0.71875,7.78125,2,1,18,118864,66.66666666666667,10.0,0.0008412905396878813,19,100,1,118765,15.966386554621849,95.0,0.08412905396878811,20,164,0,118701,10.869565217391305,100.0,0.13797164850881252,20,1615,0,117250,1.2232415902140672,100.0,1.358684221595928
119027,15,100.0,100.0,0.0,5.84375,150,287,/home/jasongao/Data/STU/val/150/velodyne/000287.bin,15,335,0,118692,4.285714285714286,100.0,0.28144874692296706,-1.59375,7.65625,5,0,10,119027,100.0,33.333333333333336,0.0,15,7,0,119020,68.18181818181819,100.0,0.0058810185924202075,15,167,0,118860,8.241758241758241,100.0,0.1403043007048821,15,1834,0,117193,0.8112493239588967,100.0,1.5408268712140942
119153,10,96.6923076923077,99.99970626001864,0.0025177712688727936,5.4375,150,288,/home/jasongao/Data/STU/val/150/velodyne/000288.bin,10,288,0,118865,3.3557046979865772,100.0,0.2417060418117882,-5.0,8.8125,5,0,5,119153,100.0,50.0,0.0,10,8,0,119145,55.55555555555556,100.0,0.006714056716994117,10,74,0,119079,11.904761904761905,100.0,0.06210502463219558,10,1813,0,117340,0.5485463521667581,100.0,1.5215731034887918
119206,10,95.1923076923077,99.99949666963073,0.0025166518463835713,5.71875,150,289,/home/jasongao/Data/STU/val/150/velodyne/000289.bin,10,361,0,118845,2.6954177897574123,100.0,0.30283710551482307,0.31640625,9.625,4,0,6,119206,100.0,40.0,0.0,10,31,0,119175,24.390243902439025,100.0,0.026005402412630236,10,219,0,118987,4.366812227074236,100.0,0.1837155847860007,10,1609,0,117597,0.6176652254478073,100.0,1.3497642736103888
119235,11,90.46276955367864,99.99908507645331,0.0025160397534281045,3.59375,150,290,/home/jasongao/Data/STU/val/150/velodyne/000290.bin,11,214,0,119021,4.888888888888889,100.0,0.17947750241120478,-6.65625,7.75,0,0,11,119235,,0.0,0.0,11,3,0,119232,78.57142857142857,100.0,0.002516039753428104,11,43,0,119192,20.37037037037037,100.0,0.036063236465802825,11,2245,0,116990,0.4875886524822695,100.0,1.8828364154820312
119291,11,94.06172110717566,99.99954275297763,0.000838286207677025,2.4375,150,291,/home/jasongao/Data/STU/val/150/velodyne/000291.bin,11,204,0,119087,5.116279069767442,100.0,0.17101038636611313,-6.8125,4.53125,0,0,11,119291,,0.0,0.0,9,1,2,119290,90.0,81.81818181818181,0.0008382862076770251,11,17,0,119274,39.285714285714285,100.0,0.014250865530509426,11,2114,0,117177,0.5176470588235295,100.0,1.7721370430292311
119225,10,100.0,100.0,0.0,2.546875,150,292,/home/jasongao/Data/STU/val/150/velodyne/000292.bin,10,312,0,118913,3.1055900621118013,100.0,0.26169008177815056,-5.03125,4.1875,0,0,10,119225,,0.0,0.0,9,0,1,119225,100.0,90.0,0.0,10,71,0,119154,12.345679012345679,100.0,0.05955126860977144,10,2563,0,116662,0.388651379712398,100.0,2.149716921786538
119246,11,100.0,100.0,0.0,5.78125,150,293,/home/jasongao/Data/STU/val/150/velodyne/000293.bin,11,495,0,118751,2.1739130434782608,100.0,0.4151082635895544,-3.859375,8.625,0,0,11,119246,,0.0,0.0,11,10,0,119236,52.38095238095238,100.0,0.008386025527061705,11,114,0,119132,8.8,100.0,0.09560069100850344,11,2674,0,116572,0.409683426443203,100.0,2.2424232259363
119124,14,100.0,100.0,0.0,4.46875,150,294,/home/jasongao/Data/STU/val/150/velodyne/000294.bin,14,490,0,118634,2.7777777777777777,100.0,0.41133608676673045,-3.796875,5.75,0,0,14,119124,,0.0,0.0,14,2,0,119122,87.5,100.0,0.0016789228031295121,14,111,0,119013,11.2,100.0,0.09318021557368793,14,2738,0,116386,0.5087209302325582,100.0,2.298445317484302
119145,9,1.0931667380833259,99.648187782394,0.5623400058751941,-9.0,150,295,/home/jasongao/Data/STU/val/150/velodyne/000295.bin,6,484,3,118661,1.2244897959183674,66.66666666666667,0.40622770573670736,-2.609375,-7.15625,0,0,9,119145,,0.0,0.0,0,2,9,119143,0.0,0.0,0.0016786268832095347,0,153,9,118992,0.0,0.0,0.1284149565655294,9,3118,0,116027,0.2878157978893508,100.0,2.6169793109236643
119021,13,94.29886352963275,99.99928907180569,0.004200939330034196,0.484375,150,296,/home/jasongao/Data/STU/val/150/velodyne/000296.bin,13,504,0,118517,2.514506769825919,100.0,0.42345468446744694,-5.40625,7.0625,0,0,13,119021,,0.0,0.0,11,2,2,119019,84.61538461538461,84.61538461538461,0.0016803757320136782,13,31,0,118990,29.545454545454547,100.0,0.026045823846212013,13,4727,0,114294,0.2742616033755274,100.0,3.9715680426143285
118952,9,94.1919191919192,99.99943954984643,0.0025220256910350393,3.03125,150,297,/home/jasongao/Data/STU/val/150/velodyne/000297.bin,9,379,0,118573,2.3195876288659796,100.0,0.31861591230076,-5.28125,6.9375,0,0,9,118952,,0.0,0.0,9,3,0,118949,75.0,100.0,0.0025220256910350393,9,54,0,118898,14.285714285714286,100.0,0.04539646243863071,9,3052,0,115900,0.29402156158118264,100.0,2.56574080301298
118864,10,0.26709250475852925,98.37722102571006,3.1716920177682058,-15.125,150,298,/home/jasongao/Data/STU/val/150/velodyne/000298.bin,0,676,10,118188,0.0,0.0,0.5687171893929196,-2.34375,-13.4375,0,0,10,118864,,0.0,0.0,0,0,10,118864,,0.0,0.0,0,204,10,118660,0.0,0.0,0.17162471395881007,9,3260,1,115604,0.2753135515448149,90.0,2.7426302328711807
118667,8,81.78396358543417,99.99741924882233,0.010955025407232002,3.890625,150,299,/home/jasongao/Data/STU/val/150/velodyne/000299.bin,8,370,0,118297,2.1164021164021163,100.0,0.3117968769750647,-4.1875,8.0,3,0,5,118667,100.0,37.5,0.0,8,17,0,118650,32.0,100.0,0.01432580245561108,8,112,0,118555,6.666666666666667,100.0,0.09438175735461417,8,2269,0,116398,0.3513394817742644,100.0,1.9120732806930318
118532,8,12.080235931949556,99.96435561704857,0.1417338777714035,0.87109375,150,300,/home/jasongao/Data/STU/val/150/velodyne/000300.bin,8,714,0,117818,1.10803324099723,100.0,0.6023689805284649,1.65625,3.078125,0,0,8,118532,,0.0,0.0,7,34,1,118498,17.073170731707318,87.5,0.02868423716802214,8,395,0,118137,1.9851116625310175,100.0,0.33324334356966895,8,2519,0,116013,0.31658092599920856,100.0,2.125164512536699
118349,9,0.7351141404285382,99.42458322419284,1.3975614496108966,-11.8125,150,301,/home/jasongao/Data/STU/val/150/velodyne/000301.bin,2,382,7,117967,0.5208333333333334,22.22222222222222,0.3227741679270632,-3.78125,-9.3125,0,0,9,118349,,0.0,0.0,0,6,9,118343,0.0,0.0,0.005069751328697327,0,115,9,118234,0.0,0.0,0.0971702338000321,9,4307,0,114042,0.20852641334569044,100.0,3.6392364954498984
118239,7,23.329844758416186,99.98840121642243,0.024526594440074764,-1.8359375,150,302,/home/jasongao/Data/STU/val/150/velodyne/000302.bin,7,234,0,118005,2.904564315352697,100.0,0.1979042447923274,-6.8125,-0.0303955078125,0,0,7,118239,,0.0,0.0,0,0,7,118239,,0.0,0.0,7,49,0,118190,12.5,100.0,0.0414414871573677,7,4141,0,114098,0.16875602700096431,100.0,3.5022285371155033
118071,7,100.0,100.0,0.0,5.375,150,303,/home/jasongao/Data/STU/val/150/velodyne/000303.bin,7,481,0,117590,1.4344262295081966,100.0,0.4073819989667234,-5.0,6.96875,0,0,7,118071,,0.0,0.0,7,2,0,118069,77.77777777777777,100.0,0.0016938960455996814,7,65,0,118006,9.722222222222221,100.0,0.05505162148198965,7,4493,0,113578,0.15555555555555556,100.0,3.8053374664396844
117786,6,0.8208606440084124,99.56269562313575,1.2055762144906865,-12.0625,150,304,/home/jasongao/Data/STU/val/150/velodyne/000304.bin,3,274,3,117512,1.0830324909747293,50.0,0.23262526955665358,-5.5625,-9.4375,0,0,6,117786,,0.0,0.0,0,14,6,117772,0.0,0.0,0.011885962678077192,0,69,6,117717,0.0,0.0,0.058580816056237585,6,3685,0,114101,0.1625575724735844,100.0,3.1285551763367465
117507,5,0.41282455217619063,99.23732203187893,1.9888176874569174,-11.1875,150,305,/home/jasongao/Data/STU/val/150/velodyne/000305.bin,3,771,2,116736,0.3875968992248062,60.0,0.6561311241032449,-5.03125,-7.65625,0,0,5,117507,,0.0,0.0,0,0,5,117507,,0.0,0.0,0,50,5,117457,0.0,0.0,0.04255065655663067,5,4818,0,112689,0.1036699149906697,100.0,4.100181265796931
117156,8,100.0,100.0,0.0,4.53125,150,306,/home/jasongao/Data/STU/val/150/velodyne/000306.bin,8,1034,0,116122,0.7677543186180422,100.0,0.8825839052203899,-3.015625,7.96875,1,0,7,117156,100.0,12.5,0.0,8,0,0,117156,100.0,100.0,0.0,8,197,0,116959,3.902439024390244,100.0,0.16815186588821743,8,5034,0,112122,0.15866719555731854,100.0,4.296834989245109
116772,5,7.578138124274658,99.97036960915288,0.03425478710649813,3.78125,150,307,/home/jasongao/Data/STU/val/150/velodyne/000307.bin,5,1883,0,114889,0.2648305084745763,100.0,1.6125441030383996,1.0859375,3.953125,0,0,5,116772,,0.0,0.0,5,57,0,116715,8.064516129032258,100.0,0.04881307162675984,5,591,0,116181,0.8389261744966443,100.0,0.50611447949851,5,5243,0,111529,0.09527439024390244,100.0,4.489946219984243
116356,7,100.0,100.0,0.0,4.5,150,308,/home/jasongao/Data/STU/val/150/velodyne/000308.bin,7,1491,0,114865,0.4672897196261682,100.0,1.281412217676785,-2.3125,6.875,0,0,7,116356,,0.0,0.0,7,0,0,116356,100.0,100.0,0.0,7,333,0,116023,2.0588235294117645,100.0,0.28619065626181717,7,5538,0,110818,0.12623985572587917,100.0,4.759531094228059
116066,8,98.61111111111111,99.99989230265538,0.0008615787569141696,5.71875,150,309,/home/jasongao/Data/STU/val/150/velodyne/000309.bin,8,1372,0,114694,0.5797101449275363,100.0,1.1820860544862406,-3.265625,6.6875,0,0,8,116066,,0.0,0.0,8,1,0,116065,88.88888888888889,100.0,0.0008615787569141696,8,175,0,115891,4.371584699453552,100.0,0.15077628245997968,8,5638,0,110428,0.14169323414806942,100.0,4.857581031482088
115063,6,100.0,100.0,0.0,3.421875,150,311,/home/jasongao/Data/STU/val/150/velodyne/000311.bin,6,1894,0,113169,0.3157894736842105,100.0,1.6460547699955677,1.046875,3.875,0,0,6,115063,,0.0,0.0,6,2,0,115061,75.0,100.0,0.0017381782154124263,6,1188,0,113875,0.5025125628140703,100.0,1.032477859954981,6,5748,0,109315,0.10427528675703858,100.0,4.995524191095313
114478,7,100.0,100.0,0.0,4.625,150,312,/home/jasongao/Data/STU/val/150/velodyne/000312.bin,7,1524,0,112954,0.457217504898759,100.0,1.3312601547895666,-1.9296875,6.65625,0,0,7,114478,,0.0,0.0,7,1,0,114477,87.5,100.0,0.0008735302852949912,7,404,0,114074,1.70316301703163,100.0,0.3529062352591764,7,5990,0,108488,0.1167250291812573,100.0,5.2324464089169975
112690,6,0.28716515906213946,98.9829768982755,1.2947022805927766,-10.1875,150,315,/home/jasongao/Data/STU/val/150/velodyne/000315.bin,2,986,4,111704,0.20242914979757085,33.333333333333336,0.8749667228680451,-1.53125,-8.9375,0,0,6,112690,,0.0,0.0,0,0,6,112690,,0.0,0.0,0,355,6,112335,0.0,0.0,0.31502351583991484,6,5179,0,107511,0.11571841851494696,100.0,4.595793770520898
112040,7,100.0,100.0,0.0,5.375,150,316,/home/jasongao/Data/STU/val/150/velodyne/000316.bin,7,1121,0,110919,0.6205673758865248,100.0,1.0005355230274902,-0.2275390625,7.15625,1,0,6,112040,100.0,14.285714285714286,0.0,7,1,0,112039,87.5,100.0,0.0008925383791503035,7,412,0,111628,1.6706443914081146,100.0,0.367725812209925,7,5486,0,106554,0.12743491716730385,100.0,4.896465548018565
111357,5,0.1728990389228271,98.54315400019756,1.878642564005855,-12.0,150,317,/home/jasongao/Data/STU/val/150/velodyne/000317.bin,0,648,5,110709,0.0,0.0,0.5819122282389073,-3.71875,-11.25,0,0,5,111357,,0.0,0.0,0,0,5,111357,,0.0,0.0,0,107,5,111250,0.0,0.0,0.09608735867525167,5,4493,0,106864,0.11116051578479325,100.0,4.034771051662671
110617,5,100.0,100.0,0.0,7.375,150,318,/home/jasongao/Data/STU/val/150/velodyne/000318.bin,5,941,0,109676,0.5285412262156448,100.0,0.8506829872442753,-3.421875,8.125,2,0,3,110617,100.0,40.0,0.0,5,5,0,110612,50.0,100.0,0.004520100888651834,5,119,0,110498,4.032258064516129,100.0,0.10757840114991367,5,5731,0,104886,0.08716875871687588,100.0,5.180939638572733
109926,6,53.324915824915834,99.9919642911292,0.01910376071175154,-0.39453125,150,319,/home/jasongao/Data/STU/val/150/velodyne/000319.bin,6,738,0,109188,0.8064516129032258,100.0,0.6713607335844113,-3.5625,0.5546875,0,0,6,109926,,0.0,0.0,0,0,6,109926,,0.0,0.0,6,115,0,109811,4.958677685950414,100.0,0.10461583246911559,6,4956,0,104970,0.12091898428053205,100.0,4.508487527973364
107095,5,100.0,100.0,0.0,4.25,150,323,/home/jasongao/Data/STU/val/150/velodyne/000323.bin,5,358,0,106737,1.3774104683195592,100.0,0.3342826462486577,-5.59375,4.34375,0,0,5,107095,,0.0,0.0,5,0,0,107095,100.0,100.0,0.0,5,51,0,107044,8.928571428571429,100.0,0.04762127083430599,5,3987,0,103108,0.125250501002004,100.0,3.7228628787525095
106479,7,100.0,100.0,0.0,2.453125,150,324,/home/jasongao/Data/STU/val/150/velodyne/000324.bin,7,665,0,105814,1.0416666666666667,100.0,0.6245362935414495,-3.828125,3.90625,0,0,7,106479,,0.0,0.0,6,0,1,106479,100.0,85.71428571428571,0.0,7,97,0,106382,6.730769230769231,100.0,0.09109777514815127,7,5062,0,101417,0.13809429867824027,100.0,4.753989049483936
104561,6,88.33333333333334,99.99920301705862,0.002869138588957642,4.625,150,327,/home/jasongao/Data/STU/val/150/velodyne/000327.bin,6,1142,0,103419,0.5226480836236934,100.0,1.092185422863209,1.7109375,5.15625,0,0,6,104561,,0.0,0.0,6,41,0,104520,12.76595744680851,100.0,0.03921156071575444,6,520,0,104041,1.1406844106463878,100.0,0.4973173554193246,6,4790,0,99771,0.12510425354462051,100.0,4.581057947035702
103299,7,84.01360544217687,99.99882449422135,0.0029041907472482794,3.125,150,329,/home/jasongao/Data/STU/val/150/velodyne/000329.bin,7,609,0,102690,1.1363636363636365,100.0,0.5895507216914007,-1.4453125,4.03125,0,0,7,103299,,0.0,0.0,7,3,0,103296,70.0,100.0,0.0029041907472482794,7,157,0,103142,4.2682926829268295,100.0,0.15198598243932662,7,4519,0,98780,0.15466195315952275,100.0,4.374679328938325
97197,5,0.0877232240210584,96.62592466845685,5.980637262466948,-14.9375,150,337,/home/jasongao/Data/STU/val/150/velodyne/000337.bin,0,879,5,96318,0.0,0.0,0.9043488996573968,-0.95703125,-12.9375,0,0,5,97197,,0.0,0.0,0,2,5,97195,0.0,0.0,0.0020576766772637018,0,300,5,96897,0.0,0.0,0.30865150158955523,4,5344,1,91853,0.07479431563201197,80.0,5.49811208164861
96714,5,0.03386425313321484,91.5320429307029,11.708749508861178,-16.25,150,338,/home/jasongao/Data/STU/val/150/velodyne/000338.bin,0,582,5,96132,0.0,0.0,0.6017743036168497,-3.265625,-15.625,0,0,5,96714,,0.0,0.0,0,0,5,96714,,0.0,0.0,0,115,5,96599,0.0,0.0,0.11890729366999607,1,5783,4,90931,0.017289073305670817,20.0,5.979485906900759
96526,6,0.5885786779277654,99.39204635711275,0.8277562522014794,-6.6875,150,339,/home/jasongao/Data/STU/val/150/velodyne/000339.bin,6,994,0,95532,0.6,100.0,1.029774361311978,0.81640625,-4.84375,0,0,6,96526,,0.0,0.0,0,5,6,96521,0.0,0.0,0.005179951515653813,1,472,5,96054,0.21141649048625794,16.666666666666668,0.48898742307772,6,5665,0,90861,0.1058014459530947,100.0,5.86888506723577
96227,5,0.07468326211725862,96.13320585698402,5.30932066883515,-15.25,150,340,/home/jasongao/Data/STU/val/150/velodyne/000340.bin,0,249,5,95978,0.0,0.0,0.2587631330084072,-5.46875,-14.5,0,0,5,96227,,0.0,0.0,0,2,5,96225,0.0,0.0,0.002078418739023351,0,51,5,96176,0.0,0.0,0.052999677845095454,3,3898,2,92329,0.07690335811330429,60.0,4.050838122356511
95747,5,0.9901619009853275,98.99840203870617,2.3227881813529407,-12.3125,150,344,/home/jasongao/Data/STU/val/150/velodyne/000344.bin,2,417,3,95330,0.477326968973747,40.0,0.43552278400367633,-5.0,-10.375,0,1,5,95746,0.0,0.0,0.0010444191462917899,0,13,5,95734,0.0,0.0,0.013577448901793267,0,46,5,95701,0.0,0.0,0.04804328072942233,5,5201,0,90546,0.09604302727621974,100.0,5.432023979863599
94488,5,0.10696302745497857,97.24684616035898,3.783549233765134,-13.875,150,348,/home/jasongao/Data/STU/val/150/velodyne/000348.bin,0,567,5,93921,0.0,0.0,0.6000762001524003,-2.671875,-13.0,0,0,5,94488,,0.0,0.0,0,2,5,94486,0.0,0.0,0.002116670900008467,0,123,5,94365,0.0,0.0,0.1301752603505207,5,4907,0,89581,0.10179153094462541,100.0,5.193252053170773
92109,5,0.3751941427927102,99.18629015622795,1.1171546754388821,-11.6875,150,351,/home/jasongao/Data/STU/val/150/velodyne/000351.bin,0,307,5,91802,0.0,0.0,0.3333007632261777,-3.59375,-10.75,0,0,5,92109,,0.0,0.0,0,12,5,92097,0.0,0.0,0.013028042862261016,0,96,5,92013,0.0,0.0,0.10422434289808813,5,3236,0,88873,0.154273372415921,100.0,3.5132288918563876
91422,5,0.2992424697913125,98.96622257224737,1.6396490997790465,-11.4375,150,352,/home/jasongao/Data/STU/val/150/velodyne/000352.bin,2,672,3,90750,0.29673590504451036,40.0,0.7350528319222944,1.2265625,-9.75,0,0,5,91422,,0.0,0.0,0,18,5,91404,0.0,0.0,0.019688915140775743,0,320,5,91102,0.0,0.0,0.3500251580582354,5,4137,0,87285,0.12071463061323032,100.0,4.525168996521625
90832,6,0.1121361531049503,96.81444865245729,4.2749251365157654,-14.625,150,353,/home/jasongao/Data/STU/val/150/velodyne/000353.bin,0,771,6,90061,0.0,0.0,0.8488197991897128,1.0,-13.875,0,9,6,90823,0.0,0.0,0.009908402325171746,0,69,6,90763,0.0,0.0,0.07596441782631672,0,359,6,90473,0.0,0.0,0.39523515941518406,6,3953,0,86879,0.15155342258145996,100.0,4.351990487933768
65264,5,3.1640695376528534,99.84784873743564,0.2803996077469968,-7.90625,151,219,/home/jasongao/Data/STU/val/151/velodyne/000219.bin,5,187,0,65077,2.6041666666666665,100.0,0.2865285609217946,-5.40625,-6.15625,0,0,5,65264,,0.0,0.0,0,0,5,65264,,0.0,0.0,0,20,5,65244,0.0,0.0,0.030644765873988723,5,2142,0,63122,0.2328830926874709,100.0,3.2820544251041923
66416,6,2.0198915427533137,99.7565847586927,0.4065285473379908,-9.3125,151,225,/home/jasongao/Data/STU/val/151/velodyne/000225.bin,4,172,2,66244,2.272727272727273,66.66666666666667,0.25897374126716455,-5.8125,-7.5,0,0,6,66416,,0.0,0.0,0,1,6,66415,0.0,0.0,0.0015056612864370032,0,13,6,66403,0.0,0.0,0.01957359672368104,6,2381,0,64035,0.25136154168412234,100.0,3.5849795230065045
68547,5,46.68627450980392,99.96600872394124,0.10211971348126102,-4.0,151,226,/home/jasongao/Data/STU/val/151/velodyne/000226.bin,5,210,0,68337,2.3255813953488373,100.0,0.3063591404437831,-3.921875,-2.375,0,0,5,68547,,0.0,0.0,0,0,5,68547,,0.0,0.0,4,61,1,68486,6.153846153846154,80.0,0.08899003603367032,5,2217,0,66330,0.22502250225022502,100.0,3.23427721125651
71754,5,77.53968253968256,99.9979095242077,0.005574602112774201,-1.6171875,151,228,/home/jasongao/Data/STU/val/151/velodyne/000228.bin,5,151,0,71603,3.2051282051282053,100.0,0.21044122975722607,-6.28125,-0.189453125,0,0,5,71754,,0.0,0.0,0,0,5,71754,,0.0,0.0,5,11,0,71743,31.25,100.0,0.015330155810129052,5,2580,0,69174,0.19342359767891681,100.0,3.5956183627393594
72328,5,100.0,99.99999999999999,0.0,8.8125,151,229,/home/jasongao/Data/STU/val/151/velodyne/000229.bin,5,568,0,71760,0.8726003490401396,100.0,0.7853113593629023,-3.875,9.5625,2,0,3,72328,100.0,40.0,0.0,5,2,0,72326,71.42857142857143,100.0,0.002765180842827121,5,63,0,72265,7.352941176470588,100.0,0.08710319654905431,5,3125,0,69203,0.1597444089456869,100.0,4.3205950669173765
73257,5,100.0,100.0,0.0,8.5,151,231,/home/jasongao/Data/STU/val/151/velodyne/000231.bin,5,258,0,72999,1.9011406844106464,100.0,0.35218477415127564,-6.125,10.875,4,0,1,73257,100.0,80.0,0.0,5,2,0,73255,71.42857142857143,100.0,0.0027301145283044623,5,9,0,73248,35.714285714285715,100.0,0.01228551537737008,5,2500,0,70757,0.1996007984031936,100.0,3.412643160380578
74457,5,100.0,100.0,0.0,6.09375,151,232,/home/jasongao/Data/STU/val/151/velodyne/000232.bin,5,585,0,73872,0.847457627118644,100.0,0.7856883838994319,-4.78125,8.0625,1,0,4,74457,100.0,20.0,0.0,5,0,0,74457,100.0,100.0,0.0,5,19,0,74438,20.833333333333332,100.0,0.025518084263400354,5,2978,0,71479,0.16761649346295676,100.0,3.9996239440213817
78089,6,91.07142857142857,99.99925298911072,0.0025611801918323965,4.625,151,233,/home/jasongao/Data/STU/val/151/velodyne/000233.bin,6,2004,0,76085,0.29850746268656714,100.0,2.566302552216061,3.234375,5.0625,0,0,6,78089,,0.0,0.0,6,105,0,77984,5.405405405405405,100.0,0.13446196007120081,6,1079,0,77010,0.5529953917050692,100.0,1.3817567134935778,6,4151,0,73938,0.1443348568679336,100.0,5.315729488148139
81087,5,9.850024644889546,99.88777485910194,0.3120105565627042,-1.140625,151,234,/home/jasongao/Data/STU/val/151/velodyne/000234.bin,5,2356,0,78731,0.2117746717492588,100.0,2.9055212302835227,0.59765625,1.90625,0,0,5,81087,,0.0,0.0,1,5,4,81082,16.666666666666668,20.0,0.006166216532859768,5,739,0,80348,0.6720430107526881,100.0,0.9113668035566737,5,4399,0,76688,0.11353315168029064,100.0,5.425037305610024
84269,6,0.6881628226347765,99.42050655242932,0.7713394012032895,-0.7109375,151,235,/home/jasongao/Data/STU/val/151/velodyne/000235.bin,6,1467,0,82802,0.4073319755600815,100.0,1.7408536947157318,15.0,7.09375,1,433,5,83836,0.2304147465437788,16.666666666666668,0.5138307088015759,5,516,1,83753,0.9596928982725528,83.33333333333333,0.6123248169552267,6,927,0,83342,0.6430868167202572,100.0,1.1000486537160759,6,4027,0,80242,0.14877262583684603,100.0,4.778744259454841
87331,7,3.517700450052047,99.87657794564849,0.19924196447996703,1.71875,151,236,/home/jasongao/Data/STU/val/151/velodyne/000236.bin,7,772,0,86559,0.8985879332477535,100.0,0.8839930837846812,9.25,9.1875,0,71,7,87260,0.0,0.0,0.08129988205791758,6,163,1,87168,3.5502958579881656,85.71428571428571,0.18664620810479668,7,391,0,86940,1.7587939698492463,100.0,0.44772188569923627,7,4184,0,83147,0.16702457647339536,100.0,4.790967697610242
89940,8,85.34722222222221,99.99861018456748,0.0044474093840338,0.56640625,151,237,/home/jasongao/Data/STU/val/151/velodyne/000237.bin,8,749,0,89191,1.0568031704095113,100.0,0.8327774071603291,-3.28125,3.703125,0,0,8,89940,,0.0,0.0,5,1,3,89939,83.33333333333333,62.5,0.0011118523460084502,8,119,0,89821,6.299212598425197,100.0,0.13231042917500557,8,3109,0,86831,0.25665704202759065,100.0,3.4567489437402714
92358,6,99.99999999999999,100.0,0.0,6.78125,151,238,/home/jasongao/Data/STU/val/151/velodyne/000238.bin,6,274,0,92084,2.142857142857143,100.0,0.2966716472855627,-5.90625,8.25,0,0,6,92358,,0.0,0.0,6,2,0,92356,75.0,100.0,0.002165486476536954,6,23,0,92335,20.689655172413794,100.0,0.02490309448017497,6,2336,0,90022,0.2561912894961571,100.0,2.5292882045951623
93852,9,98.88888888888889,99.99988161028949,0.0010655073946213187,3.453125,151,239,/home/jasongao/Data/STU/val/151/velodyne/000239.bin,9,115,0,93737,7.258064516129032,100.0,0.12253335038145165,-7.65625,9.8125,3,0,6,93852,100.0,33.333333333333336,0.0,9,1,0,93851,90.0,100.0,0.0010655073946213187,9,18,0,93834,33.333333333333336,100.0,0.019179133103183737,9,2305,0,91547,0.3889369057908384,100.0,2.4559945446021394
95172,7,100.0,100.0,0.0,8.375,151,240,/home/jasongao/Data/STU/val/151/velodyne/000240.bin,7,52,0,95120,11.864406779661017,100.0,0.05463791871558862,-9.125,11.375,5,0,2,95172,100.0,71.42857142857143,0.0,7,3,0,95169,70.0,100.0,0.0031521876182070358,7,15,0,95157,31.818181818181817,100.0,0.015760938091035178,7,1434,0,93738,0.4857737682165163,100.0,1.506745681502963
96734,9,97.97979797979798,99.99977027495788,0.0020675253788740256,3.203125,151,241,/home/jasongao/Data/STU/val/151/velodyne/000241.bin,9,135,0,96599,6.25,100.0,0.13955796307399673,-7.1875,12.1875,8,0,1,96734,100.0,88.88888888888889,0.0,9,4,0,96730,69.23076923076923,100.0,0.004135050757748051,9,38,0,96696,19.148936170212767,100.0,0.039282982198606486,9,1963,0,94771,0.4563894523326572,100.0,2.0292761593648563
98241,9,95.98765432098764,99.99954759780087,0.0030537148441078573,1.6171875,151,242,/home/jasongao/Data/STU/val/151/velodyne/000242.bin,9,79,0,98162,10.227272727272727,100.0,0.08041449089484023,-8.25,9.0,3,0,6,98241,100.0,33.333333333333336,0.0,8,1,1,98240,88.88888888888889,88.88888888888889,0.0010179049480359525,9,9,0,98232,50.0,100.0,0.009161144532323572,9,2156,0,96085,0.41570438799076215,100.0,2.1946030679655135
99439,9,97.22222222222221,99.9996647861168,0.003016924948963686,6.6875,151,243,/home/jasongao/Data/STU/val/151/velodyne/000243.bin,9,152,0,99287,5.590062111801243,100.0,0.15285753074749345,-7.0625,14.125,8,0,1,99439,100.0,88.88888888888889,0.0,9,6,0,99433,60.0,100.0,0.006033849897927372,9,27,0,99412,25.0,100.0,0.027152324540673175,9,2365,0,97074,0.37910699241786017,100.0,2.3783425014330395
100686,10,100.0,100.0,0.0,7.3125,151,244,/home/jasongao/Data/STU/val/151/velodyne/000244.bin,10,158,0,100528,5.9523809523809526,100.0,0.15692350475736447,-7.0625,9.3125,5,0,5,100686,100.0,50.0,0.0,10,0,0,100686,100.0,100.0,0.0,10,18,0,100668,35.714285714285715,100.0,0.017877361301471904,10,1850,0,98836,0.5376344086021505,100.0,1.8373954670957233
101063,11,100.0,100.0,0.0,6.1875,151,245,/home/jasongao/Data/STU/val/151/velodyne/000245.bin,11,1322,0,99741,0.8252063015753939,100.0,1.3080949506743318,2.0,7.375,1,0,10,101063,100.0,9.090909090909092,0.0,11,36,0,101027,23.404255319148938,100.0,0.035621345101570306,11,940,0,100123,1.1566771819137749,100.0,0.9301128998743358,11,2813,0,98250,0.3895184135977337,100.0,2.7834123269643687
100933,10,100.0,100.0,0.0,8.9375,151,246,/home/jasongao/Data/STU/val/151/velodyne/000246.bin,10,282,0,100651,3.4246575342465753,100.0,0.2793932608760267,-6.125,11.1875,9,0,1,100933,100.0,90.0,0.0,10,1,0,100932,90.9090909090909,100.0,0.0009907562442412294,10,28,0,100905,26.31578947368421,100.0,0.02774117483875442,10,2233,0,98700,0.44583147570218457,100.0,2.212358693390665
99432,14,99.52380952380952,99.99992816339667,0.0010057124466972401,3.84375,151,247,/home/jasongao/Data/STU/val/151/velodyne/000247.bin,14,287,0,99145,4.651162790697675,100.0,0.28863947220210795,-5.375,10.4375,8,0,6,99432,100.0,57.142857142857146,0.0,14,3,0,99429,82.3529411764706,100.0,0.003017137340091721,14,50,0,99382,21.875,100.0,0.050285622334862015,14,2411,0,97021,0.5773195876288659,100.0,2.4247727089870463
98530,11,100.0,100.0,0.0,4.3125,151,248,/home/jasongao/Data/STU/val/151/velodyne/000248.bin,11,114,0,98416,8.8,100.0,0.115700801786258,-7.6875,10.6875,8,0,3,98530,100.0,72.72727272727273,0.0,11,4,0,98526,73.33333333333333,100.0,0.0040596772556581754,11,24,0,98506,31.428571428571427,100.0,0.02435806353394905,11,1547,0,96983,0.7060333761232349,100.0,1.5700801786257992
99100,12,100.0,100.0,0.0,7.0,151,249,/home/jasongao/Data/STU/val/151/velodyne/000249.bin,12,538,0,98562,2.1818181818181817,100.0,0.5428859737638748,-0.6796875,10.125,7,0,5,99100,100.0,58.333333333333336,0.0,12,7,0,99093,63.1578947368421,100.0,0.007063572149344097,12,295,0,98805,3.9087947882736156,100.0,0.2976791120080727,12,2234,0,96866,0.5342831700801425,100.0,2.2542885973763873
100366,13,51.171995971327064,99.9911861050095,0.014945300201263376,5.71875,151,250,/home/jasongao/Data/STU/val/151/velodyne/000250.bin,13,312,0,100054,4.0,100.0,0.3108622441862782,-3.953125,12.8125,9,13,4,100353,40.90909090909091,69.23076923076923,0.012952593507761593,13,17,0,100349,43.333333333333336,100.0,0.01693800689476516,13,96,0,100270,11.926605504587156,100.0,0.09564992128808561,13,1549,0,98817,0.8322663252240717,100.0,1.5433513341171312
102359,16,98.75,99.99975576158423,0.0039078146523510385,4.21875,151,251,/home/jasongao/Data/STU/val/151/velodyne/000251.bin,16,334,0,102025,4.571428571428571,100.0,0.3263025234713118,-4.90625,10.9375,12,0,4,102359,100.0,75.0,0.0,16,4,0,102355,80.0,100.0,0.003907814652351039,16,57,0,102302,21.91780821917808,100.0,0.055686358796002304,16,2038,0,100321,0.7789678675754625,100.0,1.9910315653728543
102676,18,99.70760233918129,99.99994589236476,0.0009739374342592232,8.4375,151,252,/home/jasongao/Data/STU/val/151/velodyne/000252.bin,18,161,0,102515,10.05586592178771,100.0,0.15680392691573494,-7.09375,13.375,14,0,4,102676,100.0,77.77777777777777,0.0,18,5,0,102671,78.26086956521739,100.0,0.004869687171296116,18,16,0,102660,52.94117647058823,100.0,0.015582998948147572,18,1445,0,101231,1.2303485987696514,100.0,1.4073395925045775
102534,16,96.13970588235294,99.99893328066788,0.015604579944213628,4.125,151,253,/home/jasongao/Data/STU/val/151/velodyne/000253.bin,16,407,0,102127,3.7825059101654848,100.0,0.3969415023309341,1.453125,13.3125,13,0,3,102534,100.0,81.25,0.0,16,38,0,102496,29.62962962962963,100.0,0.037060877367507364,16,262,0,102272,5.755395683453237,100.0,0.25552499658649813,16,1603,0,100931,0.9882643607164917,100.0,1.5633838531609028
102320,16,100.0,100.0,0.0,5.9375,151,254,/home/jasongao/Data/STU/val/151/velodyne/000254.bin,16,327,0,101993,4.664723032069971,100.0,0.31958561376075056,-3.390625,12.0,14,0,2,102320,100.0,87.5,0.0,16,2,0,102318,88.88888888888889,100.0,0.001954652071931196,16,108,0,102212,12.903225806451612,100.0,0.1055512118842846,16,1574,0,100746,1.0062893081761006,100.0,1.5383111806098515
101564,19,98.97243107769424,99.99979271561205,0.001969201685636643,6.46875,151,255,/home/jasongao/Data/STU/val/151/velodyne/000255.bin,19,338,0,101226,5.322128851540616,100.0,0.33279508487259263,3.3125,12.4375,14,0,5,101564,100.0,73.6842105263158,0.0,19,113,0,101451,14.393939393939394,100.0,0.11125989523847032,19,234,0,101330,7.509881422924901,100.0,0.23039659721948721,19,1334,0,100230,1.4042867701404287,100.0,1.313457524319641
101196,20,98.84615384615385,99.9997035455947,0.005929088106249258,7.53125,151,256,/home/jasongao/Data/STU/val/151/velodyne/000256.bin,20,294,0,100902,6.369426751592357,100.0,0.29052531720621366,4.0625,14.4375,17,0,3,101196,100.0,85.0,0.0,20,135,0,101061,12.903225806451612,100.0,0.13340448239060831,20,194,0,101002,9.345794392523365,100.0,0.19170718210205936,20,1351,0,99845,1.4587892049598834,100.0,1.3350330052571249
101207,21,100.0,99.99999999999999,0.0,6.59375,151,257,/home/jasongao/Data/STU/val/151/velodyne/000257.bin,21,89,0,101118,19.09090909090909,100.0,0.08793858132342625,-8.3125,11.5,14,0,7,101207,100.0,66.66666666666667,0.0,21,10,0,101197,67.74193548387096,100.0,0.009880739474542275,21,24,0,101183,46.666666666666664,100.0,0.02371377473890146,21,1193,0,100014,1.729818780889621,100.0,1.1787722193128933
101132,25,100.0,99.99999999999999,0.0,7.40625,151,258,/home/jasongao/Data/STU/val/151/velodyne/000258.bin,25,285,0,100847,8.064516129032258,100.0,0.2818099117984416,-0.361328125,11.25,18,0,7,101132,100.0,72.0,0.0,25,19,0,101113,56.81818181818182,100.0,0.018787327453229443,25,185,0,100947,11.904761904761905,100.0,0.1829292409919709,25,1374,0,99758,1.7869907076483202,100.0,1.3586204168809082
101067,25,99.54370370370371,99.99988126688237,0.0009894426469569692,10.9375,151,259,/home/jasongao/Data/STU/val/151/velodyne/000259.bin,25,196,0,100871,11.312217194570136,100.0,0.19393075880356594,-4.9375,15.4375,24,1,1,101066,96.0,96.0,0.0009894426469569692,25,5,0,101062,83.33333333333333,100.0,0.004947213234784846,25,60,0,101007,29.41176470588235,100.0,0.05936655881741815,25,979,0,100088,2.49003984063745,100.0,0.9686643513708728
101016,24,98.63661278335191,99.99971126686201,0.0019798843747525145,16.25,151,260,/home/jasongao/Data/STU/val/151/velodyne/000260.bin,24,87,0,100929,21.62162162162162,100.0,0.08612497030173438,-8.4375,17.125,24,2,0,101014,92.3076923076923,100.0,0.0019798843747525145,24,6,0,101010,80.0,100.0,0.005939653124257543,24,17,0,100999,58.53658536585366,100.0,0.016829017185396374,24,983,0,100033,2.3833167825223436,100.0,0.9731131701908609
100969,28,100.0,100.0,0.0,10.6875,151,261,/home/jasongao/Data/STU/val/151/velodyne/000261.bin,28,65,0,100904,30.107526881720432,100.0,0.06437619467361269,-9.25,15.8125,27,0,1,100969,100.0,96.42857142857143,0.0,28,1,0,100968,96.55172413793103,100.0,0.0009904029949786568,28,15,0,100954,65.11627906976744,100.0,0.014856044924679852,28,877,0,100092,3.0939226519337018,100.0,0.8685834265962821
100837,28,99.76190476190476,99.99992916432319,0.0,12.1875,151,262,/home/jasongao/Data/STU/val/151/velodyne/000262.bin,28,167,0,100670,14.35897435897436,100.0,0.16561381239029324,-6.625,17.5,27,1,1,100836,96.42857142857143,96.42857142857143,0.0009916994753909774,28,6,0,100831,82.3529411764706,100.0,0.005950196852345865,28,26,0,100811,51.851851851851855,100.0,0.025784186360165415,28,1094,0,99743,2.4955436720142603,100.0,1.0849192260777294
100996,30,99.89247311827957,99.99996699539255,0.0,5.09375,151,263,/home/jasongao/Data/STU/val/151/velodyne/000263.bin,30,119,0,100877,20.13422818791946,100.0,0.11782644857222069,-7.59375,18.125,27,0,3,100996,100.0,90.0,0.0,29,1,1,100995,96.66666666666667,96.66666666666667,0.0009901382232959722,30,16,0,100980,65.21739130434783,100.0,0.015842211572735555,30,1148,0,99848,2.5466893039049237,100.0,1.136678680343776
100661,33,97.44145607737731,99.9977120927638,0.000993433405191683,5.15625,151,264,/home/jasongao/Data/STU/val/151/velodyne/000264.bin,33,130,0,100531,20.245398773006134,100.0,0.12914634267491878,-7.0,17.75,27,0,6,100661,100.0,81.81818181818181,0.0,32,3,1,100658,91.42857142857143,96.96969696969697,0.002980300215575049,33,71,0,100590,31.73076923076923,100.0,0.07053377176860949,33,1109,0,99552,2.8896672504378285,100.0,1.1017176463575764
100270,35,97.86440244113838,99.99908817620995,0.004986536351850005,3.65625,151,265,/home/jasongao/Data/STU/val/151/velodyne/000265.bin,35,144,0,100126,19.553072625698324,100.0,0.14361224693328015,-6.59375,16.75,25,0,10,100270,100.0,71.42857142857143,0.0,34,6,1,100264,85.0,97.14285714285714,0.005983843622220006,35,40,0,100230,46.666666666666664,100.0,0.03989229081480004,35,1365,0,98905,2.5,100.0,1.3613244240550513
99743,34,99.50433244550891,99.99982307471377,0.00200515324383666,6.1875,151,266,/home/jasongao/Data/STU/val/151/velodyne/000266.bin,34,119,0,99624,22.22222222222222,100.0,0.11930661800828128,-7.3125,17.375,29,0,5,99743,100.0,85.29411764705883,0.0,34,6,0,99737,85.0,100.0,0.006015459731509981,34,30,0,99713,53.125,100.0,0.030077298657549902,34,1177,0,98566,2.8075970272502064,100.0,1.1800326839978745
99544,35,99.15331010452961,99.99965557226666,0.006027485333119023,2.15625,151,267,/home/jasongao/Data/STU/val/151/velodyne/000267.bin,35,73,0,99471,32.407407407407405,100.0,0.07333440488628144,-9.0625,18.375,28,0,7,99544,100.0,80.0,0.0,33,5,2,99539,86.84210526315789,94.28571428571429,0.005022904444265852,35,18,0,99526,66.0377358490566,100.0,0.018082455999357067,35,942,0,98602,3.5823950870010237,100.0,0.9463151972996866
99504,38,99.34957586273376,99.99973553033573,0.003014954172696575,6.125,151,268,/home/jasongao/Data/STU/val/151/velodyne/000268.bin,38,80,0,99424,32.20338983050848,100.0,0.08039877793857533,-9.0,16.625,32,0,6,99504,100.0,84.21052631578948,0.0,38,5,0,99499,88.37209302325581,100.0,0.005024923621160958,38,24,0,99480,61.29032258064516,100.0,0.0241196333815726,38,946,0,98558,3.861788617886179,100.0,0.9507155491236533
99413,41,97.67762460233298,99.99525262068832,0.0,6.96875,151,269,/home/jasongao/Data/STU/val/151/velodyne/000269.bin,41,509,0,98904,7.454545454545454,100.0,0.5120054721213524,-2.59375,16.75,31,0,10,99413,100.0,75.60975609756098,0.0,39,6,2,99407,86.66666666666667,95.1219512195122,0.006035427962137748,40,180,1,99233,18.181818181818183,97.5609756097561,0.18106283886413246,41,1666,0,97747,2.401874633860574,100.0,1.6758371641535814
99318,44,98.82526818573331,99.99938214989868,0.0030206004953784813,4.9375,151,270,/home/jasongao/Data/STU/val/151/velodyne/000270.bin,44,66,0,99252,40.0,100.0,0.06645321089832659,-8.875,17.375,33,0,11,99318,100.0,75.0,0.0,42,7,2,99311,85.71428571428571,95.45454545454545,0.0070480678225497894,44,15,0,99303,74.57627118644068,100.0,0.015103002476892407,44,1150,0,98168,3.6850921273031827,100.0,1.1578968565617511
99373,44,99.25628513661815,99.99967981059424,0.0010063095609471385,6.53125,151,271,/home/jasongao/Data/STU/val/151/velodyne/000271.bin,44,59,0,99314,42.71844660194175,100.0,0.05937226409588117,-9.8125,15.75,31,0,13,99373,100.0,70.45454545454545,0.0,44,9,0,99364,83.01886792452831,100.0,0.009056786048524248,44,27,0,99346,61.971830985915496,100.0,0.02717035814557274,44,871,0,98502,4.808743169398907,100.0,0.8764956275849577
99249,48,98.37394394688279,99.9991708564654,0.0020151336537395843,4.1875,151,272,/home/jasongao/Data/STU/val/151/velodyne/000272.bin,48,64,0,99185,42.857142857142854,100.0,0.0644842769196667,-9.0625,16.25,34,1,14,99248,97.14285714285714,70.83333333333333,0.0010075668268697921,47,5,1,99244,90.38461538461539,97.91666666666667,0.0050378341343489605,48,21,0,99228,69.56521739130434,100.0,0.021158903364265635,48,988,0,98261,4.633204633204633,100.0,0.9954760249473547
98771,51,99.69640505774959,99.99984118542376,0.001012442923530186,7.28125,151,273,/home/jasongao/Data/STU/val/151/velodyne/000273.bin,51,47,0,98724,52.04081632653061,100.0,0.047584817405918745,-9.9375,17.625,44,0,7,98771,100.0,86.27450980392157,0.0,51,7,0,98764,87.93103448275862,100.0,0.007087100464711302,51,19,0,98752,72.85714285714286,100.0,0.019236415547073532,51,824,0,97947,5.828571428571428,100.0,0.8342529689888732
98545,54,98.7495872993483,99.99931409414387,0.004059059313004211,7.4375,151,274,/home/jasongao/Data/STU/val/151/velodyne/000274.bin,54,110,0,98435,32.926829268292686,100.0,0.1116241311076158,-7.59375,18.125,44,1,10,98544,97.77777777777777,81.48148148148148,0.0010147648282510528,53,8,1,98537,86.88524590163935,98.14814814814815,0.008118118626008423,54,25,0,98520,68.35443037974683,100.0,0.02536912070627632,54,1065,0,97480,4.825737265415549,100.0,1.0807245420873712
98052,54,99.60218842700951,99.99978280609987,0.0030596010280259456,9.375,151,275,/home/jasongao/Data/STU/val/151/velodyne/000275.bin,54,93,0,97959,36.734693877551024,100.0,0.09484763186880431,-8.25,17.75,46,0,8,98052,100.0,85.18518518518519,0.0,54,12,0,98040,81.81818181818181,100.0,0.012238404112103782,54,26,0,98026,67.5,100.0,0.026516542242891527,54,1285,0,96767,4.032860343539955,100.0,1.3105291070044467
97736,59,99.88647895407013,99.99993930380423,0.0010231644429892772,6.71875,151,276,/home/jasongao/Data/STU/val/151/velodyne/000276.bin,59,84,0,97652,41.25874125874126,100.0,0.08594581321109929,-8.5,17.125,49,0,10,97736,100.0,83.05084745762711,0.0,59,7,0,97729,89.39393939393939,100.0,0.0071621511009249406,59,20,0,97716,74.68354430379746,100.0,0.020463288859785544,59,1254,0,96482,4.493526275704493,100.0,1.2830482115085537
69512,6,73.45238095238095,99.99856139947059,0.0014386005294049948,1.984375,152,327,/home/jasongao/Data/STU/val/152/velodyne/000327.bin,6,315,0,69197,1.8691588785046729,100.0,0.4531591667625734,-4.84375,2.484375,0,0,6,69512,,0.0,0.0,1,1,5,69511,50.0,16.666666666666668,0.0014386005294049948,6,21,0,69491,22.22222222222222,100.0,0.03021061111750489,6,2242,0,67270,0.2669039145907473,100.0,3.2253423869259983
70383,5,100.0,100.0,0.0,7.03125,152,328,/home/jasongao/Data/STU/val/152/velodyne/000328.bin,5,114,0,70269,4.201680672268908,100.0,0.16197093048037167,-6.375,7.71875,2,0,3,70383,100.0,40.0,0.0,5,2,0,70381,71.42857142857143,100.0,0.0028415952715854682,5,36,0,70347,12.195121951219512,100.0,0.05114871488853843,5,1811,0,68572,0.2753303964757709,100.0,2.5730645184206415
71184,6,39.99669312169311,99.9894639244774,0.030905821532928746,-1.2421875,152,330,/home/jasongao/Data/STU/val/152/velodyne/000330.bin,6,81,0,71103,6.896551724137931,100.0,0.11378961564396493,-7.625,1.234375,0,0,6,71184,,0.0,0.0,0,1,6,71183,0.0,0.0,0.0014048100696785794,6,38,0,71146,13.636363636363637,100.0,0.053382782647786016,6,1430,0,69754,0.4178272980501393,100.0,2.0088783996403685
71917,5,21.218559218559218,99.98553888510367,0.018076393620423542,-1.265625,152,331,/home/jasongao/Data/STU/val/152/velodyne/000331.bin,5,110,0,71807,4.3478260869565215,100.0,0.1529540998651223,-7.03125,0.283203125,0,0,5,71917,,0.0,0.0,0,2,5,71915,0.0,0.0,0.0027809836339113144,5,26,0,71891,16.129032258064516,100.0,0.03615278724084709,5,2018,0,69899,0.24715768660405338,100.0,2.8060124866165164
76309,5,54.02564102564102,99.99554443119422,0.010483691307709445,0.474609375,152,333,/home/jasongao/Data/STU/val/152/velodyne/000333.bin,5,1095,0,75214,0.45454545454545453,100.0,1.4349552477427303,-3.5,2.53125,0,0,5,76309,,0.0,0.0,2,1,3,76308,66.66666666666667,40.0,0.0013104614134636806,5,101,0,76208,4.716981132075472,100.0,0.13235660275983174,5,2619,0,73690,0.19054878048780488,100.0,3.4320984418613794
82294,6,14.635563711650668,99.97630446934163,0.026733419204316232,4.6875,152,335,/home/jasongao/Data/STU/val/152/velodyne/000335.bin,6,2138,0,80156,0.2798507462686567,100.0,2.5980022844921864,2.4375,6.09375,0,17,6,82277,0.0,0.0,0.02065764211242618,6,80,0,82214,6.976744186046512,100.0,0.09721243347024085,6,534,0,81760,1.1111111111111112,100.0,0.6488929934138576,6,4532,0,77762,0.13221683561040107,100.0,5.507084356089144
88634,5,2.708466790941018,99.88559694925199,0.16359410609923958,7.125,152,338,/home/jasongao/Data/STU/val/152/velodyne/000338.bin,5,432,0,88202,1.1441647597254005,100.0,0.48739761265428616,9.6875,8.625,0,72,5,88562,0.0,0.0,0.08123293544238103,5,174,0,88460,2.793296089385475,100.0,0.19631292731908748,5,288,0,88346,1.7064846416382253,100.0,0.3249317417695241,5,2803,0,85831,0.17806267806267806,100.0,3.1624433061804726
90506,5,4.380224624805862,99.75714317282832,0.962367135880494,-8.3125,152,339,/home/jasongao/Data/STU/val/152/velodyne/000339.bin,4,766,1,89740,0.5194805194805194,80.0,0.846352727995934,-4.375,-2.046875,0,0,5,90506,,0.0,0.0,0,0,5,90506,,0.0,0.0,3,66,2,90440,4.3478260869565215,60.0,0.07292334209886638,5,4187,0,86319,0.11927480916030535,100.0,4.626212626787174
92314,6,9.777817697856428,99.96316918343912,0.06607881794744026,-2.140625,152,340,/home/jasongao/Data/STU/val/152/velodyne/000340.bin,6,416,0,91898,1.4218009478672986,100.0,0.4506358732153303,-3.140625,-1.125,0,0,6,92314,,0.0,0.0,0,3,6,92311,0.0,0.0,0.0032497779318413243,6,117,0,92197,4.878048780487805,100.0,0.12674133934181164,6,3348,0,88966,0.17889087656529518,100.0,3.6267521719349176
93834,6,100.0,100.0,0.0,10.8125,152,341,/home/jasongao/Data/STU/val/152/velodyne/000341.bin,6,79,0,93755,7.0588235294117645,100.0,0.0841912313234009,-8.375,11.5,6,0,0,93834,100.0,100.0,0.0,6,4,0,93830,60.0,100.0,0.004262847155615235,6,27,0,93807,18.181818181818183,100.0,0.02877421830040284,6,1607,0,92227,0.3719776813391196,100.0,1.7125988447684208
94813,6,94.84126984126983,99.99964843077076,0.0010547076877643361,4.40625,152,342,/home/jasongao/Data/STU/val/152/velodyne/000342.bin,6,78,0,94735,7.142857142857143,100.0,0.08226719964561821,-8.375,6.96875,2,0,4,94813,100.0,33.333333333333336,0.0,6,1,0,94812,85.71428571428571,100.0,0.0010547076877643361,6,20,0,94793,23.076923076923077,100.0,0.021094153755286723,6,1731,0,93082,0.3454231433506045,100.0,1.8256990075200659
95496,7,100.0,100.0,0.0,0.671875,152,343,/home/jasongao/Data/STU/val/152/velodyne/000343.bin,7,189,0,95307,3.5714285714285716,100.0,0.19791404875596882,-7.15625,3.296875,0,0,7,95496,,0.0,0.0,4,0,3,95496,100.0,57.142857142857146,0.0,7,2,0,95494,77.77777777777777,100.0,0.0020943285582642203,7,2723,0,92773,0.2564102564102564,100.0,2.851428332076736
95951,5,70.55555555555554,99.99624808496004,0.013548582088774479,-0.2138671875,152,344,/home/jasongao/Data/STU/val/152/velodyne/000344.bin,5,96,0,95855,4.9504950495049505,100.0,0.10005106773248845,-7.96875,1.859375,0,0,5,95951,,0.0,0.0,0,0,5,95951,,0.0,0.0,5,40,0,95911,11.11111111111111,100.0,0.04168794488853686,5,1674,0,94277,0.29779630732578916,100.0,1.7446404935852675
96739,7,93.6734693877551,99.9994093089949,0.003101127776801497,5.1875,152,345,/home/jasongao/Data/STU/val/152/velodyne/000345.bin,7,114,0,96625,5.785123966942149,100.0,0.11784285551845688,-7.59375,7.09375,0,0,7,96739,,0.0,0.0,7,6,0,96733,53.84615384615385,100.0,0.006202255553602994,7,25,0,96714,21.875,100.0,0.025842731473345808,7,1341,0,95398,0.5192878338278932,100.0,1.3862041162302692
97640,6,81.34920634920636,99.99880513450772,0.0020483408439164277,7.09375,152,346,/home/jasongao/Data/STU/val/152/velodyne/000346.bin,6,113,0,97527,5.042016806722689,100.0,0.11573125768127816,-7.4375,7.78125,2,0,4,97640,100.0,33.333333333333336,0.0,6,2,0,97638,75.0,100.0,0.0020483408439164277,6,21,0,97619,22.22222222222222,100.0,0.021507578861122492,6,1185,0,96455,0.5037783375314862,100.0,1.2136419500204834
98450,9,100.0,100.0,0.0,10.0625,152,347,/home/jasongao/Data/STU/val/152/velodyne/000347.bin,9,95,0,98355,8.653846153846153,100.0,0.09649568308786186,-8.0625,12.0625,9,0,0,98450,100.0,100.0,0.0,9,10,0,98440,47.36842105263158,100.0,0.01015744032503809,9,30,0,98420,23.076923076923077,100.0,0.03047232097511427,9,1981,0,96469,0.45226130653266333,100.0,2.012188928390046
98742,7,96.1734693877551,99.9997106456364,0.0010127402726296815,10.3125,152,348,/home/jasongao/Data/STU/val/152/velodyne/000348.bin,7,613,0,98129,1.1290322580645162,100.0,0.6208097871219946,0.5546875,11.1875,7,1,0,98741,87.5,100.0,0.0010127402726296815,7,21,0,98721,25.0,100.0,0.02126754572522331,7,358,0,98384,1.917808219178082,100.0,0.36256101760142595,7,2023,0,96719,0.3448275862068966,100.0,2.0487735715298454
98944,9,96.26543209876543,99.99971925758229,0.001010672703751617,13.1875,152,349,/home/jasongao/Data/STU/val/152/velodyne/000349.bin,9,409,0,98535,2.15311004784689,100.0,0.41336513583441137,-4.78125,15.25,9,1,0,98943,90.0,100.0,0.001010672703751617,9,10,0,98934,47.36842105263158,100.0,0.01010672703751617,9,40,0,98904,18.367346938775512,100.0,0.04042690815006468,9,2190,0,96754,0.4092769440654843,100.0,2.2133732212160413
99222,7,100.0,100.0,0.0,13.375,152,350,/home/jasongao/Data/STU/val/152/velodyne/000350.bin,7,493,0,98729,1.4,100.0,0.4968656144806595,-4.6875,14.125,7,0,0,99222,100.0,100.0,0.0,7,9,0,99213,43.75,100.0,0.009070569027030295,7,60,0,99162,10.447761194029852,100.0,0.06047046018020197,7,2133,0,97089,0.32710280373831774,100.0,2.14972485940618
98927,10,100.0,100.0,0.0,10.625,152,351,/home/jasongao/Data/STU/val/152/velodyne/000351.bin,10,86,0,98841,10.416666666666666,100.0,0.08693278882408241,-8.1875,12.6875,10,0,0,98927,100.0,100.0,0.0,10,7,0,98920,58.8235294117647,100.0,0.007075924671727638,10,26,0,98901,27.77777777777778,100.0,0.026282005923559795,10,1585,0,97342,0.6269592476489029,100.0,1.6021915149554722
99518,9,98.88888888888889,99.99988835073945,0.0010048433449225266,11.5625,152,352,/home/jasongao/Data/STU/val/152/velodyne/000352.bin,9,110,0,99408,7.563025210084033,100.0,0.11053276794147793,-7.53125,14.6875,9,3,0,99515,75.0,100.0,0.00301453003476758,9,11,0,99507,45.0,100.0,0.011053276794147792,9,26,0,99492,25.714285714285715,100.0,0.026125926967985692,9,1362,0,98156,0.6564551422319475,100.0,1.3685966357844812
99767,9,91.21572871572872,99.99910903516303,0.0030070063247366365,9.1875,152,353,/home/jasongao/Data/STU/val/152/velodyne/000353.bin,9,364,0,99403,2.4128686327077746,100.0,0.36485010073471186,-5.375,12.3125,7,3,2,99764,70.0,77.77777777777777,0.0030070063247366365,9,4,0,99763,69.23076923076923,100.0,0.004009341766315515,9,36,0,99731,20.0,100.0,0.03608407589683964,9,1937,0,97830,0.4624871531346352,100.0,1.9415237503382883
99790,13,98.5576923076923,99.999768745134,0.003006313257841467,2.4375,152,354,/home/jasongao/Data/STU/val/152/velodyne/000354.bin,13,125,0,99665,9.420289855072463,100.0,0.12526305241006114,-7.34375,12.5625,12,0,1,99790,100.0,92.3076923076923,0.0,12,3,1,99787,80.0,92.3076923076923,0.003006313257841467,13,25,0,99765,34.21052631578947,100.0,0.025052610482012225,13,1456,0,98334,0.8849557522123894,100.0,1.459064034472392
99867,12,100.0,100.0,0.0,10.5625,152,355,/home/jasongao/Data/STU/val/152/velodyne/000355.bin,12,314,0,99553,3.6809815950920246,100.0,0.31441817617431184,-4.71875,13.0625,12,0,0,99867,100.0,100.0,0.0,12,3,0,99864,80.0,100.0,0.0030039953137673105,12,61,0,99806,16.438356164383563,100.0,0.06108123804660198,12,1877,0,97990,0.6352567496029645,100.0,1.8794997346470805
99925,12,96.52417027417027,99.99958302059879,0.0020015011258443832,15.3125,152,356,/home/jasongao/Data/STU/val/152/velodyne/000356.bin,12,273,0,99652,4.2105263157894735,100.0,0.2732049036777583,-4.09375,17.125,12,3,0,99922,80.0,100.0,0.003002251688766575,12,8,0,99917,60.0,100.0,0.008006004503377533,12,82,0,99843,12.76595744680851,100.0,0.08206154615961972,12,1237,0,98688,0.9607686148919136,100.0,1.237928446334751
99983,15,99.58333333333333,99.99993332199807,0.001000170028904914,6.28125,152,357,/home/jasongao/Data/STU/val/152/velodyne/000357.bin,15,307,0,99676,4.658385093167702,100.0,0.3070521988738085,-2.484375,14.8125,12,0,3,99983,100.0,80.0,0.0,15,3,0,99980,83.33333333333333,100.0,0.0030005100867147414,15,134,0,99849,10.06711409395973,100.0,0.13402278387325844,15,1226,0,98757,1.20870265914585,100.0,1.2262084554374244
100030,15,100.0,100.0,0.0,7.3125,152,358,/home/jasongao/Data/STU/val/152/velodyne/000358.bin,15,375,0,99655,3.8461538461538463,100.0,0.37488753373987804,1.359375,15.4375,14,0,1,100030,100.0,93.33333333333333,0.0,15,33,0,99997,31.25,100.0,0.032990102969109265,15,215,0,99815,6.521739130434782,100.0,0.21493551934419675,15,1709,0,98321,0.8700696055684455,100.0,1.7084874537638708
100252,18,99.20634920634922,99.9998337522776,0.0029924590033116546,4.5625,152,359,/home/jasongao/Data/STU/val/152/velodyne/000359.bin,18,235,0,100017,7.1146245059288535,100.0,0.2344092885927463,-3.59375,14.75,13,0,5,100252,100.0,72.22222222222223,0.0,18,5,0,100247,78.26086956521739,100.0,0.004987431672186091,18,102,0,100150,15.0,100.0,0.10174360611259625,18,1395,0,98857,1.2738853503184713,100.0,1.3914934365399194
99931,22,90.9172755220186,99.98821914393659,0.09406490478430117,-2.375,152,360,/home/jasongao/Data/STU/val/152/velodyne/000360.bin,22,268,0,99663,7.586206896551724,100.0,0.2681850476829012,-2.5,14.75,17,0,5,99931,100.0,77.27272727272727,0.0,20,4,2,99927,83.33333333333333,90.9090909090909,0.004002761905714944,21,143,1,99788,12.804878048780488,95.45454545454545,0.14309873812930923,22,1585,0,98346,1.3690105787181084,100.0,1.5860944051395462
99649,19,92.88354165813809,99.99825704010551,0.010035223634958705,6.34375,152,361,/home/jasongao/Data/STU/val/152/velodyne/000361.bin,19,348,0,99301,5.177111716621253,100.0,0.34922578249656294,0.4609375,18.25,12,1,7,99648,92.3076923076923,63.1578947368421,0.0010035223634958705,19,28,0,99621,40.42553191489362,100.0,0.028098626177884375,19,206,0,99443,8.444444444444445,100.0,0.20672560688014932,19,2047,0,97602,0.9196515004840271,100.0,2.054210278076047
99099,26,100.0,100.0,0.0,9.9375,152,362,/home/jasongao/Data/STU/val/152/velodyne/000362.bin,26,159,0,98940,14.054054054054054,100.0,0.16044561499106955,-6.59375,13.5625,24,0,2,99099,100.0,92.3076923076923,0.0,26,0,0,99099,100.0,100.0,0.0,26,57,0,99042,31.325301204819276,100.0,0.057518239336421154,26,1537,0,97562,1.6634676903390915,100.0,1.5509742782470055
98372,26,96.96685428392746,99.99622703771242,0.0,7.78125,152,363,/home/jasongao/Data/STU/val/152/velodyne/000363.bin,26,234,0,98138,10.0,100.0,0.237872565364128,-5.59375,12.625,22,0,4,98372,100.0,84.61538461538461,0.0,25,0,1,98372,100.0,96.15384615384616,0.0,25,40,1,98332,38.46153846153846,96.15384615384616,0.04066197698532103,26,1512,0,96860,1.6905071521456436,100.0,1.537022730045135
97791,27,99.73055065647658,99.99992425266734,0.001022588990806925,10.5,152,364,/home/jasongao/Data/STU/val/152/velodyne/000364.bin,27,256,0,97535,9.540636042402827,100.0,0.2617827816465728,-4.28125,14.875,26,1,1,97790,96.29629629629629,96.29629629629629,0.001022588990806925,27,7,0,97784,79.41176470588235,100.0,0.007158122935648475,27,66,0,97725,29.032258064516128,100.0,0.06749087339325704,27,1998,0,95793,1.3333333333333333,100.0,2.0431328036322363
96753,35,100.0,99.99999999999999,0.0,8.0,152,365,/home/jasongao/Data/STU/val/152/velodyne/000365.bin,35,132,0,96621,20.95808383233533,100.0,0.1364298781433134,-6.96875,14.5625,33,0,2,96753,100.0,94.28571428571429,0.0,35,3,0,96750,92.10526315789474,100.0,0.003100679048711668,35,26,0,96727,57.377049180327866,100.0,0.02687255175550112,35,1354,0,95399,2.5197984161267097,100.0,1.3994398106518662
95894,39,95.49136178874014,99.99506666816406,0.02189918034496423,1.734375,152,366,/home/jasongao/Data/STU/val/152/velodyne/000366.bin,39,164,0,95730,19.211822660098523,100.0,0.171022170313054,-5.375,13.625,34,4,5,95890,89.47368421052632,87.17948717948718,0.004171272446659853,37,19,2,95875,66.07142857142857,94.87179487179488,0.019813544121634306,38,60,1,95834,38.775510204081634,97.43589743589743,0.0625690866998978,39,1340,0,94554,2.828136330674402,100.0,1.397376269631051
94942,51,95.02481740109008,99.96463269009232,0.032651513555644496,0.2431640625,152,367,/home/jasongao/Data/STU/val/152/velodyne/000367.bin,50,608,1,94334,7.598784194528875,98.03921568627452,0.6403909755429631,-1.9375,12.25,40,0,11,94942,100.0,78.43137254901961,0.0,48,13,3,94929,78.68852459016394,94.11764705882354,0.013692570200754145,50,246,1,94696,16.89189189189189,98.03921568627452,0.25910555918350153,51,1879,0,93063,2.6424870466321244,100.0,1.9791030313243876
94107,58,98.81843846991347,99.99907478757673,0.008500961671289064,2.96875,152,368,/home/jasongao/Data/STU/val/152/velodyne/000368.bin,58,356,0,93751,14.009661835748792,100.0,0.37829279437236335,-4.34375,13.5,48,0,10,94107,100.0,82.75862068965517,0.0,56,8,2,94099,87.5,96.55172413793103,0.008500961671289064,58,64,0,94043,47.540983606557376,100.0,0.06800769337031251,58,1454,0,92653,3.835978835978836,100.0,1.5450497837567876
93813,70,98.69676096615039,99.99888075213457,0.00746165243622952,6.84375,152,369,/home/jasongao/Data/STU/val/152/velodyne/000369.bin,70,233,0,93580,23.102310231023104,100.0,0.24836643109163975,-3.96875,13.375,60,1,10,93812,98.36065573770492,85.71428571428571,0.0010659503480327885,69,15,1,93798,82.14285714285714,98.57142857142857,0.01598925522049183,70,83,0,93730,45.751633986928105,100.0,0.08847387888672145,70,1413,0,92400,4.720161834120027,100.0,1.5061878417703303
93531,77,90.14349556550184,99.84075007008579,0.8200489677219317,-11.5625,152,370,/home/jasongao/Data/STU/val/152/velodyne/000370.bin,71,330,6,93201,17.705735660847882,92.20779220779221,0.35282419732495107,-3.265625,12.1875,58,0,19,93531,100.0,75.32467532467533,0.0,69,9,8,93522,88.46153846153847,89.6103896103896,0.009622478108862303,69,106,8,93425,39.42857142857143,89.6103896103896,0.11333140883771156,75,1623,2,91908,4.41696113074205,97.40259740259741,1.7352535522981685
93379,11,23.706196160741616,99.98091842725005,0.028914424013964598,2.125,152,371,/home/jasongao/Data/STU/val/152/velodyne/000371.bin,11,132,0,93247,7.6923076923076925,100.0,0.14135940629049357,-5.1875,7.25,1,15,10,93364,6.25,9.090909090909092,0.016063568896646997,10,25,1,93354,28.571428571428573,90.9090909090909,0.026772614827744998,11,72,0,93307,13.25301204819277,100.0,0.0771051307039056,11,1150,0,92229,0.9474590869939707,100.0,1.2315402820762698
89394,22,3.4972358242955823,99.64836464517651,0.6577622659238875,-13.8125,152,396,/home/jasongao/Data/STU/val/152/velodyne/000396.bin,10,247,12,89147,3.8910505836575875,45.45454545454545,0.27630489742040854,0.578125,-8.9375,0,0,22,89394,,0.0,0.0,0,26,22,89368,0.0,0.0,0.02908472604425353,7,161,15,89233,4.166666666666667,31.818181818181817,0.180101572812493,21,736,1,88658,2.774108322324967,95.45454545454545,0.8233214757142537
90705,40,5.32040594577477,99.60241993274902,0.7871671903423185,-13.875,152,397,/home/jasongao/Data/STU/val/152/velodyne/000397.bin,8,153,32,90552,4.968944099378882,20.0,0.16867868364478253,-5.3125,-10.125,0,4,40,90701,0.0,0.0,0.004409900226007387,0,42,40,90663,0.0,0.0,0.04630395237307756,0,58,40,90647,0.0,0.0,0.0639435532771071,39,906,1,89799,4.126984126984127,97.5,0.998842401190673
91992,30,11.017933260384607,99.79202901701596,0.5098269414731715,-10.875,152,398,/home/jasongao/Data/STU/val/152/velodyne/000398.bin,24,316,6,91676,7.0588235294117645,80.0,0.3435081311418384,0.5234375,-3.9375,0,0,30,91992,,0.0,0.0,1,5,29,91987,16.666666666666668,3.3333333333333335,0.005435255239586051,15,211,15,91781,6.6371681415929205,50.0,0.22936777111053136,30,1081,0,90911,2.7002700270027002,100.0,1.1751021827985042
93503,28,4.887336341788656,99.27458400876367,2.753922334042758,-16.375,152,399,/home/jasongao/Data/STU/val/152/velodyne/000399.bin,16,307,12,93196,4.953560371517028,57.142857142857146,0.32833171128199096,-2.8125,-6.375,0,0,28,93503,,0.0,0.0,0,0,28,93503,,0.0,0.0,10,133,18,93370,6.993006993006993,35.714285714285715,0.1422414254088104,23,1421,5,92082,1.592797783933518,82.14285714285714,1.5197373346309744
95169,22,74.1536405170867,99.99030432942736,0.03467515682627746,1.453125,152,400,/home/jasongao/Data/STU/val/152/velodyne/000400.bin,22,311,0,94858,6.606606606606607,100.0,0.3267870840294634,-2.34375,4.0,0,0,22,95169,,0.0,0.0,18,18,4,95151,50.0,81.81818181818181,0.018913721905242254,22,134,0,95035,14.102564102564102,100.0,0.14080215196124787,22,1322,0,93847,1.6369047619047619,100.0,1.3891077977072366
97181,26,12.715969941504582,99.91172301011673,0.19859849147467099,-7.65625,152,401,/home/jasongao/Data/STU/val/152/velodyne/000401.bin,26,207,0,96974,11.158798283261802,100.0,0.2130045996645435,-4.1875,-2.625,0,0,26,97181,,0.0,0.0,0,30,26,97151,0.0,0.0,0.030870231835441086,17,87,9,97094,16.346153846153847,65.38461538461539,0.08952367232277915,26,1632,0,95549,1.5681544028950543,100.0,1.679340611847995
99499,16,8.56247691827568,99.91209082503343,0.23417320777093237,-3.296875,152,402,/home/jasongao/Data/STU/val/152/velodyne/000402.bin,16,627,0,98872,2.488335925349922,100.0,0.6301570870058996,-1.109375,-0.2138671875,0,0,16,99499,,0.0,0.0,0,50,16,99449,0.0,0.0,0.050251761324234416,16,251,0,99248,5.992509363295881,100.0,0.25226384184765677,16,1761,0,97738,0.9003939223410242,100.0,1.7698670338395361
101614,25,12.625867515208764,99.91987324581257,0.12301454523982916,-5.09375,152,403,/home/jasongao/Data/STU/val/152/velodyne/000403.bin,25,282,0,101332,8.143322475570033,100.0,0.27752081406105455,-3.953125,-2.15625,0,17,25,101597,0.0,0.0,0.016729978152616766,0,54,25,101560,0.0,0.0,0.05314228354360619,20,96,5,101518,17.24137931034483,80.0,0.09447517074418879,25,1568,0,100046,1.569365976145637,100.0,1.543094455488417
103422,20,2.930896483723188,99.48398309837366,1.054901278258011,-11.375,152,404,/home/jasongao/Data/STU/val/152/velodyne/000404.bin,14,682,6,102740,2.0114942528735633,70.0,0.6594341629440544,-1.4140625,-6.6875,0,0,20,103422,,0.0,0.0,0,2,20,103420,0.0,0.0,0.0019338245247626231,5,252,15,103170,1.9455252918287937,25.0,0.2436618901200905,20,1995,0,101427,0.9925558312655087,100.0,1.9289899634507164
104889,18,89.29153563609896,99.94957632460134,0.529130795412293,-3.09375,152,405,/home/jasongao/Data/STU/val/152/velodyne/000405.bin,18,883,0,104006,1.997780244173141,100.0,0.8418423285568554,2.5625,10.875,14,0,4,104889,100.0,77.77777777777777,0.0,16,88,2,104801,15.384615384615385,88.88888888888889,0.08389821620951672,18,584,0,104305,2.990033222591362,100.0,0.556779071208611,18,2464,0,102425,0.7252215954875101,100.0,2.3491500538664685
106743,14,1.4019234922506298,99.4774498428134,1.1017115876450914,-9.875,152,406,/home/jasongao/Data/STU/val/152/velodyne/000406.bin,10,980,4,105763,1.0101010101010102,71.42857142857143,0.9180929897042429,5.90625,-4.78125,0,17,14,106726,0.0,0.0,0.01592610288262462,0,153,14,106590,0.0,0.0,0.1433349259436216,7,398,7,106345,1.728395061728395,50.0,0.3728581733696823,14,2454,0,104289,0.5672609400324149,100.0,2.2989797925859308
108235,7,63.27783745076978,99.9932026212804,0.028641382177668963,0.39453125,152,407,/home/jasongao/Data/STU/val/152/velodyne/000407.bin,7,597,0,107638,1.1589403973509933,100.0,0.5515775858086571,-1.4921875,1.6640625,0,0,7,108235,,0.0,0.0,3,2,4,108233,60.0,42.857142857142854,0.0018478311082367072,7,313,0,107922,2.1875,100.0,0.2891855684390447,7,1987,0,106248,0.3510531594784353,100.0,1.8358202060331685
109468,10,69.03827276524643,99.98785033069024,0.049329484415536966,0.734375,152,408,/home/jasongao/Data/STU/val/152/velodyne/000408.bin,10,484,0,108984,2.0242914979757085,100.0,0.44213834179851647,-0.0009765625,3.015625,0,0,10,109468,,0.0,0.0,6,2,4,109466,75.0,60.0,0.0018270179413161836,10,296,0,109172,3.2679738562091503,100.0,0.2703986553147952,10,1757,0,107711,0.5659309564233164,100.0,1.6050352614462673
110475,11,96.17715617715618,99.99962969820403,0.0018103643358225844,5.71875,152,409,/home/jasongao/Data/STU/val/152/velodyne/000409.bin,11,364,0,110111,2.933333333333333,100.0,0.32948630911971033,-1.2578125,7.15625,0,0,11,110475,,0.0,0.0,11,3,0,110472,78.57142857142857,100.0,0.0027155465037338763,11,197,0,110278,5.288461538461538,100.0,0.17832088707852456,11,1570,0,108905,0.6957621758380772,100.0,1.4211360036207286
111478,12,73.13566335625158,99.99708462656308,0.005382227883528589,0.82421875,152,410,/home/jasongao/Data/STU/val/152/velodyne/000410.bin,12,147,0,111331,7.547169811320755,100.0,0.13186458314645041,-5.6875,2.515625,0,0,12,111478,,0.0,0.0,5,3,7,111475,62.5,41.666666666666664,0.0026911139417642943,12,71,0,111407,14.457831325301205,100.0,0.06368969662175497,12,893,0,110585,1.3259668508287292,100.0,0.8010549166651716
112357,6,83.64583333333334,99.95371894942015,0.2794663438860062,-10.625,152,411,/home/jasongao/Data/STU/val/152/velodyne/000411.bin,5,178,1,112179,2.73224043715847,83.33333333333333,0.1584235962156341,-5.6875,4.46875,1,0,5,112357,100.0,16.666666666666668,0.0,5,1,1,112356,83.33333333333333,83.33333333333333,0.0008900202034586185,5,73,1,112284,6.410256410256411,83.33333333333333,0.06497147485247916,6,1044,0,111313,0.5714285714285714,100.0,0.9291810924107977
113118,5,100.0,99.99999999999999,0.0,5.3125,152,412,/home/jasongao/Data/STU/val/152/velodyne/000412.bin,5,149,0,112969,3.2467532467532467,100.0,0.13172085786523807,-7.21875,6.46875,0,0,5,113118,,0.0,0.0,5,1,0,113117,83.33333333333333,100.0,0.0008840326031224031,5,25,0,113093,16.666666666666668,100.0,0.02210081507806008,5,1365,0,111753,0.36496350364963503,100.0,1.2067045032620802
113222,8,7.010129472957646,99.94993243362596,0.05299323453039162,1.75,152,413,/home/jasongao/Data/STU/val/152/velodyne/000413.bin,8,343,0,112879,2.2792022792022792,100.0,0.30294465739873877,-2.9375,2.796875,0,0,8,113222,,0.0,0.0,4,60,4,113162,6.25,50.0,0.05299323453039162,8,135,0,113087,5.594405594405594,100.0,0.11923477769338114,8,1432,0,111790,0.5555555555555556,100.0,1.2647718641253467
113124,6,5.2193828609732495,99.94696085711257,0.06187900003535943,0.2119140625,152,414,/home/jasongao/Data/STU/val/152/velodyne/000414.bin,6,359,0,112765,1.643835616438356,100.0,0.31735087160991476,-2.28125,0.90625,0,0,6,113124,,0.0,0.0,1,47,5,113077,2.0833333333333335,16.666666666666668,0.0415473285951699,6,159,0,112965,3.6363636363636362,100.0,0.14055372865174498,6,1746,0,111378,0.3424657534246575,100.0,1.5434390580248223
115438,6,50.535714285714285,99.99552429298268,0.007796392868899323,1.0234375,152,421,/home/jasongao/Data/STU/val/152/velodyne/000421.bin,6,302,0,115136,1.948051948051948,100.0,0.2616122940452884,-4.53125,1.5234375,0,0,6,115438,,0.0,0.0,1,0,5,115438,100.0,16.666666666666668,0.0,6,83,0,115355,6.741573033707865,100.0,0.0719000675687382,6,1871,0,113567,0.3196590303676079,100.0,1.620783450856737
115782,5,3.6288822686672146,99.93496398403896,0.10277936121331468,-6.59375,152,422,/home/jasongao/Data/STU/val/152/velodyne/000422.bin,5,204,0,115578,2.3923444976076556,100.0,0.1761931906513966,-6.5625,-5.25,0,0,5,115782,,0.0,0.0,0,0,5,115782,,0.0,0.0,1,40,4,115742,2.4390243902439024,20.0,0.03454768444145031,5,1745,0,114037,0.2857142857142857,100.0,1.50714273375827
103981,5,12.396087309880413,99.98143891672517,0.023081139823621623,-5.53125,153,183,/home/jasongao/Data/STU/val/153/velodyne/000183.bin,5,78,0,103903,6.024096385542169,100.0,0.07501370442677027,-8.4375,-5.34375,0,0,5,103981,,0.0,0.0,0,0,5,103981,,0.0,0.0,0,2,5,103979,0.0,0.0,0.0019234283186351352,5,1636,0,102345,0.30469226081657524,100.0,1.5733643646435407
84297,5,100.0,100.0,0.0,5.53125,153,192,/home/jasongao/Data/STU/val/153/velodyne/000192.bin,5,129,0,84168,3.7313432835820897,100.0,0.1530303569522047,-5.84375,8.0,0,0,5,84297,,0.0,0.0,5,0,0,84297,100.0,100.0,0.0,5,59,0,84238,7.8125,100.0,0.06999062837348898,5,1301,0,82996,0.38284839203675347,100.0,1.5433526697272737
82796,5,5.533077716109923,99.94142229093192,0.08333735929271946,-1.296875,153,193,/home/jasongao/Data/STU/val/153/velodyne/000193.bin,5,279,0,82517,1.7605633802816902,100.0,0.33697280061838736,-1.9453125,1.5703125,0,0,5,82796,,0.0,0.0,0,27,5,82769,0.0,0.0,0.032610271027585874,5,142,0,82654,3.401360544217687,100.0,0.17150586984878496,5,1349,0,81447,0.36927621861152143,100.0,1.6293057635634571
81499,5,3.0885111241025784,99.88711517932735,0.11779285635406571,-2.0,153,194,/home/jasongao/Data/STU/val/153/velodyne/000194.bin,5,191,0,81308,2.5510204081632653,100.0,0.23435870378777654,-0.59765625,-1.7734375,0,4,5,81495,0.0,0.0,0.004908035681419404,0,53,5,81446,0.0,0.0,0.0650314727788071,5,106,0,81393,4.504504504504505,100.0,0.1300629455576142,5,1369,0,80130,0.363901018922853,100.0,1.679775211965791
81658,6,0.9204856200968723,99.55168711781658,0.5278111146489015,-7.78125,153,198,/home/jasongao/Data/STU/val/153/velodyne/000198.bin,6,440,0,81218,1.345291479820628,100.0,0.5388326924489946,6.40625,-6.09375,0,2,6,81656,0.0,0.0,0.0024492395111317938,0,163,6,81495,0.0,0.0,0.19961302015724117,0,294,6,81364,0.0,0.0,0.36003820813637366,6,1606,0,80052,0.37220843672456577,100.0,1.9667393274388303
82295,5,54.21077283372365,99.98152986208153,0.0680478765417097,6.09375,153,199,/home/jasongao/Data/STU/val/153/velodyne/000199.bin,5,456,0,81839,1.0845986984815619,100.0,0.5541041375539218,5.375,7.90625,0,0,5,82295,,0.0,0.0,5,162,0,82133,2.9940119760479043,100.0,0.19685278570994594,5,314,0,81981,1.567398119122257,100.0,0.38155416489458654,5,1394,0,80901,0.35739814152966404,100.0,1.6939060696275594
79714,5,100.0,100.00000000000003,0.0,7.78125,153,201,/home/jasongao/Data/STU/val/153/velodyne/000201.bin,5,371,0,79343,1.3297872340425532,100.0,0.46541385452994455,1.890625,8.6875,0,0,5,79714,,0.0,0.0,5,60,0,79654,7.6923076923076925,100.0,0.07526908698597486,5,224,0,79490,2.183406113537118,100.0,0.28100459141430617,5,1722,0,77992,0.2895193977996526,100.0,2.1602227964974783
77485,5,23.58294930875576,99.97986707104602,0.03355488158998516,0.82421875,153,202,/home/jasongao/Data/STU/val/153/velodyne/000202.bin,5,466,0,77019,1.0615711252653928,100.0,0.6014067238820416,-0.99609375,1.1875,0,0,5,77485,,0.0,0.0,0,1,5,77484,0.0,0.0,0.001290572368845583,5,195,0,77290,2.5,100.0,0.2516616119248887,5,2484,0,75001,0.2008838891120932,100.0,3.205781764212428
74681,5,4.6681952419657335,99.9201938913512,0.1258686948487567,5.375,153,203,/home/jasongao/Data/STU/val/153/velodyne/000203.bin,5,660,0,74021,0.7518796992481203,100.0,0.8837589212785045,5.875,6.59375,0,0,5,74681,,0.0,0.0,5,170,0,74511,2.857142857142857,100.0,0.22763487366264512,5,442,0,74239,1.1185682326621924,100.0,0.5918506715228773,5,1730,0,72951,0.2881844380403458,100.0,2.316519596684565
75453,5,100.0,100.0,0.0,8.3125,153,205,/home/jasongao/Data/STU/val/153/velodyne/000205.bin,5,585,0,74868,0.847457627118644,100.0,0.7753170848077611,2.234375,10.25,3,0,2,75453,100.0,60.0,0.0,5,60,0,75393,7.6923076923076925,100.0,0.07951970100592422,5,324,0,75129,1.5197568389057752,100.0,0.4294063854319908,5,1819,0,73634,0.2741228070175439,100.0,2.4107722688296027
77373,5,100.0,100.0,0.0,9.6875,153,206,/home/jasongao/Data/STU/val/153/velodyne/000206.bin,5,765,0,76608,0.6493506493506493,100.0,0.9887169943003373,3.390625,10.125,3,0,2,77373,100.0,60.0,0.0,5,91,0,77282,5.208333333333333,100.0,0.11761208690370026,5,532,0,76841,0.931098696461825,100.0,0.6875783542062477,5,2056,0,75317,0.242600679281902,100.0,2.6572576997143704
76325,5,61.41700404858299,99.99331804782182,0.018342613822469704,8.625,153,207,/home/jasongao/Data/STU/val/153/velodyne/000207.bin,5,1154,0,75171,0.4314063848144953,100.0,1.5119554536521453,4.96875,10.5,3,3,2,76322,50.0,60.0,0.003930560104814936,5,181,0,76144,2.6881720430107525,100.0,0.23714379299050115,5,732,0,75593,0.6784260515603799,100.0,0.9590566655748444,5,2369,0,73956,0.21061499578770007,100.0,3.1038322961021945
75975,6,93.05555555555556,99.9993418887792,0.0026324448831852583,8.1875,153,208,/home/jasongao/Data/STU/val/153/velodyne/000208.bin,6,440,0,75535,1.345291479820628,100.0,0.5791378743007568,-2.015625,9.1875,3,0,3,75975,100.0,50.0,0.0,6,4,0,75971,60.0,100.0,0.0052648897663705166,6,139,0,75836,4.137931034482759,100.0,0.18295491938137545,6,2130,0,73845,0.2808988764044944,100.0,2.8035538005923
75554,5,100.0,99.99999999999999,0.0,9.5,153,209,/home/jasongao/Data/STU/val/153/velodyne/000209.bin,5,818,0,74736,0.6075334143377886,100.0,1.0826693490748338,-2.1875,12.9375,3,0,2,75554,100.0,60.0,0.0,5,10,0,75544,33.333333333333336,100.0,0.01323556661460677,5,190,0,75364,2.5641025641025643,100.0,0.25147576567752866,5,2750,0,72804,0.18148820326678766,100.0,3.639780819016862
75739,6,71.87179487179488,99.9861366006945,0.058094244708802596,5.4375,153,210,/home/jasongao/Data/STU/val/153/velodyne/000210.bin,6,1004,0,74735,0.594059405940594,100.0,1.3256050383554048,4.15625,8.625,2,0,4,75739,100.0,33.333333333333336,0.0,6,111,0,75628,5.128205128205129,100.0,0.14655593551538837,6,391,0,75348,1.5113350125944585,100.0,0.516246583662314,6,2876,0,72863,0.2081887578070784,100.0,3.797251085966279
75768,10,100.0,100.0,0.0,6.59375,153,211,/home/jasongao/Data/STU/val/153/velodyne/000211.bin,10,314,0,75454,3.0864197530864197,100.0,0.41442297539858514,-4.90625,8.75,1,0,9,75768,100.0,10.0,0.0,10,2,0,75766,83.33333333333333,100.0,0.0026396367859782494,10,35,0,75733,22.22222222222222,100.0,0.046193643754619367,10,2335,0,73433,0.42643923240938164,100.0,3.0817759476296063
76185,6,100.0,100.0,0.0,9.9375,153,212,/home/jasongao/Data/STU/val/153/velodyne/000212.bin,6,148,0,76037,3.896103896103896,100.0,0.19426396272232066,-4.1875,13.25,5,0,1,76185,100.0,83.33333333333333,0.0,6,6,0,76179,50.0,100.0,0.007875566056310297,6,68,0,76117,8.108108108108109,100.0,0.08925641530485004,6,1231,0,74954,0.4850444624090542,100.0,1.6158036358863292
74396,6,100.0,100.0,0.0,10.875,153,213,/home/jasongao/Data/STU/val/153/velodyne/000213.bin,6,127,0,74269,4.511278195488722,100.0,0.17070810258616054,-5.875,11.8125,6,0,0,74396,100.0,100.0,0.0,6,7,0,74389,46.15384615384615,100.0,0.00940910801656003,6,45,0,74351,11.764705882352942,100.0,0.0604871229636002,6,1985,0,72411,0.30135610246107486,100.0,2.6681542018388087
72619,5,100.0,100.0,0.0,10.5625,153,214,/home/jasongao/Data/STU/val/153/velodyne/000214.bin,5,598,0,72021,0.8291873963515755,100.0,0.8234759498202949,-3.140625,13.0625,5,0,0,72619,100.0,100.0,0.0,5,5,0,72614,50.0,100.0,0.00688525041655765,5,97,0,72522,4.901960784313726,100.0,0.1335738580812184,5,2721,0,69898,0.18341892883345562,100.0,3.746953276690673
72751,11,90.89072543617999,99.9990003261436,0.0013745515525559787,8.125,153,215,/home/jasongao/Data/STU/val/153/velodyne/000215.bin,11,2224,0,70527,0.49217002237136465,100.0,3.0570026528844965,5.34375,9.625,4,1,7,72750,80.0,36.36363636363637,0.0013745515525559785,11,523,0,72228,2.059925093632959,100.0,0.7188904619867769,11,1559,0,71192,0.7006369426751592,100.0,2.1429258704347705,11,4691,0,68060,0.2339430029774564,100.0,6.448021333040096
75357,7,89.62585034013605,99.99876777017587,0.006635083668405059,9.625,153,216,/home/jasongao/Data/STU/val/153/velodyne/000216.bin,7,906,0,74451,0.7667031763417306,100.0,1.2022771607149967,-1.2890625,13.0,6,3,1,75354,66.66666666666667,85.71428571428571,0.003981050201043035,7,6,0,75351,53.84615384615385,100.0,0.00796210040208607,7,235,0,75122,2.8925619834710745,100.0,0.31184893241503775,7,2746,0,72611,0.25426807119505995,100.0,3.643987950688058
73346,12,100.0,100.0,0.0,6.28125,153,217,/home/jasongao/Data/STU/val/153/velodyne/000217.bin,12,557,0,72789,2.10896309314587,100.0,0.759414282987484,-2.3125,8.0625,0,0,12,73346,,0.0,0.0,12,1,0,73345,92.3076923076923,100.0,0.0013634008671229514,12,129,0,73217,8.51063829787234,100.0,0.17587871185886075,12,2911,0,70435,0.4105371193978789,100.0,3.968859924194912
70149,10,100.0,100.0,0.0,7.625,153,218,/home/jasongao/Data/STU/val/153/velodyne/000218.bin,10,97,0,70052,9.345794392523365,100.0,0.13827709589587878,-6.71875,8.625,1,0,9,70149,100.0,10.0,0.0,10,0,0,70149,100.0,100.0,0.0,10,20,0,70129,33.333333333333336,100.0,0.028510741421830674,10,930,0,69219,1.0638297872340425,100.0,1.3257494761151263
68032,9,100.0,99.99999999999999,0.0,10.0,153,219,/home/jasongao/Data/STU/val/153/velodyne/000219.bin,9,207,0,67825,4.166666666666667,100.0,0.30426857949200375,-5.40625,12.1875,8,0,1,68032,100.0,88.88888888888889,0.0,9,5,0,68027,64.28571428571429,100.0,0.007349482596425211,9,36,0,67996,20.0,100.0,0.05291627469426152,9,1493,0,66539,0.5992010652463382,100.0,2.1945555032925683
66792,7,100.0,100.0,0.0,10.8125,153,220,/home/jasongao/Data/STU/val/153/velodyne/000220.bin,7,370,0,66422,1.856763925729443,100.0,0.5539585579111271,-5.1875,12.6875,7,0,0,66792,100.0,100.0,0.0,7,18,0,66774,28.0,100.0,0.026949335249730505,7,33,0,66759,17.5,100.0,0.04940711462450593,7,1859,0,64933,0.37513397642015006,100.0,2.7832674571805005
67806,10,95.1923076923077,99.99911512255552,0.004424387222369702,8.5625,153,221,/home/jasongao/Data/STU/val/153/velodyne/000221.bin,10,365,0,67441,2.6666666666666665,100.0,0.5383004453883137,-4.96875,11.1875,8,0,2,67806,100.0,80.0,0.0,10,7,0,67799,58.8235294117647,100.0,0.010323570185529304,10,22,0,67784,31.25,100.0,0.032445506297377816,10,2007,0,65799,0.495785820525533,100.0,2.9599150517653303
69218,9,100.0,100.0,0.0,7.9375,153,222,/home/jasongao/Data/STU/val/153/velodyne/000222.bin,9,175,0,69043,4.891304347826087,100.0,0.2528244098355919,-6.09375,8.75,3,0,6,69218,100.0,33.333333333333336,0.0,9,5,0,69213,64.28571428571429,100.0,0.007223554566731197,9,20,0,69198,31.03448275862069,100.0,0.028894218266924787,9,2214,0,67004,0.4048582995951417,100.0,3.1985899621485743
71423,10,99.09090909090908,99.99985998907916,0.0014001092085182644,8.375,153,223,/home/jasongao/Data/STU/val/153/velodyne/000223.bin,10,1132,0,70291,0.8756567425569177,100.0,1.5849236240426754,3.953125,10.625,7,0,3,71423,100.0,70.0,0.0,10,164,0,71259,5.747126436781609,100.0,0.22961791019699537,10,756,0,70667,1.3054830287206267,100.0,1.058482561639808,10,3435,0,67988,0.29027576197387517,100.0,4.809375131260238
73412,11,88.54423354423353,99.99826632257299,0.004086525363700758,8.8125,153,224,/home/jasongao/Data/STU/val/153/velodyne/000224.bin,11,199,0,73213,5.238095238095238,100.0,0.2710728491254836,-1.8359375,11.0,6,2,5,73410,75.0,54.54545454545455,0.0027243502424671717,11,10,0,73402,52.38095238095238,100.0,0.013621751212335859,11,89,0,73323,11.0,100.0,0.12123358578978914,11,2088,0,71324,0.5240590757503573,100.0,2.844221653135727
75753,12,100.0,100.0,0.0,8.9375,153,225,/home/jasongao/Data/STU/val/153/velodyne/000225.bin,12,112,0,75641,9.67741935483871,100.0,0.14784893007537656,-7.21875,9.9375,5,0,7,75753,100.0,41.666666666666664,0.0,12,10,0,75743,54.54545454545455,100.0,0.01320079732815862,12,19,0,75734,38.70967741935484,100.0,0.02508151492350138,12,2301,0,73452,0.5188067444876784,100.0,3.0375034652092987
75615,16,100.0,99.99999999999999,0.0,9.125,153,226,/home/jasongao/Data/STU/val/153/velodyne/000226.bin,16,606,0,75009,2.572347266881029,100.0,0.8014282880380876,-2.109375,11.5,10,0,6,75615,100.0,62.5,0.0,16,3,0,75612,84.21052631578948,100.0,0.003967466772465781,16,196,0,75419,7.547169811320755,100.0,0.259207829134431,16,3248,0,72367,0.49019607843137253,100.0,4.295444025656285
78386,14,93.75522138680033,99.9986786999136,0.006378690072206772,7.625,153,227,/home/jasongao/Data/STU/val/153/velodyne/000227.bin,14,325,0,78061,4.129793510324483,100.0,0.41461485469344017,-5.28125,10.0625,8,0,6,78386,100.0,57.142857142857146,0.0,14,11,0,78375,56.0,100.0,0.014033118158854897,14,42,0,78344,25.0,100.0,0.05358099660653688,14,2694,0,75692,0.51698670605613,100.0,3.4368382109050084
81772,14,93.17699009428333,99.99860238572758,0.006114562441911656,8.8125,153,228,/home/jasongao/Data/STU/val/153/velodyne/000228.bin,14,1225,0,80547,1.1299435028248588,100.0,1.498067798268356,1.03125,10.6875,10,2,4,81770,83.33333333333333,71.42857142857143,0.0024458249767646627,14,31,0,81741,31.11111111111111,100.0,0.03791028713985227,14,479,0,81293,2.839756592292089,100.0,0.5857750819351367,14,3055,0,78717,0.45617464972303684,100.0,3.7359976520080225
83840,19,95.18742030514883,99.99899558055444,0.002385496183206107,8.4375,153,229,/home/jasongao/Data/STU/val/153/velodyne/000229.bin,19,1602,0,82238,1.1721159777914867,100.0,1.9107824427480915,0.361328125,11.5625,11,1,8,83839,91.66666666666667,57.89473684210526,0.0011927480916030535,19,3,0,83837,86.36363636363636,100.0,0.00357824427480916,19,581,0,83259,3.1666666666666665,100.0,0.6929866412213741,19,3656,0,80184,0.5170068027210885,100.0,4.3606870229007635
85961,17,86.35509674295707,99.97026695416595,0.272216470259769,5.5625,153,230,/home/jasongao/Data/STU/val/153/velodyne/000230.bin,17,2086,0,83875,0.8083689966714218,100.0,2.4266818673584534,8.0625,10.5625,12,0,5,85961,100.0,70.58823529411765,0.0,17,334,0,85627,4.843304843304844,100.0,0.38854829515710615,17,1372,0,84589,1.2239020878329734,100.0,1.596072637591466,17,3940,0,82021,0.429618397776093,100.0,4.5834739009550844
88504,19,94.25406542202207,99.99794835321151,0.028247310856006506,5.46875,153,231,/home/jasongao/Data/STU/val/153/velodyne/000231.bin,19,2011,0,86493,0.9359605911330049,100.0,2.2722136852571637,4.8125,7.15625,0,0,19,88504,,0.0,0.0,19,247,0,88257,7.142857142857143,100.0,0.2790834312573443,19,1341,0,87163,1.3970588235294117,100.0,1.515185754316189,19,4683,0,83821,0.4040833687792429,100.0,5.291286269547139
90728,18,94.79410331384015,99.99856102244559,0.019839520324486375,8.5,153,232,/home/jasongao/Data/STU/val/153/velodyne/000232.bin,18,1542,0,89186,1.1538461538461537,100.0,1.699585574464333,6.90625,12.5625,16,3,2,90725,84.21052631578948,88.88888888888889,0.0033065867207477295,18,413,0,90315,4.176334106728539,100.0,0.45520677188960407,18,1134,0,89594,1.5625,100.0,1.2498897804426417,18,3776,0,86952,0.47443331576172904,100.0,4.161890485847809
92846,19,100.0,100.0,0.0,6.59375,153,233,/home/jasongao/Data/STU/val/153/velodyne/000233.bin,19,156,0,92690,10.857142857142858,100.0,0.16802016241949033,-6.90625,11.25,15,0,4,92846,100.0,78.94736842105263,0.0,19,3,0,92843,86.36363636363636,100.0,0.0032311569696055835,19,26,0,92820,42.22222222222222,100.0,0.02800336040324839,19,2429,0,90417,0.7761437908496732,100.0,2.616160093057321
94543,21,96.24923309591502,99.99909338305625,0.004230879070898956,7.125,153,234,/home/jasongao/Data/STU/val/153/velodyne/000234.bin,21,58,0,94485,26.582278481012658,100.0,0.06134774652803486,-8.5625,10.6875,14,0,7,94543,100.0,66.66666666666667,0.0,21,4,0,94539,84.0,100.0,0.004230879070898956,21,13,0,94530,61.76470588235294,100.0,0.013750356980421607,21,1420,0,93123,1.457321304649549,100.0,1.5019620701691294
95582,22,100.0,100.0,0.0,8.4375,153,235,/home/jasongao/Data/STU/val/153/velodyne/000235.bin,22,96,0,95486,18.64406779661017,100.0,0.10043732083446674,-7.96875,11.0625,16,0,6,95582,100.0,72.72727272727273,0.0,22,4,0,95578,84.61538461538461,100.0,0.004184888368102781,22,21,0,95561,51.16279069767442,100.0,0.0219706639325396,22,1947,0,93635,1.1173184357541899,100.0,2.0369944131740287
96502,23,98.51652632181931,99.99963956592926,0.002072495906820584,7.15625,153,236,/home/jasongao/Data/STU/val/153/velodyne/000236.bin,23,76,0,96426,23.232323232323232,100.0,0.0787548444591822,-8.4375,10.1875,13,0,10,96502,100.0,56.52173913043478,0.0,23,3,0,96499,88.46153846153847,100.0,0.003108743860230876,23,17,0,96485,57.5,100.0,0.017616215207974965,23,1778,0,94724,1.2770682953914492,100.0,1.8424488611634993
97389,26,98.34280303030303,99.99944710230267,0.007187670065407797,5.8125,153,237,/home/jasongao/Data/STU/val/153/velodyne/000237.bin,26,56,0,97333,31.70731707317073,100.0,0.05750136052326238,-9.5625,10.6875,18,0,8,97389,100.0,69.23076923076923,0.0,26,10,0,97379,72.22222222222223,100.0,0.010268100093439711,26,28,0,97361,48.148148148148145,100.0,0.02875068026163119,26,1358,0,96031,1.8786127167630058,100.0,1.3944079926891126
98000,28,98.57241223928416,99.99961734693878,0.0020408163265306124,7.34375,153,238,/home/jasongao/Data/STU/val/153/velodyne/000238.bin,28,51,0,97949,35.44303797468354,100.0,0.05204081632653061,-9.0625,11.25,17,0,11,98000,100.0,60.714285714285715,0.0,28,2,0,97998,93.33333333333333,100.0,0.0020408163265306124,28,19,0,97981,59.57446808510638,100.0,0.019387755102040816,28,1461,0,96539,1.880456682337139,100.0,1.4908163265306122
98715,24,96.28592471900596,99.99915581894004,0.0040520690877779465,7.5,153,239,/home/jasongao/Data/STU/val/153/velodyne/000239.bin,24,305,0,98410,7.2948328267477205,100.0,0.3089702679430684,-6.1875,11.9375,20,2,4,98713,90.9090909090909,83.33333333333333,0.0020260345438889733,24,6,0,98709,80.0,100.0,0.00607810363166692,24,21,0,98694,53.333333333333336,100.0,0.02127336271083422,24,2108,0,96607,1.125703564727955,100.0,2.135440409258978
99166,27,97.32656879229017,99.99930905231109,0.0030252304217171207,8.4375,153,240,/home/jasongao/Data/STU/val/153/velodyne/000240.bin,27,326,0,98840,7.648725212464589,100.0,0.3287417058265938,-5.9375,11.0,22,1,5,99165,95.65217391304348,81.48148148148148,0.0010084101405723736,27,8,0,99158,77.14285714285714,100.0,0.008067281124578989,27,30,0,99136,47.36842105263158,100.0,0.03025230421717121,27,2333,0,96833,1.1440677966101696,100.0,2.3526208579553476
98725,29,95.99566561313712,99.99928397411828,0.0010129146619397315,7.0625,153,241,/home/jasongao/Data/STU/val/153/velodyne/000241.bin,29,588,0,98137,4.700162074554295,100.0,0.5955938212205621,-2.1875,8.9375,6,0,23,98725,100.0,20.689655172413794,0.0,29,5,0,98720,85.29411764705883,100.0,0.0050645733096986575,29,231,0,98494,11.153846153846153,100.0,0.233983286908078,29,2393,0,96332,1.1973575557390586,100.0,2.4239047860217777
96297,35,37.47528590162189,99.88772829297456,0.312574638877639,7.34375,153,242,/home/jasongao/Data/STU/val/153/velodyne/000242.bin,35,1046,0,95251,3.2377428307123033,100.0,1.0862228314485394,10.3125,10.5,21,117,14,96180,15.217391304347826,60.0,0.12149911212187295,35,374,0,95923,8.557457212713937,100.0,0.3883817772100896,35,583,0,95714,5.663430420711974,100.0,0.6054186527098456,35,2279,0,94018,1.512532411408816,100.0,2.3666365515021237
96961,37,97.56640752043188,99.99920558753492,0.004125369994121347,5.875,153,243,/home/jasongao/Data/STU/val/153/velodyne/000243.bin,37,573,0,96388,6.065573770491803,100.0,0.5909592516578831,1.953125,9.375,15,0,22,96961,100.0,40.54054054054054,0.0,37,42,0,96919,46.835443037974684,100.0,0.04331638493827415,37,373,0,96588,9.024390243902438,100.0,0.3846907519518157,37,4009,0,92952,0.9144834404349975,100.0,4.134652076608121
98938,33,100.0,100.0,0.0,9.5,153,244,/home/jasongao/Data/STU/val/153/velodyne/000244.bin,33,459,0,98479,6.7073170731707314,100.0,0.46392690371747963,-1.828125,11.9375,26,0,7,98938,100.0,78.78787878787878,0.0,33,9,0,98929,78.57142857142857,100.0,0.009096605955244698,33,233,0,98705,12.406015037593985,100.0,0.23550102084133498,33,1701,0,97237,1.9031141868512111,100.0,1.719258525541248
100721,34,92.70914786150503,99.99588262743268,0.03276377319526216,5.9375,153,245,/home/jasongao/Data/STU/val/153/velodyne/000245.bin,34,577,0,100144,5.564648117839607,100.0,0.5728696101110989,4.71875,11.875,21,0,13,100721,100.0,61.76470588235294,0.0,34,227,0,100494,13.026819923371647,100.0,0.22537504591892454,34,420,0,100301,7.488986784140969,100.0,0.4169934770306093,34,1964,0,98757,1.7017017017017018,100.0,1.9499409259240874
100888,34,100.0,100.0,0.0,9.75,153,246,/home/jasongao/Data/STU/val/153/velodyne/000246.bin,34,217,0,100671,13.54581673306773,100.0,0.21509000079295854,-5.375,12.75,32,0,2,100888,100.0,94.11764705882354,0.0,34,11,0,100877,75.55555555555556,100.0,0.010903179763698359,34,54,0,100834,38.63636363636363,100.0,0.05352470065815558,34,1566,0,99322,2.125,100.0,1.5522163190865117
100813,43,99.61269522848623,99.99983852211751,0.0009919355638657713,7.5,153,247,/home/jasongao/Data/STU/val/153/velodyne/000247.bin,43,406,0,100407,9.57683741648107,100.0,0.40272583892950314,-1.515625,11.5,28,0,15,100813,100.0,65.11627906976744,0.0,43,7,0,100806,86.0,100.0,0.006943548947060399,43,211,0,100602,16.929133858267715,100.0,0.20929840397567773,43,1638,0,99175,2.558001189767995,100.0,1.6247904536121334
100387,45,99.15679730432146,99.99957940547857,0.0009961449191628398,8.0,153,248,/home/jasongao/Data/STU/val/153/velodyne/000248.bin,45,266,0,100121,14.469453376205788,100.0,0.2649745484973154,-4.75,11.75,32,0,13,100387,100.0,71.11111111111111,0.0,45,13,0,100374,77.58620689655173,100.0,0.012949883949116918,45,68,0,100319,39.823008849557525,100.0,0.06773785450307311,45,1369,0,99018,3.1824611032531824,100.0,1.3637223943339276
99721,49,99.06269153527082,99.99952929898907,0.003008393417635202,8.6875,153,249,/home/jasongao/Data/STU/val/153/velodyne/000249.bin,49,232,0,99489,17.437722419928825,100.0,0.23264909096378897,-5.125,14.0625,42,0,7,99721,100.0,85.71428571428571,0.0,49,10,0,99711,83.05084745762711,100.0,0.010027978058784007,49,56,0,99665,46.666666666666664,100.0,0.05615667712919044,49,1055,0,98666,4.438405797101449,100.0,1.0579516852017128
99226,53,99.35097542179736,99.99968625082667,0.002015600749803479,10.625,153,250,/home/jasongao/Data/STU/val/153/velodyne/000250.bin,53,292,0,98934,15.36231884057971,100.0,0.29427770947130794,-3.28125,14.5625,53,4,0,99222,92.98245614035088,100.0,0.004031201499606958,53,11,0,99215,82.8125,100.0,0.011085804123919135,53,116,0,99110,31.36094674556213,100.0,0.11690484348860178,53,1312,0,97914,3.8827838827838828,100.0,1.3222340918710822
98772,55,99.36460033588513,99.99965945446446,0.003037298019681691,11.25,153,251,/home/jasongao/Data/STU/val/153/velodyne/000251.bin,55,197,0,98575,21.825396825396826,100.0,0.1994492366257644,-5.9375,14.9375,55,5,0,98767,91.66666666666667,100.0,0.005062163366136152,55,12,0,98760,82.08955223880596,100.0,0.012149192078726764,55,57,0,98715,49.107142857142854,100.0,0.057708662373952134,55,1284,0,97488,4.1075429424943986,100.0,1.2999635524237638
98256,61,99.97355896351137,99.9999833155811,0.0,13.375,153,252,/home/jasongao/Data/STU/val/153/velodyne/000252.bin,61,104,0,98152,36.96969696969697,100.0,0.1058459534277805,-7.8125,17.0,61,2,0,98254,96.82539682539682,100.0,0.002035499104380394,61,7,0,98249,89.70588235294117,100.0,0.007124246865331379,61,39,0,98217,61.0,100.0,0.03969223253541768,61,1384,0,96872,4.221453287197232,100.0,1.4085653802312328
97670,64,100.0,100.0,0.0,14.4375,153,253,/home/jasongao/Data/STU/val/153/velodyne/000253.bin,64,117,0,97553,35.35911602209945,100.0,0.1197911334084161,-7.34375,16.25,62,0,2,97670,100.0,96.875,0.0,64,15,0,97655,81.0126582278481,100.0,0.015357837616463602,64,30,0,97640,68.08510638297872,100.0,0.030715675232927203,64,1329,0,96341,4.594400574300072,100.0,1.3607044128186752
97106,74,99.58334294149849,99.99965905188036,0.002059604967767182,7.9375,153,254,/home/jasongao/Data/STU/val/153/velodyne/000254.bin,74,131,0,96975,36.09756097560975,100.0,0.13490412538875043,-7.0,16.625,66,0,8,97106,100.0,89.1891891891892,0.0,73,9,1,97097,89.02439024390245,98.64864864864865,0.00926822235495232,74,38,0,97068,66.07142857142857,100.0,0.03913249438757646,74,1399,0,95707,5.0237610319076715,100.0,1.440693674953144
96742,76,99.15925267174939,99.99931994920837,0.005168386016414794,7.625,153,255,/home/jasongao/Data/STU/val/153/velodyne/000255.bin,76,90,0,96652,45.78313253012048,100.0,0.09303094829546629,-8.25,17.75,67,2,9,96740,97.10144927536231,88.15789473684211,0.0020673544065659176,76,14,0,96728,84.44444444444444,100.0,0.014471480845961423,76,34,0,96708,69.0909090909091,100.0,0.0351450249116206,76,977,0,95765,7.217473884140551,100.0,1.0099026276074508
95575,75,99.59591164248866,99.99972098700846,0.00104629871828407,9.375,153,256,/home/jasongao/Data/STU/val/153/velodyne/000256.bin,75,186,0,95389,28.735632183908045,100.0,0.19461156160083704,-5.5,17.75,66,1,9,95574,98.50746268656717,88.0,0.00104629871828407,75,13,0,95562,85.22727272727273,100.0,0.01360188333769291,75,48,0,95527,60.97560975609756,100.0,0.05022233847763537,75,1066,0,94509,6.573181419807186,100.0,1.1153544336908188
93938,83,99.0415521291151,99.99907013777609,0.007451723477187081,9.0625,153,257,/home/jasongao/Data/STU/val/153/velodyne/000257.bin,83,257,0,93681,24.41176470588235,100.0,0.2735847048052971,-3.796875,16.75,77,6,6,93932,92.7710843373494,92.7710843373494,0.006387191551874641,82,12,1,93926,87.23404255319149,98.79518072289157,0.012774383103749282,83,89,0,93849,48.25581395348837,100.0,0.09474334135280717,83,1479,0,92459,5.313700384122919,100.0,1.574442717537099
92623,94,99.0174898094988,99.99894906853017,0.00755751811105233,5.59375,153,258,/home/jasongao/Data/STU/val/153/velodyne/000258.bin,94,524,0,92099,15.210355987055015,100.0,0.5657342128844888,-0.4921875,16.375,81,2,13,92621,97.59036144578313,86.17021276595744,0.0021592908888720943,93,16,1,92607,85.3211009174312,98.93617021276596,0.017274327110976755,94,332,0,92291,22.065727699530516,100.0,0.3584422875527677,94,1703,0,90920,5.230940456316082,100.0,1.8386361918745884
91808,98,99.55098626280933,99.99953874456719,0.0032676890902753573,8.0625,153,259,/home/jasongao/Data/STU/val/153/velodyne/000259.bin,98,214,0,91594,31.41025641025641,100.0,0.23309515510630882,-4.625,16.25,84,1,14,91807,98.82352941176471,85.71428571428571,0.0010892296967584525,98,14,0,91794,87.5,100.0,0.015249215754618333,98,59,0,91749,62.4203821656051,100.0,0.0642645521087487,98,1303,0,90505,6.995003568879372,100.0,1.4192662948762635
91818,103,98.92407658453415,99.99861481990439,0.003267333202640005,8.375,153,260,/home/jasongao/Data/STU/val/153/velodyne/000260.bin,103,120,0,91698,46.18834080717489,100.0,0.13069332810560022,-6.75,15.375,86,1,17,91817,98.85057471264368,83.49514563106796,0.0010891110675466684,102,18,1,91800,85.0,99.02912621359224,0.01960399921584003,103,56,0,91762,64.77987421383648,100.0,0.06099021978261343,103,1162,0,90656,8.142292490118576,100.0,1.2655470604892287
91405,114,99.44667636676023,99.99925625013795,0.004376128220556863,7.5625,153,261,/home/jasongao/Data/STU/val/153/velodyne/000261.bin,114,115,0,91290,49.78165938864629,100.0,0.12581368634100978,-7.1875,16.5,99,0,15,91405,100.0,86.84210526315789,0.0,112,14,2,91391,88.88888888888889,98.24561403508773,0.015316448771949018,114,39,0,91366,74.50980392156863,100.0,0.04266725015042941,114,1407,0,89998,7.495069033530572,100.0,1.5393031015808762
91057,117,99.58295406442761,99.99947905270946,0.0054910660355601435,9.1875,153,262,/home/jasongao/Data/STU/val/153/velodyne/000262.bin,117,515,0,90542,18.5126582278481,100.0,0.5655798016626948,1.953125,17.125,103,1,14,91056,99.03846153846153,88.03418803418803,0.0010982132071120287,117,63,0,90994,65.0,100.0,0.06918743204805781,117,382,0,90675,23.44689378757515,100.0,0.41951744511679495,117,1712,0,89345,6.396938217605249,100.0,1.8801410105757932
90593,130,99.63205925823583,99.99940987119908,0.0011038380448820549,8.5,153,263,/home/jasongao/Data/STU/val/153/velodyne/000263.bin,130,130,0,90463,50.0,100.0,0.14349894583466713,-6.625,18.125,118,1,12,90592,99.15966386554622,90.76923076923077,0.0011038380448820549,129,21,1,90572,86.0,99.23076923076923,0.023180598942523153,130,48,0,90545,73.03370786516854,100.0,0.052984226154338634,130,1272,0,89321,9.27246790299572,100.0,1.404081993089974
90164,141,99.28134985002468,99.99878472041962,0.003327270307439776,7.875,153,264,/home/jasongao/Data/STU/val/153/velodyne/000264.bin,141,132,0,90032,51.64835164835165,100.0,0.14639989352735017,-6.28125,15.0625,115,1,26,90163,99.13793103448276,81.56028368794327,0.0011090901024799254,138,18,3,90146,88.46153846153847,97.87234042553192,0.01996362184463866,141,50,0,90114,73.82198952879581,100.0,0.05545450512399627,141,1423,0,88741,9.0153452685422,100.0,1.578235215828934
90174,144,99.62736570575025,99.99934925194007,0.0022179342160711514,7.75,153,265,/home/jasongao/Data/STU/val/153/velodyne/000265.bin,144,172,0,90002,45.56962025316456,100.0,0.190742342582119,-5.0625,14.375,125,0,19,90174,100.0,86.80555555555556,0.0,143,17,1,90157,89.375,99.30555555555556,0.018852440836604787,144,72,0,90102,66.66666666666667,100.0,0.07984563177856145,144,1436,0,88738,9.113924050632912,100.0,1.5924767671390867
90450,150,99.84238547366992,99.99973466003317,0.001105583195135434,7.28125,153,266,/home/jasongao/Data/STU/val/153/velodyne/000266.bin,150,151,0,90299,49.83388704318937,100.0,0.16694306246545051,-6.21875,14.875,125,0,25,90450,100.0,83.33333333333333,0.0,150,12,0,90438,92.5925925925926,100.0,0.013266998341625208,150,48,0,90402,75.75757575757575,100.0,0.05306799336650083,150,1444,0,89006,9.410288582183187,100.0,1.5964621337755667
90600,150,99.19382409967133,99.99871964679912,0.007726269315673289,8.75,153,267,/home/jasongao/Data/STU/val/153/velodyne/000267.bin,150,136,0,90464,52.44755244755245,100.0,0.15011037527593818,-5.8125,17.375,133,4,17,90596,97.08029197080292,88.66666666666667,0.004415011037527594,150,25,0,90575,85.71428571428571,100.0,0.02759381898454746,150,66,0,90534,69.44444444444444,100.0,0.0728476821192053,150,1176,0,89424,11.312217194570136,100.0,1.2980132450331126
90475,165,99.38952103075826,99.99817461713013,0.0033158331030671458,7.65625,153,268,/home/jasongao/Data/STU/val/153/velodyne/000268.bin,165,446,0,90029,27.00490998363339,100.0,0.4929538546559823,-0.30859375,14.9375,143,1,22,90474,99.30555555555556,86.66666666666667,0.0011052777010223818,164,46,1,90429,78.0952380952381,99.39393939393939,0.050842774247029564,165,237,0,90238,41.04477611940298,100.0,0.2619508151423045,165,1747,0,88728,8.629707112970712,100.0,1.9309201436861012
90457,170,99.05143779329148,99.99820844353086,0.008843981118100313,8.25,153,269,/home/jasongao/Data/STU/val/153/velodyne/000269.bin,170,406,0,90051,29.51388888888889,100.0,0.44883204174359087,-0.8828125,15.4375,144,4,26,90453,97.29729729729729,84.70588235294117,0.004421990559050157,169,34,1,90423,83.2512315270936,99.41176470588235,0.03758691975192633,170,220,0,90237,43.58974358974359,100.0,0.2432094807477586,170,1738,0,88719,8.90985324947589,100.0,1.921354897907293
90489,173,99.3729104538612,99.99822735775312,0.005525533490258484,6.9375,153,270,/home/jasongao/Data/STU/val/153/velodyne/000270.bin,173,270,0,90219,39.05191873589165,100.0,0.29837880847395815,-0.69921875,14.0,132,0,41,90489,100.0,76.30057803468208,0.0,171,19,2,90470,90.0,98.84393063583815,0.02099702726298224,172,169,1,90320,50.43988269794721,99.42196531791907,0.18676303197073676,173,1543,0,88946,10.081585081585082,100.0,1.7051796350937682
98687,5,7.943277165245129,99.96615562333439,0.05066523452937064,-0.94921875,169,310,/home/jasongao/Data/STU/val/169/velodyne/000310.bin,5,438,0,98249,1.1286681715575622,100.0,0.4438274544772868,-2.828125,1.3984375,0,0,5,98687,,0.0,0.0,1,19,4,98668,5.0,20.0,0.01925278912116084,5,126,0,98561,3.816793893129771,100.0,0.127676391014014,5,5464,0,93223,0.09142439202779301,100.0,5.536696829369623
99073,7,0.5913344560820788,99.23029339116466,2.3528105538340416,-12.25,169,321,/home/jasongao/Data/STU/val/169/velodyne/000321.bin,1,389,6,98684,0.2564102564102564,14.285714285714286,0.39263977067414935,-3.984375,-8.625,0,0,7,99073,,0.0,0.0,0,0,7,99073,,0.0,0.0,0,85,7,98988,0.0,0.0,0.08579532264088097,7,5545,0,93528,0.1260806916426513,100.0,5.596883106396294
99228,8,0.4528121716704278,99.02805911637844,1.5842302575885838,-11.1875,169,324,/home/jasongao/Data/STU/val/169/velodyne/000324.bin,2,524,6,98704,0.38022813688212925,25.0,0.5280767525295279,-3.5,-10.375,0,0,8,99228,,0.0,0.0,0,16,8,99212,0.0,0.0,0.01612448099326803,0,107,8,99121,0.0,0.0,0.10783246664247995,8,5121,0,94107,0.15597582374731916,100.0,5.160841697907848
99687,6,8.811884227764317,99.95811891219518,0.10833910138734239,-5.0625,169,325,/home/jasongao/Data/STU/val/169/velodyne/000325.bin,6,361,0,99326,1.6348773841961852,100.0,0.3621334777854685,-4.9375,-3.421875,0,0,6,99687,,0.0,0.0,0,0,6,99687,,0.0,0.0,4,52,2,99635,7.142857142857143,66.66666666666667,0.052163271038350036,6,5241,0,94446,0.11435105774728416,100.0,5.257455836769087
100699,8,3.7610150252663477,99.87375743552568,0.33565378007725993,-6.4375,169,327,/home/jasongao/Data/STU/val/169/velodyne/000327.bin,8,539,0,100160,1.4625228519195612,100.0,0.5352585427859263,-3.5,-4.0,0,0,8,100699,,0.0,0.0,0,0,8,100699,,0.0,0.0,4,109,4,100590,3.5398230088495577,50.0,0.10824337878231165,8,5095,0,95604,0.1567705271408975,100.0,5.059633164182365
101724,6,61.14718614718615,99.99524858112801,0.014745782706146042,1.71875,169,328,/home/jasongao/Data/STU/val/169/velodyne/000328.bin,6,648,0,101076,0.9174311926605505,100.0,0.6370178129055091,-2.140625,3.34375,0,0,6,101724,,0.0,0.0,4,4,2,101720,50.0,66.66666666666667,0.003932208721638944,6,164,0,101560,3.5294117647058822,100.0,0.16122055758719672,6,5757,0,95967,0.10411244143675169,100.0,5.659431402618851
102768,5,38.29059829059829,99.99007473143391,0.02043437645959832,5.46875,169,329,/home/jasongao/Data/STU/val/169/velodyne/000329.bin,5,623,0,102145,0.7961783439490446,100.0,0.6062198349680834,-1.7421875,10.75,3,11,2,102757,21.428571428571427,60.0,0.010703721002646738,5,28,0,102740,15.151515151515152,100.0,0.027245835279464423,5,174,0,102594,2.793296089385475,100.0,0.1693134049509575,5,4532,0,98236,0.11020498126515318,100.0,4.409933053090456
103541,5,3.431841025839302,99.92302566133225,0.11782772041993028,-3.671875,169,330,/home/jasongao/Data/STU/val/169/velodyne/000330.bin,5,592,0,102949,0.8375209380234506,100.0,0.5717541843327764,-3.359375,-2.609375,0,0,5,103541,,0.0,0.0,0,2,5,103539,0.0,0.0,0.0019316019740972176,5,122,0,103419,3.937007874015748,100.0,0.11782772041993027,5,5293,0,98248,0.09437523593808984,100.0,5.1119846244482865
104382,7,1.6375424755386885,99.76877513090653,0.4052422831522676,-6.8125,169,331,/home/jasongao/Data/STU/val/169/velodyne/000331.bin,7,637,0,103745,1.0869565217391304,100.0,0.6102584736832021,-2.828125,-5.0,0,0,7,104382,,0.0,0.0,0,0,7,104382,,0.0,0.0,2,145,5,104237,1.3605442176870748,28.571428571428573,0.1389128393784369,7,5659,0,98723,0.12354394634662902,100.0,5.42143281408672
104975,11,7.636004856503371,99.93366385936045,0.1495594189092641,-3.40625,169,332,/home/jasongao/Data/STU/val/169/velodyne/000332.bin,11,752,0,104223,1.4416775884665793,100.0,0.7163610383424625,-2.359375,-1.1796875,0,0,11,104975,,0.0,0.0,0,1,11,104974,0.0,0.0,0.0009526077637532746,11,172,0,104803,6.0109289617486334,100.0,0.16384853536556324,11,5848,0,99127,0.1877453490356716,100.0,5.57085020242915
105625,12,92.82407407407408,99.99660749506903,0.03976331360946745,-0.208984375,169,333,/home/jasongao/Data/STU/val/169/velodyne/000333.bin,12,631,0,104994,1.8662519440124417,100.0,0.597396449704142,-2.328125,4.53125,0,0,12,105625,,0.0,0.0,11,1,1,105624,91.66666666666667,91.66666666666667,0.0009467455621301775,12,156,0,105469,7.142857142857143,100.0,0.1476923076923077,12,5396,0,100229,0.22189349112426035,100.0,5.1086390532544375
106386,10,0.48235406554483706,98.97284417122555,2.1515988945913938,-11.625,169,334,/home/jasongao/Data/STU/val/169/velodyne/000334.bin,2,569,8,105817,0.3502626970227671,20.0,0.5348448104073844,-3.453125,-9.75,0,0,10,106386,,0.0,0.0,0,11,10,106375,0.0,0.0,0.010339706352339594,0,115,10,106271,0.0,0.0,0.10809693004718667,10,5837,0,100549,0.17102787754403967,100.0,5.486624179873291
106509,17,81.51042230913373,99.97404251394387,0.27415523570778055,-5.65625,169,335,/home/jasongao/Data/STU/val/169/velodyne/000335.bin,17,609,0,105900,2.7156549520766773,100.0,0.571782666253556,-3.203125,7.9375,4,0,13,106509,100.0,23.529411764705884,0.0,15,13,2,106496,53.57142857142857,88.23529411764706,0.012205541315757355,15,144,2,106365,9.433962264150944,88.23529411764706,0.1351998422668507,17,5226,0,101283,0.32424184627121877,100.0,4.906627608934456
107352,11,56.91805270752639,99.99305597897148,0.0223563603845294,2.0,169,336,/home/jasongao/Data/STU/val/169/velodyne/000336.bin,11,561,0,106791,1.9230769230769231,100.0,0.5225799239883747,-3.40625,4.8125,0,0,11,107352,,0.0,0.0,10,15,1,107337,40.0,90.9090909090909,0.013972725240330873,11,126,0,107226,8.02919708029197,100.0,0.11737089201877934,11,5516,0,101836,0.1990229781074724,100.0,5.138236828377673
108260,13,92.58780435251023,99.97566399977262,0.31775355625346385,-5.90625,169,337,/home/jasongao/Data/STU/val/169/velodyne/000337.bin,13,636,0,107624,2.0030816640986133,100.0,0.5874745981895437,-2.453125,5.125,0,0,13,108260,,0.0,0.0,12,6,1,108254,66.66666666666667,92.3076923076923,0.005542213190467393,12,162,1,108098,6.896551724137931,92.3076923076923,0.14963975614261962,13,5923,0,102337,0.21900269541778974,100.0,5.471088121189728
108533,16,0.45704890500917134,98.32093119143487,3.9186238286972626,-13.8125,169,338,/home/jasongao/Data/STU/val/169/velodyne/000338.bin,2,720,14,107813,0.2770083102493075,12.5,0.6633927008375333,-1.7265625,-10.75,0,0,16,108533,,0.0,0.0,0,27,16,108506,0.0,0.0,0.024877226281407497,0,189,16,108344,0.0,0.0,0.1741405839698525,16,5449,0,103084,0.292772186642269,100.0,5.020592815088499
108159,15,64.08064606961666,99.98477550026658,0.16364796272154883,-3.34375,169,339,/home/jasongao/Data/STU/val/169/velodyne/000339.bin,15,683,0,107476,2.1489971346704873,100.0,0.6314777318577279,-2.03125,4.5625,0,0,15,108159,,0.0,0.0,13,17,2,108142,43.333333333333336,86.66666666666667,0.015717600939357798,15,192,0,107967,7.246376811594203,100.0,0.17751643413862925,15,6014,0,102145,0.2487974788522143,100.0,5.560332473488105
108109,17,86.10756664669304,99.29980798246649,12.0859502909101,-17.75,169,340,/home/jasongao/Data/STU/val/169/velodyne/000340.bin,16,831,1,107278,1.8890200708382527,94.11764705882354,0.7686686584835675,-2.21875,8.9375,6,0,11,108109,100.0,35.294117647058826,0.0,16,23,1,108086,41.02564102564103,94.11764705882354,0.021274824482698018,16,189,1,107920,7.804878048780488,94.11764705882354,0.17482355770564892,16,5669,1,102440,0.28144239226033424,94.11764705882354,5.243781738800655
108413,23,2.3888095944417365,99.48347683315694,0.9657513397839743,-8.8125,169,341,/home/jasongao/Data/STU/val/169/velodyne/000341.bin,21,788,2,107625,2.595797280593325,91.30434782608695,0.7268501010026472,-1.5234375,-5.75,0,0,23,108413,,0.0,0.0,0,28,23,108385,0.0,0.0,0.025827160949332646,3,219,20,108194,1.3513513513513513,13.043478260869565,0.20200529456799463,23,6559,0,101854,0.34943786083257367,100.0,6.050012452381172
108835,21,4.1903716218317255,99.7842080738208,0.38590526944457204,-5.34375,169,342,/home/jasongao/Data/STU/val/169/velodyne/000342.bin,21,918,0,107917,2.236421725239617,100.0,0.8434786603574218,-1.4765625,-2.875,0,0,21,108835,,0.0,0.0,0,25,21,108810,0.0,0.0,0.0229705517526531,13,269,8,108566,4.609929078014185,61.904761904761905,0.24716313685854735,21,6534,0,102301,0.32036613272311215,100.0,6.003583406073414
108919,29,95.77499156796274,99.99843287530025,0.015607928827844546,3.5,169,343,/home/jasongao/Data/STU/val/169/velodyne/000343.bin,29,672,0,108247,4.136947218259629,100.0,0.6169722454300902,-2.515625,12.0,23,1,6,108918,95.83333333333333,79.3103448275862,0.0009181134604614438,28,20,1,108899,58.333333333333336,96.55172413793103,0.018362269209228878,29,164,0,108755,15.025906735751295,100.0,0.15057060751567677,29,6217,0,102702,0.4642971501761127,100.0,5.7079113836887965
108989,30,85.37950004267437,99.97697015295121,0.02569066603051684,1.5,169,344,/home/jasongao/Data/STU/val/169/velodyne/000344.bin,30,724,0,108265,3.9787798408488064,100.0,0.6642872216462212,-2.390625,4.25,0,0,30,108989,,0.0,0.0,23,9,7,108980,71.875,76.66666666666667,0.008257714081237556,29,176,1,108813,14.146341463414634,96.66666666666667,0.16148418647753443,30,6599,0,102390,0.4525569467491326,100.0,6.054739469120737
108648,38,77.87224706345415,99.99149837815214,0.023010087622413668,-1.1015625,169,345,/home/jasongao/Data/STU/val/169/velodyne/000345.bin,38,724,0,107924,4.986876640419948,100.0,0.6663721375450997,-3.40625,4.03125,2,0,36,108648,100.0,5.2631578947368425,0.0,28,11,10,108637,71.7948717948718,73.6842105263158,0.010124438553862013,38,125,0,108523,23.312883435582823,100.0,0.11505043811206833,38,6959,0,101689,0.5430898956695727,100.0,6.405087990575068
108312,43,94.94599990359171,99.99754155523149,0.007386069872220991,1.234375,169,346,/home/jasongao/Data/STU/val/169/velodyne/000346.bin,43,717,0,107595,5.657894736842105,100.0,0.6619765122978063,-3.3125,3.390625,0,0,43,108312,,0.0,0.0,27,0,16,108312,100.0,62.7906976744186,0.0,43,124,0,108188,25.748502994011975,100.0,0.11448408301942536,43,7110,0,101202,0.6011463721515448,100.0,6.564369598936406
107811,53,90.10916185652601,99.98432791977156,0.19942306443683855,-3.8125,169,347,/home/jasongao/Data/STU/val/169/velodyne/000347.bin,53,855,0,106956,5.8370044052863435,100.0,0.7930545120627766,-2.15625,6.5,6,0,47,107811,100.0,11.320754716981131,0.0,48,11,5,107800,81.35593220338983,90.56603773584905,0.010203040506070809,50,201,3,107610,19.9203187250996,94.33962264150944,0.18643737652002115,53,6890,0,100921,0.7633587786259542,100.0,6.390813553347988
107241,58,43.90052765822725,99.96024101692964,0.08672056396340952,-2.0,169,348,/home/jasongao/Data/STU/val/169/velodyne/000348.bin,58,748,0,106493,7.196029776674938,100.0,0.6974944284368851,-2.421875,1.109375,4,1,54,107240,80.0,6.896551724137931,0.0009324791824022529,12,38,46,107203,24.0,20.689655172413794,0.035434208931285606,58,162,0,107079,26.363636363636363,100.0,0.15106162754916497,58,6853,0,100388,0.8392417884531905,100.0,6.390279837002639
107294,72,82.38852442128925,99.97779336319934,0.1537830633586221,-1.28125,169,349,/home/jasongao/Data/STU/val/169/velodyne/000349.bin,72,928,0,106366,7.2,100.0,0.8649132290715231,0.173828125,5.3125,1,0,71,107294,100.0,1.3888888888888888,0.0,67,14,5,107280,82.71604938271605,93.05555555555556,0.013048259921337632,71,370,1,106924,16.099773242630384,98.61111111111111,0.34484686934963743,72,5952,0,101342,1.1952191235059761,100.0,5.547374503700114
106701,80,78.12398187639937,99.98044184215705,0.059980693714210734,-2.171875,169,350,/home/jasongao/Data/STU/val/169/velodyne/000350.bin,80,758,0,105943,9.54653937947494,100.0,0.7103963411776835,-2.75,2.625,0,0,80,106701,,0.0,0.0,31,9,49,106692,77.5,38.75,0.008434785053560885,79,164,1,106537,32.510288065843625,98.75,0.153700527642665,80,6887,0,99814,1.1482704176833645,100.0,6.454484962652646
106322,110,89.5973037487076,99.97576829220328,0.019751321457459416,4.71875,169,351,/home/jasongao/Data/STU/val/169/velodyne/000351.bin,109,771,1,105551,12.386363636363637,99.0909090909091,0.7251556592238672,-1.8046875,7.78125,13,0,97,106322,100.0,11.818181818181818,0.0,106,35,4,106287,75.177304964539,96.36363636363636,0.03291886909576569,108,169,2,106153,38.98916967509025,98.18181818181819,0.1589511107766972,110,7132,0,99190,1.5189174261253797,100.0,6.7079249826000265
106290,149,90.1720891597085,99.97419052977133,0.10066798381785681,1.03125,169,352,/home/jasongao/Data/STU/val/169/velodyne/000352.bin,149,1134,0,105156,11.61340607950117,100.0,1.0668924640135478,1.078125,9.75,68,4,81,106286,94.44444444444444,45.63758389261745,0.0037632891146862357,140,37,9,106253,79.09604519774011,93.95973154362416,0.03481042431084768,147,420,2,105870,25.925925925925927,98.65771812080537,0.3951453570420548,149,8237,0,98053,1.776770808490341,100.0,7.749553109417631
106744,209,79.1247448468547,99.97012034695898,0.07494566439331485,1.484375,169,353,/home/jasongao/Data/STU/val/169/velodyne/000353.bin,209,1171,0,105573,15.144927536231885,100.0,1.097017162557146,1.0390625,3.84375,0,0,209,106744,,0.0,0.0,149,35,60,106709,80.97826086956522,71.29186602870813,0.032788728172075246,209,425,0,106319,32.965299684542586,100.0,0.39814884208948514,209,8021,0,98723,2.5394896719319564,100.0,7.514239676234729
107675,132,96.29914683802164,99.98869001132756,0.05293707917343859,-2.140625,169,354,/home/jasongao/Data/STU/val/169/velodyne/000354.bin,131,633,1,107042,17.146596858638745,99.24242424242425,0.5878801950313444,-3.59375,4.8125,0,0,132,107675,,0.0,0.0,105,2,27,107673,98.13084112149532,79.54545454545455,0.0018574413745066172,129,113,3,107562,53.30578512396694,97.72727272727273,0.10494543765962387,132,6960,0,100715,1.8612521150592216,100.0,6.463895983283027
108661,21,72.38138670019323,99.6674454101682,0.6524880131786014,-8.0625,169,355,/home/jasongao/Data/STU/val/169/velodyne/000355.bin,19,680,2,107981,2.7181688125894135,90.47619047619048,0.6257995048821564,-4.03125,4.6875,0,0,21,108661,,0.0,0.0,12,1,9,108660,92.3076923076923,57.142857142857146,0.000920293389532583,16,87,5,108574,15.533980582524272,76.19047619047619,0.08006552488933472,21,7413,0,101248,0.2824858757062147,100.0,6.8221348966050375
114855,106,84.00462376245194,99.96621252555519,0.11231552827478124,-4.03125,169,364,/home/jasongao/Data/STU/val/169/velodyne/000364.bin,105,609,1,114246,14.705882352941176,99.05660377358491,0.5302337730181533,-3.796875,1.8359375,0,0,106,114855,,0.0,0.0,25,0,81,114855,100.0,23.58490566037736,0.0,99,110,7,114745,47.36842105263158,93.39622641509433,0.09577293108702277,106,8014,0,106841,1.3054187192118227,100.0,6.97749336119455
113781,191,95.93387228938737,99.99228563036799,0.042186305270651515,2.15625,169,365,/home/jasongao/Data/STU/val/169/velodyne/000365.bin,191,705,0,113076,21.316964285714285,100.0,0.6196113586626941,-2.21875,5.8125,5,0,186,113781,100.0,2.6178010471204187,0.0,174,26,17,113755,87.0,91.09947643979058,0.022850915354936236,189,188,2,113593,50.13262599469496,98.95287958115183,0.1652296956433851,191,7975,0,105806,2.3389664462405095,100.0,7.009078844446788
113041,134,94.5970066796003,99.99377454778988,0.03007758247007723,1.7734375,169,366,/home/jasongao/Data/STU/val/169/velodyne/000366.bin,134,811,0,112230,14.17989417989418,100.0,0.717438805389195,-1.9453125,4.9375,0,0,134,113041,,0.0,0.0,124,20,10,113021,86.11111111111111,92.53731343283582,0.017692695570633663,134,204,0,112837,39.64497041420118,100.0,0.18046549482046337,134,8103,0,104938,1.6268058759257011,100.0,7.168195610442229
111440,104,86.09812590951947,99.98645787315698,0.031407035175879394,0.89453125,169,367,/home/jasongao/Data/STU/val/169/velodyne/000367.bin,104,678,0,110762,13.29923273657289,100.0,0.6083991385498924,-2.78125,2.453125,0,0,104,111440,,0.0,0.0,38,2,66,111438,95.0,36.53846153846154,0.0017946877243359654,103,167,1,111273,38.148148148148145,99.03846153846153,0.14985642498205312,104,8459,0,102981,1.2145276188251781,100.0,7.590631730078966
109271,82,46.234026193718066,99.93493464782458,0.14642494348912335,-4.5625,169,368,/home/jasongao/Data/STU/val/169/velodyne/000368.bin,81,588,1,108683,12.10762331838565,98.78048780487805,0.5381116673225284,-3.59375,-1.953125,0,0,82,109271,,0.0,0.0,0,1,82,109270,0.0,0.0,0.0009151558968070211,75,114,7,109157,39.682539682539684,91.46341463414635,0.1043277722360004,82,7971,0,101300,1.018254066807401,100.0,7.294707653448765
107565,58,33.37886000993653,99.95135259033431,0.09389671361502347,-2.625,169,369,/home/jasongao/Data/STU/val/169/velodyne/000369.bin,58,579,0,106986,9.105180533751962,100.0,0.5382791800306791,-2.78125,-0.9609375,0,0,58,107565,,0.0,0.0,0,19,58,107546,0.0,0.0,0.017663738204806396,58,128,0,107437,31.182795698924732,100.0,0.11899781527448519,58,7926,0,99639,0.7264529058116233,100.0,7.368567842699763
106296,57,74.95236570287777,99.97320458329537,0.10818845488071048,-3.78125,169,370,/home/jasongao/Data/STU/val/169/velodyne/000370.bin,56,570,1,105726,8.945686900958467,98.24561403508773,0.5362384285391736,-3.375,4.15625,0,0,57,106296,,0.0,0.0,48,23,9,106273,67.6056338028169,84.21052631578948,0.021637690976142095,54,114,3,106182,32.142857142857146,94.73684210526316,0.10724768570783473,57,7986,0,98310,0.7086907870197687,100.0,7.5129826145856855
105098,46,18.799608181628333,99.90817059357437,0.17317170640735313,-2.390625,169,371,/home/jasongao/Data/STU/val/169/velodyne/000371.bin,46,848,0,104250,5.145413870246085,100.0,0.8068659727111839,-0.408203125,0.400390625,0,0,46,105098,,0.0,0.0,0,15,46,105083,0.0,0.0,0.014272393385221412,44,256,2,104842,14.666666666666666,95.65217391304348,0.2435821804411121,46,8627,0,96471,0.530381644183097,100.0,8.208529182287009
103674,40,41.50693126051944,99.96340692941335,0.06751933946794761,-4.46875,169,372,/home/jasongao/Data/STU/val/169/velodyne/000372.bin,39,517,1,103157,7.014388489208633,97.5,0.498678550070413,-5.1875,-1.890625,0,0,40,103674,,0.0,0.0,0,4,40,103670,0.0,0.0,0.003858247969597006,37,48,3,103626,43.529411764705884,92.5,0.04629897563516407,40,8086,0,95588,0.49224710804824023,100.0,7.799448270540347
102251,28,86.5688443247618,99.98583667361969,0.022493667543593707,1.65625,169,373,/home/jasongao/Data/STU/val/169/velodyne/000373.bin,28,562,0,101689,4.745762711864407,100.0,0.5496278764999853,-2.46875,5.96875,0,0,28,102251,,0.0,0.0,26,10,2,102241,72.22222222222223,92.85714285714286,0.009779855453736394,27,158,1,102093,14.594594594594595,96.42857142857143,0.154521716169035,28,7583,0,94668,0.36788858231507027,100.0,7.416064390568307
100800,26,90.20673954890057,99.99290293040292,0.0625,-1.4609375,169,374,/home/jasongao/Data/STU/val/169/velodyne/000374.bin,26,576,0,100224,4.318936877076412,100.0,0.5714285714285714,-2.46875,5.0625,0,0,26,100800,,0.0,0.0,22,7,4,100793,75.86206896551724,84.61538461538461,0.006944444444444444,26,145,0,100655,15.2046783625731,100.0,0.14384920634920634,26,8137,0,92663,0.31851035158642654,100.0,8.072420634920634
99527,20,33.92479965431928,99.98163814844213,0.03717584173138947,2.625,169,375,/home/jasongao/Data/STU/val/169/velodyne/000375.bin,20,832,0,98695,2.347417840375587,100.0,0.8359540627166497,0.337890625,3.703125,0,0,20,99527,,0.0,0.0,17,29,3,99498,36.95652173913044,85.0,0.029137821897575533,20,281,0,99246,6.644518272425249,100.0,0.28233544666271465,20,7578,0,91949,0.26322716504343247,100.0,7.614014287580255
98379,23,63.91014766453734,99.97933899820437,0.060988625621321624,-0.69140625,169,376,/home/jasongao/Data/STU/val/169/velodyne/000376.bin,23,581,0,97798,3.80794701986755,100.0,0.590573191433131,-3.1875,4.21875,0,0,23,98379,,0.0,0.0,15,22,8,98357,40.54054054054054,65.21739130434783,0.022362496061151264,23,106,0,98273,17.829457364341085,100.0,0.10774657193100154,23,7467,0,90912,0.30707610146862485,100.0,7.590034458573476
97892,17,98.1472098643379,99.99969954884254,0.0010215339353573326,8.6875,169,377,/home/jasongao/Data/STU/val/169/velodyne/000377.bin,17,516,0,97376,3.189493433395872,100.0,0.5271115106443836,-4.875,11.25,11,0,6,97892,100.0,64.70588235294117,0.0,17,5,0,97887,77.27272727272727,100.0,0.005107669676786663,17,59,0,97833,22.36842105263158,100.0,0.060270502186082625,17,7814,0,90078,0.21708594049291277,100.0,7.9822661708821965
97699,16,23.485465626515527,99.97450715974576,0.04094207719628656,-2.015625,169,378,/home/jasongao/Data/STU/val/169/velodyne/000378.bin,16,637,0,97062,2.450229709035222,100.0,0.6520025793508634,-3.59375,-0.2177734375,0,0,16,97699,,0.0,0.0,0,5,16,97694,0.0,0.0,0.00511775964953582,16,101,0,97598,13.675213675213675,100.0,0.10337874492062354,16,8285,0,89414,0.19274786170340924,100.0,8.480127739280853
97912,14,95.88976499690786,99.99941638555903,0.0020426505433450443,5.375,169,379,/home/jasongao/Data/STU/val/169/velodyne/000379.bin,14,555,0,97357,2.460456942003515,100.0,0.5668355257782498,-4.375,6.34375,0,0,14,97912,,0.0,0.0,14,10,0,97902,58.333333333333336,100.0,0.010213252716725223,14,60,0,97852,18.91891891891892,100.0,0.06127951630035133,14,8315,0,89597,0.16808740545083442,100.0,8.492319633957022
98173,16,35.772854330025574,99.97488489706946,0.15992177075163233,-5.28125,169,380,/home/jasongao/Data/STU/val/169/velodyne/000380.bin,16,625,0,97548,2.49609984399376,100.0,0.6366312529921669,-4.4375,-2.171875,0,0,16,98173,,0.0,0.0,0,0,16,98173,,0.0,0.0,15,54,1,98119,21.73913043478261,93.75,0.05500494025852322,16,9146,0,89027,0.17463435931019428,100.0,9.316207103786173
98624,11,100.0,99.99999999999999,0.0,5.9375,169,381,/home/jasongao/Data/STU/val/169/velodyne/000381.bin,11,654,0,97970,1.6541353383458646,100.0,0.6631245944192083,-3.96875,8.5,1,0,10,98624,100.0,9.090909090909092,0.0,11,1,0,98623,91.66666666666667,100.0,0.0010139519792342635,11,82,0,98542,11.827956989247312,100.0,0.08314406229720961,11,10183,0,88441,0.1079066117323916,100.0,10.325073004542505
99324,12,8.884725338607186,99.93103378840965,0.2305585759735814,-5.40625,169,382,/home/jasongao/Data/STU/val/169/velodyne/000382.bin,12,743,0,98581,1.5894039735099337,100.0,0.7480568644033667,-4.09375,-2.546875,0,0,12,99324,,0.0,0.0,0,0,12,99324,,0.0,0.0,11,85,1,99239,11.458333333333334,91.66666666666667,0.08557851073255206,12,10119,0,89205,0.11844832691738229,100.0,10.187870001208168
100151,12,0.5208780217212355,98.80709295630265,2.4782578306756795,-10.8125,169,383,/home/jasongao/Data/STU/val/169/velodyne/000383.bin,4,775,8,99376,0.5134788189987163,33.333333333333336,0.773831514413236,-3.28125,-9.0625,0,0,12,100151,,0.0,0.0,0,0,12,100151,,0.0,0.0,0,129,12,100022,0.0,0.0,0.12880550368942897,12,10346,0,89805,0.1158524811739718,100.0,10.330401094347534
100926,9,0.7136509026703802,97.58899259523479,5.723995798902166,-13.0625,169,384,/home/jasongao/Data/STU/val/169/velodyne/000384.bin,3,558,6,100368,0.5347593582887701,33.333333333333336,0.552880328161227,-4.15625,-10.6875,0,0,9,100926,,0.0,0.0,0,0,9,100926,,0.0,0.0,2,89,7,100837,2.197802197802198,22.22222222222222,0.08818342151675485,9,10408,0,90518,0.08639723528847076,100.0,10.312506192656006
101111,7,0.08936754629347406,95.9221619238828,5.959786768996449,-13.375,169,385,/home/jasongao/Data/STU/val/169/velodyne/000385.bin,0,612,7,100499,0.0,0.0,0.605275390412517,-2.765625,-12.25,0,0,7,101111,,0.0,0.0,0,4,7,101107,0.0,0.0,0.003956048303349784,0,140,7,100971,0.0,0.0,0.13846169061724245,7,9810,0,91301,0.07130487929102577,100.0,9.702208463965345
101050,10,0.6873650539706296,99.1301335972291,2.59475507174666,-11.375,169,386,/home/jasongao/Data/STU/val/169/velodyne/000386.bin,3,453,7,100597,0.6578947368421053,30.0,0.4482929242949035,-4.15625,-9.1875,0,0,10,101050,,0.0,0.0,0,9,10,101041,0.0,0.0,0.008906481939633844,0,84,10,100966,0.0,0.0,0.08312716476991588,10,9748,0,91302,0.10248001639680263,100.0,9.646709549727857
100662,7,0.22213138904754365,98.36056732998976,2.4219665812322426,-10.9375,169,387,/home/jasongao/Data/STU/val/169/velodyne/000387.bin,0,609,7,100053,0.0,0.0,0.6049949335399655,-4.09375,-10.0,0,0,7,100662,,0.0,0.0,0,0,7,100662,,0.0,0.0,0,82,7,100580,0.0,0.0,0.08146072996761439,7,9900,0,90762,0.07065711113354194,100.0,9.834893008285153
100002,8,0.5730788187233734,99.16676666466671,1.4839703205935881,-9.6875,169,388,/home/jasongao/Data/STU/val/169/velodyne/000388.bin,3,674,5,99328,0.4431314623338257,37.5,0.6739865202695946,-3.25,-9.0,0,0,8,100002,,0.0,0.0,0,0,8,100002,,0.0,0.0,0,125,8,99877,0.0,0.0,0.124997500049999,8,10153,0,89849,0.07873240822753666,100.0,10.15279694406112
98984,7,0.15085741024191127,97.52680086824999,3.683423583609472,-11.8125,169,389,/home/jasongao/Data/STU/val/169/velodyne/000389.bin,0,727,7,98257,0.0,0.0,0.734462135294593,-3.921875,-10.75,0,0,7,98984,,0.0,0.0,0,5,7,98979,0.0,0.0,0.00505132142568496,0,79,7,98905,0.0,0.0,0.07981087852582236,7,10132,0,88852,0.06904033928395305,100.0,10.235997737008
97344,8,0.06741479094904707,93.70113977235371,9.051405325443787,-14.125,169,392,/home/jasongao/Data/STU/val/169/velodyne/000392.bin,0,834,8,96510,0.0,0.0,0.8567554240631163,-3.375,-13.3125,0,0,8,97344,,0.0,0.0,0,9,8,97335,0.0,0.0,0.009245562130177515,0,108,8,97236,0.0,0.0,0.11094674556213018,8,10501,0,86843,0.07612522599676468,100.0,10.787516436554897
97468,8,0.08872606770108349,95.23055002667542,6.091229942134854,-13.125,169,393,/home/jasongao/Data/STU/val/169/velodyne/000393.bin,0,719,8,96749,0.0,0.0,0.7376780071408052,-3.78125,-12.8125,0,0,8,97468,,0.0,0.0,0,4,8,97464,0.0,0.0,0.0041039110272089304,0,93,8,97375,0.0,0.0,0.09541593138260762,8,10125,0,87343,0.0789499654593901,100.0,10.388024787622605
97160,5,0.06991120582950607,95.86198023878138,5.137916838205022,-12.4375,169,394,/home/jasongao/Data/STU/val/169/velodyne/000394.bin,0,774,5,96386,0.0,0.0,0.7966241251543845,-4.125,-12.3125,0,0,5,97160,,0.0,0.0,0,0,5,97160,,0.0,0.0,0,71,5,97089,0.0,0.0,0.07307533964594483,5,10715,0,86445,0.04664179104477612,100.0,11.02820090572252
95864,5,0.046887921683651794,93.75239923224568,8.476591838437788,-14.1875,169,396,/home/jasongao/Data/STU/val/169/velodyne/000396.bin,0,630,5,95234,0.0,0.0,0.6571810064257698,-3.3125,-13.25,0,7,5,95857,0.0,0.0,0.007302011182508554,0,20,5,95844,0.0,0.0,0.020862889092881583,0,102,5,95762,0.0,0.0,0.10640073437369607,5,9535,0,86329,0.05241090146750524,100.0,9.946382375031295
