index,sequence,frame,normal,anomaly,A_AP,B_AP,old_A_FN,old_B_FN,old_A_FP,old_B_FP,old_recovered,old_lost,old_fp_removed,old_fp_added,own95_A_FN,own95_B_FN,own95_A_FP,own95_B_FP,own95_recovered,own95_lost,own95_fp_removed,own95_fp_added
0,125,0,102306,25,30.68677189345332,1.1560290215705027,1,3,1353,1673,0,2,248,568,1,1,1353,2150,0,0,104,901
1,125,1,102315,25,47.97649992292236,1.7297462982449523,1,3,1389,1552,0,2,302,465,1,1,1389,2069,0,0,183,863
2,125,2,102295,26,30.44800695939327,0.7801944223779996,1,12,1339,1708,0,11,282,651,1,5,1339,2161,0,4,135,957
3,125,3,102296,25,7.817649282568845,0.336547249429056,1,20,1147,1665,0,19,100,618,1,19,1147,2059,0,18,53,965
4,125,4,102304,25,41.992326949144314,0.7101366025503585,1,10,1237,1707,0,9,151,621,1,4,1237,2253,0,3,81,1097
5,125,5,102300,24,51.270068262180544,9.703536166671539,1,1,1274,1400,0,0,391,517,1,1,1274,1923,0,0,255,904
6,125,6,102290,25,50.79163673830567,0.9175789504243068,1,8,1275,1466,0,7,329,520,1,5,1275,1947,0,4,204,876
7,125,7,102281,24,11.45212437690853,0.5669998536300336,1,11,1364,1697,0,10,314,647,1,6,1364,2161,0,5,189,986
8,125,8,102283,24,54.062670737866334,2.9153745275338405,0,0,1210,1590,0,0,245,625,0,0,1210,2040,0,0,145,975
9,125,9,102283,25,51.11576732033538,2.91743743882728,1,1,1386,1498,0,0,365,477,1,1,1386,1996,0,0,195,805
10,125,10,102287,24,6.033969667020641,1.4476441033972836,0,3,1520,1737,0,3,346,563,0,1,1520,2218,0,1,209,907
11,125,11,102282,25,57.84464086958747,0.34557878651004875,0,20,1224,1678,0,20,145,599,0,18,1224,2083,0,18,110,969
12,125,12,102273,24,37.290636859543305,1.6211045481195479,1,3,1549,1651,0,2,387,489,1,2,1549,2155,0,1,222,828
13,125,13,102310,24,13.36877997947128,0.9868480988952716,0,1,1458,1785,0,1,244,571,0,1,1458,2258,0,1,137,937
14,125,14,102281,24,37.32334924931388,0.5863966180580586,1,14,1415,1608,0,13,335,528,1,7,1415,2161,0,6,191,937
15,125,15,102275,24,24.20536693292442,8.453532712141731,1,1,1474,1681,0,0,285,492,1,1,1474,2196,0,0,148,870
16,125,16,102284,24,86.40571282999974,27.24512042012731,1,0,1233,1603,1,0,121,491,1,0,1233,2005,1,0,49,821
17,125,17,102270,25,48.367344980723615,17.713713667959933,1,1,1369,1547,0,0,374,552,1,1,1369,2033,0,0,254,918
18,125,18,102308,25,85.748518311949,2.4480474843748006,1,1,1045,1582,0,0,90,627,1,1,1045,2005,0,0,49,1009
19,125,19,102324,25,33.49698008206058,0.6780718702840886,1,11,1419,1716,0,10,244,541,1,5,1419,2192,0,4,118,891
20,125,20,102316,25,60.74635751444958,0.8581578596472303,1,6,1166,1659,0,5,61,554,1,1,1166,2073,0,0,41,948
21,125,21,102305,24,41.06527829092411,0.832639216253678,1,7,1479,1736,0,6,254,511,1,5,1479,2205,0,4,135,861
22,125,22,102311,24,52.87449969495546,1.0338316330493795,1,3,1236,1742,0,2,53,559,1,1,1236,2208,0,0,28,1000
23,125,23,102265,25,48.71180801344456,0.7272555734304043,2,13,1321,1569,0,11,388,636,2,5,1321,2024,0,3,233,936
24,125,24,102302,24,37.90551336739215,0.5989205550718496,2,8,1586,1963,0,6,300,677,2,6,1586,2488,0,4,142,1044
25,125,25,102326,24,4.659741418017598,1.0641589990691227,0,3,1426,1859,0,3,210,643,0,1,1426,2383,0,1,81,1038
26,125,26,102278,24,2.963110960375285,1.1187019844463426,1,4,1464,1842,0,3,194,572,1,2,1464,2327,0,1,67,930
27,125,27,102298,24,34.663253368893194,0.6342848898232215,3,11,1468,1806,0,8,304,642,3,7,1468,2266,0,4,169,967
28,125,28,102298,25,7.283279636732856,1.1150266604160262,1,4,1370,1667,0,3,286,583,1,1,1370,2129,0,0,130,889
29,125,29,102265,24,90.40220759325936,1.1853582212829525,0,1,1146,1754,0,1,100,708,0,1,1146,2147,0,1,55,1056
30,125,30,102261,22,9.753028332921888,0.21849829375093777,1,20,1328,1617,0,19,410,699,1,18,1328,2140,0,17,252,1064
31,125,31,102282,17,97.18885448916409,1.8093351492024061,0,0,1049,1444,0,0,253,648,0,0,1049,1924,0,0,100,975
32,125,32,102357,16,78.2711721300065,1.9545522614455164,0,0,1257,1664,0,0,194,601,0,0,1257,2167,0,0,61,971
33,125,33,102443,19,68.19229954625766,6.105884983056282,1,0,1350,1931,1,0,139,720,1,0,1350,2488,1,0,51,1189
34,125,34,102490,22,50.21346355223319,1.0192271906269947,0,0,1180,1726,0,0,57,603,0,0,1180,2242,0,0,18,1080
35,125,35,102599,22,19.414264895136814,0.3522050854563446,0,17,1078,1757,0,17,40,719,0,17,1078,2148,0,17,14,1084
36,125,36,102705,25,5.143898788772072,0.559921726317831,1,17,1329,1775,0,16,113,559,1,12,1329,2236,0,11,28,935
37,125,37,102691,24,7.969405728720908,0.5720852536925428,1,17,1078,1498,0,16,193,613,1,11,1078,2011,0,10,50,983
38,125,38,102909,23,1.8586212800694688,0.2521987584390573,2,22,1037,1722,0,20,69,754,2,21,1037,2167,0,19,45,1175
39,125,39,103064,19,11.966697520469037,0.39903806771827716,0,14,604,1594,0,14,45,1035,0,10,604,2080,0,10,27,1503
40,125,40,103242,19,10.430274424036867,0.7241972811898105,0,5,825,1757,0,5,57,989,0,2,825,2297,0,2,20,1492
41,125,41,103130,26,0.9521257494037045,0.3344767223256595,8,20,1373,1957,0,12,187,771,8,19,1373,2450,0,11,95,1172
42,125,42,103566,25,2.818120739256738,0.36114132474360383,1,22,1232,1924,0,21,117,809,1,17,1232,2375,0,16,25,1168
43,125,43,103639,26,0.4529471747727114,0.15394612071538985,17,25,1376,1528,0,8,322,474,17,23,1376,2002,0,6,214,840
44,125,44,103700,20,0.2182870587291115,0.06330667441858903,20,20,1272,1533,0,0,317,578,20,20,1272,1947,0,0,246,921
45,125,45,103741,26,5.474883972810437,3.159618394281842,2,2,1051,1402,0,0,165,516,2,2,1051,1831,0,0,116,896
46,125,46,103706,27,13.44856640512421,5.891148539994941,1,1,649,718,0,0,210,279,1,0,649,1109,1,0,165,625
47,125,47,103786,22,3.5052821655252155,2.837643956510101,0,0,823,1248,0,0,86,511,0,0,823,1684,0,0,53,914
48,125,48,103879,29,36.85637261191539,21.752479900703854,0,0,586,1015,0,0,45,474,0,0,586,1397,0,0,19,830
49,125,49,104070,25,10.115313446334143,5.13519564249494,0,0,451,736,0,0,99,384,0,0,451,1007,0,0,30,586
50,125,50,104185,23,4.8976954136646,1.7152491654647342,2,4,746,1049,0,2,106,409,2,3,746,1298,0,1,84,636
51,125,51,103757,27,4.2894163483866095,1.01285743050688,3,18,555,915,0,15,73,433,3,10,555,1160,0,7,46,651
52,125,52,104379,25,18.5511504312198,0.7454027908228094,1,20,888,1109,0,19,164,385,1,13,888,1378,0,12,100,590
53,125,53,104336,27,4.285185030309602,0.42565822445238266,2,25,623,863,0,23,160,400,2,22,623,1134,0,20,91,602
54,125,54,104305,25,4.110670098352891,0.22081410303022267,2,24,480,705,0,22,145,370,2,21,480,910,0,19,103,533
55,125,55,104393,26,63.111263563914086,0.4158141222088051,1,22,283,618,0,21,55,390,1,20,283,911,0,19,41,669
56,125,56,104421,32,12.99008286313461,0.41813351534126925,1,28,415,831,0,27,200,616,1,26,415,1120,0,25,167,872
57,125,57,104368,31,40.998829017997984,0.4404921174658303,1,28,314,536,0,27,87,309,1,22,314,819,0,21,66,571
58,125,58,104395,30,0.8708660649437624,0.10165235144276057,23,30,458,695,0,7,156,393,23,30,458,1028,0,7,108,678
59,125,59,104376,33,0.25741339951949566,0.17687921557553327,33,33,573,641,0,0,152,220,33,32,573,830,1,0,119,376
60,125,60,104445,28,0.24693880716627542,0.1201875320125089,28,28,600,799,0,0,83,282,28,27,600,1088,1,0,56,544
61,125,61,104047,30,2.5923519343071773,7.026207280034136,16,1,432,410,15,0,139,117,16,1,432,603,15,0,98,269
62,125,62,104704,32,0.3672911601266533,0.24063906982340516,32,32,564,433,0,0,252,121,32,30,564,686,2,0,173,295
63,125,63,104553,33,51.27509493912231,13.897898906200975,4,5,355,449,0,1,54,148,4,5,355,688,0,1,27,360
64,125,64,104518,38,8.522605881920974,1.7101982439090404,10,18,515,671,0,8,82,238,10,15,515,903,0,5,50,438
65,125,65,104529,35,1.6304635429262095,1.9154866336575074,23,17,512,687,6,0,94,269,23,13,512,982,10,0,34,504
66,125,66,104625,40,2.4323867159094044,1.4741612543250886,18,21,609,715,0,3,93,199,18,18,609,1042,1,1,36,469
67,125,67,104672,35,1.651413194737044,1.603458497563382,19,18,704,879,1,0,31,206,19,13,704,1166,6,0,12,474
68,125,68,104646,34,55.43127454969623,21.383137566827102,0,0,604,748,0,0,117,261,0,0,604,977,0,0,97,470
69,125,69,104647,33,14.893688566600213,3.610096420503048,3,7,530,668,0,4,99,237,3,5,530,951,0,2,65,486
70,125,70,104617,34,6.454413955725709,5.084026936699536,3,3,778,677,0,0,242,141,3,3,778,1022,0,0,141,385
71,125,71,104222,39,2.9007711036065706,1.5689149125727564,16,26,535,630,1,11,64,159,16,20,535,865,2,6,41,371
72,125,72,104836,38,30.516437747717905,8.10316922405112,13,10,402,346,5,2,167,111,13,7,402,631,6,0,88,317
73,125,73,104775,41,53.0566500357225,3.606466744940954,8,13,487,562,0,5,99,174,8,10,487,759,0,2,48,320
74,125,74,104648,42,21.850229968551773,4.4863414681617915,3,11,314,551,0,8,93,330,3,5,314,792,0,2,65,543
75,125,75,104620,45,3.389219443695976,5.272586608726658,17,6,611,692,11,0,120,201,17,4,611,959,13,0,60,408
76,125,76,104470,47,13.532542287932381,10.054869536916888,1,5,554,642,0,4,59,147,1,4,554,876,0,3,23,345
77,125,77,104451,49,1.3152540409740787,8.377541292213856,45,15,451,496,31,1,77,122,45,10,451,764,35,0,34,347
78,125,78,104441,47,2.916584779664573,2.175948717638188,17,27,780,718,0,10,223,161,17,18,780,1017,3,4,75,312
79,125,79,104521,47,3.6910784517296054,1.328856568237472,20,33,566,848,0,13,100,382,20,30,566,1144,1,11,74,652
80,125,80,104552,49,6.127271732784909,3.2212157843163767,34,34,403,647,0,0,48,292,34,32,403,981,2,0,18,596
81,125,81,104139,48,42.91081368131837,20.462025427112074,2,3,515,657,0,1,61,203,2,0,515,954,2,0,31,470
82,125,82,104626,53,65.39922913023014,20.82789475886307,3,2,621,801,1,0,82,262,3,0,621,1153,3,0,32,564
83,125,83,104601,53,42.9908422107845,27.58506697085945,8,7,575,720,1,0,95,240,8,6,575,1175,2,0,26,626
84,125,84,104635,52,26.523077007670697,9.396933601076775,18,22,592,936,0,4,53,397,18,17,592,1341,1,0,17,766
85,125,85,104726,55,65.70369415075075,12.951257946426855,1,1,429,674,0,0,76,321,1,1,429,985,0,0,44,600
86,125,86,104878,57,10.094303936652398,4.2175736443931156,5,19,425,682,0,14,46,303,5,10,425,966,0,5,29,570
87,125,87,104851,59,3.248144677353064,8.340065196564892,27,8,727,843,23,4,200,316,27,5,727,1288,24,2,95,656
88,125,88,104822,60,81.76062523054713,50.743024232982506,0,0,662,980,0,0,128,446,0,0,662,1308,0,0,39,685
89,125,89,104931,64,79.24821086234783,30.77876542263556,1,0,266,799,1,0,82,615,1,0,266,1059,1,0,63,856
90,125,90,105073,67,12.61540802771995,8.064404867447461,0,0,1007,1067,0,0,205,265,0,0,1007,1294,0,0,159,446
91,125,91,104616,71,12.748638226905493,7.789036688201977,0,0,1003,1136,0,0,113,246,0,0,1003,1376,0,0,81,454
92,125,92,105020,64,84.28705588605905,43.30344683160415,0,0,946,1061,0,0,141,256,0,0,946,1383,0,0,60,497
93,125,93,104974,75,21.59270205243294,42.26483837076353,6,3,566,1081,5,2,128,643,6,0,566,1365,6,0,90,889
94,125,94,104961,79,42.48566021797207,49.74524870146854,0,0,1389,1169,0,0,401,181,0,0,1389,1421,0,0,359,391
95,125,95,104913,84,10.346173408046273,18.55525983744919,0,0,1275,1213,0,0,220,158,0,0,1275,1465,0,0,153,343
96,125,96,104869,88,4.446017834858031,9.367162227371786,2,9,1361,1339,1,8,312,290,2,2,1361,1604,1,1,226,469
97,125,97,104956,98,11.085951313537322,14.006941101062639,8,1,1144,739,7,0,570,165,8,1,1144,966,7,0,516,338
98,125,98,104994,103,63.90462806817896,47.473335797601905,1,19,993,1156,0,18,372,535,1,7,993,1502,0,6,248,757
99,125,99,105226,98,35.651621973016915,14.06954411827124,1,17,983,889,0,16,269,175,1,9,983,1248,0,8,147,412
100,125,100,105509,114,87.33292765266869,55.91483079021609,2,13,739,641,0,11,404,306,2,3,739,889,0,1,282,432
101,125,101,106143,133,14.577705857929454,11.309499146259256,14,29,627,867,0,15,203,443,14,18,627,1166,3,7,150,689
102,125,102,106384,141,33.565233219633924,23.332228761141245,5,6,640,684,0,1,151,195,5,6,640,1044,0,1,73,477
103,125,103,106576,154,3.061213217523814,3.8341868669471375,135,122,638,711,13,0,161,234,135,100,638,960,35,0,132,454
104,125,104,106681,163,31.518671183724482,26.222394620374512,0,37,534,618,0,37,131,215,0,26,534,973,0,26,95,534
105,125,105,106870,169,7.954620678856289,15.528581761273374,111,41,481,561,73,3,126,206,111,26,481,856,85,0,93,468
106,125,106,106976,169,73.69276816646513,66.39083779656393,4,23,662,501,1,20,274,113,4,12,662,830,2,10,204,372
107,125,107,106950,174,55.94027974760382,25.38771898595301,7,20,497,425,0,13,153,81,7,5,497,683,2,0,108,294
108,125,108,106952,180,6.649018137752094,75.16899399419206,122,30,494,256,92,0,341,103,122,20,494,528,102,0,241,275
109,125,109,106792,186,36.550336654226165,83.36843286249666,3,1,779,511,3,1,378,110,3,0,779,792,3,0,280,293
110,125,110,93421,110,21.281843213305823,57.77820838112204,1,20,914,808,0,19,298,192,1,12,914,1110,0,11,250,446
111,125,111,107099,213,70.99264862893303,91.2359879417282,9,14,509,271,4,9,344,106,9,3,509,488,8,2,263,242
112,125,112,106824,180,56.60902243542476,81.16431754362588,7,20,758,399,0,13,455,96,7,17,758,606,0,10,391,239
113,125,113,106902,195,71.84671269274294,61.09848839873909,26,2,342,293,25,1,205,156,26,1,342,529,25,0,125,312
114,125,114,106957,198,20.14683858950259,87.03963972283894,36,5,600,547,31,0,260,207,36,5,600,825,31,0,191,416
115,125,115,106956,200,22.880316063746278,29.802390977794474,5,8,882,544,0,3,450,112,5,5,882,796,0,0,356,270
116,125,116,106869,213,21.095341910342576,31.754732294449546,12,2,572,509,10,0,184,121,12,2,572,740,10,0,150,318
117,125,117,106894,242,33.35794552983168,56.590472696490934,11,7,606,442,4,0,278,114,11,5,606,688,6,0,195,277
118,125,118,106898,236,78.79419880061096,85.30809096385357,21,16,504,321,8,3,275,92,21,11,504,578,11,1,179,253
119,125,119,106787,243,87.28351347569931,88.64695230677762,19,22,409,250,1,4,245,86,19,14,409,534,5,0,155,280
120,125,120,106844,239,28.916930297274394,7.928423374749763,58,185,354,413,0,127,113,172,58,162,354,654,0,104,62,362
121,125,121,107030,254,61.74359488961302,48.788481854462326,9,36,533,329,0,27,271,67,9,17,533,544,0,8,177,188
122,125,122,106810,241,74.31763483337357,92.47282388560879,35,5,375,420,31,1,153,198,35,4,375,651,31,0,90,366
123,125,123,106955,265,93.0285722686426,21.197078589776456,2,140,408,393,0,138,208,193,2,97,408,629,0,95,159,380
124,125,124,107156,261,49.510940731409995,9.977316365889788,2,189,530,466,0,187,237,173,2,157,530,706,0,155,178,354
125,125,125,107197,283,93.71069463020167,28.977379426236773,0,83,436,425,0,83,226,215,0,38,436,715,0,38,143,422
126,125,126,107210,307,40.45890415336694,15.730093808783419,23,179,426,494,0,156,122,190,23,133,426,708,0,110,80,362
127,125,127,106940,316,36.71348672186235,10.706984885047524,51,221,482,561,0,170,93,172,51,182,482,852,0,131,42,412
128,125,128,106755,308,77.1145987253038,36.4086300004969,14,123,462,558,0,109,142,238,14,69,462,878,0,55,78,494
129,125,129,106588,342,54.689282774917515,41.927343508734545,11,14,651,716,0,3,110,175,11,8,651,1004,3,0,46,399
130,125,130,106455,336,91.36694195708624,49.62510954429097,6,104,417,314,0,98,203,100,6,69,417,538,0,63,133,254
131,125,131,106736,335,75.15246123400304,10.949594299563193,14,291,276,335,0,277,145,204,14,240,276,573,0,226,92,389
132,125,132,106764,330,95.91548647299742,48.634571995157785,6,123,312,222,0,117,182,92,6,73,312,442,0,67,110,240
133,125,133,106961,327,68.15479259187991,25.927224564994678,25,118,321,405,0,93,114,198,25,51,321,631,0,26,42,352
134,125,134,107116,332,52.30072383035148,29.81230967186979,9,79,510,505,0,70,234,229,9,31,510,759,0,22,143,392
135,125,135,107088,320,41.96603623693549,27.075464170265267,9,122,367,393,0,113,104,130,9,51,367,616,0,42,52,301
136,125,136,107063,297,99.83740677252982,80.26384832423466,0,1,467,390,0,1,194,117,0,0,467,646,0,0,88,267
137,125,137,107016,290,13.534986280883277,19.033651710041404,178,140,512,444,38,0,270,202,178,99,512,717,79,0,211,416
138,125,138,107123,278,54.87945470532842,55.497219560681444,0,0,381,415,0,0,165,199,0,0,381,654,0,0,129,402
139,125,139,105210,341,78.14230297489182,44.810826251896465,3,51,478,499,0,48,197,218,3,19,478,746,0,16,157,425
140,125,140,107157,289,99.02601334356275,96.11794163614368,3,3,390,346,0,0,172,128,3,3,390,560,0,0,115,285
141,125,141,107102,285,34.0032663183741,49.154374717241254,4,2,540,390,2,0,315,165,4,2,540,615,2,0,277,352
142,125,142,107067,294,43.96786978772905,25.27368654038363,2,84,633,405,0,82,351,123,2,47,633,618,0,45,277,262
143,125,143,107114,284,49.31594846220706,33.77944779217422,1,37,511,392,0,36,252,133,1,3,511,648,0,2,173,310
144,125,144,107138,282,22.281768575275823,7.599634437919038,106,252,488,452,0,146,209,173,106,215,488,700,0,109,156,368
145,125,145,107143,278,74.33266132497369,58.39459762248397,0,0,388,380,0,0,126,118,0,0,388,608,0,0,77,297
146,125,146,107097,286,4.56052311134353,18.318127889822826,278,138,533,420,140,0,252,139,278,107,533,624,171,0,187,278
147,125,147,107080,283,63.365948432318056,28.209937807271835,1,100,423,363,0,99,179,119,1,54,423,557,0,53,136,270
148,125,148,107130,284,52.53082201699112,34.286284968196476,2,31,623,424,0,29,362,163,2,4,623,666,0,2,310,353
149,125,149,107172,284,59.25089723518637,55.21394581504241,1,1,449,393,0,0,182,126,1,1,449,649,0,0,109,309
150,125,150,107210,283,39.84758652836659,33.43823386405051,10,18,533,431,8,16,264,162,10,2,533,677,9,1,183,327
151,125,151,107269,272,62.730434390953896,38.74385773713201,1,2,727,536,0,1,332,141,1,1,727,819,0,0,218,310
152,125,152,107202,275,57.1065722256002,58.020158814474996,0,0,462,397,0,0,197,132,0,0,462,598,0,0,160,296
153,125,153,107047,272,69.43244318007905,50.995072222124435,0,0,484,444,0,0,153,113,0,0,484,678,0,0,81,275
154,125,154,106761,260,27.972528355377424,5.789763971774424,98,221,486,376,0,123,202,92,98,199,486,646,0,101,137,297
155,125,155,106418,253,99.3519167862761,46.10064046000335,0,0,365,398,0,0,119,152,0,0,365,635,0,0,73,343
156,125,156,106158,250,100.0,99.96821749473004,0,0,350,513,0,0,124,287,0,0,350,794,0,0,72,516
157,125,157,105813,236,55.26543584523497,43.350634199378874,0,1,531,532,0,1,93,94,0,0,531,855,0,0,39,363
158,125,158,105930,217,76.6231033408711,78.68308745627516,0,0,576,243,0,0,391,58,0,0,576,495,0,0,282,201
159,125,159,106630,211,57.49492123461653,36.48500246818017,1,33,355,329,0,32,179,153,1,11,355,590,1,11,113,348
160,125,160,106240,201,51.936823993940436,55.38714649638066,1,1,601,468,0,0,298,165,1,1,601,747,0,0,231,377
161,125,161,105094,156,96.68365980123454,99.9376154519564,0,0,428,365,0,0,204,141,0,0,428,668,0,0,134,374
162,125,162,105839,180,96.78734962499269,92.44936526908477,0,0,282,319,0,0,86,123,0,0,282,540,0,0,42,300
163,125,163,104328,134,100.0,100.0,0,0,310,288,0,0,186,164,0,0,310,579,0,0,134,403
164,125,164,103549,88,100.0,99.99999999999999,0,0,421,297,0,0,250,126,0,0,421,586,0,0,195,360
165,125,165,102871,51,100.0,100.0,0,0,451,356,0,0,261,166,0,0,451,666,0,0,214,429
166,125,166,102038,24,100.0,100.0,0,0,326,306,0,0,122,102,0,0,326,509,0,0,92,275
167,125,167,101207,18,100.0,100.0,0,0,290,288,0,0,131,129,0,0,290,544,0,0,68,322
168,125,168,100331,22,99.99999999999997,100.0,0,0,270,301,0,0,88,119,0,0,270,557,0,0,61,348
214,125,214,70878,10,60.42932067932069,4.796268608194959,0,0,295,266,0,0,73,44,0,0,295,410,0,0,33,148
215,125,215,70734,14,99.99999999999997,100.0,0,0,186,176,0,0,82,72,0,0,186,309,0,0,61,184
216,125,216,70916,32,100.0,100.0,0,0,91,115,0,0,27,51,0,0,91,212,0,0,8,129
217,125,217,71412,43,97.61491518212911,77.9523616723164,0,0,151,202,0,0,54,105,0,0,151,341,0,0,21,211
218,125,218,72279,63,64.41244371676702,66.34948284765842,0,0,121,178,0,0,42,99,0,0,121,286,0,0,13,178
219,125,219,73158,67,100.0,100.0,0,0,102,97,0,0,36,31,0,0,102,190,0,0,22,110
220,125,220,73870,84,34.493723653005794,99.99999999999997,1,0,195,187,1,0,99,91,1,0,195,278,1,0,67,150
221,125,221,75150,138,52.3494756208162,97.97209305577503,20,0,108,136,20,0,40,68,20,0,108,228,20,0,11,131
222,125,222,76275,160,99.22742649033975,99.99999999999997,0,0,60,48,0,0,30,18,0,0,60,121,0,0,18,79
223,125,223,77616,183,99.65531301423312,99.09633765668448,0,0,103,112,0,0,26,35,0,0,103,175,0,0,16,88
224,125,224,78630,224,91.19825863601416,99.13521737869777,5,3,93,81,2,0,47,35,5,0,93,169,5,0,29,105
225,125,225,79954,246,96.88127598238529,98.49910467322124,1,1,129,111,0,0,34,16,1,1,129,163,0,0,19,53
226,125,226,81140,266,97.50074879793173,97.46723623725838,9,5,85,91,4,0,26,32,9,3,85,151,6,0,5,71
227,125,227,82307,289,97.44579602864265,97.8902495883367,7,7,112,73,0,0,47,8,7,6,112,132,1,0,31,51
228,125,228,84317,301,96.4600853897935,96.9102469960625,13,13,99,66,0,0,54,21,13,8,99,126,5,0,36,63
229,125,229,86409,282,64.41598187251802,93.84784331626919,98,14,117,126,84,0,53,62,98,10,117,219,88,0,37,139
230,125,230,72722,110,25.666628115167033,99.14572527659115,28,0,171,136,28,0,59,24,28,0,171,239,28,0,28,96
231,125,231,90253,284,32.14438159138256,79.70340018577087,149,38,204,224,111,0,69,89,149,33,204,330,116,0,47,173
232,125,232,88214,248,58.62299879180873,92.8438272538504,30,5,151,365,25,0,38,252,30,2,151,459,28,0,25,333
233,125,233,92360,252,26.9032682814455,80.63738095833428,55,24,385,398,31,0,56,69,55,16,385,469,39,0,42,126
234,125,234,94463,239,88.80172678969237,92.6534004533377,7,6,392,285,1,0,135,28,7,6,392,399,1,0,61,68
235,125,235,96807,231,92.06051173463285,93.39856323886686,11,12,167,131,0,1,51,15,11,8,167,219,3,0,17,69
236,125,236,97890,212,64.00570633139608,92.69520738113535,33,10,138,196,23,0,58,116,33,8,138,327,25,0,34,223
237,125,237,98897,212,86.95790360727818,90.9859569867729,22,21,149,125,1,0,43,19,22,13,149,177,9,0,26,54
238,125,238,99934,175,87.48696660953065,87.62295780200606,7,4,406,434,3,0,59,87,7,3,406,510,4,0,44,148
239,125,239,101364,166,63.08084769867502,95.71721298400288,5,4,385,244,1,0,171,30,5,3,385,387,2,0,125,127
240,125,240,102982,149,30.061135828810492,93.35308255265176,26,4,262,287,22,0,67,92,26,3,262,411,23,0,44,193
241,125,241,105969,147,32.17405589029657,80.75306106211178,37,10,273,365,27,0,51,143,37,8,273,428,29,0,31,186
242,125,242,105252,137,94.82528449377176,96.7473440465082,0,0,209,232,0,0,54,77,0,0,209,318,0,0,41,150
243,125,243,107181,137,42.48916053271663,87.60564425652385,6,1,366,348,5,0,49,31,6,0,366,406,6,0,31,71
244,125,244,107457,130,40.3838827656722,91.9843408638616,11,2,292,180,9,0,162,50,11,0,292,269,11,0,131,108
245,125,245,107504,125,64.9030907366561,87.98335331451533,6,0,409,321,6,0,109,21,6,0,409,394,6,0,86,71
246,125,246,107822,123,29.58312143971889,90.78479832300827,38,0,217,263,38,0,92,138,38,0,217,356,38,0,81,220
247,125,247,107697,117,45.849723276522894,91.64225793051932,37,0,130,260,37,0,22,152,37,0,130,318,37,0,16,204
248,125,248,107809,123,16.6192668671595,72.96236787018977,92,4,158,238,88,0,46,126,92,2,158,328,90,0,31,201
249,125,249,107647,125,28.612389650701214,82.61300967943785,55,7,139,246,48,0,19,126,55,2,139,316,53,0,13,190
250,125,250,107347,109,7.365633322972764,49.32201518422211,102,25,78,108,77,0,39,69,102,13,78,240,89,0,19,181
251,125,251,107151,111,25.19615998090786,38.97479933460157,55,45,115,74,11,1,54,13,55,24,115,140,31,0,29,54
252,125,252,107355,110,3.9023171655154747,28.779526771031854,110,66,69,68,44,0,31,30,110,38,69,150,72,0,21,102
253,125,253,107105,110,2.908459215665793,13.756862946233708,110,100,45,48,10,0,17,20,110,83,45,128,27,0,4,87
254,125,254,107727,108,4.182203242423399,14.964992363960086,106,92,100,44,14,0,62,6,106,82,100,103,24,0,32,35
580,137,325,91630,5,34.25,0.8077742646596131,0,0,375,526,0,0,39,190,0,0,375,860,0,0,16,501
582,137,327,94755,5,35.43650793650793,12.137524409329684,0,0,130,178,0,0,52,100,0,0,130,418,0,0,37,325
584,137,329,97393,6,24.75727513227513,41.78872053872054,0,0,189,330,0,0,7,148,0,0,189,681,0,0,5,497
585,137,330,98454,5,0.24037474369057676,0.22381532055314673,4,4,465,366,0,0,153,54,4,4,465,739,0,0,37,311
586,137,331,98485,6,100.0,100.0,0,0,614,550,0,0,300,236,0,0,614,849,0,0,194,429
587,137,332,96636,5,30.11258091753448,2.4531047100921293,0,0,587,317,0,0,333,63,0,0,587,624,0,0,177,214
589,137,334,95789,6,0.4380368130183446,1.2322370771370132,4,2,548,245,2,0,400,97,4,2,548,363,2,0,374,189
591,137,336,100047,7,1.417113683320844,4.9299429483869455,0,0,587,228,0,0,398,39,0,0,587,371,0,0,310,94
592,137,337,100401,7,99.99999999999997,83.83777239709443,0,0,197,183,0,0,95,81,0,0,197,318,0,0,39,160
593,137,338,99649,8,7.637812709934782,8.396447976253468,2,0,398,229,2,0,220,51,2,0,398,370,2,0,144,116
594,137,339,99607,7,74.78260869565216,24.08282507331788,0,1,294,76,0,1,238,20,0,1,294,189,0,1,186,81
595,137,340,99976,8,85.2281746031746,17.182106600761244,0,0,206,74,0,0,141,9,0,0,206,122,0,0,114,30
596,137,341,99692,9,97.97979797979797,97.979797979798,0,0,152,56,0,0,118,22,0,0,152,137,0,0,87,72
597,137,342,99326,12,71.71614199663159,84.07134256472006,2,2,254,93,0,0,210,49,2,0,254,195,2,0,177,118
598,137,343,98768,8,1.9141275368829338,7.822165985045375,3,0,209,229,3,0,119,139,3,0,209,357,3,0,88,236
599,137,344,97730,12,61.520061752259906,59.906536388734544,0,0,161,278,0,0,29,146,0,0,161,506,0,0,19,364
600,137,345,97232,10,62.106060606060595,96.51515151515152,0,0,147,125,0,0,67,45,0,0,147,216,0,0,38,107
601,137,346,97267,15,86.21092796092795,96.33716475095784,0,0,187,152,0,0,64,29,0,0,187,244,0,0,46,103
602,137,347,95994,13,94.30860805860803,94.30860805860803,0,0,170,129,0,0,69,28,0,0,170,242,0,0,35,107
603,137,348,95618,17,58.783062238527194,38.4244136956303,0,0,163,158,0,0,40,35,0,0,163,350,0,0,11,198
604,137,349,94737,20,97.95833333333334,97.38299595141702,0,0,139,123,0,0,88,72,0,0,139,242,0,0,80,183
605,137,350,93981,21,97.78911564625851,98.13633786848077,0,0,83,73,0,0,35,25,0,0,83,154,0,0,23,94
606,137,351,93956,26,82.3537729108051,84.68987733584935,0,0,163,168,0,0,40,45,0,0,163,248,0,0,24,109
607,137,352,93936,27,75.0132565853542,82.50792036723806,0,0,191,207,0,0,113,129,0,0,191,356,0,0,90,255
608,137,353,93763,32,77.8926698811515,81.4062462727412,0,0,246,288,0,0,34,76,0,0,246,427,0,0,13,194
609,137,354,93458,40,77.84059162971154,77.38586615611834,0,0,111,270,0,0,10,169,0,0,111,449,0,0,3,341
610,137,355,92814,51,58.769375294150805,74.42175486086543,0,0,166,169,0,0,44,47,0,0,166,308,0,0,30,172
611,137,356,92687,62,86.42856102619024,92.0005671011882,0,0,207,139,0,0,83,15,0,0,207,210,0,0,46,49
612,137,357,92844,25,61.433156044209035,87.899055298201,0,0,180,132,0,0,92,44,0,0,180,247,0,0,74,141
639,137,384,100983,30,81.92856230914907,81.07438824881062,0,0,294,274,0,0,64,44,0,0,294,483,0,0,34,223
640,137,385,101940,36,48.196233094968264,85.41396117705061,0,0,335,367,0,0,117,149,0,0,335,569,0,0,76,310
641,137,386,103014,30,9.574581931322,79.83851448240111,4,4,348,176,0,0,231,59,4,3,348,329,1,0,189,170
642,137,387,104340,29,14.511128248502846,11.77997703769842,1,6,462,176,0,5,334,48,1,6,462,281,0,5,286,105
643,137,388,105714,23,83.30883574275798,88.63442163470641,2,2,318,290,0,0,61,33,2,2,318,512,0,0,22,216
644,137,389,106632,21,9.77146374806052,29.995904967995337,1,1,547,620,0,0,85,158,1,1,547,888,0,0,51,392
645,137,390,107722,16,0.8730026045987809,0.7408051546709837,6,6,830,835,0,0,78,83,6,6,830,1044,0,0,33,247
646,137,391,109046,16,6.45485920724171,85.05362893949851,0,0,825,594,0,0,301,70,0,0,825,814,0,0,173,162
647,137,392,110251,9,1.0303825870334236,5.752062490170289,1,0,800,544,1,0,294,38,1,0,800,689,1,0,219,108
648,137,393,111227,12,86.70070871157827,26.248106414742793,0,0,206,229,0,0,45,68,0,0,206,390,0,0,19,203
649,137,394,112191,10,8.405570795589194,73.66308310355154,0,0,196,237,0,0,43,84,0,0,196,329,0,0,20,153
650,137,395,113077,10,4.12170375030224,5.6246362524579245,5,3,230,152,2,0,138,60,5,3,230,259,2,0,80,109
651,137,396,113824,9,5.832405988945279,30.07724841229731,0,0,204,71,0,0,155,22,0,0,204,175,0,0,134,105
652,137,397,114364,6,3.593339546033299,100.0,0,0,428,174,0,0,336,82,0,0,428,354,0,0,257,183
653,137,398,114123,6,23.75,94.84126984126983,0,0,290,204,0,0,197,111,0,0,290,370,0,0,180,260
654,137,399,113676,5,0.3735461656681836,1.1463634258413802,3,2,666,372,1,0,443,149,3,0,666,614,3,0,360,308
655,137,400,113519,6,100.0,100.0,0,0,233,207,0,0,76,50,0,0,233,426,0,0,35,228
1141,138,326,74717,5,60.93837535014006,64.55128205128204,0,0,2846,158,0,0,2696,8,0,0,2846,272,0,0,2619,45
1144,138,329,68830,8,76.71341816078659,86.07954545454545,0,0,310,73,0,0,260,23,0,0,310,171,0,0,215,76
1147,138,332,61696,5,96.66666666666666,81.0,0,0,408,680,0,0,39,311,0,0,408,875,0,0,18,485
1148,138,333,61320,7,99.99999999999997,71.89703153988867,0,0,818,864,0,0,30,76,0,0,818,966,0,0,15,163
1150,138,335,65037,7,100.0,99.99999999999997,0,0,154,204,0,0,62,112,0,0,154,313,0,0,44,203
1151,138,336,67203,7,99.99999999999997,99.99999999999997,0,0,1137,1032,0,0,157,52,0,0,1137,1223,0,0,60,146
1152,138,337,69626,7,91.23376623376622,41.27798149590824,0,0,594,614,0,0,386,406,0,0,594,728,0,0,350,484
1153,138,338,70867,10,85.52669552669552,71.6078921078921,0,0,341,305,0,0,164,128,0,0,341,481,0,0,149,289
1154,138,339,72589,12,100.0,64.76424449042783,0,0,513,3095,0,0,53,2635,0,0,513,3623,0,0,40,3150
1155,138,340,73378,9,90.85858585858585,91.72278338945006,0,0,92,1763,0,0,54,1725,0,0,92,2438,0,0,31,2377
1156,138,341,73651,8,100.0,100.0,0,0,1735,1240,0,0,932,437,0,0,1735,1658,0,0,695,618
1157,138,342,75984,8,91.59722222222221,91.59722222222221,0,0,1160,1643,0,0,425,908,0,0,1160,2143,0,0,200,1183
1158,138,343,79690,12,96.46464646464646,96.46464646464646,0,0,1680,2788,0,0,96,1204,0,0,1680,3179,0,0,84,1583
1159,138,344,83236,11,63.83598125549837,100.0,0,0,1626,1899,0,0,582,855,0,0,1626,2502,0,0,341,1217
1160,138,345,86432,10,78.29390217625512,86.229379418696,0,0,1973,930,0,0,1449,406,0,0,1973,1376,0,0,1332,735
1161,138,346,89860,14,99.99999999999997,100.0,0,0,381,623,0,0,32,274,0,0,381,820,0,0,16,455
1162,138,347,92658,11,100.0,53.13636805114078,0,0,175,313,0,0,55,193,0,0,175,440,0,0,44,309
1163,138,348,94444,14,98.12030075187968,98.12030075187968,0,0,90,125,0,0,39,74,0,0,90,276,0,0,27,213
1164,138,349,95364,14,95.99307555189908,100.0,0,0,82,213,0,0,8,139,0,0,82,552,0,0,2,472
1165,138,350,96772,17,98.6631016042781,98.66310160427807,0,0,147,260,0,0,46,159,0,0,147,392,0,0,37,282
1166,138,351,98696,13,99.99999999999997,99.99999999999997,0,0,340,801,0,0,48,509,0,0,340,1193,0,0,29,882
1167,138,352,97432,16,95.81962719298247,99.24172794117648,0,0,894,835,0,0,533,474,0,0,894,1294,0,0,334,734
1168,138,353,96983,20,91.98227651784657,91.9443977299678,0,0,273,610,0,0,33,370,0,0,273,735,0,0,19,481
1169,138,354,96406,20,97.04924242424242,96.71773182957392,0,0,583,169,0,0,487,73,0,0,583,339,0,0,436,192
1170,138,355,96767,19,92.91979949874687,95.85738539898132,0,0,519,166,0,0,402,49,0,0,519,278,0,0,356,115
1171,138,356,100526,20,99.76190476190479,99.76190476190477,0,0,631,218,0,0,487,74,0,0,631,347,0,0,441,157
1172,138,357,101851,25,98.11693301448855,98.1147609175796,0,0,204,316,0,0,40,152,0,0,204,472,0,0,22,290
1173,138,358,101745,26,97.82622852350893,97.94117105224456,0,0,103,351,0,0,20,268,0,0,103,447,0,0,8,352
1174,138,359,102363,26,95.25494012716203,94.84843720978957,0,0,148,117,0,0,55,24,0,0,148,229,0,0,31,112
1175,138,360,102784,31,97.13756664677362,97.2402094489071,0,0,103,98,0,0,42,37,0,0,103,196,0,0,21,114
1176,138,361,102908,36,99.85380116959065,99.85380116959067,0,0,161,89,0,0,93,21,0,0,161,165,0,0,78,82
1177,138,362,102571,39,99.87492182614135,99.93589743589745,0,0,113,60,0,0,73,20,0,0,113,152,0,0,43,82
1178,138,363,101430,45,99.31066335176689,99.13664317774673,0,0,190,333,0,0,51,194,0,0,190,629,0,0,41,480
1179,138,364,101449,46,99.81385213190505,99.81385213190507,0,0,160,135,0,0,53,28,0,0,160,220,0,0,38,98
1180,138,365,100423,50,99.25817252758839,99.25796896419263,0,0,158,138,0,0,60,40,0,0,158,244,0,0,47,133
1181,138,366,100002,60,99.25109433650985,99.30905948668489,0,0,146,145,0,0,64,63,0,0,146,309,0,0,57,220
1182,138,367,99112,65,98.85277602965319,98.62219754144725,0,0,140,107,0,0,43,10,0,0,140,166,0,0,29,55
1183,138,368,98719,74,99.55207540823977,99.54821332222828,0,0,106,133,0,0,29,56,0,0,106,225,0,0,26,145
1184,138,369,98624,92,99.5434178286117,99.55581130095038,0,0,227,214,0,0,66,53,0,0,227,328,0,0,54,155
1185,138,370,98703,105,97.36388140845727,97.42058729218297,0,0,227,199,0,0,64,36,0,0,227,289,0,0,54,116
1186,138,371,98156,120,99.17040214304242,99.16661962835279,0,0,316,158,0,0,181,23,0,0,316,268,0,0,153,105
1187,138,372,97107,141,99.75591520877455,99.7519228378547,0,0,160,170,0,0,35,45,0,0,160,282,0,0,17,139
1188,138,373,96768,77,100.0,100.0,0,0,78,53,0,0,52,27,0,0,78,149,0,0,41,112
1205,138,390,103523,40,100.0,100.0,0,0,145,127,0,0,68,50,0,0,145,257,0,0,31,143
1206,138,391,104331,98,99.76283030218892,99.74437330698773,0,0,233,237,0,0,36,40,0,0,233,364,0,0,16,147
1207,138,392,104897,83,97.60561190337607,97.65994717808425,0,0,172,138,0,0,58,24,0,0,172,276,0,0,9,113
1208,138,393,105375,75,99.7911892029539,99.83936507936508,0,0,300,377,0,0,50,127,0,0,300,560,0,0,25,285
1209,138,394,106033,61,99.8349994934331,99.83503064544009,0,0,207,238,0,0,61,92,0,0,207,359,0,0,48,200
1210,138,395,107009,51,99.92384585810193,99.92384585810193,0,0,380,275,0,0,140,35,0,0,380,436,0,0,53,109
1211,138,396,108075,42,100.0,100.0,0,0,176,293,0,0,34,151,0,0,176,514,0,0,14,352
1212,138,397,109117,39,99.190220583251,99.190220583251,0,0,768,653,0,0,186,71,0,0,768,836,0,0,97,165
1213,138,398,110326,33,100.0,100.0,0,0,825,744,0,0,179,98,0,0,825,942,0,0,98,215
1214,138,399,111421,32,99.90530303030303,99.90530303030303,0,0,468,408,0,0,137,77,0,0,468,531,0,0,74,137
1215,138,400,112633,25,100.0,100.0,0,0,161,163,0,0,91,93,0,0,161,259,0,0,66,164
1216,138,401,113582,29,97.8393207577396,99.34302002224693,0,0,186,162,0,0,89,65,0,0,186,247,0,0,62,123
1217,138,402,114457,19,99.99999999999997,99.99999999999997,0,0,190,117,0,0,97,24,0,0,190,206,0,0,84,100
1218,138,403,115144,21,99.31869717584003,99.31869717584004,0,0,201,229,0,0,69,97,0,0,201,412,0,0,40,251
1219,138,404,115485,20,95.43888107936095,95.9559265339064,0,0,273,150,0,0,146,23,0,0,273,292,0,0,110,129
1220,138,405,115578,17,100.0,100.0,0,0,171,126,0,0,83,38,0,0,171,258,0,0,30,117
1221,138,406,115347,16,100.0,100.0,0,0,354,172,0,0,213,31,0,0,354,327,0,0,130,103
1222,138,407,114972,13,98.85883347421809,98.85883347421809,0,0,428,207,0,0,289,68,0,0,428,361,0,0,176,109
1223,138,408,115311,14,97.05586080586079,99.99999999999997,0,0,384,161,0,0,291,68,0,0,384,281,0,0,231,128
1224,138,409,116147,13,99.99999999999997,100.0,0,0,337,258,0,0,164,85,0,0,337,411,0,0,60,134
1225,138,410,116469,11,100.0,100.0,0,0,199,196,0,0,94,91,0,0,199,360,0,0,41,202
1226,138,411,116526,10,99.09090909090908,98.33333333333333,0,0,211,188,0,0,103,80,0,0,211,342,0,0,37,168
1227,138,412,116294,11,100.0,99.24242424242425,0,0,171,141,0,0,86,56,0,0,171,233,0,0,71,133
1228,138,413,115823,11,99.24242424242425,100.0,0,0,174,152,0,0,59,37,0,0,174,278,0,0,44,148
1229,138,414,115372,10,92.83119658119656,96.51515151515152,0,0,247,225,0,0,79,57,0,0,247,390,0,0,29,172
1230,138,415,114878,7,99.99999999999997,100.0,0,0,311,251,0,0,110,50,0,0,311,415,0,0,44,148
1231,138,416,114420,7,71.21212121212122,93.67346938775509,0,0,635,531,0,0,128,24,0,0,635,769,0,0,31,165
1233,138,418,113679,5,3.3617952748857904,34.070512820512825,0,0,427,475,0,0,52,100,0,0,427,779,0,0,7,359
1234,138,419,113473,10,99.99999999999999,100.0,0,0,350,204,0,0,211,65,0,0,350,450,0,0,109,209
1235,138,420,113329,8,98.61111111111111,98.61111111111111,0,0,407,282,0,0,153,28,0,0,407,545,0,0,26,164
1238,138,423,113050,7,66.6529304029304,93.6734693877551,0,0,373,311,0,0,95,33,0,0,373,454,0,0,44,125
1239,138,424,113019,8,66.12959956709956,9.264804107724343,0,0,245,415,0,0,84,254,0,0,245,573,0,0,50,378
1240,138,425,112855,5,28.939393939393938,85.99999999999999,0,0,374,532,0,0,199,357,0,0,374,725,0,0,147,498
1242,138,427,112194,7,0.8490526145399648,23.11137225059963,0,0,1397,994,0,0,489,86,0,0,1397,1559,0,0,309,471
1243,138,428,111727,8,100.0,100.0,0,0,963,381,0,0,651,69,0,0,963,679,0,0,521,237
1245,138,430,111306,5,0.7310168135444104,100.0,0,0,1200,325,0,0,906,31,0,0,1200,715,0,0,629,144
1246,138,431,110953,6,7.612751128741549,97.61904761904762,0,0,1333,321,0,0,1078,66,0,0,1333,560,0,0,991,218
1248,138,433,110006,5,0.3974619679775972,100.0,0,0,1439,174,0,0,1284,19,0,0,1439,516,0,0,1019,96
1252,138,437,108204,5,100.0,100.0,0,0,672,789,0,0,478,595,0,0,672,1002,0,0,443,773
1258,138,443,104252,5,0.6120958508377408,0.26991521756017706,0,4,808,933,0,4,219,344,0,1,808,1309,0,1,104,605
1628,139,297,86456,6,28.07905602023249,64.38492063492063,0,0,585,508,0,0,104,27,0,0,585,608,0,0,68,91
1635,139,304,82757,5,0.3925791689713056,2.5373357363391755,0,0,1271,1024,0,0,298,51,0,0,1271,1158,0,0,222,109
1637,139,306,83015,5,0.6637970885691281,0.4800173846755038,5,4,327,601,1,0,73,347,5,0,327,791,5,0,33,497
1638,139,307,83662,6,0.57511510660111,0.5203482866879796,0,0,1401,938,0,0,480,17,0,0,1401,1266,0,0,258,123
1640,139,309,85325,5,0.8666315993331049,53.73293373293373,0,0,645,103,0,0,559,17,0,0,645,234,0,0,480,69
1642,139,311,87239,5,56.359447004608285,2.922944812132251,0,1,197,198,0,1,47,48,0,1,197,408,0,1,16,227
1643,139,312,85496,6,91.07142857142857,75.79365079365078,0,0,103,93,0,0,38,28,0,0,103,141,0,0,31,69
1644,139,313,84886,6,100.0,100.0,0,0,520,170,0,0,367,17,0,0,520,245,0,0,340,65
1645,139,314,86199,6,100.0,100.0,0,0,1262,865,0,0,435,38,0,0,1262,1055,0,0,291,84
1646,139,315,89038,7,99.99999999999997,99.99999999999997,0,0,906,334,0,0,625,53,0,0,906,542,0,0,484,120
1647,139,316,86716,8,77.13789682539684,93.47718253968253,0,0,284,164,0,0,166,46,0,0,284,275,0,0,122,113
1648,139,317,84248,6,100.0,100.0,0,0,139,163,0,0,62,86,0,0,139,249,0,0,20,130
1649,139,318,82199,6,100.0,100.0,0,0,353,294,0,0,166,107,0,0,353,436,0,0,80,163
1650,139,319,80698,12,100.0,100.0,0,0,583,726,0,0,188,331,0,0,583,976,0,0,174,567
1651,139,320,81217,11,100.0,100.0,0,0,601,1063,0,0,66,528,0,0,601,1251,0,0,40,690
1652,139,321,83283,7,96.82539682539682,86.90476190476188,0,0,587,764,0,0,127,304,0,0,587,927,0,0,77,417
1653,139,322,85293,11,83.39327339327338,98.4159779614325,0,0,279,373,0,0,120,214,0,0,279,561,0,0,99,381
1654,139,323,87421,12,100.0,99.99999999999999,0,0,338,230,0,0,126,18,0,0,338,434,0,0,69,165
1655,139,324,88501,12,94.62343212343212,1.5607847734657085,0,0,717,826,0,0,382,491,0,0,717,1023,0,0,336,642
1656,139,325,90002,8,97.04861111111111,100.0,0,0,793,500,0,0,486,193,0,0,793,799,0,0,306,312
1657,139,326,89739,12,88.87009980759983,13.921329660660545,0,0,2341,3784,0,0,166,1609,0,0,2341,4214,0,0,125,1998
1658,139,327,90925,10,0.34281312226020383,0.23823475818811596,9,9,1129,2019,0,0,206,1096,9,2,1129,2552,7,0,72,1495
1659,139,328,94408,10,98.09090909090908,100.0,0,0,1023,1895,0,0,124,996,0,0,1023,2358,0,0,62,1397
1660,139,329,97027,12,23.522628182030196,8.147120003547604,0,0,1419,2150,0,0,115,846,0,0,1419,2714,0,0,81,1376
1661,139,330,97921,10,7.161684340999389,62.72597772597772,0,0,2176,2642,0,0,132,598,0,0,2176,2961,0,0,100,885
1662,139,331,99523,12,2.410495339079043,100.0,0,0,3103,3073,0,0,347,317,0,0,3103,3316,0,0,276,489
1663,139,332,101421,10,6.708197567171199,100.0,0,0,1708,1641,0,0,951,884,0,0,1708,2136,0,0,690,1118
1664,139,333,103330,12,100.0,100.0,0,0,1997,1309,0,0,1075,387,0,0,1997,1848,0,0,814,665
1665,139,334,105252,15,23.805561666189533,97.76315789473684,0,0,531,667,0,0,53,189,0,0,531,1198,0,0,33,700
1666,139,335,106365,15,100.0,38.50460158067738,0,0,428,450,0,0,47,69,0,0,428,825,0,0,12,409
1667,139,336,106873,15,91.70687830687831,85.8338730531535,0,0,224,240,0,0,37,53,0,0,224,451,0,0,23,250
1668,139,337,107329,20,57.216576257880604,82.21807707016418,0,0,191,241,0,0,48,98,0,0,191,436,0,0,30,275
1669,139,338,107514,20,98.5692640692641,96.1525072150072,0,0,318,416,0,0,79,177,0,0,318,605,0,0,62,349
1670,139,339,107803,20,100.00000000000003,100.0,0,0,375,669,0,0,31,325,0,0,375,1034,0,0,20,679
1671,139,340,107389,20,81.34603543651997,76.89926026161187,0,0,445,633,0,0,42,230,0,0,445,893,0,0,12,460
1672,139,341,104181,18,100.0,100.0,0,0,286,423,0,0,120,257,0,0,286,703,0,0,79,496
1673,139,342,104046,23,71.42514511390475,79.92342089042248,0,0,641,392,0,0,381,132,0,0,641,592,0,0,311,262
1674,139,343,107548,26,100.0,100.0,0,0,653,414,0,0,325,86,0,0,653,585,0,0,273,205
1675,139,344,108072,28,95.93395691609976,86.83315248232161,0,0,457,443,0,0,101,87,0,0,457,658,0,0,81,282
1676,139,345,107914,24,91.6414419555982,99.99999999999999,0,0,696,680,0,0,58,42,0,0,696,788,0,0,33,125
1677,139,346,107256,33,87.51510021054176,82.0745116355447,0,0,291,285,0,0,47,41,0,0,291,437,0,0,27,173
1678,139,347,106775,35,95.31906642673087,93.24542676977923,0,0,363,451,0,0,15,103,0,0,363,532,0,0,5,174
1679,139,348,106150,38,99.54233409610984,99.22804521973497,0,0,450,362,0,0,186,98,0,0,450,481,0,0,163,194
1680,139,349,105064,36,88.80630725774579,96.45319576091555,0,0,224,274,0,0,14,64,0,0,224,385,0,0,3,164
1681,139,350,104283,43,99.94714587737845,100.0,0,0,361,293,0,0,148,80,0,0,361,409,0,0,123,171
1682,139,351,103233,48,100.00000000000003,100.0,0,0,326,319,0,0,52,45,0,0,326,458,0,0,22,154
1683,139,352,103137,48,100.0,100.00000000000003,0,0,482,415,0,0,116,49,0,0,482,588,0,0,76,182
1684,139,353,102469,57,85.99168887815183,91.83606098856781,0,0,431,434,0,0,114,117,0,0,431,626,0,0,79,274
1685,139,354,102415,58,98.06956790584785,99.71942064761552,0,0,466,389,0,0,163,86,0,0,466,515,0,0,135,184
1686,139,355,101811,70,68.78706503229932,71.93775925840636,0,0,449,403,0,0,118,72,0,0,449,536,0,0,103,190
1687,139,356,101705,82,99.69713868370883,99.94013537349433,0,0,143,355,0,0,37,249,0,0,143,498,0,0,10,365
1688,139,357,101739,107,99.64389292288311,99.47340130119579,0,0,347,341,0,0,84,78,0,0,347,438,0,0,63,154
1689,139,358,101941,114,99.62821209878312,98.81475145145542,0,0,538,900,0,0,60,422,0,0,538,1063,0,0,22,547
1690,139,359,102142,136,98.2678111501761,98.41551057008891,0,0,685,222,0,0,492,29,0,0,685,424,0,0,350,89
1691,139,360,102063,162,98.91252712115183,99.37383043954118,0,0,583,511,0,0,92,20,0,0,583,689,0,0,52,158
1692,139,361,101989,94,98.59045216572923,88.8799586334222,0,0,554,606,0,0,13,65,0,0,554,712,0,0,6,164
1709,139,378,109338,43,100.0,99.99999999999999,0,0,258,202,0,0,76,20,0,0,258,382,0,0,27,151
1710,139,379,109347,113,98.80976201309082,98.81162849663689,0,0,360,224,0,0,175,39,0,0,360,403,0,0,132,175
1711,139,380,109520,123,95.59290677456296,95.61895516086506,5,5,189,204,0,0,69,84,5,1,189,365,4,0,36,212
1712,139,381,110492,99,99.59498922288469,99.87690499626291,0,0,194,151,0,0,66,23,0,0,194,269,0,0,33,108
1713,139,382,110199,81,98.73196878777124,48.96513813374271,0,0,285,248,0,0,80,43,0,0,285,462,0,0,29,206
1714,139,383,110625,76,86.45890796604094,95.00704583504607,0,0,225,277,0,0,38,90,0,0,225,463,0,0,20,258
1715,139,384,111171,66,76.13145511493767,98.06134334311302,0,0,295,243,0,0,81,29,0,0,295,358,0,0,44,107
1716,139,385,111512,51,99.96229260935145,100.0,0,0,585,386,0,0,266,67,0,0,585,640,0,0,117,172
1717,139,386,112302,49,71.45972602639516,99.8315957299116,0,0,881,744,0,0,171,34,0,0,881,931,0,0,70,120
1718,139,387,112984,39,94.05751965908394,100.0,0,0,672,544,0,0,234,106,0,0,672,749,0,0,124,201
1719,139,388,113936,42,100.0,100.0,0,0,797,605,0,0,285,93,0,0,797,848,0,0,148,199
1720,139,389,114708,38,92.10253034555474,95.30292825113608,0,0,244,150,0,0,132,38,0,0,244,272,0,0,89,117
1721,139,390,115276,36,96.98222234680568,100.0,0,0,212,202,0,0,75,65,0,0,212,318,0,0,32,138
1722,139,391,115503,24,99.09830447330448,99.99999999999997,0,0,236,187,0,0,125,76,0,0,236,323,0,0,65,152
1723,139,392,115830,26,99.44037444037444,99.44037444037444,0,0,300,91,0,0,243,34,0,0,300,223,0,0,214,137
1724,139,393,115854,24,20.643927627966807,99.99999999999999,0,0,282,283,0,0,142,143,0,0,282,564,0,0,81,363
1725,139,394,115946,24,93.82070955338939,99.65972222222223,0,0,699,182,0,0,582,65,0,0,699,341,0,0,511,153
1726,139,395,115914,20,96.7748046587056,99.76190476190479,0,0,471,135,0,0,385,49,0,0,471,269,0,0,316,114
1727,139,396,115935,17,100.0,100.0,0,0,386,277,0,0,177,68,0,0,386,412,0,0,122,148
1728,139,397,115713,19,74.79421815272136,83.25577355988052,0,0,368,425,0,0,67,124,0,0,368,615,0,0,35,282
1729,139,398,116158,14,99.99999999999999,100.0,0,0,432,207,0,0,316,91,0,0,432,393,0,0,237,198
1730,139,399,116234,15,100.0,100.0,0,0,264,282,0,0,171,189,0,0,264,497,0,0,136,369
1731,139,400,115957,15,100.0,100.0,0,0,558,419,0,0,242,103,0,0,558,634,0,0,121,197
1732,139,401,115450,12,99.99999999999999,100.0,0,0,274,294,0,0,55,75,0,0,274,428,0,0,23,177
1733,139,402,114681,10,92.46503496503497,99.09090909090908,0,0,571,403,0,0,241,73,0,0,571,514,0,0,195,138
1734,139,403,114279,10,16.095611815379257,99.99999999999999,0,0,316,301,0,0,98,83,0,0,316,464,0,0,73,221
1735,139,404,114028,9,100.00000000000003,100.00000000000003,0,0,545,482,0,0,178,115,0,0,545,663,0,0,139,257
1736,139,405,113798,7,99.99999999999997,99.99999999999997,0,0,397,378,0,0,199,180,0,0,397,579,0,0,149,331
1737,139,406,113641,7,30.77971239562103,99.99999999999997,0,0,829,421,0,0,493,85,0,0,829,667,0,0,380,218
1738,139,407,113504,8,93.18181818181819,92.8409090909091,0,0,645,471,0,0,255,81,0,0,645,703,0,0,167,225
1739,139,408,113365,9,100.00000000000003,100.00000000000003,0,0,446,402,0,0,124,80,0,0,446,699,0,0,50,303
1740,139,409,113309,7,100.0,100.0,0,0,526,283,0,0,263,20,0,0,526,438,0,0,174,86
1741,139,410,112920,6,84.0686274509804,83.9506172839506,0,0,271,312,0,0,124,165,0,0,271,481,0,0,53,263
1742,139,411,112093,6,100.0,91.07142857142857,0,0,640,396,0,0,302,58,0,0,640,568,0,0,186,114
1743,139,412,111295,7,100.0,100.0,0,0,213,227,0,0,103,117,0,0,213,456,0,0,57,300
1744,139,413,110608,8,3.1838802912498,4.739710471965732,0,0,477,494,0,0,232,249,0,0,477,692,0,0,154,369
1745,139,414,109596,6,100.0,100.0,0,0,435,423,0,0,227,215,0,0,435,622,0,0,129,316
1749,139,418,103916,6,91.07142857142857,100.0,0,0,1649,405,0,0,1268,24,0,0,1649,642,0,0,1162,155
1750,139,419,103054,6,100.0,100.0,0,0,1089,428,0,0,763,102,0,0,1089,722,0,0,689,322
1755,139,424,97853,6,100.0,87.34126984126985,0,0,584,395,0,0,429,240,0,0,584,697,0,0,379,492
1756,139,425,97792,6,100.0,100.0,0,0,600,593,0,0,226,219,0,0,600,808,0,0,166,374
1757,139,426,96284,5,50.006038647343,0.684682969786058,0,0,1262,865,0,0,773,376,0,0,1262,1195,0,0,644,577
1760,139,429,97014,6,0.48708586456337216,97.6190476190476,0,0,1379,1078,0,0,1143,842,0,0,1379,1336,0,0,1088,1045
2136,140,263,77321,5,71.0,48.820512820512825,0,0,179,189,0,0,49,59,0,0,179,400,0,0,22,243
2137,140,264,77972,5,1.1310501073218528,0.90739052812662,0,0,514,388,0,0,249,123,0,0,514,519,0,0,200,205
2139,140,266,79835,6,100.0,0.5445325929741257,0,0,1304,2757,0,0,114,1567,0,0,1304,3508,0,0,9,2213
2141,140,268,83055,6,97.61904761904762,76.23015873015872,0,0,423,996,0,0,18,591,0,0,423,1425,0,0,13,1015
2143,140,270,86173,7,99.99999999999997,5.400628073965617,0,0,2684,3189,0,0,102,607,0,0,2684,3401,0,0,69,786
2144,140,271,88435,6,0.5337413573683382,0.4405884113933724,0,0,2369,2365,0,0,919,915,0,0,2369,3090,0,0,598,1319
2145,140,272,90606,6,7.127205305570161,0.6173808635993754,0,0,593,1022,0,0,93,522,0,0,593,1639,0,0,83,1129
2146,140,273,92908,8,76.2202380952381,3.897274073611736,0,0,407,616,0,0,43,252,0,0,407,906,0,0,35,534
2147,140,274,95022,7,99.99999999999997,54.66461662113835,0,0,152,310,0,0,76,234,0,0,152,512,0,0,50,410
2148,140,275,96035,8,100.0,100.0,0,0,149,216,0,0,72,139,0,0,149,440,0,0,62,353
2149,140,276,97183,8,100.0,100.0,0,0,128,78,0,0,68,18,0,0,128,184,0,0,58,114
2150,140,277,99051,8,100.0,100.0,0,0,82,156,0,0,42,116,0,0,82,438,0,0,16,372
2151,140,278,100795,10,95.72979797979798,96.97979797979798,0,0,309,659,0,0,18,368,0,0,309,1037,0,0,12,740
2152,140,279,101960,8,100.0,100.0,0,0,148,248,0,0,29,129,0,0,148,427,0,0,15,294
2153,140,280,99565,11,100.0,100.0,0,0,207,175,0,0,74,42,0,0,207,439,0,0,2,234
2154,140,281,98271,10,100.0,99.99999999999999,0,0,353,325,0,0,194,166,0,0,353,524,0,0,143,314
2155,140,282,99600,10,99.99999999999999,99.99999999999999,0,0,367,213,0,0,205,51,0,0,367,465,0,0,138,236
2156,140,283,100221,9,100.0,100.00000000000003,0,0,152,163,0,0,29,40,0,0,152,334,0,0,12,194
2157,140,284,101647,13,69.50611795661206,66.69085698767974,0,0,420,191,0,0,248,19,0,0,420,314,0,0,188,82
2158,140,285,104795,12,72.73100186993376,100.0,0,0,330,153,0,0,195,18,0,0,330,254,0,0,137,61
2159,140,286,106800,12,94.38131313131314,96.04797979797979,0,0,178,233,0,0,19,74,0,0,178,325,0,0,3,150
2160,140,287,107156,12,82.89744977244978,87.79532967032966,0,0,257,315,0,0,64,122,0,0,257,433,0,0,26,202
2161,140,288,106811,17,98.56737793156478,98.56737793156478,0,0,89,120,0,0,23,54,0,0,89,197,0,0,8,116
2162,140,289,106296,14,99.10714285714285,99.10714285714285,0,0,158,158,0,0,71,71,0,0,158,289,0,0,39,170
2163,140,290,105641,18,100.0,100.0,0,0,167,113,0,0,79,25,0,0,167,225,0,0,26,84
2164,140,291,104919,19,99.99999999999997,99.99999999999997,0,0,127,132,0,0,45,50,0,0,127,196,0,0,34,103
2165,140,292,104355,21,100.00000000000003,100.00000000000003,0,0,246,167,0,0,143,64,0,0,246,313,0,0,92,159
2166,140,293,103712,21,100.0,100.0,0,0,188,260,0,0,76,148,0,0,188,432,0,0,54,298
2167,140,294,103125,24,98.81189613526568,99.40476190476191,0,0,104,130,0,0,51,77,0,0,104,333,0,0,32,261
2168,140,295,103079,27,92.91930333531067,98.76985707332182,0,0,192,122,0,0,106,36,0,0,192,189,0,0,97,94
2169,140,296,103063,29,96.71322973938908,99.09215339206996,0,0,126,118,0,0,43,35,0,0,126,222,0,0,18,114
2170,140,297,102672,30,99.29570994105661,99.29570994105661,0,0,144,186,0,0,64,106,0,0,144,384,0,0,37,277
2171,140,298,102380,34,100.0,100.0,0,0,90,256,0,0,37,203,0,0,90,492,0,0,22,424
2172,140,299,101797,40,99.99999999999999,100.0,0,0,149,147,0,0,28,26,0,0,149,214,0,0,8,73
2173,140,300,101678,45,99.85605463619649,99.85605463619649,0,0,159,160,0,0,54,55,0,0,159,292,0,0,22,155
2174,140,301,101666,48,79.7375578742668,80.995078131712,0,0,111,110,0,0,34,33,0,0,111,202,0,0,17,108
2175,140,302,101482,54,98.89322485430769,99.38415648906692,0,0,181,179,0,0,70,68,0,0,181,332,0,0,49,200
2176,140,303,101321,64,99.73020186335404,99.73020186335404,0,0,232,182,0,0,69,19,0,0,232,302,0,0,32,102
2177,140,304,100726,69,98.6455365346851,98.68065182314758,0,0,277,293,0,0,38,54,0,0,277,420,0,0,8,151
2178,140,305,100207,81,99.12306002361429,99.42593767503729,0,0,100,141,0,0,12,53,0,0,100,274,0,0,4,178
2179,140,306,99616,23,99.62980466288595,100.0,0,0,112,288,0,0,68,244,0,0,112,444,0,0,58,390
2200,140,327,108653,8,100.0,30.370874436731217,0,0,159,175,0,0,63,79,0,0,159,271,0,0,31,143
2201,140,328,109036,63,99.73885450075927,99.90523572613125,0,0,131,139,0,0,20,28,0,0,131,241,0,0,12,122
2202,140,329,109806,60,99.89583333333334,99.9726775956284,0,0,312,353,0,0,70,111,0,0,312,556,0,0,25,269
2203,140,330,110531,53,99.382080705982,99.39652359862654,0,0,319,339,0,0,63,83,0,0,319,469,0,0,36,186
2204,140,331,110867,44,94.51338772377699,94.42425520779315,0,0,321,300,0,0,59,38,0,0,321,414,0,0,25,118
2205,140,332,111111,39,96.32054870134851,94.84046466175586,0,0,474,402,0,0,145,73,0,0,474,605,0,0,129,260
2206,140,333,111824,34,82.12008239781413,95.06527846030023,0,0,557,558,0,0,76,77,0,0,557,747,0,0,37,227
2207,140,334,112511,31,100.0,99.99999999999999,0,0,491,492,0,0,78,79,0,0,491,708,0,0,43,260
2208,140,335,113214,27,97.65165939848082,99.07407407407408,0,0,709,546,0,0,206,43,0,0,709,757,0,0,127,175
2209,140,336,114269,26,93.99589607922941,98.94709363035156,0,0,791,473,0,0,396,78,0,0,791,697,0,0,258,164
2210,140,337,115334,18,100.00000000000003,100.0,0,0,644,448,0,0,239,43,0,0,644,670,0,0,103,129
2211,140,338,116439,17,82.59368641521843,99.03478419231469,0,0,470,300,0,0,215,45,0,0,470,471,0,0,118,119
2212,140,339,117148,16,98.8250612745098,98.84803921568628,0,0,156,110,0,0,76,30,0,0,156,197,0,0,58,99
2213,140,340,117763,14,99.5238095238095,99.52380952380952,0,0,194,199,0,0,54,59,0,0,194,308,0,0,20,134
2214,140,341,118269,12,17.817611433470056,18.027061500759057,0,0,364,198,0,0,195,29,0,0,364,334,0,0,161,131
2215,140,342,118583,13,100.0,99.99999999999997,0,0,214,131,0,0,108,25,0,0,214,226,0,0,48,60
2216,140,343,118546,12,100.0,100.0,0,0,302,289,0,0,100,87,0,0,302,504,0,0,29,231
2217,140,344,118319,8,100.0,100.0,0,0,314,214,0,0,215,115,0,0,314,341,0,0,166,193
2218,140,345,118096,9,100.00000000000003,100.00000000000003,0,0,465,473,0,0,133,141,0,0,465,744,0,0,69,348
2219,140,346,118219,8,100.0,100.0,0,0,242,237,0,0,91,86,0,0,242,387,0,0,58,203
2220,140,347,118506,6,97.6190476190476,97.6190476190476,0,0,626,153,0,0,564,91,0,0,626,282,0,0,522,178
2221,140,348,119278,6,45.640331890331886,13.673132796794743,0,0,497,383,0,0,203,89,0,0,497,589,0,0,92,184
2222,140,349,119858,8,5.163407461689832,98.61111111111111,0,0,358,328,0,0,110,80,0,0,358,493,0,0,44,179
2223,140,350,120431,9,2.17954248513322,30.434704184704188,0,0,363,316,0,0,108,61,0,0,363,489,0,0,55,181
2224,140,351,120820,7,99.99999999999997,99.99999999999997,0,0,375,141,0,0,265,31,0,0,375,275,0,0,195,95
2225,140,352,121090,6,100.0,100.0,0,0,311,118,0,0,251,58,0,0,311,228,0,0,215,132
2226,140,353,121141,7,100.0,99.99999999999997,0,0,361,291,0,0,157,87,0,0,361,524,0,0,71,234
2229,140,356,121351,5,100.0,100.0,0,0,663,475,0,0,257,69,0,0,663,695,0,0,186,218
2230,140,357,121366,8,2.433194542271107,18.223536272022393,0,0,551,371,0,0,260,80,0,0,551,715,0,0,124,288
2231,140,358,121383,6,100.0,100.0,0,0,419,278,0,0,183,42,0,0,419,613,0,0,53,247
2232,140,359,121463,5,4.166965804907086,6.2255703710277395,0,0,743,480,0,0,292,29,0,0,743,744,0,0,130,131
2236,140,363,121328,5,92.66666666666666,5.107398432563043,0,0,246,489,0,0,63,306,0,0,246,686,0,0,49,489
2248,140,375,118811,5,69.61904761904762,39.663336663336665,0,0,403,687,0,0,259,543,0,0,403,1071,0,0,118,786
2254,140,381,114443,5,1.7875943162093129,0.29443979936579895,0,0,926,1397,0,0,413,884,0,0,926,1803,0,0,374,1251
2615,141,261,99714,5,3.681434047339907,1.0409699482084276,0,2,152,257,0,2,45,150,0,0,152,416,0,0,28,292
2618,141,264,100505,5,2.568269818388859,4.300000000000001,0,3,207,158,0,3,146,97,0,0,207,305,0,0,124,222
2619,141,265,97189,6,34.9025974025974,3.873480708496637,1,3,267,75,0,2,232,40,1,3,267,204,0,2,182,119
2620,141,266,95813,6,83.62403100775194,46.505222739343345,0,3,365,155,0,3,238,28,0,2,365,352,0,2,127,114
2621,141,267,92585,6,83.56752537080406,40.83857788464823,1,3,246,201,0,2,145,100,1,2,246,361,1,2,76,191
2622,141,268,89406,5,3.7392035429056523,1.4890343444060279,0,1,371,294,0,1,140,63,0,1,371,479,0,1,89,197
2623,141,269,88058,5,29.29627783316716,61.25870097450914,1,2,176,69,0,1,139,32,1,1,176,143,1,1,111,78
2625,141,271,92556,7,75.45918367346938,50.78841793127506,0,0,69,51,0,0,30,12,0,0,69,136,0,0,10,77
2626,141,272,96267,8,100.0,90.09740259740259,0,0,79,162,0,0,28,111,0,0,79,283,0,0,7,211
2627,141,273,97917,6,100.0,93.33333333333333,0,0,65,210,0,0,20,165,0,0,65,388,0,0,3,326
2628,141,274,92243,9,100.0,100.0,0,0,84,93,0,0,27,36,0,0,84,209,0,0,20,145
2629,141,275,89018,8,89.42307692307692,65.94941491729101,0,0,155,337,0,0,16,198,0,0,155,465,0,0,4,314
2630,141,276,85102,8,2.5018140596893588,1.8690976564665087,5,2,87,283,3,0,15,211,5,0,87,415,5,0,7,335
2631,141,277,83138,9,89.70189701897021,9.822148121295035,0,0,357,368,0,0,88,99,0,0,357,563,0,0,40,246
2632,141,278,87547,7,79.72789115646258,61.52823198244815,0,0,173,355,0,0,26,208,0,0,173,560,0,0,7,394
2633,141,279,92334,8,2.4430820875823756,24.58981392690022,0,3,308,322,0,3,59,73,0,3,308,490,0,3,32,214
2634,141,280,97573,9,100.0,71.78751803751804,0,0,216,224,0,0,52,60,0,0,216,377,0,0,14,175
2635,141,281,99531,8,84.54941116231439,58.402949669967,0,0,250,433,0,0,16,199,0,0,250,554,0,0,12,316
2636,141,282,98853,12,6.0296682556058805,3.0759374366306913,0,5,417,439,0,5,55,77,0,2,417,554,0,2,48,185
2637,141,283,98651,9,97.65432098765432,78.57549857549859,0,0,81,93,0,0,15,27,0,0,81,174,0,0,4,97
2638,141,284,98044,11,100.0,98.6013986013986,0,0,362,278,0,0,116,32,0,0,362,400,0,0,52,90
2639,141,285,97697,10,99.99999999999999,99.99999999999999,0,0,323,439,0,0,37,153,0,0,323,513,0,0,18,208
2640,141,286,96749,10,22.11054280620278,88.83333333333334,0,0,340,308,0,0,47,15,0,0,340,414,0,0,6,80
2641,141,287,95067,10,90.47058823529412,89.44927536231884,0,0,449,307,0,0,144,2,0,0,449,398,0,0,89,38
2642,141,288,91278,11,85.37050598040241,91.37420718816067,0,0,488,452,0,0,67,31,0,0,488,567,0,0,34,113
2643,141,289,87208,10,98.18181818181819,98.33333333333333,0,0,191,243,0,0,24,76,0,0,191,418,0,0,7,234
2644,141,290,82662,13,9.879772540980145,85.21141649048624,0,1,525,452,0,1,110,37,0,0,525,573,0,0,68,116
2645,141,291,77449,11,100.0,100.0,0,0,461,588,0,0,61,188,0,0,461,770,0,0,20,329
2646,141,292,73987,15,3.8318754510827793,52.4369186286856,0,0,487,478,0,0,117,108,0,0,487,573,0,0,61,147
2647,141,293,73620,16,87.90147373578483,88.6373629215808,0,0,601,517,0,0,120,36,0,0,601,649,0,0,38,86
2648,141,294,73895,14,73.14144506954963,83.43263851932525,0,0,718,556,0,0,193,31,0,0,718,695,0,0,104,81
2649,141,295,75018,13,97.01923076923076,91.85456899341891,0,0,705,397,0,0,323,15,0,0,705,523,0,0,233,51
2650,141,296,77402,15,26.211080276849557,76.69616824716834,0,0,678,412,0,0,290,24,0,0,678,595,0,0,167,84
2651,141,297,77805,16,1.9768453307391667,1.3921142445676593,0,0,1328,876,0,0,472,20,0,0,1328,1093,0,0,304,69
2652,141,298,77358,11,99.24242424242425,97.57575757575758,0,0,613,399,0,0,245,31,0,0,613,588,0,0,132,107
2653,141,299,78619,15,80.62618622061346,89.21061454884985,0,0,159,147,0,0,63,51,0,0,159,287,0,0,32,160
2654,141,300,78869,13,99.45054945054943,99.99999999999997,0,0,916,128,0,0,801,13,0,0,916,255,0,0,721,60
2655,141,301,80183,16,79.00229978354977,86.46698790471477,0,0,1129,138,0,0,1016,25,0,0,1129,290,0,0,913,74
2656,141,302,81784,17,99.32718185313341,100.0,0,0,1224,90,0,0,1144,10,0,0,1224,162,0,0,1086,24
2657,141,303,83398,17,88.66880850285513,87.09508810560531,0,0,201,91,0,0,125,15,0,0,201,218,0,0,67,84
2658,141,304,83014,17,92.61992188895303,89.81823082639241,0,0,271,126,0,0,173,28,0,0,271,226,0,0,142,97
2659,141,305,81847,17,96.21683967704729,93.59001474759079,0,0,268,173,0,0,108,13,0,0,268,348,0,0,24,104
2660,141,306,80908,19,93.45850133246256,94.59403246799367,0,0,146,112,0,0,53,19,0,0,146,178,0,0,27,59
2661,141,307,80637,21,92.42685724229958,100.00000000000003,0,0,609,666,0,0,317,374,0,0,609,1043,0,0,264,698
2662,141,308,80648,22,94.86442262739597,98.61556559382646,0,0,1537,1564,0,0,391,418,0,0,1537,1832,0,0,335,630
2663,141,309,82726,22,99.80237154150196,99.99999999999997,0,0,1315,317,0,0,1012,14,0,0,1315,666,0,0,708,59
2664,141,310,82135,22,99.30069930069929,98.63071710897799,0,0,544,431,0,0,363,250,0,0,544,674,0,0,323,453
2665,141,311,79581,21,95.15454186809687,97.99092970521544,0,0,120,117,0,0,46,43,0,0,120,212,0,0,13,105
2666,141,312,77239,22,91.69596062440749,92.97658740503427,0,0,65,185,0,0,24,144,0,0,65,290,0,0,10,235
2667,141,313,75514,27,98.54217387550719,100.0,0,0,141,425,0,0,27,311,0,0,141,678,0,0,7,544
2668,141,314,73917,27,97.82126728937637,98.61565796319944,0,0,114,528,0,0,21,435,0,0,114,801,0,0,11,698
2669,141,315,73588,28,96.10998376623375,100.0,0,0,111,954,0,0,42,885,0,0,111,1085,0,0,22,996
2670,141,316,75116,27,97.22827975046928,97.90239724051911,0,0,239,336,0,0,23,120,0,0,239,561,0,0,12,334
2671,141,317,76490,25,85.6833649237388,85.64371890354336,0,0,581,596,0,0,33,48,0,0,581,652,0,0,33,104
2672,141,318,77758,28,96.54979292856783,96.72407915518244,0,0,226,76,0,0,158,8,0,0,226,193,0,0,91,58
2673,141,319,78108,29,97.73730520565522,94.86715790595099,0,0,732,256,0,0,545,69,0,0,732,559,0,0,381,208
2674,141,320,77922,31,98.25303177307272,14.897848665120343,0,0,391,631,0,0,151,391,0,0,391,814,0,0,70,493
2675,141,321,77989,32,98.82148692810458,98.89880952380952,0,0,505,217,0,0,306,18,0,0,505,362,0,0,243,100
2676,141,322,77756,32,97.19952751741545,96.00263295548086,0,0,246,211,0,0,63,28,0,0,246,454,0,0,18,226
2677,141,323,78743,33,88.58361751213646,93.65515109592101,0,0,3174,3011,0,0,308,145,0,0,3174,3310,0,0,134,270
2678,141,324,78920,34,99.01720828191417,99.47231833910035,0,0,49,592,0,0,13,556,0,0,49,931,0,0,7,889
2679,141,325,78987,35,96.75492676259827,96.85318828943123,0,0,62,388,0,0,27,353,0,0,62,615,0,0,12,565
2680,141,326,80045,36,91.58364988017048,91.23457488088484,3,3,461,1136,0,0,41,716,3,2,461,1543,1,0,10,1092
2681,141,327,80678,38,97.2115902597895,96.73414624852224,0,0,494,1387,0,0,43,936,0,0,494,1714,0,0,18,1238
2682,141,328,81998,42,99.18679073347037,99.37947696483486,0,0,451,2109,0,0,42,1700,0,0,451,2414,0,0,35,1998
2683,141,329,83996,38,89.65793489892016,89.63545675269361,1,0,2433,2911,1,0,103,581,1,0,2433,3332,1,0,72,971
2684,141,330,85249,44,93.28434219823241,91.59739851686362,0,0,1626,2645,0,0,282,1301,0,0,1626,3235,0,0,60,1669
2685,141,331,87102,43,93.9409719455593,99.2575690754326,0,0,1592,2493,0,0,595,1496,0,0,1592,3056,0,0,478,1942
2686,141,332,88854,47,34.813486172245625,90.89340795908281,0,0,1047,1104,0,0,576,633,0,0,1047,1752,0,0,402,1107
2687,141,333,90913,47,97.42778706483338,99.01300791446492,0,0,219,329,0,0,88,198,0,0,219,608,0,0,71,460
2688,141,334,93216,49,97.0147608074707,90.68082318677197,0,0,297,714,0,0,34,451,0,0,297,1055,0,0,17,775
2689,141,335,95498,51,98.08139914471774,45.004635366904324,0,0,123,520,0,0,53,450,0,0,123,757,0,0,34,668
2690,141,336,96896,53,99.67183736830691,43.489787612329586,0,0,80,255,0,0,34,209,0,0,80,382,0,0,27,329
2691,141,337,98045,55,98.21770280613666,31.774466199651236,0,0,94,235,0,0,37,178,0,0,94,362,0,0,22,290
2692,141,338,99501,61,99.36615714847947,99.84623520318921,0,0,79,237,0,0,26,184,0,0,79,548,0,0,14,483
2693,141,339,100715,58,98.08147651533157,98.37058235519977,0,0,67,132,0,0,35,100,0,0,67,280,0,0,30,243
2694,141,340,101656,63,99.15924473770505,99.90155677655677,0,0,99,109,0,0,32,42,0,0,99,226,0,0,24,151
2695,141,341,102309,65,97.94792339917942,97.87467929457662,0,0,99,232,0,0,30,163,0,0,99,412,0,0,13,326
2696,141,342,102762,67,99.56071814774572,99.56145849363531,0,0,55,305,0,0,15,265,0,0,55,523,0,0,11,479
2697,141,343,103097,65,90.90044244560154,89.71890541500278,0,0,125,416,0,0,15,306,0,0,125,609,0,0,7,491
2698,141,344,103303,72,99.21373931388968,99.28893913879493,0,0,328,439,0,0,225,336,0,0,328,864,0,0,184,720
2699,141,345,103487,70,96.19189835292207,96.7942732238039,0,0,325,399,0,0,36,110,0,0,325,630,0,0,19,324
2700,141,346,103507,80,98.00210403829067,95.65776625845908,0,0,601,657,0,0,25,81,0,0,601,743,0,0,10,152
2701,141,347,103058,76,92.95172052166691,93.28234937956418,0,0,120,398,0,0,43,321,0,0,120,575,0,0,23,478
2702,141,348,103200,80,90.42183517857693,91.29905322291677,0,0,158,245,0,0,116,203,0,0,158,504,0,0,108,454
2703,141,349,104257,89,99.60057181746411,99.52547700078713,0,0,166,235,0,0,24,93,0,0,166,400,0,0,15,249
2704,141,350,105064,90,99.16881777152386,99.50477741637005,0,0,180,204,0,0,66,90,0,0,180,347,0,0,51,218
2705,141,351,105330,94,99.05348008616518,98.87024450548824,0,0,102,79,0,0,72,49,0,0,102,135,0,0,55,88
2706,141,352,105685,96,98.61509667520238,98.54498597277924,0,0,244,219,0,0,89,64,0,0,244,388,0,0,51,195
2707,141,353,106031,100,99.12534682195837,98.89620805724118,0,0,229,231,0,0,45,47,0,0,229,370,0,0,27,168
2708,141,354,106199,109,95.58146859859895,95.71007429680111,0,0,439,307,0,0,205,73,0,0,439,526,0,0,98,185
2709,141,355,106149,115,90.84555593371883,90.9959545765626,0,0,160,189,0,0,56,85,0,0,160,302,0,0,27,169
2710,141,356,105787,118,95.6341180067504,95.423077838688,0,0,110,105,0,0,38,33,0,0,110,201,0,0,22,113
2711,141,357,105045,124,99.28243104370421,99.52535023263135,0,0,176,162,0,0,67,53,0,0,176,271,0,0,36,131
2712,141,358,104773,132,98.23824494742811,98.21579282042792,0,0,157,152,0,0,58,53,0,0,157,262,0,0,39,144
2713,141,359,104429,139,98.84644315176672,98.75787973432453,0,0,277,143,0,0,172,38,0,0,277,233,0,0,149,105
2714,141,360,103838,145,99.62488992913035,99.61341318059786,0,0,97,113,0,0,32,48,0,0,97,204,0,0,26,133
2715,141,361,103492,154,99.0982942190931,99.30153971433226,0,0,154,117,0,0,61,24,0,0,154,219,0,0,47,112
2716,141,362,103131,164,99.94144426037663,99.84738478400826,0,0,195,159,0,0,81,45,0,0,195,278,0,0,43,126
2717,141,363,102585,165,99.29192661383132,99.46559386128493,0,0,173,134,0,0,75,36,0,0,173,213,0,0,53,93
2718,141,364,102590,178,98.3137262491232,98.68603060307444,0,0,244,136,0,0,144,36,0,0,244,226,0,0,121,103
2719,141,365,102373,186,95.00356766191635,96.21786908089072,0,0,303,271,0,0,119,87,0,0,303,501,0,0,68,266
2720,141,366,102371,197,96.89817508846699,96.75013467342232,0,0,155,169,0,0,44,58,0,0,155,319,0,0,16,180
2721,141,367,102323,201,96.19891676597678,96.84517546414942,0,0,267,264,0,0,120,117,0,0,267,573,0,0,58,364
2722,141,368,102243,216,91.74254202634845,91.5698983928698,0,0,581,595,0,0,60,74,0,0,581,824,0,0,22,265
2723,141,369,102197,220,96.2449691785788,96.07681000542307,0,0,716,704,0,0,73,61,0,0,716,860,0,0,53,197
2724,141,370,102049,239,73.7170604163918,79.271236098084,0,0,773,733,0,0,59,19,0,0,773,888,0,0,44,159
2725,141,371,101713,250,99.22052469988441,98.7984746781982,0,0,746,734,0,0,43,31,0,0,746,882,0,0,22,158
2726,141,372,101535,256,98.69917058069547,80.85668987644206,0,0,876,748,0,0,153,25,0,0,876,867,0,0,125,116
2727,141,373,101380,275,53.0512165520165,35.76532323936637,0,0,772,768,0,0,60,56,0,0,772,914,0,0,44,186
2728,141,374,101175,296,39.11434627435557,24.795170610146123,0,0,697,823,0,0,20,146,0,0,697,950,0,0,9,262
2729,141,375,101026,308,24.385731052808616,24.959363313271428,0,0,761,1020,0,0,87,346,0,0,761,1291,0,0,52,582
2730,141,376,100871,325,28.458236149444833,33.70594350202056,0,0,687,604,0,0,106,23,0,0,687,745,0,0,53,111
2731,141,377,100755,331,34.27740256063444,50.644863626290324,0,0,578,525,0,0,78,25,0,0,578,600,0,0,58,80
2732,141,378,100611,361,57.152066974179526,60.738651411547664,0,0,368,374,0,0,45,51,0,0,368,509,0,0,19,160
2733,141,379,100409,374,70.34716937993079,65.77822726458076,0,0,225,199,0,0,45,19,0,0,225,308,0,0,25,108
2734,141,380,100393,316,72.83170520433076,88.0987562592408,1,0,138,126,1,0,30,18,1,0,138,196,1,0,23,81
2735,141,381,100267,244,99.50556325948381,94.57693542896624,0,0,157,151,0,0,22,16,0,0,157,265,0,0,7,115
2736,141,382,100553,149,84.44171865638708,81.91254315338148,0,0,139,177,0,0,22,60,0,0,139,334,0,0,3,198
2737,141,383,100616,60,40.53472894635974,39.60804528035416,0,0,150,192,0,0,22,64,0,0,150,349,0,0,8,207
2738,141,384,100655,37,45.027734902009925,45.81271603619733,0,0,195,205,0,0,72,82,0,0,195,400,0,0,33,238
2739,141,385,100830,32,85.50233688541401,99.71852022058823,0,0,775,699,0,0,180,104,0,0,775,984,0,0,89,298
2740,141,386,100848,34,97.81760941053538,99.34129692546875,0,0,755,338,0,0,483,66,0,0,755,688,0,0,280,213
2741,141,387,100933,31,99.13159683599058,99.0163894627187,0,0,477,234,0,0,279,36,0,0,477,471,0,0,175,169
2742,141,388,100851,32,97.93991824881181,97.99277237143338,0,0,464,226,0,0,300,62,0,0,464,444,0,0,228,208
2743,141,389,100849,34,97.77747375173847,98.06464077950338,0,0,225,118,0,0,129,22,0,0,225,254,0,0,94,123
2744,141,390,100853,33,99.60127591706538,99.67239967239965,0,0,270,117,0,0,167,14,0,0,270,265,0,0,124,119
2745,141,391,100873,32,94.81872294372295,94.6951867979567,0,0,135,146,0,0,32,43,0,0,135,269,0,0,13,147
2746,141,392,100988,39,97.58417878460696,97.73867085103602,0,0,205,145,0,0,76,16,0,0,205,307,0,0,15,117
2747,141,393,100934,43,97.25843440780343,97.35725087272561,0,0,248,181,0,0,109,42,0,0,248,316,0,0,70,138
2748,141,394,101112,41,94.69084821458318,94.33040610790265,0,0,160,174,0,0,44,58,0,0,160,317,0,0,7,164
2749,141,395,100990,41,97.47191398458676,97.55563230101201,0,0,155,211,0,0,20,76,0,0,155,325,0,0,14,184
2750,141,396,100920,47,92.07077257233792,91.77297254787987,2,2,82,101,0,0,8,27,2,2,82,164,0,0,3,85
2751,141,397,100425,48,96.1257658440306,96.71483881342802,0,0,162,127,0,0,54,19,0,0,162,241,0,0,28,107
2752,141,398,100156,49,96.84974954503733,96.92727338701275,0,0,115,100,0,0,49,34,0,0,115,231,0,0,28,144
2753,141,399,99283,40,94.04080891331634,99.0666790337843,0,0,371,105,0,0,291,25,0,0,371,255,0,0,251,135
2754,141,400,98461,34,91.60026748167796,99.13195068904412,0,0,354,154,0,0,238,38,0,0,354,255,0,0,206,107
2755,141,401,97711,28,89.00835172447982,100.00000000000003,0,0,296,171,0,0,244,119,0,0,296,302,0,0,224,230
2756,141,402,97099,22,99.00950498776584,99.00950498776585,0,0,85,126,0,0,29,70,0,0,85,260,0,0,22,197
2757,141,403,96429,17,100.0,100.0,0,0,75,94,0,0,22,41,0,0,75,210,0,0,6,141
2758,141,404,95720,11,80.16751934933754,100.0,0,0,213,200,0,0,121,108,0,0,213,376,0,0,73,236
2759,141,405,95013,5,100.0,59.14285714285714,0,0,51,65,0,0,23,37,0,0,51,147,0,0,13,109
2809,141,455,102296,36,100.0,100.0,0,0,115,170,0,0,59,114,0,0,115,257,0,0,48,190
2810,141,456,102665,98,100.0,100.0,0,0,57,153,0,0,15,111,0,0,57,271,0,0,11,225
2811,141,457,103005,179,100.0,100.0,0,0,71,195,0,0,48,172,0,0,71,358,0,0,38,325
2812,141,458,103349,240,100.0,100.0,0,0,101,233,0,0,40,172,0,0,101,406,0,0,30,335
2813,141,459,103474,310,99.99999999999999,99.99377653629654,0,0,272,366,0,0,171,265,0,0,272,540,0,0,151,419
2814,141,460,103613,380,100.0,100.0,0,0,157,241,0,0,49,133,0,0,157,370,0,0,33,246
2815,141,461,103985,406,100.0,100.0,0,0,138,266,0,0,48,176,0,0,138,371,0,0,41,274
2816,141,462,104477,378,99.37274152841111,99.2967790589638,0,0,274,251,0,0,65,42,0,0,274,402,0,0,38,166
2817,141,463,104718,345,98.47792215691385,96.87900925219705,0,0,305,396,0,0,65,156,0,0,305,512,0,0,54,261
2818,141,464,105090,309,99.87283112436437,99.91498429911701,0,0,215,168,0,0,73,26,0,0,215,254,0,0,54,93
2819,141,465,105647,273,99.92222882682363,99.94795569702637,0,0,338,297,0,0,90,49,0,0,338,468,0,0,44,174
2820,141,466,106205,266,99.70518991276865,99.67774914002918,0,0,228,199,0,0,63,34,0,0,228,306,0,0,32,110
2821,141,467,106100,284,96.39659670863847,97.58563164022743,0,0,279,164,0,0,136,21,0,0,279,260,0,0,94,75
2822,141,468,105542,259,98.39066207895533,98.69925239261003,0,0,417,289,0,0,150,22,0,0,417,462,0,0,91,136
2823,141,469,106077,233,97.41899658564569,97.35210694497134,0,0,250,158,0,0,110,18,0,0,250,271,0,0,72,93
2824,141,470,107086,204,96.9508693886558,96.33833923817232,0,0,229,215,0,0,62,48,0,0,229,375,0,0,33,179
2825,141,471,108404,191,98.69632388780303,98.53769467719707,0,0,293,296,0,0,43,46,0,0,293,450,0,0,6,163
2826,141,472,109697,174,98.95260001240227,98.83471148968688,0,0,244,267,0,0,88,111,0,0,244,439,0,0,59,254
2827,141,473,109963,162,99.48184624962406,99.19048427713844,0,0,224,248,0,0,63,87,0,0,224,391,0,0,42,209
2828,141,474,110366,149,94.97386084245288,95.90141528789724,0,0,240,221,0,0,123,104,0,0,240,368,0,0,105,233
2829,141,475,111052,130,98.39868373564325,98.25163334886571,0,0,342,295,0,0,133,86,0,0,342,479,0,0,74,211
2830,141,476,111825,122,99.71602402033727,99.67870311503326,0,0,259,273,0,0,123,137,0,0,259,461,0,0,101,303
2831,141,477,112576,114,98.63534366148825,98.6054526651507,0,0,693,493,0,0,277,77,0,0,693,692,0,0,169,168
2832,141,478,113388,101,90.20996455695602,96.90460386606644,0,0,1036,945,0,0,163,72,0,0,1036,1170,0,0,48,182
2833,141,479,114107,91,99.27666348210838,99.29617518572785,0,0,817,723,0,0,195,101,0,0,817,945,0,0,100,228
2834,141,480,114899,90,87.56068246965928,96.59238979531214,0,0,938,661,0,0,325,48,0,0,938,892,0,0,179,133
2835,141,481,115490,79,95.4090201351488,96.89159412402365,0,0,238,383,0,0,42,187,0,0,238,560,0,0,19,341
2836,141,482,115984,79,97.49234249308203,97.40435149497573,0,0,111,161,0,0,57,107,0,0,111,278,0,0,37,204
2837,141,483,116201,74,99.92908844260195,99.8773571141992,0,0,153,139,0,0,79,65,0,0,153,263,0,0,54,164
2838,141,484,116472,70,99.57862450144913,99.63609381163559,0,0,160,150,0,0,94,84,0,0,160,247,0,0,79,166
2839,141,485,116836,64,98.31153380654402,97.89277669183576,0,0,158,107,0,0,85,34,0,0,158,188,0,0,70,100
2840,141,486,117085,53,96.47563005398132,96.66510555570831,0,0,161,125,0,0,80,44,0,0,161,257,0,0,46,142
2841,141,487,116848,53,97.72628269251413,97.24985798335722,0,0,250,148,0,0,162,60,0,0,250,372,0,0,118,240
2842,141,488,116398,58,97.741481023604,97.0344480651768,0,0,360,153,0,0,239,32,0,0,360,314,0,0,157,111
2843,141,489,116142,53,100.0,100.0,0,0,198,204,0,0,62,68,0,0,198,320,0,0,39,161
2844,141,490,115901,45,84.67361064516842,85.13904483839865,0,0,256,151,0,0,160,55,0,0,256,282,0,0,108,134
2845,141,491,116077,42,95.84938413691275,96.29445073973851,0,0,174,173,0,0,72,71,0,0,174,299,0,0,33,158
2846,141,492,116407,45,98.82420042327081,98.56091474008855,0,0,302,160,0,0,193,51,0,0,302,319,0,0,110,127
2847,141,493,116797,42,96.76777850223698,95.95944551396043,0,0,461,263,0,0,221,23,0,0,461,498,0,0,68,105
2848,141,494,117329,41,99.34573753362972,99.19301363382732,0,0,375,258,0,0,177,60,0,0,375,468,0,0,57,150
2849,141,495,117701,40,95.13684277325252,93.4684083949772,0,0,182,129,0,0,88,35,0,0,182,299,0,0,47,164
2850,141,496,117952,36,97.33830089946586,96.79993670737235,0,0,286,218,0,0,99,31,0,0,286,395,0,0,32,141
2851,141,497,118094,38,98.80043298645283,96.95473708876438,0,1,256,252,0,1,54,50,0,0,256,405,0,0,38,187
2852,141,498,118256,35,100.0,99.8390022675737,0,0,126,155,0,0,63,92,0,0,126,270,0,0,42,186
2853,141,499,118347,31,97.15932575159327,97.58186304388177,0,0,134,114,0,0,61,41,0,0,134,199,0,0,27,92
2854,141,500,118337,30,99.99999999999999,99.99999999999999,0,0,233,191,0,0,99,57,0,0,233,358,0,0,39,164
2855,141,501,118212,31,100.0,99.99999999999999,0,0,273,254,0,0,105,86,0,0,273,410,0,0,38,175
2856,141,502,118034,28,90.64486207715638,76.4030209154367,0,0,360,380,0,0,144,164,0,0,360,591,0,0,96,327
2857,141,503,117825,27,93.64999062876846,93.55148267161827,0,0,267,234,0,0,103,70,0,0,267,413,0,0,55,201
2858,141,504,117560,29,90.02702235774468,90.06524941680254,0,0,542,539,0,0,167,164,0,0,542,777,0,0,89,324
2859,141,505,117437,28,83.69229734092171,99.99999999999999,0,0,469,312,0,0,235,78,0,0,469,495,0,0,198,224
2860,141,506,117415,26,90.4893563526079,70.76822900216838,0,0,360,418,0,0,47,105,0,0,360,641,0,0,19,300
2861,141,507,117306,26,92.042552070873,92.20326579110157,0,0,399,280,0,0,182,63,0,0,399,475,0,0,108,184
2862,141,508,117176,20,95.33365590359297,87.6883929019769,0,0,368,289,0,0,156,77,0,0,368,508,0,0,107,247
2863,141,509,117179,27,96.05607084848423,95.93740195257416,0,0,531,450,0,0,203,122,0,0,531,668,0,0,67,204
2864,141,510,117176,25,100.0,36.524794901496534,0,0,466,232,0,0,313,79,0,0,466,410,0,0,179,123
2865,141,511,117124,25,94.5702724143896,65.28895523177732,0,0,494,235,0,0,282,23,0,0,494,465,0,0,137,108
2866,141,512,117089,27,97.52864015159098,98.30935745945885,0,0,522,387,0,0,218,83,0,0,522,609,0,0,114,201
2867,141,513,117102,22,87.09334744472304,91.51952401492134,0,0,540,346,0,0,272,78,0,0,540,509,0,0,199,168
2868,141,514,117021,23,100.0,66.28576376002331,0,0,654,377,0,0,374,97,0,0,654,553,0,0,265,164
2869,141,515,117043,26,97.65225008986127,68.21013838747957,0,0,582,691,0,0,89,198,0,0,582,900,0,0,47,365
2870,141,516,116946,18,88.97476768656736,87.08887819998932,0,0,573,489,0,0,310,226,0,0,573,677,0,0,208,312
2871,141,517,116895,19,100.0,83.37755278220251,0,0,756,722,0,0,195,161,0,0,756,921,0,0,98,263
2872,141,518,116845,19,97.33825670896607,97.23371728554118,0,0,283,354,0,0,123,194,0,0,283,477,0,0,87,281
2873,141,519,116698,19,97.59761245218309,96.884814571193,0,0,209,329,0,0,86,206,0,0,209,429,0,0,63,283
2874,141,520,116670,20,84.1832327888678,90.62200305143854,0,0,248,161,0,0,130,43,0,0,248,240,0,0,94,86
2875,141,521,116571,20,73.7486489042714,61.66472472715847,0,0,284,365,0,0,115,196,0,0,284,538,0,0,59,313
2876,141,522,116580,20,98.09385783298828,97.95027276738308,0,0,320,356,0,0,123,159,0,0,320,476,0,0,89,245
2877,141,523,116521,20,92.33477679764769,88.56476856476857,0,0,247,201,0,0,126,80,0,0,247,348,0,0,75,176
2878,141,524,116497,20,92.3594395612651,89.41465375648004,0,0,233,200,0,0,133,100,0,0,233,335,0,0,86,188
2879,141,525,116439,20,95.4464285714286,92.31473968897905,0,0,264,269,0,0,150,155,0,0,264,435,0,0,88,259
2880,141,526,116464,20,95.28704937432559,95.09180602006691,0,0,257,175,0,0,140,58,0,0,257,328,0,0,75,146
2881,141,527,116541,19,95.67500415032488,95.19539956610892,0,0,282,191,0,0,130,39,0,0,282,317,0,0,76,111
2882,141,528,116526,24,100.0,99.99999999999999,0,0,265,270,0,0,105,110,0,0,265,412,0,0,48,195
2883,141,529,116541,21,100.00000000000003,100.00000000000003,0,0,336,228,0,0,218,110,0,0,336,391,0,0,149,204
2884,141,530,116510,22,100.0,100.0,0,0,240,184,0,0,137,81,0,0,240,310,0,0,104,174
2885,141,531,116509,20,100.00000000000003,100.0,0,0,329,179,0,0,210,60,0,0,329,336,0,0,149,156
2886,141,532,116481,21,97.58297258297259,96.58025372311087,0,0,309,217,0,0,152,60,0,0,309,390,0,0,57,138
2887,141,533,116579,20,98.29710144927537,99.06926406926408,0,0,453,250,0,0,268,65,0,0,453,437,0,0,155,139
2888,141,534,116559,20,100.0,100.00000000000003,0,0,375,194,0,0,238,57,0,0,375,408,0,0,122,155
2889,141,535,116584,21,98.85749171463458,100.00000000000003,0,0,415,334,0,0,150,69,0,0,415,513,0,0,69,167
2890,141,536,116587,20,95.1388888888889,96.77884615384617,0,0,281,166,0,0,175,60,0,0,281,341,0,0,94,154
2891,141,537,116581,19,98.90350877192982,99.49874686716788,0,0,358,168,0,0,232,42,0,0,358,313,0,0,157,112
2892,141,538,116545,19,98.3082706766917,99.73684210526315,0,0,268,177,0,0,147,56,0,0,268,333,0,0,91,156
2893,141,539,116592,19,98.73684210526315,98.90350877192982,0,0,256,173,0,0,121,38,0,0,256,313,0,0,68,125
2894,141,540,116606,19,98.07017543859648,97.86184210526312,0,0,306,181,0,0,182,57,0,0,306,330,0,0,120,144
2895,141,541,116592,20,99.76190476190474,100.00000000000003,0,0,341,274,0,0,197,130,0,0,341,487,0,0,143,289
2896,141,542,116572,19,99.73684210526315,100.0,0,0,373,291,0,0,154,72,0,0,373,455,0,0,85,167
2897,141,543,116595,20,99.76190476190479,100.0,0,0,318,195,0,0,180,57,0,0,318,369,0,0,110,161
2898,141,544,116599,19,100.0,99.99999999999997,0,0,293,197,0,0,160,64,0,0,293,358,0,0,96,161
2899,141,545,116623,20,100.00000000000003,94.73749219047207,0,0,279,281,0,0,143,145,0,0,279,446,0,0,85,252
2900,141,546,116624,20,95.14724310776943,96.37566137566137,0,0,299,285,0,0,100,86,0,0,299,471,0,0,49,221
2901,141,547,116615,20,99.00000000000003,97.77777777777779,0,0,230,251,0,0,118,139,0,0,230,468,0,0,69,307
2902,141,548,116639,19,99.99999999999997,98.90350877192982,0,0,197,146,0,0,108,57,0,0,197,296,0,0,75,174
2903,141,549,116592,19,97.96264855687602,97.30094466936569,0,0,233,201,0,0,126,94,0,0,233,350,0,0,92,209
2904,141,550,116632,19,99.99999999999997,99.73684210526312,0,0,236,178,0,0,130,72,0,0,236,292,0,0,83,139
2905,141,551,116625,20,100.0,63.189169569829815,0,0,327,190,0,0,211,74,0,0,327,345,0,0,158,176
2906,141,552,116633,20,96.58730158730158,96.8867924528302,0,0,272,174,0,0,147,49,0,0,272,338,0,0,75,141
2907,141,553,116617,19,98.21052631578947,99.99999999999997,0,0,169,189,0,0,67,87,0,0,169,348,0,0,24,203
2908,141,554,116636,20,100.00000000000003,100.00000000000003,0,0,248,190,0,0,136,78,0,0,248,331,0,0,74,157
2909,141,555,116630,20,98.44827586206897,97.22222222222224,0,0,266,189,0,0,156,79,0,0,266,339,0,0,95,168
2910,141,556,116613,20,96.51098901098901,96.56945917285262,0,0,256,147,0,0,157,48,0,0,256,310,0,0,88,142
2911,141,557,116573,20,99.76190476190479,99.54545454545456,0,0,312,216,0,0,167,71,0,0,312,359,0,0,120,167
2912,141,558,116543,17,98.66310160427808,96.6501106493822,0,0,216,232,0,0,111,127,0,0,216,397,0,0,65,246
2913,141,559,116568,19,87.77142956204739,89.77139819245082,0,0,195,257,0,0,89,151,0,0,195,449,0,0,56,310
2914,141,560,116495,17,96.2915601023018,96.2915601023018,0,0,222,253,0,0,102,133,0,0,222,434,0,0,72,284
2915,141,561,116526,17,98.28431372549021,97.94943378420888,0,0,138,184,0,0,80,126,0,0,138,338,0,0,42,242
2916,141,562,116462,18,91.96651674162918,93.35978835978837,0,0,184,202,0,0,104,122,0,0,184,343,0,0,72,231
2917,141,563,116489,17,98.6631016042781,98.66310160427807,0,0,234,214,0,0,118,98,0,0,234,362,0,0,80,208
2918,141,564,116421,19,87.47044025271595,86.4133396088086,0,0,221,194,0,0,140,113,0,0,221,406,0,0,83,268
2919,141,565,116361,19,100.0,99.99999999999997,0,0,209,234,0,0,102,127,0,0,209,419,0,0,57,267
2920,141,566,116337,22,84.80229700729913,83.67298720735164,0,0,433,440,0,0,144,151,0,0,433,722,0,0,77,366
2921,141,567,116240,19,91.77775340207282,42.784333107776995,0,0,428,402,0,0,112,86,0,0,428,656,0,0,47,275
2922,141,568,116082,17,79.47768651146907,14.021729871284073,0,0,325,375,0,0,127,177,0,0,325,696,0,0,75,446
2923,141,569,116060,16,86.00351807607376,28.193416360709517,0,0,692,452,0,0,403,163,0,0,692,934,0,0,214,456
2924,141,570,115930,15,92.50413475413475,87.08768083768084,0,0,427,423,0,0,112,108,0,0,427,699,0,0,27,299
2925,141,571,115855,19,99.45983379501384,85.43679078519702,0,0,544,481,0,0,208,145,0,0,544,759,0,0,69,284
2926,141,572,115706,18,93.87426900584795,80.0950242209244,0,0,582,473,0,0,270,161,0,0,582,867,0,0,102,387
2927,141,573,115693,15,100.0,100.0,0,0,406,372,0,0,207,173,0,0,406,692,0,0,59,345
2928,141,574,115562,15,99.58333333333333,100.0,0,0,437,490,0,0,200,253,0,0,437,975,0,0,40,578
2929,141,575,115402,16,98.62253289473684,92.22803101503759,0,0,538,562,0,0,116,140,0,0,538,1028,0,0,28,518
2930,141,576,115314,15,99.58333333333333,80.3132430549446,0,2,916,913,0,2,272,269,0,0,916,1399,0,0,170,653
2931,141,577,115212,18,100.0,100.00000000000003,0,0,1296,415,0,0,1106,225,0,0,1296,839,0,0,900,443
2932,141,578,115054,15,98.59649122807016,91.65656565656565,0,0,1272,439,0,0,947,114,0,0,1272,676,0,0,819,223
2933,141,579,114928,16,89.80741738481676,88.76689540679479,0,0,969,395,0,0,662,88,0,0,969,735,0,0,480,246
2934,141,580,114902,14,89.31401308529792,78.61668396172028,0,0,565,253,0,0,383,71,0,0,565,481,0,0,285,201
2935,141,581,114723,16,8.5499915806718,76.53671977510221,0,3,798,312,0,3,579,93,0,3,798,594,0,3,459,255
2936,141,582,114769,14,85.20173021361654,55.68579158150323,0,0,723,389,0,0,417,83,0,0,723,651,0,0,349,277
2937,141,583,114586,15,96.57894736842105,94.62878787878788,0,0,740,330,0,0,485,75,0,0,740,655,0,0,326,241
2938,141,584,114496,14,99.99999999999997,99.52380952380952,0,0,1180,267,0,0,1025,112,0,0,1180,600,0,0,906,326
2939,141,585,114443,14,100.0,93.17460317460318,0,0,502,511,0,0,356,365,0,0,502,774,0,0,258,530
2940,141,586,114323,14,92.94160231660233,93.5924369747899,0,0,1279,496,0,0,940,157,0,0,1279,758,0,0,801,280
2941,141,587,114250,14,92.94124714646162,93.6835891381346,0,0,1539,497,0,0,1359,317,0,0,1539,775,0,0,1259,495
2942,141,588,114099,15,93.38388945062353,93.89513108614231,1,0,1358,290,1,0,1221,153,1,0,1358,592,1,0,1164,398
2943,141,589,113956,15,86.74543107653199,86.96861339059744,2,2,1558,340,0,0,1336,118,2,1,1558,626,1,0,1253,321
2944,141,590,113906,13,5.145905536866477,74.94951629567012,0,0,701,457,0,0,457,213,0,0,701,688,0,0,403,390
2945,141,591,113763,15,78.26147896132144,74.18009449067966,0,0,433,780,0,0,173,520,0,0,433,1017,0,0,110,694
2946,141,592,113675,14,0.2502661801117974,93.17260027039205,14,0,488,828,14,0,267,607,14,0,488,1037,14,0,230,779
2947,141,593,113392,11,96.06060606060606,94.03409090909092,0,0,252,701,0,0,68,517,0,0,252,978,0,0,22,748
2948,141,594,113113,8,97.04861111111111,97.22222222222221,0,0,194,252,0,0,91,149,0,0,194,483,0,0,60,349
2949,141,595,112828,11,90.95423763595322,90.96933187294634,1,1,572,812,0,0,144,384,1,1,572,1111,0,0,78,617
2950,141,596,112324,13,92.66230223677032,92.56878891343644,0,0,586,736,0,0,115,265,0,0,586,1077,0,0,34,525
2951,141,597,111918,12,91.87370600414079,91.81772406847935,0,0,571,664,0,0,163,256,0,0,571,1043,0,0,96,568
2952,141,598,111496,12,100.0,86.13971113971117,0,0,591,845,0,0,162,416,0,0,591,1156,0,0,53,618
2953,141,599,111193,11,67.79288892925257,96.53679653679654,0,0,291,788,0,0,149,646,0,0,291,1109,0,0,63,881
2954,141,600,110666,10,99.99999999999999,100.0,0,0,557,926,0,0,255,624,0,0,557,1245,0,0,127,815
2955,141,601,110398,12,26.771087747293628,8.067428663149146,1,1,811,888,0,0,341,418,1,0,811,1199,1,0,216,604
2956,141,602,110026,10,95.08333333333333,94.26315789473685,0,0,687,927,0,0,164,404,0,0,687,1250,0,0,132,695
2957,141,603,109678,11,100.0,100.0,0,0,621,454,0,0,290,123,0,0,621,714,0,0,203,296
2958,141,604,109295,13,98.55769230769229,95.24886877828054,0,0,784,870,0,0,345,431,0,0,784,1323,0,0,153,692
2959,141,605,108793,12,83.49280124807173,83.56154322161635,2,2,706,547,0,0,308,149,2,0,706,875,2,0,197,366
2960,141,606,108063,10,90.2469135802469,53.60186204366172,0,1,807,858,0,1,289,340,0,0,807,1351,0,0,141,685
2961,141,607,107202,9,92.33716475095785,7.339901165815056,0,0,909,1425,0,0,258,774,0,0,909,2126,0,0,166,1383
2962,141,608,105938,9,2.7277344793411267,1.1860319666453973,0,0,1017,877,0,0,464,324,0,0,1017,1423,0,0,321,727
2963,141,609,105130,6,97.6190476190476,0.9601511200458004,0,0,610,838,0,0,274,502,0,0,610,1333,0,0,176,899
2964,141,610,105144,9,100.00000000000003,100.00000000000003,0,0,507,591,0,0,139,223,0,0,507,1021,0,0,92,606
2965,141,611,105190,6,66.30572441742655,1.1803109779127416,0,0,588,753,0,0,169,334,0,0,588,1190,0,0,77,679
2966,141,612,105361,5,78.0,77.0204081632653,0,0,337,306,0,0,148,117,0,0,337,663,0,0,55,381
2967,141,613,105329,6,100.0,100.0,0,0,966,424,0,0,675,133,0,0,966,775,0,0,471,280
2968,141,614,105426,6,83.93939393939394,83.78582202111613,0,0,319,696,0,0,166,543,0,0,319,1019,0,0,95,795
2969,141,615,105938,6,0.2986043255921088,0.49524431140051023,6,4,429,508,2,0,173,252,6,0,429,993,6,0,91,655
2970,141,616,105690,6,5.497868590755125,1.759572986021778,0,0,695,646,0,0,275,226,0,0,695,1108,0,0,140,553
2971,141,617,106249,6,1.2628451342986176,0.7119895467101639,2,2,916,784,0,0,235,103,2,2,916,1118,0,0,143,345
2972,141,618,106463,6,0.3214354511598364,0.40707243933934095,6,6,796,538,0,0,502,244,6,1,796,971,5,0,399,574
2976,141,622,104204,5,0.21020403949659505,0.21589109092893538,5,3,649,735,2,0,268,354,5,2,649,1161,3,0,153,665
3314,142,263,104573,5,80.15974440894568,80.09861932938857,1,1,226,173,0,0,103,50,1,1,226,287,0,0,68,129
3315,142,264,106088,8,50.637927547459995,51.3762464647608,4,2,94,228,2,0,48,182,4,2,94,328,2,0,19,253
3322,142,271,94448,6,11.513291102523562,63.76276874285504,2,2,234,351,0,0,17,134,2,1,234,440,1,0,4,210
3335,142,284,79976,6,0.33001378747343835,0.306624738151445,6,6,755,747,0,0,44,36,6,6,755,901,0,0,10,156
3336,142,285,82077,8,0.6187383223179528,0.7823021468881197,0,0,916,723,0,0,221,28,0,0,916,933,0,0,72,89
3343,142,292,78895,8,68.56789616510748,71.42940900562851,0,0,194,163,0,0,55,24,0,0,194,288,0,0,22,116
3344,142,293,77436,10,2.1011871939995634,3.535739014704007,8,5,149,109,3,0,56,16,8,3,149,176,5,0,16,43
3350,142,299,62774,11,0.18744175960881235,0.23506603557371208,11,10,1000,1006,1,0,51,57,11,10,1000,1147,1,0,37,184
3351,142,300,62861,15,68.16258400260054,73.61931696503154,2,2,426,951,0,0,110,635,2,2,426,1120,0,0,94,788
3354,142,303,70305,15,72.58882948937021,39.365104451041034,1,1,255,207,0,0,123,75,1,0,255,387,1,0,90,222
3355,142,304,72529,25,0.8506750863524414,0.3085316074434912,25,25,255,755,0,0,127,627,25,25,255,962,0,0,116,823
3356,142,305,74867,24,16.523397023361557,7.13676662005716,10,12,279,286,0,2,57,64,10,10,279,535,1,1,23,279
3357,142,306,75210,18,74.0137042570115,1.0866459078617694,3,5,559,1241,0,2,54,736,3,3,559,1998,0,0,31,1470
3358,142,307,77345,30,77.68809121261799,83.73575787252209,2,2,705,894,0,0,157,346,2,2,705,1466,0,0,98,859
3359,142,308,81423,30,2.3014869842095544,0.5174554310151045,7,22,1196,1727,0,15,69,600,7,12,1196,2208,0,5,58,1070
3360,142,309,84792,32,23.588951504365703,1.2905351127784297,4,4,953,2105,0,0,75,1227,4,4,953,2717,0,0,66,1830
3361,142,310,86378,39,5.577256663696689,0.7166609261273821,11,18,2259,2550,0,7,130,421,11,9,2259,2809,2,0,105,655
3362,142,311,88588,39,4.128840283165229,12.67563951629666,1,1,2921,3105,0,0,130,314,1,1,2921,3310,0,0,108,497
3363,142,312,90568,48,6.1073875920067024,79.98110086426597,3,5,1382,2735,0,2,131,1484,3,4,1382,3250,0,1,118,1986
3364,142,313,92417,57,89.09820223005558,86.88816437541166,0,0,1152,1392,0,0,241,481,0,0,1152,2058,0,0,145,1051
3365,142,314,93762,50,49.82902374049982,13.996421253307686,0,2,1402,987,0,2,893,478,0,0,1402,1625,0,0,656,879
3367,142,316,96330,6,24.9938211906297,2.6731563793286184,0,0,250,272,0,0,60,82,0,0,250,538,0,0,20,308
3368,142,317,97111,6,95.83333333333333,23.007251033566824,0,0,95,108,0,0,40,53,0,0,95,320,0,0,21,246
3370,142,319,98741,6,5.2636060974769645,3.5698369480867895,0,0,187,278,0,0,39,130,0,0,187,542,0,0,15,370
3371,142,320,99231,7,92.14285714285715,54.33106575963718,0,0,450,283,0,0,299,132,0,0,450,511,0,0,168,229
3372,142,321,100060,7,99.99999999999997,53.044217687074834,0,0,160,757,0,0,14,611,0,0,160,1061,0,0,6,907
3373,142,322,100862,6,94.84126984126983,91.66666666666666,0,0,480,397,0,0,319,236,0,0,480,711,0,0,237,468
3374,142,323,101192,5,21.468434343434346,89.0909090909091,0,0,706,592,0,0,181,67,0,0,706,1040,0,0,46,380
3375,142,324,99988,7,99.99999999999997,99.99999999999997,0,0,559,540,0,0,117,98,0,0,559,797,0,0,24,262
3376,142,325,98715,11,5.3885271413305915,5.504885704782027,0,0,664,339,0,0,349,24,0,0,664,599,0,0,201,136
3377,142,326,97968,10,27.146736356926155,32.62306641557581,0,0,617,418,0,0,332,133,0,0,617,776,0,0,247,406
3378,142,327,97635,8,31.319046558017146,30.464965890662484,0,0,478,452,0,0,104,78,0,0,478,720,0,0,25,267
3379,142,328,97517,10,11.851629951255491,8.564046862683394,0,0,437,376,0,0,98,37,0,0,437,571,0,0,32,166
3380,142,329,98223,9,11.240806264026078,4.306874554758772,0,0,492,337,0,0,172,17,0,0,492,477,0,0,122,107
3381,142,330,100599,13,43.143103799630374,75.09681108365318,0,0,356,222,0,0,172,38,0,0,356,359,0,0,129,132
3382,142,331,101598,15,44.61873750250615,32.99037771653871,0,0,369,269,0,0,117,17,0,0,369,423,0,0,43,97
3383,142,332,101538,15,86.29965716997201,95.01058201058201,0,0,306,333,0,0,81,108,0,0,306,538,0,0,45,277
3384,142,333,101768,11,2.2045837634765673,7.150024401390207,0,0,499,390,0,0,120,11,0,0,499,514,0,0,53,68
3385,142,334,101930,16,82.50422167701579,89.95863602771497,0,0,242,140,0,0,116,14,0,0,242,267,0,0,65,90
3386,142,335,102001,23,7.759978228926934,70.06772055690314,0,0,354,135,0,0,242,23,0,0,354,241,0,0,204,91
3387,142,336,101294,23,53.536243058560075,93.08473478070664,0,0,377,205,0,0,219,47,0,0,377,368,0,0,149,140
3388,142,337,100603,32,5.12735541551271,15.662304424625578,4,4,388,297,0,0,142,51,4,1,388,435,3,0,65,112
3389,142,338,100013,27,80.16721620826709,90.81890650518099,0,0,271,323,0,0,66,118,0,0,271,589,0,0,47,365
3390,142,339,99404,28,61.11977071824845,86.51438760668324,0,0,221,129,0,0,110,18,0,0,221,283,0,0,56,118
3391,142,340,98517,44,61.01333548070678,93.78565726217386,2,2,293,173,0,0,148,28,2,2,293,289,0,0,98,94
3392,142,341,97064,66,54.93301177914523,57.73787049757531,27,27,279,165,0,0,163,49,27,27,279,323,0,0,87,131
3393,142,342,96026,84,56.88823692739775,62.01820504515073,25,14,189,202,11,0,70,83,25,8,189,401,17,0,19,231
3394,142,343,94654,103,2.862097259497991,9.437763511161185,74,76,671,104,0,2,605,38,74,65,671,214,9,0,573,116
3395,142,344,94526,47,91.56969154857909,89.9164736368484,0,0,211,127,0,0,114,30,0,0,211,238,0,0,90,117
3396,142,345,94814,31,15.592774021868225,31.208820391596763,8,6,215,95,2,0,130,10,8,3,215,209,5,0,78,72
3397,142,346,95269,32,1.188877164004115,1.6502842780048137,30,29,317,182,1,0,201,66,30,22,317,457,8,0,89,229
3398,142,347,96955,33,0.7484302786443977,1.2004739790041872,31,31,262,103,0,0,178,19,31,29,262,231,2,0,99,68
3399,142,348,98834,24,0.48471491749201273,1.63675277415803,24,21,114,85,3,0,49,20,24,20,114,193,4,0,26,105
3400,142,349,100597,17,0.7821530274017854,2.9644403676232822,17,15,161,55,2,0,121,15,17,13,161,158,4,0,95,92
3401,142,350,101174,19,1.2377135327301039,3.3364393451535177,19,16,108,73,3,0,58,23,19,10,108,140,9,0,50,82
3402,142,351,100947,14,0.9035598634766143,8.215783584553579,14,5,87,60,9,0,48,21,14,5,87,141,9,0,30,84
3403,142,352,100247,17,4.871731093046281,3.312544795597706,9,16,109,124,0,7,52,67,9,8,109,219,1,0,24,134
3404,142,353,99682,17,0.7129031666327241,0.5500486667376667,17,17,102,33,0,0,70,1,17,17,102,100,0,0,38,36
3405,142,354,98667,12,0.49929059224186045,0.7199419516581287,11,11,432,126,0,0,328,22,11,11,432,286,0,0,227,81
3406,142,355,98132,15,3.424203167305004,8.722987426147624,13,8,133,66,5,0,82,15,13,0,133,135,13,0,61,63
3407,142,356,97860,14,1.7994839352589915,2.7030761806795542,9,9,171,66,0,0,117,12,9,9,171,148,0,0,85,62
3408,142,357,97537,14,2.581337335241799,9.394984970851276,7,6,168,101,1,0,92,25,7,2,168,210,5,0,55,97
3409,142,358,97515,11,1.1893447029502684,6.434281940756141,8,7,125,51,1,0,82,8,8,6,125,103,2,0,52,30
3410,142,359,97644,9,1.2666327544526634,10.933799153376324,7,5,315,80,2,0,250,15,7,2,315,172,5,0,202,59
3411,142,360,97582,10,10.906789163657074,41.02784573684766,0,0,145,116,0,0,40,11,0,0,145,204,0,0,11,70
3412,142,361,98033,5,0.4430061403794293,0.9676623615858544,5,5,426,92,0,0,351,17,5,4,426,193,1,0,309,76
3413,142,362,98301,8,0.7306144151340412,0.36701992934089556,8,8,169,96,0,0,92,19,8,8,169,193,0,0,52,76
3414,142,363,98746,7,0.46294226773644814,1.1746471985064413,7,6,171,97,1,0,82,8,7,5,171,172,2,0,60,61
3415,142,364,99125,6,11.349031048376998,25.435963096146164,0,0,104,111,0,0,37,44,0,0,104,189,0,0,24,109
3416,142,365,99513,8,15.209506125612377,17.608524516419255,0,0,129,84,0,0,62,17,0,0,129,148,0,0,53,72
3418,142,367,99587,5,3.5859944395524463,2.4206292704782704,0,0,182,150,0,0,79,47,0,0,182,237,0,0,46,101
3420,142,369,100103,6,4.5880534982066,9.31961929088366,0,0,201,117,0,0,95,11,0,0,201,213,0,0,64,76
3421,142,370,100353,7,1.3288536655928642,0.794853271574457,5,7,188,193,0,2,38,43,5,6,188,303,0,1,19,134
3425,142,374,101462,17,1.099559468750486,1.6831537084349968,15,13,321,209,2,0,125,13,15,11,321,345,4,0,69,93
3426,142,375,102125,16,0.7162615908118851,1.155798421922754,15,15,312,152,0,0,180,20,15,10,312,305,5,0,127,120
3427,142,376,102992,11,4.6869502492054895,16.572305421646067,0,0,329,197,0,0,151,19,0,0,329,374,0,0,86,131
3428,142,377,103571,14,7.397573750990192,17.933155218306695,4,1,139,136,3,0,44,41,4,0,139,258,4,0,24,143
3429,142,378,104429,9,7.527806228166509,9.527912349747233,0,0,230,242,0,0,71,83,0,0,230,400,0,0,54,224
3430,142,379,105262,13,15.114015809224435,19.872300712832722,0,0,335,165,0,0,200,30,0,0,335,311,0,0,154,130
3431,142,380,105606,7,6.978782201799638,8.176638000508364,0,0,182,164,0,0,43,25,0,0,182,282,0,0,12,112
3432,142,381,106031,6,91.5079365079365,70.51587301587301,0,0,194,202,0,0,63,71,0,0,194,321,0,0,27,154
3433,142,382,106325,7,95.71428571428571,93.67346938775509,0,0,230,186,0,0,77,33,0,0,230,287,0,0,39,96
3434,142,383,106870,6,1.048536942643479,2.3884476667746393,3,1,312,216,2,0,159,63,3,0,312,399,3,0,101,188
3436,142,385,107984,5,66.19186896753436,6.721247608640509,1,1,359,562,0,0,135,338,1,1,359,905,0,0,73,619
3437,142,386,108626,5,27.475723622782443,21.152790712112747,0,0,245,331,0,0,62,148,0,0,245,682,0,0,23,460
3439,142,388,110957,5,0.5356150979842352,0.3404885031883178,2,2,819,768,0,0,161,110,2,2,819,983,0,0,87,251
3442,142,391,113813,5,28.936507936507937,100.0,0,0,734,186,0,0,562,14,0,0,734,344,0,0,466,76
3813,143,225,69351,6,0.12462720603120925,0.22437633035597027,6,6,327,439,0,0,6,118,6,6,327,545,0,0,1,219
3817,143,229,70935,7,0.8971005020898783,4.90905919477348,1,0,492,473,1,0,57,38,1,0,492,568,1,0,15,91
3818,143,230,70932,6,100.0,100.0,0,0,303,145,0,0,164,6,0,0,303,231,0,0,101,29
3819,143,231,70453,8,0.7541514109174883,2.0992337571037463,6,0,500,496,6,0,38,34,6,0,500,602,6,0,8,110
3820,143,232,68894,7,0.4787485953575216,1.0492382308587733,7,1,495,521,6,0,159,185,7,1,495,695,6,0,93,293
3821,143,233,66264,8,1.1858750618167595,1.1089204218950897,0,0,506,507,0,0,33,34,0,0,506,611,0,0,4,109
3822,143,234,66475,7,0.756184635162481,0.9350837387580203,0,0,830,763,0,0,102,35,0,0,830,855,0,0,53,78
3823,143,235,67602,7,0.629774327093953,1.6560599325253171,0,0,903,704,0,0,215,16,0,0,903,821,0,0,135,53
3824,143,236,70616,7,10.522386110621404,40.2468563182849,0,0,854,460,0,0,407,13,0,0,854,656,0,0,240,42
3825,143,237,71423,8,68.37536549707602,100.0,0,0,1065,622,0,0,465,22,0,0,1065,814,0,0,309,58
3826,143,238,70006,7,98.2142857142857,8.677820451076265,0,0,1023,1028,0,0,42,47,0,0,1023,1197,0,0,10,184
3827,143,239,71004,9,40.77714803461072,97.979797979798,0,0,815,625,0,0,218,28,0,0,815,792,0,0,108,85
3828,143,240,70713,10,25.328990865892514,41.57659007659007,0,0,486,122,0,0,390,26,0,0,486,208,0,0,352,74
3829,143,241,71277,11,0.937215290077371,4.3079430501208105,2,2,1074,181,0,0,909,16,2,1,1074,365,1,0,768,59
3830,143,242,73166,11,17.35990518954658,5.909816997431603,0,0,268,737,0,0,51,520,0,0,268,1093,0,0,26,851
3831,143,243,72001,10,8.381971661969816,99.99999999999999,0,0,727,224,0,0,524,21,0,0,727,420,0,0,366,59
3832,143,244,70250,10,100.0,67.12987012987013,0,0,227,99,0,0,155,27,0,0,227,171,0,0,122,66
3833,143,245,69736,10,21.996279066265455,82.27960927960928,0,0,316,162,0,0,203,49,0,0,316,275,0,0,187,146
3834,143,246,70117,11,40.36018137667698,0.6647266057851411,0,0,709,1833,0,0,38,1162,0,0,709,2415,0,0,21,1727
3835,143,247,73496,14,36.18112616360705,6.992639412607114,0,0,827,363,0,0,512,48,0,0,827,634,0,0,337,144
3836,143,248,72234,15,81.30751538797516,72.70350676529166,0,0,238,145,0,0,140,47,0,0,238,273,0,0,116,151
3837,143,249,70248,11,91.85606060606061,95.04495504495505,0,0,136,238,0,0,22,124,0,0,136,384,0,0,2,250
3838,143,250,68273,16,42.23420489147076,7.927609375529185,0,0,112,246,0,0,19,153,0,0,112,363,0,0,9,260
3839,143,251,67008,18,95.17658555552502,76.70680617130836,0,0,315,630,0,0,40,355,0,0,315,862,0,0,19,566
3840,143,252,66027,20,94.53246753246754,93.53092783505154,0,0,234,790,0,0,22,578,0,0,234,1035,0,0,9,810
3841,143,253,67113,22,13.80287190065963,62.56466195802902,0,0,690,617,0,0,99,26,0,0,690,848,0,0,9,167
3842,143,254,68224,23,100.0,99.99999999999997,0,0,494,574,0,0,13,93,0,0,494,724,0,0,6,236
3843,143,255,69308,22,98.91280257777034,98.91280257777031,0,0,362,110,0,0,254,2,0,0,362,284,0,0,149,71
3844,143,256,70028,31,98.95418166338811,99.08859026553866,0,0,242,305,0,0,140,203,0,0,242,481,0,0,94,333
3845,143,257,70661,29,98.07007442475422,13.92665257527782,0,0,399,615,0,0,24,240,0,0,399,1009,0,0,4,614
3846,143,258,71554,29,99.65862452533466,99.34302002224693,0,0,158,287,0,0,80,209,0,0,158,511,0,0,60,413
3847,143,259,71407,36,100.0,100.0,0,0,148,1683,0,0,20,1555,0,0,148,2478,0,0,10,2340
3848,143,260,72305,38,99.99999999999999,100.0,0,0,1528,2770,0,0,134,1376,0,0,1528,3677,0,0,36,2185
3849,143,261,72960,44,99.94949494949495,99.94949494949492,0,0,233,2626,0,0,34,2427,0,0,233,3534,0,0,8,3309
3850,143,262,73686,47,99.71903325868985,100.0,0,0,790,857,0,0,187,254,0,0,790,1217,0,0,88,515
3851,143,263,74510,55,100.0,100.0,0,0,713,1706,0,0,80,1073,0,0,713,2246,0,0,63,1596
3852,143,264,75583,59,100.0,99.99999999999999,0,0,677,1763,0,0,63,1149,0,0,677,2210,0,0,47,1580
3853,143,265,77422,63,100.0,99.99999999999997,0,0,263,2563,0,0,69,2369,0,0,263,2959,0,0,57,2753
3854,143,266,78833,69,100.0,100.0,0,0,1021,3119,0,0,165,2263,0,0,1021,3328,0,0,148,2455
3855,143,267,80308,76,98.80418021319619,100.00000000000003,0,0,2109,2619,0,0,256,766,0,0,2109,3133,0,0,124,1148
3856,143,268,81986,81,98.79756019704774,100.0,0,0,1534,2721,0,0,66,1253,0,0,1534,3279,0,0,56,1801
3857,143,269,83421,90,93.27569627119749,99.60064033215677,0,0,939,1477,0,0,167,705,0,0,939,1833,0,0,124,1018
3858,143,270,84655,99,99.5460121692266,99.54689938949957,0,0,1819,965,0,0,1181,327,0,0,1819,1347,0,0,1036,564
3859,143,271,86300,110,99.41461761036223,99.45899282822047,0,0,1602,871,0,0,835,104,0,0,1602,1407,0,0,502,307
3860,143,272,88010,122,99.23975599098115,99.21240544086263,0,0,321,749,0,0,19,447,0,0,321,998,0,0,13,690
3861,143,273,89340,131,99.82570587566384,99.80677890886979,0,0,164,586,0,0,51,473,0,0,164,773,0,0,38,647
3862,143,274,90207,145,99.96679549865311,90.65900113770209,0,0,181,475,0,0,43,337,0,0,181,729,0,0,18,566
3863,143,275,90917,158,99.94373191631624,87.63922717266637,0,0,135,272,0,0,49,186,0,0,135,378,0,0,35,278
3864,143,276,92162,133,99.98341441839895,98.29550990946849,0,0,58,176,0,0,38,156,0,0,58,289,0,0,25,256
3865,143,277,93344,98,99.98969284683571,98.90522545720972,0,0,144,192,0,0,66,114,0,0,144,311,0,0,51,218
3866,143,278,94317,51,100.0,100.0,0,0,80,146,0,0,31,97,0,0,80,374,0,0,28,322
3867,143,279,95060,13,100.0,100.0,0,0,312,233,0,0,227,148,0,0,312,415,0,0,161,264
3898,143,310,97363,9,100.0,100.0,0,0,142,89,0,0,81,28,0,0,142,204,0,0,47,109
3899,143,311,96692,63,100.0,99.99999999999997,0,0,140,152,0,0,71,83,0,0,140,240,0,0,45,145
3900,143,312,96443,105,99.97354497354497,99.97354497354497,0,0,145,91,0,0,75,21,0,0,145,177,0,0,50,82
3901,143,313,96264,85,99.68058614212649,99.56619534961396,0,0,154,182,0,0,24,52,0,0,154,321,0,0,10,177
3902,143,314,96220,69,99.97929606625257,99.97929606625259,0,0,147,177,0,0,32,62,0,0,147,253,0,0,21,127
3903,143,315,95433,63,99.97519841269839,99.97519841269839,0,0,399,222,0,0,237,60,0,0,399,314,0,0,222,137
3904,143,316,94844,51,95.37012575396156,95.45947577319897,0,0,201,99,0,0,105,3,0,0,201,242,0,0,48,89
3905,143,317,94055,48,99.66283488418495,99.66283488418493,0,0,444,141,0,0,314,11,0,0,444,256,0,0,238,50
3906,143,318,93156,44,94.83993462696859,94.56685642809067,0,0,141,82,0,0,68,9,0,0,141,165,0,0,48,72
3907,143,319,92360,37,99.46605141727092,99.66327566854925,0,0,350,186,0,0,193,29,0,0,350,382,0,0,115,147
3908,143,320,91832,36,99.51571936559682,99.42611363082979,0,0,156,110,0,0,56,10,0,0,156,204,0,0,27,75
3909,143,321,91595,29,97.5767300399467,94.43517393327485,0,0,472,174,0,0,310,12,0,0,472,367,0,0,171,66
3910,143,322,90933,30,99.89247311827957,100.0,0,0,130,114,0,0,45,29,0,0,130,197,0,0,27,94
3911,143,323,90661,23,97.23670698425255,99.43217620438791,0,0,141,95,0,0,66,20,0,0,141,176,0,0,50,85
3912,143,324,90214,21,99.35916395543727,99.58592132505177,0,0,190,131,0,0,72,13,0,0,190,209,0,0,53,72
3913,143,325,89532,22,99.80237154150196,99.45454545454544,0,0,174,86,0,0,98,10,0,0,174,157,0,0,72,55
3914,143,326,89303,19,98.92934089609989,99.22173855691861,0,0,172,129,0,0,52,9,0,0,172,214,0,0,25,67
3915,143,327,89379,17,100.0,100.0,0,0,195,128,0,0,82,15,0,0,195,226,0,0,46,77
3916,143,328,89589,15,100.0,100.0,0,0,197,113,0,0,102,18,0,0,197,229,0,0,61,93
3917,143,329,90250,15,99.99999999999999,100.0,0,0,167,83,0,0,107,23,0,0,167,164,0,0,91,88
3918,143,330,90823,13,99.99999999999997,100.0,0,0,221,174,0,0,72,25,0,0,221,252,0,0,47,78
3919,143,331,90929,11,100.0,100.0,0,0,158,172,0,0,42,56,0,0,158,265,0,0,20,127
3920,143,332,91361,13,100.0,99.99999999999997,0,0,217,114,0,0,123,20,0,0,217,192,0,0,88,63
3921,143,333,91432,13,99.99999999999997,67.94399416571362,0,0,172,76,0,0,117,21,0,0,172,148,0,0,89,65
3922,143,334,91964,9,100.00000000000003,100.0,0,0,193,55,0,0,144,6,0,0,193,90,0,0,130,27
3923,143,335,91779,10,99.99999999999999,99.99999999999999,0,0,98,170,0,0,31,103,0,0,98,278,0,0,20,200
3924,143,336,92342,10,99.99999999999999,99.99999999999999,0,0,146,138,0,0,60,52,0,0,146,193,0,0,48,95
3925,143,337,92274,9,100.0,100.0,0,0,167,86,0,0,84,3,0,0,167,148,0,0,61,42
3926,143,338,92255,8,97.5,97.5,0,0,119,101,0,0,28,10,0,0,119,148,0,0,11,40
3927,143,339,92418,6,10.076479572447314,6.953777522404973,0,0,160,187,0,0,12,39,0,0,160,260,0,0,9,109
3928,143,340,93127,7,96.1734693877551,28.11413454270597,0,0,238,156,0,0,107,25,0,0,238,275,0,0,68,105
3929,143,341,93842,7,92.14285714285712,12.357797373533014,0,0,186,170,0,0,32,16,0,0,186,276,0,0,10,100
3930,143,342,94949,6,100.0,100.0,0,0,170,117,0,0,70,17,0,0,170,227,0,0,41,98
3931,143,343,95931,6,73.45238095238095,100.0,0,0,291,142,0,0,167,18,0,0,291,266,0,0,122,97
3932,143,344,97132,6,87.73809523809524,86.31313131313131,0,0,185,145,0,0,73,33,0,0,185,240,0,0,50,105
3933,143,345,98172,5,30.454545454545457,21.599511599511597,0,0,409,159,0,0,264,14,0,0,409,286,0,0,214,91
3934,143,346,99339,5,87.66666666666667,92.5,0,0,124,117,0,0,33,26,0,0,124,189,0,0,21,86
3938,143,350,104209,6,0.7377959178199114,1.6051390249073654,0,0,745,593,0,0,210,58,0,0,745,771,0,0,114,140
3942,143,354,108750,6,16.80855161787365,4.268165096074485,0,0,155,181,0,0,51,77,0,0,155,325,0,0,16,186
4298,144,241,69636,6,100.0,100.0,0,0,622,333,0,0,476,187,0,0,622,556,0,0,448,382
4299,144,242,65909,6,100.0,100.0,0,0,71,92,0,0,23,44,0,0,71,177,0,0,5,111
4301,144,244,61784,6,0.40040873595054133,0.521177860892857,1,0,886,926,1,0,12,52,1,0,886,997,1,0,8,119
4302,144,245,61704,5,5.9340128384600925,100.0,1,0,137,604,1,0,20,487,1,0,137,923,1,0,11,797
4303,144,246,64158,6,100.0,100.0,0,0,411,84,0,0,353,26,0,0,411,218,0,0,256,63
4305,144,248,69846,7,1.2851335518718567,63.085177733065045,0,0,861,427,0,0,611,177,0,0,861,562,0,0,562,263
4306,144,249,72675,6,100.0,100.0,0,0,927,470,0,0,572,115,0,0,927,831,0,0,344,248
4307,144,250,73596,6,0.652900088652313,91.5079365079365,0,0,741,1874,0,0,95,1228,0,0,741,2443,0,0,85,1787
4309,144,252,80023,6,100.0,100.0,0,0,1600,1595,0,0,299,294,0,0,1600,1925,0,0,98,423
4310,144,253,84741,8,100.0,100.0,0,0,2564,2800,0,0,288,524,0,0,2564,3055,0,0,244,735
4311,144,254,88310,6,1.0032855948638735,3.1566371354898233,0,0,1366,2765,0,0,90,1489,0,0,1366,3323,0,0,48,2005
4312,144,255,92041,6,92.06349206349206,100.0,0,0,1369,796,0,0,770,197,0,0,1369,1358,0,0,517,506
4313,144,256,95710,10,99.99999999999999,97.14285714285714,0,0,258,566,0,0,37,345,0,0,258,869,0,0,19,630
4314,144,257,98114,7,8.09602530807405,4.6498206089007805,0,0,331,212,0,0,143,24,0,0,331,394,0,0,95,158
4315,144,258,99734,9,100.00000000000003,98.88888888888891,0,0,99,278,0,0,9,188,0,0,99,564,0,0,3,468
4316,144,259,100774,11,100.0,100.0,0,0,53,135,0,0,20,102,0,0,53,303,0,0,11,261
4317,144,260,101847,8,92.8409090909091,100.0,0,0,740,747,0,0,125,132,0,0,740,1039,0,0,78,377
4318,144,261,102521,10,97.69230769230771,96.6923076923077,0,0,982,801,0,0,263,82,0,0,982,1138,0,0,130,286
4319,144,262,101301,12,76.23013832572656,80.05568777627602,0,0,251,223,0,0,76,48,0,0,251,508,0,0,40,297
4320,144,263,101551,10,95.86868686868686,96.97979797979798,0,0,156,106,0,0,112,62,0,0,156,334,0,0,63,241
4321,144,264,104267,11,93.35710041592395,94.61760461760461,0,0,501,403,0,0,149,51,0,0,501,583,0,0,70,152
4322,144,265,104871,11,97.08624708624708,97.08624708624708,0,0,538,105,0,0,457,24,0,0,538,227,0,0,397,86
4323,144,266,104970,15,93.75174337517433,100.0,0,0,288,336,0,0,26,74,0,0,288,436,0,0,10,158
4324,144,267,104270,13,97.45879120879117,97.87545787545785,0,0,322,295,0,0,70,43,0,0,322,381,0,0,46,105
4325,144,268,103977,15,99.58333333333333,99.13888888888889,0,0,264,171,0,0,100,7,0,0,264,288,0,0,37,61
4326,144,269,103705,17,100.0,100.0,0,0,249,248,0,0,50,49,0,0,249,332,0,0,36,119
4327,144,270,103022,13,90.0132434182208,90.0132434182208,0,0,115,88,0,0,67,40,0,0,115,174,0,0,50,109
4328,144,271,102390,20,100.00000000000003,99.0322966507177,0,0,150,150,0,0,63,63,0,0,150,261,0,0,34,145
4329,144,272,101905,18,95.72451042997021,97.038139329806,0,0,61,135,0,0,29,103,0,0,61,251,0,0,20,210
4330,144,273,102288,16,100.0,100.0,0,0,105,62,0,0,54,11,0,0,105,115,0,0,38,48
4331,144,274,101299,18,100.0,100.0,0,0,276,117,0,0,207,48,0,0,276,331,0,0,154,209
4332,144,275,100225,22,97.72140526186706,99.09408773045138,0,0,80,138,0,0,31,89,0,0,80,342,0,0,20,282
4333,144,276,98713,22,96.78610253209794,96.78610253209794,0,0,98,55,0,0,56,13,0,0,98,143,0,0,38,83
4334,144,277,97468,27,98.43813983660723,98.45182347098054,0,0,125,178,0,0,76,129,0,0,125,352,0,0,42,269
4335,144,278,96715,29,99.99999999999999,99.99999999999999,0,0,158,55,0,0,112,9,0,0,158,151,0,0,62,55
4336,144,279,96137,28,97.53331334802523,97.55195618917422,0,0,130,105,0,0,39,14,0,0,130,179,0,0,19,68
4337,144,280,95469,32,98.9707037507085,98.73629559350623,0,0,177,93,0,0,110,26,0,0,177,154,0,0,91,68
4338,144,281,94559,33,97.42165624149766,98.12606960445639,0,0,73,43,0,0,33,3,0,0,73,81,0,0,15,23
4339,144,282,93992,37,99.85775248933142,99.92887624466573,0,0,122,172,0,0,40,90,0,0,122,248,0,0,23,149
4340,144,283,93875,39,99.70862470862473,99.93589743589743,0,0,86,204,0,0,25,143,0,0,86,301,0,0,16,231
4341,144,284,93902,45,97.61445591626192,99.74721341522826,0,0,136,150,0,0,23,37,0,0,136,210,0,0,15,89
4342,144,285,94305,48,99.56079358457333,99.74809072565198,0,0,152,99,0,0,70,17,0,0,152,171,0,0,52,71
4343,144,286,94870,51,99.59703267174424,99.56080400229759,0,0,113,79,0,0,37,3,0,0,113,134,0,0,17,38
4344,144,287,95238,51,100.0,100.00000000000003,0,0,157,63,0,0,100,6,0,0,157,115,0,0,85,43
4345,144,288,95838,64,99.58194268115987,99.74615598615519,0,0,182,112,0,0,79,9,0,0,182,171,0,0,47,36
4346,144,289,96269,66,98.7290623265306,98.85456374688228,0,0,149,109,0,0,98,58,0,0,149,159,0,0,82,92
4347,144,290,96392,69,98.73119048153052,98.97733618487023,0,0,169,144,0,0,70,45,0,0,169,240,0,0,49,120
4348,144,291,96519,73,98.76332323143792,99.24358740497588,0,0,217,229,0,0,139,151,0,0,217,329,0,0,118,230
4349,144,292,96384,80,99.47403062983435,99.56375096295389,0,0,148,51,0,0,107,10,0,0,148,94,0,0,96,42
4350,144,293,96610,79,98.65630809263209,98.6936737565734,0,0,112,74,0,0,57,19,0,0,112,137,0,0,42,67
4351,144,294,96662,89,99.80211825723964,99.81649115830848,0,0,103,100,0,0,44,41,0,0,103,172,0,0,33,102
4352,144,295,96714,93,99.8496028486779,99.70756444977798,0,0,134,62,0,0,82,10,0,0,134,119,0,0,68,53
4353,144,296,96768,104,99.20270284093657,99.4915120931625,0,0,129,114,0,0,38,23,0,0,129,181,0,0,29,81
4354,144,297,96889,99,99.41796808172705,99.40136796480584,0,0,160,124,0,0,54,18,0,0,160,197,0,0,31,68
4355,144,298,96950,110,99.87681159420286,99.92922992922992,0,0,121,110,0,0,35,24,0,0,121,190,0,0,18,87
4356,144,299,96952,118,99.56117424528598,99.80087684146557,0,0,124,89,0,0,48,13,0,0,124,147,0,0,30,53
4357,144,300,96903,119,99.05519285780781,99.4448290185578,0,0,153,100,0,0,64,11,0,0,153,171,0,0,37,55
4358,144,301,96933,115,99.63960385871817,99.6844120448917,0,0,237,136,0,0,115,14,0,0,237,256,0,0,63,82
4359,144,302,96950,118,99.46040731324042,99.22712549738047,0,0,208,360,0,0,85,237,0,0,208,562,0,0,69,423
4360,144,303,96936,117,98.51437389320824,98.74770101354177,0,0,341,350,0,0,86,95,0,0,341,490,0,0,58,207
4361,144,304,96930,115,99.35031331436267,99.46293444867426,0,0,219,142,0,0,91,14,0,0,219,228,0,0,56,65
4362,144,305,96923,109,99.98324291649767,100.0,0,0,389,330,0,0,140,81,0,0,389,475,0,0,99,185
4363,144,306,96916,117,98.74065399542786,98.01368544492172,0,0,280,595,0,0,83,398,0,0,280,747,0,0,49,516
4364,144,307,97038,117,99.64113585079951,99.69082437202255,0,0,201,142,0,0,84,25,0,0,201,203,0,0,70,72
4365,144,308,96997,117,99.69108244044445,99.68952718125922,0,0,150,135,0,0,30,15,0,0,150,209,0,0,19,78
4366,144,309,96968,119,98.41529763421747,98.43587804774326,0,0,221,138,0,0,109,26,0,0,221,232,0,0,91,102
4367,144,310,96880,117,99.21780049306878,99.16702960758252,0,0,107,141,0,0,11,45,0,0,107,243,0,0,6,142
4368,144,311,96879,118,98.52663142924855,97.05927786653228,0,0,148,124,0,0,48,24,0,0,148,194,0,0,35,81
4369,144,312,96920,118,99.07697160094061,99.18010996394983,0,0,136,103,0,0,56,23,0,0,136,164,0,0,50,78
4370,144,313,96889,117,99.31853464630622,99.31396032504757,0,0,147,118,0,0,64,35,0,0,147,205,0,0,47,105
4371,144,314,96874,117,98.7684108561387,98.62861373579283,0,0,116,96,0,0,37,17,0,0,116,152,0,0,14,50
4372,144,315,96818,115,98.72461227163465,97.63932328665442,0,0,162,120,0,0,57,15,0,0,162,173,0,0,54,65
4373,144,316,96841,117,99.12448320968281,99.1940046163913,0,0,184,124,0,0,78,18,0,0,184,190,0,0,71,77
4374,144,317,96745,117,99.42827502456913,99.52816992534427,0,0,186,131,0,0,84,29,0,0,186,212,0,0,73,99
4375,144,318,96823,118,99.1293561372002,99.18834987785932,0,0,115,127,0,0,34,46,0,0,115,201,0,0,26,112
4376,144,319,96834,118,98.21869392244113,97.51593232066203,0,0,136,256,0,0,30,150,0,0,136,448,0,0,26,338
4377,144,320,96795,116,98.67986440914468,98.44077807728591,0,0,123,127,0,0,20,24,0,0,123,194,0,0,11,82
4378,144,321,96825,116,99.33335000347702,99.38185653229564,0,0,129,140,0,0,29,40,0,0,129,202,0,0,22,95
4379,144,322,96862,115,99.3046223611311,99.30445045549912,0,0,106,111,0,0,20,25,0,0,106,187,0,0,8,89
4616,145,236,79154,5,100.0,92.66666666666666,0,0,796,563,0,0,263,30,0,0,796,759,0,0,114,77
4625,145,245,70201,6,91.50793650793649,100.0,0,0,413,146,0,0,296,29,0,0,413,252,0,0,272,111
4626,145,246,66813,6,100.0,100.0,0,0,120,82,0,0,89,51,0,0,120,159,0,0,73,112
4627,145,247,63889,5,100.0,88.33333333333333,0,0,181,223,0,0,60,102,0,0,181,329,0,0,24,172
4628,145,248,61805,5,89.0909090909091,26.173499702911467,0,0,266,442,0,0,25,201,0,0,266,620,0,0,13,367
4629,145,249,60756,5,100.0,96.66666666666666,0,0,273,982,0,0,19,728,0,0,273,1122,0,0,10,859
4630,145,250,61682,6,94.84126984126983,100.0,0,0,302,707,0,0,39,444,0,0,302,895,0,0,11,604
4631,145,251,63364,6,9.911065057637341,1.3572305523082024,0,0,424,546,0,0,33,155,0,0,424,705,0,0,20,301
4633,145,253,67608,6,100.0,99.99999999999999,0,0,703,451,0,0,506,254,0,0,703,693,0,0,378,368
4634,145,254,70440,6,94.84126984126983,6.005188973296209,0,0,267,696,0,0,56,485,0,0,267,788,0,0,39,560
4635,145,255,72539,7,76.87074829931973,99.99999999999997,0,0,277,233,0,0,98,54,0,0,277,475,0,0,43,241
4636,145,256,72811,7,22.955852898153655,30.514588999450226,0,0,973,2734,0,0,53,1814,0,0,973,3231,0,0,15,2273
4637,145,257,74852,6,57.22222222222222,83.46219931271477,0,0,558,1906,0,0,122,1470,0,0,558,2473,0,0,112,2027
4638,145,258,77352,6,18.589322894242805,100.0,0,0,451,1317,0,0,54,920,0,0,451,2003,0,0,45,1597
4639,145,259,81156,7,96.17346938775509,87.36394557823128,0,0,1366,1946,0,0,88,668,0,0,1366,2206,0,0,66,906
4640,145,260,83861,6,100.0,100.0,0,0,2626,2827,0,0,216,417,0,0,2626,3008,0,0,119,501
4641,145,261,87145,8,3.453572246224934,30.414221354073597,0,0,2660,3010,0,0,32,382,0,0,2660,3206,0,0,18,564
4642,145,262,89726,9,1.0120950297305558,0.4108044607064945,0,0,1774,2312,0,0,296,834,0,0,1774,2521,0,0,209,956
4643,145,263,92303,6,100.0,100.0,0,0,442,873,0,0,249,680,0,0,442,1316,0,0,159,1033
4644,145,264,94283,7,99.99999999999997,100.0,0,0,387,1043,0,0,30,686,0,0,387,1616,0,0,23,1252
4645,145,265,96028,11,34.63998568276643,2.214600896805767,0,0,301,763,0,0,18,480,0,0,301,1291,0,0,9,999
4646,145,266,97276,8,100.0,100.0,0,0,116,180,0,0,32,96,0,0,116,373,0,0,19,276
4647,145,267,98158,8,100.0,100.0,0,0,81,131,0,0,42,92,0,0,81,352,0,0,26,297
4648,145,268,98842,9,96.26543209876543,96.26543209876546,0,0,120,152,0,0,54,86,0,0,120,360,0,0,29,269
4649,145,269,99328,8,100.0,100.0,0,0,256,330,0,0,34,108,0,0,256,448,0,0,25,217
4650,145,270,100120,10,91.69172932330827,95.8741258741259,0,0,246,487,0,0,24,265,0,0,246,724,0,0,16,494
4651,145,271,100389,10,84.1812865497076,85.53711484593836,0,0,553,462,0,0,465,374,0,0,553,713,0,0,400,560
4652,145,272,100639,10,96.97979797979798,94.76301476301475,0,0,861,765,0,0,314,218,0,0,861,967,0,0,233,339
4653,145,273,99928,9,90.60405643738977,92.826278659612,0,0,428,399,0,0,85,56,0,0,428,686,0,0,8,266
4654,145,274,98926,13,88.97102897102897,98.5576923076923,0,0,261,219,0,0,55,13,0,0,261,446,0,0,23,208
4655,145,275,100424,12,84.70021747401778,94.67605923488277,0,0,557,207,0,0,388,38,0,0,557,452,0,0,247,142
4656,145,276,102273,12,61.248426370377594,95.1220538720539,0,0,381,116,0,0,294,29,0,0,381,248,0,0,246,113
4657,145,277,102450,12,51.478616699204935,51.47861669920493,0,0,288,146,0,0,164,22,0,0,288,309,0,0,86,107
4658,145,278,102545,11,100.0,100.0,0,0,368,100,0,0,319,51,0,0,368,231,0,0,292,155
4659,145,279,102590,12,100.0,100.0,0,0,335,308,0,0,79,52,0,0,335,440,0,0,47,152
4660,145,280,102163,13,56.2670623943546,59.756012821028314,0,0,82,63,0,0,31,12,0,0,82,121,0,0,18,57
4661,145,281,101753,14,99.99999999999999,99.99999999999999,0,0,286,222,0,0,82,18,0,0,286,284,0,0,64,62
4662,145,282,101741,16,96.9458653026428,100.0,0,0,119,127,0,0,26,34,0,0,119,210,0,0,16,107
4663,145,283,101878,15,49.59738827480763,54.57066554220253,0,0,309,200,0,0,124,15,0,0,309,289,0,0,76,56
4664,145,284,101761,18,99.13580246913581,96.09658678286131,0,0,110,233,0,0,58,181,0,0,110,302,0,0,43,235
4665,145,285,101864,14,99.52380952380952,99.52380952380952,0,0,264,234,0,0,49,19,0,0,264,313,0,0,22,71
4666,145,286,101436,15,99.58333333333333,99.58333333333333,0,0,132,90,0,0,77,35,0,0,132,198,0,0,60,126
4667,145,287,100983,18,99.39896036387266,99.39896036387263,0,0,154,78,0,0,111,35,0,0,154,192,0,0,98,136
4668,145,288,100312,16,97.89786347231201,98.37863270308122,0,0,135,127,0,0,91,83,0,0,135,313,0,0,63,241
4669,145,289,99552,19,98.85783861097528,98.8578386109753,0,0,99,68,0,0,37,6,0,0,99,111,0,0,24,36
4670,145,290,99324,19,99.73684210526312,99.73684210526312,0,0,188,98,0,0,117,27,0,0,188,177,0,0,76,65
4671,145,291,99232,21,99.35916395543727,98.52261606396948,0,0,52,37,0,0,24,9,0,0,52,67,0,0,19,34
4672,145,292,99210,21,71.91176194868892,91.1580923726359,0,0,92,196,0,0,45,149,0,0,92,392,0,0,33,333
4673,145,293,98058,21,98.44444444444444,98.44444444444447,0,0,77,55,0,0,39,17,0,0,77,95,0,0,35,53
4674,145,294,97290,24,97.21285135959047,97.16512174142741,0,0,293,70,0,0,247,24,0,0,293,137,0,0,232,76
4675,145,295,97052,26,99.85754985754984,100.0,0,0,94,80,0,0,48,34,0,0,94,188,0,0,30,124
4676,145,296,96798,28,99.99999999999999,99.99999999999999,0,0,130,69,0,0,70,9,0,0,130,122,0,0,40,32
4677,145,297,96350,26,99.70962086346701,99.85754985754984,0,0,185,193,0,0,32,40,0,0,185,285,0,0,11,111
4678,145,298,96269,30,100.0,100.0,0,0,79,52,0,0,50,23,0,0,79,124,0,0,31,76
4679,145,299,95993,32,99.50657894736842,100.0,0,0,346,87,0,0,301,42,0,0,346,150,0,0,294,98
4680,145,300,96045,30,98.154852192672,98.5119514106583,0,0,145,93,0,0,65,13,0,0,145,138,0,0,51,44
4681,145,301,95727,32,97.90714362668145,96.42991323782142,0,0,109,84,0,0,49,24,0,0,109,178,0,0,31,100
4682,145,302,95358,33,93.21855726876046,93.32390745287753,0,0,203,65,0,0,150,12,0,0,203,110,0,0,124,31
4683,145,303,95050,37,98.93489048894453,99.50895774864479,0,0,157,42,0,0,123,8,0,0,157,86,0,0,100,29
4684,145,304,94690,35,99.05979233798783,99.83900226757369,0,0,122,115,0,0,55,48,0,0,122,171,0,0,50,99
4685,145,305,94152,40,93.29910775500774,96.36508627711238,0,0,144,90,0,0,73,19,0,0,144,131,0,0,60,47
4686,145,306,93477,44,93.38803826888812,98.12097901897326,0,0,120,52,0,0,77,9,0,0,120,77,0,0,69,26
4687,145,307,93020,45,98.62825439308895,99.00329630174592,0,0,135,55,0,0,91,11,0,0,135,91,0,0,83,39
4688,145,308,92740,46,99.95374653098982,99.95374653098983,0,0,183,93,0,0,119,29,0,0,183,169,0,0,101,87
4689,145,309,92468,47,99.59310272705643,99.5000458448017,0,0,193,115,0,0,140,62,0,0,193,209,0,0,108,124
4690,145,310,92134,49,99.47733495452475,99.1729843643095,0,0,149,148,0,0,88,87,0,0,149,242,0,0,79,172
4691,145,311,91805,52,99.47344694644057,99.61992059674697,0,0,177,82,0,0,103,8,0,0,177,148,0,0,64,35
4692,145,312,91790,56,99.68487394957982,99.88095238095238,0,0,142,146,0,0,67,71,0,0,142,208,0,0,63,129
4693,145,313,91619,52,97.24966017068355,97.8205377531819,0,0,237,221,0,0,65,49,0,0,237,281,0,0,53,97
4694,145,314,91667,61,99.8117027954401,100.0,0,0,260,134,0,0,168,42,0,0,260,214,0,0,151,105
4695,145,315,91343,65,97.48492524611609,99.2482845184449,0,0,280,138,0,0,177,35,0,0,280,231,0,0,155,106
4696,145,316,91347,67,99.63256810949046,99.41715341900657,0,0,152,90,0,0,96,34,0,0,152,141,0,0,84,73
4697,145,317,91324,68,99.06817794597707,99.65911641911146,0,0,175,95,0,0,97,17,0,0,175,177,0,0,84,86
4698,145,318,90985,84,94.64199696478316,95.13866841918353,1,0,302,111,1,0,206,15,1,0,302,177,1,0,184,59
4699,145,319,91369,83,94.59193298423257,96.15548354130472,0,0,260,92,0,0,190,22,0,0,260,174,0,0,176,90
4700,145,320,91054,85,92.6627585279298,95.01532665888969,0,0,151,128,0,0,82,59,0,0,151,226,0,0,72,147
4701,145,321,90748,90,99.11407520067628,99.53504769738015,0,0,162,139,0,0,83,60,0,0,162,212,0,0,62,112
4702,145,322,90808,94,97.0754107126907,97.87365321757378,0,0,177,105,0,0,85,13,0,0,177,177,0,0,65,65
4703,145,323,90810,91,98.58054891448394,98.81434154935553,0,0,187,117,0,0,78,8,0,0,187,189,0,0,42,44
4704,145,324,90736,103,98.56742072812399,99.65062572347159,0,0,174,80,0,0,129,35,0,0,174,141,0,0,116,83
4705,145,325,90588,104,97.22165411149402,99.43668347221876,0,0,194,85,0,0,120,11,0,0,194,170,0,0,85,61
4706,145,326,90346,113,98.06884859583127,99.48142536691186,0,0,208,85,0,0,147,24,0,0,208,183,0,0,120,95
4707,145,327,90314,117,98.62633121230779,99.39434472600335,0,0,183,98,0,0,103,18,0,0,183,165,0,0,86,68
4708,145,328,90226,119,98.42953705439905,98.79032590790155,0,0,221,152,0,0,112,43,0,0,221,228,0,0,89,96
4709,145,329,90547,125,98.02891230989914,98.48707972524112,0,0,194,132,0,0,91,29,0,0,194,208,0,0,72,86
4710,145,330,90461,132,96.60945267356966,97.93988860690894,0,0,392,132,0,0,303,43,0,0,392,220,0,0,284,112
4711,145,331,90624,136,98.47151676835497,98.55092851530955,0,0,241,109,0,0,152,20,0,0,241,197,0,0,125,81
4712,145,332,90640,136,97.61597684246848,99.16291843696621,0,0,234,148,0,0,108,22,0,0,234,224,0,0,73,63
4713,145,333,90674,138,99.26230912104985,99.42420610775582,0,0,216,151,0,0,89,24,0,0,216,242,0,0,52,78
4714,145,334,90743,139,98.12039582984963,97.94202107716067,0,0,236,157,0,0,90,11,0,0,236,238,0,0,66,68
4715,145,335,90804,139,98.69072362756236,99.132794452302,0,0,280,156,0,0,137,13,0,0,280,232,0,0,105,57
4716,145,336,90721,139,97.8719463912597,99.13512845422022,0,0,301,154,0,0,162,15,0,0,301,219,0,0,137,55
5023,146,306,79305,5,0.26841815663287594,0.39072941226029473,0,0,1262,985,0,0,314,37,0,0,1262,1166,0,0,196,100
5028,146,311,77045,5,54.388888888888886,22.591478696741852,0,0,100,131,0,0,45,76,0,0,100,206,0,0,24,130
5030,146,313,74327,6,0.5923661355605504,3.4786409201070776,4,0,486,197,4,0,315,26,4,0,486,357,4,0,244,115
5034,146,317,66056,5,89.99999999999999,81.44927536231886,0,0,174,380,0,0,33,239,0,0,174,581,0,0,17,424
5035,146,318,62938,5,100.0,100.0,0,0,138,333,0,0,51,246,0,0,138,486,0,0,48,396
5037,146,320,60356,5,69.77777777777779,28.443467574210622,0,0,74,868,0,0,23,817,0,0,74,936,0,0,16,878
5039,146,322,64028,6,100.0,100.0,0,0,207,159,0,0,71,23,0,0,207,295,0,0,15,103
5040,146,323,66705,7,96.82539682539681,98.2142857142857,0,0,684,101,0,0,597,14,0,0,684,292,0,0,528,136
5041,146,324,69331,6,4.28202634492777,1.9189411502875886,0,0,355,516,0,0,113,274,0,0,355,698,0,0,72,415
5043,146,326,71027,7,74.96150655384103,85.83390293916608,1,0,421,2286,1,0,94,1959,1,0,421,2847,1,0,71,2497
5044,146,327,73552,6,11.079929461873451,62.263708513708515,0,0,703,1328,0,0,113,738,0,0,703,1956,0,0,73,1326
5045,146,328,77453,7,4.2854936487518165,2.4365893969781736,1,1,1627,1604,0,0,161,138,1,1,1627,1903,0,0,89,365
5046,146,329,81834,7,77.19522591645354,49.5696493754241,0,0,1404,1917,0,0,97,610,0,0,1404,2575,0,0,9,1180
5047,146,330,84173,7,65.09558366162138,83.1547619047619,0,0,2328,2764,0,0,31,467,0,0,2328,2903,0,0,25,600
5048,146,331,87684,8,0.7973612274695643,0.281873711844699,0,0,3021,2644,0,0,691,314,0,0,3021,3110,0,0,351,440
5049,146,332,90514,8,11.442946729974041,98.61111111111111,0,0,1108,1239,0,0,516,647,0,0,1108,1780,0,0,378,1050
5050,146,333,92962,8,74.9861195235211,69.38946631284094,0,0,415,834,0,0,23,442,0,0,415,1675,0,0,16,1276
5051,146,334,95172,8,100.0,2.1678860069180206,0,0,189,668,0,0,7,486,0,0,189,1079,0,0,3,893
5052,146,335,96384,11,85.84988540870894,72.59157771469593,0,0,416,237,0,0,291,112,0,0,416,606,0,0,80,270
5053,146,336,96952,9,97.65432098765434,100.0,0,0,115,82,0,0,71,38,0,0,115,214,0,0,51,150
5054,146,337,97538,12,97.07362082362083,97.07362082362083,0,0,196,172,0,0,79,55,0,0,196,378,0,0,22,204
5055,146,338,98460,9,81.51575236836308,100.00000000000003,0,0,349,461,0,0,55,167,0,0,349,717,0,0,13,381
5056,146,339,99174,13,94.8076923076923,92.93269230769229,0,0,184,450,0,0,38,304,0,0,184,772,0,0,30,618
5057,146,340,99696,10,100.0,99.99999999999999,0,0,672,610,0,0,184,122,0,0,672,786,0,0,150,264
5058,146,341,99983,13,85.1966873706004,87.43886952527626,1,0,199,298,1,0,82,181,1,0,199,628,1,0,48,477
5059,146,342,99889,10,99.99999999999999,99.99999999999999,0,0,127,379,0,0,18,270,0,0,127,616,0,0,7,496
5060,146,343,100650,16,95.48940387635241,95.48940387635241,0,0,377,183,0,0,326,132,0,0,377,361,0,0,321,305
5061,146,344,101173,14,93.12452253628723,93.7192118226601,0,0,408,279,0,0,162,33,0,0,408,509,0,0,70,171
5062,146,345,101700,10,99.99999999999999,99.99999999999999,0,0,328,244,0,0,105,21,0,0,328,408,0,0,14,94
5063,146,346,102046,15,98.59649122807016,100.0,0,0,106,72,0,0,56,22,0,0,106,177,0,0,27,98
5064,146,347,102267,18,95.1388888888889,96.91358024691358,0,0,349,128,0,0,281,60,0,0,349,245,0,0,233,129
5065,146,348,102023,18,98.57090984541965,99.20634920634922,0,0,67,96,0,0,24,53,0,0,67,184,0,0,14,131
5066,146,349,101198,21,96.42745774545863,96.94027825827914,0,0,197,111,0,0,110,24,0,0,197,197,0,0,76,76
5067,146,350,100954,17,100.0,100.0,0,0,243,188,0,0,75,20,0,0,243,271,0,0,46,74
5068,146,351,100490,18,98.62155388471177,98.37301587301587,0,0,38,86,0,0,6,54,0,0,38,178,0,0,2,142
5069,146,352,100231,26,88.82559660946025,95.67750551853726,0,0,242,203,0,0,81,42,0,0,242,277,0,0,57,92
5070,146,353,99608,25,97.82679056434611,97.81509465791336,0,0,457,68,0,0,418,29,0,0,457,167,0,0,350,60
5071,146,354,99115,23,99.81884057971013,99.81884057971013,0,0,136,98,0,0,107,69,0,0,136,158,0,0,103,125
5072,146,355,98448,23,99.81884057971016,99.65217391304347,0,0,105,163,0,0,29,87,0,0,105,309,0,0,14,218
5073,146,356,98489,27,99.99999999999997,99.99999999999997,0,0,94,206,0,0,19,131,0,0,94,333,0,0,10,249
5074,146,357,98392,28,98.80916041630327,99.47965850059445,0,0,203,88,0,0,125,10,0,0,203,188,0,0,112,97
5075,146,358,97500,32,99.37704248366013,99.45640756302521,0,0,158,88,0,0,117,47,0,0,158,175,0,0,96,113
5076,146,359,96667,42,98.3202788884477,96.84863195856389,1,0,27,217,1,0,20,210,1,0,27,387,1,0,18,378
5077,146,360,95996,42,98.27103762902297,99.77034385317751,0,0,113,129,0,0,82,98,0,0,113,261,0,0,82,230
5078,146,361,95164,43,98.41351843523034,98.32704075688828,0,0,43,49,0,0,14,20,0,0,43,114,0,0,8,79
5079,146,362,94694,40,96.77235714909841,97.93123670919725,0,0,441,63,0,0,389,11,0,0,441,137,0,0,337,33
5080,146,363,94004,49,99.15239909161224,99.21466462009899,0,0,272,40,0,0,242,10,0,0,272,88,0,0,226,42
5081,146,364,93785,51,98.28400633223488,98.33210807346866,0,0,187,52,0,0,150,15,0,0,187,115,0,0,121,49
5082,146,365,93296,58,99.49295961824332,99.40354420870239,0,0,94,80,0,0,26,12,0,0,94,135,0,0,24,65
5083,146,366,92861,58,97.85090734036443,97.99497103671978,0,0,80,82,0,0,18,20,0,0,80,133,0,0,6,59
5084,146,367,92551,67,98.28768343670693,98.2593191127853,0,0,41,72,0,0,5,36,0,0,41,159,0,0,2,120
5085,146,368,92261,67,98.72142057352839,98.76749022329476,1,1,42,29,0,0,22,9,1,0,42,85,1,0,14,57
5086,146,369,91920,68,94.9897106413902,97.86351873474075,1,1,282,66,0,0,233,17,1,0,282,137,1,0,220,75
5087,146,370,91858,78,97.28163762409866,97.47988943456954,2,2,40,47,0,0,17,24,2,2,40,106,0,0,10,76
5088,146,371,91674,82,96.1362239850788,92.35158428975542,2,2,108,221,0,0,38,151,2,2,108,294,0,0,30,216
5089,146,372,91460,85,98.95997892333664,98.8160789497366,0,0,54,57,0,0,13,16,0,0,54,99,0,0,6,51
5090,146,373,91293,91,96.25465430965909,94.64134108037887,1,1,186,230,0,0,23,67,1,0,186,340,1,0,13,167
5316,147,225,80696,5,87.66666666666667,100.0,0,0,92,109,0,0,26,43,0,0,92,171,0,0,17,96
5317,147,226,79317,5,100.0,100.0,0,0,228,279,0,0,36,87,0,0,228,530,0,0,7,309
5322,147,231,71797,5,44.666666666666664,96.66666666666666,0,0,340,142,0,0,233,35,0,0,340,258,0,0,173,91
5323,147,232,68505,8,100.0,51.096644583486686,0,0,216,143,0,0,156,83,0,0,216,246,0,0,133,163
5324,147,233,65604,6,100.0,66.33040935672514,0,0,168,191,0,0,43,66,0,0,168,251,0,0,34,117
5325,147,234,63678,6,78.71794871794873,41.96743723589361,0,0,325,573,0,0,46,294,0,0,325,912,0,0,29,616
5326,147,235,62567,6,0.5038277587843643,1.1540660375925245,3,0,764,961,3,0,66,263,3,0,764,1081,3,0,40,357
5327,147,236,62813,5,100.0,100.0,0,0,597,818,0,0,105,326,0,0,597,1023,0,0,81,507
5328,147,237,64610,5,100.0,85.26315789473684,0,0,326,458,0,0,37,169,0,0,326,668,0,0,27,369
5329,147,238,66153,6,22.505291005291006,97.61904761904762,0,0,182,206,0,0,46,70,0,0,182,381,0,0,28,227
5330,147,239,68286,5,71.58333333333333,100.0,0,0,586,666,0,0,67,147,0,0,586,974,0,0,22,410
5331,147,240,71016,6,2.1874034666040094,0.9737593454823221,0,0,615,737,0,0,107,229,0,0,615,941,0,0,36,362
5332,147,241,73753,7,99.99999999999997,90.47619047619047,0,0,223,924,0,0,103,804,0,0,223,1173,0,0,89,1039
5333,147,242,74951,5,100.0,82.94117647058823,0,0,868,1874,0,0,109,1115,0,0,868,2572,0,0,78,1782
5334,147,243,74717,9,100.0,93.23671497584543,0,0,191,1567,0,0,30,1406,0,0,191,2067,0,0,19,1895
5335,147,244,77021,7,99.99999999999997,99.99999999999997,0,0,457,1606,0,0,67,1216,0,0,457,2208,0,0,49,1800
5336,147,245,79911,8,100.0,100.0,0,0,1248,1458,0,0,99,309,0,0,1248,1814,0,0,53,619
5337,147,246,83241,8,0.21784069837692374,0.20699346232133775,8,3,1200,2178,5,0,31,1009,8,3,1200,2663,5,0,21,1484
5338,147,247,84889,9,18.816396484231923,100.0,0,0,2141,2524,0,0,91,474,0,0,2141,2813,0,0,63,735
5339,147,248,87179,8,28.496935673677292,84.07738095238095,0,0,2683,3230,0,0,111,658,0,0,2683,3438,0,0,94,849
5340,147,249,89343,11,2.063306454004311,79.2938122483577,0,0,1227,1793,0,0,282,848,0,0,1227,2512,0,0,82,1367
5341,147,250,91344,9,92.82627865961202,92.82627865961202,0,0,219,502,0,0,32,315,0,0,219,1015,0,0,26,822
5342,147,251,93133,10,99.99999999999999,100.0,0,0,348,975,0,0,49,676,0,0,348,1491,0,0,40,1183
5343,147,252,94915,9,100.00000000000003,3.9754994034014697,0,0,261,331,0,0,73,143,0,0,261,598,0,0,56,393
5344,147,253,96255,11,100.0,63.588510385550556,0,0,156,249,0,0,31,124,0,0,156,476,0,0,17,337
5345,147,254,97327,13,99.99999999999997,99.99999999999997,0,0,205,306,0,0,29,130,0,0,205,589,0,0,19,403
5346,147,255,98450,11,99.24242424242425,99.24242424242425,0,0,184,256,0,0,38,110,0,0,184,447,0,0,21,284
5347,147,256,99163,14,99.52380952380952,99.52380952380952,0,0,539,474,0,0,123,58,0,0,539,945,0,0,4,410
5348,147,257,100080,15,97.42002063983489,99.58333333333333,0,0,369,552,0,0,81,264,0,0,369,958,0,0,12,601
5349,147,258,100493,15,97.68115942028986,100.0,0,0,1494,1044,0,0,510,60,0,0,1494,1366,0,0,285,157
5350,147,259,100547,16,97.70720108695652,99.24172794117648,0,0,333,570,0,0,87,324,0,0,333,778,0,0,61,506
5351,147,260,99189,16,100.0,100.0,0,0,698,502,0,0,346,150,0,0,698,701,0,0,262,265
5352,147,261,99067,18,100.0,100.0,0,0,279,271,0,0,110,102,0,0,279,549,0,0,74,344
5353,147,262,100576,17,97.59165430878234,96.75832097544901,0,0,789,647,0,0,266,124,0,0,789,957,0,0,157,325
5354,147,263,102478,20,99.54545454545456,99.16666666666667,0,0,426,417,0,0,123,114,0,0,426,726,0,0,84,384
5355,147,264,102848,19,99.49874686716788,99.73684210526315,0,0,306,267,0,0,88,49,0,0,306,429,0,0,45,168
5356,147,265,103053,22,82.66331390810102,56.085665896955625,0,0,560,291,0,0,328,59,0,0,560,448,0,0,252,140
5357,147,266,103131,24,98.27777777777776,93.09934934934935,0,0,256,288,0,0,58,90,0,0,256,443,0,0,35,222
5358,147,267,102461,26,97.76668310322154,99.85754985754986,0,0,357,414,0,0,35,92,0,0,357,532,0,0,12,187
5359,147,268,102403,28,96.17812402738872,93.04243500573827,0,0,333,424,0,0,38,129,0,0,333,569,0,0,11,247
5360,147,269,102422,29,99.5152847768781,77.18871422718891,0,0,195,254,0,0,24,83,0,0,195,357,0,0,10,172
5361,147,270,102285,33,100.0,99.99999999999997,0,0,320,238,0,0,111,29,0,0,320,312,0,0,96,88
5362,147,271,102257,32,94.51041666666666,99.81617647058823,0,0,303,238,0,0,82,17,0,0,303,316,0,0,54,67
5363,147,272,102059,40,86.24226472932978,90.78645992369498,0,0,364,259,0,0,118,13,0,0,364,362,0,0,84,82
5364,147,273,101658,41,97.48645840255789,80.50207782807406,0,0,253,250,0,0,71,68,0,0,253,368,0,0,44,159
5365,147,274,101670,44,95.66961874835212,97.43578350498234,0,0,391,576,0,0,92,277,0,0,391,823,0,0,52,484
5366,147,275,101666,49,99.74187868367281,99.36291803339635,0,0,528,374,0,0,185,31,0,0,528,507,0,0,121,100
5367,147,276,100765,53,97.46215592250631,99.99999999999999,0,0,630,464,0,0,266,100,0,0,630,694,0,0,153,217
5368,147,277,99868,59,99.71917580591557,99.9444290080578,0,0,600,624,0,0,39,63,0,0,600,779,0,0,18,197
5369,147,278,98830,67,99.617117700573,67.57835900967102,0,0,682,1078,0,0,70,466,0,0,682,1241,0,0,57,616
5370,147,279,97699,74,25.609003663042678,26.254542457771723,0,0,557,477,0,0,126,46,0,0,557,581,0,0,96,120
5371,147,280,96782,81,88.34840223647868,93.7735217068987,0,0,409,399,0,0,64,54,0,0,409,510,0,0,52,153
5372,147,281,96260,91,90.32668420240117,97.40061050989388,0,0,498,478,0,0,51,31,0,0,498,619,0,0,17,138
5373,147,282,95883,102,99.71603704328591,99.92869875222817,0,0,501,735,0,0,39,273,0,0,501,922,0,0,18,439
5374,147,283,95604,109,94.7453129482914,98.54120745083459,0,0,587,899,0,0,105,417,0,0,587,1039,0,0,63,515
5375,147,284,95200,124,96.25330725640883,97.28833496006514,0,0,553,585,0,0,40,72,0,0,553,813,0,0,19,279
5376,147,285,94904,139,97.05026476659853,95.99582662944674,1,1,604,629,0,0,26,51,1,0,604,775,1,0,13,184
5377,147,286,94707,79,93.96768775730055,97.12952845627059,0,0,592,452,0,0,170,30,0,0,592,576,0,0,137,121
5378,147,287,94555,16,1.8286109382463334,1.908880409841853,0,0,629,700,0,0,37,108,0,0,629,841,0,0,14,226
5413,147,322,98966,12,71.77529352837749,74.57998098710914,0,0,145,150,0,0,56,61,0,0,145,264,0,0,30,149
5414,147,323,99070,39,100.0,100.0,0,0,283,199,0,0,164,80,0,0,283,304,0,0,150,171
5415,147,324,99511,66,99.48183335229642,97.20099727003513,0,0,434,357,0,0,120,43,0,0,434,550,0,0,35,151
5416,147,325,100041,68,99.93511175130816,99.93511175130814,0,0,319,399,0,0,80,160,0,0,319,663,0,0,35,379
5417,147,326,100854,67,98.90574750909768,99.24272349013033,0,0,407,298,0,0,145,36,0,0,407,447,0,0,84,124
5418,147,327,101291,59,99.26863882658472,99.09193540798933,0,0,357,348,0,0,42,33,0,0,357,462,0,0,12,117
5419,147,328,101587,58,96.41414325313028,99.07596048125816,0,0,227,205,0,0,76,54,0,0,227,277,0,0,50,100
5420,147,329,102129,46,99.65463675448179,99.50142904774285,0,0,182,188,0,0,41,47,0,0,182,328,0,0,24,170
5421,147,330,102823,46,99.8196443038463,99.77439634503199,0,0,215,214,0,0,64,63,0,0,215,331,0,0,27,143
5422,147,331,104569,43,99.22574240854392,98.95681099910652,0,0,447,262,0,0,228,43,0,0,447,423,0,0,164,140
5423,147,332,106127,39,98.95669508771414,99.20247172389156,0,0,450,320,0,0,205,75,0,0,450,495,0,0,145,190
5424,147,333,106628,32,100.0,100.0,0,0,251,312,0,0,31,92,0,0,251,457,0,0,7,213
5425,147,334,107326,36,99.54780361757108,99.92492492492492,0,0,324,264,0,0,114,54,0,0,324,437,0,0,72,185
5426,147,335,107762,33,98.32741232197752,99.73501246228518,0,0,309,293,0,0,71,55,0,0,309,424,0,0,42,157
5427,147,336,108669,28,96.52186071803503,96.5202702032866,0,0,193,259,0,0,34,100,0,0,193,436,0,0,0,243
5428,147,337,109667,26,98.38927738927737,98.86110733259275,0,0,252,456,0,0,26,230,0,0,252,645,0,0,20,413
5429,147,338,110350,26,99.55577470962085,99.70962086346701,0,0,459,306,0,0,242,89,0,0,459,514,0,0,132,187
5430,147,339,110947,26,77.95889874959495,94.93328039481884,0,0,613,443,0,0,226,56,0,0,613,636,0,0,92,115
5431,147,340,111519,23,99.28985507246378,99.28985507246375,0,0,366,191,0,0,227,52,0,0,366,352,0,0,158,144
5432,147,341,112114,20,36.90462653566445,96.74662657460648,0,0,205,173,0,0,58,26,0,0,205,242,0,0,32,69
5433,147,342,112574,20,98.36996336996337,97.82902769744875,0,0,90,81,0,0,37,28,0,0,90,158,0,0,13,81
5434,147,343,112920,21,96.4351590438547,98.65134865134866,0,0,275,112,0,0,192,29,0,0,275,204,0,0,142,71
5435,147,344,113157,19,95.53429027113233,97.94657097288675,0,0,183,213,0,0,42,72,0,0,183,347,0,0,19,183
5436,147,345,113237,17,97.5659229208925,99.11764705882354,0,0,311,185,0,0,170,44,0,0,311,325,0,0,123,137
5437,147,346,112534,12,100.0,100.0,0,0,398,171,0,0,240,13,0,0,398,333,0,0,130,65
5438,147,347,111811,13,99.45054945054946,99.45054945054946,0,0,676,351,0,0,342,17,0,0,676,512,0,0,220,56
5439,147,348,111566,14,99.99999999999997,99.99999999999997,0,0,478,182,0,0,302,6,0,0,478,290,0,0,227,39
5440,147,349,111175,13,94.55374753451676,94.55374753451673,0,0,323,221,0,0,142,40,0,0,323,348,0,0,52,77
5441,147,350,111364,11,100.0,100.0,0,0,742,241,0,0,521,20,0,0,742,418,0,0,381,57
5442,147,351,111588,11,76.7344398280012,96.53679653679654,0,0,634,358,0,0,295,19,0,0,634,524,0,0,186,76
5443,147,352,111757,11,100.0,100.0,0,0,714,229,0,0,497,12,0,0,714,393,0,0,347,26
5444,147,353,112141,11,87.87445887445887,100.0,0,0,630,454,0,0,191,15,0,0,630,624,0,0,101,95
5445,147,354,112576,9,95.75757575757578,95.75757575757578,0,0,559,402,0,0,173,16,0,0,559,547,0,0,63,51
5446,147,355,112842,6,100.0,100.0,0,0,495,231,0,0,268,4,0,0,495,340,0,0,178,23
5447,147,356,112870,8,96.5909090909091,97.5,0,0,277,192,0,0,125,40,0,0,277,334,0,0,46,103
5448,147,357,112995,9,100.00000000000003,100.0,0,0,270,76,0,0,218,24,0,0,270,154,0,0,192,76
5449,147,358,113133,5,91.1111111111111,92.5,0,0,293,145,0,0,163,15,0,0,293,290,0,0,81,78
5450,147,359,113038,6,94.84126984126983,100.0,0,0,121,82,0,0,67,28,0,0,121,194,0,0,35,108
5451,147,360,112933,7,55.19491525423729,99.99999999999997,0,0,179,169,0,0,64,54,0,0,179,281,0,0,24,126
5453,147,362,111958,8,80.73232323232324,86.5909090909091,0,0,397,303,0,0,131,37,0,0,397,543,0,0,51,197
5454,147,363,111334,8,87.5545634920635,100.0,0,0,636,626,0,0,127,117,0,0,636,892,0,0,59,315
5455,147,364,110633,5,65.93939393939394,100.0,0,0,742,483,0,0,373,114,0,0,742,771,0,0,283,312
5456,147,365,109742,7,99.99999999999997,98.2142857142857,0,0,782,727,0,0,279,224,0,0,782,979,0,0,237,434
5457,147,366,108749,5,100.0,100.0,0,0,502,330,0,0,187,15,0,0,502,538,0,0,102,138
5458,147,367,107610,8,100.0,100.0,0,0,483,326,0,0,226,69,0,0,483,490,0,0,112,119
5460,147,369,104459,8,100.0,100.0,0,0,697,493,0,0,270,66,0,0,697,710,0,0,148,161
5461,147,370,102672,5,96.66666666666666,96.66666666666667,0,0,544,416,0,0,150,22,0,0,544,553,0,0,84,93
5462,147,371,100670,5,100.0,100.0,0,0,425,441,0,0,175,191,0,0,425,579,0,0,94,248
5465,147,374,93368,5,24.03313049357674,100.0,0,0,310,433,0,0,146,269,0,0,310,560,0,0,99,349
5471,147,380,81035,5,29.244444444444444,96.66666666666669,0,0,810,251,0,0,634,75,0,0,810,545,0,0,454,189
5479,147,388,68316,6,17.904189267680316,97.6190476190476,0,0,282,442,0,0,143,303,0,0,282,737,0,0,80,535
5487,147,396,60183,5,0.7412708549276603,0.6190731898317734,2,0,384,996,2,0,35,647,2,0,384,1227,2,0,9,852
5619,148,127,76854,5,15.898892773892772,4.295965917578108,0,0,207,132,0,0,118,43,0,0,207,294,0,0,30,117
5620,148,128,75439,5,11.515545085339134,11.97239475500345,0,0,139,123,0,0,47,31,0,0,139,192,0,0,24,77
5626,148,134,70804,6,100.0,100.0,0,0,222,136,0,0,150,64,0,0,222,242,0,0,125,145
5627,148,135,68536,5,100.0,100.0,0,0,89,135,0,0,23,69,0,0,89,210,0,0,15,136
5628,148,136,66287,5,100.0,100.0,0,0,240,254,0,0,150,164,0,0,240,355,0,0,129,244
5632,148,140,63414,6,95.83333333333333,100.0,0,0,405,603,0,0,33,231,0,0,405,838,0,0,15,448
5633,148,141,65215,7,30.241858445505866,95.71428571428571,0,0,293,411,0,0,81,199,0,0,293,595,0,0,71,373
5634,148,142,66675,5,94.28571428571428,85.0909090909091,0,0,318,310,0,0,44,36,0,0,318,446,0,0,17,145
5635,148,143,68279,5,87.11111111111111,76.14164305949008,0,1,318,216,0,1,130,28,0,1,318,564,0,1,34,280
5636,148,144,70398,7,100.0,88.74458874458874,0,0,700,817,0,0,108,225,0,0,700,994,0,0,19,313
5637,148,145,72309,6,91.50793650793649,16.49061994027669,0,0,446,344,0,0,215,113,0,0,446,564,0,0,107,225
5638,148,146,73894,6,100.0,100.0,0,0,763,541,0,0,293,71,0,0,763,796,0,0,174,207
5640,148,148,74482,8,100.0,48.25774220652059,0,0,633,3666,0,0,15,3048,0,0,633,4072,0,0,11,3450
5641,148,149,75814,7,100.0,99.99999999999997,0,0,410,2203,0,0,32,1825,0,0,410,2958,0,0,15,2563
5642,148,150,76552,6,0.5692055648981901,95.83333333333334,0,0,2318,1118,0,0,1488,288,0,0,2318,1467,0,0,1306,455
5643,148,151,78341,7,98.2142857142857,98.2142857142857,0,0,2222,1481,0,0,965,224,0,0,2222,1727,0,0,783,288
5644,148,152,81307,9,7.824477470574697,100.0,0,0,1994,2056,0,0,324,386,0,0,1994,2569,0,0,160,735
5645,148,153,83300,9,27.85528915624375,100.00000000000003,0,0,2708,2826,0,0,387,505,0,0,2708,3078,0,0,304,674
5646,148,154,85305,9,70.06655873358518,100.00000000000003,0,0,1385,2906,0,0,177,1698,0,0,1385,3396,0,0,144,2155
5647,148,155,87201,11,1.612470686763576,49.38100955376655,0,0,1121,1833,0,0,260,972,0,0,1121,2468,0,0,255,1602
5648,148,156,88787,9,100.0,100.00000000000003,0,0,251,623,0,0,67,439,0,0,251,1415,0,0,55,1219
5649,148,157,90492,10,93.44497607655502,100.0,0,0,489,701,0,0,133,345,0,0,489,1287,0,0,75,873
5650,148,158,92378,10,99.99999999999999,28.34809089705378,0,0,177,672,0,0,37,532,0,0,177,1091,0,0,19,933
5651,148,159,93651,10,98.09090909090908,4.451182875638669,0,0,137,250,0,0,39,152,0,0,137,446,0,0,27,336
5652,148,160,95455,11,100.0,100.0,0,0,150,216,0,0,55,121,0,0,150,360,0,0,44,254
5653,148,161,96311,11,98.05194805194806,59.17817031453395,0,0,97,142,0,0,15,60,0,0,97,271,0,0,8,182
5654,148,162,97290,11,88.14878303514668,100.0,0,0,125,129,0,0,45,49,0,0,125,325,0,0,39,239
5655,148,163,98525,11,100.0,100.0,0,0,116,242,0,0,26,152,0,0,116,518,0,0,12,414
5656,148,164,100213,13,99.99999999999997,100.0,0,0,379,262,0,0,214,97,0,0,379,450,0,0,182,253
5657,148,165,101322,11,96.31641086186542,97.22550177095633,0,0,591,647,0,0,35,91,0,0,591,773,0,0,21,203
5658,148,166,101848,14,99.99999999999999,99.99999999999997,0,0,944,623,0,0,389,68,0,0,944,887,0,0,286,229
5659,148,167,101018,12,100.0,100.0,0,0,374,560,0,0,44,230,0,0,374,1026,0,0,7,659
5660,148,168,99764,15,100.0,100.0,0,0,444,321,0,0,274,151,0,0,444,560,0,0,238,354
5661,148,169,99137,18,99.7076023391813,99.44444444444444,0,0,174,231,0,0,35,92,0,0,174,477,0,0,3,306
5662,148,170,100222,16,100.0,100.0,0,0,507,412,0,0,251,156,0,0,507,719,0,0,146,358
5663,148,171,101855,20,79.63349600065337,99.24874686716792,0,0,318,208,0,0,182,72,0,0,318,346,0,0,151,179
5664,148,172,103334,17,92.21232285086774,91.45766981877257,0,0,278,208,0,0,141,71,0,0,278,457,0,0,73,252
5665,148,173,103357,18,99.7076023391813,100.0,0,0,240,126,0,0,130,16,0,0,240,219,0,0,78,57
5666,148,174,103263,18,99.39896036387266,99.39896036387265,0,0,431,397,0,0,58,24,0,0,431,530,0,0,11,110
5667,148,175,103415,21,100.0,100.0,0,0,153,148,0,0,42,37,0,0,153,252,0,0,10,109
5668,148,176,103307,21,97.22933378847358,99.40476190476191,0,0,338,140,0,0,246,48,0,0,338,265,0,0,201,128
5669,148,177,103090,27,95.77684561555526,94.7979140261551,0,0,114,93,0,0,34,13,0,0,114,189,0,0,9,84
5670,148,178,103075,28,99.65437788018431,99.65437788018433,0,0,225,269,0,0,30,74,0,0,225,382,0,0,18,175
5671,148,179,102891,27,97.99113175300089,98.43132811163997,0,0,131,130,0,0,48,47,0,0,131,222,0,0,23,114
5672,148,180,102885,28,100.0,99.99999999999999,0,0,89,90,0,0,28,29,0,0,89,158,0,0,15,84
5673,148,181,103028,30,99.99999999999999,100.0,0,0,213,118,0,0,109,14,0,0,213,226,0,0,66,79
5674,148,182,102509,35,99.02384924747282,98.93744371751892,0,0,237,114,0,0,137,14,0,0,237,209,0,0,111,83
5675,148,183,102266,34,99.38440492476062,99.91596638655463,0,0,211,204,0,0,39,32,0,0,211,311,0,0,23,123
5676,148,184,101637,40,100.0,100.0,0,0,124,101,0,0,54,31,0,0,124,210,0,0,26,112
5677,148,185,101043,41,100.0,100.0,0,0,175,252,0,0,10,87,0,0,175,467,0,0,2,294
5678,148,186,101194,44,99.99999999999997,99.99999999999997,0,0,137,196,0,0,70,129,0,0,137,430,0,0,58,351
5679,148,187,100880,47,99.61648056143035,99.61742367294384,0,0,704,373,0,0,388,57,0,0,704,629,0,0,248,173
5680,148,188,100577,57,77.62254249190165,81.15233214758835,0,0,635,831,0,0,73,269,0,0,635,1107,0,0,35,507
5681,148,189,100387,53,30.04581980924328,65.75016062836377,0,0,466,499,0,0,39,72,0,0,466,675,0,0,17,226
5682,148,190,99826,65,13.368654072454412,30.962519344457768,0,0,364,547,0,0,34,217,0,0,364,822,0,0,9,467
5683,148,191,99380,66,78.51957181726584,69.320856050851,0,0,211,269,0,0,32,90,0,0,211,369,0,0,23,181
5684,148,192,98900,76,99.79532163742692,99.93421052631581,0,0,401,170,0,0,275,44,0,0,401,379,0,0,209,187
5685,148,193,98800,86,99.7039380102127,99.73260655078458,0,0,205,265,0,0,29,89,0,0,205,400,0,0,11,206
5686,148,194,98690,93,99.47619409164652,99.53439284037341,0,0,148,251,0,0,8,111,0,0,148,470,0,0,3,325
5687,148,195,98706,97,99.95726150263988,99.95726150263988,0,0,227,318,0,0,17,108,0,0,227,542,0,0,4,319
5688,148,196,98552,111,99.55554905119877,99.84311008381674,0,0,163,304,0,0,17,158,0,0,163,517,0,0,3,357
5689,148,197,98677,109,99.3252480658038,99.4596389614901,0,0,332,509,0,0,118,295,0,0,332,744,0,0,44,456
5690,148,198,98667,52,100.00000000000003,100.0,0,0,295,172,0,0,154,31,0,0,295,340,0,0,101,146
5757,148,265,105534,25,22.584478521740863,46.71298372548422,0,0,295,228,0,0,157,90,0,0,295,357,0,0,142,204
5758,148,266,104706,60,96.18052101386154,99.04115638113484,0,0,371,152,0,0,278,59,0,0,371,250,0,0,258,137
5759,148,267,104687,96,94.72515901716629,99.50672570877603,0,0,404,223,0,0,258,77,0,0,404,419,0,0,179,194
5760,148,268,104941,99,95.69015842121324,93.1134145871042,0,0,486,389,0,0,145,48,0,0,486,621,0,0,79,214
5761,148,269,105509,90,99.26507185093257,99.16662900931607,0,0,591,357,0,0,286,52,0,0,591,562,0,0,198,169
5762,148,270,106212,83,91.61848579050157,99.90122691896988,0,0,482,299,0,0,235,52,0,0,482,488,0,0,176,182
5763,148,271,107060,68,99.28368365987782,98.9356603795917,0,0,291,255,0,0,151,115,0,0,291,429,0,0,98,236
5764,148,272,107461,63,99.67814427635857,99.56031699138201,0,0,308,256,0,0,78,26,0,0,308,426,0,0,27,145
5765,148,273,108033,59,95.54677616293064,95.5683838679243,0,0,353,345,0,0,119,111,0,0,353,516,0,0,65,228
5766,148,274,109830,56,99.20611280604813,99.96867167919801,0,0,146,160,0,0,34,48,0,0,146,257,0,0,25,136
5767,148,275,111458,54,95.83402908446985,98.93841894995064,0,0,416,214,0,0,230,28,0,0,416,335,0,0,187,106
5768,148,276,111634,47,89.40471321189905,98.24303761004178,0,0,316,381,0,0,183,248,0,0,316,588,0,0,137,409
5769,148,277,112258,38,98.68236382209008,99.00576591019804,0,0,338,200,0,0,213,75,0,0,338,371,0,0,166,199
5770,148,278,112934,38,98.24335932019878,99.72804521973495,0,0,196,239,0,0,42,85,0,0,196,384,0,0,21,209
5771,148,279,113664,35,98.93642726127818,98.9331431890286,0,0,518,388,0,0,181,51,0,0,518,658,0,0,87,227
5772,148,280,114409,34,86.24810269800764,99.76152623211448,0,0,654,620,0,0,116,82,0,0,654,863,0,0,64,273
5773,148,281,115078,33,88.40464889514496,96.28778464010445,0,0,873,617,0,0,311,55,0,0,873,844,0,0,195,166
5774,148,282,115813,26,97.70924891572665,95.96832044673921,0,0,1033,789,0,0,324,80,0,0,1033,1054,0,0,235,256
5775,148,283,116420,24,99.99999999999999,99.99999999999999,0,0,714,625,0,0,170,81,0,0,714,838,0,0,64,188
5776,148,284,116822,24,97.8812291715105,97.9626431373058,0,0,215,221,0,0,64,70,0,0,215,375,0,0,41,201
5777,148,285,117273,23,98.68723274205315,98.68723274205317,0,0,331,176,0,0,203,48,0,0,331,297,0,0,173,139
5778,148,286,117758,19,92.87651495889482,97.1939765508355,0,0,205,189,0,0,55,39,0,0,205,288,0,0,44,127
5779,148,287,118251,19,95.76758360590034,96.47121669180493,0,0,187,154,0,0,97,64,0,0,187,297,0,0,53,163
5780,148,288,118617,19,49.70733175906795,95.95383472012932,0,0,244,190,0,0,75,21,0,0,244,292,0,0,35,83
5781,148,289,119026,15,99.99999999999999,99.58333333333333,0,0,239,274,0,0,89,124,0,0,239,456,0,0,37,254
5782,148,290,118619,14,99.99999999999997,99.99999999999999,0,0,249,223,0,0,82,56,0,0,249,365,0,0,38,154
5783,148,291,118289,13,99.99999999999997,99.99999999999997,0,0,344,166,0,0,245,67,0,0,344,329,0,0,173,158
5784,148,292,118296,11,98.48484848484848,95.42929292929294,0,0,335,119,0,0,243,27,0,0,335,243,0,0,200,108
5785,148,293,118290,8,94.15178571428572,94.15178571428572,0,0,383,295,0,0,135,47,0,0,383,505,0,0,61,183
5786,148,294,119022,11,22.618709228707726,95.04767959313413,0,0,370,365,0,0,102,97,0,0,370,604,0,0,65,299
5787,148,295,119481,12,99.35897435897435,97.90695415695416,0,0,448,206,0,0,299,57,0,0,448,413,0,0,168,133
5788,148,296,119956,11,100.0,100.0,0,0,546,551,0,0,175,180,0,0,546,753,0,0,89,296
5789,148,297,120233,15,15.148348071531897,100.0,0,0,609,397,0,0,303,91,0,0,609,548,0,0,213,152
5790,148,298,120511,10,99.99999999999999,100.0,0,0,234,141,0,0,146,53,0,0,234,295,0,0,88,149
5791,148,299,120665,9,100.0,100.00000000000003,0,0,448,415,0,0,205,172,0,0,448,619,0,0,128,299
5792,148,300,120849,9,100.00000000000003,100.00000000000003,0,0,135,190,0,0,60,115,0,0,135,316,0,0,32,213
5793,148,301,120905,9,98.88888888888889,98.88888888888891,0,0,135,70,0,0,106,41,0,0,135,170,0,0,66,101
5794,148,302,121011,5,71.0,100.0,0,0,281,172,0,0,158,49,0,0,281,333,0,0,104,156
5795,148,303,121034,6,94.44444444444444,100.0,0,0,307,164,0,0,187,44,0,0,307,323,0,0,113,129
5796,148,304,121065,7,10.819168553779464,88.01587301587301,0,0,232,322,0,0,36,126,0,0,232,490,0,0,9,267
5797,148,305,120992,7,99.99999999999997,99.99999999999997,0,0,373,341,0,0,113,81,0,0,373,565,0,0,77,269
5798,148,306,121074,8,32.58763227513227,100.0,0,0,747,453,0,0,439,145,0,0,747,653,0,0,406,312
5799,148,307,121014,5,62.95238095238095,25.67277167277167,0,0,551,516,0,0,218,183,0,0,551,729,0,0,161,339
5800,148,308,120976,9,100.0,100.00000000000003,0,0,294,351,0,0,56,113,0,0,294,612,0,0,26,344
5801,148,309,120980,5,100.0,100.0,0,0,362,342,0,0,88,68,0,0,362,574,0,0,43,255
5802,148,310,120951,7,99.99999999999997,98.2142857142857,0,0,257,159,0,0,125,27,0,0,257,374,0,0,41,158
5804,148,312,120738,6,100.0,100.0,0,0,274,324,0,0,204,254,0,0,274,580,0,0,144,450
5805,148,313,120606,6,100.0,100.0,0,0,755,731,0,0,156,132,0,0,755,995,0,0,91,331
5806,148,314,120461,8,100.0,100.0,0,0,393,415,0,0,109,131,0,0,393,689,0,0,34,330
5821,148,329,114145,5,0.7718710680538792,7.069188316645944,0,0,891,595,0,0,526,230,0,0,891,974,0,0,392,475
5823,148,331,112450,5,0.14697924241574073,4.870386366409761,5,0,572,657,5,0,130,215,5,0,572,1152,5,0,57,637
5832,148,340,102968,5,0.20499506356336084,0.1511162946282701,5,5,1091,1088,0,0,537,534,5,5,1091,1428,0,0,408,745
6241,149,147,82005,5,0.4022248349038224,0.46153915880456764,1,1,802,727,0,0,141,66,1,0,802,888,1,0,119,205
6242,149,148,81140,5,5.497059331645798,0.4979670187433269,0,0,535,845,0,0,18,328,0,0,535,941,0,0,8,414
6243,149,149,81449,5,0.3596687522633579,0.44145281949024023,0,0,1020,957,0,0,122,59,0,0,1020,1093,0,0,57,130
6244,149,150,82543,6,0.6050800884504074,0.5330446571068567,3,5,545,574,0,2,81,110,3,1,545,708,2,0,33,196
6248,149,154,82132,5,0.3586744096604665,20.834500757997972,0,1,1396,467,0,1,946,17,0,0,1396,801,0,0,671,76
6250,149,156,81301,5,100.0,100.0,0,0,553,104,0,0,483,34,0,0,553,170,0,0,444,61
6255,149,161,75318,6,100.0,100.0,0,0,1173,104,0,0,1071,2,0,0,1173,191,0,0,1004,22
6256,149,162,73790,5,100.0,96.66666666666666,0,0,924,322,0,0,633,31,0,0,924,569,0,0,479,124
6257,149,163,70367,7,99.99999999999997,99.99999999999997,0,0,557,268,0,0,311,22,0,0,557,435,0,0,201,79
6258,149,164,66917,7,100.0,99.99999999999997,0,0,97,124,0,0,47,74,0,0,97,180,0,0,31,114
6259,149,165,64406,7,100.0,88.8392857142857,0,0,159,246,0,0,21,108,0,0,159,325,0,0,8,174
6260,149,166,62622,6,100.0,100.0,0,0,419,711,0,0,16,308,0,0,419,1006,0,0,7,594
6261,149,167,62073,7,100.0,99.99999999999997,0,0,276,786,0,0,45,555,0,0,276,897,0,0,27,648
6262,149,168,63068,7,99.99999999999997,99.99999999999997,0,0,507,165,0,0,374,32,0,0,507,335,0,0,256,84
6263,149,169,64740,7,99.99999999999997,99.99999999999997,0,0,570,525,0,0,153,108,0,0,570,631,0,0,141,202
6264,149,170,66646,5,62.95238095238095,83.92857142857142,0,0,254,93,0,0,180,19,0,0,254,190,0,0,135,71
6265,149,171,68962,8,100.0,85.53571428571429,0,0,787,288,0,0,613,114,0,0,787,405,0,0,547,165
6266,149,172,71845,8,100.0,5.752380258781868,0,0,332,397,0,0,126,191,0,0,332,574,0,0,93,335
6267,149,173,73894,8,100.0,92.06845238095238,0,0,492,281,0,0,395,184,0,0,492,527,0,0,286,321
6268,149,174,73342,8,82.27678571428572,24.97586028793311,0,0,1039,3030,0,0,20,2011,0,0,1039,3726,0,0,15,2702
6269,149,175,75035,8,100.0,100.0,0,0,400,1779,0,0,16,1395,0,0,400,2240,0,0,12,1852
6270,149,176,77033,9,100.0,100.00000000000003,0,0,1080,1310,0,0,185,415,0,0,1080,1697,0,0,65,682
6271,149,177,80775,11,80.2388772843318,11.550451539167907,0,0,1160,2290,0,0,50,1180,0,0,1160,2872,0,0,21,1733
6272,149,178,83441,10,14.442560690790767,0.5206828131641847,0,0,1898,2762,0,0,38,902,0,0,1898,2975,0,0,27,1104
6273,149,179,86228,12,1.2855622734628818,0.5059079756743308,0,0,2146,2468,0,0,83,405,0,0,2146,2890,0,0,39,783
6274,149,180,88827,9,100.00000000000003,100.00000000000003,0,0,1117,1162,0,0,656,701,0,0,1117,1585,0,0,488,956
6275,149,181,91432,12,100.0,100.0,0,0,958,603,0,0,707,352,0,0,958,991,0,0,673,706
6276,149,182,93790,11,100.0,100.0,0,0,114,494,0,0,14,394,0,0,114,644,0,0,9,539
6277,149,183,95819,11,100.0,7.490238679225776,0,0,87,257,0,0,33,203,0,0,87,555,0,0,21,489
6278,149,184,97206,15,99.13888888888889,99.13888888888889,0,0,463,236,0,0,317,90,0,0,463,502,0,0,259,298
6279,149,185,98687,13,99.45054945054945,100.0,0,0,177,194,0,0,45,62,0,0,177,545,0,0,6,374
6280,149,186,99471,16,100.0,100.0,0,0,248,174,0,0,136,62,0,0,248,336,0,0,121,209
6281,149,187,100561,15,99.58333333333333,99.13888888888889,0,0,229,287,0,0,62,120,0,0,229,490,0,0,53,314
6282,149,188,101171,16,97.97149122807018,97.97149122807018,0,0,543,528,0,0,119,104,0,0,543,952,0,0,48,457
6283,149,189,101620,17,100.0,100.0,0,0,429,896,0,0,74,541,0,0,429,1285,0,0,12,868
6284,149,190,102056,21,100.0,100.0,0,0,244,433,0,0,26,215,0,0,244,691,0,0,4,451
6285,149,191,101773,23,100.0,100.0,0,0,245,483,0,0,35,273,0,0,245,747,0,0,9,511
6286,149,192,102630,22,99.15824915824915,99.80237154150197,0,0,395,180,0,0,291,76,0,0,395,382,0,0,277,264
6287,149,193,103117,21,99.08424908424908,99.01133786848072,0,0,261,408,0,0,22,169,0,0,261,645,0,0,16,400
6288,149,194,103528,25,87.19393341881958,86.66361371373314,0,0,191,157,0,0,79,45,0,0,191,249,0,0,42,100
6289,149,195,103803,29,96.04547470841463,97.61989682676871,0,0,146,140,0,0,35,29,0,0,146,248,0,0,17,119
6290,149,196,103887,30,97.08255633255632,97.03205128205127,0,0,99,54,0,0,59,14,0,0,99,187,0,0,32,120
6291,149,197,103814,32,99.29563492063492,99.54274891774892,0,0,154,136,0,0,42,24,0,0,154,244,0,0,12,102
6292,149,198,103987,33,99.29527836504582,99.53379953379952,0,0,176,95,0,0,100,19,0,0,176,157,0,0,89,70
6293,149,199,103844,36,98.80335516478928,99.40596211494045,0,0,109,87,0,0,53,31,0,0,109,156,0,0,27,74
6294,149,200,104001,42,99.73052787006276,99.73052787006276,0,0,111,103,0,0,38,30,0,0,111,206,0,0,12,107
6295,149,201,103032,43,98.33647708810102,98.36753449111299,0,0,83,77,0,0,42,36,0,0,83,172,0,0,32,121
6296,149,202,101778,50,99.53447185325743,99.50887021475258,0,0,89,74,0,0,31,16,0,0,89,169,0,0,10,90
6297,149,203,101171,50,99.80059392987965,99.76754475375056,0,0,410,458,0,0,28,76,0,0,410,608,0,0,17,215
6298,149,204,100305,60,99.56949997692682,99.68883699345955,0,0,222,266,0,0,34,78,0,0,222,420,0,0,23,221
6299,149,205,99536,66,53.50392024114361,99.20948616600789,0,0,548,551,0,0,53,56,0,0,548,639,0,0,29,120
6300,149,206,98660,82,12.969013268778331,28.863276877622912,0,0,480,625,0,0,61,206,0,0,480,867,0,0,26,413
6301,149,207,97558,88,35.078733660077475,41.35332536192941,0,0,266,227,0,0,104,65,0,0,266,367,0,0,93,194
6302,149,208,96646,113,97.69274096358099,97.53590523659238,0,0,234,250,0,0,24,40,0,0,234,354,0,0,12,132
6303,149,209,96257,130,98.66646230135474,98.55137171693895,0,0,163,193,0,0,29,59,0,0,163,342,0,0,16,195
6304,149,210,95862,149,99.28257344060547,99.28477988120619,0,0,262,321,0,0,19,78,0,0,262,549,0,0,11,298
6305,149,211,96018,91,99.70877403562953,99.73081409896298,0,0,157,178,0,0,70,91,0,0,157,314,0,0,51,208
6306,149,212,96137,21,100.00000000000003,100.0,0,0,152,204,0,0,74,126,0,0,152,357,0,0,59,264
6326,149,232,100652,9,78.76543209876544,98.88888888888889,0,0,190,102,0,0,113,25,0,0,190,210,0,0,80,100
6327,149,233,100890,85,96.67116866247949,99.10208386833148,0,0,284,173,0,0,131,20,0,0,284,286,0,0,76,78
6328,149,234,101340,135,93.12458500122356,94.04984057604551,1,1,221,230,0,0,48,57,1,0,221,366,1,0,31,176
6329,149,235,100433,112,92.77328223829396,94.9123038472522,0,0,585,509,0,0,154,78,0,0,585,762,0,0,91,268
6330,149,236,101135,94,97.73647610639706,95.3352623369901,0,0,501,396,0,0,159,54,0,0,501,584,0,0,86,169
6331,149,237,102463,88,91.5066192615962,92.91755397226912,5,5,311,229,0,0,125,43,5,5,311,384,0,0,79,152
6332,149,238,104760,74,77.80211837621691,90.01788457887663,0,0,388,249,0,0,176,37,0,0,388,354,0,0,146,112
6333,149,239,105998,60,82.149857796926,91.68815898356725,0,0,240,328,0,0,57,145,0,0,240,474,0,0,34,268
6334,149,240,107392,52,98.03080986657248,98.38901799626302,0,0,188,253,0,0,32,97,0,0,188,429,0,0,23,264
6335,149,241,108725,43,96.99477874535937,97.30955436042528,0,0,386,356,0,0,121,91,0,0,386,532,0,0,84,230
6336,149,242,110200,39,62.92891123156923,99.93589743589745,0,0,522,204,0,0,392,74,0,0,522,374,0,0,343,195
6337,149,243,111365,38,93.17381114627527,93.65150475382423,2,2,524,469,0,0,95,40,2,2,524,664,0,0,40,180
6338,149,244,112621,31,89.84654976576756,98.89235749797662,0,0,949,536,0,0,443,30,0,0,949,758,0,0,307,116
6339,149,245,113586,28,99.8768472906404,99.63435374149658,0,0,805,534,0,0,343,72,0,0,805,717,0,0,225,137
6340,149,246,114307,25,92.89764414862222,94.98193760262727,0,0,649,534,0,0,219,104,0,0,649,705,0,0,115,171
6341,149,247,114971,24,99.47856280193236,98.06581110460421,0,0,161,159,0,0,79,77,0,0,161,269,0,0,38,146
6342,149,248,115524,24,91.04518049656744,94.3788810514258,0,0,247,229,0,0,55,37,0,0,247,341,0,0,27,121
6343,149,249,115891,25,96.82567580567581,99.84615384615387,0,0,243,257,0,0,104,118,0,0,243,347,0,0,66,170
6344,149,250,116075,22,96.31818181818181,99.80237154150198,0,0,261,135,0,0,193,67,0,0,261,265,0,0,148,152
6345,149,251,115964,19,98.97243107769422,98.97243107769422,0,0,370,221,0,0,202,53,0,0,370,375,0,0,137,142
6346,149,252,115124,17,100.0,99.67320261437908,0,0,273,179,0,0,149,55,0,0,273,313,0,0,109,149
6347,149,253,114728,12,97.90695415695416,98.66452991452994,0,0,485,204,0,0,310,29,0,0,485,364,0,0,265,144
6348,149,254,114315,14,99.99999999999997,99.99999999999999,0,0,579,286,0,0,386,93,0,0,579,475,0,0,244,140
6349,149,255,114571,12,96.8545751633987,96.85457516339868,0,0,554,309,0,0,342,97,0,0,554,477,0,0,225,148
6350,149,256,115000,11,98.4159779614325,98.4159779614325,0,0,881,651,0,0,330,100,0,0,881,887,0,0,155,161
6351,149,257,115480,13,97.04231665770126,97.51850713389172,0,0,664,394,0,0,354,84,0,0,664,588,0,0,219,143
6352,149,258,116121,10,100.0,100.0,0,0,780,702,0,0,168,90,0,0,780,903,0,0,86,209
6353,149,259,116706,10,100.0,100.0,0,0,377,415,0,0,47,85,0,0,377,583,0,0,28,234
6354,149,260,117100,9,88.88888888888889,97.65432098765432,0,0,625,330,0,0,321,26,0,0,625,524,0,0,227,126
6355,149,261,117566,8,100.0,100.0,0,0,189,120,0,0,141,72,0,0,189,206,0,0,122,139
6356,149,262,117949,9,100.0,100.00000000000003,0,0,273,273,0,0,78,78,0,0,273,465,0,0,35,227
6357,149,263,118198,5,100.0,100.0,0,0,91,90,0,0,62,61,0,0,91,209,0,0,39,157
6358,149,264,118479,5,8.029249435623306,26.541380188439014,0,0,188,220,0,0,51,83,0,0,188,357,0,0,34,203
6359,149,265,118599,5,94.28571428571428,100.0,0,0,415,385,0,0,129,99,0,0,415,572,0,0,81,238
6360,149,266,118652,5,100.0,100.0,0,0,370,262,0,0,179,71,0,0,370,429,0,0,106,165
6361,149,267,118683,5,100.0,100.0,0,0,575,269,0,0,408,102,0,0,575,516,0,0,321,262
6363,149,269,118661,8,77.020202020202,74.48232323232324,0,0,408,260,0,0,213,65,0,0,408,437,0,0,131,160
6364,149,270,118598,8,100.0,100.0,0,0,723,483,0,0,278,38,0,0,723,788,0,0,111,176
6365,149,271,118493,8,100.0,100.0,0,0,732,600,0,0,166,34,0,0,732,789,0,0,64,121
6368,149,274,118240,5,100.0,100.0,0,0,710,488,0,0,244,22,0,0,710,635,0,0,136,61
6369,149,275,118135,7,100.0,24.437410857354156,0,0,518,525,0,0,200,207,0,0,518,672,0,0,118,272
6370,149,276,117969,6,97.61904761904762,97.61904761904762,0,0,283,266,0,0,151,134,0,0,283,392,0,0,113,222
6378,149,284,115246,6,71.32936507936508,100.0,0,0,1149,614,0,0,656,121,0,0,1149,1099,0,0,467,417
6386,149,292,109118,6,0.10006941899498843,5.823444500994024,6,0,783,294,6,0,600,111,6,0,783,602,6,0,479,298
6608,150,136,102697,6,100.0,5.826489989615194,0,0,297,320,0,0,37,60,0,0,297,400,0,0,12,115
6611,150,139,102371,6,1.891760062380797,0.8270221182515012,0,0,358,443,0,0,9,94,0,0,358,577,0,0,0,219
6612,150,140,102585,6,2.2476020206786487,1.1927278504206833,0,0,298,465,0,0,16,183,0,0,298,557,0,0,9,268
6614,150,142,102868,5,0.43247367529131997,0.45005990461254713,1,3,694,644,0,2,74,24,1,0,694,741,1,0,27,74
6619,150,147,87129,7,57.354244196349455,83.17460317460316,0,0,553,476,0,0,97,20,0,0,553,600,0,0,44,91
6620,150,148,85025,7,11.655066786600097,45.87973052234592,0,0,777,832,0,0,72,127,0,0,777,964,0,0,31,218
6621,150,149,84569,7,12.217838145190003,17.436018105539315,0,0,842,842,0,0,84,84,0,0,842,959,0,0,39,156
6622,150,150,85153,7,52.68635875402792,83.09523809523809,0,0,841,556,0,0,319,34,0,0,841,739,0,0,187,85
6624,150,152,86233,5,55.043859649122815,100.0,0,0,953,325,0,0,658,30,0,0,953,472,0,0,560,79
6626,150,154,85449,6,100.0,100.0,0,0,552,368,0,0,212,28,0,0,552,612,0,0,60,120
6627,150,155,84255,7,99.99999999999997,100.0,0,0,854,123,0,0,745,14,0,0,854,201,0,0,713,60
6628,150,156,84355,8,97.5,100.0,0,0,158,108,0,0,68,18,0,0,158,189,0,0,42,73
6629,150,157,83403,6,94.84126984126983,86.17424242424242,0,0,434,100,0,0,352,18,0,0,434,167,0,0,314,47
6631,150,159,80787,7,94.04761904761902,90.93537414965986,0,0,343,185,0,0,208,50,0,0,343,357,0,0,113,127
6632,150,160,78611,6,55.23252575884155,95.83333333333333,0,0,2501,159,0,0,2367,25,0,0,2501,278,0,0,2293,70
6633,150,161,77635,7,100.0,99.99999999999997,0,0,152,148,0,0,40,36,0,0,152,275,0,0,25,148
6634,150,162,77025,8,100.0,100.0,0,0,1989,768,0,0,1247,26,0,0,1989,1151,0,0,958,120
6635,150,163,76889,8,100.0,100.0,0,0,1121,626,0,0,560,65,0,0,1121,813,0,0,460,152
6636,150,164,75844,8,100.0,100.0,0,0,209,142,0,0,100,33,0,0,209,297,0,0,47,135
6637,150,165,72987,8,98.61111111111111,100.0,0,0,388,211,0,0,195,18,0,0,388,319,0,0,145,76
6638,150,166,69942,11,92.77434983317336,95.36042240587696,0,0,355,145,0,0,257,47,0,0,355,238,0,0,212,95
6639,150,167,67207,8,100.0,97.04861111111111,0,0,205,298,0,0,25,118,0,0,205,423,0,0,13,231
6640,150,168,65467,10,95.58119658119658,100.0,0,0,306,496,0,0,19,209,0,0,306,724,0,0,12,430
6641,150,169,64383,9,100.00000000000003,100.00000000000003,0,0,525,746,0,0,57,278,0,0,525,1020,0,0,47,542
6642,150,170,64179,8,100.0,100.0,0,0,332,657,0,0,103,428,0,0,332,860,0,0,87,615
6643,150,171,65250,9,100.0,100.00000000000003,0,0,585,418,0,0,214,47,0,0,585,664,0,0,89,168
6644,150,172,66585,8,100.0,100.0,0,0,339,351,0,0,42,54,0,0,339,553,0,0,19,233
6645,150,173,67989,9,91.88983855650523,92.16200466200468,0,0,132,122,0,0,51,41,0,0,132,205,0,0,36,109
6646,150,174,69888,13,94.55374753451676,93.85930309007232,0,0,180,207,0,0,66,93,0,0,180,400,0,0,51,271
6647,150,175,72153,11,100.0,100.0,0,0,415,420,0,0,189,194,0,0,415,487,0,0,173,245
6648,150,176,74396,11,95.43335452426362,94.42325351416261,0,0,83,193,0,0,58,168,0,0,83,295,0,0,51,263
6649,150,177,75518,14,99.5238095238095,99.01360544217688,0,0,401,420,0,0,231,250,0,0,401,751,0,0,95,445
6650,150,178,75496,13,99.99999999999997,100.0,0,0,650,2214,0,0,84,1648,0,0,650,2655,0,0,14,2019
6651,150,179,77170,10,100.0,99.99999999999999,0,0,201,1081,0,0,55,935,0,0,201,1781,0,0,37,1617
6652,150,180,78317,15,97.76315789473684,98.09523809523809,0,0,751,983,0,0,46,278,0,0,751,1343,0,0,34,626
6653,150,181,81001,13,83.07148407148406,92.43944461335765,0,0,803,1689,0,0,99,985,0,0,803,2189,0,0,83,1469
6654,150,182,84840,16,93.54786377415687,82.7490816176161,0,0,1641,2444,0,0,151,954,0,0,1641,2907,0,0,49,1315
6655,150,183,86959,16,96.73532554047259,100.0,0,0,2778,2543,0,0,371,136,0,0,2778,2812,0,0,216,250
6656,150,184,89358,13,42.786304937687234,98.21780783319242,0,0,2249,2718,0,0,251,720,0,0,2249,3181,0,0,130,1062
6657,150,185,91468,17,21.83690922535167,98.01182237600923,0,0,1214,1677,0,0,540,1003,0,0,1214,2143,0,0,313,1242
6658,150,186,93194,15,96.98826173826174,96.98826173826174,0,0,326,956,0,0,39,669,0,0,326,1324,0,0,28,1026
6659,150,187,94805,19,100.0,99.99999999999997,0,0,259,808,0,0,73,622,0,0,259,1266,0,0,56,1063
6660,150,188,96743,21,99.35916395543725,61.3079519493714,0,0,157,577,0,0,40,460,0,0,157,1042,0,0,22,907
6661,150,189,97762,19,99.49874686716791,86.79714021022261,0,0,141,292,0,0,47,198,0,0,141,678,0,0,32,569
6662,150,190,98923,21,98.09404463539803,99.01133786848074,0,0,157,189,0,0,101,133,0,0,157,460,0,0,80,383
6663,150,191,99781,23,100.0,100.0,0,0,126,147,0,0,69,90,0,0,126,423,0,0,49,346
6664,150,192,100752,21,100.0,100.00000000000003,0,0,111,236,0,0,37,162,0,0,111,401,0,0,19,309
6665,150,193,101308,26,98.90642121411352,99.04843304843304,0,0,445,494,0,0,74,123,0,0,445,829,0,0,11,395
6666,150,194,102436,23,98.11099372810452,98.28427665186004,0,0,101,192,0,0,23,114,0,0,101,419,0,0,7,325
6667,150,195,103202,27,88.3674406401679,99.99999999999997,0,0,853,288,0,0,649,84,0,0,853,602,0,0,448,197
6668,150,196,103156,24,99.99999999999999,99.99999999999999,0,0,547,768,0,0,56,277,0,0,547,1098,0,0,23,574
6669,150,197,101867,29,100.0,99.99999999999999,0,0,732,821,0,0,150,239,0,0,732,1099,0,0,103,470
6670,150,198,100971,31,94.9133022963158,94.57770149768889,0,0,159,292,0,0,44,177,0,0,159,602,0,0,13,456
6671,150,199,100475,32,96.1513367307814,96.91359902206156,0,0,604,476,0,0,311,183,0,0,604,722,0,0,242,360
6672,150,200,100277,33,99.16309773401801,99.7243491060336,0,0,352,280,0,0,137,65,0,0,352,556,0,0,43,247
6673,150,201,101378,31,99.99999999999997,100.0,0,0,222,231,0,0,85,94,0,0,222,365,0,0,36,179
6674,150,202,103557,39,98.02953017510944,99.54406425978335,0,0,502,351,0,0,232,81,0,0,502,556,0,0,144,198
6675,150,203,105585,39,99.21701619503818,99.47469911822634,0,0,524,280,0,0,290,46,0,0,524,450,0,0,181,107
6676,150,204,106282,42,87.21176335796119,98.67157619770862,0,0,516,243,0,0,342,69,0,0,516,429,0,0,290,203
6677,150,205,106170,41,100.00000000000003,100.0,0,0,149,162,0,0,23,36,0,0,149,275,0,0,11,137
6678,150,206,105480,44,98.63890506415675,98.45898738423908,0,0,222,165,0,0,115,58,0,0,222,277,0,0,79,134
6679,150,207,105539,48,99.53213223167693,99.52987020959783,0,0,246,119,0,0,149,22,0,0,246,252,0,0,109,115
6680,150,208,105449,47,98.31771265196598,98.50291226131093,0,0,131,139,0,0,20,28,0,0,131,240,0,0,6,115
6681,150,209,105200,53,99.17034429303577,99.44520686175142,0,0,103,84,0,0,47,28,0,0,103,170,0,0,34,101
6682,150,210,104654,58,100.00000000000003,100.0,0,0,71,81,0,0,19,29,0,0,71,135,0,0,14,78
6683,150,211,104378,60,99.94623655913979,99.97267759562844,0,0,199,124,0,0,93,18,0,0,199,236,0,0,66,103
6684,150,212,104025,68,99.00692092897967,99.09703181534536,0,0,227,145,0,0,99,17,0,0,227,260,0,0,43,76
6685,150,213,103755,68,99.50546662436784,99.44616244531952,0,0,150,107,0,0,58,15,0,0,150,168,0,0,44,62
6686,150,214,103332,70,99.10981713402587,99.13145174941052,0,0,151,90,0,0,74,13,0,0,151,149,0,0,60,58
6687,150,215,103161,79,98.59359711951753,99.19421076761907,0,0,159,135,0,0,74,50,0,0,159,231,0,0,65,137
6688,150,216,103397,84,99.73992112965175,99.83755103041842,0,0,418,409,0,0,149,140,0,0,418,606,0,0,94,282
6689,150,217,103543,85,98.07678024282401,98.33475086233707,0,0,728,463,0,0,343,78,0,0,728,783,0,0,163,218
6690,150,218,102906,98,99.1093477256444,99.12168913601536,0,0,391,168,0,0,252,29,0,0,391,341,0,0,227,177
6691,150,219,102682,101,98.28117572797736,98.41363226767935,0,0,204,404,0,0,100,300,0,0,204,551,0,0,84,431
6692,150,220,102465,111,98.2173047700104,95.2821939981018,0,0,928,991,0,0,57,120,0,0,928,1131,0,0,30,233
6693,150,221,102169,118,26.318211644734113,62.34109715204937,0,0,349,353,0,0,63,67,0,0,349,476,0,0,47,174
6694,150,222,101914,139,81.66426929682807,72.40943733455579,0,0,203,250,0,0,19,66,0,0,203,389,0,0,11,197
6695,150,223,101680,153,94.53460242118996,97.64406893277803,0,0,226,270,0,0,28,72,0,0,226,392,0,0,11,177
6696,150,224,101616,168,99.37231465166924,99.46606652638083,1,1,167,201,0,0,7,41,1,0,167,317,1,0,2,152
6697,150,225,101603,177,99.24440285421373,99.32198772504101,0,0,542,224,0,0,391,73,0,0,542,394,0,0,364,216
6698,150,226,101571,202,98.6403948471814,98.70576822864525,0,0,216,267,0,0,16,67,0,0,216,398,0,0,8,190
6699,150,227,101580,225,97.86028728340816,97.87788664111311,0,0,190,201,0,0,29,40,0,0,190,315,0,0,7,132
6700,150,228,101568,215,99.39162619666729,99.31041923975428,0,0,200,187,0,0,50,37,0,0,200,267,0,0,44,111
6701,150,229,101525,156,99.97528874912338,99.97085755500275,0,0,79,120,0,0,13,54,0,0,79,225,0,0,7,153
6702,150,230,101446,89,100.00000000000003,100.0,0,0,177,88,0,0,106,17,0,0,177,181,0,0,77,81
6703,150,231,101313,15,50.52248862248862,100.0,0,0,55,106,0,0,16,67,0,0,55,179,0,0,13,137
6732,150,260,105255,22,13.238494775865014,99.80237154150197,0,0,274,165,0,0,126,17,0,0,274,273,0,0,105,104
6733,150,261,105205,85,99.99999999999999,100.0,0,0,149,103,0,0,71,25,0,0,149,193,0,0,43,87
6734,150,262,105252,149,79.28932705531244,96.49307504220316,0,0,436,197,0,0,311,72,0,0,436,295,0,0,275,134
6735,150,263,105608,122,57.76727683302033,96.01664143599764,0,0,411,233,0,0,218,40,0,0,411,365,0,0,163,117
6736,150,264,106097,105,79.84757837312077,96.45974956771812,0,0,339,229,0,0,132,22,0,0,339,381,0,0,80,122
6737,150,265,106858,102,96.53821935633817,93.81553835488702,0,0,374,408,0,0,57,91,0,0,374,535,0,0,20,181
6738,150,266,107384,86,98.84916478989967,99.40515167686236,0,0,247,176,0,0,106,35,0,0,247,315,0,0,80,148
6739,150,267,107924,68,97.78728052674067,97.43262633349201,0,0,431,295,0,0,245,109,0,0,431,422,0,0,216,207
6740,150,268,108654,69,97.72682999362517,97.81864509160371,0,0,299,307,0,0,47,55,0,0,299,473,0,0,19,193
6741,150,269,109659,69,93.33585891875532,94.5662328238954,2,2,394,316,0,0,116,38,2,2,394,478,0,0,73,157
6742,150,270,110879,45,99.33542260208927,99.32696788860473,0,0,596,510,0,0,120,34,0,0,596,723,0,0,39,166
6743,150,271,111914,52,98.80410807830164,99.02927490485186,0,0,659,370,0,0,314,25,0,0,659,641,0,0,188,170
6744,150,272,112821,43,99.35444809415634,99.35444809415633,0,0,811,518,0,0,379,86,0,0,811,704,0,0,361,254
6745,150,273,113597,34,97.37497057141896,98.66502626420548,0,0,788,607,0,0,199,18,0,0,788,769,0,0,100,81
6746,150,274,114340,36,93.31709147937505,100.0,0,0,637,455,0,0,264,82,0,0,637,593,0,0,224,180
6747,150,275,115143,36,67.25917263690474,73.77936484843647,0,0,474,361,0,0,168,55,0,0,474,550,0,0,82,158
6748,150,276,115968,34,36.777432976995335,42.581693764731654,0,0,167,197,0,0,21,51,0,0,167,335,0,0,6,174
6749,150,277,116591,27,98.86182478775069,99.86772486772486,0,0,159,146,0,0,73,60,0,0,159,280,0,0,42,163
6750,150,278,117097,24,100.0,100.0,0,0,416,238,0,0,222,44,0,0,416,356,0,0,162,102
6751,150,279,117557,26,100.0,100.0,0,0,163,126,0,0,97,60,0,0,163,251,0,0,79,167
6752,150,280,117332,19,99.99999999999997,99.99999999999997,0,0,229,211,0,0,127,109,0,0,229,329,0,0,70,170
6753,150,281,117325,18,86.8584618315964,98.5328517371861,0,0,189,225,0,0,88,124,0,0,189,411,0,0,35,257
6754,150,282,117166,21,100.0,100.0,0,0,270,158,0,0,146,34,0,0,270,317,0,0,95,142
6755,150,283,117575,17,95.79991423417029,97.079969242599,0,0,386,274,0,0,211,99,0,0,386,417,0,0,126,157
6756,150,284,118065,16,98.62253289473684,92.77304842532546,0,0,541,332,0,0,222,13,0,0,541,473,0,0,143,75
6757,150,285,118519,18,100.0,100.0,0,0,393,277,0,0,134,18,0,0,393,410,0,0,88,105
6758,150,286,118865,20,49.543357769809674,96.45376203174192,0,0,292,224,0,0,84,16,0,0,292,347,0,0,35,90
6759,150,287,119027,15,100.0,100.0,0,0,335,332,0,0,70,67,0,0,335,467,0,0,18,150
6760,150,288,119153,10,96.6923076923077,93.30555555555554,0,0,288,212,0,0,213,137,0,0,288,313,0,0,172,197
6761,150,289,119206,10,95.1923076923077,98.09090909090908,0,0,361,285,0,0,105,29,0,0,361,419,0,0,51,109
6762,150,290,119235,11,90.46276955367864,87.0436507936508,0,0,214,174,0,0,157,117,0,0,214,267,0,0,139,192
6763,150,291,119291,11,94.06172110717566,94.06172110717566,0,0,204,185,0,0,93,74,0,0,204,352,0,0,33,181
6764,150,292,119225,10,100.0,100.0,0,0,312,215,0,0,165,68,0,0,312,405,0,0,120,213
6765,150,293,119246,11,100.0,100.0,0,0,495,264,0,0,342,111,0,0,495,465,0,0,274,244
6766,150,294,119124,14,100.0,99.99999999999997,0,0,490,260,0,0,256,26,0,0,490,436,0,0,153,99
6767,150,295,119145,9,1.0931667380833259,10.633610371090262,3,0,484,282,3,0,266,64,3,0,484,544,3,0,223,283
6768,150,296,119021,13,94.29886352963275,96.85314685314685,0,0,504,293,0,0,241,30,0,0,504,541,0,0,145,182
6769,150,297,118952,9,94.1919191919192,47.10758377425044,0,0,379,268,0,0,161,50,0,0,379,505,0,0,57,183
6770,150,298,118864,10,0.26709250475852925,0.3206838163209236,10,9,676,521,1,0,205,50,10,9,676,763,1,0,103,190
6771,150,299,118667,8,81.78396358543417,82.71561771561771,0,0,370,186,0,0,225,41,0,0,370,357,0,0,131,118
6772,150,300,118532,8,12.080235931949556,75.56125621890547,0,0,714,624,0,0,112,22,0,0,714,840,0,0,26,152
6773,150,301,118349,9,0.7351141404285382,1.8763365761780524,7,2,382,368,5,0,128,114,7,0,382,543,7,0,67,228
6774,150,302,118239,7,23.329844758416186,88.57142857142857,0,0,234,260,0,0,113,139,0,0,234,437,0,0,69,272
6775,150,303,118071,7,99.99999999999997,98.2142857142857,0,0,481,1030,0,0,106,655,0,0,481,1593,0,0,63,1175
6776,150,304,117786,6,0.8208606440084124,1.7645331173883776,3,1,274,695,2,0,133,554,3,1,274,1538,2,0,74,1338
6777,150,305,117507,5,0.41282455217619063,6.191436251920123,2,0,771,772,2,0,223,224,2,0,771,1653,2,0,91,973
6778,150,306,117156,8,100.0,87.59132420091325,0,0,1034,1346,0,0,293,605,0,0,1034,1945,0,0,162,1073
6779,150,307,116772,5,7.578138124274658,71.47619047619048,0,0,1883,835,0,0,1096,48,0,0,1883,1264,0,0,838,219
6780,150,308,116356,7,100.0,98.2142857142857,0,0,1491,1110,0,0,816,435,0,0,1491,1707,0,0,470,686
6781,150,309,116066,8,98.61111111111111,100.0,0,0,1372,812,0,0,732,172,0,0,1372,1448,0,0,268,344
6783,150,311,115063,6,100.0,2.6954241464156015,0,0,1894,1074,0,0,1329,509,0,0,1894,1962,0,0,901,969
6784,150,312,114478,7,99.99999999999997,78.3843537414966,0,0,1524,1270,0,0,788,534,0,0,1524,1740,0,0,611,827
6787,150,315,112690,6,0.2871651590621394,0.7594257020404356,4,0,986,612,4,0,864,490,4,0,986,825,4,0,776,615
6788,150,316,112040,7,99.99999999999997,99.99999999999997,0,0,1121,621,0,0,952,452,0,0,1121,937,0,0,827,643
6789,150,317,111357,5,0.1728990389228271,0.9927085999965397,5,0,648,748,5,0,335,435,5,0,648,1147,5,0,172,671
6790,150,318,110617,5,100.0,100.0,0,0,941,315,0,0,769,143,0,0,941,637,0,0,710,406
6791,150,319,109926,6,53.324915824915834,91.5079365079365,0,0,738,682,0,0,488,432,0,0,738,970,0,0,396,628
6795,150,323,107095,5,100.0,2.8706059120269076,0,0,358,993,0,0,188,823,0,0,358,1198,0,0,138,978
6796,150,324,106479,7,99.99999999999997,8.054526785135929,0,0,665,943,0,0,198,476,0,0,665,1265,0,0,120,720
6799,150,327,104561,6,88.33333333333334,1.4740319459221374,0,0,1142,712,0,0,524,94,0,0,1142,947,0,0,400,205
6801,150,329,103299,7,84.01360544217687,4.571084489693407,0,0,609,527,0,0,270,188,0,0,609,984,0,0,132,507
6809,150,337,97197,5,0.08772322402105841,0.06825095890780986,5,5,879,667,0,0,431,219,5,5,879,1088,0,0,315,524
6810,150,338,96714,5,0.03386425313321484,0.0382190887426951,5,5,582,585,0,0,280,283,5,5,582,903,0,0,165,486
6811,150,339,96526,6,0.5885786779277655,0.4884892680045146,0,5,994,527,0,5,685,218,0,1,994,948,0,1,506,460
6812,150,340,96227,5,0.07468326211725862,0.06667516241327791,5,5,249,440,0,0,80,271,5,5,249,740,0,0,42,533
6816,150,344,95747,5,0.9901619009853275,0.06453010173149336,3,5,417,400,0,2,288,271,3,5,417,625,0,2,218,426
6820,150,348,94488,5,0.10696302745497857,0.09146343107216892,5,5,567,313,0,0,278,24,5,5,567,529,0,0,152,114
6823,150,351,92109,5,0.3751941427927102,0.1614955525345731,5,5,307,270,0,0,143,106,5,5,307,410,0,0,100,203
6824,150,352,91422,5,0.29924246979131264,0.10847746221128664,3,5,672,337,0,2,435,100,3,5,672,602,0,2,337,267
6825,150,353,90832,6,0.1121361531049503,0.05979362584059189,6,6,771,349,0,0,522,100,6,6,771,680,0,0,425,334
7196,151,219,65264,5,3.1640695376528534,3.411348131212308,0,0,187,211,0,0,83,107,0,0,187,314,0,0,28,155
7202,151,225,66416,6,2.0198915427533137,2.8995458955321345,2,2,172,137,0,0,52,17,2,0,172,265,2,0,27,120
7203,151,226,68547,5,46.68627450980392,1.7766888476305864,0,0,210,330,0,0,21,141,0,0,210,466,0,0,8,264
7205,151,228,71754,5,77.53968253968253,100.0,0,0,151,176,0,0,27,52,0,0,151,365,0,0,13,227
7206,151,229,72328,5,100.0,100.0,0,0,568,3515,0,0,24,2971,0,0,568,3882,0,0,21,3335
7208,151,231,73257,5,100.0,100.0,0,0,258,949,0,0,31,722,0,0,258,1318,0,0,21,1081
7209,151,232,74457,5,100.0,100.0,0,0,585,1103,0,0,17,535,0,0,585,1487,0,0,11,913
7210,151,233,78089,6,91.07142857142857,100.0,0,0,2004,2570,0,0,51,617,0,0,2004,2960,0,0,11,967
7211,151,234,81087,5,9.850024644889546,6.277359531731122,0,0,2356,3130,0,0,128,902,0,0,2356,3363,0,0,83,1090
7212,151,235,84269,6,0.6881628226347765,77.37214725970348,0,0,1467,2563,0,0,159,1255,0,0,1467,3242,0,0,106,1881
7213,151,236,87331,7,3.517700450052047,98.21428571428571,0,0,772,1305,0,0,237,770,0,0,772,1912,0,0,154,1294
7214,151,237,89940,8,85.34722222222221,98.61111111111111,0,0,749,587,0,0,509,347,0,0,749,860,0,0,459,570
7215,151,238,92358,6,99.99999999999999,88.59649122807018,0,0,274,493,0,0,33,252,0,0,274,751,0,0,25,502
7216,151,239,93852,9,98.88888888888889,4.0161370848949085,0,0,115,252,0,0,41,178,0,0,115,436,0,0,29,350
7217,151,240,95172,7,99.99999999999997,100.0,0,0,52,143,0,0,30,121,0,0,52,305,0,0,19,272
7218,151,241,96734,9,97.979797979798,100.00000000000003,0,0,135,135,0,0,62,62,0,0,135,333,0,0,46,244
7219,151,242,98241,9,95.98765432098769,95.98765432098764,0,0,79,155,0,0,27,103,0,0,79,309,0,0,18,248
7220,151,243,99439,9,97.22222222222221,100.00000000000003,0,0,152,274,0,0,67,189,0,0,152,585,0,0,48,481
7221,151,244,100686,10,99.99999999999999,99.99999999999999,0,0,158,405,0,0,19,266,0,0,158,609,0,0,9,460
7222,151,245,101063,11,100.0,100.0,0,0,1322,648,0,0,706,32,0,0,1322,824,0,0,655,157
7223,151,246,100933,10,99.99999999999999,99.99999999999999,0,0,282,490,0,0,50,258,0,0,282,678,0,0,42,438
7224,151,247,99432,14,99.5238095238095,99.5238095238095,0,0,287,193,0,0,133,39,0,0,287,332,0,0,99,144
7225,151,248,98530,11,100.0,100.0,0,0,114,275,0,0,32,193,0,0,114,562,0,0,17,465
7226,151,249,99100,12,100.0,100.0,0,0,538,210,0,0,405,77,0,0,538,404,0,0,363,229
7227,151,250,100366,13,51.171995971327064,97.87545787545787,0,0,312,222,0,0,157,67,0,0,312,408,0,0,115,211
7228,151,251,102359,16,98.75,99.63235294117648,0,0,334,96,0,0,277,39,0,0,334,236,0,0,241,143
7229,151,252,102676,18,99.70760233918128,99.39896036387265,0,0,161,103,0,0,109,51,0,0,161,220,0,0,85,144
7230,151,253,102534,16,96.13970588235294,99.30555555555556,0,0,407,191,0,0,247,31,0,0,407,311,0,0,194,98
7231,151,254,102320,16,100.0,99.63235294117648,0,0,327,110,0,0,263,46,0,0,327,178,0,0,248,99
7232,151,255,101564,19,98.97243107769422,98.97243107769422,0,0,338,302,0,0,62,26,0,0,338,404,0,0,20,86
7233,151,256,101196,20,98.84615384615385,100.0,0,0,294,145,0,0,157,8,0,0,294,278,0,0,95,79
7234,151,257,101207,21,100.00000000000003,99.78354978354982,0,0,89,107,0,0,26,44,0,0,89,180,0,0,18,109
7235,151,258,101132,25,100.0,100.0,0,0,285,196,0,0,100,11,0,0,285,318,0,0,39,72
7236,151,259,101067,25,99.54370370370373,99.70370370370371,0,0,196,49,0,0,165,18,0,0,196,99,0,0,146,49
7237,151,260,101016,24,98.63661278335191,98.40279165279165,0,0,87,68,0,0,45,26,0,0,87,144,0,0,41,98
7238,151,261,100969,28,99.99999999999999,100.0,0,0,65,87,0,0,41,63,0,0,65,263,0,0,38,236
7239,151,262,100837,28,99.76190476190474,99.76190476190476,0,0,167,202,0,0,42,77,0,0,167,284,0,0,21,138
7240,151,263,100996,30,99.89247311827957,99.89247311827957,0,0,119,121,0,0,33,35,0,0,119,224,0,0,14,119
7241,151,264,100661,33,97.44145607737728,97.47991761583883,0,0,130,435,0,0,49,354,0,0,130,702,0,0,30,602
7242,151,265,100270,35,97.86440244113841,97.44207966587445,0,0,144,120,0,0,48,24,0,0,144,189,0,0,34,79
7243,151,266,99743,34,99.50433244550891,99.50433244550891,0,0,119,81,0,0,62,24,0,0,119,151,0,0,49,81
7244,151,267,99544,35,99.15331010452961,99.15331010452964,0,0,73,79,0,0,12,18,0,0,73,164,0,0,7,98
7245,151,268,99504,38,99.34957586273376,99.47157286669818,0,0,80,106,0,0,15,41,0,0,80,179,0,0,7,106
7246,151,269,99413,41,97.67762460233298,99.28365832016794,0,0,509,456,0,0,201,148,0,0,509,722,0,0,97,310
7247,151,270,99318,44,98.82526818573331,98.8252681857333,0,0,66,87,0,0,20,41,0,0,66,147,0,0,14,95
7248,151,271,99373,44,99.25628513661813,99.25457888491188,0,0,59,65,0,0,9,15,0,0,59,123,0,0,5,69
7249,151,272,99249,48,98.3739439468828,98.46538625225135,0,0,64,62,0,0,20,18,0,0,64,107,0,0,8,51
7250,151,273,98771,51,99.69640505774959,99.69283417570335,0,0,47,69,0,0,15,37,0,0,47,154,0,0,11,118
7251,151,274,98545,54,98.74958729934828,98.84724141757113,0,0,110,79,0,0,42,11,0,0,110,151,0,0,32,73
7252,151,275,98052,54,99.60218842700951,99.63645709335364,0,0,93,215,0,0,21,143,0,0,93,403,0,0,16,326
7253,151,276,97736,59,99.88647895407014,99.88793183291655,0,0,84,86,0,0,26,28,0,0,84,155,0,0,16,87
7581,152,327,69512,6,73.45238095238095,36.69482330688098,0,0,315,1207,0,0,71,963,0,0,315,1921,0,0,19,1625
7582,152,328,70383,5,100.0,87.66666666666667,0,0,114,1571,0,0,29,1486,0,0,114,2214,0,0,16,2116
7584,152,330,71184,6,39.99669312169312,91.5079365079365,0,0,81,809,0,0,63,791,0,0,81,1500,0,0,51,1470
7585,152,331,71917,5,21.218559218559218,71.0,0,0,110,402,0,0,49,341,0,0,110,776,0,0,31,697
7587,152,333,76309,5,54.02564102564102,100.0,0,0,1095,1396,0,0,422,723,0,0,1095,1898,0,0,76,879
7589,152,335,82294,6,14.635563711650668,100.0,0,0,2138,1759,0,0,606,227,0,0,2138,2413,0,0,292,567
7592,152,338,88634,5,2.708466790941018,7.842604763657396,0,0,432,978,0,0,27,573,0,0,432,1274,0,0,11,853
7593,152,339,90506,5,4.380224624805863,91.1111111111111,1,0,766,865,1,0,215,314,1,0,766,1227,1,0,124,585
7594,152,340,92314,6,9.777817697856428,42.44949494949495,0,0,416,495,0,0,48,127,0,0,416,822,0,0,11,417
7595,152,341,93834,6,100.0,100.0,0,0,79,463,0,0,20,404,0,0,79,575,0,0,16,512
7596,152,342,94813,6,94.84126984126983,94.84126984126983,0,0,78,295,0,0,34,251,0,0,78,444,0,0,19,385
7597,152,343,95496,7,100.0,100.0,0,0,189,141,0,0,154,106,0,0,189,391,0,0,92,294
7598,152,344,95951,5,70.55555555555554,92.5,0,0,96,74,0,0,36,14,0,0,96,147,0,0,18,69
7599,152,345,96739,7,93.67346938775509,98.21428571428572,0,0,114,113,0,0,42,41,0,0,114,231,0,0,19,136
7600,152,346,97640,6,81.34920634920634,81.34920634920634,0,0,113,185,0,0,19,91,0,0,113,301,0,0,8,196
7601,152,347,98450,9,100.0,100.0,0,0,95,124,0,0,37,66,0,0,95,401,0,0,22,328
7602,152,348,98742,7,96.1734693877551,99.99999999999997,0,0,613,341,0,0,296,24,0,0,613,686,0,0,67,140
7603,152,349,98944,9,96.26543209876546,96.26543209876543,0,0,409,440,0,0,100,131,0,0,409,821,0,0,19,431
7604,152,350,99222,7,99.99999999999997,99.99999999999997,0,0,493,307,0,0,248,62,0,0,493,570,0,0,58,135
7605,152,351,98927,10,100.0,99.99999999999999,0,0,86,287,0,0,24,225,0,0,86,568,0,0,7,489
7606,152,352,99518,9,98.88888888888891,98.88888888888891,0,0,110,111,0,0,48,49,0,0,110,247,0,0,35,172
7607,152,353,99767,9,91.21572871572872,91.21572871572873,0,0,364,223,0,0,196,55,0,0,364,422,0,0,103,161
7608,152,354,99790,13,98.55769230769229,97.30769230769228,0,0,125,121,0,0,53,49,0,0,125,223,0,0,32,130
7609,152,355,99867,12,100.0,100.0,0,0,314,107,0,0,237,30,0,0,314,183,0,0,210,79
7610,152,356,99925,12,96.5241702741703,96.52417027417027,0,0,273,120,0,0,175,22,0,0,273,213,0,0,113,53
7611,152,357,99983,15,99.58333333333333,99.13888888888889,0,0,307,140,0,0,180,13,0,0,307,227,0,0,134,54
7612,152,358,100030,15,100.0,100.0,0,0,375,332,0,0,75,32,0,0,375,438,0,0,27,90
7613,152,359,100252,18,99.20634920634923,99.20634920634922,0,0,235,89,0,0,160,14,0,0,235,169,0,0,130,64
7614,152,360,99931,22,90.9172755220186,95.88194782045049,0,0,268,133,0,0,164,29,0,0,268,314,0,0,79,125
7615,152,361,99649,19,92.88354165813807,92.5967670292582,0,0,348,361,0,0,242,255,0,0,348,641,0,0,201,494
7616,152,362,99099,26,99.99999999999999,100.0,0,0,159,248,0,0,57,146,0,0,159,528,0,0,35,404
7617,152,363,98372,26,96.96685428392746,98.11463046757164,0,0,234,150,0,0,124,40,0,0,234,313,0,0,46,125
7618,152,364,97791,27,99.73055065647655,99.73055065647655,0,0,256,269,0,0,48,61,0,0,256,463,0,0,15,222
7619,152,365,96753,35,100.0,100.0,0,0,132,169,0,0,55,92,0,0,132,326,0,0,25,219
7620,152,366,95894,39,95.49136178874014,95.76998345419399,0,0,164,775,0,0,35,646,0,0,164,922,0,0,25,783
7621,152,367,94942,51,95.02481740109009,95.91604750115798,1,1,608,713,0,0,15,120,1,1,608,877,0,0,8,277
7622,152,368,94107,58,98.81843846991349,99.61599856661184,0,0,356,270,0,0,154,68,0,0,356,409,0,0,98,151
7623,152,369,93813,70,98.69676096615036,98.79205453890589,0,0,233,164,0,0,83,14,0,0,233,221,0,0,61,49
7624,152,370,93531,77,90.14349556550185,90.37626316549135,6,6,330,192,0,0,181,43,6,6,330,273,0,0,152,95
7625,152,371,93379,11,23.706196160741616,69.65607479714062,0,0,132,139,0,0,27,34,0,0,132,226,0,0,9,103
7650,152,396,89394,22,3.4972358242955823,3.9559716754869223,12,16,247,86,0,4,189,28,12,14,247,144,0,2,163,60
7651,152,397,90705,40,5.320405945774769,4.1436558660551475,32,36,153,97,0,4,76,20,32,32,153,183,0,0,52,82
7652,152,398,91992,30,11.017933260384607,54.867669133499184,6,9,316,80,1,4,258,22,6,6,316,152,2,2,227,63
7653,152,399,93503,28,4.887336341788656,27.88138042153232,12,12,307,100,1,1,227,20,12,12,307,188,1,1,189,70
7654,152,400,95169,22,74.15364051708669,93.12137475039277,0,0,311,126,0,0,211,26,0,0,311,231,0,0,186,106
7655,152,401,97181,26,12.715969941504582,22.753258521287183,0,15,207,200,0,15,50,43,0,12,207,320,0,12,22,135
7656,152,402,99499,16,8.56247691827568,41.87741285685701,0,0,627,209,0,0,491,73,0,0,627,309,0,0,433,115
7657,152,403,101614,25,12.625867515208764,12.07500146540491,0,0,282,501,0,0,79,298,0,0,282,677,0,0,48,443
7658,152,404,103422,20,2.930896483723188,10.11794876599321,6,8,682,517,1,3,178,13,6,8,682,643,1,3,122,83
7659,152,405,104889,18,89.29153563609896,90.42315042315042,0,0,883,637,0,0,299,53,0,0,883,794,0,0,208,119
7660,152,406,106743,14,1.4019234922506298,4.569658565593595,4,3,980,616,1,0,410,46,4,1,980,936,3,0,234,190
7661,152,407,108235,7,63.27783745076978,41.157916157916155,0,0,597,711,0,0,55,169,0,0,597,949,0,0,14,366
7662,152,408,109468,10,69.03827276524645,71.16701030370453,0,0,484,397,0,0,96,9,0,0,484,497,0,0,63,76
7663,152,409,110475,11,96.17715617715619,100.0,0,0,364,163,0,0,228,27,0,0,364,266,0,0,181,83
7664,152,410,111478,12,73.1356633562516,78.57550323225381,0,0,147,152,0,0,31,36,0,0,147,229,0,0,17,99
7665,152,411,112357,6,83.64583333333333,93.33333333333333,1,0,178,107,1,0,107,36,1,0,178,191,1,0,85,98
7666,152,412,113118,5,100.0,100.0,0,0,149,115,0,0,78,44,0,0,149,245,0,0,51,147
7667,152,413,113222,8,7.010129472957646,100.0,0,0,343,270,0,0,228,155,0,0,343,359,0,0,193,209
7668,152,414,113124,6,5.2193828609732495,73.45238095238095,0,0,359,119,0,0,278,38,0,0,359,251,0,0,218,110
7675,152,421,115438,6,50.535714285714285,99.99999999999999,0,0,302,340,0,0,127,165,0,0,302,527,0,0,39,264
7676,152,422,115782,5,3.6288822686672146,54.49999999999999,0,0,204,132,0,0,81,9,0,0,204,293,0,0,32,121
7971,153,183,103981,5,12.396087309880413,9.299393671023287,0,1,78,127,0,1,30,79,0,0,78,294,0,0,17,233
7980,153,192,84297,5,100.0,3.564456302771447,0,0,129,318,0,0,5,194,0,0,129,443,0,0,2,316
7981,153,193,82796,5,5.533077716109924,1.6864823042969928,0,0,279,357,0,0,39,117,0,0,279,497,0,0,11,229
7982,153,194,81499,5,3.0885111241025784,6.901251780496036,0,0,191,139,0,0,92,40,0,0,191,243,0,0,75,127
7986,153,198,81658,6,0.9204856200968723,0.7044234529445433,0,2,440,487,0,2,32,79,0,0,440,602,0,0,10,172
7987,153,199,82295,5,54.21077283372365,100.0,0,0,456,217,0,0,255,16,0,0,456,310,0,0,203,57
7989,153,201,79714,5,100.0,68.79227053140097,0,0,371,443,0,0,44,116,0,0,371,545,0,0,18,192
7990,153,202,77485,5,23.58294930875576,1.2756441043873599,0,0,466,660,0,0,62,256,0,0,466,851,0,0,48,433
7991,153,203,74681,5,4.6681952419657335,63.513719512195124,0,0,660,518,0,0,273,131,0,0,660,691,0,0,166,197
7993,153,205,75453,5,100.0,83.125,0,0,585,652,0,0,19,86,0,0,585,758,0,0,4,177
7994,153,206,77373,5,100.0,5.166680141213248,0,0,765,466,0,0,325,26,0,0,765,625,0,0,207,67
7995,153,207,76325,5,61.41700404858299,100.0,0,0,1154,514,0,0,668,28,0,0,1154,714,0,0,510,70
7996,153,208,75975,6,93.05555555555556,84.12698412698411,0,0,440,266,0,0,188,14,0,0,440,466,0,0,54,80
7997,153,209,75554,5,100.0,100.0,0,0,818,186,0,0,658,26,0,0,818,292,0,0,594,68
7998,153,210,75739,6,71.87179487179488,100.0,0,0,1004,151,0,0,866,13,0,0,1004,258,0,0,830,84
7999,153,211,75768,10,100.0,100.0,0,0,314,79,0,0,261,26,0,0,314,155,0,0,240,81
8000,153,212,76185,6,100.0,100.0,0,0,148,163,0,0,34,49,0,0,148,253,0,0,19,124
8001,153,213,74396,6,100.0,100.0,0,0,127,132,0,0,28,33,0,0,127,224,0,0,12,109
8002,153,214,72619,5,100.0,100.0,0,0,598,104,0,0,510,16,0,0,598,177,0,0,481,60
8003,153,215,72751,11,90.89072543617998,91.03141807687263,0,0,2224,550,0,0,1696,22,0,0,2224,889,0,0,1432,97
8004,153,216,75357,7,89.62585034013604,87.22943722943724,0,0,906,92,0,0,830,16,0,0,906,176,0,0,798,68
8005,153,217,73346,12,100.0,95.38461538461539,0,0,557,82,0,0,490,15,0,0,557,161,0,0,460,64
8006,153,218,70149,10,100.0,76.76280347332978,0,0,97,215,0,0,25,143,0,0,97,322,0,0,13,238
8007,153,219,68032,9,100.00000000000003,100.0,0,0,207,633,0,0,13,439,0,0,207,934,0,0,6,733
8008,153,220,66792,7,99.99999999999997,96.82539682539681,0,0,370,920,0,0,60,610,0,0,370,1042,0,0,30,702
8009,153,221,67806,10,95.1923076923077,86.41558441558442,0,0,365,189,0,0,196,20,0,0,365,388,0,0,63,86
8010,153,222,69218,9,100.00000000000003,95.75757575757578,0,0,175,194,0,0,40,59,0,0,175,337,0,0,30,192
8011,153,223,71423,10,99.09090909090908,99.99999999999999,0,0,1132,201,0,0,973,42,0,0,1132,373,0,0,905,146
8012,153,224,73412,11,88.54423354423355,80.70067558703924,0,0,199,421,0,0,142,364,0,0,199,643,0,0,102,546
8013,153,225,75753,12,99.99999999999999,79.7977512683395,0,0,112,614,0,0,28,530,0,0,112,924,0,0,21,833
8014,153,226,75615,16,100.0,100.0,0,0,606,1818,0,0,71,1283,0,0,606,2376,0,0,55,1825
8015,153,227,78386,14,93.75522138680033,87.75940538158582,0,0,325,702,0,0,82,459,0,0,325,1358,0,0,69,1102
8016,153,228,81772,14,93.17699009428331,99.99999999999999,0,0,1225,1978,0,0,76,829,0,0,1225,2232,0,0,65,1072
8017,153,229,83840,19,95.18742030514882,95.81013092785942,0,0,1602,2263,0,0,51,712,0,0,1602,2561,0,0,42,1001
8018,153,230,85961,17,86.35509674295707,78.95763848421949,0,0,2086,2789,0,0,96,799,0,0,2086,3047,0,0,82,1043
8019,153,231,88504,19,94.25406542202207,100.0,0,0,2011,2484,0,0,796,1269,0,0,2011,2853,0,0,605,1447
8020,153,232,90728,18,94.79410331384017,95.78616680590366,0,0,1542,1293,0,0,1018,769,0,0,1542,1944,0,0,774,1176
8021,153,233,92846,19,99.99999999999997,94.78352199789938,0,0,156,850,0,0,31,725,0,0,156,1331,0,0,18,1193
8022,153,234,94543,21,96.24923309591505,75.86280124244362,0,0,58,338,0,0,15,295,0,0,58,686,0,0,12,640
8023,153,235,95582,22,100.0,99.24242424242424,0,0,96,153,0,0,23,80,0,0,96,378,0,0,11,293
8024,153,236,96502,23,98.51652632181931,98.51652632181931,0,0,76,298,0,0,14,236,0,0,76,583,0,0,6,513
8025,153,237,97389,26,98.34280303030302,98.34280303030303,0,0,56,140,0,0,11,95,0,0,56,311,0,0,2,257
8026,153,238,98000,28,98.57241223928416,98.72122176309368,0,0,51,215,0,0,11,175,0,0,51,437,0,0,9,395
8027,153,239,98715,24,96.28592471900598,96.02550805233932,0,0,305,714,0,0,11,420,0,0,305,1079,0,0,4,778
8028,153,240,99166,27,97.32656879229016,96.18123150571772,0,0,326,719,0,0,201,594,0,0,326,1046,0,0,103,823
8029,153,241,98725,29,95.9956656131371,96.33314724825942,0,0,588,879,0,0,123,414,0,0,588,1274,0,0,22,708
8030,153,242,96297,35,37.47528590162189,99.08838796639319,0,0,1046,921,0,0,161,36,0,0,1046,1155,0,0,17,126
8031,153,243,96961,37,97.56640752043187,97.14017103104007,0,0,573,452,0,0,177,56,0,0,573,650,0,0,99,176
8032,153,244,98938,33,99.99999999999997,99.99999999999999,0,0,459,227,0,0,318,86,0,0,459,427,0,0,246,214
8033,153,245,100721,34,92.70914786150503,96.2734757087673,0,0,577,322,0,0,372,117,0,0,577,526,0,0,286,235
8034,153,246,100888,34,100.0,100.0,0,0,217,158,0,0,110,51,0,0,217,322,0,0,41,146
8035,153,247,100813,43,99.61269522848623,99.84833164812943,0,0,406,165,0,0,283,42,0,0,406,342,0,0,194,130
8036,153,248,100387,45,99.15679730432149,98.8236724037407,0,0,266,155,0,0,133,22,0,0,266,313,0,0,54,101
8037,153,249,99721,49,99.06269153527083,99.0247494137313,0,0,232,141,0,0,107,16,0,0,232,220,0,0,74,62
8038,153,250,99226,53,99.35097542179736,98.77549866208413,0,0,292,227,0,0,87,22,0,0,292,314,0,0,49,71
8039,153,251,98772,55,99.36460033588513,99.39857196446395,0,0,197,301,0,0,22,126,0,0,197,395,0,0,21,219
8040,153,252,98256,61,99.9735589635114,99.97355896351138,0,0,104,172,0,0,57,125,0,0,104,294,0,0,49,239
8041,153,253,97670,64,100.0,100.0,0,0,117,136,0,0,21,40,0,0,117,246,0,0,14,143
8042,153,254,97106,74,99.58334294149847,99.64393403697332,0,0,131,91,0,0,56,16,0,0,131,181,0,0,34,84
8043,153,255,96742,76,99.15925267174939,99.15703018340164,0,0,90,99,0,0,20,29,0,0,90,150,0,0,19,79
8044,153,256,95575,75,99.59591164248864,99.61824634199724,0,0,186,124,0,0,116,54,0,0,186,286,0,0,100,200
8045,153,257,93938,83,99.0415521291151,99.05903421513644,0,0,257,101,0,0,164,8,0,0,257,152,0,0,149,44
8046,153,258,92623,94,99.01748980949878,99.13563228671333,0,0,524,98,0,0,451,25,0,0,524,157,0,0,439,72
8047,153,259,91808,98,99.55098626280935,99.559829283341,0,0,214,116,0,0,154,56,0,0,214,211,0,0,144,141
8048,153,260,91818,103,98.92407658453413,98.97456139869823,0,0,120,105,0,0,40,25,0,0,120,186,0,0,28,94
8049,153,261,91405,114,99.44667636676023,99.46523433482848,0,0,115,87,0,0,35,7,0,0,115,154,0,0,26,65
8050,153,262,91057,117,99.5829540644276,99.64915689502766,0,0,515,216,0,0,367,68,0,0,515,312,0,0,358,155
8051,153,263,90593,130,99.63205925823583,99.64580588046003,0,0,130,171,0,0,22,63,0,0,130,297,0,0,16,183
8052,153,264,90164,141,99.28134985002468,99.27786391354749,0,0,132,178,0,0,12,58,0,0,132,291,0,0,9,168
8053,153,265,90174,144,99.62736570575025,99.65082459112689,0,0,172,173,0,0,64,65,0,0,172,266,0,0,49,143
8054,153,266,90450,150,99.84238547366994,99.8536733350801,0,0,151,164,0,0,46,59,0,0,151,276,0,0,38,163
8055,153,267,90600,150,99.19382409967132,99.23368550318247,0,0,136,191,0,0,18,73,0,0,136,324,0,0,10,198
8056,153,268,90475,165,99.38952103075827,99.53376149883809,0,0,446,177,0,0,306,37,0,0,446,278,0,0,281,113
8057,153,269,90457,170,99.05143779329147,99.12472248530192,0,0,406,204,0,0,291,89,0,0,406,316,0,0,281,191
8058,153,270,90489,173,99.37291045386122,99.54402547310839,0,0,270,130,0,0,166,26,0,0,270,231,0,0,156,117
8369,169,310,98687,5,7.943277165245129,0.780970192651981,0,3,438,278,0,3,240,80,0,0,438,584,0,0,136,282
8380,169,321,99073,7,0.5913344560820788,0.15402847365054356,6,7,389,140,0,1,292,43,6,7,389,434,0,1,200,245
8383,169,324,99228,8,0.4528121716704277,0.382743602406346,6,8,524,227,0,2,363,66,6,7,524,514,0,1,283,273
8384,169,325,99687,6,8.811884227764317,40.965811965811966,0,0,361,223,0,0,228,90,0,0,361,530,0,0,119,288
8386,169,327,100699,8,3.7610150252663477,10.610892266004948,0,0,539,258,0,0,340,59,0,0,539,594,0,0,170,225
8387,169,328,101724,6,61.14718614718615,0.9816130665383098,0,3,648,281,0,3,441,74,0,1,648,679,0,1,308,339
8388,169,329,102768,5,38.2905982905983,71.11888111888112,0,0,623,367,0,0,367,111,0,0,623,685,0,0,248,310
8389,169,330,103541,5,3.431841025839302,17.600987248046074,0,0,592,346,0,0,368,122,0,0,592,701,0,0,254,363
8390,169,331,104382,7,1.637542475538688,2.6887835945795984,0,1,637,422,0,1,339,124,0,0,637,790,0,0,211,364
8391,169,332,104975,11,7.636004856503371,0.9237500324636861,0,8,752,401,0,8,394,43,0,3,752,812,0,3,224,284
8392,169,333,105625,12,92.82407407407408,51.429143014780834,0,0,631,316,0,0,373,58,0,0,631,662,0,0,202,233
8393,169,334,106386,10,0.48235406554483706,0.42180433474084433,8,10,569,294,0,2,349,74,8,7,569,654,1,0,212,297
8394,169,335,106509,17,81.51042230913373,82.91800253536013,0,0,609,262,0,0,390,43,0,0,609,643,0,0,235,269
8395,169,336,107352,11,56.9180527075264,61.449924363710714,0,0,561,356,0,0,296,91,0,0,561,774,0,0,155,368
8396,169,337,108260,13,92.58780435251023,92.78846153846152,0,0,636,405,0,0,380,149,0,0,636,835,0,0,245,444
8397,169,338,108533,16,0.45704890500917134,4.462123983320378,14,3,720,317,11,0,483,80,14,0,720,758,14,0,333,371
8398,169,339,108159,15,64.08064606961666,92.66418766418766,0,0,683,376,0,0,417,110,0,0,683,837,0,0,283,437
8399,169,340,108109,17,86.10756664669306,87.9303517395206,1,1,831,547,0,0,458,174,1,1,831,1027,0,0,326,522
8400,169,341,108413,23,2.3888095944417365,66.21938238171226,2,0,788,489,2,0,375,76,2,0,788,935,2,0,191,338
8401,169,342,108835,21,4.190371621831725,2.159124555740418,0,8,918,573,0,8,418,73,0,1,918,1111,0,1,175,368
8402,169,343,108919,29,95.77499156796274,96.82403594322695,0,0,672,324,0,0,458,110,0,0,672,737,0,0,311,376
8403,169,344,108989,30,85.37950004267437,67.38785378373372,0,0,724,425,0,0,404,105,0,0,724,971,0,0,261,508
8404,169,345,108648,38,77.87224706345415,65.75597655953983,0,0,724,555,0,0,370,201,0,0,724,1064,0,0,238,578
8405,169,346,108312,43,94.94599990359173,96.49793215646409,0,0,717,494,0,0,446,223,0,0,717,1055,0,0,274,612
8406,169,347,107811,53,90.10916185652601,92.86118102356568,0,0,855,631,0,0,366,142,0,0,855,1157,0,0,187,489
8407,169,348,107241,58,43.90052765822725,56.139658763120295,0,0,748,572,0,0,377,201,0,0,748,1137,0,0,218,607
8408,169,349,107294,72,82.38852442128922,91.94446264125506,0,0,928,501,0,0,593,166,0,0,928,984,0,0,488,544
8409,169,350,106701,80,78.12398187639937,51.79426183907418,0,0,758,618,0,0,326,186,0,0,758,1313,0,0,165,720
8410,169,351,106322,110,89.59730374870759,92.73085344474761,1,1,771,536,0,0,383,148,1,0,771,1115,1,0,257,601
8411,169,352,106290,149,90.1720891597085,92.29999559280738,0,0,1134,606,0,0,711,183,0,0,1134,1310,0,0,516,692
8412,169,353,106744,209,79.12474484685471,94.51555403295886,0,0,1171,701,0,0,660,190,0,0,1171,1339,0,0,490,658
8413,169,354,107675,132,96.29914683802164,97.82321794240542,1,1,633,379,0,0,374,120,1,0,633,977,1,0,212,556
8414,169,355,108661,21,72.38138670019325,81.01779561129831,2,1,680,431,1,0,438,189,2,1,680,964,1,0,259,543
8423,169,364,114855,106,84.00462376245194,94.90893216831728,1,1,609,383,0,0,372,146,1,1,609,1046,0,0,226,663
8424,169,365,113781,191,95.93387228938735,95.35063471340331,0,0,705,688,0,0,256,239,0,0,705,1364,0,0,165,824
8425,169,366,113041,134,94.59700667960031,88.57284937856642,0,0,811,500,0,0,363,52,0,0,811,1005,0,0,201,395
8426,169,367,111440,104,86.09812590951948,87.64882703201789,0,0,678,429,0,0,328,79,0,0,678,941,0,0,171,434
8427,169,368,109271,82,46.23402619371806,22.960491595753357,1,4,588,452,0,3,284,148,1,1,588,993,0,0,156,561
8428,169,369,107565,58,33.378860009936524,50.59289583953797,0,0,579,373,0,0,316,110,0,0,579,806,0,0,217,444
8429,169,370,106296,57,74.95236570287781,93.5014804455017,1,0,570,445,1,0,295,170,1,0,570,1053,1,0,154,637
8430,169,371,105098,46,18.799608181628336,12.629836304278255,0,0,848,543,0,0,466,161,0,0,848,1090,0,0,280,522
8431,169,372,103674,40,41.50693126051944,82.29902465063829,1,0,517,338,1,0,313,134,1,0,517,921,1,0,159,563
8432,169,373,102251,28,86.5688443247618,93.50166891229338,0,0,562,470,0,0,243,151,0,0,562,1015,0,0,109,562
8433,169,374,100800,26,90.20673954890056,83.3043350975515,0,0,576,416,0,0,337,177,0,0,576,1085,0,0,180,689
8434,169,375,99527,20,33.92479965431928,17.43251951096618,0,0,832,566,0,0,404,138,0,0,832,1215,0,0,229,612
8435,169,376,98379,23,63.910147664537334,92.70111031990444,0,0,581,470,0,0,290,179,0,0,581,1074,0,0,152,645
8436,169,377,97892,17,98.14720986433791,98.58900422914265,0,0,516,392,0,0,268,144,0,0,516,958,0,0,158,600
8437,169,378,97699,16,23.485465626515527,85.58561944591355,0,0,637,400,0,0,328,91,0,0,637,1015,0,0,151,529
8438,169,379,97912,14,95.88976499690784,96.80289948147092,0,0,555,413,0,0,305,163,0,0,555,1029,0,0,160,634
8439,169,380,98173,16,35.772854330025574,50.025348047986775,0,0,625,467,0,0,291,133,0,0,625,1182,0,0,105,662
8440,169,381,98624,11,100.0,100.0,0,0,654,609,0,0,322,277,0,0,654,1381,0,0,160,887
8441,169,382,99324,12,8.884725338607186,2.5199529986538938,0,0,743,497,0,0,395,149,0,0,743,1215,0,0,178,650
8442,169,383,100151,12,0.5208780217212355,0.27221109052316717,8,12,775,491,0,4,385,101,8,10,775,1102,0,2,233,560
8443,169,384,100926,9,0.7136509026703803,0.2981296788314209,6,7,558,506,0,1,211,159,6,6,558,1209,0,0,74,725
8444,169,385,101111,7,0.08936754629347407,0.11381176837286415,7,7,612,460,0,0,268,116,7,7,612,1058,0,0,125,571
8445,169,386,101050,10,0.6873650539706296,1.6865840357888173,7,2,453,415,5,0,180,142,7,0,453,1012,7,0,75,634
8446,169,387,100662,7,0.22213138904754365,0.3995082466411599,7,6,609,468,1,0,241,100,7,2,609,1143,5,0,94,628
8447,169,388,100002,8,0.5730788187233733,0.08290278736510263,5,8,674,475,0,3,351,152,5,8,674,1139,0,3,191,656
8448,169,389,98984,7,0.15085741024191127,0.11933958759383587,7,7,727,502,0,0,356,131,7,7,727,1194,0,0,155,622
8451,169,392,97344,8,0.06741479094904707,0.06140296200259695,8,8,834,700,0,0,369,235,8,8,834,1451,0,0,175,792
8452,169,393,97468,8,0.08872606770108349,0.043147644488225105,8,8,719,513,0,0,335,129,8,8,719,1237,0,0,96,614
8453,169,394,97160,5,0.06991120582950607,0.04150129458053337,5,5,774,649,0,0,281,156,5,5,774,1427,0,0,112,765
8455,169,396,95864,5,0.04688792168365179,0.022082361270547708,5,5,630,487,0,0,272,129,5,5,630,1116,0,0,99,585
