序列,统计量,分组,权重,五位模式,可见或命中位数,原始数量,分母,比例,有效窗口数,序列数
全部,五位类别可见模式,全部,有适用观测的帧等权,00000,0,4355,8583,0.5073983455668182,8583,19
全部,五位类别可见模式,全部,有适用观测的帧等权,00001,1,97,8583,0.01130140976348596,8583,19
全部,五位类别可见模式,全部,有适用观测的帧等权,00010,1,69,8583,0.008039147151345682,8583,19
全部,五位类别可见模式,全部,有适用观测的帧等权,00011,2,58,8583,0.006757543982290575,8583,19
全部,五位类别可见模式,全部,有适用观测的帧等权,00100,1,72,8583,0.008388675288360714,8583,19
全部,五位类别可见模式,全部,有适用观测的帧等权,00101,2,21,8583,0.002446696959105208,8583,19
全部,五位类别可见模式,全部,有适用观测的帧等权,00110,2,34,8583,0.003961318886170337,8583,19
全部,五位类别可见模式,全部,有适用观测的帧等权,00111,3,57,8583,0.006641034603285564,8583,19
全部,五位类别可见模式,全部,有适用观测的帧等权,01000,1,72,8583,0.008388675288360714,8583,19
全部,五位类别可见模式,全部,有适用观测的帧等权,01001,2,22,8583,0.002563206338110218,8583,19
全部,五位类别可见模式,全部,有适用观测的帧等权,01010,2,16,8583,0.0018641500640801585,8583,19
全部,五位类别可见模式,全部,有适用观测的帧等权,01011,3,18,8583,0.0020971688220901784,8583,19
全部,五位类别可见模式,全部,有适用观测的帧等权,01100,2,30,8583,0.003495281370150297,8583,19
全部,五位类别可见模式,全部,有适用观测的帧等权,01101,3,28,8583,0.0032622626121402774,8583,19
全部,五位类别可见模式,全部,有适用观测的帧等权,01110,3,27,8583,0.0031457532331352674,8583,19
全部,五位类别可见模式,全部,有适用观测的帧等权,01111,4,90,8583,0.01048584411045089,8583,19
全部,五位类别可见模式,全部,有适用观测的帧等权,10000,1,91,8583,0.010602353489455901,8583,19
全部,五位类别可见模式,全部,有适用观测的帧等权,10001,2,30,8583,0.003495281370150297,8583,19
全部,五位类别可见模式,全部,有适用观测的帧等权,10010,2,24,8583,0.0027962250961202375,8583,19
全部,五位类别可见模式,全部,有适用观测的帧等权,10011,3,33,8583,0.003844809507165327,8583,19
全部,五位类别可见模式,全部,有适用观测的帧等权,10100,2,22,8583,0.002563206338110218,8583,19
全部,五位类别可见模式,全部,有适用观测的帧等权,10101,3,13,8583,0.0015146219270651287,8583,19
全部,五位类别可见模式,全部,有适用观测的帧等权,10110,3,24,8583,0.0027962250961202375,8583,19
全部,五位类别可见模式,全部,有适用观测的帧等权,10111,4,60,8583,0.006990562740300594,8583,19
全部,五位类别可见模式,全部,有适用观测的帧等权,11000,2,49,8583,0.005708959571245485,8583,19
全部,五位类别可见模式,全部,有适用观测的帧等权,11001,3,35,8583,0.0040778282651753464,8583,19
全部,五位类别可见模式,全部,有适用观测的帧等权,11010,3,19,8583,0.002213678201095188,8583,19
全部,五位类别可见模式,全部,有适用观测的帧等权,11011,4,66,8583,0.007689619014330654,8583,19
全部,五位类别可见模式,全部,有适用观测的帧等权,11100,3,54,8583,0.006291506466270535,8583,19
全部,五位类别可见模式,全部,有适用观测的帧等权,11101,4,57,8583,0.006641034603285564,8583,19
全部,五位类别可见模式,全部,有适用观测的帧等权,11110,4,84,8583,0.009786787836420832,8583,19
全部,五位类别可见模式,全部,有适用观测的帧等权,11111,5,2856,8583,0.3327507864383083,8583,19
全部,五位类别可见模式：按位数汇总,全部,有适用观测的帧等权,合计0个扫描,0,4355,8583,0.5073983455668182,8583,19
全部,五位类别可见模式：按位数汇总,全部,有适用观测的帧等权,合计1个扫描,1,401,8583,0.04672026098100897,8583,19
全部,五位类别可见模式：按位数汇总,全部,有适用观测的帧等权,合计2个扫描,2,306,8583,0.03565186997553303,8583,19
全部,五位类别可见模式：按位数汇总,全部,有适用观测的帧等权,合计3个扫描,3,308,8583,0.03588488873354305,8583,19
全部,五位类别可见模式：按位数汇总,全部,有适用观测的帧等权,合计4个扫描,4,357,8583,0.04159384830478854,8583,19
全部,五位类别可见模式：按位数汇总,全部,有适用观测的帧等权,合计5个扫描,5,2856,8583,0.3327507864383083,8583,19
全部,五位类别可见模式,全部,统计单位等权,00000,0,4355,8583,0.5073983455668182,8583,19
全部,五位类别可见模式,全部,统计单位等权,00001,1,97,8583,0.01130140976348596,8583,19
全部,五位类别可见模式,全部,统计单位等权,00010,1,69,8583,0.008039147151345682,8583,19
全部,五位类别可见模式,全部,统计单位等权,00011,2,58,8583,0.006757543982290575,8583,19
全部,五位类别可见模式,全部,统计单位等权,00100,1,72,8583,0.008388675288360714,8583,19
全部,五位类别可见模式,全部,统计单位等权,00101,2,21,8583,0.002446696959105208,8583,19
全部,五位类别可见模式,全部,统计单位等权,00110,2,34,8583,0.003961318886170337,8583,19
全部,五位类别可见模式,全部,统计单位等权,00111,3,57,8583,0.006641034603285564,8583,19
全部,五位类别可见模式,全部,统计单位等权,01000,1,72,8583,0.008388675288360714,8583,19
全部,五位类别可见模式,全部,统计单位等权,01001,2,22,8583,0.002563206338110218,8583,19
全部,五位类别可见模式,全部,统计单位等权,01010,2,16,8583,0.0018641500640801585,8583,19
全部,五位类别可见模式,全部,统计单位等权,01011,3,18,8583,0.0020971688220901784,8583,19
全部,五位类别可见模式,全部,统计单位等权,01100,2,30,8583,0.003495281370150297,8583,19
全部,五位类别可见模式,全部,统计单位等权,01101,3,28,8583,0.0032622626121402774,8583,19
全部,五位类别可见模式,全部,统计单位等权,01110,3,27,8583,0.0031457532331352674,8583,19
全部,五位类别可见模式,全部,统计单位等权,01111,4,90,8583,0.01048584411045089,8583,19
全部,五位类别可见模式,全部,统计单位等权,10000,1,91,8583,0.010602353489455901,8583,19
全部,五位类别可见模式,全部,统计单位等权,10001,2,30,8583,0.003495281370150297,8583,19
全部,五位类别可见模式,全部,统计单位等权,10010,2,24,8583,0.0027962250961202375,8583,19
全部,五位类别可见模式,全部,统计单位等权,10011,3,33,8583,0.003844809507165327,8583,19
全部,五位类别可见模式,全部,统计单位等权,10100,2,22,8583,0.002563206338110218,8583,19
全部,五位类别可见模式,全部,统计单位等权,10101,3,13,8583,0.0015146219270651287,8583,19
全部,五位类别可见模式,全部,统计单位等权,10110,3,24,8583,0.0027962250961202375,8583,19
全部,五位类别可见模式,全部,统计单位等权,10111,4,60,8583,0.006990562740300594,8583,19
全部,五位类别可见模式,全部,统计单位等权,11000,2,49,8583,0.005708959571245485,8583,19
全部,五位类别可见模式,全部,统计单位等权,11001,3,35,8583,0.0040778282651753464,8583,19
全部,五位类别可见模式,全部,统计单位等权,11010,3,19,8583,0.002213678201095188,8583,19
全部,五位类别可见模式,全部,统计单位等权,11011,4,66,8583,0.007689619014330654,8583,19
全部,五位类别可见模式,全部,统计单位等权,11100,3,54,8583,0.006291506466270535,8583,19
全部,五位类别可见模式,全部,统计单位等权,11101,4,57,8583,0.006641034603285564,8583,19
全部,五位类别可见模式,全部,统计单位等权,11110,4,84,8583,0.009786787836420832,8583,19
全部,五位类别可见模式,全部,统计单位等权,11111,5,2856,8583,0.3327507864383083,8583,19
全部,五位类别可见模式：按位数汇总,全部,统计单位等权,合计0个扫描,0,4355,8583,0.5073983455668182,8583,19
全部,五位类别可见模式：按位数汇总,全部,统计单位等权,合计1个扫描,1,401,8583,0.04672026098100897,8583,19
全部,五位类别可见模式：按位数汇总,全部,统计单位等权,合计2个扫描,2,306,8583,0.03565186997553303,8583,19
全部,五位类别可见模式：按位数汇总,全部,统计单位等权,合计3个扫描,3,308,8583,0.03588488873354305,8583,19
全部,五位类别可见模式：按位数汇总,全部,统计单位等权,合计4个扫描,4,357,8583,0.04159384830478854,8583,19
全部,五位类别可见模式：按位数汇总,全部,统计单位等权,合计5个扫描,5,2856,8583,0.3327507864383083,8583,19
全部,五位类别可见模式,全部,有适用观测的序列等权,00000,0,4355,8583,0.48688131792941824,8583,19
全部,五位类别可见模式,全部,有适用观测的序列等权,00001,1,97,8583,0.01193718182175284,8583,19
全部,五位类别可见模式,全部,有适用观测的序列等权,00010,1,69,8583,0.008643224948854694,8583,19
全部,五位类别可见模式,全部,有适用观测的序列等权,00011,2,58,8583,0.006786364330951463,8583,19
全部,五位类别可见模式,全部,有适用观测的序列等权,00100,1,72,8583,0.008927618398471794,8583,19
全部,五位类别可见模式,全部,有适用观测的序列等权,00101,2,21,8583,0.0026296302335492598,8583,19
全部,五位类别可见模式,全部,有适用观测的序列等权,00110,2,34,8583,0.0039127949562074845,8583,19
全部,五位类别可见模式,全部,有适用观测的序列等权,00111,3,57,8583,0.00697314605221894,8583,19
全部,五位类别可见模式,全部,有适用观测的序列等权,01000,1,72,8583,0.008860694763046269,8583,19
全部,五位类别可见模式,全部,有适用观测的序列等权,01001,2,22,8583,0.0026379422085815057,8583,19
全部,五位类别可见模式,全部,有适用观测的序列等权,01010,2,16,8583,0.001965437593052486,8583,19
全部,五位类别可见模式,全部,有适用观测的序列等权,01011,3,18,8583,0.002069798915909116,8583,19
全部,五位类别可见模式,全部,有适用观测的序列等权,01100,2,30,8583,0.003653467196352667,8583,19
全部,五位类别可见模式,全部,有适用观测的序列等权,01101,3,28,8583,0.0032305395733884844,8583,19
全部,五位类别可见模式,全部,有适用观测的序列等权,01110,3,27,8583,0.0033133881630693926,8583,19
全部,五位类别可见模式,全部,有适用观测的序列等权,01111,4,90,8583,0.010450334582774137,8583,19
全部,五位类别可见模式,全部,有适用观测的序列等权,10000,1,91,8583,0.0109494073140333,8583,19
全部,五位类别可见模式,全部,有适用观测的序列等权,10001,2,30,8583,0.003492407458053316,8583,19
全部,五位类别可见模式,全部,有适用观测的序列等权,10010,2,24,8583,0.00291402368316636,8583,19
全部,五位类别可见模式,全部,有适用观测的序列等权,10011,3,33,8583,0.004099576677474961,8583,19
全部,五位类别可见模式,全部,有适用观测的序列等权,10100,2,22,8583,0.002571018573155981,8583,19
全部,五位类别可见模式,全部,有适用观测的序列等权,10101,3,13,8583,0.001405606275412343,8583,19
全部,五位类别可见模式,全部,有适用观测的序列等权,10110,3,24,8583,0.0029712118135336667,8583,19
全部,五位类别可见模式,全部,有适用观测的序列等权,10111,4,60,8583,0.006790576693624589,8583,19
全部,五位类别可见模式,全部,有适用观测的序列等权,11000,2,49,8583,0.005581120009040349,8583,19
全部,五位类别可见模式,全部,有适用观测的序列等权,11001,3,35,8583,0.004375658152059815,8583,19
全部,五位类别可见模式,全部,有适用观测的序列等权,11010,3,19,8583,0.002011187255515838,8583,19
全部,五位类别可见模式,全部,有适用观测的序列等权,11011,4,66,8583,0.0076919895912491406,8583,19
全部,五位类别可见模式,全部,有适用观测的序列等权,11100,3,54,8583,0.006303310964747498,8583,19
全部,五位类别可见模式,全部,有适用观测的序列等权,11101,4,57,8583,0.006472637273376493,8583,19
全部,五位类别可见模式,全部,有适用观测的序列等权,11110,4,84,8583,0.009462560075054596,8583,19
全部,五位类别可见模式,全部,有适用观测的序列等权,11111,5,2856,8583,0.3500348265229031,8583,19
全部,五位类别可见模式：按位数汇总,全部,有适用观测的序列等权,合计0个扫描,0,4355,8583,0.48688131792941824,8583,19
全部,五位类别可见模式：按位数汇总,全部,有适用观测的序列等权,合计1个扫描,1,401,8583,0.049318127246158895,8583,19
全部,五位类别可见模式：按位数汇总,全部,有适用观测的序列等权,合计2个扫描,2,306,8583,0.03614420624211087,8583,19
全部,五位类别可见模式：按位数汇总,全部,有适用观测的序列等权,合计3个扫描,3,308,8583,0.03675342384333006,8583,19
全部,五位类别可见模式：按位数汇总,全部,有适用观测的序列等权,合计4个扫描,4,357,8583,0.04086809821607895,8583,19
全部,五位类别可见模式：按位数汇总,全部,有适用观测的序列等权,合计5个扫描,5,2856,8583,0.3500348265229031,8583,19
全部,扫描命中五位编码,全部,有适用观测的帧等权,00000,0,0,2352383508,0.0,8583,19
全部,扫描命中五位编码,全部,有适用观测的帧等权,00001,1,342025638,2352383508,0.14236491809085447,8583,19
全部,扫描命中五位编码,全部,有适用观测的帧等权,00010,1,311510895,2352383508,0.12912900275934686,8583,19
全部,扫描命中五位编码,全部,有适用观测的帧等权,00011,2,58308442,2352383508,0.02525305424840956,8583,19
全部,扫描命中五位编码,全部,有适用观测的帧等权,00100,1,303992241,2352383508,0.12595086496741761,8583,19
全部,扫描命中五位编码,全部,有适用观测的帧等权,00101,2,36840833,2352383508,0.015859743128223202,8583,19
全部,扫描命中五位编码,全部,有适用观测的帧等权,00110,2,44367996,2352383508,0.01894420676913293,8583,19
全部,扫描命中五位编码,全部,有适用观测的帧等权,00111,3,27374547,2352383508,0.01234208716636779,8583,19
全部,扫描命中五位编码,全部,有适用观测的帧等权,01000,1,309847007,2352383508,0.12844151237089704,8583,19
全部,扫描命中五位编码,全部,有适用观测的帧等权,01001,2,30115540,2352383508,0.013017074752744141,8583,19
全部,扫描命中五位编码,全部,有适用观测的帧等权,01010,2,32626560,2352383508,0.013972712783340292,8583,19
全部,扫描命中五位编码,全部,有适用观测的帧等权,01011,3,15575856,2352383508,0.006962463134627242,8583,19
全部,扫描命中五位编码,全部,有适用观测的帧等权,01100,2,44443633,2352383508,0.018966605074388996,8583,19
全部,扫描命中五位编码,全部,有适用观测的帧等权,01101,3,14185271,2352383508,0.006320872502127988,8583,19
全部,扫描命中五位编码,全部,有适用观测的帧等权,01110,3,19068186,2352383508,0.008433756287621715,8583,19
全部,扫描命中五位编码,全部,有适用观测的帧等权,01111,4,24102692,2352383508,0.011303701545695273,8583,19
全部,扫描命中五位编码,全部,有适用观测的帧等权,10000,1,340615527,2352383508,0.14182172595540815,8583,19
全部,扫描命中五位编码,全部,有适用观测的帧等权,10001,2,28182652,2352383508,0.012212451256897069,8583,19
全部,扫描命中五位编码,全部,有适用观测的帧等权,10010,2,29663754,2352383508,0.012806930818864047,8583,19
全部,扫描命中五位编码,全部,有适用观测的帧等权,10011,3,13464810,2352383508,0.006045710876648531,8583,19
全部,扫描命中五位编码,全部,有适用观测的帧等权,10100,2,36261601,2352383508,0.015580548880965741,8583,19
全部,扫描命中五位编码,全部,有适用观测的帧等权,10101,3,11410857,2352383508,0.0050941872780467705,8583,19
全部,扫描命中五位编码,全部,有适用观测的帧等权,10110,3,14257762,2352383508,0.006340062534238994,8583,19
全部,扫描命中五位编码,全部,有适用观测的帧等权,10111,4,15787222,2352383508,0.007386768716969692,8583,19
全部,扫描命中五位编码,全部,有适用观测的帧等权,11000,2,59244128,2352383508,0.025625759444807685,8583,19
全部,扫描命中五位编码,全部,有适用观测的帧等权,11001,3,13072283,2352383508,0.0058608862498871475,8583,19
全部,扫描命中五位编码,全部,有适用观测的帧等权,11010,3,15061671,2352383508,0.006713377427276879,8583,19
全部,扫描命中五位编码,全部,有适用观测的帧等权,11011,4,14482210,2352383508,0.006773674517088737,8583,19
全部,扫描命中五位编码,全部,有适用观测的帧等权,11100,3,27882745,2352383508,0.01252822348126226,8583,19
全部,扫描命中五位编码,全部,有适用观测的帧等权,11101,4,15379266,2352383508,0.007182085261571977,8583,19
全部,扫描命中五位编码,全部,有适用观测的帧等权,11110,4,24130611,2352383508,0.01127190268105401,8583,19
全部,扫描命中五位编码,全部,有适用观测的帧等权,11111,5,79101072,2352383508,0.03949312903781698,8583,19
全部,扫描命中五位编码：按位数汇总,全部,有适用观测的帧等权,合计0个扫描,0,0,2352383508,0,8583,19
全部,扫描命中五位编码：按位数汇总,全部,有适用观测的帧等权,合计1个扫描,1,1607991308,2352383508,0.6677080241439242,8583,19
全部,扫描命中五位编码：按位数汇总,全部,有适用观测的帧等权,合计2个扫描,2,400055139,2352383508,0.17223908715777367,8583,19
全部,扫描命中五位编码：按位数汇总,全部,有适用观测的帧等权,合计3个扫描,3,171353988,2352383508,0.07664162693810532,8583,19
全部,扫描命中五位编码：按位数汇总,全部,有适用观测的帧等权,合计4个扫描,4,93882001,2352383508,0.04391813272237969,8583,19
全部,扫描命中五位编码：按位数汇总,全部,有适用观测的帧等权,合计5个扫描,5,79101072,2352383508,0.03949312903781698,8583,19
全部,扫描命中五位编码,全部,统计单位等权,00000,0,0,2352383508,0.0,8583,19
全部,扫描命中五位编码,全部,统计单位等权,00001,1,342025638,2352383508,0.14539535617251062,8583,19
全部,扫描命中五位编码,全部,统计单位等权,00010,1,311510895,2352383508,0.13242351595333493,8583,19
全部,扫描命中五位编码,全部,统计单位等权,00011,2,58308442,2352383508,0.02478696258569417,8583,19
全部,扫描命中五位编码,全部,统计单位等权,00100,1,303992241,2352383508,0.12922733047829207,8583,19
全部,扫描命中五位编码,全部,统计单位等权,00101,2,36840833,2352383508,0.01566106584011981,8583,19
全部,扫描命中五位编码,全部,统计单位等权,00110,2,44367996,2352383508,0.018860868497467802,8583,19
全部,扫描命中五位编码,全部,统计单位等权,00111,3,27374547,2352383508,0.011636940535803145,8583,19
全部,扫描命中五位编码,全部,统计单位等权,01000,1,309847007,2352383508,0.13171619591204853,8583,19
全部,扫描命中五位编码,全部,统计单位等权,01001,2,30115540,2352383508,0.012802138723376903,8583,19
全部,扫描命中五位编码,全部,统计单位等权,01010,2,32626560,2352383508,0.013869575215539217,8583,19
全部,扫描命中五位编码,全部,统计单位等权,01011,3,15575856,2352383508,0.006621308110276039,8583,19
全部,扫描命中五位编码,全部,统计单位等权,01100,2,44443633,2352383508,0.018893021843103316,8583,19
全部,扫描命中五位编码,全部,统计单位等权,01101,3,14185271,2352383508,0.006030169380017605,8583,19
全部,扫描命中五位编码,全部,统计单位等权,01110,3,19068186,2352383508,0.008105900222116333,8583,19
全部,扫描命中五位编码,全部,统计单位等权,01111,4,24102692,2352383508,0.010246072512424705,8583,19
全部,扫描命中五位编码,全部,统计单位等权,10000,1,340615527,2352383508,0.14479591692495405,8583,19
全部,扫描命中五位编码,全部,统计单位等权,10001,2,28182652,2352383508,0.011980466579601612,8583,19
全部,扫描命中五位编码,全部,统计单位等权,10010,2,29663754,2352383508,0.012610084154696428,8583,19
全部,扫描命中五位编码,全部,统计单位等权,10011,3,13464810,2352383508,0.0057239008665928804,8583,19
全部,扫描命中五位编码,全部,统计单位等权,10100,2,36261601,2352383508,0.015414833880904763,8583,19
全部,扫描命中五位编码,全部,统计单位等权,10101,3,11410857,2352383508,0.004850763900186295,8583,19
全部,扫描命中五位编码,全部,统计单位等权,10110,3,14257762,2352383508,0.0060609853586849755,8583,19
全部,扫描命中五位编码,全部,统计单位等权,10111,4,15787222,2352383508,0.006711159955981123,8583,19
全部,扫描命中五位编码,全部,统计单位等权,11000,2,59244128,2352383508,0.025184723408628828,8583,19
全部,扫描命中五位编码,全部,统计单位等权,11001,3,13072283,2352383508,0.00555703734341943,8583,19
全部,扫描命中五位编码,全部,统计单位等权,11010,3,15061671,2352383508,0.0064027276797249165,8583,19
全部,扫描命中五位编码,全部,统计单位等权,11011,4,14482210,2352383508,0.006156398372437493,8583,19
全部,扫描命中五位编码,全部,统计单位等权,11100,3,27882745,2352383508,0.011852975888147571,8583,19
全部,扫描命中五位编码,全部,统计单位等权,11101,4,15379266,2352383508,0.006537737553293542,8583,19
全部,扫描命中五位编码,全部,统计单位等权,11110,4,24130611,2352383508,0.010257940900340642,8583,19
全部,扫描命中五位编码,全部,统计单位等权,11111,5,79101072,2352383508,0.033625925250280235,8583,19
全部,扫描命中五位编码：按位数汇总,全部,统计单位等权,合计0个扫描,0,0,2352383508,0,8583,19
全部,扫描命中五位编码：按位数汇总,全部,统计单位等权,合计1个扫描,1,1607991308,2352383508,0.6835583154411402,8583,19
全部,扫描命中五位编码：按位数汇总,全部,统计单位等权,合计2个扫描,2,400055139,2352383508,0.17006374072913286,8583,19
全部,扫描命中五位编码：按位数汇总,全部,统计单位等权,合计3个扫描,3,171353988,2352383508,0.07284270928496919,8583,19
全部,扫描命中五位编码：按位数汇总,全部,统计单位等权,合计4个扫描,4,93882001,2352383508,0.0399093092944775,8583,19
全部,扫描命中五位编码：按位数汇总,全部,统计单位等权,合计5个扫描,5,79101072,2352383508,0.033625925250280235,8583,19
全部,扫描命中五位编码,全部,有适用观测的序列等权,00000,0,0,2352383508,0.0,8583,19
全部,扫描命中五位编码,全部,有适用观测的序列等权,00001,1,342025638,2352383508,0.14336309635981528,8583,19
全部,扫描命中五位编码,全部,有适用观测的序列等权,00010,1,311510895,2352383508,0.13046824633363624,8583,19
全部,扫描命中五位编码,全部,有适用观测的序列等权,00011,2,58308442,2352383508,0.02506385383783715,8583,19
全部,扫描命中五位编码,全部,有适用观测的序列等权,00100,1,303992241,2352383508,0.12734100724573005,8583,19
全部,扫描命中五位编码,全部,有适用观测的序列等权,00101,2,36840833,2352383508,0.015905285362027604,8583,19
全部,扫描命中五位编码,全部,有适用观测的序列等权,00110,2,44367996,2352383508,0.018990367070059626,8583,19
全部,扫描命中五位编码,全部,有适用观测的序列等权,00111,3,27374547,2352383508,0.012053692389518578,8583,19
全部,扫描命中五位编码,全部,有适用观测的序列等权,01000,1,309847007,2352383508,0.1298326113027351,8583,19
全部,扫描命中五位编码,全部,有适用观测的序列等权,01001,2,30115540,2352383508,0.013082891631947095,8583,19
全部,扫描命中五位编码,全部,有适用观测的序列等权,01010,2,32626560,2352383508,0.01406521000341434,8583,19
全部,扫描命中五位编码,全部,有适用观测的序列等权,01011,3,15575856,2352383508,0.006878058887493043,8583,19
全部,扫描命中五位编码,全部,有适用观测的序列等权,01100,2,44443633,2352383508,0.019022337189544887,8583,19
全部,扫描命中五位编码,全部,有适用观测的序列等权,01101,3,14185271,2352383508,0.006259450833124719,8583,19
全部,扫描命中五位编码,全部,有适用观测的序列等权,01110,3,19068186,2352383508,0.008349251877651342,8583,19
全部,扫描命中五位编码,全部,有适用观测的序列等权,01111,4,24102692,2352383508,0.010816256392425899,8583,19
全部,扫描命中五位编码,全部,有适用观测的序列等权,10000,1,340615527,2352383508,0.1429357793118055,8583,19
全部,扫描命中五位编码,全部,有适用观测的序列等权,10001,2,28182652,2352383508,0.01230108518285532,8583,19
全部,扫描命中五位编码,全部,有适用观测的序列等权,10010,2,29663754,2352383508,0.012888999517714385,8583,19
全部,扫描命中五位编码,全部,有适用观测的序列等权,10011,3,13464810,2352383508,0.005985312607883328,8583,19
全部,扫描命中五位编码,全部,有适用观测的序列等权,10100,2,36261601,2352383508,0.01565907772315767,8583,19
全部,扫描命中五位编码,全部,有适用观测的序列等权,10101,3,11410857,2352383508,0.005055816310604252,8583,19
全部,扫描命中五位编码,全部,有适用观测的序列等权,10110,3,14257762,2352383508,0.0062857787697081025,8583,19
全部,扫描命中五位编码,全部,有适用观测的序列等权,10111,4,15787222,2352383508,0.007105110615014379,8583,19
全部,扫描命中五位编码,全部,有适用观测的序列等权,11000,2,59244128,2352383508,0.025492805548669298,8583,19
全部,扫描命中五位编码,全部,有适用观测的序列等权,11001,3,13072283,2352383508,0.005811920818154673,8583,19
全部,扫描命中五位编码,全部,有适用观测的序列等权,11010,3,15061671,2352383508,0.006649676360349305,8583,19
全部,扫描命中五位编码,全部,有适用观测的序列等权,11011,4,14482210,2352383508,0.006517481386195576,8583,19
全部,扫描命中五位编码,全部,有适用观测的序列等权,11100,3,27882745,2352383508,0.012281179473101991,8583,19
全部,扫描命中五位编码,全部,有适用观测的序列等权,11101,4,15379266,2352383508,0.006914508212210916,8583,19
全部,扫描命中五位编码,全部,有适用观测的序列等权,11110,4,24130611,2352383508,0.0108151201319997,8583,19
全部,扫描命中五位编码,全部,有适用观测的序列等权,11111,5,79101072,2352383508,0.03580873131361445,8583,19
全部,扫描命中五位编码：按位数汇总,全部,有适用观测的序列等权,合计0个扫描,0,0,2352383508,0,8583,19
全部,扫描命中五位编码：按位数汇总,全部,有适用观测的序列等权,合计1个扫描,1,1607991308,2352383508,0.6739407405537222,8583,19
全部,扫描命中五位编码：按位数汇总,全部,有适用观测的序列等权,合计2个扫描,2,400055139,2352383508,0.17247191306722737,8583,19
全部,扫描命中五位编码：按位数汇总,全部,有适用观测的序列等权,合计3个扫描,3,171353988,2352383508,0.07561013832758934,8583,19
全部,扫描命中五位编码：按位数汇总,全部,有适用观测的序列等权,合计4个扫描,4,93882001,2352383508,0.04216847673784647,8583,19
全部,扫描命中五位编码：按位数汇总,全部,有适用观测的序列等权,合计5个扫描,5,79101072,2352383508,0.03580873131361445,8583,19
全部,扫描命中五位编码,当前异常占据体素,有适用观测的帧等权,00000,0,0,75412,0.0,3541,19
全部,扫描命中五位编码,当前异常占据体素,有适用观测的帧等权,00001,1,31126,75412,0.7263294473030246,3541,19
全部,扫描命中五位编码,当前异常占据体素,有适用观测的帧等权,00010,1,0,75412,0.0,3541,19
全部,扫描命中五位编码,当前异常占据体素,有适用观测的帧等权,00011,2,6089,75412,0.051796768980993425,3541,19
全部,扫描命中五位编码,当前异常占据体素,有适用观测的帧等权,00100,1,0,75412,0.0,3541,19
全部,扫描命中五位编码,当前异常占据体素,有适用观测的帧等权,00101,2,3784,75412,0.03462606644917505,3541,19
全部,扫描命中五位编码,当前异常占据体素,有适用观测的帧等权,00110,2,0,75412,0.0,3541,19
全部,扫描命中五位编码,当前异常占据体素,有适用观测的帧等权,00111,3,3308,75412,0.016924678891135202,3541,19
全部,扫描命中五位编码,当前异常占据体素,有适用观测的帧等权,01000,1,0,75412,0.0,3541,19
全部,扫描命中五位编码,当前异常占据体素,有适用观测的帧等权,01001,2,3172,75412,0.030399230261435366,3541,19
全部,扫描命中五位编码,当前异常占据体素,有适用观测的帧等权,01010,2,0,75412,0.0,3541,19
全部,扫描命中五位编码,当前异常占据体素,有适用观测的帧等权,01011,3,1789,75412,0.009616024581878116,3541,19
全部,扫描命中五位编码,当前异常占据体素,有适用观测的帧等权,01100,2,0,75412,0.0,3541,19
全部,扫描命中五位编码,当前异常占据体素,有适用观测的帧等权,01101,3,1725,75412,0.009135770797215649,3541,19
全部,扫描命中五位编码,当前异常占据体素,有适用观测的帧等权,01110,3,0,75412,0.0,3541,19
全部,扫描命中五位编码,当前异常占据体素,有适用观测的帧等权,01111,4,3050,75412,0.01206548667093643,3541,19
全部,扫描命中五位编码,当前异常占据体素,有适用观测的帧等权,10000,1,0,75412,0.0,3541,19
全部,扫描命中五位编码,当前异常占据体素,有适用观测的帧等权,10001,2,2981,75412,0.028839613395088667,3541,19
全部,扫描命中五位编码,当前异常占据体素,有适用观测的帧等权,10010,2,0,75412,0.0,3541,19
全部,扫描命中五位编码,当前异常占据体素,有适用观测的帧等权,10011,3,1599,75412,0.008810570364462028,3541,19
全部,扫描命中五位编码,当前异常占据体素,有适用观测的帧等权,10100,2,0,75412,0.0,3541,19
全部,扫描命中五位编码,当前异常占据体素,有适用观测的帧等权,10101,3,1446,75412,0.009087353816963666,3541,19
全部,扫描命中五位编码,当前异常占据体素,有适用观测的帧等权,10110,3,0,75412,0.0,3541,19
全部,扫描命中五位编码,当前异常占据体素,有适用观测的帧等权,10111,4,2056,75412,0.008611209926895961,3541,19
全部,扫描命中五位编码,当前异常占据体素,有适用观测的帧等权,11000,2,0,75412,0.0,3541,19
全部,扫描命中五位编码,当前异常占据体素,有适用观测的帧等权,11001,3,1531,75412,0.008104011884367362,3541,19
全部,扫描命中五位编码,当前异常占据体素,有适用观测的帧等权,11010,3,0,75412,0.0,3541,19
全部,扫描命中五位编码,当前异常占据体素,有适用观测的帧等权,11011,4,1872,75412,0.0077938707617756274,3541,19
全部,扫描命中五位编码,当前异常占据体素,有适用观测的帧等权,11100,3,0,75412,0.0,3541,19
全部,扫描命中五位编码,当前异常占据体素,有适用观测的帧等权,11101,4,1971,75412,0.008081433137934246,3541,19
全部,扫描命中五位编码,当前异常占据体素,有适用观测的帧等权,11110,4,0,75412,0.0,3541,19
全部,扫描命中五位编码,当前异常占据体素,有适用观测的帧等权,11111,5,7913,75412,0.029778462776718636,3541,19
全部,扫描命中五位编码：按位数汇总,当前异常占据体素,有适用观测的帧等权,合计0个扫描,0,0,75412,0,3541,19
全部,扫描命中五位编码：按位数汇总,当前异常占据体素,有适用观测的帧等权,合计1个扫描,1,31126,75412,0.7263294473030246,3541,19
全部,扫描命中五位编码：按位数汇总,当前异常占据体素,有适用观测的帧等权,合计2个扫描,2,16026,75412,0.1456616790866925,3541,19
全部,扫描命中五位编码：按位数汇总,当前异常占据体素,有适用观测的帧等权,合计3个扫描,3,11398,75412,0.061678410336022026,3541,19
全部,扫描命中五位编码：按位数汇总,当前异常占据体素,有适用观测的帧等权,合计4个扫描,4,8949,75412,0.036552000497542265,3541,19
全部,扫描命中五位编码：按位数汇总,当前异常占据体素,有适用观测的帧等权,合计5个扫描,5,7913,75412,0.029778462776718636,3541,19
全部,扫描命中五位编码,当前异常占据体素,统计单位等权,00000,0,0,75412,0.0,3541,19
全部,扫描命中五位编码,当前异常占据体素,统计单位等权,00001,1,31126,75412,0.4127459820718188,3541,19
全部,扫描命中五位编码,当前异常占据体素,统计单位等权,00010,1,0,75412,0.0,3541,19
全部,扫描命中五位编码,当前异常占据体素,统计单位等权,00011,2,6089,75412,0.08074311780618469,3541,19
全部,扫描命中五位编码,当前异常占据体素,统计单位等权,00100,1,0,75412,0.0,3541,19
全部,扫描命中五位编码,当前异常占据体素,统计单位等权,00101,2,3784,75412,0.0501776905532276,3541,19
全部,扫描命中五位编码,当前异常占据体素,统计单位等权,00110,2,0,75412,0.0,3541,19
全部,扫描命中五位编码,当前异常占据体素,统计单位等权,00111,3,3308,75412,0.043865697766933644,3541,19
全部,扫描命中五位编码,当前异常占据体素,统计单位等权,01000,1,0,75412,0.0,3541,19
全部,扫描命中五位编码,当前异常占据体素,统计单位等权,01001,2,3172,75412,0.04206227125656394,3541,19
全部,扫描命中五位编码,当前异常占据体素,统计单位等权,01010,2,0,75412,0.0,3541,19
全部,扫描命中五位编码,当前异常占据体素,统计单位等权,01011,3,1789,75412,0.023723014904789688,3541,19
全部,扫描命中五位编码,当前异常占据体素,统计单位等权,01100,2,0,75412,0.0,3541,19
全部,扫描命中五位编码,当前异常占据体素,统计单位等权,01101,3,1725,75412,0.022874343605792182,3541,19
全部,扫描命中五位编码,当前异常占据体素,统计单位等权,01110,3,0,75412,0.0,3541,19
全部,扫描命中五位编码,当前异常占据体素,统计单位等权,01111,4,3050,75412,0.04044449159284994,3541,19
全部,扫描命中五位编码,当前异常占据体素,统计单位等权,10000,1,0,75412,0.0,3541,19
全部,扫描命中五位编码,当前异常占据体素,统计单位等权,10001,2,2981,75412,0.03952951784861826,3541,19
全部,扫描命中五位编码,当前异常占据体素,统计单位等权,10010,2,0,75412,0.0,3541,19
全部,扫描命中五位编码,当前异常占据体素,统计单位等权,10011,3,1599,75412,0.02120352198589084,3541,19
全部,扫描命中五位编码,当前异常占据体素,统计单位等权,10100,2,0,75412,0.0,3541,19
全部,扫描命中五位编码,当前异常占据体素,统计单位等权,10101,3,1446,75412,0.019174667161724925,3541,19
全部,扫描命中五位编码,当前异常占据体素,统计单位等权,10110,3,0,75412,0.0,3541,19
全部,扫描命中五位编码,当前异常占据体素,统计单位等权,10111,4,2056,75412,0.027263565480294915,3541,19
全部,扫描命中五位编码,当前异常占据体素,统计单位等权,11000,2,0,75412,0.0,3541,19
全部,扫描命中五位编码,当前异常占据体素,统计单位等权,11001,3,1531,75412,0.02030180873070599,3541,19
全部,扫描命中五位编码,当前异常占据体素,统计单位等权,11010,3,0,75412,0.0,3541,19
全部,扫描命中五位编码,当前异常占据体素,统计单位等权,11011,4,1872,75412,0.02482363549567708,3541,19
全部,扫描命中五位编码,当前异常占据体素,统计单位等权,11100,3,0,75412,0.0,3541,19
全部,扫描命中五位编码,当前异常占据体素,统计单位等权,11101,4,1971,75412,0.02613642391131385,3541,19
全部,扫描命中五位编码,当前异常占据体素,统计单位等权,11110,4,0,75412,0.0,3541,19
全部,扫描命中五位编码,当前异常占据体素,统计单位等权,11111,5,7913,75412,0.10493024982761365,3541,19
全部,扫描命中五位编码：按位数汇总,当前异常占据体素,统计单位等权,合计0个扫描,0,0,75412,0,3541,19
全部,扫描命中五位编码：按位数汇总,当前异常占据体素,统计单位等权,合计1个扫描,1,31126,75412,0.4127459820718188,3541,19
全部,扫描命中五位编码：按位数汇总,当前异常占据体素,统计单位等权,合计2个扫描,2,16026,75412,0.2125125974645945,3541,19
全部,扫描命中五位编码：按位数汇总,当前异常占据体素,统计单位等权,合计3个扫描,3,11398,75412,0.15114305415583726,3541,19
全部,扫描命中五位编码：按位数汇总,当前异常占据体素,统计单位等权,合计4个扫描,4,8949,75412,0.11866811648013578,3541,19
全部,扫描命中五位编码：按位数汇总,当前异常占据体素,统计单位等权,合计5个扫描,5,7913,75412,0.10493024982761365,3541,19
全部,扫描命中五位编码,当前异常占据体素,有适用观测的序列等权,00000,0,0,75412,0.0,3541,19
全部,扫描命中五位编码,当前异常占据体素,有适用观测的序列等权,00001,1,31126,75412,0.4463112674858481,3541,19
全部,扫描命中五位编码,当前异常占据体素,有适用观测的序列等权,00010,1,0,75412,0.0,3541,19
全部,扫描命中五位编码,当前异常占据体素,有适用观测的序列等权,00011,2,6089,75412,0.0793014612131542,3541,19
全部,扫描命中五位编码,当前异常占据体素,有适用观测的序列等权,00100,1,0,75412,0.0,3541,19
全部,扫描命中五位编码,当前异常占据体素,有适用观测的序列等权,00101,2,3784,75412,0.05124927599832141,3541,19
全部,扫描命中五位编码,当前异常占据体素,有适用观测的序列等权,00110,2,0,75412,0.0,3541,19
全部,扫描命中五位编码,当前异常占据体素,有适用观测的序列等权,00111,3,3308,75412,0.04196505187121097,3541,19
全部,扫描命中五位编码,当前异常占据体素,有适用观测的序列等权,01000,1,0,75412,0.0,3541,19
全部,扫描命中五位编码,当前异常占据体素,有适用观测的序列等权,01001,2,3172,75412,0.04356543171002038,3541,19
全部,扫描命中五位编码,当前异常占据体素,有适用观测的序列等权,01010,2,0,75412,0.0,3541,19
全部,扫描命中五位编码,当前异常占据体素,有适用观测的序列等权,01011,3,1789,75412,0.023588075051769578,3541,19
全部,扫描命中五位编码,当前异常占据体素,有适用观测的序列等权,01100,2,0,75412,0.0,3541,19
全部,扫描命中五位编码,当前异常占据体素,有适用观测的序列等权,01101,3,1725,75412,0.021547709854666544,3541,19
全部,扫描命中五位编码,当前异常占据体素,有适用观测的序列等权,01110,3,0,75412,0.0,3541,19
全部,扫描命中五位编码,当前异常占据体素,有适用观测的序列等权,01111,4,3050,75412,0.0364858473729856,3541,19
全部,扫描命中五位编码,当前异常占据体素,有适用观测的序列等权,10000,1,0,75412,0.0,3541,19
全部,扫描命中五位编码,当前异常占据体素,有适用观测的序列等权,10001,2,2981,75412,0.04002695452379296,3541,19
全部,扫描命中五位编码,当前异常占据体素,有适用观测的序列等权,10010,2,0,75412,0.0,3541,19
全部,扫描命中五位编码,当前异常占据体素,有适用观测的序列等权,10011,3,1599,75412,0.020465854647584703,3541,19
全部,扫描命中五位编码,当前异常占据体素,有适用观测的序列等权,10100,2,0,75412,0.0,3541,19
全部,扫描命中五位编码,当前异常占据体素,有适用观测的序列等权,10101,3,1446,75412,0.018255752259917976,3541,19
全部,扫描命中五位编码,当前异常占据体素,有适用观测的序列等权,10110,3,0,75412,0.0,3541,19
全部,扫描命中五位编码,当前异常占据体素,有适用观测的序列等权,10111,4,2056,75412,0.024507439619467167,3541,19
全部,扫描命中五位编码,当前异常占据体素,有适用观测的序列等权,11000,2,0,75412,0.0,3541,19
全部,扫描命中五位编码,当前异常占据体素,有适用观测的序列等权,11001,3,1531,75412,0.018413359395775257,3541,19
全部,扫描命中五位编码,当前异常占据体素,有适用观测的序列等权,11010,3,0,75412,0.0,3541,19
全部,扫描命中五位编码,当前异常占据体素,有适用观测的序列等权,11011,4,1872,75412,0.02185116405449658,3541,19
全部,扫描命中五位编码,当前异常占据体素,有适用观测的序列等权,11100,3,0,75412,0.0,3541,19
全部,扫描命中五位编码,当前异常占据体素,有适用观测的序列等权,11101,4,1971,75412,0.021892825874681734,3541,19
全部,扫描命中五位编码,当前异常占据体素,有适用观测的序列等权,11110,4,0,75412,0.0,3541,19
全部,扫描命中五位编码,当前异常占据体素,有适用观测的序列等权,11111,5,7913,75412,0.09057252906630685,3541,19
全部,扫描命中五位编码：按位数汇总,当前异常占据体素,有适用观测的序列等权,合计0个扫描,0,0,75412,0,3541,19
全部,扫描命中五位编码：按位数汇总,当前异常占据体素,有适用观测的序列等权,合计1个扫描,1,31126,75412,0.4463112674858481,3541,19
全部,扫描命中五位编码：按位数汇总,当前异常占据体素,有适用观测的序列等权,合计2个扫描,2,16026,75412,0.21414312344528896,3541,19
全部,扫描命中五位编码：按位数汇总,当前异常占据体素,有适用观测的序列等权,合计3个扫描,3,11398,75412,0.14423580308092504,3541,19
全部,扫描命中五位编码：按位数汇总,当前异常占据体素,有适用观测的序列等权,合计4个扫描,4,8949,75412,0.10473727692163108,3541,19
全部,扫描命中五位编码：按位数汇总,当前异常占据体素,有适用观测的序列等权,合计5个扫描,5,7913,75412,0.09057252906630685,3541,19
125,五位类别可见模式,全部,有适用观测的帧等权,00000,0,40,251,0.1593625498007968,251,1
125,五位类别可见模式,全部,有适用观测的帧等权,00001,1,1,251,0.00398406374501992,251,1
125,五位类别可见模式,全部,有适用观测的帧等权,00010,1,0,251,0.0,251,1
125,五位类别可见模式,全部,有适用观测的帧等权,00011,2,1,251,0.00398406374501992,251,1
125,五位类别可见模式,全部,有适用观测的帧等权,00100,1,0,251,0.0,251,1
125,五位类别可见模式,全部,有适用观测的帧等权,00101,2,0,251,0.0,251,1
125,五位类别可见模式,全部,有适用观测的帧等权,00110,2,0,251,0.0,251,1
125,五位类别可见模式,全部,有适用观测的帧等权,00111,3,1,251,0.00398406374501992,251,1
125,五位类别可见模式,全部,有适用观测的帧等权,01000,1,0,251,0.0,251,1
125,五位类别可见模式,全部,有适用观测的帧等权,01001,2,0,251,0.0,251,1
125,五位类别可见模式,全部,有适用观测的帧等权,01010,2,0,251,0.0,251,1
125,五位类别可见模式,全部,有适用观测的帧等权,01011,3,0,251,0.0,251,1
125,五位类别可见模式,全部,有适用观测的帧等权,01100,2,0,251,0.0,251,1
125,五位类别可见模式,全部,有适用观测的帧等权,01101,3,0,251,0.0,251,1
125,五位类别可见模式,全部,有适用观测的帧等权,01110,3,0,251,0.0,251,1
125,五位类别可见模式,全部,有适用观测的帧等权,01111,4,1,251,0.00398406374501992,251,1
125,五位类别可见模式,全部,有适用观测的帧等权,10000,1,1,251,0.00398406374501992,251,1
125,五位类别可见模式,全部,有适用观测的帧等权,10001,2,0,251,0.0,251,1
125,五位类别可见模式,全部,有适用观测的帧等权,10010,2,0,251,0.0,251,1
125,五位类别可见模式,全部,有适用观测的帧等权,10011,3,0,251,0.0,251,1
125,五位类别可见模式,全部,有适用观测的帧等权,10100,2,0,251,0.0,251,1
125,五位类别可见模式,全部,有适用观测的帧等权,10101,3,0,251,0.0,251,1
125,五位类别可见模式,全部,有适用观测的帧等权,10110,3,0,251,0.0,251,1
125,五位类别可见模式,全部,有适用观测的帧等权,10111,4,0,251,0.0,251,1
125,五位类别可见模式,全部,有适用观测的帧等权,11000,2,1,251,0.00398406374501992,251,1
125,五位类别可见模式,全部,有适用观测的帧等权,11001,3,0,251,0.0,251,1
125,五位类别可见模式,全部,有适用观测的帧等权,11010,3,0,251,0.0,251,1
125,五位类别可见模式,全部,有适用观测的帧等权,11011,4,0,251,0.0,251,1
125,五位类别可见模式,全部,有适用观测的帧等权,11100,3,1,251,0.00398406374501992,251,1
125,五位类别可见模式,全部,有适用观测的帧等权,11101,4,0,251,0.0,251,1
125,五位类别可见模式,全部,有适用观测的帧等权,11110,4,1,251,0.00398406374501992,251,1
125,五位类别可见模式,全部,有适用观测的帧等权,11111,5,203,251,0.8087649402390438,251,1
125,五位类别可见模式：按位数汇总,全部,有适用观测的帧等权,合计0个扫描,0,40,251,0.1593625498007968,251,1
125,五位类别可见模式：按位数汇总,全部,有适用观测的帧等权,合计1个扫描,1,2,251,0.00796812749003984,251,1
125,五位类别可见模式：按位数汇总,全部,有适用观测的帧等权,合计2个扫描,2,2,251,0.00796812749003984,251,1
125,五位类别可见模式：按位数汇总,全部,有适用观测的帧等权,合计3个扫描,3,2,251,0.00796812749003984,251,1
125,五位类别可见模式：按位数汇总,全部,有适用观测的帧等权,合计4个扫描,4,2,251,0.00796812749003984,251,1
125,五位类别可见模式：按位数汇总,全部,有适用观测的帧等权,合计5个扫描,5,203,251,0.8087649402390438,251,1
125,五位类别可见模式,全部,统计单位等权,00000,0,40,251,0.1593625498007968,251,1
125,五位类别可见模式,全部,统计单位等权,00001,1,1,251,0.00398406374501992,251,1
125,五位类别可见模式,全部,统计单位等权,00010,1,0,251,0.0,251,1
125,五位类别可见模式,全部,统计单位等权,00011,2,1,251,0.00398406374501992,251,1
125,五位类别可见模式,全部,统计单位等权,00100,1,0,251,0.0,251,1
125,五位类别可见模式,全部,统计单位等权,00101,2,0,251,0.0,251,1
125,五位类别可见模式,全部,统计单位等权,00110,2,0,251,0.0,251,1
125,五位类别可见模式,全部,统计单位等权,00111,3,1,251,0.00398406374501992,251,1
125,五位类别可见模式,全部,统计单位等权,01000,1,0,251,0.0,251,1
125,五位类别可见模式,全部,统计单位等权,01001,2,0,251,0.0,251,1
125,五位类别可见模式,全部,统计单位等权,01010,2,0,251,0.0,251,1
125,五位类别可见模式,全部,统计单位等权,01011,3,0,251,0.0,251,1
125,五位类别可见模式,全部,统计单位等权,01100,2,0,251,0.0,251,1
125,五位类别可见模式,全部,统计单位等权,01101,3,0,251,0.0,251,1
125,五位类别可见模式,全部,统计单位等权,01110,3,0,251,0.0,251,1
125,五位类别可见模式,全部,统计单位等权,01111,4,1,251,0.00398406374501992,251,1
125,五位类别可见模式,全部,统计单位等权,10000,1,1,251,0.00398406374501992,251,1
125,五位类别可见模式,全部,统计单位等权,10001,2,0,251,0.0,251,1
125,五位类别可见模式,全部,统计单位等权,10010,2,0,251,0.0,251,1
125,五位类别可见模式,全部,统计单位等权,10011,3,0,251,0.0,251,1
125,五位类别可见模式,全部,统计单位等权,10100,2,0,251,0.0,251,1
125,五位类别可见模式,全部,统计单位等权,10101,3,0,251,0.0,251,1
125,五位类别可见模式,全部,统计单位等权,10110,3,0,251,0.0,251,1
125,五位类别可见模式,全部,统计单位等权,10111,4,0,251,0.0,251,1
125,五位类别可见模式,全部,统计单位等权,11000,2,1,251,0.00398406374501992,251,1
125,五位类别可见模式,全部,统计单位等权,11001,3,0,251,0.0,251,1
125,五位类别可见模式,全部,统计单位等权,11010,3,0,251,0.0,251,1
125,五位类别可见模式,全部,统计单位等权,11011,4,0,251,0.0,251,1
125,五位类别可见模式,全部,统计单位等权,11100,3,1,251,0.00398406374501992,251,1
125,五位类别可见模式,全部,统计单位等权,11101,4,0,251,0.0,251,1
125,五位类别可见模式,全部,统计单位等权,11110,4,1,251,0.00398406374501992,251,1
125,五位类别可见模式,全部,统计单位等权,11111,5,203,251,0.8087649402390438,251,1
125,五位类别可见模式：按位数汇总,全部,统计单位等权,合计0个扫描,0,40,251,0.1593625498007968,251,1
125,五位类别可见模式：按位数汇总,全部,统计单位等权,合计1个扫描,1,2,251,0.00796812749003984,251,1
125,五位类别可见模式：按位数汇总,全部,统计单位等权,合计2个扫描,2,2,251,0.00796812749003984,251,1
125,五位类别可见模式：按位数汇总,全部,统计单位等权,合计3个扫描,3,2,251,0.00796812749003984,251,1
125,五位类别可见模式：按位数汇总,全部,统计单位等权,合计4个扫描,4,2,251,0.00796812749003984,251,1
125,五位类别可见模式：按位数汇总,全部,统计单位等权,合计5个扫描,5,203,251,0.8087649402390438,251,1
125,扫描命中五位编码,全部,有适用观测的帧等权,00000,0,0,83624231,0.0,251,1
125,扫描命中五位编码,全部,有适用观测的帧等权,00001,1,12663510,83624231,0.14406202502264143,251,1
125,扫描命中五位编码,全部,有适用观测的帧等权,00010,1,11911122,83624231,0.1338923429304243,251,1
125,扫描命中五位编码,全部,有适用观测的帧等权,00011,2,1650988,83624231,0.02055647150043719,251,1
125,扫描命中五位编码,全部,有适用观测的帧等权,00100,1,11784571,83624231,0.1323560886050833,251,1
125,扫描命中五位编码,全部,有适用观测的帧等权,00101,2,1076042,83624231,0.013257083504813047,251,1
125,扫描命中五位编码,全部,有适用观测的帧等权,00110,2,1338974,83624231,0.016342996850922515,251,1
125,扫描命中五位编码,全部,有适用观测的帧等权,00111,3,742849,83624231,0.010108864156143182,251,1
125,扫描命中五位编码,全部,有适用观测的帧等权,01000,1,11913545,83624231,0.13413904963954035,251,1
125,扫描命中五位编码,全部,有适用观测的帧等权,01001,2,951191,83624231,0.011756169473478443,251,1
125,扫描命中五位编码,全部,有适用观测的帧等权,01010,2,1010187,83624231,0.012453620697458156,251,1
125,扫描命中五位编码,全部,有适用观测的帧等权,01011,3,431747,83624231,0.0059411457722518485,251,1
125,扫描命中五位编码,全部,有适用观测的帧等权,01100,2,1329089,83624231,0.016168428475492,251,1
125,扫描命中五位编码,全部,有适用观测的帧等权,01101,3,412474,83624231,0.005688363775068747,251,1
125,扫描命中五位编码,全部,有适用观测的帧等权,01110,3,547907,83624231,0.007373682081683591,251,1
125,扫描命中五位编码,全部,有适用观测的帧等权,01111,4,700468,83624231,0.0107731175068234,251,1
125,扫描命中五位编码,全部,有适用观测的帧等权,10000,1,12652139,83624231,0.14388229988811047,251,1
125,扫描命中五位编码,全部,有适用观测的帧等权,10001,2,941056,83624231,0.011466058222157122,251,1
125,扫描命中五位编码,全部,有适用观测的帧等权,10010,2,958952,83624231,0.011875082022021281,251,1
125,扫描命中五位编码,全部,有适用观测的帧等权,10011,3,428531,83624231,0.005781696883596645,251,1
125,扫描命中五位编码,全部,有适用观测的帧等权,10100,2,1089465,83624231,0.013433867764993085,251,1
125,扫描命中五位编码,全部,有适用观测的帧等权,10101,3,361549,83624231,0.0049955877980286225,251,1
125,扫描命中五位编码,全部,有适用观测的帧等权,10110,3,406171,83624231,0.005589054328236362,251,1
125,扫描命中五位编码,全部,有适用观测的帧等权,10111,4,500480,83624231,0.007824852646515888,251,1
125,扫描命中五位编码,全部,有适用观测的帧等权,11000,2,1694517,83624231,0.02100028956764626,251,1
125,扫描命中五位编码,全部,有适用观测的帧等权,11001,3,431637,83624231,0.005794343045309034,251,1
125,扫描命中五位编码,全部,有适用观测的帧等权,11010,3,440174,83624231,0.0060374626923953125,251,1
125,扫描命中五位编码,全部,有适用观测的帧等权,11011,4,468043,83624231,0.007315480053321003,251,1
125,扫描命中五位编码,全部,有适用观测的帧等权,11100,3,797949,83624231,0.010861660961583487,251,1
125,扫描命中五位编码,全部,有适用观测的帧等权,11101,4,489194,83624231,0.0075965187802074915,251,1
125,扫描命中五位编码,全部,有适用观测的帧等权,11110,4,747691,83624231,0.011500973376212482,251,1
125,扫描命中五位编码,全部,有适用观测的帧等权,11111,5,2752019,83624231,0.05017532197740389,251,1
125,扫描命中五位编码：按位数汇总,全部,有适用观测的帧等权,合计0个扫描,0,0,83624231,0,251,1
125,扫描命中五位编码：按位数汇总,全部,有适用观测的帧等权,合计1个扫描,1,60924887,83624231,0.6883318060857998,251,1
125,扫描命中五位编码：按位数汇总,全部,有适用观测的帧等权,合计2个扫描,2,12040461,83624231,0.1483100680794191,251,1
125,扫描命中五位编码：按位数汇总,全部,有适用观测的帧等权,合计3个扫描,3,5000988,83624231,0.06817186149429683,251,1
125,扫描命中五位编码：按位数汇总,全部,有适用观测的帧等权,合计4个扫描,4,2905876,83624231,0.045010942363080265,251,1
125,扫描命中五位编码：按位数汇总,全部,有适用观测的帧等权,合计5个扫描,5,2752019,83624231,0.05017532197740389,251,1
125,扫描命中五位编码,全部,统计单位等权,00000,0,0,83624231,0.0,251,1
125,扫描命中五位编码,全部,统计单位等权,00001,1,12663510,83624231,0.15143350017771762,251,1
125,扫描命中五位编码,全部,统计单位等权,00010,1,11911122,83624231,0.14243625152140413,251,1
125,扫描命中五位编码,全部,统计单位等权,00011,2,1650988,83624231,0.01974293790516292,251,1
125,扫描命中五位编码,全部,统计单位等权,00100,1,11784571,83624231,0.14092292220899466,251,1
125,扫描命中五位编码,全部,统计单位等权,00101,2,1076042,83624231,0.0128675861904189,251,1
125,扫描命中五位编码,全部,统计单位等权,00110,2,1338974,83624231,0.016011794476172823,251,1
125,扫描命中五位编码,全部,统计单位等权,00111,3,742849,83624231,0.008883178848006388,251,1
125,扫描命中五位编码,全部,统计单位等权,01000,1,11913545,83624231,0.14246522637679024,251,1
125,扫描命中五位编码,全部,统计单位等权,01001,2,951191,83624231,0.011374585913979884,251,1
125,扫描命中五位编码,全部,统计单位等权,01010,2,1010187,83624231,0.012080075211693127,251,1
125,扫描命中五位编码,全部,统计单位等权,01011,3,431747,83624231,0.005162941348901612,251,1
125,扫描命中五位编码,全部,统计单位等权,01100,2,1329089,83624231,0.015893587111132895,251,1
125,扫描命中五位编码,全部,统计单位等权,01101,3,412474,83624231,0.004932469872279005,251,1
125,扫描命中五位编码,全部,统计单位等权,01110,3,547907,83624231,0.0065520124185058275,251,1
125,扫描命中五位编码,全部,统计单位等权,01111,4,700468,83624231,0.008376375981263133,251,1
125,扫描命中五位编码,全部,统计单位等权,10000,1,12652139,83624231,0.15129752284358824,251,1
125,扫描命中五位编码,全部,统计单位等权,10001,2,941056,83624231,0.011253388984826659,251,1
125,扫描命中五位编码,全部,统计单位等权,10010,2,958952,83624231,0.011467393942313204,251,1
125,扫描命中五位编码,全部,统计单位等权,10011,3,428531,83624231,0.0051244835961481066,251,1
125,扫描命中五位编码,全部,统计单位等权,10100,2,1089465,83624231,0.013028101866790261,251,1
125,扫描命中五位编码,全部,统计单位等权,10101,3,361549,83624231,0.0043234956623995745,251,1
125,扫描命中五位编码,全部,统计单位等权,10110,3,406171,83624231,0.004857096981854458,251,1
125,扫描命中五位编码,全部,统计单位等权,10111,4,500480,83624231,0.0059848681896997056,251,1
125,扫描命中五位编码,全部,统计单位等权,11000,2,1694517,83624231,0.02026346885031445,251,1
125,扫描命中五位编码,全部,统计单位等权,11001,3,431637,83624231,0.005161625940691759,251,1
125,扫描命中五位编码,全部,统计单位等权,11010,3,440174,83624231,0.005263713576032765,251,1
125,扫描命中五位编码,全部,统计单位等权,11011,4,468043,83624231,0.0055969782251271165,251,1
125,扫描命中五位编码,全部,统计单位等权,11100,3,797949,83624231,0.009542078778577946,251,1
125,扫描命中五位编码,全部,统计单位等权,11101,4,489194,83624231,0.005849907307368842,251,1
125,扫描命中五位编码,全部,统计单位等权,11110,4,747691,83624231,0.008941080725752802,251,1
125,扫描命中五位编码,全部,统计单位等权,11111,5,2752019,83624231,0.03290934896609094,251,1
125,扫描命中五位编码：按位数汇总,全部,统计单位等权,合计0个扫描,0,0,83624231,0,251,1
125,扫描命中五位编码：按位数汇总,全部,统计单位等权,合计1个扫描,1,60924887,83624231,0.7285554231284949,251,1
125,扫描命中五位编码：按位数汇总,全部,统计单位等权,合计2个扫描,2,12040461,83624231,0.1439829204528051,251,1
125,扫描命中五位编码：按位数汇总,全部,统计单位等权,合计3个扫描,3,5000988,83624231,0.05980309702339744,251,1
125,扫描命中五位编码：按位数汇总,全部,统计单位等权,合计4个扫描,4,2905876,83624231,0.0347492104292116,251,1
125,扫描命中五位编码：按位数汇总,全部,统计单位等权,合计5个扫描,5,2752019,83624231,0.03290934896609094,251,1
125,扫描命中五位编码,当前异常占据体素,有适用观测的帧等权,00000,0,0,19610,0.0,207,1
125,扫描命中五位编码,当前异常占据体素,有适用观测的帧等权,00001,1,8069,19610,0.4776810270577219,207,1
125,扫描命中五位编码,当前异常占据体素,有适用观测的帧等权,00010,1,0,19610,0.0,207,1
125,扫描命中五位编码,当前异常占据体素,有适用观测的帧等权,00011,2,1779,19610,0.08485114222886452,207,1
125,扫描命中五位编码,当前异常占据体素,有适用观测的帧等权,00100,1,0,19610,0.0,207,1
125,扫描命中五位编码,当前异常占据体素,有适用观测的帧等权,00101,2,976,19610,0.04670992586617318,207,1
125,扫描命中五位编码,当前异常占据体素,有适用观测的帧等权,00110,2,0,19610,0.0,207,1
125,扫描命中五位编码,当前异常占据体素,有适用观测的帧等权,00111,3,969,19610,0.04091281727501495,207,1
125,扫描命中五位编码,当前异常占据体素,有适用观测的帧等权,01000,1,0,19610,0.0,207,1
125,扫描命中五位编码,当前异常占据体素,有适用观测的帧等权,01001,2,753,19610,0.03280206887862168,207,1
125,扫描命中五位编码,当前异常占据体素,有适用观测的帧等权,01010,2,0,19610,0.0,207,1
125,扫描命中五位编码,当前异常占据体素,有适用观测的帧等权,01011,3,449,19610,0.02026528841835212,207,1
125,扫描命中五位编码,当前异常占据体素,有适用观测的帧等权,01100,2,0,19610,0.0,207,1
125,扫描命中五位编码,当前异常占据体素,有适用观测的帧等权,01101,3,476,19610,0.02117153804531418,207,1
125,扫描命中五位编码,当前异常占据体素,有适用观测的帧等权,01110,3,0,19610,0.0,207,1
125,扫描命中五位编码,当前异常占据体素,有适用观测的帧等权,01111,4,841,19610,0.03374111954036751,207,1
125,扫描命中五位编码,当前异常占据体素,有适用观测的帧等权,10000,1,0,19610,0.0,207,1
125,扫描命中五位编码,当前异常占据体素,有适用观测的帧等权,10001,2,726,19610,0.03253755279710396,207,1
125,扫描命中五位编码,当前异常占据体素,有适用观测的帧等权,10010,2,0,19610,0.0,207,1
125,扫描命中五位编码,当前异常占据体素,有适用观测的帧等权,10011,3,448,19610,0.019364493748039877,207,1
125,扫描命中五位编码,当前异常占据体素,有适用观测的帧等权,10100,2,0,19610,0.0,207,1
125,扫描命中五位编码,当前异常占据体素,有适用观测的帧等权,10101,3,370,19610,0.017475125705114603,207,1
125,扫描命中五位编码,当前异常占据体素,有适用观测的帧等权,10110,3,0,19610,0.0,207,1
125,扫描命中五位编码,当前异常占据体素,有适用观测的帧等权,10111,4,513,19610,0.022475859741229523,207,1
125,扫描命中五位编码,当前异常占据体素,有适用观测的帧等权,11000,2,0,19610,0.0,207,1
125,扫描命中五位编码,当前异常占据体素,有适用观测的帧等权,11001,3,461,19610,0.018459507850481463,207,1
125,扫描命中五位编码,当前异常占据体素,有适用观测的帧等权,11010,3,0,19610,0.0,207,1
125,扫描命中五位编码,当前异常占据体素,有适用观测的帧等权,11011,4,448,19610,0.020273717922100105,207,1
125,扫描命中五位编码,当前异常占据体素,有适用观测的帧等权,11100,3,0,19610,0.0,207,1
125,扫描命中五位编码,当前异常占据体素,有适用观测的帧等权,11101,4,524,19610,0.023297279609178077,207,1
125,扫描命中五位编码,当前异常占据体素,有适用观测的帧等权,11110,4,0,19610,0.0,207,1
125,扫描命中五位编码,当前异常占据体素,有适用观测的帧等权,11111,5,1808,19610,0.08798153531632248,207,1
125,扫描命中五位编码：按位数汇总,当前异常占据体素,有适用观测的帧等权,合计0个扫描,0,0,19610,0,207,1
125,扫描命中五位编码：按位数汇总,当前异常占据体素,有适用观测的帧等权,合计1个扫描,1,8069,19610,0.4776810270577219,207,1
125,扫描命中五位编码：按位数汇总,当前异常占据体素,有适用观测的帧等权,合计2个扫描,2,4234,19610,0.19690068977076333,207,1
125,扫描命中五位编码：按位数汇总,当前异常占据体素,有适用观测的帧等权,合计3个扫描,3,3173,19610,0.1376487710423172,207,1
125,扫描命中五位编码：按位数汇总,当前异常占据体素,有适用观测的帧等权,合计4个扫描,4,2326,19610,0.09978797681287521,207,1
125,扫描命中五位编码：按位数汇总,当前异常占据体素,有适用观测的帧等权,合计5个扫描,5,1808,19610,0.08798153531632248,207,1
125,扫描命中五位编码,当前异常占据体素,统计单位等权,00000,0,0,19610,0.0,207,1
125,扫描命中五位编码,当前异常占据体素,统计单位等权,00001,1,8069,19610,0.41147373788883224,207,1
125,扫描命中五位编码,当前异常占据体素,统计单位等权,00010,1,0,19610,0.0,207,1
125,扫描命中五位编码,当前异常占据体素,统计单位等权,00011,2,1779,19610,0.09071902090770015,207,1
125,扫描命中五位编码,当前异常占据体素,统计单位等权,00100,1,0,19610,0.0,207,1
125,扫描命中五位编码,当前异常占据体素,统计单位等权,00101,2,976,19610,0.049770525242223355,207,1
125,扫描命中五位编码,当前异常占据体素,统计单位等权,00110,2,0,19610,0.0,207,1
125,扫描命中五位编码,当前异常占据体素,统计单位等权,00111,3,969,19610,0.04941356450790413,207,1
125,扫描命中五位编码,当前异常占据体素,统计单位等权,01000,1,0,19610,0.0,207,1
125,扫描命中五位编码,当前异常占据体素,统计单位等权,01001,2,753,19610,0.03839877613462519,207,1
125,扫描命中五位编码,当前异常占据体素,统计单位等权,01010,2,0,19610,0.0,207,1
125,扫描命中五位编码,当前异常占据体素,统计单位等权,01011,3,449,19610,0.022896481387047425,207,1
125,扫描命中五位编码,当前异常占据体素,统计单位等权,01100,2,0,19610,0.0,207,1
125,扫描命中五位编码,当前异常占据体素,统计单位等权,01101,3,476,19610,0.024273329933707292,207,1
125,扫描命中五位编码,当前异常占据体素,统计单位等权,01110,3,0,19610,0.0,207,1
125,扫描命中五位编码,当前异常占据体素,统计单位等权,01111,4,841,19610,0.04288628250892402,207,1
125,扫描命中五位编码,当前异常占据体素,统计单位等权,10000,1,0,19610,0.0,207,1
125,扫描命中五位编码,当前异常占据体素,统计单位等权,10001,2,726,19610,0.037021927587965325,207,1
125,扫描命中五位编码,当前异常占据体素,统计单位等权,10010,2,0,19610,0.0,207,1
125,扫描命中五位编码,当前异常占据体素,统计单位等权,10011,3,448,19610,0.02284548699643039,207,1
125,扫描命中五位编码,当前异常占据体素,统计单位等权,10100,2,0,19610,0.0,207,1
125,扫描命中五位编码,当前异常占据体素,统计单位等权,10101,3,370,19610,0.018867924528301886,207,1
125,扫描命中五位编码,当前异常占据体素,统计单位等权,10110,3,0,19610,0.0,207,1
125,扫描命中五位编码,当前异常占据体素,统计单位等权,10111,4,513,19610,0.02616012238653748,207,1
125,扫描命中五位编码,当前异常占据体素,统计单位等权,11000,2,0,19610,0.0,207,1
125,扫描命中五位编码,当前异常占据体素,统计单位等权,11001,3,461,19610,0.02350841407445181,207,1
125,扫描命中五位编码,当前异常占据体素,统计单位等权,11010,3,0,19610,0.0,207,1
125,扫描命中五位编码,当前异常占据体素,统计单位等权,11011,4,448,19610,0.02284548699643039,207,1
125,扫描命中五位编码,当前异常占据体素,统计单位等权,11100,3,0,19610,0.0,207,1
125,扫描命中五位编码,当前异常占据体素,统计单位等权,11101,4,524,19610,0.026721060683324836,207,1
125,扫描命中五位编码,当前异常占据体素,统计单位等权,11110,4,0,19610,0.0,207,1
125,扫描命中五位编码,当前异常占据体素,统计单位等权,11111,5,1808,19610,0.09219785823559408,207,1
125,扫描命中五位编码：按位数汇总,当前异常占据体素,统计单位等权,合计0个扫描,0,0,19610,0,207,1
125,扫描命中五位编码：按位数汇总,当前异常占据体素,统计单位等权,合计1个扫描,1,8069,19610,0.41147373788883224,207,1
125,扫描命中五位编码：按位数汇总,当前异常占据体素,统计单位等权,合计2个扫描,2,4234,19610,0.215910249872514,207,1
125,扫描命中五位编码：按位数汇总,当前异常占据体素,统计单位等权,合计3个扫描,3,3173,19610,0.16180520142784294,207,1
125,扫描命中五位编码：按位数汇总,当前异常占据体素,统计单位等权,合计4个扫描,4,2326,19610,0.11861295257521673,207,1
125,扫描命中五位编码：按位数汇总,当前异常占据体素,统计单位等权,合计5个扫描,5,1808,19610,0.09219785823559408,207,1
137,五位类别可见模式,全部,有适用观测的帧等权,00000,0,360,556,0.6474820143884892,556,1
137,五位类别可见模式,全部,有适用观测的帧等权,00001,1,7,556,0.012589928057553957,556,1
137,五位类别可见模式,全部,有适用观测的帧等权,00010,1,2,556,0.0035971223021582736,556,1
137,五位类别可见模式,全部,有适用观测的帧等权,00011,2,6,556,0.01079136690647482,556,1
137,五位类别可见模式,全部,有适用观测的帧等权,00100,1,2,556,0.0035971223021582736,556,1
137,五位类别可见模式,全部,有适用观测的帧等权,00101,2,0,556,0.0,556,1
137,五位类别可见模式,全部,有适用观测的帧等权,00110,2,4,556,0.007194244604316547,556,1
137,五位类别可见模式,全部,有适用观测的帧等权,00111,3,5,556,0.008992805755395683,556,1
137,五位类别可见模式,全部,有适用观测的帧等权,01000,1,1,556,0.0017985611510791368,556,1
137,五位类别可见模式,全部,有适用观测的帧等权,01001,2,1,556,0.0017985611510791368,556,1
137,五位类别可见模式,全部,有适用观测的帧等权,01010,2,0,556,0.0,556,1
137,五位类别可见模式,全部,有适用观测的帧等权,01011,3,0,556,0.0,556,1
137,五位类别可见模式,全部,有适用观测的帧等权,01100,2,3,556,0.00539568345323741,556,1
137,五位类别可见模式,全部,有适用观测的帧等权,01101,3,2,556,0.0035971223021582736,556,1
137,五位类别可见模式,全部,有适用观测的帧等权,01110,3,3,556,0.00539568345323741,556,1
137,五位类别可见模式,全部,有适用观测的帧等权,01111,4,10,556,0.017985611510791366,556,1
137,五位类别可见模式,全部,有适用观测的帧等权,10000,1,7,556,0.012589928057553957,556,1
137,五位类别可见模式,全部,有适用观测的帧等权,10001,2,1,556,0.0017985611510791368,556,1
137,五位类别可见模式,全部,有适用观测的帧等权,10010,2,0,556,0.0,556,1
137,五位类别可见模式,全部,有适用观测的帧等权,10011,3,3,556,0.00539568345323741,556,1
137,五位类别可见模式,全部,有适用观测的帧等权,10100,2,0,556,0.0,556,1
137,五位类别可见模式,全部,有适用观测的帧等权,10101,3,0,556,0.0,556,1
137,五位类别可见模式,全部,有适用观测的帧等权,10110,3,1,556,0.0017985611510791368,556,1
137,五位类别可见模式,全部,有适用观测的帧等权,10111,4,8,556,0.014388489208633094,556,1
137,五位类别可见模式,全部,有适用观测的帧等权,11000,2,7,556,0.012589928057553957,556,1
137,五位类别可见模式,全部,有适用观测的帧等权,11001,3,2,556,0.0035971223021582736,556,1
137,五位类别可见模式,全部,有适用观测的帧等权,11010,3,0,556,0.0,556,1
137,五位类别可见模式,全部,有适用观测的帧等权,11011,4,9,556,0.01618705035971223,556,1
137,五位类别可见模式,全部,有适用观测的帧等权,11100,3,6,556,0.01079136690647482,556,1
137,五位类别可见模式,全部,有适用观测的帧等权,11101,4,7,556,0.012589928057553957,556,1
137,五位类别可见模式,全部,有适用观测的帧等权,11110,4,10,556,0.017985611510791366,556,1
137,五位类别可见模式,全部,有适用观测的帧等权,11111,5,89,556,0.16007194244604317,556,1
137,五位类别可见模式：按位数汇总,全部,有适用观测的帧等权,合计0个扫描,0,360,556,0.6474820143884892,556,1
137,五位类别可见模式：按位数汇总,全部,有适用观测的帧等权,合计1个扫描,1,19,556,0.0341726618705036,556,1
137,五位类别可见模式：按位数汇总,全部,有适用观测的帧等权,合计2个扫描,2,22,556,0.03956834532374101,556,1
137,五位类别可见模式：按位数汇总,全部,有适用观测的帧等权,合计3个扫描,3,22,556,0.03956834532374101,556,1
137,五位类别可见模式：按位数汇总,全部,有适用观测的帧等权,合计4个扫描,4,44,556,0.07913669064748201,556,1
137,五位类别可见模式：按位数汇总,全部,有适用观测的帧等权,合计5个扫描,5,89,556,0.16007194244604317,556,1
137,五位类别可见模式,全部,统计单位等权,00000,0,360,556,0.6474820143884892,556,1
137,五位类别可见模式,全部,统计单位等权,00001,1,7,556,0.012589928057553957,556,1
137,五位类别可见模式,全部,统计单位等权,00010,1,2,556,0.0035971223021582736,556,1
137,五位类别可见模式,全部,统计单位等权,00011,2,6,556,0.01079136690647482,556,1
137,五位类别可见模式,全部,统计单位等权,00100,1,2,556,0.0035971223021582736,556,1
137,五位类别可见模式,全部,统计单位等权,00101,2,0,556,0.0,556,1
137,五位类别可见模式,全部,统计单位等权,00110,2,4,556,0.007194244604316547,556,1
137,五位类别可见模式,全部,统计单位等权,00111,3,5,556,0.008992805755395683,556,1
137,五位类别可见模式,全部,统计单位等权,01000,1,1,556,0.0017985611510791368,556,1
137,五位类别可见模式,全部,统计单位等权,01001,2,1,556,0.0017985611510791368,556,1
137,五位类别可见模式,全部,统计单位等权,01010,2,0,556,0.0,556,1
137,五位类别可见模式,全部,统计单位等权,01011,3,0,556,0.0,556,1
137,五位类别可见模式,全部,统计单位等权,01100,2,3,556,0.00539568345323741,556,1
137,五位类别可见模式,全部,统计单位等权,01101,3,2,556,0.0035971223021582736,556,1
137,五位类别可见模式,全部,统计单位等权,01110,3,3,556,0.00539568345323741,556,1
137,五位类别可见模式,全部,统计单位等权,01111,4,10,556,0.017985611510791366,556,1
137,五位类别可见模式,全部,统计单位等权,10000,1,7,556,0.012589928057553957,556,1
137,五位类别可见模式,全部,统计单位等权,10001,2,1,556,0.0017985611510791368,556,1
137,五位类别可见模式,全部,统计单位等权,10010,2,0,556,0.0,556,1
137,五位类别可见模式,全部,统计单位等权,10011,3,3,556,0.00539568345323741,556,1
137,五位类别可见模式,全部,统计单位等权,10100,2,0,556,0.0,556,1
137,五位类别可见模式,全部,统计单位等权,10101,3,0,556,0.0,556,1
137,五位类别可见模式,全部,统计单位等权,10110,3,1,556,0.0017985611510791368,556,1
137,五位类别可见模式,全部,统计单位等权,10111,4,8,556,0.014388489208633094,556,1
137,五位类别可见模式,全部,统计单位等权,11000,2,7,556,0.012589928057553957,556,1
137,五位类别可见模式,全部,统计单位等权,11001,3,2,556,0.0035971223021582736,556,1
137,五位类别可见模式,全部,统计单位等权,11010,3,0,556,0.0,556,1
137,五位类别可见模式,全部,统计单位等权,11011,4,9,556,0.01618705035971223,556,1
137,五位类别可见模式,全部,统计单位等权,11100,3,6,556,0.01079136690647482,556,1
137,五位类别可见模式,全部,统计单位等权,11101,4,7,556,0.012589928057553957,556,1
137,五位类别可见模式,全部,统计单位等权,11110,4,10,556,0.017985611510791366,556,1
137,五位类别可见模式,全部,统计单位等权,11111,5,89,556,0.16007194244604317,556,1
137,五位类别可见模式：按位数汇总,全部,统计单位等权,合计0个扫描,0,360,556,0.6474820143884892,556,1
137,五位类别可见模式：按位数汇总,全部,统计单位等权,合计1个扫描,1,19,556,0.0341726618705036,556,1
137,五位类别可见模式：按位数汇总,全部,统计单位等权,合计2个扫描,2,22,556,0.03956834532374101,556,1
137,五位类别可见模式：按位数汇总,全部,统计单位等权,合计3个扫描,3,22,556,0.03956834532374101,556,1
137,五位类别可见模式：按位数汇总,全部,统计单位等权,合计4个扫描,4,44,556,0.07913669064748201,556,1
137,五位类别可见模式：按位数汇总,全部,统计单位等权,合计5个扫描,5,89,556,0.16007194244604317,556,1
137,扫描命中五位编码,全部,有适用观测的帧等权,00000,0,0,150609040,0.0,556,1
137,扫描命中五位编码,全部,有适用观测的帧等权,00001,1,21721470,150609040,0.14210781070776474,556,1
137,扫描命中五位编码,全部,有适用观测的帧等权,00010,1,19727925,150609040,0.12850817625945182,556,1
137,扫描命中五位编码,全部,有适用观测的帧等权,00011,2,3809140,150609040,0.02570837033550635,556,1
137,扫描命中五位编码,全部,有适用观测的帧等权,00100,1,19193120,150609040,0.12495679516010996,556,1
137,扫描命中五位编码,全部,有适用观测的帧等权,00101,2,2455855,150609040,0.01632248797464186,556,1
137,扫描命中五位编码,全部,有适用观测的帧等权,00110,2,2872992,150609040,0.019094156998413703,556,1
137,扫描命中五位编码,全部,有适用观测的帧等权,00111,3,1815668,150609040,0.012665281952724398,556,1
137,扫描命中五位编码,全部,有适用观测的帧等权,01000,1,19585599,150609040,0.12756319272916916,556,1
137,扫描命中五位编码,全部,有适用观测的帧等权,01001,2,1990868,150609040,0.013236977784378073,556,1
137,扫描命中五位编码,全部,有适用观测的帧等权,01010,2,2158812,150609040,0.014265908514029087,556,1
137,扫描命中五位编码,全部,有适用观测的帧等权,01011,3,1045719,150609040,0.007161298476797094,556,1
137,扫描命中五位编码,全部,有适用观测的帧等权,01100,2,2876571,150609040,0.019105621414996013,556,1
137,扫描命中五位编码,全部,有适用观测的帧等权,01101,3,950395,150609040,0.006468888805063921,556,1
137,扫描命中五位编码,全部,有适用观测的帧等权,01110,3,1257793,150609040,0.008573466491715486,556,1
137,扫描命中五位编码,全部,有适用观测的帧等权,01111,4,1579970,150609040,0.011387533357131331,556,1
137,扫描命中五位编码,全部,有适用观测的帧等权,10000,1,21553180,150609040,0.14100591211514243,556,1
137,扫描命中五位编码,全部,有适用观测的帧等权,10001,2,1856875,150609040,0.012400357786358989,556,1
137,扫描命中五位编码,全部,有适用观测的帧等权,10010,2,1961249,150609040,0.013019518050494089,556,1
137,扫描命中五位编码,全部,有适用观测的帧等权,10011,3,879500,150609040,0.006056694362634183,556,1
137,扫描命中五位编码,全部,有适用观测的帧等权,10100,2,2413434,150609040,0.016013796485359916,556,1
137,扫描命中五位编码,全部,有适用观测的帧等权,10101,3,758858,150609040,0.005162961264164482,556,1
137,扫描命中五位编码,全部,有适用观测的帧等权,10110,3,957303,150609040,0.0065070779285610215,556,1
137,扫描命中五位编码,全部,有适用观测的帧等权,10111,4,1024363,150609040,0.007315175049278497,556,1
137,扫描命中五位编码,全部,有适用观测的帧等权,11000,2,3856599,150609040,0.025988427919752772,556,1
137,扫描命中五位编码,全部,有适用观测的帧等权,11001,3,859420,150609040,0.005912830190639445,556,1
137,扫描命中五位编码,全部,有适用观测的帧等权,11010,3,1011613,150609040,0.006900425879304172,556,1
137,扫描命中五位编码,全部,有适用观测的帧等权,11011,4,939033,150609040,0.006686499102953077,556,1
137,扫描命中五位编码,全部,有适用观测的帧等权,11100,3,1841692,150609040,0.01281113284100736,556,1
137,扫描命中五位编码,全部,有适用观测的帧等权,11101,4,1003456,150609040,0.007147113550056753,556,1
137,扫描命中五位编码,全部,有适用观测的帧等权,11110,4,1586807,150609040,0.01138721278672056,556,1
137,扫描命中五位编码,全部,有适用观测的帧等权,11111,5,5063761,150609040,0.0385588977256793,556,1
137,扫描命中五位编码：按位数汇总,全部,有适用观测的帧等权,合计0个扫描,0,0,150609040,0,556,1
137,扫描命中五位编码：按位数汇总,全部,有适用观测的帧等权,合计1个扫描,1,101781294,150609040,0.6641418869716381,556,1
137,扫描命中五位编码：按位数汇总,全部,有适用观测的帧等权,合计2个扫描,2,26252395,150609040,0.17515562326393086,556,1
137,扫描命中五位编码：按位数汇总,全部,有适用观测的帧等权,合计3个扫描,3,11377961,150609040,0.07822005819261156,556,1
137,扫描命中五位编码：按位数汇总,全部,有适用观测的帧等权,合计4个扫描,4,6133629,150609040,0.043923533846140214,556,1
137,扫描命中五位编码：按位数汇总,全部,有适用观测的帧等权,合计5个扫描,5,5063761,150609040,0.0385588977256793,556,1
137,扫描命中五位编码,全部,统计单位等权,00000,0,0,150609040,0.0,556,1
137,扫描命中五位编码,全部,统计单位等权,00001,1,21721470,150609040,0.14422421124256551,556,1
137,扫描命中五位编码,全部,统计单位等权,00010,1,19727925,150609040,0.13098765518988767,556,1
137,扫描命中五位编码,全部,统计单位等权,00011,2,3809140,150609040,0.02529157612318623,556,1
137,扫描命中五位编码,全部,统计单位等权,00100,1,19193120,150609040,0.12743670632254211,556,1
137,扫描命中五位编码,全部,统计单位等权,00101,2,2455855,150609040,0.016306159311552614,556,1
137,扫描命中五位编码,全部,统计单位等权,00110,2,2872992,150609040,0.019075827055268394,556,1
137,扫描命中五位编码,全部,统计单位等权,00111,3,1815668,150609040,0.012055504769169235,556,1
137,扫描命中五位编码,全部,统计单位等权,01000,1,19585599,150609040,0.13004265215421332,556,1
137,扫描命中五位编码,全部,统计单位等权,01001,2,1990868,150609040,0.013218781555210763,556,1
137,扫描命中五位编码,全部,统计单位等权,01010,2,2158812,150609040,0.014333880622305275,556,1
137,扫描命中五位编码,全部,统计单位等权,01011,3,1045719,150609040,0.006943268478439276,556,1
137,扫描命中五位编码,全部,统计单位等权,01100,2,2876571,150609040,0.019099590569065444,556,1
137,扫描命中五位编码,全部,统计单位等权,01101,3,950395,150609040,0.006310344983275904,556,1
137,扫描命中五位编码,全部,统计单位等权,01110,3,1257793,150609040,0.008351377845579521,556,1
137,扫描命中五位编码,全部,统计单位等权,01111,4,1579970,150609040,0.010490538947728502,556,1
137,扫描命中五位编码,全部,统计单位等权,10000,1,21553180,150609040,0.14310681483661272,556,1
137,扫描命中五位编码,全部,统计单位等权,10001,2,1856875,150609040,0.012329107203657895,556,1
137,扫描命中五位编码,全部,统计单位等权,10010,2,1961249,150609040,0.013022120053351379,556,1
137,扫描命中五位编码,全部,统计单位等权,10011,3,879500,150609040,0.005839622907097742,556,1
137,扫描命中五位编码,全部,统计单位等权,10100,2,2413434,150609040,0.01602449627193693,556,1
137,扫描命中五位编码,全部,统计单位等权,10101,3,758858,150609040,0.005038595292819076,556,1
137,扫描命中五位编码,全部,统计单位等权,10110,3,957303,150609040,0.006356212083949277,556,1
137,扫描命中五位编码,全部,统计单位等权,10111,4,1024363,150609040,0.006801470881163574,556,1
137,扫描命中五位编码,全部,统计单位等权,11000,2,3856599,150609040,0.02560669001010829,556,1
137,扫描命中五位编码,全部,统计单位等权,11001,3,859420,150609040,0.005706297576825402,556,1
137,扫描命中五位编码,全部,统计单位等权,11010,3,1011613,150609040,0.006716814608206785,556,1
137,扫描命中五位编码,全部,统计单位等权,11011,4,939033,150609040,0.00623490462458296,556,1
137,扫描命中五位编码,全部,统计单位等权,11100,3,1841692,150609040,0.012228296521908644,556,1
137,扫描命中五位编码,全部,统计单位等权,11101,4,1003456,150609040,0.0066626545126374885,556,1
137,扫描命中五位编码,全部,统计单位等权,11110,4,1586807,150609040,0.01053593462915639,556,1
137,扫描命中五位编码,全部,统计单位等权,11111,5,5063761,150609040,0.03362189281599564,556,1
137,扫描命中五位编码：按位数汇总,全部,统计单位等权,合计0个扫描,0,0,150609040,0,556,1
137,扫描命中五位编码：按位数汇总,全部,统计单位等权,合计1个扫描,1,101781294,150609040,0.6757980397458213,556,1
137,扫描命中五位编码：按位数汇总,全部,统计单位等权,合计2个扫描,2,26252395,150609040,0.17430822877564323,556,1
137,扫描命中五位编码：按位数汇总,全部,统计单位等权,合计3个扫描,3,11377961,150609040,0.07554633506727086,556,1
137,扫描命中五位编码：按位数汇总,全部,统计单位等权,合计4个扫描,4,6133629,150609040,0.040725503595268914,556,1
137,扫描命中五位编码：按位数汇总,全部,统计单位等权,合计5个扫描,5,5063761,150609040,0.03362189281599564,556,1
137,扫描命中五位编码,当前异常占据体素,有适用观测的帧等权,00000,0,0,834,0.0,150,1
137,扫描命中五位编码,当前异常占据体素,有适用观测的帧等权,00001,1,377,834,0.7152595062689137,150,1
137,扫描命中五位编码,当前异常占据体素,有适用观测的帧等权,00010,1,0,834,0.0,150,1
137,扫描命中五位编码,当前异常占据体素,有适用观测的帧等权,00011,2,60,834,0.03256379870033788,150,1
137,扫描命中五位编码,当前异常占据体素,有适用观测的帧等权,00100,1,0,834,0.0,150,1
137,扫描命中五位编码,当前异常占据体素,有适用观测的帧等权,00101,2,60,834,0.047658576264859906,150,1
137,扫描命中五位编码,当前异常占据体素,有适用观测的帧等权,00110,2,0,834,0.0,150,1
137,扫描命中五位编码,当前异常占据体素,有适用观测的帧等权,00111,3,49,834,0.01940074067632652,150,1
137,扫描命中五位编码,当前异常占据体素,有适用观测的帧等权,01000,1,0,834,0.0,150,1
137,扫描命中五位编码,当前异常占据体素,有适用观测的帧等权,01001,2,43,834,0.04353362856943418,150,1
137,扫描命中五位编码,当前异常占据体素,有适用观测的帧等权,01010,2,0,834,0.0,150,1
137,扫描命中五位编码,当前异常占据体素,有适用观测的帧等权,01011,3,19,834,0.010851001773854368,150,1
137,扫描命中五位编码,当前异常占据体素,有适用观测的帧等权,01100,2,0,834,0.0,150,1
137,扫描命中五位编码,当前异常占据体素,有适用观测的帧等权,01101,3,21,834,0.007511231576448964,150,1
137,扫描命中五位编码,当前异常占据体素,有适用观测的帧等权,01110,3,0,834,0.0,150,1
137,扫描命中五位编码,当前异常占据体素,有适用观测的帧等权,01111,4,26,834,0.007220613704353541,150,1
137,扫描命中五位编码,当前异常占据体素,有适用观测的帧等权,10000,1,0,834,0.0,150,1
137,扫描命中五位编码,当前异常占据体素,有适用观测的帧等权,10001,2,43,834,0.057309087739113924,150,1
137,扫描命中五位编码,当前异常占据体素,有适用观测的帧等权,10010,2,0,834,0.0,150,1
137,扫描命中五位编码,当前异常占据体素,有适用观测的帧等权,10011,3,21,834,0.007606628667869388,150,1
137,扫描命中五位编码,当前异常占据体素,有适用观测的帧等权,10100,2,0,834,0.0,150,1
137,扫描命中五位编码,当前异常占据体素,有适用观测的帧等权,10101,3,19,834,0.012499585495608825,150,1
137,扫描命中五位编码,当前异常占据体素,有适用观测的帧等权,10110,3,0,834,0.0,150,1
137,扫描命中五位编码,当前异常占据体素,有适用观测的帧等权,10111,4,16,834,0.006576056045864541,150,1
137,扫描命中五位编码,当前异常占据体素,有适用观测的帧等权,11000,2,0,834,0.0,150,1
137,扫描命中五位编码,当前异常占据体素,有适用观测的帧等权,11001,3,19,834,0.011020810204813072,150,1
137,扫描命中五位编码,当前异常占据体素,有适用观测的帧等权,11010,3,0,834,0.0,150,1
137,扫描命中五位编码,当前异常占据体素,有适用观测的帧等权,11011,4,18,834,0.007498886781495477,150,1
137,扫描命中五位编码,当前异常占据体素,有适用观测的帧等权,11100,3,0,834,0.0,150,1
137,扫描命中五位编码,当前异常占据体素,有适用观测的帧等权,11101,4,11,834,0.0037016736650882977,150,1
137,扫描命中五位编码,当前异常占据体素,有适用观测的帧等权,11110,4,0,834,0.0,150,1
137,扫描命中五位编码,当前异常占据体素,有适用观测的帧等权,11111,5,32,834,0.009788173865617564,150,1
137,扫描命中五位编码：按位数汇总,当前异常占据体素,有适用观测的帧等权,合计0个扫描,0,0,834,0,150,1
137,扫描命中五位编码：按位数汇总,当前异常占据体素,有适用观测的帧等权,合计1个扫描,1,377,834,0.7152595062689137,150,1
137,扫描命中五位编码：按位数汇总,当前异常占据体素,有适用观测的帧等权,合计2个扫描,2,206,834,0.1810650912737459,150,1
137,扫描命中五位编码：按位数汇总,当前异常占据体素,有适用观测的帧等权,合计3个扫描,3,148,834,0.06888999839492113,150,1
137,扫描命中五位编码：按位数汇总,当前异常占据体素,有适用观测的帧等权,合计4个扫描,4,71,834,0.024997230196801855,150,1
137,扫描命中五位编码：按位数汇总,当前异常占据体素,有适用观测的帧等权,合计5个扫描,5,32,834,0.009788173865617564,150,1
137,扫描命中五位编码,当前异常占据体素,统计单位等权,00000,0,0,834,0.0,150,1
137,扫描命中五位编码,当前异常占据体素,统计单位等权,00001,1,377,834,0.4520383693045564,150,1
137,扫描命中五位编码,当前异常占据体素,统计单位等权,00010,1,0,834,0.0,150,1
137,扫描命中五位编码,当前异常占据体素,统计单位等权,00011,2,60,834,0.07194244604316546,150,1
137,扫描命中五位编码,当前异常占据体素,统计单位等权,00100,1,0,834,0.0,150,1
137,扫描命中五位编码,当前异常占据体素,统计单位等权,00101,2,60,834,0.07194244604316546,150,1
137,扫描命中五位编码,当前异常占据体素,统计单位等权,00110,2,0,834,0.0,150,1
137,扫描命中五位编码,当前异常占据体素,统计单位等权,00111,3,49,834,0.05875299760191847,150,1
137,扫描命中五位编码,当前异常占据体素,统计单位等权,01000,1,0,834,0.0,150,1
137,扫描命中五位编码,当前异常占据体素,统计单位等权,01001,2,43,834,0.05155875299760192,150,1
137,扫描命中五位编码,当前异常占据体素,统计单位等权,01010,2,0,834,0.0,150,1
137,扫描命中五位编码,当前异常占据体素,统计单位等权,01011,3,19,834,0.022781774580335732,150,1
137,扫描命中五位编码,当前异常占据体素,统计单位等权,01100,2,0,834,0.0,150,1
137,扫描命中五位编码,当前异常占据体素,统计单位等权,01101,3,21,834,0.025179856115107913,150,1
137,扫描命中五位编码,当前异常占据体素,统计单位等权,01110,3,0,834,0.0,150,1
137,扫描命中五位编码,当前异常占据体素,统计单位等权,01111,4,26,834,0.03117505995203837,150,1
137,扫描命中五位编码,当前异常占据体素,统计单位等权,10000,1,0,834,0.0,150,1
137,扫描命中五位编码,当前异常占据体素,统计单位等权,10001,2,43,834,0.05155875299760192,150,1
137,扫描命中五位编码,当前异常占据体素,统计单位等权,10010,2,0,834,0.0,150,1
137,扫描命中五位编码,当前异常占据体素,统计单位等权,10011,3,21,834,0.025179856115107913,150,1
137,扫描命中五位编码,当前异常占据体素,统计单位等权,10100,2,0,834,0.0,150,1
137,扫描命中五位编码,当前异常占据体素,统计单位等权,10101,3,19,834,0.022781774580335732,150,1
137,扫描命中五位编码,当前异常占据体素,统计单位等权,10110,3,0,834,0.0,150,1
137,扫描命中五位编码,当前异常占据体素,统计单位等权,10111,4,16,834,0.019184652278177457,150,1
137,扫描命中五位编码,当前异常占据体素,统计单位等权,11000,2,0,834,0.0,150,1
137,扫描命中五位编码,当前异常占据体素,统计单位等权,11001,3,19,834,0.022781774580335732,150,1
137,扫描命中五位编码,当前异常占据体素,统计单位等权,11010,3,0,834,0.0,150,1
137,扫描命中五位编码,当前异常占据体素,统计单位等权,11011,4,18,834,0.02158273381294964,150,1
137,扫描命中五位编码,当前异常占据体素,统计单位等权,11100,3,0,834,0.0,150,1
137,扫描命中五位编码,当前异常占据体素,统计单位等权,11101,4,11,834,0.013189448441247002,150,1
137,扫描命中五位编码,当前异常占据体素,统计单位等权,11110,4,0,834,0.0,150,1
137,扫描命中五位编码,当前异常占据体素,统计单位等权,11111,5,32,834,0.03836930455635491,150,1
137,扫描命中五位编码：按位数汇总,当前异常占据体素,统计单位等权,合计0个扫描,0,0,834,0,150,1
137,扫描命中五位编码：按位数汇总,当前异常占据体素,统计单位等权,合计1个扫描,1,377,834,0.4520383693045564,150,1
137,扫描命中五位编码：按位数汇总,当前异常占据体素,统计单位等权,合计2个扫描,2,206,834,0.24700239808153476,150,1
137,扫描命中五位编码：按位数汇总,当前异常占据体素,统计单位等权,合计3个扫描,3,148,834,0.1774580335731415,150,1
137,扫描命中五位编码：按位数汇总,当前异常占据体素,统计单位等权,合计4个扫描,4,71,834,0.08513189448441247,150,1
137,扫描命中五位编码：按位数汇总,当前异常占据体素,统计单位等权,合计5个扫描,5,32,834,0.03836930455635491,150,1
138,五位类别可见模式,全部,有适用观测的帧等权,00000,0,327,512,0.638671875,512,1
138,五位类别可见模式,全部,有适用观测的帧等权,00001,1,5,512,0.009765625,512,1
138,五位类别可见模式,全部,有适用观测的帧等权,00010,1,3,512,0.005859375,512,1
138,五位类别可见模式,全部,有适用观测的帧等权,00011,2,2,512,0.00390625,512,1
138,五位类别可见模式,全部,有适用观测的帧等权,00100,1,3,512,0.005859375,512,1
138,五位类别可见模式,全部,有适用观测的帧等权,00101,2,1,512,0.001953125,512,1
138,五位类别可见模式,全部,有适用观测的帧等权,00110,2,1,512,0.001953125,512,1
138,五位类别可见模式,全部,有适用观测的帧等权,00111,3,2,512,0.00390625,512,1
138,五位类别可见模式,全部,有适用观测的帧等权,01000,1,3,512,0.005859375,512,1
138,五位类别可见模式,全部,有适用观测的帧等权,01001,2,0,512,0.0,512,1
138,五位类别可见模式,全部,有适用观测的帧等权,01010,2,0,512,0.0,512,1
138,五位类别可见模式,全部,有适用观测的帧等权,01011,3,1,512,0.001953125,512,1
138,五位类别可见模式,全部,有适用观测的帧等权,01100,2,1,512,0.001953125,512,1
138,五位类别可见模式,全部,有适用观测的帧等权,01101,3,1,512,0.001953125,512,1
138,五位类别可见模式,全部,有适用观测的帧等权,01110,3,2,512,0.00390625,512,1
138,五位类别可见模式,全部,有适用观测的帧等权,01111,4,5,512,0.009765625,512,1
138,五位类别可见模式,全部,有适用观测的帧等权,10000,1,5,512,0.009765625,512,1
138,五位类别可见模式,全部,有适用观测的帧等权,10001,2,0,512,0.0,512,1
138,五位类别可见模式,全部,有适用观测的帧等权,10010,2,1,512,0.001953125,512,1
138,五位类别可见模式,全部,有适用观测的帧等权,10011,3,1,512,0.001953125,512,1
138,五位类别可见模式,全部,有适用观测的帧等权,10100,2,0,512,0.0,512,1
138,五位类别可见模式,全部,有适用观测的帧等权,10101,3,0,512,0.0,512,1
138,五位类别可见模式,全部,有适用观测的帧等权,10110,3,1,512,0.001953125,512,1
138,五位类别可见模式,全部,有适用观测的帧等权,10111,4,5,512,0.009765625,512,1
138,五位类别可见模式,全部,有适用观测的帧等权,11000,2,2,512,0.00390625,512,1
138,五位类别可见模式,全部,有适用观测的帧等权,11001,3,2,512,0.00390625,512,1
138,五位类别可见模式,全部,有适用观测的帧等权,11010,3,0,512,0.0,512,1
138,五位类别可见模式,全部,有适用观测的帧等权,11011,4,5,512,0.009765625,512,1
138,五位类别可见模式,全部,有适用观测的帧等权,11100,3,3,512,0.005859375,512,1
138,五位类别可见模式,全部,有适用观测的帧等权,11101,4,4,512,0.0078125,512,1
138,五位类别可见模式,全部,有适用观测的帧等权,11110,4,5,512,0.009765625,512,1
138,五位类别可见模式,全部,有适用观测的帧等权,11111,5,121,512,0.236328125,512,1
138,五位类别可见模式：按位数汇总,全部,有适用观测的帧等权,合计0个扫描,0,327,512,0.638671875,512,1
138,五位类别可见模式：按位数汇总,全部,有适用观测的帧等权,合计1个扫描,1,19,512,0.037109375,512,1
138,五位类别可见模式：按位数汇总,全部,有适用观测的帧等权,合计2个扫描,2,8,512,0.015625,512,1
138,五位类别可见模式：按位数汇总,全部,有适用观测的帧等权,合计3个扫描,3,13,512,0.025390625,512,1
138,五位类别可见模式：按位数汇总,全部,有适用观测的帧等权,合计4个扫描,4,24,512,0.046875,512,1
138,五位类别可见模式：按位数汇总,全部,有适用观测的帧等权,合计5个扫描,5,121,512,0.236328125,512,1
138,五位类别可见模式,全部,统计单位等权,00000,0,327,512,0.638671875,512,1
138,五位类别可见模式,全部,统计单位等权,00001,1,5,512,0.009765625,512,1
138,五位类别可见模式,全部,统计单位等权,00010,1,3,512,0.005859375,512,1
138,五位类别可见模式,全部,统计单位等权,00011,2,2,512,0.00390625,512,1
138,五位类别可见模式,全部,统计单位等权,00100,1,3,512,0.005859375,512,1
138,五位类别可见模式,全部,统计单位等权,00101,2,1,512,0.001953125,512,1
138,五位类别可见模式,全部,统计单位等权,00110,2,1,512,0.001953125,512,1
138,五位类别可见模式,全部,统计单位等权,00111,3,2,512,0.00390625,512,1
138,五位类别可见模式,全部,统计单位等权,01000,1,3,512,0.005859375,512,1
138,五位类别可见模式,全部,统计单位等权,01001,2,0,512,0.0,512,1
138,五位类别可见模式,全部,统计单位等权,01010,2,0,512,0.0,512,1
138,五位类别可见模式,全部,统计单位等权,01011,3,1,512,0.001953125,512,1
138,五位类别可见模式,全部,统计单位等权,01100,2,1,512,0.001953125,512,1
138,五位类别可见模式,全部,统计单位等权,01101,3,1,512,0.001953125,512,1
138,五位类别可见模式,全部,统计单位等权,01110,3,2,512,0.00390625,512,1
138,五位类别可见模式,全部,统计单位等权,01111,4,5,512,0.009765625,512,1
138,五位类别可见模式,全部,统计单位等权,10000,1,5,512,0.009765625,512,1
138,五位类别可见模式,全部,统计单位等权,10001,2,0,512,0.0,512,1
138,五位类别可见模式,全部,统计单位等权,10010,2,1,512,0.001953125,512,1
138,五位类别可见模式,全部,统计单位等权,10011,3,1,512,0.001953125,512,1
138,五位类别可见模式,全部,统计单位等权,10100,2,0,512,0.0,512,1
138,五位类别可见模式,全部,统计单位等权,10101,3,0,512,0.0,512,1
138,五位类别可见模式,全部,统计单位等权,10110,3,1,512,0.001953125,512,1
138,五位类别可见模式,全部,统计单位等权,10111,4,5,512,0.009765625,512,1
138,五位类别可见模式,全部,统计单位等权,11000,2,2,512,0.00390625,512,1
138,五位类别可见模式,全部,统计单位等权,11001,3,2,512,0.00390625,512,1
138,五位类别可见模式,全部,统计单位等权,11010,3,0,512,0.0,512,1
138,五位类别可见模式,全部,统计单位等权,11011,4,5,512,0.009765625,512,1
138,五位类别可见模式,全部,统计单位等权,11100,3,3,512,0.005859375,512,1
138,五位类别可见模式,全部,统计单位等权,11101,4,4,512,0.0078125,512,1
138,五位类别可见模式,全部,统计单位等权,11110,4,5,512,0.009765625,512,1
138,五位类别可见模式,全部,统计单位等权,11111,5,121,512,0.236328125,512,1
138,五位类别可见模式：按位数汇总,全部,统计单位等权,合计0个扫描,0,327,512,0.638671875,512,1
138,五位类别可见模式：按位数汇总,全部,统计单位等权,合计1个扫描,1,19,512,0.037109375,512,1
138,五位类别可见模式：按位数汇总,全部,统计单位等权,合计2个扫描,2,8,512,0.015625,512,1
138,五位类别可见模式：按位数汇总,全部,统计单位等权,合计3个扫描,3,13,512,0.025390625,512,1
138,五位类别可见模式：按位数汇总,全部,统计单位等权,合计4个扫描,4,24,512,0.046875,512,1
138,五位类别可见模式：按位数汇总,全部,统计单位等权,合计5个扫描,5,121,512,0.236328125,512,1
138,扫描命中五位编码,全部,有适用观测的帧等权,00000,0,0,133721016,0.0,512,1
138,扫描命中五位编码,全部,有适用观测的帧等权,00001,1,19070339,133721016,0.1410857602045011,512,1
138,扫描命中五位编码,全部,有适用观测的帧等权,00010,1,17163332,133721016,0.12650349553463033,512,1
138,扫描命中五位编码,全部,有适用观测的帧等权,00011,2,3526543,133721016,0.026679367428752307,512,1
138,扫描命中五位编码,全部,有适用观测的帧等权,00100,1,16634525,133721016,0.12254591763038006,512,1
138,扫描命中五位编码,全部,有适用观测的帧等权,00101,2,2210546,133721016,0.016509447134458382,512,1
138,扫描命中五位编码,全部,有适用观测的帧等权,00110,2,2592549,133721016,0.019321988924763393,512,1
138,扫描命中五位编码,全部,有适用观测的帧等权,00111,3,1737746,133721016,0.013484039375730904,512,1
138,扫描命中五位编码,全部,有适用观测的帧等权,01000,1,17003915,133721016,0.12536737756509111,512,1
138,扫描命中五位编码,全部,有适用观测的帧等权,01001,2,1760172,133721016,0.013109589498567302,512,1
138,扫描命中五位编码,全部,有适用观测的帧等权,01010,2,1935873,133721016,0.014388691737073148,512,1
138,扫描命中五位编码,全部,有适用观测的帧等权,01011,3,966293,133721016,0.00737890588351364,512,1
138,扫描命中五位编码,全部,有适用观测的帧等权,01100,2,2594689,133721016,0.019326988133301252,512,1
138,扫描命中五位编码,全部,有适用观测的帧等权,01101,3,860560,133721016,0.006524668126578931,512,1
138,扫描命中五位编码,全部,有适用观测的帧等权,01110,3,1174877,133721016,0.008937427412051611,512,1
138,扫描命中五位编码,全部,有适用观测的帧等权,01111,4,1538896,133721016,0.012228121120535817,512,1
138,扫描命中五位编码,全部,有适用观测的帧等权,10000,1,18883965,133721016,0.13977119715171263,512,1
138,扫描命中五位编码,全部,有适用观测的帧等权,10001,2,1666309,133721016,0.012456214836456366,512,1
138,扫描命中五位编码,全部,有适用观测的帧等权,10010,2,1726464,133721016,0.012845879862985472,512,1
138,扫描命中五位编码,全部,有适用观测的帧等权,10011,3,808504,133721016,0.0061744872643777066,512,1
138,扫描命中五位编码,全部,有适用观测的帧等权,10100,2,2166999,133721016,0.01615769651475713,512,1
138,扫描命中五位编码,全部,有适用观测的帧等权,10101,3,695932,133721016,0.005288008955103333,512,1
138,扫描命中五位编码,全部,有适用观测的帧等权,10110,3,863565,133721016,0.006531638079616474,512,1
138,扫描命中五位编码,全部,有适用观测的帧等权,10111,4,978699,133721016,0.007707328647696887,512,1
138,扫描命中五位编码,全部,有适用观测的帧等权,11000,2,3585092,133721016,0.02708033178288007,512,1
138,扫描命中五位编码,全部,有适用观测的帧等权,11001,3,779908,133721016,0.0059418159756383536,512,1
138,扫描命中五位编码,全部,有适用观测的帧等权,11010,3,930479,133721016,0.0070815472819164265,512,1
138,扫描命中五位编码,全部,有适用观测的帧等权,11011,4,877597,133721016,0.006877494765471985,512,1
138,扫描命中五位编码,全部,有适用观测的帧等权,11100,3,1778375,133721016,0.013755858215589186,512,1
138,扫描命中五位编码,全部,有适用观测的帧等权,11101,4,952793,133721016,0.007473428235848445,512,1
138,扫描命中五位编码,全部,有适用观测的帧等权,11110,4,1551400,133721016,0.012279457003727864,512,1
138,扫描命中五位编码,全部,有适用观测的帧等权,11111,5,4704080,133721016,0.03918582971629232,512,1
138,扫描命中五位编码：按位数汇总,全部,有适用观测的帧等权,合计0个扫描,0,0,133721016,0,512,1
138,扫描命中五位编码：按位数汇总,全部,有适用观测的帧等权,合计1个扫描,1,88756076,133721016,0.6552737480863152,512,1
138,扫描命中五位编码：按位数汇总,全部,有适用观测的帧等权,合计2个扫描,2,23765236,133721016,0.1778761958539948,512,1
138,扫描命中五位编码：按位数汇总,全部,有适用观测的帧等权,合计3个扫描,3,10596239,133721016,0.08109839657011657,512,1
138,扫描命中五位编码：按位数汇总,全部,有适用观测的帧等权,合计4个扫描,4,5899385,133721016,0.046565829773281,512,1
138,扫描命中五位编码：按位数汇总,全部,有适用观测的帧等权,合计5个扫描,5,4704080,133721016,0.03918582971629232,512,1
138,扫描命中五位编码,全部,统计单位等权,00000,0,0,133721016,0.0,512,1
138,扫描命中五位编码,全部,统计单位等权,00001,1,19070339,133721016,0.14261287844238335,512,1
138,扫描命中五位编码,全部,统计单位等权,00010,1,17163332,133721016,0.12835179176323339,512,1
138,扫描命中五位编码,全部,统计单位等权,00011,2,3526543,133721016,0.026372391606716478,512,1
138,扫描命中五位编码,全部,统计单位等权,00100,1,16634525,133721016,0.12439723760399786,512,1
138,扫描命中五位编码,全部,统计单位等权,00101,2,2210546,133721016,0.01653102904931563,512,1
138,扫描命中五位编码,全部,统计单位等权,00110,2,2592549,133721016,0.019387745303999185,512,1
138,扫描命中五位编码,全部,统计单位等权,00111,3,1737746,133721016,0.012995309577964917,512,1
138,扫描命中五位编码,全部,统计单位等权,01000,1,17003915,133721016,0.1271596306148317,512,1
138,扫描命中五位编码,全部,统计单位等权,01001,2,1760172,133721016,0.013163016948659737,512,1
138,扫描命中五位编码,全部,统计单位等权,01010,2,1935873,133721016,0.014476954018955405,512,1
138,扫描命中五位编码,全部,统计单位等权,01011,3,966293,133721016,0.007226186495621601,512,1
138,扫描命中五位编码,全部,统计单位等权,01100,2,2594689,133721016,0.01940374877199557,512,1
138,扫描命中五位编码,全部,统计单位等权,01101,3,860560,133721016,0.006435488046246971,512,1
138,扫描命中五位编码,全部,统计单位等权,01110,3,1174877,133721016,0.008786031060368252,512,1
138,扫描命中五位编码,全部,统计单位等权,01111,4,1538896,133721016,0.011508258357833596,512,1
138,扫描命中五位编码,全部,统计单位等权,10000,1,18883965,133721016,0.14121912594501973,512,1
138,扫描命中五位编码,全部,统计单位等权,10001,2,1666309,133721016,0.01246108539887253,512,1
138,扫描命中五位编码,全部,统计单位等权,10010,2,1726464,133721016,0.012910939892948465,512,1
138,扫描命中五位编码,全部,统计单位等权,10011,3,808504,133721016,0.006046199948106885,512,1
138,扫描命中五位编码,全部,统计单位等权,10100,2,2166999,133721016,0.016205373432101353,512,1
138,扫描命中五位编码,全部,统计单位等权,10101,3,695932,133721016,0.005204357705448484,512,1
138,扫描命中五位编码,全部,统计单位等权,10110,3,863565,133721016,0.006457960205746567,512,1
138,扫描命中五位编码,全部,统计单位等权,10111,4,978699,133721016,0.007318961740464191,512,1
138,扫描命中五位编码,全部,统计单位等权,11000,2,3585092,133721016,0.026810236021539053,512,1
138,扫描命中五位编码,全部,统计单位等权,11001,3,779908,133721016,0.005832351737441181,512,1
138,扫描命中五位编码,全部,统计单位等权,11010,3,930479,133721016,0.006958360232620428,512,1
138,扫描命中五位编码,全部,统计单位等权,11011,4,877597,133721016,0.006562895094963981,512,1
138,扫描命中五位编码,全部,统计单位等权,11100,3,1778375,133721016,0.013299143643957956,512,1
138,扫描命中五位编码,全部,统计单位等权,11101,4,952793,133721016,0.007125230038635064,512,1
138,扫描命中五位编码,全部,统计单位等权,11110,4,1551400,133721016,0.011601766471771349,512,1
138,扫描命中五位编码,全部,统计单位等权,11111,5,4704080,133721016,0.03517831482823912,512,1
138,扫描命中五位编码：按位数汇总,全部,统计单位等权,合计0个扫描,0,0,133721016,0,512,1
138,扫描命中五位编码：按位数汇总,全部,统计单位等权,合计1个扫描,1,88756076,133721016,0.663740664369466,512,1
138,扫描命中五位编码：按位数汇总,全部,统计单位等权,合计2个扫描,2,23765236,133721016,0.1777225204451034,512,1
138,扫描命中五位编码：按位数汇总,全部,统计单位等权,合计3个扫描,3,10596239,133721016,0.07924138865352325,512,1
138,扫描命中五位编码：按位数汇总,全部,统计单位等权,合计4个扫描,4,5899385,133721016,0.04411711170366818,512,1
138,扫描命中五位编码：按位数汇总,全部,统计单位等权,合计5个扫描,5,4704080,133721016,0.03517831482823912,512,1
138,扫描命中五位编码,当前异常占据体素,有适用观测的帧等权,00000,0,0,2115,0.0,155,1
138,扫描命中五位编码,当前异常占据体素,有适用观测的帧等权,00001,1,875,2115,0.7156175392058317,155,1
138,扫描命中五位编码,当前异常占据体素,有适用观测的帧等权,00010,1,0,2115,0.0,155,1
138,扫描命中五位编码,当前异常占据体素,有适用观测的帧等权,00011,2,197,2115,0.05841504123353812,155,1
138,扫描命中五位编码,当前异常占据体素,有适用观测的帧等权,00100,1,0,2115,0.0,155,1
138,扫描命中五位编码,当前异常占据体素,有适用观测的帧等权,00101,2,109,2115,0.033865562882316846,155,1
138,扫描命中五位编码,当前异常占据体素,有适用观测的帧等权,00110,2,0,2115,0.0,155,1
138,扫描命中五位编码,当前异常占据体素,有适用观测的帧等权,00111,3,94,2115,0.013118387195886889,155,1
138,扫描命中五位编码,当前异常占据体素,有适用观测的帧等权,01000,1,0,2115,0.0,155,1
138,扫描命中五位编码,当前异常占据体素,有适用观测的帧等权,01001,2,104,2115,0.034122241289784985,155,1
138,扫描命中五位编码,当前异常占据体素,有适用观测的帧等权,01010,2,0,2115,0.0,155,1
138,扫描命中五位编码,当前异常占据体素,有适用观测的帧等权,01011,3,50,2115,0.007214161997986048,155,1
138,扫描命中五位编码,当前异常占据体素,有适用观测的帧等权,01100,2,0,2115,0.0,155,1
138,扫描命中五位编码,当前异常占据体素,有适用观测的帧等权,01101,3,45,2115,0.008428218243147875,155,1
138,扫描命中五位编码,当前异常占据体素,有适用观测的帧等权,01110,3,0,2115,0.0,155,1
138,扫描命中五位编码,当前异常占据体素,有适用观测的帧等权,01111,4,90,2115,0.012446590303909807,155,1
138,扫描命中五位编码,当前异常占据体素,有适用观测的帧等权,10000,1,0,2115,0.0,155,1
138,扫描命中五位编码,当前异常占据体素,有适用观测的帧等权,10001,2,100,2115,0.04701492067354821,155,1
138,扫描命中五位编码,当前异常占据体素,有适用观测的帧等权,10010,2,0,2115,0.0,155,1
138,扫描命中五位编码,当前异常占据体素,有适用观测的帧等权,10011,3,49,2115,0.007939014846281851,155,1
138,扫描命中五位编码,当前异常占据体素,有适用观测的帧等权,10100,2,0,2115,0.0,155,1
138,扫描命中五位编码,当前异常占据体素,有适用观测的帧等权,10101,3,53,2115,0.011124865462175672,155,1
138,扫描命中五位编码,当前异常占据体素,有适用观测的帧等权,10110,3,0,2115,0.0,155,1
138,扫描命中五位编码,当前异常占据体素,有适用观测的帧等权,10111,4,56,2115,0.007283856094733745,155,1
138,扫描命中五位编码,当前异常占据体素,有适用观测的帧等权,11000,2,0,2115,0.0,155,1
138,扫描命中五位编码,当前异常占据体素,有适用观测的帧等权,11001,3,42,2115,0.00867254610374055,155,1
138,扫描命中五位编码,当前异常占据体素,有适用观测的帧等权,11010,3,0,2115,0.0,155,1
138,扫描命中五位编码,当前异常占据体素,有适用观测的帧等权,11011,4,37,2115,0.005182609203694288,155,1
138,扫描命中五位编码,当前异常占据体素,有适用观测的帧等权,11100,3,0,2115,0.0,155,1
138,扫描命中五位编码,当前异常占据体素,有适用观测的帧等权,11101,4,52,2115,0.008679716716510268,155,1
138,扫描命中五位编码,当前异常占据体素,有适用观测的帧等权,11110,4,0,2115,0.0,155,1
138,扫描命中五位编码,当前异常占据体素,有适用观测的帧等权,11111,5,162,2115,0.020874728546913215,155,1
138,扫描命中五位编码：按位数汇总,当前异常占据体素,有适用观测的帧等权,合计0个扫描,0,0,2115,0,155,1
138,扫描命中五位编码：按位数汇总,当前异常占据体素,有适用观测的帧等权,合计1个扫描,1,875,2115,0.7156175392058317,155,1
138,扫描命中五位编码：按位数汇总,当前异常占据体素,有适用观测的帧等权,合计2个扫描,2,510,2115,0.17341776607918816,155,1
138,扫描命中五位编码：按位数汇总,当前异常占据体素,有适用观测的帧等权,合计3个扫描,3,333,2115,0.056497193849218884,155,1
138,扫描命中五位编码：按位数汇总,当前异常占据体素,有适用观测的帧等权,合计4个扫描,4,235,2115,0.03359277231884811,155,1
138,扫描命中五位编码：按位数汇总,当前异常占据体素,有适用观测的帧等权,合计5个扫描,5,162,2115,0.020874728546913215,155,1
138,扫描命中五位编码,当前异常占据体素,统计单位等权,00000,0,0,2115,0.0,155,1
138,扫描命中五位编码,当前异常占据体素,统计单位等权,00001,1,875,2115,0.41371158392434987,155,1
138,扫描命中五位编码,当前异常占据体素,统计单位等权,00010,1,0,2115,0.0,155,1
138,扫描命中五位编码,当前异常占据体素,统计单位等权,00011,2,197,2115,0.09314420803782505,155,1
138,扫描命中五位编码,当前异常占据体素,统计单位等权,00100,1,0,2115,0.0,155,1
138,扫描命中五位编码,当前异常占据体素,统计单位等权,00101,2,109,2115,0.051536643026004726,155,1
138,扫描命中五位编码,当前异常占据体素,统计单位等权,00110,2,0,2115,0.0,155,1
138,扫描命中五位编码,当前异常占据体素,统计单位等权,00111,3,94,2115,0.044444444444444446,155,1
138,扫描命中五位编码,当前异常占据体素,统计单位等权,01000,1,0,2115,0.0,155,1
138,扫描命中五位编码,当前异常占据体素,统计单位等权,01001,2,104,2115,0.0491725768321513,155,1
138,扫描命中五位编码,当前异常占据体素,统计单位等权,01010,2,0,2115,0.0,155,1
138,扫描命中五位编码,当前异常占据体素,统计单位等权,01011,3,50,2115,0.02364066193853428,155,1
138,扫描命中五位编码,当前异常占据体素,统计单位等权,01100,2,0,2115,0.0,155,1
138,扫描命中五位编码,当前异常占据体素,统计单位等权,01101,3,45,2115,0.02127659574468085,155,1
138,扫描命中五位编码,当前异常占据体素,统计单位等权,01110,3,0,2115,0.0,155,1
138,扫描命中五位编码,当前异常占据体素,统计单位等权,01111,4,90,2115,0.0425531914893617,155,1
138,扫描命中五位编码,当前异常占据体素,统计单位等权,10000,1,0,2115,0.0,155,1
138,扫描命中五位编码,当前异常占据体素,统计单位等权,10001,2,100,2115,0.04728132387706856,155,1
138,扫描命中五位编码,当前异常占据体素,统计单位等权,10010,2,0,2115,0.0,155,1
138,扫描命中五位编码,当前异常占据体素,统计单位等权,10011,3,49,2115,0.023167848699763592,155,1
138,扫描命中五位编码,当前异常占据体素,统计单位等权,10100,2,0,2115,0.0,155,1
138,扫描命中五位编码,当前异常占据体素,统计单位等权,10101,3,53,2115,0.025059101654846337,155,1
138,扫描命中五位编码,当前异常占据体素,统计单位等权,10110,3,0,2115,0.0,155,1
138,扫描命中五位编码,当前异常占据体素,统计单位等权,10111,4,56,2115,0.026477541371158392,155,1
138,扫描命中五位编码,当前异常占据体素,统计单位等权,11000,2,0,2115,0.0,155,1
138,扫描命中五位编码,当前异常占据体素,统计单位等权,11001,3,42,2115,0.019858156028368795,155,1
138,扫描命中五位编码,当前异常占据体素,统计单位等权,11010,3,0,2115,0.0,155,1
138,扫描命中五位编码,当前异常占据体素,统计单位等权,11011,4,37,2115,0.017494089834515367,155,1
138,扫描命中五位编码,当前异常占据体素,统计单位等权,11100,3,0,2115,0.0,155,1
138,扫描命中五位编码,当前异常占据体素,统计单位等权,11101,4,52,2115,0.02458628841607565,155,1
138,扫描命中五位编码,当前异常占据体素,统计单位等权,11110,4,0,2115,0.0,155,1
138,扫描命中五位编码,当前异常占据体素,统计单位等权,11111,5,162,2115,0.07659574468085106,155,1
138,扫描命中五位编码：按位数汇总,当前异常占据体素,统计单位等权,合计0个扫描,0,0,2115,0,155,1
138,扫描命中五位编码：按位数汇总,当前异常占据体素,统计单位等权,合计1个扫描,1,875,2115,0.41371158392434987,155,1
138,扫描命中五位编码：按位数汇总,当前异常占据体素,统计单位等权,合计2个扫描,2,510,2115,0.24113475177304963,155,1
138,扫描命中五位编码：按位数汇总,当前异常占据体素,统计单位等权,合计3个扫描,3,333,2115,0.1574468085106383,155,1
138,扫描命中五位编码：按位数汇总,当前异常占据体素,统计单位等权,合计4个扫描,4,235,2115,0.1111111111111111,155,1
138,扫描命中五位编码：按位数汇总,当前异常占据体素,统计单位等权,合计5个扫描,5,162,2115,0.07659574468085106,155,1
139,五位类别可见模式,全部,有适用观测的帧等权,00000,0,300,538,0.5576208178438662,538,1
139,五位类别可见模式,全部,有适用观测的帧等权,00001,1,4,538,0.007434944237918215,538,1
139,五位类别可见模式,全部,有适用观测的帧等权,00010,1,4,538,0.007434944237918215,538,1
139,五位类别可见模式,全部,有适用观测的帧等权,00011,2,2,538,0.0037174721189591076,538,1
139,五位类别可见模式,全部,有适用观测的帧等权,00100,1,3,538,0.0055762081784386614,538,1
139,五位类别可见模式,全部,有适用观测的帧等权,00101,2,1,538,0.0018587360594795538,538,1
139,五位类别可见模式,全部,有适用观测的帧等权,00110,2,2,538,0.0037174721189591076,538,1
139,五位类别可见模式,全部,有适用观测的帧等权,00111,3,3,538,0.0055762081784386614,538,1
139,五位类别可见模式,全部,有适用观测的帧等权,01000,1,4,538,0.007434944237918215,538,1
139,五位类别可见模式,全部,有适用观测的帧等权,01001,2,1,538,0.0018587360594795538,538,1
139,五位类别可见模式,全部,有适用观测的帧等权,01010,2,1,538,0.0018587360594795538,538,1
139,五位类别可见模式,全部,有适用观测的帧等权,01011,3,0,538,0.0,538,1
139,五位类别可见模式,全部,有适用观测的帧等权,01100,2,1,538,0.0018587360594795538,538,1
139,五位类别可见模式,全部,有适用观测的帧等权,01101,3,1,538,0.0018587360594795538,538,1
139,五位类别可见模式,全部,有适用观测的帧等权,01110,3,1,538,0.0018587360594795538,538,1
139,五位类别可见模式,全部,有适用观测的帧等权,01111,4,5,538,0.00929368029739777,538,1
139,五位类别可见模式,全部,有适用观测的帧等权,10000,1,4,538,0.007434944237918215,538,1
139,五位类别可见模式,全部,有适用观测的帧等权,10001,2,2,538,0.0037174721189591076,538,1
139,五位类别可见模式,全部,有适用观测的帧等权,10010,2,0,538,0.0,538,1
139,五位类别可见模式,全部,有适用观测的帧等权,10011,3,3,538,0.0055762081784386614,538,1
139,五位类别可见模式,全部,有适用观测的帧等权,10100,2,2,538,0.0037174721189591076,538,1
139,五位类别可见模式,全部,有适用观测的帧等权,10101,3,0,538,0.0,538,1
139,五位类别可见模式,全部,有适用观测的帧等权,10110,3,0,538,0.0,538,1
139,五位类别可见模式,全部,有适用观测的帧等权,10111,4,3,538,0.0055762081784386614,538,1
139,五位类别可见模式,全部,有适用观测的帧等权,11000,2,2,538,0.0037174721189591076,538,1
139,五位类别可见模式,全部,有适用观测的帧等权,11001,3,2,538,0.0037174721189591076,538,1
139,五位类别可见模式,全部,有适用观测的帧等权,11010,3,1,538,0.0018587360594795538,538,1
139,五位类别可见模式,全部,有适用观测的帧等权,11011,4,3,538,0.0055762081784386614,538,1
139,五位类别可见模式,全部,有适用观测的帧等权,11100,3,3,538,0.0055762081784386614,538,1
139,五位类别可见模式,全部,有适用观测的帧等权,11101,4,3,538,0.0055762081784386614,538,1
139,五位类别可见模式,全部,有适用观测的帧等权,11110,4,5,538,0.00929368029739777,538,1
139,五位类别可见模式,全部,有适用观测的帧等权,11111,5,172,538,0.31970260223048325,538,1
139,五位类别可见模式：按位数汇总,全部,有适用观测的帧等权,合计0个扫描,0,300,538,0.5576208178438662,538,1
139,五位类别可见模式：按位数汇总,全部,有适用观测的帧等权,合计1个扫描,1,19,538,0.03531598513011152,538,1
139,五位类别可见模式：按位数汇总,全部,有适用观测的帧等权,合计2个扫描,2,14,538,0.026022304832713755,538,1
139,五位类别可见模式：按位数汇总,全部,有适用观测的帧等权,合计3个扫描,3,14,538,0.026022304832713755,538,1
139,五位类别可见模式：按位数汇总,全部,有适用观测的帧等权,合计4个扫描,4,19,538,0.03531598513011153,538,1
139,五位类别可见模式：按位数汇总,全部,有适用观测的帧等权,合计5个扫描,5,172,538,0.31970260223048325,538,1
139,五位类别可见模式,全部,统计单位等权,00000,0,300,538,0.5576208178438662,538,1
139,五位类别可见模式,全部,统计单位等权,00001,1,4,538,0.007434944237918215,538,1
139,五位类别可见模式,全部,统计单位等权,00010,1,4,538,0.007434944237918215,538,1
139,五位类别可见模式,全部,统计单位等权,00011,2,2,538,0.0037174721189591076,538,1
139,五位类别可见模式,全部,统计单位等权,00100,1,3,538,0.0055762081784386614,538,1
139,五位类别可见模式,全部,统计单位等权,00101,2,1,538,0.0018587360594795538,538,1
139,五位类别可见模式,全部,统计单位等权,00110,2,2,538,0.0037174721189591076,538,1
139,五位类别可见模式,全部,统计单位等权,00111,3,3,538,0.0055762081784386614,538,1
139,五位类别可见模式,全部,统计单位等权,01000,1,4,538,0.007434944237918215,538,1
139,五位类别可见模式,全部,统计单位等权,01001,2,1,538,0.0018587360594795538,538,1
139,五位类别可见模式,全部,统计单位等权,01010,2,1,538,0.0018587360594795538,538,1
139,五位类别可见模式,全部,统计单位等权,01011,3,0,538,0.0,538,1
139,五位类别可见模式,全部,统计单位等权,01100,2,1,538,0.0018587360594795538,538,1
139,五位类别可见模式,全部,统计单位等权,01101,3,1,538,0.0018587360594795538,538,1
139,五位类别可见模式,全部,统计单位等权,01110,3,1,538,0.0018587360594795538,538,1
139,五位类别可见模式,全部,统计单位等权,01111,4,5,538,0.00929368029739777,538,1
139,五位类别可见模式,全部,统计单位等权,10000,1,4,538,0.007434944237918215,538,1
139,五位类别可见模式,全部,统计单位等权,10001,2,2,538,0.0037174721189591076,538,1
139,五位类别可见模式,全部,统计单位等权,10010,2,0,538,0.0,538,1
139,五位类别可见模式,全部,统计单位等权,10011,3,3,538,0.0055762081784386614,538,1
139,五位类别可见模式,全部,统计单位等权,10100,2,2,538,0.0037174721189591076,538,1
139,五位类别可见模式,全部,统计单位等权,10101,3,0,538,0.0,538,1
139,五位类别可见模式,全部,统计单位等权,10110,3,0,538,0.0,538,1
139,五位类别可见模式,全部,统计单位等权,10111,4,3,538,0.0055762081784386614,538,1
139,五位类别可见模式,全部,统计单位等权,11000,2,2,538,0.0037174721189591076,538,1
139,五位类别可见模式,全部,统计单位等权,11001,3,2,538,0.0037174721189591076,538,1
139,五位类别可见模式,全部,统计单位等权,11010,3,1,538,0.0018587360594795538,538,1
139,五位类别可见模式,全部,统计单位等权,11011,4,3,538,0.0055762081784386614,538,1
139,五位类别可见模式,全部,统计单位等权,11100,3,3,538,0.0055762081784386614,538,1
139,五位类别可见模式,全部,统计单位等权,11101,4,3,538,0.0055762081784386614,538,1
139,五位类别可见模式,全部,统计单位等权,11110,4,5,538,0.00929368029739777,538,1
139,五位类别可见模式,全部,统计单位等权,11111,5,172,538,0.31970260223048325,538,1
139,五位类别可见模式：按位数汇总,全部,统计单位等权,合计0个扫描,0,300,538,0.5576208178438662,538,1
139,五位类别可见模式：按位数汇总,全部,统计单位等权,合计1个扫描,1,19,538,0.03531598513011152,538,1
139,五位类别可见模式：按位数汇总,全部,统计单位等权,合计2个扫描,2,14,538,0.026022304832713755,538,1
139,五位类别可见模式：按位数汇总,全部,统计单位等权,合计3个扫描,3,14,538,0.026022304832713755,538,1
139,五位类别可见模式：按位数汇总,全部,统计单位等权,合计4个扫描,4,19,538,0.03531598513011153,538,1
139,五位类别可见模式：按位数汇总,全部,统计单位等权,合计5个扫描,5,172,538,0.31970260223048325,538,1
139,扫描命中五位编码,全部,有适用观测的帧等权,00000,0,0,146340159,0.0,538,1
139,扫描命中五位编码,全部,有适用观测的帧等权,00001,1,21141477,146340159,0.14273151007783696,538,1
139,扫描命中五位编码,全部,有适用观测的帧等权,00010,1,19128511,146340159,0.12843691916555716,538,1
139,扫描命中五位编码,全部,有适用观测的帧等权,00011,2,3771383,146340159,0.026249368714861953,538,1
139,扫描命中五位编码,全部,有适用观测的帧等权,00100,1,18575151,146340159,0.12455409327626839,538,1
139,扫描命中五位编码,全部,有适用观测的帧等权,00101,2,2395154,146340159,0.016393758028834825,538,1
139,扫描命中五位编码,全部,有适用观测的帧等权,00110,2,2815165,146340159,0.019245609599432598,538,1
139,扫描命中五位编码,全部,有适用观测的帧等权,00111,3,1802894,146340159,0.012937188909639154,538,1
139,扫描命中五位编码,全部,有适用观测的帧等权,01000,1,18975945,146340159,0.12739643102445694,538,1
139,扫描命中五位编码,全部,有适用观测的帧等权,01001,2,1919381,146340159,0.01305243942009359,538,1
139,扫描命中五位编码,全部,有适用观测的帧等权,01010,2,2114064,146340159,0.014380737944439984,538,1
139,扫描命中五位编码,全部,有适用观测的帧等权,01011,3,1028197,146340159,0.007231605951806913,538,1
139,扫描命中五位编码,全部,有适用观测的帧等权,01100,2,2819955,146340159,0.019274149423973756,538,1
139,扫描命中五位编码,全部,有适用观测的帧等权,01101,3,918386,146340159,0.0063985853046056584,538,1
139,扫描命中五位编码,全部,有适用观测的帧等权,01110,3,1236746,146340159,0.008662494403868242,538,1
139,扫描命中五位编码,全部,有适用观测的帧等权,01111,4,1570114,146340159,0.011595067936070397,538,1
139,扫描命中五位编码,全部,有适用观测的帧等权,10000,1,20978902,146340159,0.14163340200608154,538,1
139,扫描命中五位编码,全部,有适用观测的帧等权,10001,2,1795038,146340159,0.012247172825954097,538,1
139,扫描命中五位编码,全部,有适用观测的帧等权,10010,2,1885216,146340159,0.01280618930925718,538,1
139,扫描命中五位编码,全部,有适用观测的帧等权,10011,3,854239,146340159,0.005986751291630415,538,1
139,扫描命中五位编码,全部,有适用观测的帧等权,10100,2,2352038,146340159,0.01606941006203243,538,1
139,扫描命中五位编码,全部,有适用观测的帧等权,10101,3,748793,146340159,0.005220853718751969,538,1
139,扫描命中五位编码,全部,有适用观测的帧等权,10110,3,922415,146340159,0.006420675266849432,538,1
139,扫描命中五位编码,全部,有适用观测的帧等权,10111,4,1004991,146340159,0.0073254783050590595,538,1
139,扫描命中五位编码,全部,有适用观测的帧等权,11000,2,3824444,146340159,0.026591465822795438,538,1
139,扫描命中五位编码,全部,有适用观测的帧等权,11001,3,825194,146340159,0.0057711252175068894,538,1
139,扫描命中五位编码,全部,有适用观测的帧等权,11010,3,990585,146340159,0.0069361185895120085,538,1
139,扫描命中五位编码,全部,有适用观测的帧等权,11011,4,899473,146340159,0.0065206082567742475,538,1
139,扫描命中五位编码,全部,有适用观测的帧等权,11100,3,1837563,146340159,0.01314746848608685,538,1
139,扫描命中五位编码,全部,有适用观测的帧等权,11101,4,977339,146340159,0.0071044783523879365,538,1
139,扫描命中五位编码,全部,有适用观测的帧等权,11110,4,1572288,146340159,0.011574478305653503,538,1
139,扫描命中五位编码,全部,有适用观测的帧等权,11111,5,4659118,146340159,0.036104365001920505,538,1
139,扫描命中五位编码：按位数汇总,全部,有适用观测的帧等权,合计0个扫描,0,0,146340159,0,538,1
139,扫描命中五位编码：按位数汇总,全部,有适用观测的帧等权,合计1个扫描,1,98799986,146340159,0.664752355550201,538,1
139,扫描命中五位编码：按位数汇总,全部,有适用观测的帧等权,合计2个扫描,2,25691838,146340159,0.17631030115167584,538,1
139,扫描命中五位编码：按位数汇总,全部,有适用观测的帧等权,合计3个扫描,3,11165012,146340159,0.07871286714025753,538,1
139,扫描命中五位编码：按位数汇总,全部,有适用观测的帧等权,合计4个扫描,4,6024205,146340159,0.04412011115594514,538,1
139,扫描命中五位编码：按位数汇总,全部,有适用观测的帧等权,合计5个扫描,5,4659118,146340159,0.036104365001920505,538,1
139,扫描命中五位编码,全部,统计单位等权,00000,0,0,146340159,0.0,538,1
139,扫描命中五位编码,全部,统计单位等权,00001,1,21141477,146340159,0.14446804721593887,538,1
139,扫描命中五位编码,全部,统计单位等权,00010,1,19128511,146340159,0.13071265694060097,538,1
139,扫描命中五位编码,全部,统计单位等权,00011,2,3771383,146340159,0.025771346879567076,538,1
139,扫描命中五位编码,全部,统计单位等权,00100,1,18575151,146340159,0.12693132990240907,538,1
139,扫描命中五位编码,全部,统计单位等权,00101,2,2395154,146340159,0.016367031554202424,538,1
139,扫描命中五位编码,全部,统计单位等权,00110,2,2815165,146340159,0.019237132303512122,538,1
139,扫描命中五位编码,全部,统计单位等权,00111,3,1802894,146340159,0.012319885479965893,538,1
139,扫描命中五位编码,全部,统计单位等权,01000,1,18975945,146340159,0.12967011331455502,538,1
139,扫描命中五位编码,全部,统计单位等权,01001,2,1919381,146340159,0.013115887075126112,538,1
139,扫描命中五位编码,全部,统计单位等权,01010,2,2114064,146340159,0.014446232766495764,538,1
139,扫描命中五位编码,全部,统计单位等权,01011,3,1028197,146340159,0.0070260754602569486,538,1
139,扫描命中五位编码,全部,统计单位等权,01100,2,2819955,146340159,0.0192698642619351,538,1
139,扫描命中五位编码,全部,统计单位等权,01101,3,918386,146340159,0.006275693605061615,538,1
139,扫描命中五位编码,全部,统计单位等权,01110,3,1236746,146340159,0.008451172996197168,538,1
139,扫描命中五位编码,全部,统计单位等权,01111,4,1570114,146340159,0.010729207968128558,538,1
139,扫描命中五位编码,全部,统计单位等权,10000,1,20978902,146340159,0.1433571081469168,538,1
139,扫描命中五位编码,全部,统计单位等权,10001,2,1795038,146340159,0.012266202334794512,538,1
139,扫描命中五位编码,全部,统计单位等权,10010,2,1885216,146340159,0.01288242416082109,538,1
139,扫描命中五位编码,全部,统计单位等权,10011,3,854239,146340159,0.005837351864569179,538,1
139,扫描命中五位编码,全部,统计单位等权,10100,2,2352038,146340159,0.016072402928030166,538,1
139,扫描命中五位编码,全部,统计单位等权,10101,3,748793,146340159,0.005116797775243636,538,1
139,扫描命中五位编码,全部,统计单位等权,10110,3,922415,146340159,0.006303225350465828,538,1
139,扫描命中五位编码,全部,统计单位等权,10111,4,1004991,146340159,0.006867499713458696,538,1
139,扫描命中五位编码,全部,统计单位等权,11000,2,3824444,146340159,0.026133933611483914,538,1
139,扫描命中五位编码,全部,统计单位等权,11001,3,825194,146340159,0.005638875928787258,538,1
139,扫描命中五位编码,全部,统计单位等权,11010,3,990585,146340159,0.006769057835997021,538,1
139,扫描命中五位编码,全部,统计单位等权,11011,4,899473,146340159,0.006146453619747673,538,1
139,扫描命中五位编码,全部,统计单位等权,11100,3,1837563,146340159,0.01255679242496928,538,1
139,扫描命中五位编码,全部,统计单位等权,11101,4,977339,146340159,0.006678542695856987,538,1
139,扫描命中五位编码,全部,统计单位等权,11110,4,1572288,146340159,0.010744063767212389,538,1
139,扫描命中五位编码,全部,统计单位等权,11111,5,4659118,146340159,0.03183759011769285,538,1
139,扫描命中五位编码：按位数汇总,全部,统计单位等权,合计0个扫描,0,0,146340159,0,538,1
139,扫描命中五位编码：按位数汇总,全部,统计单位等权,合计1个扫描,1,98799986,146340159,0.6751392555204208,538,1
139,扫描命中五位编码：按位数汇总,全部,统计单位等权,合计2个扫描,2,25691838,146340159,0.17556245787596828,538,1
139,扫描命中五位编码：按位数汇总,全部,统计单位等权,合计3个扫描,3,11165012,146340159,0.07629492872151382,538,1
139,扫描命中五位编码：按位数汇总,全部,统计单位等权,合计4个扫描,4,6024205,146340159,0.0411657677644043,538,1
139,扫描命中五位编码：按位数汇总,全部,统计单位等权,合计5个扫描,5,4659118,146340159,0.03183759011769285,538,1
139,扫描命中五位编码,当前异常占据体素,有适用观测的帧等权,00000,0,0,2606,0.0,205,1
139,扫描命中五位编码,当前异常占据体素,有适用观测的帧等权,00001,1,1051,2606,0.7299429386601218,205,1
139,扫描命中五位编码,当前异常占据体素,有适用观测的帧等权,00010,1,0,2606,0.0,205,1
139,扫描命中五位编码,当前异常占据体素,有适用观测的帧等权,00011,2,188,2606,0.048551885001312724,205,1
139,扫描命中五位编码,当前异常占据体素,有适用观测的帧等权,00100,1,0,2606,0.0,205,1
139,扫描命中五位编码,当前异常占据体素,有适用观测的帧等权,00101,2,144,2606,0.04010293725733538,205,1
139,扫描命中五位编码,当前异常占据体素,有适用观测的帧等权,00110,2,0,2606,0.0,205,1
139,扫描命中五位编码,当前异常占据体素,有适用观测的帧等权,00111,3,106,2606,0.014524993909116744,205,1
139,扫描命中五位编码,当前异常占据体素,有适用观测的帧等权,01000,1,0,2606,0.0,205,1
139,扫描命中五位编码,当前异常占据体素,有适用观测的帧等权,01001,2,111,2606,0.02459168261317509,205,1
139,扫描命中五位编码,当前异常占据体素,有适用观测的帧等权,01010,2,0,2606,0.0,205,1
139,扫描命中五位编码,当前异常占据体素,有适用观测的帧等权,01011,3,76,2606,0.01091427269746447,205,1
139,扫描命中五位编码,当前异常占据体素,有适用观测的帧等权,01100,2,0,2606,0.0,205,1
139,扫描命中五位编码,当前异常占据体素,有适用观测的帧等权,01101,3,79,2606,0.01302446054954467,205,1
139,扫描命中五位编码,当前异常占据体素,有适用观测的帧等权,01110,3,0,2606,0.0,205,1
139,扫描命中五位编码,当前异常占据体素,有适用观测的帧等权,01111,4,96,2606,0.008680506124738049,205,1
139,扫描命中五位编码,当前异常占据体素,有适用观测的帧等权,10000,1,0,2606,0.0,205,1
139,扫描命中五位编码,当前异常占据体素,有适用观测的帧等权,10001,2,113,2606,0.036290060520331895,205,1
139,扫描命中五位编码,当前异常占据体素,有适用观测的帧等权,10010,2,0,2606,0.0,205,1
139,扫描命中五位编码,当前异常占据体素,有适用观测的帧等权,10011,3,50,2606,0.008105308741327425,205,1
139,扫描命中五位编码,当前异常占据体素,有适用观测的帧等权,10100,2,0,2606,0.0,205,1
139,扫描命中五位编码,当前异常占据体素,有适用观测的帧等权,10101,3,66,2606,0.012683858272155589,205,1
139,扫描命中五位编码,当前异常占据体素,有适用观测的帧等权,10110,3,0,2606,0.0,205,1
139,扫描命中五位编码,当前异常占据体素,有适用观测的帧等权,10111,4,74,2606,0.00899150174374561,205,1
139,扫描命中五位编码,当前异常占据体素,有适用观测的帧等权,11000,2,0,2606,0.0,205,1
139,扫描命中五位编码,当前异常占据体素,有适用观测的帧等权,11001,3,58,2606,0.009085075657305621,205,1
139,扫描命中五位编码,当前异常占据体素,有适用观测的帧等权,11010,3,0,2606,0.0,205,1
139,扫描命中五位编码,当前异常占据体素,有适用观测的帧等权,11011,4,58,2606,0.006108709265775184,205,1
139,扫描命中五位编码,当前异常占据体素,有适用观测的帧等权,11100,3,0,2606,0.0,205,1
139,扫描命中五位编码,当前异常占据体素,有适用观测的帧等权,11101,4,70,2606,0.007046481129505685,205,1
139,扫描命中五位编码,当前异常占据体素,有适用观测的帧等权,11110,4,0,2606,0.0,205,1
139,扫描命中五位编码,当前异常占据体素,有适用观测的帧等权,11111,5,266,2606,0.02135532785704393,205,1
139,扫描命中五位编码：按位数汇总,当前异常占据体素,有适用观测的帧等权,合计0个扫描,0,0,2606,0,205,1
139,扫描命中五位编码：按位数汇总,当前异常占据体素,有适用观测的帧等权,合计1个扫描,1,1051,2606,0.7299429386601218,205,1
139,扫描命中五位编码：按位数汇总,当前异常占据体素,有适用观测的帧等权,合计2个扫描,2,556,2606,0.1495365653921551,205,1
139,扫描命中五位编码：按位数汇总,当前异常占据体素,有适用观测的帧等权,合计3个扫描,3,435,2606,0.06833796982691452,205,1
139,扫描命中五位编码：按位数汇总,当前异常占据体素,有适用观测的帧等权,合计4个扫描,4,298,2606,0.030827198263764528,205,1
139,扫描命中五位编码：按位数汇总,当前异常占据体素,有适用观测的帧等权,合计5个扫描,5,266,2606,0.02135532785704393,205,1
139,扫描命中五位编码,当前异常占据体素,统计单位等权,00000,0,0,2606,0.0,205,1
139,扫描命中五位编码,当前异常占据体素,统计单位等权,00001,1,1051,2606,0.40330007674597085,205,1
139,扫描命中五位编码,当前异常占据体素,统计单位等权,00010,1,0,2606,0.0,205,1
139,扫描命中五位编码,当前异常占据体素,统计单位等权,00011,2,188,2606,0.07214121258633922,205,1
139,扫描命中五位编码,当前异常占据体素,统计单位等权,00100,1,0,2606,0.0,205,1
139,扫描命中五位编码,当前异常占据体素,统计单位等权,00101,2,144,2606,0.05525709900230238,205,1
139,扫描命中五位编码,当前异常占据体素,统计单位等权,00110,2,0,2606,0.0,205,1
139,扫描命中五位编码,当前异常占据体素,统计单位等权,00111,3,106,2606,0.04067536454336147,205,1
139,扫描命中五位编码,当前异常占据体素,统计单位等权,01000,1,0,2606,0.0,205,1
139,扫描命中五位编码,当前异常占据体素,统计单位等权,01001,2,111,2606,0.04259401381427475,205,1
139,扫描命中五位编码,当前异常占据体素,统计单位等权,01010,2,0,2606,0.0,205,1
139,扫描命中五位编码,当前异常占据体素,统计单位等权,01011,3,76,2606,0.02916346891788181,205,1
139,扫描命中五位编码,当前异常占据体素,统计单位等权,01100,2,0,2606,0.0,205,1
139,扫描命中五位编码,当前异常占据体素,统计单位等权,01101,3,79,2606,0.030314658480429777,205,1
139,扫描命中五位编码,当前异常占据体素,统计单位等权,01110,3,0,2606,0.0,205,1
139,扫描命中五位编码,当前异常占据体素,统计单位等权,01111,4,96,2606,0.03683806600153492,205,1
139,扫描命中五位编码,当前异常占据体素,统计单位等权,10000,1,0,2606,0.0,205,1
139,扫描命中五位编码,当前异常占据体素,统计单位等权,10001,2,113,2606,0.04336147352264006,205,1
139,扫描命中五位编码,当前异常占据体素,统计单位等权,10010,2,0,2606,0.0,205,1
139,扫描命中五位编码,当前异常占据体素,统计单位等权,10011,3,50,2606,0.01918649270913277,205,1
139,扫描命中五位编码,当前异常占据体素,统计单位等权,10100,2,0,2606,0.0,205,1
139,扫描命中五位编码,当前异常占据体素,统计单位等权,10101,3,66,2606,0.02532617037605526,205,1
139,扫描命中五位编码,当前异常占据体素,统计单位等权,10110,3,0,2606,0.0,205,1
139,扫描命中五位编码,当前异常占据体素,统计单位等权,10111,4,74,2606,0.0283960092095165,205,1
139,扫描命中五位编码,当前异常占据体素,统计单位等权,11000,2,0,2606,0.0,205,1
139,扫描命中五位编码,当前异常占据体素,统计单位等权,11001,3,58,2606,0.022256331542594012,205,1
139,扫描命中五位编码,当前异常占据体素,统计单位等权,11010,3,0,2606,0.0,205,1
139,扫描命中五位编码,当前异常占据体素,统计单位等权,11011,4,58,2606,0.022256331542594012,205,1
139,扫描命中五位编码,当前异常占据体素,统计单位等权,11100,3,0,2606,0.0,205,1
139,扫描命中五位编码,当前异常占据体素,统计单位等权,11101,4,70,2606,0.02686108979278588,205,1
139,扫描命中五位编码,当前异常占据体素,统计单位等权,11110,4,0,2606,0.0,205,1
139,扫描命中五位编码,当前异常占据体素,统计单位等权,11111,5,266,2606,0.10207214121258634,205,1
139,扫描命中五位编码：按位数汇总,当前异常占据体素,统计单位等权,合计0个扫描,0,0,2606,0,205,1
139,扫描命中五位编码：按位数汇总,当前异常占据体素,统计单位等权,合计1个扫描,1,1051,2606,0.40330007674597085,205,1
139,扫描命中五位编码：按位数汇总,当前异常占据体素,统计单位等权,合计2个扫描,2,556,2606,0.21335379892555642,205,1
139,扫描命中五位编码：按位数汇总,当前异常占据体素,统计单位等权,合计3个扫描,3,435,2606,0.1669224865694551,205,1
139,扫描命中五位编码：按位数汇总,当前异常占据体素,统计单位等权,合计4个扫描,4,298,2606,0.11435149654643131,205,1
139,扫描命中五位编码：按位数汇总,当前异常占据体素,统计单位等权,合计5个扫描,5,266,2606,0.10207214121258634,205,1
140,五位类别可见模式,全部,有适用观测的帧等权,00000,0,254,477,0.5324947589098532,477,1
140,五位类别可见模式,全部,有适用观测的帧等权,00001,1,6,477,0.012578616352201259,477,1
140,五位类别可见模式,全部,有适用观测的帧等权,00010,1,4,477,0.008385744234800839,477,1
140,五位类别可见模式,全部,有适用观测的帧等权,00011,2,4,477,0.008385744234800839,477,1
140,五位类别可见模式,全部,有适用观测的帧等权,00100,1,3,477,0.006289308176100629,477,1
140,五位类别可见模式,全部,有适用观测的帧等权,00101,2,3,477,0.006289308176100629,477,1
140,五位类别可见模式,全部,有适用观测的帧等权,00110,2,2,477,0.0041928721174004195,477,1
140,五位类别可见模式,全部,有适用观测的帧等权,00111,3,3,477,0.006289308176100629,477,1
140,五位类别可见模式,全部,有适用观测的帧等权,01000,1,4,477,0.008385744234800839,477,1
140,五位类别可见模式,全部,有适用观测的帧等权,01001,2,1,477,0.0020964360587002098,477,1
140,五位类别可见模式,全部,有适用观测的帧等权,01010,2,3,477,0.006289308176100629,477,1
140,五位类别可见模式,全部,有适用观测的帧等权,01011,3,2,477,0.0041928721174004195,477,1
140,五位类别可见模式,全部,有适用观测的帧等权,01100,2,3,477,0.006289308176100629,477,1
140,五位类别可见模式,全部,有适用观测的帧等权,01101,3,2,477,0.0041928721174004195,477,1
140,五位类别可见模式,全部,有适用观测的帧等权,01110,3,0,477,0.0,477,1
140,五位类别可见模式,全部,有适用观测的帧等权,01111,4,7,477,0.014675052410901468,477,1
140,五位类别可见模式,全部,有适用观测的帧等权,10000,1,6,477,0.012578616352201259,477,1
140,五位类别可见模式,全部,有适用观测的帧等权,10001,2,2,477,0.0041928721174004195,477,1
140,五位类别可见模式,全部,有适用观测的帧等权,10010,2,2,477,0.0041928721174004195,477,1
140,五位类别可见模式,全部,有适用观测的帧等权,10011,3,1,477,0.0020964360587002098,477,1
140,五位类别可见模式,全部,有适用观测的帧等权,10100,2,2,477,0.0041928721174004195,477,1
140,五位类别可见模式,全部,有适用观测的帧等权,10101,3,2,477,0.0041928721174004195,477,1
140,五位类别可见模式,全部,有适用观测的帧等权,10110,3,3,477,0.006289308176100629,477,1
140,五位类别可见模式,全部,有适用观测的帧等权,10111,4,4,477,0.008385744234800839,477,1
140,五位类别可见模式,全部,有适用观测的帧等权,11000,2,4,477,0.008385744234800839,477,1
140,五位类别可见模式,全部,有适用观测的帧等权,11001,3,2,477,0.0041928721174004195,477,1
140,五位类别可见模式,全部,有适用观测的帧等权,11010,3,1,477,0.0020964360587002098,477,1
140,五位类别可见模式,全部,有适用观测的帧等权,11011,4,5,477,0.010482180293501049,477,1
140,五位类别可见模式,全部,有适用观测的帧等权,11100,3,3,477,0.006289308176100629,477,1
140,五位类别可见模式,全部,有适用观测的帧等权,11101,4,4,477,0.008385744234800839,477,1
140,五位类别可见模式,全部,有适用观测的帧等权,11110,4,7,477,0.014675052410901468,477,1
140,五位类别可见模式,全部,有适用观测的帧等权,11111,5,128,477,0.26834381551362685,477,1
140,五位类别可见模式：按位数汇总,全部,有适用观测的帧等权,合计0个扫描,0,254,477,0.5324947589098532,477,1
140,五位类别可见模式：按位数汇总,全部,有适用观测的帧等权,合计1个扫描,1,23,477,0.04821802935010482,477,1
140,五位类别可见模式：按位数汇总,全部,有适用观测的帧等权,合计2个扫描,2,26,477,0.05450733752620546,477,1
140,五位类别可见模式：按位数汇总,全部,有适用观测的帧等权,合计3个扫描,3,19,477,0.039832285115303984,477,1
140,五位类别可见模式：按位数汇总,全部,有适用观测的帧等权,合计4个扫描,4,27,477,0.05660377358490566,477,1
140,五位类别可见模式：按位数汇总,全部,有适用观测的帧等权,合计5个扫描,5,128,477,0.26834381551362685,477,1
140,五位类别可见模式,全部,统计单位等权,00000,0,254,477,0.5324947589098532,477,1
140,五位类别可见模式,全部,统计单位等权,00001,1,6,477,0.012578616352201259,477,1
140,五位类别可见模式,全部,统计单位等权,00010,1,4,477,0.008385744234800839,477,1
140,五位类别可见模式,全部,统计单位等权,00011,2,4,477,0.008385744234800839,477,1
140,五位类别可见模式,全部,统计单位等权,00100,1,3,477,0.006289308176100629,477,1
140,五位类别可见模式,全部,统计单位等权,00101,2,3,477,0.006289308176100629,477,1
140,五位类别可见模式,全部,统计单位等权,00110,2,2,477,0.0041928721174004195,477,1
140,五位类别可见模式,全部,统计单位等权,00111,3,3,477,0.006289308176100629,477,1
140,五位类别可见模式,全部,统计单位等权,01000,1,4,477,0.008385744234800839,477,1
140,五位类别可见模式,全部,统计单位等权,01001,2,1,477,0.0020964360587002098,477,1
140,五位类别可见模式,全部,统计单位等权,01010,2,3,477,0.006289308176100629,477,1
140,五位类别可见模式,全部,统计单位等权,01011,3,2,477,0.0041928721174004195,477,1
140,五位类别可见模式,全部,统计单位等权,01100,2,3,477,0.006289308176100629,477,1
140,五位类别可见模式,全部,统计单位等权,01101,3,2,477,0.0041928721174004195,477,1
140,五位类别可见模式,全部,统计单位等权,01110,3,0,477,0.0,477,1
140,五位类别可见模式,全部,统计单位等权,01111,4,7,477,0.014675052410901468,477,1
140,五位类别可见模式,全部,统计单位等权,10000,1,6,477,0.012578616352201259,477,1
140,五位类别可见模式,全部,统计单位等权,10001,2,2,477,0.0041928721174004195,477,1
140,五位类别可见模式,全部,统计单位等权,10010,2,2,477,0.0041928721174004195,477,1
140,五位类别可见模式,全部,统计单位等权,10011,3,1,477,0.0020964360587002098,477,1
140,五位类别可见模式,全部,统计单位等权,10100,2,2,477,0.0041928721174004195,477,1
140,五位类别可见模式,全部,统计单位等权,10101,3,2,477,0.0041928721174004195,477,1
140,五位类别可见模式,全部,统计单位等权,10110,3,3,477,0.006289308176100629,477,1
140,五位类别可见模式,全部,统计单位等权,10111,4,4,477,0.008385744234800839,477,1
140,五位类别可见模式,全部,统计单位等权,11000,2,4,477,0.008385744234800839,477,1
140,五位类别可见模式,全部,统计单位等权,11001,3,2,477,0.0041928721174004195,477,1
140,五位类别可见模式,全部,统计单位等权,11010,3,1,477,0.0020964360587002098,477,1
140,五位类别可见模式,全部,统计单位等权,11011,4,5,477,0.010482180293501049,477,1
140,五位类别可见模式,全部,统计单位等权,11100,3,3,477,0.006289308176100629,477,1
140,五位类别可见模式,全部,统计单位等权,11101,4,4,477,0.008385744234800839,477,1
140,五位类别可见模式,全部,统计单位等权,11110,4,7,477,0.014675052410901468,477,1
140,五位类别可见模式,全部,统计单位等权,11111,5,128,477,0.26834381551362685,477,1
140,五位类别可见模式：按位数汇总,全部,统计单位等权,合计0个扫描,0,254,477,0.5324947589098532,477,1
140,五位类别可见模式：按位数汇总,全部,统计单位等权,合计1个扫描,1,23,477,0.04821802935010482,477,1
140,五位类别可见模式：按位数汇总,全部,统计单位等权,合计2个扫描,2,26,477,0.05450733752620546,477,1
140,五位类别可见模式：按位数汇总,全部,统计单位等权,合计3个扫描,3,19,477,0.039832285115303984,477,1
140,五位类别可见模式：按位数汇总,全部,统计单位等权,合计4个扫描,4,27,477,0.05660377358490566,477,1
140,五位类别可见模式：按位数汇总,全部,统计单位等权,合计5个扫描,5,128,477,0.26834381551362685,477,1
140,扫描命中五位编码,全部,有适用观测的帧等权,00000,0,0,131989218,0.0,477,1
140,扫描命中五位编码,全部,有适用观测的帧等权,00001,1,19253451,131989218,0.1439707173980198,477,1
140,扫描命中五位编码,全部,有适用观测的帧等权,00010,1,17368377,131989218,0.1293441853449504,477,1
140,扫描命中五位编码,全部,有适用观测的帧等权,00011,2,3440771,131989218,0.02648849165157424,477,1
140,扫描命中五位编码,全部,有适用观测的帧等权,00100,1,16873021,131989218,0.12559440387156487,477,1
140,扫描命中五位编码,全部,有适用观测的帧等权,00101,2,2138877,131989218,0.01626394131366318,477,1
140,扫描命中五位编码,全部,有适用观测的帧等权,00110,2,2560822,131989218,0.019437186637644713,477,1
140,扫描命中五位编码,全部,有适用观测的帧等权,00111,3,1622322,131989218,0.012857675684977928,477,1
140,扫描命中五位编码,全部,有适用观测的帧等权,01000,1,17227977,131989218,0.1283004385108014,477,1
140,扫描命中五位编码,全部,有适用观测的帧等权,01001,2,1707859,131989218,0.01298904503222467,477,1
140,扫描命中五位编码,全部,有适用观测的帧等权,01010,2,1860375,131989218,0.014065474472581722,477,1
140,扫描命中五位编码,全部,有适用观测的帧等权,01011,3,897751,131989218,0.007025950226619616,477,1
140,扫描命中五位编码,全部,有适用观测的帧等权,01100,2,2569008,131989218,0.019493471089433875,477,1
140,扫描命中五位编码,全部,有适用观测的帧等权,01101,3,810377,131989218,0.0063140667736894494,477,1
140,扫描命中五位编码,全部,有适用观测的帧等权,01110,3,1098834,131989218,0.008536454438352914,477,1
140,扫描命中五位编码,全部,有适用观测的帧等权,01111,4,1376605,131989218,0.011244305625566118,477,1
140,扫描命中五位编码,全部,有适用观测的帧等权,10000,1,19106888,131989218,0.14292541526267702,477,1
140,扫描命中五位编码,全部,有适用观测的帧等权,10001,2,1578850,131989218,0.012033146442652711,477,1
140,扫描命中五位编码,全部,有适用观测的帧等权,10010,2,1678864,131989218,0.01275623244088032,477,1
140,扫描命中五位编码,全部,有适用观测的帧等权,10011,3,754233,131989218,0.0059094047215406675,477,1
140,扫描命中五位编码,全部,有适用观测的帧等权,10100,2,2094997,131989218,0.01590174436826209,477,1
140,扫描命中五位编码,全部,有适用观测的帧等权,10101,3,627980,131989218,0.004889869655331627,477,1
140,扫描命中五位编码,全部,有适用观测的帧等权,10110,3,813791,131989218,0.006319284506975677,477,1
140,扫描命中五位编码,全部,有适用观测的帧等权,10111,4,854048,131989218,0.006944138556484075,477,1
140,扫描命中五位编码,全部,有适用观测的帧等权,11000,2,3490740,131989218,0.026819734466307022,477,1
140,扫描命中五位编码,全部,有适用观测的帧等权,11001,3,728760,131989218,0.005703316240262741,477,1
140,扫描命中五位编码,全部,有适用观测的帧等权,11010,3,866292,131989218,0.006754961431951888,477,1
140,扫描命中五位编码,全部,有适用观测的帧等权,11011,4,769928,131989218,0.006245211780735773,477,1
140,扫描命中五位编码,全部,有适用观测的帧等权,11100,3,1658815,131989218,0.013091928781772701,477,1
140,扫描命中五位编码,全部,有适用观测的帧等权,11101,4,827934,131989218,0.006712033585104421,477,1
140,扫描命中五位编码,全部,有适用观测的帧等权,11110,4,1377885,131989218,0.01119951601041809,477,1
140,扫描命中五位编码,全部,有适用观测的帧等权,11111,5,3952786,131989218,0.0338682536769781,477,1
140,扫描命中五位编码：按位数汇总,全部,有适用观测的帧等权,合计0个扫描,0,0,131989218,0,477,1
140,扫描命中五位编码：按位数汇总,全部,有适用观测的帧等权,合计1个扫描,1,89829714,131989218,0.6701351603880135,477,1
140,扫描命中五位编码：按位数汇总,全部,有适用观测的帧等权,合计2个扫描,2,23121163,131989218,0.17624846791522453,477,1
140,扫描命中五位编码：按位数汇总,全部,有适用观测的帧等权,合计3个扫描,3,9879155,131989218,0.07740291246147521,477,1
140,扫描命中五位编码：按位数汇总,全部,有适用观测的帧等权,合计4个扫描,4,5206400,131989218,0.04234520555830848,477,1
140,扫描命中五位编码：按位数汇总,全部,有适用观测的帧等权,合计5个扫描,5,3952786,131989218,0.0338682536769781,477,1
140,扫描命中五位编码,全部,统计单位等权,00000,0,0,131989218,0.0,477,1
140,扫描命中五位编码,全部,统计单位等权,00001,1,19253451,131989218,0.14587139231327215,477,1
140,扫描命中五位编码,全部,统计单位等权,00010,1,17368377,131989218,0.13158936209471292,477,1
140,扫描命中五位编码,全部,统计单位等权,00011,2,3440771,131989218,0.026068576298406435,477,1
140,扫描命中五位编码,全部,统计单位等权,00100,1,16873021,131989218,0.12783635857286463,477,1
140,扫描命中五位编码,全部,统计单位等权,00101,2,2138877,131989218,0.016204937285104606,477,1
140,扫描命中五位编码,全部,统计单位等权,00110,2,2560822,131989218,0.019401751436999952,477,1
140,扫描命中五位编码,全部,统计单位等权,00111,3,1622322,131989218,0.012291322159360017,477,1
140,扫描命中五位编码,全部,统计单位等权,01000,1,17227977,131989218,0.1305256388442274,477,1
140,扫描命中五位编码,全部,统计单位等权,01001,2,1707859,131989218,0.012939382669878383,477,1
140,扫描命中五位编码,全部,统计单位等权,01010,2,1860375,131989218,0.014094901297165046,477,1
140,扫描命中五位编码,全部,统计单位等权,01011,3,897751,131989218,0.006801699514577016,477,1
140,扫描命中五位编码,全部,统计单位等权,01100,2,2569008,131989218,0.01946377165443923,477,1
140,扫描命中五位编码,全部,统计单位等权,01101,3,810377,131989218,0.006139721200560488,477,1
140,扫描命中五位编码,全部,统计单位等权,01110,3,1098834,131989218,0.008325180015840384,477,1
140,扫描命中五位编码,全部,统计单位等权,01111,4,1376605,131989218,0.010429677672611107,477,1
140,扫描命中五位编码,全部,统计单位等权,10000,1,19106888,131989218,0.1447609758548611,477,1
140,扫描命中五位编码,全部,统计单位等权,10001,2,1578850,131989218,0.011961961923283764,477,1
140,扫描命中五位编码,全部,统计单位等权,10010,2,1678864,131989218,0.0127197056353497,477,1
140,扫描命中五位编码,全部,统计单位等权,10011,3,754233,131989218,0.005714353122389134,477,1
140,扫描命中五位编码,全部,统计单位等权,10100,2,2094997,131989218,0.015872485887445744,477,1
140,扫描命中五位编码,全部,统计单位等权,10101,3,627980,131989218,0.00475781286922997,477,1
140,扫描命中五位编码,全部,统计单位等权,10110,3,813791,131989218,0.006165586949685542,477,1
140,扫描命中五位编码,全部,统计单位等权,10111,4,854048,131989218,0.006470589135545905,477,1
140,扫描命中五位编码,全部,统计单位等权,11000,2,3490740,131989218,0.02644716025213514,477,1
140,扫描命中五位编码,全部,统计单位等权,11001,3,728760,131989218,0.005521360085639722,477,1
140,扫描命中五位编码,全部,统计单位等权,11010,3,866292,131989218,0.00656335428852984,477,1
140,扫描命中五位编码,全部,统计单位等权,11011,4,769928,131989218,0.005833264350425957,477,1
140,扫描命中五位编码,全部,统计单位等权,11100,3,1658815,131989218,0.01256780686434554,477,1
140,扫描命中五位编码,全部,统计单位等权,11101,4,827934,131989218,0.006272739641506172,477,1
140,扫描命中五位编码,全部,统计单位等权,11110,4,1377885,131989218,0.010439375434438895,477,1
140,扫描命中五位编码,全部,统计单位等权,11111,5,3952786,131989218,0.029947794675168088,477,1
140,扫描命中五位编码：按位数汇总,全部,统计单位等权,合计0个扫描,0,0,131989218,0,477,1
140,扫描命中五位编码：按位数汇总,全部,统计单位等权,合计1个扫描,1,89829714,131989218,0.6805837276799382,477,1
140,扫描命中五位编码：按位数汇总,全部,统计单位等权,合计2个扫描,2,23121163,131989218,0.175174634340208,477,1
140,扫描命中五位编码：按位数汇总,全部,统计单位等权,合计3个扫描,3,9879155,131989218,0.07484819707015765,477,1
140,扫描命中五位编码：按位数汇总,全部,统计单位等权,合计4个扫描,4,5206400,131989218,0.03944564623452804,477,1
140,扫描命中五位编码：按位数汇总,全部,统计单位等权,合计5个扫描,5,3952786,131989218,0.029947794675168088,477,1
140,扫描命中五位编码,当前异常占据体素,有适用观测的帧等权,00000,0,0,1486,0.0,176,1
140,扫描命中五位编码,当前异常占据体素,有适用观测的帧等权,00001,1,709,1486,0.775649085718418,176,1
140,扫描命中五位编码,当前异常占据体素,有适用观测的帧等权,00010,1,0,1486,0.0,176,1
140,扫描命中五位编码,当前异常占据体素,有适用观测的帧等权,00011,2,108,1486,0.04021802224546614,176,1
140,扫描命中五位编码,当前异常占据体素,有适用观测的帧等权,00100,1,0,1486,0.0,176,1
140,扫描命中五位编码,当前异常占据体素,有适用观测的帧等权,00101,2,71,1486,0.02264265983233759,176,1
140,扫描命中五位编码,当前异常占据体素,有适用观测的帧等权,00110,2,0,1486,0.0,176,1
140,扫描命中五位编码,当前异常占据体素,有适用观测的帧等权,00111,3,75,1486,0.017835446219856367,176,1
140,扫描命中五位编码,当前异常占据体素,有适用观测的帧等权,01000,1,0,1486,0.0,176,1
140,扫描命中五位编码,当前异常占据体素,有适用观测的帧等权,01001,2,64,1486,0.023910138674169138,176,1
140,扫描命中五位编码,当前异常占据体素,有适用观测的帧等权,01010,2,0,1486,0.0,176,1
140,扫描命中五位编码,当前异常占据体素,有适用观测的帧等权,01011,3,40,1486,0.009772995515347927,176,1
140,扫描命中五位编码,当前异常占据体素,有适用观测的帧等权,01100,2,0,1486,0.0,176,1
140,扫描命中五位编码,当前异常占据体素,有适用观测的帧等权,01101,3,24,1486,0.005778797295319425,176,1
140,扫描命中五位编码,当前异常占据体素,有适用观测的帧等权,01110,3,0,1486,0.0,176,1
140,扫描命中五位编码,当前异常占据体素,有适用观测的帧等权,01111,4,60,1486,0.011615644845974884,176,1
140,扫描命中五位编码,当前异常占据体素,有适用观测的帧等权,10000,1,0,1486,0.0,176,1
140,扫描命中五位编码,当前异常占据体素,有适用观测的帧等权,10001,2,52,1486,0.028635297986671016,176,1
140,扫描命中五位编码,当前异常占据体素,有适用观测的帧等权,10010,2,0,1486,0.0,176,1
140,扫描命中五位编码,当前异常占据体素,有适用观测的帧等权,10011,3,23,1486,0.009307235122324606,176,1
140,扫描命中五位编码,当前异常占据体素,有适用观测的帧等权,10100,2,0,1486,0.0,176,1
140,扫描命中五位编码,当前异常占据体素,有适用观测的帧等权,10101,3,28,1486,0.009370433706931915,176,1
140,扫描命中五位编码,当前异常占据体素,有适用观测的帧等权,10110,3,0,1486,0.0,176,1
140,扫描命中五位编码,当前异常占据体素,有适用观测的帧等权,10111,4,33,1486,0.005524269084711875,176,1
140,扫描命中五位编码,当前异常占据体素,有适用观测的帧等权,11000,2,0,1486,0.0,176,1
140,扫描命中五位编码,当前异常占据体素,有适用观测的帧等权,11001,3,23,1486,0.006479121230519698,176,1
140,扫描命中五位编码,当前异常占据体素,有适用观测的帧等权,11010,3,0,1486,0.0,176,1
140,扫描命中五位编码,当前异常占据体素,有适用观测的帧等权,11011,4,32,1486,0.007482579206457826,176,1
140,扫描命中五位编码,当前异常占据体素,有适用观测的帧等权,11100,3,0,1486,0.0,176,1
140,扫描命中五位编码,当前异常占据体素,有适用观测的帧等权,11101,4,36,1486,0.00807178085248554,176,1
140,扫描命中五位编码,当前异常占据体素,有适用观测的帧等权,11110,4,0,1486,0.0,176,1
140,扫描命中五位编码,当前异常占据体素,有适用观测的帧等权,11111,5,108,1486,0.017706492463008174,176,1
140,扫描命中五位编码：按位数汇总,当前异常占据体素,有适用观测的帧等权,合计0个扫描,0,0,1486,0,176,1
140,扫描命中五位编码：按位数汇总,当前异常占据体素,有适用观测的帧等权,合计1个扫描,1,709,1486,0.775649085718418,176,1
140,扫描命中五位编码：按位数汇总,当前异常占据体素,有适用观测的帧等权,合计2个扫描,2,295,1486,0.11540611873864388,176,1
140,扫描命中五位编码：按位数汇总,当前异常占据体素,有适用观测的帧等权,合计3个扫描,3,213,1486,0.05854402909029994,176,1
140,扫描命中五位编码：按位数汇总,当前异常占据体素,有适用观测的帧等权,合计4个扫描,4,161,1486,0.032694273989630124,176,1
140,扫描命中五位编码：按位数汇总,当前异常占据体素,有适用观测的帧等权,合计5个扫描,5,108,1486,0.017706492463008174,176,1
140,扫描命中五位编码,当前异常占据体素,统计单位等权,00000,0,0,1486,0.0,176,1
140,扫描命中五位编码,当前异常占据体素,统计单位等权,00001,1,709,1486,0.4771197846567968,176,1
140,扫描命中五位编码,当前异常占据体素,统计单位等权,00010,1,0,1486,0.0,176,1
140,扫描命中五位编码,当前异常占据体素,统计单位等权,00011,2,108,1486,0.07267833109017496,176,1
140,扫描命中五位编码,当前异常占据体素,统计单位等权,00100,1,0,1486,0.0,176,1
140,扫描命中五位编码,当前异常占据体素,统计单位等权,00101,2,71,1486,0.0477792732166891,176,1
140,扫描命中五位编码,当前异常占据体素,统计单位等权,00110,2,0,1486,0.0,176,1
140,扫描命中五位编码,当前异常占据体素,统计单位等权,00111,3,75,1486,0.05047106325706595,176,1
140,扫描命中五位编码,当前异常占据体素,统计单位等权,01000,1,0,1486,0.0,176,1
140,扫描命中五位编码,当前异常占据体素,统计单位等权,01001,2,64,1486,0.04306864064602961,176,1
140,扫描命中五位编码,当前异常占据体素,统计单位等权,01010,2,0,1486,0.0,176,1
140,扫描命中五位编码,当前异常占据体素,统计单位等权,01011,3,40,1486,0.026917900403768506,176,1
140,扫描命中五位编码,当前异常占据体素,统计单位等权,01100,2,0,1486,0.0,176,1
140,扫描命中五位编码,当前异常占据体素,统计单位等权,01101,3,24,1486,0.016150740242261104,176,1
140,扫描命中五位编码,当前异常占据体素,统计单位等权,01110,3,0,1486,0.0,176,1
140,扫描命中五位编码,当前异常占据体素,统计单位等权,01111,4,60,1486,0.040376850605652756,176,1
140,扫描命中五位编码,当前异常占据体素,统计单位等权,10000,1,0,1486,0.0,176,1
140,扫描命中五位编码,当前异常占据体素,统计单位等权,10001,2,52,1486,0.034993270524899055,176,1
140,扫描命中五位编码,当前异常占据体素,统计单位等权,10010,2,0,1486,0.0,176,1
140,扫描命中五位编码,当前异常占据体素,统计单位等权,10011,3,23,1486,0.01547779273216689,176,1
140,扫描命中五位编码,当前异常占据体素,统计单位等权,10100,2,0,1486,0.0,176,1
140,扫描命中五位编码,当前异常占据体素,统计单位等权,10101,3,28,1486,0.018842530282637954,176,1
140,扫描命中五位编码,当前异常占据体素,统计单位等权,10110,3,0,1486,0.0,176,1
140,扫描命中五位编码,当前异常占据体素,统计单位等权,10111,4,33,1486,0.02220726783310902,176,1
140,扫描命中五位编码,当前异常占据体素,统计单位等权,11000,2,0,1486,0.0,176,1
140,扫描命中五位编码,当前异常占据体素,统计单位等权,11001,3,23,1486,0.01547779273216689,176,1
140,扫描命中五位编码,当前异常占据体素,统计单位等权,11010,3,0,1486,0.0,176,1
140,扫描命中五位编码,当前异常占据体素,统计单位等权,11011,4,32,1486,0.021534320323014805,176,1
140,扫描命中五位编码,当前异常占据体素,统计单位等权,11100,3,0,1486,0.0,176,1
140,扫描命中五位编码,当前异常占据体素,统计单位等权,11101,4,36,1486,0.024226110363391656,176,1
140,扫描命中五位编码,当前异常占据体素,统计单位等权,11110,4,0,1486,0.0,176,1
140,扫描命中五位编码,当前异常占据体素,统计单位等权,11111,5,108,1486,0.07267833109017496,176,1
140,扫描命中五位编码：按位数汇总,当前异常占据体素,统计单位等权,合计0个扫描,0,0,1486,0,176,1
140,扫描命中五位编码：按位数汇总,当前异常占据体素,统计单位等权,合计1个扫描,1,709,1486,0.4771197846567968,176,1
140,扫描命中五位编码：按位数汇总,当前异常占据体素,统计单位等权,合计2个扫描,2,295,1486,0.19851951547779273,176,1
140,扫描命中五位编码：按位数汇总,当前异常占据体素,统计单位等权,合计3个扫描,3,213,1486,0.14333781965006728,176,1
140,扫描命中五位编码：按位数汇总,当前异常占据体素,统计单位等权,合计4个扫描,4,161,1486,0.10834454912516824,176,1
140,扫描命中五位编码：按位数汇总,当前异常占据体素,统计单位等权,合计5个扫描,5,108,1486,0.07267833109017496,176,1
141,五位类别可见模式,全部,有适用观测的帧等权,00000,0,289,693,0.417027417027417,693,1
141,五位类别可见模式,全部,有适用观测的帧等权,00001,1,4,693,0.005772005772005772,693,1
141,五位类别可见模式,全部,有适用观测的帧等权,00010,1,1,693,0.001443001443001443,693,1
141,五位类别可见模式,全部,有适用观测的帧等权,00011,2,4,693,0.005772005772005772,693,1
141,五位类别可见模式,全部,有适用观测的帧等权,00100,1,2,693,0.002886002886002886,693,1
141,五位类别可见模式,全部,有适用观测的帧等权,00101,2,0,693,0.0,693,1
141,五位类别可见模式,全部,有适用观测的帧等权,00110,2,2,693,0.002886002886002886,693,1
141,五位类别可见模式,全部,有适用观测的帧等权,00111,3,2,693,0.002886002886002886,693,1
141,五位类别可见模式,全部,有适用观测的帧等权,01000,1,3,693,0.004329004329004329,693,1
141,五位类别可见模式,全部,有适用观测的帧等权,01001,2,1,693,0.001443001443001443,693,1
141,五位类别可见模式,全部,有适用观测的帧等权,01010,2,0,693,0.0,693,1
141,五位类别可见模式,全部,有适用观测的帧等权,01011,3,0,693,0.0,693,1
141,五位类别可见模式,全部,有适用观测的帧等权,01100,2,0,693,0.0,693,1
141,五位类别可见模式,全部,有适用观测的帧等权,01101,3,2,693,0.002886002886002886,693,1
141,五位类别可见模式,全部,有适用观测的帧等权,01110,3,0,693,0.0,693,1
141,五位类别可见模式,全部,有适用观测的帧等权,01111,4,2,693,0.002886002886002886,693,1
141,五位类别可见模式,全部,有适用观测的帧等权,10000,1,4,693,0.005772005772005772,693,1
141,五位类别可见模式,全部,有适用观测的帧等权,10001,2,1,693,0.001443001443001443,693,1
141,五位类别可见模式,全部,有适用观测的帧等权,10010,2,1,693,0.001443001443001443,693,1
141,五位类别可见模式,全部,有适用观测的帧等权,10011,3,0,693,0.0,693,1
141,五位类别可见模式,全部,有适用观测的帧等权,10100,2,2,693,0.002886002886002886,693,1
141,五位类别可见模式,全部,有适用观测的帧等权,10101,3,0,693,0.0,693,1
141,五位类别可见模式,全部,有适用观测的帧等权,10110,3,0,693,0.0,693,1
141,五位类别可见模式,全部,有适用观测的帧等权,10111,4,0,693,0.0,693,1
141,五位类别可见模式,全部,有适用观测的帧等权,11000,2,2,693,0.002886002886002886,693,1
141,五位类别可见模式,全部,有适用观测的帧等权,11001,3,0,693,0.0,693,1
141,五位类别可见模式,全部,有适用观测的帧等权,11010,3,2,693,0.002886002886002886,693,1
141,五位类别可见模式,全部,有适用观测的帧等权,11011,4,0,693,0.0,693,1
141,五位类别可见模式,全部,有适用观测的帧等权,11100,3,2,693,0.002886002886002886,693,1
141,五位类别可见模式,全部,有适用观测的帧等权,11101,4,0,693,0.0,693,1
141,五位类别可见模式,全部,有适用观测的帧等权,11110,4,2,693,0.002886002886002886,693,1
141,五位类别可见模式,全部,有适用观测的帧等权,11111,5,365,693,0.5266955266955267,693,1
141,五位类别可见模式：按位数汇总,全部,有适用观测的帧等权,合计0个扫描,0,289,693,0.417027417027417,693,1
141,五位类别可见模式：按位数汇总,全部,有适用观测的帧等权,合计1个扫描,1,14,693,0.0202020202020202,693,1
141,五位类别可见模式：按位数汇总,全部,有适用观测的帧等权,合计2个扫描,2,13,693,0.01875901875901876,693,1
141,五位类别可见模式：按位数汇总,全部,有适用观测的帧等权,合计3个扫描,3,8,693,0.011544011544011544,693,1
141,五位类别可见模式：按位数汇总,全部,有适用观测的帧等权,合计4个扫描,4,4,693,0.005772005772005772,693,1
141,五位类别可见模式：按位数汇总,全部,有适用观测的帧等权,合计5个扫描,5,365,693,0.5266955266955267,693,1
141,五位类别可见模式,全部,统计单位等权,00000,0,289,693,0.417027417027417,693,1
141,五位类别可见模式,全部,统计单位等权,00001,1,4,693,0.005772005772005772,693,1
141,五位类别可见模式,全部,统计单位等权,00010,1,1,693,0.001443001443001443,693,1
141,五位类别可见模式,全部,统计单位等权,00011,2,4,693,0.005772005772005772,693,1
141,五位类别可见模式,全部,统计单位等权,00100,1,2,693,0.002886002886002886,693,1
141,五位类别可见模式,全部,统计单位等权,00101,2,0,693,0.0,693,1
141,五位类别可见模式,全部,统计单位等权,00110,2,2,693,0.002886002886002886,693,1
141,五位类别可见模式,全部,统计单位等权,00111,3,2,693,0.002886002886002886,693,1
141,五位类别可见模式,全部,统计单位等权,01000,1,3,693,0.004329004329004329,693,1
141,五位类别可见模式,全部,统计单位等权,01001,2,1,693,0.001443001443001443,693,1
141,五位类别可见模式,全部,统计单位等权,01010,2,0,693,0.0,693,1
141,五位类别可见模式,全部,统计单位等权,01011,3,0,693,0.0,693,1
141,五位类别可见模式,全部,统计单位等权,01100,2,0,693,0.0,693,1
141,五位类别可见模式,全部,统计单位等权,01101,3,2,693,0.002886002886002886,693,1
141,五位类别可见模式,全部,统计单位等权,01110,3,0,693,0.0,693,1
141,五位类别可见模式,全部,统计单位等权,01111,4,2,693,0.002886002886002886,693,1
141,五位类别可见模式,全部,统计单位等权,10000,1,4,693,0.005772005772005772,693,1
141,五位类别可见模式,全部,统计单位等权,10001,2,1,693,0.001443001443001443,693,1
141,五位类别可见模式,全部,统计单位等权,10010,2,1,693,0.001443001443001443,693,1
141,五位类别可见模式,全部,统计单位等权,10011,3,0,693,0.0,693,1
141,五位类别可见模式,全部,统计单位等权,10100,2,2,693,0.002886002886002886,693,1
141,五位类别可见模式,全部,统计单位等权,10101,3,0,693,0.0,693,1
141,五位类别可见模式,全部,统计单位等权,10110,3,0,693,0.0,693,1
141,五位类别可见模式,全部,统计单位等权,10111,4,0,693,0.0,693,1
141,五位类别可见模式,全部,统计单位等权,11000,2,2,693,0.002886002886002886,693,1
141,五位类别可见模式,全部,统计单位等权,11001,3,0,693,0.0,693,1
141,五位类别可见模式,全部,统计单位等权,11010,3,2,693,0.002886002886002886,693,1
141,五位类别可见模式,全部,统计单位等权,11011,4,0,693,0.0,693,1
141,五位类别可见模式,全部,统计单位等权,11100,3,2,693,0.002886002886002886,693,1
141,五位类别可见模式,全部,统计单位等权,11101,4,0,693,0.0,693,1
141,五位类别可见模式,全部,统计单位等权,11110,4,2,693,0.002886002886002886,693,1
141,五位类别可见模式,全部,统计单位等权,11111,5,365,693,0.5266955266955267,693,1
141,五位类别可见模式：按位数汇总,全部,统计单位等权,合计0个扫描,0,289,693,0.417027417027417,693,1
141,五位类别可见模式：按位数汇总,全部,统计单位等权,合计1个扫描,1,14,693,0.0202020202020202,693,1
141,五位类别可见模式：按位数汇总,全部,统计单位等权,合计2个扫描,2,13,693,0.01875901875901876,693,1
141,五位类别可见模式：按位数汇总,全部,统计单位等权,合计3个扫描,3,8,693,0.011544011544011544,693,1
141,五位类别可见模式：按位数汇总,全部,统计单位等权,合计4个扫描,4,4,693,0.005772005772005772,693,1
141,五位类别可见模式：按位数汇总,全部,统计单位等权,合计5个扫描,5,365,693,0.5266955266955267,693,1
141,扫描命中五位编码,全部,有适用观测的帧等权,00000,0,0,172689288,0.0,693,1
141,扫描命中五位编码,全部,有适用观测的帧等权,00001,1,23696259,172689288,0.13407131981397702,693,1
141,扫描命中五位编码,全部,有适用观测的帧等权,00010,1,21562658,172689288,0.1216209920312886,693,1
141,扫描命中五位编码,全部,有适用观测的帧等权,00011,2,4351711,172689288,0.02531256510567872,693,1
141,扫描命中五位编码,全部,有适用观测的帧等权,00100,1,21074360,172689288,0.11899421153715553,693,1
141,扫描命中五位编码,全部,有适用观测的帧等权,00101,2,2793307,172689288,0.016082488361498785,693,1
141,扫描命中五位编码,全部,有适用观测的帧等权,00110,2,3289616,172689288,0.018999240769470373,693,1
141,扫描命中五位编码,全部,有适用观测的帧等权,00111,3,2215686,172689288,0.013309858981866332,693,1
141,扫描命中五位编码,全部,有适用观测的帧等权,01000,1,21406379,172689288,0.1207918858286948,693,1
141,扫描命中五位编码,全部,有适用观测的帧等权,01001,2,2375078,172689288,0.01383635793216237,693,1
141,扫描命中五位编码,全部,有适用观测的帧等权,01010,2,2488983,172689288,0.014291849905771085,693,1
141,扫描命中五位编码,全部,有适用观测的帧等权,01011,3,1276168,172689288,0.007611035681225548,693,1
141,扫描命中五位编码,全部,有适用观测的帧等权,01100,2,3289361,172689288,0.018986690562948952,693,1
141,扫描命中五位编码,全部,有适用观测的帧等权,01101,3,1180517,172689288,0.007084729110249979,693,1
141,扫描命中五位编码,全部,有适用观测的帧等权,01110,3,1547600,172689288,0.009199034123970506,693,1
141,扫描命中五位编码,全部,有适用观测的帧等权,01111,4,2124090,172689288,0.013297076984425192,693,1
141,扫描命中五位编码,全部,有适用观测的帧等权,10000,1,23529663,172689288,0.1331869777905953,693,1
141,扫描命中五位编码,全部,有适用观测的帧等权,10001,2,2260599,172689288,0.013171991971389477,693,1
141,扫描命中五位编码,全部,有适用观测的帧等权,10010,2,2342654,172689288,0.013643786569083738,693,1
141,扫描命中五位编码,全部,有适用观测的帧等权,10011,3,1159827,172689288,0.007023590974344634,693,1
141,扫描命中五位编码,全部,有适用观测的帧等权,10100,2,2745718,172689288,0.015791268137341413,693,1
141,扫描命中五位编码,全部,有适用观测的帧等权,10101,3,977670,172689288,0.005844687503998382,693,1
141,扫描命中五位编码,全部,有适用观测的帧等权,10110,3,1182691,172689288,0.007082339654013138,693,1
141,扫描命中五位编码,全部,有适用观测的帧等权,10111,4,1453392,172689288,0.009160487213771426,693,1
141,扫描命中五位编码,全部,有适用观测的帧等权,11000,2,4417651,172689288,0.02565025944934748,693,1
141,扫描命中五位编码,全部,有适用观测的帧等权,11001,3,1133924,172689288,0.006864918609754827,693,1
141,扫描命中五位编码,全部,有适用观测的帧等权,11010,3,1238802,172689288,0.007376800602123407,693,1
141,扫描命中五位编码,全部,有适用观测的帧等权,11011,4,1360088,172689288,0.008628273738914545,693,1
141,扫描命中五位编码,全部,有适用观测的帧等权,11100,3,2264719,172689288,0.013562956243604528,693,1
141,扫描命中五位编码,全部,有适用观测的帧等权,11101,4,1415988,172689288,0.008902082241561492,693,1
141,扫描命中五位编码,全部,有适用观测的帧等权,11110,4,2130982,172689288,0.013301789584606533,693,1
141,扫描命中五位编码,全部,有适用观测的帧等权,11111,5,8403147,172689288,0.057318452985165996,693,1
141,扫描命中五位编码：按位数汇总,全部,有适用观测的帧等权,合计0个扫描,0,0,172689288,0,693,1
141,扫描命中五位编码：按位数汇总,全部,有适用观测的帧等权,合计1个扫描,1,111269319,172689288,0.6286653870017113,693,1
141,扫描命中五位编码：按位数汇总,全部,有适用观测的帧等权,合计2个扫描,2,30354678,172689288,0.17576649876469239,693,1
141,扫描命中五位编码：按位数汇总,全部,有适用观测的帧等权,合计3个扫描,3,14177604,172689288,0.08495995148515129,693,1
141,扫描命中五位编码：按位数汇总,全部,有适用观测的帧等权,合计4个扫描,4,8484540,172689288,0.05328970976327919,693,1
141,扫描命中五位编码：按位数汇总,全部,有适用观测的帧等权,合计5个扫描,5,8403147,172689288,0.057318452985165996,693,1
141,扫描命中五位编码,全部,统计单位等权,00000,0,0,172689288,0.0,693,1
141,扫描命中五位编码,全部,统计单位等权,00001,1,23696259,172689288,0.13721904395135384,693,1
141,扫描命中五位编码,全部,统计单位等权,00010,1,21562658,172689288,0.12486390007004951,693,1
141,扫描命中五位编码,全部,统计单位等权,00011,2,4351711,172689288,0.02519965801237191,693,1
141,扫描命中五位编码,全部,统计单位等权,00100,1,21074360,172689288,0.1220362898247632,693,1
141,扫描命中五位编码,全部,统计单位等权,00101,2,2793307,172689288,0.01617533451177354,693,1
141,扫描命中五位编码,全部,统计单位等权,00110,2,3289616,172689288,0.019049334432370814,693,1
141,扫描命中五位编码,全部,统计单位等权,00111,3,2215686,172689288,0.012830477360008571,693,1
141,扫描命中五位编码,全部,统计单位等权,01000,1,21406379,172689288,0.12395892789829557,693,1
141,扫描命中五位编码,全部,统计单位等权,01001,2,2375078,172689288,0.013753476127598604,693,1
141,扫描命中五位编码,全部,统计单位等权,01010,2,2488983,172689288,0.014413071180188084,693,1
141,扫描命中五位编码,全部,统计单位等权,01011,3,1276168,172689288,0.007389966191765178,693,1
141,扫描命中五位编码,全部,统计单位等权,01100,2,3289361,172689288,0.019047857791850992,693,1
141,扫描命中五位编码,全部,统计单位等权,01101,3,1180517,172689288,0.0068360754374064015,693,1
141,扫描命中五位编码,全部,统计单位等权,01110,3,1547600,172689288,0.008961760268535011,693,1
141,扫描命中五位编码,全部,统计单位等权,01111,4,2124090,172689288,0.012300068085288532,693,1
141,扫描命中五位编码,全部,统计单位等权,10000,1,23529663,172689288,0.13625432864139206,693,1
141,扫描命中五位编码,全部,统计单位等权,10001,2,2260599,172689288,0.01309055718615274,693,1
141,扫描命中五位编码,全部,统计单位等权,10010,2,2342654,172689288,0.013565716942442891,693,1
141,扫描命中五位编码,全部,统计单位等权,10011,3,1159827,172689288,0.006716264879151045,693,1
141,扫描命中五位编码,全部,统计单位等权,10100,2,2745718,172689288,0.015899758646291947,693,1
141,扫描命中五位编码,全部,统计单位等权,10101,3,977670,172689288,0.005661439752997302,693,1
141,扫描命中五位编码,全部,统计单位等权,10110,3,1182691,172689288,0.006848664521681275,693,1
141,扫描命中五位编码,全部,统计单位等权,10111,4,1453392,172689288,0.008416225562294287,693,1
141,扫描命中五位编码,全部,统计单位等权,11000,2,4417651,172689288,0.02558149987855645,693,1
141,扫描命中五位编码,全部,统计单位等权,11001,3,1133924,172689288,0.006566267156072819,693,1
141,扫描命中五位编码,全部,统计单位等权,11010,3,1238802,172689288,0.007173589134260604,693,1
141,扫描命中五位编码,全部,统计单位等权,11011,4,1360088,172689288,0.00787592569146501,693,1
141,扫描命中五位编码,全部,统计单位等权,11100,3,2264719,172689288,0.013114415064355352,693,1
141,扫描命中五位编码,全部,统计单位等权,11101,4,1415988,172689288,0.008199628456398524,693,1
141,扫描命中五位编码,全部,统计单位等权,11110,4,2130982,172689288,0.012339977914553681,693,1
141,扫描命中五位编码,全部,统计单位等权,11111,5,8403147,172689288,0.04866049942831428,693,1
141,扫描命中五位编码：按位数汇总,全部,统计单位等权,合计0个扫描,0,0,172689288,0,693,1
141,扫描命中五位编码：按位数汇总,全部,统计单位等权,合计1个扫描,1,111269319,172689288,0.6443324903858542,693,1
141,扫描命中五位编码：按位数汇总,全部,统计单位等权,合计2个扫描,2,30354678,172689288,0.17577626470959798,693,1
141,扫描命中五位编码：按位数汇总,全部,统计单位等权,合计3个扫描,3,14177604,172689288,0.08209891976623356,693,1
141,扫描命中五位编码：按位数汇总,全部,统计单位等权,合计4个扫描,4,8484540,172689288,0.049131825710000035,693,1
141,扫描命中五位编码：按位数汇总,全部,统计单位等权,合计5个扫描,5,8403147,172689288,0.04866049942831428,693,1
141,扫描命中五位编码,当前异常占据体素,有适用观测的帧等权,00000,0,0,15614,0.0,381,1
141,扫描命中五位编码,当前异常占据体素,有适用观测的帧等权,00001,1,5799,15614,0.6460197193391067,381,1
141,扫描命中五位编码,当前异常占据体素,有适用观测的帧等权,00010,1,0,15614,0.0,381,1
141,扫描命中五位编码,当前异常占据体素,有适用观测的帧等权,00011,2,1214,15614,0.061784160257695085,381,1
141,扫描命中五位编码,当前异常占据体素,有适用观测的帧等权,00100,1,0,15614,0.0,381,1
141,扫描命中五位编码,当前异常占据体素,有适用观测的帧等权,00101,2,772,15614,0.032239623321421405,381,1
141,扫描命中五位编码,当前异常占据体素,有适用观测的帧等权,00110,2,0,15614,0.0,381,1
141,扫描命中五位编码,当前异常占据体素,有适用观测的帧等权,00111,3,713,15614,0.02530248548786835,381,1
141,扫描命中五位编码,当前异常占据体素,有适用观测的帧等权,01000,1,0,15614,0.0,381,1
141,扫描命中五位编码,当前异常占据体素,有适用观测的帧等权,01001,2,674,15614,0.03417198781717064,381,1
141,扫描命中五位编码,当前异常占据体素,有适用观测的帧等权,01010,2,0,15614,0.0,381,1
141,扫描命中五位编码,当前异常占据体素,有适用观测的帧等权,01011,3,373,15614,0.010785591686382356,381,1
141,扫描命中五位编码,当前异常占据体素,有适用观测的帧等权,01100,2,0,15614,0.0,381,1
141,扫描命中五位编码,当前异常占据体素,有适用观测的帧等权,01101,3,382,15614,0.012746317400247478,381,1
141,扫描命中五位编码,当前异常占据体素,有适用观测的帧等权,01110,3,0,15614,0.0,381,1
141,扫描命中五位编码,当前异常占据体素,有适用观测的帧等权,01111,4,693,15614,0.018768748053125308,381,1
141,扫描命中五位编码,当前异常占据体素,有适用观测的帧等权,10000,1,0,15614,0.0,381,1
141,扫描命中五位编码,当前异常占据体素,有适用观测的帧等权,10001,2,705,15614,0.029096507132210677,381,1
141,扫描命中五位编码,当前异常占据体素,有适用观测的帧等权,10010,2,0,15614,0.0,381,1
141,扫描命中五位编码,当前异常占据体素,有适用观测的帧等权,10011,3,321,15614,0.009995275164218439,381,1
141,扫描命中五位编码,当前异常占据体素,有适用观测的帧等权,10100,2,0,15614,0.0,381,1
141,扫描命中五位编码,当前异常占据体素,有适用观测的帧等权,10101,3,339,15614,0.011862602353265918,381,1
141,扫描命中五位编码,当前异常占据体素,有适用观测的帧等权,10110,3,0,15614,0.0,381,1
141,扫描命中五位编码,当前异常占据体素,有适用观测的帧等权,10111,4,467,15614,0.011973558719391956,381,1
141,扫描命中五位编码,当前异常占据体素,有适用观测的帧等权,11000,2,0,15614,0.0,381,1
141,扫描命中五位编码,当前异常占据体素,有适用观测的帧等权,11001,3,346,15614,0.0091477379826781,381,1
141,扫描命中五位编码,当前异常占据体素,有适用观测的帧等权,11010,3,0,15614,0.0,381,1
141,扫描命中五位编码,当前异常占据体素,有适用观测的帧等权,11011,4,479,15614,0.014291879797134152,381,1
141,扫描命中五位编码,当前异常占据体素,有适用观测的帧等权,11100,3,0,15614,0.0,381,1
141,扫描命中五位编码,当前异常占据体素,有适用观测的帧等权,11101,4,513,15614,0.014161631488303933,381,1
141,扫描命中五位编码,当前异常占据体素,有适用观测的帧等权,11110,4,0,15614,0.0,381,1
141,扫描命中五位编码,当前异常占据体素,有适用观测的帧等权,11111,5,1824,15614,0.05765217399977947,381,1
141,扫描命中五位编码：按位数汇总,当前异常占据体素,有适用观测的帧等权,合计0个扫描,0,0,15614,0,381,1
141,扫描命中五位编码：按位数汇总,当前异常占据体素,有适用观测的帧等权,合计1个扫描,1,5799,15614,0.6460197193391067,381,1
141,扫描命中五位编码：按位数汇总,当前异常占据体素,有适用观测的帧等权,合计2个扫描,2,3365,15614,0.1572922785284978,381,1
141,扫描命中五位编码：按位数汇总,当前异常占据体素,有适用观测的帧等权,合计3个扫描,3,2474,15614,0.07984001007466064,381,1
141,扫描命中五位编码：按位数汇总,当前异常占据体素,有适用观测的帧等权,合计4个扫描,4,2152,15614,0.059195818057955346,381,1
141,扫描命中五位编码：按位数汇总,当前异常占据体素,有适用观测的帧等权,合计5个扫描,5,1824,15614,0.05765217399977947,381,1
141,扫描命中五位编码,当前异常占据体素,统计单位等权,00000,0,0,15614,0.0,381,1
141,扫描命中五位编码,当前异常占据体素,统计单位等权,00001,1,5799,15614,0.37139746381452543,381,1
141,扫描命中五位编码,当前异常占据体素,统计单位等权,00010,1,0,15614,0.0,381,1
141,扫描命中五位编码,当前异常占据体素,统计单位等权,00011,2,1214,15614,0.07775073651850903,381,1
141,扫描命中五位编码,当前异常占据体素,统计单位等权,00100,1,0,15614,0.0,381,1
141,扫描命中五位编码,当前异常占据体素,统计单位等权,00101,2,772,15614,0.049442807736646596,381,1
141,扫描命中五位编码,当前异常占据体素,统计单位等权,00110,2,0,15614,0.0,381,1
141,扫描命中五位编码,当前异常占据体素,统计单位等权,00111,3,713,15614,0.04566414755988216,381,1
141,扫描命中五位编码,当前异常占据体素,统计单位等权,01000,1,0,15614,0.0,381,1
141,扫描命中五位编码,当前异常占据体素,统计单位等权,01001,2,674,15614,0.04316638913795312,381,1
141,扫描命中五位编码,当前异常占据体素,统计单位等权,01010,2,0,15614,0.0,381,1
141,扫描命中五位编码,当前异常占据体素,统计单位等权,01011,3,373,15614,0.023888817727680287,381,1
141,扫描命中五位编码,当前异常占据体素,统计单位等权,01100,2,0,15614,0.0,381,1
141,扫描命中五位编码,当前异常占据体素,统计单位等权,01101,3,382,15614,0.024465223517356218,381,1
141,扫描命中五位编码,当前异常占据体素,统计单位等权,01110,3,0,15614,0.0,381,1
141,扫描命中五位编码,当前异常占据体素,统计单位等权,01111,4,693,15614,0.04438324580504675,381,1
141,扫描命中五位编码,当前异常占据体素,统计单位等权,10000,1,0,15614,0.0,381,1
141,扫描命中五位编码,当前异常占据体素,统计单位等权,10001,2,705,15614,0.045151786857948,381,1
141,扫描命中五位编码,当前异常占据体素,统计单位等权,10010,2,0,15614,0.0,381,1
141,扫描命中五位编码,当前异常占据体素,统计单位等权,10011,3,321,15614,0.020558473165108237,381,1
141,扫描命中五位编码,当前异常占据体素,统计单位等权,10100,2,0,15614,0.0,381,1
141,扫描命中五位编码,当前异常占据体素,统计单位等权,10101,3,339,15614,0.0217112847444601,381,1
141,扫描命中五位编码,当前异常占据体素,统计单位等权,10110,3,0,15614,0.0,381,1
141,扫描命中五位编码,当前异常占据体素,统计单位等权,10111,4,467,15614,0.029909055975406686,381,1
141,扫描命中五位编码,当前异常占据体素,统计单位等权,11000,2,0,15614,0.0,381,1
141,扫描命中五位编码,当前异常占据体素,统计单位等权,11001,3,346,15614,0.02215960035865249,381,1
141,扫描命中五位编码,当前异常占据体素,统计单位等权,11010,3,0,15614,0.0,381,1
141,扫描命中五位编码,当前异常占据体素,统计单位等权,11011,4,479,15614,0.03067759702830793,381,1
141,扫描命中五位编码,当前异常占据体素,统计单位等权,11100,3,0,15614,0.0,381,1
141,扫描命中五位编码,当前异常占据体素,统计单位等权,11101,4,513,15614,0.032855130011528115,381,1
141,扫描命中五位编码,当前异常占据体素,统计单位等权,11110,4,0,15614,0.0,381,1
141,扫描命中五位编码,当前异常占据体素,统计单位等权,11111,5,1824,15614,0.11681824004098885,381,1
141,扫描命中五位编码：按位数汇总,当前异常占据体素,统计单位等权,合计0个扫描,0,0,15614,0,381,1
141,扫描命中五位编码：按位数汇总,当前异常占据体素,统计单位等权,合计1个扫描,1,5799,15614,0.37139746381452543,381,1
141,扫描命中五位编码：按位数汇总,当前异常占据体素,统计单位等权,合计2个扫描,2,3365,15614,0.21551172025105675,381,1
141,扫描命中五位编码：按位数汇总,当前异常占据体素,统计单位等权,合计3个扫描,3,2474,15614,0.1584475470731395,381,1
141,扫描命中五位编码：按位数汇总,当前异常占据体素,统计单位等权,合计4个扫描,4,2152,15614,0.1378250288202895,381,1
141,扫描命中五位编码：按位数汇总,当前异常占据体素,统计单位等权,合计5个扫描,5,1824,15614,0.11681824004098885,381,1
142,五位类别可见模式,全部,有适用观测的帧等权,00000,0,314,533,0.5891181988742964,533,1
142,五位类别可见模式,全部,有适用观测的帧等权,00001,1,6,533,0.01125703564727955,533,1
142,五位类别可见模式,全部,有适用观测的帧等权,00010,1,5,533,0.009380863039399626,533,1
142,五位类别可见模式,全部,有适用观测的帧等权,00011,2,5,533,0.009380863039399626,533,1
142,五位类别可见模式,全部,有适用观测的帧等权,00100,1,10,533,0.01876172607879925,533,1
142,五位类别可见模式,全部,有适用观测的帧等权,00101,2,0,533,0.0,533,1
142,五位类别可见模式,全部,有适用观测的帧等权,00110,2,3,533,0.005628517823639775,533,1
142,五位类别可见模式,全部,有适用观测的帧等权,00111,3,4,533,0.0075046904315197,533,1
142,五位类别可见模式,全部,有适用观测的帧等权,01000,1,9,533,0.016885553470919325,533,1
142,五位类别可见模式,全部,有适用观测的帧等权,01001,2,3,533,0.005628517823639775,533,1
142,五位类别可见模式,全部,有适用观测的帧等权,01010,2,0,533,0.0,533,1
142,五位类别可见模式,全部,有适用观测的帧等权,01011,3,1,533,0.001876172607879925,533,1
142,五位类别可见模式,全部,有适用观测的帧等权,01100,2,2,533,0.00375234521575985,533,1
142,五位类别可见模式,全部,有适用观测的帧等权,01101,3,2,533,0.00375234521575985,533,1
142,五位类别可见模式,全部,有适用观测的帧等权,01110,3,1,533,0.001876172607879925,533,1
142,五位类别可见模式,全部,有适用观测的帧等权,01111,4,8,533,0.0150093808630394,533,1
142,五位类别可见模式,全部,有适用观测的帧等权,10000,1,6,533,0.01125703564727955,533,1
142,五位类别可见模式,全部,有适用观测的帧等权,10001,2,4,533,0.0075046904315197,533,1
142,五位类别可见模式,全部,有适用观测的帧等权,10010,2,5,533,0.009380863039399626,533,1
142,五位类别可见模式,全部,有适用观测的帧等权,10011,3,2,533,0.00375234521575985,533,1
142,五位类别可见模式,全部,有适用观测的帧等权,10100,2,2,533,0.00375234521575985,533,1
142,五位类别可见模式,全部,有适用观测的帧等权,10101,3,1,533,0.001876172607879925,533,1
142,五位类别可见模式,全部,有适用观测的帧等权,10110,3,1,533,0.001876172607879925,533,1
142,五位类别可见模式,全部,有适用观测的帧等权,10111,4,5,533,0.009380863039399626,533,1
142,五位类别可见模式,全部,有适用观测的帧等权,11000,2,1,533,0.001876172607879925,533,1
142,五位类别可见模式,全部,有适用观测的帧等权,11001,3,4,533,0.0075046904315197,533,1
142,五位类别可见模式,全部,有适用观测的帧等权,11010,3,3,533,0.005628517823639775,533,1
142,五位类别可见模式,全部,有适用观测的帧等权,11011,4,5,533,0.009380863039399626,533,1
142,五位类别可见模式,全部,有适用观测的帧等权,11100,3,3,533,0.005628517823639775,533,1
142,五位类别可见模式,全部,有适用观测的帧等权,11101,4,6,533,0.01125703564727955,533,1
142,五位类别可见模式,全部,有适用观测的帧等权,11110,4,8,533,0.0150093808630394,533,1
142,五位类别可见模式,全部,有适用观测的帧等权,11111,5,104,533,0.1951219512195122,533,1
142,五位类别可见模式：按位数汇总,全部,有适用观测的帧等权,合计0个扫描,0,314,533,0.5891181988742964,533,1
142,五位类别可见模式：按位数汇总,全部,有适用观测的帧等权,合计1个扫描,1,36,533,0.0675422138836773,533,1
142,五位类别可见模式：按位数汇总,全部,有适用观测的帧等权,合计2个扫描,2,25,533,0.04690431519699813,533,1
142,五位类别可见模式：按位数汇总,全部,有适用观测的帧等权,合计3个扫描,3,22,533,0.04127579737335835,533,1
142,五位类别可见模式：按位数汇总,全部,有适用观测的帧等权,合计4个扫描,4,32,533,0.0600375234521576,533,1
142,五位类别可见模式：按位数汇总,全部,有适用观测的帧等权,合计5个扫描,5,104,533,0.1951219512195122,533,1
142,五位类别可见模式,全部,统计单位等权,00000,0,314,533,0.5891181988742964,533,1
142,五位类别可见模式,全部,统计单位等权,00001,1,6,533,0.01125703564727955,533,1
142,五位类别可见模式,全部,统计单位等权,00010,1,5,533,0.009380863039399626,533,1
142,五位类别可见模式,全部,统计单位等权,00011,2,5,533,0.009380863039399626,533,1
142,五位类别可见模式,全部,统计单位等权,00100,1,10,533,0.01876172607879925,533,1
142,五位类别可见模式,全部,统计单位等权,00101,2,0,533,0.0,533,1
142,五位类别可见模式,全部,统计单位等权,00110,2,3,533,0.005628517823639775,533,1
142,五位类别可见模式,全部,统计单位等权,00111,3,4,533,0.0075046904315197,533,1
142,五位类别可见模式,全部,统计单位等权,01000,1,9,533,0.016885553470919325,533,1
142,五位类别可见模式,全部,统计单位等权,01001,2,3,533,0.005628517823639775,533,1
142,五位类别可见模式,全部,统计单位等权,01010,2,0,533,0.0,533,1
142,五位类别可见模式,全部,统计单位等权,01011,3,1,533,0.001876172607879925,533,1
142,五位类别可见模式,全部,统计单位等权,01100,2,2,533,0.00375234521575985,533,1
142,五位类别可见模式,全部,统计单位等权,01101,3,2,533,0.00375234521575985,533,1
142,五位类别可见模式,全部,统计单位等权,01110,3,1,533,0.001876172607879925,533,1
142,五位类别可见模式,全部,统计单位等权,01111,4,8,533,0.0150093808630394,533,1
142,五位类别可见模式,全部,统计单位等权,10000,1,6,533,0.01125703564727955,533,1
142,五位类别可见模式,全部,统计单位等权,10001,2,4,533,0.0075046904315197,533,1
142,五位类别可见模式,全部,统计单位等权,10010,2,5,533,0.009380863039399626,533,1
142,五位类别可见模式,全部,统计单位等权,10011,3,2,533,0.00375234521575985,533,1
142,五位类别可见模式,全部,统计单位等权,10100,2,2,533,0.00375234521575985,533,1
142,五位类别可见模式,全部,统计单位等权,10101,3,1,533,0.001876172607879925,533,1
142,五位类别可见模式,全部,统计单位等权,10110,3,1,533,0.001876172607879925,533,1
142,五位类别可见模式,全部,统计单位等权,10111,4,5,533,0.009380863039399626,533,1
142,五位类别可见模式,全部,统计单位等权,11000,2,1,533,0.001876172607879925,533,1
142,五位类别可见模式,全部,统计单位等权,11001,3,4,533,0.0075046904315197,533,1
142,五位类别可见模式,全部,统计单位等权,11010,3,3,533,0.005628517823639775,533,1
142,五位类别可见模式,全部,统计单位等权,11011,4,5,533,0.009380863039399626,533,1
142,五位类别可见模式,全部,统计单位等权,11100,3,3,533,0.005628517823639775,533,1
142,五位类别可见模式,全部,统计单位等权,11101,4,6,533,0.01125703564727955,533,1
142,五位类别可见模式,全部,统计单位等权,11110,4,8,533,0.0150093808630394,533,1
142,五位类别可见模式,全部,统计单位等权,11111,5,104,533,0.1951219512195122,533,1
142,五位类别可见模式：按位数汇总,全部,统计单位等权,合计0个扫描,0,314,533,0.5891181988742964,533,1
142,五位类别可见模式：按位数汇总,全部,统计单位等权,合计1个扫描,1,36,533,0.0675422138836773,533,1
142,五位类别可见模式：按位数汇总,全部,统计单位等权,合计2个扫描,2,25,533,0.04690431519699813,533,1
142,五位类别可见模式：按位数汇总,全部,统计单位等权,合计3个扫描,3,22,533,0.04127579737335835,533,1
142,五位类别可见模式：按位数汇总,全部,统计单位等权,合计4个扫描,4,32,533,0.0600375234521576,533,1
142,五位类别可见模式：按位数汇总,全部,统计单位等权,合计5个扫描,5,104,533,0.1951219512195122,533,1
142,扫描命中五位编码,全部,有适用观测的帧等权,00000,0,0,141766214,0.0,533,1
142,扫描命中五位编码,全部,有适用观测的帧等权,00001,1,20232846,141766214,0.14103965127777784,533,1
142,扫描命中五位编码,全部,有适用观测的帧等权,00010,1,18361573,141766214,0.12756106587279473,533,1
142,扫描命中五位编码,全部,有适用观测的帧等权,00011,2,3618771,141766214,0.025757743004489818,533,1
142,扫描命中五位编码,全部,有适用观测的帧等权,00100,1,17878667,141766214,0.12415684287224915,533,1
142,扫描命中五位编码,全部,有适用观测的帧等权,00101,2,2319811,141766214,0.016354890387076527,533,1
142,扫描命中五位编码,全部,有适用观测的帧等权,00110,2,2732151,141766214,0.01917776976184422,533,1
142,扫描命中五位编码,全部,有适用观测的帧等权,00111,3,1746784,141766214,0.012785157235302613,533,1
142,扫描命中五位编码,全部,有适用观测的帧等权,01000,1,18209869,141766214,0.12649535107199736,533,1
142,扫描命中五位编码,全部,有适用观测的帧等权,01001,2,1906571,141766214,0.013433605047823136,533,1
142,扫描命中五位编码,全部,有适用观测的帧等权,01010,2,2045242,141766214,0.014354681594981697,533,1
142,扫描命中五位编码,全部,有适用观测的帧等权,01011,3,1008715,141766214,0.007297549597705444,533,1
142,扫描命中五位编码,全部,有适用观测的帧等权,01100,2,2738882,141766214,0.019227791863933953,533,1
142,扫描命中五位编码,全部,有适用观测的帧等权,01101,3,918316,141766214,0.006607749302968918,533,1
142,扫描命中五位编码,全部,有适用观测的帧等权,01110,3,1213934,141766214,0.008720260816201718,533,1
142,扫描命中五位编码,全部,有适用观测的帧等权,01111,4,1549486,141766214,0.011683511683194366,533,1
142,扫描命中五位编码,全部,有适用观测的帧等权,10000,1,20075913,141766214,0.13999721672191204,533,1
142,扫描命中五位编码,全部,有适用观测的帧等权,10001,2,1781672,141766214,0.012536167404676928,533,1
142,扫描命中五位编码,全部,有适用观测的帧等权,10010,2,1870253,141766214,0.013156332815709508,533,1
142,扫描命中五位编码,全部,有适用观测的帧等权,10011,3,863324,141766214,0.006234821584641898,533,1
142,扫描命中五位编码,全部,有适用观测的帧等权,10100,2,2274489,141766214,0.01600520458084594,533,1
142,扫描命中五位编码,全部,有适用观测的帧等权,10101,3,738005,141766214,0.005318704445459873,533,1
142,扫描命中五位编码,全部,有适用观测的帧等权,10110,3,929963,141766214,0.006680133078429988,533,1
142,扫描命中五位编码,全部,有适用观测的帧等权,10111,4,1016496,141766214,0.007607350664271424,533,1
142,扫描命中五位编码,全部,有适用观测的帧等权,11000,2,3680384,141766214,0.026165350368740844,533,1
142,扫描命中五位编码,全部,有适用观测的帧等权,11001,3,835428,141766214,0.0060146709997574545,533,1
142,扫描命中五位编码,全部,有适用观测的帧等权,11010,3,969105,141766214,0.00698991790024026,533,1
142,扫描命中五位编码,全部,有适用观测的帧等权,11011,4,942409,141766214,0.007041273164745912,533,1
142,扫描命中五位编码,全部,有适用观测的帧等权,11100,3,1777918,141766214,0.012964458019029818,533,1
142,扫描命中五位编码,全部,有适用观测的帧等权,11101,4,997093,141766214,0.007458040141494192,533,1
142,扫描命中五位编码,全部,有适用观测的帧等权,11110,4,1553868,141766214,0.011664911809844952,533,1
142,扫描命中五位编码,全部,有适用观测的帧等权,11111,5,4978276,141766214,0.03951182490985747,533,1
142,扫描命中五位编码：按位数汇总,全部,有适用观测的帧等权,合计0个扫描,0,0,141766214,0,533,1
142,扫描命中五位编码：按位数汇总,全部,有适用观测的帧等权,合计1个扫描,1,94758868,141766214,0.6592501278167311,533,1
142,扫描命中五位编码：按位数汇总,全部,有适用观测的帧等权,合计2个扫描,2,24968226,141766214,0.17616953683012257,533,1
142,扫描命中五位编码：按位数汇总,全部,有适用观测的帧等权,合计3个扫描,3,11001492,141766214,0.07961342297973799,533,1
142,扫描命中五位编码：按位数汇总,全部,有适用观测的帧等权,合计4个扫描,4,6059352,141766214,0.04545508746355085,533,1
142,扫描命中五位编码：按位数汇总,全部,有适用观测的帧等权,合计5个扫描,5,4978276,141766214,0.03951182490985747,533,1
142,扫描命中五位编码,全部,统计单位等权,00000,0,0,141766214,0.0,533,1
142,扫描命中五位编码,全部,统计单位等权,00001,1,20232846,141766214,0.14271980205382362,533,1
142,扫描命中五位编码,全部,统计单位等权,00010,1,18361573,141766214,0.12952009143730114,533,1
142,扫描命中五位编码,全部,统计单位等权,00011,2,3618771,141766214,0.02552632886140276,533,1
142,扫描命中五位编码,全部,统计单位等权,00100,1,17878667,141766214,0.12611373680332608,533,1
142,扫描命中五位编码,全部,统计单位等权,00101,2,2319811,141766214,0.01636363795396271,533,1
142,扫描命中五位编码,全部,统计单位等权,00110,2,2732151,141766214,0.019272229418498824,533,1
142,扫描命中五位编码,全部,统计单位等权,00111,3,1746784,141766214,0.012321581783936192,533,1
142,扫描命中五位编码,全部,统计单位等权,01000,1,18209869,141766214,0.12844999161789,533,1
142,扫描命中五位编码,全部,统计单位等权,01001,2,1906571,141766214,0.013448698009244996,533,1
142,扫描命中五位编码,全部,统计单位等权,01010,2,2045242,141766214,0.014426864781759637,533,1
142,扫描命中五位编码,全部,统计单位等权,01011,3,1008715,141766214,0.007115341318207171,533,1
142,扫描命中五位编码,全部,统计单位等权,01100,2,2738882,141766214,0.019319708996390354,533,1
142,扫描命中五位编码,全部,统计单位等权,01101,3,918316,141766214,0.006477678807166283,533,1
142,扫描命中五位编码,全部,统计单位等权,01110,3,1213934,141766214,0.008562928823083333,533,1
142,扫描命中五位编码,全部,统计单位等权,01111,4,1549486,141766214,0.010929867958525012,533,1
142,扫描命中五位编码,全部,统计单位等权,10000,1,20075913,141766214,0.14161281756455738,533,1
142,扫描命中五位编码,全部,统计单位等权,10001,2,1781672,141766214,0.012567677091242629,533,1
142,扫描命中五位编码,全部,统计单位等权,10010,2,1870253,141766214,0.013192515672316678,533,1
142,扫描命中五位编码,全部,统计单位等权,10011,3,863324,141766214,0.006089772560336555,533,1
142,扫描命中五位编码,全部,统计单位等权,10100,2,2274489,141766214,0.016043942599750883,533,1
142,扫描命中五位编码,全部,统计单位等权,10101,3,738005,141766214,0.00520578901824944,533,1
142,扫描命中五位编码,全部,统计单位等权,10110,3,929963,141766214,0.006559835194583104,533,1
142,扫描命中五位编码,全部,统计单位等权,10111,4,1016496,141766214,0.00717022745631057,533,1
142,扫描命中五位编码,全部,统计单位等权,11000,2,3680384,141766214,0.025960938760768486,533,1
142,扫描命中五位编码,全部,统计单位等权,11001,3,835428,141766214,0.0058929978901743115,533,1
142,扫描命中五位编码,全部,统计单位等权,11010,3,969105,141766214,0.006835937651547921,533,1
142,扫描命中五位编码,全部,统计单位等权,11011,4,942409,141766214,0.006647627621627816,533,1
142,扫描命中五位编码,全部,统计单位等权,11100,3,1777918,141766214,0.012541196875018472,533,1
142,扫描命中五位编码,全部,统计单位等权,11101,4,997093,141766214,0.007033361277462061,533,1
142,扫描命中五位编码,全部,统计单位等权,11110,4,1553868,141766214,0.010960778003142555,533,1
142,扫描命中五位编码,全部,统计单位等权,11111,5,4978276,141766214,0.03511609613839303,533,1
142,扫描命中五位编码：按位数汇总,全部,统计单位等权,合计0个扫描,0,0,141766214,0,533,1
142,扫描命中五位编码：按位数汇总,全部,统计单位等权,合计1个扫描,1,94758868,141766214,0.6684164394768982,533,1
142,扫描命中五位编码：按位数汇总,全部,统计单位等权,合计2个扫描,2,24968226,141766214,0.17612254214533796,533,1
142,扫描命中五位编码：按位数汇总,全部,统计单位等权,合计3个扫描,3,11001492,141766214,0.07760305992230278,533,1
142,扫描命中五位编码：按位数汇总,全部,统计单位等权,合计4个扫描,4,6059352,141766214,0.042741862317068016,533,1
142,扫描命中五位编码：按位数汇总,全部,统计单位等权,合计5个扫描,5,4978276,141766214,0.03511609613839303,533,1
142,扫描命中五位编码,当前异常占据体素,有适用观测的帧等权,00000,0,0,1531,0.0,160,1
142,扫描命中五位编码,当前异常占据体素,有适用观测的帧等权,00001,1,982,1531,0.7750018081696782,160,1
142,扫描命中五位编码,当前异常占据体素,有适用观测的帧等权,00010,1,0,1531,0.0,160,1
142,扫描命中五位编码,当前异常占据体素,有适用观测的帧等权,00011,2,163,1531,0.06179966359616329,160,1
142,扫描命中五位编码,当前异常占据体素,有适用观测的帧等权,00100,1,0,1531,0.0,160,1
142,扫描命中五位编码,当前异常占据体素,有适用观测的帧等权,00101,2,52,1531,0.03203068381218736,160,1
142,扫描命中五位编码,当前异常占据体素,有适用观测的帧等权,00110,2,0,1531,0.0,160,1
142,扫描命中五位编码,当前异常占据体素,有适用观测的帧等权,00111,3,44,1531,0.013757172774484213,160,1
142,扫描命中五位编码,当前异常占据体素,有适用观测的帧等权,01000,1,0,1531,0.0,160,1
142,扫描命中五位编码,当前异常占据体素,有适用观测的帧等权,01001,2,42,1531,0.025850869067130283,160,1
142,扫描命中五位编码,当前异常占据体素,有适用观测的帧等权,01010,2,0,1531,0.0,160,1
142,扫描命中五位编码,当前异常占据体素,有适用观测的帧等权,01011,3,15,1531,0.004703287883101325,160,1
142,扫描命中五位编码,当前异常占据体素,有适用观测的帧等权,01100,2,0,1531,0.0,160,1
142,扫描命中五位编码,当前异常占据体素,有适用观测的帧等权,01101,3,20,1531,0.007688578043547618,160,1
142,扫描命中五位编码,当前异常占据体素,有适用观测的帧等权,01110,3,0,1531,0.0,160,1
142,扫描命中五位编码,当前异常占据体素,有适用观测的帧等权,01111,4,31,1531,0.008239094124666484,160,1
142,扫描命中五位编码,当前异常占据体素,有适用观测的帧等权,10000,1,0,1531,0.0,160,1
142,扫描命中五位编码,当前异常占据体素,有适用观测的帧等权,10001,2,27,1531,0.02234675192153908,160,1
142,扫描命中五位编码,当前异常占据体素,有适用观测的帧等权,10010,2,0,1531,0.0,160,1
142,扫描命中五位编码,当前异常占据体素,有适用观测的帧等权,10011,3,18,1531,0.006619729097827075,160,1
142,扫描命中五位编码,当前异常占据体素,有适用观测的帧等权,10100,2,0,1531,0.0,160,1
142,扫描命中五位编码,当前异常占据体素,有适用观测的帧等权,10101,3,7,1531,0.0023709419665302023,160,1
142,扫描命中五位编码,当前异常占据体素,有适用观测的帧等权,10110,3,0,1531,0.0,160,1
142,扫描命中五位编码,当前异常占据体素,有适用观测的帧等权,10111,4,18,1531,0.005255890439613884,160,1
142,扫描命中五位编码,当前异常占据体素,有适用观测的帧等权,11000,2,0,1531,0.0,160,1
142,扫描命中五位编码,当前异常占据体素,有适用观测的帧等权,11001,3,23,1531,0.014083571575631467,160,1
142,扫描命中五位编码,当前异常占据体素,有适用观测的帧等权,11010,3,0,1531,0.0,160,1
142,扫描命中五位编码,当前异常占据体素,有适用观测的帧等权,11011,4,12,1531,0.002816206939108482,160,1
142,扫描命中五位编码,当前异常占据体素,有适用观测的帧等权,11100,3,0,1531,0.0,160,1
142,扫描命中五位编码,当前异常占据体素,有适用观测的帧等权,11101,4,16,1531,0.004946088796157522,160,1
142,扫描命中五位编码,当前异常占据体素,有适用观测的帧等权,11110,4,0,1531,0.0,160,1
142,扫描命中五位编码,当前异常占据体素,有适用观测的帧等权,11111,5,61,1531,0.012489661792633666,160,1
142,扫描命中五位编码：按位数汇总,当前异常占据体素,有适用观测的帧等权,合计0个扫描,0,0,1531,0,160,1
142,扫描命中五位编码：按位数汇总,当前异常占据体素,有适用观测的帧等权,合计1个扫描,1,982,1531,0.7750018081696782,160,1
142,扫描命中五位编码：按位数汇总,当前异常占据体素,有适用观测的帧等权,合计2个扫描,2,284,1531,0.14202796839702,160,1
142,扫描命中五位编码：按位数汇总,当前异常占据体素,有适用观测的帧等权,合计3个扫描,3,127,1531,0.0492232813411219,160,1
142,扫描命中五位编码：按位数汇总,当前异常占据体素,有适用观测的帧等权,合计4个扫描,4,77,1531,0.021257280299546374,160,1
142,扫描命中五位编码：按位数汇总,当前异常占据体素,有适用观测的帧等权,合计5个扫描,5,61,1531,0.012489661792633666,160,1
142,扫描命中五位编码,当前异常占据体素,统计单位等权,00000,0,0,1531,0.0,160,1
142,扫描命中五位编码,当前异常占据体素,统计单位等权,00001,1,982,1531,0.6414108425865448,160,1
142,扫描命中五位编码,当前异常占据体素,统计单位等权,00010,1,0,1531,0.0,160,1
142,扫描命中五位编码,当前异常占据体素,统计单位等权,00011,2,163,1531,0.10646636185499674,160,1
142,扫描命中五位编码,当前异常占据体素,统计单位等权,00100,1,0,1531,0.0,160,1
142,扫描命中五位编码,当前异常占据体素,统计单位等权,00101,2,52,1531,0.033964728935336384,160,1
142,扫描命中五位编码,当前异常占据体素,统计单位等权,00110,2,0,1531,0.0,160,1
142,扫描命中五位编码,当前异常占据体素,统计单位等权,00111,3,44,1531,0.028739386022207707,160,1
142,扫描命中五位编码,当前异常占据体素,统计单位等权,01000,1,0,1531,0.0,160,1
142,扫描命中五位编码,当前异常占据体素,统计单位等权,01001,2,42,1531,0.027433050293925537,160,1
142,扫描命中五位编码,当前异常占据体素,统计单位等权,01010,2,0,1531,0.0,160,1
142,扫描命中五位编码,当前异常占据体素,统计单位等权,01011,3,15,1531,0.009797517962116264,160,1
142,扫描命中五位编码,当前异常占据体素,统计单位等权,01100,2,0,1531,0.0,160,1
142,扫描命中五位编码,当前异常占据体素,统计单位等权,01101,3,20,1531,0.013063357282821686,160,1
142,扫描命中五位编码,当前异常占据体素,统计单位等权,01110,3,0,1531,0.0,160,1
142,扫描命中五位编码,当前异常占据体素,统计单位等权,01111,4,31,1531,0.020248203788373612,160,1
142,扫描命中五位编码,当前异常占据体素,统计单位等权,10000,1,0,1531,0.0,160,1
142,扫描命中五位编码,当前异常占据体素,统计单位等权,10001,2,27,1531,0.017635532331809273,160,1
142,扫描命中五位编码,当前异常占据体素,统计单位等权,10010,2,0,1531,0.0,160,1
142,扫描命中五位编码,当前异常占据体素,统计单位等权,10011,3,18,1531,0.011757021554539516,160,1
142,扫描命中五位编码,当前异常占据体素,统计单位等权,10100,2,0,1531,0.0,160,1
142,扫描命中五位编码,当前异常占据体素,统计单位等权,10101,3,7,1531,0.0045721750489875895,160,1
142,扫描命中五位编码,当前异常占据体素,统计单位等权,10110,3,0,1531,0.0,160,1
142,扫描命中五位编码,当前异常占据体素,统计单位等权,10111,4,18,1531,0.011757021554539516,160,1
142,扫描命中五位编码,当前异常占据体素,统计单位等权,11000,2,0,1531,0.0,160,1
142,扫描命中五位编码,当前异常占据体素,统计单位等权,11001,3,23,1531,0.015022860875244938,160,1
142,扫描命中五位编码,当前异常占据体素,统计单位等权,11010,3,0,1531,0.0,160,1
142,扫描命中五位编码,当前异常占据体素,统计单位等权,11011,4,12,1531,0.007838014369693011,160,1
142,扫描命中五位编码,当前异常占据体素,统计单位等权,11100,3,0,1531,0.0,160,1
142,扫描命中五位编码,当前异常占据体素,统计单位等权,11101,4,16,1531,0.010450685826257348,160,1
142,扫描命中五位编码,当前异常占据体素,统计单位等权,11110,4,0,1531,0.0,160,1
142,扫描命中五位编码,当前异常占据体素,统计单位等权,11111,5,61,1531,0.039843239712606136,160,1
142,扫描命中五位编码：按位数汇总,当前异常占据体素,统计单位等权,合计0个扫描,0,0,1531,0,160,1
142,扫描命中五位编码：按位数汇总,当前异常占据体素,统计单位等权,合计1个扫描,1,982,1531,0.6414108425865448,160,1
142,扫描命中五位编码：按位数汇总,当前异常占据体素,统计单位等权,合计2个扫描,2,284,1531,0.18549967341606793,160,1
142,扫描命中五位编码：按位数汇总,当前异常占据体素,统计单位等权,合计3个扫描,3,127,1531,0.0829523187459177,160,1
142,扫描命中五位编码：按位数汇总,当前异常占据体素,统计单位等权,合计4个扫描,4,77,1531,0.050293925538863485,160,1
142,扫描命中五位编码：按位数汇总,当前异常占据体素,统计单位等权,合计5个扫描,5,61,1531,0.039843239712606136,160,1
143,五位类别可见模式,全部,有适用观测的帧等权,00000,0,248,465,0.5333333333333333,465,1
143,五位类别可见模式,全部,有适用观测的帧等权,00001,1,6,465,0.012903225806451613,465,1
143,五位类别可见模式,全部,有适用观测的帧等权,00010,1,3,465,0.0064516129032258064,465,1
143,五位类别可见模式,全部,有适用观测的帧等权,00011,2,4,465,0.008602150537634409,465,1
143,五位类别可见模式,全部,有适用观测的帧等权,00100,1,4,465,0.008602150537634409,465,1
143,五位类别可见模式,全部,有适用观测的帧等权,00101,2,2,465,0.004301075268817204,465,1
143,五位类别可见模式,全部,有适用观测的帧等权,00110,2,1,465,0.002150537634408602,465,1
143,五位类别可见模式,全部,有适用观测的帧等权,00111,3,5,465,0.010752688172043012,465,1
143,五位类别可见模式,全部,有适用观测的帧等权,01000,1,4,465,0.008602150537634409,465,1
143,五位类别可见模式,全部,有适用观测的帧等权,01001,2,2,465,0.004301075268817204,465,1
143,五位类别可见模式,全部,有适用观测的帧等权,01010,2,3,465,0.0064516129032258064,465,1
143,五位类别可见模式,全部,有适用观测的帧等权,01011,3,1,465,0.002150537634408602,465,1
143,五位类别可见模式,全部,有适用观测的帧等权,01100,2,1,465,0.002150537634408602,465,1
143,五位类别可见模式,全部,有适用观测的帧等权,01101,3,0,465,0.0,465,1
143,五位类别可见模式,全部,有适用观测的帧等权,01110,3,1,465,0.002150537634408602,465,1
143,五位类别可见模式,全部,有适用观测的帧等权,01111,4,6,465,0.012903225806451613,465,1
143,五位类别可见模式,全部,有适用观测的帧等权,10000,1,6,465,0.012903225806451613,465,1
143,五位类别可见模式,全部,有适用观测的帧等权,10001,2,1,465,0.002150537634408602,465,1
143,五位类别可见模式,全部,有适用观测的帧等权,10010,2,3,465,0.0064516129032258064,465,1
143,五位类别可见模式,全部,有适用观测的帧等权,10011,3,2,465,0.004301075268817204,465,1
143,五位类别可见模式,全部,有适用观测的帧等权,10100,2,2,465,0.004301075268817204,465,1
143,五位类别可见模式,全部,有适用观测的帧等权,10101,3,2,465,0.004301075268817204,465,1
143,五位类别可见模式,全部,有适用观测的帧等权,10110,3,0,465,0.0,465,1
143,五位类别可见模式,全部,有适用观测的帧等权,10111,4,2,465,0.004301075268817204,465,1
143,五位类别可见模式,全部,有适用观测的帧等权,11000,2,3,465,0.0064516129032258064,465,1
143,五位类别可见模式,全部,有适用观测的帧等权,11001,3,3,465,0.0064516129032258064,465,1
143,五位类别可见模式,全部,有适用观测的帧等权,11010,3,1,465,0.002150537634408602,465,1
143,五位类别可见模式,全部,有适用观测的帧等权,11011,4,1,465,0.002150537634408602,465,1
143,五位类别可见模式,全部,有适用观测的帧等权,11100,3,5,465,0.010752688172043012,465,1
143,五位类别可见模式,全部,有适用观测的帧等权,11101,4,2,465,0.004301075268817204,465,1
143,五位类别可见模式,全部,有适用观测的帧等权,11110,4,6,465,0.012903225806451613,465,1
143,五位类别可见模式,全部,有适用观测的帧等权,11111,5,135,465,0.2903225806451613,465,1
143,五位类别可见模式：按位数汇总,全部,有适用观测的帧等权,合计0个扫描,0,248,465,0.5333333333333333,465,1
143,五位类别可见模式：按位数汇总,全部,有适用观测的帧等权,合计1个扫描,1,23,465,0.04946236559139785,465,1
143,五位类别可见模式：按位数汇总,全部,有适用观测的帧等权,合计2个扫描,2,22,465,0.047311827956989246,465,1
143,五位类别可见模式：按位数汇总,全部,有适用观测的帧等权,合计3个扫描,3,20,465,0.043010752688172046,465,1
143,五位类别可见模式：按位数汇总,全部,有适用观测的帧等权,合计4个扫描,4,17,465,0.03655913978494624,465,1
143,五位类别可见模式：按位数汇总,全部,有适用观测的帧等权,合计5个扫描,5,135,465,0.2903225806451613,465,1
143,五位类别可见模式,全部,统计单位等权,00000,0,248,465,0.5333333333333333,465,1
143,五位类别可见模式,全部,统计单位等权,00001,1,6,465,0.012903225806451613,465,1
143,五位类别可见模式,全部,统计单位等权,00010,1,3,465,0.0064516129032258064,465,1
143,五位类别可见模式,全部,统计单位等权,00011,2,4,465,0.008602150537634409,465,1
143,五位类别可见模式,全部,统计单位等权,00100,1,4,465,0.008602150537634409,465,1
143,五位类别可见模式,全部,统计单位等权,00101,2,2,465,0.004301075268817204,465,1
143,五位类别可见模式,全部,统计单位等权,00110,2,1,465,0.002150537634408602,465,1
143,五位类别可见模式,全部,统计单位等权,00111,3,5,465,0.010752688172043012,465,1
143,五位类别可见模式,全部,统计单位等权,01000,1,4,465,0.008602150537634409,465,1
143,五位类别可见模式,全部,统计单位等权,01001,2,2,465,0.004301075268817204,465,1
143,五位类别可见模式,全部,统计单位等权,01010,2,3,465,0.0064516129032258064,465,1
143,五位类别可见模式,全部,统计单位等权,01011,3,1,465,0.002150537634408602,465,1
143,五位类别可见模式,全部,统计单位等权,01100,2,1,465,0.002150537634408602,465,1
143,五位类别可见模式,全部,统计单位等权,01101,3,0,465,0.0,465,1
143,五位类别可见模式,全部,统计单位等权,01110,3,1,465,0.002150537634408602,465,1
143,五位类别可见模式,全部,统计单位等权,01111,4,6,465,0.012903225806451613,465,1
143,五位类别可见模式,全部,统计单位等权,10000,1,6,465,0.012903225806451613,465,1
143,五位类别可见模式,全部,统计单位等权,10001,2,1,465,0.002150537634408602,465,1
143,五位类别可见模式,全部,统计单位等权,10010,2,3,465,0.0064516129032258064,465,1
143,五位类别可见模式,全部,统计单位等权,10011,3,2,465,0.004301075268817204,465,1
143,五位类别可见模式,全部,统计单位等权,10100,2,2,465,0.004301075268817204,465,1
143,五位类别可见模式,全部,统计单位等权,10101,3,2,465,0.004301075268817204,465,1
143,五位类别可见模式,全部,统计单位等权,10110,3,0,465,0.0,465,1
143,五位类别可见模式,全部,统计单位等权,10111,4,2,465,0.004301075268817204,465,1
143,五位类别可见模式,全部,统计单位等权,11000,2,3,465,0.0064516129032258064,465,1
143,五位类别可见模式,全部,统计单位等权,11001,3,3,465,0.0064516129032258064,465,1
143,五位类别可见模式,全部,统计单位等权,11010,3,1,465,0.002150537634408602,465,1
143,五位类别可见模式,全部,统计单位等权,11011,4,1,465,0.002150537634408602,465,1
143,五位类别可见模式,全部,统计单位等权,11100,3,5,465,0.010752688172043012,465,1
143,五位类别可见模式,全部,统计单位等权,11101,4,2,465,0.004301075268817204,465,1
143,五位类别可见模式,全部,统计单位等权,11110,4,6,465,0.012903225806451613,465,1
143,五位类别可见模式,全部,统计单位等权,11111,5,135,465,0.2903225806451613,465,1
143,五位类别可见模式：按位数汇总,全部,统计单位等权,合计0个扫描,0,248,465,0.5333333333333333,465,1
143,五位类别可见模式：按位数汇总,全部,统计单位等权,合计1个扫描,1,23,465,0.04946236559139785,465,1
143,五位类别可见模式：按位数汇总,全部,统计单位等权,合计2个扫描,2,22,465,0.047311827956989246,465,1
143,五位类别可见模式：按位数汇总,全部,统计单位等权,合计3个扫描,3,20,465,0.043010752688172046,465,1
143,五位类别可见模式：按位数汇总,全部,统计单位等权,合计4个扫描,4,17,465,0.03655913978494624,465,1
143,五位类别可见模式：按位数汇总,全部,统计单位等权,合计5个扫描,5,135,465,0.2903225806451613,465,1
143,扫描命中五位编码,全部,有适用观测的帧等权,00000,0,0,121772077,0.0,465,1
143,扫描命中五位编码,全部,有适用观测的帧等权,00001,1,17164378,121772077,0.13932908760592602,465,1
143,扫描命中五位编码,全部,有适用观测的帧等权,00010,1,15568919,121772077,0.12603098916069463,465,1
143,扫描命中五位编码,全部,有适用观测的帧等权,00011,2,3121770,121772077,0.025845843893029907,465,1
143,扫描命中五位编码,全部,有适用观测的帧等权,00100,1,15176065,121772077,0.12282432524266003,465,1
143,扫描命中五位编码,全部,有适用观测的帧等权,00101,2,1990642,121772077,0.016370856856141713,465,1
143,扫描命中五位编码,全部,有适用观测的帧等权,00110,2,2352154,121772077,0.019202381820433444,465,1
143,扫描命中五位编码,全部,有适用观测的帧等权,00111,3,1528101,121772077,0.012994658306973186,465,1
143,扫描命中五位编码,全部,有适用观测的帧等权,01000,1,15451112,121772077,0.12513541421360927,465,1
143,扫描命中五位编码,全部,有适用观测的帧等权,01001,2,1653080,121772077,0.013585890810466218,465,1
143,扫描命中五位编码,全部,有适用观测的帧等权,01010,2,1753156,121772077,0.014370101235885162,465,1
143,扫描命中五位编码,全部,有适用观测的帧等权,01011,3,883932,121772077,0.007431256468117966,465,1
143,扫描命中五位编码,全部,有适用观测的帧等权,01100,2,2352831,121772077,0.019202602623302357,465,1
143,扫描命中五位编码,全部,有适用观测的帧等权,01101,3,811205,121772077,0.006776286706861297,465,1
143,扫描命中五位编码,全部,有适用观测的帧等权,01110,3,1049414,121772077,0.008744109647489628,465,1
143,扫描命中五位编码,全部,有适用观测的帧等权,01111,4,1402039,121772077,0.01222243406688649,465,1
143,扫描命中五位编码,全部,有适用观测的帧等权,10000,1,17044563,121772077,0.13850131496061266,465,1
143,扫描命中五位编码,全部,有适用观测的帧等权,10001,2,1553127,121772077,0.012758708237548558,465,1
143,扫描命中五位编码,全部,有适用观测的帧等权,10010,2,1628761,121772077,0.013364246494467356,465,1
143,扫描命中五位编码,全部,有适用观测的帧等权,10011,3,766912,121772077,0.006427015676402507,465,1
143,扫描命中五位编码,全部,有适用观测的帧等权,10100,2,1956796,121772077,0.016070761282623646,465,1
143,扫描命中五位编码,全部,有适用观测的帧等权,10101,3,650007,121772077,0.005459217704535211,465,1
143,扫描命中五位编码,全部,有适用观测的帧等权,10110,3,812074,121772077,0.0067793178915705726,465,1
143,扫描命中五位编码,全部,有适用观测的帧等权,10111,4,923642,121772077,0.007979700719985537,465,1
143,扫描命中五位编码,全部,有适用观测的帧等权,11000,2,3168806,121772077,0.02621056446010956,465,1
143,扫描命中五位编码,全部,有适用观测的帧等权,11001,3,748145,121772077,0.006250809872149327,465,1
143,扫描命中五位编码,全部,有适用观测的帧等权,11010,3,856742,121772077,0.007181363894049388,465,1
143,扫描命中五位编码,全部,有适用观测的帧等权,11011,4,853157,121772077,0.007347609289261696,465,1
143,扫描命中五位编码,全部,有适用观测的帧等权,11100,3,1566297,121772077,0.013266208010721746,465,1
143,扫描命中五位编码,全部,有适用观测的帧等权,11101,4,899953,121772077,0.007763017558608794,465,1
143,扫描命中五位编码,全部,有适用观测的帧等权,11110,4,1410768,121772077,0.012253312733831307,465,1
143,扫描命中五位编码,全部,有适用观测的帧等权,11111,5,4673529,121772077,0.04232059255504478,465,1
143,扫描命中五位编码：按位数汇总,全部,有适用观测的帧等权,合计0个扫描,0,0,121772077,0,465,1
143,扫描命中五位编码：按位数汇总,全部,有适用观测的帧等权,合计1个扫描,1,80405037,121772077,0.6518211311835026,465,1
143,扫描命中五位编码：按位数汇总,全部,有适用观测的帧等权,合计2个扫描,2,21531123,121772077,0.17698195771400793,465,1
143,扫描命中五位编码：按位数汇总,全部,有适用观测的帧等权,合计3个扫描,3,9672829,121772077,0.08131024417887082,465,1
143,扫描命中五位编码：按位数汇总,全部,有适用观测的帧等权,合计4个扫描,4,5489559,121772077,0.047566074368573824,465,1
143,扫描命中五位编码：按位数汇总,全部,有适用观测的帧等权,合计5个扫描,5,4673529,121772077,0.04232059255504478,465,1
143,扫描命中五位编码,全部,统计单位等权,00000,0,0,121772077,0.0,465,1
143,扫描命中五位编码,全部,统计单位等权,00001,1,17164378,121772077,0.14095495800732707,465,1
143,扫描命中五位编码,全部,统计单位等权,00010,1,15568919,121772077,0.12785294776568523,465,1
143,扫描命中五位编码,全部,统计单位等权,00011,2,3121770,121772077,0.025636172732768612,465,1
143,扫描命中五位编码,全部,统计单位等权,00100,1,15176065,121772077,0.1246268058645333,465,1
143,扫描命中五位编码,全部,统计单位等权,00101,2,1990642,121772077,0.01634727803813349,465,1
143,扫描命中五位编码,全部,统计单位等权,00110,2,2352154,121772077,0.019316037452494137,465,1
143,扫描命中五位编码,全部,统计单位等权,00111,3,1528101,121772077,0.012548862084367667,465,1
143,扫描命中五位编码,全部,统计单位等权,01000,1,15451112,121772077,0.1268855092288522,465,1
143,扫描命中五位编码,全部,统计单位等权,01001,2,1653080,121772077,0.013575197538923476,465,1
143,扫描命中五位编码,全部,统计单位等权,01010,2,1753156,121772077,0.014397027982038936,465,1
143,扫描命中五位编码,全部,统计单位等权,01011,3,883932,121772077,0.007258905504256119,465,1
143,扫描命中五位编码,全部,统计单位等权,01100,2,2352831,121772077,0.01932159701932324,465,1
143,扫描命中五位编码,全部,统计单位等权,01101,3,811205,121772077,0.006661666779322488,465,1
143,扫描命中五位编码,全部,统计单位等权,01110,3,1049414,121772077,0.008617854157156242,465,1
143,扫描命中五位编码,全部,统计单位等权,01111,4,1402039,121772077,0.011513632965297947,465,1
143,扫描命中五位编码,全部,统计单位等权,10000,1,17044563,121772077,0.1399710296474618,465,1
143,扫描命中五位编码,全部,统计单位等权,10001,2,1553127,121772077,0.012754377179589374,465,1
143,扫描命中五位编码,全部,统计单位等权,10010,2,1628761,121772077,0.013375488372428763,465,1
143,扫描命中五位编码,全部,统计单位等权,10011,3,766912,121772077,0.006297929861211121,465,1
143,扫描命中五位编码,全部,统计单位等权,10100,2,1956796,121772077,0.016069332544931463,465,1
143,扫描命中五位编码,全部,统计单位等权,10101,3,650007,121772077,0.005337898605441377,465,1
143,扫描命中五位编码,全部,统计单位等权,10110,3,812074,121772077,0.0066688030622981,465,1
143,扫描命中五位编码,全部,统计单位等权,10111,4,923642,121772077,0.007585006536432815,465,1
143,扫描命中五位编码,全部,统计单位等权,11000,2,3168806,121772077,0.026022435340410592,465,1
143,扫描命中五位编码,全部,统计单位等权,11001,3,748145,121772077,0.006143814069952999,465,1
143,扫描命中五位编码,全部,统计单位等权,11010,3,856742,121772077,0.007035619504133119,465,1
143,扫描命中五位编码,全部,统计单位等权,11011,4,853157,121772077,0.007006179257334997,465,1
143,扫描命中五位编码,全部,统计单位等权,11100,3,1566297,121772077,0.012862530052764066,465,1
143,扫描命中五位编码,全部,统计单位等权,11101,4,899953,121772077,0.007390470969793839,465,1
143,扫描命中五位编码,全部,统计单位等权,11110,4,1410768,121772077,0.011585316065521326,465,1
143,扫描命中五位编码,全部,统计单位等权,11111,5,4673529,121772077,0.0383793158098141,465,1
143,扫描命中五位编码：按位数汇总,全部,统计单位等权,合计0个扫描,0,0,121772077,0,465,1
143,扫描命中五位编码：按位数汇总,全部,统计单位等权,合计1个扫描,1,80405037,121772077,0.6602912505138596,465,1
143,扫描命中五位编码：按位数汇总,全部,统计单位等权,合计2个扫描,2,21531123,121772077,0.17681494420104207,465,1
143,扫描命中五位编码：按位数汇总,全部,统计单位等权,合计3个扫描,3,9672829,121772077,0.0794338836809033,465,1
143,扫描命中五位编码：按位数汇总,全部,统计单位等权,合计4个扫描,4,5489559,121772077,0.045080605794380925,465,1
143,扫描命中五位编码：按位数汇总,全部,统计单位等权,合计5个扫描,5,4673529,121772077,0.0383793158098141,465,1
143,扫描命中五位编码,当前异常占据体素,有适用观测的帧等权,00000,0,0,2562,0.0,174,1
143,扫描命中五位编码,当前异常占据体素,有适用观测的帧等权,00001,1,2058,2562,0.9442416148801724,174,1
143,扫描命中五位编码,当前异常占据体素,有适用观测的帧等权,00010,1,0,2562,0.0,174,1
143,扫描命中五位编码,当前异常占据体素,有适用观测的帧等权,00011,2,325,2562,0.03498066195080391,174,1
143,扫描命中五位编码,当前异常占据体素,有适用观测的帧等权,00100,1,0,2562,0.0,174,1
143,扫描命中五位编码,当前异常占据体素,有适用观测的帧等权,00101,2,21,2562,0.002357630747632768,174,1
143,扫描命中五位编码,当前异常占据体素,有适用观测的帧等权,00110,2,0,2562,0.0,174,1
143,扫描命中五位编码,当前异常占据体素,有适用观测的帧等权,00111,3,88,2562,0.00951580957253609,174,1
143,扫描命中五位编码,当前异常占据体素,有适用观测的帧等权,01000,1,0,2562,0.0,174,1
143,扫描命中五位编码,当前异常占据体素,有适用观测的帧等权,01001,2,8,2562,0.0008093094944562099,174,1
143,扫描命中五位编码,当前异常占据体素,有适用观测的帧等权,01010,2,0,2562,0.0,174,1
143,扫描命中五位编码,当前异常占据体素,有适用观测的帧等权,01011,3,8,2562,0.000793580285413316,174,1
143,扫描命中五位编码,当前异常占据体素,有适用观测的帧等权,01100,2,0,2562,0.0,174,1
143,扫描命中五位编码,当前异常占据体素,有适用观测的帧等权,01101,3,8,2562,0.0019164597820231426,174,1
143,扫描命中五位编码,当前异常占据体素,有适用观测的帧等权,01110,3,0,2562,0.0,174,1
143,扫描命中五位编码,当前异常占据体素,有适用观测的帧等权,01111,4,28,2562,0.003877533431209335,174,1
143,扫描命中五位编码,当前异常占据体素,有适用观测的帧等权,10000,1,0,2562,0.0,174,1
143,扫描命中五位编码,当前异常占据体素,有适用观测的帧等权,10001,2,4,2562,0.00034861670326832476,174,1
143,扫描命中五位编码,当前异常占据体素,有适用观测的帧等权,10010,2,0,2562,0.0,174,1
143,扫描命中五位编码,当前异常占据体素,有适用观测的帧等权,10011,3,0,2562,0.0,174,1
143,扫描命中五位编码,当前异常占据体素,有适用观测的帧等权,10100,2,0,2562,0.0,174,1
143,扫描命中五位编码,当前异常占据体素,有适用观测的帧等权,10101,3,1,2562,8.707767328456983e-05,174,1
143,扫描命中五位编码,当前异常占据体素,有适用观测的帧等权,10110,3,0,2562,0.0,174,1
143,扫描命中五位编码,当前异常占据体素,有适用观测的帧等权,10111,4,0,2562,0.0,174,1
143,扫描命中五位编码,当前异常占据体素,有适用观测的帧等权,11000,2,0,2562,0.0,174,1
143,扫描命中五位编码,当前异常占据体素,有适用观测的帧等权,11001,3,3,2562,0.0003564946849883328,174,1
143,扫描命中五位编码,当前异常占据体素,有适用观测的帧等权,11010,3,0,2562,0.0,174,1
143,扫描命中五位编码,当前异常占据体素,有适用观测的帧等权,11011,4,2,2562,0.00015025809036698328,174,1
143,扫描命中五位编码,当前异常占据体素,有适用观测的帧等权,11100,3,0,2562,0.0,174,1
143,扫描命中五位编码,当前异常占据体素,有适用观测的帧等权,11101,4,4,2562,0.00028747494157977765,174,1
143,扫描命中五位编码,当前异常占据体素,有适用观测的帧等权,11110,4,0,2562,0.0,174,1
143,扫描命中五位编码,当前异常占据体素,有适用观测的帧等权,11111,5,4,2562,0.00027747776226478047,174,1
143,扫描命中五位编码：按位数汇总,当前异常占据体素,有适用观测的帧等权,合计0个扫描,0,0,2562,0,174,1
143,扫描命中五位编码：按位数汇总,当前异常占据体素,有适用观测的帧等权,合计1个扫描,1,2058,2562,0.9442416148801724,174,1
143,扫描命中五位编码：按位数汇总,当前异常占据体素,有适用观测的帧等权,合计2个扫描,2,358,2562,0.03849621889616121,174,1
143,扫描命中五位编码：按位数汇总,当前异常占据体素,有适用观测的帧等权,合计3个扫描,3,108,2562,0.012669421998245452,174,1
143,扫描命中五位编码：按位数汇总,当前异常占据体素,有适用观测的帧等权,合计4个扫描,4,34,2562,0.004315266463156096,174,1
143,扫描命中五位编码：按位数汇总,当前异常占据体素,有适用观测的帧等权,合计5个扫描,5,4,2562,0.00027747776226478047,174,1
143,扫描命中五位编码,当前异常占据体素,统计单位等权,00000,0,0,2562,0.0,174,1
143,扫描命中五位编码,当前异常占据体素,统计单位等权,00001,1,2058,2562,0.8032786885245902,174,1
143,扫描命中五位编码,当前异常占据体素,统计单位等权,00010,1,0,2562,0.0,174,1
143,扫描命中五位编码,当前异常占据体素,统计单位等权,00011,2,325,2562,0.12685402029664325,174,1
143,扫描命中五位编码,当前异常占据体素,统计单位等权,00100,1,0,2562,0.0,174,1
143,扫描命中五位编码,当前异常占据体素,统计单位等权,00101,2,21,2562,0.00819672131147541,174,1
143,扫描命中五位编码,当前异常占据体素,统计单位等权,00110,2,0,2562,0.0,174,1
143,扫描命中五位编码,当前异常占据体素,统计单位等权,00111,3,88,2562,0.03434816549570648,174,1
143,扫描命中五位编码,当前异常占据体素,统计单位等权,01000,1,0,2562,0.0,174,1
143,扫描命中五位编码,当前异常占据体素,统计单位等权,01001,2,8,2562,0.00312256049960968,174,1
143,扫描命中五位编码,当前异常占据体素,统计单位等权,01010,2,0,2562,0.0,174,1
143,扫描命中五位编码,当前异常占据体素,统计单位等权,01011,3,8,2562,0.00312256049960968,174,1
143,扫描命中五位编码,当前异常占据体素,统计单位等权,01100,2,0,2562,0.0,174,1
143,扫描命中五位编码,当前异常占据体素,统计单位等权,01101,3,8,2562,0.00312256049960968,174,1
143,扫描命中五位编码,当前异常占据体素,统计单位等权,01110,3,0,2562,0.0,174,1
143,扫描命中五位编码,当前异常占据体素,统计单位等权,01111,4,28,2562,0.01092896174863388,174,1
143,扫描命中五位编码,当前异常占据体素,统计单位等权,10000,1,0,2562,0.0,174,1
143,扫描命中五位编码,当前异常占据体素,统计单位等权,10001,2,4,2562,0.00156128024980484,174,1
143,扫描命中五位编码,当前异常占据体素,统计单位等权,10010,2,0,2562,0.0,174,1
143,扫描命中五位编码,当前异常占据体素,统计单位等权,10011,3,0,2562,0.0,174,1
143,扫描命中五位编码,当前异常占据体素,统计单位等权,10100,2,0,2562,0.0,174,1
143,扫描命中五位编码,当前异常占据体素,统计单位等权,10101,3,1,2562,0.00039032006245121,174,1
143,扫描命中五位编码,当前异常占据体素,统计单位等权,10110,3,0,2562,0.0,174,1
143,扫描命中五位编码,当前异常占据体素,统计单位等权,10111,4,0,2562,0.0,174,1
143,扫描命中五位编码,当前异常占据体素,统计单位等权,11000,2,0,2562,0.0,174,1
143,扫描命中五位编码,当前异常占据体素,统计单位等权,11001,3,3,2562,0.00117096018735363,174,1
143,扫描命中五位编码,当前异常占据体素,统计单位等权,11010,3,0,2562,0.0,174,1
143,扫描命中五位编码,当前异常占据体素,统计单位等权,11011,4,2,2562,0.00078064012490242,174,1
143,扫描命中五位编码,当前异常占据体素,统计单位等权,11100,3,0,2562,0.0,174,1
143,扫描命中五位编码,当前异常占据体素,统计单位等权,11101,4,4,2562,0.00156128024980484,174,1
143,扫描命中五位编码,当前异常占据体素,统计单位等权,11110,4,0,2562,0.0,174,1
143,扫描命中五位编码,当前异常占据体素,统计单位等权,11111,5,4,2562,0.00156128024980484,174,1
143,扫描命中五位编码：按位数汇总,当前异常占据体素,统计单位等权,合计0个扫描,0,0,2562,0,174,1
143,扫描命中五位编码：按位数汇总,当前异常占据体素,统计单位等权,合计1个扫描,1,2058,2562,0.8032786885245902,174,1
143,扫描命中五位编码：按位数汇总,当前异常占据体素,统计单位等权,合计2个扫描,2,358,2562,0.13973458235753317,174,1
143,扫描命中五位编码：按位数汇总,当前异常占据体素,统计单位等权,合计3个扫描,3,108,2562,0.042154566744730684,174,1
143,扫描命中五位编码：按位数汇总,当前异常占据体素,统计单位等权,合计4个扫描,4,34,2562,0.01327088212334114,174,1
143,扫描命中五位编码：按位数汇总,当前异常占据体素,统计单位等权,合计5个扫描,5,4,2562,0.00156128024980484,174,1
144,五位类别可见模式,全部,有适用观测的帧等权,00000,0,125,319,0.39184952978056425,319,1
144,五位类别可见模式,全部,有适用观测的帧等权,00001,1,7,319,0.0219435736677116,319,1
144,五位类别可见模式,全部,有适用观测的帧等权,00010,1,6,319,0.018808777429467086,319,1
144,五位类别可见模式,全部,有适用观测的帧等权,00011,2,2,319,0.006269592476489028,319,1
144,五位类别可见模式,全部,有适用观测的帧等权,00100,1,6,319,0.018808777429467086,319,1
144,五位类别可见模式,全部,有适用观测的帧等权,00101,2,1,319,0.003134796238244514,319,1
144,五位类别可见模式,全部,有适用观测的帧等权,00110,2,2,319,0.006269592476489028,319,1
144,五位类别可见模式,全部,有适用观测的帧等权,00111,3,1,319,0.003134796238244514,319,1
144,五位类别可见模式,全部,有适用观测的帧等权,01000,1,7,319,0.0219435736677116,319,1
144,五位类别可见模式,全部,有适用观测的帧等权,01001,2,0,319,0.0,319,1
144,五位类别可见模式,全部,有适用观测的帧等权,01010,2,1,319,0.003134796238244514,319,1
144,五位类别可见模式,全部,有适用观测的帧等权,01011,3,1,319,0.003134796238244514,319,1
144,五位类别可见模式,全部,有适用观测的帧等权,01100,2,2,319,0.006269592476489028,319,1
144,五位类别可见模式,全部,有适用观测的帧等权,01101,3,3,319,0.009404388714733543,319,1
144,五位类别可见模式,全部,有适用观测的帧等权,01110,3,1,319,0.003134796238244514,319,1
144,五位类别可见模式,全部,有适用观测的帧等权,01111,4,2,319,0.006269592476489028,319,1
144,五位类别可见模式,全部,有适用观测的帧等权,10000,1,6,319,0.018808777429467086,319,1
144,五位类别可见模式,全部,有适用观测的帧等权,10001,2,1,319,0.003134796238244514,319,1
144,五位类别可见模式,全部,有适用观测的帧等权,10010,2,1,319,0.003134796238244514,319,1
144,五位类别可见模式,全部,有适用观测的帧等权,10011,3,1,319,0.003134796238244514,319,1
144,五位类别可见模式,全部,有适用观测的帧等权,10100,2,1,319,0.003134796238244514,319,1
144,五位类别可见模式,全部,有适用观测的帧等权,10101,3,1,319,0.003134796238244514,319,1
144,五位类别可见模式,全部,有适用观测的帧等权,10110,3,3,319,0.009404388714733543,319,1
144,五位类别可见模式,全部,有适用观测的帧等权,10111,4,2,319,0.006269592476489028,319,1
144,五位类别可见模式,全部,有适用观测的帧等权,11000,2,0,319,0.0,319,1
144,五位类别可见模式,全部,有适用观测的帧等权,11001,3,2,319,0.006269592476489028,319,1
144,五位类别可见模式,全部,有适用观测的帧等权,11010,3,1,319,0.003134796238244514,319,1
144,五位类别可见模式,全部,有适用观测的帧等权,11011,4,4,319,0.012539184952978056,319,1
144,五位类别可见模式,全部,有适用观测的帧等权,11100,3,0,319,0.0,319,1
144,五位类别可见模式,全部,有适用观测的帧等权,11101,4,2,319,0.006269592476489028,319,1
144,五位类别可见模式,全部,有适用观测的帧等权,11110,4,1,319,0.003134796238244514,319,1
144,五位类别可见模式,全部,有适用观测的帧等权,11111,5,126,319,0.3949843260188088,319,1
144,五位类别可见模式：按位数汇总,全部,有适用观测的帧等权,合计0个扫描,0,125,319,0.39184952978056425,319,1
144,五位类别可见模式：按位数汇总,全部,有适用观测的帧等权,合计1个扫描,1,32,319,0.10031347962382445,319,1
144,五位类别可见模式：按位数汇总,全部,有适用观测的帧等权,合计2个扫描,2,11,319,0.034482758620689655,319,1
144,五位类别可见模式：按位数汇总,全部,有适用观测的帧等权,合计3个扫描,3,14,319,0.0438871473354232,319,1
144,五位类别可见模式：按位数汇总,全部,有适用观测的帧等权,合计4个扫描,4,11,319,0.034482758620689655,319,1
144,五位类别可见模式：按位数汇总,全部,有适用观测的帧等权,合计5个扫描,5,126,319,0.3949843260188088,319,1
144,五位类别可见模式,全部,统计单位等权,00000,0,125,319,0.39184952978056425,319,1
144,五位类别可见模式,全部,统计单位等权,00001,1,7,319,0.0219435736677116,319,1
144,五位类别可见模式,全部,统计单位等权,00010,1,6,319,0.018808777429467086,319,1
144,五位类别可见模式,全部,统计单位等权,00011,2,2,319,0.006269592476489028,319,1
144,五位类别可见模式,全部,统计单位等权,00100,1,6,319,0.018808777429467086,319,1
144,五位类别可见模式,全部,统计单位等权,00101,2,1,319,0.003134796238244514,319,1
144,五位类别可见模式,全部,统计单位等权,00110,2,2,319,0.006269592476489028,319,1
144,五位类别可见模式,全部,统计单位等权,00111,3,1,319,0.003134796238244514,319,1
144,五位类别可见模式,全部,统计单位等权,01000,1,7,319,0.0219435736677116,319,1
144,五位类别可见模式,全部,统计单位等权,01001,2,0,319,0.0,319,1
144,五位类别可见模式,全部,统计单位等权,01010,2,1,319,0.003134796238244514,319,1
144,五位类别可见模式,全部,统计单位等权,01011,3,1,319,0.003134796238244514,319,1
144,五位类别可见模式,全部,统计单位等权,01100,2,2,319,0.006269592476489028,319,1
144,五位类别可见模式,全部,统计单位等权,01101,3,3,319,0.009404388714733543,319,1
144,五位类别可见模式,全部,统计单位等权,01110,3,1,319,0.003134796238244514,319,1
144,五位类别可见模式,全部,统计单位等权,01111,4,2,319,0.006269592476489028,319,1
144,五位类别可见模式,全部,统计单位等权,10000,1,6,319,0.018808777429467086,319,1
144,五位类别可见模式,全部,统计单位等权,10001,2,1,319,0.003134796238244514,319,1
144,五位类别可见模式,全部,统计单位等权,10010,2,1,319,0.003134796238244514,319,1
144,五位类别可见模式,全部,统计单位等权,10011,3,1,319,0.003134796238244514,319,1
144,五位类别可见模式,全部,统计单位等权,10100,2,1,319,0.003134796238244514,319,1
144,五位类别可见模式,全部,统计单位等权,10101,3,1,319,0.003134796238244514,319,1
144,五位类别可见模式,全部,统计单位等权,10110,3,3,319,0.009404388714733543,319,1
144,五位类别可见模式,全部,统计单位等权,10111,4,2,319,0.006269592476489028,319,1
144,五位类别可见模式,全部,统计单位等权,11000,2,0,319,0.0,319,1
144,五位类别可见模式,全部,统计单位等权,11001,3,2,319,0.006269592476489028,319,1
144,五位类别可见模式,全部,统计单位等权,11010,3,1,319,0.003134796238244514,319,1
144,五位类别可见模式,全部,统计单位等权,11011,4,4,319,0.012539184952978056,319,1
144,五位类别可见模式,全部,统计单位等权,11100,3,0,319,0.0,319,1
144,五位类别可见模式,全部,统计单位等权,11101,4,2,319,0.006269592476489028,319,1
144,五位类别可见模式,全部,统计单位等权,11110,4,1,319,0.003134796238244514,319,1
144,五位类别可见模式,全部,统计单位等权,11111,5,126,319,0.3949843260188088,319,1
144,五位类别可见模式：按位数汇总,全部,统计单位等权,合计0个扫描,0,125,319,0.39184952978056425,319,1
144,五位类别可见模式：按位数汇总,全部,统计单位等权,合计1个扫描,1,32,319,0.10031347962382445,319,1
144,五位类别可见模式：按位数汇总,全部,统计单位等权,合计2个扫描,2,11,319,0.034482758620689655,319,1
144,五位类别可见模式：按位数汇总,全部,统计单位等权,合计3个扫描,3,14,319,0.0438871473354232,319,1
144,五位类别可见模式：按位数汇总,全部,统计单位等权,合计4个扫描,4,11,319,0.034482758620689655,319,1
144,五位类别可见模式：按位数汇总,全部,统计单位等权,合计5个扫描,5,126,319,0.3949843260188088,319,1
144,扫描命中五位编码,全部,有适用观测的帧等权,00000,0,0,77717479,0.0,319,1
144,扫描命中五位编码,全部,有适用观测的帧等权,00001,1,10567597,77717479,0.1349988744815659,319,1
144,扫描命中五位编码,全部,有适用观测的帧等权,00010,1,9506266,77717479,0.12118470929698627,319,1
144,扫描命中五位编码,全部,有适用观测的帧等权,00011,2,2085049,77717479,0.02686530335008246,319,1
144,扫描命中五位编码,全部,有适用观测的帧等权,00100,1,9277847,77717479,0.11829262341999437,319,1
144,扫描命中五位编码,全部,有适用观测的帧等权,00101,2,1292033,77717479,0.016496610372356394,319,1
144,扫描命中五位编码,全部,有适用观测的帧等权,00110,2,1538477,77717479,0.01971611289960622,319,1
144,扫描命中五位编码,全部,有适用观测的帧等权,00111,3,1081065,77717479,0.014088618619037815,319,1
144,扫描命中五位编码,全部,有适用观测的帧等权,01000,1,9516119,77717479,0.12142520053286444,319,1
144,扫描命中五位编码,全部,有适用观测的帧等权,01001,2,1057623,77717479,0.013505545193008539,319,1
144,扫描命中五位编码,全部,有适用观测的帧等权,01010,2,1126612,77717479,0.014304207556097561,319,1
144,扫描命中五位编码,全部,有适用观测的帧等权,01011,3,601442,77717479,0.007761376742459733,319,1
144,扫描命中五位编码,全部,有适用观测的帧等权,01100,2,1543436,77717479,0.01975476732977036,319,1
144,扫描命中五位编码,全部,有适用观测的帧等权,01101,3,542531,77717479,0.007031829667600744,319,1
144,扫描命中五位编码,全部,有适用观测的帧等权,01110,3,726407,77717479,0.009355305042689015,319,1
144,扫描命中五位编码,全部,有适用观测的帧等权,01111,4,1030969,77717479,0.013679844929995548,319,1
144,扫描命中五位编码,全部,有适用观测的帧等权,10000,1,10680357,77717479,0.13671333810399144,319,1
144,扫描命中五位编码,全部,有适用观测的帧等权,10001,2,1000659,77717479,0.012719493912339954,319,1
144,扫描命中五位编码,全部,有适用观测的帧等权,10010,2,1039268,77717479,0.013262721226431276,319,1
144,扫描命中五位编码,全部,有适用观测的帧等权,10011,3,528865,77717479,0.006833863396116884,319,1
144,扫描命中五位编码,全部,有适用观测的帧等权,10100,2,1269967,77717479,0.016171552671149805,319,1
144,扫描命中五位编码,全部,有适用观测的帧等权,10101,3,431075,77717479,0.0055071428846811795,319,1
144,扫描命中五位编码,全部,有适用观测的帧等权,10110,3,541663,77717479,0.00697927817725428,319,1
144,扫描命中五位编码,全部,有适用观测的帧等权,10111,4,662540,77717479,0.008749251401251233,319,1
144,扫描命中五位编码,全部,有适用观测的帧等权,11000,2,2122849,77717479,0.02726213561721606,319,1
144,扫描命中五位编码,全部,有适用观测的帧等权,11001,3,508556,77717479,0.006567037418527944,319,1
144,扫描命中五位编码,全部,有适用观测的帧等权,11010,3,575143,77717479,0.007396148967813413,319,1
144,扫描命中五位编码,全部,有适用观测的帧等权,11011,4,604209,77717479,0.007975826734659217,319,1
144,扫描命中五位编码,全部,有适用观测的帧等权,11100,3,1083488,77717479,0.014000746971366282,319,1
144,扫描命中五位编码,全部,有适用观测的帧等权,11101,4,638723,77717479,0.008403709604168539,319,1
144,扫描命中五位编码,全部,有适用观测的帧等权,11110,4,992149,77717479,0.013021456561557655,319,1
144,扫描命中五位编码,全部,有适用观测的帧等权,11111,5,3544495,77717479,0.04997536691735975,319,1
144,扫描命中五位编码：按位数汇总,全部,有适用观测的帧等权,合计0个扫描,0,0,77717479,0,319,1
144,扫描命中五位编码：按位数汇总,全部,有适用观测的帧等权,合计1个扫描,1,49548186,77717479,0.6326147458354024,319,1
144,扫描命中五位编码：按位数汇总,全部,有适用观测的帧等权,合计2个扫描,2,14075973,77717479,0.18005845012805863,319,1
144,扫描命中五位编码：按位数汇总,全部,有适用观测的帧等权,合计3个扫描,3,6620235,77717479,0.08552134788754728,319,1
144,扫描命中五位编码：按位数汇总,全部,有适用观测的帧等权,合计4个扫描,4,3928590,77717479,0.051830089231632195,319,1
144,扫描命中五位编码：按位数汇总,全部,有适用观测的帧等权,合计5个扫描,5,3544495,77717479,0.04997536691735975,319,1
144,扫描命中五位编码,全部,统计单位等权,00000,0,0,77717479,0.0,319,1
144,扫描命中五位编码,全部,统计单位等权,00001,1,10567597,77717479,0.13597452125280596,319,1
144,扫描命中五位编码,全部,统计单位等权,00010,1,9506266,77717479,0.12231824966942122,319,1
144,扫描命中五位编码,全部,统计单位等权,00011,2,2085049,77717479,0.026828572244346732,319,1
144,扫描命中五位编码,全部,统计单位等权,00100,1,9277847,77717479,0.11937915536349294,319,1
144,扫描命中五位编码,全部,统计单位等权,00101,2,1292033,77717479,0.016624741520501456,319,1
144,扫描命中五位编码,全部,统计单位等权,00110,2,1538477,77717479,0.019795765634652147,319,1
144,扫描命中五位编码,全部,统计单位等权,00111,3,1081065,77717479,0.013910191296863862,319,1
144,扫描命中五位编码,全部,统计单位等权,01000,1,9516119,77717479,0.12244502938650391,319,1
144,扫描命中五位编码,全部,统计单位等权,01001,2,1057623,77717479,0.01360856030855041,319,1
144,扫描命中五位编码,全部,统计单位等权,01010,2,1126612,77717479,0.014496249936259512,319,1
144,扫描命中五位编码,全部,统计单位等权,01011,3,601442,77717479,0.007738825393448493,319,1
144,扫描命中五位编码,全部,统计单位等权,01100,2,1543436,77717479,0.019859573674539804,319,1
144,扫描命中五位编码,全部,统计单位等权,01101,3,542531,77717479,0.006980810584450378,319,1
144,扫描命中五位编码,全部,统计单位等权,01110,3,726407,77717479,0.009346764837804377,319,1
144,扫描命中五位编码,全部,统计单位等权,01111,4,1030969,77717479,0.013265600136103232,319,1
144,扫描命中五位编码,全部,统计单位等权,10000,1,10680357,77717479,0.1374254175177247,319,1
144,扫描命中五位编码,全部,统计单位等权,10001,2,1000659,77717479,0.01287559777897582,319,1
144,扫描命中五位编码,全部,统计单位等权,10010,2,1039268,77717479,0.013372384351273154,319,1
144,扫描命中五位编码,全部,统计单位等权,10011,3,528865,77717479,0.006804968545106822,319,1
144,扫描命中五位编码,全部,统计单位等权,10100,2,1269967,77717479,0.01634081568703483,319,1
144,扫描命中五位编码,全部,统计单位等权,10101,3,431075,77717479,0.005546693041857418,319,1
144,扫描命中五位编码,全部,统计单位等权,10110,3,541663,77717479,0.006969641925724327,319,1
144,扫描命中五位编码,全部,统计单位等权,10111,4,662540,77717479,0.00852498059027365,319,1
144,扫描命中五位编码,全部,统计单位等权,11000,2,2122849,77717479,0.027314949317900544,319,1
144,扫描命中五位编码,全部,统计单位等权,11001,3,508556,77717479,0.0065436502385776045,319,1
144,扫描命中五位编码,全部,统计单位等权,11010,3,575143,77717479,0.007400433048014849,319,1
144,扫描命中五位编码,全部,统计单位等权,11011,4,604209,77717479,0.007774428709917366,319,1
144,扫描命中五位编码,全部,统计单位等权,11100,3,1083488,77717479,0.013941368324621029,319,1
144,扫描命中五位编码,全部,统计单位等权,11101,4,638723,77717479,0.008218524432579703,319,1
144,扫描命中五位编码,全部,统计单位等权,11110,4,992149,77717479,0.012766098601834473,319,1
144,扫描命中五位编码,全部,统计单位等权,11111,5,3544495,77717479,0.04560743664883932,319,1
144,扫描命中五位编码：按位数汇总,全部,统计单位等权,合计0个扫描,0,0,77717479,0,319,1
144,扫描命中五位编码：按位数汇总,全部,统计单位等权,合计1个扫描,1,49548186,77717479,0.6375423731899488,319,1
144,扫描命中五位编码：按位数汇总,全部,统计单位等权,合计2个扫描,2,14075973,77717479,0.18111721045403442,319,1
144,扫描命中五位编码：按位数汇总,全部,统计单位等权,合计3个扫描,3,6620235,77717479,0.08518334723646916,319,1
144,扫描命中五位编码：按位数汇总,全部,统计单位等权,合计4个扫描,4,3928590,77717479,0.05054963247070843,319,1
144,扫描命中五位编码：按位数汇总,全部,统计单位等权,合计5个扫描,5,3544495,77717479,0.04560743664883932,319,1
144,扫描命中五位编码,当前异常占据体素,有适用观测的帧等权,00000,0,0,3817,0.0,156,1
144,扫描命中五位编码,当前异常占据体素,有适用观测的帧等权,00001,1,817,3817,0.6510833777306397,156,1
144,扫描命中五位编码,当前异常占据体素,有适用观测的帧等权,00010,1,0,3817,0.0,156,1
144,扫描命中五位编码,当前异常占据体素,有适用观测的帧等权,00011,2,181,3817,0.044846560377025994,156,1
144,扫描命中五位编码,当前异常占据体素,有适用观测的帧等权,00100,1,0,3817,0.0,156,1
144,扫描命中五位编码,当前异常占据体素,有适用观测的帧等权,00101,2,129,3817,0.02672926631371344,156,1
144,扫描命中五位编码,当前异常占据体素,有适用观测的帧等权,00110,2,0,3817,0.0,156,1
144,扫描命中五位编码,当前异常占据体素,有适用观测的帧等权,00111,3,152,3817,0.01811150536084889,156,1
144,扫描命中五位编码,当前异常占据体素,有适用观测的帧等权,01000,1,0,3817,0.0,156,1
144,扫描命中五位编码,当前异常占据体素,有适用观测的帧等权,01001,2,126,3817,0.04296237791011144,156,1
144,扫描命中五位编码,当前异常占据体素,有适用观测的帧等权,01010,2,0,3817,0.0,156,1
144,扫描命中五位编码,当前异常占据体素,有适用观测的帧等权,01011,3,91,3817,0.009866559636069295,156,1
144,扫描命中五位编码,当前异常占据体素,有适用观测的帧等权,01100,2,0,3817,0.0,156,1
144,扫描命中五位编码,当前异常占据体素,有适用观测的帧等权,01101,3,72,3817,0.00681868948668184,156,1
144,扫描命中五位编码,当前异常占据体素,有适用观测的帧等权,01110,3,0,3817,0.0,156,1
144,扫描命中五位编码,当前异常占据体素,有适用观测的帧等权,01111,4,202,3817,0.01728207293314559,156,1
144,扫描命中五位编码,当前异常占据体素,有适用观测的帧等权,10000,1,0,3817,0.0,156,1
144,扫描命中五位编码,当前异常占据体素,有适用观测的帧等权,10001,2,126,3817,0.020505674826712804,156,1
144,扫描命中五位编码,当前异常占据体素,有适用观测的帧等权,10010,2,0,3817,0.0,156,1
144,扫描命中五位编码,当前异常占据体素,有适用观测的帧等权,10011,3,88,3817,0.009955541088066747,156,1
144,扫描命中五位编码,当前异常占据体素,有适用观测的帧等权,10100,2,0,3817,0.0,156,1
144,扫描命中五位编码,当前异常占据体素,有适用观测的帧等权,10101,3,61,3817,0.00774857138137457,156,1
144,扫描命中五位编码,当前异常占据体素,有适用观测的帧等权,10110,3,0,3817,0.0,156,1
144,扫描命中五位编码,当前异常占据体素,有适用观测的帧等权,10111,4,160,3817,0.017118910406693985,156,1
144,扫描命中五位编码,当前异常占据体素,有适用观测的帧等权,11000,2,0,3817,0.0,156,1
144,扫描命中五位编码,当前异常占据体素,有适用观测的帧等权,11001,3,75,3817,0.006772118878180487,156,1
144,扫描命中五位编码,当前异常占据体素,有适用观测的帧等权,11010,3,0,3817,0.0,156,1
144,扫描命中五位编码,当前异常占据体素,有适用观测的帧等权,11011,4,145,3817,0.012277567721407185,156,1
144,扫描命中五位编码,当前异常占据体素,有适用观测的帧等权,11100,3,0,3817,0.0,156,1
144,扫描命中五位编码,当前异常占据体素,有适用观测的帧等权,11101,4,134,3817,0.010921791000313421,156,1
144,扫描命中五位编码,当前异常占据体素,有适用观测的帧等权,11110,4,0,3817,0.0,156,1
144,扫描命中五位编码,当前异常占据体素,有适用观测的帧等权,11111,5,1258,3817,0.09699941494901458,156,1
144,扫描命中五位编码：按位数汇总,当前异常占据体素,有适用观测的帧等权,合计0个扫描,0,0,3817,0,156,1
144,扫描命中五位编码：按位数汇总,当前异常占据体素,有适用观测的帧等权,合计1个扫描,1,817,3817,0.6510833777306397,156,1
144,扫描命中五位编码：按位数汇总,当前异常占据体素,有适用观测的帧等权,合计2个扫描,2,562,3817,0.13504387942756368,156,1
144,扫描命中五位编码：按位数汇总,当前异常占据体素,有适用观测的帧等权,合计3个扫描,3,539,3817,0.05927298583122183,156,1
144,扫描命中五位编码：按位数汇总,当前异常占据体素,有适用观测的帧等权,合计4个扫描,4,641,3817,0.057600342061560186,156,1
144,扫描命中五位编码：按位数汇总,当前异常占据体素,有适用观测的帧等权,合计5个扫描,5,1258,3817,0.09699941494901458,156,1
144,扫描命中五位编码,当前异常占据体素,统计单位等权,00000,0,0,3817,0.0,156,1
144,扫描命中五位编码,当前异常占据体素,统计单位等权,00001,1,817,3817,0.21404244170814776,156,1
144,扫描命中五位编码,当前异常占据体素,统计单位等权,00010,1,0,3817,0.0,156,1
144,扫描命中五位编码,当前异常占据体素,统计单位等权,00011,2,181,3817,0.04741943935027509,156,1
144,扫描命中五位编码,当前异常占据体素,统计单位等权,00100,1,0,3817,0.0,156,1
144,扫描命中五位编码,当前异常占据体素,统计单位等权,00101,2,129,3817,0.03379617500654965,156,1
144,扫描命中五位编码,当前异常占据体素,统计单位等权,00110,2,0,3817,0.0,156,1
144,扫描命中五位编码,当前异常占据体素,统计单位等权,00111,3,152,3817,0.03982184962012052,156,1
144,扫描命中五位编码,当前异常占据体素,统计单位等权,01000,1,0,3817,0.0,156,1
144,扫描命中五位编码,当前异常占据体素,统计单位等权,01001,2,126,3817,0.03301021744825779,156,1
144,扫描命中五位编码,当前异常占据体素,统计单位等权,01010,2,0,3817,0.0,156,1
144,扫描命中五位编码,当前异常占据体素,统计单位等权,01011,3,91,3817,0.023840712601519518,156,1
144,扫描命中五位编码,当前异常占据体素,统计单位等权,01100,2,0,3817,0.0,156,1
144,扫描命中五位编码,当前异常占据体素,统计单位等权,01101,3,72,3817,0.018862981399004455,156,1
144,扫描命中五位编码,当前异常占据体素,统计单位等权,01110,3,0,3817,0.0,156,1
144,扫描命中五位编码,当前异常占据体素,统计单位等权,01111,4,202,3817,0.05292114225831805,156,1
144,扫描命中五位编码,当前异常占据体素,统计单位等权,10000,1,0,3817,0.0,156,1
144,扫描命中五位编码,当前异常占据体素,统计单位等权,10001,2,126,3817,0.03301021744825779,156,1
144,扫描命中五位编码,当前异常占据体素,统计单位等权,10010,2,0,3817,0.0,156,1
144,扫描命中五位编码,当前异常占据体素,统计单位等权,10011,3,88,3817,0.023054755043227664,156,1
144,扫描命中五位编码,当前异常占据体素,统计单位等权,10100,2,0,3817,0.0,156,1
144,扫描命中五位编码,当前异常占据体素,统计单位等权,10101,3,61,3817,0.015981137018600995,156,1
144,扫描命中五位编码,当前异常占据体素,统计单位等权,10110,3,0,3817,0.0,156,1
144,扫描命中五位编码,当前异常占据体素,统计单位等权,10111,4,160,3817,0.041917736442232116,156,1
144,扫描命中五位编码,当前异常占据体素,统计单位等权,11000,2,0,3817,0.0,156,1
144,扫描命中五位编码,当前异常占据体素,统计单位等权,11001,3,75,3817,0.019648938957296306,156,1
144,扫描命中五位编码,当前异常占据体素,统计单位等权,11010,3,0,3817,0.0,156,1
144,扫描命中五位编码,当前异常占据体素,统计单位等权,11011,4,145,3817,0.03798794865077286,156,1
144,扫描命中五位编码,当前异常占据体素,统计单位等权,11100,3,0,3817,0.0,156,1
144,扫描命中五位编码,当前异常占据体素,统计单位等权,11101,4,134,3817,0.0351061042703694,156,1
144,扫描命中五位编码,当前异常占据体素,统计单位等权,11110,4,0,3817,0.0,156,1
144,扫描命中五位编码,当前异常占据体素,统计单位等权,11111,5,1258,3817,0.32957820277705,156,1
144,扫描命中五位编码：按位数汇总,当前异常占据体素,统计单位等权,合计0个扫描,0,0,3817,0,156,1
144,扫描命中五位编码：按位数汇总,当前异常占据体素,统计单位等权,合计1个扫描,1,817,3817,0.21404244170814776,156,1
144,扫描命中五位编码：按位数汇总,当前异常占据体素,统计单位等权,合计2个扫描,2,562,3817,0.14723604925334033,156,1
144,扫描命中五位编码：按位数汇总,当前异常占据体素,统计单位等权,合计3个扫描,3,539,3817,0.14121037463976946,156,1
144,扫描命中五位编码：按位数汇总,当前异常占据体素,统计单位等权,合计4个扫描,4,641,3817,0.16793293162169243,156,1
144,扫描命中五位编码：按位数汇总,当前异常占据体素,统计单位等权,合计5个扫描,5,1258,3817,0.32957820277705,156,1
145,五位类别可见模式,全部,有适用观测的帧等权,00000,0,142,333,0.4264264264264264,333,1
145,五位类别可见模式,全部,有适用观测的帧等权,00001,1,7,333,0.021021021021021023,333,1
145,五位类别可见模式,全部,有适用观测的帧等权,00010,1,10,333,0.03003003003003003,333,1
145,五位类别可见模式,全部,有适用观测的帧等权,00011,2,0,333,0.0,333,1
145,五位类别可见模式,全部,有适用观测的帧等权,00100,1,8,333,0.024024024024024024,333,1
145,五位类别可见模式,全部,有适用观测的帧等权,00101,2,2,333,0.006006006006006006,333,1
145,五位类别可见模式,全部,有适用观测的帧等权,00110,2,0,333,0.0,333,1
145,五位类别可见模式,全部,有适用观测的帧等权,00111,3,1,333,0.003003003003003003,333,1
145,五位类别可见模式,全部,有适用观测的帧等权,01000,1,9,333,0.02702702702702703,333,1
145,五位类别可见模式,全部,有适用观测的帧等权,01001,2,0,333,0.0,333,1
145,五位类别可见模式,全部,有适用观测的帧等权,01010,2,1,333,0.003003003003003003,333,1
145,五位类别可见模式,全部,有适用观测的帧等权,01011,3,1,333,0.003003003003003003,333,1
145,五位类别可见模式,全部,有适用观测的帧等权,01100,2,0,333,0.0,333,1
145,五位类别可见模式,全部,有适用观测的帧等权,01101,3,0,333,0.0,333,1
145,五位类别可见模式,全部,有适用观测的帧等权,01110,3,1,333,0.003003003003003003,333,1
145,五位类别可见模式,全部,有适用观测的帧等权,01111,4,2,333,0.006006006006006006,333,1
145,五位类别可见模式,全部,有适用观测的帧等权,10000,1,6,333,0.018018018018018018,333,1
145,五位类别可见模式,全部,有适用观测的帧等权,10001,2,3,333,0.009009009009009009,333,1
145,五位类别可见模式,全部,有适用观测的帧等权,10010,2,0,333,0.0,333,1
145,五位类别可见模式,全部,有适用观测的帧等权,10011,3,1,333,0.003003003003003003,333,1
145,五位类别可见模式,全部,有适用观测的帧等权,10100,2,1,333,0.003003003003003003,333,1
145,五位类别可见模式,全部,有适用观测的帧等权,10101,3,0,333,0.0,333,1
145,五位类别可见模式,全部,有适用观测的帧等权,10110,3,0,333,0.0,333,1
145,五位类别可见模式,全部,有适用观测的帧等权,10111,4,2,333,0.006006006006006006,333,1
145,五位类别可见模式,全部,有适用观测的帧等权,11000,2,0,333,0.0,333,1
145,五位类别可见模式,全部,有适用观测的帧等权,11001,3,1,333,0.003003003003003003,333,1
145,五位类别可见模式,全部,有适用观测的帧等权,11010,3,0,333,0.0,333,1
145,五位类别可见模式,全部,有适用观测的帧等权,11011,4,1,333,0.003003003003003003,333,1
145,五位类别可见模式,全部,有适用观测的帧等权,11100,3,1,333,0.003003003003003003,333,1
145,五位类别可见模式,全部,有适用观测的帧等权,11101,4,1,333,0.003003003003003003,333,1
145,五位类别可见模式,全部,有适用观测的帧等权,11110,4,1,333,0.003003003003003003,333,1
145,五位类别可见模式,全部,有适用观测的帧等权,11111,5,131,333,0.3933933933933934,333,1
145,五位类别可见模式：按位数汇总,全部,有适用观测的帧等权,合计0个扫描,0,142,333,0.4264264264264264,333,1
145,五位类别可见模式：按位数汇总,全部,有适用观测的帧等权,合计1个扫描,1,40,333,0.12012012012012012,333,1
145,五位类别可见模式：按位数汇总,全部,有适用观测的帧等权,合计2个扫描,2,7,333,0.02102102102102102,333,1
145,五位类别可见模式：按位数汇总,全部,有适用观测的帧等权,合计3个扫描,3,6,333,0.018018018018018018,333,1
145,五位类别可见模式：按位数汇总,全部,有适用观测的帧等权,合计4个扫描,4,7,333,0.02102102102102102,333,1
145,五位类别可见模式：按位数汇总,全部,有适用观测的帧等权,合计5个扫描,5,131,333,0.3933933933933934,333,1
145,五位类别可见模式,全部,统计单位等权,00000,0,142,333,0.4264264264264264,333,1
145,五位类别可见模式,全部,统计单位等权,00001,1,7,333,0.021021021021021023,333,1
145,五位类别可见模式,全部,统计单位等权,00010,1,10,333,0.03003003003003003,333,1
145,五位类别可见模式,全部,统计单位等权,00011,2,0,333,0.0,333,1
145,五位类别可见模式,全部,统计单位等权,00100,1,8,333,0.024024024024024024,333,1
145,五位类别可见模式,全部,统计单位等权,00101,2,2,333,0.006006006006006006,333,1
145,五位类别可见模式,全部,统计单位等权,00110,2,0,333,0.0,333,1
145,五位类别可见模式,全部,统计单位等权,00111,3,1,333,0.003003003003003003,333,1
145,五位类别可见模式,全部,统计单位等权,01000,1,9,333,0.02702702702702703,333,1
145,五位类别可见模式,全部,统计单位等权,01001,2,0,333,0.0,333,1
145,五位类别可见模式,全部,统计单位等权,01010,2,1,333,0.003003003003003003,333,1
145,五位类别可见模式,全部,统计单位等权,01011,3,1,333,0.003003003003003003,333,1
145,五位类别可见模式,全部,统计单位等权,01100,2,0,333,0.0,333,1
145,五位类别可见模式,全部,统计单位等权,01101,3,0,333,0.0,333,1
145,五位类别可见模式,全部,统计单位等权,01110,3,1,333,0.003003003003003003,333,1
145,五位类别可见模式,全部,统计单位等权,01111,4,2,333,0.006006006006006006,333,1
145,五位类别可见模式,全部,统计单位等权,10000,1,6,333,0.018018018018018018,333,1
145,五位类别可见模式,全部,统计单位等权,10001,2,3,333,0.009009009009009009,333,1
145,五位类别可见模式,全部,统计单位等权,10010,2,0,333,0.0,333,1
145,五位类别可见模式,全部,统计单位等权,10011,3,1,333,0.003003003003003003,333,1
145,五位类别可见模式,全部,统计单位等权,10100,2,1,333,0.003003003003003003,333,1
145,五位类别可见模式,全部,统计单位等权,10101,3,0,333,0.0,333,1
145,五位类别可见模式,全部,统计单位等权,10110,3,0,333,0.0,333,1
145,五位类别可见模式,全部,统计单位等权,10111,4,2,333,0.006006006006006006,333,1
145,五位类别可见模式,全部,统计单位等权,11000,2,0,333,0.0,333,1
145,五位类别可见模式,全部,统计单位等权,11001,3,1,333,0.003003003003003003,333,1
145,五位类别可见模式,全部,统计单位等权,11010,3,0,333,0.0,333,1
145,五位类别可见模式,全部,统计单位等权,11011,4,1,333,0.003003003003003003,333,1
145,五位类别可见模式,全部,统计单位等权,11100,3,1,333,0.003003003003003003,333,1
145,五位类别可见模式,全部,统计单位等权,11101,4,1,333,0.003003003003003003,333,1
145,五位类别可见模式,全部,统计单位等权,11110,4,1,333,0.003003003003003003,333,1
145,五位类别可见模式,全部,统计单位等权,11111,5,131,333,0.3933933933933934,333,1
145,五位类别可见模式：按位数汇总,全部,统计单位等权,合计0个扫描,0,142,333,0.4264264264264264,333,1
145,五位类别可见模式：按位数汇总,全部,统计单位等权,合计1个扫描,1,40,333,0.12012012012012012,333,1
145,五位类别可见模式：按位数汇总,全部,统计单位等权,合计2个扫描,2,7,333,0.02102102102102102,333,1
145,五位类别可见模式：按位数汇总,全部,统计单位等权,合计3个扫描,3,6,333,0.018018018018018018,333,1
145,五位类别可见模式：按位数汇总,全部,统计单位等权,合计4个扫描,4,7,333,0.02102102102102102,333,1
145,五位类别可见模式：按位数汇总,全部,统计单位等权,合计5个扫描,5,131,333,0.3933933933933934,333,1
145,扫描命中五位编码,全部,有适用观测的帧等权,00000,0,0,81133784,0.0,333,1
145,扫描命中五位编码,全部,有适用观测的帧等权,00001,1,11050829,81133784,0.13611107540272482,333,1
145,扫描命中五位编码,全部,有适用观测的帧等权,00010,1,10057849,81133784,0.12376233397608045,333,1
145,扫描命中五位编码,全部,有适用观测的帧等权,00011,2,2097171,81133784,0.025857507829929727,333,1
145,扫描命中五位编码,全部,有适用观测的帧等权,00100,1,9849550,81133784,0.1212096941099939,333,1
145,扫描命中五位编码,全部,有适用观测的帧等权,00101,2,1340689,81133784,0.01641328283533793,333,1
145,扫描命中五位编码,全部,有适用观测的帧等权,00110,2,1590889,81133784,0.01947915037766675,333,1
145,扫描命中五位编码,全部,有适用观测的帧等权,00111,3,1068701,81133784,0.013275937874148169,333,1
145,扫描命中五位编码,全部,有适用观测的帧等权,01000,1,10050630,81133784,0.12370735222179349,333,1
145,扫描命中五位编码,全部,有适用观测的帧等权,01001,2,1135180,81133784,0.013880177883823524,333,1
145,扫描命中五位编码,全部,有适用观测的帧等权,01010,2,1189543,81133784,0.014533544418724184,333,1
145,扫描命中五位编码,全部,有适用观测的帧等权,01011,3,620495,81133784,0.007611942630779956,333,1
145,扫描命中五位编码,全部,有适用观测的帧等权,01100,2,1598300,81133784,0.01955846032029325,333,1
145,扫描命中五位编码,全部,有适用观测的帧等权,01101,3,561877,81133784,0.006858600811316106,333,1
145,扫描命中五位编码,全部,有适用观测的帧等权,01110,3,741029,81133784,0.009094693009063725,333,1
145,扫描命中五位编码,全部,有适用观测的帧等权,01111,4,1014761,81133784,0.012679104582209806,333,1
145,扫描命中五位编码,全部,有适用观测的帧等权,10000,1,11101570,81133784,0.136764434160748,333,1
145,扫描命中五位编码,全部,有适用观测的帧等权,10001,2,1088725,81133784,0.013308929082789604,333,1
145,扫描命中五位编码,全部,有适用观测的帧等权,10010,2,1115898,81133784,0.013616762140331938,333,1
145,扫描命中五位编码,全部,有适用观测的帧等权,10011,3,567248,81133784,0.006963255988739562,333,1
145,扫描命中五位编码,全部,有适用观测的帧等权,10100,2,1323747,81133784,0.01617168811550277,333,1
145,扫描命中五位编码,全部,有适用观测的帧等权,10101,3,467150,81133784,0.005713942440483264,333,1
145,扫描命中五位编码,全部,有适用观测的帧等权,10110,3,568548,81133784,0.006940997176983826,333,1
145,扫描命中五位编码,全部,有适用观测的帧等权,10111,4,690626,81133784,0.00856847483463682,333,1
145,扫描命中五位编码,全部,有适用观测的帧等权,11000,2,2131981,81133784,0.02621562988091827,333,1
145,扫描命中五位编码,全部,有适用观测的帧等权,11001,3,547907,81133784,0.00670985706862032,333,1
145,扫描命中五位编码,全部,有适用观测的帧等权,11010,3,595664,81133784,0.007286546531776658,333,1
145,扫描命中五位编码,全部,有适用观测的帧等权,11011,4,638531,81133784,0.007909944729423003,333,1
145,扫描命中五位编码,全部,有适用观测的帧等权,11100,3,1080158,81133784,0.01334020440168039,333,1
145,扫描命中五位编码,全部,有适用观测的帧等权,11101,4,670528,81133784,0.008316583104611554,333,1
145,扫描命中五位编码,全部,有适用观测的帧等权,11110,4,1001628,81133784,0.012459028742782319,333,1
145,扫描命中五位编码,全部,有适用观测的帧等权,11111,5,3576382,81133784,0.0456808633160859,333,1
145,扫描命中五位编码：按位数汇总,全部,有适用观测的帧等权,合计0个扫描,0,0,81133784,0,333,1
145,扫描命中五位编码：按位数汇总,全部,有适用观测的帧等权,合计1个扫描,1,52110428,81133784,0.6415548898713407,333,1
145,扫描命中五位编码：按位数汇总,全部,有适用观测的帧等权,合计2个扫描,2,14612123,81133784,0.17903513288531794,333,1
145,扫描命中五位编码：按位数汇总,全部,有适用观测的帧等权,合计3个扫描,3,6818777,81133784,0.08379597793359198,333,1
145,扫描命中五位编码：按位数汇总,全部,有适用观测的帧等权,合计4个扫描,4,4016074,81133784,0.0499331359936635,333,1
145,扫描命中五位编码：按位数汇总,全部,有适用观测的帧等权,合计5个扫描,5,3576382,81133784,0.0456808633160859,333,1
145,扫描命中五位编码,全部,统计单位等权,00000,0,0,81133784,0.0,333,1
145,扫描命中五位编码,全部,统计单位等权,00001,1,11050829,81133784,0.1362050240378287,333,1
145,扫描命中五位编码,全部,统计单位等权,00010,1,10057849,81133784,0.12396622595588541,333,1
145,扫描命中五位编码,全部,统计单位等权,00011,2,2097171,81133784,0.025848307531175917,333,1
145,扫描命中五位编码,全部,统计单位等权,00100,1,9849550,81133784,0.12139887374167092,333,1
145,扫描命中五位编码,全部,统计单位等权,00101,2,1340689,81133784,0.016524423414049073,333,1
145,扫描命中五位编码,全部,统计单位等权,00110,2,1590889,81133784,0.019608218938734573,333,1
145,扫描命中五位编码,全部,统计单位等权,00111,3,1068701,81133784,0.013172083777086004,333,1
145,扫描命中五位编码,全部,统计单位等权,01000,1,10050630,81133784,0.12387724945751329,333,1
145,扫描命中五位编码,全部,统计单位等权,01001,2,1135180,81133784,0.013991458847771724,333,1
145,扫描命中五位编码,全部,统计单位等权,01010,2,1189543,81133784,0.01466150031902863,333,1
145,扫描命中五位编码,全部,统计单位等权,01011,3,620495,81133784,0.007647800575898198,333,1
145,扫描命中五位编码,全部,统计单位等权,01100,2,1598300,81133784,0.019699561898900216,333,1
145,扫描命中五位编码,全部,统计单位等权,01101,3,561877,81133784,0.0069253148602066925,333,1
145,扫描命中五位编码,全部,统计单位等权,01110,3,741029,81133784,0.009133420918713714,333,1
145,扫描命中五位编码,全部,统计单位等权,01111,4,1014761,81133784,0.012507255916967955,333,1
145,扫描命中五位编码,全部,统计单位等权,10000,1,11101570,81133784,0.13683042319337652,333,1
145,扫描命中五位编码,全部,统计单位等权,10001,2,1088725,81133784,0.013418886021635575,333,1
145,扫描命中五位编码,全部,统计单位等权,10010,2,1115898,81133784,0.013753801992028376,333,1
145,扫描命中五位编码,全部,统计单位等权,10011,3,567248,81133784,0.006991514163816148,333,1
145,扫描命中五位编码,全部,统计单位等权,10100,2,1323747,81133784,0.016315607811414293,333,1
145,扫描命中五位编码,全部,统计单位等权,10101,3,467150,81133784,0.005757774098148805,333,1
145,扫描命中五位编码,全部,统计单位等权,10110,3,568548,81133784,0.007007537082209798,333,1
145,扫描命中五位编码,全部,统计单位等权,10111,4,690626,81133784,0.008512187721948233,333,1
145,扫描命中五位编码,全部,统计单位等权,11000,2,2131981,81133784,0.02627735198447049,333,1
145,扫描命中五位编码,全部,统计单位等权,11001,3,547907,81133784,0.006753130114084165,333,1
145,扫描命中五位编码,全部,统计单位等权,11010,3,595664,81133784,0.0073417505092576475,333,1
145,扫描命中五位编码,全部,统计单位等权,11011,4,638531,81133784,0.007870100080627326,333,1
145,扫描命中五位编码,全部,统计单位等权,11100,3,1080158,81133784,0.013313294989421423,333,1
145,扫描命中五位编码,全部,统计单位等权,11101,4,670528,81133784,0.008264473403582408,333,1
145,扫描命中五位编码,全部,统计单位等权,11110,4,1001628,81133784,0.01234538746522657,333,1
145,扫描命中五位编码,全部,统计单位等权,11111,5,3576382,81133784,0.04408005917732125,333,1
145,扫描命中五位编码：按位数汇总,全部,统计单位等权,合计0个扫描,0,0,81133784,0,333,1
145,扫描命中五位编码：按位数汇总,全部,统计单位等权,合计1个扫描,1,52110428,81133784,0.6422777963862748,333,1
145,扫描命中五位编码：按位数汇总,全部,统计单位等权,合计2个扫描,2,14612123,81133784,0.18009911875920886,333,1
145,扫描命中五位编码：按位数汇总,全部,统计单位等权,合计3个扫描,3,6818777,81133784,0.0840436210888426,333,1
145,扫描命中五位编码：按位数汇总,全部,统计单位等权,合计4个扫描,4,4016074,81133784,0.04949940458835249,333,1
145,扫描命中五位编码：按位数汇总,全部,统计单位等权,合计5个扫描,5,3576382,81133784,0.04408005917732125,333,1
145,扫描命中五位编码,当前异常占据体素,有适用观测的帧等权,00000,0,0,3263,0.0,153,1
145,扫描命中五位编码,当前异常占据体素,有适用观测的帧等权,00001,1,1026,3263,0.7228111071537645,153,1
145,扫描命中五位编码,当前异常占据体素,有适用观测的帧等权,00010,1,0,3263,0.0,153,1
145,扫描命中五位编码,当前异常占据体素,有适用观测的帧等权,00011,2,197,3263,0.03049575557846473,153,1
145,扫描命中五位编码,当前异常占据体素,有适用观测的帧等权,00100,1,0,3263,0.0,153,1
145,扫描命中五位编码,当前异常占据体素,有适用观测的帧等权,00101,2,189,3263,0.03737968387384833,153,1
145,扫描命中五位编码,当前异常占据体素,有适用观测的帧等权,00110,2,0,3263,0.0,153,1
145,扫描命中五位编码,当前异常占据体素,有适用观测的帧等权,00111,3,134,3263,0.015473382746907825,153,1
145,扫描命中五位编码,当前异常占据体素,有适用观测的帧等权,01000,1,0,3263,0.0,153,1
145,扫描命中五位编码,当前异常占据体素,有适用观测的帧等权,01001,2,149,3263,0.03701461063813843,153,1
145,扫描命中五位编码,当前异常占据体素,有适用观测的帧等权,01010,2,0,3263,0.0,153,1
145,扫描命中五位编码,当前异常占据体素,有适用观测的帧等权,01011,3,87,3263,0.009667573910270344,153,1
145,扫描命中五位编码,当前异常占据体素,有适用观测的帧等权,01100,2,0,3263,0.0,153,1
145,扫描命中五位编码,当前异常占据体素,有适用观测的帧等权,01101,3,72,3263,0.008974794218028838,153,1
145,扫描命中五位编码,当前异常占据体素,有适用观测的帧等权,01110,3,0,3263,0.0,153,1
145,扫描命中五位编码,当前异常占据体素,有适用观测的帧等权,01111,4,170,3263,0.01569355722139714,153,1
145,扫描命中五位编码,当前异常占据体素,有适用观测的帧等权,10000,1,0,3263,0.0,153,1
145,扫描命中五位编码,当前异常占据体素,有适用观测的帧等权,10001,2,107,3263,0.0163154514821579,153,1
145,扫描命中五位编码,当前异常占据体素,有适用观测的帧等权,10010,2,0,3263,0.0,153,1
145,扫描命中五位编码,当前异常占据体素,有适用观测的帧等权,10011,3,79,3263,0.00905836700782989,153,1
145,扫描命中五位编码,当前异常占据体素,有适用观测的帧等权,10100,2,0,3263,0.0,153,1
145,扫描命中五位编码,当前异常占据体素,有适用观测的帧等权,10101,3,49,3263,0.005903788022077974,153,1
145,扫描命中五位编码,当前异常占据体素,有适用观测的帧等权,10110,3,0,3263,0.0,153,1
145,扫描命中五位编码,当前异常占据体素,有适用观测的帧等权,10111,4,145,3263,0.013960108339983644,153,1
145,扫描命中五位编码,当前异常占据体素,有适用观测的帧等权,11000,2,0,3263,0.0,153,1
145,扫描命中五位编码,当前异常占据体素,有适用观测的帧等权,11001,3,69,3263,0.008171769163208558,153,1
145,扫描命中五位编码,当前异常占据体素,有适用观测的帧等权,11010,3,0,3263,0.0,153,1
145,扫描命中五位编码,当前异常占据体素,有适用观测的帧等权,11011,4,134,3263,0.013897842034882717,153,1
145,扫描命中五位编码,当前异常占据体素,有适用观测的帧等权,11100,3,0,3263,0.0,153,1
145,扫描命中五位编码,当前异常占据体素,有适用观测的帧等权,11101,4,117,3263,0.01166948636607496,153,1
145,扫描命中五位编码,当前异常占据体素,有适用观测的帧等权,11110,4,0,3263,0.0,153,1
145,扫描命中五位编码,当前异常占据体素,有适用观测的帧等权,11111,5,539,3263,0.04351272224296423,153,1
145,扫描命中五位编码：按位数汇总,当前异常占据体素,有适用观测的帧等权,合计0个扫描,0,0,3263,0,153,1
145,扫描命中五位编码：按位数汇总,当前异常占据体素,有适用观测的帧等权,合计1个扫描,1,1026,3263,0.7228111071537645,153,1
145,扫描命中五位编码：按位数汇总,当前异常占据体素,有适用观测的帧等权,合计2个扫描,2,642,3263,0.12120550157260938,153,1
145,扫描命中五位编码：按位数汇总,当前异常占据体素,有适用观测的帧等权,合计3个扫描,3,490,3263,0.05724967506832343,153,1
145,扫描命中五位编码：按位数汇总,当前异常占据体素,有适用观测的帧等权,合计4个扫描,4,566,3263,0.05522099396233846,153,1
145,扫描命中五位编码：按位数汇总,当前异常占据体素,有适用观测的帧等权,合计5个扫描,5,539,3263,0.04351272224296423,153,1
145,扫描命中五位编码,当前异常占据体素,统计单位等权,00000,0,0,3263,0.0,153,1
145,扫描命中五位编码,当前异常占据体素,统计单位等权,00001,1,1026,3263,0.3144345694146491,153,1
145,扫描命中五位编码,当前异常占据体素,统计单位等权,00010,1,0,3263,0.0,153,1
145,扫描命中五位编码,当前异常占据体素,统计单位等权,00011,2,197,3263,0.06037388905914802,153,1
145,扫描命中五位编码,当前异常占据体素,统计单位等权,00100,1,0,3263,0.0,153,1
145,扫描命中五位编码,当前异常占据体素,统计单位等权,00101,2,189,3263,0.05792215752375115,153,1
145,扫描命中五位编码,当前异常占据体素,统计单位等权,00110,2,0,3263,0.0,153,1
145,扫描命中五位编码,当前异常占据体素,统计单位等权,00111,3,134,3263,0.04106650321789764,153,1
145,扫描命中五位编码,当前异常占据体素,统计单位等权,01000,1,0,3263,0.0,153,1
145,扫描命中五位编码,当前异常占据体素,统计单位等权,01001,2,149,3263,0.04566349984676678,153,1
145,扫描命中五位编码,当前异常占据体素,统计单位等权,01010,2,0,3263,0.0,153,1
145,扫描命中五位编码,当前异常占据体素,统计单位等权,01011,3,87,3263,0.026662580447441006,153,1
145,扫描命中五位编码,当前异常占据体素,统计单位等权,01100,2,0,3263,0.0,153,1
145,扫描命中五位编码,当前异常占据体素,统计单位等权,01101,3,72,3263,0.022065583818571866,153,1
145,扫描命中五位编码,当前异常占据体素,统计单位等权,01110,3,0,3263,0.0,153,1
145,扫描命中五位编码,当前异常占据体素,统计单位等权,01111,4,170,3263,0.05209929512718357,153,1
145,扫描命中五位编码,当前异常占据体素,统计单位等权,10000,1,0,3263,0.0,153,1
145,扫描命中五位编码,当前异常占据体素,统计单位等权,10001,2,107,3263,0.03279190928593319,153,1
145,扫描命中五位编码,当前异常占据体素,统计单位等权,10010,2,0,3263,0.0,153,1
145,扫描命中五位编码,当前异常占据体素,统计单位等权,10011,3,79,3263,0.02421084891204413,153,1
145,扫描命中五位编码,当前异常占据体素,统计单位等权,10100,2,0,3263,0.0,153,1
145,扫描命中五位编码,当前异常占据体素,统计单位等权,10101,3,49,3263,0.015016855654305853,153,1
145,扫描命中五位编码,当前异常占据体素,统计单位等权,10110,3,0,3263,0.0,153,1
145,扫描命中五位编码,当前异常占据体素,统计单位等权,10111,4,145,3263,0.04443763407906834,153,1
145,扫描命中五位编码,当前异常占据体素,统计单位等权,11000,2,0,3263,0.0,153,1
145,扫描命中五位编码,当前异常占据体素,统计单位等权,11001,3,69,3263,0.021146184492798037,153,1
145,扫描命中五位编码,当前异常占据体素,统计单位等权,11010,3,0,3263,0.0,153,1
145,扫描命中五位编码,当前异常占据体素,统计单位等权,11011,4,134,3263,0.04106650321789764,153,1
145,扫描命中五位编码,当前异常占据体素,统计单位等权,11100,3,0,3263,0.0,153,1
145,扫描命中五位编码,当前异常占据体素,统计单位等权,11101,4,117,3263,0.035856573705179286,153,1
145,扫描命中五位编码,当前异常占据体素,统计单位等权,11110,4,0,3263,0.0,153,1
145,扫描命中五位编码,当前异常占据体素,统计单位等权,11111,5,539,3263,0.16518541219736438,153,1
145,扫描命中五位编码：按位数汇总,当前异常占据体素,统计单位等权,合计0个扫描,0,0,3263,0,153,1
145,扫描命中五位编码：按位数汇总,当前异常占据体素,统计单位等权,合计1个扫描,1,1026,3263,0.3144345694146491,153,1
145,扫描命中五位编码：按位数汇总,当前异常占据体素,统计单位等权,合计2个扫描,2,642,3263,0.19675145571559913,153,1
145,扫描命中五位编码：按位数汇总,当前异常占据体素,统计单位等权,合计3个扫描,3,490,3263,0.15016855654305852,153,1
145,扫描命中五位编码：按位数汇总,当前异常占据体素,统计单位等权,合计4个扫描,4,566,3263,0.17346000612932883,153,1
145,扫描命中五位编码：按位数汇总,当前异常占据体素,统计单位等权,合计5个扫描,5,539,3263,0.16518541219736438,153,1
146,五位类别可见模式,全部,有适用观测的帧等权,00000,0,241,370,0.6513513513513514,370,1
146,五位类别可见模式,全部,有适用观测的帧等权,00001,1,1,370,0.002702702702702703,370,1
146,五位类别可见模式,全部,有适用观测的帧等权,00010,1,2,370,0.005405405405405406,370,1
146,五位类别可见模式,全部,有适用观测的帧等权,00011,2,2,370,0.005405405405405406,370,1
146,五位类别可见模式,全部,有适用观测的帧等权,00100,1,3,370,0.008108108108108109,370,1
146,五位类别可见模式,全部,有适用观测的帧等权,00101,2,0,370,0.0,370,1
146,五位类别可见模式,全部,有适用观测的帧等权,00110,2,2,370,0.005405405405405406,370,1
146,五位类别可见模式,全部,有适用观测的帧等权,00111,3,1,370,0.002702702702702703,370,1
146,五位类别可见模式,全部,有适用观测的帧等权,01000,1,2,370,0.005405405405405406,370,1
146,五位类别可见模式,全部,有适用观测的帧等权,01001,2,1,370,0.002702702702702703,370,1
146,五位类别可见模式,全部,有适用观测的帧等权,01010,2,0,370,0.0,370,1
146,五位类别可见模式,全部,有适用观测的帧等权,01011,3,0,370,0.0,370,1
146,五位类别可见模式,全部,有适用观测的帧等权,01100,2,1,370,0.002702702702702703,370,1
146,五位类别可见模式,全部,有适用观测的帧等权,01101,3,3,370,0.008108108108108109,370,1
146,五位类别可见模式,全部,有适用观测的帧等权,01110,3,1,370,0.002702702702702703,370,1
146,五位类别可见模式,全部,有适用观测的帧等权,01111,4,2,370,0.005405405405405406,370,1
146,五位类别可见模式,全部,有适用观测的帧等权,10000,1,0,370,0.0,370,1
146,五位类别可见模式,全部,有适用观测的帧等权,10001,2,3,370,0.008108108108108109,370,1
146,五位类别可见模式,全部,有适用观测的帧等权,10010,2,1,370,0.002702702702702703,370,1
146,五位类别可见模式,全部,有适用观测的帧等权,10011,3,1,370,0.002702702702702703,370,1
146,五位类别可见模式,全部,有适用观测的帧等权,10100,2,0,370,0.0,370,1
146,五位类别可见模式,全部,有适用观测的帧等权,10101,3,0,370,0.0,370,1
146,五位类别可见模式,全部,有适用观测的帧等权,10110,3,2,370,0.005405405405405406,370,1
146,五位类别可见模式,全部,有适用观测的帧等权,10111,4,2,370,0.005405405405405406,370,1
146,五位类别可见模式,全部,有适用观测的帧等权,11000,2,1,370,0.002702702702702703,370,1
146,五位类别可见模式,全部,有适用观测的帧等权,11001,3,1,370,0.002702702702702703,370,1
146,五位类别可见模式,全部,有适用观测的帧等权,11010,3,0,370,0.0,370,1
146,五位类别可见模式,全部,有适用观测的帧等权,11011,4,4,370,0.010810810810810811,370,1
146,五位类别可见模式,全部,有适用观测的帧等权,11100,3,1,370,0.002702702702702703,370,1
146,五位类别可见模式,全部,有适用观测的帧等权,11101,4,1,370,0.002702702702702703,370,1
146,五位类别可见模式,全部,有适用观测的帧等权,11110,4,1,370,0.002702702702702703,370,1
146,五位类别可见模式,全部,有适用观测的帧等权,11111,5,90,370,0.24324324324324326,370,1
146,五位类别可见模式：按位数汇总,全部,有适用观测的帧等权,合计0个扫描,0,241,370,0.6513513513513514,370,1
146,五位类别可见模式：按位数汇总,全部,有适用观测的帧等权,合计1个扫描,1,8,370,0.021621621621621623,370,1
146,五位类别可见模式：按位数汇总,全部,有适用观测的帧等权,合计2个扫描,2,11,370,0.02972972972972973,370,1
146,五位类别可见模式：按位数汇总,全部,有适用观测的帧等权,合计3个扫描,3,10,370,0.02702702702702703,370,1
146,五位类别可见模式：按位数汇总,全部,有适用观测的帧等权,合计4个扫描,4,10,370,0.02702702702702703,370,1
146,五位类别可见模式：按位数汇总,全部,有适用观测的帧等权,合计5个扫描,5,90,370,0.24324324324324326,370,1
146,五位类别可见模式,全部,统计单位等权,00000,0,241,370,0.6513513513513514,370,1
146,五位类别可见模式,全部,统计单位等权,00001,1,1,370,0.002702702702702703,370,1
146,五位类别可见模式,全部,统计单位等权,00010,1,2,370,0.005405405405405406,370,1
146,五位类别可见模式,全部,统计单位等权,00011,2,2,370,0.005405405405405406,370,1
146,五位类别可见模式,全部,统计单位等权,00100,1,3,370,0.008108108108108109,370,1
146,五位类别可见模式,全部,统计单位等权,00101,2,0,370,0.0,370,1
146,五位类别可见模式,全部,统计单位等权,00110,2,2,370,0.005405405405405406,370,1
146,五位类别可见模式,全部,统计单位等权,00111,3,1,370,0.002702702702702703,370,1
146,五位类别可见模式,全部,统计单位等权,01000,1,2,370,0.005405405405405406,370,1
146,五位类别可见模式,全部,统计单位等权,01001,2,1,370,0.002702702702702703,370,1
146,五位类别可见模式,全部,统计单位等权,01010,2,0,370,0.0,370,1
146,五位类别可见模式,全部,统计单位等权,01011,3,0,370,0.0,370,1
146,五位类别可见模式,全部,统计单位等权,01100,2,1,370,0.002702702702702703,370,1
146,五位类别可见模式,全部,统计单位等权,01101,3,3,370,0.008108108108108109,370,1
146,五位类别可见模式,全部,统计单位等权,01110,3,1,370,0.002702702702702703,370,1
146,五位类别可见模式,全部,统计单位等权,01111,4,2,370,0.005405405405405406,370,1
146,五位类别可见模式,全部,统计单位等权,10000,1,0,370,0.0,370,1
146,五位类别可见模式,全部,统计单位等权,10001,2,3,370,0.008108108108108109,370,1
146,五位类别可见模式,全部,统计单位等权,10010,2,1,370,0.002702702702702703,370,1
146,五位类别可见模式,全部,统计单位等权,10011,3,1,370,0.002702702702702703,370,1
146,五位类别可见模式,全部,统计单位等权,10100,2,0,370,0.0,370,1
146,五位类别可见模式,全部,统计单位等权,10101,3,0,370,0.0,370,1
146,五位类别可见模式,全部,统计单位等权,10110,3,2,370,0.005405405405405406,370,1
146,五位类别可见模式,全部,统计单位等权,10111,4,2,370,0.005405405405405406,370,1
146,五位类别可见模式,全部,统计单位等权,11000,2,1,370,0.002702702702702703,370,1
146,五位类别可见模式,全部,统计单位等权,11001,3,1,370,0.002702702702702703,370,1
146,五位类别可见模式,全部,统计单位等权,11010,3,0,370,0.0,370,1
146,五位类别可见模式,全部,统计单位等权,11011,4,4,370,0.010810810810810811,370,1
146,五位类别可见模式,全部,统计单位等权,11100,3,1,370,0.002702702702702703,370,1
146,五位类别可见模式,全部,统计单位等权,11101,4,1,370,0.002702702702702703,370,1
146,五位类别可见模式,全部,统计单位等权,11110,4,1,370,0.002702702702702703,370,1
146,五位类别可见模式,全部,统计单位等权,11111,5,90,370,0.24324324324324326,370,1
146,五位类别可见模式：按位数汇总,全部,统计单位等权,合计0个扫描,0,241,370,0.6513513513513514,370,1
146,五位类别可见模式：按位数汇总,全部,统计单位等权,合计1个扫描,1,8,370,0.021621621621621623,370,1
146,五位类别可见模式：按位数汇总,全部,统计单位等权,合计2个扫描,2,11,370,0.02972972972972973,370,1
146,五位类别可见模式：按位数汇总,全部,统计单位等权,合计3个扫描,3,10,370,0.02702702702702703,370,1
146,五位类别可见模式：按位数汇总,全部,统计单位等权,合计4个扫描,4,10,370,0.02702702702702703,370,1
146,五位类别可见模式：按位数汇总,全部,统计单位等权,合计5个扫描,5,90,370,0.24324324324324326,370,1
146,扫描命中五位编码,全部,有适用观测的帧等权,00000,0,0,91866416,0.0,370,1
146,扫描命中五位编码,全部,有适用观测的帧等权,00001,1,12568732,91866416,0.13675505862497214,370,1
146,扫描命中五位编码,全部,有适用观测的帧等权,00010,1,11392360,91866416,0.12382275050649082,370,1
146,扫描命中五位编码,全部,有适用观测的帧等权,00011,2,2432507,91866416,0.026526784062142008,370,1
146,扫描命中五位编码,全部,有适用观测的帧等权,00100,1,11128546,91866416,0.12093828507576171,370,1
146,扫描命中五位编码,全部,有适用观测的帧等权,00101,2,1561948,91866416,0.016916727436695766,370,1
146,扫描命中五位编码,全部,有适用观测的帧等权,00110,2,1824886,91866416,0.019804658912878116,370,1
146,扫描命中五位编码,全部,有适用观测的帧等权,00111,3,1248461,91866416,0.013664229698059955,370,1
146,扫描命中五位编码,全部,有适用观测的帧等权,01000,1,11358532,91866416,0.12343610697187367,370,1
146,扫描命中五位编码,全部,有适用观测的帧等权,01001,2,1315284,91866416,0.014235739927802922,370,1
146,扫描命中五位编码,全部,有适用观测的帧等权,01010,2,1393821,91866416,0.015080953723999348,370,1
146,扫描命中五位编码,全部,有适用观测的帧等权,01011,3,709074,91866416,0.007684410773727023,370,1
146,扫描命中五位编码,全部,有适用观测的帧等权,01100,2,1826336,91866416,0.019811434930443936,370,1
146,扫描命中五位编码,全部,有适用观测的帧等权,01101,3,643652,91866416,0.006956977265253893,370,1
146,扫描命中五位编码,全部,有适用观测的帧等权,01110,3,855200,91866416,0.009291716647762276,370,1
146,扫描命中五位编码,全部,有适用观测的帧等权,01111,4,1144790,91866416,0.012585631301702916,370,1
146,扫描命中五位编码,全部,有适用观测的帧等权,10000,1,12599930,91866416,0.13709931214905136,370,1
146,扫描命中五位编码,全部,有适用观测的帧等权,10001,2,1252109,91866416,0.013572795037101315,370,1
146,扫描命中五位编码,全部,有适用观测的帧等权,10010,2,1295676,91866416,0.014006508355904543,370,1
146,扫描命中五位编码,全部,有适用观测的帧等权,10011,3,630861,91866416,0.006847236542811637,370,1
146,扫描命中五位编码,全部,有适用观测的帧等权,10100,2,1535137,91866416,0.01660171211398779,370,1
146,扫描命中五位编码,全部,有适用观测的帧等权,10101,3,545060,91866416,0.005895709906947631,370,1
146,扫描命中五位编码,全部,有适用观测的帧等权,10110,3,645266,91866416,0.006965701109065642,370,1
146,扫描命中五位编码,全部,有适用观测的帧等权,10111,4,750048,91866416,0.008194553722234732,370,1
146,扫描命中五位编码,全部,有适用观测的帧等权,11000,2,2490493,91866416,0.0271182767233239,370,1
146,扫描命中五位编码,全部,有适用观测的帧等权,11001,3,610054,91866416,0.006612702302148742,370,1
146,扫描命中五位编码,全部,有适用观测的帧等权,11010,3,683535,91866416,0.007389639377229198,370,1
146,扫描命中五位编码,全部,有适用观测的帧等权,11011,4,685389,91866416,0.007470619000331204,370,1
146,扫描命中五位编码,全部,有适用观测的帧等权,11100,3,1265369,91866416,0.013820193989147581,370,1
146,扫描命中五位编码,全部,有适用观测的帧等权,11101,4,728381,91866416,0.007949692215945015,370,1
146,扫描命中五位编码,全部,有适用观测的帧等权,11110,4,1131751,91866416,0.012408825502619725,370,1
146,扫描命中五位编码,全部,有适用观测的帧等权,11111,5,3613228,91866416,0.04053505609258328,370,1
146,扫描命中五位编码：按位数汇总,全部,有适用观测的帧等权,合计0个扫描,0,0,91866416,0,370,1
146,扫描命中五位编码：按位数汇总,全部,有适用观测的帧等权,合计1个扫描,1,59048100,91866416,0.6420515133281497,370,1
146,扫描命中五位编码：按位数汇总,全部,有适用观测的帧等权,合计2个扫描,2,16928197,91866416,0.18367559122427965,370,1
146,扫描命中五位编码：按位数汇总,全部,有适用观测的帧等权,合计3个扫描,3,7836532,91866416,0.08512851761215358,370,1
146,扫描命中五位编码：按位数汇总,全部,有适用观测的帧等权,合计4个扫描,4,4440359,91866416,0.04860932174283359,370,1
146,扫描命中五位编码：按位数汇总,全部,有适用观测的帧等权,合计5个扫描,5,3613228,91866416,0.04053505609258328,370,1
146,扫描命中五位编码,全部,统计单位等权,00000,0,0,91866416,0.0,370,1
146,扫描命中五位编码,全部,统计单位等权,00001,1,12568732,91866416,0.13681530800113068,370,1
146,扫描命中五位编码,全部,统计单位等权,00010,1,11392360,91866416,0.12401006261091105,370,1
146,扫描命中五位编码,全部,统计单位等权,00011,2,2432507,91866416,0.026478740609626048,370,1
146,扫描命中五位编码,全部,统计单位等权,00100,1,11128546,91866416,0.1211383494050753,370,1
146,扫描命中五位编码,全部,统计单位等权,00101,2,1561948,91866416,0.017002383112453195,370,1
146,扫描命中五位编码,全部,统计单位等权,00110,2,1824886,91866416,0.019864560733489373,370,1
146,扫描命中五位编码,全部,统计单位等权,00111,3,1248461,91866416,0.01358996088407324,370,1
146,扫描命中五位编码,全部,统计单位等权,01000,1,11358532,91866416,0.12364183228830872,370,1
146,扫描命中五位编码,全部,统计单位等权,01001,2,1315284,91866416,0.014317354015421696,370,1
146,扫描命中五位编码,全部,统计单位等权,01010,2,1393821,91866416,0.01517225838003738,370,1
146,扫描命中五位编码,全部,统计单位等权,01011,3,709074,91866416,0.007718533397449619,370,1
146,扫描命中五位编码,全部,统计单位等权,01100,2,1826336,91866416,0.019880344521114222,370,1
146,扫描命中五位编码,全部,统计单位等权,01101,3,643652,91866416,0.007006390670557998,370,1
146,扫描命中五位编码,全部,统计单位等权,01110,3,855200,91866416,0.00930916908742799,370,1
146,扫描命中五位编码,全部,统计单位等权,01111,4,1144790,91866416,0.012461463610379662,370,1
146,扫描命中五位编码,全部,统计单位等权,10000,1,12599930,91866416,0.13715490979859277,370,1
146,扫描命中五位编码,全部,统计单位等权,10001,2,1252109,91866416,0.013629670716663204,370,1
146,扫描命中五位编码,全部,统计单位等权,10010,2,1295676,91866416,0.01410391366525064,370,1
146,扫描命中五位编码,全部,统计单位等权,10011,3,630861,91866416,0.006867155892965281,370,1
146,扫描命中五位编码,全部,统计单位等权,10100,2,1535137,91866416,0.016710535436584354,370,1
146,扫描命中五位编码,全部,统计单位等权,10101,3,545060,91866416,0.005933180195034494,370,1
146,扫描命中五位编码,全部,统计单位等权,10110,3,645266,91866416,0.007023959658990071,370,1
146,扫描命中五位编码,全部,统计单位等权,10111,4,750048,91866416,0.008164550579615515,370,1
146,扫描命中五位编码,全部,统计单位等权,11000,2,2490493,91866416,0.027109939719429134,370,1
146,扫描命中五位编码,全部,统计单位等权,11001,3,610054,91866416,0.00664066398323409,370,1
146,扫描命中五位编码,全部,统计单位等权,11010,3,683535,91866416,0.007440531913207543,370,1
146,扫描命中五位编码,全部,统计单位等权,11011,4,685389,91866416,0.007460713390625797,370,1
146,扫描命中五位编码,全部,统计单位等权,11100,3,1265369,91866416,0.01377401073314975,370,1
146,扫描命中五位编码,全部,统计单位等权,11101,4,728381,91866416,0.007928697251017173,370,1
146,扫描命中五位编码,全部,统计单位等权,11110,4,1131751,91866416,0.012319529260834558,370,1
146,扫描命中五位编码,全部,统计单位等权,11111,5,3613228,91866416,0.03933132647734946,370,1
146,扫描命中五位编码：按位数汇总,全部,统计单位等权,合计0个扫描,0,0,91866416,0,370,1
146,扫描命中五位编码：按位数汇总,全部,统计单位等权,合计1个扫描,1,59048100,91866416,0.6427604621040185,370,1
146,扫描命中五位编码：按位数汇总,全部,统计单位等权,合计2个扫描,2,16928197,91866416,0.18426970091006925,370,1
146,扫描命中五位编码：按位数汇总,全部,统计单位等权,合计3个扫描,3,7836532,91866416,0.08530355641609008,370,1
146,扫描命中五位编码：按位数汇总,全部,统计单位等权,合计4个扫描,4,4440359,91866416,0.0483349540924727,370,1
146,扫描命中五位编码：按位数汇总,全部,统计单位等权,合计5个扫描,5,3613228,91866416,0.03933132647734946,370,1
146,扫描命中五位编码,当前异常占据体素,有适用观测的帧等权,00000,0,0,1440,0.0,112,1
146,扫描命中五位编码,当前异常占据体素,有适用观测的帧等权,00001,1,622,1440,0.7439093717007701,112,1
146,扫描命中五位编码,当前异常占据体素,有适用观测的帧等权,00010,1,0,1440,0.0,112,1
146,扫描命中五位编码,当前异常占据体素,有适用观测的帧等权,00011,2,92,1440,0.05015958109042323,112,1
146,扫描命中五位编码,当前异常占据体素,有适用观测的帧等权,00100,1,0,1440,0.0,112,1
146,扫描命中五位编码,当前异常占据体素,有适用观测的帧等权,00101,2,92,1440,0.048973311562212865,112,1
146,扫描命中五位编码,当前异常占据体素,有适用观测的帧等权,00110,2,0,1440,0.0,112,1
146,扫描命中五位编码,当前异常占据体素,有适用观测的帧等权,00111,3,51,1440,0.011560544293140934,112,1
146,扫描命中五位编码,当前异常占据体素,有适用观测的帧等权,01000,1,0,1440,0.0,112,1
146,扫描命中五位编码,当前异常占据体素,有适用观测的帧等权,01001,2,81,1440,0.025393239594153467,112,1
146,扫描命中五位编码,当前异常占据体素,有适用观测的帧等权,01010,2,0,1440,0.0,112,1
146,扫描命中五位编码,当前异常占据体素,有适用观测的帧等权,01011,3,43,1440,0.009123382947497708,112,1
146,扫描命中五位编码,当前异常占据体素,有适用观测的帧等权,01100,2,0,1440,0.0,112,1
146,扫描命中五位编码,当前异常占据体素,有适用观测的帧等权,01101,3,27,1440,0.00688716869988758,112,1
146,扫描命中五位编码,当前异常占据体素,有适用观测的帧等权,01110,3,0,1440,0.0,112,1
146,扫描命中五位编码,当前异常占据体素,有适用观测的帧等权,01111,4,53,1440,0.010054263139794182,112,1
146,扫描命中五位编码,当前异常占据体素,有适用观测的帧等权,10000,1,0,1440,0.0,112,1
146,扫描命中五位编码,当前异常占据体素,有适用观测的帧等权,10001,2,79,1440,0.03317805762865743,112,1
146,扫描命中五位编码,当前异常占据体素,有适用观测的帧等权,10010,2,0,1440,0.0,112,1
146,扫描命中五位编码,当前异常占据体素,有适用观测的帧等权,10011,3,36,1440,0.008952300871396701,112,1
146,扫描命中五位编码,当前异常占据体素,有适用观测的帧等权,10100,2,0,1440,0.0,112,1
146,扫描命中五位编码,当前异常占据体素,有适用观测的帧等权,10101,3,27,1440,0.007089947881523778,112,1
146,扫描命中五位编码,当前异常占据体素,有适用观测的帧等权,10110,3,0,1440,0.0,112,1
146,扫描命中五位编码,当前异常占据体素,有适用观测的帧等权,10111,4,37,1440,0.007927967470452086,112,1
146,扫描命中五位编码,当前异常占据体素,有适用观测的帧等权,11000,2,0,1440,0.0,112,1
146,扫描命中五位编码,当前异常占据体素,有适用观测的帧等权,11001,3,26,1440,0.005906784845135142,112,1
146,扫描命中五位编码,当前异常占据体素,有适用观测的帧等权,11010,3,0,1440,0.0,112,1
146,扫描命中五位编码,当前异常占据体素,有适用观测的帧等权,11011,4,31,1440,0.0055053344834755085,112,1
146,扫描命中五位编码,当前异常占据体素,有适用观测的帧等权,11100,3,0,1440,0.0,112,1
146,扫描命中五位编码,当前异常占据体素,有适用观测的帧等权,11101,4,33,1440,0.006748351553564373,112,1
146,扫描命中五位编码,当前异常占据体素,有适用观测的帧等权,11110,4,0,1440,0.0,112,1
146,扫描命中五位编码,当前异常占据体素,有适用观测的帧等权,11111,5,110,1440,0.01863039223791488,112,1
146,扫描命中五位编码：按位数汇总,当前异常占据体素,有适用观测的帧等权,合计0个扫描,0,0,1440,0,112,1
146,扫描命中五位编码：按位数汇总,当前异常占据体素,有适用观测的帧等权,合计1个扫描,1,622,1440,0.7439093717007701,112,1
146,扫描命中五位编码：按位数汇总,当前异常占据体素,有适用观测的帧等权,合计2个扫描,2,344,1440,0.157704189875447,112,1
146,扫描命中五位编码：按位数汇总,当前异常占据体素,有适用观测的帧等权,合计3个扫描,3,210,1440,0.04952012953858184,112,1
146,扫描命中五位编码：按位数汇总,当前异常占据体素,有适用观测的帧等权,合计4个扫描,4,154,1440,0.03023591664728615,112,1
146,扫描命中五位编码：按位数汇总,当前异常占据体素,有适用观测的帧等权,合计5个扫描,5,110,1440,0.01863039223791488,112,1
146,扫描命中五位编码,当前异常占据体素,统计单位等权,00000,0,0,1440,0.0,112,1
146,扫描命中五位编码,当前异常占据体素,统计单位等权,00001,1,622,1440,0.43194444444444446,112,1
146,扫描命中五位编码,当前异常占据体素,统计单位等权,00010,1,0,1440,0.0,112,1
146,扫描命中五位编码,当前异常占据体素,统计单位等权,00011,2,92,1440,0.06388888888888888,112,1
146,扫描命中五位编码,当前异常占据体素,统计单位等权,00100,1,0,1440,0.0,112,1
146,扫描命中五位编码,当前异常占据体素,统计单位等权,00101,2,92,1440,0.06388888888888888,112,1
146,扫描命中五位编码,当前异常占据体素,统计单位等权,00110,2,0,1440,0.0,112,1
146,扫描命中五位编码,当前异常占据体素,统计单位等权,00111,3,51,1440,0.035416666666666666,112,1
146,扫描命中五位编码,当前异常占据体素,统计单位等权,01000,1,0,1440,0.0,112,1
146,扫描命中五位编码,当前异常占据体素,统计单位等权,01001,2,81,1440,0.05625,112,1
146,扫描命中五位编码,当前异常占据体素,统计单位等权,01010,2,0,1440,0.0,112,1
146,扫描命中五位编码,当前异常占据体素,统计单位等权,01011,3,43,1440,0.029861111111111113,112,1
146,扫描命中五位编码,当前异常占据体素,统计单位等权,01100,2,0,1440,0.0,112,1
146,扫描命中五位编码,当前异常占据体素,统计单位等权,01101,3,27,1440,0.01875,112,1
146,扫描命中五位编码,当前异常占据体素,统计单位等权,01110,3,0,1440,0.0,112,1
146,扫描命中五位编码,当前异常占据体素,统计单位等权,01111,4,53,1440,0.03680555555555556,112,1
146,扫描命中五位编码,当前异常占据体素,统计单位等权,10000,1,0,1440,0.0,112,1
146,扫描命中五位编码,当前异常占据体素,统计单位等权,10001,2,79,1440,0.05486111111111111,112,1
146,扫描命中五位编码,当前异常占据体素,统计单位等权,10010,2,0,1440,0.0,112,1
146,扫描命中五位编码,当前异常占据体素,统计单位等权,10011,3,36,1440,0.025,112,1
146,扫描命中五位编码,当前异常占据体素,统计单位等权,10100,2,0,1440,0.0,112,1
146,扫描命中五位编码,当前异常占据体素,统计单位等权,10101,3,27,1440,0.01875,112,1
146,扫描命中五位编码,当前异常占据体素,统计单位等权,10110,3,0,1440,0.0,112,1
146,扫描命中五位编码,当前异常占据体素,统计单位等权,10111,4,37,1440,0.025694444444444443,112,1
146,扫描命中五位编码,当前异常占据体素,统计单位等权,11000,2,0,1440,0.0,112,1
146,扫描命中五位编码,当前异常占据体素,统计单位等权,11001,3,26,1440,0.018055555555555554,112,1
146,扫描命中五位编码,当前异常占据体素,统计单位等权,11010,3,0,1440,0.0,112,1
146,扫描命中五位编码,当前异常占据体素,统计单位等权,11011,4,31,1440,0.021527777777777778,112,1
146,扫描命中五位编码,当前异常占据体素,统计单位等权,11100,3,0,1440,0.0,112,1
146,扫描命中五位编码,当前异常占据体素,统计单位等权,11101,4,33,1440,0.022916666666666665,112,1
146,扫描命中五位编码,当前异常占据体素,统计单位等权,11110,4,0,1440,0.0,112,1
146,扫描命中五位编码,当前异常占据体素,统计单位等权,11111,5,110,1440,0.0763888888888889,112,1
146,扫描命中五位编码：按位数汇总,当前异常占据体素,统计单位等权,合计0个扫描,0,0,1440,0,112,1
146,扫描命中五位编码：按位数汇总,当前异常占据体素,统计单位等权,合计1个扫描,1,622,1440,0.43194444444444446,112,1
146,扫描命中五位编码：按位数汇总,当前异常占据体素,统计单位等权,合计2个扫描,2,344,1440,0.23888888888888887,112,1
146,扫描命中五位编码：按位数汇总,当前异常占据体素,统计单位等权,合计3个扫描,3,210,1440,0.14583333333333334,112,1
146,扫描命中五位编码：按位数汇总,当前异常占据体素,统计单位等权,合计4个扫描,4,154,1440,0.10694444444444444,112,1
146,扫描命中五位编码：按位数汇总,当前异常占据体素,统计单位等权,合计5个扫描,5,110,1440,0.0763888888888889,112,1
147,五位类别可见模式,全部,有适用观测的帧等权,00000,0,155,397,0.3904282115869018,397,1
147,五位类别可见模式,全部,有适用观测的帧等权,00001,1,6,397,0.015113350125944584,397,1
147,五位类别可见模式,全部,有适用观测的帧等权,00010,1,5,397,0.012594458438287154,397,1
147,五位类别可见模式,全部,有适用观测的帧等权,00011,2,2,397,0.005037783375314861,397,1
147,五位类别可见模式,全部,有适用观测的帧等权,00100,1,4,397,0.010075566750629723,397,1
147,五位类别可见模式,全部,有适用观测的帧等权,00101,2,2,397,0.005037783375314861,397,1
147,五位类别可见模式,全部,有适用观测的帧等权,00110,2,1,397,0.0025188916876574307,397,1
147,五位类别可见模式,全部,有适用观测的帧等权,00111,3,3,397,0.007556675062972292,397,1
147,五位类别可见模式,全部,有适用观测的帧等权,01000,1,3,397,0.007556675062972292,397,1
147,五位类别可见模式,全部,有适用观测的帧等权,01001,2,2,397,0.005037783375314861,397,1
147,五位类别可见模式,全部,有适用观测的帧等权,01010,2,2,397,0.005037783375314861,397,1
147,五位类别可见模式,全部,有适用观测的帧等权,01011,3,1,397,0.0025188916876574307,397,1
147,五位类别可见模式,全部,有适用观测的帧等权,01100,2,2,397,0.005037783375314861,397,1
147,五位类别可见模式,全部,有适用观测的帧等权,01101,3,2,397,0.005037783375314861,397,1
147,五位类别可见模式,全部,有适用观测的帧等权,01110,3,1,397,0.0025188916876574307,397,1
147,五位类别可见模式,全部,有适用观测的帧等权,01111,4,6,397,0.015113350125944584,397,1
147,五位类别可见模式,全部,有适用观测的帧等权,10000,1,5,397,0.012594458438287154,397,1
147,五位类别可见模式,全部,有适用观测的帧等权,10001,2,1,397,0.0025188916876574307,397,1
147,五位类别可见模式,全部,有适用观测的帧等权,10010,2,1,397,0.0025188916876574307,397,1
147,五位类别可见模式,全部,有适用观测的帧等权,10011,3,2,397,0.005037783375314861,397,1
147,五位类别可见模式,全部,有适用观测的帧等权,10100,2,1,397,0.0025188916876574307,397,1
147,五位类别可见模式,全部,有适用观测的帧等权,10101,3,1,397,0.0025188916876574307,397,1
147,五位类别可见模式,全部,有适用观测的帧等权,10110,3,3,397,0.007556675062972292,397,1
147,五位类别可见模式,全部,有适用观测的帧等权,10111,4,4,397,0.010075566750629723,397,1
147,五位类别可见模式,全部,有适用观测的帧等权,11000,2,3,397,0.007556675062972292,397,1
147,五位类别可见模式,全部,有适用观测的帧等权,11001,3,1,397,0.0025188916876574307,397,1
147,五位类别可见模式,全部,有适用观测的帧等权,11010,3,0,397,0.0,397,1
147,五位类别可见模式,全部,有适用观测的帧等权,11011,4,6,397,0.015113350125944584,397,1
147,五位类别可见模式,全部,有适用观测的帧等权,11100,3,2,397,0.005037783375314861,397,1
147,五位类别可见模式,全部,有适用观测的帧等权,11101,4,4,397,0.010075566750629723,397,1
147,五位类别可见模式,全部,有适用观测的帧等权,11110,4,5,397,0.012594458438287154,397,1
147,五位类别可见模式,全部,有适用观测的帧等权,11111,5,161,397,0.40554156171284633,397,1
147,五位类别可见模式：按位数汇总,全部,有适用观测的帧等权,合计0个扫描,0,155,397,0.3904282115869018,397,1
147,五位类别可见模式：按位数汇总,全部,有适用观测的帧等权,合计1个扫描,1,23,397,0.05793450881612091,397,1
147,五位类别可见模式：按位数汇总,全部,有适用观测的帧等权,合计2个扫描,2,17,397,0.042821158690176324,397,1
147,五位类别可见模式：按位数汇总,全部,有适用观测的帧等权,合计3个扫描,3,16,397,0.04030226700251889,397,1
147,五位类别可见模式：按位数汇总,全部,有适用观测的帧等权,合计4个扫描,4,25,397,0.06297229219143577,397,1
147,五位类别可见模式：按位数汇总,全部,有适用观测的帧等权,合计5个扫描,5,161,397,0.40554156171284633,397,1
147,五位类别可见模式,全部,统计单位等权,00000,0,155,397,0.3904282115869018,397,1
147,五位类别可见模式,全部,统计单位等权,00001,1,6,397,0.015113350125944584,397,1
147,五位类别可见模式,全部,统计单位等权,00010,1,5,397,0.012594458438287154,397,1
147,五位类别可见模式,全部,统计单位等权,00011,2,2,397,0.005037783375314861,397,1
147,五位类别可见模式,全部,统计单位等权,00100,1,4,397,0.010075566750629723,397,1
147,五位类别可见模式,全部,统计单位等权,00101,2,2,397,0.005037783375314861,397,1
147,五位类别可见模式,全部,统计单位等权,00110,2,1,397,0.0025188916876574307,397,1
147,五位类别可见模式,全部,统计单位等权,00111,3,3,397,0.007556675062972292,397,1
147,五位类别可见模式,全部,统计单位等权,01000,1,3,397,0.007556675062972292,397,1
147,五位类别可见模式,全部,统计单位等权,01001,2,2,397,0.005037783375314861,397,1
147,五位类别可见模式,全部,统计单位等权,01010,2,2,397,0.005037783375314861,397,1
147,五位类别可见模式,全部,统计单位等权,01011,3,1,397,0.0025188916876574307,397,1
147,五位类别可见模式,全部,统计单位等权,01100,2,2,397,0.005037783375314861,397,1
147,五位类别可见模式,全部,统计单位等权,01101,3,2,397,0.005037783375314861,397,1
147,五位类别可见模式,全部,统计单位等权,01110,3,1,397,0.0025188916876574307,397,1
147,五位类别可见模式,全部,统计单位等权,01111,4,6,397,0.015113350125944584,397,1
147,五位类别可见模式,全部,统计单位等权,10000,1,5,397,0.012594458438287154,397,1
147,五位类别可见模式,全部,统计单位等权,10001,2,1,397,0.0025188916876574307,397,1
147,五位类别可见模式,全部,统计单位等权,10010,2,1,397,0.0025188916876574307,397,1
147,五位类别可见模式,全部,统计单位等权,10011,3,2,397,0.005037783375314861,397,1
147,五位类别可见模式,全部,统计单位等权,10100,2,1,397,0.0025188916876574307,397,1
147,五位类别可见模式,全部,统计单位等权,10101,3,1,397,0.0025188916876574307,397,1
147,五位类别可见模式,全部,统计单位等权,10110,3,3,397,0.007556675062972292,397,1
147,五位类别可见模式,全部,统计单位等权,10111,4,4,397,0.010075566750629723,397,1
147,五位类别可见模式,全部,统计单位等权,11000,2,3,397,0.007556675062972292,397,1
147,五位类别可见模式,全部,统计单位等权,11001,3,1,397,0.0025188916876574307,397,1
147,五位类别可见模式,全部,统计单位等权,11010,3,0,397,0.0,397,1
147,五位类别可见模式,全部,统计单位等权,11011,4,6,397,0.015113350125944584,397,1
147,五位类别可见模式,全部,统计单位等权,11100,3,2,397,0.005037783375314861,397,1
147,五位类别可见模式,全部,统计单位等权,11101,4,4,397,0.010075566750629723,397,1
147,五位类别可见模式,全部,统计单位等权,11110,4,5,397,0.012594458438287154,397,1
147,五位类别可见模式,全部,统计单位等权,11111,5,161,397,0.40554156171284633,397,1
147,五位类别可见模式：按位数汇总,全部,统计单位等权,合计0个扫描,0,155,397,0.3904282115869018,397,1
147,五位类别可见模式：按位数汇总,全部,统计单位等权,合计1个扫描,1,23,397,0.05793450881612091,397,1
147,五位类别可见模式：按位数汇总,全部,统计单位等权,合计2个扫描,2,17,397,0.042821158690176324,397,1
147,五位类别可见模式：按位数汇总,全部,统计单位等权,合计3个扫描,3,16,397,0.04030226700251889,397,1
147,五位类别可见模式：按位数汇总,全部,统计单位等权,合计4个扫描,4,25,397,0.06297229219143577,397,1
147,五位类别可见模式：按位数汇总,全部,统计单位等权,合计5个扫描,5,161,397,0.40554156171284633,397,1
147,扫描命中五位编码,全部,有适用观测的帧等权,00000,0,0,96511864,0.0,397,1
147,扫描命中五位编码,全部,有适用观测的帧等权,00001,1,13188107,96511864,0.1362764887397059,397,1
147,扫描命中五位编码,全部,有适用观测的帧等权,00010,1,11867083,96511864,0.12268685735014552,397,1
147,扫描命中五位编码,全部,有适用观测的帧等权,00011,2,2568995,96511864,0.026478037284814376,397,1
147,扫描命中五位编码,全部,有适用观测的帧等权,00100,1,11561767,96511864,0.11954852119003517,397,1
147,扫描命中五位编码,全部,有适用观测的帧等权,00101,2,1607672,96511864,0.01658470265650635,397,1
147,扫描命中五位编码,全部,有适用观测的帧等权,00110,2,1887864,96511864,0.019411279117222152,397,1
147,扫描命中五位编码,全部,有适用观测的帧等权,00111,3,1334693,96511864,0.013840165390098906,397,1
147,扫描命中五位编码,全部,有适用观测的帧等权,01000,1,11829722,96511864,0.12229050346466323,397,1
147,扫描命中五位编码,全部,有适用观测的帧等权,01001,2,1315972,96511864,0.013598117723470436,397,1
147,扫描命中五位编码,全部,有适用观测的帧等权,01010,2,1395866,96511864,0.014380027960099703,397,1
147,扫描命中五位编码,全部,有适用观测的帧等权,01011,3,747350,96511864,0.0077483623272088815,397,1
147,扫描命中五位编码,全部,有适用观测的帧等权,01100,2,1894161,96511864,0.01946273779271176,397,1
147,扫描命中五位编码,全部,有适用观测的帧等权,01101,3,672655,96511864,0.006974319125727413,397,1
147,扫描命中五位编码,全部,有适用观测的帧等权,01110,3,901239,96511864,0.009308364523868715,397,1
147,扫描命中五位编码,全部,有适用观测的帧等权,01111,4,1253841,96511864,0.013156293683728858,397,1
147,扫描命中五位编码,全部,有适用观测的帧等权,10000,1,13197059,96511864,0.13633466281751813,397,1
147,扫描命中五位编码,全部,有适用观测的帧等权,10001,2,1248106,96511864,0.012909027752642126,397,1
147,扫描命中五位编码,全部,有适用观测的帧等权,10010,2,1294047,96511864,0.013364914506876446,397,1
147,扫描命中五位编码,全部,有适用观测的帧等权,10011,3,649731,96511864,0.006744345618809816,397,1
147,扫描命中五位编码,全部,有适用观测的帧等权,10100,2,1578327,96511864,0.016253612892334218,397,1
147,扫描命中五位编码,全部,有适用观测的帧等权,10101,3,539307,96511864,0.005591890159944275,397,1
147,扫描命中五位编码,全部,有适用观测的帧等权,10110,3,676756,96511864,0.0070015920902038575,397,1
147,扫描命中五位编码,全部,有适用观测的帧等权,10111,4,824920,96511864,0.008675626988447968,397,1
147,扫描命中五位编码,全部,有适用观测的帧等权,11000,2,2619621,96511864,0.026933445343788817,397,1
147,扫描命中五位编码,全部,有适用观测的帧等权,11001,3,629046,96511864,0.006527471675666258,397,1
147,扫描命中五位编码,全部,有适用观测的帧等权,11010,3,719947,96511864,0.007452689753073213,397,1
147,扫描命中五位编码,全部,有适用观测的帧等权,11011,4,753231,96511864,0.007925473965455211,397,1
147,扫描命中五位编码,全部,有适用观测的帧等权,11100,3,1350343,96511864,0.013951294866456907,397,1
147,扫描命中五位编码,全部,有适用观测的帧等权,11101,4,795815,96511864,0.008367265636129887,397,1
147,扫描命中五位编码,全部,有适用观测的帧等权,11110,4,1244054,96511864,0.013012651529658184,397,1
147,扫描命中五位编码,全部,有适用观测的帧等权,11111,5,4364567,96511864,0.04720925607298715,397,1
147,扫描命中五位编码：按位数汇总,全部,有适用观测的帧等权,合计0个扫描,0,0,96511864,0,397,1
147,扫描命中五位编码：按位数汇总,全部,有适用观测的帧等权,合计1个扫描,1,61643738,96511864,0.637137033562068,397,1
147,扫描命中五位编码：按位数汇总,全部,有适用观测的帧等权,合计2个扫描,2,17410631,96511864,0.17937590303046638,397,1
147,扫描命中五位编码：按位数汇总,全部,有适用观测的帧等权,合计3个扫描,3,8221067,96511864,0.08514049553105825,397,1
147,扫描命中五位编码：按位数汇总,全部,有适用观测的帧等权,合计4个扫描,4,4871861,96511864,0.051137311803420106,397,1
147,扫描命中五位编码：按位数汇总,全部,有适用观测的帧等权,合计5个扫描,5,4364567,96511864,0.04720925607298715,397,1
147,扫描命中五位编码,全部,统计单位等权,00000,0,0,96511864,0.0,397,1
147,扫描命中五位编码,全部,统计单位等权,00001,1,13188107,96511864,0.13664752138659347,397,1
147,扫描命中五位编码,全部,统计单位等权,00010,1,11867083,96511864,0.12295983631608234,397,1
147,扫描命中五位编码,全部,统计单位等权,00011,2,2568995,96511864,0.026618437293885445,397,1
147,扫描命中五位编码,全部,统计单位等权,00100,1,11561767,96511864,0.11979632887413717,397,1
147,扫描命中五位编码,全部,统计单位等权,00101,2,1607672,96511864,0.01665776551575048,397,1
147,扫描命中五位编码,全部,统计单位等权,00110,2,1887864,96511864,0.019560952630652745,397,1
147,扫描命中五位编码,全部,统计单位等权,00111,3,1334693,96511864,0.013829315326455616,397,1
147,扫描命中五位编码,全部,统计单位等权,01000,1,11829722,96511864,0.1225727232871598,397,1
147,扫描命中五位编码,全部,统计单位等权,01001,2,1315972,96511864,0.013635339174466675,397,1
147,扫描命中五位编码,全部,统计单位等权,01010,2,1395866,96511864,0.014463154498808561,397,1
147,扫描命中五位编码,全部,统计单位等权,01011,3,747350,96511864,0.007743607563107474,397,1
147,扫描命中五位编码,全部,统计单位等权,01100,2,1894161,96511864,0.019626198495140454,397,1
147,扫描命中五位编码,全部,统计单位等权,01101,3,672655,96511864,0.006969661263614181,397,1
147,扫描命中五位编码,全部,统计单位等权,01110,3,901239,96511864,0.009338116192637207,397,1
147,扫描命中五位编码,全部,统计单位等权,01111,4,1253841,96511864,0.012991573761335706,397,1
147,扫描命中五位编码,全部,统计单位等权,10000,1,13197059,96511864,0.1367402768223397,397,1
147,扫描命中五位编码,全部,统计单位等权,10001,2,1248106,96511864,0.012932151015133227,397,1
147,扫描命中五位编码,全部,统计单位等权,10010,2,1294047,96511864,0.013408165031399664,397,1
147,扫描命中五位编码,全部,统计单位等权,10011,3,649731,96511864,0.006732136061531254,397,1
147,扫描命中五位编码,全部,统计单位等权,10100,2,1578327,96511864,0.016353709633045735,397,1
147,扫描命中五位编码,全部,统计单位等权,10101,3,539307,96511864,0.005587986571267549,397,1
147,扫描命中五位编码,全部,统计单位等权,10110,3,676756,96511864,0.00701215344882366,397,1
147,扫描命中五位编码,全部,统计单位等权,10111,4,824920,96511864,0.00854734294635528,397,1
147,扫描命中五位编码,全部,统计单位等权,11000,2,2619621,96511864,0.02714299456489619,397,1
147,扫描命中五位编码,全部,统计单位等权,11001,3,629046,96511864,0.006517810079805318,397,1
147,扫描命中五位编码,全部,统计单位等权,11010,3,719947,96511864,0.007459673558890128,397,1
147,扫描命中五位编码,全部,统计单位等权,11011,4,753231,96511864,0.007804543076693659,397,1
147,扫描命中五位编码,全部,统计单位等权,11100,3,1350343,96511864,0.01399147155628452,397,1
147,扫描命中五位编码,全部,统计单位等权,11101,4,795815,96511864,0.008245773804555262,397,1
147,扫描命中五位编码,全部,统计单位等权,11110,4,1244054,96511864,0.012890166539525131,397,1
147,扫描命中五位编码,全部,统计单位等权,11111,5,4364567,96511864,0.045223113709626415,397,1
147,扫描命中五位编码：按位数汇总,全部,统计单位等权,合计0个扫描,0,0,96511864,0,397,1
147,扫描命中五位编码：按位数汇总,全部,统计单位等权,合计1个扫描,1,61643738,96511864,0.6387166866863125,397,1
147,扫描命中五位编码：按位数汇总,全部,统计单位等权,合计2个扫描,2,17410631,96511864,0.18039886785317918,397,1
147,扫描命中五位编码：按位数汇总,全部,统计单位等权,合计3个扫描,3,8221067,96511864,0.08518193162241691,397,1
147,扫描命中五位编码：按位数汇总,全部,统计单位等权,合计4个扫描,4,4871861,96511864,0.05047940012846504,397,1
147,扫描命中五位编码：按位数汇总,全部,统计单位等权,合计5个扫描,5,4364567,96511864,0.045223113709626415,397,1
147,扫描命中五位编码,当前异常占据体素,有适用观测的帧等权,00000,0,0,2693,0.0,204,1
147,扫描命中五位编码,当前异常占据体素,有适用观测的帧等权,00001,1,1072,2693,0.7111078093902418,204,1
147,扫描命中五位编码,当前异常占据体素,有适用观测的帧等权,00010,1,0,2693,0.0,204,1
147,扫描命中五位编码,当前异常占据体素,有适用观测的帧等权,00011,2,189,2693,0.052949474493996125,204,1
147,扫描命中五位编码,当前异常占据体素,有适用观测的帧等权,00100,1,0,2693,0.0,204,1
147,扫描命中五位编码,当前异常占据体素,有适用观测的帧等权,00101,2,155,2693,0.036387805572544424,204,1
147,扫描命中五位编码,当前异常占据体素,有适用观测的帧等权,00110,2,0,2693,0.0,204,1
147,扫描命中五位编码,当前异常占据体素,有适用观测的帧等权,00111,3,112,2693,0.017755504239849704,204,1
147,扫描命中五位编码,当前异常占据体素,有适用观测的帧等权,01000,1,0,2693,0.0,204,1
147,扫描命中五位编码,当前异常占据体素,有适用观测的帧等权,01001,2,150,2693,0.03510497327469993,204,1
147,扫描命中五位编码,当前异常占据体素,有适用观测的帧等权,01010,2,0,2693,0.0,204,1
147,扫描命中五位编码,当前异常占据体素,有适用观测的帧等权,01011,3,69,2693,0.012268828622267504,204,1
147,扫描命中五位编码,当前异常占据体素,有适用观测的帧等权,01100,2,0,2693,0.0,204,1
147,扫描命中五位编码,当前异常占据体素,有适用观测的帧等权,01101,3,55,2693,0.008768320117454886,204,1
147,扫描命中五位编码,当前异常占据体素,有适用观测的帧等权,01110,3,0,2693,0.0,204,1
147,扫描命中五位编码,当前异常占据体素,有适用观测的帧等权,01111,4,113,2693,0.011757074513755789,204,1
147,扫描命中五位编码,当前异常占据体素,有适用观测的帧等权,10000,1,0,2693,0.0,204,1
147,扫描命中五位编码,当前异常占据体素,有适用观测的帧等权,10001,2,131,2693,0.03439900039632645,204,1
147,扫描命中五位编码,当前异常占据体素,有适用观测的帧等权,10010,2,0,2693,0.0,204,1
147,扫描命中五位编码,当前异常占据体素,有适用观测的帧等权,10011,3,78,2693,0.012350263950183933,204,1
147,扫描命中五位编码,当前异常占据体素,有适用观测的帧等权,10100,2,0,2693,0.0,204,1
147,扫描命中五位编码,当前异常占据体素,有适用观测的帧等权,10101,3,69,2693,0.012760497287557298,204,1
147,扫描命中五位编码,当前异常占据体素,有适用观测的帧等权,10110,3,0,2693,0.0,204,1
147,扫描命中五位编码,当前异常占据体素,有适用观测的帧等权,10111,4,80,2693,0.008836599195439927,204,1
147,扫描命中五位编码,当前异常占据体素,有适用观测的帧等权,11000,2,0,2693,0.0,204,1
147,扫描命中五位编码,当前异常占据体素,有适用观测的帧等权,11001,3,60,2693,0.00882907664614395,204,1
147,扫描命中五位编码,当前异常占据体素,有适用观测的帧等权,11010,3,0,2693,0.0,204,1
147,扫描命中五位编码,当前异常占据体素,有适用观测的帧等权,11011,4,62,2693,0.006491564449693567,204,1
147,扫描命中五位编码,当前异常占据体素,有适用观测的帧等权,11100,3,0,2693,0.0,204,1
147,扫描命中五位编码,当前异常占据体素,有适用观测的帧等权,11101,4,68,2693,0.007784615985912937,204,1
147,扫描命中五位编码,当前异常占据体素,有适用观测的帧等权,11110,4,0,2693,0.0,204,1
147,扫描命中五位编码,当前异常占据体素,有适用观测的帧等权,11111,5,230,2693,0.022448591863931708,204,1
147,扫描命中五位编码：按位数汇总,当前异常占据体素,有适用观测的帧等权,合计0个扫描,0,0,2693,0,204,1
147,扫描命中五位编码：按位数汇总,当前异常占据体素,有适用观测的帧等权,合计1个扫描,1,1072,2693,0.7111078093902418,204,1
147,扫描命中五位编码：按位数汇总,当前异常占据体素,有适用观测的帧等权,合计2个扫描,2,625,2693,0.1588412537375669,204,1
147,扫描命中五位编码：按位数汇总,当前异常占据体素,有适用观测的帧等权,合计3个扫描,3,443,2693,0.07273249086345727,204,1
147,扫描命中五位编码：按位数汇总,当前异常占据体素,有适用观测的帧等权,合计4个扫描,4,323,2693,0.03486985414480222,204,1
147,扫描命中五位编码：按位数汇总,当前异常占据体素,有适用观测的帧等权,合计5个扫描,5,230,2693,0.022448591863931708,204,1
147,扫描命中五位编码,当前异常占据体素,统计单位等权,00000,0,0,2693,0.0,204,1
147,扫描命中五位编码,当前异常占据体素,统计单位等权,00001,1,1072,2693,0.3980690679539547,204,1
147,扫描命中五位编码,当前异常占据体素,统计单位等权,00010,1,0,2693,0.0,204,1
147,扫描命中五位编码,当前异常占据体素,统计单位等权,00011,2,189,2693,0.07018195321203119,204,1
147,扫描命中五位编码,当前异常占据体素,统计单位等权,00100,1,0,2693,0.0,204,1
147,扫描命中五位编码,当前异常占据体素,统计单位等权,00101,2,155,2693,0.057556628295581135,204,1
147,扫描命中五位编码,当前异常占据体素,统计单位等权,00110,2,0,2693,0.0,204,1
147,扫描命中五位编码,当前异常占据体素,统计单位等权,00111,3,112,2693,0.0415893056071296,204,1
147,扫描命中五位编码,当前异常占据体素,统计单位等权,01000,1,0,2693,0.0,204,1
147,扫描命中五位编码,当前异常占据体素,统计单位等权,01001,2,150,2693,0.055699962866691426,204,1
147,扫描命中五位编码,当前异常占据体素,统计单位等权,01010,2,0,2693,0.0,204,1
147,扫描命中五位编码,当前异常占据体素,统计单位等权,01011,3,69,2693,0.025621982918678055,204,1
147,扫描命中五位编码,当前异常占据体素,统计单位等权,01100,2,0,2693,0.0,204,1
147,扫描命中五位编码,当前异常占据体素,统计单位等权,01101,3,55,2693,0.020423319717786857,204,1
147,扫描命中五位编码,当前异常占据体素,统计单位等权,01110,3,0,2693,0.0,204,1
147,扫描命中五位编码,当前异常占据体素,统计单位等权,01111,4,113,2693,0.04196063869290754,204,1
147,扫描命中五位编码,当前异常占据体素,统计单位等权,10000,1,0,2693,0.0,204,1
147,扫描命中五位编码,当前异常占据体素,统计单位等权,10001,2,131,2693,0.04864463423691051,204,1
147,扫描命中五位编码,当前异常占据体素,统计单位等权,10010,2,0,2693,0.0,204,1
147,扫描命中五位编码,当前异常占据体素,统计单位等权,10011,3,78,2693,0.028963980690679538,204,1
147,扫描命中五位编码,当前异常占据体素,统计单位等权,10100,2,0,2693,0.0,204,1
147,扫描命中五位编码,当前异常占据体素,统计单位等权,10101,3,69,2693,0.025621982918678055,204,1
147,扫描命中五位编码,当前异常占据体素,统计单位等权,10110,3,0,2693,0.0,204,1
147,扫描命中五位编码,当前异常占据体素,统计单位等权,10111,4,80,2693,0.029706646862235425,204,1
147,扫描命中五位编码,当前异常占据体素,统计单位等权,11000,2,0,2693,0.0,204,1
147,扫描命中五位编码,当前异常占据体素,统计单位等权,11001,3,60,2693,0.02227998514667657,204,1
147,扫描命中五位编码,当前异常占据体素,统计单位等权,11010,3,0,2693,0.0,204,1
147,扫描命中五位编码,当前异常占据体素,统计单位等权,11011,4,62,2693,0.023022651318232456,204,1
147,扫描命中五位编码,当前异常占据体素,统计单位等权,11100,3,0,2693,0.0,204,1
147,扫描命中五位编码,当前异常占据体素,统计单位等权,11101,4,68,2693,0.02525064983290011,204,1
147,扫描命中五位编码,当前异常占据体素,统计单位等权,11110,4,0,2693,0.0,204,1
147,扫描命中五位编码,当前异常占据体素,统计单位等权,11111,5,230,2693,0.08540660972892684,204,1
147,扫描命中五位编码：按位数汇总,当前异常占据体素,统计单位等权,合计0个扫描,0,0,2693,0,204,1
147,扫描命中五位编码：按位数汇总,当前异常占据体素,统计单位等权,合计1个扫描,1,1072,2693,0.3980690679539547,204,1
147,扫描命中五位编码：按位数汇总,当前异常占据体素,统计单位等权,合计2个扫描,2,625,2693,0.23208317861121425,204,1
147,扫描命中五位编码：按位数汇总,当前异常占据体素,统计单位等权,合计3个扫描,3,443,2693,0.16450055699962868,204,1
147,扫描命中五位编码：按位数汇总,当前异常占据体素,统计单位等权,合计4个扫描,4,323,2693,0.11994058670627553,204,1
147,扫描命中五位编码：按位数汇总,当前异常占据体素,统计单位等权,合计5个扫描,5,230,2693,0.08540660972892684,204,1
148,五位类别可见模式,全部,有适用观测的帧等权,00000,0,318,598,0.5317725752508361,598,1
148,五位类别可见模式,全部,有适用观测的帧等权,00001,1,6,598,0.010033444816053512,598,1
148,五位类别可见模式,全部,有适用观测的帧等权,00010,1,4,598,0.006688963210702341,598,1
148,五位类别可见模式,全部,有适用观测的帧等权,00011,2,6,598,0.010033444816053512,598,1
148,五位类别可见模式,全部,有适用观测的帧等权,00100,1,3,598,0.005016722408026756,598,1
148,五位类别可见模式,全部,有适用观测的帧等权,00101,2,1,598,0.0016722408026755853,598,1
148,五位类别可见模式,全部,有适用观测的帧等权,00110,2,2,598,0.0033444816053511705,598,1
148,五位类别可见模式,全部,有适用观测的帧等权,00111,3,5,598,0.008361204013377926,598,1
148,五位类别可见模式,全部,有适用观测的帧等权,01000,1,4,598,0.006688963210702341,598,1
148,五位类别可见模式,全部,有适用观测的帧等权,01001,2,1,598,0.0016722408026755853,598,1
148,五位类别可见模式,全部,有适用观测的帧等权,01010,2,2,598,0.0033444816053511705,598,1
148,五位类别可见模式,全部,有适用观测的帧等权,01011,3,1,598,0.0016722408026755853,598,1
148,五位类别可见模式,全部,有适用观测的帧等权,01100,2,1,598,0.0016722408026755853,598,1
148,五位类别可见模式,全部,有适用观测的帧等权,01101,3,1,598,0.0016722408026755853,598,1
148,五位类别可见模式,全部,有适用观测的帧等权,01110,3,2,598,0.0033444816053511705,598,1
148,五位类别可见模式,全部,有适用观测的帧等权,01111,4,7,598,0.011705685618729096,598,1
148,五位类别可见模式,全部,有适用观测的帧等权,10000,1,6,598,0.010033444816053512,598,1
148,五位类别可见模式,全部,有适用观测的帧等权,10001,2,4,598,0.006688963210702341,598,1
148,五位类别可见模式,全部,有适用观测的帧等权,10010,2,0,598,0.0,598,1
148,五位类别可见模式,全部,有适用观测的帧等权,10011,3,1,598,0.0016722408026755853,598,1
148,五位类别可见模式,全部,有适用观测的帧等权,10100,2,2,598,0.0033444816053511705,598,1
148,五位类别可见模式,全部,有适用观测的帧等权,10101,3,2,598,0.0033444816053511705,598,1
148,五位类别可见模式,全部,有适用观测的帧等权,10110,3,0,598,0.0,598,1
148,五位类别可见模式,全部,有适用观测的帧等权,10111,4,4,598,0.006688963210702341,598,1
148,五位类别可见模式,全部,有适用观测的帧等权,11000,2,6,598,0.010033444816053512,598,1
148,五位类别可见模式,全部,有适用观测的帧等权,11001,3,0,598,0.0,598,1
148,五位类别可见模式,全部,有适用观测的帧等权,11010,3,2,598,0.0033444816053511705,598,1
148,五位类别可见模式,全部,有适用观测的帧等权,11011,4,3,598,0.005016722408026756,598,1
148,五位类别可见模式,全部,有适用观测的帧等权,11100,3,5,598,0.008361204013377926,598,1
148,五位类别可见模式,全部,有适用观测的帧等权,11101,4,4,598,0.006688963210702341,598,1
148,五位类别可见模式,全部,有适用观测的帧等权,11110,4,7,598,0.011705685618729096,598,1
148,五位类别可见模式,全部,有适用观测的帧等权,11111,5,188,598,0.31438127090301005,598,1
148,五位类别可见模式：按位数汇总,全部,有适用观测的帧等权,合计0个扫描,0,318,598,0.5317725752508361,598,1
148,五位类别可见模式：按位数汇总,全部,有适用观测的帧等权,合计1个扫描,1,23,598,0.038461538461538464,598,1
148,五位类别可见模式：按位数汇总,全部,有适用观测的帧等权,合计2个扫描,2,25,598,0.04180602006688963,598,1
148,五位类别可见模式：按位数汇总,全部,有适用观测的帧等权,合计3个扫描,3,19,598,0.03177257525083612,598,1
148,五位类别可见模式：按位数汇总,全部,有适用观测的帧等权,合计4个扫描,4,25,598,0.04180602006688963,598,1
148,五位类别可见模式：按位数汇总,全部,有适用观测的帧等权,合计5个扫描,5,188,598,0.31438127090301005,598,1
148,五位类别可见模式,全部,统计单位等权,00000,0,318,598,0.5317725752508361,598,1
148,五位类别可见模式,全部,统计单位等权,00001,1,6,598,0.010033444816053512,598,1
148,五位类别可见模式,全部,统计单位等权,00010,1,4,598,0.006688963210702341,598,1
148,五位类别可见模式,全部,统计单位等权,00011,2,6,598,0.010033444816053512,598,1
148,五位类别可见模式,全部,统计单位等权,00100,1,3,598,0.005016722408026756,598,1
148,五位类别可见模式,全部,统计单位等权,00101,2,1,598,0.0016722408026755853,598,1
148,五位类别可见模式,全部,统计单位等权,00110,2,2,598,0.0033444816053511705,598,1
148,五位类别可见模式,全部,统计单位等权,00111,3,5,598,0.008361204013377926,598,1
148,五位类别可见模式,全部,统计单位等权,01000,1,4,598,0.006688963210702341,598,1
148,五位类别可见模式,全部,统计单位等权,01001,2,1,598,0.0016722408026755853,598,1
148,五位类别可见模式,全部,统计单位等权,01010,2,2,598,0.0033444816053511705,598,1
148,五位类别可见模式,全部,统计单位等权,01011,3,1,598,0.0016722408026755853,598,1
148,五位类别可见模式,全部,统计单位等权,01100,2,1,598,0.0016722408026755853,598,1
148,五位类别可见模式,全部,统计单位等权,01101,3,1,598,0.0016722408026755853,598,1
148,五位类别可见模式,全部,统计单位等权,01110,3,2,598,0.0033444816053511705,598,1
148,五位类别可见模式,全部,统计单位等权,01111,4,7,598,0.011705685618729096,598,1
148,五位类别可见模式,全部,统计单位等权,10000,1,6,598,0.010033444816053512,598,1
148,五位类别可见模式,全部,统计单位等权,10001,2,4,598,0.006688963210702341,598,1
148,五位类别可见模式,全部,统计单位等权,10010,2,0,598,0.0,598,1
148,五位类别可见模式,全部,统计单位等权,10011,3,1,598,0.0016722408026755853,598,1
148,五位类别可见模式,全部,统计单位等权,10100,2,2,598,0.0033444816053511705,598,1
148,五位类别可见模式,全部,统计单位等权,10101,3,2,598,0.0033444816053511705,598,1
148,五位类别可见模式,全部,统计单位等权,10110,3,0,598,0.0,598,1
148,五位类别可见模式,全部,统计单位等权,10111,4,4,598,0.006688963210702341,598,1
148,五位类别可见模式,全部,统计单位等权,11000,2,6,598,0.010033444816053512,598,1
148,五位类别可见模式,全部,统计单位等权,11001,3,0,598,0.0,598,1
148,五位类别可见模式,全部,统计单位等权,11010,3,2,598,0.0033444816053511705,598,1
148,五位类别可见模式,全部,统计单位等权,11011,4,3,598,0.005016722408026756,598,1
148,五位类别可见模式,全部,统计单位等权,11100,3,5,598,0.008361204013377926,598,1
148,五位类别可见模式,全部,统计单位等权,11101,4,4,598,0.006688963210702341,598,1
148,五位类别可见模式,全部,统计单位等权,11110,4,7,598,0.011705685618729096,598,1
148,五位类别可见模式,全部,统计单位等权,11111,5,188,598,0.31438127090301005,598,1
148,五位类别可见模式：按位数汇总,全部,统计单位等权,合计0个扫描,0,318,598,0.5317725752508361,598,1
148,五位类别可见模式：按位数汇总,全部,统计单位等权,合计1个扫描,1,23,598,0.038461538461538464,598,1
148,五位类别可见模式：按位数汇总,全部,统计单位等权,合计2个扫描,2,25,598,0.04180602006688963,598,1
148,五位类别可见模式：按位数汇总,全部,统计单位等权,合计3个扫描,3,19,598,0.03177257525083612,598,1
148,五位类别可见模式：按位数汇总,全部,统计单位等权,合计4个扫描,4,25,598,0.04180602006688963,598,1
148,五位类别可见模式：按位数汇总,全部,统计单位等权,合计5个扫描,5,188,598,0.31438127090301005,598,1
148,扫描命中五位编码,全部,有适用观测的帧等权,00000,0,0,178845545,0.0,598,1
148,扫描命中五位编码,全部,有适用观测的帧等权,00001,1,26595830,178845545,0.1438738123146465,598,1
148,扫描命中五位编码,全部,有适用观测的帧等权,00010,1,24832054,178845545,0.13381322859013997,598,1
148,扫描命中五位编码,全部,有适用观测的帧等权,00011,2,3905738,178845545,0.022421549463479615,598,1
148,扫描命中五位编码,全部,有适用观测的帧等权,00100,1,24403972,178845545,0.13146417451465073,598,1
148,扫描命中五位编码,全部,有适用观测的帧等权,00101,2,2697331,178845545,0.015379003486329377,598,1
148,扫描命中五位编码,全部,有适用观测的帧等权,00110,2,3140726,178845545,0.017740242297367557,598,1
148,扫描命中五位编码,全部,有适用观测的帧等权,00111,3,1720783,178845545,0.010565750758641171,598,1
148,扫描命中五位编码,全部,有适用观测的帧等权,01000,1,24679134,178845545,0.1329024429447445,598,1
148,扫描命中五位编码,全部,有适用观测的帧等权,01001,2,2344111,178845545,0.013475488755079078,598,1
148,扫描命中五位编码,全部,有适用观测的帧等权,01010,2,2478238,178845545,0.01405206452021815,598,1
148,扫描命中五位编码,全部,有适用观测的帧等权,01011,3,1066982,178845545,0.006497065482532348,598,1
148,扫描命中五位编码,全部,有适用观测的帧等权,01100,2,3140465,178845545,0.01772888136952167,598,1
148,扫描命中五位编码,全部,有适用观测的帧等权,01101,3,1004699,178845545,0.006093855096139045,598,1
148,扫描命中五位编码,全部,有适用观测的帧等权,01110,3,1272350,178845545,0.0076223138000237195,598,1
148,扫描命中五位编码,全部,有适用观测的帧等权,01111,4,1491565,178845545,0.009862545306636107,598,1
148,扫描命中五位编码,全部,有适用观测的帧等权,10000,1,26400559,178845545,0.14272244245308838,598,1
148,扫描命中五位编码,全部,有适用观测的帧等权,10001,2,2190143,178845545,0.012654039666797266,598,1
148,扫描命中五位编码,全部,有适用观测的帧等权,10010,2,2314082,178845545,0.013298479931862539,598,1
148,扫描命中五位编码,全部,有适用观测的帧等权,10011,3,959570,178845545,0.005913700348467496,598,1
148,扫描命中五位编码,全部,有适用观测的帧等权,10100,2,2659726,178845545,0.015154881995424165,598,1
148,扫描命中五位编码,全部,有适用观测的帧等权,10101,3,851526,178845545,0.005185730289515312,598,1
148,扫描命中五位编码,全部,有适用观测的帧等权,10110,3,1009281,178845545,0.006110973383471386,598,1
148,扫描命中五位编码,全部,有适用观测的帧等权,10111,4,1042764,178845545,0.006908034482431973,598,1
148,扫描命中五位编码,全部,有适用观测的帧等权,11000,2,3956342,178845545,0.022713414770375907,598,1
148,扫描命中五位编码,全部,有适用观测的帧等权,11001,3,935539,178845545,0.005767927002815847,598,1
148,扫描命中五位编码,全部,有适用观测的帧等权,11010,3,1042428,178845545,0.006341524567990735,598,1
148,扫描命中五位编码,全部,有适用观测的帧等权,11011,4,982990,178845545,0.00651455677166361,598,1
148,扫描命中五位编码,全部,有适用观测的帧等权,11100,3,1754253,178845545,0.010765593459202572,598,1
148,扫描命中五位编码,全部,有适用观测的帧等权,11101,4,1023339,178845545,0.006783785740117773,598,1
148,扫描命中五位编码,全部,有适用观测的帧等权,11110,4,1500274,178845545,0.009894578388185932,598,1
148,扫描命中五位编码,全部,有适用观测的帧等权,11111,5,5448751,178845545,0.03977791804843952,598,1
148,扫描命中五位编码：按位数汇总,全部,有适用观测的帧等权,合计0个扫描,0,0,178845545,0,598,1
148,扫描命中五位编码：按位数汇总,全部,有适用观测的帧等权,合计1个扫描,1,126911549,178845545,0.68477610081727,598,1
148,扫描命中五位编码：按位数汇总,全部,有适用观测的帧等权,合计2个扫描,2,28826902,178845545,0.16461804625645532,598,1
148,扫描命中五位编码：按位数汇总,全部,有适用观测的帧等权,合计3个扫描,3,11617411,178845545,0.07086443418879963,598,1
148,扫描命中五位编码：按位数汇总,全部,有适用观测的帧等权,合计4个扫描,4,6040932,178845545,0.0399635006890354,598,1
148,扫描命中五位编码：按位数汇总,全部,有适用观测的帧等权,合计5个扫描,5,5448751,178845545,0.03977791804843952,598,1
148,扫描命中五位编码,全部,统计单位等权,00000,0,0,178845545,0.0,598,1
148,扫描命中五位编码,全部,统计单位等权,00001,1,26595830,178845545,0.14870837291474048,598,1
148,扫描命中五位编码,全部,统计单位等权,00010,1,24832054,178845545,0.13884636600816644,598,1
148,扫描命中五位编码,全部,统计单位等权,00011,2,3905738,178845545,0.0218386093989649,598,1
148,扫描命中五位编码,全部,统计单位等权,00100,1,24403972,178845545,0.13645278108548917,598,1
148,扫描命中五位编码,全部,统计单位等权,00101,2,2697331,178845545,0.015081902096023695,598,1
148,扫描命中五位编码,全部,统计单位等权,00110,2,3140726,178845545,0.017561108385450698,598,1
148,扫描命中五位编码,全部,统计单位等权,00111,3,1720783,178845545,0.009621615120466099,598,1
148,扫描命中五位编码,全部,统计单位等权,01000,1,24679134,178845545,0.13799132653821486,598,1
148,扫描命中五位编码,全部,统计单位等权,01001,2,2344111,178845545,0.01310690182414105,598,1
148,扫描命中五位编码,全部,统计单位等权,01010,2,2478238,178845545,0.013856861796585428,598,1
148,扫描命中五位编码,全部,统计单位等权,01011,3,1066982,178845545,0.005965941170074994,598,1
148,扫描命中五位编码,全部,统计单位等权,01100,2,3140465,178845545,0.017559649025643886,598,1
148,扫描命中五位编码,全部,统计单位等权,01101,3,1004699,178845545,0.005617690952268339,598,1
148,扫描命中五位编码,全部,统计单位等权,01110,3,1272350,178845545,0.007114239272775847,598,1
148,扫描命中五位编码,全部,统计单位等权,01111,4,1491565,178845545,0.008339961725074002,598,1
148,扫描命中五位编码,全部,统计单位等权,10000,1,26400559,178845545,0.1476165313483207,598,1
148,扫描命中五位编码,全部,统计单位等权,10001,2,2190143,178845545,0.0122460025492947,598,1
148,扫描命中五位编码,全部,统计单位等权,10010,2,2314082,178845545,0.012938997166521537,598,1
148,扫描命中五位编码,全部,统计单位等权,10011,3,959570,178845545,0.005365355899695461,598,1
148,扫描命中五位编码,全部,统计单位等权,10100,2,2659726,178845545,0.014871636864088508,598,1
148,扫描命中五位编码,全部,统计单位等权,10101,3,851526,178845545,0.004761236853845031,598,1
148,扫描命中五位编码,全部,统计单位等权,10110,3,1009281,178845545,0.0056433108244323335,598,1
148,扫描命中五位编码,全部,统计单位等权,10111,4,1042764,178845545,0.005830528235970318,598,1
148,扫描命中五位编码,全部,统计单位等权,11000,2,3956342,178845545,0.02212155745897948,598,1
148,扫描命中五位编码,全部,统计单位等权,11001,3,935539,178845545,0.005230988560548154,598,1
148,扫描命中五位编码,全部,统计单位等权,11010,3,1042428,178845545,0.005828649519897183,598,1
148,扫描命中五位编码,全部,统计单位等权,11011,4,982990,178845545,0.005496306883126443,598,1
148,扫描命中五位编码,全部,统计单位等权,11100,3,1754253,178845545,0.009808759843584586,598,1
148,扫描命中五位编码,全部,统计单位等权,11101,4,1023339,178845545,0.005721914962992229,598,1
148,扫描命中五位编码,全部,统计单位等权,11110,4,1500274,178845545,0.008388657374719622,598,1
148,扫描命中五位编码,全部,统计单位等权,11111,5,5448751,178845545,0.030466238339903855,598,1
148,扫描命中五位编码：按位数汇总,全部,统计单位等权,合计0个扫描,0,0,178845545,0,598,1
148,扫描命中五位编码：按位数汇总,全部,统计单位等权,合计1个扫描,1,126911549,178845545,0.7096153778949317,598,1
148,扫描命中五位编码：按位数汇总,全部,统计单位等权,合计2个扫描,2,28826902,178845545,0.1611832265656939,598,1
148,扫描命中五位编码：按位数汇总,全部,统计单位等权,合计3个扫描,3,11617411,178845545,0.06495778801758803,598,1
148,扫描命中五位编码：按位数汇总,全部,统计单位等权,合计4个扫描,4,6040932,178845545,0.033777369181882615,598,1
148,扫描命中五位编码：按位数汇总,全部,统计单位等权,合计5个扫描,5,5448751,178845545,0.030466238339903855,598,1
148,扫描命中五位编码,当前异常占据体素,有适用观测的帧等权,00000,0,0,2861,0.0,234,1
148,扫描命中五位编码,当前异常占据体素,有适用观测的帧等权,00001,1,1108,2861,0.702481587247392,234,1
148,扫描命中五位编码,当前异常占据体素,有适用观测的帧等权,00010,1,0,2861,0.0,234,1
148,扫描命中五位编码,当前异常占据体素,有适用观测的帧等权,00011,2,234,2861,0.06939643665132485,234,1
148,扫描命中五位编码,当前异常占据体素,有适用观测的帧等权,00100,1,0,2861,0.0,234,1
148,扫描命中五位编码,当前异常占据体素,有适用观测的帧等权,00101,2,163,2861,0.04484839759090557,234,1
148,扫描命中五位编码,当前异常占据体素,有适用观测的帧等权,00110,2,0,2861,0.0,234,1
148,扫描命中五位编码,当前异常占据体素,有适用观测的帧等权,00111,3,128,2861,0.01758143964034779,234,1
148,扫描命中五位编码,当前异常占据体素,有适用观测的帧等权,01000,1,0,2861,0.0,234,1
148,扫描命中五位编码,当前异常占据体素,有适用观测的帧等权,01001,2,120,2861,0.024995065353434702,234,1
148,扫描命中五位编码,当前异常占据体素,有适用观测的帧等权,01010,2,0,2861,0.0,234,1
148,扫描命中五位编码,当前异常占据体素,有适用观测的帧等权,01011,3,72,2861,0.009197401478144936,234,1
148,扫描命中五位编码,当前异常占据体素,有适用观测的帧等权,01100,2,0,2861,0.0,234,1
148,扫描命中五位编码,当前异常占据体素,有适用观测的帧等权,01101,3,67,2861,0.009814576077670088,234,1
148,扫描命中五位编码,当前异常占据体素,有适用观测的帧等权,01110,3,0,2861,0.0,234,1
148,扫描命中五位编码,当前异常占据体素,有适用观测的帧等权,01111,4,121,2861,0.012247824599791733,234,1
148,扫描命中五位编码,当前异常占据体素,有适用观测的帧等权,10000,1,0,2861,0.0,234,1
148,扫描命中五位编码,当前异常占据体素,有适用观测的帧等权,10001,2,123,2861,0.028321378505300338,234,1
148,扫描命中五位编码,当前异常占据体素,有适用观测的帧等权,10010,2,0,2861,0.0,234,1
148,扫描命中五位编码,当前异常占据体素,有适用观测的帧等权,10011,3,66,2861,0.0097248337255706,234,1
148,扫描命中五位编码,当前异常占据体素,有适用观测的帧等权,10100,2,0,2861,0.0,234,1
148,扫描命中五位编码,当前异常占据体素,有适用观测的帧等权,10101,3,67,2861,0.01110978658363149,234,1
148,扫描命中五位编码,当前异常占据体素,有适用观测的帧等权,10110,3,0,2861,0.0,234,1
148,扫描命中五位编码,当前异常占据体素,有适用观测的帧等权,10111,4,72,2861,0.007954267648098685,234,1
148,扫描命中五位编码,当前异常占据体素,有适用观测的帧等权,11000,2,0,2861,0.0,234,1
148,扫描命中五位编码,当前异常占据体素,有适用观测的帧等权,11001,3,59,2861,0.009271494408674906,234,1
148,扫描命中五位编码,当前异常占据体素,有适用观测的帧等权,11010,3,0,2861,0.0,234,1
148,扫描命中五位编码,当前异常占据体素,有适用观测的帧等权,11011,4,81,2861,0.008464562070243663,234,1
148,扫描命中五位编码,当前异常占据体素,有适用观测的帧等权,11100,3,0,2861,0.0,234,1
148,扫描命中五位编码,当前异常占据体素,有适用观测的帧等权,11101,4,81,2861,0.008096409022613516,234,1
148,扫描命中五位编码,当前异常占据体素,有适用观测的帧等权,11110,4,0,2861,0.0,234,1
148,扫描命中五位编码,当前异常占据体素,有适用观测的帧等权,11111,5,299,2861,0.02649453939685519,234,1
148,扫描命中五位编码：按位数汇总,当前异常占据体素,有适用观测的帧等权,合计0个扫描,0,0,2861,0,234,1
148,扫描命中五位编码：按位数汇总,当前异常占据体素,有适用观测的帧等权,合计1个扫描,1,1108,2861,0.702481587247392,234,1
148,扫描命中五位编码：按位数汇总,当前异常占据体素,有适用观测的帧等权,合计2个扫描,2,640,2861,0.16756127810096547,234,1
148,扫描命中五位编码：按位数汇总,当前异常占据体素,有适用观测的帧等权,合计3个扫描,3,459,2861,0.06669953191403981,234,1
148,扫描命中五位编码：按位数汇总,当前异常占据体素,有适用观测的帧等权,合计4个扫描,4,355,2861,0.036763063340747595,234,1
148,扫描命中五位编码：按位数汇总,当前异常占据体素,有适用观测的帧等权,合计5个扫描,5,299,2861,0.02649453939685519,234,1
148,扫描命中五位编码,当前异常占据体素,统计单位等权,00000,0,0,2861,0.0,234,1
148,扫描命中五位编码,当前异常占据体素,统计单位等权,00001,1,1108,2861,0.3872771758126529,234,1
148,扫描命中五位编码,当前异常占据体素,统计单位等权,00010,1,0,2861,0.0,234,1
148,扫描命中五位编码,当前异常占据体素,统计单位等权,00011,2,234,2861,0.08178958406151696,234,1
148,扫描命中五位编码,当前异常占据体素,统计单位等权,00100,1,0,2861,0.0,234,1
148,扫描命中五位编码,当前异常占据体素,统计单位等权,00101,2,163,2861,0.05697308633344984,234,1
148,扫描命中五位编码,当前异常占据体素,统计单位等权,00110,2,0,2861,0.0,234,1
148,扫描命中五位编码,当前异常占据体素,统计单位等权,00111,3,128,2861,0.0447396015379238,234,1
148,扫描命中五位编码,当前异常占据体素,统计单位等权,01000,1,0,2861,0.0,234,1
148,扫描命中五位编码,当前异常占据体素,统计单位等权,01001,2,120,2861,0.04194337644180356,234,1
148,扫描命中五位编码,当前异常占据体素,统计单位等权,01010,2,0,2861,0.0,234,1
148,扫描命中五位编码,当前异常占据体素,统计单位等权,01011,3,72,2861,0.02516602586508214,234,1
148,扫描命中五位编码,当前异常占据体素,统计单位等权,01100,2,0,2861,0.0,234,1
148,扫描命中五位编码,当前异常占据体素,统计单位等权,01101,3,67,2861,0.023418385180006992,234,1
148,扫描命中五位编码,当前异常占据体素,统计单位等权,01110,3,0,2861,0.0,234,1
148,扫描命中五位编码,当前异常占据体素,统计单位等权,01111,4,121,2861,0.042292904578818596,234,1
148,扫描命中五位编码,当前异常占据体素,统计单位等权,10000,1,0,2861,0.0,234,1
148,扫描命中五位编码,当前异常占据体素,统计单位等权,10001,2,123,2861,0.042991960852848655,234,1
148,扫描命中五位编码,当前异常占据体素,统计单位等权,10010,2,0,2861,0.0,234,1
148,扫描命中五位编码,当前异常占据体素,统计单位等权,10011,3,66,2861,0.023068857042991962,234,1
148,扫描命中五位编码,当前异常占据体素,统计单位等权,10100,2,0,2861,0.0,234,1
148,扫描命中五位编码,当前异常占据体素,统计单位等权,10101,3,67,2861,0.023418385180006992,234,1
148,扫描命中五位编码,当前异常占据体素,统计单位等权,10110,3,0,2861,0.0,234,1
148,扫描命中五位编码,当前异常占据体素,统计单位等权,10111,4,72,2861,0.02516602586508214,234,1
148,扫描命中五位编码,当前异常占据体素,统计单位等权,11000,2,0,2861,0.0,234,1
148,扫描命中五位编码,当前异常占据体素,统计单位等权,11001,3,59,2861,0.020622160083886752,234,1
148,扫描命中五位编码,当前异常占据体素,统计单位等权,11010,3,0,2861,0.0,234,1
148,扫描命中五位编码,当前异常占据体素,统计单位等权,11011,4,81,2861,0.028311779098217405,234,1
148,扫描命中五位编码,当前异常占据体素,统计单位等权,11100,3,0,2861,0.0,234,1
148,扫描命中五位编码,当前异常占据体素,统计单位等权,11101,4,81,2861,0.028311779098217405,234,1
148,扫描命中五位编码,当前异常占据体素,统计单位等权,11110,4,0,2861,0.0,234,1
148,扫描命中五位编码,当前异常占据体素,统计单位等权,11111,5,299,2861,0.10450891296749389,234,1
148,扫描命中五位编码：按位数汇总,当前异常占据体素,统计单位等权,合计0个扫描,0,0,2861,0,234,1
148,扫描命中五位编码：按位数汇总,当前异常占据体素,统计单位等权,合计1个扫描,1,1108,2861,0.3872771758126529,234,1
148,扫描命中五位编码：按位数汇总,当前异常占据体素,统计单位等权,合计2个扫描,2,640,2861,0.223698007689619,234,1
148,扫描命中五位编码：按位数汇总,当前异常占据体素,统计单位等权,合计3个扫描,3,459,2861,0.16043341488989865,234,1
148,扫描命中五位编码：按位数汇总,当前异常占据体素,统计单位等权,合计4个扫描,4,355,2861,0.12408248864033555,234,1
148,扫描命中五位编码：按位数汇总,当前异常占据体素,统计单位等权,合计5个扫描,5,299,2861,0.10450891296749389,234,1
149,五位类别可见模式,全部,有适用观测的帧等权,00000,0,115,374,0.3074866310160428,374,1
149,五位类别可见模式,全部,有适用观测的帧等权,00001,1,7,374,0.01871657754010695,374,1
149,五位类别可见模式,全部,有适用观测的帧等权,00010,1,5,374,0.013368983957219251,374,1
149,五位类别可见模式,全部,有适用观测的帧等权,00011,2,2,374,0.0053475935828877,374,1
149,五位类别可见模式,全部,有适用观测的帧等权,00100,1,7,374,0.01871657754010695,374,1
149,五位类别可见模式,全部,有适用观测的帧等权,00101,2,4,374,0.0106951871657754,374,1
149,五位类别可见模式,全部,有适用观测的帧等权,00110,2,2,374,0.0053475935828877,374,1
149,五位类别可见模式,全部,有适用观测的帧等权,00111,3,1,374,0.00267379679144385,374,1
149,五位类别可见模式,全部,有适用观测的帧等权,01000,1,5,374,0.013368983957219251,374,1
149,五位类别可见模式,全部,有适用观测的帧等权,01001,2,4,374,0.0106951871657754,374,1
149,五位类别可见模式,全部,有适用观测的帧等权,01010,2,1,374,0.00267379679144385,374,1
149,五位类别可见模式,全部,有适用观测的帧等权,01011,3,3,374,0.008021390374331552,374,1
149,五位类别可见模式,全部,有适用观测的帧等权,01100,2,4,374,0.0106951871657754,374,1
149,五位类别可见模式,全部,有适用观测的帧等权,01101,3,1,374,0.00267379679144385,374,1
149,五位类别可见模式,全部,有适用观测的帧等权,01110,3,2,374,0.0053475935828877,374,1
149,五位类别可见模式,全部,有适用观测的帧等权,01111,4,3,374,0.008021390374331552,374,1
149,五位类别可见模式,全部,有适用观测的帧等权,10000,1,7,374,0.01871657754010695,374,1
149,五位类别可见模式,全部,有适用观测的帧等权,10001,2,0,374,0.0,374,1
149,五位类别可见模式,全部,有适用观测的帧等权,10010,2,6,374,0.016042780748663103,374,1
149,五位类别可见模式,全部,有适用观测的帧等权,10011,3,1,374,0.00267379679144385,374,1
149,五位类别可见模式,全部,有适用观测的帧等权,10100,2,2,374,0.0053475935828877,374,1
149,五位类别可见模式,全部,有适用观测的帧等权,10101,3,0,374,0.0,374,1
149,五位类别可见模式,全部,有适用观测的帧等权,10110,3,3,374,0.008021390374331552,374,1
149,五位类别可见模式,全部,有适用观测的帧等权,10111,4,4,374,0.0106951871657754,374,1
149,五位类别可见模式,全部,有适用观测的帧等权,11000,2,2,374,0.0053475935828877,374,1
149,五位类别可见模式,全部,有适用观测的帧等权,11001,3,3,374,0.008021390374331552,374,1
149,五位类别可见模式,全部,有适用观测的帧等权,11010,3,1,374,0.00267379679144385,374,1
149,五位类别可见模式,全部,有适用观测的帧等权,11011,4,4,374,0.0106951871657754,374,1
149,五位类别可见模式,全部,有适用观测的帧等权,11100,3,1,374,0.00267379679144385,374,1
149,五位类别可见模式,全部,有适用观测的帧等权,11101,4,4,374,0.0106951871657754,374,1
149,五位类别可见模式,全部,有适用观测的帧等权,11110,4,3,374,0.008021390374331552,374,1
149,五位类别可见模式,全部,有适用观测的帧等权,11111,5,167,374,0.446524064171123,374,1
149,五位类别可见模式：按位数汇总,全部,有适用观测的帧等权,合计0个扫描,0,115,374,0.3074866310160428,374,1
149,五位类别可见模式：按位数汇总,全部,有适用观测的帧等权,合计1个扫描,1,31,374,0.08288770053475936,374,1
149,五位类别可见模式：按位数汇总,全部,有适用观测的帧等权,合计2个扫描,2,27,374,0.07219251336898395,374,1
149,五位类别可见模式：按位数汇总,全部,有适用观测的帧等权,合计3个扫描,3,16,374,0.04278074866310161,374,1
149,五位类别可见模式：按位数汇总,全部,有适用观测的帧等权,合计4个扫描,4,18,374,0.0481283422459893,374,1
149,五位类别可见模式：按位数汇总,全部,有适用观测的帧等权,合计5个扫描,5,167,374,0.446524064171123,374,1
149,五位类别可见模式,全部,统计单位等权,00000,0,115,374,0.3074866310160428,374,1
149,五位类别可见模式,全部,统计单位等权,00001,1,7,374,0.01871657754010695,374,1
149,五位类别可见模式,全部,统计单位等权,00010,1,5,374,0.013368983957219251,374,1
149,五位类别可见模式,全部,统计单位等权,00011,2,2,374,0.0053475935828877,374,1
149,五位类别可见模式,全部,统计单位等权,00100,1,7,374,0.01871657754010695,374,1
149,五位类别可见模式,全部,统计单位等权,00101,2,4,374,0.0106951871657754,374,1
149,五位类别可见模式,全部,统计单位等权,00110,2,2,374,0.0053475935828877,374,1
149,五位类别可见模式,全部,统计单位等权,00111,3,1,374,0.00267379679144385,374,1
149,五位类别可见模式,全部,统计单位等权,01000,1,5,374,0.013368983957219251,374,1
149,五位类别可见模式,全部,统计单位等权,01001,2,4,374,0.0106951871657754,374,1
149,五位类别可见模式,全部,统计单位等权,01010,2,1,374,0.00267379679144385,374,1
149,五位类别可见模式,全部,统计单位等权,01011,3,3,374,0.008021390374331552,374,1
149,五位类别可见模式,全部,统计单位等权,01100,2,4,374,0.0106951871657754,374,1
149,五位类别可见模式,全部,统计单位等权,01101,3,1,374,0.00267379679144385,374,1
149,五位类别可见模式,全部,统计单位等权,01110,3,2,374,0.0053475935828877,374,1
149,五位类别可见模式,全部,统计单位等权,01111,4,3,374,0.008021390374331552,374,1
149,五位类别可见模式,全部,统计单位等权,10000,1,7,374,0.01871657754010695,374,1
149,五位类别可见模式,全部,统计单位等权,10001,2,0,374,0.0,374,1
149,五位类别可见模式,全部,统计单位等权,10010,2,6,374,0.016042780748663103,374,1
149,五位类别可见模式,全部,统计单位等权,10011,3,1,374,0.00267379679144385,374,1
149,五位类别可见模式,全部,统计单位等权,10100,2,2,374,0.0053475935828877,374,1
149,五位类别可见模式,全部,统计单位等权,10101,3,0,374,0.0,374,1
149,五位类别可见模式,全部,统计单位等权,10110,3,3,374,0.008021390374331552,374,1
149,五位类别可见模式,全部,统计单位等权,10111,4,4,374,0.0106951871657754,374,1
149,五位类别可见模式,全部,统计单位等权,11000,2,2,374,0.0053475935828877,374,1
149,五位类别可见模式,全部,统计单位等权,11001,3,3,374,0.008021390374331552,374,1
149,五位类别可见模式,全部,统计单位等权,11010,3,1,374,0.00267379679144385,374,1
149,五位类别可见模式,全部,统计单位等权,11011,4,4,374,0.0106951871657754,374,1
149,五位类别可见模式,全部,统计单位等权,11100,3,1,374,0.00267379679144385,374,1
149,五位类别可见模式,全部,统计单位等权,11101,4,4,374,0.0106951871657754,374,1
149,五位类别可见模式,全部,统计单位等权,11110,4,3,374,0.008021390374331552,374,1
149,五位类别可见模式,全部,统计单位等权,11111,5,167,374,0.446524064171123,374,1
149,五位类别可见模式：按位数汇总,全部,统计单位等权,合计0个扫描,0,115,374,0.3074866310160428,374,1
149,五位类别可见模式：按位数汇总,全部,统计单位等权,合计1个扫描,1,31,374,0.08288770053475936,374,1
149,五位类别可见模式：按位数汇总,全部,统计单位等权,合计2个扫描,2,27,374,0.07219251336898395,374,1
149,五位类别可见模式：按位数汇总,全部,统计单位等权,合计3个扫描,3,16,374,0.04278074866310161,374,1
149,五位类别可见模式：按位数汇总,全部,统计单位等权,合计4个扫描,4,18,374,0.0481283422459893,374,1
149,五位类别可见模式：按位数汇总,全部,统计单位等权,合计5个扫描,5,167,374,0.446524064171123,374,1
149,扫描命中五位编码,全部,有适用观测的帧等权,00000,0,0,101044423,0.0,374,1
149,扫描命中五位编码,全部,有适用观测的帧等权,00001,1,14479513,101044423,0.14142111795730408,374,1
149,扫描命中五位编码,全部,有适用观测的帧等权,00010,1,13107367,101044423,0.12742691837434547,374,1
149,扫描命中五位编码,全部,有适用观测的帧等权,00011,2,2585977,101044423,0.025978473756035486,374,1
149,扫描命中五位编码,全部,有适用观测的帧等权,00100,1,12736496,101044423,0.12372659271889111,374,1
149,扫描命中五位编码,全部,有适用观测的帧等权,00101,2,1652239,101044423,0.016399047839444285,374,1
149,扫描命中五位编码,全部,有适用观测的帧等权,00110,2,1921100,101044423,0.018963275837376073,374,1
149,扫描命中五位编码,全部,有适用观测的帧等权,00111,3,1249606,101044423,0.012941304229816868,374,1
149,扫描命中五位编码,全部,有适用观测的帧等权,01000,1,13020445,101044423,0.12665583406473108,374,1
149,扫描命中五位编码,全部,有适用观测的帧等权,01001,2,1324132,101044423,0.01308604247149739,374,1
149,扫描命中五位编码,全部,有适用观测的帧等权,01010,2,1442200,101044423,0.014215691823162693,374,1
149,扫描命中五位编码,全部,有适用观测的帧等权,01011,3,718184,101044423,0.007335779540349893,374,1
149,扫描命中五位编码,全部,有适用观测的帧等权,01100,2,1927460,101044423,0.019017408047663945,374,1
149,扫描命中五位编码,全部,有适用观测的帧等权,01101,3,638906,101044423,0.006466872893417811,374,1
149,扫描命中五位编码,全部,有适用观测的帧等权,01110,3,845454,101044423,0.008552610833905624,374,1
149,扫描命中五位编码,全部,有适用观测的帧等权,01111,4,1114496,101044423,0.011904382084000112,374,1
149,扫描命中五位编码,全部,有适用观测的帧等权,10000,1,14400704,101044423,0.1407903414742879,374,1
149,扫描命中五位编码,全部,有适用观测的帧等权,10001,2,1232021,101044423,0.01216805783574875,374,1
149,扫描命中五位编码,全部,有适用观测的帧等权,10010,2,1302651,101044423,0.012848940569737146,374,1
149,扫描命中五位编码,全部,有适用观测的帧等权,10011,3,586005,101044423,0.005943676583504685,374,1
149,扫描命中五位编码,全部,有适用观测的帧等权,10100,2,1628116,101044423,0.01611811251448322,374,1
149,扫描命中五位编码,全部,有适用观测的帧等权,10101,3,511234,101044423,0.005180660198914925,374,1
149,扫描命中五位编码,全部,有适用观测的帧等权,10110,3,642952,101044423,0.006499128922177751,374,1
149,扫描命中五位编码,全部,有适用观测的帧等权,10111,4,707489,101044423,0.007494630281894491,374,1
149,扫描命中五位编码,全部,有适用观测的帧等权,11000,2,2635489,101044423,0.026420214591104677,374,1
149,扫描命中五位编码,全部,有适用观测的帧等权,11001,3,570223,101044423,0.005767634967873825,374,1
149,扫描命中五位编码,全部,有适用观测的帧等权,11010,3,694206,101044423,0.007058856556801935,374,1
149,扫描命中五位编码,全部,有适用观测的帧等权,11011,4,636168,101044423,0.006697570871143232,374,1
149,扫描命中五位编码,全部,有适用观测的帧等权,11100,3,1272213,101044423,0.013106715160881958,374,1
149,扫描命中五位编码,全部,有适用观测的帧等权,11101,4,693872,101044423,0.007322165840047199,374,1
149,扫描命中五位编码,全部,有适用观测的帧等权,11110,4,1117855,101044423,0.01187339759449952,374,1
149,扫描命中五位编码,全部,有适用观测的帧等权,11111,5,3649650,101044423,0.040618543564956894,374,1
149,扫描命中五位编码：按位数汇总,全部,有适用观测的帧等权,合计0个扫描,0,0,101044423,0,374,1
149,扫描命中五位编码：按位数汇总,全部,有适用观测的帧等权,合计1个扫描,1,67744525,101044423,0.6600208045895597,374,1
149,扫描命中五位编码：按位数汇总,全部,有适用观测的帧等权,合计2个扫描,2,17651385,101044423,0.17521526528625367,374,1
149,扫描命中五位编码：按位数汇总,全部,有适用观测的帧等权,合计3个扫描,3,7728983,101044423,0.07885323988764527,374,1
149,扫描命中五位编码：按位数汇总,全部,有适用观测的帧等权,合计4个扫描,4,4269880,101044423,0.04529214667158456,374,1
149,扫描命中五位编码：按位数汇总,全部,有适用观测的帧等权,合计5个扫描,5,3649650,101044423,0.040618543564956894,374,1
149,扫描命中五位编码,全部,统计单位等权,00000,0,0,101044423,0.0,374,1
149,扫描命中五位编码,全部,统计单位等权,00001,1,14479513,101044423,0.14329848763647252,374,1
149,扫描命中五位编码,全部,统计单位等权,00010,1,13107367,101044423,0.12971885642812767,374,1
149,扫描命中五位编码,全部,统计单位等权,00011,2,2585977,101044423,0.02559247629134366,374,1
149,扫描命中五位编码,全部,统计单位等权,00100,1,12736496,101044423,0.12604848067666238,374,1
149,扫描命中五位编码,全部,统计单位等权,00101,2,1652239,101044423,0.016351610024038635,374,1
149,扫描命中五位编码,全部,统计单位等权,00110,2,1921100,101044423,0.01901242981020338,374,1
149,扫描命中五位编码,全部,统计单位等权,00111,3,1249606,101044423,0.01236689728041695,374,1
149,扫描命中五位编码,全部,统计单位等权,01000,1,13020445,101044423,0.12885862092557052,374,1
149,扫描命中五位编码,全部,统计单位等权,01001,2,1324132,101044423,0.013104454067692584,374,1
149,扫描命中五位编码,全部,统计单位等权,01010,2,1442200,101044423,0.014272930233863576,374,1
149,扫描命中五位编码,全部,统计单位等权,01011,3,718184,101044423,0.0071076065227271374,374,1
149,扫描命中五位编码,全部,统计单位等权,01100,2,1927460,101044423,0.01907537242307772,374,1
149,扫描命中五位编码,全部,统计单位等权,01101,3,638906,101044423,0.00632302091526615,374,1
149,扫描命中五位编码,全部,统计单位等权,01110,3,845454,101044423,0.008367151544821034,374,1
149,扫描命中五位编码,全部,统计单位等权,01111,4,1114496,101044423,0.011029762622327013,374,1
149,扫描命中五位编码,全部,统计单位等权,10000,1,14400704,101044423,0.14251854355187915,374,1
149,扫描命中五位编码,全部,统计单位等权,10001,2,1232021,101044423,0.0121928649144743,374,1
149,扫描命中五位编码,全部,统计单位等权,10010,2,1302651,101044423,0.012891864403045777,374,1
149,扫描命中五位编码,全部,统计单位等权,10011,3,586005,101044423,0.005799478908400516,374,1
149,扫描命中五位编码,全部,统计单位等权,10100,2,1628116,101044423,0.01611287344379214,374,1
149,扫描命中五位编码,全部,统计单位等权,10101,3,511234,101044423,0.005059497445000008,374,1
149,扫描命中五位编码,全部,统计单位等权,10110,3,642952,101044423,0.006363062709556964,374,1
149,扫描命中五位编码,全部,统计单位等权,10111,4,707489,101044423,0.0070017619873983545,374,1
149,扫描命中五位编码,全部,统计单位等权,11000,2,2635489,101044423,0.026082478594588045,374,1
149,扫描命中五位编码,全部,统计单位等权,11001,3,570223,101044423,0.005643290179409506,374,1
149,扫描命中五位编码,全部,统计单位等权,11010,3,694206,101044423,0.006870304954881082,374,1
149,扫描命中五位编码,全部,统计单位等权,11011,4,636168,101044423,0.006295923922491002,374,1
149,扫描命中五位编码,全部,统计单位等权,11100,3,1272213,101044423,0.012590630558600944,374,1
149,扫描命中五位编码,全部,统计单位等权,11101,4,693872,101044423,0.006866999478041455,374,1
149,扫描命中五位编码,全部,统计单位等权,11110,4,1117855,101044423,0.011063005426830929,374,1
149,扫描命中五位编码,全部,统计单位等权,11111,5,3649650,101044423,0.036119262118998886,374,1
149,扫描命中五位编码：按位数汇总,全部,统计单位等权,合计0个扫描,0,0,101044423,0,374,1
149,扫描命中五位编码：按位数汇总,全部,统计单位等权,合计1个扫描,1,67744525,101044423,0.6704429892187123,374,1
149,扫描命中五位编码：按位数汇总,全部,统计单位等权,合计2个扫描,2,17651385,101044423,0.1746893542061198,374,1
149,扫描命中五位编码：按位数汇总,全部,统计单位等权,合计3个扫描,3,7728983,101044423,0.07649094101908029,374,1
149,扫描命中五位编码：按位数汇总,全部,统计单位等权,合计4个扫描,4,4269880,101044423,0.042257453437088754,374,1
149,扫描命中五位编码：按位数汇总,全部,统计单位等权,合计5个扫描,5,3649650,101044423,0.036119262118998886,374,1
149,扫描命中五位编码,当前异常占据体素,有适用观测的帧等权,00000,0,0,2705,0.0,208,1
149,扫描命中五位编码,当前异常占据体素,有适用观测的帧等权,00001,1,1098,2705,0.7503427393364975,208,1
149,扫描命中五位编码,当前异常占据体素,有适用观测的帧等权,00010,1,0,2705,0.0,208,1
149,扫描命中五位编码,当前异常占据体素,有适用观测的帧等权,00011,2,246,2705,0.0576443604365454,208,1
149,扫描命中五位编码,当前异常占据体素,有适用观测的帧等权,00100,1,0,2705,0.0,208,1
149,扫描命中五位编码,当前异常占据体素,有适用观测的帧等权,00101,2,160,2705,0.029732487936312144,208,1
149,扫描命中五位编码,当前异常占据体素,有适用观测的帧等权,00110,2,0,2705,0.0,208,1
149,扫描命中五位编码,当前异常占据体素,有适用观测的帧等权,00111,3,134,2705,0.01264686282265116,208,1
149,扫描命中五位编码,当前异常占据体素,有适用观测的帧等权,01000,1,0,2705,0.0,208,1
149,扫描命中五位编码,当前异常占据体素,有适用观测的帧等权,01001,2,138,2705,0.029372507546775437,208,1
149,扫描命中五位编码,当前异常占据体素,有适用观测的帧等权,01010,2,0,2705,0.0,208,1
149,扫描命中五位编码,当前异常占据体素,有适用观测的帧等权,01011,3,68,2705,0.007961262108203044,208,1
149,扫描命中五位编码,当前异常占据体素,有适用观测的帧等权,01100,2,0,2705,0.0,208,1
149,扫描命中五位编码,当前异常占据体素,有适用观测的帧等权,01101,3,65,2705,0.00808466363443525,208,1
149,扫描命中五位编码,当前异常占据体素,有适用观测的帧等权,01110,3,0,2705,0.0,208,1
149,扫描命中五位编码,当前异常占据体素,有适用观测的帧等权,01111,4,123,2705,0.010668382146752456,208,1
149,扫描命中五位编码,当前异常占据体素,有适用观测的帧等权,10000,1,0,2705,0.0,208,1
149,扫描命中五位编码,当前异常占据体素,有适用观测的帧等权,10001,2,126,2705,0.034438875179876614,208,1
149,扫描命中五位编码,当前异常占据体素,有适用观测的帧等权,10010,2,0,2705,0.0,208,1
149,扫描命中五位编码,当前异常占据体素,有适用观测的帧等权,10011,3,60,2705,0.010751560574266045,208,1
149,扫描命中五位编码,当前异常占据体素,有适用观测的帧等权,10100,2,0,2705,0.0,208,1
149,扫描命中五位编码,当前异常占据体素,有适用观测的帧等权,10101,3,45,2705,0.0054600663936958,208,1
149,扫描命中五位编码,当前异常占据体素,有适用观测的帧等权,10110,3,0,2705,0.0,208,1
149,扫描命中五位编码,当前异常占据体素,有适用观测的帧等权,10111,4,70,2705,0.006731528159249522,208,1
149,扫描命中五位编码,当前异常占据体素,有适用观测的帧等权,11000,2,0,2705,0.0,208,1
149,扫描命中五位编码,当前异常占据体素,有适用观测的帧等权,11001,3,45,2705,0.006877449345904521,208,1
149,扫描命中五位编码,当前异常占据体素,有适用观测的帧等权,11010,3,0,2705,0.0,208,1
149,扫描命中五位编码,当前异常占据体素,有适用观测的帧等权,11011,4,68,2705,0.005839914417757319,208,1
149,扫描命中五位编码,当前异常占据体素,有适用观测的帧等权,11100,3,0,2705,0.0,208,1
149,扫描命中五位编码,当前异常占据体素,有适用观测的帧等权,11101,4,64,2705,0.00695416362634965,208,1
149,扫描命中五位编码,当前异常占据体素,有适用观测的帧等权,11110,4,0,2705,0.0,208,1
149,扫描命中五位编码,当前异常占据体素,有适用观测的帧等权,11111,5,195,2705,0.016493176334728035,208,1
149,扫描命中五位编码：按位数汇总,当前异常占据体素,有适用观测的帧等权,合计0个扫描,0,0,2705,0,208,1
149,扫描命中五位编码：按位数汇总,当前异常占据体素,有适用观测的帧等权,合计1个扫描,1,1098,2705,0.7503427393364975,208,1
149,扫描命中五位编码：按位数汇总,当前异常占据体素,有适用观测的帧等权,合计2个扫描,2,670,2705,0.1511882310995096,208,1
149,扫描命中五位编码：按位数汇总,当前异常占据体素,有适用观测的帧等权,合计3个扫描,3,417,2705,0.05178186487915582,208,1
149,扫描命中五位编码：按位数汇总,当前异常占据体素,有适用观测的帧等权,合计4个扫描,4,325,2705,0.030193988350108947,208,1
149,扫描命中五位编码：按位数汇总,当前异常占据体素,有适用观测的帧等权,合计5个扫描,5,195,2705,0.016493176334728035,208,1
149,扫描命中五位编码,当前异常占据体素,统计单位等权,00000,0,0,2705,0.0,208,1
149,扫描命中五位编码,当前异常占据体素,统计单位等权,00001,1,1098,2705,0.4059149722735675,208,1
149,扫描命中五位编码,当前异常占据体素,统计单位等权,00010,1,0,2705,0.0,208,1
149,扫描命中五位编码,当前异常占据体素,统计单位等权,00011,2,246,2705,0.09094269870609982,208,1
149,扫描命中五位编码,当前异常占据体素,统计单位等权,00100,1,0,2705,0.0,208,1
149,扫描命中五位编码,当前异常占据体素,统计单位等权,00101,2,160,2705,0.059149722735674676,208,1
149,扫描命中五位编码,当前异常占据体素,统计单位等权,00110,2,0,2705,0.0,208,1
149,扫描命中五位编码,当前异常占据体素,统计单位等权,00111,3,134,2705,0.04953789279112754,208,1
149,扫描命中五位编码,当前异常占据体素,统计单位等权,01000,1,0,2705,0.0,208,1
149,扫描命中五位编码,当前异常占据体素,统计单位等权,01001,2,138,2705,0.05101663585951941,208,1
149,扫描命中五位编码,当前异常占据体素,统计单位等权,01010,2,0,2705,0.0,208,1
149,扫描命中五位编码,当前异常占据体素,统计单位等权,01011,3,68,2705,0.025138632162661736,208,1
149,扫描命中五位编码,当前异常占据体素,统计单位等权,01100,2,0,2705,0.0,208,1
149,扫描命中五位编码,当前异常占据体素,统计单位等权,01101,3,65,2705,0.024029574861367836,208,1
149,扫描命中五位编码,当前异常占据体素,统计单位等权,01110,3,0,2705,0.0,208,1
149,扫描命中五位编码,当前异常占据体素,统计单位等权,01111,4,123,2705,0.04547134935304991,208,1
149,扫描命中五位编码,当前异常占据体素,统计单位等权,10000,1,0,2705,0.0,208,1
149,扫描命中五位编码,当前异常占据体素,统计单位等权,10001,2,126,2705,0.046580406654343806,208,1
149,扫描命中五位编码,当前异常占据体素,统计单位等权,10010,2,0,2705,0.0,208,1
149,扫描命中五位编码,当前异常占据体素,统计单位等权,10011,3,60,2705,0.022181146025878003,208,1
149,扫描命中五位编码,当前异常占据体素,统计单位等权,10100,2,0,2705,0.0,208,1
149,扫描命中五位编码,当前异常占据体素,统计单位等权,10101,3,45,2705,0.0166358595194085,208,1
149,扫描命中五位编码,当前异常占据体素,统计单位等权,10110,3,0,2705,0.0,208,1
149,扫描命中五位编码,当前异常占据体素,统计单位等权,10111,4,70,2705,0.025878003696857672,208,1
149,扫描命中五位编码,当前异常占据体素,统计单位等权,11000,2,0,2705,0.0,208,1
149,扫描命中五位编码,当前异常占据体素,统计单位等权,11001,3,45,2705,0.0166358595194085,208,1
149,扫描命中五位编码,当前异常占据体素,统计单位等权,11010,3,0,2705,0.0,208,1
149,扫描命中五位编码,当前异常占据体素,统计单位等权,11011,4,68,2705,0.025138632162661736,208,1
149,扫描命中五位编码,当前异常占据体素,统计单位等权,11100,3,0,2705,0.0,208,1
149,扫描命中五位编码,当前异常占据体素,统计单位等权,11101,4,64,2705,0.02365988909426987,208,1
149,扫描命中五位编码,当前异常占据体素,统计单位等权,11110,4,0,2705,0.0,208,1
149,扫描命中五位编码,当前异常占据体素,统计单位等权,11111,5,195,2705,0.07208872458410351,208,1
149,扫描命中五位编码：按位数汇总,当前异常占据体素,统计单位等权,合计0个扫描,0,0,2705,0,208,1
149,扫描命中五位编码：按位数汇总,当前异常占据体素,统计单位等权,合计1个扫描,1,1098,2705,0.4059149722735675,208,1
149,扫描命中五位编码：按位数汇总,当前异常占据体素,统计单位等权,合计2个扫描,2,670,2705,0.2476894639556377,208,1
149,扫描命中五位编码：按位数汇总,当前异常占据体素,统计单位等权,合计3个扫描,3,417,2705,0.15415896487985212,208,1
149,扫描命中五位编码：按位数汇总,当前异常占据体素,统计单位等权,合计4个扫描,4,325,2705,0.12014787430683918,208,1
149,扫描命中五位编码：按位数汇总,当前异常占据体素,统计单位等权,合计5个扫描,5,195,2705,0.07208872458410351,208,1
150,五位类别可见模式,全部,有适用观测的帧等权,00000,0,210,501,0.41916167664670656,501,1
150,五位类别可见模式,全部,有适用观测的帧等权,00001,1,4,501,0.007984031936127744,501,1
150,五位类别可见模式,全部,有适用观测的帧等权,00010,1,3,501,0.005988023952095809,501,1
150,五位类别可见模式,全部,有适用观测的帧等权,00011,2,1,501,0.001996007984031936,501,1
150,五位类别可见模式,全部,有适用观测的帧等权,00100,1,3,501,0.005988023952095809,501,1
150,五位类别可见模式,全部,有适用观测的帧等权,00101,2,1,501,0.001996007984031936,501,1
150,五位类别可见模式,全部,有适用观测的帧等权,00110,2,0,501,0.0,501,1
150,五位类别可见模式,全部,有适用观测的帧等权,00111,3,2,501,0.003992015968063872,501,1
150,五位类别可见模式,全部,有适用观测的帧等权,01000,1,2,501,0.003992015968063872,501,1
150,五位类别可见模式,全部,有适用观测的帧等权,01001,2,1,501,0.001996007984031936,501,1
150,五位类别可见模式,全部,有适用观测的帧等权,01010,2,0,501,0.0,501,1
150,五位类别可见模式,全部,有适用观测的帧等权,01011,3,1,501,0.001996007984031936,501,1
150,五位类别可见模式,全部,有适用观测的帧等权,01100,2,0,501,0.0,501,1
150,五位类别可见模式,全部,有适用观测的帧等权,01101,3,0,501,0.0,501,1
150,五位类别可见模式,全部,有适用观测的帧等权,01110,3,1,501,0.001996007984031936,501,1
150,五位类别可见模式,全部,有适用观测的帧等权,01111,4,5,501,0.00998003992015968,501,1
150,五位类别可见模式,全部,有适用观测的帧等权,10000,1,4,501,0.007984031936127744,501,1
150,五位类别可见模式,全部,有适用观测的帧等权,10001,2,0,501,0.0,501,1
150,五位类别可见模式,全部,有适用观测的帧等权,10010,2,1,501,0.001996007984031936,501,1
150,五位类别可见模式,全部,有适用观测的帧等权,10011,3,1,501,0.001996007984031936,501,1
150,五位类别可见模式,全部,有适用观测的帧等权,10100,2,0,501,0.0,501,1
150,五位类别可见模式,全部,有适用观测的帧等权,10101,3,0,501,0.0,501,1
150,五位类别可见模式,全部,有适用观测的帧等权,10110,3,0,501,0.0,501,1
150,五位类别可见模式,全部,有适用观测的帧等权,10111,4,4,501,0.007984031936127744,501,1
150,五位类别可见模式,全部,有适用观测的帧等权,11000,2,2,501,0.003992015968063872,501,1
150,五位类别可见模式,全部,有适用观测的帧等权,11001,3,1,501,0.001996007984031936,501,1
150,五位类别可见模式,全部,有适用观测的帧等权,11010,3,0,501,0.0,501,1
150,五位类别可见模式,全部,有适用观测的帧等权,11011,4,3,501,0.005988023952095809,501,1
150,五位类别可见模式,全部,有适用观测的帧等权,11100,3,3,501,0.005988023952095809,501,1
150,五位类别可见模式,全部,有适用观测的帧等权,11101,4,3,501,0.005988023952095809,501,1
150,五位类别可见模式,全部,有适用观测的帧等权,11110,4,5,501,0.00998003992015968,501,1
150,五位类别可见模式,全部,有适用观测的帧等权,11111,5,240,501,0.47904191616766467,501,1
150,五位类别可见模式：按位数汇总,全部,有适用观测的帧等权,合计0个扫描,0,210,501,0.41916167664670656,501,1
150,五位类别可见模式：按位数汇总,全部,有适用观测的帧等权,合计1个扫描,1,16,501,0.031936127744510975,501,1
150,五位类别可见模式：按位数汇总,全部,有适用观测的帧等权,合计2个扫描,2,6,501,0.011976047904191616,501,1
150,五位类别可见模式：按位数汇总,全部,有适用观测的帧等权,合计3个扫描,3,9,501,0.017964071856287425,501,1
150,五位类别可见模式：按位数汇总,全部,有适用观测的帧等权,合计4个扫描,4,20,501,0.03992015968063872,501,1
150,五位类别可见模式：按位数汇总,全部,有适用观测的帧等权,合计5个扫描,5,240,501,0.47904191616766467,501,1
150,五位类别可见模式,全部,统计单位等权,00000,0,210,501,0.41916167664670656,501,1
150,五位类别可见模式,全部,统计单位等权,00001,1,4,501,0.007984031936127744,501,1
150,五位类别可见模式,全部,统计单位等权,00010,1,3,501,0.005988023952095809,501,1
150,五位类别可见模式,全部,统计单位等权,00011,2,1,501,0.001996007984031936,501,1
150,五位类别可见模式,全部,统计单位等权,00100,1,3,501,0.005988023952095809,501,1
150,五位类别可见模式,全部,统计单位等权,00101,2,1,501,0.001996007984031936,501,1
150,五位类别可见模式,全部,统计单位等权,00110,2,0,501,0.0,501,1
150,五位类别可见模式,全部,统计单位等权,00111,3,2,501,0.003992015968063872,501,1
150,五位类别可见模式,全部,统计单位等权,01000,1,2,501,0.003992015968063872,501,1
150,五位类别可见模式,全部,统计单位等权,01001,2,1,501,0.001996007984031936,501,1
150,五位类别可见模式,全部,统计单位等权,01010,2,0,501,0.0,501,1
150,五位类别可见模式,全部,统计单位等权,01011,3,1,501,0.001996007984031936,501,1
150,五位类别可见模式,全部,统计单位等权,01100,2,0,501,0.0,501,1
150,五位类别可见模式,全部,统计单位等权,01101,3,0,501,0.0,501,1
150,五位类别可见模式,全部,统计单位等权,01110,3,1,501,0.001996007984031936,501,1
150,五位类别可见模式,全部,统计单位等权,01111,4,5,501,0.00998003992015968,501,1
150,五位类别可见模式,全部,统计单位等权,10000,1,4,501,0.007984031936127744,501,1
150,五位类别可见模式,全部,统计单位等权,10001,2,0,501,0.0,501,1
150,五位类别可见模式,全部,统计单位等权,10010,2,1,501,0.001996007984031936,501,1
150,五位类别可见模式,全部,统计单位等权,10011,3,1,501,0.001996007984031936,501,1
150,五位类别可见模式,全部,统计单位等权,10100,2,0,501,0.0,501,1
150,五位类别可见模式,全部,统计单位等权,10101,3,0,501,0.0,501,1
150,五位类别可见模式,全部,统计单位等权,10110,3,0,501,0.0,501,1
150,五位类别可见模式,全部,统计单位等权,10111,4,4,501,0.007984031936127744,501,1
150,五位类别可见模式,全部,统计单位等权,11000,2,2,501,0.003992015968063872,501,1
150,五位类别可见模式,全部,统计单位等权,11001,3,1,501,0.001996007984031936,501,1
150,五位类别可见模式,全部,统计单位等权,11010,3,0,501,0.0,501,1
150,五位类别可见模式,全部,统计单位等权,11011,4,3,501,0.005988023952095809,501,1
150,五位类别可见模式,全部,统计单位等权,11100,3,3,501,0.005988023952095809,501,1
150,五位类别可见模式,全部,统计单位等权,11101,4,3,501,0.005988023952095809,501,1
150,五位类别可见模式,全部,统计单位等权,11110,4,5,501,0.00998003992015968,501,1
150,五位类别可见模式,全部,统计单位等权,11111,5,240,501,0.47904191616766467,501,1
150,五位类别可见模式：按位数汇总,全部,统计单位等权,合计0个扫描,0,210,501,0.41916167664670656,501,1
150,五位类别可见模式：按位数汇总,全部,统计单位等权,合计1个扫描,1,16,501,0.031936127744510975,501,1
150,五位类别可见模式：按位数汇总,全部,统计单位等权,合计2个扫描,2,6,501,0.011976047904191616,501,1
150,五位类别可见模式：按位数汇总,全部,统计单位等权,合计3个扫描,3,9,501,0.017964071856287425,501,1
150,五位类别可见模式：按位数汇总,全部,统计单位等权,合计4个扫描,4,20,501,0.03992015968063872,501,1
150,五位类别可见模式：按位数汇总,全部,统计单位等权,合计5个扫描,5,240,501,0.47904191616766467,501,1
150,扫描命中五位编码,全部,有适用观测的帧等权,00000,0,0,143589605,0.0,501,1
150,扫描命中五位编码,全部,有适用观测的帧等权,00001,1,20769386,143589605,0.1420653672597821,501,1
150,扫描命中五位编码,全部,有适用观测的帧等权,00010,1,19163681,143589605,0.13040723630196607,501,1
150,扫描命中五位编码,全部,有适用观测的帧等权,00011,2,3412743,143589605,0.024269122784520713,501,1
150,扫描命中五位编码,全部,有适用观测的帧等权,00100,1,18780028,143589605,0.12770339994277405,501,1
150,扫描命中五位编码,全部,有适用观测的帧等权,00101,2,2275582,143589605,0.015916186809131993,501,1
150,扫描命中五位编码,全部,有适用观测的帧等权,00110,2,2666655,143589605,0.01863862547523724,501,1
150,扫描命中五位编码,全部,有适用观测的帧等权,00111,3,1603140,143589605,0.01186637723594089,501,1
150,扫描命中五位编码,全部,有适用观测的帧等权,01000,1,19070474,143589605,0.12976226037219915,501,1
150,扫描命中五位编码,全部,有适用观测的帧等权,01001,2,1940629,143589605,0.013552534900229686,501,1
150,扫描命中五位编码,全部,有适用观测的帧等权,01010,2,2041020,143589605,0.014125979036489064,501,1
150,扫描命中五位编码,全部,有适用观测的帧等权,01011,3,950651,143589605,0.006895172533972804,501,1
150,扫描命中五位编码,全部,有适用观测的帧等权,01100,2,2681222,143589605,0.018746734019209906,501,1
150,扫描命中五位编码,全部,有适用观测的帧等权,01101,3,884312,143589605,0.006391485219186141,501,1
150,扫描命中五位编码,全部,有适用观测的帧等权,01110,3,1154462,143589605,0.008323490934383988,501,1
150,扫描命中五位编码,全部,有适用观测的帧等权,01111,4,1401205,143589605,0.010807756430774184,501,1
150,扫描命中五位编码,全部,有适用观测的帧等权,10000,1,20691634,143589605,0.14158988550008095,501,1
150,扫描命中五位编码,全部,有适用观测的帧等权,10001,2,1832899,143589605,0.012801153269313262,501,1
150,扫描命中五位编码,全部,有适用观测的帧等权,10010,2,1910196,143589605,0.013315858203253875,501,1
150,扫描命中五位编码,全部,有适用观测的帧等权,10011,3,857329,143589605,0.006236315604721044,501,1
150,扫描命中五位编码,全部,有适用观测的帧等权,10100,2,2246438,143589605,0.015663544259195472,501,1
150,扫描命中五位编码,全部,有适用观测的帧等权,10101,3,718763,143589605,0.0051388661892101525,501,1
150,扫描命中五位编码,全部,有适用观测的帧等权,10110,3,894905,143589605,0.00646005238630065,501,1
150,扫描命中五位编码,全部,有适用观测的帧等权,10111,4,953125,143589605,0.007273566104041417,501,1
150,扫描命中五位编码,全部,有适用观测的帧等权,11000,2,3473983,143589605,0.0246920313501602,501,1
150,扫描命中五位编码,全部,有适用观测的帧等权,11001,3,830542,143589605,0.006028381362640189,501,1
150,扫描命中五位编码,全部,有适用观测的帧等权,11010,3,923756,143589605,0.006675204453904632,501,1
150,扫描命中五位编码,全部,有适用观测的帧等权,11011,4,894993,143589605,0.0068306716879922595,501,1
150,扫描命中五位编码,全部,有适用观测的帧等权,11100,3,1623045,143589605,0.01196194740471609,501,1
150,扫描命中五位编码,全部,有适用观测的帧等权,11101,4,934864,143589605,0.007128683406809676,501,1
150,扫描命中五位编码,全部,有适用观测的帧等权,11110,4,1405990,143589605,0.010811494438393956,501,1
150,扫描命中五位编码,全部,有适用观测的帧等权,11111,5,4601953,143589605,0.03792061512346809,501,1
150,扫描命中五位编码：按位数汇总,全部,有适用观测的帧等权,合计0个扫描,0,0,143589605,0,501,1
150,扫描命中五位编码：按位数汇总,全部,有适用观测的帧等权,合计1个扫描,1,98475203,143589605,0.6715281493768024,501,1
150,扫描命中五位编码：按位数汇总,全部,有适用观测的帧等权,合计2个扫描,2,24481367,143589605,0.17172177010674142,501,1
150,扫描命中五位编码：按位数汇总,全部,有适用观测的帧等权,合计3个扫描,3,10440905,143589605,0.07597729332497657,501,1
150,扫描命中五位编码：按位数汇总,全部,有适用观测的帧等权,合计4个扫描,4,5590177,143589605,0.04285217206801149,501,1
150,扫描命中五位编码：按位数汇总,全部,有适用观测的帧等权,合计5个扫描,5,4601953,143589605,0.03792061512346809,501,1
150,扫描命中五位编码,全部,统计单位等权,00000,0,0,143589605,0.0,501,1
150,扫描命中五位编码,全部,统计单位等权,00001,1,20769386,143589605,0.14464407782165012,501,1
150,扫描命中五位编码,全部,统计单位等权,00010,1,19163681,143589605,0.13346147863558785,501,1
150,扫描命中五位编码,全部,统计单位等权,00011,2,3412743,143589605,0.02376734026115609,501,1
150,扫描命中五位编码,全部,统计单位等权,00100,1,18780028,143589605,0.1307896069496117,501,1
150,扫描命中五位编码,全部,统计单位等权,00101,2,2275582,143589605,0.015847818510260545,501,1
150,扫描命中五位编码,全部,统计单位等权,00110,2,2666655,143589605,0.01857136524611235,501,1
150,扫描命中五位编码,全部,统计单位等权,00111,3,1603140,143589605,0.011164735775963726,501,1
150,扫描命中五位编码,全部,统计单位等权,01000,1,19070474,143589605,0.13281235783049894,501,1
150,扫描命中五位编码,全部,统计单位等权,01001,2,1940629,143589605,0.013515107865921075,501,1
150,扫描命中五位编码,全部,统计单位等权,01010,2,2041020,143589605,0.014214260147870732,501,1
150,扫描命中五位编码,全部,统计单位等权,01011,3,950651,143589605,0.006620611568643844,501,1
150,扫描命中五位编码,全部,统计单位等权,01100,2,2681222,143589605,0.018672814094028604,501,1
150,扫描命中五位编码,全部,统计单位等权,01101,3,884312,143589605,0.006158607372727294,501,1
150,扫描命中五位编码,全部,统计单位等权,01110,3,1154462,143589605,0.008040010974332022,501,1
150,扫描命中五位编码,全部,统计单位等权,01111,4,1401205,143589605,0.00975840138288562,501,1
150,扫描命中五位编码,全部,统计单位等权,10000,1,20691634,143589605,0.14410259015616067,501,1
150,扫描命中五位编码,全部,统计单位等权,10001,2,1832899,143589605,0.012764844641783088,501,1
150,扫描命中五位编码,全部,统计单位等权,10010,2,1910196,143589605,0.013303163554214108,501,1
150,扫描命中五位编码,全部,统计单位等权,10011,3,857329,143589605,0.005970689869924776,501,1
150,扫描命中五位编码,全部,统计单位等权,10100,2,2246438,143589605,0.015644851171503674,501,1
150,扫描命中五位编码,全部,统计单位等权,10101,3,718763,143589605,0.0050056757242280875,501,1
150,扫描命中五位编码,全部,统计单位等权,10110,3,894905,143589605,0.0062323801225026,501,1
150,扫描命中五位编码,全部,统计单位等权,10111,4,953125,143589605,0.006637841228130686,501,1
150,扫描命中五位编码,全部,统计单位等权,11000,2,3473983,143589605,0.024193833529941113,501,1
150,扫描命中五位编码,全部,统计单位等权,11001,3,830542,143589605,0.005784137368439728,501,1
150,扫描命中五位编码,全部,统计单位等权,11010,3,923756,143589605,0.0064333069235757,501,1
150,扫描命中五位编码,全部,统计单位等权,11011,4,894993,143589605,0.006232992980236975,501,1
150,扫描命中五位编码,全部,统计单位等权,11100,3,1623045,143589605,0.01130336001690373,501,1
150,扫描命中五位编码,全部,统计单位等权,11101,4,934864,143589605,0.006510666283955583,501,1
150,扫描命中五位编码,全部,统计单位等权,11110,4,1405990,143589605,0.009791725522192223,501,1
150,扫描命中五位编码,全部,统计单位等权,11111,5,4601953,143589605,0.03204934646905672,501,1
150,扫描命中五位编码：按位数汇总,全部,统计单位等权,合计0个扫描,0,0,143589605,0,501,1
150,扫描命中五位编码：按位数汇总,全部,统计单位等权,合计1个扫描,1,98475203,143589605,0.6858101113935093,501,1
150,扫描命中五位编码：按位数汇总,全部,统计单位等权,合计2个扫描,2,24481367,143589605,0.17049539902279137,501,1
150,扫描命中五位编码：按位数汇总,全部,统计单位等权,合计3个扫描,3,10440905,143589605,0.07271351571724151,501,1
150,扫描命中五位编码：按位数汇总,全部,统计单位等权,合计4个扫描,4,5590177,143589605,0.03893162739740109,501,1
150,扫描命中五位编码：按位数汇总,全部,统计单位等权,合计5个扫描,5,4601953,143589605,0.03204934646905672,501,1
150,扫描命中五位编码,当前异常占据体素,有适用观测的帧等权,00000,0,0,4746,0.0,267,1
150,扫描命中五位编码,当前异常占据体素,有适用观测的帧等权,00001,1,1920,4746,0.7519960919678517,267,1
150,扫描命中五位编码,当前异常占据体素,有适用观测的帧等权,00010,1,0,4746,0.0,267,1
150,扫描命中五位编码,当前异常占据体素,有适用观测的帧等权,00011,2,335,4746,0.05369068982276749,267,1
150,扫描命中五位编码,当前异常占据体素,有适用观测的帧等权,00100,1,0,4746,0.0,267,1
150,扫描命中五位编码,当前异常占据体素,有适用观测的帧等权,00101,2,254,4746,0.03353775063061369,267,1
150,扫描命中五位编码,当前异常占据体素,有适用观测的帧等权,00110,2,0,4746,0.0,267,1
150,扫描命中五位编码,当前异常占据体素,有适用观测的帧等权,00111,3,178,4746,0.013311468144781019,267,1
150,扫描命中五位编码,当前异常占据体素,有适用观测的帧等权,01000,1,0,4746,0.0,267,1
150,扫描命中五位编码,当前异常占据体素,有适用观测的帧等权,01001,2,235,4746,0.035075140409451304,267,1
150,扫描命中五位编码,当前异常占据体素,有适用观测的帧等权,01010,2,0,4746,0.0,267,1
150,扫描命中五位编码,当前异常占据体素,有适用观测的帧等权,01011,3,147,4746,0.009547316942533307,267,1
150,扫描命中五位编码,当前异常占据体素,有适用观测的帧等权,01100,2,0,4746,0.0,267,1
150,扫描命中五位编码,当前异常占据体素,有适用观测的帧等权,01101,3,116,4746,0.008118078933912014,267,1
150,扫描命中五位编码,当前异常占据体素,有适用观测的帧等权,01110,3,0,4746,0.0,267,1
150,扫描命中五位编码,当前异常占据体素,有适用观测的帧等权,01111,4,182,4746,0.008737112246784178,267,1
150,扫描命中五位编码,当前异常占据体素,有适用观测的帧等权,10000,1,0,4746,0.0,267,1
150,扫描命中五位编码,当前异常占据体素,有适用观测的帧等权,10001,2,186,4746,0.02341817350270879,267,1
150,扫描命中五位编码,当前异常占据体素,有适用观测的帧等权,10010,2,0,4746,0.0,267,1
150,扫描命中五位编码,当前异常占据体素,有适用观测的帧等权,10011,3,105,4746,0.00693787507401397,267,1
150,扫描命中五位编码,当前异常占据体素,有适用观测的帧等权,10100,2,0,4746,0.0,267,1
150,扫描命中五位编码,当前异常占据体素,有适用观测的帧等权,10101,3,111,4746,0.007774458346457554,267,1
150,扫描命中五位编码,当前异常占据体素,有适用观测的帧等权,10110,3,0,4746,0.0,267,1
150,扫描命中五位编码,当前异常占据体素,有适用观测的帧等权,10111,4,146,4746,0.0069425635655165924,267,1
150,扫描命中五位编码,当前异常占据体素,有适用观测的帧等权,11000,2,0,4746,0.0,267,1
150,扫描命中五位编码,当前异常占据体素,有适用观测的帧等权,11001,3,96,4746,0.006996998103319776,267,1
150,扫描命中五位编码,当前异常占据体素,有适用观测的帧等权,11010,3,0,4746,0.0,267,1
150,扫描命中五位编码,当前异常占据体素,有适用观测的帧等权,11011,4,120,4746,0.006435200534160846,267,1
150,扫描命中五位编码,当前异常占据体素,有适用观测的帧等权,11100,3,0,4746,0.0,267,1
150,扫描命中五位编码,当前异常占据体素,有适用观测的帧等权,11101,4,120,4746,0.0063324556748177606,267,1
150,扫描命中五位编码,当前异常占据体素,有适用观测的帧等权,11110,4,0,4746,0.0,267,1
150,扫描命中五位编码,当前异常占据体素,有适用观测的帧等权,11111,5,495,4746,0.021148626100309945,267,1
150,扫描命中五位编码：按位数汇总,当前异常占据体素,有适用观测的帧等权,合计0个扫描,0,0,4746,0,267,1
150,扫描命中五位编码：按位数汇总,当前异常占据体素,有适用观测的帧等权,合计1个扫描,1,1920,4746,0.7519960919678517,267,1
150,扫描命中五位编码：按位数汇总,当前异常占据体素,有适用观测的帧等权,合计2个扫描,2,1010,4746,0.14572175436554127,267,1
150,扫描命中五位编码：按位数汇总,当前异常占据体素,有适用观测的帧等权,合计3个扫描,3,753,4746,0.05268619554501764,267,1
150,扫描命中五位编码：按位数汇总,当前异常占据体素,有适用观测的帧等权,合计4个扫描,4,568,4746,0.028447332021279376,267,1
150,扫描命中五位编码：按位数汇总,当前异常占据体素,有适用观测的帧等权,合计5个扫描,5,495,4746,0.021148626100309945,267,1
150,扫描命中五位编码,当前异常占据体素,统计单位等权,00000,0,0,4746,0.0,267,1
150,扫描命中五位编码,当前异常占据体素,统计单位等权,00001,1,1920,4746,0.404551201011378,267,1
150,扫描命中五位编码,当前异常占据体素,统计单位等权,00010,1,0,4746,0.0,267,1
150,扫描命中五位编码,当前异常占据体素,统计单位等权,00011,2,335,4746,0.07058575642646439,267,1
150,扫描命中五位编码,当前异常占据体素,统计单位等权,00100,1,0,4746,0.0,267,1
150,扫描命中五位编码,当前异常占据体素,统计单位等权,00101,2,254,4746,0.05351875263379688,267,1
150,扫描命中五位编码,当前异常占据体素,统计单位等权,00110,2,0,4746,0.0,267,1
150,扫描命中五位编码,当前异常占据体素,统计单位等权,00111,3,178,4746,0.03750526759376317,267,1
150,扫描命中五位编码,当前异常占据体素,统计单位等权,01000,1,0,4746,0.0,267,1
150,扫描命中五位编码,当前异常占据体素,统计单位等权,01001,2,235,4746,0.049515381373788456,267,1
150,扫描命中五位编码,当前异常占据体素,统计单位等权,01010,2,0,4746,0.0,267,1
150,扫描命中五位编码,当前异常占据体素,统计单位等权,01011,3,147,4746,0.030973451327433628,267,1
150,扫描命中五位编码,当前异常占据体素,统计单位等权,01100,2,0,4746,0.0,267,1
150,扫描命中五位编码,当前异常占据体素,统计单位等权,01101,3,116,4746,0.024441635061104087,267,1
150,扫描命中五位编码,当前异常占据体素,统计单位等权,01110,3,0,4746,0.0,267,1
150,扫描命中五位编码,当前异常占据体素,统计单位等权,01111,4,182,4746,0.038348082595870206,267,1
150,扫描命中五位编码,当前异常占据体素,统计单位等权,10000,1,0,4746,0.0,267,1
150,扫描命中五位编码,当前异常占据体素,统计单位等权,10001,2,186,4746,0.039190897597977246,267,1
150,扫描命中五位编码,当前异常占据体素,统计单位等权,10010,2,0,4746,0.0,267,1
150,扫描命中五位编码,当前异常占据体素,统计单位等权,10011,3,105,4746,0.022123893805309734,267,1
150,扫描命中五位编码,当前异常占据体素,统计单位等权,10100,2,0,4746,0.0,267,1
150,扫描命中五位编码,当前异常占据体素,统计单位等权,10101,3,111,4746,0.02338811630847029,267,1
150,扫描命中五位编码,当前异常占据体素,统计单位等权,10110,3,0,4746,0.0,267,1
150,扫描命中五位编码,当前异常占据体素,统计单位等权,10111,4,146,4746,0.03076274757690687,267,1
150,扫描命中五位编码,当前异常占据体素,统计单位等权,11000,2,0,4746,0.0,267,1
150,扫描命中五位编码,当前异常占据体素,统计单位等权,11001,3,96,4746,0.020227560050568902,267,1
150,扫描命中五位编码,当前异常占据体素,统计单位等权,11010,3,0,4746,0.0,267,1
150,扫描命中五位编码,当前异常占据体素,统计单位等权,11011,4,120,4746,0.025284450063211124,267,1
150,扫描命中五位编码,当前异常占据体素,统计单位等权,11100,3,0,4746,0.0,267,1
150,扫描命中五位编码,当前异常占据体素,统计单位等权,11101,4,120,4746,0.025284450063211124,267,1
150,扫描命中五位编码,当前异常占据体素,统计单位等权,11110,4,0,4746,0.0,267,1
150,扫描命中五位编码,当前异常占据体素,统计单位等权,11111,5,495,4746,0.10429835651074588,267,1
150,扫描命中五位编码：按位数汇总,当前异常占据体素,统计单位等权,合计0个扫描,0,0,4746,0,267,1
150,扫描命中五位编码：按位数汇总,当前异常占据体素,统计单位等权,合计1个扫描,1,1920,4746,0.404551201011378,267,1
150,扫描命中五位编码：按位数汇总,当前异常占据体素,统计单位等权,合计2个扫描,2,1010,4746,0.21281078803202697,267,1
150,扫描命中五位编码：按位数汇总,当前异常占据体素,统计单位等权,合计3个扫描,3,753,4746,0.1586599241466498,267,1
150,扫描命中五位编码：按位数汇总,当前异常占据体素,统计单位等权,合计4个扫描,4,568,4746,0.11967973029919932,267,1
150,扫描命中五位编码：按位数汇总,当前异常占据体素,统计单位等权,合计5个扫描,5,495,4746,0.10429835651074588,267,1
151,五位类别可见模式,全部,有适用观测的帧等权,00000,0,120,273,0.43956043956043955,273,1
151,五位类别可见模式,全部,有适用观测的帧等权,00001,1,5,273,0.018315018315018316,273,1
151,五位类别可见模式,全部,有适用观测的帧等权,00010,1,3,273,0.01098901098901099,273,1
151,五位类别可见模式,全部,有适用观测的帧等权,00011,2,2,273,0.007326007326007326,273,1
151,五位类别可见模式,全部,有适用观测的帧等权,00100,1,3,273,0.01098901098901099,273,1
151,五位类别可见模式,全部,有适用观测的帧等权,00101,2,1,273,0.003663003663003663,273,1
151,五位类别可见模式,全部,有适用观测的帧等权,00110,2,1,273,0.003663003663003663,273,1
151,五位类别可见模式,全部,有适用观测的帧等权,00111,3,4,273,0.014652014652014652,273,1
151,五位类别可见模式,全部,有适用观测的帧等权,01000,1,2,273,0.007326007326007326,273,1
151,五位类别可见模式,全部,有适用观测的帧等权,01001,2,2,273,0.007326007326007326,273,1
151,五位类别可见模式,全部,有适用观测的帧等权,01010,2,1,273,0.003663003663003663,273,1
151,五位类别可见模式,全部,有适用观测的帧等权,01011,3,0,273,0.0,273,1
151,五位类别可见模式,全部,有适用观测的帧等权,01100,2,1,273,0.003663003663003663,273,1
151,五位类别可见模式,全部,有适用观测的帧等权,01101,3,1,273,0.003663003663003663,273,1
151,五位类别可见模式,全部,有适用观测的帧等权,01110,3,2,273,0.007326007326007326,273,1
151,五位类别可见模式,全部,有适用观测的帧等权,01111,4,4,273,0.014652014652014652,273,1
151,五位类别可见模式,全部,有适用观测的帧等权,10000,1,4,273,0.014652014652014652,273,1
151,五位类别可见模式,全部,有适用观测的帧等权,10001,2,0,273,0.0,273,1
151,五位类别可见模式,全部,有适用观测的帧等权,10010,2,1,273,0.003663003663003663,273,1
151,五位类别可见模式,全部,有适用观测的帧等权,10011,3,3,273,0.01098901098901099,273,1
151,五位类别可见模式,全部,有适用观测的帧等权,10100,2,1,273,0.003663003663003663,273,1
151,五位类别可见模式,全部,有适用观测的帧等权,10101,3,0,273,0.0,273,1
151,五位类别可见模式,全部,有适用观测的帧等权,10110,3,1,273,0.003663003663003663,273,1
151,五位类别可见模式,全部,有适用观测的帧等权,10111,4,2,273,0.007326007326007326,273,1
151,五位类别可见模式,全部,有适用观测的帧等权,11000,2,2,273,0.007326007326007326,273,1
151,五位类别可见模式,全部,有适用观测的帧等权,11001,3,2,273,0.007326007326007326,273,1
151,五位类别可见模式,全部,有适用观测的帧等权,11010,3,0,273,0.0,273,1
151,五位类别可见模式,全部,有适用观测的帧等权,11011,4,3,273,0.01098901098901099,273,1
151,五位类别可见模式,全部,有适用观测的帧等权,11100,3,3,273,0.01098901098901099,273,1
151,五位类别可见模式,全部,有适用观测的帧等权,11101,4,2,273,0.007326007326007326,273,1
151,五位类别可见模式,全部,有适用观测的帧等权,11110,4,3,273,0.01098901098901099,273,1
151,五位类别可见模式,全部,有适用观测的帧等权,11111,5,94,273,0.3443223443223443,273,1
151,五位类别可见模式：按位数汇总,全部,有适用观测的帧等权,合计0个扫描,0,120,273,0.43956043956043955,273,1
151,五位类别可见模式：按位数汇总,全部,有适用观测的帧等权,合计1个扫描,1,17,273,0.06227106227106227,273,1
151,五位类别可见模式：按位数汇总,全部,有适用观测的帧等权,合计2个扫描,2,12,273,0.04395604395604395,273,1
151,五位类别可见模式：按位数汇总,全部,有适用观测的帧等权,合计3个扫描,3,16,273,0.05860805860805861,273,1
151,五位类别可见模式：按位数汇总,全部,有适用观测的帧等权,合计4个扫描,4,14,273,0.05128205128205128,273,1
151,五位类别可见模式：按位数汇总,全部,有适用观测的帧等权,合计5个扫描,5,94,273,0.3443223443223443,273,1
151,五位类别可见模式,全部,统计单位等权,00000,0,120,273,0.43956043956043955,273,1
151,五位类别可见模式,全部,统计单位等权,00001,1,5,273,0.018315018315018316,273,1
151,五位类别可见模式,全部,统计单位等权,00010,1,3,273,0.01098901098901099,273,1
151,五位类别可见模式,全部,统计单位等权,00011,2,2,273,0.007326007326007326,273,1
151,五位类别可见模式,全部,统计单位等权,00100,1,3,273,0.01098901098901099,273,1
151,五位类别可见模式,全部,统计单位等权,00101,2,1,273,0.003663003663003663,273,1
151,五位类别可见模式,全部,统计单位等权,00110,2,1,273,0.003663003663003663,273,1
151,五位类别可见模式,全部,统计单位等权,00111,3,4,273,0.014652014652014652,273,1
151,五位类别可见模式,全部,统计单位等权,01000,1,2,273,0.007326007326007326,273,1
151,五位类别可见模式,全部,统计单位等权,01001,2,2,273,0.007326007326007326,273,1
151,五位类别可见模式,全部,统计单位等权,01010,2,1,273,0.003663003663003663,273,1
151,五位类别可见模式,全部,统计单位等权,01011,3,0,273,0.0,273,1
151,五位类别可见模式,全部,统计单位等权,01100,2,1,273,0.003663003663003663,273,1
151,五位类别可见模式,全部,统计单位等权,01101,3,1,273,0.003663003663003663,273,1
151,五位类别可见模式,全部,统计单位等权,01110,3,2,273,0.007326007326007326,273,1
151,五位类别可见模式,全部,统计单位等权,01111,4,4,273,0.014652014652014652,273,1
151,五位类别可见模式,全部,统计单位等权,10000,1,4,273,0.014652014652014652,273,1
151,五位类别可见模式,全部,统计单位等权,10001,2,0,273,0.0,273,1
151,五位类别可见模式,全部,统计单位等权,10010,2,1,273,0.003663003663003663,273,1
151,五位类别可见模式,全部,统计单位等权,10011,3,3,273,0.01098901098901099,273,1
151,五位类别可见模式,全部,统计单位等权,10100,2,1,273,0.003663003663003663,273,1
151,五位类别可见模式,全部,统计单位等权,10101,3,0,273,0.0,273,1
151,五位类别可见模式,全部,统计单位等权,10110,3,1,273,0.003663003663003663,273,1
151,五位类别可见模式,全部,统计单位等权,10111,4,2,273,0.007326007326007326,273,1
151,五位类别可见模式,全部,统计单位等权,11000,2,2,273,0.007326007326007326,273,1
151,五位类别可见模式,全部,统计单位等权,11001,3,2,273,0.007326007326007326,273,1
151,五位类别可见模式,全部,统计单位等权,11010,3,0,273,0.0,273,1
151,五位类别可见模式,全部,统计单位等权,11011,4,3,273,0.01098901098901099,273,1
151,五位类别可见模式,全部,统计单位等权,11100,3,3,273,0.01098901098901099,273,1
151,五位类别可见模式,全部,统计单位等权,11101,4,2,273,0.007326007326007326,273,1
151,五位类别可见模式,全部,统计单位等权,11110,4,3,273,0.01098901098901099,273,1
151,五位类别可见模式,全部,统计单位等权,11111,5,94,273,0.3443223443223443,273,1
151,五位类别可见模式：按位数汇总,全部,统计单位等权,合计0个扫描,0,120,273,0.43956043956043955,273,1
151,五位类别可见模式：按位数汇总,全部,统计单位等权,合计1个扫描,1,17,273,0.06227106227106227,273,1
151,五位类别可见模式：按位数汇总,全部,统计单位等权,合计2个扫描,2,12,273,0.04395604395604395,273,1
151,五位类别可见模式：按位数汇总,全部,统计单位等权,合计3个扫描,3,16,273,0.05860805860805861,273,1
151,五位类别可见模式：按位数汇总,全部,统计单位等权,合计4个扫描,4,14,273,0.05128205128205128,273,1
151,五位类别可见模式：按位数汇总,全部,统计单位等权,合计5个扫描,5,94,273,0.3443223443223443,273,1
151,扫描命中五位编码,全部,有适用观测的帧等权,00000,0,0,66496640,0.0,273,1
151,扫描命中五位编码,全部,有适用观测的帧等权,00001,1,9094130,66496640,0.13674342145284984,273,1
151,扫描命中五位编码,全部,有适用观测的帧等权,00010,1,8250543,66496640,0.12395011008457849,273,1
151,扫描命中五位编码,全部,有适用观测的帧等权,00011,2,1728452,66496640,0.025946816098952573,273,1
151,扫描命中五位编码,全部,有适用观测的帧等权,00100,1,8073046,66496640,0.12136790465727382,273,1
151,扫描命中五位编码,全部,有适用观测的帧等权,00101,2,1106090,66496640,0.01650570946537997,273,1
151,扫描命中五位编码,全部,有适用观测的帧等权,00110,2,1314304,66496640,0.019667520113928194,273,1
151,扫描命中五位编码,全部,有适用观测的帧等权,00111,3,877843,66496640,0.013233164277629309,273,1
151,扫描命中五位编码,全部,有适用观测的帧等权,01000,1,8240025,66496640,0.12379892669564613,273,1
151,扫描命中五位编码,全部,有适用观测的帧等权,01001,2,936289,66496640,0.014025670945998032,273,1
151,扫描命中五位编码,全部,有适用观测的帧等权,01010,2,965704,66496640,0.014357209501753954,273,1
151,扫描命中五位编码,全部,有适用观测的帧等权,01011,3,510023,66496640,0.007625182617827313,273,1
151,扫描命中五位编码,全部,有适用观测的帧等权,01100,2,1315493,66496640,0.01966402074226244,273,1
151,扫描命中五位编码,全部,有适用观测的帧等权,01101,3,472825,66496640,0.007092466590321498,273,1
151,扫描命中五位编码,全部,有适用观测的帧等权,01110,3,603905,66496640,0.009016578767191813,273,1
151,扫描命中五位编码,全部,有适用观测的帧等权,01111,4,824422,66496640,0.012534330747044563,273,1
151,扫描命中五位编码,全部,有适用观测的帧等权,10000,1,9143416,66496640,0.1374629777914715,273,1
151,扫描命中五位编码,全部,有适用观测的帧等权,10001,2,875275,66496640,0.013048105776614787,273,1
151,扫描命中五位编码,全部,有适用观测的帧等权,10010,2,925019,66496640,0.013850571590954729,273,1
151,扫描命中五位编码,全部,有适用观测的帧等权,10011,3,456871,66496640,0.006855178915799013,273,1
151,扫描命中五位编码,全部,有适用观测的帧等权,10100,2,1088531,66496640,0.016208009139433807,273,1
151,扫描命中五位编码,全部,有适用观测的帧等权,10101,3,370646,66496640,0.005503689199326346,273,1
151,扫描命中五位编码,全部,有适用观测的帧等权,10110,3,470232,66496640,0.007037651049171132,273,1
151,扫描命中五位编码,全部,有适用观测的帧等权,10111,4,552807,66496640,0.008359432680811092,273,1
151,扫描命中五位编码,全部,有适用观测的帧等权,11000,2,1762442,66496640,0.02640380276811808,273,1
151,扫描命中五位编码,全部,有适用观测的帧等权,11001,3,446354,66496640,0.006699193484453351,273,1
151,扫描命中五位编码,全部,有适用观测的帧等权,11010,3,490950,66496640,0.007328190317945874,273,1
151,扫描命中五位编码,全部,有适用观测的帧等权,11011,4,515350,66496640,0.007809275438385562,273,1
151,扫描命中五位编码,全部,有适用观测的帧等权,11100,3,894076,66496640,0.013435048298290496,273,1
151,扫描命中五位编码,全部,有适用观测的帧等权,11101,4,535060,66496640,0.008073378430272032,273,1
151,扫描命中五位编码,全部,有适用观测的帧等权,11110,4,822780,66496640,0.012469549027491084,273,1
151,扫描命中五位编码,全部,有适用观测的帧等权,11111,5,2833737,66496640,0.04392691333282316,273,1
151,扫描命中五位编码：按位数汇总,全部,有适用观测的帧等权,合计0个扫描,0,0,66496640,0,273,1
151,扫描命中五位编码：按位数汇总,全部,有适用观测的帧等权,合计1个扫描,1,42801160,66496640,0.6433233406818197,273,1
151,扫描命中五位编码：按位数汇总,全部,有适用观测的帧等权,合计2个扫描,2,12017599,66496640,0.17967743614339657,273,1
151,扫描命中五位编码：按位数汇总,全部,有适用观测的帧等权,合计3个扫描,3,5593725,66496640,0.08382634351795615,273,1
151,扫描命中五位编码：按位数汇总,全部,有适用观测的帧等权,合计4个扫描,4,3250419,66496640,0.04924596632400433,273,1
151,扫描命中五位编码：按位数汇总,全部,有适用观测的帧等权,合计5个扫描,5,2833737,66496640,0.04392691333282316,273,1
151,扫描命中五位编码,全部,统计单位等权,00000,0,0,66496640,0.0,273,1
151,扫描命中五位编码,全部,统计单位等权,00001,1,9094130,66496640,0.13676074460303558,273,1
151,扫描命中五位编码,全部,统计单位等权,00010,1,8250543,66496640,0.1240745848211278,273,1
151,扫描命中五位编码,全部,统计单位等权,00011,2,1728452,66496640,0.02599307273269747,273,1
151,扫描命中五位编码,全部,统计单位等权,00100,1,8073046,66496640,0.12140532213356946,273,1
151,扫描命中五位编码,全部,统计单位等权,00101,2,1106090,66496640,0.01663377277408302,273,1
151,扫描命中五位编码,全部,统计单位等权,00110,2,1314304,66496640,0.019764968575855864,273,1
151,扫描命中五位编码,全部,统计单位等权,00111,3,877843,66496640,0.013201313630282673,273,1
151,扫描命中五位编码,全部,统计单位等权,01000,1,8240025,66496640,0.12391641141567454,273,1
151,扫描命中五位编码,全部,统计单位等权,01001,2,936289,66496640,0.01408024525750474,273,1
151,扫描命中五位编码,全部,统计单位等权,01010,2,965704,66496640,0.014522598435048748,273,1
151,扫描命中五位编码,全部,统计单位等权,01011,3,510023,66496640,0.007669906329101741,273,1
151,扫描命中五位编码,全部,统计单位等权,01100,2,1315493,66496640,0.01978284917854496,273,1
151,扫描命中五位编码,全部,统计单位等权,01101,3,472825,66496640,0.007110509643795536,273,1
151,扫描命中五位编码,全部,统计单位等权,01110,3,603905,66496640,0.009081737062203443,273,1
151,扫描命中五位编码,全部,统计单位等权,01111,4,824422,66496640,0.012397949730993927,273,1
151,扫描命中五位编码,全部,统计单位等权,10000,1,9143416,66496640,0.13750192490928864,273,1
151,扫描命中五位编码,全部,统计单位等权,10001,2,875275,66496640,0.013162695137679137,273,1
151,扫描命中五位编码,全部,统计单位等权,10010,2,925019,66496640,0.013910763009980655,273,1
151,扫描命中五位编码,全部,统计单位等权,10011,3,456871,66496640,0.006870587746989923,273,1
151,扫描命中五位编码,全部,统计单位等权,10100,2,1088531,66496640,0.016369714319400198,273,1
151,扫描命中五位编码,全部,统计单位等权,10101,3,370646,66496640,0.005573905689069403,273,1
151,扫描命中五位编码,全部,统计单位等权,10110,3,470232,66496640,0.007071515192346561,273,1
151,扫描命中五位编码,全部,统计单位等权,10111,4,552807,66496640,0.008313307258832928,273,1
151,扫描命中五位编码,全部,统计单位等权,11000,2,1762442,66496640,0.026504226378956892,273,1
151,扫描命中五位编码,全部,统计单位等权,11001,3,446354,66496640,0.006712429379890473,273,1
151,扫描命中五位编码,全部,统计单位等权,11010,3,490950,66496640,0.007383079806739108,273,1
151,扫描命中五位编码,全部,统计单位等权,11011,4,515350,66496640,0.007750015639887971,273,1
151,扫描命中五位编码,全部,统计单位等权,11100,3,894076,66496640,0.01344543122780339,273,1
151,扫描命中五位编码,全部,统计单位等权,11101,4,535060,66496640,0.0080464215936324,273,1
151,扫描命中五位编码,全部,统计单位等权,11110,4,822780,66496640,0.012373256754025466,273,1
151,扫描命中五位编码,全部,统计单位等权,11111,5,2833737,66496640,0.042614739631957346,273,1
151,扫描命中五位编码：按位数汇总,全部,统计单位等权,合计0个扫描,0,0,66496640,0,273,1
151,扫描命中五位编码：按位数汇总,全部,统计单位等权,合计1个扫描,1,42801160,66496640,0.643658987882696,273,1
151,扫描命中五位编码：按位数汇总,全部,统计单位等权,合计2个扫描,2,12017599,66496640,0.1807249057997517,273,1
151,扫描命中五位编码：按位数汇总,全部,统计单位等权,合计3个扫描,3,5593725,66496640,0.08412041570822225,273,1
151,扫描命中五位编码：按位数汇总,全部,统计单位等权,合计4个扫描,4,3250419,66496640,0.04888095097737269,273,1
151,扫描命中五位编码：按位数汇总,全部,统计单位等权,合计5个扫描,5,2833737,66496640,0.042614739631957346,273,1
151,扫描命中五位编码,当前异常占据体素,有适用观测的帧等权,00000,0,0,1163,0.0,125,1
151,扫描命中五位编码,当前异常占据体素,有适用观测的帧等权,00001,1,552,1163,0.7871499130826891,125,1
151,扫描命中五位编码,当前异常占据体素,有适用观测的帧等权,00010,1,0,1163,0.0,125,1
151,扫描命中五位编码,当前异常占据体素,有适用观测的帧等权,00011,2,82,1163,0.04391272639638401,125,1
151,扫描命中五位编码,当前异常占据体素,有适用观测的帧等权,00100,1,0,1163,0.0,125,1
151,扫描命中五位编码,当前异常占据体素,有适用观测的帧等权,00101,2,53,1163,0.030731725787783135,125,1
151,扫描命中五位编码,当前异常占据体素,有适用观测的帧等权,00110,2,0,1163,0.0,125,1
151,扫描命中五位编码,当前异常占据体素,有适用观测的帧等权,00111,3,60,1163,0.01636304839403141,125,1
151,扫描命中五位编码,当前异常占据体素,有适用观测的帧等权,01000,1,0,1163,0.0,125,1
151,扫描命中五位编码,当前异常占据体素,有适用观测的帧等权,01001,2,59,1163,0.025215014343270635,125,1
151,扫描命中五位编码,当前异常占据体素,有适用观测的帧等权,01010,2,0,1163,0.0,125,1
151,扫描命中五位编码,当前异常占据体素,有适用观测的帧等权,01011,3,27,1163,0.00776827927900171,125,1
151,扫描命中五位编码,当前异常占据体素,有适用观测的帧等权,01100,2,0,1163,0.0,125,1
151,扫描命中五位编码,当前异常占据体素,有适用观测的帧等权,01101,3,25,1163,0.006569420411701255,125,1
151,扫描命中五位编码,当前异常占据体素,有适用观测的帧等权,01110,3,0,1163,0.0,125,1
151,扫描命中五位编码,当前异常占据体素,有适用观测的帧等权,01111,4,40,1163,0.009077297442082946,125,1
151,扫描命中五位编码,当前异常占据体素,有适用观测的帧等权,10000,1,0,1163,0.0,125,1
151,扫描命中五位编码,当前异常占据体素,有适用观测的帧等权,10001,2,57,1163,0.022898669851339346,125,1
151,扫描命中五位编码,当前异常占据体素,有适用观测的帧等权,10010,2,0,1163,0.0,125,1
151,扫描命中五位编码,当前异常占据体素,有适用观测的帧等权,10011,3,34,1163,0.008897278804181098,125,1
151,扫描命中五位编码,当前异常占据体素,有适用观测的帧等权,10100,2,0,1163,0.0,125,1
151,扫描命中五位编码,当前异常占据体素,有适用观测的帧等权,10101,3,19,1163,0.009562546006729228,125,1
151,扫描命中五位编码,当前异常占据体素,有适用观测的帧等权,10110,3,0,1163,0.0,125,1
151,扫描命中五位编码,当前异常占据体素,有适用观测的帧等权,10111,4,20,1163,0.0044524632806216555,125,1
151,扫描命中五位编码,当前异常占据体素,有适用观测的帧等权,11000,2,0,1163,0.0,125,1
151,扫描命中五位编码,当前异常占据体素,有适用观测的帧等权,11001,3,30,1163,0.006380216029675507,125,1
151,扫描命中五位编码,当前异常占据体素,有适用观测的帧等权,11010,3,0,1163,0.0,125,1
151,扫描命中五位编码,当前异常占据体素,有适用观测的帧等权,11011,4,18,1163,0.0035893257155349724,125,1
151,扫描命中五位编码,当前异常占据体素,有适用观测的帧等权,11100,3,0,1163,0.0,125,1
151,扫描命中五位编码,当前异常占据体素,有适用观测的帧等权,11101,4,15,1163,0.002955873639660536,125,1
151,扫描命中五位编码,当前异常占据体素,有适用观测的帧等权,11110,4,0,1163,0.0,125,1
151,扫描命中五位编码,当前异常占据体素,有适用观测的帧等权,11111,5,72,1163,0.01447620153531334,125,1
151,扫描命中五位编码：按位数汇总,当前异常占据体素,有适用观测的帧等权,合计0个扫描,0,0,1163,0,125,1
151,扫描命中五位编码：按位数汇总,当前异常占据体素,有适用观测的帧等权,合计1个扫描,1,552,1163,0.7871499130826891,125,1
151,扫描命中五位编码：按位数汇总,当前异常占据体素,有适用观测的帧等权,合计2个扫描,2,251,1163,0.12275813637877712,125,1
151,扫描命中五位编码：按位数汇总,当前异常占据体素,有适用观测的帧等权,合计3个扫描,3,195,1163,0.05554078892532021,125,1
151,扫描命中五位编码：按位数汇总,当前异常占据体素,有适用观测的帧等权,合计4个扫描,4,93,1163,0.02007496007790011,125,1
151,扫描命中五位编码：按位数汇总,当前异常占据体素,有适用观测的帧等权,合计5个扫描,5,72,1163,0.01447620153531334,125,1
151,扫描命中五位编码,当前异常占据体素,统计单位等权,00000,0,0,1163,0.0,125,1
151,扫描命中五位编码,当前异常占据体素,统计单位等权,00001,1,552,1163,0.47463456577815993,125,1
151,扫描命中五位编码,当前异常占据体素,统计单位等权,00010,1,0,1163,0.0,125,1
151,扫描命中五位编码,当前异常占据体素,统计单位等权,00011,2,82,1163,0.0705073086844368,125,1
151,扫描命中五位编码,当前异常占据体素,统计单位等权,00100,1,0,1163,0.0,125,1
151,扫描命中五位编码,当前异常占据体素,统计单位等权,00101,2,53,1163,0.04557179707652623,125,1
151,扫描命中五位编码,当前异常占据体素,统计单位等权,00110,2,0,1163,0.0,125,1
151,扫描命中五位编码,当前异常占据体素,统计单位等权,00111,3,60,1163,0.051590713671539126,125,1
151,扫描命中五位编码,当前异常占据体素,统计单位等权,01000,1,0,1163,0.0,125,1
151,扫描命中五位编码,当前异常占据体素,统计单位等权,01001,2,59,1163,0.05073086844368014,125,1
151,扫描命中五位编码,当前异常占据体素,统计单位等权,01010,2,0,1163,0.0,125,1
151,扫描命中五位编码,当前异常占据体素,统计单位等权,01011,3,27,1163,0.023215821152192607,125,1
151,扫描命中五位编码,当前异常占据体素,统计单位等权,01100,2,0,1163,0.0,125,1
151,扫描命中五位编码,当前异常占据体素,统计单位等权,01101,3,25,1163,0.021496130696474634,125,1
151,扫描命中五位编码,当前异常占据体素,统计单位等权,01110,3,0,1163,0.0,125,1
151,扫描命中五位编码,当前异常占据体素,统计单位等权,01111,4,40,1163,0.034393809114359415,125,1
151,扫描命中五位编码,当前异常占据体素,统计单位等权,10000,1,0,1163,0.0,125,1
151,扫描命中五位编码,当前异常占据体素,统计单位等权,10001,2,57,1163,0.049011177987962166,125,1
151,扫描命中五位编码,当前异常占据体素,统计单位等权,10010,2,0,1163,0.0,125,1
151,扫描命中五位编码,当前异常占据体素,统计单位等权,10011,3,34,1163,0.029234737747205503,125,1
151,扫描命中五位编码,当前异常占据体素,统计单位等权,10100,2,0,1163,0.0,125,1
151,扫描命中五位编码,当前异常占据体素,统计单位等权,10101,3,19,1163,0.01633705932932072,125,1
151,扫描命中五位编码,当前异常占据体素,统计单位等权,10110,3,0,1163,0.0,125,1
151,扫描命中五位编码,当前异常占据体素,统计单位等权,10111,4,20,1163,0.017196904557179708,125,1
151,扫描命中五位编码,当前异常占据体素,统计单位等权,11000,2,0,1163,0.0,125,1
151,扫描命中五位编码,当前异常占据体素,统计单位等权,11001,3,30,1163,0.025795356835769563,125,1
151,扫描命中五位编码,当前异常占据体素,统计单位等权,11010,3,0,1163,0.0,125,1
151,扫描命中五位编码,当前异常占据体素,统计单位等权,11011,4,18,1163,0.015477214101461736,125,1
151,扫描命中五位编码,当前异常占据体素,统计单位等权,11100,3,0,1163,0.0,125,1
151,扫描命中五位编码,当前异常占据体素,统计单位等权,11101,4,15,1163,0.012897678417884782,125,1
151,扫描命中五位编码,当前异常占据体素,统计单位等权,11110,4,0,1163,0.0,125,1
151,扫描命中五位编码,当前异常占据体素,统计单位等权,11111,5,72,1163,0.061908856405846945,125,1
151,扫描命中五位编码：按位数汇总,当前异常占据体素,统计单位等权,合计0个扫描,0,0,1163,0,125,1
151,扫描命中五位编码：按位数汇总,当前异常占据体素,统计单位等权,合计1个扫描,1,552,1163,0.47463456577815993,125,1
151,扫描命中五位编码：按位数汇总,当前异常占据体素,统计单位等权,合计2个扫描,2,251,1163,0.21582115219260534,125,1
151,扫描命中五位编码：按位数汇总,当前异常占据体素,统计单位等权,合计3个扫描,3,195,1163,0.16766981943250214,125,1
151,扫描命中五位编码：按位数汇总,当前异常占据体素,统计单位等权,合计4个扫描,4,93,1163,0.07996560619088564,125,1
151,扫描命中五位编码：按位数汇总,当前异常占据体素,统计单位等权,合计5个扫描,5,72,1163,0.061908856405846945,125,1
152,五位类别可见模式,全部,有适用观测的帧等权,00000,0,283,530,0.5339622641509434,530,1
152,五位类别可见模式,全部,有适用观测的帧等权,00001,1,6,530,0.011320754716981131,530,1
152,五位类别可见模式,全部,有适用观测的帧等权,00010,1,3,530,0.005660377358490566,530,1
152,五位类别可见模式,全部,有适用观测的帧等权,00011,2,4,530,0.007547169811320755,530,1
152,五位类别可见模式,全部,有适用观测的帧等权,00100,1,4,530,0.007547169811320755,530,1
152,五位类别可见模式,全部,有适用观测的帧等权,00101,2,0,530,0.0,530,1
152,五位类别可见模式,全部,有适用观测的帧等权,00110,2,4,530,0.007547169811320755,530,1
152,五位类别可见模式,全部,有适用观测的帧等权,00111,3,3,530,0.005660377358490566,530,1
152,五位类别可见模式,全部,有适用观测的帧等权,01000,1,4,530,0.007547169811320755,530,1
152,五位类别可见模式,全部,有适用观测的帧等权,01001,2,1,530,0.0018867924528301887,530,1
152,五位类别可见模式,全部,有适用观测的帧等权,01010,2,1,530,0.0018867924528301887,530,1
152,五位类别可见模式,全部,有适用观测的帧等权,01011,3,2,530,0.0037735849056603774,530,1
152,五位类别可见模式,全部,有适用观测的帧等权,01100,2,2,530,0.0037735849056603774,530,1
152,五位类别可见模式,全部,有适用观测的帧等权,01101,3,4,530,0.007547169811320755,530,1
152,五位类别可见模式,全部,有适用观测的帧等权,01110,3,4,530,0.007547169811320755,530,1
152,五位类别可见模式,全部,有适用观测的帧等权,01111,4,7,530,0.013207547169811321,530,1
152,五位类别可见模式,全部,有适用观测的帧等权,10000,1,6,530,0.011320754716981131,530,1
152,五位类别可见模式,全部,有适用观测的帧等权,10001,2,1,530,0.0018867924528301887,530,1
152,五位类别可见模式,全部,有适用观测的帧等权,10010,2,1,530,0.0018867924528301887,530,1
152,五位类别可见模式,全部,有适用观测的帧等权,10011,3,3,530,0.005660377358490566,530,1
152,五位类别可见模式,全部,有适用观测的帧等权,10100,2,1,530,0.0018867924528301887,530,1
152,五位类别可见模式,全部,有适用观测的帧等权,10101,3,3,530,0.005660377358490566,530,1
152,五位类别可见模式,全部,有适用观测的帧等权,10110,3,2,530,0.0037735849056603774,530,1
152,五位类别可见模式,全部,有适用观测的帧等权,10111,4,8,530,0.01509433962264151,530,1
152,五位类别可见模式,全部,有适用观测的帧等权,11000,2,3,530,0.005660377358490566,530,1
152,五位类别可见模式,全部,有适用观测的帧等权,11001,3,3,530,0.005660377358490566,530,1
152,五位类别可见模式,全部,有适用观测的帧等权,11010,3,3,530,0.005660377358490566,530,1
152,五位类别可见模式,全部,有适用观测的帧等权,11011,4,8,530,0.01509433962264151,530,1
152,五位类别可见模式,全部,有适用观测的帧等权,11100,3,4,530,0.007547169811320755,530,1
152,五位类别可见模式,全部,有适用观测的帧等权,11101,4,7,530,0.013207547169811321,530,1
152,五位类别可见模式,全部,有适用观测的帧等权,11110,4,7,530,0.013207547169811321,530,1
152,五位类别可见模式,全部,有适用观测的帧等权,11111,5,138,530,0.26037735849056604,530,1
152,五位类别可见模式：按位数汇总,全部,有适用观测的帧等权,合计0个扫描,0,283,530,0.5339622641509434,530,1
152,五位类别可见模式：按位数汇总,全部,有适用观测的帧等权,合计1个扫描,1,23,530,0.04339622641509434,530,1
152,五位类别可见模式：按位数汇总,全部,有适用观测的帧等权,合计2个扫描,2,18,530,0.033962264150943396,530,1
152,五位类别可见模式：按位数汇总,全部,有适用观测的帧等权,合计3个扫描,3,31,530,0.05849056603773585,530,1
152,五位类别可见模式：按位数汇总,全部,有适用观测的帧等权,合计4个扫描,4,37,530,0.06981132075471698,530,1
152,五位类别可见模式：按位数汇总,全部,有适用观测的帧等权,合计5个扫描,5,138,530,0.26037735849056604,530,1
152,五位类别可见模式,全部,统计单位等权,00000,0,283,530,0.5339622641509434,530,1
152,五位类别可见模式,全部,统计单位等权,00001,1,6,530,0.011320754716981131,530,1
152,五位类别可见模式,全部,统计单位等权,00010,1,3,530,0.005660377358490566,530,1
152,五位类别可见模式,全部,统计单位等权,00011,2,4,530,0.007547169811320755,530,1
152,五位类别可见模式,全部,统计单位等权,00100,1,4,530,0.007547169811320755,530,1
152,五位类别可见模式,全部,统计单位等权,00101,2,0,530,0.0,530,1
152,五位类别可见模式,全部,统计单位等权,00110,2,4,530,0.007547169811320755,530,1
152,五位类别可见模式,全部,统计单位等权,00111,3,3,530,0.005660377358490566,530,1
152,五位类别可见模式,全部,统计单位等权,01000,1,4,530,0.007547169811320755,530,1
152,五位类别可见模式,全部,统计单位等权,01001,2,1,530,0.0018867924528301887,530,1
152,五位类别可见模式,全部,统计单位等权,01010,2,1,530,0.0018867924528301887,530,1
152,五位类别可见模式,全部,统计单位等权,01011,3,2,530,0.0037735849056603774,530,1
152,五位类别可见模式,全部,统计单位等权,01100,2,2,530,0.0037735849056603774,530,1
152,五位类别可见模式,全部,统计单位等权,01101,3,4,530,0.007547169811320755,530,1
152,五位类别可见模式,全部,统计单位等权,01110,3,4,530,0.007547169811320755,530,1
152,五位类别可见模式,全部,统计单位等权,01111,4,7,530,0.013207547169811321,530,1
152,五位类别可见模式,全部,统计单位等权,10000,1,6,530,0.011320754716981131,530,1
152,五位类别可见模式,全部,统计单位等权,10001,2,1,530,0.0018867924528301887,530,1
152,五位类别可见模式,全部,统计单位等权,10010,2,1,530,0.0018867924528301887,530,1
152,五位类别可见模式,全部,统计单位等权,10011,3,3,530,0.005660377358490566,530,1
152,五位类别可见模式,全部,统计单位等权,10100,2,1,530,0.0018867924528301887,530,1
152,五位类别可见模式,全部,统计单位等权,10101,3,3,530,0.005660377358490566,530,1
152,五位类别可见模式,全部,统计单位等权,10110,3,2,530,0.0037735849056603774,530,1
152,五位类别可见模式,全部,统计单位等权,10111,4,8,530,0.01509433962264151,530,1
152,五位类别可见模式,全部,统计单位等权,11000,2,3,530,0.005660377358490566,530,1
152,五位类别可见模式,全部,统计单位等权,11001,3,3,530,0.005660377358490566,530,1
152,五位类别可见模式,全部,统计单位等权,11010,3,3,530,0.005660377358490566,530,1
152,五位类别可见模式,全部,统计单位等权,11011,4,8,530,0.01509433962264151,530,1
152,五位类别可见模式,全部,统计单位等权,11100,3,4,530,0.007547169811320755,530,1
152,五位类别可见模式,全部,统计单位等权,11101,4,7,530,0.013207547169811321,530,1
152,五位类别可见模式,全部,统计单位等权,11110,4,7,530,0.013207547169811321,530,1
152,五位类别可见模式,全部,统计单位等权,11111,5,138,530,0.26037735849056604,530,1
152,五位类别可见模式：按位数汇总,全部,统计单位等权,合计0个扫描,0,283,530,0.5339622641509434,530,1
152,五位类别可见模式：按位数汇总,全部,统计单位等权,合计1个扫描,1,23,530,0.04339622641509434,530,1
152,五位类别可见模式：按位数汇总,全部,统计单位等权,合计2个扫描,2,18,530,0.033962264150943396,530,1
152,五位类别可见模式：按位数汇总,全部,统计单位等权,合计3个扫描,3,31,530,0.05849056603773585,530,1
152,五位类别可见模式：按位数汇总,全部,统计单位等权,合计4个扫描,4,37,530,0.06981132075471698,530,1
152,五位类别可见模式：按位数汇总,全部,统计单位等权,合计5个扫描,5,138,530,0.26037735849056604,530,1
152,扫描命中五位编码,全部,有适用观测的帧等权,00000,0,0,139679321,0.0,530,1
152,扫描命中五位编码,全部,有适用观测的帧等权,00001,1,19800858,139679321,0.14021773822041975,530,1
152,扫描命中五位编码,全部,有适用观测的帧等权,00010,1,17915872,139679321,0.12651204040753852,530,1
152,扫描命中五位编码,全部,有适用观测的帧等权,00011,2,3600875,139679321,0.025995023848945347,530,1
152,扫描命中五位编码,全部,有适用观测的帧等权,00100,1,17426927,139679321,0.12303225451289979,530,1
152,扫描命中五位编码,全部,有适用观测的帧等权,00101,2,2287200,139679321,0.016391120554224155,530,1
152,扫描命中五位编码,全部,有适用观测的帧等权,00110,2,2693248,139679321,0.01923365829256524,530,1
152,扫描命中五位编码,全部,有适用观测的帧等权,00111,3,1774644,139679321,0.013121518094022335,530,1
152,扫描命中五位编码,全部,有适用观测的帧等权,01000,1,17763888,139679321,0.12547326959084384,530,1
152,扫描命中五位编码,全部,有适用观测的帧等权,01001,2,1869185,139679321,0.013399792225749527,530,1
152,扫描命中五位编码,全部,有适用观测的帧等权,01010,2,2006975,139679321,0.014330169103371473,530,1
152,扫描命中五位编码,全部,有适用观测的帧等权,01011,3,1010874,139679321,0.00739306527414888,530,1
152,扫描命中五位编码,全部,有适用观测的帧等权,01100,2,2691228,139679321,0.019210107176329677,530,1
152,扫描命中五位编码,全部,有适用观测的帧等权,01101,3,915535,139679321,0.006667871878818728,530,1
152,扫描命中五位编码,全部,有适用观测的帧等权,01110,3,1208437,139679321,0.008797162905313339,530,1
152,扫描命中五位编码,全部,有适用观测的帧等权,01111,4,1608856,139679321,0.012181962891070262,530,1
152,扫描命中五位编码,全部,有适用观测的帧等权,10000,1,19629966,139679321,0.1390682752778761,530,1
152,扫描命中五位编码,全部,有适用观测的帧等权,10001,2,1761964,139679321,0.01264864358074902,530,1
152,扫描命中五位编码,全部,有适用观测的帧等权,10010,2,1838490,139679321,0.013171451911272183,530,1
152,扫描命中五位编码,全部,有适用观测的帧等权,10011,3,868591,139679321,0.006365752887232936,530,1
152,扫描命中五位编码,全部,有适用观测的帧等权,10100,2,2244913,139679321,0.01606731296330393,530,1
152,扫描命中五位编码,全部,有适用观测的帧等权,10101,3,734387,139679321,0.005360475343215701,530,1
152,扫描命中五位编码,全部,有适用观测的帧等权,10110,3,915823,139679321,0.006661244610145829,530,1
152,扫描命中五位编码,全部,有适用观测的帧等权,10111,4,1039432,139679321,0.007823744568210417,530,1
152,扫描命中五位编码,全部,有适用观测的帧等权,11000,2,3661614,139679321,0.02640742560994288,530,1
152,扫描命中五位编码,全部,有适用观测的帧等权,11001,3,842479,139679321,0.006166481640258766,530,1
152,扫描命中五位编码,全部,有适用观测的帧等权,11010,3,976921,139679321,0.007134277671403574,530,1
152,扫描命中五位编码,全部,有适用观测的帧等权,11011,4,950977,139679321,0.007147094128731555,530,1
152,扫描命中五位编码,全部,有适用观测的帧等权,11100,3,1811009,139679321,0.013351668686444272,530,1
152,扫描命中五位编码,全部,有适用观测的帧等权,11101,4,1015479,139679321,0.007636605239959204,530,1
152,扫描命中五位编码,全部,有适用观测的帧等权,11110,4,1616298,139679321,0.01220404122945397,530,1
152,扫描命中五位编码,全部,有适用观测的帧等权,11111,5,5196376,139679321,0.040828749675539025,530,1
152,扫描命中五位编码：按位数汇总,全部,有适用观测的帧等权,合计0个扫描,0,0,139679321,0,530,1
152,扫描命中五位编码：按位数汇总,全部,有适用观测的帧等权,合计1个扫描,1,92537511,139679321,0.6543035780095781,530,1
152,扫描命中五位编码：按位数汇总,全部,有适用观测的帧等权,合计2个扫描,2,24655692,139679321,0.17685470526645344,530,1
152,扫描命中五位编码：按位数汇总,全部,有适用观测的帧等权,合计3个扫描,3,11058700,139679321,0.08101951899100436,530,1
152,扫描命中五位编码：按位数汇总,全部,有适用观测的帧等权,合计4个扫描,4,6231042,139679321,0.046993448057425405,530,1
152,扫描命中五位编码：按位数汇总,全部,有适用观测的帧等权,合计5个扫描,5,5196376,139679321,0.040828749675539025,530,1
152,扫描命中五位编码,全部,统计单位等权,00000,0,0,139679321,0.0,530,1
152,扫描命中五位编码,全部,统计单位等权,00001,1,19800858,139679321,0.14175940903950987,530,1
152,扫描命中五位编码,全部,统计单位等权,00010,1,17915872,139679321,0.12826431193777066,530,1
152,扫描命中五位编码,全部,统计单位等权,00011,2,3600875,139679321,0.025779585512160388,530,1
152,扫描命中五位编码,全部,统计单位等权,00100,1,17426927,139679321,0.12476382957216695,530,1
152,扫描命中五位编码,全部,统计单位等权,00101,2,2287200,139679321,0.016374650045728672,530,1
152,扫描命中五位编码,全部,统计单位等权,00110,2,2693248,139679321,0.01928165157675702,530,1
152,扫描命中五位编码,全部,统计单位等权,00111,3,1774644,139679321,0.012705130489573328,530,1
152,扫描命中五位编码,全部,统计单位等权,01000,1,17763888,139679321,0.12717621959230457,530,1
152,扫描命中五位编码,全部,统计单位等权,01001,2,1869185,139679321,0.0133819736996001,530,1
152,扫描命中五位编码,全部,统计单位等权,01010,2,2006975,139679321,0.014368447567124127,530,1
152,扫描命中五位编码,全部,统计单位等权,01011,3,1010874,139679321,0.007237105627109971,530,1
152,扫描命中五位编码,全部,统计单位等权,01100,2,2691228,139679321,0.019267189879882077,530,1
152,扫描命中五位编码,全部,统计单位等权,01101,3,915535,139679321,0.006554549330892008,530,1
152,扫描命中五位编码,全部,统计单位等权,01110,3,1208437,139679321,0.008651509696270645,530,1
152,扫描命中五位编码,全部,统计单位等权,01111,4,1608856,139679321,0.011518211775957875,530,1
152,扫描命中五位编码,全部,统计单位等权,10000,1,19629966,139679321,0.1405359494838896,530,1
152,扫描命中五位编码,全部,统计单位等权,10001,2,1761964,139679321,0.0126143511250316,530,1
152,扫描命中五位编码,全部,统计单位等权,10010,2,1838490,139679321,0.01316222034040386,530,1
152,扫描命中五位编码,全部,统计单位等权,10011,3,868591,139679321,0.006218465222923012,530,1
152,扫描命中五位编码,全部,统计单位等权,10100,2,2244913,139679321,0.016071906592386713,530,1
152,扫描命中五位编码,全部,统计单位等权,10101,3,734387,139679321,0.005257664446979951,530,1
152,扫描命中五位编码,全部,统计单位等权,10110,3,915823,139679321,0.006556611196585069,530,1
152,扫描命中五位编码,全部,统计单位等权,10111,4,1039432,139679321,0.0074415596564934615,530,1
152,扫描命中五位编码,全部,统计单位等权,11000,2,3661614,139679321,0.026214431554975843,530,1
152,扫描命中五位编码,全部,统计单位等权,11001,3,842479,139679321,0.006031522733418786,530,1
152,扫描命中五位编码,全部,统计单位等权,11010,3,976921,139679321,0.006994027412260974,530,1
152,扫描命中五位编码,全部,统计单位等权,11011,4,950977,139679321,0.006808287677744367,530,1
152,扫描命中五位编码,全部,统计单位等权,11100,3,1811009,139679321,0.012965476829601714,530,1
152,扫描命中五位编码,全部,统计单位等权,11101,4,1015479,139679321,0.007270074000431317,530,1
152,扫描命中五位编码,全部,统计单位等权,11110,4,1616298,139679321,0.011571490958207049,530,1
152,扫描命中五位编码,全部,统计单位等权,11111,5,5196376,139679321,0.037202185425858424,530,1
152,扫描命中五位编码：按位数汇总,全部,统计单位等权,合计0个扫描,0,0,139679321,0,530,1
152,扫描命中五位编码：按位数汇总,全部,统计单位等权,合计1个扫描,1,92537511,139679321,0.6624997196256417,530,1
152,扫描命中五位编码：按位数汇总,全部,统计单位等权,合计2个扫描,2,24655692,139679321,0.1765164078940504,530,1
152,扫描命中五位编码：按位数汇总,全部,统计单位等权,合计3个扫描,3,11058700,139679321,0.07917206298561547,530,1
152,扫描命中五位编码：按位数汇总,全部,统计单位等权,合计4个扫描,4,6231042,139679321,0.04460962406883407,530,1
152,扫描命中五位编码：按位数汇总,全部,统计单位等权,合计5个扫描,5,5196376,139679321,0.037202185425858424,530,1
152,扫描命中五位编码,当前异常占据体素,有适用观测的帧等权,00000,0,0,1149,0.0,198,1
152,扫描命中五位编码,当前异常占据体素,有适用观测的帧等权,00001,1,617,1149,0.7665565226444946,198,1
152,扫描命中五位编码,当前异常占据体素,有适用观测的帧等权,00010,1,0,1149,0.0,198,1
152,扫描命中五位编码,当前异常占据体素,有适用观测的帧等权,00011,2,88,1149,0.0534062525682138,198,1
152,扫描命中五位编码,当前异常占据体素,有适用观测的帧等权,00100,1,0,1149,0.0,198,1
152,扫描命中五位编码,当前异常占据体素,有适用观测的帧等权,00101,2,62,1149,0.04288937786637692,198,1
152,扫描命中五位编码,当前异常占据体素,有适用观测的帧等权,00110,2,0,1149,0.0,198,1
152,扫描命中五位编码,当前异常占据体素,有适用观测的帧等权,00111,3,35,1149,0.007196478672965099,198,1
152,扫描命中五位编码,当前异常占据体素,有适用观测的帧等权,01000,1,0,1149,0.0,198,1
152,扫描命中五位编码,当前异常占据体素,有适用观测的帧等权,01001,2,54,1149,0.04060699465453321,198,1
152,扫描命中五位编码,当前异常占据体素,有适用观测的帧等权,01010,2,0,1149,0.0,198,1
152,扫描命中五位编码,当前异常占据体素,有适用观测的帧等权,01011,3,34,1149,0.011260715315881641,198,1
152,扫描命中五位编码,当前异常占据体素,有适用观测的帧等权,01100,2,0,1149,0.0,198,1
152,扫描命中五位编码,当前异常占据体素,有适用观测的帧等权,01101,3,29,1149,0.00626528170124067,198,1
152,扫描命中五位编码,当前异常占据体素,有适用观测的帧等权,01110,3,0,1149,0.0,198,1
152,扫描命中五位编码,当前异常占据体素,有适用观测的帧等权,01111,4,27,1149,0.004330007714747974,198,1
152,扫描命中五位编码,当前异常占据体素,有适用观测的帧等权,10000,1,0,1149,0.0,198,1
152,扫描命中五位编码,当前异常占据体素,有适用观测的帧等权,10001,2,62,1149,0.034603521320455695,198,1
152,扫描命中五位编码,当前异常占据体素,有适用观测的帧等权,10010,2,0,1149,0.0,198,1
152,扫描命中五位编码,当前异常占据体素,有适用观测的帧等权,10011,3,16,1149,0.004816236395183763,198,1
152,扫描命中五位编码,当前异常占据体素,有适用观测的帧等权,10100,2,0,1149,0.0,198,1
152,扫描命中五位编码,当前异常占据体素,有适用观测的帧等权,10101,3,22,1149,0.007720020801161155,198,1
152,扫描命中五位编码,当前异常占据体素,有适用观测的帧等权,10110,3,0,1149,0.0,198,1
152,扫描命中五位编码,当前异常占据体素,有适用观测的帧等权,10111,4,15,1149,0.003937747657985754,198,1
152,扫描命中五位编码,当前异常占据体素,有适用观测的帧等权,11000,2,0,1149,0.0,198,1
152,扫描命中五位编码,当前异常占据体素,有适用观测的帧等权,11001,3,16,1149,0.004830592608702656,198,1
152,扫描命中五位编码,当前异常占据体素,有适用观测的帧等权,11010,3,0,1149,0.0,198,1
152,扫描命中五位编码,当前异常占据体素,有适用观测的帧等权,11011,4,14,1149,0.001962997320140177,198,1
152,扫描命中五位编码,当前异常占据体素,有适用观测的帧等权,11100,3,0,1149,0.0,198,1
152,扫描命中五位编码,当前异常占据体素,有适用观测的帧等权,11101,4,11,1149,0.0016422730708444994,198,1
152,扫描命中五位编码,当前异常占据体素,有适用观测的帧等权,11110,4,0,1149,0.0,198,1
152,扫描命中五位编码,当前异常占据体素,有适用观测的帧等权,11111,5,47,1149,0.00797497968707242,198,1
152,扫描命中五位编码：按位数汇总,当前异常占据体素,有适用观测的帧等权,合计0个扫描,0,0,1149,0,198,1
152,扫描命中五位编码：按位数汇总,当前异常占据体素,有适用观测的帧等权,合计1个扫描,1,617,1149,0.7665565226444946,198,1
152,扫描命中五位编码：按位数汇总,当前异常占据体素,有适用观测的帧等权,合计2个扫描,2,266,1149,0.17150614640957962,198,1
152,扫描命中五位编码：按位数汇总,当前异常占据体素,有适用观测的帧等权,合计3个扫描,3,152,1149,0.042089325495134985,198,1
152,扫描命中五位编码：按位数汇总,当前异常占据体素,有适用观测的帧等权,合计4个扫描,4,67,1149,0.011873025763718403,198,1
152,扫描命中五位编码：按位数汇总,当前异常占据体素,有适用观测的帧等权,合计5个扫描,5,47,1149,0.00797497968707242,198,1
152,扫描命中五位编码,当前异常占据体素,统计单位等权,00000,0,0,1149,0.0,198,1
152,扫描命中五位编码,当前异常占据体素,统计单位等权,00001,1,617,1149,0.5369886858137511,198,1
152,扫描命中五位编码,当前异常占据体素,统计单位等权,00010,1,0,1149,0.0,198,1
152,扫描命中五位编码,当前异常占据体素,统计单位等权,00011,2,88,1149,0.07658833768494343,198,1
152,扫描命中五位编码,当前异常占据体素,统计单位等权,00100,1,0,1149,0.0,198,1
152,扫描命中五位编码,当前异常占据体素,统计单位等权,00101,2,62,1149,0.053959965187119235,198,1
152,扫描命中五位编码,当前异常占据体素,统计单位等权,00110,2,0,1149,0.0,198,1
152,扫描命中五位编码,当前异常占据体素,统计单位等权,00111,3,35,1149,0.030461270670147953,198,1
152,扫描命中五位编码,当前异常占据体素,统计单位等权,01000,1,0,1149,0.0,198,1
152,扫描命中五位编码,当前异常占据体素,统计单位等权,01001,2,54,1149,0.04699738903394256,198,1
152,扫描命中五位编码,当前异常占据体素,统计单位等权,01010,2,0,1149,0.0,198,1
152,扫描命中五位编码,当前异常占据体素,统计单位等权,01011,3,34,1149,0.02959094865100087,198,1
152,扫描命中五位编码,当前异常占据体素,统计单位等权,01100,2,0,1149,0.0,198,1
152,扫描命中五位编码,当前异常占据体素,统计单位等权,01101,3,29,1149,0.025239338555265448,198,1
152,扫描命中五位编码,当前异常占据体素,统计单位等权,01110,3,0,1149,0.0,198,1
152,扫描命中五位编码,当前异常占据体素,统计单位等权,01111,4,27,1149,0.02349869451697128,198,1
152,扫描命中五位编码,当前异常占据体素,统计单位等权,10000,1,0,1149,0.0,198,1
152,扫描命中五位编码,当前异常占据体素,统计单位等权,10001,2,62,1149,0.053959965187119235,198,1
152,扫描命中五位编码,当前异常占据体素,统计单位等权,10010,2,0,1149,0.0,198,1
152,扫描命中五位编码,当前异常占据体素,统计单位等权,10011,3,16,1149,0.01392515230635335,198,1
152,扫描命中五位编码,当前异常占据体素,统计单位等权,10100,2,0,1149,0.0,198,1
152,扫描命中五位编码,当前异常占据体素,统计单位等权,10101,3,22,1149,0.019147084421235857,198,1
152,扫描命中五位编码,当前异常占据体素,统计单位等权,10110,3,0,1149,0.0,198,1
152,扫描命中五位编码,当前异常占据体素,统计单位等权,10111,4,15,1149,0.013054830287206266,198,1
152,扫描命中五位编码,当前异常占据体素,统计单位等权,11000,2,0,1149,0.0,198,1
152,扫描命中五位编码,当前异常占据体素,统计单位等权,11001,3,16,1149,0.01392515230635335,198,1
152,扫描命中五位编码,当前异常占据体素,统计单位等权,11010,3,0,1149,0.0,198,1
152,扫描命中五位编码,当前异常占据体素,统计单位等权,11011,4,14,1149,0.012184508268059183,198,1
152,扫描命中五位编码,当前异常占据体素,统计单位等权,11100,3,0,1149,0.0,198,1
152,扫描命中五位编码,当前异常占据体素,统计单位等权,11101,4,11,1149,0.009573542210617928,198,1
152,扫描命中五位编码,当前异常占据体素,统计单位等权,11110,4,0,1149,0.0,198,1
152,扫描命中五位编码,当前异常占据体素,统计单位等权,11111,5,47,1149,0.040905134899912966,198,1
152,扫描命中五位编码：按位数汇总,当前异常占据体素,统计单位等权,合计0个扫描,0,0,1149,0,198,1
152,扫描命中五位编码：按位数汇总,当前异常占据体素,统计单位等权,合计1个扫描,1,617,1149,0.5369886858137511,198,1
152,扫描命中五位编码：按位数汇总,当前异常占据体素,统计单位等权,合计2个扫描,2,266,1149,0.23150565709312446,198,1
152,扫描命中五位编码：按位数汇总,当前异常占据体素,统计单位等权,合计3个扫描,3,152,1149,0.13228894691035684,198,1
152,扫描命中五位编码：按位数汇总,当前异常占据体素,统计单位等权,合计4个扫描,4,67,1149,0.058311575282854654,198,1
152,扫描命中五位编码：按位数汇总,当前异常占据体素,统计单位等权,合计5个扫描,5,47,1149,0.040905134899912966,198,1
153,五位类别可见模式,全部,有适用观测的帧等权,00000,0,107,267,0.40074906367041196,267,1
153,五位类别可见模式,全部,有适用观测的帧等权,00001,1,4,267,0.0149812734082397,267,1
153,五位类别可见模式,全部,有适用观测的帧等权,00010,1,1,267,0.003745318352059925,267,1
153,五位类别可见模式,全部,有适用观测的帧等权,00011,2,5,267,0.018726591760299626,267,1
153,五位类别可见模式,全部,有适用观测的帧等权,00100,1,1,267,0.003745318352059925,267,1
153,五位类别可见模式,全部,有适用观测的帧等权,00101,2,0,267,0.0,267,1
153,五位类别可见模式,全部,有适用观测的帧等权,00110,2,2,267,0.00749063670411985,267,1
153,五位类别可见模式,全部,有适用观测的帧等权,00111,3,6,267,0.02247191011235955,267,1
153,五位类别可见模式,全部,有适用观测的帧等权,01000,1,2,267,0.00749063670411985,267,1
153,五位类别可见模式,全部,有适用观测的帧等权,01001,2,0,267,0.0,267,1
153,五位类别可见模式,全部,有适用观测的帧等权,01010,2,0,267,0.0,267,1
153,五位类别可见模式,全部,有适用观测的帧等权,01011,3,0,267,0.0,267,1
153,五位类别可见模式,全部,有适用观测的帧等权,01100,2,2,267,0.00749063670411985,267,1
153,五位类别可见模式,全部,有适用观测的帧等权,01101,3,0,267,0.0,267,1
153,五位类别可见模式,全部,有适用观测的帧等权,01110,3,2,267,0.00749063670411985,267,1
153,五位类别可见模式,全部,有适用观测的帧等权,01111,4,4,267,0.0149812734082397,267,1
153,五位类别可见模式,全部,有适用观测的帧等权,10000,1,3,267,0.011235955056179775,267,1
153,五位类别可见模式,全部,有适用观测的帧等权,10001,2,2,267,0.00749063670411985,267,1
153,五位类别可见模式,全部,有适用观测的帧等权,10010,2,0,267,0.0,267,1
153,五位类别可见模式,全部,有适用观测的帧等权,10011,3,3,267,0.011235955056179775,267,1
153,五位类别可见模式,全部,有适用观测的帧等权,10100,2,1,267,0.003745318352059925,267,1
153,五位类别可见模式,全部,有适用观测的帧等权,10101,3,0,267,0.0,267,1
153,五位类别可见模式,全部,有适用观测的帧等权,10110,3,0,267,0.0,267,1
153,五位类别可见模式,全部,有适用观测的帧等权,10111,4,0,267,0.0,267,1
153,五位类别可见模式,全部,有适用观测的帧等权,11000,2,3,267,0.011235955056179775,267,1
153,五位类别可见模式,全部,有适用观测的帧等权,11001,3,3,267,0.011235955056179775,267,1
153,五位类别可见模式,全部,有适用观测的帧等权,11010,3,1,267,0.003745318352059925,267,1
153,五位类别可见模式,全部,有适用观测的帧等权,11011,4,0,267,0.0,267,1
153,五位类别可见模式,全部,有适用观测的帧等权,11100,3,4,267,0.0149812734082397,267,1
153,五位类别可见模式,全部,有适用观测的帧等权,11101,4,1,267,0.003745318352059925,267,1
153,五位类别可见模式,全部,有适用观测的帧等权,11110,4,3,267,0.011235955056179775,267,1
153,五位类别可见模式,全部,有适用观测的帧等权,11111,5,107,267,0.40074906367041196,267,1
153,五位类别可见模式：按位数汇总,全部,有适用观测的帧等权,合计0个扫描,0,107,267,0.40074906367041196,267,1
153,五位类别可见模式：按位数汇总,全部,有适用观测的帧等权,合计1个扫描,1,11,267,0.04119850187265918,267,1
153,五位类别可见模式：按位数汇总,全部,有适用观测的帧等权,合计2个扫描,2,15,267,0.056179775280898875,267,1
153,五位类别可见模式：按位数汇总,全部,有适用观测的帧等权,合计3个扫描,3,19,267,0.07116104868913857,267,1
153,五位类别可见模式：按位数汇总,全部,有适用观测的帧等权,合计4个扫描,4,8,267,0.0299625468164794,267,1
153,五位类别可见模式：按位数汇总,全部,有适用观测的帧等权,合计5个扫描,5,107,267,0.40074906367041196,267,1
153,五位类别可见模式,全部,统计单位等权,00000,0,107,267,0.40074906367041196,267,1
153,五位类别可见模式,全部,统计单位等权,00001,1,4,267,0.0149812734082397,267,1
153,五位类别可见模式,全部,统计单位等权,00010,1,1,267,0.003745318352059925,267,1
153,五位类别可见模式,全部,统计单位等权,00011,2,5,267,0.018726591760299626,267,1
153,五位类别可见模式,全部,统计单位等权,00100,1,1,267,0.003745318352059925,267,1
153,五位类别可见模式,全部,统计单位等权,00101,2,0,267,0.0,267,1
153,五位类别可见模式,全部,统计单位等权,00110,2,2,267,0.00749063670411985,267,1
153,五位类别可见模式,全部,统计单位等权,00111,3,6,267,0.02247191011235955,267,1
153,五位类别可见模式,全部,统计单位等权,01000,1,2,267,0.00749063670411985,267,1
153,五位类别可见模式,全部,统计单位等权,01001,2,0,267,0.0,267,1
153,五位类别可见模式,全部,统计单位等权,01010,2,0,267,0.0,267,1
153,五位类别可见模式,全部,统计单位等权,01011,3,0,267,0.0,267,1
153,五位类别可见模式,全部,统计单位等权,01100,2,2,267,0.00749063670411985,267,1
153,五位类别可见模式,全部,统计单位等权,01101,3,0,267,0.0,267,1
153,五位类别可见模式,全部,统计单位等权,01110,3,2,267,0.00749063670411985,267,1
153,五位类别可见模式,全部,统计单位等权,01111,4,4,267,0.0149812734082397,267,1
153,五位类别可见模式,全部,统计单位等权,10000,1,3,267,0.011235955056179775,267,1
153,五位类别可见模式,全部,统计单位等权,10001,2,2,267,0.00749063670411985,267,1
153,五位类别可见模式,全部,统计单位等权,10010,2,0,267,0.0,267,1
153,五位类别可见模式,全部,统计单位等权,10011,3,3,267,0.011235955056179775,267,1
153,五位类别可见模式,全部,统计单位等权,10100,2,1,267,0.003745318352059925,267,1
153,五位类别可见模式,全部,统计单位等权,10101,3,0,267,0.0,267,1
153,五位类别可见模式,全部,统计单位等权,10110,3,0,267,0.0,267,1
153,五位类别可见模式,全部,统计单位等权,10111,4,0,267,0.0,267,1
153,五位类别可见模式,全部,统计单位等权,11000,2,3,267,0.011235955056179775,267,1
153,五位类别可见模式,全部,统计单位等权,11001,3,3,267,0.011235955056179775,267,1
153,五位类别可见模式,全部,统计单位等权,11010,3,1,267,0.003745318352059925,267,1
153,五位类别可见模式,全部,统计单位等权,11011,4,0,267,0.0,267,1
153,五位类别可见模式,全部,统计单位等权,11100,3,4,267,0.0149812734082397,267,1
153,五位类别可见模式,全部,统计单位等权,11101,4,1,267,0.003745318352059925,267,1
153,五位类别可见模式,全部,统计单位等权,11110,4,3,267,0.011235955056179775,267,1
153,五位类别可见模式,全部,统计单位等权,11111,5,107,267,0.40074906367041196,267,1
153,五位类别可见模式：按位数汇总,全部,统计单位等权,合计0个扫描,0,107,267,0.40074906367041196,267,1
153,五位类别可见模式：按位数汇总,全部,统计单位等权,合计1个扫描,1,11,267,0.04119850187265918,267,1
153,五位类别可见模式：按位数汇总,全部,统计单位等权,合计2个扫描,2,15,267,0.056179775280898875,267,1
153,五位类别可见模式：按位数汇总,全部,统计单位等权,合计3个扫描,3,19,267,0.07116104868913857,267,1
153,五位类别可见模式：按位数汇总,全部,统计单位等权,合计4个扫描,4,8,267,0.0299625468164794,267,1
153,五位类别可见模式：按位数汇总,全部,统计单位等权,合计5个扫描,5,107,267,0.40074906367041196,267,1
153,扫描命中五位编码,全部,有适用观测的帧等权,00000,0,0,65793537,0.0,267,1
153,扫描命中五位编码,全部,有适用观测的帧等权,00001,1,9080972,65793537,0.13790598496484846,267,1
153,扫描命中五位编码,全部,有适用观测的帧等权,00010,1,8200203,65793537,0.12441499386987828,267,1
153,扫描命中五位编码,全部,有适用观测的帧等权,00011,2,1742029,65793537,0.026448235736303397,267,1
153,扫描命中五位编码,全部,有适用观测的帧等权,00100,1,7988322,65793537,0.12121132139416266,267,1
153,扫描命中五位编码,全部,有适用观测的帧等权,00101,2,1103734,65793537,0.016678619766421834,267,1
153,扫描命中五位编码,全部,有适用观测的帧等权,00110,2,1296613,65793537,0.019578096272955252,267,1
153,扫描命中五位编码,全部,有适用观测的帧等权,00111,3,881104,65793537,0.013469791377564348,267,1
153,扫描命中五位编码,全部,有适用观测的帧等权,01000,1,8178692,65793537,0.12408793539143893,267,1
153,扫描命中五位编码,全部,有适用观测的帧等权,01001,2,902392,65793537,0.01364052345838051,267,1
153,扫描命中五位编码,全部,有适用观测的帧等权,01010,2,960338,65793537,0.014475080360196969,267,1
153,扫描命中五位编码,全部,有适用观测的帧等权,01011,3,505409,65793537,0.007655365080204066,267,1
153,扫描命中五位编码,全部,有适用观测的帧等权,01100,2,1301264,65793537,0.01962697411506528,267,1
153,扫描命中五位编码,全部,有适用观测的帧等权,01101,3,451376,65793537,0.0068284931601888975,267,1
153,扫描命中五位编码,全部,有适用观测的帧等权,01110,3,598231,65793537,0.009048626863878664,267,1
153,扫描命中五位编码,全部,有适用观测的帧等权,01111,4,824636,65793537,0.012727113578483993,267,1
153,扫描命中五位编码,全部,有适用观测的帧等权,10000,1,9107642,65793537,0.1383263607652084,267,1
153,扫描命中五位编码,全部,有适用观测的帧等权,10001,2,853893,65793537,0.012871720488862188,267,1
153,扫描命中五位编码,全部,有适用观测的帧等权,10010,2,886407,65793537,0.013375847136988828,267,1
153,扫描命中五位编码,全部,有适用观测的帧等权,10011,3,436838,65793537,0.006621659597659792,267,1
153,扫描命中五位编码,全部,有适用观测的帧等权,10100,2,1083699,65793537,0.01634015532586271,267,1
153,扫描命中五位编码,全部,有适用观测的帧等权,10101,3,363494,65793537,0.005478119732082595,267,1
153,扫描命中五位编码,全部,有适用观测的帧等权,10110,3,454873,65793537,0.006866509684551077,267,1
153,扫描命中五位编码,全部,有适用观测的帧等权,10111,4,542214,65793537,0.00830915483448066,267,1
153,扫描命中五位编码,全部,有适用观测的帧等权,11000,2,1779315,65793537,0.026959940379105027,267,1
153,扫描命中五位编码,全部,有适用观测的帧等权,11001,3,420810,65793537,0.006365905248996614,267,1
153,扫描命中五位编码,全部,有适用观测的帧等权,11010,3,484424,65793537,0.007321542716842745,267,1
153,扫描命中五位编码,全部,有适用观测的帧等权,11011,4,491472,65793537,0.007524439545331581,267,1
153,扫描命中五位编码,全部,有适用观测的帧等权,11100,3,898437,65793537,0.013671885031752366,267,1
153,扫描命中五位编码,全部,有适用观测的帧等权,11101,4,524081,65793537,0.0080223722354927,267,1
153,扫描命中五位编码,全部,有适用观测的帧等权,11110,4,816534,65793537,0.012539983328968093,267,1
153,扫描命中五位编码,全部,有适用观测的帧等权,11111,5,2634089,65793537,0.041607248557843104,267,1
153,扫描命中五位编码：按位数汇总,全部,有适用观测的帧等权,合计0个扫描,0,0,65793537,0,267,1
153,扫描命中五位编码：按位数汇总,全部,有适用观测的帧等权,合计1个扫描,1,42555831,65793537,0.6459465963855368,267,1
153,扫描命中五位编码：按位数汇总,全部,有适用观测的帧等权,合计2个扫描,2,11909684,65793537,0.179995193040142,267,1
153,扫描命中五位编码：按位数汇总,全部,有适用观测的帧等权,合计3个扫描,3,5494996,65793537,0.08332789849372116,267,1
153,扫描命中五位编码：按位数汇总,全部,有适用观测的帧等权,合计4个扫描,4,3198937,65793537,0.04912306352275703,267,1
153,扫描命中五位编码：按位数汇总,全部,有适用观测的帧等权,合计5个扫描,5,2634089,65793537,0.041607248557843104,267,1
153,扫描命中五位编码,全部,统计单位等权,00000,0,0,65793537,0.0,267,1
153,扫描命中五位编码,全部,统计单位等权,00001,1,9080972,65793537,0.13802224981459804,267,1
153,扫描命中五位编码,全部,统计单位等权,00010,1,8200203,65793537,0.12463538781932335,267,1
153,扫描命中五位编码,全部,统计单位等权,00011,2,1742029,65793537,0.026477205504242766,267,1
153,扫描命中五位编码,全部,统计单位等权,00100,1,7988322,65793537,0.12141499551848078,267,1
153,扫描命中五位编码,全部,统计单位等权,00101,2,1103734,65793537,0.01677572069122838,267,1
153,扫描命中五位编码,全部,统计单位等权,00110,2,1296613,65793537,0.019707300429827934,267,1
153,扫描命中五位编码,全部,统计单位等权,00111,3,881104,65793537,0.013391953680799986,267,1
153,扫描命中五位编码,全部,统计单位等权,01000,1,8178692,65793537,0.12430844081235518,267,1
153,扫描命中五位编码,全部,统计单位等权,01001,2,902392,65793537,0.013715511297105064,267,1
153,扫描命中五位编码,全部,统计单位等权,01010,2,960338,65793537,0.014596236101427408,267,1
153,扫描命中五位编码,全部,统计单位等权,01011,3,505409,65793537,0.007681742357155841,267,1
153,扫描命中五位编码,全部,统计单位等权,01100,2,1301264,65793537,0.019777991263792368,267,1
153,扫描命中五位编码,全部,统计单位等权,01101,3,451376,65793537,0.006860491479581041,267,1
153,扫描命中五位编码,全部,统计单位等权,01110,3,598231,65793537,0.009092549622313206,267,1
153,扫描命中五位编码,全部,统计单位等权,01111,4,824636,65793537,0.012533693089033958,267,1
153,扫描命中五位编码,全部,统计单位等权,10000,1,9107642,65793537,0.13842760877865556,267,1
153,扫描命中五位编码,全部,统计单位等权,10001,2,853893,65793537,0.012978372024595668,267,1
153,扫描命中五位编码,全部,统计单位等权,10010,2,886407,65793537,0.013472554302712134,267,1
153,扫描命中五位编码,全部,统计单位等权,10011,3,436838,65793537,0.006639527526845076,267,1
153,扫描命中五位编码,全部,统计单位等权,10100,2,1083699,65793537,0.016471207498693984,267,1
153,扫描命中五位编码,全部,统计单位等权,10101,3,363494,65793537,0.005524767577094997,267,1
153,扫描命中五位编码,全部,统计单位等权,10110,3,454873,65793537,0.006913642596840477,267,1
153,扫描命中五位编码,全部,统计单位等权,10111,4,542214,65793537,0.008241143807179723,267,1
153,扫描命中五位编码,全部,统计单位等权,11000,2,1779315,65793537,0.027043917702737275,267,1
153,扫描命中五位编码,全部,统计单位等权,11001,3,420810,65793537,0.006395916972817558,267,1
153,扫描命中五位编码,全部,统计单位等权,11010,3,484424,65793537,0.007362790056415419,267,1
153,扫描命中五位编码,全部,统计单位等权,11011,4,491472,65793537,0.007469913040242844,267,1
153,扫描命中五位编码,全部,统计单位等权,11100,3,898437,65793537,0.013655399009784198,267,1
153,扫描命中五位编码,全部,统计单位等权,11101,4,524081,65793537,0.007965539229179912,267,1
153,扫描命中五位编码,全部,统计单位等权,11110,4,816534,65793537,0.012410550294628482,267,1
153,扫描命中五位编码,全部,统计单位等权,11111,5,2634089,65793537,0.040035680100311374,267,1
153,扫描命中五位编码：按位数汇总,全部,统计单位等权,合计0个扫描,0,0,65793537,0,267,1
153,扫描命中五位编码：按位数汇总,全部,统计单位等权,合计1个扫描,1,42555831,65793537,0.646808682743413,267,1
153,扫描命中五位编码：按位数汇总,全部,统计单位等权,合计2个扫描,2,11909684,65793537,0.18101601681636298,267,1
153,扫描命中五位编码：按位数汇总,全部,统计单位等权,合计3个扫描,3,5494996,65793537,0.0835187808796478,267,1
153,扫描命中五位编码：按位数汇总,全部,统计单位等权,合计4个扫描,4,3198937,65793537,0.04862083946026492,267,1
153,扫描命中五位编码：按位数汇总,全部,统计单位等权,合计5个扫描,5,2634089,65793537,0.040035680100311374,267,1
153,扫描命中五位编码,当前异常占据体素,有适用观测的帧等权,00000,0,0,2912,0.0,135,1
153,扫描命中五位编码,当前异常占据体素,有适用观测的帧等权,00001,1,1013,2912,0.7535331724112719,135,1
153,扫描命中五位编码,当前异常占据体素,有适用观测的帧等权,00010,1,0,2912,0.0,135,1
153,扫描命中五位编码,当前异常占据体素,有适用观测的帧等权,00011,2,172,2912,0.03032014029787227,135,1
153,扫描命中五位编码,当前异常占据体素,有适用观测的帧等权,00100,1,0,2912,0.0,135,1
153,扫描命中五位编码,当前异常占据体素,有适用观测的帧等权,00101,2,179,2912,0.04678574222370596,135,1
153,扫描命中五位编码,当前异常占据体素,有适用观测的帧等权,00110,2,0,2912,0.0,135,1
153,扫描命中五位编码,当前异常占据体素,有适用观测的帧等权,00111,3,84,2912,0.011360000520031228,135,1
153,扫描命中五位编码,当前异常占据体素,有适用观测的帧等权,01000,1,0,2912,0.0,135,1
153,扫描命中五位编码,当前异常占据体素,有适用观测的帧等权,01001,2,164,2912,0.03549995176465655,135,1
153,扫描命中五位编码,当前异常占据体素,有适用观测的帧等权,01010,2,0,2912,0.0,135,1
153,扫描命中五位编码,当前异常占据体素,有适用观测的帧等权,01011,3,73,2912,0.0074658392916176096,135,1
153,扫描命中五位编码,当前异常占据体素,有适用观测的帧等权,01100,2,0,2912,0.0,135,1
153,扫描命中五位编码,当前异常占据体素,有适用观测的帧等权,01101,3,97,2912,0.010381110213539976,135,1
153,扫描命中五位编码,当前异常占据体素,有适用观测的帧等权,01110,3,0,2912,0.0,135,1
153,扫描命中五位编码,当前异常占据体素,有适用观测的帧等权,01111,4,119,2912,0.009253705454805765,135,1
153,扫描命中五位编码,当前异常占据体素,有适用观测的帧等权,10000,1,0,2912,0.0,135,1
153,扫描命中五位编码,当前异常占据体素,有适用观测的帧等权,10001,2,132,2912,0.02327641998848905,135,1
153,扫描命中五位编码,当前异常占据体素,有适用观测的帧等权,10010,2,0,2912,0.0,135,1
153,扫描命中五位编码,当前异常占据体素,有适用观测的帧等权,10011,3,83,2912,0.008275610169894237,135,1
153,扫描命中五位编码,当前异常占据体素,有适用观测的帧等权,10100,2,0,2912,0.0,135,1
153,扫描命中五位编码,当前异常占据体素,有适用观测的帧等权,10101,3,59,2912,0.008223207028931595,135,1
153,扫描命中五位编码,当前异常占据体素,有适用观测的帧等权,10110,3,0,2912,0.0,135,1
153,扫描命中五位编码,当前异常占据体素,有适用观测的帧等权,10111,4,115,2912,0.008952122015693093,135,1
153,扫描命中五位编码,当前异常占据体素,有适用观测的帧等权,11000,2,0,2912,0.0,135,1
153,扫描命中五位编码,当前异常占据体素,有适用观测的帧等权,11001,3,60,2912,0.0052847781269447615,135,1
153,扫描命中五位编码,当前异常占据体素,有适用观测的帧等权,11010,3,0,2912,0.0,135,1
153,扫描命中五位编码,当前异常占据体素,有适用观测的帧等权,11011,4,98,2912,0.007885844134874602,135,1
153,扫描命中五位编码,当前异常占据体素,有适用观测的帧等权,11100,3,0,2912,0.0,135,1
153,扫描命中五位编码,当前异常占据体素,有适用观测的帧等权,11101,4,84,2912,0.00658898111973838,135,1
153,扫描命中五位编码,当前异常占据体素,有适用观测的帧等权,11110,4,0,2912,0.0,135,1
153,扫描命中五位编码,当前异常占据体素,有适用观测的帧等权,11111,5,380,2912,0.026913375237932965,135,1
153,扫描命中五位编码：按位数汇总,当前异常占据体素,有适用观测的帧等权,合计0个扫描,0,0,2912,0,135,1
153,扫描命中五位编码：按位数汇总,当前异常占据体素,有适用观测的帧等权,合计1个扫描,1,1013,2912,0.7535331724112719,135,1
153,扫描命中五位编码：按位数汇总,当前异常占据体素,有适用观测的帧等权,合计2个扫描,2,647,2912,0.13588225427472383,135,1
153,扫描命中五位编码：按位数汇总,当前异常占据体素,有适用观测的帧等权,合计3个扫描,3,456,2912,0.050990545350959406,135,1
153,扫描命中五位编码：按位数汇总,当前异常占据体素,有适用观测的帧等权,合计4个扫描,4,416,2912,0.032680652725111836,135,1
153,扫描命中五位编码：按位数汇总,当前异常占据体素,有适用观测的帧等权,合计5个扫描,5,380,2912,0.026913375237932965,135,1
153,扫描命中五位编码,当前异常占据体素,统计单位等权,00000,0,0,2912,0.0,135,1
153,扫描命中五位编码,当前异常占据体素,统计单位等权,00001,1,1013,2912,0.3478708791208791,135,1
153,扫描命中五位编码,当前异常占据体素,统计单位等权,00010,1,0,2912,0.0,135,1
153,扫描命中五位编码,当前异常占据体素,统计单位等权,00011,2,172,2912,0.059065934065934064,135,1
153,扫描命中五位编码,当前异常占据体素,统计单位等权,00100,1,0,2912,0.0,135,1
153,扫描命中五位编码,当前异常占据体素,统计单位等权,00101,2,179,2912,0.061469780219780217,135,1
153,扫描命中五位编码,当前异常占据体素,统计单位等权,00110,2,0,2912,0.0,135,1
153,扫描命中五位编码,当前异常占据体素,统计单位等权,00111,3,84,2912,0.028846153846153848,135,1
153,扫描命中五位编码,当前异常占据体素,统计单位等权,01000,1,0,2912,0.0,135,1
153,扫描命中五位编码,当前异常占据体素,统计单位等权,01001,2,164,2912,0.05631868131868132,135,1
153,扫描命中五位编码,当前异常占据体素,统计单位等权,01010,2,0,2912,0.0,135,1
153,扫描命中五位编码,当前异常占据体素,统计单位等权,01011,3,73,2912,0.02506868131868132,135,1
153,扫描命中五位编码,当前异常占据体素,统计单位等权,01100,2,0,2912,0.0,135,1
153,扫描命中五位编码,当前异常占据体素,统计单位等权,01101,3,97,2912,0.03331043956043956,135,1
153,扫描命中五位编码,当前异常占据体素,统计单位等权,01110,3,0,2912,0.0,135,1
153,扫描命中五位编码,当前异常占据体素,统计单位等权,01111,4,119,2912,0.040865384615384616,135,1
153,扫描命中五位编码,当前异常占据体素,统计单位等权,10000,1,0,2912,0.0,135,1
153,扫描命中五位编码,当前异常占据体素,统计单位等权,10001,2,132,2912,0.04532967032967033,135,1
153,扫描命中五位编码,当前异常占据体素,统计单位等权,10010,2,0,2912,0.0,135,1
153,扫描命中五位编码,当前异常占据体素,统计单位等权,10011,3,83,2912,0.028502747252747252,135,1
153,扫描命中五位编码,当前异常占据体素,统计单位等权,10100,2,0,2912,0.0,135,1
153,扫描命中五位编码,当前异常占据体素,统计单位等权,10101,3,59,2912,0.020260989010989012,135,1
153,扫描命中五位编码,当前异常占据体素,统计单位等权,10110,3,0,2912,0.0,135,1
153,扫描命中五位编码,当前异常占据体素,统计单位等权,10111,4,115,2912,0.03949175824175824,135,1
153,扫描命中五位编码,当前异常占据体素,统计单位等权,11000,2,0,2912,0.0,135,1
153,扫描命中五位编码,当前异常占据体素,统计单位等权,11001,3,60,2912,0.020604395604395604,135,1
153,扫描命中五位编码,当前异常占据体素,统计单位等权,11010,3,0,2912,0.0,135,1
153,扫描命中五位编码,当前异常占据体素,统计单位等权,11011,4,98,2912,0.03365384615384615,135,1
153,扫描命中五位编码,当前异常占据体素,统计单位等权,11100,3,0,2912,0.0,135,1
153,扫描命中五位编码,当前异常占据体素,统计单位等权,11101,4,84,2912,0.028846153846153848,135,1
153,扫描命中五位编码,当前异常占据体素,统计单位等权,11110,4,0,2912,0.0,135,1
153,扫描命中五位编码,当前异常占据体素,统计单位等权,11111,5,380,2912,0.1304945054945055,135,1
153,扫描命中五位编码：按位数汇总,当前异常占据体素,统计单位等权,合计0个扫描,0,0,2912,0,135,1
153,扫描命中五位编码：按位数汇总,当前异常占据体素,统计单位等权,合计1个扫描,1,1013,2912,0.3478708791208791,135,1
153,扫描命中五位编码：按位数汇总,当前异常占据体素,统计单位等权,合计2个扫描,2,647,2912,0.22218406593406592,135,1
153,扫描命中五位编码：按位数汇总,当前异常占据体素,统计单位等权,合计3个扫描,3,456,2912,0.1565934065934066,135,1
153,扫描命中五位编码：按位数汇总,当前异常占据体素,统计单位等权,合计4个扫描,4,416,2912,0.14285714285714285,135,1
153,扫描命中五位编码：按位数汇总,当前异常占据体素,统计单位等权,合计5个扫描,5,380,2912,0.1304945054945055,135,1
169,五位类别可见模式,全部,有适用观测的帧等权,00000,0,407,596,0.6828859060402684,596,1
169,五位类别可见模式,全部,有适用观测的帧等权,00001,1,5,596,0.008389261744966443,596,1
169,五位类别可见模式,全部,有适用观测的帧等权,00010,1,5,596,0.008389261744966443,596,1
169,五位类别可见模式,全部,有适用观测的帧等权,00011,2,4,596,0.006711409395973154,596,1
169,五位类别可见模式,全部,有适用观测的帧等权,00100,1,3,596,0.0050335570469798654,596,1
169,五位类别可见模式,全部,有适用观测的帧等权,00101,2,2,596,0.003355704697986577,596,1
169,五位类别可见模式,全部,有适用观测的帧等权,00110,2,3,596,0.0050335570469798654,596,1
169,五位类别可见模式,全部,有适用观测的帧等权,00111,3,5,596,0.008389261744966443,596,1
169,五位类别可见模式,全部,有适用观测的帧等权,01000,1,4,596,0.006711409395973154,596,1
169,五位类别可见模式,全部,有适用观测的帧等权,01001,2,1,596,0.0016778523489932886,596,1
169,五位类别可见模式,全部,有适用观测的帧等权,01010,2,0,596,0.0,596,1
169,五位类别可见模式,全部,有适用观测的帧等权,01011,3,3,596,0.0050335570469798654,596,1
169,五位类别可见模式,全部,有适用观测的帧等权,01100,2,4,596,0.006711409395973154,596,1
169,五位类别可见模式,全部,有适用观测的帧等权,01101,3,3,596,0.0050335570469798654,596,1
169,五位类别可见模式,全部,有适用观测的帧等权,01110,3,2,596,0.003355704697986577,596,1
169,五位类别可见模式,全部,有适用观测的帧等权,01111,4,4,596,0.006711409395973154,596,1
169,五位类别可见模式,全部,有适用观测的帧等权,10000,1,5,596,0.008389261744966443,596,1
169,五位类别可见模式,全部,有适用观测的帧等权,10001,2,4,596,0.006711409395973154,596,1
169,五位类别可见模式,全部,有适用观测的帧等权,10010,2,0,596,0.0,596,1
169,五位类别可见模式,全部,有适用观测的帧等权,10011,3,4,596,0.006711409395973154,596,1
169,五位类别可见模式,全部,有适用观测的帧等权,10100,2,2,596,0.003355704697986577,596,1
169,五位类别可见模式,全部,有适用观测的帧等权,10101,3,1,596,0.0016778523489932886,596,1
169,五位类别可见模式,全部,有适用观测的帧等权,10110,3,4,596,0.006711409395973154,596,1
169,五位类别可见模式,全部,有适用观测的帧等权,10111,4,1,596,0.0016778523489932886,596,1
169,五位类别可见模式,全部,有适用观测的帧等权,11000,2,5,596,0.008389261744966443,596,1
169,五位类别可见模式,全部,有适用观测的帧等权,11001,3,3,596,0.0050335570469798654,596,1
169,五位类别可见模式,全部,有适用观测的帧等权,11010,3,3,596,0.0050335570469798654,596,1
169,五位类别可见模式,全部,有适用观测的帧等权,11011,4,2,596,0.003355704697986577,596,1
169,五位类别可见模式,全部,有适用观测的帧等权,11100,3,4,596,0.006711409395973154,596,1
169,五位类别可见模式,全部,有适用观测的帧等权,11101,4,2,596,0.003355704697986577,596,1
169,五位类别可见模式,全部,有适用观测的帧等权,11110,4,4,596,0.006711409395973154,596,1
169,五位类别可见模式,全部,有适用观测的帧等权,11111,5,97,596,0.16275167785234898,596,1
169,五位类别可见模式：按位数汇总,全部,有适用观测的帧等权,合计0个扫描,0,407,596,0.6828859060402684,596,1
169,五位类别可见模式：按位数汇总,全部,有适用观测的帧等权,合计1个扫描,1,22,596,0.03691275167785235,596,1
169,五位类别可见模式：按位数汇总,全部,有适用观测的帧等权,合计2个扫描,2,25,596,0.04194630872483222,596,1
169,五位类别可见模式：按位数汇总,全部,有适用观测的帧等权,合计3个扫描,3,32,596,0.053691275167785234,596,1
169,五位类别可见模式：按位数汇总,全部,有适用观测的帧等权,合计4个扫描,4,13,596,0.02181208053691275,596,1
169,五位类别可见模式：按位数汇总,全部,有适用观测的帧等权,合计5个扫描,5,97,596,0.16275167785234898,596,1
169,五位类别可见模式,全部,统计单位等权,00000,0,407,596,0.6828859060402684,596,1
169,五位类别可见模式,全部,统计单位等权,00001,1,5,596,0.008389261744966443,596,1
169,五位类别可见模式,全部,统计单位等权,00010,1,5,596,0.008389261744966443,596,1
169,五位类别可见模式,全部,统计单位等权,00011,2,4,596,0.006711409395973154,596,1
169,五位类别可见模式,全部,统计单位等权,00100,1,3,596,0.0050335570469798654,596,1
169,五位类别可见模式,全部,统计单位等权,00101,2,2,596,0.003355704697986577,596,1
169,五位类别可见模式,全部,统计单位等权,00110,2,3,596,0.0050335570469798654,596,1
169,五位类别可见模式,全部,统计单位等权,00111,3,5,596,0.008389261744966443,596,1
169,五位类别可见模式,全部,统计单位等权,01000,1,4,596,0.006711409395973154,596,1
169,五位类别可见模式,全部,统计单位等权,01001,2,1,596,0.0016778523489932886,596,1
169,五位类别可见模式,全部,统计单位等权,01010,2,0,596,0.0,596,1
169,五位类别可见模式,全部,统计单位等权,01011,3,3,596,0.0050335570469798654,596,1
169,五位类别可见模式,全部,统计单位等权,01100,2,4,596,0.006711409395973154,596,1
169,五位类别可见模式,全部,统计单位等权,01101,3,3,596,0.0050335570469798654,596,1
169,五位类别可见模式,全部,统计单位等权,01110,3,2,596,0.003355704697986577,596,1
169,五位类别可见模式,全部,统计单位等权,01111,4,4,596,0.006711409395973154,596,1
169,五位类别可见模式,全部,统计单位等权,10000,1,5,596,0.008389261744966443,596,1
169,五位类别可见模式,全部,统计单位等权,10001,2,4,596,0.006711409395973154,596,1
169,五位类别可见模式,全部,统计单位等权,10010,2,0,596,0.0,596,1
169,五位类别可见模式,全部,统计单位等权,10011,3,4,596,0.006711409395973154,596,1
169,五位类别可见模式,全部,统计单位等权,10100,2,2,596,0.003355704697986577,596,1
169,五位类别可见模式,全部,统计单位等权,10101,3,1,596,0.0016778523489932886,596,1
169,五位类别可见模式,全部,统计单位等权,10110,3,4,596,0.006711409395973154,596,1
169,五位类别可见模式,全部,统计单位等权,10111,4,1,596,0.0016778523489932886,596,1
169,五位类别可见模式,全部,统计单位等权,11000,2,5,596,0.008389261744966443,596,1
169,五位类别可见模式,全部,统计单位等权,11001,3,3,596,0.0050335570469798654,596,1
169,五位类别可见模式,全部,统计单位等权,11010,3,3,596,0.0050335570469798654,596,1
169,五位类别可见模式,全部,统计单位等权,11011,4,2,596,0.003355704697986577,596,1
169,五位类别可见模式,全部,统计单位等权,11100,3,4,596,0.006711409395973154,596,1
169,五位类别可见模式,全部,统计单位等权,11101,4,2,596,0.003355704697986577,596,1
169,五位类别可见模式,全部,统计单位等权,11110,4,4,596,0.006711409395973154,596,1
169,五位类别可见模式,全部,统计单位等权,11111,5,97,596,0.16275167785234898,596,1
169,五位类别可见模式：按位数汇总,全部,统计单位等权,合计0个扫描,0,407,596,0.6828859060402684,596,1
169,五位类别可见模式：按位数汇总,全部,统计单位等权,合计1个扫描,1,22,596,0.03691275167785235,596,1
169,五位类别可见模式：按位数汇总,全部,统计单位等权,合计2个扫描,2,25,596,0.04194630872483222,596,1
169,五位类别可见模式：按位数汇总,全部,统计单位等权,合计3个扫描,3,32,596,0.053691275167785234,596,1
169,五位类别可见模式：按位数汇总,全部,统计单位等权,合计4个扫描,4,13,596,0.02181208053691275,596,1
169,五位类别可见模式：按位数汇总,全部,统计单位等权,合计5个扫描,5,97,596,0.16275167785234898,596,1
169,扫描命中五位编码,全部,有适用观测的帧等权,00000,0,0,227193651,0.0,596,1
169,扫描命中五位编码,全部,有适用观测的帧等权,00001,1,39885954,227193651,0.17535687186113172,596,1
169,扫描命中五位编码,全部,有适用观测的帧等权,00010,1,36425200,227193651,0.15990004111076433,596,1
169,扫描命中五位编码,全部,有适用观测的帧等权,00011,2,4857829,227193651,0.021602291719001705,596,1
169,扫描命中五位编码,全部,有适用观测的帧等权,00100,1,35576260,227193651,0.1561176064476152,596,1
169,扫描命中五位编码,全部,有适用观测的帧等权,00101,2,2536081,227193651,0.011231872760549027,596,1
169,扫描命中五位编码,全部,有适用观测的帧等权,00110,2,3938811,227193651,0.01745723571585893,596,1
169,扫描命中五位编码,全部,有适用观测的帧等权,00111,3,1322457,227193651,0.0059440376257815794,596,1
169,扫描命中五位编码,全部,有适用观测的帧等权,01000,1,36365005,227193651,0.1596289940859475,596,1
169,扫描命中五位编码,全部,有适用观测的帧等权,01001,2,1710543,227193651,0.007562829401476834,596,1
169,扫描命中五位编码,全部,有适用观测的帧等权,01010,2,2259551,227193651,0.009986254122621647,596,1
169,扫描命中五位编码,全部,有适用观测的帧等权,01011,3,596850,227193651,0.002666234177987046,596,1
169,扫描命中五位编码,全部,有适用观测的帧等权,01100,2,3953882,227193651,0.017520917066922784,596,1
169,扫描命中五位编码,全部,有适用观测的帧等权,01101,3,534673,227193651,0.0023856045938926364,596,1
169,扫描命中五位编码,全部,有适用观测的帧等权,01110,3,1034367,227193651,0.004629276291551856,596,1
169,扫描命中五位编码,全部,有适用观测的帧等权,01111,4,551483,227193651,0.00249853961724047,596,1
169,扫描命中五位编码,全部,有适用观测的帧等权,10000,1,39837477,227193651,0.17512131448122073,596,1
169,扫描命中五位编码,全部,有适用观测的帧等权,10001,2,1413332,227193651,0.006254245240199463,596,1
169,扫描命中五位编码,全部,有适用观测的帧等权,10010,2,1689607,227193651,0.0074712530019805014,596,1
169,扫描命中五位编码,全部,有适用观测的帧等权,10011,3,407831,227193651,0.0018200916955549498,596,1
169,扫描命中五位编码,全部,有适用观测的帧等权,10100,2,2509064,227193651,0.01110957880960817,596,1
169,扫描命中五位编码,全部,有适用观测的帧等权,10101,3,319421,227193651,0.0014195493986954202,596,1
169,扫描命中五位编码,全部,有适用观测的帧等权,10110,3,549490,227193651,0.002451158818737124,596,1
169,扫描命中五位编码,全部,有适用观测的帧等权,10111,4,265146,227193651,0.0011919821047931404,596,1
169,扫描命中五位编码,全部,有适用观测的帧等权,11000,2,4891766,227193651,0.021747474592921336,596,1
169,扫描命中五位编码,全部,有适用观测的帧等权,11001,3,388357,227193651,0.0017348339621815732,596,1
169,扫描命中五位编码,全部,有适用观测的帧等权,11010,3,570905,227193651,0.0025511446838140227,596,1
169,扫描命中五位编码,全部,有适用观测的帧等权,11011,4,219172,227193651,0.0009843712358498097,596,1
169,扫描命中五位编码,全部,有适用观测的帧等权,11100,3,1327026,227193651,0.005962141414617838,596,1
169,扫描命中五位编码,全部,有适用观测的帧等权,11101,4,255374,227193651,0.001150207037408685,596,1
169,扫描命中五位编码,全部,有适用观测的帧等权,11110,4,549609,227193651,0.0024905975713409283,596,1
169,扫描命中五位编码,全部,有适用观测的帧等权,11111,5,451128,227193651,0.0020514493527331494,596,1
169,扫描命中五位编码：按位数汇总,全部,有适用观测的帧等权,合计0个扫描,0,0,227193651,0,596,1
169,扫描命中五位编码：按位数汇总,全部,有适用观测的帧等权,合计1个扫描,1,188089896,227193651,0.8261248279866795,596,1
169,扫描命中五位编码：按位数汇总,全部,有适用观测的帧等权,合计2个扫描,2,29760466,227193651,0.1319439524311404,596,1
169,扫描命中五位编码：按位数汇总,全部,有适用观测的帧等权,合计3个扫描,3,7051377,227193651,0.031564072662814045,596,1
169,扫描命中五位编码：按位数汇总,全部,有适用观测的帧等权,合计4个扫描,4,1840784,227193651,0.008315697566633033,596,1
169,扫描命中五位编码：按位数汇总,全部,有适用观测的帧等权,合计5个扫描,5,451128,227193651,0.0020514493527331494,596,1
169,扫描命中五位编码,全部,统计单位等权,00000,0,0,227193651,0.0,596,1
169,扫描命中五位编码,全部,统计单位等权,00001,1,39885954,227193651,0.17555928092374376,596,1
169,扫描命中五位编码,全部,统计单位等权,00010,1,36425200,227193651,0.16032666335381002,596,1
169,扫描命中五位编码,全部,统计单位等权,00011,2,4857829,227193651,0.021381887119724132,596,1
169,扫描命中五位编码,全部,统计单位等权,00100,1,35576260,227193651,0.15659002724508353,596,1
169,扫描命中五位编码,全部,统计单位等权,00101,2,2536081,227193651,0.011162640279943386,596,1
169,扫描命中五位编码,全部,统计单位等权,00110,2,3938811,227193651,0.017336800490080597,596,1
169,扫描命中五位编码,全部,统计单位等权,00111,3,1322457,227193651,0.005820836076092637,596,1
169,扫描命中五位编码,全部,统计单位等权,01000,1,36365005,227193651,0.16006171316820822,596,1
169,扫描命中五位编码,全部,统计单位等权,01001,2,1710543,227193651,0.0075290088101977815,596,1
169,扫描命中五位编码,全部,统计单位等权,01010,2,2259551,227193651,0.00994548478821708,596,1
169,扫描命中五位编码,全部,统计单位等权,01011,3,596850,227193651,0.0026270540456255972,596,1
169,扫描命中五位编码,全部,统计单位等权,01100,2,3953882,227193651,0.017403135970555796,596,1
169,扫描命中五位编码,全部,统计单位等权,01101,3,534673,227193651,0.002353380024690919,596,1
169,扫描命中五位编码,全部,统计单位等权,01110,3,1034367,227193651,0.004552798880810274,596,1
169,扫描命中五位编码,全部,统计单位等权,01111,4,551483,227193651,0.002427369768356775,596,1
169,扫描命中五位编码,全部,统计单位等权,10000,1,39837477,227193651,0.17534590788366705,596,1
169,扫描命中五位编码,全部,统计单位等权,10001,2,1413332,227193651,0.006220825246564659,596,1
169,扫描命中五位编码,全部,统计单位等权,10010,2,1689607,227193651,0.007436858347771347,596,1
169,扫描命中五位编码,全部,统计单位等权,10011,3,407831,227193651,0.0017950809725752416,596,1
169,扫描命中五位编码,全部,统计单位等权,10100,2,2509064,227193651,0.01104372410477263,596,1
169,扫描命中五位编码,全部,统计单位等权,10101,3,319421,227193651,0.0014059415771262023,596,1
169,扫描命中五位编码,全部,统计单位等权,10110,3,549490,227193651,0.00241859751617795,596,1
169,扫描命中五位编码,全部,统计单位等权,10111,4,265146,227193651,0.0011670484577053608,596,1
169,扫描命中五位编码,全部,统计单位等权,11000,2,4891766,227193651,0.021531261892525334,596,1
169,扫描命中五位编码,全部,统计单位等权,11001,3,388357,227193651,0.0017093655491279551,596,1
169,扫描命中五位编码,全部,统计单位等权,11010,3,570905,227193651,0.0025128563121686884,596,1
169,扫描命中五位编码,全部,统计单位等权,11011,4,219172,227193651,0.0009646924508467009,596,1
169,扫描命中五位编码,全部,统计单位等权,11100,3,1327026,227193651,0.005840946673285338,596,1
169,扫描命中五位编码,全部,统计单位等权,11101,4,255374,227193651,0.0011240366923809856,596,1
169,扫描命中五位编码,全部,统计单位等权,11110,4,549609,227193651,0.0024191212984204387,596,1
169,扫描命中五位编码,全部,统计单位等权,11111,5,451128,227193651,0.0019856540797436283,596,1
169,扫描命中五位编码：按位数汇总,全部,统计单位等权,合计0个扫描,0,0,227193651,0,596,1
169,扫描命中五位编码：按位数汇总,全部,统计单位等权,合计1个扫描,1,188089896,227193651,0.8278835925745126,596,1
169,扫描命中五位编码：按位数汇总,全部,统计单位等权,合计2个扫描,2,29760466,227193651,0.13099162705035275,596,1
169,扫描命中五位编码：按位数汇总,全部,统计单位等权,合计3个扫描,3,7051377,227193651,0.0310368576276808,596,1
169,扫描命中五位编码：按位数汇总,全部,统计单位等权,合计4个扫描,4,1840784,227193651,0.008102268667710261,596,1
169,扫描命中五位编码：按位数汇总,全部,统计单位等权,合计5个扫描,5,451128,227193651,0.0019856540797436283,596,1
169,扫描命中五位编码,当前异常占据体素,有适用观测的帧等权,00000,0,0,2305,0.0,141,1
169,扫描命中五位编码,当前异常占据体素,有适用观测的帧等权,00001,1,1361,2305,0.8551898949729733,141,1
169,扫描命中五位编码,当前异常占据体素,有适用观测的帧等权,00010,1,0,2305,0.0,141,1
169,扫描命中五位编码,当前异常占据体素,有适用观测的帧等权,00011,2,239,2305,0.0323473871717265,141,1
169,扫描命中五位编码,当前异常占据体素,有适用观测的帧等权,00100,1,0,2305,0.0,141,1
169,扫描命中五位编码,当前异常占据体素,有适用观测的帧等权,00101,2,143,2305,0.02439201380126633,141,1
169,扫描命中五位编码,当前异常占据体素,有适用观测的帧等权,00110,2,0,2305,0.0,141,1
169,扫描命中五位编码,当前异常占据体素,有适用观测的帧等权,00111,3,102,2305,0.010579357713793834,141,1
169,扫描命中五位编码,当前异常占据体素,有适用观测的帧等权,01000,1,0,2305,0.0,141,1
169,扫描命中五位编码,当前异常占据体素,有适用观测的帧等权,01001,2,97,2305,0.019928513974291958,141,1
169,扫描命中五位编码,当前异常占据体素,有适用观测的帧等权,01010,2,0,2305,0.0,141,1
169,扫描命中五位编码,当前异常占据体素,有适用观测的帧等权,01011,3,48,2305,0.007399967471752413,141,1
169,扫描命中五位编码,当前异常占据体素,有适用观测的帧等权,01100,2,0,2305,0.0,141,1
169,扫描命中五位编码,当前异常占据体素,有适用观测的帧等权,01101,3,45,2305,0.005824616340294092,141,1
169,扫描命中五位编码,当前异常占据体素,有适用观测的帧等权,01110,3,0,2305,0.0,141,1
169,扫描命中五位编码,当前异常占据体素,有适用观测的帧等权,01111,4,35,2305,0.0033953986428090473,141,1
169,扫描命中五位编码,当前异常占据体素,有适用观测的帧等权,10000,1,0,2305,0.0,141,1
169,扫描命中五位编码,当前异常占据体素,有适用观测的帧等权,10001,2,82,2305,0.02108625237619092,141,1
169,扫描命中五位编码,当前异常占据体素,有适用观测的帧等权,10010,2,0,2305,0.0,141,1
169,扫描命中五位编码,当前异常占据体素,有适用观测的帧等权,10011,3,24,2305,0.004558746209739111,141,1
169,扫描命中五位编码,当前异常占据体素,有适用观测的帧等权,10100,2,0,2305,0.0,141,1
169,扫描命中五位编码,当前异常占据体素,有适用观测的帧等权,10101,3,34,2305,0.004565134678895647,141,1
169,扫描命中五位编码,当前异常占据体素,有适用观测的帧等权,10110,3,0,2305,0.0,141,1
169,扫描命中五位编码,当前异常占据体素,有适用观测的帧等权,10111,4,19,2305,0.002475554291244432,141,1
169,扫描命中五位编码,当前异常占据体素,有适用观测的帧等权,11000,2,0,2305,0.0,141,1
169,扫描命中五位编码,当前异常占据体素,有适用观测的帧等权,11001,3,20,2305,0.0026189817993958514,141,1
169,扫描命中五位编码,当前异常占据体素,有适用观测的帧等权,11010,3,0,2305,0.0,141,1
169,扫描命中五位编码,当前异常占据体素,有适用观测的帧等权,11011,4,15,2305,0.0013053357412305987,141,1
169,扫描命中五位编码,当前异常占据体素,有适用观测的帧等权,11100,3,0,2305,0.0,141,1
169,扫描命中五位编码,当前异常占据体素,有适用观测的帧等权,11101,4,18,2305,0.002425576138801803,141,1
169,扫描命中五位编码,当前异常占据体素,有适用观测的帧等权,11110,4,0,2305,0.0,141,1
169,扫描命中五位编码,当前异常占据体素,有适用观测的帧等权,11111,5,23,2305,0.0019072686755941828,141,1
169,扫描命中五位编码：按位数汇总,当前异常占据体素,有适用观测的帧等权,合计0个扫描,0,0,2305,0,141,1
169,扫描命中五位编码：按位数汇总,当前异常占据体素,有适用观测的帧等权,合计1个扫描,1,1361,2305,0.8551898949729733,141,1
169,扫描命中五位编码：按位数汇总,当前异常占据体素,有适用观测的帧等权,合计2个扫描,2,561,2305,0.09775416732347571,141,1
169,扫描命中五位编码：按位数汇总,当前异常占据体素,有适用观测的帧等权,合计3个扫描,3,273,2305,0.03554680421387095,141,1
169,扫描命中五位编码：按位数汇总,当前异常占据体素,有适用观测的帧等权,合计4个扫描,4,87,2305,0.00960186481408588,141,1
169,扫描命中五位编码：按位数汇总,当前异常占据体素,有适用观测的帧等权,合计5个扫描,5,23,2305,0.0019072686755941828,141,1
169,扫描命中五位编码,当前异常占据体素,统计单位等权,00000,0,0,2305,0.0,141,1
169,扫描命中五位编码,当前异常占据体素,统计单位等权,00001,1,1361,2305,0.5904555314533623,141,1
169,扫描命中五位编码,当前异常占据体素,统计单位等权,00010,1,0,2305,0.0,141,1
169,扫描命中五位编码,当前异常占据体素,统计单位等权,00011,2,239,2305,0.10368763557483732,141,1
169,扫描命中五位编码,当前异常占据体素,统计单位等权,00100,1,0,2305,0.0,141,1
169,扫描命中五位编码,当前异常占据体素,统计单位等权,00101,2,143,2305,0.062039045553145336,141,1
169,扫描命中五位编码,当前异常占据体素,统计单位等权,00110,2,0,2305,0.0,141,1
169,扫描命中五位编码,当前异常占据体素,统计单位等权,00111,3,102,2305,0.04425162689804772,141,1
169,扫描命中五位编码,当前异常占据体素,统计单位等权,01000,1,0,2305,0.0,141,1
169,扫描命中五位编码,当前异常占据体素,统计单位等权,01001,2,97,2305,0.0420824295010846,141,1
169,扫描命中五位编码,当前异常占据体素,统计单位等权,01010,2,0,2305,0.0,141,1
169,扫描命中五位编码,当前异常占据体素,统计单位等权,01011,3,48,2305,0.020824295010845987,141,1
169,扫描命中五位编码,当前异常占据体素,统计单位等权,01100,2,0,2305,0.0,141,1
169,扫描命中五位编码,当前异常占据体素,统计单位等权,01101,3,45,2305,0.019522776572668113,141,1
169,扫描命中五位编码,当前异常占据体素,统计单位等权,01110,3,0,2305,0.0,141,1
169,扫描命中五位编码,当前异常占据体素,统计单位等权,01111,4,35,2305,0.015184381778741865,141,1
169,扫描命中五位编码,当前异常占据体素,统计单位等权,10000,1,0,2305,0.0,141,1
169,扫描命中五位编码,当前异常占据体素,统计单位等权,10001,2,82,2305,0.03557483731019523,141,1
169,扫描命中五位编码,当前异常占据体素,统计单位等权,10010,2,0,2305,0.0,141,1
169,扫描命中五位编码,当前异常占据体素,统计单位等权,10011,3,24,2305,0.010412147505422993,141,1
169,扫描命中五位编码,当前异常占据体素,统计单位等权,10100,2,0,2305,0.0,141,1
169,扫描命中五位编码,当前异常占据体素,统计单位等权,10101,3,34,2305,0.01475054229934924,141,1
169,扫描命中五位编码,当前异常占据体素,统计单位等权,10110,3,0,2305,0.0,141,1
169,扫描命中五位编码,当前异常占据体素,统计单位等权,10111,4,19,2305,0.00824295010845987,141,1
169,扫描命中五位编码,当前异常占据体素,统计单位等权,11000,2,0,2305,0.0,141,1
169,扫描命中五位编码,当前异常占据体素,统计单位等权,11001,3,20,2305,0.008676789587852495,141,1
169,扫描命中五位编码,当前异常占据体素,统计单位等权,11010,3,0,2305,0.0,141,1
169,扫描命中五位编码,当前异常占据体素,统计单位等权,11011,4,15,2305,0.006507592190889371,141,1
169,扫描命中五位编码,当前异常占据体素,统计单位等权,11100,3,0,2305,0.0,141,1
169,扫描命中五位编码,当前异常占据体素,统计单位等权,11101,4,18,2305,0.0078091106290672455,141,1
169,扫描命中五位编码,当前异常占据体素,统计单位等权,11110,4,0,2305,0.0,141,1
169,扫描命中五位编码,当前异常占据体素,统计单位等权,11111,5,23,2305,0.009978308026030369,141,1
169,扫描命中五位编码：按位数汇总,当前异常占据体素,统计单位等权,合计0个扫描,0,0,2305,0,141,1
169,扫描命中五位编码：按位数汇总,当前异常占据体素,统计单位等权,合计1个扫描,1,1361,2305,0.5904555314533623,141,1
169,扫描命中五位编码：按位数汇总,当前异常占据体素,统计单位等权,合计2个扫描,2,561,2305,0.2433839479392625,141,1
169,扫描命中五位编码：按位数汇总,当前异常占据体素,统计单位等权,合计3个扫描,3,273,2305,0.11843817787418655,141,1
169,扫描命中五位编码：按位数汇总,当前异常占据体素,统计单位等权,合计4个扫描,4,87,2305,0.03774403470715835,141,1
169,扫描命中五位编码：按位数汇总,当前异常占据体素,统计单位等权,合计5个扫描,5,23,2305,0.009978308026030369,141,1
