update,stu_fraction,source_switches,recent_stu,bn_shift,gradient_norm,clipped,bce,normal_bce,anomaly_bce,lr,ranking_weight
1,0.375,5,0.028923643479069897,0.00659066139980676,0.6117832064628601,False,0.6874420007110722,0.6968723955681715,0.678011605853973,2e-05,0.0
2,0.125,2,0.036295098663836456,0.003248394313440348,0.3307565748691559,False,0.6917657363316172,0.6851921809045136,0.6983392917587209,2.233766233766234e-05,0.0
3,0.25,2,0.05299509972579299,0.004910279181531807,0.4655010402202606,False,0.6909224466769985,0.6886039671742755,0.6932409261797216,2.4675324675324678e-05,0.0
4,0.125,2,0.05850690720265401,0.002859566475962726,0.3949221670627594,False,0.6611076730202845,0.6916887223475903,0.6305266236929787,2.701298701298702e-05,0.0
5,0.375,4,0.08271068980264565,0.004805427138753432,0.547490119934082,False,0.6505145866172365,0.6873694608718154,0.6136597123626576,2.935064935064935e-05,0.0
6,0.25,4,0.09573075068686474,0.004602882260051392,0.6568576693534851,False,0.691622093616407,0.6764004815806165,0.7068437056521976,3.168831168831169e-05,0.0
7,0.0,0,0.0883350422899064,0.003445211402180389,0.8255723118782043,False,0.6470605473153839,0.705098904326855,0.5890221903039128,3.4025974025974026e-05,0.0
8,0.5,5,0.12062358210407703,0.007679046847487828,0.7160295248031616,False,0.6618297622700594,0.6620477426514496,0.6616117818886692,3.6363636363636364e-05,0.0
9,0.125,1,0.12062542388849759,0.004185265749618241,0.6642143130302429,False,0.6160210997104559,0.6860211360953017,0.5460210633256102,3.87012987012987e-05,0.0
10,0.0,0,0.11130646990623004,0.004434739895315378,0.6128380298614502,False,0.6096268648014532,0.6947483209494959,0.5245054086534106,4.103896103896104e-05,0.0
11,0.375,4,0.1310488696345546,0.005250804047111106,0.8787233233451843,False,0.5779584217652993,0.6027155052057226,0.5532013383248761,4.3376623376623385e-05,0.0
12,0.125,2,0.13033945066007138,0.003333097894011692,0.8821915984153748,False,0.5228644718369875,0.5776150963476369,0.4681138473263381,4.571428571428572e-05,0.0
13,0.0,0,0.12027003657123056,0.004591569423455156,0.9380695223808289,False,0.49498863312808783,0.561129795496958,0.42884747075921764,4.805194805194806e-05,0.0
14,0.375,2,0.1403825281447549,0.0060621177017549845,1.444697380065918,True,0.49597666271394586,0.42065690099934405,0.5712964244285477,5.03896103896104e-05,0.0
15,0.125,2,0.13914319313595078,0.003906394090674,1.315220594406128,True,0.4419760314482344,0.3976113295733763,0.4863407333230924,5.272727272727274e-05,0.0
16,0.375,3,0.15789763323195793,0.005421576916370855,2.5778706073760986,True,0.4814140429592468,0.34107314123112675,0.6217549446873668,5.506493506493506e-05,0.0
17,0.0,1,0.14569920332751485,0.005552064038322447,1.2904917001724243,True,0.39023642298345096,0.3773643442106889,0.40310850175621304,5.740259740259741e-05,0.0
18,0.0,0,0.13444316685283908,0.005473630388017957,1.1710363626480103,True,0.31629211241077465,0.39216163348106603,0.2404225913404833,5.9740259740259744e-05,0.0
19,0.125,2,0.13395671891554486,0.004617892785707922,0.9527904391288757,False,0.2810808326608577,0.3304174794254214,0.23174418589629406,6.207792207792208e-05,0.0
20,0.25,3,0.14311775216129125,0.003798200412626824,0.8356929421424866,False,0.2435394337301716,0.2766506115810448,0.21042825587929836,6.441558441558442e-05,0.0
21,0.375,3,0.1606907500643514,0.005836925655727586,2.5214431285858154,True,0.23906379678892004,0.22567702979102738,0.2524505637868127,6.675324675324676e-05,0.0
22,0.0,0,0.1482765370655232,0.005207707286839868,0.7328031063079834,False,0.1876019004362233,0.22106817067956447,0.15413563019288212,6.90909090909091e-05,0.0
23,0.0,0,0.1368213878853564,0.004447754315295113,0.7964556217193604,False,0.17485797902639938,0.1988313325441317,0.15088462550866702,7.142857142857145e-05,0.0
24,0.25,4,0.14566111025447712,0.004121444636823475,0.6113564968109131,False,0.14201365964984994,0.16391521067839904,0.12011210862130084,7.376623376623377e-05,0.0
25,0.375,6,0.16303957064986901,0.005384665305154014,3.4028818607330322,True,0.5499513452546126,0.13880840424288243,0.9610942862663429,7.610389610389612e-05,0.0
26,0.125,2,0.16024489879897266,0.005128667629230298,0.582517147064209,False,0.13670372159463579,0.13089359007488924,0.14251385311438236,7.844155844155845e-05,0.0
27,0.125,2,0.157375030674891,0.0042285259339090294,0.4819106161594391,False,0.10288840188769387,0.13012896727244236,0.07564783650294538,8.07792207792208e-05,0.0
28,0.375,5,0.17462393469068685,0.006484489689116682,6.40078592300415,True,0.308766971822139,0.1259162219793474,0.4916177216649307,8.311688311688312e-05,0.0
29,0.0,1,0.1611333092559589,0.006349844932189736,0.4815118610858917,False,0.10039183613796372,0.13883392507466466,0.061949747201262784,8.545454545454545e-05,0.0
30,0.375,5,0.17789779671054937,0.0057945241278833,0.491116464138031,False,0.15976308647036075,0.1591910035940883,0.16033516934663322,8.77922077922078e-05,0.0
31,0.125,3,0.17356904955908614,0.004547596544356116,0.41148534417152405,False,0.07739817890042834,0.10752941796957476,0.04726693983128193,9.012987012987012e-05,0.0
32,0.0,0,0.16015991959754344,0.005847957634981801,10.443774223327637,True,0.2517180412886288,0.09464666320545306,0.4087894193718045,9.246753246753248e-05,0.0
33,0.25,4,0.16719367616863545,0.004941068539378918,0.5448052883148193,False,0.08186974906026996,0.11897608089162652,0.0447634172289134,9.480519480519481e-05,0.0
34,0.125,2,0.16359773110557804,0.0041914728925374,0.35272708535194397,False,0.06913464874433883,0.09421919622681559,0.044050101261862075,9.714285714285715e-05,0.0
35,0.125,2,0.16085893839811763,0.003894263021182016,1.2097179889678955,True,0.08148108428211219,0.08205893910309088,0.0809032294611335,9.948051948051949e-05,0.0
36,0.375,4,0.1773505234521807,0.005500658364610719,0.9365965127944946,False,0.06625123352593348,0.06696238727428311,0.06554007977758386,0.00010181818181818184,0.0
37,0.25,3,0.18335224456951413,0.0037907530478740064,0.7261524200439453,False,0.05279547995918035,0.06899649912286296,0.036594460795497746,0.00010415584415584417,0.0
38,0.375,5,0.1984942709879696,0.005865778805787163,0.2517489492893219,False,0.0541074483588839,0.06912367639366351,0.039091220324104274,0.00010649350649350652,0.0
39,0.0,0,0.18315953542848673,0.005683949630868106,0.4602271318435669,False,0.060092285042210244,0.09402707351353895,0.026157496570881532,0.00010883116883116884,0.0
40,0.125,2,0.1785193900495188,0.004801055182693263,5.090884685516357,True,0.12203896006311066,0.06319076857746816,0.18088715154875315,0.0001111688311688312,0.0
41,0.375,4,0.19374947349977178,0.0065793315733020125,1.274010419845581,True,0.05894623200511413,0.05493714358487142,0.06295532042535684,0.00011350649350649352,0.0
42,0.0,0,0.17878129872011728,0.005500661553724568,0.986066460609436,False,0.07923371265244437,0.14036937993069565,0.01809804537419309,0.00011584415584415584,0.0
43,0.375,6,0.1936971084359912,0.006124714345793124,0.888378381729126,False,0.04483898746643683,0.046559011821677154,0.043118963111196514,0.0001181818181818182,0.0
44,0.25,4,0.19833596913534038,0.004462142134589555,1.6969292163848877,True,0.07024334772144475,0.06375122707082213,0.07673546837206738,0.00012051948051948052,0.0
45,0.125,2,0.19252336373285503,0.004687514872036849,0.280998170375824,False,0.04668580758688794,0.05411029568709382,0.03926131948668206,0.00012285714285714287,0.0
46,0.0,0,0.17764991243790862,0.007061208776911973,0.3235922157764435,False,0.04503105023919913,0.06832357791563727,0.021738522562760983,0.0001251948051948052,0.0
47,0.0,0,0.16392551416766477,0.005057828112185913,0.34026262164115906,False,0.046898181206365575,0.06853436926214167,0.025261993150589482,0.00012753246753246752,0.0
48,0.375,4,0.17989100205865144,0.006297691727922976,49.10561752319336,True,0.4975587503512164,0.022002476295820837,0.9731150244066119,0.00012987012987012987,0.0
49,0.125,2,0.17531412120401257,0.004802451702529315,4.79851770401001,True,0.6432945154365117,0.022678656770542236,1.2639103741024813,0.00013220779220779222,0.0
50,0.25,2,0.18050563017237584,0.005730418333646903,5.580415725708008,True,0.07573414155272752,0.030276636934580024,0.12119164617087501,0.00013454545454545455,0.0
51,0.25,4,0.18596757265592812,0.005454200076317001,14.158258438110352,True,0.28756546987935316,0.024400981368361593,0.5507299583903448,0.00013688311688311687,0.0
52,0.0,0,0.17160059100389644,0.007112802779106834,0.28571006655693054,False,0.036179313735004257,0.05533999626860641,0.017018631201402106,0.00013922077922077922,0.0
53,0.25,4,0.1775564254085409,0.005098498130491759,2.431211233139038,True,0.22656690384662462,0.034292314661215816,0.41884149303203344,0.00014155844155844157,0.0
54,0.125,2,0.17325405100132787,0.007122426193624696,0.31122204661369324,False,0.09481544443061318,0.059203369650321865,0.1304275192109045,0.0001438961038961039,0.0
55,0.125,2,0.16947521644961955,0.004885257577631851,0.4809831380844116,False,0.05366797388351772,0.09127082051849848,0.016065127248536957,0.00014623376623376622,0.0
56,0.125,1,0.16638235681590982,0.004632628462956445,0.43864506483078003,False,0.045766529536385346,0.08176197059273552,0.00977108848003517,0.00014857142857142857,0.0
57,0.125,1,0.16284909047736373,0.004763623270250669,0.34760424494743347,False,0.037126854576517446,0.06327818449073577,0.010975524662299115,0.0001509090909090909,0.0
58,0.375,3,0.17957708433039973,0.005416917515416094,0.7712181210517883,False,0.10763822685365447,0.06041648956043267,0.15485996414687628,0.00015324675324675325,0.0
59,0.0,1,0.16570380180671151,0.004674725414072134,0.1892092525959015,False,0.03743219668623571,0.03659492466744824,0.038269468705023166,0.0001555844155844156,0.0
60,0.0,0,0.15290230396367868,0.005703794754575206,0.14463050663471222,False,0.016939944670403516,0.02438624846294559,0.009493640877861437,0.00015792207792207793,0.0
61,0.375,3,0.17001449174129965,0.0053653086292916735,8.256458282470703,True,0.1754793916311136,0.014940058781045588,0.3360187244811816,0.00016025974025974028,0.0
62,0.125,3,0.1666809702301437,0.003911010727450432,17.361045837402344,True,0.2705037733937017,0.01576587592176321,0.5252416708656401,0.0001625974025974026,0.0
63,0.25,4,0.17273059452103307,0.004885916029802573,12.013251304626465,True,1.8918080512840072,0.013292793763499117,3.770323308804515,0.00016493506493506495,0.0
64,0.125,2,0.1690892296596636,0.0038847346986118883,12.16425609588623,True,0.8482516525409931,0.020206355029334582,1.6762969500526517,0.0001672727272727273,0.0
65,0.0,0,0.1560261895533587,0.003962048747458334,1.0110936164855957,True,0.06153784784490063,0.046533205500366825,0.07654249018943443,0.00016961038961038963,0.0
66,0.375,2,0.1730822887021667,0.00505404083797016,0.3725815713405609,False,0.062240131897571424,0.06957633082244231,0.05490393297270053,0.00017194805194805195,0.0
67,0.0,0,0.15971076359936578,0.004316928759455997,1.0798074007034302,True,0.1044608161906538,0.19876194225351493,0.01015969012779266,0.0001742857142857143,0.0
68,0.0,0,0.1473722597543466,0.005239575737088751,0.8263539671897888,False,0.06608844651193609,0.1279038947315062,0.004272998292365959,0.00017662337662337666,0.0
69,0.25,2,0.15510283139317663,0.00467324121455975,0.6008917689323425,False,0.04101373088028582,0.06060888604086316,0.021418575719708486,0.00017896103896103898,0.0
70,0.0,0,0.14312031475880196,0.006758652234816933,0.180695578455925,False,0.016669977052108858,0.029474501984791988,0.0038654521194257294,0.0001812987012987013,0.0
71,0.125,2,0.14186451110853843,0.005527199895819295,0.14189094305038452,False,0.01819584520710532,0.03131274269537117,0.005078947718839474,0.00018363636363636366,0.0
72,0.25,4,0.1497352789310845,0.006552760788320913,8.6394681930542,True,0.8966692027082139,0.017019145002836848,1.7763192604135911,0.00018597402597402598,0.0
73,0.125,2,0.14806743420234295,0.005995019586998348,1.4186421632766724,True,0.05663998096209308,0.016295928986828315,0.09698403293735784,0.0001883116883116883,0.0
74,0.0,0,0.1366284393277671,0.006050104202931601,0.4153248369693756,False,0.0243173057319741,0.01953644742621332,0.02909816403773488,0.00019064935064935066,0.0
75,0.25,3,0.14548796899167407,0.0057215152791312415,0.14651495218276978,False,0.02324864009545191,0.04071803393908507,0.005779246251818759,0.000192987012987013,0.0
76,0.375,4,0.16307880546823092,0.006345708265490736,1.0725857019424438,True,0.23870949486227033,0.017926949195077202,0.45949204052946346,0.00019532467532467533,0.0
77,0.0,1,0.15048010251945299,0.006042528473910661,4.448014259338379,True,0.0999511804047992,0.027933012884291994,0.17196934792530638,0.00019766233766233769,0.0
78,0.25,4,0.15816561671579474,0.005223689571418714,0.9139537811279297,False,0.02179239162972358,0.026491344331775395,0.017093438927671768,0.0002,0.0
79,0.375,4,0.17496813714448947,0.006140695615349661,0.7608492970466614,False,0.03703915557277184,0.05853134696070704,0.015546964184836646,0.00019999977360794213,0.0
80,0.0,0,0.16145092024401433,0.007500654495001715,0.8609273433685303,False,0.07887582256114048,0.1545773308873305,0.0031743142349504685,0.00019999909443280386,0.0
81,0.5,5,0.18780262354473942,0.009681841190301833,0.5629199743270874,False,0.043279594504764436,0.0821342415121771,0.004424947497351774,0.00019999796247769145,0.0
82,0.25,3,0.1921244284536222,0.008359121822543988,0.7653786540031433,False,0.049238867503799286,0.07085830861092411,0.027619426396674467,0.00019999637774778203,0.0
83,0.375,4,0.20571831110364633,0.00968043436346591,3.108469247817993,True,0.04851766818674622,0.015383023574356674,0.08165231279913578,0.00019999434025032346,0.0
84,0.25,4,0.20904613359663188,0.007766080386049387,1.363385558128357,True,0.0613367803966809,0.011581394203737992,0.1110921665896238,0.00019999184999463441,0.0
85,0.125,2,0.20221686414603215,0.008548578235994149,4.842450141906738,True,0.30511767646612875,0.013863585184635232,0.5963717677476222,0.00019998890699210423,0.0
86,0.0,0,0.1865945385146027,0.007453042837718243,4.580113887786865,True,0.11163060245205583,0.02861918162090494,0.19464202328320673,0.00019998551125619297,0.0
87,0.25,3,0.1916890209225758,0.0041031748133127845,8.292581558227539,True,0.3283862951335663,0.02788300483333311,0.6288895854337996,0.0001999816628024313,0.0
88,0.125,3,0.1866810270363894,0.004981807398241283,0.7922605276107788,False,0.038652850007370926,0.046614723939613495,0.030690976075128353,0.0001999773616484204,0.0
89,0.0,0,0.17225892724818345,0.00585220815971891,3.4829392433166504,True,0.16237169580813543,0.08915469300987272,0.23558869860639814,0.000199972607813832,0.0
90,0.125,2,0.16865400118610635,0.004958562514785726,0.7623701691627502,False,0.08421900474146381,0.16539281600806613,0.003045193474861495,0.00019996740132040806,0.0
91,0.25,4,0.1748452382675897,0.006330322178989125,0.7801401615142822,False,0.07388939854132566,0.14392074583520098,0.003858051247450342,0.00019996174219196088,0.0
92,0.25,4,0.18055816943647382,0.005770496890771642,1.695311427116394,True,0.23084555280972377,0.11673908706249563,0.3449520185569519,0.00019995563045437288,0.0
93,0.125,2,0.17592974636219358,0.006563965447354988,0.7228506803512573,False,0.04890558814437894,0.08482389803468557,0.012987278254072305,0.0001999490661355967,0.0
94,0.125,1,0.1723382400477638,0.005994677779434608,0.36623746156692505,False,0.04467894205380019,0.08462249010787277,0.004735393999727607,0.00019994204926565462,0.0
95,0.0,1,0.15902419665111933,0.007694679373060195,0.27903494238853455,False,0.034602445110262475,0.06333567624244608,0.005869213978078869,0.0001999345798766389,0.0
96,0.125,2,0.1560593872245525,0.006699639492671525,0.1678355485200882,False,0.02066019075412127,0.026675162461804278,0.014645219046438262,0.00019992665800271136,0.0
97,0.125,2,0.15390297157712818,0.007964958581904743,13.227154731750488,True,0.5294350388208784,0.028045209626945334,1.0308248680148115,0.00019991828368010324,0.0
98,0.125,2,0.15181415047948602,0.0062665706702451345,1.1080812215805054,True,0.049884139640737235,0.020696660042937125,0.07907161923853735,0.00019990945694711525,0.0
99,0.125,2,0.14940635537309752,0.007040885260891097,1.4372962713241577,True,0.04513305457037484,0.011850240333808697,0.07841586880694099,0.00019990017784411707,0.0
100,0.125,2,0.14746988183433812,0.006176172111718269,1.1421409845352173,True,0.043473204306440374,0.019096925525065422,0.06784948308781533,0.0001998904464135474,0.0
101,0.25,4,0.1552899415495478,0.006124248171200132,2.6446053981781006,True,0.05249998925055474,0.021126840149185127,0.08387313835192435,0.00019988026269991368,0.0
102,0.125,2,0.15289892976286706,0.005836367966047607,0.9056005477905273,False,0.047743929144292235,0.02777310356080983,0.06771475472777465,0.00019986962674979196,0.0
103,0.125,2,0.15050147771640282,0.0054161667133291475,0.4488309919834137,False,0.038925432258328105,0.05455484108428296,0.02329602343237324,0.0001998585386118265,0.0
104,0.25,4,0.15809509354544243,0.005949866046772336,0.37479180097579956,False,0.04660420071939216,0.08203565526541473,0.01117274617336959,0.00019984699833672977,0.0
105,0.125,2,0.15539130928314274,0.005382346088339693,0.7648146152496338,False,0.09034829638054799,0.12326706699587606,0.05742952576521993,0.00019983500597728216,0.0
106,0.0,0,0.14338650620122795,0.0059848870941894925,0.6034114360809326,False,0.06266994680557383,0.11790225995324992,0.007437633657897736,0.00019982256158833158,0.0
107,0.25,3,0.15181903834873917,0.00654359352429582,0.37074702978134155,False,0.04490990771410278,0.08109949775380847,0.008720317674397097,0.00019980966522679342,0.0
108,0.25,3,0.1591138556285179,0.0062142209281597005,0.29806840419769287,False,0.030115378215069186,0.05373819804604624,0.006492558384092137,0.00019979631695165022,0.0
109,0.375,2,0.17593141619118494,0.008219044917433142,0.20287887752056122,False,0.03191712410197392,0.036361246331690716,0.027473001872257125,0.00019978251682395128,0.0
110,0.25,4,0.18156043435267608,0.00732270708032901,3.617473840713501,True,0.07442852671971707,0.02747578543961167,0.12138126799982248,0.0001997682649068126,0.0
111,0.25,2,0.18684287761696056,0.006222823262652149,0.4190628230571747,False,0.025863143513308293,0.014828038533828046,0.03689824849278854,0.0001997535612654164,0.0
112,0.25,4,0.1912388279907655,0.0059135008412047755,0.70689857006073,False,0.032032216228842184,0.013566988022815165,0.0504974444348692,0.00019973840596701093,0.0
113,0.125,1,0.18646461389709246,0.005294593757382117,2.0903735160827637,True,0.03995585321386954,0.01470128845994983,0.06521041796778924,0.0001997227990809101,0.0
114,0.125,3,0.18156913367109268,0.005747703795747954,0.39284974336624146,False,0.021181709979103416,0.023708679321246984,0.018654740636959845,0.00019970674067849316,0.0
115,0.25,2,0.18627740973995455,0.005225472003629058,12.253317832946777,True,0.9201906989158836,0.014094729213647033,1.82628666861812,0.0001996902308332045,0.0
116,0.125,2,0.1817864915293188,0.0055557891032184305,2.802790880203247,True,0.2860197747160336,0.01938397268540385,0.5526555767466634,0.0001996732696205532,0.0
117,0.375,1,0.19744352057734496,0.005448530217624925,1.2621556520462036,True,0.04543730760539885,0.02970311188526115,0.06117150332553656,0.00019965585711811257,0.0
118,0.125,3,0.19208996106191495,0.004889727238602856,0.3026319146156311,False,0.024562983734878887,0.04411684551201342,0.005009121957744354,0.00019963799340552013,0.0
119,0.375,5,0.20637164590181772,0.0057060676858954095,0.4546338617801666,False,0.04399116916308493,0.0826466580230875,0.005335680303082358,0.00019961967856447688,0.0
120,0.375,5,0.21915889531432964,0.005139696621982848,5.385573387145996,True,0.11666527605032354,0.05923181770882108,0.174098734391826,0.0001996009126787472,0.0
121,0.125,2,0.2117376083869816,0.004759191651942565,0.3351585566997528,False,0.030474085007737926,0.0559231298791829,0.005025040136292948,0.00019958169583415828,0.0
122,0.25,3,0.215180754749944,0.004053837823400345,0.7734183669090271,False,0.05891025363982464,0.08670823535060303,0.031112271929046257,0.00019956202811859984,0.0
123,0.25,1,0.21729235476158618,0.004301739586209058,0.3081550896167755,False,0.03429199757601166,0.062382095865601804,0.0062018992864215135,0.00019954190962202367,0.0
124,0.125,2,0.21040536749600303,0.004079222731289468,0.3814975321292877,False,0.04028792996981546,0.060343310106824165,0.02023254983280675,0.0001995213404364433,0.0
125,0.0,0,0.1941504365360935,0.004871066570636935,0.38531696796417236,False,0.030846550546331238,0.047152413087851834,0.014540688004810643,0.0001995003206559335,0.0
126,0.125,2,0.1889522852345449,0.004509630742554187,0.1330179125070572,False,0.018891855632418172,0.034455942443613115,0.003327768821223229,0.0001994788503766298,0.0
127,0.125,2,0.18415571870020736,0.004334160490047079,0.12803205847740173,False,0.010239423866398928,0.012805513043992175,0.0076733346888056796,0.00019945692969672817,0.0
128,0.375,3,0.19933861287817686,0.005423148807042518,7.574827194213867,True,0.24990972382075374,0.01311028555419181,0.4867091620873157,0.00019943455871648463,0.0
129,0.0,1,0.18393864742795876,0.0053022481639812095,0.5614820718765259,False,0.025339116692373757,0.01854188409464683,0.03213634929010069,0.00019941173753821443,0.0
130,0.125,2,0.17914321250840673,0.004224594537920416,12.987948417663574,True,0.1544823654739289,0.011249529657304006,0.2977152012905538,0.00019938846626629212,0.0
131,0.375,3,0.19403890385798558,0.005548189659443991,2.049675703048706,True,0.1075419354533667,0.009915326944553793,0.2051685439621796,0.00019936474500715053,0.0
132,0.0,1,0.17904836904756546,0.004767139923848886,0.7073221802711487,False,0.026804565134226528,0.03296664229769492,0.020642487970758135,0.00019934057386928073,0.0
133,0.125,2,0.17491892258461322,0.004039835144125038,2.5731687545776367,True,0.08168280929138066,0.03596442607702584,0.1274011925057355,0.00019931595296323126,0.0
134,0.25,2,0.18110650776999995,0.0036817590470518157,4.398981094360352,True,0.08776355126218495,0.02245564172506886,0.15307146079930103,0.00019929088240160778,0.0
135,0.125,2,0.17691606917113634,0.004624783376040217,1.0319558382034302,True,0.03344153127229664,0.048282605729955776,0.01860045681463751,0.00019926536229907235,0.0
136,0.25,4,0.18246901766577886,0.005234047974809221,0.3145368993282318,False,0.03512429274732777,0.06656782996398466,0.0036807555306708722,0.00019923939277234317,0.0
137,0.125,2,0.17788221844757185,0.0054612700229315185,0.7088714838027954,False,0.07445575206789842,0.14572913764101378,0.003182366494783064,0.0001992129739401939,0.0
138,0.25,4,0.18306648688463514,0.005778779760630593,0.40121132135391235,False,0.035317062439736695,0.0671941116403669,0.003440013239106492,0.00019918610592345305,0.0
139,0.375,4,0.19794528297942537,0.007533313596062944,0.6253573298454285,False,0.035988413663407534,0.03338576458204592,0.038591062744769145,0.00019915878884500354,0.0
140,0.125,2,0.19245395965629805,0.006353568172774672,0.20372235774993896,False,0.026308638062164436,0.029156474002181323,0.023460802122147545,0.0001991310228297822,0.0
141,0.125,2,0.18709577069349403,0.0077882705963697955,1.12516188621521,True,0.04142115156746104,0.03649538863163487,0.0463469145032872,0.00019910280800477896,0.0
142,0.125,2,0.18244262975732436,0.007476727357212549,0.25494447350502014,False,0.021014087874121998,0.02678036187402362,0.015247813874220372,0.00019907414449903655,0.0
143,0.0,0,0.16834796864604845,0.010433928427308089,4.792884349822998,True,0.21514424540946722,0.05729088041101695,0.3729976104079175,0.00019904503244364973,0.0
144,0.25,4,0.17436295647986905,0.006971520105854537,0.20857147872447968,False,0.01931171918371282,0.028636419703406565,0.009987018664019078,0.00019901547197176465,0.0
145,0.25,2,0.1805934929965655,0.0072611868061092655,0.1464497596025467,False,0.01699568323520032,0.029044922718010634,0.0049464437523900045,0.0001989854632185785,0.0
146,0.0,0,0.1666416875107865,0.00800595192791971,0.2178943157196045,False,0.020683076342665068,0.037969342697684115,0.0033968099876460203,0.00019895500632133853,0.0
147,0.25,4,0.17337072302109363,0.00673184574477722,3.063211679458618,True,0.07741318651668784,0.01874101970679276,0.13608535332658292,0.00019892410141934174,0.0
148,0.125,2,0.16977791483684662,0.006899554652782285,3.760651111602783,True,0.07878050720374762,0.03464424503983035,0.12291676936766488,0.0001988927486539341,0.0
149,0.125,2,0.16656167014673545,0.006896570221166897,0.35051536560058594,False,0.026699044481273096,0.03620839234589355,0.017189696616652646,0.00019886094816850983,0.0
150,0.25,4,0.17310085752295343,0.00601744421702544,14.351643562316895,True,0.27451735674026234,0.025226102727595574,0.5238086107529291,0.00019882870010851097,0.0
151,0.125,2,0.16914269937423856,0.0066277324857814445,0.33899837732315063,False,0.04315567196907298,0.03373713193552856,0.05257421200261741,0.00019879600462142648,0.0
152,0.25,4,0.17538642894779535,0.005740731392366814,0.378014475107193,False,0.05157931479809438,0.029795226636819223,0.07336340295936955,0.00019876286185679167,0.0
153,0.375,4,0.19017831185931744,0.005895243063842741,0.35551002621650696,False,0.03601147509627623,0.026999096022354865,0.045023854170197594,0.00019872927196618753,0.0
154,0.25,4,0.19431658224151346,0.004670497762294818,0.23442907631397247,False,0.026372964509736994,0.03374646026346557,0.018999468756008425,0.00019869523510324005,0.0
155,0.125,1,0.18930459530272317,0.004549077146936484,0.37859803438186646,False,0.048457719780156915,0.07209607448107307,0.024819365079240766,0.00019866075142361932,0.0019392372333548735
156,0.25,3,0.19360451293942238,0.004372123402267888,0.29421934485435486,False,0.03240084388613294,0.057712839631679363,0.00708884814058653,0.00019862582108503925,0.008403361344537785
157,0.125,2,0.18835052713215364,0.004238519282687189,0.3328116536140442,False,0.03499983060890432,0.06780932582871106,0.0021903353890975756,0.0001985904442472563,0.014867485455720697
158,0.125,2,0.1835024396038968,0.004857027286271876,0.3249063193798065,False,0.03344426196308769,0.06345553992573823,0.0034329840004371547,0.0001985546210720693,0.02133160956690361
159,0.125,2,0.17883580305807564,0.0042914240547606486,0.2460700422525406,False,0.02211605788920924,0.0408175096203345,0.0034146061580839792,0.00019851835172331815,0.02779573367808652
160,0.0,0,0.1650197884455957,0.005597098725532769,0.14928942918777466,False,0.022183991493442863,0.029936412179329634,0.014431570807556094,0.00019848163636688364,0.03425985778926943
161,0.125,2,0.16197412426379124,0.004136572304431908,2.1994433403015137,True,0.04366239599019748,0.009437359512340968,0.07788743246805399,0.00019844447517068618,0.04072398190045248
162,0.25,4,0.168676565293032,0.005118717676991254,1.1664988994598389,True,0.03648494642205704,0.008129483651323169,0.06484040919279091,0.0001984068683046854,0.047188106011635395
163,0.25,4,0.1746690491775398,0.003913884746033245,16.10332489013672,True,0.178865860008386,0.01141708455423955,0.34631463546253244,0.00019836881594087916,0.053652230122818306
164,0.125,2,0.17068483890834435,0.004042010539494795,0.20084428787231445,False,0.013324806345275624,0.018778310707708447,0.007871301982842801,0.00019833031825330292,0.06011635423400122
165,0.0,0,0.15749852952195895,0.004307511680424687,0.36594635248184204,False,0.025751262506836153,0.03295318634422062,0.018549338669451687,0.0001982913754180288,0.06658047834518413
166,0.125,2,0.1548408329955868,0.0033452581021127577,0.23169802129268646,False,0.011516118500868387,0.019084199823698213,0.003948037178038561,0.00019825198761316484,0.07304460245636704
167,0.0,0,0.14287855712747732,0.004895652770833449,0.7855692505836487,False,0.05348183126959266,0.045563513278556546,0.06140014926062878,0.00019821215501885422,0.07950872656755009
168,0.125,2,0.14144639063689618,0.0044094858299591295,0.2628561854362488,False,0.0532390369839917,0.023990818555724627,0.08248725541225876,0.00019817187781727432,0.085972850678733
169,0.25,4,0.14963669800018498,0.0045134550884446374,1.3272494077682495,True,0.05886706574119241,0.015732027771096384,0.10200210371128843,0.00019813115619263613,0.09243697478991592
170,0.25,4,0.15748342927138365,0.004152687787765584,0.33711665868759155,False,0.022686620029774014,0.02312917800172636,0.022244062057821673,0.000198089990331183,0.09890109890109883
171,0.5,3,0.18414170081349387,0.007416318680717885,0.6189652681350708,False,0.06834208895799582,0.020487300551500012,0.11619687736449162,0.00019804838042119025,0.10536522301228174
172,0.25,5,0.18923057894259487,0.0038558647520005084,0.7239086627960205,False,0.021324620262983682,0.010817901464344679,0.031831339061622686,0.00019800632665296396,0.11182934712346465
173,0.125,2,0.1841214132418031,0.0038296420740775846,0.3113393783569336,False,0.01972595086724553,0.021486316819204883,0.017965584915286183,0.00019796382921884032,0.1182934712346477
174,0.25,4,0.18892070067851433,0.004469795764219331,0.4218975305557251,False,0.022336256082751103,0.01782567114163099,0.026846841023871214,0.0001979208883131846,0.12475759534583061
175,0.125,2,0.18364622769777417,0.003811391380976093,0.5093806982040405,False,0.022704487958516945,0.02358460539967588,0.02182437051735801,0.00019787750413239027,0.13122171945701352
176,0.0,0,0.16945858225982285,0.005961017364338197,0.7294179201126099,False,0.03659890086545069,0.034206609858856075,0.038991191872045305,0.00019783367687487832,0.13768584356819644
177,0.125,2,0.16597296780552878,0.004131593225553855,0.30776843428611755,False,0.019864153912035477,0.024386356825616688,0.015341950998454265,0.00019778940674109602,0.14414996767937935
178,0.375,3,0.18265663556100772,0.006035265383739895,0.6326850056648254,False,0.02001266480507237,0.014244265195825466,0.02578106441431927,0.00019774469393351628,0.15061409179056226
179,0.125,1,0.1778660948450439,0.004404154049928195,0.948178231716156,False,0.01741001934473763,0.018403176890523242,0.016416861798952017,0.00019769953865663646,0.1570782159017453
180,0.375,4,0.1931388858358775,0.005891190159341037,15.732040405273438,True,0.18718590971186977,0.01459029118759064,0.3597815282361489,0.00019765394111697783,0.16354234001292822
181,0.125,2,0.1877277826917757,0.004868403101006163,0.23312442004680634,False,0.010701055369362398,0.018883221990578774,0.002518888748146022,0.00019760790152308414,0.17000646412411113
182,0.25,4,0.19253571597455357,0.004660755815156166,17.10603904724121,True,0.19184741802259364,0.013312186495278162,0.3703826495499091,0.00019756142008552107,0.17647058823529405
183,0.25,4,0.19678296388247013,0.004786696905127122,15.168914794921875,True,0.6413214968453251,0.016504318966943213,1.2661386747237071,0.00019751449701687506,0.18293471234647696
184,0.375,3,0.21118342587635033,0.005372563448983011,1.2090718746185303,True,0.030333142985271885,0.01832467413507654,0.04234161183546723,0.0001974671325317523,0.18939883645765987
185,0.125,2,0.20486838577851418,0.004254167478746008,1.5644415616989136,True,0.03706023442109395,0.032009415009961205,0.042111053832226686,0.00019741932684677802,0.19586296056884292
186,0.125,3,0.1989412160331363,0.005123801701071403,0.9141387939453125,False,0.025712244111525936,0.042049793668690404,0.009374694554361468,0.0001973710801805951,0.20232708468002583
187,0.25,4,0.2026897430916252,0.0043370534736419785,1.0328924655914307,True,0.026883341821147797,0.04025829642792771,0.013508387214367883,0.0001973223927538634,0.20879120879120874
188,0.25,2,0.20595558704576533,0.004304751061782785,0.2748890221118927,False,0.020417762756541703,0.03793250024588902,0.0029030252671943856,0.00019727326478925864,0.21525533290239166
189,0.25,4,0.2088749792123375,0.003847845371503713,2.151062488555908,True,0.14672953053464474,0.019556066820271015,0.2739029942490185,0.00019722369651147133,0.22171945701357457
190,0.125,2,0.2023442389669265,0.003933862945269011,2.4707391262054443,True,0.09269235775902115,0.02103819660185936,0.16434651891618296,0.0001971736881472058,0.22818358112475748
191,0.0,0,0.18671207295478662,0.005710540597841308,0.7611310482025146,False,0.04059128933603757,0.043590510724361466,0.03759206794771367,0.00019712323992517915,0.23464770523594053
192,0.25,4,0.1915004652036681,0.0040299447215455,1.1386559009552002,True,0.0413266564902052,0.023287383801652857,0.059365929178757534,0.0001970723520761202,0.24111182934712344
193,0.375,2,0.20611002824716332,0.005237013546108355,0.13833381235599518,False,0.009830483557697197,0.016254947381174834,0.0034060197342195594,0.0001970210248327685,0.24757595345830635
194,0.375,6,0.2187204790115286,0.005447205799261866,0.4112078547477722,False,0.04137230358212201,0.019158116323104626,0.06358649084113939,0.00019696925842987303,0.25404007756948926
195,0.375,2,0.23064201216962127,0.00563917158247622,0.7269772291183472,False,0.015009049234647057,0.024580892793899183,0.005437205675394932,0.0001969170531041915,0.2605042016806722
196,0.25,1,0.2327236930416978,0.004781449031258363,0.6832607984542847,False,0.024965213160017215,0.02007221746908089,0.029858208850953537,0.000196864409094489,0.2669683257918551
197,0.125,3,0.2245455530218985,0.0053727897264701525,3.1344046592712402,True,0.11335072405975287,0.010210376181561176,0.21649107193794456,0.0001968113266415369,0.273432449903038
198,0.125,2,0.21690120770834004,0.004702045735340876,1.4927738904953003,True,0.04988935679027598,0.011942125089360024,0.08783658849119194,0.00019675780598811188,0.2798965740142209
199,0.25,3,0.21946509210694895,0.004601241025398558,6.496151924133301,True,0.12359687428211324,0.008856617794112719,0.23833713077011376,0.0001967038473789948,0.2863606981254038
200,0.125,3,0.21202014985282194,0.004709430244895573,0.8241754770278931,False,0.010382839666271062,0.02068415356759638,8.152576494574562e-05,0.0001966494510609695,0.292824822236587
201,0.25,3,0.21544146838850398,0.0040979986538503205,0.30639445781707764,False,0.014315111847415837,0.025772951537185618,0.002857272157646055,0.00019659461728282175,0.2992889463477699
202,0.0,1,0.19879747191525252,0.005294976496300466,3.2358384132385254,True,0.04470992534449283,0.036664175149391444,0.05275567553959421,0.00019653934629533802,0.30575307045895284
203,0.375,4,0.2119757674485626,0.0051445597096753445,1.2172561883926392,True,0.014269106295565782,0.026639717858034876,0.0018984947330966877,0.00019648363835130442,0.31221719457013575
204,0.0,0,0.19559951476044776,0.005828486325199613,0.6055036187171936,False,0.04287217380111953,0.04287217380111953,,0.00019642749370550554,0.31868131868131866
205,0.375,4,0.20950427507687885,0.004844763008687986,2.195039987564087,True,0.07255234970500575,0.017867394977405634,0.12723730443260586,0.00019637091261472318,0.32514544279250157
206,0.0,0,0.19331895828715748,0.006565715233593985,0.29328203201293945,False,0.01933744903044805,0.0384858259895748,0.00018907207132130293,0.00019631389533773542,0.3316095669036845
207,0.0,0,0.17838404309180694,0.005230776841729443,0.508825957775116,False,0.021384148307298508,0.037166488679778995,0.005601807934818019,0.00019625644213531505,0.3380736910148674
208,0.125,2,0.17450292933356634,0.003273782909134782,1.0429447889328003,True,0.1889136587669615,0.016322978586463383,0.36150433894745965,0.0001961985532702288,0.3445378151260503
209,0.25,4,0.1799482657837485,0.004026141004826163,0.7383589148521423,False,0.010488879845739537,0.00820799022399784,0.012769769467481233,0.00019614022900723573,0.3510019392372332
210,0.25,4,0.1852669610025291,0.004859466365857133,2.3081564903259277,True,0.07502464711690955,0.013597872799894151,0.13645142143392494,0.0001960814696130865,0.35746606334841613
211,0.0,0,0.1709541053178681,0.004352387157579106,0.5312263369560242,False,0.022551374917832788,0.009718568979001366,0.03538418085666421,0.00019602227535652162,0.36393018745959904
212,0.25,4,0.17715395377273466,0.004412916287963507,2.1026792526245117,True,0.008711519011517345,0.01740299534462993,2.004267840476235e-05,0.0001959626465082706,0.37039431157078223
213,0.125,2,0.1732688709407199,0.0039798024210218,0.6637346148490906,False,0.018838850637543342,0.023158327601431303,0.014519373673655382,0.00019590258334105056,0.37685843568196514
214,0.5,3,0.19812828684214526,0.0074423725802979694,0.45042747259140015,False,0.006127846668306938,0.011903399208544859,0.00035229412806901634,0.00019584208612956501,0.38332255979314805
215,0.25,3,0.20165237947775252,0.00447345421151671,2.147636651992798,True,0.02452789085338614,0.013113017550743835,0.03594276415602844,0.0001957811551505026,0.38978668390433097
216,0.125,2,0.1953943167609316,0.00495901338499578,5.438872814178467,True,0.10123147319180166,0.013843852881532734,0.1886190935020706,0.00019571979068253587,0.3962508080155139
217,0.125,2,0.18990502921251803,0.004767925415569743,0.9244222044944763,False,0.07096451407066716,0.01429480602850541,0.1276342221128289,0.0001956579930063199,0.4027149321266968
218,0.125,2,0.1849368481510302,0.005347450905603123,0.24099330604076385,False,0.01863486137045828,0.03069679524792154,0.006572927492995025,0.00019559576240449117,0.4091790562378797
219,0.25,2,0.18995844553558505,0.004477634482563441,0.2558993399143219,False,0.018509209602626527,0.03642517866887203,0.0005932405363810277,0.00019553309916166606,0.4156431803490626
220,0.125,2,0.18460380125880602,0.003944589073394431,0.7178124785423279,False,0.033217145597328274,0.04715796259274794,0.0192763286019086,0.00019547000356443978,0.4221073044602455
221,0.125,2,0.18024217818278943,0.004396453094281076,6.652508735656738,True,0.15217036135195988,0.033575455859997855,0.2707652668439219,0.0001954064759013849,0.42857142857142844
222,0.0,0,0.16631751363030073,0.00549123144128054,0.5657941102981567,False,0.04002365390574877,0.06248419910726178,0.017563108704235757,0.00019534251646305002,0.43503555268261135
223,0.375,4,0.1821923548868133,0.006375266490613457,4.867951393127441,True,0.07894090120717728,0.03829735852084393,0.11958444389351063,0.00019527812554195862,0.44149967679379426
224,0.25,4,0.18772001883713577,0.005291105563579681,0.5383473038673401,False,0.03131647383874921,0.0532229093047888,0.009410038372709635,0.00019521330343260748,0.44796380090497745
225,0.125,1,0.1832176514198762,0.0049656586277456154,0.7352785468101501,False,0.02640074453555228,0.042661129941579154,0.01014035912952541,0.00019514805043146553,0.45442792501616036
226,0.125,1,0.17838376925230476,0.004480229518639555,2.046137809753418,True,0.06367309270729539,0.031238560609159718,0.09610762480543107,0.00019508236683697235,0.4608920491273433
227,0.0,0,0.16460267664961858,0.00553345634776176,0.7530669569969177,False,0.04455134280760095,0.04577010684332305,0.043332578771878856,0.000195016252949537,0.4673561732385262
228,0.5,7,0.19051780054513998,0.007056969756718989,3.2241251468658447,True,0.04354763476203451,0.012453791326525868,0.07464147819754315,0.00019494970907153633,0.4738202973497091
229,0.25,5,0.1950121801461046,0.004325955651935351,0.9004602432250977,False,0.015425201144381766,0.019164152401899854,0.011686249886863679,0.00019488273550731397,0.480284421460892
230,0.375,4,0.20857414657164983,0.005261035905392531,53.34309005737305,True,0.6501961449596387,0.0099481089055344,1.290444181013743,0.00019481533256317859,0.4867485455720749
231,0.125,2,0.20226168714382123,0.0043644205087127455,0.5370543003082275,False,0.016728557700711955,0.017406987612035706,0.016050127789388205,0.0001947475005474028,0.49321266968325783
232,0.25,3,0.2064368986980009,0.003903432294839692,1.43252432346344,True,0.03222852818737473,0.021513664177782627,0.04294339219696684,0.0001946792397702215,0.49967679379444074
233,0.125,1,0.19980920648680423,0.004300593567268211,1.9339704513549805,True,0.061835039611973126,0.03112016391258464,0.09254991531136161,0.00019461055054383064,0.5061409179056237
234,0.25,3,0.20407587518355136,0.0037340621675430964,0.25598517060279846,False,0.020615229980152406,0.041191833236913125,3.862672339168714e-05,0.0001945414331823857,0.5126050420168066
235,0.125,2,0.19830993108635647,0.004900430627002974,1.126860499382019,True,0.025948705119074357,0.05145519810282831,0.0004422121353204068,0.00019447188800200015,0.5190691661279895
236,0.0,1,0.18298943676230187,0.0061411752303017824,0.4618394374847412,False,0.027760780521634904,0.05393505700576885,0.001586504037500955,0.00019440191532074433,0.5255332902391726
237,0.0,0,0.16885253190876742,0.00494385974609181,0.3521480858325958,False,0.024000938749842434,0.04711793642035857,0.0008839410793263032,0.00019433151545864366,0.5319974143503555
238,0.25,4,0.1752176784585362,0.00459484302069337,0.18708519637584686,False,0.01570222247558275,0.03130071690803983,0.00010372804312566793,0.00019426068873767727,0.5384615384615384
239,0.125,2,0.1710018366466614,0.0038945006750547703,0.47798797488212585,False,0.020220786651306583,0.016599668018795106,0.02384190528381806,0.00019418943548177664,0.5449256625727213
240,0.25,4,0.1770068389971467,0.004570773030158521,2.191340208053589,True,0.008298083473947414,0.006003582578565244,0.010592584369329585,0.00019411775601682404,0.5513897866839043
241,0.25,2,0.1824479821610742,0.0037836357698751598,0.5205028057098389,False,0.13741738198446798,0.00808005265124154,0.2667547113176944,0.00019404565067065104,0.5578539107950872
242,0.25,3,0.18805589754821103,0.003518658610318454,9.115026473999023,True,0.24617125863167702,0.026534675763700746,0.4658078414996533,0.00019397311977303693,0.5643180349062701
243,0.25,4,0.19332858171849227,0.003486173258633913,4.824243068695068,True,0.011729685991216572,0.004025785759692137,0.01943358622274101,0.00019390016365570736,0.570782159017453
244,0.125,3,0.1879988831620133,0.0038427486565918716,1.567330002784729,True,0.7399431695195667,0.005242642862302753,1.4746436961768308,0.00019382678265233275,0.5772462831286359
245,0.125,2,0.1833749719961222,0.004138434631077088,0.720343828201294,False,0.017156026221385928,0.02156198831463254,0.012750064128139314,0.0001937529770985268,0.5837104072398188
246,0.375,3,0.19813298449330025,0.004118232296789837,56.28888702392578,True,1.0628955396461652,0.008326958447574284,2.117464120844756,0.00019367874733184484,0.5901745313510017
247,0.125,2,0.19282616023236213,0.004015211942414739,1.3287947177886963,True,0.0220466298427522,0.0203009386966871,0.0237923209888173,0.00019360409369178244,0.5966386554621846
248,0.0,1,0.1779293163013201,0.006509410549744886,1.393965482711792,True,0.055590322097527234,0.02379891562564812,0.08738172856940635,0.00019352901651977379,0.6031027795733679
249,0.25,4,0.18330498607930026,0.0042611653449058685,0.11882030963897705,False,0.009793184747963162,0.019511866334351643,7.45031615746802e-05,0.00019345351615919005,0.6095669036845508
250,0.125,2,0.17855850486086808,0.004038345176527111,0.17810669541358948,False,0.01833313794529862,0.02386560688263445,0.012800669007962789,0.000193377592955338,0.6160310277957337
251,0.375,4,0.193779773604348,0.0046148357719155006,1.7676805257797241,True,0.012636734261576582,0.023318104877712693,0.0019553636454404705,0.00019330124725545818,0.6224951519069166
252,0.25,2,0.19773395997386567,0.004708739682044444,1.3572449684143066,True,0.0287058750509255,0.023888793867267423,0.033522956234583574,0.00019322447940872358,0.6289592760180995
253,0.125,2,0.19235796247410727,0.004223527452162502,7.147958278656006,True,0.08671330977026775,0.02331389955975329,0.1501127199807822,0.00019314728976623782,0.6354234001292824
254,0.125,2,0.1872002793039474,0.005030218652888972,0.6154084801673889,False,0.028834658182395393,0.032021999552510394,0.025647316812280392,0.00019306967868103369,0.6418875242404654
255,0.25,4,0.19176170800221215,0.0045824093015159875,1.088941216468811,True,0.015555814517917826,0.028919452142084384,0.0021921768937512667,0.0001929916465080714,0.6483516483516483
256,0.125,2,0.18674809865347733,0.005044975968952388,2.5001392364501953,True,0.027642046133696016,0.037214102465090805,0.018069989802301224,0.00019291319360423718,0.6548157724628312
257,0.125,2,0.18192677732699797,0.004639654217860985,4.035159111022949,True,0.05269267593623264,0.08799490123075088,0.017390450641714402,0.0001928343203283414,0.6612798965740141
258,0.0,0,0.16787196855285696,0.006625365778469884,1.6409595012664795,True,0.04105058656166414,0.08190756018712907,0.00019361293619920772,0.000192755027041117,0.667744020685197
259,0.375,3,0.18440892842531942,0.0061555898013575545,0.6465654969215393,False,0.026757021811503374,0.030082510864539506,0.023431532758467242,0.000192675314105218,0.6742081447963799
260,0.125,3,0.18006236030960154,0.005282283362873375,8.973750114440918,True,0.17188165874747763,0.0728590942520427,0.2709042232429125,0.0001925951818852176,0.680672268907563
261,0.5,5,0.20477927963486336,0.008656103454818428,0.4453713893890381,False,0.031085178304035836,0.03058727837984287,0.031583078228228804,0.0001925146307476067,0.687136393018746
262,0.0,1,0.18895899381184159,0.007248918723567728,1.168262004852295,True,0.033956162134363824,0.06598434773897018,0.001927976529757467,0.0001924336610607921,0.6936005171299289
263,0.0,0,0.17436090900431503,0.0072039850334845125,0.4854683578014374,False,0.02240228137103201,0.03249664320332515,0.012307919538738872,0.00019235227319509487,0.7000646412411118
264,0.125,1,0.17089060369936104,0.005649021165723882,3.0836849212646484,True,0.03579612382021423,0.03106748521929853,0.04052476242112993,0.00019227046752274873,0.7065287653522947
265,0.125,3,0.16739138789116967,0.00464916299689038,0.7052644491195679,False,0.012003268125834526,0.021846574471842035,0.0021599617798270187,0.00019218824441789818,0.7129928894634776
266,0.25,4,0.1733861286485727,0.00419909189279875,1.5592725276947021,True,0.042045934804435754,0.018194742648256018,0.06589712696061549,0.0001921056042565969,0.7194570135746605
267,0.375,4,0.18890992179187727,0.005026545829125236,0.5170079469680786,False,0.01101523974733356,0.019174627764901708,0.002855851729765409,0.0001920225474168061,0.7259211376858434
268,0.125,1,0.18431562805824808,0.003948979467185626,2.127516031265259,True,0.08335924228773929,0.014092794018790968,0.15262569055668762,0.00019193907427839254,0.7323852617970263
269,0.125,1,0.17939692136996818,0.004547126523833656,4.318990707397461,True,0.05325946718103183,0.01857502324486599,0.08794391111719768,0.00019185518522312712,0.7388493859082093
270,0.25,3,0.18495235888485093,0.0038820925319762124,0.7123892903327942,False,0.021809254494738084,0.027456613473350974,0.01616189551612519,0.0001917708806346828,0.7453135100193922
271,0.375,4,0.20016976798292477,0.00479398099813042,4.353246212005615,True,0.03188597250569002,0.03515852315678212,0.028613421854597924,0.00019168616089863317,0.7517776341305751
272,0.25,5,0.20411549189011158,0.004312504676401033,0.3469901382923126,False,0.0222619896347823,0.04452396716369656,1.2105868034198072e-08,0.00019160102640245044,0.7582417582417583
273,0.25,1,0.2082464871921456,0.004583039252168132,0.6299898028373718,False,0.04078961452974769,0.0637692004638163,0.017810028595679085,0.00019151547753550375,0.7647058823529412
274,0.25,3,0.21108495476887407,0.0035983404890335214,2.361614942550659,True,0.0244414546523179,0.04840032804790011,0.0004825812567356903,0.00019142951468905742,0.7711700064641241
275,0.125,2,0.20438348218653601,0.004659460733362854,1.5064393281936646,True,0.04546708815048047,0.029341978003852517,0.06159219829710842,0.00019134313825626924,0.7776341305753071
276,0.0,0,0.1885937738163294,0.005123106393690022,0.3410409688949585,False,0.012302310596018972,0.021685217661480422,0.002919403530557523,0.00019125634863218833,0.78409825468649
277,0.25,4,0.19314169568516718,0.004280297370291008,0.6646316051483154,False,0.009845485475519854,0.01724817443786461,0.002442796513175095,0.00019116914621375382,0.7905623787976729
278,0.25,4,0.19714708854536983,0.004108678261110814,1.1133971214294434,True,0.023586335124862693,0.013788999843980859,0.033383670405744525,0.00019108153139979264,0.7970265029088558
279,0.5,5,0.2208352214711614,0.007016184268100093,10.343194007873535,True,0.04652126409510289,0.005500471907523212,0.08754205628268256,0.00019099350459101785,0.8034906270200387
280,0.375,3,0.2327961824343988,0.005195013706693363,2.474764347076416,True,0.06498491974215323,0.009863273517858564,0.12010656596644789,0.00019090506619002688,0.8099547511312216
281,0.5,1,0.25421543222441567,0.007226249875994963,17.261919021606445,True,0.6966776319885609,0.005648820794225509,1.3877064431828963,0.00019081621660129954,0.8164188752424045
282,0.125,3,0.24408584182578005,0.00545787968539678,5.26431941986084,True,0.050188542058510345,0.0062389504624226055,0.09413813365459808,0.00019072695623119625,0.8228829993535874
283,0.125,2,0.2345495690087809,0.004422630795793744,13.377240180969238,True,0.016237638161107563,0.016524644580519537,0.015950631741695587,0.00019063728548795623,0.8293471234647704
284,0.375,2,0.24583336038320788,0.00576050532309083,1.4722106456756592,True,0.042018554014579046,0.019554958463162735,0.06448214956599536,0.00019054720478169543,0.8358112475759533
285,0.125,2,0.2364473891069919,0.004094245667071552,0.4281389117240906,False,0.011526670111877867,0.023031541559114233,2.1798664641501314e-05,0.00019045671452440496,0.8422753716871364
286,0.0,0,0.21818057380981074,0.0066745158378423534,0.3779012858867645,False,0.020553350074711495,0.03539957961727923,0.005707120532143765,0.00019036581512994898,0.8487394957983193
287,0.25,4,0.22054076840425207,0.004855353538492756,0.6941503882408142,False,0.018011139648498153,0.03595568968460098,6.658961239532451e-05,0.0001902745070140628,0.8552036199095022
288,0.125,2,0.21320581395008031,0.004735536654684394,0.4835550785064697,False,0.024092176240460225,0.048176686452054855,7.666028865592548e-06,0.0001901827905943512,0.8616677440206851
289,0.0,0,0.19673453364362287,0.006770127206906645,0.9939199686050415,False,0.037473372871441576,0.04793498758629202,0.027011758156591133,0.00019009066629028615,0.868131868131868
290,0.25,4,0.20075640060947406,0.005159834911526625,5.86363410949707,True,0.10109951838978747,0.01574048174013239,0.18645855503944253,0.00018999813452320538,0.874595992243051
291,0.125,2,0.19494989353483824,0.004921019227673286,0.5941554307937622,False,0.026851805118168752,0.010431103142391747,0.043272507093945756,0.00018990519571630997,0.8810601163542339
292,0.125,2,0.18939888043755987,0.004141149861149938,1.2167855501174927,True,0.00846102568955684,0.015760835021998026,0.0011612163571156516,0.00018981185029466274,0.8875242404654168
293,0.25,4,0.19378757364835636,0.004555875528372189,0.2766745686531067,False,0.011452240031037321,0.011452240031037321,,0.00018971809868518612,0.8939883645765997
294,0.25,2,0.19832044543008065,0.00459546526861725,3.7650530338287354,True,0.013363235930803193,0.01528620497294458,0.011440266888661803,0.00018962394131666034,0.9004524886877826
295,0.375,6,0.2118209004111988,0.0063579191059904274,2.6852738857269287,True,0.06646739261767144,0.013383624866426828,0.11955116036891605,0.00018952937861972134,0.9069166127989655
296,0.25,2,0.21476556212337852,0.00454553300409539,1.9643266201019287,True,0.013447725166273957,0.006986547013509061,0.019908903319038853,0.00018943441102685891,0.9133807369101484
297,0.0,0,0.19817378299517743,0.005858981766494139,5.200133800506592,True,0.027398536019703414,0.014242986408332672,0.040554085631074155,0.00018933903897241466,0.9198448610213317
298,0.25,3,0.20237370733250995,0.005487680432481267,0.47123122215270996,False,0.011230112505762505,0.014039500839477128,0.008420724172047882,0.00018924326289257993,0.9263089851325146
299,0.125,3,0.19644225473278223,0.004331733118296396,0.18437062203884125,False,0.028260347550520978,0.016848612383362417,0.03967208271767954,0.0001891470832253941,0.9327731092436975
300,0.375,5,0.2104789388151328,0.0050036867082983395,2.329631805419922,True,0.08126783149626779,0.013710890959874869,0.1488247720326607,0.0001890505004107422,0.9392372333548804
301,0.375,7,0.2232361155744926,0.004888825568889888,1.0118372440338135,True,0.009414989433367459,0.01880288640910398,2.7092457630934657e-05,0.00018895351489035323,0.9457013574660633
302,0.0,0,0.20598994125106104,0.005081052581933065,2.313175916671753,True,0.03454118274047564,0.04386678024592058,0.025215585235030702,0.00018885612710779786,0.9521654815772462
303,0.375,5,0.21928901589393548,0.005441113529694971,0.41855552792549133,False,0.04845861106788032,0.017250583538634855,0.07966663859712578,0.00018875833750848662,0.9586296056884291
304,0.0,1,0.2023477759624488,0.006190246932584876,0.3180566132068634,False,0.013466501877733872,0.02693224016566555,7.635898021933633e-07,0.00018866014653966777,0.965093729799612
305,0.125,2,0.19661533669863906,0.004908915156300963,1.120025396347046,True,0.015771484002206102,0.020480677855510734,0.011062290148901472,0.00018856155465042532,0.971557853910795
306,0.375,5,0.21063864928082837,0.005167807921305666,5.533170223236084,True,0.028664009295714978,0.01028119287100018,0.04704682572042978,0.0001884625622916768,0.9780219780219779
307,0.125,3,0.20397165616534782,0.004829473356678555,0.12416873127222061,False,0.00913158213917071,0.00913158213917071,,0.00018836316991617131,0.9844861021331608
308,0.125,2,0.19801476354025066,0.004716563849814002,17.28514289855957,True,0.6643068004922454,0.014858074495981657,1.3137555264885092,0.00018826337797848768,0.9909502262443437
309,0.0,0,0.18271707247516547,0.007301244942125593,0.32299232482910156,False,0.022017558428164507,0.019869195091514653,0.02416592176481436,0.00018816318693503191,0.9974143503555268
310,0.125,2,0.1780160107018707,0.004278294517585234,0.14674144983291626,False,0.004973164529970178,0.009943545152556911,2.7839073834447862e-06,0.00018806259724403547,1.0
311,0.125,2,0.17358398287744495,0.00486421138038575,16.343353271484375,True,0.011138243547938083,0.017928799847274416,0.004347687248601751,0.00018796160936555305,1.0
312,0.125,1,0.17017369923782927,0.0049160883862693775,2.3104889392852783,True,0.01296091326611799,0.009931174652841466,0.015990651879394514,0.00018786022376146049,1.0
313,0.25,4,0.17644167959688956,0.004335591409779356,1.6120632886886597,True,0.014860034302647054,0.014218001195759538,0.01550206740953457,0.00018775844089545263,1.0
314,0.125,2,0.17281062372398082,0.004494158867839619,0.33734750747680664,False,0.017422609492679438,0.027308292528439207,0.0075369264569196655,0.00018765626123304124,1.0
315,0.0,1,0.15946008618208293,0.0054294991769675465,1.8674155473709106,True,0.030510002551546456,0.030949129874697723,0.03007087522839519,0.00018755368524155287,1.0
316,0.25,4,0.16654790859753593,0.004389115746697725,7.45834493637085,True,0.013510513627561803,0.023035388151850463,0.003985639103273143,0.00018745071339012673,1.0
317,0.375,6,0.18250781260551238,0.007004619110529265,10.255294799804688,True,0.024955812206758493,0.03452413648697584,0.015387487926541148,0.00018734734614971247,1.0
318,0.25,4,0.18752976925245152,0.004239149784801464,3.8053250312805176,True,0.12803417023415942,0.043202854247953594,0.21286548622036522,0.00018724358399306815,1.0
319,0.125,2,0.18255200012399175,0.004036600450630106,0.35078105330467224,False,0.02175697892084435,0.0427688333071441,0.0007451245345445988,0.00018713942739475797,1.0
320,0.125,2,0.1779587900706184,0.004372008096662228,5.364834785461426,True,0.0360907433837237,0.06352766393696338,0.008653822830484027,0.0001870348768311501,1.0
321,0.125,2,0.17372042986347513,0.004335070808710628,4.338940620422363,True,0.02710055559683565,0.0503744961727399,0.0038266150209314022,0.00018692993278041463,1.0
322,0.125,1,0.1702996049702593,0.00463075400180476,5.04922342300415,True,0.04432173729860756,0.0660128712699732,0.02263060332724193,0.00018682459572252124,1.0
323,0.25,5,0.17664901704947747,0.004546855975810299,0.49546483159065247,False,0.023893731688331296,0.047783073002787044,4.390373875549325e-06,0.00018671886613923704,1.0
324,0.0,0,0.16300194325831252,0.005957852527395406,0.8830395340919495,False,0.03193655025627236,0.06190387532816635,0.001969225184378362,0.00018661274451412446,1.0
325,0.125,2,0.16021017832304876,0.004151848947708487,0.6701145768165588,False,0.04558280104962528,0.041165356102355936,0.05000024599689463,0.00018650623133253892,1.0
326,0.125,1,0.15783309204094423,0.004820878243259285,0.41708436608314514,False,0.018618723593249783,0.013737034685402195,0.02350041250109737,0.00018639932708162658,1.0
327,0.375,5,0.1746555088849349,0.0058098228701038545,0.7284018993377686,False,0.01097171227579739,0.008598391285176294,0.013345033266418484,0.00018629203225032232,1.0
328,0.125,2,0.17076840427618212,0.004658610569177466,1.028192162513733,True,0.02331284747673958,0.01026507141512096,0.0363606235383582,0.00018618434732934727,1.0
329,0.0,0,0.1575756390217692,0.00566700725442589,0.779331624507904,False,0.009382329713500346,0.006350389913380537,0.012414269513620154,0.0001860762728112067,1.0
330,0.5,2,0.18363573697143665,0.008346305104761644,3.8327622413635254,True,0.0820663168494911,0.005089652999365888,0.1590429806996163,0.00018596780919018777,1.0
331,0.125,1,0.17944890199775423,0.004188349576191113,2.274418354034424,True,0.1405007877652504,0.011119195722482806,0.269882379808018,0.00018585895696235716,1.0
332,0.25,3,0.18470717571841339,0.005373188054663038,0.5350332260131836,False,0.012640504687878067,0.017091396529291755,0.00818961284646438,0.00018574971662555894,1.0
333,0.125,2,0.1802385664169315,0.0038116438922867753,1.5995770692825317,True,0.036145456419761704,0.05377286091206686,0.018518051927456557,0.00018564008867941214,1.0
334,0.125,1,0.17631418089251788,0.005821697064980876,5.9559407234191895,True,0.04684451565964884,0.07979540537239767,0.01389362594690001,0.00018553007362530864,1.0
335,0.25,5,0.18190586546997548,0.0038307789430016394,3.2355642318725586,True,0.0968781991041298,0.1885470333715448,0.005209364836714813,0.00018541967196641075,1.0
336,0.125,2,0.17755566224773883,0.0037637761319703105,3.3622891902923584,True,0.05829918623530048,0.11654788097262431,5.049149797666636e-05,0.000185308884207649,1.0
337,0.125,2,0.17363954530473671,0.004672431073753387,0.5844526290893555,False,0.04135281155970268,0.08270562310685378,1.255157895316342e-11,0.00018519771085571962,1.0
338,0.0,0,0.16022496917282228,0.005298636653717803,0.5582270622253418,False,0.027917312229798166,0.054165830586390934,0.0016687938732053958,0.00018508615241908253,1.0
339,0.125,2,0.15764774021909878,0.00380762308556143,3.8328404426574707,True,0.08011217396315928,0.0231693005421489,0.13705504738416968,0.00018497420940795888,1.0
340,0.125,2,0.1547892693547943,0.0043861377037543725,0.8121109008789062,False,0.011214158396607936,0.01527605921670788,0.007152257576507992,0.0001848618823343286,1.0
341,0.0,0,0.14283097705151068,0.00640992255346271,5.702785968780518,True,0.13949544584693696,0.011401762447539134,0.26758912924633477,0.00018474917171192815,1.0
342,0.25,2,0.1507212282672475,0.0038418115440377013,2.2171053886413574,True,1.0500172351483106,0.012883702187539205,2.087150768109082,0.00018463607805624835,1.0
343,0.25,4,0.15848711422026207,0.0044730453972687345,2.258776903152466,True,0.0742395269473615,0.00807526070753508,0.1404037931871879,0.00018452260188453164,1.0
344,0.125,2,0.15594613378193858,0.005247174792054465,3.122277021408081,True,0.0085734759118895,0.011423806925969645,0.005723144897809356,0.00018440874371577,1.0
345,0.25,3,0.16350442766383047,0.0045108810472658046,98.96463012695312,True,1.453796705266435,0.013302983901572444,2.894290426631297,0.00018429450407070268,1.0
346,0.125,1,0.1601934966213431,0.004529202516498852,2.1687448024749756,True,0.0178383569563315,0.02580828649888608,0.009868427413776918,0.00018417988347181328,1.0
347,0.125,2,0.1577176990892013,0.004233313838169244,8.70320987701416,True,0.12093473752916166,0.04030923772326422,0.2015602373350591,0.00018406488244332808,1.0
348,0.375,4,0.17435781353100963,0.006182075112733443,0.25463739037513733,False,0.01494818206383583,0.029615347766280626,0.0002810163613910333,0.00018394950151121305,1.0
349,0.0,0,0.16088774736779174,0.006145523601148071,0.8685670495033264,False,0.023664158414227088,0.040826309574739074,0.0065020072537151,0.00018383374120317176,1.0
350,0.25,4,0.1673849288611593,0.004096888190624493,2.0421745777130127,True,0.07220947762245258,0.04515916192365153,0.09925979332125363,0.00018371760204864292,1.0
351,0.25,2,0.17376250513382963,0.004387961506843291,0.2960708439350128,False,0.01914243641575981,0.037900892966986274,0.00038397986453334634,0.0001836010845787979,1.0
352,0.375,4,0.18925529030174554,0.004752897329199409,2.2367196083068848,True,0.0220744716384397,0.039314141298461704,0.0048348019784176955,0.00018348418932653829,1.0
353,0.125,2,0.1839549684974214,0.005199473164622469,1.6322154998779297,True,0.0293327918021745,0.02739574778426445,0.03126983582008455,0.00018336691682649346,1.0
354,0.25,4,0.18905827268866082,0.004556523029886898,7.001997947692871,True,0.11059495387552845,0.018022482697121204,0.2031674250539357,0.0001832492676150183,1.0
355,0.375,5,0.2035741715402386,0.005001209385667323,4.169525146484375,True,0.1299795650620264,0.017617572910791045,0.24234155721326175,0.0001831312422301905,1.0
356,0.25,4,0.20754997671131448,0.004393629164677729,1.7561784982681274,True,0.08625306734990833,0.029848232685615445,0.1426579020142012,0.00018301284121180825,1.0
357,0.5,3,0.22966099531108372,0.00654495081301589,1.4301472902297974,True,0.047921933494072866,0.02916112362511367,0.06668274336303207,0.00018289406510138765,1.0
358,0.125,2,0.22152442504033792,0.005847910747275909,0.18774814903736115,False,0.01716062023465765,0.03422890798813074,9.233248118455857e-05,0.00018277491444216047,1.0
359,0.125,2,0.2143104878921673,0.0047407014495656616,0.27895689010620117,False,0.020216952913794096,0.04035498869021094,7.891713737725298e-05,0.00018265538977907132,1.0
360,0.25,2,0.2172578556627564,0.0041428235416563165,0.2912498116493225,False,0.018388009019100458,0.0367499788926584,2.6039145542515566e-05,0.00018253549165877551,1.0
361,0.125,2,0.20979418711466524,0.0050055427293084626,0.33172932267189026,False,0.014188463634645126,0.027517718347105848,0.0008592089221844043,0.00018241522062963634,1.0
362,0.0,0,0.19358647308187565,0.0059379744175900445,0.4043966233730316,False,0.016036787816395906,0.03169744921430881,0.00037612641848300347,0.00018229457724172255,1.0
363,0.375,6,0.20736144492738406,0.005640456388513274,1.3049986362457275,True,0.0610904930553529,0.014890414705817473,0.10729057140488832,0.00018217356204680593,1.0
364,0.125,2,0.2006623266147209,0.005520472853418732,0.09038364142179489,False,0.008091111363657593,0.01613431428726976,4.790844004542811e-05,0.00018205217559835886,1.0
365,0.125,2,0.19466999775429614,0.004576595309066826,0.18816283345222473,False,0.01819400747664054,0.013379859286889359,0.023008155666391722,0.00018193041845155158,1.0
366,0.125,2,0.18904550908608186,0.0053270119985903835,5.610215187072754,True,0.150635393371916,0.015206318306488652,0.28606446843734334,0.00018180829116324978,1.0
367,0.25,4,0.19394670061460717,0.00467441418395277,0.1879711151123047,False,0.010962987553092596,0.011278998968167931,0.01064697613801726,0.00018168579429201197,1.0
368,0.25,4,0.19827418949292902,0.003329084292360957,4.162573337554932,True,0.2683328064769004,0.011954402626044826,0.5247112103277559,0.00018156292839808703,1.0
369,0.125,2,0.19256241649659633,0.0039580900158959695,2.078702926635742,True,0.027587235503964164,0.02510921587555912,0.030065255132369212,0.00018143969404341156,1.0
370,0.375,5,0.2065165021465236,0.004995507618239526,1.9376566410064697,True,0.08244483594937001,0.026147007653519353,0.13874266424522066,0.0001813160917916074,1.0
371,0.25,3,0.20948862024658677,0.0030589553758044964,1.0893243551254272,True,0.031316048975813415,0.05998051682572605,0.0026515811259007764,0.00018119212220797892,1.0
372,0.0,0,0.19330451287556333,0.006124854944020854,1.2650024890899658,True,0.04731442591010202,0.09449989283495791,0.0001289589852461325,0.00018106778585951058,1.0
373,0.125,2,0.1882707136648996,0.0035135298486773333,1.028225302696228,True,0.05423131270105042,0.0956582737322415,0.012804351669859338,0.0001809430833148642,1.0
374,0.375,1,0.20342680215044423,0.004890466253245986,5.207245826721191,True,0.03305133811571092,0.06511788450135637,0.000984791730065464,0.0001808180151443765,1.0
375,0.25,5,0.20673176398277063,0.0034401148086814887,0.4478258788585663,False,0.02907681074290474,0.04796096539029287,0.010192656095516608,0.00018069258192005634,1.0
376,0.25,3,0.2102705388838266,0.003344256448435288,0.20682160556316376,False,0.016676828887564603,0.033353171019556316,4.867555728883511e-07,0.00018056678421558226,1.0
377,0.375,4,0.2229507261425607,0.004518526734275884,2.623927116394043,True,0.01291666188517862,0.02484371460848452,0.000989609161872723,0.00018044062260629971,1.0
378,0.0,1,0.20572659966690005,0.005064637482316067,1.7981520891189575,True,0.022390094639704185,0.03635074998898219,0.00842943929042618,0.00018031409766921852,1.0
379,0.125,2,0.19934302884432872,0.003916655699679173,0.36401766538619995,False,0.009457663653814638,0.018742376818307108,0.00017295048932216647,0.00018018720998301023,1.0
380,0.0,0,0.18394272223729616,0.005010660485921143,1.0459405183792114,True,0.01436770984737127,0.028734830753136785,5.889416057528363e-07,0.00018005996012800539,1.0
381,0.0,0,0.1697321710230936,0.005511360777319703,0.4359370172023773,False,0.02919048736800308,0.033247556878911455,0.025133417857094702,0.00017993234868619108,1.0
382,0.25,4,0.17554607386436188,0.004551326437416591,33.83485794067383,True,0.19504410337581907,0.007520551023023967,0.3825676557286142,0.00017980437624120802,1.0
383,0.25,4,0.18100496988000167,0.004483958979063977,11.604716300964355,True,0.043035175761588156,0.005261152255277724,0.08080919926789859,0.00017967604337834798,1.0
384,0.0,0,0.167021375621857,0.0051739553974270635,0.4990392327308655,False,0.00829784433665328,0.011599853998659714,0.004995834674646846,0.00017954735068455123,1.0
385,0.25,4,0.17333097871012138,0.004772457573710109,2.160447120666504,True,0.0780951761618957,0.008328011496191558,0.14786234082759983,0.0001794182987484037,1.0
386,0.25,4,0.17916089446383318,0.005066353844575096,0.7591701745986938,False,0.015841645379434808,0.007893534918862808,0.02378975584000681,0.00017928888816013433,1.0
387,0.125,2,0.1749257249154626,0.00390877150396121,0.7309495806694031,False,0.024336403336692212,0.01217929812466724,0.036493508548717184,0.00017915911951161244,1.0
388,0.125,2,0.17121278458470093,0.00439386436548063,0.829640805721283,False,0.004191819080943203,0.008382230205407923,1.4079564784837062e-06,0.0001790289933963449,1.0
389,0.125,2,0.16730634207283304,0.0043615436904770825,0.625758171081543,False,0.011069264891750565,0.01824697846034639,0.0038915513231547374,0.00017889851040947348,1.0
390,0.25,3,0.17398699959184935,0.0038355671362104876,4.079425811767578,True,0.032205215697484656,0.01033715512596259,0.05407327626900672,0.00017876767114777218,1.0
391,0.125,3,0.17034658077281167,0.004088317159158144,1.2033462524414062,True,0.011009088303014315,0.02201687966122263,1.2969448060019593e-06,0.00017863647620964445,1.0
392,0.125,2,0.16660120511605914,0.0035283414434288955,0.5225558876991272,False,0.015005311884136565,0.010499923916632434,0.019510699851640695,0.0001785049261951204,1.0
393,0.25,3,0.17333633820614122,0.00391861151308663,0.5689728856086731,False,0.011669393996335993,0.01212680389320728,0.011211984099464707,0.0001783730217058542,1.0
394,0.25,4,0.17935998792529037,0.003663800121045992,1.2783526182174683,True,0.16145763511474476,0.011090432346378205,0.3118248378831113,0.0001782407633451211,1.0
395,0.125,3,0.1751094373507175,0.0034443800936839945,1.11165452003479,True,0.014986211369151268,0.011451755057018008,0.01852066768128453,0.00017810815171781492,1.0
396,0.125,2,0.17118726435963283,0.003559879791104166,1.5456186532974243,True,0.021842634237483956,0.009563574570980744,0.03412169390398717,0.00017797518743044516,1.0
397,0.375,4,0.186589831934491,0.0048571408398383155,2.1772379875183105,True,0.008746117141102027,0.009816342670116286,0.0076758916120877665,0.00017784187109113418,1.0
398,0.125,2,0.18197577745174884,0.0041213480196161814,2.636788845062256,True,0.04932366197434258,0.017736239841179596,0.08091108410750555,0.00017770820330961456,1.0
399,0.125,2,0.17733198465200717,0.0036252498470221183,1.1684194803237915,True,0.029406023954043896,0.02448588069473059,0.0343261672133572,0.0001775741846972261,1.0
400,0.0,0,0.16363214799001297,0.004470304786567372,0.3664501905441284,False,0.01621332421876132,0.03239668024544702,2.9968192075618633e-05,0.00017743981586691336,1.0
401,0.375,4,0.1794272104736986,0.005899031284158435,11.496749877929688,True,0.530243939005613,0.016309742922785742,1.0441781350884403,0.00017730509743322238,1.0
402,0.25,4,0.18516849650060713,0.004808080835755719,2.272783041000366,True,0.12134791852191927,0.024034359328634434,0.2186614777152041,0.0001771700300122984,1.0
403,0.25,4,0.1902702078211301,0.004529940517266503,1.5403361320495605,True,0.024367672605570607,0.02740429796323637,0.02133104724790484,0.0001770346142218826,1.0
404,0.5,7,0.21410436875271546,0.006213464974788293,2.5232527256011963,True,0.025955231827176413,0.035469099337162226,0.016441364317190597,0.0001768988506813095,1.0
405,0.0,1,0.19756367032040714,0.005204633053399377,0.876862108707428,False,0.0339179549201152,0.06765824734260724,0.0001776624976231609,0.00017676274001150413,1.0
406,0.25,3,0.20171563009387244,0.0047491276090847155,1.3470525741577148,True,0.027410593632885165,0.05341689477020327,0.0014042924955670636,0.0001766262828349791,1.0
407,0.125,3,0.19554682894631567,0.0037001697864735986,1.0662280321121216,True,0.022365865798850568,0.044720081810635,1.1649787066138424e-05,0.0001764894797758318,1.0
408,0.125,2,0.1901427889224168,0.003858892842395327,1.2791110277175903,True,0.03531260920622522,0.057344024111924206,0.013281194300526237,0.00017635233145974158,1.0
409,0.125,2,0.184868051155898,0.003999968038012088,2.2881858348846436,True,0.022713689790864373,0.044647128192559386,0.0007802513891693604,0.0001762148385139667,1.0
410,0.25,4,0.1900919734733342,0.004909929410113284,2.51847505569458,True,0.015413175850635664,0.02216346505276809,0.008662886648503237,0.0001760770015673419,1.0
411,0.25,4,0.19442712156986208,0.004144685924756437,0.294147789478302,False,0.015536963378375348,0.027174926291112147,0.0038990004656385495,0.00017593882125027495,1.0
412,0.125,2,0.18910958488148247,0.003905279357011249,4.959997177124023,True,0.015761414985399076,0.01607680980639087,0.015446020164407277,0.00017580029819474412,1.0
413,0.125,2,0.18391466760886435,0.004251418278015122,1.5113732814788818,True,0.04703860351363021,0.013005607603870066,0.08107159942339036,0.00017566143303429538,1.0
414,0.375,6,0.19853289734262394,0.004979142361903848,1.6108545064926147,True,0.012812607650231237,0.009525246176275183,0.01609996912418729,0.00017552222640403913,1.0
415,0.25,4,0.20221882117137907,0.004736658949773113,0.4380870461463928,False,0.007091175289758801,0.014182249367341282,1.0121217632093837e-07,0.00017538267894064762,1.0
416,0.0,0,0.18659634434935837,0.005846916084730929,0.21313242614269257,False,0.009626887972139876,0.013499486027488697,0.005754289916791054,0.00017524279128235194,1.0
417,0.0,0,0.17218078674801562,0.006628674505483438,1.6365909576416016,True,0.01431352882596716,0.023539619528589364,0.0050874381233449555,0.00017510256406893902,1.0
418,0.0,0,0.15887890745415653,0.0058586770843935135,0.38260844349861145,False,0.01825336904819662,0.03161886438565416,0.0048878737107390805,0.00017496199794174883,1.0
419,0.125,2,0.15630765890982748,0.005320552124514247,0.19291937351226807,False,0.008320516736682167,0.015722309776756125,0.0009187236966082078,0.00017482109354367137,1.0
420,0.0,0,0.14423206295749233,0.004904494600524903,1.7564489841461182,True,0.11147023241449398,0.02877760285798494,0.19416286197100302,0.00017467985151914376,1.0
421,0.0,0,0.1330893708604198,0.005394564374045432,0.35067659616470337,False,0.012804704706694184,0.02553418804705602,7.522136633234749e-05,0.0001745382725141472,1.0
422,0.25,2,0.1425085108462022,0.004895157996675804,0.5178350210189819,False,0.013550617398589267,0.02485148683042227,0.0022497479667562634,0.00017439635717620422,1.0
423,0.25,4,0.1510049323941568,0.004675426873632264,0.603541374206543,False,0.026187320838911288,0.023373512656554473,0.0290011290212681,0.00017425410615437548,1.0
424,0.5,5,0.17825976179316497,0.006933083107254542,0.9925011992454529,False,0.01946049400378072,0.009213889707657448,0.029707098299903992,0.00017411152009925705,1.0
425,0.375,7,0.19340901101863783,0.00531796669291416,5.001046657562256,True,0.018242245373009173,0.01430219440830134,0.022182296337717004,0.00017396859966297716,1.0
426,0.25,3,0.19778779225106907,0.003985771546256398,0.07934599369764328,False,0.004364480180561879,0.008722278620310827,6.681740812930764e-06,0.00017382534549919345,1.0
427,0.25,3,0.20172828940135556,0.003192362020071599,2.106257438659668,True,0.009555524197458401,0.01133271590825791,0.0077783324866588935,0.00017368175826308984,1.0
428,0.25,2,0.20525956936012088,0.004245650844768042,2.2898454666137695,True,0.04647811615972504,0.018664155032123382,0.0742920772873267,0.00017353783861137362,1.0
429,0.125,2,0.19910516860761124,0.003871839569225851,1.3221288919448853,True,0.028932654636712046,0.05768902463735798,0.00017628463606611769,0.00017339358720227233,1.0
430,0.0,0,0.18372323796584974,0.005248417623956775,4.64855432510376,True,0.048331351260748376,0.015753842417344108,0.08090886010415264,0.000173249004695531,1.0
431,0.125,2,0.17942964307610607,0.004281118207022465,0.11647997051477432,False,0.005451360925484105,0.010049258061817133,0.0008534637891510771,0.00017310409175240875,1.0
432,0.125,2,0.1750776516705722,0.004267181482340114,2.2649035453796387,True,0.03492047703150968,0.010971893522738068,0.0588690605402813,0.0001729588490356761,1.0
433,0.25,4,0.1804785877709899,0.004634685721684684,1.0146031379699707,True,0.008249913998246245,0.013914332961958755,0.002585495034533736,0.0001728132772096118,1.0
434,0.125,2,0.1764356593235246,0.003959241313600954,0.14533349871635437,False,0.005119935239086905,0.00946719675540339,0.0007726737227704198,0.00017266737693999974,1.0
435,0.25,2,0.1817297705416843,0.005809540196601792,20.825149536132812,True,0.09505017662230053,0.009572801446339504,0.18052755179826155,0.00017252114889412608,1.0
436,0.375,5,0.19709714168694253,0.005195127141695287,6.344065189361572,True,0.12608488303280968,0.0400825478386477,0.21208721822697166,0.0001723745937407761,1.0
437,0.125,3,0.19157333177853425,0.0038755444597614497,0.2936498820781708,False,0.012425453027323216,0.019707141412248583,0.0051437646423978505,0.00017222771215023093,1.0
438,0.25,4,0.19589492897159208,0.004331248530027866,0.18903866410255432,False,0.011189024137097143,0.02235287319752056,2.5175076673723714e-05,0.0001720805047942649,1.0
439,0.125,2,0.19027090687287085,0.004126489700510437,1.3168929815292358,True,0.02643448276228227,0.032421103329018805,0.020447862195545737,0.00017193297234614218,1.0
440,0.125,2,0.18537246982093042,0.005202910201191172,0.37528231739997864,False,0.01718721509412014,0.03437361440622882,8.15782011462001e-07,0.00017178511548061377,1.0
441,0.25,3,0.1908524630202633,0.0045015886755810286,0.8143649101257324,False,0.01681926465270309,0.03179234904067599,0.0018461802647301902,0.0001716369348739144,1.0
442,0.0,1,0.17610809767044877,0.006023165326506595,0.17625203728675842,False,0.007423488899194617,0.014844663796401905,2.3140019873284242e-06,0.00017148843120375946,1.0
443,0.0,0,0.16250281277120057,0.005811263629118538,0.2641625702381134,False,0.013955841137624476,0.024353285946144585,0.0035583963291043685,0.00017133960514934194,1.0
444,0.25,3,0.16936340980824896,0.005143045081225401,1.8448562622070312,True,0.011409514418376664,0.022327203107065118,0.0004918257296882112,0.00017119045739132923,1.0
445,0.0,1,0.15627918783078332,0.005547305170514553,0.7678569555282593,False,0.028633272418793113,0.054982620151682454,0.0022839246859037736,0.0001710409886118601,1.0
446,0.25,1,0.16410579142035972,0.004382032916308892,0.05919589102268219,False,0.0032934454674950417,0.00643749948844837,0.00014939144654171392,0.00017089119949454147,1.0
447,0.125,2,0.16142774835803186,0.00369824401772069,0.0698898658156395,False,0.005613583469565257,0.01080779038877719,0.00041937655035332254,0.00017074109072444542,1.0
448,0.25,5,0.16827139982482928,0.00435559424340334,1.7177199125289917,True,0.010893770831424534,0.005341161969922624,0.016446379692926446,0.000170590662988106,1.0
449,0.125,2,0.16517154141232046,0.004887923617461214,0.5407081842422485,False,0.02963104928897754,0.004141439379413163,0.055120659198541914,0.0001704399169735159,1.0
450,0.25,4,0.17172596500271023,0.003714314173444943,1.9063726663589478,True,0.011163208880851665,0.0051321978769218145,0.017194219884781516,0.0001702888533701238,1.0
451,0.125,2,0.1682602231017655,0.003931317570963861,0.042978815734386444,False,0.002835543593621015,0.005058517032774735,0.000612570154467295,0.00017013747286883052,1.0
452,0.125,2,0.16496421815041223,0.004441320690450634,2.691007614135742,True,0.04979121848809528,0.0027055531228569237,0.09687688385333364,0.0001699857761619866,1.0
453,0.125,2,0.16154051054781277,0.0032998135161509796,6.946049213409424,True,0.1747990834257577,0.003589342380867545,0.34600882447064785,0.0001698337639433885,1.0
454,0.25,2,0.1685646390431717,0.004159839836531473,6.305349826812744,True,0.047678963368707694,0.00563888514339686,0.08971904159401853,0.00016968143690827573,1.0
455,0.125,2,0.1650520268442441,0.004047147836034897,0.7652643322944641,False,0.006417923321518774,0.011743757185126892,0.0010920894579106565,0.00016952879575332788,1.0
456,0.25,3,0.17171568356911085,0.00431517374833805,4.475775241851807,True,0.006061352074432423,0.010796233159365176,0.001326470989499669,0.0001693758411766609,1.0
457,0.125,3,0.16786453745747063,0.004166396156249381,11.547840118408203,True,0.12992376841532874,0.010898117359572787,0.2489494194710847,0.00016922257387782432,1.0
458,0.0,0,0.15489611132147788,0.004820480206851395,1.668078899383545,True,0.0447264906676956,0.06595713678596211,0.023495844549429087,0.00016906899455779794,1.0
459,0.125,2,0.15243946540841016,0.003394387614506858,3.2740678787231445,True,0.013895182501764412,0.027657159285086105,0.0001332057184427196,0.00016891510391898857,1.0
460,0.25,4,0.16026569792703896,0.00414945094397967,3.8736839294433594,True,1.059644241119193,0.019938752010296046,2.09934973022809,0.00016876090266522694,1.0
461,0.0,0,0.14788432246096292,0.004024096005724351,7.336534023284912,True,0.1136742357823131,0.03552443047191189,0.1918240410927143,0.00016860639150176432,1.0
462,0.0,0,0.1364594739399212,0.005488053933777904,4.470852375030518,True,0.018110960806131008,0.03587464452632922,0.0003472770859327972,0.00016845157113526936,1.0
463,0.375,4,0.15522421568248732,0.005901633678088844,1.5226973295211792,True,0.012251063878148304,0.02328630482452043,0.0012158229317761771,0.00016829644227382495,1.0
464,0.125,1,0.15323232146775032,0.0038814085088804645,0.4634858965873718,False,0.021663990246201886,0.03615819922126674,0.00716978127113703,0.00016814100562692489,1.0
465,0.25,5,0.16070911314325012,0.004828170776577106,0.17901137471199036,False,0.013893691672042996,0.027787372409808983,1.0934277008193147e-08,0.0001679852619054706,1.0
466,0.0,0,0.14829348149915036,0.004294402185075725,0.3459146320819855,False,0.025406740750303993,0.04755341737905393,0.0032600641215540563,0.00016782921182176803,1.0
467,0.375,3,0.16615182476559592,0.006690419575268606,1.1264891624450684,True,0.013928888236612645,0.027367511153006167,0.0004902653202191231,0.0001676728560895242,1.0
468,0.25,4,0.1731167147719712,0.003426746689231555,1.390093207359314,True,0.022148948757752942,0.029075192151498928,0.015222705364006956,0.00016751619542384406,1.0
469,0.25,4,0.17944552007262798,0.005092555064774632,0.5692049860954285,False,0.013753806124402985,0.019422708885428536,0.008084903363377431,0.00016735923054122726,1.0
470,0.25,3,0.1850863915858763,0.003997308460429493,1.7719413042068481,True,0.09482661619444456,0.01864019726971349,0.17101303511917562,0.00016720196215956476,1.0
471,0.375,6,0.19960924744068584,0.00711347737681197,0.5412823557853699,False,0.01089850446787598,0.012963459844280682,0.00883354909147128,0.00016704439099813557,1.0
472,0.375,3,0.21311307602765278,0.005135266666086703,1.397374153137207,True,0.009481537402961827,0.018616058989571662,0.00034701581635199186,0.00016688651777760352,1.0
473,0.125,3,0.20644996021773057,0.004171171588448293,5.832601547241211,True,0.12369299597646105,0.02806956610048076,0.21931642585244135,0.00016672834322001398,1.0
474,0.0,0,0.19050060545576608,0.005206666553674398,0.6415731310844421,False,0.016602086702283452,0.031393117433550895,0.0018110559710160094,0.0001665698680487904,1.0
475,0.125,2,0.18510407644868454,0.004177975785053246,1.1642367839813232,True,0.022217341688279664,0.02156103839732901,0.022873644979230317,0.0001664110929887312,1.0
476,0.125,1,0.18080380446000377,0.004241283904512525,0.2330232411623001,False,0.011926287216307063,0.02308820624550493,0.000764368187109197,0.00016625201876600633,1.0
477,0.0,1,0.16683575129785164,0.004604356803975165,1.0612425804138184,True,0.04360330590220912,0.0322598541370285,0.054946757667389746,0.000166092646108154,1.0
478,0.125,2,0.16355276445098857,0.004174447138655548,0.32190269231796265,False,0.06713047963602103,0.024516204957472854,0.10974475431456922,0.00016593297574407723,1.0
479,0.375,4,0.17945390062924896,0.005282642405093358,0.4979039132595062,False,0.008641071345697356,0.016773314009568458,0.0005088286818262533,0.0001657730084040408,1.0
480,0.0,0,0.1655901347000347,0.0055523940888385186,0.12392594665288925,False,0.009314405858675406,0.018051279139764037,0.0005775325775867744,0.00016561274481966765,1.0
481,0.25,4,0.17201807172313152,0.003975543287473123,1.8819949626922607,True,0.006860328808446481,0.012894520690666022,0.0008261369262269407,0.00016545218572393562,1.0
482,0.125,2,0.16843175302824104,0.004621402484473748,9.87407398223877,True,0.05318317480853719,0.012561356130979947,0.09380499348609443,0.000165291331851174,1.0
483,0.125,1,0.16541950648000314,0.004022176824236207,4.752842426300049,True,0.03111205799027939,0.02006742328669189,0.04215669269386689,0.00016513018393706045,1.0
484,0.25,3,0.17234097195930786,0.003800469613097492,0.2524782717227936,False,0.014647750267296127,0.013261910225844565,0.016033590308747687,0.00016496874271861725,1.0
485,0.125,1,0.16902671750800227,0.004773786969445813,0.09779593348503113,False,0.007563631151419227,0.014501515904692374,0.0006257463981460797,0.0001648070089342083,1.0
486,0.125,3,0.16557446689707592,0.003943981070826305,0.4590163230895996,False,0.011553420155124063,0.014863848227901467,0.008242992082346658,0.00016464498332353553,1.0
487,0.25,2,0.1724839608620081,0.0042167753314896255,0.1547725796699524,False,0.043875499943578054,0.014532722059490952,0.07321827782766516,0.00016448266662763542,1.0
488,0.375,4,0.18778635175234099,0.004563448197875925,4.527318000793457,True,0.03814165500495742,0.00818907532396314,0.0680942346859517,0.00016432005958887601,1.0
489,0.25,4,0.1924995132445177,0.004966028565156538,3.964095115661621,True,0.038851970163411104,0.014013142288418622,0.06369079803840358,0.00016415716295095303,1.0
490,0.375,3,0.20694270602034587,0.005592692040000947,3.894575357437134,True,0.018624585821849924,0.01222250147168475,0.025026670172015097,0.00016399397745888678,1.0
491,0.375,7,0.21977704562484093,0.005307856272468182,2.559441328048706,True,0.05127046541199935,0.018791993000311154,0.08374893782368756,0.00016383050385901867,1.0
492,0.0,0,0.20279810280736493,0.006186635342369082,2.1417346000671387,True,0.010948339768302506,0.0189430483579766,0.0029536311786284106,0.00016366674289900777,1.0
493,0.25,2,0.20643982350554388,0.004131466990969424,1.5525397062301636,True,0.0180495181471912,0.036009644704618475,8.939158976392418e-05,0.00016350269532782746,1.0
494,0.25,3,0.21019424185837687,0.003926307417753225,2.6361801624298096,True,0.007802322831495384,0.01298569215835973,0.002618953504631039,0.00016333836189576188,1.0
495,0.0,1,0.19395562147411627,0.005459058968771728,0.5321904420852661,False,0.017663290728732572,0.02402489224763427,0.011301689209830873,0.00016317374335440268,1.0
496,0.25,1,0.19887152066971073,0.0031865580674004124,1.932440996170044,True,0.010698221801463006,0.021292275528538736,0.00010416807438727743,0.00016300884045664538,1.0
497,0.125,2,0.19350764057078804,0.003872468367751687,0.11936508864164352,False,0.006345754291495689,0.012675279651334581,1.6228931656796233e-05,0.0001628436539566861,1.0
498,0.125,3,0.18845814866795957,0.004430391092610465,0.5792236924171448,False,0.010899898162806447,0.019722469994337494,0.0020773263312753986,0.00016267818461001798,1.0
499,0.5,3,0.2130145582990779,0.006660823746262026,2.8183631896972656,True,0.002610986445385733,0.004736749065429692,0.0004852238253417739,0.00016251243317342778,1.0
500,0.125,3,0.206261043506381,0.004381622308657781,0.1723584234714508,False,0.007678303852628531,0.00996929665647761,0.005387311048779454,0.00016234640040499254,1.0
501,0.125,2,0.19993224366267948,0.004220383460520212,0.7034519910812378,False,0.044102089943935205,0.008041349801496366,0.08016283008637405,0.0001621800870640758,1.0
502,0.0,0,0.18448641708480765,0.006425803541539847,1.0225098133087158,True,0.016515911134581538,0.007688087459965754,0.025343734809197323,0.00016201349391132446,1.0
503,0.25,4,0.18973982265902264,0.00405213240146607,1.8582602739334106,True,0.04210583233017053,0.007154724873933733,0.07705693978640733,0.00016184662170866515,1.0
504,0.0,0,0.1750814146803076,0.004859658222235511,0.5989988446235657,False,0.012217541832732772,0.012486166936727853,0.01194891672873769,0.00016167947121930066,1.0
505,0.25,2,0.1802909014622683,0.003828441618470706,3.6174776554107666,True,0.016797441216237628,0.012751212839730103,0.020843669592745154,0.00016151204320770664,1.0
506,0.125,2,0.17568312625700494,0.003893958047414984,0.5860843658447266,False,0.015032584747369994,0.021792215513599042,0.008272953981140944,0.00016134433843962803,1.0
507,0.25,4,0.18113143424817174,0.004355039355015697,4.114095211029053,True,0.08506725815811492,0.021235799894064863,0.14889871642216496,0.00016117635768207538,1.0
508,0.25,2,0.18683906994662014,0.004286644458290791,3.869354486465454,True,0.022700123923542165,0.0279894590036067,0.01741078884347763,0.0001610081017033217,1.0
509,0.125,2,0.18201072060509083,0.0034941065491483356,1.6346887350082397,True,0.02940661279412482,0.05859865476636993,0.000214570821879706,0.0001608395712728986,1.0
510,0.125,2,0.17775042676735003,0.004261980350254741,0.3562212586402893,False,0.030386802899213902,0.060773592818232074,1.298019573008188e-08,0.00016067076716159303,1.0
511,0.125,2,0.1736242233318708,0.004194224891469535,0.7072789072990417,False,0.037447217750760396,0.07315063727352983,0.0017437982279909687,0.00016050169014144355,1.0
512,0.5,5,0.1989345824976621,0.006869416330165717,0.4396728575229645,False,0.015084683433062724,0.028989978910506618,0.0011793879556188317,0.00016033234098573686,1.0
513,0.25,5,0.2028806320319611,0.004073461248734056,7.150664329528809,True,0.015315064677997139,0.029965657959479253,0.0006644713965150256,0.0001601627204690044,1.0
514,0.125,2,0.19700802680967525,0.0046747858621355234,1.2956470251083374,True,0.040428760777708336,0.017446376016729406,0.06341114553868726,0.0001599928293670187,1.0
515,0.25,1,0.2016881114983413,0.004108821418834735,10.347047805786133,True,0.09362678459685887,0.015871398479286338,0.1713821707144314,0.0001598226684567897,1.0
516,0.125,3,0.1960066348142812,0.0039853293200916426,3.0962061882019043,True,0.2176579555480017,0.016472371329343625,0.4188435397666598,0.00015965223851656146,1.0
517,0.25,4,0.20017888384155888,0.003250079565367826,0.4830758571624756,False,0.02189144139689453,0.016600426931808236,0.02718245586198082,0.00015948154032580837,1.0
518,0.375,4,0.2131524479743813,0.0053492620733323675,1.4957550764083862,True,0.018673480826717343,0.016654057431196925,0.02069290422223776,0.00015931057466523181,1.0
519,0.125,1,0.2066852904726836,0.003695229135202011,0.9103508591651917,False,0.014426747322480242,0.01600405313582389,0.012849441509136594,0.00015913934231675638,1.0
520,0.125,3,0.2004207451999623,0.0036524470356134498,4.0681047439575195,True,0.009748036408958154,0.01941763035481924,7.844246309706617e-05,0.0001589678440635263,1.0
521,0.25,4,0.20415006978555525,0.00453724812452235,0.14669166505336761,False,0.012228603172065472,0.015042071984511986,0.009415134359618958,0.00015879608068990214,1.0
522,0.25,3,0.20769904724078067,0.004408445746003259,20.526762008666992,True,0.3543720290591592,0.017601965264580084,0.6911420928537383,0.00015862405298145682,1.0
523,0.125,3,0.2013561838791643,0.0036261782341008766,0.3349933922290802,False,0.014660471522764656,0.028567236948236,0.0007537060972933127,0.00015845176172497237,1.0
524,0.25,3,0.20560135036475158,0.0033654467381681197,0.5035406351089478,False,0.009663611511328335,0.019146153926969202,0.00018106909568746642,0.000158279207708436,1.0
525,0.25,5,0.20873831681030042,0.0038606265520841876,3.335537910461426,True,0.01703451107780424,0.03138851384507289,0.0026805083105355906,0.0001581063917210369,1.0
526,0.25,3,0.21202697585452907,0.0035710477231173047,0.8732258081436157,False,0.012322433522118622,0.01639912386272914,0.008245743181508104,0.00015793331455316224,1.0
527,0.25,4,0.21525272714536342,0.003140943998836252,1.2199349403381348,True,0.0077781727559278055,0.015556332951418297,1.2560437313159082e-08,0.0001577599769963937,1.0
528,0.0,1,0.1986233119345248,0.005462345146761185,1.0519241094589233,True,0.013623599321640794,0.023678037338363635,0.003569161304917953,0.00015758637984350399,1.0
529,0.0,0,0.18327860727728448,0.004754704892558485,8.84619426727295,True,0.013245595110780493,0.026063975439996796,0.00042721478156419057,0.00015741252388845305,1.0
530,0.25,3,0.18872532256725266,0.0038755638719300354,0.49722132086753845,False,0.009457783110372169,0.01091219235958119,0.008003373861163147,0.00015723840992638442,1.0
531,0.125,3,0.1840452901031302,0.003901923596897493,5.043567180633545,True,0.07417058219108195,0.013081006956905164,0.13526015742525874,0.00015706403875362176,1.0
532,0.125,2,0.1792416164711208,0.0034559732776546347,0.11611733585596085,False,0.008362037428555291,0.007174820902802472,0.009549253954308109,0.000156889411167665,1.0
533,0.25,3,0.18471490409848074,0.0040076065659922794,3.805600881576538,True,0.06157566649097028,0.007950416944621464,0.11520091603731909,0.0001567145279671868,1.0
534,0.25,5,0.18956248923264518,0.004237318832650131,9.984770774841309,True,0.055462525077716464,0.009529055372367635,0.1013959947830653,0.00015653938995202905,1.0
535,0.25,2,0.19384248319498307,0.0032978599218547295,0.18661615252494812,False,0.004115339261980335,0.008132504406547138,9.817411741353225e-05,0.00015636399792319882,1.0
536,0.25,4,0.1984701129229039,0.0032286075749844716,0.2456502616405487,False,0.013215563831033554,0.008917020017499942,0.017514107644567165,0.00015618835268286512,1.0
537,0.375,6,0.21167078768018968,0.0037195583986970294,3.335057258605957,True,0.039164638023041355,0.006553020585980117,0.07177625546010259,0.00015601245503435492,1.0
538,0.125,2,0.20473289779128376,0.003867816472182608,0.6823186874389648,False,0.010108794681068248,0.014766614430111926,0.005450974932024569,0.00015583630578214962,1.0
539,0.125,2,0.19852215531176073,0.0046687354330320055,3.8796355724334717,True,0.036408073681382436,0.013363670039094316,0.05945247732367055,0.00015565990573188147,1.0
540,0.375,4,0.21220691901939265,0.005321209646633527,9.590296745300293,True,0.08004272754212197,0.013300375300603288,0.14678507978364064,0.00015548325569032963,1.0
541,0.0,0,0.19581280864603987,0.00549496389727567,2.260335922241211,True,0.021730229172194748,0.02401014861602827,0.019450309728361228,0.0001553063564654166,1.0
542,0.375,6,0.20960599187317283,0.0055954150963634566,1.0569130182266235,True,0.00891760582913538,0.0174927718445874,0.0003424398136833591,0.00015512920886620466,1.0
543,0.25,3,0.21321381692127198,0.003557717114454999,1.545224666595459,True,0.011785831676328342,0.023454711551118862,0.00011695180153782218,0.000154951813702892,1.0
544,0.0,1,0.1967419183428296,0.005310163239095325,4.865901947021484,True,0.01696872782820144,0.033516911473713495,0.0004205441826893848,0.00015477417178680895,1.0
545,0.125,2,0.1910524618214171,0.004252813587363133,0.16766135394573212,False,0.01137825646656043,0.022756512916953617,1.616724592697423e-11,0.00015459628393041456,1.0
546,0.125,2,0.1860936455031054,0.004067946775166348,0.557992160320282,False,0.01518265521906461,0.0257251255233196,0.004640184914809619,0.00015441815094729256,1.0
547,0.375,3,0.2004523790278206,0.005181069863621197,4.201513290405273,True,0.7770329271291975,0.024775761619418593,1.5292900926389763,0.00015423977365214796,1.0
548,0.625,4,0.23301272470545584,0.008839386603162932,0.5348500609397888,False,0.014919407821232368,0.011468036972050271,0.018370778670414464,0.00015406115286080294,1.0
549,0.0,1,0.21501125545615288,0.006025299914233025,0.19341522455215454,False,0.013304854594474638,0.026609703606152498,5.582796778119454e-09,0.00015388228939019344,1.0
550,0.125,2,0.20810348521445124,0.0044349918688540565,0.482875794172287,False,0.018299314918320413,0.03546003309117393,0.001138596745466895,0.00015370318405836535,1.0
551,0.625,5,0.24036290095166393,0.007985389521651004,6.62617826461792,True,0.14271039904239322,0.010620334077961417,0.274800464006825,0.00015352383768447067,1.0
552,0.125,3,0.23139955169045157,0.00460769124277852,0.244211345911026,False,0.00914362951785624,0.016781828926856545,0.0015054301088559322,0.0001533442510887638,1.0
553,0.25,3,0.23284336209443338,0.004256728465873452,0.29731500148773193,False,0.005786215457976926,0.011572018009339607,4.1290661424519683e-07,0.0001531644250925979,1.0
554,0.25,5,0.23407077849940747,0.003367454990465216,5.982929229736328,True,0.008266442800426991,0.016493750553087674,3.913504776630778e-05,0.00015298436051842097,1.0
555,0.125,2,0.2256905589809411,0.003667005351246629,0.2705548107624054,False,0.009498039647321066,0.015289352838926781,0.003706726455715352,0.00015280405818977218,1.0
556,0.375,4,0.23679122085521487,0.004680489538150956,2.3801684379577637,True,0.014676360382219124,0.01300853377462954,0.016344186989808707,0.00015262351893127814,1.0
557,0.125,1,0.2284978427312594,0.004560985137176141,1.2034178972244263,True,0.02095126405674895,0.015856916359758666,0.026045611753739237,0.00015244274356864898,1.0
558,0.125,3,0.2202599735625049,0.004658835782137583,2.7577579021453857,True,0.02701056830059549,0.023441180328953908,0.030579956272237075,0.00015226173292867478,1.0
559,0.125,2,0.21294671199963533,0.0031637204224492445,0.3848119080066681,False,0.017498214562816715,0.029688802291207836,0.005307626834425591,0.0001520804878392216,1.0
560,0.375,6,0.22541909217260372,0.005286441231395045,1.9455474615097046,True,0.018925879267843296,0.032844271725331234,0.005007486810355357,0.00015189900912922783,1.0
561,0.25,4,0.22760726132502837,0.0038447710825284063,0.7936225533485413,False,0.016149748993136464,0.022724681808065136,0.009574816178207792,0.00015171729762870027,1.0
562,0.25,4,0.22923628329993906,0.0044505741489356205,1.098872423171997,True,0.01550310645946126,0.021856916109540922,0.009149296809381598,0.00015153535416871048,1.0
563,0.125,2,0.22084721766446433,0.0037981397480274124,0.5540436506271362,False,0.017932981794556116,0.035721113614855554,0.00014484997425668082,0.0001513531795813908,1.0
564,0.125,2,0.21329549887805246,0.0037637085491018605,4.938579082489014,True,0.09378218867455233,0.022051668150995664,0.165512709198109,0.00015117077469993084,1.0
565,0.125,2,0.2066182899350793,0.0033967667933376125,0.43672099709510803,False,0.012599686966106027,0.025185500422005513,1.3873510206539761e-05,0.00015098814035857325,1.0
566,0.125,2,0.20007073230337416,0.003857982960966913,0.8061642646789551,False,0.023168845712391507,0.04124233608004327,0.00509535534473975,0.00015080527739261027,1.0
567,0.0,0,0.1846142067432472,0.00483127793924685,0.3190622329711914,False,0.015705522965471102,0.031283019931803074,0.00012802599913913003,0.0001506221866383798,1.0
568,0.5,6,0.20868829386642043,0.006981248165625943,1.6324797868728638,True,0.009295531476113048,0.00858075100574965,0.010010311946476443,0.00015043886893326142,1.0
569,0.25,3,0.2122690059544541,0.003432503907978744,1.848497748374939,True,0.010278043606656424,0.012018069665822636,0.008538017547490211,0.00015025532511567276,1.0
570,0.375,5,0.22469480102897113,0.005531439421069718,2.5098860263824463,True,0.05395489497505684,0.006768631974891721,0.10114115797522195,0.00015007155602506564,1.0
571,0.375,4,0.23577244959309013,0.003935986383258101,11.477094650268555,True,0.9311428374244507,0.005339111389242216,1.8569465634596591,0.00014988756250192207,1.0
572,0.125,2,0.22697257844830815,0.00496759271688922,0.0892733559012413,False,0.005731503462416424,0.01146300642755612,4.972767276237759e-10,0.00014970334538775063,1.0
573,0.25,2,0.22836244453681123,0.002955600826581288,0.17188936471939087,False,0.008786068132794944,0.016910246628274735,0.0006618896373151539,0.00014951890552508242,1.0
574,0.25,4,0.23003113460193272,0.0032840971505355703,4.697928428649902,True,0.011338521416879497,0.01992737293111237,0.0027496699026466256,0.00014933424375746743,1.0
575,0.125,1,0.22226000900716816,0.004428236075772539,2.321134090423584,True,0.013123290190789602,0.015859174154670874,0.010387406226908329,0.00014914936092947034,1.0
576,0.125,3,0.21489024409486615,0.0042691040116524396,0.15706346929073334,False,0.01183056903321135,0.023661138065810407,6.12292143787612e-13,0.00014896425788666706,1.0
577,0.375,3,0.22789182262285845,0.004079879746465948,8.716609001159668,True,0.06193608981260483,0.02294255744517528,0.10092962218003437,0.0001487789354756406,1.0
578,0.25,2,0.23018597022875129,0.003470530230855709,2.240065574645996,True,0.013398066530942736,0.02634564825028847,0.0004504848115970029,0.0001485933945439772,1.0
579,0.0,1,0.2124028827603234,0.005790035602394062,0.18651045858860016,False,0.012968882666858165,0.024046126801337636,0.0018916385323786947,0.0001484076359402626,1.0
580,0.25,4,0.21530843464229393,0.003799194655989117,0.11130319535732269,False,0.00808268267256291,0.015724096878819965,0.0004412684663058556,0.00014822166051407814,1.0
581,0.125,2,0.20857471573175732,0.0033008091829110076,0.18245725333690643,False,0.010873529836820025,0.021718124664684604,2.8935008955443724e-05,0.0001480354691159967,1.0
582,0.25,3,0.21178186581236064,0.002969095570101484,0.662697970867157,False,0.019633700407987228,0.014483364709729883,0.024784036106244575,0.00014784906259757892,1.0
583,0.0,1,0.1954205930544015,0.005397073004664262,0.14214260876178741,False,0.01480355785302102,0.02915623512996811,0.00045088057607393396,0.00014766244181136937,1.0
584,0.125,2,0.18973811691691664,0.004489614171899355,0.1292465329170227,False,0.0068315011191157245,0.012835414747721189,0.0008275874905102595,0.00014747560761089264,1.0
585,0.125,2,0.18478283071582924,0.003501129606392012,0.6654818058013916,False,0.007031810340175109,0.012321440541560317,0.0017421801387899007,0.00014728856085064918,1.0
586,0.0,0,0.17050737666440394,0.005298390928518233,0.6969383358955383,False,0.01075753542579533,0.010359030132990476,0.011156040718600184,0.00014710130238611188,1.0
587,0.25,4,0.1769377671779017,0.004339450003571861,0.7924896478652954,False,0.015449626411268938,0.006209779405190286,0.02468947341734759,0.00014691383307372164,1.0
588,0.625,7,0.21160292988540128,0.008259680375212563,9.209840774536133,True,0.004157093346203341,0.006263780881532402,0.002050405810874279,0.00014672615377088382,1.0
589,0.25,4,0.2147653813761572,0.0037134467878145072,0.5253936052322388,False,0.005208061072289906,0.008126173706903526,0.0022899484376762854,0.00014653826533596415,1.0
590,0.0,1,0.19817361621163787,0.006083176777529843,1.9431931972503662,True,0.021544941720506847,0.006420932547945599,0.0366689508930681,0.00014635016862828484,1.0
591,0.0,0,0.1828636529348837,0.005021709140409119,10.580191612243652,True,0.22279281324538436,0.009841722353110042,0.4357439041376587,0.00014616186450812062,1.0
592,0.25,3,0.18843945554937255,0.0031401792632354177,8.663992881774902,True,0.0075719085612578774,0.007379891769596244,0.007763925352919512,0.00014597335383669492,1.0
593,0.25,5,0.1933874679290694,0.003770652082074994,34.152217864990234,True,0.39932567932188445,0.009260162857842669,0.7893911957859262,0.00014578463747617575,1.0
594,0.125,2,0.18834726000039834,0.004407862988483889,0.30434173345565796,False,0.032080829523994804,0.014593926965951654,0.04956773208203795,0.00014559571628967194,1.0
595,0.0,0,0.17379643487540355,0.006122976839815516,0.22544223070144653,False,0.013279903965386428,0.025525037769221694,0.0010347701615511632,0.00014540659114122906,1.0
596,0.125,2,0.16987963869076614,0.0035252436397883195,0.38993847370147705,False,0.017904128053800632,0.03578588090012354,2.2375207477726418e-05,0.0001452172628958255,1.0
597,0.125,2,0.16617033678724644,0.004188834058869741,1.1520133018493652,True,0.037421747781780604,0.03748851347894453,0.03735498208461668,0.00014502773241936858,1.0
598,0.25,4,0.17235355823574228,0.0036753061400758816,1.8466302156448364,True,0.00845005736379452,0.016258717276074145,0.0006413974515148922,0.00014483800057869052,1.0
599,0.125,2,0.1687413214278048,0.0034777091839714104,0.17422832548618317,False,0.010512735214697266,0.019761472554018226,0.0012639978753763064,0.00014464806824154446,1.0
600,0.0,0,0.15570515907826318,0.00486997710263492,0.2818291187286377,False,0.009238429453806752,0.01550223257560306,0.0029746263320104454,0.0001444579362766006,1.0
601,0.125,2,0.15347710943452267,0.0029791027020674462,0.4566980302333832,False,0.023991242347175392,0.03158900034007569,0.016393484354275095,0.00014426760555344206,1.0
602,0.125,2,0.15103498994084907,0.004239269098976609,3.5238380432128906,True,0.021131820689321637,0.01672129429155075,0.02554234708709252,0.00014407707694256102,1.0
603,0.0,0,0.13936673564089277,0.003620394928807407,2.023036241531372,True,0.009494001418148365,0.012177362108869383,0.006810640727427348,0.00014388635131535487,1.0
604,0.25,4,0.1474304698704422,0.004254808852183944,1.0563218593597412,True,0.011499013232096195,0.014655392627383235,0.008342633836809154,0.00014369542954412181,1.0
605,0.25,4,0.15535548536397586,0.004214863441920621,4.137969017028809,True,0.025216650758158845,0.014503907605655763,0.035929393910661925,0.0001435043125020573,1.0
606,0.25,4,0.16257410334895306,0.004268470925503149,1.8242048025131226,True,0.007273770370310731,0.014536523400311736,1.1017340309725674e-05,0.00014331300106324978,1.0
607,0.375,3,0.17923504479569272,0.005593381940217115,2.8199403285980225,True,0.011078366666978642,0.013134280264971264,0.00902245306898602,0.0001431214961026769,1.0
608,0.125,3,0.17509117664077606,0.0036410458542167237,0.46075794100761414,False,0.010646031943755296,0.016677046435022606,0.004615017452487985,0.00014292979849620132,1.0
609,0.125,2,0.1713654542864179,0.004026627173838554,0.42636796832084656,False,0.012776027187513401,0.016461896065069304,0.009090158309957498,0.00014273790912056676,1.0
610,0.125,2,0.16782955375102238,0.004876989495936272,0.9765427112579346,False,0.007254134470892227,0.01444131862304724,6.695031873721422e-05,0.00014254582885339407,1.0
611,0.25,2,0.17397969089096135,0.0035515616063687156,3.0060107707977295,True,0.0031974073506667515,0.005794694236964167,0.0006001204643693362,0.00014235355857317712,1.0
612,0.25,2,0.18023983670784416,0.003526267899246686,0.07958795875310898,False,0.009795218028203562,0.006702815839061883,0.012887620217345241,0.00014216109915927877,1.0
613,0.25,4,0.18553115454072786,0.0033346551280324867,0.25835132598876953,False,0.00369536773004608,0.006922396797260294,0.0004683386628318663,0.00014196845149192706,1.0
614,0.375,4,0.19992164009755317,0.005645348427806224,0.03782334178686142,False,0.003038516205248696,0.006077032171268294,2.392290971502548e-10,0.00014177561645221083,1.0
615,0.125,2,0.19389143419535532,0.0038600994353419063,2.485917091369629,True,0.03663865832723841,0.008710913795647536,0.06456640285882928,0.00014158259492207603,1.0
616,0.375,4,0.20744874717186426,0.004063394111134213,0.6036538481712341,False,0.003587467160769984,0.006333754421244796,0.000841179900295173,0.0001413893877843214,1.0
617,0.25,4,0.21092819091855675,0.003032847560548258,4.202762603759766,True,0.09230543191477297,0.010617140954773093,0.17399372287477285,0.00014119599592259474,1.0
618,0.0,0,0.1946328690753776,0.004899845137379689,0.13361409306526184,False,0.011321294299226466,0.022278439522437195,0.00036414907601573556,0.00014100242022138855,1.0
619,0.0,0,0.17959644730058866,0.003485821008969809,0.328071653842926,False,0.011357498889398071,0.016407950538847756,0.006307047239948387,0.0001408086615660362,1.0
620,0.125,2,0.1750423223637917,0.006458504281354926,0.08585520833730698,False,0.006839898594401282,0.013645801291042346,3.399589776021883e-05,0.00014061472084270777,1.0
621,0.25,2,0.18122037426153043,0.004151110655812643,1.9073164463043213,True,0.04446308962043741,0.018196500809895592,0.07072967843097923,0.00014042059893840616,1.0
622,0.25,2,0.18633599947106919,0.003547672513852636,0.12686268985271454,False,0.007899128270949629,0.015798252228613637,4.313285619719808e-09,0.00014022629674096274,1.0
623,0.5,4,0.21056625688586286,0.0055731846601814695,1.8320863246917725,True,0.006083491524075517,0.012050214204585285,0.00011676884356574967,0.00014003181513903365,1.0
624,0.5,5,0.23264031144005637,0.005655334594941358,4.973745346069336,True,0.0072826030900071765,0.012760576491390138,0.0018046296886242148,0.00013983715502209542,1.0
625,0.125,3,0.224567613091371,0.0040392328495914434,1.1951382160186768,True,0.06787982847835293,0.04114340221461719,0.09461625474208867,0.00013964231728044103,1.0
626,0.125,2,0.21711857352040453,0.0031088522823104637,0.14118914306163788,False,0.014286934071405305,0.028056512345040974,0.0005173557977696349,0.00013944730280517593,1.0
627,0.25,4,0.2199480017777116,0.004076956497935964,2.854888677597046,True,0.023234822203749006,0.025151458020913973,0.021318186386584042,0.00013925211248821384,1.0
628,0.125,2,0.21285585169040613,0.0035908251171582217,0.20526857674121857,False,0.01713844373380913,0.03420537080014249,7.151666747577203e-05,0.0001390567472222726,1.0
629,0.375,3,0.2259155978252585,0.004278785729933596,0.2352728694677353,False,0.01201948332029176,0.024038849776337887,1.1686424563028023e-07,0.00013886120790087034,1.0
630,0.125,3,0.21836241928176905,0.0034914010829721143,0.12803496420383453,False,0.010752104475703975,0.02150420887750902,7.389892984386057e-11,0.00013866549541832122,1.0
631,0.0,0,0.20149276385469733,0.003905750568936582,0.34033799171447754,False,0.04269417294635643,0.04997863540528834,0.03540971048742453,0.00013846961066973129,1.0
632,0.125,2,0.19582637881253978,0.0029943537882629262,0.09905946999788284,False,0.006938358391611162,0.01384288596663004,3.3830816592283064e-05,0.00013827355455099452,1.0
633,0.25,2,0.20020174207830313,0.003035214699140397,0.0708935409784317,False,0.005278102941385554,0.010552069703926246,4.136178844862329e-06,0.00013807732795878864,1.0
634,0.5,7,0.22355685691199112,0.006402765907131468,23.45244789123535,True,0.5019716155019289,0.009428335749169328,0.9945148952546886,0.0001378809317905711,1.0
635,0.25,4,0.22598889361852154,0.00395787884420383,0.9443244934082031,False,0.032934566878589054,0.011086197419906194,0.054782936337271916,0.00013768436694457488,1.0
636,0.125,1,0.21785070606519627,0.005705646397444961,1.1400116682052612,True,0.018450136211235847,0.01837062037283763,0.018529652049634065,0.0001374876343198044,1.0
637,0.5,5,0.2399374437980362,0.005856223621462087,0.6100655794143677,False,0.008140746845952736,0.008680335251932764,0.007601158439972707,0.0001372907348160315,1.0
638,0.25,3,0.24042464673830505,0.0031463994659223487,1.1032460927963257,True,0.019769303387009447,0.01005398064752131,0.029484626126497583,0.00013709366933379113,1.0
639,0.25,4,0.24087132878148793,0.0032875696770224283,0.1927933245897293,False,0.01016889788890911,0.016894364337948144,0.003443431439870075,0.00013689643877437747,1.0
640,0.375,6,0.25118350226693115,0.00412421450691409,1.5140135288238525,True,0.06824942792553677,0.013402349892089101,0.12309650595898444,0.0001366990440398397,1.0
641,0.125,2,0.24148123404463412,0.004859444868443064,2.231417655944824,True,0.015202521759107046,0.02946183767481895,0.0009432058433951442,0.00013650148603297775,1.0
642,0.0,0,0.22282552751859297,0.005295934840628971,0.15630222856998444,False,0.016204810464670656,0.0320401157469383,0.000369505182403016,0.00013630376565733845,1.0
643,0.125,2,0.21551107330088415,0.004439631283844445,1.4532477855682373,True,0.019807320991283774,0.030033553481441645,0.009581088501125903,0.00013610588381721104,1.0
644,0.25,1,0.21876169947885746,0.003787300001533179,0.2530761957168579,False,0.016510611338243466,0.03260025170803489,0.0004209709684520394,0.0001359078414176234,1.0
645,0.25,3,0.2206917515162207,0.0045030916005370444,1.3228343725204468,True,0.014442488339805382,0.028816994868046897,6.798181156386537e-05,0.0001357096393643377,1.0
646,0.125,2,0.2131520433145975,0.004031912435549407,2.437380313873291,True,0.03891185040314758,0.028368719530762525,0.04945498127553263,0.00013551127856384622,1.0
647,0.25,2,0.215609619068025,0.0038576494489594277,2.5772221088409424,True,0.017407803422610883,0.03478170164204277,3.390520317899522e-05,0.0001353127599233674,1.0
648,0.125,1,0.208952632062645,0.004644841645446023,0.38682177662849426,False,0.013627459130992283,0.027130244152709707,0.00012467410927485663,0.00013511408435084145,1.0
649,0.0,1,0.19280993262255497,0.005089917994390238,0.6789692044258118,False,0.015526819549258547,0.026936831075062558,0.004116808023454536,0.00013491525275492646,1.0
650,0.125,1,0.18791434236046733,0.004951749557664724,0.5667164921760559,False,0.014530201362334532,0.0290595261620182,8.765626508632778e-07,0.00013471626604499398,1.0
651,0.0,1,0.173396962420033,0.005117926629881745,0.7778012156486511,False,0.01521783743373455,0.029041889197867255,0.0013937856696018428,0.00013451712513112504,1.0
652,0.375,5,0.18921692859701295,0.005699234229886956,1.5859178304672241,True,0.012069955554372732,0.020403310341032602,0.0037366007677128612,0.0001343178309241059,1.0
653,0.0,1,0.17459891695884028,0.004602720816974043,0.16461580991744995,False,0.008076432845170478,0.012574136598146211,0.0035787290921947467,0.00013411838433542402,1.0
654,0.125,2,0.17101022427663087,0.0034688337072996452,2.304814338684082,True,0.012642003544228807,0.01024204804157955,0.015041959046878065,0.0001339187862772637,1.0
655,0.125,1,0.16779877714418984,0.0036023138541294466,0.19417816400527954,False,0.004980031137151665,0.009344435797029845,0.0006156264772734854,0.0001337190376625019,1.0
656,0.0,1,0.15483543134129407,0.004577001420808548,0.3779732882976532,False,0.0171259190201655,0.008140823981853292,0.02611101405847771,0.00013351913940470443,1.0
657,0.125,2,0.15228837427364764,0.0033544872822675034,0.2683468759059906,False,0.0532410418794276,0.009391932866992499,0.09709015089186271,0.0001333190924181213,1.0
658,0.125,1,0.15052328938406173,0.0032960498172124883,0.06693793088197708,False,0.003454437643473982,0.0060775059847904276,0.000831369302157536,0.00013311889761768273,1.0
659,0.375,3,0.16829855666698146,0.005226155697394782,2.5295279026031494,True,0.008424735721439479,0.005003198710849015,0.011846272732029942,0.0001329185559189951,1.0
660,0.125,2,0.16490256034433376,0.003523320741677212,3.65627384185791,True,0.025011660767133157,0.003697796847633482,0.046325524686632834,0.00013271806823833657,1.0
661,0.0,0,0.1521629626553139,0.004930469724662085,0.5670302510261536,False,0.005698648802458727,0.007273079497812448,0.004124218107105004,0.000132517435492653,1.0
662,0.375,5,0.16971846697762466,0.004633564976695032,3.8343377113342285,True,0.5226387304570804,0.005700506089707549,1.0395769548244533,0.00013231665859955364,1.0
663,0.25,1,0.17534226992312324,0.0033458332742902605,24.1680908203125,True,0.3374450172498442,0.007875254504115957,0.6670147799955725,0.00013211573847730703,1.0
664,0.125,2,0.17149913928051022,0.00300275483178273,2.2954251766204834,True,0.0176765604282572,0.007055413258355324,0.02829770759815908,0.0001319146760448369,1.0
665,0.5,6,0.19687753444911568,0.006982549332278285,0.5649222731590271,False,0.003997261990203952,0.0079945127028773,1.1277530603390323e-08,0.0001317134722217177,1.0
666,0.0,0,0.18166770036497154,0.004367684684811641,0.2591862678527832,False,0.013828171524941233,0.02681134400000736,0.0008449990498751073,0.00013151212792817055,1.0
667,0.25,4,0.18723589666069862,0.0032497845581612125,1.082601547241211,True,0.0053788666544225365,0.009562101999389233,0.0011956313094558405,0.00013131064408505912,1.0
668,0.125,2,0.18257193025011398,0.004944318853046212,1.0580878257751465,True,0.02491303702648684,0.04496696858589763,0.004859105467076046,0.00013110902161388524,1.0
669,0.0,0,0.16846727998975697,0.004869981927107804,0.10025817155838013,False,0.006301021051037033,0.01260177893761791,2.6316445615590065e-07,0.00013090726143678483,1.0
670,0.375,3,0.18495627879525114,0.004978666861698591,1.9844809770584106,True,0.0036978513577771103,0.007295009409203,0.0001006933063512199,0.00013070536447652356,1.0
671,0.125,2,0.18066742495944924,0.0037209777902142897,1.330223560333252,True,0.012415311729670935,0.02285101066720946,0.0019796127921324104,0.00013050333165649268,1.0
672,0.125,3,0.17621980833628617,0.0031195123923236675,0.3144557476043701,False,0.008561098478897342,0.016711586800260976,0.0004106101575337076,0.00013030116390070487,1.0
673,0.25,4,0.18191679369441305,0.003169218737320814,2.6561362743377686,True,0.019975900656283532,0.01743555642317607,0.022516244889390996,0.0001300988621337899,1.0
674,0.125,2,0.17776275620885812,0.003353950239885604,1.3968521356582642,True,0.013057143512001056,0.013560716925111993,0.01255357009889012,0.0001298964272809905,1.0
675,0.125,2,0.17363560025860766,0.0029434274364640188,1.4543662071228027,True,0.008101252456697608,0.01599031664389233,0.00021218826950288855,0.00012969386026815799,1.0
676,0.375,5,0.18943713039644744,0.004611973782078503,0.18670754134655,False,0.006466237424698021,0.01292342537623895,9.049473157092878e-06,0.00012949116202174815,1.0
677,0.25,4,0.19440806710097197,0.003914342604826101,2.2461044788360596,True,0.010168852615779265,0.01940215046510409,0.000935554766454441,0.0001292883334688171,1.0
678,0.375,6,0.208604813965419,0.0048273641482603335,12.969459533691406,True,1.2773367564820122,0.009276523365421,2.5453969895986033,0.0001290853755370168,1.0
679,0.375,3,0.2215989354187137,0.0035916964784354385,6.76563835144043,True,0.299393044620336,0.01231574802863389,0.5864703412120381,0.00012888228915459095,1.0
680,0.375,3,0.2336998954275633,0.0040874719294979375,0.14980360865592957,False,0.0056521884772351245,0.011210277971622041,9.409898284820752e-05,0.00012867907525037072,1.0
681,0.5,2,0.2546669920732137,0.006416058993142751,9.726856231689453,True,0.052324049368537504,0.009093459017275912,0.09555463971979909,0.0001284757347537706,1.0
682,0.375,5,0.264203516280475,0.004098464282621784,0.6831427812576294,False,0.012983660325168872,0.014897448691011268,0.011069871959326474,0.00012827226859478391,1.0
683,0.125,2,0.2532071943910189,0.004613613889345281,1.8024358749389648,True,0.042956468536564554,0.03276757152693178,0.05314536554619732,0.0001280686777039788,1.0
684,0.5,5,0.2724722087943616,0.00485154220053858,1.393288493156433,True,0.021978971106010114,0.03909449580295342,0.004863446409066809,0.000127864963012494,1.0
685,0.125,3,0.2612232850440537,0.003808929618283682,0.27093660831451416,False,0.01602862709521033,0.03090396342553575,0.0011532907648849134,0.0001276611254520341,1.0
686,0.25,2,0.2599671023284427,0.002626679132598561,1.6167112588882446,True,0.010571570937575395,0.021138750686054655,4.391189096135675e-06,0.00012745716595486602,1.0
687,0.0,0,0.23988326439937066,0.006018798664245589,1.5574501752853394,True,0.04356038016036413,0.04833219526455872,0.03878856505616954,0.0001272530854538142,1.0
688,0.25,3,0.24105399950656925,0.0031622983325502794,2.7279958724975586,True,0.017192235356704957,0.01960018452545767,0.014784286187952241,0.0001270488848822564,1.0
689,0.25,5,0.24183825921531726,0.0030989636270341105,8.8690767288208,True,0.014169341394553142,0.02829496253927329,4.372024983299544e-05,0.00012684456517411978,1.0
690,0.125,2,0.233054970600618,0.0030876742062390587,0.22338320314884186,False,0.011156258581530376,0.02220346007299599,0.0001090570900647636,0.00012664012726387616,1.0
691,0.0,0,0.21505023763177514,0.00509432227417814,0.6598289012908936,False,0.0078621394237133,0.015663319103077427,6.095974434917233e-05,0.00012643557208653813,1.0
692,0.125,2,0.20794636630918398,0.0038028337926884637,1.13300359249115,True,0.01654977154840711,0.015582653103836358,0.01751688999297786,0.0001262309005776544,1.0
693,0.125,2,0.2013913067363643,0.0033916182778919095,0.5783339142799377,False,0.010226825113895277,0.01368185718535785,0.006771793042432706,0.000126026113673306,1.0
694,0.125,2,0.19515341327395594,0.003200189744559538,0.7216622829437256,False,0.04057679084403539,0.010231858808266232,0.07092172287980456,0.0001258212123101015,1.0
695,0.125,2,0.189397430177112,0.002801538892999093,0.3017171323299408,False,0.010845742381106634,0.01766464192646764,0.004026842835745628,0.00012561619742517305,1.0
696,0.25,3,0.19427537433321257,0.003195956037250075,1.0290067195892334,True,0.028095222325322678,0.018881778143502614,0.03730866650714274,0.00012541106995617204,1.0
697,0.375,6,0.20828733251798007,0.003832566984598165,2.818265914916992,True,0.03909224303571929,0.011258818924739794,0.06692566714669879,0.00012520583084126472,1.0
698,0.25,3,0.21170002099751012,0.002594407041784973,0.10920177400112152,False,0.005628603285521266,0.010605151717124497,0.0006520548539180348,0.00012500048101912793,1.0
699,0.25,2,0.21446093178473175,0.0037501520635565295,1.84771728515625,True,0.011706736309711146,0.008879134767799276,0.014534337851623017,0.0001247950214289449,1.0
700,0.25,3,0.2173074884604393,0.0026572318720431923,1.028516173362732,True,0.014197997062464005,0.01630109795295294,0.01209489617197507,0.00012458945301040093,1.0
701,0.25,3,0.22022033203632685,0.002348381027465214,1.0193560123443604,True,0.006532426752834791,0.0129407246371115,0.00012412886855808175,0.0001243837767036789,1.0
702,0.0,0,0.2032071429916755,0.004730224158291053,0.16653262078762054,False,0.00809501384953316,0.015082754816535171,0.0011072728825311491,0.00012417799344945532,1.0
703,0.125,2,0.19711427316542426,0.0027709699410373443,0.2048502117395401,False,0.022369717919348005,0.01969165174952619,0.025047784089169817,0.00012397210418889563,1.0
704,0.5,5,0.2207107932384809,0.005737391188704902,5.218006134033203,True,0.02557920061783632,0.008500476631222364,0.042657924604450274,0.0001237661098636503,1.0
705,0.125,3,0.21336270346378589,0.0033883773013836916,0.47035062313079834,False,0.0069590642761090185,0.01383193679364098,8.619175857705717e-05,0.0001235600114158501,1.0
706,0.0,0,0.19687930261000602,0.005141071648689929,0.12141004949808121,False,0.009058379228412872,0.01809389624857999,2.2862208245753394e-05,0.00012335380978810228,1.0
707,0.125,2,0.191275292026052,0.003487269244761413,0.08874889463186264,False,0.010967914034106442,0.011484525987496285,0.010451302080716597,0.00012314750592348574,1.0
708,0.0,0,0.1764982608921905,0.006075890362919973,0.5269502997398376,False,0.012492858955608381,0.01981154984099782,0.005174168070218942,0.0001229411007655471,1.0
709,0.25,4,0.1821776353080337,0.003766708619998555,0.04935616999864578,False,0.0027817769118655415,0.0055635538231748605,5.562224551261908e-13,0.00012273459525829626,1.0
710,0.375,4,0.19673305000298252,0.0043801863716664054,9.392366409301758,True,0.366623018068853,0.010465209148189603,0.7227808269895164,0.00012252799034620206,1.0
711,0.625,5,0.22948272358095476,0.007033383817596832,9.769058227539062,True,0.0905419512442773,0.006304721470246278,0.17477918101830833,0.0001223212869741879,1.0
712,0.375,7,0.24067472724120495,0.004037548891488996,3.133639097213745,True,0.06199918161986703,0.012528547168396874,0.1114698160713372,0.00012211448608762755,1.0
713,0.25,3,0.24159122814370868,0.0029781769509352354,0.219426229596138,False,0.005533879349589364,0.008558997943036793,0.002508760756141934,0.00012190758863234082,1.0
714,0.125,3,0.2327280239899324,0.004686413308340788,0.422991544008255,False,0.011640539663621633,0.023170331681087165,0.000110747646156103,0.0001217005955545891,1.0
715,0.0,0,0.21474854938140378,0.005669746661976978,0.08658260107040405,False,0.004335262686113358,0.0085227259017367,0.00014779947049001807,0.00012149350780107121,1.0
716,0.5,3,0.23746504467778257,0.006253347331394116,0.46738582849502563,False,0.008935522399028468,0.00845677197039179,0.009414272827665144,0.00012128632631891883,1.0
717,0.25,2,0.23901961008851288,0.0029052441642933792,1.8588950634002686,True,0.024476270931338494,0.00786223094031423,0.04109031092236276,0.0001210790520556925,1.0
718,0.25,3,0.2393846310514753,0.0030591404058733906,2.455871343612671,True,0.15456257976714274,0.008968497548159501,0.300156661986126,0.00012087168595937695,1.0
719,0.25,3,0.24040079872933398,0.0027251898819017984,1.3635914325714111,True,0.14501572075655214,0.009759530431340728,0.2802719110817636,0.00012066422897837697,1.0
720,0.125,3,0.2315315515637272,0.003802672088544637,1.7712613344192505,True,0.07419423786318692,0.013271835179957812,0.13511664054641603,0.00012045668206151308,1.0
721,0.125,2,0.22344551079809366,0.0029200985391171237,0.1815025806427002,False,0.008646989173983216,0.016901130654596405,0.00039284769337002545,0.00012024904615801702,1.0
722,0.25,3,0.22559796107668748,0.0025983046152229243,5.451444149017334,True,0.015238912883752806,0.02324870527428827,0.0072291204932173414,0.0001200413222175276,1.0
723,0.25,5,0.22719008325127982,0.002872971247407228,0.5860125422477722,False,0.016803364568511735,0.025429076569978358,0.008177652567045115,0.0001198335111900862,1.0
724,0.25,2,0.2293394439467559,0.004136523966747118,24.012958526611328,True,0.5313500720720458,0.03216729767766873,1.0305328464664227,0.00011962561402613257,1.0
725,0.375,4,0.2409287152249184,0.004847891214020835,0.6406767964363098,False,0.02244351911595925,0.04022507489823198,0.004661963333686519,0.00011941763167650036,1.0
726,0.5,6,0.2604581087822086,0.004854282122253941,0.44460976123809814,False,0.016784780213105806,0.03073252252845176,0.002837037897759854,0.00011920956509241288,1.0
727,0.125,2,0.250039327999513,0.00331081116850493,0.19180598855018616,False,0.015405902187823154,0.030811232062891315,5.723127549913697e-07,0.00011900141522547863,1.0
728,0.0,0,0.23072246330987312,0.005736232083022353,0.5890130400657654,False,0.02210725189114574,0.043500275413359,0.0007142283689324761,0.00011879318302768705,1.0
729,0.125,2,0.22231273039853588,0.0032951616489576246,4.4003005027771,True,0.014229600554056119,0.02824846277184093,0.0002107383362713063,0.00011858486945140408,1.0
730,0.125,2,0.2148408824790336,0.0034975008915529055,0.1272287219762802,False,0.011942190760680987,0.023884363449537937,1.8071824036153323e-08,0.00011837647544936797,1.0
731,0.125,2,0.20784924455374051,0.0035296895788123244,5.120129585266113,True,0.007956240196409295,0.015764611338856694,0.00014786905396189747,0.0001181680019746846,1.0
732,0.125,2,0.20149477765281534,0.0035805385388624064,0.3253410756587982,False,0.011474129135674192,0.02294596404788561,2.2942234627734463e-06,0.00011795944998082357,1.0
733,0.25,4,0.20485485061313866,0.003852334844589068,0.3629007339477539,False,0.006472360106287738,0.00939573307939639,0.0035489871331790854,0.0001177508204216134,1.0
734,0.375,5,0.21833962703009785,0.004632835861092211,3.037569284439087,True,0.01571003425972388,0.005985417726810717,0.02543465079263704,0.00011754211425123744,1.0
735,0.125,1,0.21079238590446356,0.0034556868156032103,1.826557993888855,True,0.03467274563868505,0.013354004214041164,0.055991487063328925,0.00011733333242422939,1.0
736,0.375,5,0.2239145158191465,0.004140137814711522,1.6164792776107788,True,0.01162124517633114,0.004417963799633431,0.01882452655302885,0.00011712447589546904,1.0
737,0.25,3,0.22554063347052403,0.0027993991011825703,10.771146774291992,True,0.026084342432610055,0.006319165315343279,0.04584951954987683,0.00011691554562017777,1.0
738,0.25,3,0.22762632341183822,0.003356027860554045,0.992821455001831,False,0.016927313345450303,0.0068390179309536,0.027015608759947008,0.00011670654255391429,1.0
739,0.0,1,0.2100409822404076,0.004774610278987203,0.6858715415000916,False,0.008485578057992611,0.016968633752737314,2.522363247908048e-06,0.00011649746765257013,1.0
740,0.125,2,0.2036152019747651,0.0040581958538556465,0.20669832825660706,False,0.0037203617541020978,0.007295503338121847,0.00014522017008234837,0.0001162883218723655,1.0
741,0.25,4,0.20709773782608384,0.002891419272124649,0.7449682354927063,False,0.007856745541141269,0.010884485438921612,0.004829005643360928,0.00011607910616984472,1.0
742,0.0,0,0.19109833880704322,0.004900526046769644,0.5264766216278076,False,0.01207301132537382,0.020366943224156376,0.0037790794265912617,0.00011586982150187182,1.0
743,0.125,2,0.18584487874718822,0.003598172866961136,0.2729727327823639,False,0.005942362172610083,0.011847142667232361,3.7581677987804216e-05,0.00011566046882562645,1.0
744,0.25,4,0.19041398942963794,0.00306951892082113,0.9671484231948853,False,0.005995523329138139,0.01100877708387173,0.0009822695744045472,0.00011545104909859912,1.0
745,0.0,0,0.17570349849105243,0.003853737904865523,0.09635606408119202,False,0.004986379753969961,0.00977598920727192,0.00019677030066800222,0.00011524156327858704,1.0
746,0.0,0,0.16212947102504266,0.0034675087046558725,0.270918607711792,False,0.008508267505155315,0.010942446020817427,0.006074088989493203,0.0001150320123236897,1.0
747,0.25,4,0.16862487079277333,0.0034668221769705047,1.170232892036438,True,0.01479147391204942,0.006276217491160969,0.02330673033293787,0.0001148223971923046,1.0
748,0.0,0,0.15559770487262514,0.004669490574819716,0.12685437500476837,False,0.00641299600542552,0.010714149763730491,0.0021118422471205493,0.00011461271884312263,1.0
749,0.375,4,0.17249381723537616,0.005439867878157367,1.6825670003890991,True,0.008908160916213024,0.011456492877995545,0.006359828954430504,0.00011440297823512383,1.0
750,0.0,0,0.15916775467556268,0.003735006485903824,0.06454820930957794,False,0.005122815757330036,0.010244838381199788,7.931334602826054e-07,0.00011419317632757298,1.0
751,0.375,6,0.17588899264489025,0.005332856593120129,0.4125010073184967,False,0.03583062326561091,0.00828880081904447,0.06337244571217734,0.00011398331408001533,1.0
752,0.25,2,0.18103608974442384,0.0024355838645673585,0.9507933855056763,False,0.004094437972553398,0.006309960035164364,0.0018789159099424327,0.00011377339245227194,1.0
753,0.25,3,0.18637074479071383,0.003264680907203241,2.4467220306396484,True,0.040943690453013215,0.017767930956037677,0.06411944994998875,0.00011356341240443555,1.0
754,0.125,3,0.18177361595221112,0.0024955614350825423,0.16287760436534882,False,0.004724410287199601,0.009234933592205365,0.00021388698219383597,0.00011335337489686606,1.0
755,0.25,4,0.18695129318595105,0.0026354803414588225,0.8093193769454956,False,0.008303139127613343,0.01562724126133893,0.0009790369938877564,0.0001131432808901862,1.0
756,0.125,2,0.18201821440277488,0.002753969496659114,0.08639811724424362,False,0.00398853245398847,0.006176764775841495,0.0018003001321354449,0.00011293313134527699,1.0
757,0.125,2,0.17727699510847403,0.0025906952465792627,5.445560455322266,True,0.06243509415856802,0.013328891900317047,0.111541296416819,0.0001127229272232736,1.0
758,0.125,2,0.17348140668046877,0.003070347085712048,0.7356445789337158,False,0.00987340948754317,0.019556641577304894,0.00019017739778144535,0.00011251266948556076,1.0
759,0.25,4,0.17910269107536478,0.002641507580273242,1.789853572845459,True,0.015470193990497753,0.010055548975973064,0.020884839005022443,0.0001123023590937684,1.0
760,0.25,4,0.18428681954156567,0.003236256676157521,1.6795446872711182,True,0.008237382600753108,0.00993004703877853,0.006544718162727689,0.00011209199700976725,1.0
761,0.125,2,0.17985068498497522,0.002783826709290368,0.1406610757112503,False,0.008206642910251147,0.016413278492950285,7.327552008181928e-09,0.00011188158419566448,1.0
762,0.0,0,0.16595626535911304,0.005391462323602275,1.3249849081039429,True,0.010729405708521022,0.01915725528811877,0.0023015561289232733,0.00011167112161379933,1.0
763,0.125,2,0.1627412234671936,0.0029399401481494023,0.06333579868078232,False,0.003620044270933393,0.007053208365528887,0.00018688017633789955,0.0001114606102267386,1.0
764,0.125,2,0.15996960051906145,0.0027999140601634633,1.5295673608779907,True,0.038927030183780444,0.007389101839178571,0.07046495852838232,0.00011125005099727221,1.0
765,0.25,4,0.16653771372778772,0.003514880145590056,0.1299750804901123,False,0.007126991568986574,0.01223976484990421,0.0020142182880689384,0.00011103944488840914,1.0
766,0.375,4,0.18230724673755183,0.004982728056532168,0.061823323369026184,False,0.003772668195438898,0.00741955816510018,0.00012577822577761625,0.00011082879286337258,1.0
767,0.0,0,0.1682230446828377,0.004553673823655964,1.043351650238037,True,0.010830491170737921,0.007045411496324914,0.014615570845150928,0.0001106180958855957,1.0
768,0.25,3,0.17483288206159942,0.002859887752064912,1.7784925699234009,True,0.004403120015703633,0.006705175591782709,0.0021010644396245574,0.00011040735491871744,1.0
769,0.0,1,0.1613261143338831,0.0043095098703831184,0.8093870878219604,False,0.009140839530849845,0.01772019929155504,0.0005614797701446487,0.00011019657092657773,1.0
770,0.125,2,0.1582776175682727,0.0024468906912577526,1.4265745878219604,True,0.037703741828242605,0.015156303052202164,0.06025118060428305,0.00010998574487321347,1.0
771,0.0,0,0.14604983185781495,0.00485929644708532,2.1775150299072266,True,0.06874851849470856,0.01837941101723567,0.11911762597218147,0.00010977487772285377,1.0
772,0.0,0,0.13476670746888858,0.002980732687314246,0.7458792328834534,False,0.015236447559780406,0.01394625325434563,0.016526641865215182,0.00010956397043991577,1.0
773,0.125,2,0.13405825430243648,0.002922374690196975,1.3607337474822998,True,0.0063676099783816715,0.012725947006395285,9.27295036805793e-06,0.00010935302398900015,1.0
774,0.25,4,0.14272518638091208,0.004253039493958842,0.10202000290155411,False,0.006505443179498705,0.013010485826240816,4.0053275659288123e-07,0.00010914203933488678,1.0
775,0.375,4,0.1610058685942227,0.006097235130395961,0.5827683806419373,False,0.013573780883912534,0.01245147540381232,0.014696086364012746,0.00010893101744253013,1.0
776,0.0,0,0.1485673110170779,0.004081582142698151,0.19919249415397644,False,0.014451535846417417,0.027803925687703755,0.0010991460051310794,0.00010871995927705512,1.0
777,0.125,2,0.1467926880064313,0.002728689422622173,0.2178596407175064,False,0.009146760873305983,0.018218311528774164,7.521021783780092e-05,0.00010850886580375246,1.0
778,0.25,3,0.15496207453774746,0.0043533866340159915,2.1562750339508057,True,0.005640876089510934,0.011278110784000723,3.6413950211444115e-06,0.00010829773798807443,1.0
779,0.125,3,0.15289043211725037,0.0030120016150246573,0.2575608193874359,False,0.0077747831982048765,0.015410893011899076,0.00013867338451067739,0.00010808657679563028,1.0
780,0.125,2,0.15058873556398486,0.002728039037977084,0.2196270078420639,False,0.01794157616823789,0.02097595638039723,0.014907195956078546,0.00010787538319218204,1.0
781,0.125,1,0.14895495678227608,0.003452769573755808,3.833240270614624,True,0.007270272790800688,0.0071496934239819775,0.007390852157619399,0.00010766415814363988,1.0
782,0.0,1,0.13744739607958537,0.0036662629708209497,0.3605209290981293,False,0.12427381318887357,0.010801621504437767,0.23774600487330938,0.00010745290261605778,1.0
783,0.5,4,0.16487521096745023,0.005564634190744955,3.909503698348999,True,0.06099124710344224,0.00592541056921376,0.11605708363767071,0.00010724161757562912,1.0
784,0.25,1,0.17203772616289872,0.0031013237316359814,3.697431802749634,True,0.005264578673759526,0.010388081753385391,0.00014107559413366103,0.0001070303039886824,1.0
785,0.25,2,0.17864689905825817,0.003142169942680492,3.282670497894287,True,0.010403672472105852,0.020807299770099007,4.51741126984679e-08,0.00010681896282167645,1.0
786,0.25,5,0.1838662398760179,0.0025972063381918035,0.6806774139404297,False,0.006770914124704083,0.013288820079742856,0.00025300816966530946,0.00010660759504119635,1.0
787,0.25,3,0.1894625973300068,0.002542964150280912,0.2438994199037552,False,0.0073278688935028025,0.014356474906907278,0.0002992628800983276,0.00010639620161394905,1.0
788,0.25,2,0.19472560647879722,0.0036015632328254606,4.035987854003906,True,0.00467314920808396,0.00924429980272761,0.00010199861344031106,0.00010618478350675851,1.0
789,0.25,5,0.19889491074656918,0.0033177109233710578,0.06507091969251633,False,0.0041619052510266895,0.008287360998652396,3.6449503400983295e-05,0.00010597334168656175,1.0
790,0.125,2,0.1934292236401114,0.003511350105103276,0.1223713830113411,False,0.008389583991117484,0.016779167456062657,5.261723102263928e-10,0.00010576187712040417,1.0
791,0.25,3,0.1979956903602244,0.0027053712402281614,0.10335072129964828,False,0.006812739852890045,0.013625470783656179,8.922123911523594e-09,0.00010555039077543529,1.0
792,0.125,3,0.19211427429350034,0.002910844501721536,0.0646381825208664,False,0.005683434167068536,0.011366868306180689,2.7956384558918437e-11,0.00010533888361890419,1.0
793,0.25,2,0.1965813774281976,0.00239005901220291,0.09545905143022537,False,0.006803465559157676,0.01360693076978083,3.485345205753068e-10,0.00010512735661815501,1.0
794,0.0,0,0.18139442304520179,0.0038990359022808333,0.7011855244636536,False,0.010235452555984447,0.014335376414927128,0.006135528697041766,0.00010491581074062289,1.0
795,0.25,4,0.1866955429577836,0.0029567087215743118,0.28311845660209656,False,0.009455019941808836,0.007029766909876051,0.011880272973741621,0.00010470424695382908,1.0
796,0.0,0,0.17227232173763463,0.005395478235043526,1.2248270511627197,True,0.015301815933366748,0.02076662853897211,0.00983700332776139,0.00010449266622537688,1.0
797,0.0,0,0.15896337088018198,0.004569043921741029,0.08647417277097702,False,0.00573154472279005,0.011270915628326099,0.0001921738172540007,0.00010428106952294701,1.0
798,0.25,4,0.16599740858207562,0.003935048320296919,0.06287133693695068,False,0.0028430959851687056,0.005674803534053584,1.138843628382719e-05,0.00010406945781429327,1.0
799,0.0,0,0.153173228057894,0.0037745199561746313,0.33661746978759766,False,0.005740272035072403,0.01030313747962938,0.001177406590515426,0.00010385783206723811,1.0
800,0.375,4,0.16968119859189942,0.00501788863494043,0.40019190311431885,False,0.0028805658299990485,0.005753691224324314,7.440435673783014e-06,0.00010364619324966813,1.0
801,0.125,2,0.1662754157448455,0.0026880257409592112,0.7887707352638245,False,0.009321687401742374,0.004023552961413201,0.014619821842071546,0.00010343454232952974,1.0
802,0.125,2,0.16332975769235283,0.0024828697288198985,18.836898803710938,True,0.09952625914816357,0.005842816415615663,0.1932097018807115,0.00010322288027482473,1.0
803,0.375,4,0.1792481223258962,0.004223160677496853,0.4440940022468567,False,0.004807464981196618,0.003984376353608204,0.005630553608785031,0.00010301120805360584,1.0
804,0.125,2,0.17530025386238757,0.0020106483444043534,0.30937179923057556,False,0.01995350624362287,0.008930884174610758,0.030976128312634986,0.00010279952663397214,1.0
805,0.0,0,0.1617573791833856,0.003848302184845692,0.3964501619338989,False,0.013686519214437518,0.02729982403510405,7.321439377098656e-05,0.00010258783698406495,1.0
806,0.25,4,0.16818737700510425,0.003219565152324519,0.7837659120559692,False,0.010501724342801144,0.009147819783724512,0.011855628901877776,0.0001023761400720632,1.0
807,0.25,2,0.17469799980120831,0.002648551730685939,0.185911163687706,False,0.017975912033924003,0.007641104931775328,0.028310719136072676,0.00010216443686617895,1.0
808,0.125,1,0.1712016524437348,0.0030485020961751545,10.454682350158691,True,0.19631238723065692,0.00713158134363456,0.38549319311767927,0.0001019527283346531,1.0
809,0.375,3,0.186800059948819,0.003761530637514077,0.9210963845252991,False,0.0030384286939949164,0.005019469884997408,0.0010573875029924245,0.00010174101544575095,1.0
810,0.25,4,0.19158456573060018,0.0032438974638107406,0.1999344378709793,False,0.0030905429993666484,0.006104292782188347,7.679321654494988e-05,0.00010152929916775765,1.0
811,0.25,3,0.19638960166218844,0.0024429751436933415,2.4221901893615723,True,0.05019696840856043,0.009992236946267826,0.09040169987085303,0.00010131758046897388,1.0
812,0.375,4,0.21004801695266692,0.0053187015643477486,1.7680150270462036,True,0.0188938085461277,0.01243412774941628,0.025353489342839118,0.00010110586031771139,1.0
813,0.25,4,0.21323549471218922,0.003064460415918142,1.0059540271759033,True,0.012902046847028129,0.025474787744949892,0.00032930594910636496,0.0001008941396822886,1.0
814,0.125,3,0.20646491140938542,0.0029477488187469006,0.23222599923610687,False,0.008154129195762888,0.01630816655698574,9.18345400333558e-08,0.00010068241953102613,1.0
815,0.375,6,0.21924201516761085,0.004076758358785024,1.2244296073913574,True,0.018335145904386,0.0060237188875020805,0.03064657292126992,0.00010047070083224234,1.0
816,0.125,2,0.21210540629159846,0.0024480176970361274,0.06553694605827332,False,0.004917720571295087,0.009835440017541735,1.1250484399301835e-09,0.00010025898455424904,1.0
817,0.375,5,0.22464575189412078,0.0033944759806410576,1.304201364517212,True,0.016864090793014316,0.00703934666810918,0.02668883491791945,0.00010004727166534689,1.0
818,0.25,3,0.22612122966414075,0.0031440202271916648,0.85368412733078,False,0.010790607014229332,0.01234643724636984,0.009234776782088824,9.983556313382109e-05,1.0
819,0.0,0,0.20865216497010308,0.004365407422648757,0.38412758708000183,False,0.11914302063914668,0.013285820277236536,0.22500022100105682,9.96238599279368e-05,1.0
820,0.0,0,0.1925326782070617,0.00577564636527901,0.22717875242233276,False,0.008873606174168172,0.014852565860376792,0.0028946464879595537,9.941216301593502e-05,1.0
821,0.375,6,0.20657926891357425,0.004176774551084819,2.522036075592041,True,0.00937634537806329,0.011014695712264846,0.0077379950438617355,9.920047336602789e-05,1.0
822,0.0,0,0.19061992436879918,0.0042274807598718395,0.24011120200157166,False,0.01635196499607,0.03046394328267975,0.00223998670946025,9.898879194639421e-05,1.0
823,0.125,2,0.18549948396356084,0.003237456714319755,0.7744969725608826,False,0.0272649494157809,0.019626823684786375,0.034903075146775424,9.877711972517526e-05,1.0
824,0.125,2,0.18106866464649282,0.00310912621800838,0.7110517024993896,False,0.008808394421958902,0.016177852019284168,0.0014389368246336362,9.856545767047028e-05,1.0
825,0.375,5,0.19629595112370957,0.0048848372015464474,1.125108003616333,True,0.005468757417797248,0.01072768631786581,0.00020982851772868448,9.835380675033192e-05,1.0
826,0.125,1,0.1904517009161552,0.0029510115040117823,0.10048526525497437,False,0.009946538581787968,0.019870761793503097,2.2315370072840606e-05,9.814216793276192e-05,1.0
827,0.125,2,0.18544128656515524,0.0027180329483338225,0.2153453230857849,False,0.006460914020955125,0.012904999962945836,1.6828078964412644e-05,9.793054218570675e-05,1.0
828,0.0,0,0.17111496330588452,0.003941948421228423,3.5456175804138184,True,0.09097890046815262,0.015264300471728649,0.1666935004645766,9.771893047705303e-05,1.0
829,0.25,4,0.17730238462773318,0.0026900708439339853,6.401028633117676,True,0.008665734468478587,0.011524154936383818,0.005807314000573357,9.750733377462316e-05,1.0
830,0.125,2,0.17321079482465923,0.003195957379470004,0.8130744695663452,False,0.008355367260752339,0.016356144354933932,0.0003545901665707447,9.729575304617095e-05,1.0
831,0.25,2,0.17913829204209733,0.003323657555549395,2.09538197517395,True,0.020524472308372434,0.01279219925623267,0.0282567453605122,9.708418925937715e-05,1.0
832,0.0,0,0.1652989085507246,0.003873870206194716,0.1478540450334549,False,0.010147783431283789,0.020268252413091718,2.7314449475859486e-05,9.687264338184501e-05,1.0
833,0.125,2,0.16184934433897696,0.00298874422238111,0.21076418459415436,False,0.005420177771917362,0.010198586503555679,0.0006417690402790445,9.666111638109587e-05,1.0
834,0.0,0,0.1493456237854285,0.003357185139802944,0.16554440557956696,False,0.006790797908280601,0.013342972387817238,0.00023862342874396476,9.64496092245647e-05,1.0
835,0.5,6,0.17633748556310228,0.006258280031240598,1.3735824823379517,True,0.013771655922958561,0.009838873821639312,0.01770443802427781,9.623812287959584e-05,1.0
836,0.5,5,0.20144503321018248,0.006130125697119459,0.8872662782669067,False,0.00466522106967154,0.008228098961155846,0.0011023431781872338,9.60266583134383e-05,1.0
837,0.25,3,0.20538632561355205,0.002393793860978755,2.7631466388702393,True,0.005427811520076478,0.009460581465405056,0.0013950415747479006,9.581521649324151e-05,1.0
838,0.125,2,0.1994191422679504,0.0034730729039103383,0.10326414555311203,False,0.009214169445647962,0.017896225051293697,0.0005321138400022278,9.560379838605098e-05,1.0
839,0.25,3,0.2033336089741877,0.0021670484635754462,1.4303737878799438,True,0.06680532878177635,0.015401508104044033,0.11820914945950867,9.539240495880364e-05,1.0
840,0.5,4,0.22644385947881304,0.005382405288026506,0.24907395243644714,False,0.008382892972354566,0.016055504832109244,0.0007102811125998869,9.51810371783236e-05,1.0
841,0.375,6,0.23826077041885624,0.004482604612515361,0.24919463694095612,False,0.013792327744192024,0.00739645306256846,0.020188202425815586,9.496969601131765e-05,1.0
842,0.25,3,0.23887750527337823,0.002583800028521551,1.8367754220962524,True,0.005091396806045621,0.010040082656652656,0.00014271095543858425,9.475838242437089e-05,1.0
843,0.375,5,0.24944659408825715,0.0036908666837190815,1.1842788457870483,True,0.019250029174860354,0.009291023561145086,0.02920903478857562,9.454709738394226e-05,1.0
844,0.125,3,0.2398785112380543,0.003962693526650264,1.1221437454223633,True,0.037737964549453405,0.00856942269459766,0.06690650640430915,9.433584185636015e-05,1.0
845,0.25,4,0.24036738514619277,0.002984023583923431,0.6738815307617188,False,0.005671553242052781,0.011342703208604102,4.0327550146047605e-07,9.412461680781797e-05,1.0
846,0.125,1,0.23179772935716184,0.0032297681099501363,0.0687853991985321,False,0.0055414494920308,0.011082897236245535,1.747816066132768e-09,9.391342320436971e-05,1.0
847,0.125,3,0.22340002544376,0.0029679260167208505,2.982603073120117,True,0.008405473064614146,0.015842028258374538,0.0009689178708537532,9.370226201192559e-05,1.0
848,0.125,2,0.2157471483132919,0.0030234959414993626,0.13353803753852844,False,0.008243473778536408,0.015083222039380421,0.0014037255176923954,9.349113419624754e-05,1.0
849,0.0,0,0.19907953644404366,0.005114033108893871,0.328607439994812,False,0.010395204617162822,0.020051929483461708,0.0007384797508639358,9.32800407229449e-05,1.0
850,0.25,3,0.20311438751692104,0.0027283682071015205,0.09310898929834366,False,0.006877987056182923,0.013755973291620812,8.20745035092384e-10,9.306898255746987e-05,1.0
851,0.125,3,0.19693262394221547,0.0030119421394058372,0.1099434569478035,False,0.006642301991585281,0.013034613578066944,0.00024999040510361847,9.285796066511325e-05,1.0
852,0.0,0,0.18171853390244808,0.0036922777520834397,0.28963223099708557,False,0.00796112519455901,0.01586105709648792,6.119329263010137e-05,9.264697601099982e-05,1.0
853,0.0,0,0.16767981303770407,0.0042912268475979445,0.07377016544342041,False,0.006263142355933951,0.01249905236400846,2.723234785944071e-05,9.243602956008422e-05,1.0
854,0.125,1,0.16472565784320703,0.0029694826905727377,0.20820581912994385,False,0.005847337165933561,0.011683522045031779,1.1152286835343808e-05,9.222512227714626e-05,1.0
855,0.25,3,0.17150371681096818,0.002361355467953525,4.171524524688721,True,0.05677495297059026,0.009792177094838704,0.10375772884634181,9.201425512678656e-05,1.0
856,0.125,2,0.16786010486198938,0.0028857035871002437,0.18968620896339417,False,0.008288496819972312,0.014199239658791026,0.002377753981153599,9.180342907342225e-05,1.0
857,0.25,4,0.17372257514558498,0.002194533661515625,0.12455543130636215,False,0.0034286832501793617,0.00685098962226843,6.376878090293022e-06,9.15926450812826e-05,1.0
858,0.125,2,0.1699075446179442,0.0036308768475130657,0.2272348254919052,False,0.011880286655866573,0.015274088687325006,0.00848648462440814,9.138190411440433e-05,1.0
859,0.125,2,0.16629118583848312,0.002831475935946259,0.21434468030929565,False,0.0051328010957643775,0.010046373501392286,0.00021922869013646834,9.117120713662744e-05,1.0
860,0.375,4,0.18245819996158766,0.005778819882656542,0.36010509729385376,False,0.006213773416548494,0.007906147881310987,0.004521398951786001,9.096055511159089e-05,1.0
861,0.0,0,0.16836233596942354,0.003875550456340061,0.08233116567134857,False,0.005860852766279829,0.011451104297607201,0.0002706012349524568,9.07499490027278e-05,1.0
862,0.0,0,0.1553554522572765,0.003825229537938236,9.225863456726074,True,0.01600034702706756,0.005793741440801073,0.02620695261333405,9.053938977326147e-05,1.0
863,0.125,2,0.15267407279992184,0.00276190093885092,0.04627087339758873,False,0.0030908297687072565,0.006139305872373722,4.2353665040791004e-05,9.03288783862007e-05,1.0
864,0.125,2,0.1503890911518299,0.0024768545892586975,6.473173141479492,True,0.003900784224072244,0.005929432757085458,0.00187213569105903,9.011841580433554e-05,1.0
865,0.25,4,0.15798362645918793,0.002709295605864431,0.5900496244430542,False,0.004555704075489102,0.004461740713117891,0.004649667437860314,8.990800299023278e-05,1.0
866,0.125,2,0.155481543121698,0.0032422043941720277,0.059736043214797974,False,0.0028323330960673635,0.0056646434557336275,2.273640109915272e-08,8.969764090623166e-05,1.0
867,0.25,3,0.1631727589970127,0.0035873327752477366,0.6218967437744141,False,0.007369473473416944,0.005698398501633351,0.009040548445200539,8.948733051443926e-05,1.0
868,0.25,5,0.16988159913366913,0.0033415173304275026,8.839550971984863,True,0.006301189710545732,0.006055831854500574,0.00654654756659089,8.927707277672641e-05,1.0
869,0.5,3,0.19539279925460387,0.006047318720643528,2.4582436084747314,True,0.0015380232807252641,0.003072201355066768,3.845206383760224e-06,8.906686865472304e-05,1.0
870,0.0,1,0.18029766884160536,0.005588984431500884,0.1854020655155182,False,0.019496373480979757,0.007078899070357719,0.031913847891601795,8.885671910981384e-05,1.0
871,0.25,3,0.18578351883532349,0.0034424618844352247,1.7360998392105103,True,0.08033097337709329,0.0035925042829672684,0.15706944247121932,8.864662510313395e-05,1.0
872,0.25,3,0.1905466169164443,0.002666919594385598,0.23932532966136932,False,0.003442901249514347,0.0060698475119982,0.0008159549870304946,8.843658759556447e-05,1.0
873,0.25,4,0.19504168129484836,0.00223773841211824,0.1233130469918251,False,0.0028979653379376763,0.00575445636491184,4.1474310963512274e-05,8.822660754772809e-05,1.0
874,0.375,4,0.20860328018619254,0.002809366153149328,0.8392752408981323,False,0.013873717043781028,0.0031484142692601094,0.024599019818301947,8.80166859199847e-05,1.0
875,0.25,2,0.21179652013207,0.0022206799232177433,1.355612874031067,True,0.017197474732408246,0.005854760976192833,0.028540188488623656,8.780682367242704e-05,1.0
876,0.25,4,0.21445775872923364,0.002169300861298141,0.5293957591056824,False,0.0046199516810630425,0.008986768933961132,0.00025313442816495344,8.75970217648762e-05,1.0
877,0.125,2,0.20778975904630334,0.0024516390213319343,0.4708457887172699,False,0.004541460394480222,0.007369754825997932,0.0017131659629625112,8.738728115687741e-05,1.0
878,0.125,2,0.2013428578164323,0.0039716189745498155,1.772573709487915,True,0.0361706337446637,0.008377297672066103,0.0639639698172613,8.717760280769541e-05,1.0
879,0.125,2,0.19520285530507794,0.0037427189224567285,0.8994907140731812,False,0.017970156431356202,0.011786133100727143,0.024154179761985264,8.696798767631031e-05,1.0
880,0.125,2,0.1894430525490115,0.0031490020247781428,0.12290926277637482,False,0.007847723149838748,0.015695052444015867,3.938556616299623e-07,8.6758436721413e-05,1.0
881,0.25,3,0.1941282251148999,0.0024772243142792607,1.1530628204345703,True,0.0065962684367130864,0.010758216088525686,0.002434320784900486,8.65489509014009e-05,1.0
882,0.0,1,0.1791307897634828,0.003296340621044561,0.09668034315109253,False,0.008892232944498058,0.016613869830499044,0.0011705960584970719,8.633953117437356e-05,1.0
883,0.375,3,0.19402744083601686,0.003888367413769008,0.10626183450222015,False,0.006996487257067073,0.013992973937374198,5.76759948919963e-10,8.613017849812816e-05,1.0
884,0.125,3,0.1889377916048617,0.002649740514048374,0.5698230862617493,False,0.014687075023966854,0.02080307593389607,0.008571074114037637,8.592089383015531e-05,1.0
885,0.25,2,0.19365029488031416,0.0025999282338185375,4.711252689361572,True,0.007013475817826757,0.014026949213888336,2.4217651765324415e-09,8.571167812763451e-05,1.0
886,0.125,2,0.1883927721752121,0.004209734897645017,0.2515574097633362,False,0.016666233976355672,0.016432224298708987,0.016900243654002358,8.550253234742989e-05,1.0
887,0.25,4,0.1930590844723148,0.0035972905432801695,0.12336299568414688,False,0.008528681738726462,0.01665015895416365,0.00040720452328927263,8.529345744608574e-05,1.0
888,0.0,0,0.1781442459079401,0.004188476298232288,0.20875215530395508,False,0.017779527745923902,0.035293654775279654,0.0002654007165681515,8.508445437982227e-05,1.0
889,0.25,4,0.18330827133348435,0.0030749985903112797,0.18615005910396576,False,0.00774321511719524,0.014822262252425385,0.0006641679819650949,8.487552410453096e-05,1.0
890,0.125,2,0.17884972481772626,0.002432120866487096,4.991815567016602,True,0.011609505102480225,0.022157661716777848,0.0010613484881826013,8.466666757577062e-05,1.0
891,0.375,2,0.19414258477545046,0.004689727871685182,3.0319578647613525,True,0.08052852107092692,0.012109375444406876,0.14894766669744697,8.44578857487626e-05,1.0
892,0.0,0,0.1791440400640696,0.00431674244779958,0.3169320225715637,False,0.016050113970884468,0.023365114146602254,0.00873511379516668,8.42491795783866e-05,1.0
893,0.125,2,0.17500720250750296,0.0026994717706165586,0.45044317841529846,False,0.014167903159141466,0.017593639086124054,0.010742167232158878,8.404055001917642e-05,1.0
894,0.125,2,0.17128796760047088,0.003034456042102236,5.490289211273193,True,0.009783499409478206,0.012802371432282935,0.0067646273866734784,8.38319980253154e-05,1.0
895,0.125,2,0.16775805332267602,0.0021704595196238865,0.3217655420303345,False,0.010587382538802623,0.017516404939502763,0.0036583601381024824,8.362352455063209e-05,1.0
896,0.0,0,0.15479785365105547,0.003701616309808942,0.09296157211065292,False,0.008778867354021558,0.01751143348524153,4.630122280158322e-05,8.341513054859593e-05,1.0
897,0.125,2,0.1522536996593511,0.0021014833216584793,0.14618270099163055,False,0.014185024598090637,0.01941499621741466,0.008955052978766613,8.3206816972313e-05,1.0
898,0.25,3,0.16019428356768825,0.002479293843974808,1.002821683883667,True,0.004528830291701115,0.009033472484283947,2.4188099118281812e-05,8.299858477452143e-05,1.0
899,0.25,1,0.16655388021284598,0.003128245096588507,0.08001480251550674,False,0.007745485928135067,0.011916075466612164,0.0035748963896579692,8.279043490758718e-05,1.0
900,0.0,0,0.15368670930278694,0.004598273238170114,0.2321462780237198,False,0.007752347349750102,0.015189575374771065,0.0003151193247291391,8.258236832349967e-05,1.0
901,0.25,4,0.1608372390923026,0.002193698893778617,0.8705622553825378,False,0.005212572655549711,0.010084450673840086,0.00034069463725933585,8.237438597386747e-05,1.0
902,0.0,0,0.1484117090388571,0.004058688476176863,0.1522432416677475,False,0.00586726604654979,0.009727051861442982,0.0020074802316565996,8.216648880991385e-05,1.0
903,0.375,6,0.16577273068565546,0.004104359569366251,0.7128340005874634,False,0.004284678740587369,0.006025350854806448,0.00254400662636829,8.195867778247243e-05,1.0
904,0.0,0,0.15296590772101704,0.004508540388786708,0.6481917500495911,False,0.006964187177903064,0.008153863530246434,0.0057745108255596945,8.175095384198299e-05,1.0
905,0.0,0,0.14114847977791925,0.0032014767598075957,0.2512083351612091,False,0.0038006258636377587,0.0067219221783267,0.0008793295489488175,8.154331793848694e-05,1.0
906,0.375,2,0.15877467293465156,0.004657125680109635,0.7937051057815552,False,0.013203282441545566,0.012559434698047618,0.013847130185043514,8.133577102162305e-05,1.0
907,0.125,2,0.15640848705997798,0.0026804495667146068,0.21186111867427826,False,0.0027634788908245025,0.004038896784572249,0.0014880609970767558,8.112831404062308e-05,1.0
908,0.375,5,0.1734428930921027,0.0050251672827963945,0.6689610481262207,False,0.0027876880601188686,0.005207724241523511,0.00036765187871422647,8.092094794430754e-05,1.0
909,0.0,1,0.16004350938696674,0.003488594311591149,0.6363040804862976,False,0.00648956139952455,0.01194098701443304,0.00103813578461606,8.071367368108119e-05,1.0
910,0.25,4,0.16670006075845858,0.003164087870137858,0.8263686895370483,False,0.0016452638657136784,0.0025103451331111035,0.000780182598316253,8.050649219892882e-05,1.0
911,0.25,4,0.17303739811968957,0.002959677600480833,1.1330658197402954,True,0.0032845618964600916,0.005300887401187282,0.001268236391732901,8.02994044454109e-05,1.0
912,0.25,2,0.1789782911525553,0.00236032265245559,0.3903551697731018,False,0.006514724669747838,0.0019627590337514818,0.011066690305744194,8.009241136765922e-05,1.0
913,0.375,5,0.19455822867879596,0.004096997309308222,0.06568608433008194,False,0.0015513553139581936,0.0026983246818201175,0.0004043859460962698,7.98855139123725e-05,1.0
914,0.125,3,0.189133533370653,0.003273213230684156,0.8789215683937073,False,0.012275404311714186,0.004031119635216738,0.020519688988211635,7.967871302581213e-05,1.0
915,0.125,2,0.18393676595018604,0.0023129131988739032,0.2048528641462326,False,0.00594952757455712,0.005398919330572104,0.0065001358185421375,7.947200965379796e-05,1.0
916,0.125,2,0.1793326349907643,0.0027076226590746887,0.4364149868488312,False,0.006373694593634707,0.006859904746036922,0.0058874844412324925,7.926540474170373e-05,1.0
917,0.125,2,0.17518122747550657,0.002649961583342001,0.648884117603302,False,0.012257525593074138,0.004211866834358963,0.020303184351789315,7.90588992344529e-05,1.0
918,0.125,2,0.17096820169546417,0.0032979047321166836,1.6105421781539917,True,0.004142430706534309,0.004046029193025935,0.004238832220042683,7.885249407651428e-05,1.0
919,0.25,4,0.176881654509442,0.003907056665595373,4.864080905914307,True,0.001682744651914798,0.002946072160458761,0.0004194171433708354,7.864619021189775e-05,1.0
920,0.125,2,0.17301760824021994,0.002427858202633521,0.3337096571922302,False,0.007753345903313599,0.008357641517761262,0.007149050288865937,7.843998858414991e-05,1.0
921,0.375,4,0.18827877203928134,0.004878420085062433,0.6891617774963379,False,0.005462505462009069,0.0031708653143343664,0.007754145609683773,7.823389013634973e-05,1.0
922,0.25,4,0.19323919807265066,0.0027942190253303005,3.905627489089966,True,0.030777784160875482,0.013424720390618903,0.04813084793113206,7.802789581110438e-05,1.0
923,0.125,2,0.1879164048770444,0.0026228847074384024,0.15827031433582306,False,0.0042283719859755545,0.008418519660560758,3.822431139035165e-05,7.782200655054471e-05,1.0
924,0.0,0,0.17339886559626164,0.0036071146046345753,0.09428064525127411,False,0.003180983383518624,0.006237539421375424,0.00012442734566182344,7.76162232963211e-05,1.0
925,0.375,4,0.18901677374777043,0.003985626418106589,0.031142529100179672,False,0.0024042020342622513,0.004808389819822629,1.424870187379868e-08,7.741054698959907e-05,1.0
926,0.0,0,0.17441422513363772,0.003880021711183018,2.6570351123809814,True,0.030220197944232415,0.05636183516861445,0.004078560719850382,7.720497857105508e-05,1.0
927,0.125,2,0.17064279087482098,0.0032818957998473597,0.38087671995162964,False,0.010419318165580546,0.013772442086575479,0.0070661942445856135,7.699951898087208e-05,1.0
928,0.5,2,0.1960795805211142,0.005862769494387369,1.223994255065918,True,0.03162229565773691,0.00431350112668368,0.058931090188790135,7.679416915873536e-05,1.0
929,0.125,2,0.1903461941055203,0.0029917795347787924,0.16284936666488647,False,0.006169892109113184,0.011396218401167665,0.0009435658170587048,7.658893004382798e-05,1.0
930,0.25,4,0.1949518412144159,0.0029638356153137016,0.9274563193321228,False,0.004600145624794176,0.009200290679360058,5.702282951985041e-10,7.638380257482695e-05,1.0
931,0.25,1,0.19979077714955656,0.003757938777707895,1.1121282577514648,True,0.0020464990807316954,0.0034626228384758454,0.0006303753229875454,7.617878768989855e-05,1.0
932,0.375,2,0.21405687961038428,0.004584303041133859,1.1423207521438599,True,0.008027324119336798,0.011014646300591313,0.0050400019380822825,7.5973886326694e-05,1.0
933,0.25,3,0.21654349344534804,0.0025027703168620315,0.5421666502952576,False,0.016901840465569903,0.011056524612952427,0.022747156318187384,7.576909942234559e-05,1.0
934,0.125,2,0.2091350131686519,0.0026458981273584955,0.11179659515619278,False,0.010781890927023505,0.02156377838505823,3.4689887788337154e-09,7.556442791346192e-05,1.0
935,0.125,2,0.20229887729955667,0.0034825061815124286,0.08176573365926743,False,0.007095656512624714,0.014190450981477103,8.620437723256552e-07,7.535987273612384e-05,1.0
936,0.0,0,0.18667021571689071,0.0038569473099550325,0.09419112652540207,False,0.008447930759682832,0.016895858476365117,3.043000547360541e-09,7.515543482588021e-05,1.0
937,0.0,0,0.17224895116047625,0.0035096012991132353,0.1247875764966011,False,0.008401025427537036,0.016800125110801447,1.925744272624911e-06,7.495111511774362e-05,1.0
938,0.25,4,0.17854479580410343,0.0027827475613015702,0.4282256066799164,False,0.004327550499344759,0.008575147182058863,7.995381663065426e-05,7.474691454618586e-05,1.0
939,0.0,0,0.1647512630459528,0.003623761321767923,0.026037121191620827,False,0.0021773203027670384,0.004320407376983491,3.423322855058534e-05,7.454283404513402e-05,1.0
940,0.125,2,0.16162931397595157,0.0023752664224331475,0.07986567169427872,False,0.0021639858207054144,0.00416952657017459,0.00015844507123623951,7.433887454796593e-05,1.0
941,0.25,2,0.16787804690841365,0.003115181712682583,0.14224554598331451,False,0.006641117900781864,0.007605504318741185,0.005676731482822542,7.413503698750607e-05,1.0
942,0.25,2,0.17402443769466022,0.0030904299715462107,0.4309011697769165,False,0.0066170173843964515,0.0063768274180721176,0.006857207350720786,7.39313222960212e-05,1.0
943,0.0,0,0.16058012658354984,0.003531560450337037,0.21637728810310364,False,0.007667180933617475,0.006058643855364962,0.009275718011869988,7.372773140521612e-05,1.0
944,0.125,2,0.15807445983553442,0.002412071585480166,0.6186839938163757,False,0.006684809317454611,0.012295016085117983,0.00107460254979124,7.352426524622945e-05,1.0
945,0.0,0,0.14586236913779874,0.0034225806125460505,4.183570861816406,True,0.005164990010775156,0.009215424194356758,0.0011145558271935543,7.33209247496293e-05,1.0
946,0.25,4,0.15409968733859059,0.0036062462641940234,0.9437062740325928,False,0.018734992894472544,0.006769036432861956,0.030700949356083133,7.311771084540909e-05,1.0
947,0.0,0,0.1421946689046858,0.0046283195425439886,0.1333024650812149,False,0.010650507816530772,0.009718426986008107,0.011582588647053436,7.291462446298322e-05,1.0
948,0.125,2,0.14071927680673355,0.0022006289944673796,0.1952807754278183,False,0.005097658727148248,0.009990784785571466,0.00020453266872502842,7.27116665311829e-05,1.0
949,0.75,5,0.18779237115022718,0.010270075215822934,13.914032936096191,True,0.9288651140348549,0.004359532388066698,1.8533706956816431,7.250883797825187e-05,1.0
950,0.5,6,0.21191210612592093,0.005966799099358405,1.1759276390075684,True,0.03846807000691891,0.0041878076934442395,0.07274833232039359,7.230613973184207e-05,1.0
951,0.375,4,0.22514376161273988,0.0031457151725742703,0.32915908098220825,False,0.003433443269009061,0.006861567473803723,5.319064214400001e-06,7.210357271900954e-05,1.0
952,0.125,3,0.21745320151170017,0.002918330281161065,0.1212531253695488,False,0.0050320741148621555,0.009831574862875305,0.00023257336684900606,7.190113786621012e-05,1.0
953,0.125,2,0.21025974808128672,0.002816223806428076,2.412172555923462,True,0.007790773306629134,0.008768344365796798,0.006813202247461471,7.169883609929516e-05,1.0
954,0.0,0,0.19401606699375834,0.003590012362167044,0.08494032919406891,False,0.00558111118964958,0.010684186152807914,0.0004780362264912455,7.149666834350734e-05,1.0
955,0.25,3,0.19873028645226243,0.0021418607432900335,0.43366819620132446,False,0.1719693181633118,0.008402119704002899,0.3355365166226207,7.129463552347647e-05,1.0
956,0.375,2,0.21259797092503585,0.0036957327553576954,0.8144509196281433,False,0.006972016936266792,0.0138389615257482,0.00010507234678538242,7.109273856321519e-05,1.0
957,0.25,5,0.21548845121122806,0.0018976355112926037,0.36973944306373596,False,0.003539337871046401,0.007006728118058437,7.194762403436393e-05,7.089097838611478e-05,1.0
958,0.125,2,0.20825562655966037,0.003155840963060631,0.2967272102832794,False,0.011259149350010697,0.015931576871077126,0.006586721828944268,7.06893559149409e-05,1.0
959,0.0,0,0.19216677449268885,0.004267526209475379,0.06686758995056152,False,0.005404356209601408,0.009417286990327435,0.0013914254288753805,7.048787207182948e-05,1.0
960,0.0,0,0.1773208716084552,0.004289234737541545,0.190189927816391,False,0.008556666328881283,0.011709748066898996,0.0054035845908635685,7.028652777828237e-05,1.0
961,0.0,0,0.16362189348803644,0.0043429255457888855,1.433139443397522,True,0.025070254590836474,0.016526287789499786,0.03361422139217316,7.008532395516313e-05,1.0
962,0.25,4,0.1700048775874058,0.0023736578173670646,0.3558838367462158,False,0.013289965658001408,0.012273479334009492,0.014306451981993323,6.988426152269297e-05,1.0
963,0.0,0,0.1568710988206467,0.004458378177023345,0.914709746837616,False,0.020865363154129922,0.027372200736550664,0.014358525571709184,6.96833414004464e-05,1.0
964,0.125,2,0.15445496414582965,0.0020337635461016284,0.5452120900154114,False,0.005239052339042109,0.010385888227198652,9.221645088556657e-05,6.948256450734702e-05,1.0
965,0.375,6,0.17154029018762895,0.004893505863462601,0.12090182304382324,False,0.00312405813754314,0.0061138267137779215,0.0001342895613083588,6.928193176166342e-05,1.0
966,0.0,0,0.15828789265126036,0.003905024708745627,0.17569749057292938,False,0.010393950180939924,0.010493309882495166,0.01029459047938468,6.90814440810049e-05,1.0
967,0.25,4,0.16517710463013666,0.002287243202127334,0.16041113436222076,False,0.005239876655847731,0.010384735403212754,9.501790848270862e-05,6.888110238231728e-05,1.0
968,0.125,2,0.162022257038424,0.002575445521700333,0.4594452977180481,False,0.005159192049335146,0.010314840530161252,3.5435685090405647e-06,6.868090758187876e-05,1.0
969,0.125,2,0.15882583154051239,0.0025938582923206947,0.14208027720451355,False,0.008247742081355258,0.01644327743847139,5.220672423912555e-05,6.848086059529557e-05,1.0
970,0.25,3,0.1663566933921104,0.003596788032880198,2.5039448738098145,True,0.052056056623740195,0.016340655208892666,0.08777145803858773,6.82809623374981e-05,1.0
971,0.375,1,0.18175011168222202,0.0032643616645166534,8.131691932678223,True,0.02003201829972146,0.005686701728078729,0.03437733487136419,6.808121372273637e-05,1.0
972,0.125,2,0.1776089512664523,0.003386753822128457,3.1315114498138428,True,0.008650661036573783,0.004664920389414542,0.012636401683733022,6.788161566457602e-05,1.0
973,0.125,2,0.17359070746402586,0.003981988931294581,0.3618529736995697,False,0.004692590349178582,0.009026931048604922,0.0003582496497522405,6.76821690758941e-05,1.0
974,0.25,4,0.17958980481341902,0.0032114038464527823,7.111401557922363,True,0.002918108983502015,0.005600450494442745,0.00023576747256128468,6.7482874868875e-05,1.0
975,0.125,2,0.17561553956492815,0.0033916334750158502,4.638442039489746,True,0.05412675582620101,0.008377128712401805,0.09987638294000022,6.728373395500606e-05,1.0
976,0.25,2,0.18116416799163393,0.0035329221713056936,0.8646372556686401,False,0.015676814882573366,0.009974112212862792,0.021379517552283938,6.708474724507354e-05,1.0
977,0.375,4,0.19599291831379856,0.0033977177057891656,0.5795434713363647,False,0.0030420355840135196,0.005882572976359005,0.0002014981916680343,6.688591564915855e-05,1.0
978,0.0,0,0.18085142551950237,0.00375708048717232,0.28703704476356506,False,0.005521861679332305,0.010992024323557791,5.1699035106818203e-05,6.668724007663263e-05,1.0
979,0.25,4,0.18571024735591682,0.002371440284462989,4.381680011749268,True,0.004121067036851807,0.008068835793637177,0.000173298280066438,6.648872143615381e-05,1.0
980,0.125,2,0.18106613544856895,0.0029042258045067462,0.0647789016366005,False,0.005313057969006006,0.010432580866186515,0.0001935350718254976,6.629036063566231e-05,1.0
981,0.125,1,0.17707781582573412,0.0026408760402632193,0.31777262687683105,False,0.013277871788133997,0.013277871788133997,,6.609215858237662e-05,1.0
982,0.0,1,0.16339761505408051,0.004169100585667977,0.5227403044700623,False,0.009343603629419025,0.015500373948103085,0.0031868333107349634,6.589411618278899e-05,1.0
983,0.375,4,0.17949803396733846,0.004333021342689371,0.21517327427864075,False,0.004234718181998945,0.007160417365366499,0.0013090189986313912,6.569623434266161e-05,1.0
984,0.25,2,0.18455556049661417,0.0023882209825581845,0.2818019390106201,False,0.005899767277688601,0.011568384670142975,0.00023114988523422579,6.549851396702225e-05,1.0
985,0.0,0,0.17029766427542178,0.004471671443294171,1.932391881942749,True,0.009472040094041527,0.014321475501472758,0.004622604686610296,6.530095596016033e-05,1.0
986,0.125,2,0.1668442561836126,0.0024438853654511422,0.09148985892534256,False,0.0030221752768544155,0.0058285272440932335,0.00021582330961559753,6.510356122562255e-05,1.0
987,0.0,0,0.15395465218920126,0.003385872711406755,0.2635830044746399,False,0.011301645523681056,0.016431760873090836,0.006171530174271274,6.490633066620888e-05,1.0
988,0.125,2,0.15176382849008124,0.0027747258523226604,0.07867549359798431,False,0.004150328056529663,0.008257119867112198,4.35362459471268e-05,6.470926518396855e-05,1.0
989,0.125,2,0.1494540690393013,0.0030961054073145216,0.041373949497938156,False,0.003531104254036219,0.00706220641562744,2.092444997633674e-09,6.451236568019562e-05,1.0
990,0.0,0,0.13790794926667935,0.00398998882085508,0.8739352822303772,False,0.008168255375654538,0.009780510643295343,0.006556000108013731,6.431563305542515e-05,1.0
991,0.375,3,0.15598928347834307,0.005864273223431687,0.6046420931816101,False,0.00559816273474387,0.008599722735452833,0.0025966027340349083,6.411906820942891e-05,1.0
992,0.375,3,0.17276292719632377,0.004641991071652643,0.11276016384363174,False,0.0057667057810955585,0.00641070990071049,0.005122701661480626,6.392267204121138e-05,1.0
993,0.0,0,0.1594160744642448,0.004029117643156727,0.048012517392635345,False,0.0028601437470265833,0.005720287415984014,7.806915300518936e-11,6.372644544900553e-05,1.0
994,0.25,4,0.16651023741740817,0.003610316158361236,0.13166560232639313,False,0.0076273016588562816,0.010907301145590175,0.004347302172122388,6.353038933026877e-05,1.0
995,0.0,0,0.15364643814484671,0.003432351638267798,0.3054603934288025,False,0.008814849733788432,0.017597230695992044,3.2468771584821556e-05,6.333450458167881e-05,1.0
996,0.25,4,0.16118339571590493,0.002870606475796803,6.432441234588623,True,0.013712949027949914,0.0034118711171095073,0.02401402693879032,6.313879209912967e-05,1.0
997,0.0,0,0.14873112322672719,0.004849784567839265,0.03315243497490883,False,0.002384161533938874,0.004768322635124485,4.327532631555849e-10,6.294325277772743e-05,1.0
998,0.5,5,0.17606746843283763,0.00781878757346947,4.068500518798828,True,0.0011822503693949165,0.0023644453540285896,5.538476124335386e-08,6.274788751178619e-05,1.0
999,0.25,3,0.1816859758368261,0.004080422633265028,1.8572311401367188,True,0.002311515987251545,0.004490154009493639,0.00013287796500945054,6.255269719482408e-05,1.0
1000,0.0,0,0.16764977025539057,0.004263166432536268,0.13251693546772003,False,0.0051343068745851985,0.005679690830581669,0.004588922918588728,6.235768271955897e-05,1.0
1001,0.0,0,0.1546979360252214,0.004764042790461152,1.3819679021835327,True,0.0193654742167564,0.0032729811366672573,0.03545796729684555,6.216284497790461e-05,1.0
1002,0.125,2,0.15264669970622285,0.002043678248619742,0.19013135135173798,False,0.0032142318220484615,0.004912981716488386,0.0015154819276085366,6.196818486096634e-05,1.0
1003,0.0,0,0.14085393227584903,0.004554843953982341,0.41846269369125366,False,0.002671235390647857,0.003526406682529798,0.001816064098765916,6.177370325903725e-05,1.0
1004,0.25,4,0.14937917879684925,0.0032167063171258978,0.0498804897069931,False,0.0029927557173667543,0.004546352682467726,0.001439158752265783,6.157940106159386e-05,1.0
1005,0.25,3,0.1575418346927923,0.003993749240515309,0.1843295395374298,False,0.0029314606489882914,0.005829617469295289,3.330382868129367e-05,6.138527915729226e-05,1.0
1006,0.375,7,0.17419265370722453,0.004515578551193446,0.03284981846809387,False,0.0019974541112284133,0.003994908219082764,3.3740623035554173e-12,6.119133843396384e-05,1.0
1007,0.25,2,0.18043634701666142,0.002904347610728728,0.15898314118385315,False,0.003181773962962779,0.0063530837708324645,1.0464155093093469e-05,6.099757977861148e-05,1.0
1008,0.25,4,0.18600264199157937,0.0015196789811163733,1.4703376293182373,True,0.050803701501697725,0.006156440563936164,0.09545096243945929,6.0804004077405306e-05,1.0
1009,0.125,2,0.18133594104730572,0.0026837283776162584,0.16538961231708527,False,0.01666603310028917,0.0026176059447657004,0.030714460255812637,6.0610612215678595e-05,1.0
1010,0.125,2,0.17674157900450546,0.002312469939810718,0.06445091962814331,False,0.003371353737282033,0.005786593902560616,0.0009561135720034494,6.0417405077924004e-05,1.0
1011,0.5,4,0.20151795789029045,0.005972522927401867,3.5946664810180664,True,0.007917990602299878,0.0070940514872074555,0.0087419297173923,6.0224383547789196e-05,1.0
1012,0.375,5,0.21516542796922453,0.004460392857441714,0.22789518535137177,False,0.002307944950262795,0.004615880752465759,9.148059830122691e-09,6.003154850807299e-05,1.0
1013,0.125,3,0.2084427570829147,0.00354536562744006,0.0429910272359848,False,0.003004918025027362,0.005934365839119679,7.547021093504564e-05,5.9838900840721224e-05,1.0
1014,0.25,4,0.2117464082901873,0.002193137047726778,0.25472691655158997,False,0.005387921173406222,0.00825002733586189,0.002525815010950554,5.964644142682292e-05,1.0
1015,0.25,2,0.21469682491393852,0.002154339541292009,1.1495822668075562,True,0.040824320262778255,0.009878161229903249,0.07177047929565326,5.945417114660597e-05,1.0
1016,0.375,3,0.2276163161998569,0.0033631679504949868,4.561243057250977,True,0.0036902222959566467,0.006828230670587805,0.0005522139213254886,5.926209087943326e-05,1.0
1017,0.25,3,0.22905539161771568,0.0018491665677396933,0.26191872358322144,False,0.008033351509215213,0.015611843550260927,0.00045485946816949775,5.9070201503798675e-05,1.0
1018,0.125,2,0.22068030082442655,0.004543120492464016,0.40742307901382446,False,0.006954610132676873,0.006467671839327469,0.007441548426026277,5.887850389732311e-05,1.0
1019,0.375,5,0.232652338344507,0.003112779926553135,0.036479346454143524,False,0.002750255351493341,0.0054098117646313,9.06989383553826e-05,5.868699893675023e-05,1.0
1020,0.625,4,0.26291236294665316,0.007175569963682662,4.121253967285156,True,0.018574073732614906,0.006168979056941168,0.030979168408288644,5.849568749794273e-05,1.0
1021,0.125,3,0.2525009880085319,0.004071246167477692,2.7618730068206787,True,0.051637347546892545,0.007146196529780417,0.09612849856400467,5.8304570455878216e-05,1.0
1022,0.5,5,0.27133536209576053,0.004016683128064077,2.620694398880005,True,0.045585633215432256,0.007264580604212022,0.08390668582665249,5.811364868464515e-05,1.0
1023,0.125,3,0.26027326578454163,0.0027326941916860966,0.11232122778892517,False,0.005948813442320216,0.0118966351353877,9.917492527316113e-07,5.7922923057438975e-05,1.0
1024,0.0,0,0.24016577510411366,0.005544303380927235,0.30839934945106506,False,0.007750313473073806,0.01530179856988044,0.0001988283762671718,5.773239444655796e-05,1.0
1025,0.125,2,0.23102649625449992,0.0024356364973731988,0.2949390113353729,False,0.0045588772599665164,0.00910795479850109,9.799721431942874e-06,5.754206372339942e-05,1.0
1026,0.375,6,0.24219626518512158,0.004009838707382885,0.2722192108631134,False,0.009904212092140952,0.018690804791477455,0.0011176193928044474,5.7351931758455555e-05,1.0
1027,0.25,2,0.24222077368290842,0.0036452755693928375,0.4524744153022766,False,0.01109520778705787,0.02212121137012801,6.920420398773027e-05,5.716199942130952e-05,1.0
1028,0.375,4,0.25184934886920957,0.0034138076665531716,2.107746124267578,True,0.00661411301199883,0.01321815248861247,1.0073535385190052e-05,5.69722675806314e-05,1.0
1029,0.125,2,0.24190255096318944,0.003047778761835144,0.3832659423351288,False,0.008078183555698342,0.015764428833622453,0.00039193827777423334,5.678273710417451e-05,1.0
1030,0.25,2,0.24233015606886266,0.002255950678206623,0.9075770974159241,False,0.004841461491030381,0.009673075866508377,9.847115552385276e-06,5.659340885877098e-05,1.0
1031,0.5,4,0.2617483698905028,0.00407497054999023,0.1687198430299759,False,0.0045467555961390795,0.0089876256774944,0.0001058855147837595,5.640428371032804e-05,1.0
1032,0.5,5,0.2799634336696882,0.005709266977514792,0.11852476745843887,False,0.005135408020975864,0.009996400316257505,0.0002744157256942213,5.621536252382426e-05,1.0
1033,0.25,5,0.27764957454653766,0.0028339442133764564,0.2547426223754883,False,0.00904469038432841,0.01502705175789878,0.0030623290107580406,5.6026646163305115e-05,1.0
1034,0.25,4,0.27522043341699687,0.0027230587140403915,0.18571944534778595,False,0.0033017673950985708,0.005922069358096211,0.0006814654321009306,5.58381354918794e-05,1.0
1035,0.25,2,0.2730740553326865,0.002451351026283376,0.13954997062683105,False,0.003939595805323258,0.007878976883919647,2.1472672687008016e-07,5.564983137171518e-05,1.0
1036,0.125,2,0.2614875362431528,0.004004117425260544,2.4413373470306396,True,0.0033567753745386043,0.006713547172018532,3.577058677411419e-09,5.546173466403588e-05,1.0
1037,0.0,0,0.24128623672739766,0.006098411831937809,0.1006397008895874,False,0.005654605077480548,0.007524662376242108,0.0037845477787189887,5.527384622911619e-05,1.0
1038,0.375,5,0.2519564952776854,0.004642685735829722,2.566767692565918,True,0.007399806536574508,0.0044522002523887175,0.010347412820760299,5.5086166926278404e-05,1.0
1039,0.5,5,0.27073293431721746,0.0050343822908024,5.160362720489502,True,0.03508003715929822,0.003966467642025432,0.06619360667657101,5.489869761388816e-05,1.0
1040,0.25,3,0.269423338848115,0.0021581101364892595,0.5802450776100159,False,0.007825220020621972,0.005543388584367444,0.0101070514568765,5.471143914935082e-05,1.0
1041,0.125,3,0.2583119464771539,0.003640944932235499,0.0579703114926815,False,0.004640559656934139,0.0091719173790143,0.00010920193485397716,5.452439238910743e-05,1.0
1042,0.375,6,0.2672767397131527,0.002274109190966892,5.0425639152526855,True,0.0389206693721817,0.006717030170225604,0.07112430857413779,5.433755818863063e-05,1.0
1043,0.25,2,0.2653636484873837,0.001853426744692059,0.03309815004467964,False,0.002491464580660811,0.0049231143867639994,5.981477455762293e-05,5.4150937402421096e-05,1.0
1044,0.25,4,0.26426985883576887,0.00251014271840284,0.11712458729743958,False,0.0024878244996011357,0.004975407922234004,2.410769682672245e-07,5.396453088400334e-05,1.0
1045,0.25,4,0.2629714016319311,0.0035779391824999,0.0847388282418251,False,0.00293733148645632,0.005332555862366468,0.0005421071105461718,5.377833948592185e-05,1.0
1046,0.0,0,0.2426554656421381,0.005819808705687407,0.34771212935447693,False,0.00350626355690821,0.006213497201441368,0.0007990299123750516,5.3592364059737365e-05,1.0
1047,0.25,4,0.24292980508922937,0.002184654881153359,0.9998211860656738,False,0.0506846857452523,0.004953486256768429,0.09641588523373616,5.340660545602283e-05,1.0
1048,0.125,2,0.23406218876449517,0.0044285761971310945,0.26195454597473145,False,0.0052124444405609515,0.005692937310093729,0.004731951571028174,5.3221064524359445e-05,1.0
1049,0.25,4,0.23509743434263428,0.0019162399450382284,0.053097039461135864,False,0.003540515840462418,0.007081011510114618,2.0170810218137124e-08,5.303574211333293e-05,1.0
1050,0.125,2,0.2268349102132821,0.0025386982171827785,3.342298746109009,True,0.003431894146784525,0.006674943555243491,0.0001888447383255588,5.285063907052966e-05,1.0
1051,0.125,2,0.21911170991033962,0.0036572244867022676,0.5074641704559326,False,0.00482865118338085,0.009398362738766083,0.00025893962799561614,5.266575624253258e-05,1.0
1052,0.125,1,0.21218416780679542,0.0030630075784997515,0.06134635955095291,False,0.005292393616870479,0.010280154454182408,0.0003046327795585486,5.248109447491757e-05,1.0
1053,0.25,3,0.21491346856439386,0.0029164956136233317,4.674638271331787,True,0.036986597226126676,0.003559223063440844,0.0704139713888125,5.229665461224937e-05,1.0
1054,0.125,2,0.20801325287889605,0.0026752194414789,0.0421438030898571,False,0.0039763548854049825,0.007951508054393956,1.201716416009404e-06,5.2112437498077925e-05,1.0
1055,0.125,1,0.20194312546469462,0.004069104724292187,0.1321316510438919,False,0.004867360383791982,0.008125204544344483,0.0016095162232394804,5.1928443974934394e-05,1.0
1056,0.0,1,0.18634194759873873,0.0036971153174696785,0.08124656975269318,False,0.006234905011792951,0.012467990012537436,1.8200110484659081e-06,5.174467488432724e-05,1.0
1057,0.125,2,0.18174704349610168,0.002260034735874598,0.18003986775875092,False,0.002332591743300003,0.0043660615425904,0.00029912194400960596,5.1561131066738574e-05,1.0
1058,0.25,4,0.18691901061298824,0.0024369853984371925,0.2826894521713257,False,0.005453939380224277,0.009371511798395439,0.0015363669620531146,5.137781336162022e-05,1.0
1059,0.375,2,0.20072388080293088,0.003996953875361566,1.317350149154663,True,0.0056486645994014125,0.004684635314405227,0.006612693884397598,5.119472260738971e-05,1.0
1060,0.25,2,0.2043327566548867,0.003063034827242212,7.0164690017700195,True,0.045898875062290255,0.004991737431011807,0.0868060126935687,5.101185964142674e-05,1.0
1061,0.0,0,0.18854696710112795,0.004443108237162425,0.06183958053588867,False,0.0037434575955671077,0.007485882454304398,1.0327368298172356e-06,5.082922530006918e-05,1.0
1062,0.125,2,0.18358667364304146,0.002524508047178007,0.48564717173576355,False,0.004640605075931417,0.009279387647121884,1.8225047409504783e-06,5.0646820418609184e-05,1.0
1063,0.125,2,0.17910661907178657,0.002670753107770681,0.3902492821216583,False,0.020068466980827072,0.007842660347356764,0.03229427361429738,5.046464583128957e-05,1.0
1064,0.125,2,0.1745903359644835,0.0026375245541227716,0.1976100653409958,False,0.009108908625256746,0.012381485047537217,0.005836332202976275,5.028270237129975e-05,1.0
1065,0.25,3,0.18070826630961526,0.004030662506134358,1.1099640130996704,True,0.0062460419146703715,0.010506833453922344,0.0019852503754183987,5.010099087077218e-05,1.0
1066,0.125,3,0.17616239547047513,0.002660454333906637,0.1837274432182312,False,0.006516875773234836,0.010474055034372931,0.0025596965120967393,4.991951216077842e-05,1.0
1067,0.125,2,0.171967717272104,0.002318139266018306,0.06702598929405212,False,0.004328381819093282,0.008656763512420828,1.257657359471117e-10,4.9738267071325264e-05,1.0
1068,0.25,4,0.17780395220478445,0.0027165356709257654,0.21695904433727264,False,0.0037318415497932084,0.0074636746064703705,8.493116046569115e-09,4.955725643135102e-05,1.0
1069,0.25,4,0.1833785540442803,0.0018708621461502896,0.09185260534286499,False,0.004988405944943722,0.005245576146095577,0.004731235743791866,4.937648106872189e-05,1.0
1070,0.0,0,0.16921158781622322,0.004971506153238268,1.560056209564209,True,0.0067649245960382425,0.013308724687359724,0.00022112450471676104,4.919594181022787e-05,1.0
1071,0.25,2,0.17564308489314412,0.0026923729564145345,0.13351161777973175,False,0.0035389560770659836,0.00707180284020383,6.109313928137016e-06,4.9015639481579036e-05,1.0
1072,0.125,2,0.17197372469810146,0.002415297712045623,0.2500612139701843,False,0.005452272725858966,0.008648114678132219,0.002256430773585713,4.883557490740212e-05,1.0
1073,0.125,1,0.16868784204618087,0.0024250068130078468,0.052406568080186844,False,0.004387107786227619,0.008773903921264235,3.1165119100401287e-07,4.865574891123623e-05,1.0
1074,0.0,1,0.15565581126260844,0.0037877357759669847,0.2504921555519104,False,0.009746779782664515,0.01304094130571877,0.006452618259610261,4.847616231552936e-05,1.0
1075,0.25,4,0.1626513355934556,0.0026383185097381212,0.3552550971508026,False,0.008081112827769426,0.007429080351388613,0.00873314530415024,4.829681594163466e-05,1.0
1076,0.0,0,0.15008565696047627,0.0038084364853794056,0.2744916081428528,False,0.01718345335438397,0.012263415364380295,0.022103491344387646,4.811771060980658e-05,1.0
1077,0.25,4,0.1578977037700083,0.002881245405315724,0.08196573704481125,False,0.00468494017687624,0.009361206349829263,8.674003923216781e-06,4.793884713919709e-05,1.0
1078,0.375,2,0.1745181190151266,0.0040284532763630605,0.11224305629730225,False,0.0037795529276220263,0.0066640440081256885,0.0008950618471183644,4.776022634785209e-05,1.0
1079,0.125,2,0.17073865840274838,0.0032202077371547033,0.03916255757212639,False,0.002498269850096962,0.00499602877130996,5.109288839641194e-07,4.7581849052707445e-05,1.0
1080,0.125,2,0.16715415127487707,0.0016759942354040646,0.11397513747215271,False,0.005680375515180176,0.011306730208127051,5.4020822233299914e-05,4.740371606958547e-05,1.0
1081,0.125,2,0.16404160624049474,0.0031211688007477694,0.9387508034706116,False,0.013575252170036259,0.004900370619936771,0.022250133720135748,4.722582821319109e-05,1.0
1082,0.0,0,0.1513685218238505,0.004001301653405101,1.3075579404830933,True,0.018945878507765634,0.017294364194789,0.02059739282074227,4.704818629710804e-05,1.0
1083,0.25,2,0.1591784904163549,0.0037169074900353254,2.1251068115234375,True,0.0035274568547589437,0.007041885813077515,1.3027896440372063e-05,4.687079113379533e-05,1.0
1084,0.125,2,0.15648706759873698,0.0022714757058056915,0.4622032642364502,False,0.006035228317984486,0.012068728716488043,1.727919480928682e-06,4.669364353458342e-05,1.0
1085,0.25,3,0.16400357147331787,0.004288289416029925,0.2964473068714142,False,0.007285222464562679,0.004465862159255773,0.010104582769869586,4.65167443096704e-05,1.0
1086,0.25,4,0.17074822693824424,0.0028596428731088057,0.1749969869852066,False,0.002601467030099794,0.005093484710114197,0.00010944935008539024,4.6340094268118526e-05,1.0
1087,0.375,6,0.18686792098923932,0.005406101208783549,0.11573513597249985,False,0.0028206938932501813,0.005608363376322926,3.302441017743702e-05,4.6163694217850386e-05,1.0
1088,0.25,5,0.19183834275159636,0.0027481460909110356,0.054263148456811905,False,0.002781184111900995,0.005535075387652646,2.7292836149344166e-05,4.598754496564511e-05,1.0
1089,0.125,2,0.18643261445589038,0.003660887546932004,0.09097457677125931,False,0.003920335885530385,0.007840366211069273,3.055599914969263e-07,4.581164731713493e-05,1.0
1090,0.125,2,0.1815396063564988,0.003476293652431627,0.035513851791620255,False,0.0019369805885365802,0.003749580742912722,0.00012438043416043834,4.56360020768012e-05,1.0
1091,0.0,0,0.16751470859399237,0.002896708803334659,0.030169930309057236,False,0.001865550965093109,0.0037179177204778595,1.3184209708358429e-05,4.5460610047970956e-05,1.0
1092,0.125,2,0.16408320909274557,0.0025358078869054373,0.8393661975860596,False,0.016587955753340367,0.012985925938836832,0.0201899855678439,4.52854720328132e-05,1.0
1093,0.0,0,0.151406910635038,0.004944187151193582,0.06046083942055702,False,0.004509283346265475,0.0089364523076107,8.21143849202501e-05,4.5110588832335023e-05,1.0
1094,0.25,1,0.15960992348820355,0.002967747435363801,2.1210126876831055,True,0.004177068141023634,0.0032456683929410735,0.005108467889106193,4.493596124637825e-05,1.0
1095,0.25,4,0.16669401157079605,0.003255520739880779,54.44400405883789,True,2.042389429430971,0.0036814090757416413,4.0810974497862,4.476159007361559e-05,1.0
1096,0.25,1,0.1725514697429383,0.0027482089334822215,0.08744712918996811,False,0.0023147358265852825,0.003809453926573545,0.0008200177265970204,4.458747611154697e-05,1.0
1097,0.25,3,0.17873085372003614,0.003383224923820915,7.5341973304748535,True,0.0016571859603338641,0.0026843645623113267,0.0006300073583564017,4.4413620156496e-05,1.0
1098,0.0,1,0.16492294700073604,0.0038367160893913754,0.0810343399643898,False,0.0035117258546687184,0.005104354211991628,0.0019190974973458087,4.424002300360632e-05,1.0
1099,0.25,4,0.17120253592835624,0.00258032955770735,1.569589376449585,True,0.021042493971876464,0.0044639963906275785,0.03762099155312535,4.406668544683779e-05,1.0
1100,0.125,2,0.1675821918004961,0.0024642368113725697,0.11842725425958633,False,0.0025117170733097733,0.004974519218709116,4.891492791043048e-05,4.389360827896312e-05,1.0
1101,0.375,3,0.1841395683645099,0.003661373275431095,1.1589417457580566,True,0.009711326828189842,0.009241083326751364,0.010181570329628322,4.372079229156399e-05,1.0
1102,0.375,6,0.1993207698425988,0.003997300050084929,2.0966007709503174,True,0.07058114217934662,0.0051703773282704025,0.13599190703042283,4.354823827502765e-05,1.0
1103,0.125,3,0.19352814296154663,0.0025441067066462705,0.9189797639846802,False,0.01951889033023252,0.004701801223134567,0.03433597943733047,4.337594701854319e-05,1.0
1104,0.25,4,0.1975978287342652,0.002305491696101151,0.45504072308540344,False,0.011525814273615691,0.004044353207148922,0.01900727534008246,4.320391931009787e-05,1.0
1105,0.375,5,0.21135310968903007,0.0034840699222961733,0.18924961984157562,False,0.005815230008373896,0.0034377930597784415,0.008192666956969352,4.3032155936473685e-05,1.0
1106,0.375,4,0.22443486111539473,0.0038157264500320465,2.8223676681518555,True,0.007167399725277555,0.004117695124765472,0.010217104325789638,4.2860657683243653e-05,1.0
1107,0.125,3,0.21670203743889763,0.002710696247762413,0.46116945147514343,False,0.002522756515989773,0.004733901238070513,0.00031161179390903334,4.268942533476822e-05,1.0
1108,0.5,3,0.2389765159174633,0.00488492691187111,5.028896808624268,True,0.01531934579849674,0.005655963217109526,0.024982728379883957,4.25184596741916e-05,1.0
1109,0.0,1,0.22051431215570869,0.005595159322970221,0.20273733139038086,False,0.005545800600372538,0.010795474231444368,0.00029612696930070845,4.2347761483438574e-05,1.0
1110,0.25,2,0.22278736168710242,0.0026320008334573797,0.1426541954278946,False,0.003028593211373957,0.0059049055477951645,0.00015228087495274917,4.217733154321034e-05,1.0
1111,0.25,3,0.22508575648136783,0.0028097257572446887,0.1568126678466797,False,0.008385584814314041,0.015623652500998333,0.0011475171276297477,4.2007170632981336e-05,1.0
1112,0.25,3,0.22691734106354688,0.0021738250393890965,2.3050973415374756,True,0.0036074835258557625,0.00585291435719645,0.0013620526945150749,4.1837279530995586e-05,1.0
1113,0.25,3,0.22889667303907868,0.0020206915357091405,1.915366291999817,True,0.00959145279624919,0.008294123413949922,0.010888782178548459,4.166765901426317e-05,1.0
1114,0.0,1,0.2112131906190122,0.004805696270113724,0.12337914854288101,False,0.00492523031581421,0.00897139997515269,0.0008790606564757301,4.149830985855649e-05,1.0
1115,0.25,4,0.21401750451595636,0.0028725843045021068,0.9868065714836121,False,0.00545494702902597,0.010909222039277784,6.720187741557125e-07,4.1329232838406965e-05,1.0
1116,0.25,4,0.21641013038587206,0.0026906212995135635,0.03658672794699669,False,0.0025900856788394966,0.005180171246465137,1.112138557578628e-10,4.1160428727101406e-05,1.0
1117,0.25,2,0.21900024973401788,0.002910131276011559,0.4386521875858307,False,0.012989505031309655,0.007100205105444622,0.01887880495717469,4.0991898296678315e-05,1.0
1118,0.25,2,0.2208167734935344,0.0021657614308713278,0.5212422013282776,False,0.006955776828933325,0.008204934340040325,0.0057066193178263265,4.082364231792466e-05,1.0
1119,0.25,2,0.22268220817486065,0.003223899416256434,0.5460665225982666,False,0.018544976671399326,0.009564143429365636,0.027525809913433015,4.0655661560372025e-05,1.0
1120,0.125,2,0.21527982613684626,0.0039388435224631535,0.03736231103539467,False,0.0026246192099909638,0.005247097398046134,2.1410219357929605e-06,4.048795679229337e-05,1.0
1121,0.125,2,0.20835130738513996,0.0032090092545505235,1.9132009744644165,True,0.023337724707822992,0.00917384791572028,0.0375016014999257,4.032052878069938e-05,1.0
1122,0.125,2,0.2015757169458285,0.0029606214465058584,0.062428634613752365,False,0.006065615720027305,0.011465688470701172,0.0006655429693534376,4.015337829133488e-05,1.0
1123,0.125,2,0.1958039233372674,0.0025970179635699574,0.09169092774391174,False,0.0039651868505389395,0.007930238448597027,1.3525248085158762e-07,3.998650608867554e-05,1.0
1124,0.125,2,0.1902829915076347,0.0023155492565170048,0.06728306412696838,False,0.004260116649799848,0.005327138608678115,0.0031930946909215813,3.981991293592423e-05,1.0
1125,0.125,1,0.18558262085354293,0.004261586229757947,0.6417471766471863,False,0.004854858363950392,0.005706911928369869,0.004002804799530914,3.965359959500748e-05,1.0
1126,0.25,5,0.19075133887063497,0.00242776922187983,0.3080202043056488,False,0.004998080668897607,0.009595487646627668,0.0004006736911675463,3.94875668265722e-05,1.0
1127,0.0,0,0.1760147858979007,0.0045584243814687725,0.04758588969707489,False,0.0035508360759882924,0.007080940739044449,2.0731412932135996e-05,3.9321815389982054e-05,1.0
1128,0.25,3,0.18202266992815413,0.0023716636892959176,0.19002506136894226,False,0.0044649350035647845,0.008553938338934438,0.0003759316681951312,3.915634604331392e-05,1.0
1129,0.375,5,0.19716940304180877,0.0032196278503771186,1.3346308469772339,True,0.018488682359993517,0.004833475791470243,0.032143888928516794,3.899115954335464e-05,1.0
1130,0.25,4,0.20124792105934927,0.0020841760497676697,0.09007522463798523,False,0.004809492651660624,0.009276427293113532,0.0003425580102077163,3.8826256645597336e-05,1.0
1131,0.25,4,0.20472409490123333,0.002339507091034137,0.380464643239975,False,0.07657551770816193,0.005401199029946258,0.1477498363863776,3.866163810423812e-05,1.0
1132,0.375,6,0.21783171587074096,0.005047657366766143,5.118354797363281,True,0.002473298766886313,0.003765340045109167,0.0011812574886634593,3.8497304672172576e-05,1.0
1133,0.125,2,0.21032371357692625,0.0020576280710022173,0.4625508189201355,False,0.020849264820412848,0.016862124487018456,0.02483640515380724,3.833325710099224e-05,1.0
1134,0.125,2,0.20358499131448624,0.003265696170397466,0.12760859727859497,False,0.00555644056661221,0.010040529810839879,0.0010723513223845399,3.816949614098134e-05,1.0
1135,0.125,2,0.19765797060059637,0.0034528290657976825,0.11917814612388611,False,0.01155494243072817,0.020788023110450738,0.0023218617510056038,3.800602254111325e-05,1.0
1136,0.125,2,0.19170849716216,0.002124717558781333,0.8071243762969971,False,0.015206617000215566,0.005837735693716252,0.02457549830671488,3.784283704904698e-05,1.0
1137,0.125,2,0.186218652112203,0.0022624565643831105,1.5394788980484009,True,0.007606611155158254,0.006567691409491745,0.008645530900824764,3.767994041112397e-05,1.0
1138,0.375,2,0.20123626324005395,0.004203791029422647,0.6288182139396667,False,0.0074710220161994835,0.005399825468704238,0.009542218563694728,3.751733337236458e-05,1.0
1139,0.25,3,0.20539268423126011,0.0034589762941595412,0.1175142154097557,False,0.0062208228927630605,0.01001631605295555,0.0024253297325705714,3.735501667646451e-05,1.0
1140,0.125,3,0.19922799964870438,0.003848146724422421,0.15350279211997986,False,0.004359362729945105,0.007883488819481626,0.0008352366404085833,3.719299106579173e-05,1.0
1141,0.125,2,0.19315723313639938,0.0029925168813487216,3.862781524658203,True,0.006651010578022248,0.012892335153517996,0.0004096860025264988,3.7031257281382774e-05,1.0
1142,0.375,2,0.20676547415999938,0.0038476863513628784,0.3631375730037689,False,0.0038727818305396055,0.007697533212225977,4.803044885323442e-05,3.686981606293959e-05,1.0
1143,0.5,2,0.22864305984409258,0.004617112370903027,5.380264759063721,True,0.00389162365555217,0.005954293761559422,0.0018289535495449188,3.670866814882602e-05,1.0
1144,0.125,2,0.2208791703889018,0.0025685229932751836,0.0967283844947815,False,0.005580674753915676,0.005866841517529127,0.005294507990302226,3.6547814276064444e-05,1.0
1145,0.25,4,0.2230357360650696,0.0017550243545850798,0.25067850947380066,False,0.006939097011245581,0.013597816626508693,0.00028037739598246877,3.638725518033232e-05,1.0
1146,0.375,4,0.23443273411487892,0.0032656434476873502,2.5569067001342773,True,0.003156508960063114,0.006093407549312866,0.00021961037081336154,3.622699159595918e-05,1.0
1147,0.25,4,0.2352481751838057,0.002113293142201974,1.4705947637557983,True,0.009099429228066202,0.006638921149682849,0.011559937306449554,3.60670242559228e-05,1.0
1148,0.125,2,0.22677699552470662,0.0025401202998596864,0.06107480451464653,False,0.004198492721744441,0.008340553800469223,5.643164301965853e-05,3.590735389184605e-05,1.0
1149,0.0,0,0.2092572694387272,0.004820685211045512,0.17552873492240906,False,0.005267088636774412,0.007150707522537485,0.0033834697510113404,3.574798123399367e-05,1.0
1150,0.125,2,0.2028920351450592,0.002625610446235119,0.06474912166595459,False,0.003625562081789139,0.007251124144144722,1.943355600892843e-11,3.558890701126881e-05,1.0
1151,0.0,0,0.1872175489717865,0.00592166692117117,0.19080543518066406,False,0.006039938598548365,0.009441239308702514,0.002638637888394217,3.5430131951209614e-05,1.0
1152,0.125,2,0.18255500001751535,0.0023991097669848653,0.05684365704655647,False,0.0034094157244786982,0.0067758621709114114,4.296927804598531e-05,3.527165677998603e-05,1.0
1153,0.25,4,0.18776255820645119,0.002607868995323553,1.506100058555603,True,0.0030975456477488404,0.006183143027619032,1.1948267878648408e-05,3.5113482222396496e-05,1.0
1154,0.25,4,0.1922805478762863,0.0029785710502029756,0.430419921875,False,0.006569541145244874,0.009157248760904528,0.00398183352958522,3.495560900186446e-05,1.0
1155,0.125,2,0.18674650887360675,0.0026325015632712506,0.04906376451253891,False,0.004201508778110358,0.008276866340356143,0.00012615121586457285,3.479803784043529e-05,1.0
1156,0.375,5,0.20153224076505716,0.003492849142579526,1.2532740831375122,True,0.0024163030811852095,0.004825235004577136,7.371157793283031e-06,3.464076945877276e-05,1.0
1157,0.25,3,0.20479335990019656,0.002677235085306406,2.490692615509033,True,0.004192192615753267,0.005135273014933379,0.0032491122165731546,3.448380457615595e-05,1.0
1158,0.25,4,0.20828288680097395,0.0034733282891557587,0.3872860372066498,False,0.005506684119474861,0.005696265351115433,0.005317102887834289,3.432714391047585e-05,1.0
1159,0.0,0,0.1921919287357298,0.004287998824088258,0.6351367831230164,False,0.011727242307164584,0.018883298189462692,0.004571186424866476,3.4170788178232e-05,1.0
1160,0.125,1,0.18734408255276355,0.003111442172551578,5.671424865722656,True,0.018143549404640774,0.005479920704731243,0.030807178104550307,3.4014738094529394e-05,1.0
1161,0.125,1,0.18219141168709874,0.0027398464181797237,2.2270774841308594,True,0.05194875954743028,0.007538551350666081,0.09635896774419447,3.3858994373075146e-05,1.0
1162,0.25,4,0.1869467124826732,0.002530667933838494,0.10274206101894379,False,0.004214222882193709,0.0059922802691752056,0.0024361654952122116,3.3703557726175064e-05,1.0
1163,0.375,4,0.2011336906631984,0.003887813050669424,0.030927419662475586,False,0.0019991219829069403,0.003997991870963937,2.520948499439106e-07,3.354842886473065e-05,1.0
1164,0.125,2,0.1952980359301728,0.002657688599707165,0.11654186248779297,False,0.0027980608045045587,0.005596119152877908,2.4561312090502396e-09,3.339360849823573e-05,1.0
1165,0.25,4,0.1996201269857603,0.003206111712097501,5.749838352203369,True,0.0021929583570006166,0.004381493911677821,4.422802323411912e-06,3.323909733477307e-05,1.0
1166,0.125,2,0.19390140307713796,0.0025206506005210623,0.047254037111997604,False,0.003528466047178361,0.007056932094356602,1.2041062306962103e-16,3.308489608101142e-05,1.0
1167,0.25,4,0.19775204490962853,0.0029037912875016845,0.2147432416677475,False,0.0046831926736053365,0.006921332746997442,0.0024450526002132316,3.293100544220209e-05,1.0
1168,0.25,4,0.2016953037317014,0.002471091635885673,0.3497302532196045,False,0.01551200854281485,0.007867172988400459,0.023156844097229238,3.27774261221757e-05,1.0
1169,0.125,2,0.1955280729034653,0.0030835892775350504,0.8602685332298279,False,0.03381542112512391,0.0043925512306525775,0.06323829101959524,3.262415882333915e-05,1.0
1170,0.0,0,0.18042249188338816,0.004046284397122913,0.2862843871116638,False,0.0086527168685052,0.013314461094770844,0.0039909726422395556,3.247120424667214e-05,1.0
1171,0.125,2,0.1759937976398609,0.003206620603831009,0.11570987850427628,False,0.0036003808694362463,0.00718910659250069,1.16551463718028e-05,3.2318563091724254e-05,1.0
1172,0.375,3,0.19170629312440265,0.004468806241264534,0.2601153254508972,False,0.007063770548397307,0.006880927504705072,0.007246613592089541,3.2166236056611565e-05,1.0
1173,0.25,4,0.1965019249689862,0.0028884105442888997,0.13894625008106232,False,0.005640697538234693,0.008215470265845333,0.0030659248106240542,3.2014223838013434e-05,1.0
1174,0.125,3,0.19083100920900525,0.0030207096688025558,4.116241455078125,True,0.12894960643822956,0.005770393345508279,0.25212881953095084,3.1862527131169465e-05,1.0
1175,0.25,4,0.19549526137993514,0.0030093134088651956,0.18938542902469635,False,0.0038954579209387044,0.007770605057976193,2.031078390121559e-05,3.171114662987624e-05,1.0
1176,0.125,2,0.19019321522413463,0.0020100040060834425,0.1682475209236145,False,0.0033476628860387683,0.005918917735747337,0.0007764080363301996,3.156008302648411e-05,1.0
1177,0.0,0,0.17549978026425772,0.004210170056198497,0.07043946534395218,False,0.005254482293268683,0.010432661454370981,7.630313216638529e-05,3.140933701189402e-05,1.0
1178,0.125,2,0.1713562926061196,0.002411547533126799,0.06781116127967834,False,0.0034125739740405022,0.006519639722105927,0.0003055082259750773,3.125890927555458e-05,1.0
1179,0.0,0,0.1581181098591351,0.004653398418688533,3.146477460861206,True,0.016774969305917414,0.010135481732531345,0.023414456879303484,3.110880050545856e-05,1.0
1180,0.0,0,0.14590264696548794,0.0030270307711559867,0.16316938400268555,False,0.0076068112339852355,0.014047095952324529,0.001166526515645941,3.0959011388139936e-05,1.0
1181,0.625,4,0.1827645454834039,0.008125046549906227,0.148235484957695,False,0.003205694896731724,0.006411326997130943,6.279633250469145e-08,3.080954260867078e-05,1.0
1182,0.125,2,0.17844601467434124,0.002948503829741762,0.10263676941394806,False,0.0057476200158718726,0.01132488655250404,0.00017035347923970474,3.066039485065809e-05,1.0
1183,0.25,1,0.18456011328255514,0.002830270405447507,0.7697364687919617,False,0.012730518330437117,0.019851043526088637,0.005609993134785596,3.0511568796240563e-05,1.0
1184,0.125,3,0.17990782543449363,0.0019551835031610875,0.1176053062081337,False,0.008414367562755914,0.016558933075776223,0.00026980204973560266,3.036306512608566e-05,1.0
1185,0.125,1,0.17600899140574341,0.00217732083064703,0.7153258919715881,False,0.013151702586535636,0.00592590398006964,0.02037750119300163,3.0214884519386262e-05,1.0
1186,0.0,1,0.16241136299125913,0.005039161750286175,2.7510643005371094,True,0.005994690718778377,0.011327499734816664,0.0006618817027400896,3.006702765385782e-05,1.0
1187,0.375,2,0.1783948856080014,0.004439153781415165,1.3812885284423828,True,0.007602737138405424,0.007366023769308409,0.007839450507502439,2.991949520573512e-05,1.0
1188,0.125,2,0.17431592420785902,0.002783362442753808,0.3093607723712921,False,0.00510117980643535,0.007669962271295355,0.0025323973415753444,2.977228784976909e-05,1.0
1189,0.375,4,0.18967373769617124,0.004243919252307727,1.6162055730819702,True,0.0046656805260360595,0.0054492895807181155,0.003882071471354004,2.9625406259223926e-05,1.0
1190,0.125,2,0.18492043513145498,0.002958774726934475,0.05931194871664047,False,0.0038619219255033145,0.007649235786445114,7.460806456151553e-05,2.9478851105873917e-05,1.0
1191,0.0,0,0.17063435040885241,0.0032298995659599196,0.05535814166069031,False,0.0033925916022399245,0.006779187543704038,5.99566077581095e-06,2.9332623060000274e-05,1.0
1192,0.0,0,0.15745194152692316,0.0045977245236682165,1.9901156425476074,True,0.015573830787708196,0.022371874253170686,0.008775787322245706,2.9186722790388232e-05,1.0
1193,0.125,2,0.15508894367134343,0.0024798574352798207,0.3318517208099365,False,0.03776546169113945,0.011295734598239106,0.0642351887840398,2.9041150964323936e-05,1.0
1194,0.25,2,0.1628084999371627,0.002344469575389356,0.12796418368816376,False,0.005223033526551757,0.00993580703568793,0.000510260017415584,2.889590824759127e-05,1.0
1195,0.375,5,0.17963763962478524,0.004585389722471014,0.042764998972415924,False,0.0025317882373559436,0.0050635754683451845,1.0063667030606207e-09,2.875099530446904e-05,1.0
1196,0.125,3,0.1755606788833253,0.002490989786383268,0.051005661487579346,False,0.004325940438346501,0.008651872086972365,8.789720636712297e-09,2.8606412797727655e-05,1.0
1197,0.125,1,0.17199768498975224,0.002552798454960349,0.06602039188146591,False,0.0045642582796936336,0.008882233156267202,0.0002462834031200643,2.84621613886264e-05,1.0
1198,0.625,4,0.20675630675025847,0.008131421663279443,0.07606717944145203,False,0.0021937110763709106,0.004385786287580686,1.6358651611355992e-06,2.8318241736910185e-05,1.0
1199,0.25,5,0.21009418559231258,0.002624810379759838,0.09099207073450089,False,0.005519071415633736,0.005519071415633736,,2.8174654500806557e-05,1.0
1200,0.25,3,0.2132780965794712,0.0018254908491423306,0.3532557189464569,False,0.020786336454797535,0.010494835611229622,0.031077837298365447,2.8031400337022847e-05,1.0
1201,0.5,4,0.2353318941494026,0.005369185272600626,0.9373588562011719,False,0.0027807032039551148,0.004631268843385609,0.000930137564524621,2.7888479900742976e-05,1.0
1202,0.375,3,0.24597590023510402,0.004305784313347265,0.28016409277915955,False,0.009324121002410181,0.005744624105438072,0.01290361789938229,2.7745893845624517e-05,1.0
1203,0.125,1,0.23697295689907363,0.003206528110774059,5.323709487915039,True,0.0018496679504528828,0.0036094780605126628,8.985784039310259e-05,2.76036428237958e-05,1.0
1204,0.375,3,0.24777548880151642,0.0040891802210876295,0.04001345485448837,False,0.0016937514779714325,0.003332629582875585,5.487337306727974e-05,2.746172748585283e-05,1.0
1205,0.25,3,0.24843451770088382,0.0027439403823030714,0.5462194085121155,False,0.00802644731606669,0.008590968721191165,0.0074619259109422135,2.732014848085627e-05,1.0
1206,0.0,1,0.2292416331212497,0.004727169946133101,0.2903129756450653,False,0.006922529948909101,0.013800671356690658,4.438854112754377e-05,2.7178906456328658e-05,1.0
1207,0.125,2,0.2210414012036249,0.0030961260902647764,1.0113754272460938,True,0.0033193975121973856,0.0066387173345631755,7.768983159603155e-08,2.7038002058251187e-05,1.0
1208,0.25,4,0.22337468070855812,0.0026337036068916973,0.200800359249115,False,0.00222553331109099,0.004413398230003447,3.7668392178533334e-05,2.6897435931060984e-05,1.0
1209,0.375,4,0.23445921656643262,0.002920962955591463,1.625175952911377,True,0.007833046996852664,0.0054027471689232255,0.010263346824782103,2.6757208717648096e-05,1.0
1210,0.125,2,0.22604898814640245,0.0029249360434793975,0.5523651242256165,False,0.010032512423172709,0.008065899340090006,0.01199912550625541,2.6617321059352396e-05,1.0
1211,0.25,2,0.2280894944928927,0.0016963956138609448,0.17072783410549164,False,0.0028759731427348235,0.004940959264908726,0.0008109870205609208,2.647777359596089e-05,1.0
1212,0.375,4,0.2397753309980631,0.003250558421439626,0.19112980365753174,False,0.002218209808193521,0.003965399374462572,0.00047102024192447037,2.6338566965704658e-05,1.0
1213,0.375,3,0.25066131503216116,0.003277832190359482,0.15785236656665802,False,0.0030277657644145243,0.005686234243276248,0.0003692972855528003,2.6199701805255912e-05,1.0
1214,0.125,3,0.24109739854425216,0.003412538186539353,0.9509626626968384,False,0.00474434664715124,0.0061209543815169895,0.0033677389127854894,2.6061178749725074e-05,1.0
1215,0.25,4,0.24149210694109244,0.002716735361888286,0.7961696982383728,False,0.003631329901670923,0.007243990342171008,1.866946117083725e-05,2.5922998432658124e-05,1.0
1216,0.25,4,0.24224546092511295,0.0025144806835456133,8.115639686584473,True,0.060920848348313426,0.008631651313365666,0.11321004538326118,2.5785161486033304e-05,1.0
1217,0.125,2,0.23294551531190402,0.002634714925561141,4.401533603668213,True,0.012530822573793364,0.0026847490974501974,0.02237689605013653,2.564766854025847e-05,1.0
1218,0.125,2,0.22426989182390714,0.003388535979089257,5.729569911956787,True,0.04030592763376701,0.012016519788106774,0.06859533547942724,2.5510520224168205e-05,1.0
1219,0.5,2,0.2459538029004339,0.003922274667682229,1.5485559701919556,True,0.0034824689139532064,0.0044047625760688025,0.00256017525183761,2.5373717165020938e-05,1.0
1220,0.25,4,0.2465555567007458,0.002371910947286679,0.5667300820350647,False,0.005516040693795483,0.008315508075009135,0.0027165733125818297,2.5237259988495894e-05,1.0
1221,0.125,2,0.2372108218273354,0.0032906082931458487,1.4192700386047363,True,0.007197209290597909,0.007107900020005674,0.007286518561190144,2.5101149318690515e-05,1.0
1222,0.625,5,0.2671264423751403,0.006592401718503226,0.1312696635723114,False,0.0040907785939778936,0.008061511960145023,0.00012004522781076357,2.4965385778117444e-05,1.0
1223,0.0,1,0.24648950744306622,0.005040852792152584,0.42059701681137085,False,0.011269131713458724,0.016447125670365055,0.006091137756552395,2.4829969987701623e-05,1.0
1224,0.0,0,0.22744688522524067,0.006530545521894472,0.8388985991477966,False,0.09647498275511553,0.01395378403706673,0.17899618147316432,2.469490256677764e-05,1.0
1225,0.25,4,0.22889616819975694,0.002574598631570115,0.5520094037055969,False,0.009719984198589856,0.019406184908987194,3.3783488192517084e-05,2.456018413308668e-05,1.0
1226,0.0,0,0.21121272478120648,0.003788786674072667,0.21914798021316528,False,0.010275154811096756,0.020398274063797513,0.00015203555839599637,2.4425815302773886e-05,1.0
1227,0.25,4,0.21372597516559266,0.002100244619080356,0.08067267388105392,False,0.004618038048641106,0.008359032092275304,0.0008770440050069079,2.429179669038548e-05,1.0
1228,0.125,1,0.20721450964548405,0.002169341708510836,0.38371801376342773,False,0.009857318864295084,0.010740590089187515,0.008974047639402651,2.4158128908865836e-05,1.0
1229,0.0,1,0.19120608938385342,0.005014764597501297,0.20246809720993042,False,0.009701435551382762,0.014745769144262007,0.004657101958503516,2.4024812569554854e-05,1.0
1230,0.25,3,0.19594430502026144,0.0024821630473411396,1.2651410102844238,True,0.015202276740753461,0.006012330846720217,0.024392222634786704,2.3891848282185105e-05,1.0
1231,0.0,1,0.18080656786081228,0.0032215731703231633,0.7813841700553894,False,0.009918904950337476,0.019795714082693455,4.209581798149639e-05,2.3759236654878925e-05,1.0
1232,0.0,0,0.16683830121128623,0.0040550609081930694,1.1473441123962402,True,0.01021141074241563,0.01675257435168549,0.0036702471331457693,2.362697829414581e-05,1.0
1233,0.25,4,0.1729728007491515,0.0025381787217007906,0.0778314620256424,False,0.00365400464163235,0.007083743652663585,0.00022426563060111527,2.34950738048796e-05,1.0
1234,0.125,2,0.16921569427161728,0.002565279526718162,4.383115768432617,True,0.00455250588005532,0.008146004956171307,0.0009590068039393339,2.3363523790355557e-05,1.0
1235,0.125,2,0.16584587410307183,0.0030980740963450744,0.33490023016929626,False,0.011990055996219261,0.012370882706115749,0.011609229286322773,2.3232328852227845e-05,1.0
1236,0.0,0,0.1530334004213703,0.004043583999590937,0.3809261620044708,False,0.00825062008734108,0.01641881766339895,8.242251128321115e-05,2.3101489590526548e-05,1.0
1237,0.25,4,0.16071671840908291,0.0026021136617619517,0.5788116455078125,False,0.005894746474079027,0.00983077382158671,0.001958719126571344,2.297100660365512e-05,1.0
1238,0.125,2,0.15790645931784728,0.002268382624035174,0.13652874529361725,False,0.0071657955765588414,0.009470443289903367,0.004861147863214316,2.2840880488387585e-05,1.0
1239,0.125,2,0.15512214904545177,0.002013567248203939,0.10949194431304932,False,0.004185750887276385,0.006732506393894216,0.0016389953806585542,2.2711111839865666e-05,1.0
1240,0.5,1,0.1825421300199477,0.006607378783502506,0.3808126151561737,False,0.0027505502568704685,0.0036783172625467903,0.0018227832511941468,2.2581701251596297e-05,1.0
1241,0.0,1,0.1684397819854783,0.0043955732982148285,0.21644532680511475,False,0.009454896282348201,0.01888444001134994,2.5352553346461134e-05,2.2452649315448778e-05,1.0
1242,0.25,3,0.17503287525769565,0.0025676238292431076,9.767648696899414,True,0.0040611131566151955,0.008121655528422016,5.707848083753261e-07,2.2323956621652027e-05,1.0
1243,0.125,3,0.17092545848851262,0.0021011155400994523,0.13578501343727112,False,0.01166907850347552,0.01568886732559158,0.007649289681359458,2.219562375879199e-05,1.0
1244,0.0,0,0.15772055996293471,0.0032291247086639954,0.10609553009271622,False,0.007236283659020265,0.007236283659020265,,2.2067651313808927e-05,1.0
1245,0.0,0,0.14553580990799864,0.004106014063055277,0.0656621903181076,False,0.0028934366238074537,0.004707920549441762,0.0010789526981731452,2.1940039871994605e-05,1.0
1246,0.25,4,0.15360719793588606,0.0028247656133577955,0.2937687635421753,False,0.009844988582243901,0.019183898663712295,0.0005060785007755088,2.181279001698981e-05,1.0
1247,0.25,2,0.16124421692127824,0.0037425215519962607,0.27526479959487915,False,0.0025799326333479813,0.004637911814118625,0.0005219534525773383,2.16859023307815e-05,1.0
1248,0.125,2,0.15849023567129414,0.0027945569187214866,0.04690025746822357,False,0.004044644345643267,0.008079954765654056,9.333925632476866e-06,2.1559377393700297e-05,1.0
1249,0.125,2,0.15585198418431737,0.0016459957981462968,0.17644935846328735,False,0.006779320892155447,0.008311745104406361,0.005246896679904533,2.1433215784417762e-05,1.0
1250,0.0,0,0.14381159152214293,0.002964999307889665,0.16611754894256592,False,0.0038097263640990775,0.007213435330435303,0.0004060173977628522,2.1307418079943686e-05,1.0
1251,0.25,3,0.15250238307429267,0.0027997192439963036,0.1496988981962204,False,0.004433309416049124,0.00881138437257934,5.5234459518908696e-05,2.1181984855623492e-05,1.0
1252,0.25,3,0.1599414183484877,0.0031341011156046125,0.4460105895996094,False,0.003169597941309422,0.004512705674732049,0.0018264902078867944,2.10569166851358e-05,1.0
1253,0.125,2,0.1572880852003434,0.0035479431284857594,0.14420615136623383,False,0.00262227196879246,0.005213933194908147,3.0610742676772863e-05,2.0932214140489455e-05,1.0
1254,0.125,2,0.15493774611534356,0.0016226953507538174,0.4537239074707031,False,0.003834520384435518,0.006425427610232107,0.0012436131586389286,2.080787779202107e-05,1.0
1255,0.0,0,0.14296798319455337,0.004048537801542073,0.2563876509666443,False,0.006633278665695415,0.011479972433455379,0.0017865848979354512,2.0683908208392615e-05,1.0
1256,0.125,2,0.1414328484648342,0.0019520743654285596,0.26871830224990845,False,0.008313288631672204,0.016622204774648194,4.372488696213987e-06,2.0560305956588464e-05,1.0
1257,0.375,4,0.15914186551183368,0.004235243308987203,0.733063280582428,False,0.006917470073194698,0.0021659413518827545,0.011668998794506641,2.0437071601912995e-05,1.0
1258,0.125,2,0.1565503020624061,0.0022674832103204883,0.6469748020172119,False,0.0020725457557594293,0.003829777744307375,0.0003153137672114835,2.0314205707988047e-05,1.0
1259,0.375,4,0.1734718212381735,0.004415203604749595,0.29530802369117737,False,0.0018826451834756369,0.00375422063029153,1.1069736659743763e-05,2.0191708836750242e-05,1.0
1260,0.0,0,0.16007020268027317,0.0031394088846211023,1.2886602878570557,True,0.013078483331493014,0.006299639581097916,0.019857327081888112,2.006958154844842e-05,1.0
1261,0.125,2,0.15730989035922388,0.0019111168304831914,0.02264558896422386,False,0.0013921799421970635,0.002784352014667064,7.86972706322959e-09,1.9947824401641148e-05,1.0
1262,0.25,4,0.16437266820402166,0.0027071930389072334,0.19820266962051392,False,0.004044175619476737,0.003489410016057043,0.004598941222896431,1.982643795319409e-05,1.0
1263,0.5,3,0.19030946246730177,0.005105769285098232,27.475683212280273,True,1.5787004125262898,0.002198541712047241,3.1552022833405324,1.9705422758277487e-05,1.0
1264,0.0,1,0.1756070467911321,0.003975759402616948,6.614227294921875,True,0.30503114713446494,0.004213279302963647,0.6058490149659662,1.95847793703637e-05,1.0
1265,0.125,2,0.17155037122967265,0.00269754110367166,0.1816106140613556,False,0.009775066947474641,0.004625941121163791,0.014924192773785492,1.9464508341224494e-05,1.0
1266,0.125,2,0.16819719487932056,0.002461834195810695,0.23425507545471191,False,0.0033409718872465153,0.005068939055439788,0.0016130047190532424,1.934461022092868e-05,1.0
1267,0.25,3,0.1745237226716219,0.0017662761882082803,0.3310207724571228,False,0.018847996082852286,0.0044373068643587185,0.033258685301345854,1.9225085557839574e-05,1.0
1268,0.25,5,0.18035173964604886,0.002166426029995488,0.2173491269350052,False,0.004584209894437531,0.007425557391968193,0.0017428623969068687,1.910593489861236e-05,1.0
1269,0.25,4,0.18602160088923717,0.0025598312183892497,0.6775370836257935,False,0.002669097676873811,0.0030465471588409596,0.0022916481949066627,1.8987158788191776e-05,1.0
1270,0.125,2,0.18125640536953166,0.0026085242766734212,0.3263380825519562,False,0.003449538713843845,0.006505929022289589,0.0003931484053981011,1.8868757769809513e-05,1.0
1271,0.125,2,0.1766681878798217,0.002504657772142175,0.4500682055950165,False,0.006115797457641138,0.005049949601129686,0.007181645314152591,1.8750732384981696e-05,1.0
1272,0.25,4,0.18233053353930043,0.0036955483419389727,0.0710408017039299,False,0.0021629586624995626,0.004080403660457232,0.0002455136645418928,1.863308317350655e-05,1.0
1273,0.0,0,0.16824453245560142,0.0038606972759465978,0.13518469035625458,False,0.003907697713484791,0.00690607155613453,0.0009093238708350525,1.851581067346174e-05,1.0
1274,0.125,2,0.1645674031689821,0.0024632246291086076,0.31079888343811035,False,0.0026064375382274596,0.005196180575164957,1.669450128996238e-05,1.8398915421202104e-05,1.0
1275,0.375,4,0.18077055874895873,0.004043312973631568,0.23601019382476807,False,0.005911217868425297,0.00834813969428294,0.0034742960425676534,1.8282397951357084e-05,1.0
1276,0.125,2,0.17650806399437233,0.00320502930739799,0.4926452040672302,False,0.0028002695185285263,0.005261366440192404,0.0003391725968646486,1.8166258796828252e-05,1.0
1277,0.0,0,0.16287187957455082,0.004199232821638859,0.10321633517742157,False,0.003820022477017627,0.007222723437297533,0.0004173215167377209,1.8050498488786976e-05,1.0
1278,0.125,2,0.16018916274891987,0.0019942638413145775,0.2689230442047119,False,0.03295411763957165,0.011384191103376006,0.05452404417576729,1.7935117556671957e-05,1.0
1279,0.125,1,0.15781370003141645,0.002098892229582588,0.1971009522676468,False,0.03691905625475311,0.006660916479954427,0.0671771960295518,1.7820116528186723e-05,1.0
1280,0.25,2,0.16552175441202882,0.004707185458469356,0.579303503036499,False,0.02127860131615099,0.004546987784093955,0.038010214848208025,1.770549592929735e-05,1.0
1281,0.125,3,0.16253532069610077,0.0029163824929017623,0.40533483028411865,False,0.0029354652992092172,0.005125452287216256,0.0007454783112021784,1.759125628422998e-05,1.0
1282,0.25,4,0.1688091588075374,0.0026882718824072713,0.18089832365512848,False,0.002249482544874951,0.004498104500322582,8.605894273195541e-07,1.7477398115468383e-05,1.0
1283,0.0,0,0.15576775566049536,0.0033591683244248295,0.2498173862695694,False,0.007740481341259306,0.011574251996495371,0.00390671068602324,1.736392194375168e-05,1.0
1284,0.125,2,0.15305452357773658,0.0027458301091961455,0.047055646777153015,False,0.0018227596875355465,0.003637067819475313,8.451555595779896e-06,1.7250828288071844e-05,1.0
1285,0.25,2,0.16073423958954944,0.002955081261032903,13.375419616699219,True,0.07943259139974779,0.0066015766589719495,0.15226360614052362,1.713811766567142e-05,1.0
1286,0.0,0,0.1483166667941629,0.004147627095032585,0.13076947629451752,False,0.003915133346445217,0.007803634514303471,2.663217858696262e-05,1.7025790592041134e-05,1.0
1287,0.5,4,0.1756752779785475,0.005973098204155642,0.07216734439134598,False,0.002205543430248213,0.004410435564998604,6.512954978210798e-07,1.691384758091746e-05,1.0
1288,0.5,5,0.20102029129585475,0.005735319945628253,12.187154769897461,True,0.0025117806786076682,0.0043053888838841805,0.0007181724733311561,1.6802289144280397e-05,1.0
1289,0.125,1,0.19481106074467486,0.0029597432365517278,0.3101886510848999,False,0.002909002954425881,0.004868895506504976,0.0009491104023467867,1.6691115792351046e-05,1.0
1290,0.375,3,0.20898152619709387,0.0033169107674728714,3.4704017639160156,True,0.016407459146633264,0.0031846932495005796,0.02963022504376595,1.6580328033589262e-05,1.0
1291,0.125,3,0.20234649503081778,0.0027953154272428765,0.05148638039827347,False,0.003561149920362502,0.0071222987669947654,1.0737302380036738e-09,1.646992637469135e-05,1.0
1292,0.375,3,0.2163171447257726,0.0034059142255549032,0.5605912804603577,False,0.006182035141630741,0.003157795666137133,0.009206274617124349,1.635991132058788e-05,1.0
1293,0.25,4,0.2191153981085032,0.003090392124841232,0.12008872628211975,False,0.0041305469711146485,0.0037526829448828827,0.004508410997346414,1.6250283374441105e-05,1.0
1294,0.125,2,0.2121875710720828,0.0025058413424922325,0.3498331904411316,False,0.0061360727042614515,0.009787040312709515,0.002485105095813388,1.6141043037642857e-05,1.0
1295,0.0,1,0.19579495543031164,0.003588988401445936,0.18747590482234955,False,0.006236376520170534,0.011719856245005206,0.0007528967953358627,1.6032190809812237e-05,1.0
1296,0.0,0,0.18066875631907117,0.003598949814874584,0.35251203179359436,False,0.00996489158384962,0.016264018367933838,0.0036657647997654025,1.5923727188793315e-05,1.0
1297,0.0,0,0.16671113634231366,0.0038598491914435588,1.7717784643173218,True,0.01845547118982802,0.034477352222132926,0.002433590157523113,1.581565267065275e-05,1.0
1298,0.0,0,0.1538318165619195,0.003874819688085857,0.07869166880846024,False,0.00603912302221019,0.012048777689399728,2.9468355020650498e-05,1.5707967749677693e-05,1.0
1299,0.125,2,0.15145739306572029,0.0022917872080305875,1.9093139171600342,True,0.004577269858798029,0.009117355093025801,3.718462457025716e-05,1.560067291837344e-05,1.0
1300,0.125,2,0.14907715936234733,0.002333823670027797,0.29100301861763,False,0.0039568342496415845,0.00779002111770514,0.0001236473815780289,1.549376866746111e-05,1.0
1301,0.0,0,0.13756015786199152,0.0035141530386489065,0.03366699069738388,False,0.0029164158128600565,0.005768828953547571,6.400267217254222e-05,1.5387255485875552e-05,1.0
1302,0.125,1,0.13693290583181983,0.0021402737098983075,0.5694600343704224,False,0.033822299380190796,0.007626335437338729,0.060018263323042866,1.528113386076296e-05,1.0
1303,0.375,5,0.15498566632697966,0.004337203278024653,8.975286483764648,True,0.013658231436805356,0.010156591123842101,0.01715987174976861,1.5175404277478774e-05,1.0
1304,0.125,1,0.15301220131559642,0.003651404269142807,0.07028108090162277,False,0.0036199293998001904,0.005974420552260534,0.0012654382473398468,1.507006721958539e-05,1.0
1305,0.125,3,0.1508941869467034,0.0025351616579770936,0.16709010303020477,False,0.05180185042028065,0.004447461395501975,0.09915623944505932,1.496512316884992e-05,1.0
1306,0.375,5,0.1682575720190953,0.0037792763134382014,3.7878637313842773,True,0.05679642675143975,0.003313149293498338,0.11027970420938116,1.4860572605242049e-05,1.0
1307,0.75,4,0.21310712735002382,0.009755837902618827,0.9052882790565491,False,0.02948243467868328,0.004982292110203866,0.0539825772471627,1.4756416006931862e-05,1.0
1308,0.25,3,0.21586412458607945,0.0027730507203325865,0.22720448672771454,False,0.007772576560712419,0.004238033139657378,0.01130711998176746,1.4652653850287528e-05,1.0
1309,0.125,2,0.20889046567913233,0.0026141459737175072,0.10997175425291061,False,0.003007195960467923,0.0054059310353525075,0.0006084608855833379,1.4549286609873264e-05,1.0
1310,0.25,3,0.2122624694209969,0.0027067487254993573,0.15782448649406433,False,0.002776648546311203,0.005553223163584673,7.392903773245045e-08,1.444631475844713e-05,1.0
1311,0.25,5,0.21517886897840355,0.002343759002110356,0.028954651206731796,False,0.002281804822860371,0.004563609643728933,1.991809405907238e-12,1.4343738766958772e-05,1.0
1312,0.375,3,0.22806111980282245,0.004131182901332905,0.05168065428733826,False,0.0036208908864675004,0.007215949554377425,2.5832218557576e-05,1.42415591045474e-05,1.0
1313,0.25,3,0.22936880188241462,0.0028591263558237277,0.06137171387672424,False,0.0052004875585827445,0.010400975117146929,1.8560103080728935e-14,1.4139776238539532e-05,1.0
1314,0.5,6,0.24979126007736674,0.004455403438014484,0.967289388179779,False,0.005171108805572071,0.00525253555807123,0.005089682053072911,1.4038390634446958e-05,1.0
1315,0.125,2,0.24019654995085488,0.0027821264946601035,0.32614004611968994,False,0.012983300504218571,0.009982494847937562,0.01598410616049958,1.3937402755964554e-05,1.0
1316,0.375,6,0.2505637355661121,0.0036676040871167323,1.393913984298706,True,0.0031073418101348407,0.006183944436327043,3.073918394263803e-05,1.3836813064968106e-05,1.0
1317,0.0,0,0.2312063576096703,0.00407694279504813,0.7111093401908875,False,0.02760303845434572,0.010640571741566462,0.04456550516712498,1.3736622021512333e-05,1.0
1318,0.0,0,0.21334443980232767,0.0056815584198648275,0.29630622267723083,False,0.009596049443957543,0.010388355277796394,0.008803743610118691,1.363683008382869e-05,1.0
1319,0.0,0,0.19686244991329463,0.004857830061665096,0.08330241590738297,False,0.004670435792362554,0.009326497805489926,1.43737792351819e-05,1.353743770832324e-05,1.0
1320,0.375,3,0.2108744346686447,0.0045606838938806165,0.04504183307290077,False,0.003069423556423107,0.005325504612972835,0.0008133424998733794,1.3438445349574693e-05,1.0
1321,0.375,5,0.22379221588097895,0.003849565648969236,0.7803261876106262,False,0.012288610914152804,0.0067488807012100705,0.017828341127095537,1.333985346033223e-05,1.0
1322,0.125,2,0.216304079858441,0.0045769511571188476,0.42239445447921753,False,0.0047381493540701565,0.0069407854728731335,0.0025355132352671795,1.3241662491513395e-05,1.0
1323,0.0,0,0.19959344207248958,0.004551132104628323,0.058744143694639206,False,0.0044990171140626015,0.008747876341402554,0.0002501578867226501,1.3143872892202175e-05,1.0
1324,0.375,3,0.21358369021399623,0.0058697774834610816,1.098471760749817,True,0.0024758941566043803,0.004950939479711523,8.488334972377028e-07,1.3046485109646802e-05,1.0
1325,0.125,1,0.20640387044037137,0.00255175857063754,1.753493070602417,True,0.005845814606502176,0.006736962216194227,0.004954666996810125,1.29494995892578e-05,1.0
1326,0.125,2,0.20006403645824047,0.002390291337949225,0.5720717310905457,False,0.010700800517823114,0.010371378141500024,0.011030222894146203,1.2852916774605919e-05,1.0
1327,0.0,0,0.18460802818767535,0.004882848217952031,0.8092392086982727,False,0.036647766889937004,0.011727954270317892,0.06156757950955612,1.2756737107420067e-05,1.0
1328,0.375,6,0.19907369213804726,0.003325260480040328,0.6563018560409546,False,0.0053993377104061165,0.01067695160968028,0.00012172381113195289,1.2660961027585357e-05,1.0
1329,0.0,0,0.18369419322056027,0.004670366131157515,0.05295070633292198,False,0.00432266999705747,0.008215824113824283,0.0004295158802906564,1.2565588973141096e-05,1.0
1330,0.0,0,0.1695028421914892,0.0042249071602739035,0.16785556077957153,False,0.005310180422644979,0.009475862217727293,0.001144498627562665,1.2470621380278677e-05,1.0
1331,0.25,4,0.17562364981665968,0.002157553643158397,1.5287532806396484,True,0.003996229409610782,0.007498480553721176,0.0004939782655003894,1.2376058683339654e-05,1.0
1332,0.125,2,0.1714705925783997,0.0026968669587984985,0.4790445566177368,False,0.018607776010898313,0.005832443677507655,0.03138310834428897,1.2281901314813882e-05,1.0
1333,0.0,0,0.15822357955212982,0.004283141108790125,0.06707173585891724,False,0.004491863309635076,0.008983714381907437,1.2237362715724987e-08,1.2188149705337281e-05,1.0
1334,0.0,0,0.1459999685651217,0.0032620238781011644,1.2864071130752563,True,0.004752188572067161,0.00808880227271854,0.0014155748714157822,1.2094804283690034e-05,1.0
1335,0.25,2,0.1540296464801092,0.003971194691017022,0.11692751944065094,False,0.0026276630969343366,0.005165958238669739,8.936795519893389e-05,1.2001865476794626e-05,1.0
1336,0.25,2,0.16183103907412894,0.003188773063052507,0.9288002848625183,False,0.004224043012724529,0.0084450605948446,3.025430604458946e-06,1.1909333709713855e-05,1.0
1337,0.125,2,0.15912973269940994,0.002054899936938321,0.7344868183135986,False,0.021213762650720006,0.007043703697392284,0.03538382160404773,1.1817209405648851e-05,1.0
1338,0.125,2,0.15634601707311363,0.002478096583338107,0.5414441227912903,False,0.010109963060028723,0.007419493044832764,0.012800433075224682,1.1725492985937207e-05,1.0
1339,0.125,2,0.1540684577491526,0.0029104021157772128,0.10971292108297348,False,0.004571851212264199,0.00817518499113514,0.0009685174333932593,1.1634184870051063e-05,1.0
1340,0.375,4,0.17128165346073274,0.004518668513814917,0.1074398010969162,False,0.006710552172469805,0.005014168652057083,0.008406935692882526,1.1543285475595047e-05,1.0
1341,0.375,2,0.18686808758273274,0.0034931546209923327,2.722492218017578,True,0.0059065605699615996,0.008882076181576255,0.0029310449583469446,1.1452795218304595e-05,1.0
1342,0.125,2,0.18184633786886847,0.0018086216337823559,1.453774333000183,True,0.005746311235746319,0.006973888122271073,0.004518734349221564,1.1362714512043807e-05,1.0
1343,0.0,0,0.16779774346964535,0.004247800976359452,0.14561235904693604,False,0.005871468967077203,0.01156598650760764,0.00017695142654676612,1.1273043768803759e-05,1.0
1344,0.125,2,0.1645374675235924,0.0028859328511779674,0.7358107566833496,False,0.005521266292113135,0.011039727742342723,2.8048418835476625e-06,1.118378339870048e-05,1.0
1345,0.125,2,0.16124087668601111,0.0024543139684024065,0.06787524372339249,False,0.005162821695332124,0.010314826627205644,1.081676345860448e-05,1.1094933809973141e-05,1.0
1346,0.625,4,0.1967305189590032,0.0075555833003286615,0.2860983610153198,False,0.008287995361649106,0.007952050991452518,0.008623939731845694,1.1006495408982156e-05,1.0
1347,0.125,2,0.19104194310047154,0.003013992455426817,0.14748097956180573,False,0.004376747170189215,0.007409613379806556,0.001343880960571875,1.091846860020739e-05,1.0
1348,0.0,0,0.1762829394091607,0.004246204110174948,0.1463574320077896,False,0.01057270484271517,0.019543819225174917,0.0016015904602554253,1.083085378624619e-05,1.0
1349,0.0,0,0.1626641470579615,0.004218931229855569,0.11271875351667404,False,0.005501718497118285,0.010830969574231134,0.00017246742000543607,1.0743651367811658e-05,1.0
1350,0.5,4,0.18853393364445686,0.004978456898573885,0.3979966938495636,False,0.02005969983711127,0.00587428320535962,0.03424511646886292,1.0656861743730789e-05,1.0
1351,0.375,6,0.2030815774890481,0.0037491389575472055,0.9751951098442078,False,0.00495337362146188,0.006747287996329659,0.003159459246594101,1.0570485310942563e-05,1.0
1352,0.25,4,0.20680234866307165,0.0028791038782087853,0.16289280354976654,False,0.0029314000518880223,0.0058176165435434996,4.5183560232544896e-05,1.0484522464496283e-05,1.0
1353,0.125,2,0.20024057151809224,0.002602131828493005,0.1748056262731552,False,0.0032798582446636033,0.006559715396637331,1.0926898750164911e-09,1.039897359754959e-05,1.0
1354,0.125,2,0.1945719249775341,0.002508876459870148,0.4038432836532593,False,0.008008929662993247,0.014968248964617344,0.00104961036136915,1.0313839101366843e-05,1.0
1355,0.125,2,0.18944021145764692,0.002744924387485089,0.2822883427143097,False,0.0053105215857726755,0.010183895294245437,0.000437147877299913,1.0229119365317213e-05,1.0
1356,0.375,4,0.2033414050069269,0.003277126838995541,0.30732282996177673,False,0.003738495638284461,0.007206433469224805,0.0002705578073441173,1.0144814776872908e-05,1.0
1357,0.125,2,0.19743320262766068,0.002391142560471651,0.294623464345932,False,0.0025845811615944204,0.005145419551554329,2.3742771634511415e-05,1.0060925721607445e-05,1.0
1358,0.25,2,0.20129630082758634,0.0021975740807508677,3.8900344371795654,True,0.0027942397856847833,0.005454237261193889,0.00013424231017567707,9.977452583193911e-06,1.0
1359,0.125,2,0.19506574707569177,0.0017887064103610606,0.6763660907745361,False,0.01085807800738305,0.007872129628096155,0.013844026386669941,9.894395743403089e-06,1.0
1360,0.125,2,0.18941068467272315,0.002284321359457859,0.6433148980140686,False,0.005857008047405778,0.007938056330114653,0.0037759597646969023,9.81175558210183e-06,1.0
1361,0.0,0,0.17477770434971507,0.004518967157783606,0.39143311977386475,False,0.00823509311359727,0.010906999862845133,0.005563186364349407,9.729532477251298e-06,1.0
1362,0.0,0,0.16127519939299118,0.004049584727148088,0.1026933565735817,False,0.007865420512089006,0.015514736516122523,0.0002161045080554903,9.64772680490514e-06,1.0
1363,0.125,2,0.15842179468268755,0.0035016057269930036,1.187550663948059,True,0.003719674146288848,0.007439328450167595,1.9842410100686613e-08,9.56633893920795e-06,1.0
1364,0.25,4,0.1650134245032691,0.002419004168375279,5.704733371734619,True,0.03850982532875316,0.005456213588889497,0.07156343706861683,9.485369252393332e-06,1.0
1365,0.0,0,0.1522652619697737,0.0030243640592739086,0.10592330992221832,False,0.0043687136660587765,0.007615897382176105,0.001121529949941448,9.404818114782413e-06,1.0
1366,0.0,0,0.14050196262828601,0.0030682685338786837,0.07454545050859451,False,0.005871264587358731,0.011740161028043289,2.368146674174233e-06,9.324685894782012e-06,1.0
1367,0.125,1,0.13964744057196082,0.0022925926420727413,0.8880735635757446,False,0.003842539025559996,0.007643486686974224,4.1591364145768215e-05,9.244972958883015e-06,1.0
1368,0.0,1,0.1288589348782151,0.0051720426909917395,0.2831849157810211,False,0.006535404810243739,0.013069656046164108,1.1535743233708244e-06,9.16567967165861e-06,1.0
1369,0.125,2,0.12831869998251583,0.003516497163946176,0.12054681777954102,False,0.009483864804259922,0.008887936585992273,0.010079793022527572,9.086806395762826e-06,1.0
1370,0.125,1,0.12840539960475453,0.0023472840648219276,0.22116373479366302,False,0.00659587822431922,0.008964484166706973,0.004227272281931467,9.00835349192861e-06,1.0
1371,0.375,4,0.14741010321419418,0.005540167332847369,1.3058215379714966,True,0.002400661827201176,0.004800943718960869,3.79935441483146e-07,8.930321318966335e-06,1.0
1372,0.125,3,0.14592189064596978,0.0027954727563541167,0.10625074803829193,False,0.0025707105536729603,0.005140394548366442,1.0265589794785512e-06,8.852710233762201e-06,1.0
1373,0.0,0,0.1346486503944598,0.004551246776751284,0.2477848380804062,False,0.006175482319407544,0.011288096800606022,0.0010628678382090667,8.775520591276457e-06,1.0
1374,0.125,2,0.1341463277633677,0.002072624255006537,0.19953863322734833,False,0.005522261069444431,0.011036601902027215,7.920236861646786e-06,8.698752744541845e-06,1.0
1375,0.375,3,0.15300346569970627,0.004771633415128574,0.2998228967189789,False,0.006838590668406827,0.003986998841886147,0.009690182494927507,8.622407044662024e-06,1.0
1376,0.25,5,0.1605930367024882,0.0027051084203097756,0.4486663341522217,False,0.023926432099183065,0.007526288463657027,0.0403265757347091,8.546483840809968e-06,1.0
1377,0.25,4,0.1675011740732992,0.003077686384164468,0.20934703946113586,False,0.006613743733792012,0.012333366457033229,0.0008941210105507935,8.470983480226237e-06,1.0
1378,0.25,3,0.17388147316565425,0.0025990228400794993,0.07552342861890793,False,0.0021254069283816244,0.004058622533295044,0.00019219132346820464,8.395906308217576e-06,1.0
1379,0.25,3,0.1794718503019881,0.002995128115565286,1.5391179323196411,True,0.36298166385684744,0.008084944581533792,0.7178783831321611,8.32125266815518e-06,1.0
1380,0.375,5,0.19443725164339132,0.004247126929754659,0.02806723676621914,False,0.0016620823903070296,0.0033227310675645206,1.4337130495386326e-06,8.247022901473218e-06,1.0
1381,0.0,1,0.17941594235308572,0.0045736300395978376,0.2703569531440735,False,0.0064338283179176895,0.006962476048425372,0.005905180587410007,8.173217347667267e-06,1.0
1382,0.0,0,0.1655551089020954,0.004501177008012484,0.03880903869867325,False,0.002350104112132305,0.004700207598712993,6.255516175205754e-10,8.099836344292664e-06,1.0
1383,0.375,3,0.18198575185391494,0.004993766195900243,1.3844467401504517,True,0.0027262111367493103,0.005447142626327756,5.279647170865379e-06,8.026880226963096e-06,1.0
1384,0.0,1,0.16792638698467596,0.0033971167101889176,0.09074505418539047,False,0.0047146650216481345,0.009218404123179917,0.00021092592011635186,7.954349329348985e-06,1.0
1385,0.0,0,0.15495318264455946,0.005160739991422034,0.3522120714187622,False,0.1252167886610701,0.02242537658381155,0.22800820073832867,7.882243983175967e-06,1.0
1386,0.5,5,0.18151868214306763,0.005752196337230262,0.41407981514930725,False,0.0021999496610053885,0.0040615734630753035,0.0003383258589354733,7.810564518223366e-06,1.0
1387,0.375,7,0.1963171624810737,0.003169216432917926,0.10378224402666092,False,0.0022471253385706828,0.0024468806614830513,0.002047370015658314,7.739311262322762e-06,1.0
1388,0.125,2,0.19047127358362456,0.0019982362162274713,0.04293060675263405,False,0.0038359501412791905,0.006161772842410786,0.0015101274401475946,7.668484541356376e-06,1.0
1389,0.0,0,0.1757563571402184,0.0032063858113179117,0.04876214265823364,False,0.004378739599871815,0.008757461815023309,1.738472032143714e-08,7.598084679255665e-06,1.0
1390,0.0,0,0.1621782460631152,0.004238080133167862,3.2676219940185547,True,0.02703592994267601,0.013854318493969592,0.04021754139138243,7.528111997999847e-06,1.0
1391,0.25,1,0.16954911610636528,0.0027179865336540614,0.19716307520866394,False,0.002221217401272468,0.003929925124817065,0.0005125096777278716,7.458566817614328e-06,1.0
1392,0.0,1,0.1564505473320919,0.004022337870349158,0.04913439601659775,False,0.0040329838940476185,0.008065967616307177,1.7178806018180944e-10,7.389449456169356e-06,1.0
1393,0.25,4,0.16329052607010186,0.003605938980071382,1.283614993095398,True,0.02233005689972336,0.006191461704132926,0.03846865209531379,7.320760229778502e-06,1.0
1394,0.125,2,0.16009026807554044,0.004565548982620349,0.03885774314403534,False,0.0032426446676260493,0.006229997496757816,0.00025529183849428333,7.252499452597207e-06,1.0
1395,0.25,4,0.16684023699025838,0.003922061647042332,0.08425775170326233,False,0.0027080235985372063,0.004605079601869883,0.0008109675952045299,7.184667436821413e-06,1.0
1396,0.0,0,0.15395094349985775,0.0035595751026936636,0.4268306791782379,False,0.03341478723051612,0.011665690863904767,0.05516388359712748,7.117264492686053e-06,1.0
1397,0.25,4,0.16166040631666623,0.003976633613600032,3.588282346725464,True,0.0029392876278886647,0.005870522030469939,8.05322530739083e-06,7.050290928463671e-06,1.0
1398,0.125,1,0.15917128222776558,0.002107203829367833,0.6321826577186584,False,0.00968837779028988,0.018600784437342123,0.0007759711432376366,6.983747050463038e-06,1.0
1399,0.125,3,0.1563843566799598,0.002533020466697848,0.09052181243896484,False,0.0030808640477775194,0.0061258425185930524,3.588557696198596e-05,6.91763316302764e-06,1.0
1400,0.125,2,0.15390879551795641,0.0021078475219276378,0.769498348236084,False,0.016188705317470534,0.005173724293206986,0.02720368634173408,6.8519495685344835e-06,1.0
1401,0.0,0,0.14201852448998592,0.004338932030887001,0.04433480277657509,False,0.003299132336261116,0.006598261749628927,2.9228933048715047e-09,6.7866965673925546e-06,1.0
1402,0.25,4,0.14987739396168606,0.002835546504350703,0.33986592292785645,False,0.0038478402161543335,0.004963031804722437,0.0027326486275862302,6.721874458041392e-06,1.0
1403,0.125,2,0.14790453019282904,0.0018200091775557744,7.962105751037598,True,0.002316724672554067,0.004632354607907647,1.0947372004870996e-06,6.657483536949973e-06,1.0
1404,0.375,3,0.16569877399635702,0.004412384127863326,1.1242831945419312,True,0.007681842473261303,0.004924948322260213,0.010438736624262392,6.593524098615136e-06,1.0
1405,0.0,1,0.15289766457834944,0.004382792889644137,1.0794949531555176,True,0.026624098710524936,0.016096082282299737,0.037152115138750136,6.529996435560223e-06,1.0
1406,0.375,2,0.16933086425217161,0.0037673337444151553,0.13934235274791718,False,0.003766766886570739,0.007533459953978578,7.381916290045178e-08,6.466900838333935e-06,1.0
1407,0.0,0,0.1562491565915857,0.003679526882154282,0.687129020690918,False,0.020798164951551408,0.013626529937900343,0.027969799965202474,6.404237595508865e-06,1.0
1408,0.125,1,0.15417808025372298,0.002650010952639942,4.684431076049805,True,0.007955172874767633,0.004909730510001662,0.011000615239533603,6.342006993680101e-06,1.0
1409,0.25,3,0.16129064903027487,0.0030023102145656216,0.14009803533554077,False,0.006013036265120631,0.010568683152473366,0.0014573893777678963,6.280209317464157e-06,1.0
1410,0.375,3,0.17775479264653196,0.00383431718802122,0.057369500398635864,False,0.0016318099633230085,0.003263509727885389,1.1019876062779788e-07,6.218844849497421e-06,1.0
1411,0.25,5,0.18342925192372245,0.003731230843657206,0.42969080805778503,False,0.0054713400758299845,0.006717492254717157,0.004225187896942811,6.157913870434999e-06,1.0
1412,0.125,1,0.17925836901549724,0.003495842032403238,0.1664174199104309,False,0.006149831708604628,0.005956727544711561,0.006342935872497694,6.097416658949462e-06,1.0
1413,0.25,5,0.18443047053486233,0.0033352835162215166,0.4013569951057434,False,0.006424781860333036,0.0055837857545859735,0.007265777966080098,6.037353491729414e-06,1.0
1414,0.25,2,0.18910694016989907,0.0026855308730226735,0.03830992430448532,False,0.0026490696122540456,0.00529801682663381,1.223978742813008e-07,5.977724643478376e-06,1.0
1415,0.125,2,0.18439742572127246,0.0021135260968537456,2.2962658405303955,True,0.04766634172722666,0.004398089799352154,0.09093459365510118,5.91853038691351e-06,1.0
1416,0.0,0,0.17015174625047064,0.005095407236177876,0.6293238401412964,False,0.017139251309071568,0.017056817834323862,0.01722168478381927,5.8597709927642465e-06,1.0
1417,0.375,4,0.18544313517833746,0.0037309570674332413,0.09413938969373703,False,0.0034002155862700644,0.006258244706852722,0.0005421864656874074,5.801446729771216e-06,1.0
1418,0.25,1,0.19101666910389048,0.0022248554362742706,0.03096110373735428,False,0.0019585410964809953,0.003917082192933957,2.8034174498853366e-14,5.743557864684969e-06,1.0
1419,0.0,1,0.1762596179629085,0.00441153296796406,0.05907908454537392,False,0.004224120339127091,0.00840514396744659,4.309671080759132e-05,5.686104662264611e-06,1.0
1420,0.125,1,0.17264262731716593,0.0030305569112417195,0.09404642879962921,False,0.0033461923851523445,0.006692374276744267,1.0493560421481907e-08,5.629087385276831e-06,1.0
1421,0.25,4,0.1788149688880116,0.0018639408054054818,0.2708849012851715,False,0.002584620795200085,0.005113951352480671,5.5290237919499356e-05,5.572506294494499e-06,1.0
1422,0.375,7,0.1941134543247063,0.0044377388777604755,1.4648282527923584,True,0.011003746518394792,0.004068140559973792,0.017939352476815794,5.5163616486955945e-06,1.0
1423,0.25,3,0.19862706059419918,0.0027426783625394695,0.1803334653377533,False,0.005774443543916001,0.011463868936966012,8.501815086599136e-05,5.460653704662004e-06,1.0
1424,0.125,3,0.1927919668321103,0.0020394013201834715,0.17665934562683105,False,0.006542103672054001,0.008430150411658614,0.004654056932449387,5.405382717178269e-06,1.0
1425,0.5,6,0.21604017959573327,0.004992486811941027,2.0323266983032227,True,0.0045991872935634785,0.004336615758870014,0.004861758828256943,5.3505489390305e-06,1.0
1426,0.0,0,0.19934992950521785,0.004403457218135325,0.18170392513275146,False,0.01364765907021654,0.011508513997723013,0.015786804142710067,5.2961526210052094e-06,1.0
1427,0.0,0,0.18394908978551963,0.004127754978717031,0.2691299319267273,False,0.0046116709566845155,0.009222784969341088,5.56944027943765e-07,5.242194011888137e-06,1.0
1428,0.25,3,0.18905870012350318,0.002164779784816414,9.134753227233887,True,0.0039115755685661556,0.007802458821773667,2.0692315358643267e-05,5.1886733584631255e-06,1.0
1429,0.125,3,0.1838677139684117,0.002912761821017538,0.03431194648146629,False,0.003075929814245759,0.006151427414567871,4.32213923647361e-07,5.135590905511027e-06,1.0
1430,0.25,2,0.1885876595339523,0.001797960061238244,0.045402247458696365,False,0.002793538451395087,0.005587050534945779,2.63678443946832e-08,5.082946895808499e-06,1.0
1431,0.125,2,0.1834330637635434,0.0022377890214080685,0.6168583035469055,False,0.056023214543207196,0.0078012249433784325,0.10424520414303597,5.030741570126978e-06,1.0
1432,0.25,3,0.18877178686946802,0.004181732884139866,0.32755789160728455,False,0.0075325762391382205,0.0077443110343712145,0.007320841443905227,4.978975167231538e-06,1.0
1433,0.125,2,0.18418816479147973,0.0025381587968973706,0.19127492606639862,False,0.003873851849951853,0.007225801887381025,0.0005219018125226814,4.927647923879788e-06,1.0
1434,0.25,3,0.18878920581582323,0.00340693739694665,3.081716299057007,True,0.01629557868327865,0.005097446284553917,0.027493711082003384,4.876760074820862e-06,1.0
1435,0.125,1,0.18420423803181152,0.0027811283319750684,0.26819050312042236,False,0.004156079492920684,0.00730094508029526,0.001011213905546109,4.826311852794213e-06,1.0
1436,0.125,3,0.17967647333499176,0.0024158347384714454,3.1163675785064697,True,0.008446511966461807,0.011103195428079254,0.005789828504844361,4.776303488528674e-06,1.0
1437,0.25,2,0.1852995024833833,0.0036258299552142294,0.21848942339420319,False,0.007186688188146089,0.006718759123214031,0.007654617253078147,4.726735210741369e-06,1.0
1438,0.25,4,0.19049009289667518,0.0021665702776963777,0.19243833422660828,False,0.003887699313416255,0.007772788340790414,2.610286042095361e-06,4.6776072461366105e-06,1.0
1439,0.25,4,0.19470033614055854,0.002481228505547499,0.7250277996063232,False,0.008027030999416165,0.008434337736981528,0.007619724261850801,4.628919819404917e-06,1.0
1440,0.125,2,0.18936169217703303,0.002877928905818685,2.4458911418914795,True,0.057456143911367503,0.013315257697951818,0.10159703012478319,4.580673153222005e-06,1.0
1441,0.25,4,0.19433548678425022,0.0019135598683725252,1.5683401823043823,True,0.5647468663834521,0.006098702492197666,1.1233950302747064,4.532867468247684e-06,1.0
1442,0.375,4,0.20804774136224413,0.0046816277836756355,0.1437467783689499,False,0.004174818860950322,0.008249580920595715,0.00010005680130492724,4.485502983124965e-06,1.0
1443,0.0,0,0.1919749495297229,0.004746480162932436,0.05337417498230934,False,0.00410761944583946,0.00816720428874342,4.803460293549822e-05,4.4385799144789285e-06,1.0
1444,0.125,2,0.1864645196206894,0.0035856466246598504,0.3335402011871338,False,0.004318403034615538,0.008483149320583642,0.00015365674864743442,4.392098476915854e-06,1.0
1445,0.125,2,0.18176213617904197,0.002299152472741755,0.051173288375139236,False,0.003546989154533156,0.007074108264597277,1.9870044469035518e-05,4.346058883022191e-06,1.0
1446,0.25,4,0.18655060078516597,0.003909573368997544,0.04899004474282265,False,0.004219767626240939,0.008110656659423007,0.0003288785930588712,4.300461343363532e-06,1.0
1447,0.25,4,0.1912602305959228,0.002185948977430993,0.09751985222101212,False,0.0038721733017357063,0.007735106532390864,9.240071080548134e-06,4.255306066483761e-06,1.0
1448,0.125,2,0.18580501651651818,0.002430826333505273,0.9089585542678833,False,0.0034912700849060374,0.005283111706061731,0.0016994284637503441,4.210593258903993e-06,1.0
1449,0.125,2,0.18115358318870922,0.0030819997280802434,5.660669803619385,True,0.002687965493903658,0.005375007119363762,9.238684435538445e-07,4.166323125121683e-06,1.0
1450,0.25,4,0.1862762992579983,0.002199158907608313,0.04179992899298668,False,0.002937504615164855,0.005875009230329709,9.42921212043252e-19,4.122495867609724e-06,1.0
1451,0.0,0,0.1718854668379854,0.003086383862542912,0.07855711877346039,False,0.00653782364688323,0.013035844874371436,3.980241939502476e-05,4.079111686815432e-06,1.0
1452,0.0,0,0.15860640257401723,0.0037416678013990757,0.15922129154205322,False,0.004778487513576701,0.00940635015417937,0.00015062487297403217,4.036170781159689e-06,1.0
1453,0.125,1,0.1563532164774732,0.0023666930571481547,0.06678660959005356,False,0.003890085577524319,0.007740857407628913,3.9313747419725504e-05,3.993673347036045e-06,1.0
1454,0.375,6,0.1734899024553385,0.0054669515042453974,0.5435886383056641,False,0.012705644067740333,0.00621639428083242,0.019194893854648246,3.951619578809759e-06,1.0
1455,0.375,3,0.189196837127481,0.0037999264195531972,0.034171950072050095,False,0.0026810001070629455,0.004692231483243479,0.0006697687308824124,3.910009668817001e-06,1.0
1456,0.25,3,0.19418633776192645,0.00293408434820785,0.4168880879878998,False,0.00927148195112525,0.007900020652516812,0.010642943249733687,3.8688438073638975e-06,1.0
1457,0.125,3,0.1889854129002057,0.002279691479551339,0.153066948056221,False,0.003266539217444372,0.006448301448791623,8.477698609712137e-05,3.828122182725663e-06,1.0
1458,0.125,1,0.1843852870779346,0.0028495855275436485,0.09154897928237915,False,0.005615343528556712,0.010999248851813363,0.00023143820530006277,3.7878449811457896e-06,1.0
1459,0.0,1,0.17014054538173307,0.004399635039509152,0.21844522655010223,False,0.007053399457632275,0.013093885152382138,0.0010129137628824122,3.7480123868351743e-06,1.0
1460,0.125,2,0.16650618605706696,0.0033394674907178176,0.13202549517154694,False,0.004621964380010758,0.007220523052986172,0.0020234057070353433,3.7086245819712097e-06,1.0
1461,0.375,4,0.1821791547466666,0.0034697025845088257,0.532937228679657,False,0.011107139681237287,0.007700297162981549,0.014513982199493024,3.669681746697089e-06,1.0
1462,0.25,1,0.18800484847784965,0.0028713466988746703,2.6067376136779785,True,0.03330500049638977,0.006392613497378909,0.060217387495400634,3.6311840591208525e-06,1.0
1463,0.125,3,0.18328147645966078,0.0022811977775246605,1.1432088613510132,True,0.012417627088980941,0.010457595179625804,0.014377658998336077,3.593131695314629e-06,1.0
1464,0.125,1,0.17912200999006772,0.002871071337025469,0.841956377029419,False,0.006045330344304149,0.00905801519670121,0.003032645491907089,3.555524829313843e-06,1.0
1465,0.375,5,0.1944947848725999,0.004550472273303544,0.09672609716653824,False,0.005751030309476487,0.005816804472200561,0.005685256146752414,3.5183636331163893e-06,1.0
1466,0.125,2,0.18927003083509122,0.003686076987099244,1.5447235107421875,True,0.004322635016147953,0.006617462659936543,0.0020278073723593616,3.4816482766818336e-06,1.0
1467,0.5,4,0.21327361876029924,0.005915808631697197,0.3298228681087494,False,0.004037645057574143,0.008071651128969433,3.638986178852405e-06,3.445378927930718e-06,1.0
1468,0.25,3,0.21630700067150904,0.0016336445320001558,0.14439930021762848,False,0.003360670218424305,0.005734330126951074,0.000987010309897536,3.4095557527436843e-06,1.0
1469,0.125,3,0.20949613723725152,0.002868267687043552,0.372408926486969,False,0.007121105854707566,0.007902095261727695,0.006340116447687437,3.3741789149607655e-06,1.0
1470,0.0,0,0.19331144913881726,0.004830367382704815,0.0897684097290039,False,0.005669059205439682,0.010340882815814597,0.0009972355950647674,3.3392485763806767e-06,1.0
1471,0.5,2,0.21622842963709626,0.005211285951101973,4.722524642944336,True,0.019156570911438926,0.004186801694734283,0.03412634012814357,3.3047648967599874e-06,1.0
1472,0.125,2,0.20884428971118127,0.002209102796694665,0.06455416232347488,False,0.00548458019828741,0.0081764085734689,0.002792751823105919,3.270728033812464e-06,1.0
1473,0.375,4,0.22133956387162984,0.0034920377177149143,1.0695314407348633,True,0.01566584426285167,0.009402045503823354,0.021929643021879983,3.237138143208332e-06,1.0
1474,0.125,2,0.21413990822953619,0.0027518295385651386,0.4891645312309265,False,0.005753173998799734,0.010642351353019485,0.0008639966445799839,3.203995378573518e-06,1.0
1475,0.5,2,0.23621631478308627,0.004888271035685691,0.31945204734802246,False,0.005237718335795631,0.006547301999595985,0.003928134671995276,3.1712998914890368e-06,1.0
1476,0.25,3,0.23757331130340834,0.0029219583751378957,1.9658358097076416,True,0.009153211890649797,0.00792474966770607,0.010381674113593524,3.1390518314901598e-06,1.0
1477,0.25,5,0.2388225025428927,0.002879618268035775,0.2970817983150482,False,0.004401142010897956,0.008800966507208298,1.3175145876143968e-06,3.1072513460659184e-06,1.0
1478,0.125,2,0.23027219713145267,0.002863174078411035,0.0614500492811203,False,0.00662030989164491,0.013238259755174593,2.3600281152277484e-06,3.075898580658274e-06,1.0
1479,0.125,2,0.22189724967131805,0.0032731938093268167,0.5798971652984619,False,0.007207293001063262,0.011435209652574382,0.002979376349552143,3.044993678661493e-06,1.0
1480,0.25,2,0.22425849984235627,0.00297057576211888,0.6004354953765869,False,0.0053683050451754245,0.00830883239973806,0.002427777690612789,3.0145367814215315e-06,1.0
1481,0.0,0,0.20693334090989882,0.005729925202695192,0.14709100127220154,False,0.005531814687481357,0.010341017154670484,0.0007226122202922296,2.9845280282353528e-06,1.0
1482,0.125,2,0.20064963242485317,0.0025045238450031237,0.456912100315094,False,0.033128205738672784,0.006499062141842661,0.059757349335502905,2.954967556350292e-06,1.0
1483,0.375,4,0.21397308575195564,0.003886643965265887,0.042936407029628754,False,0.0019351121778413984,0.0037519008433700273,0.00011832351231276963,2.9258555009634383e-06,1.0
1484,0.25,4,0.21656418310705736,0.002471756046024311,0.06259315460920334,False,0.0043645260026449004,0.007753689802867383,0.0009753622024224175,2.897191995221043e-06,1.0
1485,0.375,3,0.22875815295816376,0.00358533643762863,0.06276828050613403,False,0.001742930973005024,0.003465989990708974,1.9871955301073937e-05,2.868977170217815e-06,1.0
1486,0.25,5,0.23029826244827623,0.0028950664907438453,0.16965234279632568,False,0.004382701623023109,0.007677836721385803,0.0010875665246604155,2.841211154996471e-06,1.0
1487,0.25,4,0.2315272614041256,0.002635251113809462,0.10335363447666168,False,0.004264653925325416,0.00847470862534691,5.4599225303922854e-05,2.813894076546976e-06,1.0
1488,0.0,0,0.213640552076083,0.005840707203059322,3.0356874465942383,True,0.006577723333887322,0.013109347016214818,4.609965155982544e-05,2.787026059806106e-06,1.0
1489,0.125,2,0.20683867594285735,0.003089685425504873,0.3570340573787689,False,0.0034557492943714796,0.006790435829394415,0.00012106275934854392,2.760607227656818e-06,1.0
1490,0.25,2,0.21016824092876746,0.003461601616344998,1.760295033454895,True,0.032084695822179196,0.004763441074701599,0.05940595056965679,2.734637700927648e-06,1.0
1491,0.25,1,0.21383162925426905,0.0016787120513604302,0.6135526895523071,False,0.005343936545628714,0.0096851540580086,0.0010027190332488275,2.709117598392228e-06,1.0
1492,0.125,3,0.20682190189425478,0.0031827074718969316,0.025205232203006744,False,0.0017455021967726044,0.0034910040794013013,3.141439077052448e-10,2.6840470367687434e-06,1.0
1493,0.375,4,0.2199596141584254,0.004331951284628718,0.10860753804445267,False,0.0020989133217417127,0.0037876293774560094,0.0004101972660274157,2.659426130719291e-06,1.0
1494,0.25,4,0.22199021043216938,0.00187188017950539,2.8447818756103516,True,0.0038485913928613135,0.005957427910802476,0.001739754874920151,2.635254992849498e-06,1.0
1495,0.125,1,0.2148402888912218,0.002853653817515893,0.15516029298305511,False,0.006344586005770489,0.006764384692395495,0.0059247873191454825,2.6115337337079342e-06,1.0
1496,0.125,3,0.20804373672373658,0.0028752561778293546,0.11481744050979614,False,0.010002087101704596,0.0053500077734106805,0.01465416642999851,2.5882624617855823e-06,1.0
1497,0.25,2,0.21167225427078698,0.0024654861194078753,0.07574529945850372,False,0.003183992374381096,0.006031493233293842,0.0003364915154683498,2.5654412835153975e-06,1.0
1498,0.125,2,0.20482935008496636,0.002521985403707743,0.07327354699373245,False,0.005052777931880278,0.009583947859645118,0.0005216080041154392,2.5430703032718135e-06,1.0
1499,0.125,2,0.19870818605402174,0.0027578179715231983,0.9380216002464294,False,0.004348472780013026,0.007119084976495474,0.0015778605835305777,2.5211496233702157e-06,1.0
1500,0.0,0,0.18335692442074455,0.005590240401292724,2.638678550720215,True,0.013595122288484824,0.013871527196744143,0.013318717380225506,2.4996793440665226e-06,1.0
1501,0.25,4,0.18821239078987317,0.002255025762810108,0.06173691526055336,False,0.004042536398162144,0.0076998446217758035,0.0003852281745484844,2.4786595635567027e-06,1.0
1502,0.125,2,0.18357198502694985,0.0034965132587135993,1.0239765644073486,True,0.012399670534942632,0.009748580394032763,0.0150507606758525,2.4580903779763346e-06,1.0
1503,0.25,3,0.1890930652292196,0.002197719512800166,0.28129348158836365,False,0.0061059361556249254,0.007349746234132773,0.004862126077117079,2.4379718814002004e-06,1.0
1504,0.125,3,0.18399452319237497,0.003035172002133275,0.050030600279569626,False,0.0029611921817627776,0.005921680005994028,7.04357531527697e-07,2.4183041658417576e-06,1.0
1505,0.0,0,0.1697799700795589,0.004356826394979237,0.11374940723180771,False,0.005387142326834417,0.010395054193720783,0.0003792304599480512,2.399087321252821e-06,1.0
1506,0.125,2,0.16646456661104397,0.0024503880615895294,0.041155993938446045,False,0.0030960566759297157,0.006191177441979268,9.359098801630919e-07,2.380321435523134e-06,1.0
1507,0.0,0,0.1536042956505839,0.0029077792728584508,0.09338477998971939,False,0.0071357634426457445,0.01426958144650757,1.945438783919182e-06,2.3620065944798857e-06,1.0
1508,0.125,2,0.15163754885291392,0.002620996632560758,0.04796352609992027,False,0.003498454307355776,0.006996892217789065,1.639692248760012e-08,2.344142881887434e-06,1.0
1509,0.0,0,0.13992274368008084,0.003029933745632381,0.16241277754306793,False,0.008071068369133403,0.015983541069212584,0.0001585956690542218,2.326730379446835e-06,1.0
1510,0.125,2,0.13891396936059236,0.0026479050229310658,0.09115372598171234,False,0.003229511643694746,0.0064078310230550025,5.1192264334489024e-05,2.309769166795502e-06,1.0
1511,0.5,3,0.16720378168847916,0.006090926743447476,3.202252149581909,True,0.04206581492698873,0.0028111897755449455,0.08132044007843252,2.2932593215068622e-06,1.0
1512,0.125,3,0.16389236254132836,0.0022357006502877015,0.08104799687862396,False,0.003915568996542181,0.007688285863923791,0.0001428521291605705,2.277200919089944e-06,1.0
1513,0.375,4,0.18024469849126792,0.005000855609963512,6.783463954925537,True,0.0829427572663781,0.044342540834421386,0.12154297369833483,2.261594032989086e-06,1.0
1514,0.125,2,0.1761208392315776,0.0035112657738586165,1.558279275894165,True,0.005999881765697613,0.010922835002616536,0.0010769285287786905,2.2464387345836e-06,1.0
1515,0.375,4,0.1908559850522108,0.0035447374983276314,0.05898386612534523,False,0.0030355595033653734,0.006070998281094692,1.2072563605488323e-07,2.2317350931873966e-06,1.0
1516,0.125,2,0.18581433760674196,0.0019226505076032955,0.5020370483398438,False,0.00701141037992913,0.010235621747997232,0.003787199011861028,2.217483176048718e-06,1.0
1517,0.0,0,0.17145919417525946,0.0040616450544367685,0.14540457725524902,False,0.008811315835850413,0.012291816909286853,0.005330814762413972,2.203683048349803e-06,1.0
1518,0.25,4,0.17743371521517712,0.0032774547710009575,0.2519516348838806,False,0.0067373248895293055,0.008657187220999193,0.004817462558059417,2.190334773206586e-06,1.0
1519,0.375,4,0.19274767280650915,0.004156816378194387,1.097906231880188,True,0.02024675833594715,0.004106962362049573,0.03638655430984473,2.177438411668434e-06,1.0
1520,0.25,4,0.197459882445535,0.002748879977036263,1.3045871257781982,True,0.01630600309343416,0.004689002745569604,0.027923003441298715,2.1649940227178627e-06,1.0
1521,0.5,5,0.22103167246804814,0.004919467092668766,0.17161019146442413,False,0.0016209623775969054,0.0032404464513812446,1.4783038125665068e-06,2.153001663270237e-06,1.0
1522,0.0,1,0.2039558030704212,0.005047531039346191,0.6088215112686157,False,0.015649473589507145,0.02137109298253242,0.009927854196481867,2.14146138817352e-06,1.0
1523,0.0,0,0.18819913518101683,0.0041571889588892475,0.09994092583656311,False,0.008991490830988581,0.00871901796076417,0.009263963701212994,2.1303732502080636e-06,1.0
1524,0.25,4,0.1930696539832062,0.002255809339171425,0.13976994156837463,False,0.008826358683999188,0.01747366014667665,0.00017905722132172867,2.1197373000863016e-06,1.0
1525,0.125,2,0.1878569888680378,0.004661486573801804,4.285433292388916,True,0.004729280970148229,0.009451616593347277,6.9453469491802505e-06,2.1095535864525943e-06,1.0
1526,0.125,1,0.18334403978918673,0.002411866995200897,0.20360098779201508,False,0.019541420202729348,0.011493600243029709,0.027589240162428984,2.099822155882933e-06,1.0
1527,0.125,3,0.1790797399704535,0.002347274046037528,0.10260812938213348,False,0.004344118039348434,0.008688193210787407,4.2867909461578625e-08,2.0905430528847518e-06,1.0
1528,0.25,4,0.18446553341633748,0.0028257219098161,8.2393159866333,True,0.3662858399088755,0.004619645871996487,0.7279520339457545,2.0817163198967427e-06,1.0
1529,0.125,2,0.18011459226474164,0.003319782439341926,0.03500353544950485,False,0.0031091980892790335,0.006198528394364886,1.9867784193180737e-05,2.0733419972886675e-06,1.0
1530,0.375,2,0.1956037744013385,0.003778146953682345,0.2465372532606125,False,0.009469332300274799,0.00863316976319805,0.01030549483735155,2.065420123361115e-06,1.0
1531,0.25,4,0.1994189586179808,0.0032449711206690088,4.159637451171875,True,0.0033734425314679807,0.006744187902075209,2.697160860751899e-06,2.057950734345395e-06,1.0
1532,0.125,2,0.19352268653208277,0.0019974068931970044,0.5387056469917297,False,0.00561496716455905,0.0078930265084844,0.0033369078206337004,2.0509338644033225e-06,1.0
1533,0.375,5,0.2076898237429269,0.003778740255029729,2.4253480434417725,True,0.007418641287019866,0.005862498024037842,0.00897478455000189,2.044369545627105e-06,1.0
1534,0.25,1,0.21038013791853558,0.0024687465619209347,0.4796443581581116,False,0.005390930461308635,0.0091912076982157,0.0015906532244015694,2.0382578080391493e-06,1.0
1535,0.125,2,0.2038301460773428,0.0024034091735519675,0.24529267847537994,False,0.004300490432756055,0.007203516090668985,0.0013974647748431239,2.0325986795919657e-06,1.0
1536,0.125,2,0.19798318585733599,0.002657617556654969,0.04437023401260376,False,0.003383365835859796,0.006766608064431339,1.2360728825302353e-07,2.027392186168014e-06,1.0
1537,0.375,4,0.2117018248347936,0.004141487725004513,10.065715789794922,True,0.005914454486743756,0.003496149351322292,0.008332759622165219,2.0226383515795812e-06,1.0
1538,0.125,2,0.20524673566701468,0.003378686321238305,0.6992941498756409,False,0.0028952983373745325,0.0057899811897060595,6.154850430058428e-07,2.0183371975687055e-06,1.0
1539,0.25,4,0.20822089036345748,0.0031307753059268135,0.264655202627182,False,0.006379014124530568,0.006446783381595269,0.006311244867465867,2.0144887438070435e-06,1.0
1540,0.0,0,0.192134721851938,0.004858258649582215,0.06510896980762482,False,0.005531130062397044,0.01106211805359666,1.4207119742863253e-07,2.011093007895784e-06,1.0
1541,0.375,4,0.20611593868332986,0.0032377685205244697,2.067070722579956,True,0.008218123725185704,0.005790488922003798,0.010645758528367612,2.0081500053656035e-06,1.0
1542,0.25,3,0.20979834895707314,0.003155843262077986,0.08821768313646317,False,0.0029244966762560602,0.005260930339763988,0.0005880630127481323,2.0056597496765435e-06,1.0
1543,0.125,3,0.20349031339987658,0.0024677406035734976,0.05511971935629845,False,0.004233055994203571,0.008460035652676936,6.076335730207258e-06,2.003622252217979e-06,1.0
1544,0.125,2,0.19727950755621082,0.0026769510585558116,0.12131819874048233,False,0.005940071550417263,0.01164067806284503,0.00023946503798949633,2.0020375223085644e-06,1.0
1545,0.375,4,0.2112475690168463,0.004230450606539416,3.888307571411133,True,0.16390753892636895,0.00360388450032401,0.3242111933524139,2.0009055671961662e-06,1.0
1546,0.0,0,0.19492757352109075,0.00405338259400503,0.07204122096300125,False,0.0041265784595205645,0.00825315691904077,3.5822643641520326e-16,2.0002263920578955e-06,1.0
1547,0.0,0,0.191048514808021,0.0012534847703591272,0.04486125335097313,False,0.0029297555062368663,0.005859511011299772,1.1739603633826912e-12,2.0000000000000003e-06,1.0
