all_unseen,anomaly_in_range_vector,anomaly_mean_displacement_median,anomaly_vector,current_anomaly_compression,current_anomaly_ignore_mix_voxels,current_anomaly_normal_mix_voxels,current_anomaly_voxels,current_voxels,frame,history_anomaly,history_anomaly_fraction,history_new_normal_points,history_new_normal_voxels,history_visible_scans,ignore_mix_fraction,joint_anomaly_compression,joint_anomaly_voxel_increment,joint_anomaly_voxels,new_normal_fraction,normal_mix_fraction,rotation_rad,scope,segment,sequence,source_frame,source_frames,source_sequence,static_match_fraction,static_matched,static_sampled,translation_m,version,visibility_pattern,voxels
0,"[2, 5, 5, 4, 5]",0.0,"[2, 5, 5, 4, 5]",1.0,0,0,5,116585,4,16,0.7619047619047619,0,0,4,0.0,1.0,16,21,0.0,0.0,0.055882439691468624,complete_windows,0,000_00,4,"[0, 1, 2, 3, 4]",206,0.98583984375,2019,2048,0.9663458588461507,synthetic/pilot_v2_r1/train/000,11111,396527
0,"[5, 5, 4, 5, 5]",0.0,"[5, 5, 4, 5, 5]",1.0,0,0,5,116796,5,19,0.7916666666666666,0,0,4,0.0,1.0,19,24,0.0,0.0,0.05682964938812921,complete_windows,0,000_00,5,"[1, 2, 3, 4, 5]",206,0.98388671875,2015,2048,0.9417122095308389,synthetic/pilot_v2_r1/train/000,11111,381948
0,"[5, 4, 5, 5, 7]",0.0,"[5, 4, 5, 5, 7]",1.0,0,0,7,117129,6,19,0.7307692307692307,0,0,4,0.0,1.0,19,26,0.0,0.0,0.058040769637014995,complete_windows,0,000_00,6,"[2, 3, 4, 5, 6]",206,0.9892578125,2026,2048,0.965195888385032,synthetic/pilot_v2_r1/train/000,11111,378276
0,"[4, 5, 5, 7, 5]",0.0,"[4, 5, 5, 7, 5]",1.0,0,0,5,117301,7,21,0.8076923076923077,0,0,4,0.0,1.0,21,26,0.0,0.0,0.059780262270065714,complete_windows,0,000_00,7,"[3, 4, 5, 6, 7]",206,0.990234375,2028,2048,0.9858028429850648,synthetic/pilot_v2_r1/train/000,11111,375570
0,"[5, 5, 7, 5, 5]",0.0,"[5, 5, 7, 5, 5]",1.0,0,0,5,117495,8,22,0.8148148148148148,0,0,4,0.0,1.0384615384615385,21,26,0.0,0.0,0.060236773270322036,complete_windows,0,000_00,8,"[4, 5, 6, 7, 8]",206,0.99267578125,2033,2048,1.005267696927662,synthetic/pilot_v2_r1/train/000,11111,374776
0,"[5, 7, 5, 5, 5]",0.0,"[5, 7, 5, 5, 5]",1.0,0,0,5,117666,9,22,0.8148148148148148,0,0,4,0.0,1.0,22,27,0.0,0.0,0.061005502645824036,complete_windows,0,000_00,9,"[5, 6, 7, 8, 9]",206,0.99169921875,2031,2048,1.0220813685554533,synthetic/pilot_v2_r1/train/000,11111,380232
0,"[7, 5, 5, 5, 3]",0.0,"[7, 5, 5, 5, 3]",1.0,0,0,3,117819,10,22,0.88,0,0,4,0.0,1.0,22,25,0.0,0.0,0.06305325732861693,complete_windows,0,000_00,10,"[6, 7, 8, 9, 10]",206,0.98828125,2024,2048,1.0224720118001567,synthetic/pilot_v2_r1/train/000,11111,382102
0,"[5, 5, 5, 3, 5]",0.0,"[5, 5, 5, 3, 5]",1.0,0,0,5,117831,11,18,0.782608695652174,0,0,4,0.0,1.0,18,23,0.0,0.0,0.06544281322397204,complete_windows,0,000_00,11,"[7, 8, 9, 10, 11]",206,0.98486328125,2017,2048,1.0198269749268534,synthetic/pilot_v2_r1/train/000,11111,384681
0,"[5, 5, 3, 5, 6]",0.0,"[5, 5, 3, 5, 6]",1.0,0,0,6,118128,12,18,0.75,0,0,4,0.0,1.0,18,24,0.0,0.0,0.06496903360013287,complete_windows,0,000_00,12,"[8, 9, 10, 11, 12]",206,0.98486328125,2017,2048,1.0192244990949888,synthetic/pilot_v2_r1/train/000,11111,384951
0,"[5, 3, 5, 6, 9]",0.0,"[5, 3, 5, 6, 9]",1.0,0,0,9,118166,13,19,0.6785714285714286,0,0,4,0.0,1.037037037037037,18,27,0.0,0.0,0.06258064121138437,complete_windows,0,000_00,13,"[9, 10, 11, 12, 13]",206,0.9921875,2032,2048,1.0290860495002332,synthetic/pilot_v2_r1/train/000,11111,386411
0,"[3, 5, 6, 9, 9]",0.0,"[3, 5, 6, 9, 9]",1.0,0,0,9,118197,14,23,0.71875,0,0,4,0.0,1.0,23,32,0.0,0.0,0.06061945466890311,complete_windows,0,000_00,14,"[10, 11, 12, 13, 14]",206,0.98681640625,2021,2048,1.0320936266278606,synthetic/pilot_v2_r1/train/000,11111,382219
0,"[5, 6, 9, 9, 11]",0.0,"[5, 6, 9, 9, 11]",1.0,0,0,11,118219,15,29,0.725,0,0,4,0.0,1.0526315789473684,27,38,0.0,0.0,0.0600284197313791,complete_windows,0,000_00,15,"[11, 12, 13, 14, 15]",206,0.984375,2016,2048,1.0402343316167795,synthetic/pilot_v2_r1/train/000,11111,379159
0,"[6, 9, 9, 11, 11]",0.0,"[6, 9, 9, 11, 11]",1.0,0,0,11,118355,16,35,0.7608695652173914,0,0,4,0.0,1.0,35,46,0.0,0.0,0.05988758371271035,complete_windows,0,000_00,16,"[12, 13, 14, 15, 16]",206,0.9814453125,2010,2048,1.0357255716496157,synthetic/pilot_v2_r1/train/000,11111,378405
0,"[9, 9, 11, 11, 11]",0.0,"[9, 9, 11, 11, 11]",1.0,0,0,11,118133,17,40,0.7843137254901961,0,0,4,0.0,1.0,40,51,0.0,0.0,0.05995642280798513,complete_windows,0,000_00,17,"[13, 14, 15, 16, 17]",206,0.99267578125,2033,2048,1.0234080660283624,synthetic/pilot_v2_r1/train/000,11111,377716
0,"[9, 11, 11, 11, 12]",0.0,"[9, 11, 11, 11, 12]",1.0,0,0,12,118364,18,42,0.7777777777777778,0,0,4,0.0,1.0188679245283019,41,53,0.0,0.0,0.05981346634662151,complete_windows,0,000_00,18,"[14, 15, 16, 17, 18]",206,0.9814453125,2010,2048,1.0235789177754357,synthetic/pilot_v2_r1/train/000,11111,377403
0,"[11, 11, 11, 12, 12]",0.0,"[11, 11, 11, 12, 12]",1.0,0,0,12,118246,19,45,0.7894736842105263,0,0,4,0.0,1.0555555555555556,42,54,0.0,0.0,0.05936968902529027,complete_windows,0,000_00,19,"[15, 16, 17, 18, 19]",206,0.98876953125,2025,2048,1.0083338029933215,synthetic/pilot_v2_r1/train/000,11111,380182
0,"[11, 11, 12, 12, 9]",0.0,"[11, 11, 12, 12, 9]",1.0,0,0,9,118462,20,46,0.8363636363636363,0,0,4,0.0,1.0,46,55,0.0,0.0,0.06003183170788444,complete_windows,0,000_00,20,"[16, 17, 18, 19, 20]",206,0.98974609375,2027,2048,1.0162174134784325,synthetic/pilot_v2_r1/train/000,11111,376729
0,"[11, 12, 12, 9, 12]",0.0,"[11, 12, 12, 9, 12]",1.0,0,0,12,117990,21,44,0.7857142857142857,0,0,4,0.0,1.018181818181818,43,55,0.0,0.0,0.06096073644314156,complete_windows,0,000_00,21,"[17, 18, 19, 20, 21]",206,0.98388671875,2015,2048,1.0212284272052636,synthetic/pilot_v2_r1/train/000,11111,375723
0,"[12, 12, 9, 12, 11]",0.0,"[12, 12, 9, 12, 11]",1.0,0,0,11,117661,22,45,0.8035714285714286,0,0,4,0.0,1.018181818181818,44,55,0.0,0.0,0.058726412148327654,complete_windows,0,000_00,22,"[18, 19, 20, 21, 22]",206,0.990234375,2028,2048,1.0106595945963222,synthetic/pilot_v2_r1/train/000,11111,376557
0,"[12, 9, 12, 11, 9]",0.0,"[12, 9, 12, 11, 9]",1.0,0,0,9,117506,23,44,0.8301886792452831,0,0,4,0.0,1.0,44,53,0.0,0.0,0.05359509870926982,complete_windows,0,000_00,23,"[19, 20, 21, 22, 23]",206,0.994140625,2036,2048,1.018705143216683,synthetic/pilot_v2_r1/train/000,11111,377280
0,"[9, 12, 11, 9, 13]",0.0,"[9, 12, 11, 9, 13]",1.0,0,0,13,117225,24,41,0.7592592592592593,0,0,4,0.0,1.0188679245283019,40,53,0.0,0.0,0.04736271304000362,complete_windows,0,000_00,24,"[20, 21, 22, 23, 24]",206,0.9873046875,2022,2048,1.0049344826468638,synthetic/pilot_v2_r1/train/000,11111,376042
0,"[12, 11, 9, 13, 11]",0.0,"[12, 11, 9, 13, 11]",1.0,0,0,11,117143,25,45,0.8035714285714286,0,0,4,0.0,1.0566037735849056,42,53,0.0,0.0,0.041010165925127864,complete_windows,0,000_00,25,"[21, 22, 23, 24, 25]",206,0.98388671875,2015,2048,0.9917765515177844,synthetic/pilot_v2_r1/train/000,11111,374167
0,"[11, 9, 13, 11, 15]",0.0,"[11, 9, 13, 11, 15]",1.0,0,0,15,116738,26,44,0.7457627118644068,0,0,4,0.0,1.0350877192982457,42,57,0.0,0.0,0.034593800329550714,complete_windows,0,000_00,26,"[22, 23, 24, 25, 26]",206,0.9853515625,2018,2048,0.994510330458186,synthetic/pilot_v2_r1/train/000,11111,371977
0,"[9, 13, 11, 15, 12]",0.0,"[9, 13, 11, 15, 12]",1.0,0,0,12,116381,27,48,0.8,0,0,4,0.0,1.0909090909090908,43,55,0.0,0.0,0.028437019363485506,complete_windows,0,000_00,27,"[23, 24, 25, 26, 27]",206,0.98486328125,2017,2048,0.9848248929076272,synthetic/pilot_v2_r1/train/000,11111,377784
0,"[13, 11, 15, 12, 14]",0.0,"[13, 11, 15, 12, 14]",1.0,0,0,14,115960,28,51,0.7846153846153846,0,0,4,0.0,1.0655737704918034,47,61,0.0,0.0,0.022481225054801164,complete_windows,0,000_00,28,"[24, 25, 26, 27, 28]",206,0.9873046875,2022,2048,0.986623196857455,synthetic/pilot_v2_r1/train/000,11111,379413
0,"[11, 15, 12, 14, 15]",0.0,"[11, 15, 12, 14, 15]",1.0,0,0,15,115691,29,52,0.7761194029850746,0,0,4,0.0,1.046875,49,64,0.0,0.0,0.015782182807704073,complete_windows,0,000_00,29,"[25, 26, 27, 28, 29]",206,0.99072265625,2029,2048,0.9807528341862736,synthetic/pilot_v2_r1/train/000,11111,379504
0,"[15, 12, 14, 15, 14]",0.0,"[15, 12, 14, 15, 14]",1.0,0,0,14,115340,30,56,0.8,0,0,4,0.0,1.0,56,70,0.0,0.0,0.010502168677713457,complete_windows,0,000_00,30,"[26, 27, 28, 29, 30]",206,0.97998046875,2007,2048,0.9799825494032863,synthetic/pilot_v2_r1/train/000,11111,378766
0,"[12, 14, 15, 14, 8]",0.0,"[12, 14, 15, 14, 8]",1.0,0,0,8,114907,31,55,0.873015873015873,0,0,4,0.0,1.0677966101694916,51,59,0.0,0.0,0.007163441763445441,complete_windows,0,000_00,31,"[27, 28, 29, 30, 31]",206,0.986328125,2020,2048,0.9841477320765353,synthetic/pilot_v2_r1/train/000,11111,374707
0,"[14, 15, 14, 8, 9]",0.0,"[14, 15, 14, 8, 9]",1.0,0,0,9,114479,32,51,0.85,0,0,4,0.0,1.0344827586206897,49,58,0.0,0.0,0.006006617286761176,complete_windows,0,000_00,32,"[28, 29, 30, 31, 32]",206,0.9833984375,2014,2048,0.9748001265997533,synthetic/pilot_v2_r1/train/000,11111,374626
0,"[15, 14, 8, 9, 10]",0.0,"[15, 14, 8, 9, 10]",1.0,0,0,10,114016,33,46,0.8214285714285714,0,0,4,0.0,1.018181818181818,45,55,0.0,0.0,0.009763584372020259,complete_windows,0,000_00,33,"[29, 30, 31, 32, 33]",206,0.99072265625,2029,2048,0.978659030675048,synthetic/pilot_v2_r1/train/000,11111,376037
0,"[14, 8, 9, 10, 12]",0.0,"[14, 8, 9, 10, 12]",1.0,0,0,12,113449,34,41,0.7735849056603774,0,0,4,0.0,1.0816326530612246,37,49,0.0,0.0,0.015579268260661566,complete_windows,0,000_00,34,"[30, 31, 32, 33, 34]",206,0.98193359375,2011,2048,0.9698947174665248,synthetic/pilot_v2_r1/train/000,11111,377378
0,"[8, 9, 10, 12, 15]",0.0,"[8, 9, 10, 12, 15]",1.0,0,0,15,112886,35,39,0.7222222222222222,0,0,4,0.0,1.0188679245283019,38,53,0.0,0.0,0.023852822526508947,complete_windows,0,000_00,35,"[31, 32, 33, 34, 35]",206,0.984375,2016,2048,0.9595449170597289,synthetic/pilot_v2_r1/train/000,11111,377470
0,"[9, 10, 12, 15, 15]",0.0,"[9, 10, 12, 15, 15]",1.0,0,0,15,112433,36,46,0.7540983606557377,0,0,4,0.0,1.0338983050847457,44,59,0.0,0.0,0.0328532824344293,complete_windows,0,000_00,36,"[32, 33, 34, 35, 36]",206,0.98193359375,2011,2048,0.9493939798881558,synthetic/pilot_v2_r1/train/000,11111,376561
0,"[10, 12, 15, 15, 18]",0.0,"[10, 12, 15, 15, 18]",1.0,0,0,18,111904,37,52,0.7428571428571429,0,0,4,0.0,1.0,52,70,0.0,0.0,0.04247667193918125,complete_windows,0,000_00,37,"[33, 34, 35, 36, 37]",206,0.990234375,2028,2048,0.9197478685540015,synthetic/pilot_v2_r1/train/000,11111,374098
0,"[12, 15, 15, 18, 17]",0.0,"[12, 15, 15, 18, 17]",1.0,0,0,17,111467,38,60,0.7792207792207793,0,0,4,0.0,1.0547945205479452,56,73,0.0,0.0,0.050166692315798705,complete_windows,0,000_00,38,"[34, 35, 36, 37, 38]",206,0.98486328125,2017,2048,0.8889324357225504,synthetic/pilot_v2_r1/train/000,11111,373730
0,"[15, 15, 18, 17, 10]",0.0,"[15, 15, 18, 17, 10]",1.0,0,0,10,111236,39,65,0.8666666666666667,0,0,4,0.0,1.0416666666666667,62,72,0.0,0.0,0.05603099778786172,complete_windows,0,000_00,39,"[35, 36, 37, 38, 39]",206,0.98583984375,2019,2048,0.8459253177967186,synthetic/pilot_v2_r1/train/000,11111,370585
0,"[15, 18, 17, 10, 6]",0.0,"[15, 18, 17, 10, 6]",1.0,0,0,6,110775,40,60,0.9090909090909091,0,0,4,0.0,1.0476190476190477,57,63,0.0,0.0,0.061098800648611305,complete_windows,0,000_00,40,"[36, 37, 38, 39, 40]",206,0.98681640625,2021,2048,0.8040898951551883,synthetic/pilot_v2_r1/train/000,11111,371972
0,"[18, 17, 10, 6, 3]",0.011720063164830208,"[18, 17, 10, 6, 3]",1.0,0,0,3,110497,41,51,0.9444444444444444,0,0,4,0.0,1.0384615384615385,49,52,0.0,0.0,0.06373473989761069,complete_windows,0,000_00,41,"[37, 38, 39, 40, 41]",206,0.9921875,2032,2048,0.749703299373467,synthetic/pilot_v2_r1/train/000,11111,370858
0,"[17, 10, 6, 3, 0]",,"[17, 10, 6, 3, 0]",,0,0,0,110303,42,36,1.0,0,0,4,,1.0,36,36,,,0.06570316066478686,complete_windows,0,000_00,42,"[38, 39, 40, 41, 42]",206,0.9912109375,2030,2048,0.709301516418182,synthetic/pilot_v2_r1/train/000,11110,367580
0,"[10, 6, 3, 0, 0]",,"[10, 6, 3, 0, 0]",,0,0,0,110173,43,19,1.0,0,0,3,,1.0,19,19,,,0.0677637882007117,complete_windows,0,000_00,43,"[39, 40, 41, 42, 43]",206,0.98388671875,2015,2048,0.6770738939445964,synthetic/pilot_v2_r1/train/000,11100,363822
0,"[6, 3, 0, 0, 5]",0.0,"[6, 3, 0, 0, 5]",1.0,0,0,5,109726,44,9,0.6428571428571429,0,0,2,0.0,1.0,9,14,0.0,0.0,0.07003283303114446,complete_windows,0,000_00,44,"[40, 41, 42, 43, 44]",206,0.970703125,1988,2048,0.6364341610187706,synthetic/pilot_v2_r1/train/000,11001,362724
0,"[3, 0, 0, 5, 5]",0.0,"[3, 0, 0, 5, 5]",1.0,0,0,5,109645,45,8,0.6153846153846154,0,0,2,0.0,1.0,8,13,0.0,0.0,0.0722440713428398,complete_windows,0,000_00,45,"[41, 42, 43, 44, 45]",206,0.986328125,2020,2048,0.6094744252771903,synthetic/pilot_v2_r1/train/000,10011,364052
0,"[0, 0, 5, 5, 15]",0.0,"[0, 0, 5, 5, 15]",1.0,0,0,15,109362,46,10,0.4,0,0,2,0.0,1.0,10,25,0.0,0.0,0.07214668610697461,complete_windows,0,000_00,46,"[42, 43, 44, 45, 46]",206,0.9931640625,2034,2048,0.5738115087464141,synthetic/pilot_v2_r1/train/000,00111,363399
0,"[0, 5, 5, 15, 18]",0.0,"[0, 5, 5, 15, 18]",1.0,0,0,18,109488,47,25,0.5813953488372093,0,0,3,0.0,1.0,25,43,0.0,0.0,0.07178911596389481,complete_windows,0,000_00,47,"[43, 44, 45, 46, 47]",206,0.98095703125,2009,2048,0.5207793969877293,synthetic/pilot_v2_r1/train/000,01111,363299
0,"[5, 5, 15, 18, 16]",0.0,"[5, 5, 15, 18, 16]",1.0,0,0,16,109083,48,43,0.7288135593220338,0,0,4,0.0,1.0,43,59,0.0,0.0,0.07108989199842942,complete_windows,0,000_00,48,"[44, 45, 46, 47, 48]",206,0.9814453125,2010,2048,0.5037830773819856,synthetic/pilot_v2_r1/train/000,11111,362568
0,"[5, 15, 18, 16, 21]",0.0,"[5, 15, 18, 16, 21]",1.0,0,0,21,108949,49,54,0.72,0,0,4,0.0,1.0869565217391304,48,69,0.0,0.0,0.06829188547905071,complete_windows,0,000_00,49,"[45, 46, 47, 48, 49]",206,0.99267578125,2033,2048,0.49971748843274477,synthetic/pilot_v2_r1/train/000,11111,362772
0,"[15, 18, 16, 21, 20]",0.0,"[15, 18, 16, 21, 20]",1.0,0,0,20,108791,50,70,0.7777777777777778,0,0,4,0.0,1.1538461538461537,58,78,0.0,0.0,0.06653028183613764,complete_windows,0,000_00,50,"[46, 47, 48, 49, 50]",206,0.9912109375,2030,2048,0.4716485279954426,synthetic/pilot_v2_r1/train/000,11111,365749
0,"[18, 16, 21, 20, 18]",0.0,"[18, 16, 21, 20, 18]",1.0,0,0,18,108400,51,75,0.8064516129032258,0,0,4,0.0,1.0941176470588236,67,85,0.0,0.0,0.06355199060457005,complete_windows,0,000_00,51,"[47, 48, 49, 50, 51]",206,0.98876953125,2025,2048,0.4577508936392017,synthetic/pilot_v2_r1/train/000,11111,366823
0,"[16, 21, 20, 18, 18]",0.0,"[16, 21, 20, 18, 18]",1.0,0,0,18,108505,52,75,0.8064516129032258,0,0,4,0.0,1.0941176470588236,67,85,0.0,0.0,0.05994903866867166,complete_windows,0,000_00,52,"[48, 49, 50, 51, 52]",206,0.97900390625,2005,2048,0.43941656706315485,synthetic/pilot_v2_r1/train/000,11111,365104
0,"[21, 20, 18, 18, 21]",0.0018306709825992584,"[21, 20, 18, 18, 21]",1.0,0,0,21,108123,53,77,0.7857142857142857,0,0,4,0.0,1.1666666666666667,63,84,0.0,0.0,0.0571377359934457,complete_windows,0,000_00,53,"[49, 50, 51, 52, 53]",206,0.98828125,2024,2048,0.39126477670904347,synthetic/pilot_v2_r1/train/000,11111,364249
0,"[20, 18, 18, 21, 21]",0.0,"[20, 18, 18, 21, 21]",1.0,0,0,21,108186,54,77,0.7857142857142857,0,0,4,0.0,1.0888888888888888,69,90,0.0,0.0,0.05454873720674456,complete_windows,0,000_00,54,"[50, 51, 52, 53, 54]",206,0.98681640625,2021,2048,0.3763404730944595,synthetic/pilot_v2_r1/train/000,11111,364068
0,"[18, 18, 21, 21, 19]",0.0,"[18, 18, 21, 21, 19]",1.0,0,0,19,108172,55,78,0.8041237113402062,0,0,4,0.0,1.0543478260869565,73,92,0.0,0.0,0.0507297226123068,complete_windows,0,000_00,55,"[51, 52, 53, 54, 55]",206,0.98388671875,2015,2048,0.35575102345730714,synthetic/pilot_v2_r1/train/000,11111,366314
0,"[18, 21, 21, 19, 22]",0.0,"[18, 21, 21, 19, 22]",1.0,0,0,22,108129,56,79,0.7821782178217822,0,0,4,0.0,1.0520833333333333,74,96,0.0,0.0,0.04533183491352063,complete_windows,0,000_00,56,"[52, 53, 54, 55, 56]",206,0.98046875,2008,2048,0.3043452386258871,synthetic/pilot_v2_r1/train/000,11111,365183
0,"[21, 21, 19, 22, 19]",0.0,"[21, 21, 19, 22, 19]",1.0,0,0,19,108221,57,83,0.8137254901960784,0,0,4,0.0,1.0625,77,96,0.0,0.0,0.042699107170941816,complete_windows,0,000_00,57,"[53, 54, 55, 56, 57]",206,0.98291015625,2013,2048,0.28880565726535357,synthetic/pilot_v2_r1/train/000,11111,367217
0,"[21, 19, 22, 19, 18]",0.0,"[21, 19, 22, 19, 18]",1.0,0,0,18,107925,58,81,0.8181818181818182,0,0,4,0.0,1.076086956521739,74,92,0.0,0.0,0.04038448356040951,complete_windows,0,000_00,58,"[54, 55, 56, 57, 58]",206,0.9873046875,2022,2048,0.2582415678622798,synthetic/pilot_v2_r1/train/000,11111,364598
0,"[19, 22, 19, 18, 18]",0.0,"[19, 22, 19, 18, 18]",1.0,0,0,18,107823,59,78,0.8125,0,0,4,0.0,1.0,78,96,0.0,0.0,0.03750700176745277,complete_windows,0,000_00,59,"[55, 56, 57, 58, 59]",206,0.98779296875,2023,2048,0.24005138540979684,synthetic/pilot_v2_r1/train/000,11111,358759
0,"[22, 19, 18, 18, 18]",0.0,"[22, 19, 18, 18, 18]",1.0,0,0,18,107985,60,77,0.8105263157894737,0,0,4,0.0,1.0795454545454546,70,88,0.0,0.0,0.036917917169632414,complete_windows,0,000_00,60,"[56, 57, 58, 59, 60]",206,0.994140625,2036,2048,0.23409313734821413,synthetic/pilot_v2_r1/train/000,11111,357716
0,"[19, 18, 18, 18, 14]",0.0,"[19, 18, 18, 18, 14]",1.0,0,0,14,107815,61,73,0.8390804597701149,0,0,4,0.0,1.0,73,87,0.0,0.0,0.035203620860936355,complete_windows,0,000_00,61,"[57, 58, 59, 60, 61]",206,0.99072265625,2029,2048,0.21871318802559003,synthetic/pilot_v2_r1/train/000,11111,356747
0,"[18, 18, 18, 14, 18]",0.0,"[18, 18, 18, 14, 18]",1.0,0,0,18,107945,62,68,0.7906976744186046,0,0,4,0.0,1.011764705882353,67,85,0.0,0.0,0.03541627835996596,complete_windows,0,000_00,62,"[58, 59, 60, 61, 62]",206,0.978515625,2004,2048,0.22447292441458191,synthetic/pilot_v2_r1/train/000,11111,354497
0,"[18, 18, 14, 18, 19]",0.0,"[18, 18, 14, 18, 19]",1.0,0,0,19,108113,63,68,0.7816091954022989,0,0,4,0.0,1.0,68,87,0.0,0.0,0.03609679885023149,complete_windows,0,000_00,63,"[59, 60, 61, 62, 63]",206,0.98876953125,2025,2048,0.20952655988905666,synthetic/pilot_v2_r1/train/000,11111,356573
0,"[18, 14, 18, 19, 18]",0.0,"[18, 14, 18, 19, 18]",1.0,0,0,18,107547,64,69,0.7931034482758621,0,0,4,0.0,1.0357142857142858,66,84,0.0,0.0,0.03666494842386361,complete_windows,0,000_00,64,"[60, 61, 62, 63, 64]",206,0.99365234375,2035,2048,0.21315127995256755,synthetic/pilot_v2_r1/train/000,11111,357914
0,"[14, 18, 19, 18, 20]",0.0022193545009940863,"[14, 18, 19, 18, 20]",1.0,0,0,20,107657,65,69,0.7752808988764045,0,0,4,0.0,1.1710526315789473,56,76,0.0,0.0,0.03863199891921474,complete_windows,0,000_00,65,"[61, 62, 63, 64, 65]",206,0.99169921875,2031,2048,0.22115012408793183,synthetic/pilot_v2_r1/train/000,11111,355976
0,"[18, 19, 18, 20, 20]",0.0,"[18, 19, 18, 20, 20]",1.0,0,0,20,107434,66,75,0.7894736842105263,0,0,4,0.0,1.144578313253012,63,83,0.0,0.0,0.04036150726996175,complete_windows,0,000_00,66,"[62, 63, 64, 65, 66]",206,0.9775390625,2002,2048,0.21411393441762516,synthetic/pilot_v2_r1/train/000,11111,356755
0,"[19, 18, 20, 20, 18]",0.0,"[19, 18, 20, 20, 18]",1.0,0,0,18,107569,67,77,0.8105263157894737,0,0,4,0.0,1.130952380952381,66,84,0.0,0.0,0.044227359307050275,complete_windows,0,000_00,67,"[63, 64, 65, 66, 67]",206,0.97607421875,1999,2048,0.23977784371759023,synthetic/pilot_v2_r1/train/000,11111,356990
0,"[18, 20, 20, 18, 19]",0.0,"[18, 20, 20, 18, 19]",1.0,0,0,19,107625,68,76,0.8,0,0,4,0.0,1.1875,61,80,0.0,0.0,0.05075911603741048,complete_windows,0,000_00,68,"[64, 65, 66, 67, 68]",206,0.978515625,2004,2048,0.2712162314260779,synthetic/pilot_v2_r1/train/000,11111,362490
0,"[20, 20, 18, 19, 20]",0.0,"[20, 20, 18, 19, 20]",1.0,0,0,20,107350,69,77,0.7938144329896907,0,0,4,0.0,1.043010752688172,73,93,0.0,0.0,0.057705852418416616,complete_windows,0,000_00,69,"[65, 66, 67, 68, 69]",206,0.9931640625,2034,2048,0.3139021911202409,synthetic/pilot_v2_r1/train/000,11111,365631
0,"[20, 18, 19, 20, 17]",0.0,"[20, 18, 19, 20, 17]",1.0,0,0,17,107187,70,77,0.8191489361702128,0,0,4,0.0,1.0444444444444445,73,90,0.0,0.0,0.06511562702266172,complete_windows,0,000_00,70,"[66, 67, 68, 69, 70]",206,0.9853515625,2018,2048,0.37783684594707584,synthetic/pilot_v2_r1/train/000,11111,366198
0,"[18, 19, 20, 17, 23]",0.0,"[18, 19, 20, 17, 23]",1.0,0,0,23,107045,71,74,0.7628865979381443,0,0,4,0.0,1.0543478260869565,69,92,0.0,0.0,0.07228388435558362,complete_windows,0,000_00,71,"[67, 68, 69, 70, 71]",206,0.97119140625,1989,2048,0.43903866317848755,synthetic/pilot_v2_r1/train/000,11111,367247
0,"[19, 20, 17, 23, 17]",0.0,"[19, 20, 17, 23, 17]",1.0,0,0,17,106708,72,79,0.8229166666666666,0,0,4,0.0,1.0909090909090908,71,88,0.0,0.0,0.07978435035699898,complete_windows,0,000_00,72,"[68, 69, 70, 71, 72]",206,0.9794921875,2006,2048,0.48700735799259914,synthetic/pilot_v2_r1/train/000,11111,369333
0,"[20, 17, 23, 17, 15]",0.0,"[20, 17, 23, 17, 15]",1.0,0,0,15,106737,73,77,0.8369565217391305,0,0,4,0.0,1.0952380952380953,69,84,0.0,0.0,0.08497569323456262,complete_windows,0,000_00,73,"[69, 70, 71, 72, 73]",206,0.9892578125,2026,2048,0.5313787612894113,synthetic/pilot_v2_r1/train/000,11111,371343
0,"[17, 23, 17, 15, 14]",0.0,"[17, 23, 17, 15, 14]",1.0,0,0,14,106632,74,72,0.8372093023255814,0,0,4,0.0,1.036144578313253,69,83,0.0,0.0,0.08801789435651906,complete_windows,0,000_00,74,"[70, 71, 72, 73, 74]",206,0.99072265625,2029,2048,0.5713048105689699,synthetic/pilot_v2_r1/train/000,11111,368807
0,"[23, 17, 15, 14, 21]",0.0,"[23, 17, 15, 14, 21]",1.0,0,0,21,106653,75,69,0.7666666666666667,0,0,4,0.0,1.0843373493975903,62,83,0.0,0.0,0.09070992895596772,complete_windows,0,000_00,75,"[71, 72, 73, 74, 75]",206,0.99169921875,2031,2048,0.5964958524119479,synthetic/pilot_v2_r1/train/000,11111,368674
0,"[17, 15, 14, 21, 19]",0.0,"[17, 15, 14, 21, 19]",1.0,0,0,19,106659,76,67,0.7790697674418605,0,0,4,0.0,1.048780487804878,63,82,0.0,0.0,0.09191369306026564,complete_windows,0,000_00,76,"[72, 73, 74, 75, 76]",206,0.984375,2016,2048,0.6162269133566959,synthetic/pilot_v2_r1/train/000,11111,366929
0,"[15, 14, 21, 19, 15]",0.0,"[15, 14, 21, 19, 15]",1.0,0,0,15,106400,77,69,0.8214285714285714,0,0,4,0.0,1.024390243902439,67,82,0.0,0.0,0.09373259503343309,complete_windows,0,000_00,77,"[73, 74, 75, 76, 77]",206,0.97314453125,1993,2048,0.6423462176800425,synthetic/pilot_v2_r1/train/000,11111,371100
0,"[14, 21, 19, 15, 16]",0.0,"[14, 21, 19, 15, 16]",1.0,0,0,16,106488,78,69,0.8117647058823529,0,0,4,0.0,1.0240963855421688,67,83,0.0,0.0,0.09568140598291455,complete_windows,0,000_00,78,"[74, 75, 76, 77, 78]",206,0.98583984375,2019,2048,0.6354572875585477,synthetic/pilot_v2_r1/train/000,11111,373419
0,"[21, 19, 15, 16, 15]",0.0,"[21, 19, 15, 16, 15]",1.0,0,0,15,106183,79,71,0.8255813953488372,0,0,4,0.0,1.075,65,80,0.0,0.0,0.09803084654197582,complete_windows,0,000_00,79,"[75, 76, 77, 78, 79]",206,0.9833984375,2014,2048,0.6559113088956695,synthetic/pilot_v2_r1/train/000,11111,379260
0,"[19, 15, 16, 15, 14]",0.0,"[19, 15, 16, 15, 14]",1.0,0,0,14,105925,80,65,0.8227848101265823,0,0,4,0.0,1.0533333333333332,61,75,0.0,0.0,0.09715200682854651,complete_windows,0,000_00,80,"[76, 77, 78, 79, 80]",206,0.98583984375,2019,2048,0.6885777827391343,synthetic/pilot_v2_r1/train/000,11111,377843
0,"[15, 16, 15, 14, 9]",0.0,"[15, 16, 15, 14, 9]",1.0,0,0,9,105579,81,60,0.8695652173913043,0,0,4,0.0,1.0298507462686568,58,67,0.0,0.0,0.09458538002542806,complete_windows,0,000_00,81,"[77, 78, 79, 80, 81]",206,0.98193359375,2011,2048,0.7117286805584416,synthetic/pilot_v2_r1/train/000,11111,378771
0,"[16, 15, 14, 9, 0]",,"[16, 15, 14, 9, 0]",,0,0,0,105040,82,54,1.0,0,0,4,,1.0188679245283019,53,53,,,0.09190869403000504,complete_windows,0,000_00,82,"[78, 79, 80, 81, 82]",206,0.9853515625,2018,2048,0.743615738011411,synthetic/pilot_v2_r1/train/000,11110,378610
0,"[15, 14, 9, 0, 9]",0.0,"[15, 14, 9, 0, 9]",1.0,0,0,9,104753,83,38,0.8085106382978723,0,0,3,0.0,1.0217391304347827,37,46,0.0,0.0,0.09141191712091401,complete_windows,0,000_00,83,"[79, 80, 81, 82, 83]",206,0.98779296875,2023,2048,0.7724066713763033,synthetic/pilot_v2_r1/train/000,11101,377835
0,"[14, 9, 0, 9, 2]",0.0,"[14, 9, 0, 9, 2]",1.0,0,0,2,104209,84,32,0.9411764705882353,0,0,3,0.0,1.0,32,34,0.0,0.0,0.09189176364129398,complete_windows,0,000_00,84,"[80, 81, 82, 83, 84]",206,0.98388671875,2015,2048,0.7823093263736703,synthetic/pilot_v2_r1/train/000,11011,372209
0,"[9, 0, 9, 2, 0]",,"[9, 0, 9, 2, 0]",,0,0,0,103650,85,20,1.0,0,0,3,,1.0,20,20,,,0.09143193448828678,complete_windows,0,000_00,85,"[81, 82, 83, 84, 85]",206,0.982421875,2012,2048,0.8019862850472748,synthetic/pilot_v2_r1/train/000,10110,368511
0,"[0, 9, 2, 0, 11]",0.0,"[0, 9, 2, 0, 11]",1.0,0,0,11,102984,86,11,0.5,0,0,2,0.0,1.0,11,22,0.0,0.0,0.09087839284642334,complete_windows,0,000_00,86,"[82, 83, 84, 85, 86]",206,0.98388671875,2015,2048,0.8299320121081653,synthetic/pilot_v2_r1/train/000,01101,376834
0,"[9, 2, 0, 11, 5]",0.0,"[9, 2, 0, 11, 5]",1.0,0,0,5,102057,87,22,0.8148148148148148,0,0,3,0.0,1.0,22,27,0.0,0.0,0.08965492704332052,complete_windows,0,000_00,87,"[83, 84, 85, 86, 87]",206,0.97998046875,2007,2048,0.8491778762921323,synthetic/pilot_v2_r1/train/000,11011,378456
0,"[2, 0, 11, 5, 2]",0.0,"[2, 0, 11, 5, 2]",1.0,0,0,2,101168,88,18,0.9,0,0,3,0.0,1.0526315789473684,17,19,0.0,0.0,0.09089300605332537,complete_windows,0,000_00,88,"[84, 85, 86, 87, 88]",206,0.98681640625,2021,2048,0.8852427781413098,synthetic/pilot_v2_r1/train/000,10111,377986
0,"[0, 11, 5, 2, 2]",0.0,"[0, 11, 5, 2, 2]",1.0,0,0,2,100326,89,18,0.9,0,0,3,0.0,1.0,18,20,0.0,0.0,0.09092462606912396,complete_windows,0,000_00,89,"[85, 86, 87, 88, 89]",206,0.97802734375,2003,2048,0.8988968068329722,synthetic/pilot_v2_r1/train/000,01111,378393
0,"[11, 5, 2, 2, 7]",0.0,"[11, 5, 2, 2, 7]",1.0,0,0,7,99475,90,20,0.7407407407407407,0,0,4,0.0,1.0,20,27,0.0,0.0,0.08571251872927725,complete_windows,0,000_00,90,"[86, 87, 88, 89, 90]",206,0.9814453125,2010,2048,0.9182936970449606,synthetic/pilot_v2_r1/train/000,11111,379644
0,"[5, 2, 2, 7, 4]",0.00250286515802145,"[5, 2, 2, 7, 4]",1.0,0,0,4,98615,91,16,0.8,0,0,4,0.0,1.1111111111111112,14,18,0.0,0.0,0.0782766312634532,complete_windows,0,000_00,91,"[87, 88, 89, 90, 91]",206,0.98486328125,2017,2048,0.9152152782143683,synthetic/pilot_v2_r1/train/000,11111,376502
0,"[2, 2, 7, 4, 5]",0.0,"[2, 2, 7, 4, 5]",1.0,0,0,5,97408,92,15,0.75,0,0,4,0.0,1.1111111111111112,13,18,0.0,0.0,0.07783397627937616,complete_windows,0,000_00,92,"[88, 89, 90, 91, 92]",206,0.982421875,2012,2048,0.9076764315769502,synthetic/pilot_v2_r1/train/000,11111,368384
0,"[2, 7, 4, 5, 2]",0.0,"[2, 7, 4, 5, 2]",1.0,0,0,2,96404,93,18,0.9,0,0,4,0.0,1.0526315789473684,17,19,0.0,0.0,0.07871188399815467,complete_windows,0,000_00,93,"[89, 90, 91, 92, 93]",206,0.97900390625,2005,2048,0.9166182777275792,synthetic/pilot_v2_r1/train/000,11111,352941
0,"[7, 4, 5, 2, 5]",0.0,"[7, 4, 5, 2, 5]",1.0,0,0,5,95244,94,18,0.782608695652174,0,0,4,0.0,1.0952380952380953,16,21,0.0,0.0,0.0722224146525366,complete_windows,0,000_00,94,"[90, 91, 92, 93, 94]",206,0.98583984375,2019,2048,0.9173102889622164,synthetic/pilot_v2_r1/train/000,11111,353600
0,"[4, 5, 2, 5, 0]",,"[4, 5, 2, 5, 0]",,0,0,0,93789,95,16,1.0,0,0,4,,1.0,16,16,,,0.06834630421467641,complete_windows,0,000_00,95,"[91, 92, 93, 94, 95]",206,0.99072265625,2029,2048,0.9355958603826063,synthetic/pilot_v2_r1/train/000,11110,349835
0,"[5, 2, 5, 0, 3]",0.0,"[5, 2, 5, 0, 3]",1.0,0,0,3,92857,96,12,0.8,0,0,3,0.0,1.0,12,15,0.0,0.0,0.06518493191320204,complete_windows,0,000_00,96,"[92, 93, 94, 95, 96]",206,0.9873046875,2022,2048,0.9737733922887181,synthetic/pilot_v2_r1/train/000,11101,345054
0,"[2, 5, 0, 3, 0]",,"[2, 5, 0, 3, 0]",,0,0,0,91874,97,10,1.0,0,0,3,,1.0,10,10,,,0.06236885853625648,complete_windows,0,000_00,97,"[93, 94, 95, 96, 97]",206,0.98583984375,2019,2048,0.9764653122075011,synthetic/pilot_v2_r1/train/000,11010,335642
0,"[5, 0, 3, 0, 6]",0.0,"[5, 0, 3, 0, 6]",1.0,0,0,6,91407,98,8,0.5714285714285714,0,0,2,0.0,1.0,8,14,0.0,0.0,0.062271644243920114,complete_windows,0,000_00,98,"[94, 95, 96, 97, 98]",206,0.97900390625,2005,2048,0.9933156848455372,synthetic/pilot_v2_r1/train/000,10101,333755
0,"[0, 3, 0, 6, 2]",0.0,"[0, 3, 0, 6, 2]",1.0,0,0,2,90961,99,9,0.8181818181818182,0,0,2,0.0,1.0,9,11,0.0,0.0,0.06474180179887154,complete_windows,0,000_00,99,"[95, 96, 97, 98, 99]",206,0.97900390625,2005,2048,1.0154284005010248,synthetic/pilot_v2_r1/train/000,01011,328853
0,"[3, 0, 6, 2, 12]",0.0,"[3, 0, 6, 2, 12]",1.0,0,0,12,90504,100,11,0.4782608695652174,0,0,3,0.0,1.0454545454545454,10,22,0.0,0.0,0.06746625223730482,complete_windows,0,000_00,100,"[96, 97, 98, 99, 100]",206,0.98046875,2008,2048,1.0265636125032958,synthetic/pilot_v2_r1/train/000,10111,328226
0,"[0, 6, 2, 12, 10]",0.0,"[0, 6, 2, 12, 10]",1.0,0,0,10,89862,101,20,0.6666666666666666,0,0,3,0.0,1.0,20,30,0.0,0.0,0.06514169024674434,complete_windows,0,000_00,101,"[97, 98, 99, 100, 101]",206,0.986328125,2020,2048,1.073299088189264,synthetic/pilot_v2_r1/train/000,01111,327414
0,"[6, 2, 12, 10, 18]",0.0,"[6, 2, 12, 10, 18]",1.0,0,0,18,89404,102,30,0.625,0,0,4,0.0,1.0,30,48,0.0,0.0,0.05660114382820696,complete_windows,0,000_00,102,"[98, 99, 100, 101, 102]",206,0.97265625,1992,2048,1.1043443628980318,synthetic/pilot_v2_r1/train/000,11111,325151
0,"[2, 12, 10, 18, 17]",0.0,"[2, 12, 10, 18, 17]",1.0,0,0,17,89166,103,42,0.711864406779661,0,0,4,0.0,1.0350877192982457,40,57,0.0,0.0,0.049796131123151614,complete_windows,0,000_00,103,"[99, 100, 101, 102, 103]",206,0.9853515625,2018,2048,1.1292853533912295,synthetic/pilot_v2_r1/train/000,11111,319104
0,"[12, 10, 18, 17, 16]",0.0,"[12, 10, 18, 17, 16]",1.0,0,0,16,89152,104,57,0.7808219178082192,0,0,4,0.0,1.0579710144927537,53,69,0.0,0.0,0.04809787928743685,complete_windows,0,000_00,104,"[100, 101, 102, 103, 104]",206,0.9931640625,2034,2048,1.1601215124004183,synthetic/pilot_v2_r1/train/000,11111,312973
0,"[10, 18, 17, 16, 20]",0.0,"[10, 18, 17, 16, 20]",1.0,0,0,20,89405,105,61,0.7530864197530864,0,0,4,0.0,1.08,55,75,0.0,0.0,0.044215920693529455,complete_windows,0,000_00,105,"[101, 102, 103, 104, 105]",206,0.984375,2016,2048,1.1726062334214327,synthetic/pilot_v2_r1/train/000,11111,308892
0,"[18, 17, 16, 20, 19]",0.0,"[18, 17, 16, 20, 19]",1.0,0,0,19,89593,106,71,0.7888888888888889,0,0,4,0.0,1.0344827586206897,68,87,0.0,0.0,0.03662125208415674,complete_windows,0,000_00,106,"[102, 103, 104, 105, 106]",206,0.98583984375,2019,2048,1.2022486533304395,synthetic/pilot_v2_r1/train/000,11111,308785
0,"[17, 16, 20, 19, 16]",0.0,"[17, 16, 20, 19, 16]",1.0,0,0,16,89791,107,72,0.8181818181818182,0,0,4,0.0,1.0232558139534884,70,86,0.0,0.0,0.027999228457092448,complete_windows,0,000_00,107,"[103, 104, 105, 106, 107]",206,0.98828125,2024,2048,1.2228712094131804,synthetic/pilot_v2_r1/train/000,11111,309819
0,"[16, 20, 19, 16, 13]",0.0,"[16, 20, 19, 16, 13]",1.0,0,0,13,90062,108,71,0.8452380952380952,0,0,4,0.0,1.024390243902439,69,82,0.0,0.0,0.020318181109520248,complete_windows,0,000_00,108,"[104, 105, 106, 107, 108]",206,0.98779296875,2023,2048,1.224394704382655,synthetic/pilot_v2_r1/train/000,11111,307882
0,"[20, 19, 16, 13, 3]",0.0,"[20, 19, 16, 13, 3]",1.0,0,0,3,90243,109,68,0.9577464788732394,0,0,4,0.0,1.0,68,71,0.0,0.0,0.01358346379786286,complete_windows,0,000_00,109,"[105, 106, 107, 108, 109]",206,0.99072265625,2029,2048,1.2448921147242307,synthetic/pilot_v2_r1/train/000,11111,305938
0,"[19, 16, 13, 3, 0]",,"[19, 16, 13, 3, 0]",,0,0,0,90669,110,51,1.0,0,0,4,,1.0408163265306123,49,49,,,0.01096016328779033,complete_windows,0,000_00,110,"[106, 107, 108, 109, 110]",206,0.98974609375,2027,2048,1.2515084710820632,synthetic/pilot_v2_r1/train/000,11110,301699
0,"[16, 13, 3, 0, 0]",,"[16, 13, 3, 0, 0]",,0,0,0,90996,111,32,1.0,0,0,3,,1.0,32,32,,,0.010064155442262253,complete_windows,0,000_00,111,"[107, 108, 109, 110, 111]",206,0.9912109375,2030,2048,1.2557992694995612,synthetic/pilot_v2_r1/train/000,11100,297579
0,"[13, 3, 0, 0, 0]",,"[13, 3, 0, 0, 0]",,0,0,0,91290,112,16,1.0,0,0,2,,1.0,16,16,,,0.010991787374859053,complete_windows,0,000_00,112,"[108, 109, 110, 111, 112]",206,0.99365234375,2035,2048,1.2724023278292884,synthetic/pilot_v2_r1/train/000,11000,297043
0,"[3, 0, 0, 0, 0]",,"[3, 0, 0, 0, 0]",,0,0,0,91828,113,3,1.0,0,0,1,,1.0,3,3,,,0.010916733891739284,complete_windows,0,000_00,113,"[109, 110, 111, 112, 113]",206,0.990234375,2028,2048,1.285047816668655,synthetic/pilot_v2_r1/train/000,10000,296949
1,"[0, 0, 0, 0, 0]",,"[0, 0, 0, 0, 0]",,0,0,0,91845,114,0,,0,0,0,,,0,0,,,0.010015556956106831,complete_windows,0,000_00,114,"[110, 111, 112, 113, 114]",206,0.98828125,2024,2048,1.2913658505535588,synthetic/pilot_v2_r1/train/000,00000,298909
0,"[0, 0, 0, 0, 12]",0.0,"[0, 0, 0, 0, 12]",1.0,0,0,12,91971,115,0,0.0,0,0,0,0.0,1.0,0,12,0.0,0.0,0.010823812437151295,complete_windows,0,000_00,115,"[111, 112, 113, 114, 115]",206,0.98828125,2024,2048,1.3068941187063783,synthetic/pilot_v2_r1/train/000,00001,299606
0,"[0, 0, 0, 12, 12]",0.0,"[0, 0, 0, 12, 12]",1.0,0,0,12,92250,116,12,0.5,0,0,1,0.0,1.0,12,24,0.0,0.0,0.010311908750980047,complete_windows,0,000_00,116,"[112, 113, 114, 115, 116]",206,0.98779296875,2023,2048,1.329730247869663,synthetic/pilot_v2_r1/train/000,00011,300709
0,"[0, 0, 12, 12, 12]",0.0,"[0, 0, 12, 12, 12]",1.0,0,0,12,92316,117,24,0.6666666666666666,0,0,2,0.0,1.0,24,36,0.0,0.0,0.01108749151567726,complete_windows,0,000_00,117,"[113, 114, 115, 116, 117]",206,0.99267578125,2033,2048,1.3245304869853274,synthetic/pilot_v2_r1/train/000,00111,302333
0,"[0, 12, 12, 12, 13]",0.0,"[0, 12, 12, 12, 13]",1.0,0,0,13,92447,118,36,0.7346938775510204,0,0,3,0.0,1.0,36,49,0.0,0.0,0.013576063005416215,complete_windows,0,000_00,118,"[114, 115, 116, 117, 118]",206,0.98681640625,2021,2048,1.3552199783637409,synthetic/pilot_v2_r1/train/000,01111,302405
0,"[12, 12, 12, 13, 14]",0.0,"[12, 12, 12, 13, 14]",1.0,0,0,14,92715,119,49,0.7777777777777778,0,0,4,0.0,1.0,49,63,0.0,0.0,0.01489208640722564,complete_windows,0,000_00,119,"[115, 116, 117, 118, 119]",206,0.990234375,2028,2048,1.375815776465883,synthetic/pilot_v2_r1/train/000,11111,300083
0,"[12, 12, 13, 14, 16]",0.0,"[12, 12, 13, 14, 16]",1.0,0,0,16,92563,120,51,0.7611940298507462,0,0,4,0.0,1.0,51,67,0.0,0.0,0.01438049222328172,complete_windows,0,000_00,120,"[116, 117, 118, 119, 120]",206,0.9853515625,2018,2048,1.3905977565614833,synthetic/pilot_v2_r1/train/000,11111,304613
0,"[12, 13, 14, 16, 18]",0.0,"[12, 13, 14, 16, 18]",1.0,0,0,18,92494,121,55,0.7534246575342466,0,0,4,0.0,1.028169014084507,53,71,0.0,0.0,0.015970659052479234,complete_windows,0,000_00,121,"[117, 118, 119, 120, 121]",206,0.9814453125,2010,2048,1.4211098174116368,synthetic/pilot_v2_r1/train/000,11111,304169
0,"[13, 14, 16, 18, 11]",0.0,"[13, 14, 16, 18, 11]",1.0,0,0,11,92567,122,61,0.8472222222222222,0,0,4,0.0,1.0140845070422535,60,71,0.0,0.0,0.01740149589863265,complete_windows,0,000_00,122,"[118, 119, 120, 121, 122]",206,0.9853515625,2018,2048,1.4298873047701564,synthetic/pilot_v2_r1/train/000,11111,304292
0,"[14, 16, 18, 11, 14]",0.0,"[14, 16, 18, 11, 14]",1.0,0,0,14,92483,123,59,0.8082191780821918,0,0,4,0.0,1.0,59,73,0.0,0.0,0.01844330496973126,complete_windows,0,000_00,123,"[119, 120, 121, 122, 123]",206,0.98583984375,2019,2048,1.4451678158883188,synthetic/pilot_v2_r1/train/000,11111,305567
0,"[16, 18, 11, 14, 9]",0.0,"[16, 18, 11, 14, 9]",1.0,0,0,9,92257,124,59,0.8676470588235294,0,0,4,0.0,1.0461538461538462,56,65,0.0,0.0,0.01685129497236129,complete_windows,0,000_00,124,"[120, 121, 122, 123, 124]",206,0.9814453125,2010,2048,1.4407868195727687,synthetic/pilot_v2_r1/train/000,11111,306689
0,"[18, 11, 14, 9, 11]",0.0,"[18, 11, 14, 9, 11]",1.0,0,0,11,91878,125,52,0.8253968253968254,0,0,4,0.0,1.0677966101694916,48,59,0.0,0.0,0.01594834271609033,complete_windows,0,000_00,125,"[121, 122, 123, 124, 125]",206,0.98681640625,2021,2048,1.4662969723386545,synthetic/pilot_v2_r1/train/000,11111,305153
0,"[11, 14, 9, 11, 14]",0.0,"[11, 14, 9, 11, 14]",1.0,0,0,14,91518,126,45,0.7627118644067796,0,0,4,0.0,1.0,45,59,0.0,0.0,0.01593631131678483,complete_windows,0,000_00,126,"[122, 123, 124, 125, 126]",206,0.986328125,2020,2048,1.4715918117450362,synthetic/pilot_v2_r1/train/000,11111,306577
0,"[14, 9, 11, 14, 14]",0.0,"[14, 9, 11, 14, 14]",1.0,0,0,14,91046,127,48,0.7741935483870968,0,0,4,0.0,1.0163934426229508,47,61,0.0,0.0,0.014599231153696915,complete_windows,0,000_00,127,"[123, 124, 125, 126, 127]",206,0.98193359375,2011,2048,1.4694025469474663,synthetic/pilot_v2_r1/train/000,11111,306500
0,"[9, 11, 14, 14, 13]",0.0,"[9, 11, 14, 14, 13]",1.0,0,0,13,90729,128,48,0.7868852459016393,0,0,4,0.0,1.0,48,61,0.0,0.0,0.013207518003018608,complete_windows,0,000_00,128,"[124, 125, 126, 127, 128]",206,0.982421875,2012,2048,1.4825157881755666,synthetic/pilot_v2_r1/train/000,11111,304807
0,"[11, 14, 14, 13, 13]",0.0,"[11, 14, 14, 13, 13]",1.0,0,0,13,90872,129,52,0.8,0,0,4,0.0,1.0,52,65,0.0,0.0,0.012117578436756723,complete_windows,0,000_00,129,"[125, 126, 127, 128, 129]",206,0.99169921875,2031,2048,1.4684432385412673,synthetic/pilot_v2_r1/train/000,11111,302372
0,"[14, 14, 13, 13, 10]",0.0,"[14, 14, 13, 13, 10]",1.0,0,0,10,91131,130,54,0.84375,0,0,4,0.0,1.0,54,64,0.0,0.0,0.011090757136313953,complete_windows,0,000_00,130,"[126, 127, 128, 129, 130]",206,0.98876953125,2025,2048,1.4519207155996667,synthetic/pilot_v2_r1/train/000,11111,304686
0,"[14, 13, 13, 10, 12]",0.0,"[14, 13, 13, 10, 12]",1.0,0,0,12,91607,131,50,0.8064516129032258,0,0,4,0.0,1.0,50,62,0.0,0.0,0.009992462708087516,complete_windows,0,000_00,131,"[127, 128, 129, 130, 131]",206,0.9873046875,2022,2048,1.4517803566471494,synthetic/pilot_v2_r1/train/000,11111,304102
0,"[13, 13, 10, 12, 8]",0.0,"[13, 13, 10, 12, 8]",1.0,0,0,8,92228,132,48,0.8571428571428571,0,0,4,0.0,1.0,48,56,0.0,0.0,0.009204023611203599,complete_windows,0,000_00,132,"[128, 129, 130, 131, 132]",206,0.9873046875,2022,2048,1.43307551013025,synthetic/pilot_v2_r1/train/000,11111,305814
0,"[13, 10, 12, 8, 12]",0.0,"[13, 10, 12, 8, 12]",1.0,0,0,12,92768,133,43,0.7818181818181819,0,0,4,0.0,1.0,43,55,0.0,0.0,0.009524324006578056,complete_windows,0,000_00,133,"[129, 130, 131, 132, 133]",206,0.98583984375,2019,2048,1.4247533735694469,synthetic/pilot_v2_r1/train/000,11111,306900
0,"[10, 12, 8, 12, 6]",0.0,"[10, 12, 8, 12, 6]",1.0,0,0,6,93139,134,42,0.875,0,0,4,0.0,1.0,42,48,0.0,0.0,0.009431099301316114,complete_windows,0,000_00,134,"[130, 131, 132, 133, 134]",206,0.982421875,2012,2048,1.4367319191435604,synthetic/pilot_v2_r1/train/000,11111,305760
0,"[12, 8, 12, 6, 9]",0.0,"[12, 8, 12, 6, 9]",1.0,0,0,9,93633,135,38,0.8085106382978723,0,0,4,0.0,1.0217391304347827,37,46,0.0,0.0,0.00966972361997325,complete_windows,0,000_00,135,"[131, 132, 133, 134, 135]",206,0.98681640625,2021,2048,1.4330246568649414,synthetic/pilot_v2_r1/train/000,11111,308909
0,"[8, 12, 6, 9, 9]",0.0,"[8, 12, 6, 9, 9]",1.0,0,0,9,94043,136,35,0.7954545454545454,0,0,4,0.0,1.0,35,44,0.0,0.0,0.009429528730906332,complete_windows,0,000_00,136,"[132, 133, 134, 135, 136]",206,0.9892578125,2026,2048,1.4314337295221016,synthetic/pilot_v2_r1/train/000,11111,311581
0,"[12, 6, 9, 9, 7]",0.0,"[12, 6, 9, 9, 7]",1.0,0,0,7,94253,137,36,0.8372093023255814,0,0,4,0.0,1.0238095238095237,35,42,0.0,0.0,0.009780692959624495,complete_windows,0,000_00,137,"[133, 134, 135, 136, 137]",206,0.98974609375,2027,2048,1.4325416479612463,synthetic/pilot_v2_r1/train/000,11111,312198
0,"[6, 9, 9, 7, 5]",0.008844693191349506,"[6, 9, 9, 7, 5]",1.0,0,0,5,94773,138,31,0.8611111111111112,0,0,4,0.0,1.0909090909090908,28,33,0.0,0.0,0.011030629569919528,complete_windows,0,000_00,138,"[134, 135, 136, 137, 138]",206,0.98291015625,2013,2048,1.4263812640506268,synthetic/pilot_v2_r1/train/000,11111,312516
0,"[9, 9, 7, 5, 4]",0.0,"[9, 9, 7, 5, 4]",1.0,0,0,4,95284,139,30,0.8823529411764706,0,0,4,0.0,1.096774193548387,27,31,0.0,0.0,0.011883459127332326,complete_windows,0,000_00,139,"[135, 136, 137, 138, 139]",206,0.98193359375,2011,2048,1.3995039077764793,synthetic/pilot_v2_r1/train/000,11111,314317
0,"[9, 7, 5, 4, 2]",0.0,"[9, 7, 5, 4, 2]",1.0,0,0,2,95650,140,25,0.9259259259259259,0,0,4,0.0,1.125,22,24,0.0,0.0,0.013304210603469846,complete_windows,0,000_00,140,"[136, 137, 138, 139, 140]",206,0.98779296875,2023,2048,1.4119928534232433,synthetic/pilot_v2_r1/train/000,11111,313616
0,"[7, 5, 4, 2, 0]",,"[7, 5, 4, 2, 0]",,0,0,0,95855,141,18,1.0,0,0,4,,1.2857142857142858,14,14,,,0.016853518823179803,complete_windows,0,000_00,141,"[137, 138, 139, 140, 141]",206,0.9873046875,2022,2048,1.3961186514188033,synthetic/pilot_v2_r1/train/000,11110,314343
0,"[5, 4, 2, 0, 0]",,"[5, 4, 2, 0, 0]",,0,0,0,95786,142,11,1.0,0,0,3,,1.1,10,10,,,0.017632462870071437,complete_windows,0,000_00,142,"[138, 139, 140, 141, 142]",206,0.98876953125,2025,2048,1.3801084482090953,synthetic/pilot_v2_r1/train/000,11100,313692
0,"[4, 2, 0, 0, 0]",,"[4, 2, 0, 0, 0]",,0,0,0,95943,143,6,1.0,0,0,2,,1.0,6,6,,,0.017137237883572874,complete_windows,0,000_00,143,"[139, 140, 141, 142, 143]",206,0.986328125,2020,2048,1.3770780283222535,synthetic/pilot_v2_r1/train/000,11000,315200
0,"[2, 0, 0, 0, 0]",,"[2, 0, 0, 0, 0]",,0,0,0,96049,144,2,1.0,0,0,1,,1.0,2,2,,,0.010453613896442126,complete_windows,0,000_00,144,"[140, 141, 142, 143, 144]",206,0.98193359375,2011,2048,1.35874162657935,synthetic/pilot_v2_r1/train/000,10000,314250
1,"[0, 0, 0, 0, 0]",,"[0, 0, 0, 0, 0]",,0,0,0,95791,145,0,,0,0,0,,,0,0,,,0.005202441828225512,complete_windows,0,000_00,145,"[141, 142, 143, 144, 145]",206,0.9873046875,2022,2048,1.3525349946923708,synthetic/pilot_v2_r1/train/000,00000,314331
1,"[0, 0, 0, 0, 0]",,"[0, 0, 0, 0, 0]",,0,0,0,95614,146,0,,0,0,0,,,0,0,,,0.005350486335695903,complete_windows,0,000_00,146,"[142, 143, 144, 145, 146]",206,0.98583984375,2019,2048,1.3488591376457981,synthetic/pilot_v2_r1/train/000,00000,311923
1,"[0, 0, 0, 0, 0]",,"[0, 0, 0, 0, 0]",,0,0,0,95307,147,0,,0,0,0,,,0,0,,,0.008755407283572434,complete_windows,0,000_00,147,"[143, 144, 145, 146, 147]",206,0.986328125,2020,2048,1.3556628514481717,synthetic/pilot_v2_r1/train/000,00000,314408
1,"[0, 0, 0, 0, 0]",,"[0, 0, 0, 0, 0]",,0,0,0,94779,148,0,,0,0,0,,,0,0,,,0.009862317499918921,complete_windows,0,000_00,148,"[144, 145, 146, 147, 148]",206,0.98388671875,2015,2048,1.3490294935303206,synthetic/pilot_v2_r1/train/000,00000,315826
1,"[0, 0, 0, 0, 0]",,"[0, 0, 0, 0, 0]",,0,0,0,94360,149,0,,0,0,0,,,0,0,,,0.010204760628247909,complete_windows,0,000_00,149,"[145, 146, 147, 148, 149]",206,0.98974609375,2027,2048,1.3378506260747922,synthetic/pilot_v2_r1/train/000,00000,313756
1,"[0, 0, 0, 0, 0]",,"[0, 0, 0, 0, 0]",,0,0,0,93984,150,0,,0,0,0,,,0,0,,,0.007624280538950229,complete_windows,0,000_00,150,"[146, 147, 148, 149, 150]",206,0.98681640625,2021,2048,1.325417456742087,synthetic/pilot_v2_r1/train/000,00000,312329
1,"[0, 0, 0, 0, 0]",,"[0, 0, 0, 0, 0]",,0,0,0,93425,151,0,,0,0,0,,,0,0,,,0.005590556986970922,complete_windows,0,000_00,151,"[147, 148, 149, 150, 151]",206,0.990234375,2028,2048,1.32293080606777,synthetic/pilot_v2_r1/train/000,00000,308750
1,"[0, 0, 0, 0, 0]",,"[0, 0, 0, 0, 0]",,0,0,0,92897,152,0,,0,0,0,,,0,0,,,0.004648658039411499,complete_windows,0,000_00,152,"[148, 149, 150, 151, 152]",206,0.98486328125,2017,2048,1.3159304211464213,synthetic/pilot_v2_r1/train/000,00000,306949
1,"[0, 0, 0, 0, 0]",,"[0, 0, 0, 0, 0]",,0,0,0,92215,153,0,,0,0,0,,,0,0,,,0.0038741487251580686,complete_windows,0,000_00,153,"[149, 150, 151, 152, 153]",206,0.98876953125,2025,2048,1.3121586964760534,synthetic/pilot_v2_r1/train/000,00000,306951
1,"[0, 0, 0, 0, 0]",,"[0, 0, 0, 0, 0]",,0,0,0,91525,154,0,,0,0,0,,,0,0,,,0.004775997618685624,complete_windows,0,000_00,154,"[150, 151, 152, 153, 154]",206,0.98486328125,2017,2048,1.3088648003668333,synthetic/pilot_v2_r1/train/000,00000,309133
1,"[0, 0, 0, 0, 0]",,"[0, 0, 0, 0, 0]",,0,0,0,90862,155,0,,0,0,0,,,0,0,,,0.00978604704325257,complete_windows,0,000_00,155,"[151, 152, 153, 154, 155]",206,0.98974609375,2027,2048,1.3039324899361104,synthetic/pilot_v2_r1/train/000,00000,308843
1,"[0, 0, 0, 0, 0]",,"[0, 0, 0, 0, 0]",,0,0,0,90421,156,0,,0,0,0,,,0,0,,,0.01309588390172509,complete_windows,0,000_00,156,"[152, 153, 154, 155, 156]",206,0.9921875,2032,2048,1.2936993889652215,synthetic/pilot_v2_r1/train/000,00000,309735
1,"[0, 0, 0, 0, 0]",,"[0, 0, 0, 0, 0]",,0,0,0,90312,157,0,,0,0,0,,,0,0,,,0.015377873301447402,complete_windows,0,000_00,157,"[153, 154, 155, 156, 157]",206,0.98583984375,2019,2048,1.2947884188680876,synthetic/pilot_v2_r1/train/000,00000,310876
1,"[0, 0, 0, 0, 0]",,"[0, 0, 0, 0, 0]",,0,0,0,90149,158,0,,0,0,0,,,0,0,,,0.014128500632504884,complete_windows,0,000_00,158,"[154, 155, 156, 157, 158]",206,0.98681640625,2021,2048,1.2618115225458435,synthetic/pilot_v2_r1/train/000,00000,309849
1,"[0, 0, 0, 0, 0]",,"[0, 0, 0, 0, 0]",,0,0,0,90045,159,0,,0,0,0,,,0,0,,,0.013259428256303479,complete_windows,0,000_00,159,"[155, 156, 157, 158, 159]",206,0.9853515625,2018,2048,1.225224058730557,synthetic/pilot_v2_r1/train/000,00000,309730
1,"[0, 0, 0, 0, 0]",,"[0, 0, 0, 0, 0]",,0,0,0,90302,160,0,,0,0,0,,,0,0,,,0.01588464123791401,complete_windows,0,000_00,160,"[156, 157, 158, 159, 160]",206,0.990234375,2028,2048,1.2087363059929803,synthetic/pilot_v2_r1/train/000,00000,308796
1,"[0, 0, 0, 0, 0]",,"[0, 0, 0, 0, 0]",,0,0,0,90278,161,0,,0,0,0,,,0,0,,,0.019582475670346114,complete_windows,0,000_00,161,"[157, 158, 159, 160, 161]",206,0.98779296875,2023,2048,1.178802663648591,synthetic/pilot_v2_r1/train/000,00000,307798
1,"[0, 0, 0, 0, 0]",,"[0, 0, 0, 0, 0]",,0,0,0,90685,162,0,,0,0,0,,,0,0,,,0.02419454822851035,complete_windows,0,000_00,162,"[158, 159, 160, 161, 162]",206,0.9853515625,2018,2048,1.1652997138469754,synthetic/pilot_v2_r1/train/000,00000,309567
1,"[0, 0, 0, 0, 0]",,"[0, 0, 0, 0, 0]",,0,0,0,90950,163,0,,0,0,0,,,0,0,,,0.028614441018653437,complete_windows,0,000_00,163,"[159, 160, 161, 162, 163]",206,0.9853515625,2018,2048,1.1417337304560762,synthetic/pilot_v2_r1/train/000,00000,311739
1,"[0, 0, 0, 0, 0]",,"[0, 0, 0, 0, 0]",,0,0,0,91442,164,0,,0,0,0,,,0,0,,,0.030188649735181424,complete_windows,0,000_00,164,"[160, 161, 162, 163, 164]",206,0.984375,2016,2048,1.0874976159646632,synthetic/pilot_v2_r1/train/000,00000,314430
1,"[0, 0, 0, 0, 0]",,"[0, 0, 0, 0, 0]",,0,0,0,91875,165,0,,0,0,0,,,0,0,,,0.032556963882993006,complete_windows,0,000_00,165,"[161, 162, 163, 164, 165]",206,0.9921875,2032,2048,1.0363338583661867,synthetic/pilot_v2_r1/train/000,00000,316548
1,"[0, 0, 0, 0, 0]",,"[0, 0, 0, 0, 0]",,0,0,0,92277,166,0,,0,0,0,,,0,0,,,0.03568469087290255,complete_windows,0,000_00,166,"[162, 163, 164, 165, 166]",206,0.984375,2016,2048,0.9870976838727311,synthetic/pilot_v2_r1/train/000,00000,316399
1,"[0, 0, 0, 0, 0]",,"[0, 0, 0, 0, 0]",,0,0,0,93128,167,0,,0,0,0,,,0,0,,,0.038846153171183034,complete_windows,0,000_00,167,"[163, 164, 165, 166, 167]",206,0.98486328125,2017,2048,0.9583542636280369,synthetic/pilot_v2_r1/train/000,00000,317223
1,"[0, 0, 0, 0, 0]",,"[0, 0, 0, 0, 0]",,0,0,0,93880,168,0,,0,0,0,,,0,0,,,0.03974139077686892,complete_windows,0,000_00,168,"[164, 165, 166, 167, 168]",206,0.98486328125,2017,2048,0.9477520131841011,synthetic/pilot_v2_r1/train/000,00000,317186
1,"[0, 0, 0, 0, 0]",,"[0, 0, 0, 0, 0]",,0,0,0,94885,169,0,,0,0,0,,,0,0,,,0.04131501794349031,complete_windows,0,000_00,169,"[165, 166, 167, 168, 169]",206,0.98583984375,2019,2048,0.9483073507481072,synthetic/pilot_v2_r1/train/000,00000,319324
1,"[0, 0, 0, 0, 0]",,"[0, 0, 0, 0, 0]",,0,0,0,95510,170,0,,0,0,0,,,0,0,,,0.04370686312680479,complete_windows,0,000_00,170,"[166, 167, 168, 169, 170]",206,0.982421875,2012,2048,0.9586241145079568,synthetic/pilot_v2_r1/train/000,00000,325980
1,"[0, 0, 0, 0, 0]",,"[0, 0, 0, 0, 0]",,0,0,0,96376,171,0,,0,0,0,,,0,0,,,0.04599434255254901,complete_windows,0,000_00,171,"[167, 168, 169, 170, 171]",206,0.97998046875,2007,2048,0.9293350585561796,synthetic/pilot_v2_r1/train/000,00000,329973
1,"[0, 0, 0, 0, 0]",,"[0, 0, 0, 0, 0]",,0,0,0,97340,172,0,,0,0,0,,,0,0,,,0.05137072224909054,complete_windows,0,000_00,172,"[168, 169, 170, 171, 172]",206,0.9814453125,2010,2048,0.9243276346427312,synthetic/pilot_v2_r1/train/000,00000,335203
1,"[0, 0, 0, 0, 0]",,"[0, 0, 0, 0, 0]",,0,0,0,98378,173,0,,0,0,0,,,0,0,,,0.056744801095696566,complete_windows,0,000_00,173,"[169, 170, 171, 172, 173]",206,0.9775390625,2002,2048,0.8995100009918289,synthetic/pilot_v2_r1/train/000,00000,340914
1,"[0, 0, 0, 0, 0]",,"[0, 0, 0, 0, 0]",,0,0,0,99579,174,0,,0,0,0,,,0,0,,,0.051687258180781064,complete_windows,0,000_00,174,"[170, 171, 172, 173, 174]",206,0.97265625,1992,2048,0.8710687437136708,synthetic/pilot_v2_r1/train/000,00000,342005
1,"[0, 0, 0, 0, 0]",,"[0, 0, 0, 0, 0]",,0,0,0,100769,175,0,,0,0,0,,,0,0,,,0.04393610877502277,complete_windows,0,000_00,175,"[171, 172, 173, 174, 175]",206,0.9775390625,2002,2048,0.8812593393392998,synthetic/pilot_v2_r1/train/000,00000,349225
1,"[0, 0, 0, 0, 0]",,"[0, 0, 0, 0, 0]",,0,0,0,102275,176,0,,0,0,0,,,0,0,,,0.044353092900151936,complete_windows,0,000_00,176,"[172, 173, 174, 175, 176]",206,0.96875,1984,2048,0.8591691102047269,synthetic/pilot_v2_r1/train/000,00000,352351
1,"[0, 0, 0, 0, 0]",,"[0, 0, 0, 0, 0]",,0,0,0,103357,177,0,,0,0,0,,,0,0,,,0.04767132045346772,complete_windows,0,000_00,177,"[173, 174, 175, 176, 177]",206,0.9833984375,2014,2048,0.8614292916376449,synthetic/pilot_v2_r1/train/000,00000,360253
1,"[0, 0, 0, 0, 0]",,"[0, 0, 0, 0, 0]",,0,0,0,104245,178,0,,0,0,0,,,0,0,,,0.04619761503651395,complete_windows,0,000_00,178,"[174, 175, 176, 177, 178]",206,0.9853515625,2018,2048,0.8396979793675845,synthetic/pilot_v2_r1/train/000,00000,365653
1,"[0, 0, 0, 0, 0]",,"[0, 0, 0, 0, 0]",,0,0,0,104740,179,0,,0,0,0,,,0,0,,,0.04061567506109909,complete_windows,0,000_00,179,"[175, 176, 177, 178, 179]",206,0.9833984375,2014,2048,0.8012862077701803,synthetic/pilot_v2_r1/train/000,00000,365912
1,"[0, 0, 0, 0, 0]",,"[0, 0, 0, 0, 0]",,0,0,0,105253,180,0,,0,0,0,,,0,0,,,0.0341635801265787,complete_windows,0,000_00,180,"[176, 177, 178, 179, 180]",206,0.9833984375,2014,2048,0.7705600327795378,synthetic/pilot_v2_r1/train/000,00000,364725
1,"[0, 0, 0, 0, 0]",,"[0, 0, 0, 0, 0]",,0,0,0,105794,181,0,,0,0,0,,,0,0,,,0.03279512639402517,complete_windows,0,000_00,181,"[177, 178, 179, 180, 181]",206,0.98828125,2024,2048,0.7192626275399896,synthetic/pilot_v2_r1/train/000,00000,359207
1,"[0, 0, 0, 0, 0]",,"[0, 0, 0, 0, 0]",,0,0,0,106222,182,0,,0,0,0,,,0,0,,,0.03195911901227941,complete_windows,0,000_00,182,"[178, 179, 180, 181, 182]",206,0.9912109375,2030,2048,0.693793678760608,synthetic/pilot_v2_r1/train/000,00000,361402
1,"[0, 0, 0, 0, 0]",,"[0, 0, 0, 0, 0]",,0,0,0,106300,183,0,,0,0,0,,,0,0,,,0.02885963393954036,complete_windows,0,000_00,183,"[179, 180, 181, 182, 183]",206,0.98974609375,2027,2048,0.6702216026756971,synthetic/pilot_v2_r1/train/000,00000,360097
1,"[0, 0, 0, 0, 0]",,"[0, 0, 0, 0, 0]",,0,0,0,106592,184,0,,0,0,0,,,0,0,,,0.02414174900236802,complete_windows,0,000_00,184,"[180, 181, 182, 183, 184]",206,0.990234375,2028,2048,0.6479473468222323,synthetic/pilot_v2_r1/train/000,00000,368167
1,"[0, 0, 0, 0, 0]",,"[0, 0, 0, 0, 0]",,0,0,0,106731,185,0,,0,0,0,,,0,0,,,0.02467620180349152,complete_windows,0,000_00,185,"[181, 182, 183, 184, 185]",206,0.98388671875,2015,2048,0.633344932295068,synthetic/pilot_v2_r1/train/000,00000,369551
1,"[0, 0, 0, 0, 0]",,"[0, 0, 0, 0, 0]",,0,0,0,106952,186,0,,0,0,0,,,0,0,,,0.026691267356262146,complete_windows,0,000_00,186,"[182, 183, 184, 185, 186]",206,0.99169921875,2031,2048,0.6230313405938724,synthetic/pilot_v2_r1/train/000,00000,371191
1,"[0, 0, 0, 0, 0]",,"[0, 0, 0, 0, 0]",,0,0,0,107353,187,0,,0,0,0,,,0,0,,,0.02241975845957299,complete_windows,0,000_00,187,"[183, 184, 185, 186, 187]",206,0.98681640625,2021,2048,0.6134739405336608,synthetic/pilot_v2_r1/train/000,00000,377619
1,"[0, 0, 0, 0, 0]",,"[0, 0, 0, 0, 0]",,0,0,0,107436,188,0,,0,0,0,,,0,0,,,0.014716149571766509,complete_windows,0,000_00,188,"[184, 185, 186, 187, 188]",206,0.98583984375,2019,2048,0.6128287183117197,synthetic/pilot_v2_r1/train/000,00000,378400
1,"[0, 0, 0, 0, 0]",,"[0, 0, 0, 0, 0]",,0,0,0,107516,189,0,,0,0,0,,,0,0,,,0.015645170580364194,complete_windows,0,000_00,189,"[185, 186, 187, 188, 189]",206,0.990234375,2028,2048,0.6066582159611945,synthetic/pilot_v2_r1/train/000,00000,374621
1,"[0, 0, 0, 0, 0]",,"[0, 0, 0, 0, 0]",,0,0,0,107505,190,0,,0,0,0,,,0,0,,,0.013197036266360953,complete_windows,0,000_00,190,"[186, 187, 188, 189, 190]",206,0.99072265625,2029,2048,0.6097626630252511,synthetic/pilot_v2_r1/train/000,00000,376574
1,"[0, 0, 0, 0, 0]",,"[0, 0, 0, 0, 0]",,0,0,0,107364,191,0,,0,0,0,,,0,0,,,0.017829958837530867,complete_windows,0,000_00,191,"[187, 188, 189, 190, 191]",206,0.9892578125,2026,2048,0.610163519911745,synthetic/pilot_v2_r1/train/000,00000,378189
1,"[0, 0, 0, 0, 0]",,"[0, 0, 0, 0, 0]",,0,0,0,107318,192,0,,0,0,0,,,0,0,,,0.029338745403634917,complete_windows,0,000_00,192,"[188, 189, 190, 191, 192]",206,0.98291015625,2013,2048,0.6019471694562021,synthetic/pilot_v2_r1/train/000,00000,372600
1,"[0, 0, 0, 0, 0]",,"[0, 0, 0, 0, 0]",,0,0,0,107649,193,0,,0,0,0,,,0,0,,,0.026611384176049115,complete_windows,0,000_00,193,"[189, 190, 191, 192, 193]",206,0.99169921875,2031,2048,0.6021946352303983,synthetic/pilot_v2_r1/train/000,00000,374799
1,"[0, 0, 0, 0, 0]",,"[0, 0, 0, 0, 0]",,0,0,0,107459,194,0,,0,0,0,,,0,0,,,0.008772245937460097,complete_windows,0,000_00,194,"[190, 191, 192, 193, 194]",206,0.98583984375,2019,2048,0.5954002221720693,synthetic/pilot_v2_r1/train/000,00000,379209
1,"[0, 0, 0, 0, 0]",,"[0, 0, 0, 0, 0]",,0,0,0,107244,195,0,,0,0,0,,,0,0,,,0.018572293578044765,complete_windows,0,000_00,195,"[191, 192, 193, 194, 195]",206,0.9853515625,2018,2048,0.580847177309576,synthetic/pilot_v2_r1/train/000,00000,374523
1,"[0, 0, 0, 0, 0]",,"[0, 0, 0, 0, 0]",,0,0,0,106959,196,0,,0,0,0,,,0,0,,,0.025675430567276638,complete_windows,0,000_00,196,"[192, 193, 194, 195, 196]",206,0.98779296875,2023,2048,0.5720416492078985,synthetic/pilot_v2_r1/train/000,00000,366944
1,"[0, 0, 0, 0, 0]",,"[0, 0, 0, 0, 0]",,0,0,0,107020,197,0,,0,0,0,,,0,0,,,0.0166080008834546,complete_windows,0,000_00,197,"[193, 194, 195, 196, 197]",206,0.98974609375,2027,2048,0.5638414479997312,synthetic/pilot_v2_r1/train/000,00000,370055
1,"[0, 0, 0, 0, 0]",,"[0, 0, 0, 0, 0]",,0,0,0,107149,198,0,,0,0,0,,,0,0,,,0.005621395977564787,complete_windows,0,000_00,198,"[194, 195, 196, 197, 198]",206,0.990234375,2028,2048,0.5725427366684774,synthetic/pilot_v2_r1/train/000,00000,366119
1,"[0, 0, 0, 0, 0]",,"[0, 0, 0, 0, 0]",,0,0,0,107084,199,0,,0,0,0,,,0,0,,,0.01533624339116506,complete_windows,0,000_00,199,"[195, 196, 197, 198, 199]",206,0.99072265625,2029,2048,0.585347721063509,synthetic/pilot_v2_r1/train/000,00000,359021
1,"[0, 0, 0, 0, 0]",,"[0, 0, 0, 0, 0]",,0,0,0,106947,200,0,,0,0,0,,,0,0,,,0.015162480965745396,complete_windows,0,000_00,200,"[196, 197, 198, 199, 200]",206,0.990234375,2028,2048,0.5836041005533739,synthetic/pilot_v2_r1/train/000,00000,355375
1,"[0, 0, 0, 0, 0]",,"[0, 0, 0, 0, 0]",,0,0,0,106683,201,0,,0,0,0,,,0,0,,,0.009516364513854538,complete_windows,0,000_00,201,"[197, 198, 199, 200, 201]",206,0.98876953125,2025,2048,0.601905147699086,synthetic/pilot_v2_r1/train/000,00000,356999
1,"[0, 0, 0, 0, 0]",,"[0, 0, 0, 0, 0]",,0,0,0,106292,202,0,,0,0,0,,,0,0,,,0.012779698716970945,complete_windows,0,000_00,202,"[198, 199, 200, 201, 202]",206,0.9892578125,2026,2048,0.5955420339586456,synthetic/pilot_v2_r1/train/000,00000,351877
1,"[0, 0, 0, 0, 0]",,"[0, 0, 0, 0, 0]",,0,0,0,105995,203,0,,0,0,0,,,0,0,,,0.014689789411983414,complete_windows,0,000_00,203,"[199, 200, 201, 202, 203]",206,0.9873046875,2022,2048,0.5971349964881765,synthetic/pilot_v2_r1/train/000,00000,353671
1,"[0, 0, 0, 0, 0]",,"[0, 0, 0, 0, 0]",,0,0,0,106003,204,0,,0,0,0,,,0,0,,,0.01603111858470819,complete_windows,0,000_00,204,"[200, 201, 202, 203, 204]",206,0.984375,2016,2048,0.6148883229855112,synthetic/pilot_v2_r1/train/000,00000,355077
1,"[0, 0, 0, 0, 0]",,"[0, 0, 0, 0, 0]",,0,0,0,105602,205,0,,0,0,0,,,0,0,,,0.021064922311676067,complete_windows,0,000_00,205,"[201, 202, 203, 204, 205]",206,0.98681640625,2021,2048,0.6281087370443754,synthetic/pilot_v2_r1/train/000,00000,351898
1,"[0, 0, 0, 0, 0]",,"[0, 0, 0, 0, 0]",,0,0,0,105636,206,0,,0,0,0,,,0,0,,,0.022483395893225955,complete_windows,0,000_00,206,"[202, 203, 204, 205, 206]",206,0.98974609375,2027,2048,0.6567695813176747,synthetic/pilot_v2_r1/train/000,00000,351157
1,"[0, 0, 0, 0, 0]",,"[0, 0, 0, 0, 0]",,0,0,0,105151,207,0,,0,0,0,,,0,0,,,0.023950665662802875,complete_windows,0,000_00,207,"[203, 204, 205, 206, 207]",206,0.99072265625,2029,2048,0.6769944356345333,synthetic/pilot_v2_r1/train/000,00000,347258
1,"[0, 0, 0, 0, 0]",,"[0, 0, 0, 0, 0]",,0,0,0,104634,208,0,,0,0,0,,,0,0,,,0.029153105995706616,complete_windows,0,000_00,208,"[204, 205, 206, 207, 208]",206,0.986328125,2020,2048,0.7089539319018389,synthetic/pilot_v2_r1/train/000,00000,343402
1,"[0, 0, 0, 0, 0]",,"[0, 0, 0, 0, 0]",,0,0,0,104256,209,0,,0,0,0,,,0,0,,,0.033773747166794515,complete_windows,0,000_00,209,"[205, 206, 207, 208, 209]",206,0.984375,2016,2048,0.7309678067900954,synthetic/pilot_v2_r1/train/000,00000,339499
1,"[0, 0, 0, 0, 0]",,"[0, 0, 0, 0, 0]",,0,0,0,104128,210,0,,0,0,0,,,0,0,,,0.03423503385501134,complete_windows,0,000_00,210,"[206, 207, 208, 209, 210]",206,0.9921875,2032,2048,0.7414598891834032,synthetic/pilot_v2_r1/train/000,00000,337781
1,"[0, 0, 0, 0, 0]",,"[0, 0, 0, 0, 0]",,0,0,0,103715,211,0,,0,0,0,,,0,0,,,0.03222473618254729,complete_windows,0,000_00,211,"[207, 208, 209, 210, 211]",206,0.9921875,2032,2048,0.7601726799827874,synthetic/pilot_v2_r1/train/000,00000,343325
1,"[0, 0, 0, 0, 0]",,"[0, 0, 0, 0, 0]",,0,0,0,103323,212,0,,0,0,0,,,0,0,,,0.030740286992438547,complete_windows,0,000_00,212,"[208, 209, 210, 211, 212]",206,0.994140625,2036,2048,0.797918506475757,synthetic/pilot_v2_r1/train/000,00000,341391
1,"[0, 0, 0, 0, 0]",,"[0, 0, 0, 0, 0]",,0,0,0,102602,213,0,,0,0,0,,,0,0,,,0.03238683620816942,complete_windows,0,000_00,213,"[209, 210, 211, 212, 213]",206,0.990234375,2028,2048,0.8272746988469634,synthetic/pilot_v2_r1/train/000,00000,333285
1,"[0, 0, 0, 0, 0]",,"[0, 0, 0, 0, 0]",,0,0,0,102233,214,0,,0,0,0,,,0,0,,,0.03296461841836975,complete_windows,0,000_00,214,"[210, 211, 212, 213, 214]",206,0.9892578125,2026,2048,0.8527311469250569,synthetic/pilot_v2_r1/train/000,00000,326090
1,"[0, 0, 0, 0, 0]",,"[0, 0, 0, 0, 0]",,0,0,0,101456,215,0,,0,0,0,,,0,0,,,0.032009610178446,complete_windows,0,000_00,215,"[211, 212, 213, 214, 215]",206,0.9873046875,2022,2048,0.8874944739282555,synthetic/pilot_v2_r1/train/000,00000,321443
1,"[0, 0, 0, 0, 0]",,"[0, 0, 0, 0, 0]",,0,0,0,100537,216,0,,0,0,0,,,0,0,,,0.032374483598082496,complete_windows,0,000_00,216,"[212, 213, 214, 215, 216]",206,0.990234375,2028,2048,0.8957130206084559,synthetic/pilot_v2_r1/train/000,00000,318591
1,"[0, 0, 0, 0, 0]",,"[0, 0, 0, 0, 0]",,0,0,0,99419,217,0,,0,0,0,,,0,0,,,0.03164409812188922,complete_windows,0,000_00,217,"[213, 214, 215, 216, 217]",206,0.984375,2016,2048,0.9190842825324014,synthetic/pilot_v2_r1/train/000,00000,321996
1,"[0, 0, 0, 0, 0]",,"[0, 0, 0, 0, 0]",,0,0,0,98152,218,0,,0,0,0,,,0,0,,,0.03194822255156579,complete_windows,0,000_00,218,"[214, 215, 216, 217, 218]",206,0.98779296875,2023,2048,0.9337030429833832,synthetic/pilot_v2_r1/train/000,00000,324108
1,"[0, 0, 0, 0, 0]",,"[0, 0, 0, 0, 0]",,0,0,0,96855,219,0,,0,0,0,,,0,0,,,0.03278888211974575,complete_windows,0,000_00,219,"[215, 216, 217, 218, 219]",206,0.99267578125,2033,2048,0.9712269454114666,synthetic/pilot_v2_r1/train/000,00000,320795
1,"[0, 0, 0, 0, 0]",,"[0, 0, 0, 0, 0]",,0,0,0,95601,220,0,,0,0,0,,,0,0,,,0.03336899025810447,complete_windows,0,000_00,220,"[216, 217, 218, 219, 220]",206,0.9931640625,2034,2048,0.9972853531691303,synthetic/pilot_v2_r1/train/000,00000,314785
1,"[0, 0, 0, 0, 0]",,"[0, 0, 0, 0, 0]",,0,0,0,94260,221,0,,0,0,0,,,0,0,,,0.03189998018966394,complete_windows,0,000_00,221,"[217, 218, 219, 220, 221]",206,0.99267578125,2033,2048,1.0277707398295697,synthetic/pilot_v2_r1/train/000,00000,302264
1,"[0, 0, 0, 0, 0]",,"[0, 0, 0, 0, 0]",,0,0,0,92256,222,0,,0,0,0,,,0,0,,,0.028432596140170734,complete_windows,0,000_00,222,"[218, 219, 220, 221, 222]",206,0.9931640625,2034,2048,1.0569604011360527,synthetic/pilot_v2_r1/train/000,00000,298237
0,"[0, 0, 0, 0, 0]",0.0,"[0, 0, 0, 0, 2]",1.0,0,0,2,90356,223,0,0.0,0,0,0,0.0,1.0,0,2,0.0,0.0,0.02872195249819482,complete_windows,0,000_00,223,"[219, 220, 221, 222, 223]",206,0.98974609375,2027,2048,1.0876163127896747,synthetic/pilot_v2_r1/train/000,00001,291276
0,"[0, 0, 0, 0, 0]",,"[0, 0, 0, 2, 0]",,0,0,0,87946,224,2,1.0,0,0,1,,1.0,2,2,,,0.02958333197584879,complete_windows,0,000_00,224,"[220, 221, 222, 223, 224]",206,0.984375,2016,2048,1.1184614730928182,synthetic/pilot_v2_r1/train/000,00010,281521
0,"[0, 0, 0, 0, 0]",,"[0, 0, 2, 0, 0]",,0,0,0,85146,225,2,1.0,0,0,1,,1.0,2,2,,,0.029144908337712792,complete_windows,0,000_00,225,"[221, 222, 223, 224, 225]",206,0.994140625,2036,2048,1.1362439840890755,synthetic/pilot_v2_r1/train/000,00100,276209
0,"[0, 0, 0, 0, 0]",,"[0, 2, 0, 0, 0]",,0,0,0,82764,226,2,1.0,0,0,1,,1.0,2,2,,,0.028279204541867487,complete_windows,0,000_00,226,"[222, 223, 224, 225, 226]",206,0.9892578125,2026,2048,1.1941795403093782,synthetic/pilot_v2_r1/train/000,01000,264336
0,"[0, 0, 0, 0, 0]",,"[2, 0, 0, 0, 0]",,0,0,0,80425,227,2,1.0,0,0,1,,1.0,2,2,,,0.0279233874817287,complete_windows,0,000_00,227,"[223, 224, 225, 226, 227]",206,0.9921875,2032,2048,1.1790023858040255,synthetic/pilot_v2_r1/train/000,10000,263507
1,"[0, 0, 0, 0, 0]",,"[0, 0, 0, 0, 0]",,0,0,0,78339,228,0,,0,0,0,,,0,0,,,0.03036200517270331,complete_windows,0,000_00,228,"[224, 225, 226, 227, 228]",206,0.9912109375,2030,2048,1.2058180424836458,synthetic/pilot_v2_r1/train/000,00000,259307
1,"[0, 0, 0, 0, 0]",,"[0, 0, 0, 0, 0]",,0,0,0,76878,229,0,,0,0,0,,,0,0,,,0.031214493774896206,complete_windows,0,000_00,229,"[225, 226, 227, 228, 229]",206,0.984375,2016,2048,1.2416134735190951,synthetic/pilot_v2_r1/train/000,00000,246579
1,"[0, 0, 0, 0, 0]",,"[0, 0, 0, 0, 0]",,0,0,0,75711,230,0,,0,0,0,,,0,0,,,0.029582467081663382,complete_windows,0,000_00,230,"[226, 227, 228, 229, 230]",206,0.982421875,2012,2048,1.239079011216906,synthetic/pilot_v2_r1/train/000,00000,246865
1,"[0, 0, 0, 0, 0]",,"[0, 0, 0, 0, 0]",,0,0,0,74837,231,0,,0,0,0,,,0,0,,,0.028097792005237023,complete_windows,0,000_00,231,"[227, 228, 229, 230, 231]",206,0.9833984375,2014,2048,1.2907929615341651,synthetic/pilot_v2_r1/train/000,00000,236132
1,"[0, 0, 0, 0, 0]",,"[0, 0, 0, 0, 0]",,0,0,0,74515,232,0,,0,0,0,,,0,0,,,0.027294873333721936,complete_windows,0,000_00,232,"[228, 229, 230, 231, 232]",206,0.98046875,2008,2048,1.3104109985028336,synthetic/pilot_v2_r1/train/000,00000,231508
1,"[0, 0, 0, 0, 0]",,"[0, 0, 0, 0, 0]",,0,0,0,74561,233,0,,0,0,0,,,0,0,,,0.02615807991314817,complete_windows,0,000_00,233,"[229, 230, 231, 232, 233]",206,0.97998046875,2007,2048,1.322782059701654,synthetic/pilot_v2_r1/train/000,00000,225853
1,"[0, 0, 0, 0, 0]",,"[0, 0, 0, 0, 0]",,0,0,0,74615,234,0,,0,0,0,,,0,0,,,0.023422025751969056,complete_windows,0,000_00,234,"[230, 231, 232, 233, 234]",206,0.98095703125,2009,2048,1.3324372254598655,synthetic/pilot_v2_r1/train/000,00000,223294
1,"[0, 0, 0, 0, 0]",,"[0, 0, 0, 0, 0]",,0,0,0,75082,235,0,,0,0,0,,,0,0,,,0.024718892499396024,complete_windows,0,000_00,235,"[231, 232, 233, 234, 235]",206,0.97216796875,1991,2048,1.3383262790864388,synthetic/pilot_v2_r1/train/000,00000,221271
1,"[0, 0, 0, 0, 0]",,"[0, 0, 0, 0, 0]",,0,0,0,75808,236,0,,0,0,0,,,0,0,,,0.025361192733457938,complete_windows,0,000_00,236,"[232, 233, 234, 235, 236]",206,0.982421875,2012,2048,1.3299414908374343,synthetic/pilot_v2_r1/train/000,00000,223204
1,"[0, 0, 0, 0, 0]",,"[0, 0, 0, 0, 0]",,0,0,0,76214,237,0,,0,0,0,,,0,0,,,0.02033683204428852,complete_windows,0,000_00,237,"[233, 234, 235, 236, 237]",206,0.98046875,2008,2048,1.349672262216748,synthetic/pilot_v2_r1/train/000,00000,225148
1,"[0, 0, 0, 0, 0]",,"[0, 0, 0, 0, 0]",,0,0,0,76824,238,0,,0,0,0,,,0,0,,,0.018664418901075102,complete_windows,0,000_00,238,"[234, 235, 236, 237, 238]",206,0.9765625,2000,2048,1.3807848286003848,synthetic/pilot_v2_r1/train/000,00000,221045
1,"[0, 0, 0, 0, 0]",,"[0, 0, 0, 0, 0]",,0,0,0,77334,239,0,,0,0,0,,,0,0,,,0.018386079872154463,complete_windows,0,000_00,239,"[235, 236, 237, 238, 239]",206,0.98876953125,2025,2048,1.3830507686026583,synthetic/pilot_v2_r1/train/000,00000,215352
1,"[0, 0, 0, 0, 0]",,"[0, 0, 0, 0, 0]",,0,0,0,77752,240,0,,0,0,0,,,0,0,,,0.01880181637481512,complete_windows,0,000_00,240,"[236, 237, 238, 239, 240]",206,0.9892578125,2026,2048,1.4164991031913532,synthetic/pilot_v2_r1/train/000,00000,221384
1,"[0, 0, 0, 0, 0]",,"[0, 0, 0, 0, 0]",,0,0,0,77942,241,0,,0,0,0,,,0,0,,,0.01703458614452876,complete_windows,0,000_00,241,"[237, 238, 239, 240, 241]",206,0.9931640625,2034,2048,1.421894663477245,synthetic/pilot_v2_r1/train/000,00000,219903
1,"[0, 0, 0, 0, 0]",,"[0, 0, 0, 0, 0]",,0,0,0,77976,242,0,,0,0,0,,,0,0,,,0.013717097872851126,complete_windows,0,000_00,242,"[238, 239, 240, 241, 242]",206,0.9951171875,2038,2048,1.4179048933438385,synthetic/pilot_v2_r1/train/000,00000,222099
1,"[0, 0, 0, 0, 0]",,"[0, 0, 0, 0, 0]",,0,0,0,77818,243,0,,0,0,0,,,0,0,,,0.012266424761371412,complete_windows,0,000_00,243,"[239, 240, 241, 242, 243]",206,0.99267578125,2033,2048,1.4486056104797032,synthetic/pilot_v2_r1/train/000,00000,220371
1,"[0, 0, 0, 0, 0]",,"[0, 0, 0, 0, 0]",,0,0,0,77464,244,0,,0,0,0,,,0,0,,,0.014649490339272674,complete_windows,0,000_00,244,"[240, 241, 242, 243, 244]",206,0.99462890625,2037,2048,1.4648074914620663,synthetic/pilot_v2_r1/train/000,00000,217376
1,"[0, 0, 0, 0, 0]",,"[0, 0, 0, 0, 0]",,0,0,0,76744,245,0,,0,0,0,,,0,0,,,0.018513531736609346,complete_windows,0,000_00,245,"[241, 242, 243, 244, 245]",206,0.99609375,2040,2048,1.4736096902350935,synthetic/pilot_v2_r1/train/000,00000,214361
1,"[0, 0, 0, 0, 0]",,"[0, 0, 0, 0, 0]",,0,0,0,75949,246,0,,0,0,0,,,0,0,,,0.018287128666108,complete_windows,0,000_00,246,"[242, 243, 244, 245, 246]",206,0.9921875,2032,2048,1.4878670848075208,synthetic/pilot_v2_r1/train/000,00000,210798
1,"[0, 0, 0, 0, 0]",,"[0, 0, 0, 0, 0]",,0,0,0,75137,247,0,,0,0,0,,,0,0,,,0.018007250365973802,complete_windows,0,000_00,247,"[243, 244, 245, 246, 247]",206,0.98876953125,2025,2048,1.4809958929274267,synthetic/pilot_v2_r1/train/000,00000,207146
1,"[0, 0, 0, 0, 0]",,"[0, 0, 0, 0, 0]",,0,0,0,74363,248,0,,0,0,0,,,0,0,,,0.010856401974892911,complete_windows,0,000_00,248,"[244, 245, 246, 247, 248]",206,0.9931640625,2034,2048,1.4657880790755298,synthetic/pilot_v2_r1/train/000,00000,206385
1,"[0, 0, 0, 0, 0]",,"[0, 0, 0, 0, 0]",,0,0,0,73054,249,0,,0,0,0,,,0,0,,,0.00784344596077318,complete_windows,0,000_00,249,"[245, 246, 247, 248, 249]",206,0.98828125,2024,2048,1.4472595134001862,synthetic/pilot_v2_r1/train/000,00000,207797
1,"[0, 0, 0, 0, 0]",,"[0, 0, 0, 0, 0]",,0,0,0,72159,250,0,,0,0,0,,,0,0,,,0.008258634847043958,complete_windows,0,000_00,250,"[246, 247, 248, 249, 250]",206,0.98583984375,2019,2048,1.4299383004757582,synthetic/pilot_v2_r1/train/000,00000,205307
1,"[0, 0, 0, 0, 0]",,"[0, 0, 0, 0, 0]",,0,0,0,71267,251,0,,0,0,0,,,0,0,,,0.009457181945960853,complete_windows,0,000_00,251,"[247, 248, 249, 250, 251]",206,0.99072265625,2029,2048,1.4241496289854907,synthetic/pilot_v2_r1/train/000,00000,210656
1,"[0, 0, 0, 0, 0]",,"[0, 0, 0, 0, 0]",,0,0,0,70802,252,0,,0,0,0,,,0,0,,,0.009995956250386007,complete_windows,0,000_00,252,"[248, 249, 250, 251, 252]",206,0.99169921875,2031,2048,1.3925292747239473,synthetic/pilot_v2_r1/train/000,00000,213406
1,"[0, 0, 0, 0, 0]",,"[0, 0, 0, 0, 0]",,0,0,0,70102,253,0,,0,0,0,,,0,0,,,0.012440726092116595,complete_windows,0,000_00,253,"[249, 250, 251, 252, 253]",206,0.98681640625,2021,2048,1.3949248595963613,synthetic/pilot_v2_r1/train/000,00000,213913
1,"[0, 0, 0, 0, 0]",,"[0, 0, 0, 0, 0]",,0,0,0,69845,254,0,,0,0,0,,,0,0,,,0.012869359086422482,complete_windows,0,000_00,254,"[250, 251, 252, 253, 254]",206,0.98828125,2024,2048,1.395690712588772,synthetic/pilot_v2_r1/train/000,00000,211695
1,"[0, 0, 0, 0, 0]",,"[0, 0, 0, 0, 0]",,0,0,0,69980,255,0,,0,0,0,,,0,0,,,0.011757316145997489,complete_windows,0,000_00,255,"[251, 252, 253, 254, 255]",206,0.9873046875,2022,2048,1.3703920802222453,synthetic/pilot_v2_r1/train/000,00000,208036
1,"[0, 0, 0, 0, 0]",,"[0, 0, 0, 0, 0]",,0,0,0,70656,256,0,,0,0,0,,,0,0,,,0.012452069418464568,complete_windows,0,000_00,256,"[252, 253, 254, 255, 256]",206,0.984375,2016,2048,1.3774523439430366,synthetic/pilot_v2_r1/train/000,00000,212237
1,"[0, 0, 0, 0, 0]",,"[0, 0, 0, 0, 0]",,0,0,0,71460,257,0,,0,0,0,,,0,0,,,0.01798301668147419,complete_windows,0,000_00,257,"[253, 254, 255, 256, 257]",206,0.98193359375,2011,2048,1.3658042974089992,synthetic/pilot_v2_r1/train/000,00000,210842
1,"[0, 0, 0, 0, 0]",,"[0, 0, 0, 0, 0]",,0,0,0,72748,258,0,,0,0,0,,,0,0,,,0.018973510205812748,complete_windows,0,000_00,258,"[254, 255, 256, 257, 258]",206,0.9775390625,2002,2048,1.3341328973622266,synthetic/pilot_v2_r1/train/000,00000,215314
1,"[0, 0, 0, 0, 0]",,"[0, 0, 0, 0, 0]",,0,0,0,74489,259,0,,0,0,0,,,0,0,,,0.01779313172813013,complete_windows,0,000_00,259,"[255, 256, 257, 258, 259]",206,0.98095703125,2009,2048,1.3427393592724137,synthetic/pilot_v2_r1/train/000,00000,218563
1,"[0, 0, 0, 0, 0]",,"[0, 0, 0, 0, 0]",,0,0,0,76246,260,0,,0,0,0,,,0,0,,,0.017022266636128897,complete_windows,0,000_00,260,"[256, 257, 258, 259, 260]",206,0.97802734375,2003,2048,1.3288470915664221,synthetic/pilot_v2_r1/train/000,00000,224778
1,"[0, 0, 0, 0, 0]",,"[0, 0, 0, 0, 0]",,0,0,0,78285,261,0,,0,0,0,,,0,0,,,0.017473427658448414,complete_windows,0,000_00,261,"[257, 258, 259, 260, 261]",206,0.9765625,2000,2048,1.3110111775722821,synthetic/pilot_v2_r1/train/000,00000,231492
1,"[0, 0, 0, 0, 0]",,"[0, 0, 0, 0, 0]",,0,0,0,80986,262,0,,0,0,0,,,0,0,,,0.018548371891233154,complete_windows,0,000_00,262,"[258, 259, 260, 261, 262]",206,0.9755859375,1998,2048,1.3265892396962013,synthetic/pilot_v2_r1/train/000,00000,242404
1,"[0, 0, 0, 0, 0]",,"[0, 0, 0, 0, 0]",,0,0,0,84018,263,0,,0,0,0,,,0,0,,,0.01912823734168658,complete_windows,0,000_00,263,"[259, 260, 261, 262, 263]",206,0.97021484375,1987,2048,1.3056465218853677,synthetic/pilot_v2_r1/train/000,00000,250590
1,"[0, 0, 0, 0, 0]",,"[0, 0, 0, 0, 0]",,0,0,0,87206,264,0,,0,0,0,,,0,0,,,0.019853309279094872,complete_windows,0,000_00,264,"[260, 261, 262, 263, 264]",206,0.96826171875,1983,2048,1.300230569384096,synthetic/pilot_v2_r1/train/000,00000,261508
1,"[0, 0, 0, 0, 0]",,"[0, 0, 0, 0, 0]",,0,0,0,90463,265,0,,0,0,0,,,0,0,,,0.02138235925108123,complete_windows,0,000_00,265,"[261, 262, 263, 264, 265]",206,0.962890625,1972,2048,1.2945402055530026,synthetic/pilot_v2_r1/train/000,00000,277051
1,"[0, 0, 0, 0, 0]",,"[0, 0, 0, 0, 0]",,0,0,0,93728,266,0,,0,0,0,,,0,0,,,0.025454295602437064,complete_windows,0,000_00,266,"[262, 263, 264, 265, 266]",206,0.9638671875,1974,2048,1.2761472053040466,synthetic/pilot_v2_r1/train/000,00000,288260
1,"[0, 0, 0, 0, 0]",,"[0, 0, 0, 0, 0]",,0,0,0,96470,267,0,,0,0,0,,,0,0,,,0.027552464685566526,complete_windows,0,000_00,267,"[263, 264, 265, 266, 267]",206,0.97021484375,1987,2048,1.268828511214552,synthetic/pilot_v2_r1/train/000,00000,301641
1,"[0, 0, 0, 0, 0]",,"[0, 0, 0, 0, 0]",,0,0,0,98452,268,0,,0,0,0,,,0,0,,,0.026565350294847405,complete_windows,0,000_00,268,"[264, 265, 266, 267, 268]",206,0.974609375,1996,2048,1.280176779204354,synthetic/pilot_v2_r1/train/000,00000,314785
1,"[0, 0, 0, 0, 0]",,"[0, 0, 0, 0, 0]",,0,0,0,100155,269,0,,0,0,0,,,0,0,,,0.02283001706221776,complete_windows,0,000_00,269,"[265, 266, 267, 268, 269]",206,0.97509765625,1997,2048,1.28323426734032,synthetic/pilot_v2_r1/train/000,00000,326185
1,"[0, 0, 0, 0, 0]",,"[0, 0, 0, 0, 0]",,0,0,0,101448,270,0,,0,0,0,,,0,0,,,0.02182035358366655,complete_windows,0,000_00,270,"[266, 267, 268, 269, 270]",206,0.98046875,2008,2048,1.2774865898612005,synthetic/pilot_v2_r1/train/000,00000,330233
1,"[0, 0, 0, 0, 0]",,"[0, 0, 0, 0, 0]",,0,0,0,102613,271,0,,0,0,0,,,0,0,,,0.021160777105034792,complete_windows,0,000_00,271,"[267, 268, 269, 270, 271]",206,0.97314453125,1993,2048,1.2635781587029695,synthetic/pilot_v2_r1/train/000,00000,335978
1,"[0, 0, 0, 0, 0]",,"[0, 0, 0, 0, 0]",,0,0,0,103298,272,0,,0,0,0,,,0,0,,,0.021711928352359418,complete_windows,0,000_00,272,"[268, 269, 270, 271, 272]",206,0.98046875,2008,2048,1.2562301235786275,synthetic/pilot_v2_r1/train/000,00000,341053
1,"[0, 0, 0, 0, 0]",,"[0, 0, 0, 0, 0]",,0,0,0,103767,273,0,,0,0,0,,,0,0,,,0.024251900042206644,complete_windows,0,000_00,273,"[269, 270, 271, 272, 273]",206,0.98193359375,2011,2048,1.233206420724831,synthetic/pilot_v2_r1/train/000,00000,344868
1,"[0, 0, 0, 0, 0]",,"[0, 0, 0, 0, 0]",,0,0,0,104166,274,0,,0,0,0,,,0,0,,,0.021109234548532464,complete_windows,0,000_00,274,"[270, 271, 272, 273, 274]",206,0.9892578125,2026,2048,1.2473315653418673,synthetic/pilot_v2_r1/train/000,00000,343484
1,"[0, 0, 0, 0, 0]",,"[0, 0, 0, 0, 0]",,0,0,0,104285,275,0,,0,0,0,,,0,0,,,0.018385793314961235,complete_windows,0,000_00,275,"[271, 272, 273, 274, 275]",206,0.98193359375,2011,2048,1.2604461503095445,synthetic/pilot_v2_r1/train/000,00000,347027
1,"[0, 0, 0, 0, 0]",,"[0, 0, 0, 0, 0]",,0,0,0,104365,276,0,,0,0,0,,,0,0,,,0.017909870083462436,complete_windows,0,000_00,276,"[272, 273, 274, 275, 276]",206,0.98876953125,2025,2048,1.24214347972825,synthetic/pilot_v2_r1/train/000,00000,346409
1,"[0, 0, 0, 0, 0]",,"[0, 0, 0, 0, 0]",,0,0,0,104538,277,0,,0,0,0,,,0,0,,,0.0192066003760577,complete_windows,0,000_00,277,"[273, 274, 275, 276, 277]",206,0.98291015625,2013,2048,1.24197419955604,synthetic/pilot_v2_r1/train/000,00000,344719
1,"[0, 0, 0, 0, 0]",,"[0, 0, 0, 0, 0]",,0,0,0,104488,278,0,,0,0,0,,,0,0,,,0.016821278892655743,complete_windows,0,000_00,278,"[274, 275, 276, 277, 278]",206,0.9921875,2032,2048,1.2085224868994846,synthetic/pilot_v2_r1/train/000,00000,345631
1,"[0, 0, 0, 0, 0]",,"[0, 0, 0, 0, 0]",,0,0,0,104394,279,0,,0,0,0,,,0,0,,,0.01353700737075183,complete_windows,0,000_00,279,"[275, 276, 277, 278, 279]",206,0.99072265625,2029,2048,1.194927754177542,synthetic/pilot_v2_r1/train/000,00000,347743
1,"[0, 0, 0, 0, 0]",,"[0, 0, 0, 0, 0]",,0,0,0,104417,280,0,,0,0,0,,,0,0,,,0.011894120277803162,complete_windows,0,000_00,280,"[276, 277, 278, 279, 280]",206,0.986328125,2020,2048,1.1751544203392066,synthetic/pilot_v2_r1/train/000,00000,346109
1,"[0, 0, 0, 0, 0]",,"[0, 0, 0, 0, 0]",,0,0,0,104297,281,0,,0,0,0,,,0,0,,,0.009962516932343455,complete_windows,0,000_00,281,"[277, 278, 279, 280, 281]",206,0.98974609375,2027,2048,1.1626955315198444,synthetic/pilot_v2_r1/train/000,00000,343277
0,"[0, 0, 0, 0, 0]",0.0,"[0, 0, 0, 0, 1]",1.0,0,0,1,104184,282,0,0.0,0,0,0,0.0,1.0,0,1,0.0,0.0,0.008927196779934279,complete_windows,0,000_00,282,"[278, 279, 280, 281, 282]",206,0.9921875,2032,2048,1.1488635573823232,synthetic/pilot_v2_r1/train/000,00001,343140
0,"[0, 0, 0, 0, 0]",,"[0, 0, 0, 1, 0]",,0,0,0,104049,283,1,1.0,0,0,1,,1.0,1,1,,,0.010600304406704356,complete_windows,0,000_00,283,"[279, 280, 281, 282, 283]",206,0.9912109375,2030,2048,1.127055390539591,synthetic/pilot_v2_r1/train/000,00010,342882
0,"[0, 0, 0, 0, 0]",,"[0, 0, 1, 0, 0]",,0,0,0,104221,284,1,1.0,0,0,1,,1.0,1,1,,,0.01359819565085903,complete_windows,0,000_00,284,"[280, 281, 282, 283, 284]",206,0.98583984375,2019,2048,1.0988197698373592,synthetic/pilot_v2_r1/train/000,00100,341705
0,"[0, 0, 0, 0, 0]",,"[0, 1, 0, 0, 0]",,0,0,0,104265,285,1,1.0,0,0,1,,1.0,1,1,,,0.016918986898154086,complete_windows,0,000_00,285,"[281, 282, 283, 284, 285]",206,0.986328125,2020,2048,1.0686002120979097,synthetic/pilot_v2_r1/train/000,01000,340875
0,"[0, 0, 0, 0, 0]",,"[1, 0, 0, 0, 0]",,0,0,0,104158,286,1,1.0,0,0,1,,1.0,1,1,,,0.01955881603532564,complete_windows,0,000_00,286,"[282, 283, 284, 285, 286]",206,0.99365234375,2035,2048,1.0336724187766753,synthetic/pilot_v2_r1/train/000,10000,336113
1,"[0, 0, 0, 0, 0]",,"[0, 0, 0, 0, 0]",,0,0,0,104307,287,0,,0,0,0,,,0,0,,,0.02180284005963421,complete_windows,0,000_00,287,"[283, 284, 285, 286, 287]",206,0.99267578125,2033,2048,0.999336365002124,synthetic/pilot_v2_r1/train/000,00000,335367
1,"[0, 0, 0, 0, 0]",,"[0, 0, 0, 0, 0]",,0,0,0,104200,288,0,,0,0,0,,,0,0,,,0.02373096654611917,complete_windows,0,000_00,288,"[284, 285, 286, 287, 288]",206,0.998046875,2044,2048,0.9807688723826598,synthetic/pilot_v2_r1/train/000,00000,334315
1,"[0, 0, 0, 0, 0]",,"[0, 0, 0, 0, 0]",,0,0,0,104252,289,0,,0,0,0,,,0,0,,,0.02491916634301199,complete_windows,0,000_00,289,"[285, 286, 287, 288, 289]",206,0.98779296875,2023,2048,0.9424493958916785,synthetic/pilot_v2_r1/train/000,00000,339960
1,"[0, 0, 0, 0, 0]",,"[0, 0, 0, 0, 0]",,0,0,0,104241,290,0,,0,0,0,,,0,0,,,0.024687574788490305,complete_windows,0,000_00,290,"[286, 287, 288, 289, 290]",206,0.98583984375,2019,2048,0.9171947573404686,synthetic/pilot_v2_r1/train/000,00000,342181
1,"[0, 0, 0, 0, 0]",,"[0, 0, 0, 0, 0]",,0,0,0,104204,291,0,,0,0,0,,,0,0,,,0.024339178420553075,complete_windows,0,000_00,291,"[287, 288, 289, 290, 291]",206,0.9912109375,2030,2048,0.8801476015759201,synthetic/pilot_v2_r1/train/000,00000,343451
1,"[0, 0, 0, 0, 0]",,"[0, 0, 0, 0, 0]",,0,0,0,104236,292,0,,0,0,0,,,0,0,,,0.022736923128378512,complete_windows,0,000_00,292,"[288, 289, 290, 291, 292]",206,0.98388671875,2015,2048,0.8265312642680668,synthetic/pilot_v2_r1/train/000,00000,339781
1,"[0, 0, 0, 0, 0]",,"[0, 0, 0, 0, 0]",,0,0,0,104118,293,0,,0,0,0,,,0,0,,,0.019873676365415278,complete_windows,0,000_00,293,"[289, 290, 291, 292, 293]",206,0.98095703125,2009,2048,0.8051253105379336,synthetic/pilot_v2_r1/train/000,00000,337547
1,"[0, 0, 0, 0, 0]",,"[0, 0, 0, 0, 0]",,0,0,0,104366,294,0,,0,0,0,,,0,0,,,0.0182747246034355,complete_windows,0,000_00,294,"[290, 291, 292, 293, 294]",206,0.9873046875,2022,2048,0.7609103347981339,synthetic/pilot_v2_r1/train/000,00000,334777
1,"[0, 0, 0, 0, 0]",,"[0, 0, 0, 0, 0]",,0,0,0,104267,295,0,,0,0,0,,,0,0,,,0.01588019174895897,complete_windows,0,000_00,295,"[291, 292, 293, 294, 295]",206,0.994140625,2036,2048,0.7129361424513928,synthetic/pilot_v2_r1/train/000,00000,330540
1,"[0, 0, 0, 0, 0]",,"[0, 0, 0, 0, 0]",,0,0,0,104490,296,0,,0,0,0,,,0,0,,,0.014395725926220937,complete_windows,0,000_00,296,"[292, 293, 294, 295, 296]",206,0.99560546875,2039,2048,0.6831347526263487,synthetic/pilot_v2_r1/train/000,00000,329413
1,"[0, 0, 0, 0, 0]",,"[0, 0, 0, 0, 0]",,0,0,0,104354,297,0,,0,0,0,,,0,0,,,0.012822554626463057,complete_windows,0,000_00,297,"[293, 294, 295, 296, 297]",206,0.99072265625,2029,2048,0.6413807056821162,synthetic/pilot_v2_r1/train/000,00000,329643
1,"[0, 0, 0, 0, 0]",,"[0, 0, 0, 0, 0]",,0,0,0,104340,298,0,,0,0,0,,,0,0,,,0.013131787400246744,complete_windows,0,000_00,298,"[294, 295, 296, 297, 298]",206,0.9892578125,2026,2048,0.6319067198959666,synthetic/pilot_v2_r1/train/000,00000,333375
1,"[0, 0, 0, 0, 0]",,"[0, 0, 0, 0, 0]",,0,0,0,104473,299,0,,0,0,0,,,0,0,,,0.014363778309355896,complete_windows,0,000_00,299,"[295, 296, 297, 298, 299]",206,0.98974609375,2027,2048,0.6136162703561036,synthetic/pilot_v2_r1/train/000,00000,334521
1,"[0, 0, 0, 0, 0]",,"[0, 0, 0, 0, 0]",,0,0,0,104597,300,0,,0,0,0,,,0,0,,,0.013649882815289482,complete_windows,0,000_00,300,"[296, 297, 298, 299, 300]",206,0.9873046875,2022,2048,0.5974051867442726,synthetic/pilot_v2_r1/train/000,00000,343145
1,"[0, 0, 0, 0, 0]",,"[0, 0, 0, 0, 0]",,0,0,0,104859,301,0,,0,0,0,,,0,0,,,0.0177224045406733,complete_windows,0,000_00,301,"[297, 298, 299, 300, 301]",206,0.98681640625,2021,2048,0.5648593544357072,synthetic/pilot_v2_r1/train/000,00000,347811
1,"[0, 0, 0, 0, 0]",,"[0, 0, 0, 0, 0]",,0,0,0,105206,302,0,,0,0,0,,,0,0,,,0.028220239981787062,complete_windows,0,000_00,302,"[298, 299, 300, 301, 302]",206,0.9912109375,2030,2048,0.5106304190612372,synthetic/pilot_v2_r1/train/000,00000,349181
1,"[0, 0, 0, 0, 0]",,"[0, 0, 0, 0, 0]",,0,0,0,105427,303,0,,0,0,0,,,0,0,,,0.03769960663245993,complete_windows,0,000_00,303,"[299, 300, 301, 302, 303]",206,0.98779296875,2023,2048,0.48862431699951,synthetic/pilot_v2_r1/train/000,00000,349473
1,"[0, 0, 0, 0, 0]",,"[0, 0, 0, 0, 0]",,0,0,0,105500,304,0,,0,0,0,,,0,0,,,0.03740310464572702,complete_windows,0,000_00,304,"[300, 301, 302, 303, 304]",206,0.98779296875,2023,2048,0.45416070196476727,synthetic/pilot_v2_r1/train/000,00000,347008
1,"[0, 0, 0, 0, 0]",,"[0, 0, 0, 0, 0]",,0,0,0,105414,305,0,,0,0,0,,,0,0,,,0.027390395272705023,complete_windows,0,000_00,305,"[301, 302, 303, 304, 305]",206,0.99267578125,2033,2048,0.4458324798832617,synthetic/pilot_v2_r1/train/000,00000,349694
1,"[0, 0, 0, 0, 0]",,"[0, 0, 0, 0, 0]",,0,0,0,105553,306,0,,0,0,0,,,0,0,,,0.01333397320309418,complete_windows,0,000_00,306,"[302, 303, 304, 305, 306]",206,0.98876953125,2025,2048,0.46343157674338953,synthetic/pilot_v2_r1/train/000,00000,348496
1,"[0, 0, 0, 0, 0]",,"[0, 0, 0, 0, 0]",,0,0,0,105604,307,0,,0,0,0,,,0,0,,,0.009576586779284735,complete_windows,0,000_00,307,"[303, 304, 305, 306, 307]",206,0.99072265625,2029,2048,0.46968968710348014,synthetic/pilot_v2_r1/train/000,00000,346295
1,"[0, 0, 0, 0, 0]",,"[0, 0, 0, 0, 0]",,0,0,0,105684,308,0,,0,0,0,,,0,0,,,0.01438579487884041,complete_windows,0,000_00,308,"[304, 305, 306, 307, 308]",206,0.990234375,2028,2048,0.5009522934230904,synthetic/pilot_v2_r1/train/000,00000,343100
1,"[0, 0, 0, 0, 0]",,"[0, 0, 0, 0, 0]",,0,0,0,105843,309,0,,0,0,0,,,0,0,,,0.0186569479308932,complete_windows,0,000_00,309,"[305, 306, 307, 308, 309]",206,0.99072265625,2029,2048,0.5315846324139211,synthetic/pilot_v2_r1/train/000,00000,344248
1,"[0, 0, 0, 0, 0]",,"[0, 0, 0, 0, 0]",,0,0,0,105766,310,0,,0,0,0,,,0,0,,,0.02273977244152521,complete_windows,0,000_00,310,"[306, 307, 308, 309, 310]",206,0.9912109375,2030,2048,0.5572670650704298,synthetic/pilot_v2_r1/train/000,00000,345648
1,"[0, 0, 0, 0, 0]",,"[0, 0, 0, 0, 0]",,0,0,0,105907,311,0,,0,0,0,,,0,0,,,0.023005573126091573,complete_windows,0,000_00,311,"[307, 308, 309, 310, 311]",206,0.9873046875,2022,2048,0.5803950433345607,synthetic/pilot_v2_r1/train/000,00000,348288
1,"[0, 0, 0, 0, 0]",,"[0, 0, 0, 0, 0]",,0,0,0,106205,312,0,,0,0,0,,,0,0,,,0.017673895504945896,complete_windows,0,000_00,312,"[308, 309, 310, 311, 312]",206,0.98828125,2024,2048,0.5776572816085085,synthetic/pilot_v2_r1/train/000,00000,350935
1,"[0, 0, 0, 0, 0]",,"[0, 0, 0, 0, 0]",,0,0,0,106395,313,0,,0,0,0,,,0,0,,,0.010549668519235394,complete_windows,0,000_00,313,"[309, 310, 311, 312, 313]",206,0.986328125,2020,2048,0.5843355123793273,synthetic/pilot_v2_r1/train/000,00000,349080
1,"[0, 0, 0, 0, 0]",,"[0, 0, 0, 0, 0]",,0,0,0,106483,314,0,,0,0,0,,,0,0,,,0.004449932460946445,complete_windows,0,000_00,314,"[310, 311, 312, 313, 314]",206,0.9892578125,2026,2048,0.5760671244477157,synthetic/pilot_v2_r1/train/000,00000,344383
1,"[0, 0, 0, 0, 0]",,"[0, 0, 0, 0, 0]",,0,0,0,106678,315,0,,0,0,0,,,0,0,,,0.005266626833291165,complete_windows,0,000_00,315,"[311, 312, 313, 314, 315]",206,0.99072265625,2029,2048,0.5749974273511295,synthetic/pilot_v2_r1/train/000,00000,338200
1,"[0, 0, 0, 0, 0]",,"[0, 0, 0, 0, 0]",,0,0,0,106738,316,0,,0,0,0,,,0,0,,,0.004750953724373705,complete_windows,0,000_00,316,"[312, 313, 314, 315, 316]",206,0.9892578125,2026,2048,0.6014658718503995,synthetic/pilot_v2_r1/train/000,00000,341300
1,"[0, 0, 0, 0, 0]",,"[0, 0, 0, 0, 0]",,0,0,0,106974,317,0,,0,0,0,,,0,0,,,0.005489503129727938,complete_windows,0,000_00,317,"[313, 314, 315, 316, 317]",206,0.98876953125,2025,2048,0.6075095610053395,synthetic/pilot_v2_r1/train/000,00000,343055
1,"[0, 0, 0, 0, 0]",,"[0, 0, 0, 0, 0]",,0,0,0,107361,318,0,,0,0,0,,,0,0,,,0.005357554789918288,complete_windows,0,000_00,318,"[314, 315, 316, 317, 318]",206,0.9833984375,2014,2048,0.6093836639592625,synthetic/pilot_v2_r1/train/000,00000,344330
1,"[0, 0, 0, 0, 0]",,"[0, 0, 0, 0, 0]",,0,0,0,107580,319,0,,0,0,0,,,0,0,,,0.004661328301339301,complete_windows,0,000_00,319,"[315, 316, 317, 318, 319]",206,0.98486328125,2017,2048,0.6145934861228743,synthetic/pilot_v2_r1/train/000,00000,346869
1,"[0, 0, 0, 0, 0]",,"[0, 0, 0, 0, 0]",,0,0,0,107838,320,0,,0,0,0,,,0,0,,,0.004497151451579407,complete_windows,0,000_00,320,"[316, 317, 318, 319, 320]",206,0.99365234375,2035,2048,0.6062041021363045,synthetic/pilot_v2_r1/train/000,00000,349472
1,"[0, 0, 0, 0, 0]",,"[0, 0, 0, 0, 0]",,0,0,0,108028,321,0,,0,0,0,,,0,0,,,0.010488144343792397,complete_windows,0,000_00,321,"[317, 318, 319, 320, 321]",206,0.98828125,2024,2048,0.6091618760802807,synthetic/pilot_v2_r1/train/000,00000,357998
1,"[0, 0, 0, 0, 0]",,"[0, 0, 0, 0, 0]",,0,0,0,108026,322,0,,0,0,0,,,0,0,,,0.022504248394986655,complete_windows,0,000_00,322,"[318, 319, 320, 321, 322]",206,0.984375,2016,2048,0.6037811158445279,synthetic/pilot_v2_r1/train/000,00000,364424
1,"[0, 0, 0, 0, 0]",,"[0, 0, 0, 0, 0]",,0,0,0,108211,323,0,,0,0,0,,,0,0,,,0.03312849385241347,complete_windows,0,000_00,323,"[319, 320, 321, 322, 323]",206,0.98681640625,2021,2048,0.5912488089586886,synthetic/pilot_v2_r1/train/000,00000,366918
1,"[0, 0, 0, 0, 0]",,"[0, 0, 0, 0, 0]",,0,0,0,108495,324,0,,0,0,0,,,0,0,,,0.03510200812068873,complete_windows,0,000_00,324,"[320, 321, 322, 323, 324]",206,0.9814453125,2010,2048,0.5625912684810951,synthetic/pilot_v2_r1/train/000,00000,366979
1,"[0, 0, 0, 0, 0]",,"[0, 0, 0, 0, 0]",,0,0,0,108687,325,0,,0,0,0,,,0,0,,,0.02555289532564572,complete_windows,0,000_00,325,"[321, 322, 323, 324, 325]",206,0.9853515625,2018,2048,0.5281189754062783,synthetic/pilot_v2_r1/train/000,00000,369784
1,"[0, 0, 0, 0, 0]",,"[0, 0, 0, 0, 0]",,0,0,0,109169,326,0,,0,0,0,,,0,0,,,0.01043497538538106,complete_windows,0,000_00,326,"[322, 323, 324, 325, 326]",206,0.99169921875,2031,2048,0.4985950710311289,synthetic/pilot_v2_r1/train/000,00000,368528
1,"[0, 0, 0, 0, 0]",,"[0, 0, 0, 0, 0]",,0,0,0,109372,327,0,,0,0,0,,,0,0,,,0.01059452544061387,complete_windows,0,000_00,327,"[323, 324, 325, 326, 327]",206,0.990234375,2028,2048,0.4704840995729619,synthetic/pilot_v2_r1/train/000,00000,365138
1,"[0, 0, 0, 0, 0]",,"[0, 0, 0, 0, 0]",,0,0,0,109545,328,0,,0,0,0,,,0,0,,,0.019690687891839344,complete_windows,0,000_00,328,"[324, 325, 326, 327, 328]",206,0.9853515625,2018,2048,0.4788143366673339,synthetic/pilot_v2_r1/train/000,00000,365905
1,"[0, 0, 0, 0, 0]",,"[0, 0, 0, 0, 0]",,0,0,0,109985,329,0,,0,0,0,,,0,0,,,0.026376272863373233,complete_windows,0,000_00,329,"[325, 326, 327, 328, 329]",206,0.97412109375,1995,2048,0.482649754827757,synthetic/pilot_v2_r1/train/000,00000,365851
1,"[0, 0, 0, 0, 0]",,"[0, 0, 0, 0, 0]",,0,0,0,110100,330,0,,0,0,0,,,0,0,,,0.029150501571356822,complete_windows,0,000_00,330,"[326, 327, 328, 329, 330]",206,0.98095703125,2009,2048,0.49867750422433565,synthetic/pilot_v2_r1/train/000,00000,368694
1,"[0, 0, 0, 0, 0]",,"[0, 0, 0, 0, 0]",,0,0,0,110308,331,0,,0,0,0,,,0,0,,,0.025072042546647827,complete_windows,0,000_00,331,"[327, 328, 329, 330, 331]",206,0.9853515625,2018,2048,0.5199514147361499,synthetic/pilot_v2_r1/train/000,00000,372701
1,"[0, 0, 0, 0, 0]",,"[0, 0, 0, 0, 0]",,0,0,0,110452,332,0,,0,0,0,,,0,0,,,0.016990627189062683,complete_windows,0,000_00,332,"[328, 329, 330, 331, 332]",206,0.9853515625,2018,2048,0.5439009070833055,synthetic/pilot_v2_r1/train/000,00000,377883
1,"[0, 0, 0, 0, 0]",,"[0, 0, 0, 0, 0]",,0,0,0,110860,333,0,,0,0,0,,,0,0,,,0.007199290489779002,complete_windows,0,000_00,333,"[329, 330, 331, 332, 333]",206,0.98388671875,2015,2048,0.5583812451055699,synthetic/pilot_v2_r1/train/000,00000,379931
1,"[0, 0, 0, 0, 0]",,"[0, 0, 0, 0, 0]",,0,0,0,111374,334,0,,0,0,0,,,0,0,,,0.003881942031613293,complete_windows,0,000_00,334,"[330, 331, 332, 333, 334]",206,0.98974609375,2027,2048,0.5624778852733421,synthetic/pilot_v2_r1/train/000,00000,379850
1,"[0, 0, 0, 0, 0]",,"[0, 0, 0, 0, 0]",,0,0,0,111489,335,0,,0,0,0,,,0,0,,,0.004013969620106816,complete_windows,0,000_00,335,"[331, 332, 333, 334, 335]",206,0.98095703125,2009,2048,0.5712487505759544,synthetic/pilot_v2_r1/train/000,00000,377722
1,"[0, 0, 0, 0, 0]",,"[0, 0, 0, 0, 0]",,0,0,0,111701,336,0,,0,0,0,,,0,0,,,0.004244274531605375,complete_windows,0,000_00,336,"[332, 333, 334, 335, 336]",206,0.982421875,2012,2048,0.5603045557616475,synthetic/pilot_v2_r1/train/000,00000,377171
1,"[0, 0, 0, 0, 0]",,"[0, 0, 0, 0, 0]",,0,0,0,111983,337,0,,0,0,0,,,0,0,,,0.007484856529025615,complete_windows,0,000_00,337,"[333, 334, 335, 336, 337]",206,0.9833984375,2014,2048,0.5588126647221515,synthetic/pilot_v2_r1/train/000,00000,373898
1,"[0, 0, 0, 0, 0]",,"[0, 0, 0, 0, 0]",,0,0,0,112192,338,0,,0,0,0,,,0,0,,,0.00902450859328236,complete_windows,0,000_00,338,"[334, 335, 336, 337, 338]",206,0.9921875,2032,2048,0.5761071547252536,synthetic/pilot_v2_r1/train/000,00000,373257
1,"[0, 0, 0, 0, 0]",,"[0, 0, 0, 0, 0]",,0,0,0,112511,339,0,,0,0,0,,,0,0,,,0.008880809810484997,complete_windows,0,000_00,339,"[335, 336, 337, 338, 339]",206,0.9892578125,2026,2048,0.5753518767209831,synthetic/pilot_v2_r1/train/000,00000,374680
1,"[0, 0, 0, 0, 0]",,"[0, 0, 0, 0, 0]",,0,0,0,112698,340,0,,0,0,0,,,0,0,,,0.009492410331554433,complete_windows,0,000_00,340,"[336, 337, 338, 339, 340]",206,0.98974609375,2027,2048,0.588363132974269,synthetic/pilot_v2_r1/train/000,00000,379995
1,"[0, 0, 0, 0, 0]",,"[0, 0, 0, 0, 0]",,0,0,0,113056,341,0,,0,0,0,,,0,0,,,0.010199378912365874,complete_windows,0,000_00,341,"[337, 338, 339, 340, 341]",206,0.9873046875,2022,2048,0.5845024878351902,synthetic/pilot_v2_r1/train/000,00000,382893
1,"[0, 0, 0, 0, 0]",,"[0, 0, 0, 0, 0]",,0,0,0,113143,342,0,,0,0,0,,,0,0,,,0.011019172161883788,complete_windows,0,000_00,342,"[338, 339, 340, 341, 342]",206,0.99169921875,2031,2048,0.5788319208293202,synthetic/pilot_v2_r1/train/000,00000,383706
1,"[0, 0, 0, 0, 0]",,"[0, 0, 0, 0, 0]",,0,0,0,113315,343,0,,0,0,0,,,0,0,,,0.011890084902513441,complete_windows,0,000_00,343,"[339, 340, 341, 342, 343]",206,0.99609375,2040,2048,0.5793430360738432,synthetic/pilot_v2_r1/train/000,00000,385421
1,"[0, 0, 0, 0, 0]",,"[0, 0, 0, 0, 0]",,0,0,0,113619,344,0,,0,0,0,,,0,0,,,0.011944651115047578,complete_windows,0,000_00,344,"[340, 341, 342, 343, 344]",206,0.994140625,2036,2048,0.5653536776556238,synthetic/pilot_v2_r1/train/000,00000,385081
1,"[0, 0, 0, 0, 0]",,"[0, 0, 0, 0, 0]",,0,0,0,113990,345,0,,0,0,0,,,0,0,,,0.01210184814047557,complete_windows,0,000_00,345,"[341, 342, 343, 344, 345]",206,0.98974609375,2027,2048,0.5791633372962105,synthetic/pilot_v2_r1/train/000,00000,385039
1,"[0, 0, 0, 0, 0]",,"[0, 0, 0, 0, 0]",,0,0,0,114008,346,0,,0,0,0,,,0,0,,,0.012438398353230266,complete_windows,0,000_00,346,"[342, 343, 344, 345, 346]",206,0.99365234375,2035,2048,0.5805062147430379,synthetic/pilot_v2_r1/train/000,00000,386325
1,"[0, 0, 0, 0, 0]",,"[0, 0, 0, 0, 0]",,0,0,0,114336,347,0,,0,0,0,,,0,0,,,0.012403966373165386,complete_windows,0,000_00,347,"[343, 344, 345, 346, 347]",206,0.98876953125,2025,2048,0.5725524728980129,synthetic/pilot_v2_r1/train/000,00000,385723
1,"[0, 0, 0, 0, 0]",,"[0, 0, 0, 0, 0]",,0,0,0,114638,348,0,,0,0,0,,,0,0,,,0.012718904237657156,complete_windows,0,000_00,348,"[344, 345, 346, 347, 348]",206,0.99169921875,2031,2048,0.5809035358261403,synthetic/pilot_v2_r1/train/000,00000,391387
1,"[0, 0, 0, 0, 0]",,"[0, 0, 0, 0, 0]",,0,0,0,114765,349,0,,0,0,0,,,0,0,,,0.012985891797693402,complete_windows,0,000_00,349,"[345, 346, 347, 348, 349]",206,0.99560546875,2039,2048,0.5754559332540147,synthetic/pilot_v2_r1/train/000,00000,390420
0,"[0, 0, 0, 0, 0]",0.0,"[0, 0, 0, 0, 1]",1.0,0,0,1,115037,350,0,0.0,0,0,0,0.0,1.0,0,1,0.0,0.0,0.012234706951628146,complete_windows,0,000_00,350,"[346, 347, 348, 349, 350]",206,0.99072265625,2029,2048,0.5751583715519345,synthetic/pilot_v2_r1/train/000,00001,390025
0,"[0, 0, 0, 0, 0]",,"[0, 0, 0, 1, 0]",,0,0,0,115320,351,1,1.0,0,0,1,,1.0,1,1,,,0.01243150487036471,complete_windows,0,000_00,351,"[347, 348, 349, 350, 351]",206,0.98974609375,2027,2048,0.5886887827183296,synthetic/pilot_v2_r1/train/000,00010,387727
0,"[0, 0, 0, 0, 0]",0.0,"[0, 0, 1, 0, 2]",1.0,0,0,2,115481,352,1,0.3333333333333333,0,0,1,0.0,1.0,1,3,0.0,0.0,0.012381514130195042,complete_windows,0,000_00,352,"[348, 349, 350, 351, 352]",206,0.9892578125,2026,2048,0.5919981395924472,synthetic/pilot_v2_r1/train/000,00101,387203
0,"[0, 0, 0, 0, 0]",0.0,"[0, 1, 0, 2, 1]",1.0,0,0,1,116019,353,3,0.75,0,0,2,0.0,1.0,3,4,0.0,0.0,0.012459881579628258,complete_windows,0,000_00,353,"[349, 350, 351, 352, 353]",206,0.9912109375,2030,2048,0.6121973240933014,synthetic/pilot_v2_r1/train/000,01011,386343
0,"[0, 0, 0, 0, 0]",0.0,"[1, 0, 2, 1, 3]",1.0,0,0,3,116124,354,4,0.5714285714285714,0,0,3,0.0,1.0,4,7,0.0,0.0,0.013476813979044782,complete_windows,0,000_00,354,"[350, 351, 352, 353, 354]",206,0.990234375,2028,2048,0.6351746585404092,synthetic/pilot_v2_r1/train/000,10111,387151
0,"[0, 0, 0, 0, 0]",,"[0, 2, 1, 3, 0]",,0,0,0,116229,355,6,1.0,0,0,3,,1.0,6,6,,,0.013621785428337925,complete_windows,0,000_00,355,"[351, 352, 353, 354, 355]",206,0.986328125,2020,2048,0.6558191799318478,synthetic/pilot_v2_r1/train/000,01110,392651
0,"[0, 0, 0, 0, 0]",,"[2, 1, 3, 0, 0]",,0,0,0,116598,356,6,1.0,0,0,3,,1.0,6,6,,,0.014489944469371912,complete_windows,0,000_00,356,"[352, 353, 354, 355, 356]",206,0.98583984375,2019,2048,0.6938751306148006,synthetic/pilot_v2_r1/train/000,11100,396061
0,"[0, 0, 0, 0, 0]",,"[1, 3, 0, 0, 0]",,0,0,0,116793,357,4,1.0,0,0,2,,1.0,4,4,,,0.015179045318041666,complete_windows,0,000_00,357,"[353, 354, 355, 356, 357]",206,0.986328125,2020,2048,0.7187748835864751,synthetic/pilot_v2_r1/train/000,11000,397388
0,"[0, 0, 0, 0, 0]",,"[3, 0, 0, 0, 0]",,0,0,0,116749,358,3,1.0,0,0,1,,1.0,3,3,,,0.014902800079266611,complete_windows,0,000_00,358,"[354, 355, 356, 357, 358]",206,0.9775390625,2002,2048,0.7402534944596068,synthetic/pilot_v2_r1/train/000,10000,398799
1,"[0, 0, 0, 0, 0]",,"[0, 0, 0, 0, 0]",,0,0,0,116873,359,0,,0,0,0,,,0,0,,,0.015013026104437175,complete_windows,0,000_00,359,"[355, 356, 357, 358, 359]",206,0.98486328125,2017,2048,0.7754752707030276,synthetic/pilot_v2_r1/train/000,00000,397432
1,"[0, 0, 0, 0, 0]",,"[0, 0, 0, 0, 0]",,0,0,0,116982,360,0,,0,0,0,,,0,0,,,0.014903136414827472,complete_windows,0,000_00,360,"[356, 357, 358, 359, 360]",206,0.9873046875,2022,2048,0.8036004633366779,synthetic/pilot_v2_r1/train/000,00000,398844
1,"[0, 0, 0, 0, 0]",,"[0, 0, 0, 0, 0]",,0,0,0,117170,361,0,,0,0,0,,,0,0,,,0.014151281734834327,complete_windows,0,000_00,361,"[357, 358, 359, 360, 361]",206,0.9912109375,2030,2048,0.8312725274040823,synthetic/pilot_v2_r1/train/000,00000,399718
1,"[0, 0, 0, 0, 0]",,"[0, 0, 0, 0, 0]",,0,0,0,117228,362,0,,0,0,0,,,0,0,,,0.013381444815018491,complete_windows,0,000_00,362,"[358, 359, 360, 361, 362]",206,0.9873046875,2022,2048,0.8670447239956256,synthetic/pilot_v2_r1/train/000,00000,401191
1,"[0, 0, 0, 0, 0]",,"[0, 0, 0, 0, 0]",,0,0,0,117556,363,0,,0,0,0,,,0,0,,,0.012747530298274507,complete_windows,0,000_00,363,"[359, 360, 361, 362, 363]",206,0.986328125,2020,2048,0.9110720695156329,synthetic/pilot_v2_r1/train/000,00000,404242
1,"[0, 0, 0, 0, 0]",,"[0, 0, 0, 0, 0]",,0,0,0,117572,364,0,,0,0,0,,,0,0,,,0.011430041660749226,complete_windows,0,000_00,364,"[360, 361, 362, 363, 364]",206,0.97998046875,2007,2048,0.9372030791853933,synthetic/pilot_v2_r1/train/000,00000,405459
1,"[0, 0, 0, 0, 0]",,"[0, 0, 0, 0, 0]",,0,0,0,117694,365,0,,0,0,0,,,0,0,,,0.01032328408647868,complete_windows,0,000_00,365,"[361, 362, 363, 364, 365]",206,0.98681640625,2021,2048,0.9718602712025562,synthetic/pilot_v2_r1/train/000,00000,405852
1,"[0, 0, 0, 0, 0]",,"[0, 0, 0, 0, 0]",,0,0,0,117855,366,0,,0,0,0,,,0,0,,,0.009396168403151616,complete_windows,0,000_00,366,"[362, 363, 364, 365, 366]",206,0.98779296875,2023,2048,1.0058080379122567,synthetic/pilot_v2_r1/train/000,00000,407276
1,"[0, 0, 0, 0, 0]",,"[0, 0, 0, 0, 0]",,0,0,0,118030,367,0,,0,0,0,,,0,0,,,0.00804911872269013,complete_windows,0,000_00,367,"[363, 364, 365, 366, 367]",206,0.98486328125,2017,2048,1.0280738673167489,synthetic/pilot_v2_r1/train/000,00000,408353
1,"[0, 0, 0, 0, 0]",,"[0, 0, 0, 0, 0]",,0,0,0,118009,368,0,,0,0,0,,,0,0,,,0.007353095678463237,complete_windows,0,000_00,368,"[364, 365, 366, 367, 368]",206,0.98388671875,2015,2048,1.0639047755464062,synthetic/pilot_v2_r1/train/000,00000,406779
1,"[0, 0, 0, 0, 0]",,"[0, 0, 0, 0, 0]",,0,0,0,118041,369,0,,0,0,0,,,0,0,,,0.006606434965846681,complete_windows,0,000_00,369,"[365, 366, 367, 368, 369]",206,0.98828125,2024,2048,1.0914385333815355,synthetic/pilot_v2_r1/train/000,00000,407219
1,"[0, 0, 0, 0, 0]",,"[0, 0, 0, 0, 0]",,0,0,0,117983,370,0,,0,0,0,,,0,0,,,0.005989570394472258,complete_windows,0,000_00,370,"[366, 367, 368, 369, 370]",206,0.98779296875,2023,2048,1.113440256220968,synthetic/pilot_v2_r1/train/000,00000,409395
1,"[0, 0, 0, 0, 0]",,"[0, 0, 0, 0, 0]",,0,0,0,117864,371,0,,0,0,0,,,0,0,,,0.0065992771578003845,complete_windows,0,000_00,371,"[367, 368, 369, 370, 371]",206,0.984375,2016,2048,1.1401810756512147,synthetic/pilot_v2_r1/train/000,00000,409935
1,"[0, 0, 0, 0, 0]",,"[0, 0, 0, 0, 0]",,0,0,0,117701,372,0,,0,0,0,,,0,0,,,0.007928366146325225,complete_windows,0,000_00,372,"[368, 369, 370, 371, 372]",206,0.98828125,2024,2048,1.1586209259673026,synthetic/pilot_v2_r1/train/000,00000,410278
1,"[0, 0, 0, 0, 0]",,"[0, 0, 0, 0, 0]",,0,0,0,117547,373,0,,0,0,0,,,0,0,,,0.008219509823043392,complete_windows,0,000_00,373,"[369, 370, 371, 372, 373]",206,0.98388671875,2015,2048,1.170007767325071,synthetic/pilot_v2_r1/train/000,00000,408484
1,"[0, 0, 0, 0, 0]",,"[0, 0, 0, 0, 0]",,0,0,0,117554,374,0,,0,0,0,,,0,0,,,0.007385478935270669,complete_windows,0,000_00,374,"[370, 371, 372, 373, 374]",206,0.97998046875,2007,2048,1.1840390443808124,synthetic/pilot_v2_r1/train/000,00000,406469
1,"[0, 0, 0, 0, 0]",,"[0, 0, 0, 0, 0]",,0,0,0,117325,375,0,,0,0,0,,,0,0,,,0.006162755428425961,complete_windows,0,000_00,375,"[371, 372, 373, 374, 375]",206,0.97705078125,2001,2048,1.1824773770611796,synthetic/pilot_v2_r1/train/000,00000,408006
1,"[0, 0, 0, 0, 0]",,"[0, 0, 0, 0, 0]",,0,0,0,117194,376,0,,0,0,0,,,0,0,,,0.004689479038571667,complete_windows,0,000_00,376,"[372, 373, 374, 375, 376]",206,0.98828125,2024,2048,1.1855477931312053,synthetic/pilot_v2_r1/train/000,00000,408666
1,"[0, 0, 0, 0, 0]",,"[0, 0, 0, 0, 0]",,0,0,0,117164,377,0,,0,0,0,,,0,0,,,0.002687353124397738,complete_windows,0,000_00,377,"[373, 374, 375, 376, 377]",206,0.98828125,2024,2048,1.207543538042578,synthetic/pilot_v2_r1/train/000,00000,406009
1,"[0, 0, 0, 0, 0]",,"[0, 0, 0, 0, 0]",,0,0,0,116984,378,0,,0,0,0,,,0,0,,,0.0014898956103840857,complete_windows,0,000_00,378,"[374, 375, 376, 377, 378]",206,0.9873046875,2022,2048,1.2214170744655641,synthetic/pilot_v2_r1/train/000,00000,404073
1,"[0, 0, 0, 0, 0]",,"[0, 0, 0, 0, 0]",,0,0,0,116717,379,0,,0,0,0,,,0,0,,,0.0028588727201905224,complete_windows,0,000_00,379,"[375, 376, 377, 378, 379]",206,0.9833984375,2014,2048,1.2433775486688663,synthetic/pilot_v2_r1/train/000,00000,402290
1,"[0, 0, 0, 0, 0]",,"[0, 0, 0, 0, 0]",,0,0,0,116603,380,0,,0,0,0,,,0,0,,,0.005963859404741957,complete_windows,0,000_00,380,"[376, 377, 378, 379, 380]",206,0.984375,2016,2048,1.2628800247049026,synthetic/pilot_v2_r1/train/000,00000,400008
1,"[0, 0, 0, 0, 0]",,"[0, 0, 0, 0, 0]",,0,0,0,116236,381,0,,0,0,0,,,0,0,,,0.008838211180119659,complete_windows,0,000_00,381,"[377, 378, 379, 380, 381]",206,0.98095703125,2009,2048,1.2797589287051103,synthetic/pilot_v2_r1/train/000,00000,399271
1,"[0, 0, 0, 0, 0]",,"[0, 0, 0, 0, 0]",,0,0,0,115848,382,0,,0,0,0,,,0,0,,,0.011967608951750872,complete_windows,0,000_00,382,"[378, 379, 380, 381, 382]",206,0.98046875,2008,2048,1.2822689395586824,synthetic/pilot_v2_r1/train/000,00000,399498
1,"[0, 0, 0, 0, 0]",,"[0, 0, 0, 0, 0]",,0,0,0,115558,383,0,,0,0,0,,,0,0,,,0.015462872497572068,complete_windows,0,000_00,383,"[379, 380, 381, 382, 383]",206,0.9755859375,1998,2048,1.2988789353588213,synthetic/pilot_v2_r1/train/000,00000,400123
1,"[0, 0, 0, 0, 0]",,"[0, 0, 0, 0, 0]",,0,0,0,115100,384,0,,0,0,0,,,0,0,,,0.017471767214274857,complete_windows,0,000_00,384,"[380, 381, 382, 383, 384]",206,0.9775390625,2002,2048,1.3062262650387035,synthetic/pilot_v2_r1/train/000,00000,399843
0,"[0, 0, 0, 0, 0]",0.0,"[0, 0, 0, 0, 1]",1.0,0,0,1,114822,385,0,0.0,0,0,0,0.0,1.0,0,1,0.0,0.0,0.019938755564251683,complete_windows,0,000_00,385,"[381, 382, 383, 384, 385]",206,0.984375,2016,2048,1.3020436551013777,synthetic/pilot_v2_r1/train/000,00001,398047
0,"[0, 0, 0, 0, 0]",,"[0, 0, 0, 1, 0]",,0,0,0,114477,386,1,1.0,0,0,1,,1.0,1,1,,,0.020851111088566705,complete_windows,0,000_00,386,"[382, 383, 384, 385, 386]",206,0.9853515625,2018,2048,1.3192689686818118,synthetic/pilot_v2_r1/train/000,00010,393657
0,"[0, 0, 0, 0, 0]",,"[0, 0, 1, 0, 0]",,0,0,0,114029,387,1,1.0,0,0,1,,1.0,1,1,,,0.020761124390069347,complete_windows,0,000_00,387,"[383, 384, 385, 386, 387]",206,0.97900390625,2005,2048,1.3126215706449558,synthetic/pilot_v2_r1/train/000,00100,391097
0,"[0, 0, 0, 0, 0]",,"[0, 1, 0, 0, 0]",,0,0,0,113337,388,1,1.0,0,0,1,,1.0,1,1,,,0.021951718565706213,complete_windows,0,000_00,388,"[384, 385, 386, 387, 388]",206,0.9814453125,2010,2048,1.3052875485647322,synthetic/pilot_v2_r1/train/000,01000,389564
0,"[0, 0, 0, 0, 0]",,"[1, 0, 0, 0, 0]",,0,0,0,112858,389,1,1.0,0,0,1,,1.0,1,1,,,0.022965797011270647,complete_windows,0,000_00,389,"[385, 386, 387, 388, 389]",206,0.98095703125,2009,2048,1.313427224061095,synthetic/pilot_v2_r1/train/000,10000,386630
1,"[0, 0, 0, 0, 0]",,"[0, 0, 0, 0, 0]",,0,0,0,112261,390,0,,0,0,0,,,0,0,,,0.02244563153709309,complete_windows,0,000_00,390,"[386, 387, 388, 389, 390]",206,0.982421875,2012,2048,1.2947163935012391,synthetic/pilot_v2_r1/train/000,00000,383535
0,"[0, 0, 0, 0, 0]",0.0,"[0, 0, 0, 0, 1]",1.0,0,0,1,111609,391,0,0.0,0,0,0,0.0,1.0,0,1,0.0,0.0,0.022528384285342748,complete_windows,0,000_00,391,"[387, 388, 389, 390, 391]",206,0.98291015625,2013,2048,1.2878566812297847,synthetic/pilot_v2_r1/train/000,00001,379620
0,"[0, 0, 0, 0, 0]",0.0,"[0, 0, 0, 1, 2]",1.0,0,0,2,111015,392,1,0.3333333333333333,0,0,1,0.0,1.0,1,3,0.0,0.0,0.02289354986602539,complete_windows,0,000_00,392,"[388, 389, 390, 391, 392]",206,0.98828125,2024,2048,1.2895677938670902,synthetic/pilot_v2_r1/train/000,00011,377180
0,"[0, 0, 0, 0, 0]",,"[0, 0, 1, 2, 0]",,0,0,0,110399,393,3,1.0,0,0,2,,1.0,3,3,,,0.024276588341936696,complete_windows,0,000_00,393,"[389, 390, 391, 392, 393]",206,0.9873046875,2022,2048,1.2795421282905588,synthetic/pilot_v2_r1/train/000,00110,374396
0,"[0, 0, 0, 0, 0]",,"[0, 1, 2, 0, 0]",,0,0,0,109812,394,3,1.0,0,0,2,,1.0,3,3,,,0.027781287758392396,complete_windows,0,000_00,394,"[390, 391, 392, 393, 394]",206,0.990234375,2028,2048,1.2740342489027967,synthetic/pilot_v2_r1/train/000,01100,369214
0,"[0, 0, 0, 0, 0]",,"[1, 2, 0, 0, 0]",,0,0,0,109188,395,3,1.0,0,0,2,,1.0,3,3,,,0.030635788842928044,complete_windows,0,000_00,395,"[391, 392, 393, 394, 395]",206,0.9853515625,2018,2048,1.2649643998291062,synthetic/pilot_v2_r1/train/000,11000,367119
0,"[0, 0, 0, 0, 0]",,"[2, 0, 0, 0, 0]",,0,0,0,108706,396,2,1.0,0,0,1,,1.0,2,2,,,0.033301157073977586,complete_windows,0,000_00,396,"[392, 393, 394, 395, 396]",206,0.9833984375,2014,2048,1.2352397986245578,synthetic/pilot_v2_r1/train/000,10000,362833
1,"[0, 0, 0, 0, 0]",,"[0, 0, 0, 0, 0]",,0,0,0,108046,397,0,,0,0,0,,,0,0,,,0.03480737718064293,complete_windows,0,000_00,397,"[393, 394, 395, 396, 397]",206,0.98779296875,2023,2048,1.1884000133233548,synthetic/pilot_v2_r1/train/000,00000,359520
1,"[0, 0, 0, 0, 0]",,"[0, 0, 0, 0, 0]",,0,0,0,107581,398,0,,0,0,0,,,0,0,,,0.03478882210479759,complete_windows,0,000_00,398,"[394, 395, 396, 397, 398]",206,0.9912109375,2030,2048,1.160145007218402,synthetic/pilot_v2_r1/train/000,00000,354804
1,"[0, 0, 0, 0, 0]",,"[0, 0, 0, 0, 0]",,0,0,0,107168,399,0,,0,0,0,,,0,0,,,0.03415294345233109,complete_windows,0,000_00,399,"[395, 396, 397, 398, 399]",206,0.9853515625,2018,2048,1.0988508033248765,synthetic/pilot_v2_r1/train/000,00000,352304
1,"[0, 0, 0, 0, 0]",,"[0, 0, 0, 0, 0]",,0,0,0,106565,400,0,,0,0,0,,,0,0,,,0.03289217862112589,complete_windows,0,000_00,400,"[396, 397, 398, 399, 400]",206,0.9921875,2032,2048,1.04959242365135,synthetic/pilot_v2_r1/train/000,00000,349103
1,"[0, 0, 0, 0, 0]",,"[0, 0, 0, 0, 0]",,0,0,0,106042,401,0,,0,0,0,,,0,0,,,0.03176991607354559,complete_windows,0,000_00,401,"[397, 398, 399, 400, 401]",206,0.98974609375,2027,2048,0.997741020126535,synthetic/pilot_v2_r1/train/000,00000,345597
1,"[0, 0, 0, 0, 0]",,"[0, 0, 0, 0, 0]",,0,0,0,105530,402,0,,0,0,0,,,0,0,,,0.031030810787634384,complete_windows,0,000_00,402,"[398, 399, 400, 401, 402]",206,0.990234375,2028,2048,0.9250714436681605,synthetic/pilot_v2_r1/train/000,00000,343573
1,"[0, 0, 0, 0, 0]",,"[0, 0, 0, 0, 0]",,0,0,0,105024,403,0,,0,0,0,,,0,0,,,0.031083653511004058,complete_windows,0,000_00,403,"[399, 400, 401, 402, 403]",206,0.994140625,2036,2048,0.8585992169698263,synthetic/pilot_v2_r1/train/000,00000,339213
1,"[0, 0, 0, 0, 0]",,"[0, 0, 0, 0, 0]",,0,0,0,104545,404,0,,0,0,0,,,0,0,,,0.031179020547614716,complete_windows,0,000_00,404,"[400, 401, 402, 403, 404]",206,0.98486328125,2017,2048,0.7859554832975809,synthetic/pilot_v2_r1/train/000,00000,333591
1,"[0, 0, 0, 0, 0]",,"[0, 0, 0, 0, 0]",,0,0,0,104040,405,0,,0,0,0,,,0,0,,,0.03011956482014087,complete_windows,0,000_00,405,"[401, 402, 403, 404, 405]",206,0.978515625,2004,2048,0.7148813524401506,synthetic/pilot_v2_r1/train/000,00000,330880
1,"[0, 0, 0, 0, 0]",,"[0, 0, 0, 0, 0]",,0,0,0,103773,406,0,,0,0,0,,,0,0,,,0.02832262042000843,complete_windows,0,000_00,406,"[402, 403, 404, 405, 406]",206,0.9775390625,2002,2048,0.6423042441695491,synthetic/pilot_v2_r1/train/000,00000,329175
1,"[0, 0, 0, 0, 0]",,"[0, 0, 0, 0, 0]",,0,0,0,103721,407,0,,0,0,0,,,0,0,,,0.025579987938641136,complete_windows,0,000_00,407,"[403, 404, 405, 406, 407]",206,0.986328125,2020,2048,0.5809696129112268,synthetic/pilot_v2_r1/train/000,00000,327674
1,"[0, 0, 0, 0, 0]",,"[0, 0, 0, 0, 0]",,0,0,0,103405,408,0,,0,0,0,,,0,0,,,0.021486232487672646,complete_windows,0,000_00,408,"[404, 405, 406, 407, 408]",206,0.99462890625,2037,2048,0.5120946470435086,synthetic/pilot_v2_r1/train/000,00000,325902
1,"[0, 0, 0, 0, 0]",,"[0, 0, 0, 0, 0]",,0,0,0,103330,409,0,,0,0,0,,,0,0,,,0.018404450615655158,complete_windows,0,000_00,409,"[405, 406, 407, 408, 409]",206,0.9951171875,2038,2048,0.43108579943450004,synthetic/pilot_v2_r1/train/000,00000,321027
1,"[0, 0, 0, 0, 0]",,"[0, 0, 0, 0, 0]",,0,0,0,103042,410,0,,0,0,0,,,0,0,,,0.01458697889915079,complete_windows,0,000_00,410,"[406, 407, 408, 409, 410]",206,0.998046875,2044,2048,0.35608664149275604,synthetic/pilot_v2_r1/train/000,00000,317662
1,"[0, 0, 0, 0, 0]",,"[0, 0, 0, 0, 0]",,0,0,0,102942,411,0,,0,0,0,,,0,0,,,0.010701016881739689,complete_windows,0,000_00,411,"[407, 408, 409, 410, 411]",206,0.99462890625,2037,2048,0.2606401137220358,synthetic/pilot_v2_r1/train/000,00000,310241
1,"[0, 0, 0, 0, 0]",,"[0, 0, 0, 0, 0]",,0,0,0,102894,412,0,,0,0,0,,,0,0,,,0.007137594447065906,complete_windows,0,000_00,412,"[408, 409, 410, 411, 412]",206,0.994140625,2036,2048,0.18669583223176037,synthetic/pilot_v2_r1/train/000,00000,301545
1,"[0, 0, 0, 0, 0]",,"[0, 0, 0, 0, 0]",,0,0,0,103021,413,0,,0,0,0,,,0,0,,,0.003715447963731837,complete_windows,0,000_00,413,"[409, 410, 411, 412, 413]",206,0.998046875,2044,2048,0.1040479021361182,synthetic/pilot_v2_r1/train/000,00000,282693
1,"[0, 0, 0, 0, 0]",,"[0, 0, 0, 0, 0]",,0,0,0,103247,414,0,,0,0,0,,,0,0,,,0.0019930490985187134,complete_windows,0,000_00,414,"[410, 411, 412, 413, 414]",206,0.98681640625,2021,2048,0.035160881557703236,synthetic/pilot_v2_r1/train/000,00000,275130
1,"[0, 0, 0, 0, 0]",,"[0, 0, 0, 0, 0]",,0,0,0,103253,415,0,,0,0,0,,,0,0,,,0.0028974644996378404,complete_windows,0,000_00,415,"[411, 412, 413, 414, 415]",206,0.98193359375,2011,2048,0.014614754465391361,synthetic/pilot_v2_r1/train/000,00000,280902
1,"[0, 0, 0, 0, 0]",,"[0, 0, 0, 0, 0]",,0,0,0,103182,416,0,,0,0,0,,,0,0,,,0.003771408411997601,complete_windows,0,000_00,416,"[412, 413, 414, 415, 416]",206,0.99462890625,2037,2048,0.01674442993520062,synthetic/pilot_v2_r1/train/000,00000,286948
1,"[0, 0, 0, 0, 0]",,"[0, 0, 0, 0, 0]",,0,0,0,103175,417,0,,0,0,0,,,0,0,,,0.0039048465646758144,complete_windows,0,000_00,417,"[413, 414, 415, 416, 417]",206,0.998046875,2044,2048,0.019743715422046556,synthetic/pilot_v2_r1/train/000,00000,282410
1,"[0, 0, 0, 0, 0]",,"[0, 0, 0, 0, 0]",,0,0,0,103282,418,0,,0,0,0,,,0,0,,,0.0029162318418420588,complete_windows,0,000_00,418,"[414, 415, 416, 417, 418]",206,0.998046875,2044,2048,0.012016320233701546,synthetic/pilot_v2_r1/train/000,00000,250969
1,"[0, 0, 0, 0, 0]",,"[0, 0, 0, 0, 0]",,0,0,0,103341,419,0,,0,0,0,,,0,0,,,0.000904795740409607,complete_windows,0,000_00,419,"[415, 416, 417, 418, 419]",206,0.998046875,2044,2048,0.005568509490040279,synthetic/pilot_v2_r1/train/000,00000,218367
1,"[0, 0, 0, 0, 0]",,"[0, 0, 0, 0, 0]",,0,0,0,103384,420,0,,0,0,0,,,0,0,,,0.0005491874082099786,complete_windows,0,000_00,420,"[416, 417, 418, 419, 420]",206,0.9970703125,2042,2048,0.006420444862750342,synthetic/pilot_v2_r1/train/000,00000,212029
1,"[0, 0, 0, 0, 0]",,"[0, 0, 0, 0, 0]",,0,0,0,103443,421,0,,0,0,0,,,0,0,,,0.0008854654475042613,complete_windows,0,000_00,421,"[417, 418, 419, 420, 421]",206,0.99755859375,2043,2048,0.012825925408099596,synthetic/pilot_v2_r1/train/000,00000,213036
1,"[0, 0, 0, 0, 0]",,"[0, 0, 0, 0, 0]",,0,0,0,103368,422,0,,0,0,0,,,0,0,,,0.00039067888196422235,complete_windows,0,000_00,422,"[418, 419, 420, 421, 422]",206,0.998046875,2044,2048,0.004263785516722539,synthetic/pilot_v2_r1/train/000,00000,207298
1,"[0, 0, 0, 0, 0]",,"[0, 0, 0, 0, 0]",,0,0,0,103256,423,0,,0,0,0,,,0,0,,,0.00024633827276664073,complete_windows,0,000_00,423,"[419, 420, 421, 422, 423]",206,0.9990234375,2046,2048,0.005217550903415147,synthetic/pilot_v2_r1/train/000,00000,200745
1,"[0, 0, 0, 0, 0]",,"[0, 0, 0, 0, 0]",,0,0,0,103484,424,0,,0,0,0,,,0,0,,,0.0002471512288881446,complete_windows,0,000_00,424,"[420, 421, 422, 423, 424]",206,0.99853515625,2045,2048,0.0034367606884920326,synthetic/pilot_v2_r1/train/000,00000,198865
1,"[0, 0, 0, 0, 0]",,"[0, 0, 0, 0, 0]",,0,0,0,103301,425,0,,0,0,0,,,0,0,,,0.0005672818287545799,complete_windows,0,000_00,425,"[421, 422, 423, 424, 425]",206,0.9970703125,2042,2048,0.008876856592162103,synthetic/pilot_v2_r1/train/000,00000,202397
1,"[0, 0, 0, 0, 0]",,"[0, 0, 0, 0, 0]",,0,0,0,103252,426,0,,0,0,0,,,0,0,,,0.00036559693181648583,complete_windows,0,000_00,426,"[422, 423, 424, 425, 426]",206,0.9990234375,2046,2048,0.007035269282335573,synthetic/pilot_v2_r1/train/000,00000,204219
1,"[0, 0, 0, 0, 0]",,"[0, 0, 0, 0, 0]",,0,0,0,103295,427,0,,0,0,0,,,0,0,,,0.000762931243348802,complete_windows,0,000_00,427,"[423, 424, 425, 426, 427]",206,0.99951171875,2047,2048,0.006480630421352014,synthetic/pilot_v2_r1/train/000,00000,210212
1,"[0, 0, 0, 0, 0]",,"[0, 0, 0, 0, 0]",,0,0,0,103361,428,0,,0,0,0,,,0,0,,,0.0006263579885815543,complete_windows,0,000_00,428,"[424, 425, 426, 427, 428]",206,0.99951171875,2047,2048,0.005916897982252785,synthetic/pilot_v2_r1/train/000,00000,205234
1,"[0, 0, 0, 0, 0]",,"[0, 0, 0, 0, 0]",,0,0,0,103268,429,0,,0,0,0,,,0,0,,,0.0006324459043941941,complete_windows,0,000_00,429,"[425, 426, 427, 428, 429]",206,0.9990234375,2046,2048,0.00920589638269355,synthetic/pilot_v2_r1/train/000,00000,194214
1,"[0, 0, 0, 0, 0]",,"[0, 0, 0, 0, 0]",,0,0,0,103437,430,0,,0,0,0,,,0,0,,,0.00018570803751331933,complete_windows,0,000_00,430,"[426, 427, 428, 429, 430]",206,0.99853515625,2045,2048,0.005902840125876285,synthetic/pilot_v2_r1/train/000,00000,186871
1,"[0, 0, 0, 0, 0]",,"[0, 0, 0, 0, 0]",,0,0,0,103361,431,0,,0,0,0,,,0,0,,,0.00017072063421045284,complete_windows,0,000_00,431,"[427, 428, 429, 430, 431]",206,0.99853515625,2045,2048,0.004482352433300021,synthetic/pilot_v2_r1/train/000,00000,187860
1,"[0, 0, 0, 0, 0]",,"[0, 0, 0, 0, 0]",,0,0,0,103322,432,0,,0,0,0,,,0,0,,,0.0001950277665298198,complete_windows,0,000_00,432,"[428, 429, 430, 431, 432]",206,1.0,2048,2048,0.0042863760819092725,synthetic/pilot_v2_r1/train/000,00000,192400
1,"[0, 0, 0, 0, 0]",,"[0, 0, 0, 0, 0]",,0,0,0,103351,433,0,,0,0,0,,,0,0,,,0.000664608419071227,complete_windows,0,000_00,433,"[429, 430, 431, 432, 433]",206,0.9970703125,2042,2048,0.005342588805341148,synthetic/pilot_v2_r1/train/000,00000,202799
1,"[0, 0, 0, 0, 0]",,"[0, 0, 0, 0, 0]",,0,0,0,103367,434,0,,0,0,0,,,0,0,,,0.0006733981912165073,complete_windows,0,000_00,434,"[430, 431, 432, 433, 434]",206,0.99853515625,2045,2048,0.015416926580787397,synthetic/pilot_v2_r1/train/000,00000,214587
1,"[0, 0, 0, 0, 0]",,"[0, 0, 0, 0, 0]",,0,0,0,103204,435,0,,0,0,0,,,0,0,,,0.000885699089722379,complete_windows,0,000_00,435,"[431, 432, 433, 434, 435]",206,0.99560546875,2039,2048,0.01939620328444947,synthetic/pilot_v2_r1/train/000,00000,225084
1,"[0, 0, 0, 0, 0]",,"[0, 0, 0, 0, 0]",,0,0,0,103391,436,0,,0,0,0,,,0,0,,,0.0012400298444350363,complete_windows,0,000_00,436,"[432, 433, 434, 435, 436]",206,0.99609375,2040,2048,0.030689445810950833,synthetic/pilot_v2_r1/train/000,00000,237603
1,"[0, 0, 0, 0, 0]",,"[0, 0, 0, 0, 0]",,0,0,0,103439,437,0,,0,0,0,,,0,0,,,0.0012148132162911214,complete_windows,0,000_00,437,"[433, 434, 435, 436, 437]",206,0.9970703125,2042,2048,0.042562503946110775,synthetic/pilot_v2_r1/train/000,00000,244837
1,"[0, 0, 0, 0, 0]",,"[0, 0, 0, 0, 0]",,0,0,0,103440,438,0,,0,0,0,,,0,0,,,0.0016812464960763633,complete_windows,0,000_00,438,"[434, 435, 436, 437, 438]",206,0.99609375,2040,2048,0.04970735576958319,synthetic/pilot_v2_r1/train/000,00000,256104
1,"[0, 0, 0, 0, 0]",,"[0, 0, 0, 0, 0]",,0,0,0,103431,439,0,,0,0,0,,,0,0,,,0.0022241656986977743,complete_windows,0,000_00,439,"[435, 436, 437, 438, 439]",206,0.99462890625,2037,2048,0.06905041301874244,synthetic/pilot_v2_r1/train/000,00000,269755
1,"[0, 0, 0, 0, 0]",,"[0, 0, 0, 0, 0]",,0,0,0,103439,440,0,,0,0,0,,,0,0,,,0.003038687889789379,complete_windows,0,000_00,440,"[436, 437, 438, 439, 440]",206,0.9921875,2032,2048,0.09064968517557792,synthetic/pilot_v2_r1/train/000,00000,279900
1,"[0, 0, 0, 0, 0]",,"[0, 0, 0, 0, 0]",,0,0,0,103627,441,0,,0,0,0,,,0,0,,,0.0033658866901109864,complete_windows,0,000_00,441,"[437, 438, 439, 440, 441]",206,0.99755859375,2043,2048,0.10794510760081369,synthetic/pilot_v2_r1/train/000,00000,286822
1,"[0, 0, 0, 0, 0]",,"[0, 0, 0, 0, 0]",,0,0,0,103471,442,0,,0,0,0,,,0,0,,,0.003328294267364316,complete_windows,0,000_00,442,"[438, 439, 440, 441, 442]",206,0.9970703125,2042,2048,0.12498576825389081,synthetic/pilot_v2_r1/train/000,00000,293998
1,"[0, 0, 0, 0, 0]",,"[0, 0, 0, 0, 0]",,0,0,0,103718,443,0,,0,0,0,,,0,0,,,0.0024930703780523477,complete_windows,0,000_00,443,"[439, 440, 441, 442, 443]",206,0.9970703125,2042,2048,0.15034847223866057,synthetic/pilot_v2_r1/train/000,00000,297576
1,"[0, 0, 0, 0, 0]",,"[0, 0, 0, 0, 0]",,0,0,0,103877,444,0,,0,0,0,,,0,0,,,0.0016898683915838307,complete_windows,0,000_00,444,"[440, 441, 442, 443, 444]",206,0.99658203125,2041,2048,0.1673816374807703,synthetic/pilot_v2_r1/train/000,00000,297478
1,"[0, 0, 0, 0, 0]",,"[0, 0, 0, 0, 0]",,0,0,0,103907,445,0,,0,0,0,,,0,0,,,0.001401483341461356,complete_windows,0,000_00,445,"[441, 442, 443, 444, 445]",206,1.0,2048,2048,0.19852003962339915,synthetic/pilot_v2_r1/train/000,00000,302619
1,"[0, 0, 0, 0, 0]",,"[0, 0, 0, 0, 0]",,0,0,0,104043,446,0,,0,0,0,,,0,0,,,0.0014860919458639234,complete_windows,0,000_00,446,"[442, 443, 444, 445, 446]",206,0.99755859375,2043,2048,0.21712606908791965,synthetic/pilot_v2_r1/train/000,00000,307905
1,"[0, 0, 0, 0, 0]",,"[0, 0, 0, 0, 0]",,0,0,0,104144,447,0,,0,0,0,,,0,0,,,0.002889644915547066,complete_windows,0,000_00,447,"[443, 444, 445, 446, 447]",206,0.98974609375,2027,2048,0.23009684059157395,synthetic/pilot_v2_r1/train/000,00000,313048
1,"[0, 0, 0, 0, 0]",,"[0, 0, 0, 0, 0]",,0,0,0,104439,448,0,,0,0,0,,,0,0,,,0.003932411652664263,complete_windows,0,000_00,448,"[444, 445, 446, 447, 448]",206,0.99169921875,2031,2048,0.2497798923648445,synthetic/pilot_v2_r1/train/000,00000,321497
1,"[0, 0, 0, 0, 0]",,"[0, 0, 0, 0, 0]",,0,0,0,116583,4,0,,0,0,0,,,0,0,,,0.055882439691468624,complete_windows,0,001_00,4,"[0, 1, 2, 3, 4]",206,0.98388671875,2015,2048,0.9663458588461507,synthetic/pilot_v2_r1/train/001,00000,396511
1,"[0, 0, 0, 0, 0]",,"[0, 0, 0, 0, 0]",,0,0,0,116791,5,0,,0,0,0,,,0,0,,,0.05682964938812921,complete_windows,0,001_00,5,"[1, 2, 3, 4, 5]",206,0.98388671875,2015,2048,0.9417122095308389,synthetic/pilot_v2_r1/train/001,00000,381929
1,"[0, 0, 0, 0, 0]",,"[0, 0, 0, 0, 0]",,0,0,0,117126,6,0,,0,0,0,,,0,0,,,0.058040769637014995,complete_windows,0,001_00,6,"[2, 3, 4, 5, 6]",206,0.98974609375,2027,2048,0.965195888385032,synthetic/pilot_v2_r1/train/001,00000,378259
1,"[0, 0, 0, 0, 0]",,"[0, 0, 0, 0, 0]",,0,0,0,117297,7,0,,0,0,0,,,0,0,,,0.059780262270065714,complete_windows,0,001_00,7,"[3, 4, 5, 6, 7]",206,0.990234375,2028,2048,0.9858028429850648,synthetic/pilot_v2_r1/train/001,00000,375552
1,"[0, 0, 0, 0, 0]",,"[0, 0, 0, 0, 0]",,0,0,0,117491,8,0,,0,0,0,,,0,0,,,0.060236773270322036,complete_windows,0,001_00,8,"[4, 5, 6, 7, 8]",206,0.9912109375,2030,2048,1.005267696927662,synthetic/pilot_v2_r1/train/001,00000,374759
1,"[0, 0, 0, 0, 0]",,"[0, 0, 0, 0, 0]",,0,0,0,117664,9,0,,0,0,0,,,0,0,,,0.061005502645824036,complete_windows,0,001_00,9,"[5, 6, 7, 8, 9]",206,0.98974609375,2027,2048,1.0220813685554533,synthetic/pilot_v2_r1/train/001,00000,380214
1,"[0, 0, 0, 0, 0]",,"[0, 0, 0, 0, 0]",,0,0,0,117816,10,0,,0,0,0,,,0,0,,,0.06305325732861693,complete_windows,0,001_00,10,"[6, 7, 8, 9, 10]",206,0.98828125,2024,2048,1.0224720118001567,synthetic/pilot_v2_r1/train/001,00000,382086
1,"[0, 0, 0, 0, 0]",,"[0, 0, 0, 0, 0]",,0,0,0,117827,11,0,,0,0,0,,,0,0,,,0.06544281322397204,complete_windows,0,001_00,11,"[7, 8, 9, 10, 11]",206,0.98388671875,2015,2048,1.0198269749268534,synthetic/pilot_v2_r1/train/001,00000,384664
1,"[0, 0, 0, 0, 0]",,"[0, 0, 0, 0, 0]",,0,0,0,118124,12,0,,0,0,0,,,0,0,,,0.06496903360013287,complete_windows,0,001_00,12,"[8, 9, 10, 11, 12]",206,0.9873046875,2022,2048,1.0192244990949888,synthetic/pilot_v2_r1/train/001,00000,384934
1,"[0, 0, 0, 0, 0]",,"[0, 0, 0, 0, 0]",,0,0,0,118163,13,0,,0,0,0,,,0,0,,,0.06258064121138437,complete_windows,0,001_00,13,"[9, 10, 11, 12, 13]",206,0.98779296875,2023,2048,1.0290860495002332,synthetic/pilot_v2_r1/train/001,00000,386396
1,"[0, 0, 0, 0, 0]",,"[0, 0, 0, 0, 0]",,0,0,0,118194,14,0,,0,0,0,,,0,0,,,0.06061945466890311,complete_windows,0,001_00,14,"[10, 11, 12, 13, 14]",206,0.9892578125,2026,2048,1.0320936266278606,synthetic/pilot_v2_r1/train/001,00000,382202
1,"[0, 0, 0, 0, 0]",,"[0, 0, 0, 0, 0]",,0,0,0,118212,15,0,,0,0,0,,,0,0,,,0.0600284197313791,complete_windows,0,001_00,15,"[11, 12, 13, 14, 15]",206,0.9814453125,2010,2048,1.0402343316167795,synthetic/pilot_v2_r1/train/001,00000,379140
1,"[0, 0, 0, 0, 0]",,"[0, 0, 0, 0, 0]",,0,0,0,118350,16,0,,0,0,0,,,0,0,,,0.05988758371271035,complete_windows,0,001_00,16,"[12, 13, 14, 15, 16]",206,0.9873046875,2022,2048,1.0357255716496157,synthetic/pilot_v2_r1/train/001,00000,378383
1,"[0, 0, 0, 0, 0]",,"[0, 0, 0, 0, 0]",,0,0,0,118128,17,0,,0,0,0,,,0,0,,,0.05995642280798513,complete_windows,0,001_00,17,"[13, 14, 15, 16, 17]",206,0.99169921875,2031,2048,1.0234080660283624,synthetic/pilot_v2_r1/train/001,00000,377693
1,"[0, 0, 0, 0, 0]",,"[0, 0, 0, 0, 0]",,0,0,0,118359,18,0,,0,0,0,,,0,0,,,0.05981346634662151,complete_windows,0,001_00,18,"[14, 15, 16, 17, 18]",206,0.9833984375,2014,2048,1.0235789177754357,synthetic/pilot_v2_r1/train/001,00000,377379
1,"[0, 0, 0, 0, 0]",,"[0, 0, 0, 0, 0]",,0,0,0,118242,19,0,,0,0,0,,,0,0,,,0.05936968902529027,complete_windows,0,001_00,19,"[15, 16, 17, 18, 19]",206,0.986328125,2020,2048,1.0083338029933215,synthetic/pilot_v2_r1/train/001,00000,380159
1,"[0, 0, 0, 0, 0]",,"[0, 0, 0, 0, 0]",,0,0,0,118458,20,0,,0,0,0,,,0,0,,,0.06003183170788444,complete_windows,0,001_00,20,"[16, 17, 18, 19, 20]",206,0.98583984375,2019,2048,1.0162174134784325,synthetic/pilot_v2_r1/train/001,00000,376706
1,"[0, 0, 0, 0, 0]",,"[0, 0, 0, 0, 0]",,0,0,0,117987,21,0,,0,0,0,,,0,0,,,0.06096073644314156,complete_windows,0,001_00,21,"[17, 18, 19, 20, 21]",206,0.986328125,2020,2048,1.0212284272052636,synthetic/pilot_v2_r1/train/001,00000,375703
1,"[0, 0, 0, 0, 0]",,"[0, 0, 0, 0, 0]",,0,0,0,117656,22,0,,0,0,0,,,0,0,,,0.058726412148327654,complete_windows,0,001_00,22,"[18, 19, 20, 21, 22]",206,0.9873046875,2022,2048,1.0106595945963222,synthetic/pilot_v2_r1/train/001,00000,376537
1,"[0, 0, 0, 0, 0]",,"[0, 0, 0, 0, 0]",,0,0,0,117503,23,0,,0,0,0,,,0,0,,,0.05359509870926982,complete_windows,0,001_00,23,"[19, 20, 21, 22, 23]",206,0.9912109375,2030,2048,1.018705143216683,synthetic/pilot_v2_r1/train/001,00000,377261
1,"[0, 0, 0, 0, 0]",,"[0, 0, 0, 0, 0]",,0,0,0,117221,24,0,,0,0,0,,,0,0,,,0.04736271304000362,complete_windows,0,001_00,24,"[20, 21, 22, 23, 24]",206,0.9892578125,2026,2048,1.0049344826468638,synthetic/pilot_v2_r1/train/001,00000,376024
1,"[0, 0, 0, 0, 0]",,"[0, 0, 0, 0, 0]",,0,0,0,117140,25,0,,0,0,0,,,0,0,,,0.041010165925127864,complete_windows,0,001_00,25,"[21, 22, 23, 24, 25]",206,0.9853515625,2018,2048,0.9917765515177844,synthetic/pilot_v2_r1/train/001,00000,374152
1,"[0, 0, 0, 0, 0]",,"[0, 0, 0, 0, 0]",,0,0,0,116730,26,0,,0,0,0,,,0,0,,,0.034593800329550714,complete_windows,0,001_00,26,"[22, 23, 24, 25, 26]",206,0.98828125,2024,2048,0.994510330458186,synthetic/pilot_v2_r1/train/001,00000,371956
1,"[0, 0, 0, 0, 0]",,"[0, 0, 0, 0, 0]",,0,0,0,116378,27,0,,0,0,0,,,0,0,,,0.028437019363485506,complete_windows,0,001_00,27,"[23, 24, 25, 26, 27]",206,0.98583984375,2019,2048,0.9848248929076272,synthetic/pilot_v2_r1/train/001,00000,377768
1,"[0, 0, 0, 0, 0]",,"[0, 0, 0, 0, 0]",,0,0,0,115958,28,0,,0,0,0,,,0,0,,,0.022481225054801164,complete_windows,0,001_00,28,"[24, 25, 26, 27, 28]",206,0.99267578125,2033,2048,0.986623196857455,synthetic/pilot_v2_r1/train/001,00000,379397
1,"[0, 0, 0, 0, 0]",,"[0, 0, 0, 0, 0]",,0,0,0,115685,29,0,,0,0,0,,,0,0,,,0.015782182807704073,complete_windows,0,001_00,29,"[25, 26, 27, 28, 29]",206,0.9892578125,2026,2048,0.9807528341862736,synthetic/pilot_v2_r1/train/001,00000,379485
1,"[0, 0, 0, 0, 0]",,"[0, 0, 0, 0, 0]",,0,0,0,115336,30,0,,0,0,0,,,0,0,,,0.010502168677713457,complete_windows,0,001_00,30,"[26, 27, 28, 29, 30]",206,0.97607421875,1999,2048,0.9799825494032863,synthetic/pilot_v2_r1/train/001,00000,378743
1,"[0, 0, 0, 0, 0]",,"[0, 0, 0, 0, 0]",,0,0,0,114906,31,0,,0,0,0,,,0,0,,,0.007163441763445441,complete_windows,0,001_00,31,"[27, 28, 29, 30, 31]",206,0.99267578125,2033,2048,0.9841477320765353,synthetic/pilot_v2_r1/train/001,00000,374695
1,"[0, 0, 0, 0, 0]",,"[0, 0, 0, 0, 0]",,0,0,0,114476,32,0,,0,0,0,,,0,0,,,0.006006617286761176,complete_windows,0,001_00,32,"[28, 29, 30, 31, 32]",206,0.982421875,2012,2048,0.9748001265997533,synthetic/pilot_v2_r1/train/001,00000,374611
1,"[0, 0, 0, 0, 0]",,"[0, 0, 0, 0, 0]",,0,0,0,114016,33,0,,0,0,0,,,0,0,,,0.009763584372020259,complete_windows,0,001_00,33,"[29, 30, 31, 32, 33]",206,0.9892578125,2026,2048,0.978659030675048,synthetic/pilot_v2_r1/train/001,00000,376023
1,"[0, 0, 0, 0, 0]",,"[0, 0, 0, 0, 0]",,0,0,0,113447,34,0,,0,0,0,,,0,0,,,0.015579268260661566,complete_windows,0,001_00,34,"[30, 31, 32, 33, 34]",206,0.98291015625,2013,2048,0.9698947174665248,synthetic/pilot_v2_r1/train/001,00000,377372
1,"[0, 0, 0, 0, 0]",,"[0, 0, 0, 0, 0]",,0,0,0,112884,35,0,,0,0,0,,,0,0,,,0.023852822526508947,complete_windows,0,001_00,35,"[31, 32, 33, 34, 35]",206,0.984375,2016,2048,0.9595449170597289,synthetic/pilot_v2_r1/train/001,00000,377463
1,"[0, 0, 0, 0, 0]",,"[0, 0, 0, 0, 0]",,0,0,0,112429,36,0,,0,0,0,,,0,0,,,0.0328532824344293,complete_windows,0,001_00,36,"[32, 33, 34, 35, 36]",206,0.982421875,2012,2048,0.9493939798881558,synthetic/pilot_v2_r1/train/001,00000,376552
0,"[0, 0, 0, 0, 0]",0.0,"[0, 0, 0, 0, 2]",1.0,0,0,2,111905,37,0,0.0,0,0,0,0.0,1.0,0,2,0.0,0.0,0.04247667193918125,complete_windows,0,001_00,37,"[33, 34, 35, 36, 37]",206,0.98681640625,2021,2048,0.9197478685540015,synthetic/pilot_v2_r1/train/001,00001,374091
0,"[0, 0, 0, 0, 0]",,"[0, 0, 0, 2, 0]",,0,0,0,111463,38,2,1.0,0,0,1,,1.0,2,2,,,0.050166692315798705,complete_windows,0,001_00,38,"[34, 35, 36, 37, 38]",206,0.9853515625,2018,2048,0.8889324357225504,synthetic/pilot_v2_r1/train/001,00010,373723
0,"[0, 0, 0, 0, 0]",0.0,"[0, 0, 2, 0, 3]",1.0,0,0,3,111239,39,2,0.4,0,0,1,0.0,1.0,2,5,0.0,0.0,0.05603099778786172,complete_windows,0,001_00,39,"[35, 36, 37, 38, 39]",206,0.986328125,2020,2048,0.8459253177967186,synthetic/pilot_v2_r1/train/001,00101,370582
0,"[0, 0, 0, 0, 0]",,"[0, 2, 0, 3, 0]",,0,0,0,110775,40,5,1.0,0,0,2,,1.0,5,5,,,0.061098800648611305,complete_windows,0,001_00,40,"[36, 37, 38, 39, 40]",206,0.98193359375,2011,2048,0.8040898951551883,synthetic/pilot_v2_r1/train/001,01010,371971
0,"[0, 0, 0, 0, 0]",,"[2, 0, 3, 0, 0]",,0,0,0,110498,41,5,1.0,0,0,2,,1.0,5,5,,,0.06373473989761069,complete_windows,0,001_00,41,"[37, 38, 39, 40, 41]",206,0.9931640625,2034,2048,0.749703299373467,synthetic/pilot_v2_r1/train/001,10100,370860
0,"[0, 0, 0, 0, 0]",,"[0, 3, 0, 0, 0]",,0,0,0,110303,42,3,1.0,0,0,1,,1.0,3,3,,,0.06570316066478686,complete_windows,0,001_00,42,"[38, 39, 40, 41, 42]",206,0.9912109375,2030,2048,0.709301516418182,synthetic/pilot_v2_r1/train/001,01000,367580
0,"[0, 0, 0, 0, 0]",,"[3, 0, 0, 0, 0]",,0,0,0,110173,43,3,1.0,0,0,1,,1.0,3,3,,,0.0677637882007117,complete_windows,0,001_00,43,"[39, 40, 41, 42, 43]",206,0.98388671875,2015,2048,0.6770738939445964,synthetic/pilot_v2_r1/train/001,10000,363826
0,"[0, 0, 0, 0, 0]",0.0,"[0, 0, 0, 0, 3]",1.0,0,0,3,109728,44,0,0.0,0,0,0,0.0,1.0,0,3,0.0,0.0,0.07003283303114446,complete_windows,0,001_00,44,"[40, 41, 42, 43, 44]",206,0.97119140625,1989,2048,0.6364341610187706,synthetic/pilot_v2_r1/train/001,00001,362727
0,"[0, 0, 0, 0, 0]",0.0,"[0, 0, 0, 3, 2]",1.0,0,0,2,109645,45,3,0.6,0,0,1,0.0,1.0,3,5,0.0,0.0,0.0722440713428398,complete_windows,0,001_00,45,"[41, 42, 43, 44, 45]",206,0.98291015625,2013,2048,0.6094744252771903,synthetic/pilot_v2_r1/train/001,00011,364055
0,"[0, 0, 0, 0, 0]",0.0,"[0, 0, 3, 2, 1]",1.0,0,0,1,109362,46,5,0.8333333333333334,0,0,2,0.0,1.0,5,6,0.0,0.0,0.07214668610697461,complete_windows,0,001_00,46,"[42, 43, 44, 45, 46]",206,0.990234375,2028,2048,0.5738115087464141,synthetic/pilot_v2_r1/train/001,00111,363401
0,"[0, 0, 0, 0, 0]",,"[0, 3, 2, 1, 0]",,0,0,0,109488,47,6,1.0,0,0,3,,1.0,6,6,,,0.07178911596389481,complete_windows,0,001_00,47,"[43, 44, 45, 46, 47]",206,0.98828125,2024,2048,0.5207793969877293,synthetic/pilot_v2_r1/train/001,01110,363301
0,"[0, 0, 0, 0, 0]",0.0,"[3, 2, 1, 0, 2]",1.0,0,0,2,109084,48,6,0.75,0,0,3,0.0,1.0,6,8,0.0,0.0,0.07108989199842942,complete_windows,0,001_00,48,"[44, 45, 46, 47, 48]",206,0.9775390625,2002,2048,0.5037830773819856,synthetic/pilot_v2_r1/train/001,11101,362571
0,"[0, 0, 0, 0, 0]",0.0,"[2, 1, 0, 2, 2]",1.0,0,0,2,108949,49,5,0.7142857142857143,0,0,3,0.0,1.0,5,7,0.0,0.0,0.06829188547905071,complete_windows,0,001_00,49,"[45, 46, 47, 48, 49]",206,0.98974609375,2027,2048,0.49971748843274477,synthetic/pilot_v2_r1/train/001,11011,362778
0,"[0, 0, 0, 0, 0]",0.0,"[1, 0, 2, 2, 2]",1.0,0,0,2,108791,50,5,0.7142857142857143,0,0,3,0.0,1.0,5,7,0.0,0.0,0.06653028183613764,complete_windows,0,001_00,50,"[46, 47, 48, 49, 50]",206,0.9951171875,2038,2048,0.4716485279954426,synthetic/pilot_v2_r1/train/001,10111,365762
0,"[0, 0, 0, 0, 0]",0.0,"[0, 2, 2, 2, 1]",1.0,0,0,1,108401,51,6,0.8571428571428571,0,0,3,0.0,1.0,6,7,0.0,0.0,0.06355199060457005,complete_windows,0,001_00,51,"[47, 48, 49, 50, 51]",206,0.9892578125,2026,2048,0.4577508936392017,synthetic/pilot_v2_r1/train/001,01111,366833
0,"[0, 0, 0, 0, 0]",0.0,"[2, 2, 2, 1, 2]",1.0,0,0,2,108503,52,7,0.7777777777777778,0,0,4,0.0,1.0,7,9,0.0,0.0,0.05994903866867166,complete_windows,0,001_00,52,"[48, 49, 50, 51, 52]",206,0.9775390625,2002,2048,0.43941656706315485,synthetic/pilot_v2_r1/train/001,11111,365112
0,"[0, 0, 0, 0, 0]",0.0,"[2, 2, 1, 2, 2]",1.0,0,0,2,108124,53,7,0.7777777777777778,0,0,4,0.0,1.0,7,9,0.0,0.0,0.0571377359934457,complete_windows,0,001_00,53,"[49, 50, 51, 52, 53]",206,0.9853515625,2018,2048,0.39126477670904347,synthetic/pilot_v2_r1/train/001,11111,364262
0,"[0, 0, 0, 0, 0]",,"[2, 1, 2, 2, 0]",,0,0,0,108186,54,7,1.0,0,0,4,,1.0,7,7,,,0.05454873720674456,complete_windows,0,001_00,54,"[50, 51, 52, 53, 54]",206,0.98974609375,2027,2048,0.3763404730944595,synthetic/pilot_v2_r1/train/001,11110,364076
0,"[0, 0, 0, 0, 0]",0.0,"[1, 2, 2, 0, 2]",1.0,0,0,2,108172,55,5,0.7142857142857143,0,0,3,0.0,1.0,5,7,0.0,0.0,0.0507297226123068,complete_windows,0,001_00,55,"[51, 52, 53, 54, 55]",206,0.97900390625,2005,2048,0.35575102345730714,synthetic/pilot_v2_r1/train/001,11101,366319
0,"[0, 0, 0, 0, 0]",0.0,"[2, 2, 0, 2, 1]",1.0,0,0,1,108128,56,6,0.8571428571428571,0,0,3,0.0,1.0,6,7,0.0,0.0,0.04533183491352063,complete_windows,0,001_00,56,"[52, 53, 54, 55, 56]",206,0.98388671875,2015,2048,0.3043452386258871,synthetic/pilot_v2_r1/train/001,11011,365186
0,"[0, 0, 0, 0, 0]",0.0,"[2, 0, 2, 1, 2]",1.0,0,0,2,108223,57,5,0.7142857142857143,0,0,3,0.0,1.0,5,7,0.0,0.0,0.042699107170941816,complete_windows,0,001_00,57,"[53, 54, 55, 56, 57]",206,0.98486328125,2017,2048,0.28880565726535357,synthetic/pilot_v2_r1/train/001,10111,367224
0,"[0, 0, 0, 0, 0]",,"[0, 2, 1, 2, 0]",,0,0,0,107923,58,5,1.0,0,0,3,,1.0,5,5,,,0.04038448356040951,complete_windows,0,001_00,58,"[54, 55, 56, 57, 58]",206,0.9833984375,2014,2048,0.2582415678622798,synthetic/pilot_v2_r1/train/001,01110,364604
0,"[0, 0, 0, 0, 0]",,"[2, 1, 2, 0, 0]",,0,0,0,107821,59,5,1.0,0,0,3,,1.0,5,5,,,0.03750700176745277,complete_windows,0,001_00,59,"[55, 56, 57, 58, 59]",206,0.98779296875,2023,2048,0.24005138540979684,synthetic/pilot_v2_r1/train/001,11100,358756
0,"[0, 0, 0, 0, 0]",0.0,"[1, 2, 0, 0, 1]",1.0,0,0,1,107982,60,3,0.75,0,0,2,0.0,1.0,3,4,0.0,0.0,0.036917917169632414,complete_windows,0,001_00,60,"[56, 57, 58, 59, 60]",206,0.99365234375,2035,2048,0.23409313734821413,synthetic/pilot_v2_r1/train/001,11001,357717
0,"[0, 0, 0, 0, 0]",,"[2, 0, 0, 1, 0]",,0,0,0,107811,61,3,1.0,0,0,2,,1.0,3,3,,,0.035203620860936355,complete_windows,0,001_00,61,"[57, 58, 59, 60, 61]",206,0.99072265625,2029,2048,0.21871318802559003,synthetic/pilot_v2_r1/train/001,10010,356738
0,"[0, 0, 0, 0, 0]",,"[0, 0, 1, 0, 0]",,0,0,0,107939,62,1,1.0,0,0,1,,1.0,1,1,,,0.03541627835996596,complete_windows,0,001_00,62,"[58, 59, 60, 61, 62]",206,0.98095703125,2009,2048,0.22447292441458191,synthetic/pilot_v2_r1/train/001,00100,354481
0,"[0, 0, 0, 0, 0]",,"[0, 1, 0, 0, 0]",,0,0,0,108110,63,1,1.0,0,0,1,,1.0,1,1,,,0.03609679885023149,complete_windows,0,001_00,63,"[59, 60, 61, 62, 63]",206,0.9892578125,2026,2048,0.20952655988905666,synthetic/pilot_v2_r1/train/001,01000,356555
0,"[0, 0, 0, 0, 0]",,"[1, 0, 0, 0, 0]",,0,0,0,107543,64,1,1.0,0,0,1,,1.0,1,1,,,0.03666494842386361,complete_windows,0,001_00,64,"[60, 61, 62, 63, 64]",206,0.9912109375,2030,2048,0.21315127995256755,synthetic/pilot_v2_r1/train/001,10000,357897
1,"[0, 0, 0, 0, 0]",,"[0, 0, 0, 0, 0]",,0,0,0,107657,65,0,,0,0,0,,,0,0,,,0.03863199891921474,complete_windows,0,001_00,65,"[61, 62, 63, 64, 65]",206,0.9921875,2032,2048,0.22115012408793183,synthetic/pilot_v2_r1/train/001,00000,355972
1,"[0, 0, 0, 0, 0]",,"[0, 0, 0, 0, 0]",,0,0,0,107429,66,0,,0,0,0,,,0,0,,,0.04036150726996175,complete_windows,0,001_00,66,"[62, 63, 64, 65, 66]",206,0.97802734375,2003,2048,0.21411393441762516,synthetic/pilot_v2_r1/train/001,00000,356749
1,"[0, 0, 0, 0, 0]",,"[0, 0, 0, 0, 0]",,0,0,0,107566,67,0,,0,0,0,,,0,0,,,0.044227359307050275,complete_windows,0,001_00,67,"[63, 64, 65, 66, 67]",206,0.984375,2016,2048,0.23977784371759023,synthetic/pilot_v2_r1/train/001,00000,356985
1,"[0, 0, 0, 0, 0]",,"[0, 0, 0, 0, 0]",,0,0,0,107623,68,0,,0,0,0,,,0,0,,,0.05075911603741048,complete_windows,0,001_00,68,"[64, 65, 66, 67, 68]",206,0.98046875,2008,2048,0.2712162314260779,synthetic/pilot_v2_r1/train/001,00000,362491
1,"[0, 0, 0, 0, 0]",,"[0, 0, 0, 0, 0]",,0,0,0,107346,69,0,,0,0,0,,,0,0,,,0.057705852418416616,complete_windows,0,001_00,69,"[65, 66, 67, 68, 69]",206,0.98876953125,2025,2048,0.3139021911202409,synthetic/pilot_v2_r1/train/001,00000,365621
1,"[0, 0, 0, 0, 0]",,"[0, 0, 0, 0, 0]",,0,0,0,107187,70,0,,0,0,0,,,0,0,,,0.06511562702266172,complete_windows,0,001_00,70,"[66, 67, 68, 69, 70]",206,0.984375,2016,2048,0.37783684594707584,synthetic/pilot_v2_r1/train/001,00000,366188
1,"[0, 0, 0, 0, 0]",,"[0, 0, 0, 0, 0]",,0,0,0,107045,71,0,,0,0,0,,,0,0,,,0.07228388435558362,complete_windows,0,001_00,71,"[67, 68, 69, 70, 71]",206,0.97802734375,2003,2048,0.43903866317848755,synthetic/pilot_v2_r1/train/001,00000,367243
1,"[0, 0, 0, 0, 0]",,"[0, 0, 0, 0, 0]",,0,0,0,106704,72,0,,0,0,0,,,0,0,,,0.07978435035699898,complete_windows,0,001_00,72,"[68, 69, 70, 71, 72]",206,0.9814453125,2010,2048,0.48700735799259914,synthetic/pilot_v2_r1/train/001,00000,369331
1,"[0, 0, 0, 0, 0]",,"[0, 0, 0, 0, 0]",,0,0,0,106736,73,0,,0,0,0,,,0,0,,,0.08497569323456262,complete_windows,0,001_00,73,"[69, 70, 71, 72, 73]",206,0.986328125,2020,2048,0.5313787612894113,synthetic/pilot_v2_r1/train/001,00000,371342
1,"[0, 0, 0, 0, 0]",,"[0, 0, 0, 0, 0]",,0,0,0,106630,74,0,,0,0,0,,,0,0,,,0.08801789435651906,complete_windows,0,001_00,74,"[70, 71, 72, 73, 74]",206,0.98974609375,2027,2048,0.5713048105689699,synthetic/pilot_v2_r1/train/001,00000,368803
1,"[0, 0, 0, 0, 0]",,"[0, 0, 0, 0, 0]",,0,0,0,106649,75,0,,0,0,0,,,0,0,,,0.09070992895596772,complete_windows,0,001_00,75,"[71, 72, 73, 74, 75]",206,0.9931640625,2034,2048,0.5964958524119479,synthetic/pilot_v2_r1/train/001,00000,368670
1,"[0, 0, 0, 0, 0]",,"[0, 0, 0, 0, 0]",,0,0,0,106657,76,0,,0,0,0,,,0,0,,,0.09191369306026564,complete_windows,0,001_00,76,"[72, 73, 74, 75, 76]",206,0.9873046875,2022,2048,0.6162269133566959,synthetic/pilot_v2_r1/train/001,00000,366920
1,"[0, 0, 0, 0, 0]",,"[0, 0, 0, 0, 0]",,0,0,0,106399,77,0,,0,0,0,,,0,0,,,0.09373259503343309,complete_windows,0,001_00,77,"[73, 74, 75, 76, 77]",206,0.97021484375,1987,2048,0.6423462176800425,synthetic/pilot_v2_r1/train/001,00000,371092
1,"[0, 0, 0, 0, 0]",,"[0, 0, 0, 0, 0]",,0,0,0,106488,78,0,,0,0,0,,,0,0,,,0.09568140598291455,complete_windows,0,001_00,78,"[74, 75, 76, 77, 78]",206,0.98681640625,2021,2048,0.6354572875585477,synthetic/pilot_v2_r1/train/001,00000,373412
1,"[0, 0, 0, 0, 0]",,"[0, 0, 0, 0, 0]",,0,0,0,106181,79,0,,0,0,0,,,0,0,,,0.09803084654197582,complete_windows,0,001_00,79,"[75, 76, 77, 78, 79]",206,0.9853515625,2018,2048,0.6559113088956695,synthetic/pilot_v2_r1/train/001,00000,379256
1,"[0, 0, 0, 0, 0]",,"[0, 0, 0, 0, 0]",,0,0,0,105924,80,0,,0,0,0,,,0,0,,,0.09715200682854651,complete_windows,0,001_00,80,"[76, 77, 78, 79, 80]",206,0.98583984375,2019,2048,0.6885777827391343,synthetic/pilot_v2_r1/train/001,00000,377841
1,"[0, 0, 0, 0, 0]",,"[0, 0, 0, 0, 0]",,0,0,0,105576,81,0,,0,0,0,,,0,0,,,0.09458538002542806,complete_windows,0,001_00,81,"[77, 78, 79, 80, 81]",206,0.9833984375,2014,2048,0.7117286805584416,synthetic/pilot_v2_r1/train/001,00000,378766
1,"[0, 0, 0, 0, 0]",,"[0, 0, 0, 0, 0]",,0,0,0,105040,82,0,,0,0,0,,,0,0,,,0.09190869403000504,complete_windows,0,001_00,82,"[78, 79, 80, 81, 82]",206,0.9853515625,2018,2048,0.743615738011411,synthetic/pilot_v2_r1/train/001,00000,378605
1,"[0, 0, 0, 0, 0]",,"[0, 0, 0, 0, 0]",,0,0,0,104753,83,0,,0,0,0,,,0,0,,,0.09141191712091401,complete_windows,0,001_00,83,"[79, 80, 81, 82, 83]",206,0.98486328125,2017,2048,0.7724066713763033,synthetic/pilot_v2_r1/train/001,00000,377830
1,"[0, 0, 0, 0, 0]",,"[0, 0, 0, 0, 0]",,0,0,0,104209,84,0,,0,0,0,,,0,0,,,0.09189176364129398,complete_windows,0,001_00,84,"[80, 81, 82, 83, 84]",206,0.98388671875,2015,2048,0.7823093263736703,synthetic/pilot_v2_r1/train/001,00000,372205
1,"[0, 0, 0, 0, 0]",,"[0, 0, 0, 0, 0]",,0,0,0,103650,85,0,,0,0,0,,,0,0,,,0.09143193448828678,complete_windows,0,001_00,85,"[81, 82, 83, 84, 85]",206,0.982421875,2012,2048,0.8019862850472748,synthetic/pilot_v2_r1/train/001,00000,368508
1,"[0, 0, 0, 0, 0]",,"[0, 0, 0, 0, 0]",,0,0,0,102982,86,0,,0,0,0,,,0,0,,,0.09087839284642334,complete_windows,0,001_00,86,"[82, 83, 84, 85, 86]",206,0.984375,2016,2048,0.8299320121081653,synthetic/pilot_v2_r1/train/001,00000,376832
1,"[0, 0, 0, 0, 0]",,"[0, 0, 0, 0, 0]",,0,0,0,102053,87,0,,0,0,0,,,0,0,,,0.08965492704332052,complete_windows,0,001_00,87,"[83, 84, 85, 86, 87]",206,0.98095703125,2009,2048,0.8491778762921323,synthetic/pilot_v2_r1/train/001,00000,378450
1,"[0, 0, 0, 0, 0]",,"[0, 0, 0, 0, 0]",,0,0,0,101168,88,0,,0,0,0,,,0,0,,,0.09089300605332537,complete_windows,0,001_00,88,"[84, 85, 86, 87, 88]",206,0.98388671875,2015,2048,0.8852427781413098,synthetic/pilot_v2_r1/train/001,00000,377981
1,"[0, 0, 0, 0, 0]",,"[0, 0, 0, 0, 0]",,0,0,0,100326,89,0,,0,0,0,,,0,0,,,0.09092462606912396,complete_windows,0,001_00,89,"[85, 86, 87, 88, 89]",206,0.97998046875,2007,2048,0.8988968068329722,synthetic/pilot_v2_r1/train/001,00000,378387
1,"[0, 0, 0, 0, 0]",,"[0, 0, 0, 0, 0]",,0,0,0,99473,90,0,,0,0,0,,,0,0,,,0.08571251872927725,complete_windows,0,001_00,90,"[86, 87, 88, 89, 90]",206,0.98388671875,2015,2048,0.9182936970449606,synthetic/pilot_v2_r1/train/001,00000,379636
1,"[0, 0, 0, 0, 0]",,"[0, 0, 0, 0, 0]",,0,0,0,98614,91,0,,0,0,0,,,0,0,,,0.0782766312634532,complete_windows,0,001_00,91,"[87, 88, 89, 90, 91]",206,0.98388671875,2015,2048,0.9152152782143683,synthetic/pilot_v2_r1/train/001,00000,376497
1,"[0, 0, 0, 0, 0]",,"[0, 0, 0, 0, 0]",,0,0,0,97406,92,0,,0,0,0,,,0,0,,,0.07783397627937616,complete_windows,0,001_00,92,"[88, 89, 90, 91, 92]",206,0.9833984375,2014,2048,0.9076764315769502,synthetic/pilot_v2_r1/train/001,00000,368381
1,"[0, 0, 0, 0, 0]",,"[0, 0, 0, 0, 0]",,0,0,0,96404,93,0,,0,0,0,,,0,0,,,0.07871188399815467,complete_windows,0,001_00,93,"[89, 90, 91, 92, 93]",206,0.98291015625,2013,2048,0.9166182777275792,synthetic/pilot_v2_r1/train/001,00000,352937
1,"[0, 0, 0, 0, 0]",,"[0, 0, 0, 0, 0]",,0,0,0,95243,94,0,,0,0,0,,,0,0,,,0.0722224146525366,complete_windows,0,001_00,94,"[90, 91, 92, 93, 94]",206,0.98681640625,2021,2048,0.9173102889622164,synthetic/pilot_v2_r1/train/001,00000,353596
1,"[0, 0, 0, 0, 0]",,"[0, 0, 0, 0, 0]",,0,0,0,93789,95,0,,0,0,0,,,0,0,,,0.06834630421467641,complete_windows,0,001_00,95,"[91, 92, 93, 94, 95]",206,0.99072265625,2029,2048,0.9355958603826063,synthetic/pilot_v2_r1/train/001,00000,349831
1,"[0, 0, 0, 0, 0]",,"[0, 0, 0, 0, 0]",,0,0,0,92855,96,0,,0,0,0,,,0,0,,,0.06518493191320204,complete_windows,0,001_00,96,"[92, 93, 94, 95, 96]",206,0.9873046875,2022,2048,0.9737733922887181,synthetic/pilot_v2_r1/train/001,00000,345049
1,"[0, 0, 0, 0, 0]",,"[0, 0, 0, 0, 0]",,0,0,0,91874,97,0,,0,0,0,,,0,0,,,0.06236885853625648,complete_windows,0,001_00,97,"[93, 94, 95, 96, 97]",206,0.98583984375,2019,2048,0.9764653122075011,synthetic/pilot_v2_r1/train/001,00000,335639
1,"[0, 0, 0, 0, 0]",,"[0, 0, 0, 0, 0]",,0,0,0,91407,98,0,,0,0,0,,,0,0,,,0.062271644243920114,complete_windows,0,001_00,98,"[94, 95, 96, 97, 98]",206,0.978515625,2004,2048,0.9933156848455372,synthetic/pilot_v2_r1/train/001,00000,333752
1,"[0, 0, 0, 0, 0]",,"[0, 0, 0, 0, 0]",,0,0,0,90961,99,0,,0,0,0,,,0,0,,,0.06474180179887154,complete_windows,0,001_00,99,"[95, 96, 97, 98, 99]",206,0.98046875,2008,2048,1.0154284005010248,synthetic/pilot_v2_r1/train/001,00000,328851
1,"[0, 0, 0, 0, 0]",,"[0, 0, 0, 0, 0]",,0,0,0,90503,100,0,,0,0,0,,,0,0,,,0.06746625223730482,complete_windows,0,001_00,100,"[96, 97, 98, 99, 100]",206,0.97802734375,2003,2048,1.0265636125032958,synthetic/pilot_v2_r1/train/001,00000,328224
1,"[0, 0, 0, 0, 0]",,"[0, 0, 0, 0, 0]",,0,0,0,89860,101,0,,0,0,0,,,0,0,,,0.06514169024674434,complete_windows,0,001_00,101,"[97, 98, 99, 100, 101]",206,0.98974609375,2027,2048,1.073299088189264,synthetic/pilot_v2_r1/train/001,00000,327411
1,"[0, 0, 0, 0, 0]",,"[0, 0, 0, 0, 0]",,0,0,0,89401,102,0,,0,0,0,,,0,0,,,0.05660114382820696,complete_windows,0,001_00,102,"[98, 99, 100, 101, 102]",206,0.98193359375,2011,2048,1.1043443628980318,synthetic/pilot_v2_r1/train/001,00000,325145
1,"[0, 0, 0, 0, 0]",,"[0, 0, 0, 0, 0]",,0,0,0,89165,103,0,,0,0,0,,,0,0,,,0.049796131123151614,complete_windows,0,001_00,103,"[99, 100, 101, 102, 103]",206,0.98486328125,2017,2048,1.1292853533912295,synthetic/pilot_v2_r1/train/001,00000,319098
1,"[0, 0, 0, 0, 0]",,"[0, 0, 0, 0, 0]",,0,0,0,89150,104,0,,0,0,0,,,0,0,,,0.04809787928743685,complete_windows,0,001_00,104,"[100, 101, 102, 103, 104]",206,0.98828125,2024,2048,1.1601215124004183,synthetic/pilot_v2_r1/train/001,00000,312967
1,"[0, 0, 0, 0, 0]",,"[0, 0, 0, 0, 0]",,0,0,0,89403,105,0,,0,0,0,,,0,0,,,0.044215920693529455,complete_windows,0,001_00,105,"[101, 102, 103, 104, 105]",206,0.98583984375,2019,2048,1.1726062334214327,synthetic/pilot_v2_r1/train/001,00000,308888
1,"[0, 0, 0, 0, 0]",,"[0, 0, 0, 0, 0]",,0,0,0,89590,106,0,,0,0,0,,,0,0,,,0.03662125208415674,complete_windows,0,001_00,106,"[102, 103, 104, 105, 106]",206,0.98291015625,2013,2048,1.2022486533304395,synthetic/pilot_v2_r1/train/001,00000,308777
1,"[0, 0, 0, 0, 0]",,"[0, 0, 0, 0, 0]",,0,0,0,89789,107,0,,0,0,0,,,0,0,,,0.027999228457092448,complete_windows,0,001_00,107,"[103, 104, 105, 106, 107]",206,0.98388671875,2015,2048,1.2228712094131804,synthetic/pilot_v2_r1/train/001,00000,309811
1,"[0, 0, 0, 0, 0]",,"[0, 0, 0, 0, 0]",,0,0,0,90061,108,0,,0,0,0,,,0,0,,,0.020318181109520248,complete_windows,0,001_00,108,"[104, 105, 106, 107, 108]",206,0.98974609375,2027,2048,1.224394704382655,synthetic/pilot_v2_r1/train/001,00000,307874
1,"[0, 0, 0, 0, 0]",,"[0, 0, 0, 0, 0]",,0,0,0,90240,109,0,,0,0,0,,,0,0,,,0.01358346379786286,complete_windows,0,001_00,109,"[105, 106, 107, 108, 109]",206,0.99072265625,2029,2048,1.2448921147242307,synthetic/pilot_v2_r1/train/001,00000,305927
1,"[0, 0, 0, 0, 0]",,"[0, 0, 0, 0, 0]",,0,0,0,90669,110,0,,0,0,0,,,0,0,,,0.01096016328779033,complete_windows,0,001_00,110,"[106, 107, 108, 109, 110]",206,0.98974609375,2027,2048,1.2515084710820632,synthetic/pilot_v2_r1/train/001,00000,301692
1,"[0, 0, 0, 0, 0]",,"[0, 0, 0, 0, 0]",,0,0,0,90996,111,0,,0,0,0,,,0,0,,,0.010064155442262253,complete_windows,0,001_00,111,"[107, 108, 109, 110, 111]",206,0.9912109375,2030,2048,1.2557992694995612,synthetic/pilot_v2_r1/train/001,00000,297573
1,"[0, 0, 0, 0, 0]",,"[0, 0, 0, 0, 0]",,0,0,0,91290,112,0,,0,0,0,,,0,0,,,0.010991787374859053,complete_windows,0,001_00,112,"[108, 109, 110, 111, 112]",206,0.99365234375,2035,2048,1.2724023278292884,synthetic/pilot_v2_r1/train/001,00000,297039
1,"[0, 0, 0, 0, 0]",,"[0, 0, 0, 0, 0]",,0,0,0,91828,113,0,,0,0,0,,,0,0,,,0.010916733891739284,complete_windows,0,001_00,113,"[109, 110, 111, 112, 113]",206,0.990234375,2028,2048,1.285047816668655,synthetic/pilot_v2_r1/train/001,00000,296946
1,"[0, 0, 0, 0, 0]",,"[0, 0, 0, 0, 0]",,0,0,0,91845,114,0,,0,0,0,,,0,0,,,0.010015556956106831,complete_windows,0,001_00,114,"[110, 111, 112, 113, 114]",206,0.98828125,2024,2048,1.2913658505535588,synthetic/pilot_v2_r1/train/001,00000,298909
1,"[0, 0, 0, 0, 0]",,"[0, 0, 0, 0, 0]",,0,0,0,91967,115,0,,0,0,0,,,0,0,,,0.010823812437151295,complete_windows,0,001_00,115,"[111, 112, 113, 114, 115]",206,0.98828125,2024,2048,1.3068941187063783,synthetic/pilot_v2_r1/train/001,00000,299602
1,"[0, 0, 0, 0, 0]",,"[0, 0, 0, 0, 0]",,0,0,0,92244,116,0,,0,0,0,,,0,0,,,0.010311908750980047,complete_windows,0,001_00,116,"[112, 113, 114, 115, 116]",206,0.97900390625,2005,2048,1.329730247869663,synthetic/pilot_v2_r1/train/001,00000,300699
1,"[0, 0, 0, 0, 0]",,"[0, 0, 0, 0, 0]",,0,0,0,92314,117,0,,0,0,0,,,0,0,,,0.01108749151567726,complete_windows,0,001_00,117,"[113, 114, 115, 116, 117]",206,0.98583984375,2019,2048,1.3245304869853274,synthetic/pilot_v2_r1/train/001,00000,302321
1,"[0, 0, 0, 0, 0]",,"[0, 0, 0, 0, 0]",,0,0,0,92442,118,0,,0,0,0,,,0,0,,,0.013576063005416215,complete_windows,0,001_00,118,"[114, 115, 116, 117, 118]",206,0.986328125,2020,2048,1.3552199783637409,synthetic/pilot_v2_r1/train/001,00000,302388
1,"[0, 0, 0, 0, 0]",,"[0, 0, 0, 0, 0]",,0,0,0,92709,119,0,,0,0,0,,,0,0,,,0.01489208640722564,complete_windows,0,001_00,119,"[115, 116, 117, 118, 119]",206,0.98974609375,2027,2048,1.375815776465883,synthetic/pilot_v2_r1/train/001,00000,300060
1,"[0, 0, 0, 0, 0]",,"[0, 0, 0, 0, 0]",,0,0,0,92560,120,0,,0,0,0,,,0,0,,,0.01438049222328172,complete_windows,0,001_00,120,"[116, 117, 118, 119, 120]",206,0.98779296875,2023,2048,1.3905977565614833,synthetic/pilot_v2_r1/train/001,00000,304591
1,"[0, 0, 0, 0, 0]",,"[0, 0, 0, 0, 0]",,0,0,0,92487,121,0,,0,0,0,,,0,0,,,0.015970659052479234,complete_windows,0,001_00,121,"[117, 118, 119, 120, 121]",206,0.9853515625,2018,2048,1.4211098174116368,synthetic/pilot_v2_r1/train/001,00000,304148
1,"[0, 0, 0, 0, 0]",,"[0, 0, 0, 0, 0]",,0,0,0,92562,122,0,,0,0,0,,,0,0,,,0.01740149589863265,complete_windows,0,001_00,122,"[118, 119, 120, 121, 122]",206,0.98681640625,2021,2048,1.4298873047701564,synthetic/pilot_v2_r1/train/001,00000,304267
1,"[0, 0, 0, 0, 0]",,"[0, 0, 0, 0, 0]",,0,0,0,92475,123,0,,0,0,0,,,0,0,,,0.01844330496973126,complete_windows,0,001_00,123,"[119, 120, 121, 122, 123]",206,0.98681640625,2021,2048,1.4451678158883188,synthetic/pilot_v2_r1/train/001,00000,305538
1,"[0, 0, 0, 0, 0]",,"[0, 0, 0, 0, 0]",,0,0,0,92257,124,0,,0,0,0,,,0,0,,,0.01685129497236129,complete_windows,0,001_00,124,"[120, 121, 122, 123, 124]",206,0.98388671875,2015,2048,1.4407868195727687,synthetic/pilot_v2_r1/train/001,00000,306669
0,"[0, 0, 0, 0, 0]",0.0,"[0, 0, 0, 0, 1]",1.0,0,0,1,91876,125,0,0.0,0,0,0,0.0,1.0,0,1,0.0,0.0,0.01594834271609033,complete_windows,0,001_00,125,"[121, 122, 123, 124, 125]",206,0.98779296875,2023,2048,1.4662969723386545,synthetic/pilot_v2_r1/train/001,00001,305135
0,"[0, 0, 0, 0, 0]",,"[0, 0, 0, 1, 0]",,0,0,0,91509,126,1,1.0,0,0,1,,1.0,1,1,,,0.01593631131678483,complete_windows,0,001_00,126,"[122, 123, 124, 125, 126]",206,0.97998046875,2007,2048,1.4715918117450362,synthetic/pilot_v2_r1/train/001,00010,306553
0,"[0, 0, 0, 0, 0]",0.0011371404398232698,"[0, 0, 1, 0, 1]",1.0,0,0,1,91040,127,1,0.5,0,0,1,0.0,2.0,0,1,0.0,0.0,0.014599231153696915,complete_windows,0,001_00,127,"[123, 124, 125, 126, 127]",206,0.9775390625,2002,2048,1.4694025469474663,synthetic/pilot_v2_r1/train/001,00101,306475
0,"[0, 0, 0, 0, 0]",,"[0, 1, 0, 1, 0]",,0,0,0,90722,128,2,1.0,0,0,2,,1.0,2,2,,,0.013207518003018608,complete_windows,0,001_00,128,"[124, 125, 126, 127, 128]",206,0.98388671875,2015,2048,1.4825157881755666,synthetic/pilot_v2_r1/train/001,01010,304783
0,"[0, 0, 0, 0, 0]",,"[1, 0, 1, 0, 0]",,0,0,0,90866,129,2,1.0,0,0,2,,2.0,1,1,,,0.012117578436756723,complete_windows,0,001_00,129,"[125, 126, 127, 128, 129]",206,0.9873046875,2022,2048,1.4684432385412673,synthetic/pilot_v2_r1/train/001,10100,302341
0,"[0, 0, 0, 0, 0]",,"[0, 1, 0, 0, 0]",,0,0,0,91125,130,1,1.0,0,0,1,,1.0,1,1,,,0.011090757136313953,complete_windows,0,001_00,130,"[126, 127, 128, 129, 130]",206,0.986328125,2020,2048,1.4519207155996667,synthetic/pilot_v2_r1/train/001,01000,304652
0,"[0, 0, 0, 0, 0]",,"[1, 0, 0, 0, 0]",,0,0,0,91601,131,1,1.0,0,0,1,,1.0,1,1,,,0.009992462708087516,complete_windows,0,001_00,131,"[127, 128, 129, 130, 131]",206,0.9873046875,2022,2048,1.4517803566471494,synthetic/pilot_v2_r1/train/001,10000,304071
1,"[0, 0, 0, 0, 0]",,"[0, 0, 0, 0, 0]",,0,0,0,92223,132,0,,0,0,0,,,0,0,,,0.009204023611203599,complete_windows,0,001_00,132,"[128, 129, 130, 131, 132]",206,0.98681640625,2021,2048,1.43307551013025,synthetic/pilot_v2_r1/train/001,00000,305783
1,"[0, 0, 0, 0, 0]",,"[0, 0, 0, 0, 0]",,0,0,0,92761,133,0,,0,0,0,,,0,0,,,0.009524324006578056,complete_windows,0,001_00,133,"[129, 130, 131, 132, 133]",206,0.9833984375,2014,2048,1.4247533735694469,synthetic/pilot_v2_r1/train/001,00000,306870
1,"[0, 0, 0, 0, 0]",,"[0, 0, 0, 0, 0]",,0,0,0,93137,134,0,,0,0,0,,,0,0,,,0.009431099301316114,complete_windows,0,001_00,134,"[130, 131, 132, 133, 134]",206,0.98388671875,2015,2048,1.4367319191435604,synthetic/pilot_v2_r1/train/001,00000,305734
1,"[0, 0, 0, 0, 0]",,"[0, 0, 0, 0, 0]",,0,0,0,93630,135,0,,0,0,0,,,0,0,,,0.00966972361997325,complete_windows,0,001_00,135,"[131, 132, 133, 134, 135]",206,0.986328125,2020,2048,1.4330246568649414,synthetic/pilot_v2_r1/train/001,00000,308887
1,"[0, 0, 0, 0, 0]",,"[0, 0, 0, 0, 0]",,0,0,0,94036,136,0,,0,0,0,,,0,0,,,0.009429528730906332,complete_windows,0,001_00,136,"[132, 133, 134, 135, 136]",206,0.99072265625,2029,2048,1.4314337295221016,synthetic/pilot_v2_r1/train/001,00000,311557
1,"[0, 0, 0, 0, 0]",,"[0, 0, 0, 0, 0]",,0,0,0,94248,137,0,,0,0,0,,,0,0,,,0.009780692959624495,complete_windows,0,001_00,137,"[133, 134, 135, 136, 137]",206,0.99169921875,2031,2048,1.4325416479612463,synthetic/pilot_v2_r1/train/001,00000,312175
1,"[0, 0, 0, 0, 0]",,"[0, 0, 0, 0, 0]",,0,0,0,94769,138,0,,0,0,0,,,0,0,,,0.011030629569919528,complete_windows,0,001_00,138,"[134, 135, 136, 137, 138]",206,0.984375,2016,2048,1.4263812640506268,synthetic/pilot_v2_r1/train/001,00000,312498
0,"[0, 0, 0, 0, 0]",0.0,"[0, 0, 0, 0, 1]",1.0,0,0,1,95281,139,0,0.0,0,0,0,0.0,1.0,0,1,0.0,0.0,0.011883459127332326,complete_windows,0,001_00,139,"[135, 136, 137, 138, 139]",206,0.98193359375,2011,2048,1.3995039077764793,synthetic/pilot_v2_r1/train/001,00001,314298
0,"[0, 0, 0, 0, 0]",,"[0, 0, 0, 1, 0]",,0,0,0,95649,140,1,1.0,0,0,1,,1.0,1,1,,,0.013304210603469846,complete_windows,0,001_00,140,"[136, 137, 138, 139, 140]",206,0.98828125,2024,2048,1.4119928534232433,synthetic/pilot_v2_r1/train/001,00010,313599
0,"[0, 0, 0, 0, 0]",,"[0, 0, 1, 0, 0]",,0,0,0,95855,141,1,1.0,0,0,1,,1.0,1,1,,,0.016853518823179803,complete_windows,0,001_00,141,"[137, 138, 139, 140, 141]",206,0.9873046875,2022,2048,1.3961186514188033,synthetic/pilot_v2_r1/train/001,00100,314334
0,"[0, 0, 0, 0, 0]",,"[0, 1, 0, 0, 0]",,0,0,0,95786,142,1,1.0,0,0,1,,1.0,1,1,,,0.017632462870071437,complete_windows,0,001_00,142,"[138, 139, 140, 141, 142]",206,0.98876953125,2025,2048,1.3801084482090953,synthetic/pilot_v2_r1/train/001,01000,313685
0,"[0, 0, 0, 0, 0]",,"[1, 0, 0, 0, 0]",,0,0,0,95943,143,1,1.0,0,0,1,,1.0,1,1,,,0.017137237883572874,complete_windows,0,001_00,143,"[139, 140, 141, 142, 143]",206,0.986328125,2020,2048,1.3770780283222535,synthetic/pilot_v2_r1/train/001,10000,315196
1,"[0, 0, 0, 0, 0]",,"[0, 0, 0, 0, 0]",,0,0,0,96049,144,0,,0,0,0,,,0,0,,,0.010453613896442126,complete_windows,0,001_00,144,"[140, 141, 142, 143, 144]",206,0.98193359375,2011,2048,1.35874162657935,synthetic/pilot_v2_r1/train/001,00000,314249
0,"[0, 0, 0, 0, 0]",0.0,"[0, 0, 0, 0, 2]",1.0,0,0,2,95793,145,0,0.0,0,0,0,0.0,1.0,0,2,0.0,0.0,0.005202441828225512,complete_windows,0,001_00,145,"[141, 142, 143, 144, 145]",206,0.9873046875,2022,2048,1.3525349946923708,synthetic/pilot_v2_r1/train/001,00001,314333
0,"[0, 0, 0, 0, 0]",,"[0, 0, 0, 2, 0]",,0,0,0,95614,146,2,1.0,0,0,1,,1.0,2,2,,,0.005350486335695903,complete_windows,0,001_00,146,"[142, 143, 144, 145, 146]",206,0.98583984375,2019,2048,1.3488591376457981,synthetic/pilot_v2_r1/train/001,00010,311925
0,"[0, 0, 0, 0, 0]",,"[0, 0, 2, 0, 0]",,0,0,0,95307,147,2,1.0,0,0,1,,1.0,2,2,,,0.008755407283572434,complete_windows,0,001_00,147,"[143, 144, 145, 146, 147]",206,0.986328125,2020,2048,1.3556628514481717,synthetic/pilot_v2_r1/train/001,00100,314410
0,"[0, 0, 0, 0, 0]",,"[0, 2, 0, 0, 0]",,0,0,0,94779,148,2,1.0,0,0,1,,1.0,2,2,,,0.009862317499918921,complete_windows,0,001_00,148,"[144, 145, 146, 147, 148]",206,0.98388671875,2015,2048,1.3490294935303206,synthetic/pilot_v2_r1/train/001,01000,315828
0,"[0, 0, 0, 0, 0]",,"[2, 0, 0, 0, 0]",,0,0,0,94360,149,2,1.0,0,0,1,,1.0,2,2,,,0.010204760628247909,complete_windows,0,001_00,149,"[145, 146, 147, 148, 149]",206,0.98974609375,2027,2048,1.3378506260747922,synthetic/pilot_v2_r1/train/001,10000,313758
1,"[0, 0, 0, 0, 0]",,"[0, 0, 0, 0, 0]",,0,0,0,93984,150,0,,0,0,0,,,0,0,,,0.007624280538950229,complete_windows,0,001_00,150,"[146, 147, 148, 149, 150]",206,0.98681640625,2021,2048,1.325417456742087,synthetic/pilot_v2_r1/train/001,00000,312329
1,"[0, 0, 0, 0, 0]",,"[0, 0, 0, 0, 0]",,0,0,0,93425,151,0,,0,0,0,,,0,0,,,0.005590556986970922,complete_windows,0,001_00,151,"[147, 148, 149, 150, 151]",206,0.990234375,2028,2048,1.32293080606777,synthetic/pilot_v2_r1/train/001,00000,308750
0,"[0, 0, 0, 0, 0]",0.0,"[0, 0, 0, 0, 1]",1.0,0,0,1,92898,152,0,0.0,0,0,0,0.0,1.0,0,1,0.0,0.0,0.004648658039411499,complete_windows,0,001_00,152,"[148, 149, 150, 151, 152]",206,0.98486328125,2017,2048,1.3159304211464213,synthetic/pilot_v2_r1/train/001,00001,306950
0,"[0, 0, 0, 0, 0]",,"[0, 0, 0, 1, 0]",,0,0,0,92215,153,1,1.0,0,0,1,,1.0,1,1,,,0.0038741487251580686,complete_windows,0,001_00,153,"[149, 150, 151, 152, 153]",206,0.98876953125,2025,2048,1.3121586964760534,synthetic/pilot_v2_r1/train/001,00010,306952
0,"[0, 0, 0, 0, 0]",,"[0, 0, 1, 0, 0]",,0,0,0,91525,154,1,1.0,0,0,1,,1.0,1,1,,,0.004775997618685624,complete_windows,0,001_00,154,"[150, 151, 152, 153, 154]",206,0.98486328125,2017,2048,1.3088648003668333,synthetic/pilot_v2_r1/train/001,00100,309134
0,"[0, 0, 0, 0, 0]",,"[0, 1, 0, 0, 0]",,0,0,0,90862,155,1,1.0,0,0,1,,1.0,1,1,,,0.00978604704325257,complete_windows,0,001_00,155,"[151, 152, 153, 154, 155]",206,0.98974609375,2027,2048,1.3039324899361104,synthetic/pilot_v2_r1/train/001,01000,308844
0,"[0, 0, 0, 0, 0]",0.0,"[1, 0, 0, 0, 1]",1.0,0,0,1,90422,156,1,0.5,0,0,1,0.0,1.0,1,2,0.0,0.0,0.01309588390172509,complete_windows,0,001_00,156,"[152, 153, 154, 155, 156]",206,0.9921875,2032,2048,1.2936993889652215,synthetic/pilot_v2_r1/train/001,10001,309737
0,"[0, 0, 0, 0, 0]",0.0,"[0, 0, 0, 1, 1]",1.0,0,0,1,90313,157,1,0.5,0,0,1,0.0,1.0,1,2,0.0,0.0,0.015377873301447402,complete_windows,0,001_00,157,"[153, 154, 155, 156, 157]",206,0.98583984375,2019,2048,1.2947884188680876,synthetic/pilot_v2_r1/train/001,00011,310878
0,"[0, 0, 0, 0, 1]",0.0,"[0, 0, 1, 1, 1]",1.0,0,0,1,90150,158,2,0.6666666666666666,0,0,2,0.0,1.0,2,3,0.0,0.0,0.014128500632504884,complete_windows,0,001_00,158,"[154, 155, 156, 157, 158]",206,0.98681640625,2021,2048,1.2618115225458435,synthetic/pilot_v2_r1/train/001,00111,309852
0,"[0, 0, 0, 1, 0]",,"[0, 1, 1, 1, 0]",,0,0,0,90045,159,3,1.0,0,0,3,,1.0,3,3,,,0.013259428256303479,complete_windows,0,001_00,159,"[155, 156, 157, 158, 159]",206,0.9853515625,2018,2048,1.225224058730557,synthetic/pilot_v2_r1/train/001,01110,309733
0,"[0, 0, 1, 0, 1]",0.0,"[1, 1, 1, 0, 1]",1.0,0,0,1,90303,160,3,0.75,0,0,3,0.0,1.0,3,4,0.0,0.0,0.01588464123791401,complete_windows,0,001_00,160,"[156, 157, 158, 159, 160]",206,0.990234375,2028,2048,1.2087363059929803,synthetic/pilot_v2_r1/train/001,11101,308800
0,"[0, 1, 0, 1, 2]",0.0,"[1, 1, 0, 1, 2]",1.0,0,0,2,90280,161,3,0.6,0,0,3,0.0,1.0,3,5,0.0,0.0,0.019582475670346114,complete_windows,0,001_00,161,"[157, 158, 159, 160, 161]",206,0.98779296875,2023,2048,1.178802663648591,synthetic/pilot_v2_r1/train/001,11011,307803
0,"[1, 0, 1, 2, 3]",0.0,"[1, 0, 1, 2, 3]",1.0,0,0,3,90688,162,4,0.5714285714285714,0,0,3,0.0,1.0,4,7,0.0,0.0,0.02419454822851035,complete_windows,0,001_00,162,"[158, 159, 160, 161, 162]",206,0.9853515625,2018,2048,1.1652997138469754,synthetic/pilot_v2_r1/train/001,10111,309574
0,"[0, 1, 2, 3, 4]",0.0,"[0, 1, 2, 3, 4]",1.0,0,0,4,90954,163,6,0.6,0,0,3,0.0,1.0,6,10,0.0,0.0,0.028614441018653437,complete_windows,0,001_00,163,"[159, 160, 161, 162, 163]",206,0.9853515625,2018,2048,1.1417337304560762,synthetic/pilot_v2_r1/train/001,01111,311749
0,"[1, 2, 3, 4, 1]",0.0,"[1, 2, 3, 4, 1]",1.0,0,0,1,91443,164,10,0.9090909090909091,0,0,4,0.0,1.0,10,11,0.0,0.0,0.030188649735181424,complete_windows,0,001_00,164,"[160, 161, 162, 163, 164]",206,0.984375,2016,2048,1.0874976159646632,synthetic/pilot_v2_r1/train/001,11111,314441
0,"[2, 3, 4, 1, 7]",0.0,"[2, 3, 4, 1, 7]",1.0,0,0,7,91882,165,10,0.5882352941176471,0,0,4,0.0,1.0,10,17,0.0,0.0,0.032556963882993006,complete_windows,0,001_00,165,"[161, 162, 163, 164, 165]",206,0.9921875,2032,2048,1.0363338583661867,synthetic/pilot_v2_r1/train/001,11111,316565
0,"[3, 4, 1, 7, 8]",0.0,"[3, 4, 1, 7, 8]",1.0,0,0,8,92285,166,15,0.6521739130434783,0,0,4,0.0,1.0,15,23,0.0,0.0,0.03568469087290255,complete_windows,0,001_00,166,"[162, 163, 164, 165, 166]",206,0.984375,2016,2048,0.9870976838727311,synthetic/pilot_v2_r1/train/001,11111,316422
0,"[4, 1, 7, 8, 7]",0.0,"[4, 1, 7, 8, 7]",1.0,0,0,7,93135,167,20,0.7407407407407407,0,0,4,0.0,1.0,20,27,0.0,0.0,0.038846153171183034,complete_windows,0,001_00,167,"[163, 164, 165, 166, 167]",206,0.98486328125,2017,2048,0.9583542636280369,synthetic/pilot_v2_r1/train/001,11111,317250
0,"[1, 7, 8, 7, 9]",0.0,"[1, 7, 8, 7, 9]",1.0,0,0,9,93889,168,23,0.71875,0,0,4,0.0,1.0,23,32,0.0,0.0,0.03974139077686892,complete_windows,0,001_00,168,"[164, 165, 166, 167, 168]",206,0.98486328125,2017,2048,0.9477520131841011,synthetic/pilot_v2_r1/train/001,11111,317218
0,"[7, 8, 7, 9, 3]",0.0,"[7, 8, 7, 9, 3]",1.0,0,0,3,94888,169,31,0.9117647058823529,0,0,4,0.0,1.0,31,34,0.0,0.0,0.04131501794349031,complete_windows,0,001_00,169,"[165, 166, 167, 168, 169]",206,0.98583984375,2019,2048,0.9483073507481072,synthetic/pilot_v2_r1/train/001,11111,319358
0,"[8, 7, 9, 3, 3]",0.0,"[8, 7, 9, 3, 3]",1.0,0,0,3,95513,170,27,0.9,0,0,4,0.0,1.0344827586206897,26,29,0.0,0.0,0.04370686312680479,complete_windows,0,001_00,170,"[166, 167, 168, 169, 170]",206,0.982421875,2012,2048,0.9586241145079568,synthetic/pilot_v2_r1/train/001,11111,326009
0,"[7, 9, 3, 3, 8]",0.0,"[7, 9, 3, 3, 8]",1.0,0,0,8,96384,171,22,0.7333333333333333,0,0,4,0.0,1.1538461538461537,18,26,0.0,0.0,0.04599434255254901,complete_windows,0,001_00,171,"[167, 168, 169, 170, 171]",206,0.97998046875,2007,2048,0.9293350585561796,synthetic/pilot_v2_r1/train/001,11111,329999
0,"[9, 3, 3, 8, 5]",0.0,"[9, 3, 3, 8, 5]",1.0,0,0,5,97345,172,23,0.8214285714285714,0,0,4,0.0,1.1666666666666667,19,24,0.0,0.0,0.05137072224909054,complete_windows,0,001_00,172,"[168, 169, 170, 171, 172]",206,0.9814453125,2010,2048,0.9243276346427312,synthetic/pilot_v2_r1/train/001,11111,335227
0,"[3, 3, 8, 5, 4]",0.0,"[3, 3, 8, 5, 4]",1.0,0,0,4,98382,173,19,0.8260869565217391,0,0,4,0.0,1.2105263157894737,15,19,0.0,0.0,0.056744801095696566,complete_windows,0,001_00,173,"[169, 170, 171, 172, 173]",206,0.9775390625,2002,2048,0.8995100009918289,synthetic/pilot_v2_r1/train/001,11111,340933
0,"[3, 8, 5, 4, 9]",0.0,"[3, 8, 5, 4, 9]",1.0,0,0,9,99588,174,20,0.6896551724137931,0,0,4,0.0,1.1153846153846154,17,26,0.0,0.0,0.051687258180781064,complete_windows,0,001_00,174,"[170, 171, 172, 173, 174]",206,0.97265625,1992,2048,0.8710687437136708,synthetic/pilot_v2_r1/train/001,11111,342031
0,"[8, 5, 4, 9, 8]",0.0,"[8, 5, 4, 9, 8]",1.0,0,0,8,100777,175,26,0.7647058823529411,0,0,4,0.0,1.0303030303030303,25,33,0.0,0.0,0.04393610877502277,complete_windows,0,001_00,175,"[171, 172, 173, 174, 175]",206,0.9775390625,2002,2048,0.8812593393392998,synthetic/pilot_v2_r1/train/001,11111,349258
0,"[5, 4, 9, 8, 12]",0.0,"[5, 4, 9, 8, 12]",1.0,0,0,12,102287,176,26,0.6842105263157895,0,0,4,0.0,1.027027027027027,25,37,0.0,0.0,0.044353092900151936,complete_windows,0,001_00,176,"[172, 173, 174, 175, 176]",206,0.96875,1984,2048,0.8591691102047269,synthetic/pilot_v2_r1/train/001,11111,352388
0,"[4, 9, 8, 12, 8]",0.0,"[4, 9, 8, 12, 8]",1.0,0,0,8,103365,177,33,0.8048780487804879,0,0,4,0.0,1.0,33,41,0.0,0.0,0.04767132045346772,complete_windows,0,001_00,177,"[173, 174, 175, 176, 177]",206,0.9833984375,2014,2048,0.8614292916376449,synthetic/pilot_v2_r1/train/001,11111,360294
0,"[9, 8, 12, 8, 10]",0.0,"[9, 8, 12, 8, 10]",1.0,0,0,10,104255,178,37,0.7872340425531915,0,0,4,0.0,1.0444444444444445,35,45,0.0,0.0,0.04619761503651395,complete_windows,0,001_00,178,"[174, 175, 176, 177, 178]",206,0.9853515625,2018,2048,0.8396979793675845,synthetic/pilot_v2_r1/train/001,11111,365698
0,"[8, 12, 8, 10, 11]",0.0,"[8, 12, 8, 10, 11]",1.0,0,0,11,104751,179,38,0.7755102040816326,0,0,4,0.0,1.065217391304348,35,46,0.0,0.0,0.04061567506109909,complete_windows,0,001_00,179,"[175, 176, 177, 178, 179]",206,0.9833984375,2014,2048,0.8012862077701803,synthetic/pilot_v2_r1/train/001,11111,365958
0,"[12, 8, 10, 11, 8]",0.0,"[12, 8, 10, 11, 8]",1.0,0,0,8,105261,180,41,0.8367346938775511,0,0,4,0.0,1.0208333333333333,40,48,0.0,0.0,0.0341635801265787,complete_windows,0,001_00,180,"[176, 177, 178, 179, 180]",206,0.9833984375,2014,2048,0.7705600327795378,synthetic/pilot_v2_r1/train/001,11111,364773
0,"[8, 10, 11, 8, 9]",0.0,"[8, 10, 11, 8, 9]",1.0,0,0,9,105803,181,37,0.8043478260869565,0,0,4,0.0,1.0222222222222221,36,45,0.0,0.0,0.03279512639402517,complete_windows,0,001_00,181,"[177, 178, 179, 180, 181]",206,0.98828125,2024,2048,0.7192626275399896,synthetic/pilot_v2_r1/train/001,11111,359252
0,"[10, 11, 8, 9, 6]",0.0,"[10, 11, 8, 9, 6]",1.0,0,0,6,106228,182,38,0.8636363636363636,0,0,4,0.0,1.0232558139534884,37,43,0.0,0.0,0.03195911901227941,complete_windows,0,001_00,182,"[178, 179, 180, 181, 182]",206,0.9912109375,2030,2048,0.693793678760608,synthetic/pilot_v2_r1/train/001,11111,361445
0,"[11, 8, 9, 6, 7]",0.0,"[11, 8, 9, 6, 7]",1.0,0,0,7,106307,183,34,0.8292682926829268,0,0,4,0.0,1.0512820512820513,32,39,0.0,0.0,0.02885963393954036,complete_windows,0,001_00,183,"[179, 180, 181, 182, 183]",206,0.98974609375,2027,2048,0.6702216026756971,synthetic/pilot_v2_r1/train/001,11111,360136
0,"[8, 9, 6, 7, 7]",0.0,"[8, 9, 6, 7, 7]",1.0,0,0,7,106599,184,30,0.8108108108108109,0,0,4,0.0,1.0,30,37,0.0,0.0,0.02414174900236802,complete_windows,0,001_00,184,"[180, 181, 182, 183, 184]",206,0.990234375,2028,2048,0.6479473468222323,synthetic/pilot_v2_r1/train/001,11111,368204
0,"[9, 6, 7, 7, 8]",0.0,"[9, 6, 7, 7, 8]",1.0,0,0,8,106739,185,29,0.7837837837837838,0,0,4,0.0,1.0571428571428572,27,35,0.0,0.0,0.02467620180349152,complete_windows,0,001_00,185,"[181, 182, 183, 184, 185]",206,0.98388671875,2015,2048,0.633344932295068,synthetic/pilot_v2_r1/train/001,11111,369586
0,"[6, 7, 7, 8, 4]",0.0,"[6, 7, 7, 8, 4]",1.0,0,0,4,106956,186,28,0.875,0,0,4,0.0,1.032258064516129,27,31,0.0,0.0,0.026691267356262146,complete_windows,0,001_00,186,"[182, 183, 184, 185, 186]",206,0.99169921875,2031,2048,0.6230313405938724,synthetic/pilot_v2_r1/train/001,11111,371222
0,"[7, 7, 8, 4, 2]",0.0,"[7, 7, 8, 4, 2]",1.0,0,0,2,107355,187,26,0.9285714285714286,0,0,4,0.0,1.0,26,28,0.0,0.0,0.02241975845957299,complete_windows,0,001_00,187,"[183, 184, 185, 186, 187]",206,0.98681640625,2021,2048,0.6134739405336608,synthetic/pilot_v2_r1/train/001,11111,377647
0,"[7, 8, 4, 2, 2]",0.0,"[7, 8, 4, 2, 2]",1.0,0,0,2,107438,188,21,0.9130434782608695,0,0,4,0.0,1.0,21,23,0.0,0.0,0.014716149571766509,complete_windows,0,001_00,188,"[184, 185, 186, 187, 188]",206,0.98583984375,2019,2048,0.6128287183117197,synthetic/pilot_v2_r1/train/001,11111,378423
0,"[8, 4, 2, 2, 0]",,"[8, 4, 2, 2, 0]",,0,0,0,107516,189,16,1.0,0,0,4,,1.0666666666666667,15,15,,,0.015645170580364194,complete_windows,0,001_00,189,"[185, 186, 187, 188, 189]",206,0.990234375,2028,2048,0.6066582159611945,synthetic/pilot_v2_r1/train/001,11110,374636
0,"[4, 2, 2, 0, 0]",,"[4, 2, 2, 0, 0]",,0,0,0,107505,190,8,1.0,0,0,3,,1.0,8,8,,,0.013197036266360953,complete_windows,0,001_00,190,"[186, 187, 188, 189, 190]",206,0.99072265625,2029,2048,0.6097626630252511,synthetic/pilot_v2_r1/train/001,11100,376582
0,"[2, 2, 0, 0, 0]",,"[2, 2, 0, 0, 0]",,0,0,0,107364,191,4,1.0,0,0,2,,1.0,4,4,,,0.017829958837530867,complete_windows,0,001_00,191,"[187, 188, 189, 190, 191]",206,0.9892578125,2026,2048,0.610163519911745,synthetic/pilot_v2_r1/train/001,11000,378193
0,"[2, 0, 0, 0, 0]",,"[2, 0, 0, 0, 0]",,0,0,0,107318,192,2,1.0,0,0,1,,1.0,2,2,,,0.029338745403634917,complete_windows,0,001_00,192,"[188, 189, 190, 191, 192]",206,0.98291015625,2013,2048,0.6019471694562021,synthetic/pilot_v2_r1/train/001,10000,372602
1,"[0, 0, 0, 0, 0]",,"[0, 0, 0, 0, 0]",,0,0,0,107649,193,0,,0,0,0,,,0,0,,,0.026611384176049115,complete_windows,0,001_00,193,"[189, 190, 191, 192, 193]",206,0.99169921875,2031,2048,0.6021946352303983,synthetic/pilot_v2_r1/train/001,00000,374799
1,"[0, 0, 0, 0, 0]",,"[0, 0, 0, 0, 0]",,0,0,0,107459,194,0,,0,0,0,,,0,0,,,0.008772245937460097,complete_windows,0,001_00,194,"[190, 191, 192, 193, 194]",206,0.98583984375,2019,2048,0.5954002221720693,synthetic/pilot_v2_r1/train/001,00000,379209
1,"[0, 0, 0, 0, 0]",,"[0, 0, 0, 0, 0]",,0,0,0,107244,195,0,,0,0,0,,,0,0,,,0.018572293578044765,complete_windows,0,001_00,195,"[191, 192, 193, 194, 195]",206,0.9853515625,2018,2048,0.580847177309576,synthetic/pilot_v2_r1/train/001,00000,374523
1,"[0, 0, 0, 0, 0]",,"[0, 0, 0, 0, 0]",,0,0,0,106959,196,0,,0,0,0,,,0,0,,,0.025675430567276638,complete_windows,0,001_00,196,"[192, 193, 194, 195, 196]",206,0.98779296875,2023,2048,0.5720416492078985,synthetic/pilot_v2_r1/train/001,00000,366944
1,"[0, 0, 0, 0, 0]",,"[0, 0, 0, 0, 0]",,0,0,0,107020,197,0,,0,0,0,,,0,0,,,0.0166080008834546,complete_windows,0,001_00,197,"[193, 194, 195, 196, 197]",206,0.98974609375,2027,2048,0.5638414479997312,synthetic/pilot_v2_r1/train/001,00000,370055
1,"[0, 0, 0, 0, 0]",,"[0, 0, 0, 0, 0]",,0,0,0,107149,198,0,,0,0,0,,,0,0,,,0.005621395977564787,complete_windows,0,001_00,198,"[194, 195, 196, 197, 198]",206,0.990234375,2028,2048,0.5725427366684774,synthetic/pilot_v2_r1/train/001,00000,366119
1,"[0, 0, 0, 0, 0]",,"[0, 0, 0, 0, 0]",,0,0,0,107084,199,0,,0,0,0,,,0,0,,,0.01533624339116506,complete_windows,0,001_00,199,"[195, 196, 197, 198, 199]",206,0.99072265625,2029,2048,0.585347721063509,synthetic/pilot_v2_r1/train/001,00000,359021
1,"[0, 0, 0, 0, 0]",,"[0, 0, 0, 0, 0]",,0,0,0,106947,200,0,,0,0,0,,,0,0,,,0.015162480965745396,complete_windows,0,001_00,200,"[196, 197, 198, 199, 200]",206,0.990234375,2028,2048,0.5836041005533739,synthetic/pilot_v2_r1/train/001,00000,355375
1,"[0, 0, 0, 0, 0]",,"[0, 0, 0, 0, 0]",,0,0,0,106683,201,0,,0,0,0,,,0,0,,,0.009516364513854538,complete_windows,0,001_00,201,"[197, 198, 199, 200, 201]",206,0.98876953125,2025,2048,0.601905147699086,synthetic/pilot_v2_r1/train/001,00000,356999
1,"[0, 0, 0, 0, 0]",,"[0, 0, 0, 0, 0]",,0,0,0,106292,202,0,,0,0,0,,,0,0,,,0.012779698716970945,complete_windows,0,001_00,202,"[198, 199, 200, 201, 202]",206,0.9892578125,2026,2048,0.5955420339586456,synthetic/pilot_v2_r1/train/001,00000,351877
1,"[0, 0, 0, 0, 0]",,"[0, 0, 0, 0, 0]",,0,0,0,105995,203,0,,0,0,0,,,0,0,,,0.014689789411983414,complete_windows,0,001_00,203,"[199, 200, 201, 202, 203]",206,0.9873046875,2022,2048,0.5971349964881765,synthetic/pilot_v2_r1/train/001,00000,353671
1,"[0, 0, 0, 0, 0]",,"[0, 0, 0, 0, 0]",,0,0,0,106003,204,0,,0,0,0,,,0,0,,,0.01603111858470819,complete_windows,0,001_00,204,"[200, 201, 202, 203, 204]",206,0.984375,2016,2048,0.6148883229855112,synthetic/pilot_v2_r1/train/001,00000,355077
1,"[0, 0, 0, 0, 0]",,"[0, 0, 0, 0, 0]",,0,0,0,105602,205,0,,0,0,0,,,0,0,,,0.021064922311676067,complete_windows,0,001_00,205,"[201, 202, 203, 204, 205]",206,0.98681640625,2021,2048,0.6281087370443754,synthetic/pilot_v2_r1/train/001,00000,351898
1,"[0, 0, 0, 0, 0]",,"[0, 0, 0, 0, 0]",,0,0,0,105636,206,0,,0,0,0,,,0,0,,,0.022483395893225955,complete_windows,0,001_00,206,"[202, 203, 204, 205, 206]",206,0.98974609375,2027,2048,0.6567695813176747,synthetic/pilot_v2_r1/train/001,00000,351157
1,"[0, 0, 0, 0, 0]",,"[0, 0, 0, 0, 0]",,0,0,0,105151,207,0,,0,0,0,,,0,0,,,0.023950665662802875,complete_windows,0,001_00,207,"[203, 204, 205, 206, 207]",206,0.99072265625,2029,2048,0.6769944356345333,synthetic/pilot_v2_r1/train/001,00000,347258
1,"[0, 0, 0, 0, 0]",,"[0, 0, 0, 0, 0]",,0,0,0,104634,208,0,,0,0,0,,,0,0,,,0.029153105995706616,complete_windows,0,001_00,208,"[204, 205, 206, 207, 208]",206,0.986328125,2020,2048,0.7089539319018389,synthetic/pilot_v2_r1/train/001,00000,343402
1,"[0, 0, 0, 0, 0]",,"[0, 0, 0, 0, 0]",,0,0,0,104256,209,0,,0,0,0,,,0,0,,,0.033773747166794515,complete_windows,0,001_00,209,"[205, 206, 207, 208, 209]",206,0.984375,2016,2048,0.7309678067900954,synthetic/pilot_v2_r1/train/001,00000,339499
1,"[0, 0, 0, 0, 0]",,"[0, 0, 0, 0, 0]",,0,0,0,104128,210,0,,0,0,0,,,0,0,,,0.03423503385501134,complete_windows,0,001_00,210,"[206, 207, 208, 209, 210]",206,0.9921875,2032,2048,0.7414598891834032,synthetic/pilot_v2_r1/train/001,00000,337781
1,"[0, 0, 0, 0, 0]",,"[0, 0, 0, 0, 0]",,0,0,0,103715,211,0,,0,0,0,,,0,0,,,0.03222473618254729,complete_windows,0,001_00,211,"[207, 208, 209, 210, 211]",206,0.9921875,2032,2048,0.7601726799827874,synthetic/pilot_v2_r1/train/001,00000,343325
1,"[0, 0, 0, 0, 0]",,"[0, 0, 0, 0, 0]",,0,0,0,103323,212,0,,0,0,0,,,0,0,,,0.030740286992438547,complete_windows,0,001_00,212,"[208, 209, 210, 211, 212]",206,0.994140625,2036,2048,0.797918506475757,synthetic/pilot_v2_r1/train/001,00000,341391
1,"[0, 0, 0, 0, 0]",,"[0, 0, 0, 0, 0]",,0,0,0,102602,213,0,,0,0,0,,,0,0,,,0.03238683620816942,complete_windows,0,001_00,213,"[209, 210, 211, 212, 213]",206,0.990234375,2028,2048,0.8272746988469634,synthetic/pilot_v2_r1/train/001,00000,333285
1,"[0, 0, 0, 0, 0]",,"[0, 0, 0, 0, 0]",,0,0,0,102233,214,0,,0,0,0,,,0,0,,,0.03296461841836975,complete_windows,0,001_00,214,"[210, 211, 212, 213, 214]",206,0.9892578125,2026,2048,0.8527311469250569,synthetic/pilot_v2_r1/train/001,00000,326090
1,"[0, 0, 0, 0, 0]",,"[0, 0, 0, 0, 0]",,0,0,0,101456,215,0,,0,0,0,,,0,0,,,0.032009610178446,complete_windows,0,001_00,215,"[211, 212, 213, 214, 215]",206,0.9873046875,2022,2048,0.8874944739282555,synthetic/pilot_v2_r1/train/001,00000,321443
0,"[0, 0, 0, 0, 2]",0.0,"[0, 0, 0, 0, 2]",1.0,0,0,2,100537,216,0,0.0,0,0,0,0.0,1.0,0,2,0.0,0.0,0.032374483598082496,complete_windows,0,001_00,216,"[212, 213, 214, 215, 216]",206,0.990234375,2028,2048,0.8957130206084559,synthetic/pilot_v2_r1/train/001,00001,318591
0,"[0, 0, 0, 2, 3]",0.0,"[0, 0, 0, 2, 3]",1.0,0,0,3,99419,217,2,0.4,0,0,1,0.0,1.0,2,5,0.0,0.0,0.03164409812188922,complete_windows,0,001_00,217,"[213, 214, 215, 216, 217]",206,0.98486328125,2017,2048,0.9190842825324014,synthetic/pilot_v2_r1/train/001,00011,321996
0,"[0, 0, 2, 3, 3]",0.0,"[0, 0, 2, 3, 3]",1.0,0,0,3,98152,218,5,0.625,0,0,2,0.0,1.0,5,8,0.0,0.0,0.03194822255156579,complete_windows,0,001_00,218,"[214, 215, 216, 217, 218]",206,0.98779296875,2023,2048,0.9337030429833832,synthetic/pilot_v2_r1/train/001,00111,324108
0,"[0, 2, 3, 3, 6]",0.0,"[0, 2, 3, 3, 6]",1.0,0,0,6,96855,219,8,0.5714285714285714,0,0,3,0.0,1.0769230769230769,7,13,0.0,0.0,0.03278888211974575,complete_windows,0,001_00,219,"[215, 216, 217, 218, 219]",206,0.99365234375,2035,2048,0.9712269454114666,synthetic/pilot_v2_r1/train/001,01111,320794
0,"[2, 3, 3, 6, 8]",0.0,"[2, 3, 3, 6, 8]",1.0,0,0,8,95604,220,14,0.6363636363636364,0,0,4,0.0,1.0476190476190477,13,21,0.0,0.0,0.03336899025810447,complete_windows,0,001_00,220,"[216, 217, 218, 219, 220]",206,0.9931640625,2034,2048,0.9972853531691303,synthetic/pilot_v2_r1/train/001,11111,314787
0,"[3, 3, 6, 8, 7]",0.0,"[3, 3, 6, 8, 7]",1.0,0,0,7,94263,221,20,0.7407407407407407,0,0,4,0.0,1.125,17,24,0.0,0.0,0.03189998018966394,complete_windows,0,001_00,221,"[217, 218, 219, 220, 221]",206,0.994140625,2036,2048,1.0277707398295697,synthetic/pilot_v2_r1/train/001,11111,302267
0,"[3, 6, 8, 7, 6]",0.0,"[3, 6, 8, 7, 6]",1.0,0,0,6,92258,222,24,0.8,0,0,4,0.0,1.0,24,30,0.0,0.0,0.028432596140170734,complete_windows,0,001_00,222,"[218, 219, 220, 221, 222]",206,0.99560546875,2039,2048,1.0569604011360527,synthetic/pilot_v2_r1/train/001,11111,298245
0,"[6, 8, 7, 6, 7]",0.0046424055472016335,"[6, 8, 7, 6, 7]",1.0,0,0,7,90356,223,27,0.7941176470588235,0,0,4,0.0,1.2142857142857142,21,28,0.0,0.0,0.02872195249819482,complete_windows,0,001_00,223,"[219, 220, 221, 222, 223]",206,0.98681640625,2021,2048,1.0876163127896747,synthetic/pilot_v2_r1/train/001,11111,291279
0,"[8, 7, 6, 7, 7]",0.0,"[8, 7, 6, 7, 7]",1.0,0,0,7,87949,224,28,0.8,0,0,4,0.0,1.1290322580645162,24,31,0.0,0.0,0.02958333197584879,complete_windows,0,001_00,224,"[220, 221, 222, 223, 224]",206,0.98779296875,2023,2048,1.1184614730928182,synthetic/pilot_v2_r1/train/001,11111,281529
0,"[7, 6, 7, 7, 6]",0.0,"[7, 6, 7, 7, 6]",1.0,0,0,6,85149,225,27,0.8181818181818182,0,0,4,0.0,1.1785714285714286,22,28,0.0,0.0,0.029144908337712792,complete_windows,0,001_00,225,"[221, 222, 223, 224, 225]",206,0.9921875,2032,2048,1.1362439840890755,synthetic/pilot_v2_r1/train/001,11111,276216
0,"[6, 7, 7, 6, 6]",0.0,"[6, 7, 7, 6, 6]",1.0,0,0,6,82765,226,26,0.8125,0,0,4,0.0,1.2307692307692308,20,26,0.0,0.0,0.028279204541867487,complete_windows,0,001_00,226,"[222, 223, 224, 225, 226]",206,0.98828125,2024,2048,1.1941795403093782,synthetic/pilot_v2_r1/train/001,11111,264339
0,"[7, 7, 6, 6, 6]",0.0,"[7, 7, 6, 6, 6]",1.0,0,0,6,80426,227,26,0.8125,0,0,4,0.0,1.032258064516129,25,31,0.0,0.0,0.0279233874817287,complete_windows,0,001_00,227,"[223, 224, 225, 226, 227]",206,0.99072265625,2029,2048,1.1790023858040255,synthetic/pilot_v2_r1/train/001,11111,263514
0,"[7, 6, 6, 6, 8]",0.0,"[7, 6, 6, 6, 8]",1.0,0,0,8,78341,228,25,0.7575757575757576,0,0,4,0.0,1.03125,24,32,0.0,0.0,0.03036200517270331,complete_windows,0,001_00,228,"[224, 225, 226, 227, 228]",206,0.98974609375,2027,2048,1.2058180424836458,synthetic/pilot_v2_r1/train/001,11111,259316
0,"[6, 6, 6, 8, 8]",0.0,"[6, 6, 6, 8, 8]",1.0,0,0,8,76882,229,26,0.7647058823529411,0,0,4,0.0,1.0,26,34,0.0,0.0,0.031214493774896206,complete_windows,0,001_00,229,"[225, 226, 227, 228, 229]",206,0.98486328125,2017,2048,1.2416134735190951,synthetic/pilot_v2_r1/train/001,11111,246590
0,"[6, 6, 8, 8, 9]",0.0,"[6, 6, 8, 8, 9]",1.0,0,0,9,75714,230,28,0.7567567567567568,0,0,4,0.0,1.0,28,37,0.0,0.0,0.029582467081663382,complete_windows,0,001_00,230,"[226, 227, 228, 229, 230]",206,0.984375,2016,2048,1.239079011216906,synthetic/pilot_v2_r1/train/001,11111,246876
0,"[6, 8, 8, 9, 8]",0.0,"[6, 8, 8, 9, 8]",1.0,0,0,8,74839,231,31,0.7948717948717948,0,0,4,0.0,1.0,31,39,0.0,0.0,0.028097792005237023,complete_windows,0,001_00,231,"[227, 228, 229, 230, 231]",206,0.9814453125,2010,2048,1.2907929615341651,synthetic/pilot_v2_r1/train/001,11111,236144
0,"[8, 8, 9, 8, 7]",0.0,"[8, 8, 9, 8, 7]",1.0,0,0,7,74517,232,33,0.825,0,0,4,0.0,1.0,33,40,0.0,0.0,0.027294873333721936,complete_windows,0,001_00,232,"[228, 229, 230, 231, 232]",206,0.9794921875,2006,2048,1.3104109985028336,synthetic/pilot_v2_r1/train/001,11111,231521
0,"[8, 9, 8, 7, 10]",0.0,"[8, 9, 8, 7, 10]",1.0,0,0,10,74564,233,32,0.7619047619047619,0,0,4,0.0,1.0,32,42,0.0,0.0,0.02615807991314817,complete_windows,0,001_00,233,"[229, 230, 231, 232, 233]",206,0.982421875,2012,2048,1.322782059701654,synthetic/pilot_v2_r1/train/001,11111,225867
0,"[9, 8, 7, 10, 8]",0.005999248940497637,"[9, 8, 7, 10, 8]",1.0,0,0,8,74617,234,34,0.8095238095238095,0,0,4,0.0,1.135135135135135,29,37,0.0,0.0,0.023422025751969056,complete_windows,0,001_00,234,"[230, 231, 232, 233, 234]",206,0.97900390625,2005,2048,1.3324372254598655,synthetic/pilot_v2_r1/train/001,11111,223301
0,"[8, 7, 10, 8, 11]",0.0,"[8, 7, 10, 8, 11]",1.0,0,0,11,75085,235,33,0.75,0,0,4,0.0,1.0476190476190477,31,42,0.0,0.0,0.024718892499396024,complete_windows,0,001_00,235,"[231, 232, 233, 234, 235]",206,0.97119140625,1989,2048,1.3383262790864388,synthetic/pilot_v2_r1/train/001,11111,221282
0,"[7, 10, 8, 11, 9]",0.0,"[7, 10, 8, 11, 9]",1.0,0,0,9,75812,236,36,0.8,0,0,4,0.0,1.0,36,45,0.0,0.0,0.025361192733457938,complete_windows,0,001_00,236,"[232, 233, 234, 235, 236]",206,0.984375,2016,2048,1.3299414908374343,synthetic/pilot_v2_r1/train/001,11111,223218
0,"[10, 8, 11, 9, 10]",0.0,"[10, 8, 11, 9, 10]",1.0,0,0,10,76218,237,38,0.7916666666666666,0,0,4,0.0,1.0,38,48,0.0,0.0,0.02033683204428852,complete_windows,0,001_00,237,"[233, 234, 235, 236, 237]",206,0.97900390625,2005,2048,1.349672262216748,synthetic/pilot_v2_r1/train/001,11111,225164
0,"[8, 11, 9, 10, 10]",0.0,"[8, 11, 9, 10, 10]",1.0,0,0,10,76827,238,38,0.7916666666666666,0,0,4,0.0,1.0,38,48,0.0,0.0,0.018664418901075102,complete_windows,0,001_00,238,"[234, 235, 236, 237, 238]",206,0.97607421875,1999,2048,1.3807848286003848,synthetic/pilot_v2_r1/train/001,11111,221061
0,"[11, 9, 10, 10, 11]",0.0,"[11, 9, 10, 10, 11]",1.0,0,0,11,77338,239,40,0.7843137254901961,0,0,4,0.0,1.02,39,50,0.0,0.0,0.018386079872154463,complete_windows,0,001_00,239,"[235, 236, 237, 238, 239]",206,0.990234375,2028,2048,1.3830507686026583,synthetic/pilot_v2_r1/train/001,11111,215369
0,"[9, 10, 10, 11, 13]",0.0,"[9, 10, 10, 11, 13]",1.0,0,0,13,77756,240,40,0.7547169811320755,0,0,4,0.0,1.06,37,50,0.0,0.0,0.01880181637481512,complete_windows,0,001_00,240,"[236, 237, 238, 239, 240]",206,0.98876953125,2025,2048,1.4164991031913532,synthetic/pilot_v2_r1/train/001,11111,221400
0,"[10, 10, 11, 13, 12]",0.0,"[10, 10, 11, 13, 12]",1.0,0,0,12,77946,241,44,0.7857142857142857,0,0,4,0.0,1.12,38,50,0.0,0.0,0.01703458614452876,complete_windows,0,001_00,241,"[237, 238, 239, 240, 241]",206,0.99267578125,2033,2048,1.421894663477245,synthetic/pilot_v2_r1/train/001,11111,219916
0,"[10, 11, 13, 12, 12]",0.0,"[10, 11, 13, 12, 12]",1.0,0,0,12,77979,242,46,0.7931034482758621,0,0,4,0.0,1.0175438596491229,45,57,0.0,0.0,0.013717097872851126,complete_windows,0,001_00,242,"[238, 239, 240, 241, 242]",206,0.99462890625,2037,2048,1.4179048933438385,synthetic/pilot_v2_r1/train/001,11111,222116
0,"[11, 13, 12, 12, 13]",0.0,"[11, 13, 12, 12, 13]",1.0,0,0,13,77822,243,48,0.7868852459016393,0,0,4,0.0,1.196078431372549,38,51,0.0,0.0,0.012266424761371412,complete_windows,0,001_00,243,"[239, 240, 241, 242, 243]",206,0.994140625,2036,2048,1.4486056104797032,synthetic/pilot_v2_r1/train/001,11111,220380
0,"[13, 12, 12, 13, 11]",0.0,"[13, 12, 12, 13, 11]",1.0,0,0,11,77467,244,50,0.819672131147541,0,0,4,0.0,1.2448979591836735,38,49,0.0,0.0,0.014649490339272674,complete_windows,0,001_00,244,"[240, 241, 242, 243, 244]",206,0.9931640625,2034,2048,1.4648074914620663,synthetic/pilot_v2_r1/train/001,11111,217383
0,"[12, 12, 13, 11, 13]",0.0033245652448385954,"[12, 12, 13, 11, 13]",1.0,0,0,13,76744,245,48,0.7868852459016393,0,0,4,0.0,1.2448979591836735,36,49,0.0,0.0,0.018513531736609346,complete_windows,0,001_00,245,"[241, 242, 243, 244, 245]",206,0.99658203125,2041,2048,1.4736096902350935,synthetic/pilot_v2_r1/train/001,11111,214365
0,"[12, 13, 11, 13, 13]",0.0055791218765079975,"[12, 13, 11, 13, 13]",1.0,0,0,13,75952,246,49,0.7903225806451613,0,0,4,0.0,1.2653061224489797,36,49,0.0,0.0,0.018287128666108,complete_windows,0,001_00,246,"[242, 243, 244, 245, 246]",206,0.9921875,2032,2048,1.4878670848075208,synthetic/pilot_v2_r1/train/001,11111,210801
0,"[13, 11, 13, 13, 14]",0.0,"[13, 11, 13, 13, 14]",1.0,0,0,14,75139,247,50,0.78125,0,0,4,0.0,1.1851851851851851,40,54,0.0,0.0,0.018007250365973802,complete_windows,0,001_00,247,"[243, 244, 245, 246, 247]",206,0.99169921875,2031,2048,1.4809958929274267,synthetic/pilot_v2_r1/train/001,11111,207151
0,"[11, 13, 13, 14, 16]",0.0,"[11, 13, 13, 14, 16]",1.0,0,0,16,74364,248,51,0.7611940298507462,0,0,4,0.0,1.1355932203389831,43,59,0.0,0.0,0.010856401974892911,complete_windows,0,001_00,248,"[244, 245, 246, 247, 248]",206,0.9912109375,2030,2048,1.4657880790755298,synthetic/pilot_v2_r1/train/001,11111,206387
0,"[13, 13, 14, 16, 15]",0.006139465142041445,"[13, 13, 14, 16, 15]",1.0,0,0,15,73056,249,56,0.7887323943661971,0,0,4,0.0,1.1451612903225807,47,62,0.0,0.0,0.00784344596077318,complete_windows,0,001_00,249,"[245, 246, 247, 248, 249]",206,0.9873046875,2022,2048,1.4472595134001862,synthetic/pilot_v2_r1/train/001,11111,207797
0,"[13, 14, 16, 15, 15]",0.0,"[13, 14, 16, 15, 15]",1.0,0,0,15,72161,250,58,0.7945205479452054,0,0,4,0.0,1.1774193548387097,47,62,0.0,0.0,0.008258634847043958,complete_windows,0,001_00,250,"[246, 247, 248, 249, 250]",206,0.986328125,2020,2048,1.4299383004757582,synthetic/pilot_v2_r1/train/001,11111,205308
0,"[14, 16, 15, 15, 16]",0.0,"[14, 16, 15, 15, 16]",1.0,0,0,16,71269,251,60,0.7894736842105263,0,0,4,0.0,1.1875,48,64,0.0,0.0,0.009457181945960853,complete_windows,0,001_00,251,"[247, 248, 249, 250, 251]",206,0.98828125,2024,2048,1.4241496289854907,synthetic/pilot_v2_r1/train/001,11111,210655
0,"[16, 15, 15, 16, 19]",0.0,"[16, 15, 15, 16, 19]",1.0,0,0,19,70804,252,62,0.7654320987654321,0,0,4,0.0,1.1095890410958904,54,73,0.0,0.0,0.009995956250386007,complete_windows,0,001_00,252,"[248, 249, 250, 251, 252]",206,0.99365234375,2035,2048,1.3925292747239473,synthetic/pilot_v2_r1/train/001,11111,213408
0,"[15, 15, 16, 19, 18]",0.0,"[15, 15, 16, 19, 18]",1.0,0,0,18,70105,253,65,0.7831325301204819,0,0,4,0.0,1.1066666666666667,57,75,0.0,0.0,0.012440726092116595,complete_windows,0,001_00,253,"[249, 250, 251, 252, 253]",206,0.98876953125,2025,2048,1.3949248595963613,synthetic/pilot_v2_r1/train/001,11111,213916
0,"[15, 16, 19, 18, 18]",0.007524753455072641,"[15, 16, 19, 18, 18]",1.0,0,0,18,69848,254,68,0.7906976744186046,0,0,4,0.0,1.2647058823529411,50,68,0.0,0.0,0.012869359086422482,complete_windows,0,001_00,254,"[250, 251, 252, 253, 254]",206,0.98681640625,2021,2048,1.395690712588772,synthetic/pilot_v2_r1/train/001,11111,211690
0,"[16, 19, 18, 18, 17]",0.0,"[16, 19, 18, 18, 17]",1.0,0,0,17,69981,255,71,0.8068181818181818,0,0,4,0.0,1.1578947368421053,59,76,0.0,0.0,0.011757316145997489,complete_windows,0,001_00,255,"[251, 252, 253, 254, 255]",206,0.986328125,2020,2048,1.3703920802222453,synthetic/pilot_v2_r1/train/001,11111,208035
0,"[19, 18, 18, 17, 20]",0.0,"[19, 18, 18, 17, 20]",1.0,0,0,20,70659,256,72,0.782608695652174,0,0,4,0.0,1.1358024691358024,61,81,0.0,0.0,0.012452069418464568,complete_windows,0,001_00,256,"[252, 253, 254, 255, 256]",206,0.984375,2016,2048,1.3774523439430366,synthetic/pilot_v2_r1/train/001,11111,212239
0,"[18, 18, 17, 20, 17]",0.0,"[18, 18, 17, 20, 17]",1.0,0,0,17,71461,257,73,0.8111111111111111,0,0,4,0.0,1.1688311688311688,60,77,0.0,0.0,0.01798301668147419,complete_windows,0,001_00,257,"[253, 254, 255, 256, 257]",206,0.9794921875,2006,2048,1.3658042974089992,synthetic/pilot_v2_r1/train/001,11111,210840
0,"[18, 17, 20, 17, 21]",0.0,"[18, 17, 20, 17, 21]",1.0,0,0,21,72751,258,72,0.7741935483870968,0,0,4,0.0,1.0449438202247192,68,89,0.0,0.0,0.018973510205812748,complete_windows,0,001_00,258,"[254, 255, 256, 257, 258]",206,0.97265625,1992,2048,1.3341328973622266,synthetic/pilot_v2_r1/train/001,11111,215321
0,"[17, 20, 17, 21, 22]",0.0,"[17, 20, 17, 21, 22]",1.0,0,1,22,74489,259,75,0.7731958762886598,1,1,4,0.0,1.1022727272727273,66,88,0.045454545454545456,0.045454545454545456,0.01779313172813013,complete_windows,0,001_00,259,"[255, 256, 257, 258, 259]",206,0.9765625,2000,2048,1.3427393592724137,synthetic/pilot_v2_r1/train/001,11111,218563
0,"[20, 17, 21, 22, 24]",0.0,"[20, 17, 21, 22, 24]",1.0,0,0,24,76247,260,80,0.7692307692307693,0,0,4,0.0,1.1304347826086956,68,92,0.0,0.0,0.017022266636128897,complete_windows,0,001_00,260,"[256, 257, 258, 259, 260]",206,0.97802734375,2003,2048,1.3288470915664221,synthetic/pilot_v2_r1/train/001,11111,224776
0,"[17, 21, 22, 24, 20]",0.0,"[17, 21, 22, 24, 20]",1.0,0,0,20,78287,261,84,0.8076923076923077,0,0,4,0.0,1.0196078431372548,82,102,0.0,0.0,0.017473427658448414,complete_windows,0,001_00,261,"[257, 258, 259, 260, 261]",206,0.97607421875,1999,2048,1.3110111775722821,synthetic/pilot_v2_r1/train/001,11111,231497
0,"[21, 22, 24, 20, 23]",0.0,"[21, 22, 24, 20, 23]",1.0,0,0,23,80988,262,87,0.7909090909090909,0,0,4,0.0,1.0,87,110,0.0,0.0,0.018548371891233154,complete_windows,0,001_00,262,"[258, 259, 260, 261, 262]",206,0.97509765625,1997,2048,1.3265892396962013,synthetic/pilot_v2_r1/train/001,11111,242412
0,"[22, 24, 20, 23, 23]",0.0,"[22, 24, 20, 23, 23]",1.0,0,0,23,84020,263,89,0.7946428571428571,0,0,4,0.0,1.0666666666666667,82,105,0.0,0.0,0.01912823734168658,complete_windows,0,001_00,263,"[259, 260, 261, 262, 263]",206,0.96923828125,1985,2048,1.3056465218853677,synthetic/pilot_v2_r1/train/001,11111,250591
0,"[24, 20, 23, 23, 25]",0.008757737465202808,"[24, 20, 23, 23, 25]",1.0,0,0,25,87206,264,90,0.782608695652174,0,0,4,0.0,1.2777777777777777,65,90,0.0,0.0,0.019853309279094872,complete_windows,0,001_00,264,"[260, 261, 262, 263, 264]",206,0.97021484375,1987,2048,1.300230569384096,synthetic/pilot_v2_r1/train/001,11111,261498
0,"[20, 23, 23, 25, 27]",0.0,"[20, 23, 23, 25, 27]",1.0,0,0,27,90464,265,91,0.7711864406779662,0,0,4,0.0,1.2553191489361701,67,94,0.0,0.0,0.02138235925108123,complete_windows,0,001_00,265,"[261, 262, 263, 264, 265]",206,0.9658203125,1978,2048,1.2945402055530026,synthetic/pilot_v2_r1/train/001,11111,277040
0,"[23, 23, 25, 27, 25]",0.0,"[23, 23, 25, 27, 25]",1.0,0,0,25,93728,266,98,0.7967479674796748,0,0,4,0.0,1.1388888888888888,83,108,0.0,0.0,0.025454295602437064,complete_windows,0,001_00,266,"[262, 263, 264, 265, 266]",206,0.9716796875,1990,2048,1.2761472053040466,synthetic/pilot_v2_r1/train/001,11111,288251
0,"[23, 25, 27, 25, 30]",0.0,"[23, 25, 27, 25, 30]",1.0,0,0,30,96473,267,100,0.7692307692307693,0,0,4,0.0,1.1111111111111112,87,117,0.0,0.0,0.027552464685566526,complete_windows,0,001_00,267,"[263, 264, 265, 266, 267]",206,0.9716796875,1990,2048,1.268828511214552,synthetic/pilot_v2_r1/train/001,11111,301634
0,"[25, 27, 25, 30, 31]",0.0,"[25, 27, 25, 30, 31]",1.0,0,0,31,98453,268,107,0.7753623188405797,0,0,4,0.0,1.15,89,120,0.0,0.0,0.026565350294847405,complete_windows,0,001_00,268,"[264, 265, 266, 267, 268]",206,0.974609375,1996,2048,1.280176779204354,synthetic/pilot_v2_r1/train/001,11111,314776
0,"[27, 25, 30, 31, 29]",0.0,"[27, 25, 30, 31, 29]",1.0,0,0,29,100154,269,113,0.795774647887324,0,0,4,0.0,1.136,96,125,0.0,0.0,0.02283001706221776,complete_windows,0,001_00,269,"[265, 266, 267, 268, 269]",206,0.9736328125,1994,2048,1.28323426734032,synthetic/pilot_v2_r1/train/001,11111,326174
0,"[25, 30, 31, 29, 33]",0.0,"[25, 30, 31, 29, 33]",1.0,0,0,33,101449,270,115,0.777027027027027,0,0,4,0.0,1.0962962962962963,102,135,0.0,0.0,0.02182035358366655,complete_windows,0,001_00,270,"[266, 267, 268, 269, 270]",206,0.97900390625,2005,2048,1.2774865898612005,synthetic/pilot_v2_r1/train/001,11111,330228
0,"[30, 31, 29, 33, 32]",0.0,"[30, 31, 29, 33, 32]",1.0,0,0,32,102613,271,123,0.7935483870967742,0,0,4,0.0,1.1742424242424243,100,132,0.0,0.0,0.021160777105034792,complete_windows,0,001_00,271,"[267, 268, 269, 270, 271]",206,0.9736328125,1994,2048,1.2635781587029695,synthetic/pilot_v2_r1/train/001,11111,335963
0,"[31, 29, 33, 32, 34]",0.0,"[31, 29, 33, 32, 34]",1.0,0,0,34,103298,272,125,0.7861635220125787,0,0,4,0.0,1.1605839416058394,103,137,0.0,0.0,0.021711928352359418,complete_windows,0,001_00,272,"[268, 269, 270, 271, 272]",206,0.98193359375,2011,2048,1.2562301235786275,synthetic/pilot_v2_r1/train/001,11111,341037
0,"[29, 33, 32, 34, 33]",0.0,"[29, 33, 32, 34, 33]",1.0,0,0,33,103767,273,128,0.7950310559006211,0,0,4,0.0,1.2014925373134329,101,134,0.0,0.0,0.024251900042206644,complete_windows,0,001_00,273,"[269, 270, 271, 272, 273]",206,0.98291015625,2013,2048,1.233206420724831,synthetic/pilot_v2_r1/train/001,11111,344844
0,"[33, 32, 34, 33, 39]",0.0,"[33, 32, 34, 33, 39]",1.0,0,0,39,104168,274,132,0.7719298245614035,0,0,4,0.0,1.1712328767123288,107,146,0.0,0.0,0.021109234548532464,complete_windows,0,001_00,274,"[270, 271, 272, 273, 274]",206,0.9892578125,2026,2048,1.2473315653418673,synthetic/pilot_v2_r1/train/001,11111,343471
0,"[32, 34, 33, 39, 42]",0.0,"[32, 34, 33, 39, 42]",1.0,0,0,42,104287,275,138,0.7666666666666667,0,0,4,0.0,1.139240506329114,116,158,0.0,0.0,0.018385793314961235,complete_windows,0,001_00,275,"[271, 272, 273, 274, 275]",206,0.986328125,2020,2048,1.2604461503095445,synthetic/pilot_v2_r1/train/001,11111,347015
0,"[34, 33, 39, 42, 42]",0.0,"[34, 33, 39, 42, 42]",1.0,0,0,42,104367,276,148,0.7789473684210526,0,0,4,0.0,1.1728395061728396,120,162,0.0,0.0,0.017909870083462436,complete_windows,0,001_00,276,"[272, 273, 274, 275, 276]",206,0.9873046875,2022,2048,1.24214347972825,synthetic/pilot_v2_r1/train/001,11111,346395
0,"[33, 39, 42, 42, 41]",0.0,"[33, 39, 42, 42, 41]",1.0,0,0,41,104539,277,156,0.7918781725888325,0,0,4,0.0,1.1796407185628743,126,167,0.0,0.0,0.0192066003760577,complete_windows,0,001_00,277,"[273, 274, 275, 276, 277]",206,0.98681640625,2021,2048,1.24197419955604,synthetic/pilot_v2_r1/train/001,11111,344705
0,"[39, 42, 42, 41, 41]",0.0,"[39, 42, 42, 41, 41]",1.0,0,0,41,104489,278,164,0.8,0,0,4,0.0,1.1781609195402298,133,174,0.0,0.0,0.016821278892655743,complete_windows,0,001_00,278,"[274, 275, 276, 277, 278]",206,0.99072265625,2029,2048,1.2085224868994846,synthetic/pilot_v2_r1/train/001,11111,345613
0,"[42, 42, 41, 41, 43]",0.0,"[42, 42, 41, 41, 43]",1.0,0,0,43,104396,279,166,0.7942583732057417,0,0,4,0.0,1.1611111111111112,137,180,0.0,0.0,0.01353700737075183,complete_windows,0,001_00,279,"[275, 276, 277, 278, 279]",206,0.99072265625,2029,2048,1.194927754177542,synthetic/pilot_v2_r1/train/001,11111,347726
0,"[42, 41, 41, 43, 44]",0.009717199951410294,"[42, 41, 41, 43, 44]",1.0,0,0,44,104418,280,167,0.7914691943127962,0,0,4,0.0,1.31055900621118,117,161,0.0,0.0,0.011894120277803162,complete_windows,0,001_00,280,"[276, 277, 278, 279, 280]",206,0.9873046875,2022,2048,1.1751544203392066,synthetic/pilot_v2_r1/train/001,11111,346076
0,"[41, 41, 43, 44, 51]",0.0,"[41, 41, 43, 44, 51]",1.0,0,0,51,104298,281,169,0.7681818181818182,0,0,4,0.0,1.3496932515337423,112,163,0.0,0.0,0.009962516932343455,complete_windows,0,001_00,281,"[277, 278, 279, 280, 281]",206,0.994140625,2036,2048,1.1626955315198444,synthetic/pilot_v2_r1/train/001,11111,343234
0,"[41, 43, 44, 51, 51]",0.0,"[41, 43, 44, 51, 51]",1.0,0,0,51,104185,282,179,0.7782608695652173,0,0,4,0.0,1.2299465240641712,136,187,0.0,0.0,0.008927196779934279,complete_windows,0,001_00,282,"[278, 279, 280, 281, 282]",206,0.9892578125,2026,2048,1.1488635573823232,synthetic/pilot_v2_r1/train/001,11111,343109
0,"[43, 44, 51, 51, 53]",0.004537621978670359,"[43, 44, 51, 51, 53]",1.0,0,0,53,104050,283,189,0.78099173553719,0,0,4,0.0,1.4404761904761905,115,168,0.0,0.0,0.010600304406704356,complete_windows,0,001_00,283,"[279, 280, 281, 282, 283]",206,0.98828125,2024,2048,1.127055390539591,synthetic/pilot_v2_r1/train/001,11111,342828
0,"[44, 51, 51, 53, 57]",0.0,"[44, 51, 51, 53, 57]",1.0,0,0,57,104223,284,199,0.77734375,0,0,4,0.0,1.3989071038251366,126,183,0.0,0.0,0.01359819565085903,complete_windows,0,001_00,284,"[280, 281, 282, 283, 284]",206,0.9853515625,2018,2048,1.0988197698373592,synthetic/pilot_v2_r1/train/001,11111,341647
0,"[51, 51, 53, 57, 57]",0.0,"[51, 51, 53, 57, 57]",1.0,0,0,57,104266,285,212,0.7881040892193308,0,0,4,0.0,1.3937823834196892,136,193,0.0,0.0,0.016918986898154086,complete_windows,0,001_00,285,"[281, 282, 283, 284, 285]",206,0.9892578125,2026,2048,1.0686002120979097,synthetic/pilot_v2_r1/train/001,11111,340819
0,"[51, 53, 57, 57, 59]",0.0,"[51, 53, 57, 57, 59]",1.0,0,0,59,104160,286,218,0.7870036101083032,0,0,4,0.0,1.294392523364486,155,214,0.0,0.0,0.01955881603532564,complete_windows,0,001_00,286,"[282, 283, 284, 285, 286]",206,0.990234375,2028,2048,1.0336724187766753,synthetic/pilot_v2_r1/train/001,11111,336064
0,"[53, 57, 57, 59, 64]",0.0,"[53, 57, 57, 59, 64]",1.0,0,0,64,104310,287,226,0.7793103448275862,0,0,4,0.0,1.2608695652173914,166,230,0.0,0.0,0.02180284005963421,complete_windows,0,001_00,287,"[283, 284, 285, 286, 287]",206,0.9931640625,2034,2048,0.999336365002124,synthetic/pilot_v2_r1/train/001,11111,335324
0,"[57, 57, 59, 64, 65]",0.0,"[57, 57, 59, 64, 65]",1.0,0,0,65,104204,288,237,0.7847682119205298,0,0,4,0.0,1.2479338842975207,177,242,0.0,0.0,0.02373096654611917,complete_windows,0,001_00,288,"[284, 285, 286, 287, 288]",206,0.99658203125,2041,2048,0.9807688723826598,synthetic/pilot_v2_r1/train/001,11111,334274
0,"[57, 59, 64, 65, 68]",0.0,"[57, 59, 64, 65, 68]",1.0,0,0,68,104254,289,245,0.7827476038338658,0,0,4,0.0,1.3911111111111112,157,225,0.0,0.0,0.02491916634301199,complete_windows,0,001_00,289,"[285, 286, 287, 288, 289]",206,0.994140625,2036,2048,0.9424493958916785,synthetic/pilot_v2_r1/train/001,11111,339902
0,"[59, 64, 65, 68, 69]",0.0,"[59, 64, 65, 68, 69]",1.0,0,0,69,104243,290,256,0.7876923076923077,0,0,4,0.0,1.2896825396825398,183,252,0.0,0.0,0.024687574788490305,complete_windows,0,001_00,290,"[286, 287, 288, 289, 290]",206,0.98681640625,2021,2048,0.9171947573404686,synthetic/pilot_v2_r1/train/001,11111,342131
0,"[64, 65, 68, 69, 69]",0.007950489409267902,"[64, 65, 68, 69, 69]",1.0,0,0,69,104206,291,266,0.7940298507462686,0,0,4,0.0,1.30859375,187,256,0.0,0.0,0.024339178420553075,complete_windows,0,001_00,291,"[287, 288, 289, 290, 291]",206,0.99072265625,2029,2048,0.8801476015759201,synthetic/pilot_v2_r1/train/001,11111,343401
0,"[65, 68, 69, 69, 76]",0.0,"[65, 68, 69, 69, 76]",1.0,0,0,76,104239,292,271,0.7809798270893372,0,0,4,0.0,1.3295019157088122,185,261,0.0,0.0,0.022736923128378512,complete_windows,0,001_00,292,"[288, 289, 290, 291, 292]",206,0.9833984375,2014,2048,0.8265312642680668,synthetic/pilot_v2_r1/train/001,11111,339730
0,"[68, 69, 69, 76, 75]",0.0,"[68, 69, 69, 76, 75]",1.0,0,0,75,104121,293,282,0.7899159663865546,0,0,4,0.0,1.2482517482517483,211,286,0.0,0.0,0.019873676365415278,complete_windows,0,001_00,293,"[289, 290, 291, 292, 293]",206,0.98388671875,2015,2048,0.8051253105379336,synthetic/pilot_v2_r1/train/001,11111,337492
0,"[69, 69, 76, 75, 83]",0.011210995726287365,"[69, 69, 76, 75, 83]",1.0,0,0,83,104369,294,289,0.7768817204301075,0,0,4,0.0,1.3726937269372694,188,271,0.0,0.0,0.0182747246034355,complete_windows,0,001_00,294,"[290, 291, 292, 293, 294]",206,0.9931640625,2034,2048,0.7609103347981339,synthetic/pilot_v2_r1/train/001,11111,334706
0,"[69, 76, 75, 83, 84]",0.008683977648615837,"[69, 76, 75, 83, 84]",1.0,0,0,84,104269,295,303,0.7829457364341085,0,0,4,0.0,1.4884615384615385,176,260,0.0,0.0,0.01588019174895897,complete_windows,0,001_00,295,"[291, 292, 293, 294, 295]",206,0.990234375,2028,2048,0.7129361424513928,synthetic/pilot_v2_r1/train/001,11111,330450
0,"[76, 75, 83, 84, 83]",0.004958820063620806,"[76, 75, 83, 84, 83]",1.0,0,0,83,104491,296,318,0.7930174563591023,0,0,4,0.0,1.6300813008130082,163,246,0.0,0.0,0.014395725926220937,complete_windows,0,001_00,296,"[292, 293, 294, 295, 296]",206,0.9951171875,2038,2048,0.6831347526263487,synthetic/pilot_v2_r1/train/001,11111,329296
0,"[75, 83, 84, 83, 84]",0.0,"[75, 83, 84, 83, 84]",1.0,0,0,84,104358,297,325,0.7946210268948656,0,0,4,0.0,1.59765625,172,256,0.0,0.0,0.012822554626463057,complete_windows,0,001_00,297,"[293, 294, 295, 296, 297]",206,0.9951171875,2038,2048,0.6413807056821162,synthetic/pilot_v2_r1/train/001,11111,329526
0,"[83, 84, 83, 84, 85]",0.0,"[83, 84, 83, 84, 85]",1.0,0,0,85,104344,298,334,0.7971360381861575,0,0,4,0.0,1.534798534798535,188,273,0.0,0.0,0.013131787400246744,complete_windows,0,001_00,298,"[294, 295, 296, 297, 298]",206,0.9892578125,2026,2048,0.6319067198959666,synthetic/pilot_v2_r1/train/001,11111,333262
0,"[84, 83, 84, 85, 87]",0.006281500216573477,"[84, 83, 84, 85, 87]",1.0,0,0,87,104475,299,336,0.7943262411347518,0,0,4,0.0,1.608365019011407,176,263,0.0,0.0,0.014363778309355896,complete_windows,0,001_00,299,"[295, 296, 297, 298, 299]",206,0.9931640625,2034,2048,0.6136162703561036,synthetic/pilot_v2_r1/train/001,11111,334392
0,"[83, 84, 85, 87, 89]",0.0,"[83, 84, 85, 87, 89]",1.0,0,0,89,104599,300,339,0.7920560747663551,0,0,4,0.0,1.3896103896103895,219,308,0.0,0.0,0.013649882815289482,complete_windows,0,001_00,300,"[296, 297, 298, 299, 300]",206,0.9892578125,2026,2048,0.5974051867442726,synthetic/pilot_v2_r1/train/001,11111,343048
0,"[84, 85, 87, 89, 90]",0.007080449257045984,"[84, 85, 87, 89, 90]",1.0,0,1,90,104863,301,345,0.7931034482758621,1,1,4,0.0,1.4695945945945945,206,296,0.011111111111111112,0.011111111111111112,0.0177224045406733,complete_windows,0,001_00,301,"[297, 298, 299, 300, 301]",206,0.98779296875,2023,2048,0.5648593544357072,synthetic/pilot_v2_r1/train/001,11111,347701
0,"[85, 87, 89, 90, 95]",0.006307982839643955,"[85, 87, 89, 90, 95]",1.0,0,0,95,105207,302,351,0.7869955156950673,0,0,4,0.0,1.5985663082437276,184,279,0.0,0.0,0.028220239981787062,complete_windows,0,001_00,302,"[298, 299, 300, 301, 302]",206,0.98828125,2024,2048,0.5106304190612372,synthetic/pilot_v2_r1/train/001,11111,349061
0,"[87, 89, 90, 95, 91]",0.006526961922645569,"[87, 89, 90, 95, 91]",1.0,0,1,91,105430,303,361,0.7986725663716814,1,1,4,0.0,1.4675324675324675,217,308,0.01098901098901099,0.01098901098901099,0.03769960663245993,complete_windows,0,001_00,303,"[299, 300, 301, 302, 303]",206,0.99169921875,2031,2048,0.48862431699951,synthetic/pilot_v2_r1/train/001,11111,349365
0,"[89, 90, 95, 91, 98]",0.0003030627267435193,"[89, 90, 95, 91, 98]",1.0,0,0,98,105501,304,365,0.7883369330453563,0,0,4,0.0,1.4745222929936306,216,314,0.0,0.0,0.03740310464572702,complete_windows,0,001_00,304,"[300, 301, 302, 303, 304]",206,0.9892578125,2026,2048,0.45416070196476727,synthetic/pilot_v2_r1/train/001,11111,346886
0,"[90, 95, 91, 98, 95]",0.0,"[90, 95, 91, 98, 95]",1.0,0,0,95,105417,305,374,0.7974413646055437,0,0,4,0.0,1.3323863636363635,257,352,0.0,0.0,0.027390395272705023,complete_windows,0,001_00,305,"[301, 302, 303, 304, 305]",206,0.99169921875,2031,2048,0.4458324798832617,synthetic/pilot_v2_r1/train/001,11111,349599
0,"[95, 91, 98, 95, 101]",0.010901905596256256,"[95, 91, 98, 95, 101]",1.0,0,0,101,105556,306,379,0.7895833333333333,0,0,4,0.0,1.3333333333333333,259,360,0.0,0.0,0.01333397320309418,complete_windows,0,001_00,306,"[302, 303, 304, 305, 306]",206,0.98828125,2024,2048,0.46343157674338953,synthetic/pilot_v2_r1/train/001,11111,348409
0,"[91, 98, 95, 101, 99]",0.006660263519734144,"[91, 98, 95, 101, 99]",1.0,0,0,99,105606,307,385,0.7954545454545454,0,0,4,0.0,1.3868194842406876,250,349,0.0,0.0,0.009576586779284735,complete_windows,0,001_00,307,"[303, 304, 305, 306, 307]",206,0.9921875,2032,2048,0.46968968710348014,synthetic/pilot_v2_r1/train/001,11111,346202
0,"[98, 95, 101, 99, 101]",0.006282715126872063,"[98, 95, 101, 99, 101]",1.0,0,0,101,105686,308,393,0.7955465587044535,0,0,4,0.0,1.54375,219,320,0.0,0.0,0.01438579487884041,complete_windows,0,001_00,308,"[304, 305, 306, 307, 308]",206,0.986328125,2020,2048,0.5009522934230904,synthetic/pilot_v2_r1/train/001,11111,342980
0,"[95, 101, 99, 101, 106]",0.007863480597734451,"[95, 101, 99, 101, 106]",1.0,0,0,106,105843,309,396,0.7888446215139442,0,0,4,0.0,1.5590062111801242,216,322,0.0,0.0,0.0186569479308932,complete_windows,0,001_00,309,"[305, 306, 307, 308, 309]",206,0.9921875,2032,2048,0.5315846324139211,synthetic/pilot_v2_r1/train/001,11111,344113
0,"[101, 99, 101, 106, 106]",0.007764177396893501,"[101, 99, 101, 106, 106]",1.0,0,0,106,105767,310,407,0.7933723196881092,0,0,4,0.0,1.4741379310344827,242,348,0.0,0.0,0.02273977244152521,complete_windows,0,001_00,310,"[306, 307, 308, 309, 310]",206,0.9892578125,2026,2048,0.5572670650704298,synthetic/pilot_v2_r1/train/001,11111,345534
0,"[99, 101, 106, 106, 106]",0.0067495014518499374,"[99, 101, 106, 106, 106]",1.0,0,0,106,105907,311,412,0.7953667953667953,0,0,4,0.0,1.4674220963172804,247,353,0.0,0.0,0.023005573126091573,complete_windows,0,001_00,311,"[307, 308, 309, 310, 311]",206,0.98583984375,2019,2048,0.5803950433345607,synthetic/pilot_v2_r1/train/001,11111,348166
0,"[101, 106, 106, 106, 108]",0.007242899388074875,"[101, 106, 106, 106, 108]",1.0,0,0,108,106206,312,419,0.7950664136622391,0,0,4,0.0,1.5637982195845697,229,337,0.0,0.0,0.017673895504945896,complete_windows,0,001_00,312,"[308, 309, 310, 311, 312]",206,0.9873046875,2022,2048,0.5776572816085085,synthetic/pilot_v2_r1/train/001,11111,350803
0,"[106, 106, 106, 108, 111]",0.0,"[106, 106, 106, 108, 111]",1.0,0,0,111,106395,313,426,0.7932960893854749,0,0,4,0.0,1.4672131147540983,255,366,0.0,0.0,0.010549668519235394,complete_windows,0,001_00,313,"[309, 310, 311, 312, 313]",206,0.9833984375,2014,2048,0.5843355123793273,synthetic/pilot_v2_r1/train/001,11111,348952
0,"[106, 106, 108, 111, 115]",0.006929601076990366,"[106, 106, 108, 111, 115]",1.0,0,0,115,106484,314,431,0.7893772893772893,0,0,4,0.0,1.4756756756756757,255,370,0.0,0.0,0.004449932460946445,complete_windows,0,001_00,314,"[310, 311, 312, 313, 314]",206,0.98583984375,2019,2048,0.5760671244477157,synthetic/pilot_v2_r1/train/001,11111,344250
0,"[106, 108, 111, 115, 111]",0.010937564074993134,"[106, 108, 111, 115, 111]",1.0,0,1,111,106679,315,440,0.7985480943738656,1,1,4,0.0,1.5787965616045845,238,349,0.009009009009009009,0.009009009009009009,0.005266626833291165,complete_windows,0,001_00,315,"[311, 312, 313, 314, 315]",206,0.99072265625,2029,2048,0.5749974273511295,synthetic/pilot_v2_r1/train/001,11111,338045
0,"[108, 111, 115, 111, 113]",0.008937056176364422,"[108, 111, 115, 111, 113]",1.0,0,1,113,106738,316,445,0.7974910394265233,1,1,4,0.0,1.5630252100840336,244,357,0.008849557522123894,0.008849557522123894,0.004750953724373705,complete_windows,0,001_00,316,"[312, 313, 314, 315, 316]",206,0.99267578125,2033,2048,0.6014658718503995,synthetic/pilot_v2_r1/train/001,11111,341156
0,"[111, 115, 111, 113, 119]",0.011083395220339298,"[111, 115, 111, 113, 119]",1.0,0,0,119,106974,317,450,0.7908611599297012,0,0,4,0.0,1.6985074626865673,216,335,0.0,0.0,0.005489503129727938,complete_windows,0,001_00,317,"[313, 314, 315, 316, 317]",206,0.9892578125,2026,2048,0.6075095610053395,synthetic/pilot_v2_r1/train/001,11111,342892
0,"[115, 111, 113, 119, 124]",0.0,"[115, 111, 113, 119, 124]",1.0,0,0,124,107363,318,458,0.7869415807560137,0,0,4,0.0,1.7017543859649122,218,342,0.0,0.0,0.005357554789918288,complete_windows,0,001_00,318,"[314, 315, 316, 317, 318]",206,0.98193359375,2011,2048,0.6093836639592625,synthetic/pilot_v2_r1/train/001,11111,344147
0,"[111, 113, 119, 124, 128]",0.008810564875602722,"[111, 113, 119, 124, 128]",1.0,0,0,128,107580,319,467,0.7848739495798319,0,0,4,0.0,1.643646408839779,234,362,0.0,0.0,0.004661328301339301,complete_windows,0,001_00,319,"[315, 316, 317, 318, 319]",206,0.984375,2016,2048,0.6145934861228743,synthetic/pilot_v2_r1/train/001,11111,346680
0,"[113, 119, 124, 128, 134]",0.012728460133075714,"[113, 119, 124, 128, 134]",1.0,0,1,134,107838,320,484,0.7831715210355987,1,1,4,0.0,1.588688946015424,255,389,0.007462686567164179,0.007462686567164179,0.004497151451579407,complete_windows,0,001_00,320,"[316, 317, 318, 319, 320]",206,0.9931640625,2034,2048,0.6062041021363045,synthetic/pilot_v2_r1/train/001,11111,349279
0,"[119, 124, 128, 134, 132]",0.011014330200850964,"[119, 124, 128, 134, 132]",1.0,0,0,132,108028,321,505,0.792778649921507,0,0,4,0.0,1.6208651399491094,261,393,0.0,0.0,0.010488144343792397,complete_windows,0,001_00,321,"[317, 318, 319, 320, 321]",206,0.98046875,2008,2048,0.6091618760802807,synthetic/pilot_v2_r1/train/001,11111,357804
0,"[124, 128, 134, 132, 133]",0.0077080875635147095,"[124, 128, 134, 132, 133]",1.0,0,1,133,108025,322,518,0.7956989247311828,1,1,4,0.0,1.6113861386138615,271,404,0.007518796992481203,0.007518796992481203,0.022504248394986655,complete_windows,0,001_00,322,"[318, 319, 320, 321, 322]",206,0.9814453125,2010,2048,0.6037811158445279,synthetic/pilot_v2_r1/train/001,11111,364239
0,"[128, 134, 132, 133, 141]",0.01325361616909504,"[128, 134, 132, 133, 141]",1.0,0,0,141,108211,323,527,0.7889221556886228,0,0,4,0.0,1.6292682926829267,269,410,0.0,0.0,0.03312849385241347,complete_windows,0,001_00,323,"[319, 320, 321, 322, 323]",206,0.9892578125,2026,2048,0.5912488089586886,synthetic/pilot_v2_r1/train/001,11111,366710
0,"[134, 132, 133, 141, 140]",0.008088178932666779,"[134, 132, 133, 141, 140]",1.0,0,0,140,108495,324,540,0.7941176470588235,0,0,4,0.0,1.7042606516290726,259,399,0.0,0.0,0.03510200812068873,complete_windows,0,001_00,324,"[320, 321, 322, 323, 324]",206,0.9853515625,2018,2048,0.5625912684810951,synthetic/pilot_v2_r1/train/001,11111,366765
0,"[132, 133, 141, 140, 141]",0.012560127303004265,"[132, 133, 141, 140, 141]",1.0,0,0,141,108687,325,546,0.7947598253275109,0,0,4,0.0,1.812664907651715,238,379,0.0,0.0,0.02555289532564572,complete_windows,0,001_00,325,"[321, 322, 323, 324, 325]",206,0.98486328125,2017,2048,0.5281189754062783,synthetic/pilot_v2_r1/train/001,11111,369534
0,"[133, 141, 140, 141, 146]",0.014577680267393589,"[133, 141, 140, 141, 146]",1.0,0,0,146,109169,326,555,0.7917261055634808,0,0,4,0.0,1.653301886792453,278,424,0.0,0.0,0.01043497538538106,complete_windows,0,001_00,326,"[322, 323, 324, 325, 326]",206,0.98779296875,2023,2048,0.4985950710311289,synthetic/pilot_v2_r1/train/001,11111,368319
0,"[141, 140, 141, 146, 149]",0.009579496458172798,"[141, 140, 141, 146, 149]",1.0,0,1,149,109372,327,568,0.7921896792189679,1,1,4,0.0,1.7235576923076923,267,416,0.006711409395973154,0.006711409395973154,0.01059452544061387,complete_windows,0,001_00,327,"[323, 324, 325, 326, 327]",206,0.9814453125,2010,2048,0.4704840995729619,synthetic/pilot_v2_r1/train/001,11111,364901
0,"[140, 141, 146, 149, 152]",0.008874712511897087,"[140, 141, 146, 149, 152]",1.0,0,0,152,109544,328,576,0.7912087912087912,0,0,4,0.0,1.801980198019802,252,404,0.0,0.0,0.019690687891839344,complete_windows,0,001_00,328,"[324, 325, 326, 327, 328]",206,0.990234375,2028,2048,0.4788143366673339,synthetic/pilot_v2_r1/train/001,11111,365678
0,"[141, 146, 149, 152, 151]",0.016542455181479454,"[141, 146, 149, 152, 151]",1.0,0,0,151,109984,329,588,0.7956698240866035,0,0,4,0.0,1.8614609571788414,246,397,0.0,0.0,0.026376272863373233,complete_windows,0,001_00,329,"[325, 326, 327, 328, 329]",206,0.98095703125,2009,2048,0.482649754827757,synthetic/pilot_v2_r1/train/001,11111,365600
0,"[146, 149, 152, 151, 160]",0.013961530290544033,"[146, 149, 152, 151, 160]",1.0,0,0,160,110100,330,598,0.7889182058047494,0,0,4,0.0,1.7835294117647058,265,425,0.0,0.0,0.029150501571356822,complete_windows,0,001_00,330,"[326, 327, 328, 329, 330]",206,0.9833984375,2014,2048,0.49867750422433565,synthetic/pilot_v2_r1/train/001,11111,368425
0,"[149, 152, 151, 160, 159]",0.012988126836717129,"[149, 152, 151, 160, 159]",1.0,0,0,159,110307,331,612,0.7937743190661478,0,0,4,0.0,1.744343891402715,283,442,0.0,0.0,0.025072042546647827,complete_windows,0,001_00,331,"[327, 328, 329, 330, 331]",206,0.98046875,2008,2048,0.5199514147361499,synthetic/pilot_v2_r1/train/001,11111,372419
0,"[152, 151, 160, 159, 166]",0.008219985291361809,"[152, 151, 160, 159, 166]",1.0,0,1,166,110453,332,622,0.7893401015228426,1,1,4,0.0,1.8541176470588234,259,425,0.006024096385542169,0.006024096385542169,0.016990627189062683,complete_windows,0,001_00,332,"[328, 329, 330, 331, 332]",206,0.984375,2016,2048,0.5439009070833055,synthetic/pilot_v2_r1/train/001,11111,377593
0,"[151, 160, 159, 166, 170]",0.012447785586118698,"[151, 160, 159, 166, 170]",1.0,0,0,170,110859,333,636,0.7890818858560794,0,0,4,0.0,1.9468599033816425,244,414,0.0,0.0,0.007199290489779002,complete_windows,0,001_00,333,"[329, 330, 331, 332, 333]",206,0.98583984375,2019,2048,0.5583812451055699,synthetic/pilot_v2_r1/train/001,11111,379641
0,"[160, 159, 166, 170, 174]",0.014798345044255257,"[160, 159, 166, 170, 174]",1.0,0,0,174,111374,334,655,0.7901085645355851,0,0,4,0.0,1.9414519906323184,253,427,0.0,0.0,0.003881942031613293,complete_windows,0,001_00,334,"[330, 331, 332, 333, 334]",206,0.98876953125,2025,2048,0.5624778852733421,synthetic/pilot_v2_r1/train/001,11111,379543
0,"[159, 166, 170, 174, 180]",0.010201243683695793,"[159, 166, 170, 174, 180]",1.0,0,1,180,111493,335,669,0.7879858657243817,1,1,4,0.0,1.8866666666666667,270,450,0.005555555555555556,0.005555555555555556,0.004013969620106816,complete_windows,0,001_00,335,"[331, 332, 333, 334, 335]",206,0.97998046875,2007,2048,0.5712487505759544,synthetic/pilot_v2_r1/train/001,11111,377436
0,"[166, 170, 174, 180, 183]",0.015354614704847336,"[166, 170, 174, 180, 183]",1.0,0,0,183,111701,336,690,0.7903780068728522,0,0,4,0.0,2.0068965517241377,252,435,0.0,0.0,0.004244274531605375,complete_windows,0,001_00,336,"[332, 333, 334, 335, 336]",206,0.98828125,2024,2048,0.5603045557616475,synthetic/pilot_v2_r1/train/001,11111,376854
0,"[170, 174, 180, 183, 189]",0.010811900720000267,"[170, 174, 180, 183, 189]",1.0,0,0,189,111985,337,707,0.7890625,0,0,4,0.0,2.0597701149425287,246,435,0.0,0.0,0.007484856529025615,complete_windows,0,001_00,337,"[333, 334, 335, 336, 337]",206,0.986328125,2020,2048,0.5588126647221515,synthetic/pilot_v2_r1/train/001,11111,373560
0,"[174, 180, 183, 189, 193]",0.01202688179910183,"[174, 180, 183, 189, 193]",1.0,0,0,193,112194,338,726,0.7899891186071817,0,0,4,0.0,2.0376940133037693,258,451,0.0,0.0,0.00902450859328236,complete_windows,0,001_00,338,"[334, 335, 336, 337, 338]",206,0.9912109375,2030,2048,0.5761071547252536,synthetic/pilot_v2_r1/train/001,11111,372917
0,"[180, 183, 189, 193, 196]",0.015441607683897018,"[180, 183, 189, 193, 196]",1.0,0,0,196,112516,339,745,0.7917109458023379,0,0,4,0.0,2.0726872246696035,258,454,0.0,0.0,0.008880809810484997,complete_windows,0,001_00,339,"[335, 336, 337, 338, 339]",206,0.9931640625,2034,2048,0.5753518767209831,synthetic/pilot_v2_r1/train/001,11111,374339
0,"[183, 189, 193, 196, 201]",0.014775414019823074,"[183, 189, 193, 196, 201]",1.0,0,1,201,112702,340,761,0.7910602910602911,0,0,4,0.0,2.0252631578947367,274,475,0.0,0.004975124378109453,0.009492410331554433,complete_windows,0,001_00,340,"[336, 337, 338, 339, 340]",206,0.99365234375,2035,2048,0.588363132974269,synthetic/pilot_v2_r1/train/001,11111,379660
0,"[189, 193, 196, 201, 208]",0.013796048238873482,"[189, 193, 196, 201, 208]",1.0,0,0,208,113063,341,779,0.7892603850050659,0,0,4,0.0,2.069182389937107,269,477,0.0,0.0,0.010199378912365874,complete_windows,0,001_00,341,"[337, 338, 339, 340, 341]",206,0.9892578125,2026,2048,0.5845024878351902,synthetic/pilot_v2_r1/train/001,11111,382560
0,"[193, 196, 201, 208, 213]",0.013900182209908962,"[193, 196, 201, 208, 213]",1.0,0,1,213,113151,342,798,0.7893175074183977,1,1,4,0.0,2.119496855345912,264,477,0.004694835680751174,0.004694835680751174,0.011019172161883788,complete_windows,0,001_00,342,"[338, 339, 340, 341, 342]",206,0.99267578125,2033,2048,0.5788319208293202,synthetic/pilot_v2_r1/train/001,11111,383364
0,"[196, 201, 208, 213, 221]",0.013886619359254837,"[196, 201, 208, 213, 221]",1.0045454545454546,0,0,220,113316,343,818,0.7872954764196343,0,0,4,0.0,2.1422680412371133,265,485,0.0,0.0,0.011890084902513441,complete_windows,0,001_00,343,"[339, 340, 341, 342, 343]",206,0.9931640625,2034,2048,0.5793430360738432,synthetic/pilot_v2_r1/train/001,11111,385111
0,"[201, 208, 213, 221, 229]",0.01251242309808731,"[201, 208, 213, 221, 229]",1.0,0,0,229,113626,344,843,0.7863805970149254,0,0,4,0.0,2.122772277227723,276,505,0.0,0.0,0.011944651115047578,complete_windows,0,001_00,344,"[340, 341, 342, 343, 344]",206,0.99462890625,2037,2048,0.5653536776556238,synthetic/pilot_v2_r1/train/001,11111,384731
0,"[208, 213, 221, 229, 233]",0.01286718063056469,"[208, 213, 221, 229, 233]",1.0,0,0,233,113994,345,871,0.7889492753623188,0,0,4,0.0,2.1861386138613863,272,505,0.0,0.0,0.01210184814047557,complete_windows,0,001_00,345,"[341, 342, 343, 344, 345]",206,0.98876953125,2025,2048,0.5791633372962105,synthetic/pilot_v2_r1/train/001,11111,384654
0,"[213, 221, 229, 233, 237]",0.01439337246119976,"[213, 221, 229, 233, 237]",1.0042372881355932,0,0,236,114011,346,896,0.7908208296557812,0,0,4,0.0,2.248015873015873,268,504,0.0,0.0,0.012438398353230266,complete_windows,0,001_00,346,"[342, 343, 344, 345, 346]",206,0.99267578125,2033,2048,0.5805062147430379,synthetic/pilot_v2_r1/train/001,11111,385902
0,"[221, 229, 233, 237, 246]",0.015366878360509872,"[221, 229, 233, 237, 246]",1.0123456790123457,0,1,243,114337,347,920,0.7890222984562607,1,1,4,0.0,2.3134920634920637,261,504,0.00411522633744856,0.00411522633744856,0.012403966373165386,complete_windows,0,001_00,347,"[343, 344, 345, 346, 347]",206,0.9931640625,2034,2048,0.5725524728980129,synthetic/pilot_v2_r1/train/001,11111,385272
0,"[229, 233, 237, 246, 252]",0.012340852059423923,"[229, 233, 237, 246, 252]",1.0202429149797572,0,0,247,114636,348,945,0.7894736842105263,0,0,4,0.0,2.288718929254302,276,523,0.0,0.0,0.012718904237657156,complete_windows,0,001_00,348,"[344, 345, 346, 347, 348]",206,0.99169921875,2031,2048,0.5809035358261403,synthetic/pilot_v2_r1/train/001,11111,390945
0,"[233, 237, 246, 252, 260]",0.015776678919792175,"[233, 237, 246, 252, 260]",1.0276679841897234,0,4,253,114759,349,968,0.7882736156351792,3,3,4,0.0,2.4220907297830374,254,507,0.011857707509881422,0.015810276679841896,0.012985891797693402,complete_windows,0,001_00,349,"[345, 346, 347, 348, 349]",206,0.99462890625,2037,2048,0.5754559332540147,synthetic/pilot_v2_r1/train/001,11111,389930
0,"[237, 246, 252, 260, 272]",0.013742370530962944,"[237, 246, 252, 260, 272]",1.0187265917602997,0,1,267,115034,350,995,0.7853196527229677,1,1,4,0.0,2.4133333333333336,258,525,0.003745318352059925,0.003745318352059925,0.012234706951628146,complete_windows,0,001_00,350,"[346, 347, 348, 349, 350]",206,0.99365234375,2035,2048,0.5751583715519345,synthetic/pilot_v2_r1/train/001,11111,389553
0,"[246, 252, 260, 272, 280]",0.011656275950372219,"[246, 252, 260, 272, 280]",1.018181818181818,0,0,275,115316,351,1030,0.7862595419847328,0,0,4,0.0,2.4716981132075473,255,530,0.0,0.0,0.01243150487036471,complete_windows,0,001_00,351,"[347, 348, 349, 350, 351]",206,0.99072265625,2029,2048,0.5886887827183296,synthetic/pilot_v2_r1/train/001,11111,387217
0,"[252, 260, 272, 280, 285]",0.013980059884488583,"[252, 260, 272, 280, 285]",1.0555555555555556,0,0,270,115464,352,1064,0.7887323943661971,0,0,4,0.0,2.5695238095238095,255,525,0.0,0.0,0.012381514130195042,complete_windows,0,001_00,352,"[348, 349, 350, 351, 352]",206,0.9853515625,2018,2048,0.5919981395924472,synthetic/pilot_v2_r1/train/001,11111,386699
0,"[260, 272, 280, 285, 292]",0.011678509414196014,"[260, 272, 280, 285, 292]",1.0503597122302157,0,0,278,116006,353,1097,0.7897768178545717,0,0,4,0.0,2.655831739961759,245,523,0.0,0.0,0.012459881579628258,complete_windows,0,001_00,353,"[349, 350, 351, 352, 353]",206,0.9912109375,2030,2048,0.6121973240933014,synthetic/pilot_v2_r1/train/001,11111,385805
0,"[272, 280, 285, 292, 305]",0.01228620670735836,"[272, 280, 285, 292, 305]",1.073943661971831,0,0,284,116103,354,1129,0.7873082287308228,0,0,4,0.0,2.7418738049713194,239,523,0.0,0.0,0.013476813979044782,complete_windows,0,001_00,354,"[350, 351, 352, 353, 354]",206,0.9912109375,2030,2048,0.6351746585404092,synthetic/pilot_v2_r1/train/001,11111,386595
0,"[280, 285, 292, 305, 319]",0.010806521400809288,"[280, 285, 292, 305, 319]",1.070469798657718,0,0,298,116210,355,1162,0.7846049966239028,0,0,4,0.0,2.875728155339806,217,515,0.0,0.0,0.013621785428337925,complete_windows,0,001_00,355,"[351, 352, 353, 354, 355]",206,0.9873046875,2022,2048,0.6558191799318478,synthetic/pilot_v2_r1/train/001,11111,392054
0,"[285, 292, 305, 319, 335]",0.012442456558346748,"[285, 292, 305, 319, 335]",1.0737179487179487,0,0,312,116581,356,1201,0.7819010416666666,0,0,4,0.0,2.9825242718446603,203,515,0.0,0.0,0.014489944469371912,complete_windows,0,001_00,356,"[352, 353, 354, 355, 356]",206,0.98828125,2024,2048,0.6938751306148006,synthetic/pilot_v2_r1/train/001,11111,395409
0,"[292, 305, 319, 335, 351]",0.011517386883497238,"[292, 305, 319, 335, 351]",1.110759493670886,0,1,316,116760,357,1251,0.7808988764044944,0,0,4,0.0,3.063097514340344,207,523,0.0,0.0031645569620253164,0.015179045318041666,complete_windows,0,001_00,357,"[353, 354, 355, 356, 357]",206,0.9873046875,2022,2048,0.7187748835864751,synthetic/pilot_v2_r1/train/001,11111,396752
0,"[305, 319, 335, 351, 369]",0.012122249230742455,"[305, 319, 335, 351, 369]",1.1459627329192548,0,5,322,116702,358,1310,0.7802263251935676,2,2,4,0.0,3.0807339449541282,223,545,0.006211180124223602,0.015527950310559006,0.014902800079266611,complete_windows,0,001_00,358,"[354, 355, 356, 357, 358]",206,0.98291015625,2013,2048,0.7402534944596068,synthetic/pilot_v2_r1/train/001,11111,398186
0,"[319, 335, 351, 369, 386]",0.008806636556982994,"[319, 335, 351, 369, 386]",1.1876923076923076,0,1,325,116817,359,1374,0.7806818181818181,1,1,4,0.0,3.120567375886525,239,564,0.003076923076923077,0.003076923076923077,0.015013026104437175,complete_windows,0,001_00,359,"[355, 356, 357, 358, 359]",206,0.99072265625,2029,2048,0.7754752707030276,synthetic/pilot_v2_r1/train/001,11111,396818
0,"[335, 351, 369, 386, 403]",0.00921102985739708,"[335, 351, 369, 386, 403]",1.1994047619047619,0,0,336,116927,360,1441,0.7814533622559653,0,0,4,0.0,3.281138790035587,226,562,0.0,0.0,0.014903136414827472,complete_windows,0,001_00,360,"[356, 357, 358, 359, 360]",206,0.98583984375,2019,2048,0.8036004633366779,synthetic/pilot_v2_r1/train/001,11111,398193
0,"[351, 369, 386, 403, 425]",0.010187666863203049,"[351, 369, 386, 403, 425]",1.261127596439169,0,0,337,117100,361,1509,0.7802481902792141,0,0,4,0.0,3.4049295774647885,231,568,0.0,0.0,0.014151281734834327,complete_windows,0,001_00,361,"[357, 358, 359, 360, 361]",206,0.98876953125,2025,2048,0.8312725274040823,synthetic/pilot_v2_r1/train/001,11111,399072
0,"[369, 386, 403, 425, 455]",0.008284831419587135,"[369, 386, 403, 425, 455]",1.2745098039215685,0,0,357,117149,362,1583,0.7767419038272817,0,0,4,0.0,3.556719022687609,216,573,0.0,0.0,0.013381444815018491,complete_windows,0,001_00,362,"[358, 359, 360, 361, 362]",206,0.9853515625,2018,2048,0.8670447239956256,synthetic/pilot_v2_r1/train/001,11111,400502
0,"[386, 403, 425, 455, 481]",0.008567183278501034,"[386, 403, 425, 455, 481]",1.3782234957020056,0,0,349,117444,363,1669,0.7762790697674419,0,0,4,0.0,3.7521815008726005,224,573,0.0,0.0,0.012747530298274507,complete_windows,0,001_00,363,"[359, 360, 361, 362, 363]",206,0.98828125,2024,2048,0.9110720695156329,synthetic/pilot_v2_r1/train/001,11111,403526
0,"[403, 425, 455, 481, 521]",0.008228205144405365,"[403, 425, 455, 481, 521]",1.3358974358974358,0,1,390,117476,364,1764,0.7719912472647702,1,1,4,0.0,3.9464594127806563,189,579,0.002564102564102564,0.002564102564102564,0.011430041660749226,complete_windows,0,001_00,364,"[360, 361, 362, 363, 364]",206,0.98583984375,2019,2048,0.9372030791853933,synthetic/pilot_v2_r1/train/001,11111,404712
0,"[425, 455, 481, 521, 557]",0.0076860785484313965,"[425, 455, 481, 521, 557]",1.4209183673469388,0,0,392,117565,365,1882,0.7716277162771628,0,0,4,0.0,4.190721649484536,190,582,0.0,0.0,0.01032328408647868,complete_windows,0,001_00,365,"[361, 362, 363, 364, 365]",206,0.98681640625,2021,2048,0.9718602712025562,synthetic/pilot_v2_r1/train/001,11111,405049
0,"[455, 481, 521, 557, 593]",0.008498623967170715,"[455, 481, 521, 557, 593]",1.4862155388471179,0,0,399,117707,366,2014,0.7725354813962408,0,0,4,0.0,4.549738219895288,174,573,0.0,0.0,0.009396168403151616,complete_windows,0,001_00,366,"[362, 363, 364, 365, 366]",206,0.9873046875,2022,2048,1.0058080379122567,synthetic/pilot_v2_r1/train/001,11111,406440
0,"[481, 521, 557, 593, 643]",0.008050492033362389,"[481, 521, 557, 593, 643]",1.5456730769230769,0,0,416,117880,367,2152,0.7699463327370304,0,0,4,0.0,4.761499148211244,171,587,0.0,0.0,0.00804911872269013,complete_windows,0,001_00,367,"[363, 364, 365, 366, 367]",206,0.98486328125,2017,2048,1.0280738673167489,synthetic/pilot_v2_r1/train/001,11111,407517
0,"[521, 557, 593, 643, 692]",0.00806993618607521,"[521, 557, 593, 643, 692]",1.675544794188862,0,0,413,117820,368,2314,0.7697937458416501,0,0,4,0.0,5.094915254237288,177,590,0.0,0.0,0.007353095678463237,complete_windows,0,001_00,368,"[364, 365, 366, 367, 368]",206,0.982421875,2012,2048,1.0639047755464062,synthetic/pilot_v2_r1/train/001,11111,405950
0,"[557, 593, 643, 692, 755]",0.0076995776034891605,"[557, 593, 643, 692, 755]",1.75990675990676,0,1,429,117838,369,2485,0.7669753086419753,0,0,4,0.0,5.285481239804241,184,613,0.0,0.002331002331002331,0.006606434965846681,complete_windows,0,001_00,369,"[365, 366, 367, 368, 369]",206,0.986328125,2020,2048,1.0914385333815355,synthetic/pilot_v2_r1/train/001,11111,406403
0,"[593, 643, 692, 755, 819]",0.007206309586763382,"[593, 643, 692, 755, 819]",1.832214765100671,0,0,447,117757,370,2683,0.7661336379211879,0,0,4,0.0,5.471875,193,640,0.0,0.0,0.005989570394472258,complete_windows,0,001_00,370,"[366, 367, 368, 369, 370]",206,0.9873046875,2022,2048,1.113440256220968,synthetic/pilot_v2_r1/train/001,11111,408601
0,"[643, 692, 755, 819, 896]",0.007244247477501631,"[643, 692, 755, 819, 896]",1.960612691466083,0,0,457,117619,371,2909,0.7645203679369251,0,0,4,0.0,6.097756410256411,167,624,0.0,0.0,0.0065992771578003845,complete_windows,0,001_00,371,"[367, 368, 369, 370, 371]",206,0.97705078125,2001,2048,1.1401810756512147,synthetic/pilot_v2_r1/train/001,11111,409173
0,"[692, 755, 819, 896, 933]",0.007937641814351082,"[692, 755, 819, 896, 933]",2.139908256880734,0,0,436,117427,372,3162,0.7721611721611722,0,0,4,0.0,6.408450704225352,203,639,0.0,0.0,0.007928366146325225,complete_windows,0,001_00,372,"[368, 369, 370, 371, 372]",206,0.98193359375,2011,2048,1.1586209259673026,synthetic/pilot_v2_r1/train/001,11111,409499
0,"[755, 819, 896, 933, 933]",0.007133149541914463,"[755, 819, 896, 933, 933]",2.2481927710843372,0,0,415,117268,373,3403,0.7848247232472325,0,0,4,0.0,6.6503067484662575,237,652,0.0,0.0,0.008219509823043392,complete_windows,0,001_00,373,"[369, 370, 371, 372, 373]",206,0.98828125,2024,2048,1.170007767325071,synthetic/pilot_v2_r1/train/001,11111,407758
0,"[819, 896, 933, 933, 909]",0.00664092181250453,"[819, 896, 933, 933, 909]",2.4047619047619047,0,0,378,117258,374,3581,0.7975501113585746,0,0,4,0.0,7.093206951026856,255,633,0.0,0.0,0.007385478935270669,complete_windows,0,001_00,374,"[370, 371, 372, 373, 374]",206,0.9794921875,2006,2048,1.1840390443808124,synthetic/pilot_v2_r1/train/001,11111,405714
0,"[896, 933, 933, 909, 867]",0.006440895609557629,"[896, 933, 933, 909, 867]",2.4630681818181817,0,0,352,117040,375,3671,0.8089466725429705,0,0,4,0.0,7.284109149277689,271,623,0.0,0.0,0.006162755428425961,complete_windows,0,001_00,375,"[371, 372, 373, 374, 375]",206,0.97705078125,2001,2048,1.1824773770611796,synthetic/pilot_v2_r1/train/001,11111,407299
0,"[933, 933, 909, 867, 831]",0.005866432096809149,"[933, 933, 909, 867, 831]",2.556923076923077,0,0,325,116910,376,3642,0.8142186452045607,0,0,4,0.0,7.393388429752066,280,605,0.0,0.0,0.004689479038571667,complete_windows,0,001_00,376,"[372, 373, 374, 375, 376]",206,0.984375,2016,2048,1.1855477931312053,synthetic/pilot_v2_r1/train/001,11111,407988
0,"[933, 909, 867, 831, 788]",0.005697408691048622,"[933, 909, 867, 831, 788]",2.5921052631578947,0,0,304,116871,377,3540,0.8179297597042514,0,0,4,0.0,7.6601769911504425,261,565,0.0,0.0,0.002687353124397738,complete_windows,0,001_00,377,"[373, 374, 375, 376, 377]",206,0.9853515625,2018,2048,1.207543538042578,synthetic/pilot_v2_r1/train/001,11111,405341
0,"[909, 867, 831, 788, 743]",0.00600170623511076,"[909, 867, 831, 788, 743]",2.6347517730496453,0,0,282,116680,378,3395,0.8204446592556791,0,0,4,0.0,7.837121212121212,246,528,0.0,0.0,0.0014898956103840857,complete_windows,0,001_00,378,"[374, 375, 376, 377, 378]",206,0.984375,2016,2048,1.2214170744655641,synthetic/pilot_v2_r1/train/001,11111,403426
0,"[867, 831, 788, 743, 712]",0.005675125401467085,"[867, 831, 788, 743, 712]",2.6867924528301885,0,0,265,116409,379,3229,0.8193351941131692,0,0,4,0.0,8.296842105263158,210,475,0.0,0.0,0.0028588727201905224,complete_windows,0,001_00,379,"[375, 376, 377, 378, 379]",206,0.9794921875,2006,2048,1.2433775486688663,synthetic/pilot_v2_r1/train/001,11111,401612
0,"[831, 788, 743, 712, 675]",0.005683980416506529,"[831, 788, 743, 712, 675]",2.7777777777777777,0,0,243,116294,380,3074,0.8199519871965858,0,0,4,0.0,8.67824074074074,189,432,0.0,0.0,0.005963859404741957,complete_windows,0,001_00,380,"[376, 377, 378, 379, 380]",206,0.9814453125,2010,2048,1.2628800247049026,synthetic/pilot_v2_r1/train/001,11111,399337
0,"[788, 743, 712, 675, 645]",0.005724934861063957,"[788, 743, 712, 675, 645]",2.654320987654321,0,0,243,115935,381,2918,0.8189727757507719,0,0,4,0.0,8.775862068965518,163,406,0.0,0.0,0.008838211180119659,complete_windows,0,001_00,381,"[377, 378, 379, 380, 381]",206,0.98193359375,2011,2048,1.2797589287051103,synthetic/pilot_v2_r1/train/001,11111,398615
0,"[743, 712, 675, 645, 641]",0.006857215892523527,"[743, 712, 675, 645, 641]",2.7046413502109705,0,0,237,115543,382,2775,0.8123536299765808,0,0,4,0.0,9.462603878116344,124,361,0.0,0.0,0.011967608951750872,complete_windows,0,001_00,382,"[378, 379, 380, 381, 382]",206,0.9794921875,2006,2048,1.2822689395586824,synthetic/pilot_v2_r1/train/001,11111,398810
0,"[712, 675, 645, 641, 638]",0.005272924900054932,"[712, 675, 645, 641, 638]",2.8105726872246697,0,0,227,115252,383,2673,0.8073089700996677,0,0,4,0.0,9.353107344632768,127,354,0.0,0.0,0.015462872497572068,complete_windows,0,001_00,383,"[379, 380, 381, 382, 383]",206,0.97705078125,2001,2048,1.2988789353588213,synthetic/pilot_v2_r1/train/001,11111,399390
0,"[675, 645, 641, 638, 645]",0.0059630959294736385,"[675, 645, 641, 638, 645]",2.698744769874477,0,0,239,114787,384,2599,0.8011713933415536,0,0,4,0.0,9.654761904761905,97,336,0.0,0.0,0.017471767214274857,complete_windows,0,001_00,384,"[380, 381, 382, 383, 384]",206,0.9736328125,1994,2048,1.3062262650387035,synthetic/pilot_v2_r1/train/001,11111,399118
0,"[645, 641, 638, 645, 645]",0.0067018670961260796,"[645, 641, 638, 645, 645]",2.665289256198347,0,0,242,114506,385,2569,0.7993154947106409,0,0,4,0.0,10.170886075949367,74,316,0.0,0.0,0.019938755564251683,complete_windows,0,001_00,385,"[381, 382, 383, 384, 385]",206,0.98095703125,2009,2048,1.3020436551013777,synthetic/pilot_v2_r1/train/001,11111,397256
0,"[641, 638, 645, 645, 680]",0.005533669609576464,"[641, 638, 645, 645, 680]",2.585551330798479,0,0,263,114148,386,2569,0.7907048322560788,0,0,4,0.0,9.444767441860465,81,344,0.0,0.0,0.020851111088566705,complete_windows,0,001_00,386,"[382, 383, 384, 385, 386]",206,0.9833984375,2014,2048,1.3192689686818118,synthetic/pilot_v2_r1/train/001,11111,392893
0,"[638, 645, 645, 680, 735]",0.005984152667224407,"[638, 645, 645, 680, 735]",2.672727272727273,0,0,275,113679,387,2608,0.7801376009572241,0,0,4,0.0,9.364145658263306,82,357,0.0,0.0,0.020761124390069347,complete_windows,0,001_00,387,"[383, 384, 385, 386, 387]",206,0.982421875,2012,2048,1.3126215706449558,synthetic/pilot_v2_r1/train/001,11111,390260
0,"[645, 645, 680, 735, 776]",0.005307428538799286,"[645, 645, 680, 735, 776]",2.5866666666666664,0,0,300,113004,388,2705,0.7770755530020109,0,0,4,0.0,8.768261964735517,97,397,0.0,0.0,0.021951718565706213,complete_windows,0,001_00,388,"[384, 385, 386, 387, 388]",206,0.97802734375,2003,2048,1.3052875485647322,synthetic/pilot_v2_r1/train/001,11111,388645
0,"[645, 680, 735, 776, 832]",0.0051302132196724415,"[645, 680, 735, 776, 832]",2.411594202898551,0,0,345,112539,389,2836,0.7731733914940022,0,0,4,0.0,8.169265033407573,104,449,0.0,0.0,0.022965797011270647,complete_windows,0,001_00,389,"[385, 386, 387, 388, 389]",206,0.97998046875,2007,2048,1.313427224061095,synthetic/pilot_v2_r1/train/001,11111,385621
0,"[680, 735, 776, 832, 848]",0.006258834153413773,"[680, 735, 776, 832, 848]",2.3169398907103824,0,0,366,111949,390,3023,0.780935158873676,0,0,4,0.0,7.981443298969072,119,485,0.0,0.0,0.02244563153709309,complete_windows,0,001_00,390,"[386, 387, 388, 389, 390]",206,0.986328125,2020,2048,1.2947163935012391,synthetic/pilot_v2_r1/train/001,11111,382531
0,"[735, 776, 832, 848, 866]",0.006330555304884911,"[735, 776, 832, 848, 866]",2.1704260651629075,0,0,399,111286,391,3191,0.7865417796401282,0,0,4,0.0,7.5690298507462686,137,536,0.0,0.0,0.022528384285342748,complete_windows,0,001_00,391,"[387, 388, 389, 390, 391]",206,0.98388671875,2015,2048,1.2878566812297847,synthetic/pilot_v2_r1/train/001,11111,378543
0,"[776, 832, 848, 866, 860]",0.006253858096897602,"[776, 832, 848, 866, 860]",2.097560975609756,0,0,410,110705,392,3322,0.7943567670970827,0,0,4,0.0,7.5215827338129495,146,556,0.0,0.0,0.02289354986602539,complete_windows,0,001_00,392,"[388, 389, 390, 391, 392]",206,0.98876953125,2025,2048,1.2895677938670902,synthetic/pilot_v2_r1/train/001,11111,376112
0,"[832, 848, 866, 860, 838]",0.006504974327981472,"[832, 848, 866, 860, 838]",1.9088838268792712,0,0,439,110112,393,3406,0.8025447690857681,0,0,4,0.0,7.132773109243698,156,595,0.0,0.0,0.024276588341936696,complete_windows,0,001_00,393,"[389, 390, 391, 392, 393]",206,0.98681640625,2021,2048,1.2795421282905588,synthetic/pilot_v2_r1/train/001,11111,373232
0,"[848, 866, 860, 838, 795]",0.007365427445620298,"[848, 866, 860, 838, 795]",1.6914893617021276,0,0,470,109587,394,3412,0.8110292369859757,0,0,4,0.0,6.709728867623604,157,627,0.0,0.0,0.027781287758392396,complete_windows,0,001_00,394,"[390, 391, 392, 393, 394]",206,0.98876953125,2025,2048,1.2740342489027967,synthetic/pilot_v2_r1/train/001,11111,368077
0,"[866, 860, 838, 795, 724]",0.008393540047109127,"[866, 860, 838, 795, 724]",1.6492027334851935,0,0,439,108977,395,3359,0.8226794024001959,0,0,4,0.0,6.419811320754717,197,636,0.0,0.0,0.030635788842928044,complete_windows,0,001_00,395,"[391, 392, 393, 394, 395]",206,0.9755859375,1998,2048,1.2649643998291062,synthetic/pilot_v2_r1/train/001,11111,365980
0,"[860, 838, 795, 724, 663]",0.008833724074065685,"[860, 838, 795, 724, 663]",1.5673758865248226,0,0,423,108522,396,3217,0.8291237113402062,0,0,4,0.0,6.148969889064976,208,631,0.0,0.0,0.033301157073977586,complete_windows,0,001_00,396,"[392, 393, 394, 395, 396]",206,0.98486328125,2017,2048,1.2352397986245578,synthetic/pilot_v2_r1/train/001,11111,361642
0,"[838, 795, 724, 663, 608]",0.009331563487648964,"[838, 795, 724, 663, 608]",1.4721549636803875,0,2,413,107896,397,3020,0.8324145534729879,1,1,4,0.0,5.731437598736177,220,633,0.002421307506053269,0.004842615012106538,0.03480737718064293,complete_windows,0,001_00,397,"[393, 394, 395, 396, 397]",206,0.98974609375,2027,2048,1.1884000133233548,synthetic/pilot_v2_r1/train/001,11111,358380
0,"[795, 724, 663, 608, 562]",0.009579927660524845,"[795, 724, 663, 608, 562]",1.4085213032581454,0,1,399,107448,398,2790,0.8323389021479713,1,1,4,0.0,5.3632,226,625,0.002506265664160401,0.002506265664160401,0.03478882210479759,complete_windows,0,001_00,398,"[394, 395, 396, 397, 398]",206,0.99462890625,2037,2048,1.160145007218402,synthetic/pilot_v2_r1/train/001,11111,353722
0,"[724, 663, 608, 562, 519]",0.008626437745988369,"[724, 663, 608, 562, 519]",1.3622047244094488,0,1,381,107057,399,2557,0.8312743823146944,1,1,4,0.0,5.1096345514950166,221,602,0.0026246719160104987,0.0026246719160104987,0.03415294345233109,complete_windows,0,001_00,399,"[395, 396, 397, 398, 399]",206,0.9892578125,2026,2048,1.0988508033248765,synthetic/pilot_v2_r1/train/001,11111,351239
0,"[663, 608, 562, 519, 494]",0.010398178361356258,"[663, 608, 562, 519, 494]",1.3103448275862069,0,2,377,106471,400,2352,0.8264230498945889,1,1,4,0.0,4.696369636963697,229,606,0.002652519893899204,0.005305039787798408,0.03289217862112589,complete_windows,0,001_00,400,"[396, 397, 398, 399, 400]",206,0.990234375,2028,2048,1.04959242365135,synthetic/pilot_v2_r1/train/001,11111,348084
0,"[608, 562, 519, 494, 456]",0.011003300547599792,"[608, 562, 519, 494, 456]",1.291784702549575,0,0,353,105957,401,2183,0.8272072754831375,0,0,4,0.0,4.270226537216828,265,618,0.0,0.0,0.03176991607354559,complete_windows,0,001_00,401,"[397, 398, 399, 400, 401]",206,0.99609375,2040,2048,0.997741020126535,synthetic/pilot_v2_r1/train/001,11111,344628
0,"[562, 519, 494, 456, 438]",0.011249993927776814,"[562, 519, 494, 456, 438]",1.2407932011331444,0,1,353,105455,402,2031,0.8226002430133658,0,0,4,0.0,4.0945273631840795,250,603,0.0,0.0028328611898017,0.031030810787634384,complete_windows,0,001_00,402,"[398, 399, 400, 401, 402]",206,0.9921875,2032,2048,0.9250714436681605,synthetic/pilot_v2_r1/train/001,11111,342642
0,"[519, 494, 456, 438, 415]",0.010414826683700085,"[519, 494, 456, 438, 415]",1.1756373937677054,0,1,353,104973,403,1907,0.8212747631352283,1,1,4,0.0,3.9289340101522843,238,591,0.0028328611898017,0.0028328611898017,0.031083653511004058,complete_windows,0,001_00,403,"[399, 400, 401, 402, 403]",206,0.9912109375,2030,2048,0.8585992169698263,synthetic/pilot_v2_r1/train/001,11111,338287
0,"[494, 456, 438, 415, 400]",0.011704187840223312,"[494, 456, 438, 415, 400]",1.1764705882352942,0,0,340,104498,404,1803,0.8184294144348615,0,0,4,0.0,3.7982758620689654,240,580,0.0,0.0,0.031179020547614716,complete_windows,0,001_00,404,"[400, 401, 402, 403, 404]",206,0.99267578125,2033,2048,0.7859554832975809,synthetic/pilot_v2_r1/train/001,11111,332694
0,"[456, 438, 415, 400, 380]",0.013218404725193977,"[456, 438, 415, 400, 380]",1.162079510703364,0,0,327,103999,405,1709,0.8180947821924366,0,0,4,0.0,3.7170818505338077,235,562,0.0,0.0,0.03011956482014087,complete_windows,0,001_00,405,"[401, 402, 403, 404, 405]",206,0.9814453125,2010,2048,0.7148813524401506,synthetic/pilot_v2_r1/train/001,11111,329981
0,"[438, 415, 400, 380, 373]",0.011952456086874008,"[438, 415, 400, 380, 373]",1.0970588235294119,0,0,340,103747,406,1633,0.8140578265204387,0,0,4,0.0,3.377104377104377,254,594,0.0,0.0,0.02832262042000843,complete_windows,0,001_00,406,"[402, 403, 404, 405, 406]",206,0.98388671875,2015,2048,0.6423042441695491,synthetic/pilot_v2_r1/train/001,11111,328329
0,"[415, 400, 380, 373, 355]",0.010928931646049023,"[415, 400, 380, 373, 355]",1.126984126984127,0,4,315,103684,407,1568,0.8153926157046282,3,3,4,0.0,3.304123711340206,267,582,0.009523809523809525,0.012698412698412698,0.025579987938641136,complete_windows,0,001_00,407,"[403, 404, 405, 406, 407]",206,0.9912109375,2030,2048,0.5809696129112268,synthetic/pilot_v2_r1/train/001,11111,326856
0,"[400, 380, 373, 355, 350]",0.012792945839464664,"[400, 380, 373, 355, 350]",1.0903426791277258,0,0,321,103376,408,1508,0.8116254036598493,0,0,4,0.0,3.282685512367491,245,566,0.0,0.0,0.021486232487672646,complete_windows,0,001_00,408,"[404, 405, 406, 407, 408]",206,0.99169921875,2031,2048,0.5120946470435086,synthetic/pilot_v2_r1/train/001,11111,325110
0,"[380, 373, 355, 350, 348]",0.013804497197270393,"[380, 373, 355, 350, 348]",1.0909090909090908,0,0,319,103304,409,1458,0.8073089700996677,0,0,4,0.0,3.230769230769231,240,559,0.0,0.0,0.018404450615655158,complete_windows,0,001_00,409,"[405, 406, 407, 408, 409]",206,0.9931640625,2034,2048,0.43108579943450004,synthetic/pilot_v2_r1/train/001,11111,320273
0,"[373, 355, 350, 348, 342]",0.012091713957488537,"[373, 355, 350, 348, 342]",1.1140065146579805,0,1,307,103009,410,1426,0.8065610859728507,1,1,4,0.0,3.25,237,544,0.003257328990228013,0.003257328990228013,0.01458697889915079,complete_windows,0,001_00,410,"[406, 407, 408, 409, 410]",206,0.99658203125,2041,2048,0.35608664149275604,synthetic/pilot_v2_r1/train/001,11111,316921
0,"[355, 350, 348, 342, 337]",0.015035435557365417,"[355, 350, 348, 342, 337]",1.1013071895424837,0,2,306,102912,411,1395,0.8054272517321016,2,2,4,0.0,3.087344028520499,255,561,0.006535947712418301,0.006535947712418301,0.010701016881739689,complete_windows,0,001_00,411,"[407, 408, 409, 410, 411]",206,0.99560546875,2039,2048,0.2606401137220358,synthetic/pilot_v2_r1/train/001,11111,309503
0,"[350, 348, 342, 337, 333]",0.01187178585678339,"[350, 348, 342, 337, 333]",1.099009900990099,0,0,303,102865,412,1377,0.8052631578947368,0,0,4,0.0,3.0265486725663715,262,565,0.0,0.0,0.007137594447065906,complete_windows,0,001_00,412,"[408, 409, 410, 411, 412]",206,0.99755859375,2043,2048,0.18669583223176037,synthetic/pilot_v2_r1/train/001,11111,300875
0,"[348, 342, 337, 333, 338]",0.007333829998970032,"[348, 342, 337, 333, 338]",1.1081967213114754,0,0,305,102990,413,1360,0.800942285041225,0,0,4,0.0,3.2653846153846153,215,520,0.0,0.0,0.003715447963731837,complete_windows,0,001_00,413,"[409, 410, 411, 412, 413]",206,0.99658203125,2041,2048,0.1040479021361182,synthetic/pilot_v2_r1/train/001,11111,282088
0,"[342, 337, 333, 338, 336]",0.011323707178235054,"[342, 337, 333, 338, 336]",1.0980392156862746,0,0,306,103218,414,1350,0.800711743772242,0,0,4,0.0,3.4060606060606062,189,495,0.0,0.0,0.0019930490985187134,complete_windows,0,001_00,414,"[410, 411, 412, 413, 414]",206,0.98193359375,2011,2048,0.035160881557703236,synthetic/pilot_v2_r1/train/001,11111,274561
0,"[337, 333, 338, 336, 336]",0.01682455837726593,"[337, 333, 338, 336, 336]",1.0980392156862746,0,0,306,103225,415,1344,0.8,0,0,4,0.0,3.2369942196531793,213,519,0.0,0.0,0.0028974644996378404,complete_windows,0,001_00,415,"[411, 412, 413, 414, 415]",206,0.97900390625,2005,2048,0.014614754465391361,synthetic/pilot_v2_r1/train/001,11111,280346
0,"[333, 338, 336, 336, 338]",0.010805083438754082,"[333, 338, 336, 336, 338]",1.1045751633986929,0,1,306,103150,416,1343,0.7989292088042832,1,1,4,0.0,3.147940074906367,228,534,0.0032679738562091504,0.0032679738562091504,0.003771408411997601,complete_windows,0,001_00,416,"[412, 413, 414, 415, 416]",206,0.99560546875,2039,2048,0.01674442993520062,synthetic/pilot_v2_r1/train/001,11111,286327
0,"[338, 336, 336, 338, 337]",0.008328731171786785,"[338, 336, 336, 338, 337]",1.1049180327868853,0,1,305,103145,417,1348,0.8,1,1,4,0.0,3.1613508442776737,228,533,0.003278688524590164,0.003278688524590164,0.0039048465646758144,complete_windows,0,001_00,417,"[413, 414, 415, 416, 417]",206,0.99853515625,2045,2048,0.019743715422046556,synthetic/pilot_v2_r1/train/001,11111,281804
0,"[336, 336, 338, 337, 337]",0.004951648414134979,"[336, 336, 338, 337, 337]",1.1049180327868853,0,1,305,103251,418,1347,0.7998812351543944,1,1,4,0.0,3.5829787234042554,165,470,0.003278688524590164,0.003278688524590164,0.0029162318418420588,complete_windows,0,001_00,418,"[414, 415, 416, 417, 418]",206,0.99951171875,2047,2048,0.012016320233701546,synthetic/pilot_v2_r1/train/001,11111,250463
0,"[336, 338, 337, 337, 338]",0.0024181678891181946,"[336, 338, 337, 337, 338]",1.1045751633986929,0,0,306,103312,419,1348,0.7995255041518387,0,0,4,0.0,3.9027777777777777,126,432,0.0,0.0,0.000904795740409607,complete_windows,0,001_00,419,"[415, 416, 417, 418, 419]",206,0.9970703125,2042,2048,0.005568509490040279,synthetic/pilot_v2_r1/train/001,11111,218016
0,"[338, 337, 337, 338, 339]",0.007878264412283897,"[338, 337, 337, 338, 339]",1.1151315789473684,0,1,304,103353,420,1350,0.7992895204262878,1,1,4,0.0,4.01187648456057,117,421,0.003289473684210526,0.003289473684210526,0.0005491874082099786,complete_windows,0,001_00,420,"[416, 417, 418, 419, 420]",206,0.99755859375,2043,2048,0.006420444862750342,synthetic/pilot_v2_r1/train/001,11111,211734
0,"[337, 337, 338, 339, 339]",0.008299176581203938,"[337, 337, 338, 339, 339]",1.0970873786407767,0,1,309,103417,421,1351,0.7994082840236686,1,1,4,0.0,3.78076062639821,138,447,0.003236245954692557,0.003236245954692557,0.0008854654475042613,complete_windows,0,001_00,421,"[417, 418, 419, 420, 421]",206,0.99755859375,2043,2048,0.012825925408099596,synthetic/pilot_v2_r1/train/001,11111,212677
0,"[337, 338, 339, 339, 337]",0.0029654474928975105,"[337, 338, 339, 339, 337]",1.1049180327868853,0,0,305,103339,422,1353,0.8005917159763314,0,0,4,0.0,3.849658314350797,134,439,0.0,0.0,0.00039067888196422235,complete_windows,0,001_00,422,"[418, 419, 420, 421, 422]",206,0.998046875,2044,2048,0.004263785516722539,synthetic/pilot_v2_r1/train/001,11111,206971
0,"[338, 339, 339, 337, 336]",0.005194631405174732,"[338, 339, 339, 337, 336]",1.1016393442622952,0,0,305,103227,423,1353,0.8010657193605684,0,0,4,0.0,3.9555035128805622,122,427,0.0,0.0,0.00024633827276664073,complete_windows,0,001_00,423,"[419, 420, 421, 422, 423]",206,0.99853515625,2045,2048,0.005217550903415147,synthetic/pilot_v2_r1/train/001,11111,200428
0,"[339, 339, 337, 336, 339]",0.0035073733888566494,"[339, 339, 337, 336, 339]",1.1042345276872965,0,1,307,103457,424,1351,0.7994082840236686,1,1,4,0.0,3.9952718676122934,116,423,0.003257328990228013,0.003257328990228013,0.0002471512288881446,complete_windows,0,001_00,424,"[420, 421, 422, 423, 424]",206,0.99853515625,2045,2048,0.0034367606884920326,synthetic/pilot_v2_r1/train/001,11111,198604
0,"[339, 337, 336, 339, 338]",0.004116104915738106,"[339, 337, 336, 339, 338]",1.1045751633986929,0,0,306,103271,425,1351,0.7998815867377146,0,0,4,0.0,3.9006928406466512,127,433,0.0,0.0,0.0005672818287545799,complete_windows,0,001_00,425,"[421, 422, 423, 424, 425]",206,0.9970703125,2042,2048,0.008876856592162103,synthetic/pilot_v2_r1/train/001,11111,202092
0,"[337, 336, 339, 338, 338]",0.006471011321991682,"[337, 336, 339, 338, 338]",1.1155115511551155,0,0,303,103219,426,1350,0.7997630331753555,0,0,4,0.0,3.9074074074074074,129,432,0.0,0.0,0.00036559693181648583,complete_windows,0,001_00,426,"[422, 423, 424, 425, 426]",206,0.99951171875,2047,2048,0.007035269282335573,synthetic/pilot_v2_r1/train/001,11111,203894
0,"[336, 339, 338, 338, 337]",0.008914720267057419,"[336, 339, 338, 338, 337]",1.1013071895424837,0,0,306,103265,427,1351,0.8003554502369669,0,0,4,0.0,3.6457883369330455,157,463,0.0,0.0,0.000762931243348802,complete_windows,0,001_00,427,"[423, 424, 425, 426, 427]",206,0.99853515625,2045,2048,0.006480630421352014,synthetic/pilot_v2_r1/train/001,11111,209855
0,"[339, 338, 338, 337, 337]",0.0028762673027813435,"[339, 338, 338, 337, 337]",1.1158940397350994,0,0,302,103327,428,1352,0.8004736530491415,0,0,4,0.0,3.608974358974359,166,468,0.0,0.0,0.0006263579885815543,complete_windows,0,001_00,428,"[424, 425, 426, 427, 428]",206,1.0,2048,2048,0.005916897982252785,synthetic/pilot_v2_r1/train/001,11111,204912
0,"[338, 338, 337, 337, 337]",0.006197760812938213,"[338, 338, 337, 337, 337]",1.0977198697068404,0,0,307,103239,429,1350,0.8002371072910492,0,0,4,0.0,3.9324009324009324,122,429,0.0,0.0,0.0006324459043941941,complete_windows,0,001_00,429,"[425, 426, 427, 428, 429]",206,0.9990234375,2046,2048,0.00920589638269355,synthetic/pilot_v2_r1/train/001,11111,193940
0,"[338, 337, 337, 337, 336]",0.0017752343555912375,"[338, 337, 337, 337, 336]",1.0909090909090908,0,0,308,103411,430,1349,0.800593471810089,0,0,4,0.0,4.160493827160494,97,405,0.0,0.0,0.00018570803751331933,complete_windows,0,001_00,430,"[426, 427, 428, 429, 430]",206,0.99755859375,2043,2048,0.005902840125876285,synthetic/pilot_v2_r1/train/001,11111,186643
0,"[337, 337, 337, 336, 336]",0.003928775899112225,"[337, 337, 337, 336, 336]",1.1016393442622952,0,0,305,103331,431,1347,0.8003565062388592,0,0,4,0.0,4.2180451127819545,94,399,0.0,0.0,0.00017072063421045284,complete_windows,0,001_00,431,"[427, 428, 429, 430, 431]",206,0.9990234375,2046,2048,0.004482352433300021,synthetic/pilot_v2_r1/train/001,11111,187628
0,"[337, 337, 336, 336, 338]",0.004437334835529327,"[337, 337, 336, 336, 338]",1.1009771986970684,0,0,307,103297,432,1346,0.7992874109263658,0,0,4,0.0,4.241813602015113,90,397,0.0,0.0,0.0001950277665298198,complete_windows,0,001_00,432,"[428, 429, 430, 431, 432]",206,0.99755859375,2043,2048,0.0042863760819092725,synthetic/pilot_v2_r1/train/001,11111,192138
0,"[337, 336, 336, 338, 336]",0.005205734632909298,"[337, 336, 336, 338, 336]",1.1016393442622952,0,0,305,103320,433,1347,0.8003565062388592,0,0,4,0.0,3.997624703087886,116,421,0.0,0.0,0.000664608419071227,complete_windows,0,001_00,433,"[429, 430, 431, 432, 433]",206,0.99755859375,2043,2048,0.005342588805341148,synthetic/pilot_v2_r1/train/001,11111,202471
0,"[336, 336, 338, 336, 340]",0.009307490661740303,"[336, 336, 338, 336, 340]",1.1111111111111112,0,1,306,103335,434,1346,0.7983392645314353,1,1,4,0.0,3.755011135857461,143,449,0.0032679738562091504,0.0032679738562091504,0.0006733981912165073,complete_windows,0,001_00,434,"[430, 431, 432, 433, 434]",206,0.99658203125,2041,2048,0.015416926580787397,synthetic/pilot_v2_r1/train/001,11111,214178
0,"[336, 338, 336, 340, 336]",0.010133421048521996,"[336, 338, 336, 340, 336]",1.1162790697674418,0,1,301,103170,435,1350,0.800711743772242,1,1,4,0.0,3.5494736842105263,174,475,0.0033222591362126247,0.0033222591362126247,0.000885699089722379,complete_windows,0,001_00,435,"[431, 432, 433, 434, 435]",206,0.99951171875,2047,2048,0.01939620328444947,synthetic/pilot_v2_r1/train/001,11111,224669
0,"[338, 336, 340, 336, 338]",0.014835625886917114,"[338, 336, 340, 336, 338]",1.1081967213114754,0,0,305,103360,436,1350,0.7997630331753555,0,0,4,0.0,3.246153846153846,215,520,0.0,0.0,0.0012400298444350363,complete_windows,0,001_00,436,"[432, 433, 434, 435, 436]",206,0.998046875,2044,2048,0.030689445810950833,synthetic/pilot_v2_r1/train/001,11111,237125
0,"[336, 340, 336, 338, 335]",0.01389932632446289,"[336, 340, 336, 338, 335]",1.1019736842105263,0,0,304,103410,437,1350,0.8011869436201781,0,0,4,0.0,3.086080586080586,242,546,0.0,0.0,0.0012148132162911214,complete_windows,0,001_00,437,"[433, 434, 435, 436, 437]",206,0.99853515625,2045,2048,0.042562503946110775,synthetic/pilot_v2_r1/train/001,11111,244385
0,"[340, 336, 338, 335, 336]",0.013425886631011963,"[340, 336, 338, 335, 336]",1.0909090909090908,0,1,308,103415,438,1349,0.800593471810089,1,1,4,0.0,3.1852551984877127,221,529,0.003246753246753247,0.003246753246753247,0.0016812464960763633,complete_windows,0,001_00,438,"[434, 435, 436, 437, 438]",206,0.99560546875,2039,2048,0.04970735576958319,synthetic/pilot_v2_r1/train/001,11111,255599
0,"[336, 338, 335, 336, 342]",0.011825507506728172,"[336, 338, 335, 336, 342]",1.0822784810126582,0,0,316,103410,439,1345,0.7972732661529343,0,0,4,0.0,3.177024482109228,215,531,0.0,0.0,0.0022241656986977743,complete_windows,0,001_00,439,"[435, 436, 437, 438, 439]",206,0.99609375,2040,2048,0.06905041301874244,synthetic/pilot_v2_r1/train/001,11111,269144
0,"[338, 335, 336, 342, 345]",0.012601837515830994,"[338, 335, 336, 342, 345]",1.0952380952380953,0,1,315,103414,440,1351,0.7965801886792453,1,1,4,0.0,3.1582867783985105,222,537,0.0031746031746031746,0.0031746031746031746,0.003038687889789379,complete_windows,0,001_00,440,"[436, 437, 438, 439, 440]",206,0.99755859375,2043,2048,0.09064968517557792,synthetic/pilot_v2_r1/train/001,11111,279245
0,"[335, 336, 342, 345, 349]",0.012997846119105816,"[335, 336, 342, 345, 349]",1.073846153846154,0,0,325,103607,441,1358,0.7955477445811365,0,0,4,0.0,3.2638623326959846,198,523,0.0,0.0,0.0033658866901109864,complete_windows,0,001_00,441,"[437, 438, 439, 440, 441]",206,0.99560546875,2039,2048,0.10794510760081369,synthetic/pilot_v2_r1/train/001,11111,286126
0,"[336, 342, 345, 349, 354]",0.016454439610242844,"[336, 342, 345, 349, 354]",1.0759878419452888,0,1,329,103452,442,1372,0.7949015063731171,1,1,4,0.0,3.20817843866171,209,538,0.00303951367781155,0.00303951367781155,0.003328294267364316,complete_windows,0,001_00,442,"[438, 439, 440, 441, 442]",206,0.998046875,2044,2048,0.12498576825389081,synthetic/pilot_v2_r1/train/001,11111,293298
0,"[342, 345, 349, 354, 356]",0.013830432668328285,"[342, 345, 349, 354, 356]",1.1265822784810127,0,0,316,103686,443,1390,0.7961053837342497,0,0,4,0.0,3.151624548736462,238,554,0.0,0.0,0.0024930703780523477,complete_windows,0,001_00,443,"[439, 440, 441, 442, 443]",206,0.9951171875,2038,2048,0.15034847223866057,synthetic/pilot_v2_r1/train/001,11111,296848
0,"[345, 349, 354, 356, 363]",0.013995586894452572,"[345, 349, 354, 356, 363]",1.116923076923077,0,0,325,103845,444,1404,0.7945670628183361,0,0,4,0.0,3.094570928196147,246,571,0.0,0.0,0.0016898683915838307,complete_windows,0,001_00,444,"[440, 441, 442, 443, 444]",206,0.998046875,2044,2048,0.1673816374807703,synthetic/pilot_v2_r1/train/001,11111,296725
0,"[349, 354, 356, 363, 368]",0.014194021001458168,"[349, 354, 356, 363, 368]",1.1151515151515152,0,1,330,103874,445,1422,0.794413407821229,1,1,4,0.0,3.1569664902998236,237,567,0.0030303030303030303,0.0030303030303030303,0.001401483341461356,complete_windows,0,001_00,445,"[441, 442, 443, 444, 445]",206,0.99658203125,2041,2048,0.19852003962339915,synthetic/pilot_v2_r1/train/001,11111,301822
0,"[354, 356, 363, 368, 372]",0.012468818575143814,"[354, 356, 363, 368, 372]",1.1238670694864048,0,0,331,104009,446,1441,0.794815223386652,0,0,4,0.0,3.1204819277108435,250,581,0.0,0.0,0.0014860919458639234,complete_windows,0,001_00,446,"[442, 443, 444, 445, 446]",206,0.99560546875,2039,2048,0.21712606908791965,synthetic/pilot_v2_r1/train/001,11111,307074
0,"[356, 363, 368, 372, 375]",0.011003975756466389,"[356, 363, 368, 372, 375]",1.1261261261261262,0,2,333,104109,447,1459,0.7955288985823337,2,2,4,0.0,3.077181208053691,263,596,0.006006006006006006,0.006006006006006006,0.002889644915547066,complete_windows,0,001_00,447,"[443, 444, 445, 446, 447]",206,0.99072265625,2029,2048,0.23009684059157395,synthetic/pilot_v2_r1/train/001,11111,312275
0,"[363, 368, 372, 375, 378]",0.012896519154310226,"[363, 368, 372, 375, 378]",1.148936170212766,0,1,329,104391,448,1478,0.7963362068965517,0,0,4,0.0,3.256140350877193,241,570,0.0,0.00303951367781155,0.003932411652664263,complete_windows,0,001_00,448,"[444, 445, 446, 447, 448]",206,0.9931640625,2034,2048,0.2497798923648445,synthetic/pilot_v2_r1/train/001,11111,320662
1,"[0, 0, 0, 0, 0]",,"[0, 0, 0, 0, 0]",,0,0,0,116583,4,0,,0,0,0,,,0,0,,,0.055882439691468624,complete_windows,0,002_00,4,"[0, 1, 2, 3, 4]",206,0.98388671875,2015,2048,0.9663458588461507,synthetic/pilot_v2_r1/train/002,00000,396511
1,"[0, 0, 0, 0, 0]",,"[0, 0, 0, 0, 0]",,0,0,0,116791,5,0,,0,0,0,,,0,0,,,0.05682964938812921,complete_windows,0,002_00,5,"[1, 2, 3, 4, 5]",206,0.98388671875,2015,2048,0.9417122095308389,synthetic/pilot_v2_r1/train/002,00000,381929
1,"[0, 0, 0, 0, 0]",,"[0, 0, 0, 0, 0]",,0,0,0,117126,6,0,,0,0,0,,,0,0,,,0.058040769637014995,complete_windows,0,002_00,6,"[2, 3, 4, 5, 6]",206,0.98974609375,2027,2048,0.965195888385032,synthetic/pilot_v2_r1/train/002,00000,378259
1,"[0, 0, 0, 0, 0]",,"[0, 0, 0, 0, 0]",,0,0,0,117297,7,0,,0,0,0,,,0,0,,,0.059780262270065714,complete_windows,0,002_00,7,"[3, 4, 5, 6, 7]",206,0.990234375,2028,2048,0.9858028429850648,synthetic/pilot_v2_r1/train/002,00000,375552
1,"[0, 0, 0, 0, 0]",,"[0, 0, 0, 0, 0]",,0,0,0,117491,8,0,,0,0,0,,,0,0,,,0.060236773270322036,complete_windows,0,002_00,8,"[4, 5, 6, 7, 8]",206,0.9912109375,2030,2048,1.005267696927662,synthetic/pilot_v2_r1/train/002,00000,374759
1,"[0, 0, 0, 0, 0]",,"[0, 0, 0, 0, 0]",,0,0,0,117664,9,0,,0,0,0,,,0,0,,,0.061005502645824036,complete_windows,0,002_00,9,"[5, 6, 7, 8, 9]",206,0.98974609375,2027,2048,1.0220813685554533,synthetic/pilot_v2_r1/train/002,00000,380214
1,"[0, 0, 0, 0, 0]",,"[0, 0, 0, 0, 0]",,0,0,0,117816,10,0,,0,0,0,,,0,0,,,0.06305325732861693,complete_windows,0,002_00,10,"[6, 7, 8, 9, 10]",206,0.98828125,2024,2048,1.0224720118001567,synthetic/pilot_v2_r1/train/002,00000,382086
1,"[0, 0, 0, 0, 0]",,"[0, 0, 0, 0, 0]",,0,0,0,117827,11,0,,0,0,0,,,0,0,,,0.06544281322397204,complete_windows,0,002_00,11,"[7, 8, 9, 10, 11]",206,0.98388671875,2015,2048,1.0198269749268534,synthetic/pilot_v2_r1/train/002,00000,384664
1,"[0, 0, 0, 0, 0]",,"[0, 0, 0, 0, 0]",,0,0,0,118124,12,0,,0,0,0,,,0,0,,,0.06496903360013287,complete_windows,0,002_00,12,"[8, 9, 10, 11, 12]",206,0.9873046875,2022,2048,1.0192244990949888,synthetic/pilot_v2_r1/train/002,00000,384934
1,"[0, 0, 0, 0, 0]",,"[0, 0, 0, 0, 0]",,0,0,0,118163,13,0,,0,0,0,,,0,0,,,0.06258064121138437,complete_windows,0,002_00,13,"[9, 10, 11, 12, 13]",206,0.98779296875,2023,2048,1.0290860495002332,synthetic/pilot_v2_r1/train/002,00000,386396
1,"[0, 0, 0, 0, 0]",,"[0, 0, 0, 0, 0]",,0,0,0,118194,14,0,,0,0,0,,,0,0,,,0.06061945466890311,complete_windows,0,002_00,14,"[10, 11, 12, 13, 14]",206,0.9892578125,2026,2048,1.0320936266278606,synthetic/pilot_v2_r1/train/002,00000,382202
1,"[0, 0, 0, 0, 0]",,"[0, 0, 0, 0, 0]",,0,0,0,118212,15,0,,0,0,0,,,0,0,,,0.0600284197313791,complete_windows,0,002_00,15,"[11, 12, 13, 14, 15]",206,0.9814453125,2010,2048,1.0402343316167795,synthetic/pilot_v2_r1/train/002,00000,379140
1,"[0, 0, 0, 0, 0]",,"[0, 0, 0, 0, 0]",,0,0,0,118350,16,0,,0,0,0,,,0,0,,,0.05988758371271035,complete_windows,0,002_00,16,"[12, 13, 14, 15, 16]",206,0.9873046875,2022,2048,1.0357255716496157,synthetic/pilot_v2_r1/train/002,00000,378383
1,"[0, 0, 0, 0, 0]",,"[0, 0, 0, 0, 0]",,0,0,0,118128,17,0,,0,0,0,,,0,0,,,0.05995642280798513,complete_windows,0,002_00,17,"[13, 14, 15, 16, 17]",206,0.99169921875,2031,2048,1.0234080660283624,synthetic/pilot_v2_r1/train/002,00000,377693
1,"[0, 0, 0, 0, 0]",,"[0, 0, 0, 0, 0]",,0,0,0,118359,18,0,,0,0,0,,,0,0,,,0.05981346634662151,complete_windows,0,002_00,18,"[14, 15, 16, 17, 18]",206,0.9833984375,2014,2048,1.0235789177754357,synthetic/pilot_v2_r1/train/002,00000,377379
1,"[0, 0, 0, 0, 0]",,"[0, 0, 0, 0, 0]",,0,0,0,118242,19,0,,0,0,0,,,0,0,,,0.05936968902529027,complete_windows,0,002_00,19,"[15, 16, 17, 18, 19]",206,0.986328125,2020,2048,1.0083338029933215,synthetic/pilot_v2_r1/train/002,00000,380159
1,"[0, 0, 0, 0, 0]",,"[0, 0, 0, 0, 0]",,0,0,0,118458,20,0,,0,0,0,,,0,0,,,0.06003183170788444,complete_windows,0,002_00,20,"[16, 17, 18, 19, 20]",206,0.98583984375,2019,2048,1.0162174134784325,synthetic/pilot_v2_r1/train/002,00000,376706
1,"[0, 0, 0, 0, 0]",,"[0, 0, 0, 0, 0]",,0,0,0,117987,21,0,,0,0,0,,,0,0,,,0.06096073644314156,complete_windows,0,002_00,21,"[17, 18, 19, 20, 21]",206,0.986328125,2020,2048,1.0212284272052636,synthetic/pilot_v2_r1/train/002,00000,375703
1,"[0, 0, 0, 0, 0]",,"[0, 0, 0, 0, 0]",,0,0,0,117656,22,0,,0,0,0,,,0,0,,,0.058726412148327654,complete_windows,0,002_00,22,"[18, 19, 20, 21, 22]",206,0.9873046875,2022,2048,1.0106595945963222,synthetic/pilot_v2_r1/train/002,00000,376537
1,"[0, 0, 0, 0, 0]",,"[0, 0, 0, 0, 0]",,0,0,0,117503,23,0,,0,0,0,,,0,0,,,0.05359509870926982,complete_windows,0,002_00,23,"[19, 20, 21, 22, 23]",206,0.9912109375,2030,2048,1.018705143216683,synthetic/pilot_v2_r1/train/002,00000,377261
1,"[0, 0, 0, 0, 0]",,"[0, 0, 0, 0, 0]",,0,0,0,117221,24,0,,0,0,0,,,0,0,,,0.04736271304000362,complete_windows,0,002_00,24,"[20, 21, 22, 23, 24]",206,0.9892578125,2026,2048,1.0049344826468638,synthetic/pilot_v2_r1/train/002,00000,376024
1,"[0, 0, 0, 0, 0]",,"[0, 0, 0, 0, 0]",,0,0,0,117140,25,0,,0,0,0,,,0,0,,,0.041010165925127864,complete_windows,0,002_00,25,"[21, 22, 23, 24, 25]",206,0.9853515625,2018,2048,0.9917765515177844,synthetic/pilot_v2_r1/train/002,00000,374152
1,"[0, 0, 0, 0, 0]",,"[0, 0, 0, 0, 0]",,0,0,0,116730,26,0,,0,0,0,,,0,0,,,0.034593800329550714,complete_windows,0,002_00,26,"[22, 23, 24, 25, 26]",206,0.98828125,2024,2048,0.994510330458186,synthetic/pilot_v2_r1/train/002,00000,371956
1,"[0, 0, 0, 0, 0]",,"[0, 0, 0, 0, 0]",,0,0,0,116378,27,0,,0,0,0,,,0,0,,,0.028437019363485506,complete_windows,0,002_00,27,"[23, 24, 25, 26, 27]",206,0.98583984375,2019,2048,0.9848248929076272,synthetic/pilot_v2_r1/train/002,00000,377768
1,"[0, 0, 0, 0, 0]",,"[0, 0, 0, 0, 0]",,0,0,0,115958,28,0,,0,0,0,,,0,0,,,0.022481225054801164,complete_windows,0,002_00,28,"[24, 25, 26, 27, 28]",206,0.99267578125,2033,2048,0.986623196857455,synthetic/pilot_v2_r1/train/002,00000,379397
1,"[0, 0, 0, 0, 0]",,"[0, 0, 0, 0, 0]",,0,0,0,115685,29,0,,0,0,0,,,0,0,,,0.015782182807704073,complete_windows,0,002_00,29,"[25, 26, 27, 28, 29]",206,0.9892578125,2026,2048,0.9807528341862736,synthetic/pilot_v2_r1/train/002,00000,379485
1,"[0, 0, 0, 0, 0]",,"[0, 0, 0, 0, 0]",,0,0,0,115336,30,0,,0,0,0,,,0,0,,,0.010502168677713457,complete_windows,0,002_00,30,"[26, 27, 28, 29, 30]",206,0.97607421875,1999,2048,0.9799825494032863,synthetic/pilot_v2_r1/train/002,00000,378743
1,"[0, 0, 0, 0, 0]",,"[0, 0, 0, 0, 0]",,0,0,0,114906,31,0,,0,0,0,,,0,0,,,0.007163441763445441,complete_windows,0,002_00,31,"[27, 28, 29, 30, 31]",206,0.99267578125,2033,2048,0.9841477320765353,synthetic/pilot_v2_r1/train/002,00000,374695
1,"[0, 0, 0, 0, 0]",,"[0, 0, 0, 0, 0]",,0,0,0,114476,32,0,,0,0,0,,,0,0,,,0.006006617286761176,complete_windows,0,002_00,32,"[28, 29, 30, 31, 32]",206,0.982421875,2012,2048,0.9748001265997533,synthetic/pilot_v2_r1/train/002,00000,374611
1,"[0, 0, 0, 0, 0]",,"[0, 0, 0, 0, 0]",,0,0,0,114016,33,0,,0,0,0,,,0,0,,,0.009763584372020259,complete_windows,0,002_00,33,"[29, 30, 31, 32, 33]",206,0.9892578125,2026,2048,0.978659030675048,synthetic/pilot_v2_r1/train/002,00000,376023
1,"[0, 0, 0, 0, 0]",,"[0, 0, 0, 0, 0]",,0,0,0,113447,34,0,,0,0,0,,,0,0,,,0.015579268260661566,complete_windows,0,002_00,34,"[30, 31, 32, 33, 34]",206,0.98291015625,2013,2048,0.9698947174665248,synthetic/pilot_v2_r1/train/002,00000,377372
1,"[0, 0, 0, 0, 0]",,"[0, 0, 0, 0, 0]",,0,0,0,112884,35,0,,0,0,0,,,0,0,,,0.023852822526508947,complete_windows,0,002_00,35,"[31, 32, 33, 34, 35]",206,0.984375,2016,2048,0.9595449170597289,synthetic/pilot_v2_r1/train/002,00000,377463
1,"[0, 0, 0, 0, 0]",,"[0, 0, 0, 0, 0]",,0,0,0,112429,36,0,,0,0,0,,,0,0,,,0.0328532824344293,complete_windows,0,002_00,36,"[32, 33, 34, 35, 36]",206,0.982421875,2012,2048,0.9493939798881558,synthetic/pilot_v2_r1/train/002,00000,376552
1,"[0, 0, 0, 0, 0]",,"[0, 0, 0, 0, 0]",,0,0,0,111903,37,0,,0,0,0,,,0,0,,,0.04247667193918125,complete_windows,0,002_00,37,"[33, 34, 35, 36, 37]",206,0.98681640625,2021,2048,0.9197478685540015,synthetic/pilot_v2_r1/train/002,00000,374089
1,"[0, 0, 0, 0, 0]",,"[0, 0, 0, 0, 0]",,0,0,0,111463,38,0,,0,0,0,,,0,0,,,0.050166692315798705,complete_windows,0,002_00,38,"[34, 35, 36, 37, 38]",206,0.9853515625,2018,2048,0.8889324357225504,synthetic/pilot_v2_r1/train/002,00000,373721
1,"[0, 0, 0, 0, 0]",,"[0, 0, 0, 0, 0]",,0,0,0,111236,39,0,,0,0,0,,,0,0,,,0.05603099778786172,complete_windows,0,002_00,39,"[35, 36, 37, 38, 39]",206,0.986328125,2020,2048,0.8459253177967186,synthetic/pilot_v2_r1/train/002,00000,370577
1,"[0, 0, 0, 0, 0]",,"[0, 0, 0, 0, 0]",,0,0,0,110775,40,0,,0,0,0,,,0,0,,,0.061098800648611305,complete_windows,0,002_00,40,"[36, 37, 38, 39, 40]",206,0.98193359375,2011,2048,0.8040898951551883,synthetic/pilot_v2_r1/train/002,00000,371966
1,"[0, 0, 0, 0, 0]",,"[0, 0, 0, 0, 0]",,0,0,0,110498,41,0,,0,0,0,,,0,0,,,0.06373473989761069,complete_windows,0,002_00,41,"[37, 38, 39, 40, 41]",206,0.9931640625,2034,2048,0.749703299373467,synthetic/pilot_v2_r1/train/002,00000,370855
1,"[0, 0, 0, 0, 0]",,"[0, 0, 0, 0, 0]",,0,0,0,110303,42,0,,0,0,0,,,0,0,,,0.06570316066478686,complete_windows,0,002_00,42,"[38, 39, 40, 41, 42]",206,0.9912109375,2030,2048,0.709301516418182,synthetic/pilot_v2_r1/train/002,00000,367577
1,"[0, 0, 0, 0, 0]",,"[0, 0, 0, 0, 0]",,0,0,0,110173,43,0,,0,0,0,,,0,0,,,0.0677637882007117,complete_windows,0,002_00,43,"[39, 40, 41, 42, 43]",206,0.98388671875,2015,2048,0.6770738939445964,synthetic/pilot_v2_r1/train/002,00000,363823
1,"[0, 0, 0, 0, 0]",,"[0, 0, 0, 0, 0]",,0,0,0,109725,44,0,,0,0,0,,,0,0,,,0.07003283303114446,complete_windows,0,002_00,44,"[40, 41, 42, 43, 44]",206,0.97119140625,1989,2048,0.6364341610187706,synthetic/pilot_v2_r1/train/002,00000,362724
0,"[0, 0, 0, 0, 0]",0.0,"[0, 0, 0, 0, 1]",1.0,0,0,1,109644,45,0,0.0,0,0,0,0.0,1.0,0,1,0.0,0.0,0.0722440713428398,complete_windows,0,002_00,45,"[41, 42, 43, 44, 45]",206,0.98291015625,2013,2048,0.6094744252771903,synthetic/pilot_v2_r1/train/002,00001,364051
0,"[0, 0, 0, 0, 0]",,"[0, 0, 0, 1, 0]",,0,0,0,109361,46,1,1.0,0,0,1,,1.0,1,1,,,0.07214668610697461,complete_windows,0,002_00,46,"[42, 43, 44, 45, 46]",206,0.990234375,2028,2048,0.5738115087464141,synthetic/pilot_v2_r1/train/002,00010,363396
0,"[0, 0, 0, 0, 0]",,"[0, 0, 1, 0, 0]",,0,0,0,109488,47,1,1.0,0,0,1,,1.0,1,1,,,0.07178911596389481,complete_windows,0,002_00,47,"[43, 44, 45, 46, 47]",206,0.98828125,2024,2048,0.5207793969877293,synthetic/pilot_v2_r1/train/002,00100,363296
0,"[0, 0, 0, 0, 0]",,"[0, 1, 0, 0, 0]",,0,0,0,109082,48,1,1.0,0,0,1,,1.0,1,1,,,0.07108989199842942,complete_windows,0,002_00,48,"[44, 45, 46, 47, 48]",206,0.9775390625,2002,2048,0.5037830773819856,synthetic/pilot_v2_r1/train/002,01000,362564
0,"[0, 0, 0, 0, 0]",,"[1, 0, 0, 0, 0]",,0,0,0,108947,49,1,1.0,0,0,1,,1.0,1,1,,,0.06829188547905071,complete_windows,0,002_00,49,"[45, 46, 47, 48, 49]",206,0.98974609375,2027,2048,0.49971748843274477,synthetic/pilot_v2_r1/train/002,10000,362772
1,"[0, 0, 0, 0, 0]",,"[0, 0, 0, 0, 0]",,0,0,0,108789,50,0,,0,0,0,,,0,0,,,0.06653028183613764,complete_windows,0,002_00,50,"[46, 47, 48, 49, 50]",206,0.9951171875,2038,2048,0.4716485279954426,synthetic/pilot_v2_r1/train/002,00000,365755
1,"[0, 0, 0, 0, 0]",,"[0, 0, 0, 0, 0]",,0,0,0,108400,51,0,,0,0,0,,,0,0,,,0.06355199060457005,complete_windows,0,002_00,51,"[47, 48, 49, 50, 51]",206,0.9892578125,2026,2048,0.4577508936392017,synthetic/pilot_v2_r1/train/002,00000,366826
1,"[0, 0, 0, 0, 0]",,"[0, 0, 0, 0, 0]",,0,0,0,108501,52,0,,0,0,0,,,0,0,,,0.05994903866867166,complete_windows,0,002_00,52,"[48, 49, 50, 51, 52]",206,0.9775390625,2002,2048,0.43941656706315485,synthetic/pilot_v2_r1/train/002,00000,365103
1,"[0, 0, 0, 0, 0]",,"[0, 0, 0, 0, 0]",,0,0,0,108122,53,0,,0,0,0,,,0,0,,,0.0571377359934457,complete_windows,0,002_00,53,"[49, 50, 51, 52, 53]",206,0.9853515625,2018,2048,0.39126477670904347,synthetic/pilot_v2_r1/train/002,00000,364253
1,"[0, 0, 0, 0, 0]",,"[0, 0, 0, 0, 0]",,0,0,0,108186,54,0,,0,0,0,,,0,0,,,0.05454873720674456,complete_windows,0,002_00,54,"[50, 51, 52, 53, 54]",206,0.98974609375,2027,2048,0.3763404730944595,synthetic/pilot_v2_r1/train/002,00000,364069
1,"[0, 0, 0, 0, 0]",,"[0, 0, 0, 0, 0]",,0,0,0,108170,55,0,,0,0,0,,,0,0,,,0.0507297226123068,complete_windows,0,002_00,55,"[51, 52, 53, 54, 55]",206,0.97900390625,2005,2048,0.35575102345730714,synthetic/pilot_v2_r1/train/002,00000,366312
1,"[0, 0, 0, 0, 0]",,"[0, 0, 0, 0, 0]",,0,0,0,108127,56,0,,0,0,0,,,0,0,,,0.04533183491352063,complete_windows,0,002_00,56,"[52, 53, 54, 55, 56]",206,0.98388671875,2015,2048,0.3043452386258871,synthetic/pilot_v2_r1/train/002,00000,365179
1,"[0, 0, 0, 0, 0]",,"[0, 0, 0, 0, 0]",,0,0,0,108221,57,0,,0,0,0,,,0,0,,,0.042699107170941816,complete_windows,0,002_00,57,"[53, 54, 55, 56, 57]",206,0.98486328125,2017,2048,0.28880565726535357,synthetic/pilot_v2_r1/train/002,00000,367217
1,"[0, 0, 0, 0, 0]",,"[0, 0, 0, 0, 0]",,0,0,0,107923,58,0,,0,0,0,,,0,0,,,0.04038448356040951,complete_windows,0,002_00,58,"[54, 55, 56, 57, 58]",206,0.9833984375,2014,2048,0.2582415678622798,synthetic/pilot_v2_r1/train/002,00000,364599
1,"[0, 0, 0, 0, 0]",,"[0, 0, 0, 0, 0]",,0,0,0,107821,59,0,,0,0,0,,,0,0,,,0.03750700176745277,complete_windows,0,002_00,59,"[55, 56, 57, 58, 59]",206,0.98779296875,2023,2048,0.24005138540979684,synthetic/pilot_v2_r1/train/002,00000,358751
1,"[0, 0, 0, 0, 0]",,"[0, 0, 0, 0, 0]",,0,0,0,107981,60,0,,0,0,0,,,0,0,,,0.036917917169632414,complete_windows,0,002_00,60,"[56, 57, 58, 59, 60]",206,0.99365234375,2035,2048,0.23409313734821413,synthetic/pilot_v2_r1/train/002,00000,357713
1,"[0, 0, 0, 0, 0]",,"[0, 0, 0, 0, 0]",,0,0,0,107811,61,0,,0,0,0,,,0,0,,,0.035203620860936355,complete_windows,0,002_00,61,"[57, 58, 59, 60, 61]",206,0.99072265625,2029,2048,0.21871318802559003,synthetic/pilot_v2_r1/train/002,00000,356735
1,"[0, 0, 0, 0, 0]",,"[0, 0, 0, 0, 0]",,0,0,0,107939,62,0,,0,0,0,,,0,0,,,0.03541627835996596,complete_windows,0,002_00,62,"[58, 59, 60, 61, 62]",206,0.98095703125,2009,2048,0.22447292441458191,synthetic/pilot_v2_r1/train/002,00000,354480
1,"[0, 0, 0, 0, 0]",,"[0, 0, 0, 0, 0]",,0,0,0,108110,63,0,,0,0,0,,,0,0,,,0.03609679885023149,complete_windows,0,002_00,63,"[59, 60, 61, 62, 63]",206,0.9892578125,2026,2048,0.20952655988905666,synthetic/pilot_v2_r1/train/002,00000,356554
1,"[0, 0, 0, 0, 0]",,"[0, 0, 0, 0, 0]",,0,0,0,107543,64,0,,0,0,0,,,0,0,,,0.03666494842386361,complete_windows,0,002_00,64,"[60, 61, 62, 63, 64]",206,0.9912109375,2030,2048,0.21315127995256755,synthetic/pilot_v2_r1/train/002,00000,357896
1,"[0, 0, 0, 0, 0]",,"[0, 0, 0, 0, 0]",,0,0,0,107657,65,0,,0,0,0,,,0,0,,,0.03863199891921474,complete_windows,0,002_00,65,"[61, 62, 63, 64, 65]",206,0.9921875,2032,2048,0.22115012408793183,synthetic/pilot_v2_r1/train/002,00000,355972
1,"[0, 0, 0, 0, 0]",,"[0, 0, 0, 0, 0]",,0,0,0,107429,66,0,,0,0,0,,,0,0,,,0.04036150726996175,complete_windows,0,002_00,66,"[62, 63, 64, 65, 66]",206,0.97802734375,2003,2048,0.21411393441762516,synthetic/pilot_v2_r1/train/002,00000,356749
1,"[0, 0, 0, 0, 0]",,"[0, 0, 0, 0, 0]",,0,0,0,107566,67,0,,0,0,0,,,0,0,,,0.044227359307050275,complete_windows,0,002_00,67,"[63, 64, 65, 66, 67]",206,0.984375,2016,2048,0.23977784371759023,synthetic/pilot_v2_r1/train/002,00000,356985
1,"[0, 0, 0, 0, 0]",,"[0, 0, 0, 0, 0]",,0,0,0,107623,68,0,,0,0,0,,,0,0,,,0.05075911603741048,complete_windows,0,002_00,68,"[64, 65, 66, 67, 68]",206,0.98046875,2008,2048,0.2712162314260779,synthetic/pilot_v2_r1/train/002,00000,362491
1,"[0, 0, 0, 0, 0]",,"[0, 0, 0, 0, 0]",,0,0,0,107346,69,0,,0,0,0,,,0,0,,,0.057705852418416616,complete_windows,0,002_00,69,"[65, 66, 67, 68, 69]",206,0.98876953125,2025,2048,0.3139021911202409,synthetic/pilot_v2_r1/train/002,00000,365621
1,"[0, 0, 0, 0, 0]",,"[0, 0, 0, 0, 0]",,0,0,0,107187,70,0,,0,0,0,,,0,0,,,0.06511562702266172,complete_windows,0,002_00,70,"[66, 67, 68, 69, 70]",206,0.984375,2016,2048,0.37783684594707584,synthetic/pilot_v2_r1/train/002,00000,366188
1,"[0, 0, 0, 0, 0]",,"[0, 0, 0, 0, 0]",,0,0,0,107045,71,0,,0,0,0,,,0,0,,,0.07228388435558362,complete_windows,0,002_00,71,"[67, 68, 69, 70, 71]",206,0.97802734375,2003,2048,0.43903866317848755,synthetic/pilot_v2_r1/train/002,00000,367243
1,"[0, 0, 0, 0, 0]",,"[0, 0, 0, 0, 0]",,0,0,0,106704,72,0,,0,0,0,,,0,0,,,0.07978435035699898,complete_windows,0,002_00,72,"[68, 69, 70, 71, 72]",206,0.9814453125,2010,2048,0.48700735799259914,synthetic/pilot_v2_r1/train/002,00000,369331
1,"[0, 0, 0, 0, 0]",,"[0, 0, 0, 0, 0]",,0,0,0,106736,73,0,,0,0,0,,,0,0,,,0.08497569323456262,complete_windows,0,002_00,73,"[69, 70, 71, 72, 73]",206,0.986328125,2020,2048,0.5313787612894113,synthetic/pilot_v2_r1/train/002,00000,371342
1,"[0, 0, 0, 0, 0]",,"[0, 0, 0, 0, 0]",,0,0,0,106630,74,0,,0,0,0,,,0,0,,,0.08801789435651906,complete_windows,0,002_00,74,"[70, 71, 72, 73, 74]",206,0.98974609375,2027,2048,0.5713048105689699,synthetic/pilot_v2_r1/train/002,00000,368803
1,"[0, 0, 0, 0, 0]",,"[0, 0, 0, 0, 0]",,0,0,0,106649,75,0,,0,0,0,,,0,0,,,0.09070992895596772,complete_windows,0,002_00,75,"[71, 72, 73, 74, 75]",206,0.9931640625,2034,2048,0.5964958524119479,synthetic/pilot_v2_r1/train/002,00000,368670
1,"[0, 0, 0, 0, 0]",,"[0, 0, 0, 0, 0]",,0,0,0,106657,76,0,,0,0,0,,,0,0,,,0.09191369306026564,complete_windows,0,002_00,76,"[72, 73, 74, 75, 76]",206,0.9873046875,2022,2048,0.6162269133566959,synthetic/pilot_v2_r1/train/002,00000,366920
1,"[0, 0, 0, 0, 0]",,"[0, 0, 0, 0, 0]",,0,0,0,106399,77,0,,0,0,0,,,0,0,,,0.09373259503343309,complete_windows,0,002_00,77,"[73, 74, 75, 76, 77]",206,0.97021484375,1987,2048,0.6423462176800425,synthetic/pilot_v2_r1/train/002,00000,371092
1,"[0, 0, 0, 0, 0]",,"[0, 0, 0, 0, 0]",,0,0,0,106488,78,0,,0,0,0,,,0,0,,,0.09568140598291455,complete_windows,0,002_00,78,"[74, 75, 76, 77, 78]",206,0.98681640625,2021,2048,0.6354572875585477,synthetic/pilot_v2_r1/train/002,00000,373412
1,"[0, 0, 0, 0, 0]",,"[0, 0, 0, 0, 0]",,0,0,0,106181,79,0,,0,0,0,,,0,0,,,0.09803084654197582,complete_windows,0,002_00,79,"[75, 76, 77, 78, 79]",206,0.9853515625,2018,2048,0.6559113088956695,synthetic/pilot_v2_r1/train/002,00000,379256
1,"[0, 0, 0, 0, 0]",,"[0, 0, 0, 0, 0]",,0,0,0,105924,80,0,,0,0,0,,,0,0,,,0.09715200682854651,complete_windows,0,002_00,80,"[76, 77, 78, 79, 80]",206,0.98583984375,2019,2048,0.6885777827391343,synthetic/pilot_v2_r1/train/002,00000,377841
1,"[0, 0, 0, 0, 0]",,"[0, 0, 0, 0, 0]",,0,0,0,105576,81,0,,0,0,0,,,0,0,,,0.09458538002542806,complete_windows,0,002_00,81,"[77, 78, 79, 80, 81]",206,0.9833984375,2014,2048,0.7117286805584416,synthetic/pilot_v2_r1/train/002,00000,378766
1,"[0, 0, 0, 0, 0]",,"[0, 0, 0, 0, 0]",,0,0,0,105040,82,0,,0,0,0,,,0,0,,,0.09190869403000504,complete_windows,0,002_00,82,"[78, 79, 80, 81, 82]",206,0.9853515625,2018,2048,0.743615738011411,synthetic/pilot_v2_r1/train/002,00000,378605
1,"[0, 0, 0, 0, 0]",,"[0, 0, 0, 0, 0]",,0,0,0,104753,83,0,,0,0,0,,,0,0,,,0.09141191712091401,complete_windows,0,002_00,83,"[79, 80, 81, 82, 83]",206,0.98486328125,2017,2048,0.7724066713763033,synthetic/pilot_v2_r1/train/002,00000,377830
1,"[0, 0, 0, 0, 0]",,"[0, 0, 0, 0, 0]",,0,0,0,104209,84,0,,0,0,0,,,0,0,,,0.09189176364129398,complete_windows,0,002_00,84,"[80, 81, 82, 83, 84]",206,0.98388671875,2015,2048,0.7823093263736703,synthetic/pilot_v2_r1/train/002,00000,372205
1,"[0, 0, 0, 0, 0]",,"[0, 0, 0, 0, 0]",,0,0,0,103650,85,0,,0,0,0,,,0,0,,,0.09143193448828678,complete_windows,0,002_00,85,"[81, 82, 83, 84, 85]",206,0.982421875,2012,2048,0.8019862850472748,synthetic/pilot_v2_r1/train/002,00000,368508
1,"[0, 0, 0, 0, 0]",,"[0, 0, 0, 0, 0]",,0,0,0,102982,86,0,,0,0,0,,,0,0,,,0.09087839284642334,complete_windows,0,002_00,86,"[82, 83, 84, 85, 86]",206,0.984375,2016,2048,0.8299320121081653,synthetic/pilot_v2_r1/train/002,00000,376832
1,"[0, 0, 0, 0, 0]",,"[0, 0, 0, 0, 0]",,0,0,0,102053,87,0,,0,0,0,,,0,0,,,0.08965492704332052,complete_windows,0,002_00,87,"[83, 84, 85, 86, 87]",206,0.98095703125,2009,2048,0.8491778762921323,synthetic/pilot_v2_r1/train/002,00000,378450
1,"[0, 0, 0, 0, 0]",,"[0, 0, 0, 0, 0]",,0,0,0,101168,88,0,,0,0,0,,,0,0,,,0.09089300605332537,complete_windows,0,002_00,88,"[84, 85, 86, 87, 88]",206,0.98388671875,2015,2048,0.8852427781413098,synthetic/pilot_v2_r1/train/002,00000,377981
1,"[0, 0, 0, 0, 0]",,"[0, 0, 0, 0, 0]",,0,0,0,100326,89,0,,0,0,0,,,0,0,,,0.09092462606912396,complete_windows,0,002_00,89,"[85, 86, 87, 88, 89]",206,0.97998046875,2007,2048,0.8988968068329722,synthetic/pilot_v2_r1/train/002,00000,378387
1,"[0, 0, 0, 0, 0]",,"[0, 0, 0, 0, 0]",,0,0,0,99473,90,0,,0,0,0,,,0,0,,,0.08571251872927725,complete_windows,0,002_00,90,"[86, 87, 88, 89, 90]",206,0.98388671875,2015,2048,0.9182936970449606,synthetic/pilot_v2_r1/train/002,00000,379636
1,"[0, 0, 0, 0, 0]",,"[0, 0, 0, 0, 0]",,0,0,0,98614,91,0,,0,0,0,,,0,0,,,0.0782766312634532,complete_windows,0,002_00,91,"[87, 88, 89, 90, 91]",206,0.98388671875,2015,2048,0.9152152782143683,synthetic/pilot_v2_r1/train/002,00000,376497
1,"[0, 0, 0, 0, 0]",,"[0, 0, 0, 0, 0]",,0,0,0,97406,92,0,,0,0,0,,,0,0,,,0.07783397627937616,complete_windows,0,002_00,92,"[88, 89, 90, 91, 92]",206,0.9833984375,2014,2048,0.9076764315769502,synthetic/pilot_v2_r1/train/002,00000,368381
1,"[0, 0, 0, 0, 0]",,"[0, 0, 0, 0, 0]",,0,0,0,96404,93,0,,0,0,0,,,0,0,,,0.07871188399815467,complete_windows,0,002_00,93,"[89, 90, 91, 92, 93]",206,0.98291015625,2013,2048,0.9166182777275792,synthetic/pilot_v2_r1/train/002,00000,352937
1,"[0, 0, 0, 0, 0]",,"[0, 0, 0, 0, 0]",,0,0,0,95243,94,0,,0,0,0,,,0,0,,,0.0722224146525366,complete_windows,0,002_00,94,"[90, 91, 92, 93, 94]",206,0.98681640625,2021,2048,0.9173102889622164,synthetic/pilot_v2_r1/train/002,00000,353596
1,"[0, 0, 0, 0, 0]",,"[0, 0, 0, 0, 0]",,0,0,0,93789,95,0,,0,0,0,,,0,0,,,0.06834630421467641,complete_windows,0,002_00,95,"[91, 92, 93, 94, 95]",206,0.99072265625,2029,2048,0.9355958603826063,synthetic/pilot_v2_r1/train/002,00000,349831
1,"[0, 0, 0, 0, 0]",,"[0, 0, 0, 0, 0]",,0,0,0,92855,96,0,,0,0,0,,,0,0,,,0.06518493191320204,complete_windows,0,002_00,96,"[92, 93, 94, 95, 96]",206,0.9873046875,2022,2048,0.9737733922887181,synthetic/pilot_v2_r1/train/002,00000,345049
1,"[0, 0, 0, 0, 0]",,"[0, 0, 0, 0, 0]",,0,0,0,91874,97,0,,0,0,0,,,0,0,,,0.06236885853625648,complete_windows,0,002_00,97,"[93, 94, 95, 96, 97]",206,0.98583984375,2019,2048,0.9764653122075011,synthetic/pilot_v2_r1/train/002,00000,335639
1,"[0, 0, 0, 0, 0]",,"[0, 0, 0, 0, 0]",,0,0,0,91407,98,0,,0,0,0,,,0,0,,,0.062271644243920114,complete_windows,0,002_00,98,"[94, 95, 96, 97, 98]",206,0.978515625,2004,2048,0.9933156848455372,synthetic/pilot_v2_r1/train/002,00000,333752
1,"[0, 0, 0, 0, 0]",,"[0, 0, 0, 0, 0]",,0,0,0,90961,99,0,,0,0,0,,,0,0,,,0.06474180179887154,complete_windows,0,002_00,99,"[95, 96, 97, 98, 99]",206,0.98046875,2008,2048,1.0154284005010248,synthetic/pilot_v2_r1/train/002,00000,328851
1,"[0, 0, 0, 0, 0]",,"[0, 0, 0, 0, 0]",,0,0,0,90503,100,0,,0,0,0,,,0,0,,,0.06746625223730482,complete_windows,0,002_00,100,"[96, 97, 98, 99, 100]",206,0.97802734375,2003,2048,1.0265636125032958,synthetic/pilot_v2_r1/train/002,00000,328224
1,"[0, 0, 0, 0, 0]",,"[0, 0, 0, 0, 0]",,0,0,0,89860,101,0,,0,0,0,,,0,0,,,0.06514169024674434,complete_windows,0,002_00,101,"[97, 98, 99, 100, 101]",206,0.98974609375,2027,2048,1.073299088189264,synthetic/pilot_v2_r1/train/002,00000,327411
1,"[0, 0, 0, 0, 0]",,"[0, 0, 0, 0, 0]",,0,0,0,89401,102,0,,0,0,0,,,0,0,,,0.05660114382820696,complete_windows,0,002_00,102,"[98, 99, 100, 101, 102]",206,0.98193359375,2011,2048,1.1043443628980318,synthetic/pilot_v2_r1/train/002,00000,325145
1,"[0, 0, 0, 0, 0]",,"[0, 0, 0, 0, 0]",,0,0,0,89165,103,0,,0,0,0,,,0,0,,,0.049796131123151614,complete_windows,0,002_00,103,"[99, 100, 101, 102, 103]",206,0.98486328125,2017,2048,1.1292853533912295,synthetic/pilot_v2_r1/train/002,00000,319098
1,"[0, 0, 0, 0, 0]",,"[0, 0, 0, 0, 0]",,0,0,0,89150,104,0,,0,0,0,,,0,0,,,0.04809787928743685,complete_windows,0,002_00,104,"[100, 101, 102, 103, 104]",206,0.98828125,2024,2048,1.1601215124004183,synthetic/pilot_v2_r1/train/002,00000,312967
1,"[0, 0, 0, 0, 0]",,"[0, 0, 0, 0, 0]",,0,0,0,89403,105,0,,0,0,0,,,0,0,,,0.044215920693529455,complete_windows,0,002_00,105,"[101, 102, 103, 104, 105]",206,0.98583984375,2019,2048,1.1726062334214327,synthetic/pilot_v2_r1/train/002,00000,308888
1,"[0, 0, 0, 0, 0]",,"[0, 0, 0, 0, 0]",,0,0,0,89590,106,0,,0,0,0,,,0,0,,,0.03662125208415674,complete_windows,0,002_00,106,"[102, 103, 104, 105, 106]",206,0.98291015625,2013,2048,1.2022486533304395,synthetic/pilot_v2_r1/train/002,00000,308777
1,"[0, 0, 0, 0, 0]",,"[0, 0, 0, 0, 0]",,0,0,0,89789,107,0,,0,0,0,,,0,0,,,0.027999228457092448,complete_windows,0,002_00,107,"[103, 104, 105, 106, 107]",206,0.98388671875,2015,2048,1.2228712094131804,synthetic/pilot_v2_r1/train/002,00000,309811
1,"[0, 0, 0, 0, 0]",,"[0, 0, 0, 0, 0]",,0,0,0,90061,108,0,,0,0,0,,,0,0,,,0.020318181109520248,complete_windows,0,002_00,108,"[104, 105, 106, 107, 108]",206,0.98974609375,2027,2048,1.224394704382655,synthetic/pilot_v2_r1/train/002,00000,307874
1,"[0, 0, 0, 0, 0]",,"[0, 0, 0, 0, 0]",,0,0,0,90240,109,0,,0,0,0,,,0,0,,,0.01358346379786286,complete_windows,0,002_00,109,"[105, 106, 107, 108, 109]",206,0.99072265625,2029,2048,1.2448921147242307,synthetic/pilot_v2_r1/train/002,00000,305927
1,"[0, 0, 0, 0, 0]",,"[0, 0, 0, 0, 0]",,0,0,0,90669,110,0,,0,0,0,,,0,0,,,0.01096016328779033,complete_windows,0,002_00,110,"[106, 107, 108, 109, 110]",206,0.98974609375,2027,2048,1.2515084710820632,synthetic/pilot_v2_r1/train/002,00000,301692
1,"[0, 0, 0, 0, 0]",,"[0, 0, 0, 0, 0]",,0,0,0,90996,111,0,,0,0,0,,,0,0,,,0.010064155442262253,complete_windows,0,002_00,111,"[107, 108, 109, 110, 111]",206,0.9912109375,2030,2048,1.2557992694995612,synthetic/pilot_v2_r1/train/002,00000,297573
1,"[0, 0, 0, 0, 0]",,"[0, 0, 0, 0, 0]",,0,0,0,91290,112,0,,0,0,0,,,0,0,,,0.010991787374859053,complete_windows,0,002_00,112,"[108, 109, 110, 111, 112]",206,0.99365234375,2035,2048,1.2724023278292884,synthetic/pilot_v2_r1/train/002,00000,297039
1,"[0, 0, 0, 0, 0]",,"[0, 0, 0, 0, 0]",,0,0,0,91828,113,0,,0,0,0,,,0,0,,,0.010916733891739284,complete_windows,0,002_00,113,"[109, 110, 111, 112, 113]",206,0.990234375,2028,2048,1.285047816668655,synthetic/pilot_v2_r1/train/002,00000,296946
1,"[0, 0, 0, 0, 0]",,"[0, 0, 0, 0, 0]",,0,0,0,91845,114,0,,0,0,0,,,0,0,,,0.010015556956106831,complete_windows,0,002_00,114,"[110, 111, 112, 113, 114]",206,0.98828125,2024,2048,1.2913658505535588,synthetic/pilot_v2_r1/train/002,00000,298909
1,"[0, 0, 0, 0, 0]",,"[0, 0, 0, 0, 0]",,0,0,0,91967,115,0,,0,0,0,,,0,0,,,0.010823812437151295,complete_windows,0,002_00,115,"[111, 112, 113, 114, 115]",206,0.98828125,2024,2048,1.3068941187063783,synthetic/pilot_v2_r1/train/002,00000,299602
1,"[0, 0, 0, 0, 0]",,"[0, 0, 0, 0, 0]",,0,0,0,92244,116,0,,0,0,0,,,0,0,,,0.010311908750980047,complete_windows,0,002_00,116,"[112, 113, 114, 115, 116]",206,0.97900390625,2005,2048,1.329730247869663,synthetic/pilot_v2_r1/train/002,00000,300699
1,"[0, 0, 0, 0, 0]",,"[0, 0, 0, 0, 0]",,0,0,0,92314,117,0,,0,0,0,,,0,0,,,0.01108749151567726,complete_windows,0,002_00,117,"[113, 114, 115, 116, 117]",206,0.98583984375,2019,2048,1.3245304869853274,synthetic/pilot_v2_r1/train/002,00000,302321
1,"[0, 0, 0, 0, 0]",,"[0, 0, 0, 0, 0]",,0,0,0,92442,118,0,,0,0,0,,,0,0,,,0.013576063005416215,complete_windows,0,002_00,118,"[114, 115, 116, 117, 118]",206,0.986328125,2020,2048,1.3552199783637409,synthetic/pilot_v2_r1/train/002,00000,302388
1,"[0, 0, 0, 0, 0]",,"[0, 0, 0, 0, 0]",,0,0,0,92709,119,0,,0,0,0,,,0,0,,,0.01489208640722564,complete_windows,0,002_00,119,"[115, 116, 117, 118, 119]",206,0.98974609375,2027,2048,1.375815776465883,synthetic/pilot_v2_r1/train/002,00000,300060
1,"[0, 0, 0, 0, 0]",,"[0, 0, 0, 0, 0]",,0,0,0,92560,120,0,,0,0,0,,,0,0,,,0.01438049222328172,complete_windows,0,002_00,120,"[116, 117, 118, 119, 120]",206,0.98779296875,2023,2048,1.3905977565614833,synthetic/pilot_v2_r1/train/002,00000,304591
1,"[0, 0, 0, 0, 0]",,"[0, 0, 0, 0, 0]",,0,0,0,92487,121,0,,0,0,0,,,0,0,,,0.015970659052479234,complete_windows,0,002_00,121,"[117, 118, 119, 120, 121]",206,0.9853515625,2018,2048,1.4211098174116368,synthetic/pilot_v2_r1/train/002,00000,304148
1,"[0, 0, 0, 0, 0]",,"[0, 0, 0, 0, 0]",,0,0,0,92562,122,0,,0,0,0,,,0,0,,,0.01740149589863265,complete_windows,0,002_00,122,"[118, 119, 120, 121, 122]",206,0.98681640625,2021,2048,1.4298873047701564,synthetic/pilot_v2_r1/train/002,00000,304267
1,"[0, 0, 0, 0, 0]",,"[0, 0, 0, 0, 0]",,0,0,0,92475,123,0,,0,0,0,,,0,0,,,0.01844330496973126,complete_windows,0,002_00,123,"[119, 120, 121, 122, 123]",206,0.98681640625,2021,2048,1.4451678158883188,synthetic/pilot_v2_r1/train/002,00000,305538
1,"[0, 0, 0, 0, 0]",,"[0, 0, 0, 0, 0]",,0,0,0,92257,124,0,,0,0,0,,,0,0,,,0.01685129497236129,complete_windows,0,002_00,124,"[120, 121, 122, 123, 124]",206,0.98388671875,2015,2048,1.4407868195727687,synthetic/pilot_v2_r1/train/002,00000,306669
1,"[0, 0, 0, 0, 0]",,"[0, 0, 0, 0, 0]",,0,0,0,91875,125,0,,0,0,0,,,0,0,,,0.01594834271609033,complete_windows,0,002_00,125,"[121, 122, 123, 124, 125]",206,0.98779296875,2023,2048,1.4662969723386545,synthetic/pilot_v2_r1/train/002,00000,305134
1,"[0, 0, 0, 0, 0]",,"[0, 0, 0, 0, 0]",,0,0,0,91509,126,0,,0,0,0,,,0,0,,,0.01593631131678483,complete_windows,0,002_00,126,"[122, 123, 124, 125, 126]",206,0.97998046875,2007,2048,1.4715918117450362,synthetic/pilot_v2_r1/train/002,00000,306552
1,"[0, 0, 0, 0, 0]",,"[0, 0, 0, 0, 0]",,0,0,0,91039,127,0,,0,0,0,,,0,0,,,0.014599231153696915,complete_windows,0,002_00,127,"[123, 124, 125, 126, 127]",206,0.9775390625,2002,2048,1.4694025469474663,synthetic/pilot_v2_r1/train/002,00000,306474
1,"[0, 0, 0, 0, 0]",,"[0, 0, 0, 0, 0]",,0,0,0,90722,128,0,,0,0,0,,,0,0,,,0.013207518003018608,complete_windows,0,002_00,128,"[124, 125, 126, 127, 128]",206,0.98388671875,2015,2048,1.4825157881755666,synthetic/pilot_v2_r1/train/002,00000,304781
1,"[0, 0, 0, 0, 0]",,"[0, 0, 0, 0, 0]",,0,0,0,90866,129,0,,0,0,0,,,0,0,,,0.012117578436756723,complete_windows,0,002_00,129,"[125, 126, 127, 128, 129]",206,0.9873046875,2022,2048,1.4684432385412673,synthetic/pilot_v2_r1/train/002,00000,302340
1,"[0, 0, 0, 0, 0]",,"[0, 0, 0, 0, 0]",,0,0,0,91125,130,0,,0,0,0,,,0,0,,,0.011090757136313953,complete_windows,0,002_00,130,"[126, 127, 128, 129, 130]",206,0.986328125,2020,2048,1.4519207155996667,synthetic/pilot_v2_r1/train/002,00000,304651
1,"[0, 0, 0, 0, 0]",,"[0, 0, 0, 0, 0]",,0,0,0,91601,131,0,,0,0,0,,,0,0,,,0.009992462708087516,complete_windows,0,002_00,131,"[127, 128, 129, 130, 131]",206,0.9873046875,2022,2048,1.4517803566471494,synthetic/pilot_v2_r1/train/002,00000,304070
1,"[0, 0, 0, 0, 0]",,"[0, 0, 0, 0, 0]",,0,0,0,92223,132,0,,0,0,0,,,0,0,,,0.009204023611203599,complete_windows,0,002_00,132,"[128, 129, 130, 131, 132]",206,0.98681640625,2021,2048,1.43307551013025,synthetic/pilot_v2_r1/train/002,00000,305783
1,"[0, 0, 0, 0, 0]",,"[0, 0, 0, 0, 0]",,0,0,0,92761,133,0,,0,0,0,,,0,0,,,0.009524324006578056,complete_windows,0,002_00,133,"[129, 130, 131, 132, 133]",206,0.9833984375,2014,2048,1.4247533735694469,synthetic/pilot_v2_r1/train/002,00000,306870
1,"[0, 0, 0, 0, 0]",,"[0, 0, 0, 0, 0]",,0,0,0,93137,134,0,,0,0,0,,,0,0,,,0.009431099301316114,complete_windows,0,002_00,134,"[130, 131, 132, 133, 134]",206,0.98388671875,2015,2048,1.4367319191435604,synthetic/pilot_v2_r1/train/002,00000,305734
1,"[0, 0, 0, 0, 0]",,"[0, 0, 0, 0, 0]",,0,0,0,93630,135,0,,0,0,0,,,0,0,,,0.00966972361997325,complete_windows,0,002_00,135,"[131, 132, 133, 134, 135]",206,0.986328125,2020,2048,1.4330246568649414,synthetic/pilot_v2_r1/train/002,00000,308887
1,"[0, 0, 0, 0, 0]",,"[0, 0, 0, 0, 0]",,0,0,0,94036,136,0,,0,0,0,,,0,0,,,0.009429528730906332,complete_windows,0,002_00,136,"[132, 133, 134, 135, 136]",206,0.99072265625,2029,2048,1.4314337295221016,synthetic/pilot_v2_r1/train/002,00000,311557
1,"[0, 0, 0, 0, 0]",,"[0, 0, 0, 0, 0]",,0,0,0,94248,137,0,,0,0,0,,,0,0,,,0.009780692959624495,complete_windows,0,002_00,137,"[133, 134, 135, 136, 137]",206,0.99169921875,2031,2048,1.4325416479612463,synthetic/pilot_v2_r1/train/002,00000,312175
1,"[0, 0, 0, 0, 0]",,"[0, 0, 0, 0, 0]",,0,0,0,94769,138,0,,0,0,0,,,0,0,,,0.011030629569919528,complete_windows,0,002_00,138,"[134, 135, 136, 137, 138]",206,0.984375,2016,2048,1.4263812640506268,synthetic/pilot_v2_r1/train/002,00000,312498
1,"[0, 0, 0, 0, 0]",,"[0, 0, 0, 0, 0]",,0,0,0,95280,139,0,,0,0,0,,,0,0,,,0.011883459127332326,complete_windows,0,002_00,139,"[135, 136, 137, 138, 139]",206,0.98193359375,2011,2048,1.3995039077764793,synthetic/pilot_v2_r1/train/002,00000,314297
1,"[0, 0, 0, 0, 0]",,"[0, 0, 0, 0, 0]",,0,0,0,95649,140,0,,0,0,0,,,0,0,,,0.013304210603469846,complete_windows,0,002_00,140,"[136, 137, 138, 139, 140]",206,0.98828125,2024,2048,1.4119928534232433,synthetic/pilot_v2_r1/train/002,00000,313598
1,"[0, 0, 0, 0, 0]",,"[0, 0, 0, 0, 0]",,0,0,0,95855,141,0,,0,0,0,,,0,0,,,0.016853518823179803,complete_windows,0,002_00,141,"[137, 138, 139, 140, 141]",206,0.9873046875,2022,2048,1.3961186514188033,synthetic/pilot_v2_r1/train/002,00000,314333
1,"[0, 0, 0, 0, 0]",,"[0, 0, 0, 0, 0]",,0,0,0,95786,142,0,,0,0,0,,,0,0,,,0.017632462870071437,complete_windows,0,002_00,142,"[138, 139, 140, 141, 142]",206,0.98876953125,2025,2048,1.3801084482090953,synthetic/pilot_v2_r1/train/002,00000,313684
1,"[0, 0, 0, 0, 0]",,"[0, 0, 0, 0, 0]",,0,0,0,95943,143,0,,0,0,0,,,0,0,,,0.017137237883572874,complete_windows,0,002_00,143,"[139, 140, 141, 142, 143]",206,0.986328125,2020,2048,1.3770780283222535,synthetic/pilot_v2_r1/train/002,00000,315195
1,"[0, 0, 0, 0, 0]",,"[0, 0, 0, 0, 0]",,0,0,0,96049,144,0,,0,0,0,,,0,0,,,0.010453613896442126,complete_windows,0,002_00,144,"[140, 141, 142, 143, 144]",206,0.98193359375,2011,2048,1.35874162657935,synthetic/pilot_v2_r1/train/002,00000,314249
1,"[0, 0, 0, 0, 0]",,"[0, 0, 0, 0, 0]",,0,0,0,95791,145,0,,0,0,0,,,0,0,,,0.005202441828225512,complete_windows,0,002_00,145,"[141, 142, 143, 144, 145]",206,0.9873046875,2022,2048,1.3525349946923708,synthetic/pilot_v2_r1/train/002,00000,314331
1,"[0, 0, 0, 0, 0]",,"[0, 0, 0, 0, 0]",,0,0,0,95614,146,0,,0,0,0,,,0,0,,,0.005350486335695903,complete_windows,0,002_00,146,"[142, 143, 144, 145, 146]",206,0.98583984375,2019,2048,1.3488591376457981,synthetic/pilot_v2_r1/train/002,00000,311923
0,"[0, 0, 0, 0, 1]",0.0,"[0, 0, 0, 0, 1]",1.0,0,0,1,95308,147,0,0.0,0,0,0,0.0,1.0,0,1,0.0,0.0,0.008755407283572434,complete_windows,0,002_00,147,"[143, 144, 145, 146, 147]",206,0.986328125,2020,2048,1.3556628514481717,synthetic/pilot_v2_r1/train/002,00001,314409
0,"[0, 0, 0, 1, 1]",0.0,"[0, 0, 0, 1, 1]",1.0,0,0,1,94780,148,1,0.5,0,0,1,0.0,1.0,1,2,0.0,0.0,0.009862317499918921,complete_windows,0,002_00,148,"[144, 145, 146, 147, 148]",206,0.98388671875,2015,2048,1.3490294935303206,synthetic/pilot_v2_r1/train/002,00011,315828
0,"[0, 0, 1, 1, 0]",,"[0, 0, 1, 1, 0]",,0,0,0,94360,149,2,1.0,0,0,2,,1.0,2,2,,,0.010204760628247909,complete_windows,0,002_00,149,"[145, 146, 147, 148, 149]",206,0.98974609375,2027,2048,1.3378506260747922,synthetic/pilot_v2_r1/train/002,00110,313758
0,"[0, 1, 1, 0, 0]",,"[0, 1, 1, 0, 0]",,0,0,0,93984,150,2,1.0,0,0,2,,1.0,2,2,,,0.007624280538950229,complete_windows,0,002_00,150,"[146, 147, 148, 149, 150]",206,0.98681640625,2021,2048,1.325417456742087,synthetic/pilot_v2_r1/train/002,01100,312331
0,"[1, 1, 0, 0, 0]",,"[1, 1, 0, 0, 0]",,0,0,0,93425,151,2,1.0,0,0,2,,1.0,2,2,,,0.005590556986970922,complete_windows,0,002_00,151,"[147, 148, 149, 150, 151]",206,0.990234375,2028,2048,1.32293080606777,synthetic/pilot_v2_r1/train/002,11000,308752
0,"[1, 0, 0, 0, 0]",,"[1, 0, 0, 0, 0]",,0,0,0,92897,152,1,1.0,0,0,1,,1.0,1,1,,,0.004648658039411499,complete_windows,0,002_00,152,"[148, 149, 150, 151, 152]",206,0.98486328125,2017,2048,1.3159304211464213,synthetic/pilot_v2_r1/train/002,10000,306950
1,"[0, 0, 0, 0, 0]",,"[0, 0, 0, 0, 0]",,0,0,0,92215,153,0,,0,0,0,,,0,0,,,0.0038741487251580686,complete_windows,0,002_00,153,"[149, 150, 151, 152, 153]",206,0.98876953125,2025,2048,1.3121586964760534,synthetic/pilot_v2_r1/train/002,00000,306951
1,"[0, 0, 0, 0, 0]",,"[0, 0, 0, 0, 0]",,0,0,0,91525,154,0,,0,0,0,,,0,0,,,0.004775997618685624,complete_windows,0,002_00,154,"[150, 151, 152, 153, 154]",206,0.98486328125,2017,2048,1.3088648003668333,synthetic/pilot_v2_r1/train/002,00000,309133
1,"[0, 0, 0, 0, 0]",,"[0, 0, 0, 0, 0]",,0,0,0,90862,155,0,,0,0,0,,,0,0,,,0.00978604704325257,complete_windows,0,002_00,155,"[151, 152, 153, 154, 155]",206,0.98974609375,2027,2048,1.3039324899361104,synthetic/pilot_v2_r1/train/002,00000,308843
1,"[0, 0, 0, 0, 0]",,"[0, 0, 0, 0, 0]",,0,0,0,90421,156,0,,0,0,0,,,0,0,,,0.01309588390172509,complete_windows,0,002_00,156,"[152, 153, 154, 155, 156]",206,0.9921875,2032,2048,1.2936993889652215,synthetic/pilot_v2_r1/train/002,00000,309735
1,"[0, 0, 0, 0, 0]",,"[0, 0, 0, 0, 0]",,0,0,0,90312,157,0,,0,0,0,,,0,0,,,0.015377873301447402,complete_windows,0,002_00,157,"[153, 154, 155, 156, 157]",206,0.98583984375,2019,2048,1.2947884188680876,synthetic/pilot_v2_r1/train/002,00000,310876
1,"[0, 0, 0, 0, 0]",,"[0, 0, 0, 0, 0]",,0,0,0,90149,158,0,,0,0,0,,,0,0,,,0.014128500632504884,complete_windows,0,002_00,158,"[154, 155, 156, 157, 158]",206,0.98681640625,2021,2048,1.2618115225458435,synthetic/pilot_v2_r1/train/002,00000,309849
1,"[0, 0, 0, 0, 0]",,"[0, 0, 0, 0, 0]",,0,0,0,90045,159,0,,0,0,0,,,0,0,,,0.013259428256303479,complete_windows,0,002_00,159,"[155, 156, 157, 158, 159]",206,0.9853515625,2018,2048,1.225224058730557,synthetic/pilot_v2_r1/train/002,00000,309730
1,"[0, 0, 0, 0, 0]",,"[0, 0, 0, 0, 0]",,0,0,0,90302,160,0,,0,0,0,,,0,0,,,0.01588464123791401,complete_windows,0,002_00,160,"[156, 157, 158, 159, 160]",206,0.990234375,2028,2048,1.2087363059929803,synthetic/pilot_v2_r1/train/002,00000,308796
1,"[0, 0, 0, 0, 0]",,"[0, 0, 0, 0, 0]",,0,0,0,90278,161,0,,0,0,0,,,0,0,,,0.019582475670346114,complete_windows,0,002_00,161,"[157, 158, 159, 160, 161]",206,0.98779296875,2023,2048,1.178802663648591,synthetic/pilot_v2_r1/train/002,00000,307798
1,"[0, 0, 0, 0, 0]",,"[0, 0, 0, 0, 0]",,0,0,0,90685,162,0,,0,0,0,,,0,0,,,0.02419454822851035,complete_windows,0,002_00,162,"[158, 159, 160, 161, 162]",206,0.9853515625,2018,2048,1.1652997138469754,synthetic/pilot_v2_r1/train/002,00000,309567
1,"[0, 0, 0, 0, 0]",,"[0, 0, 0, 0, 0]",,0,0,0,90950,163,0,,0,0,0,,,0,0,,,0.028614441018653437,complete_windows,0,002_00,163,"[159, 160, 161, 162, 163]",206,0.9853515625,2018,2048,1.1417337304560762,synthetic/pilot_v2_r1/train/002,00000,311739
1,"[0, 0, 0, 0, 0]",,"[0, 0, 0, 0, 0]",,0,0,0,91442,164,0,,0,0,0,,,0,0,,,0.030188649735181424,complete_windows,0,002_00,164,"[160, 161, 162, 163, 164]",206,0.984375,2016,2048,1.0874976159646632,synthetic/pilot_v2_r1/train/002,00000,314430
1,"[0, 0, 0, 0, 0]",,"[0, 0, 0, 0, 0]",,0,0,0,91875,165,0,,0,0,0,,,0,0,,,0.032556963882993006,complete_windows,0,002_00,165,"[161, 162, 163, 164, 165]",206,0.9921875,2032,2048,1.0363338583661867,synthetic/pilot_v2_r1/train/002,00000,316548
1,"[0, 0, 0, 0, 0]",,"[0, 0, 0, 0, 0]",,0,0,0,92277,166,0,,0,0,0,,,0,0,,,0.03568469087290255,complete_windows,0,002_00,166,"[162, 163, 164, 165, 166]",206,0.984375,2016,2048,0.9870976838727311,synthetic/pilot_v2_r1/train/002,00000,316399
1,"[0, 0, 0, 0, 0]",,"[0, 0, 0, 0, 0]",,0,0,0,93128,167,0,,0,0,0,,,0,0,,,0.038846153171183034,complete_windows,0,002_00,167,"[163, 164, 165, 166, 167]",206,0.98486328125,2017,2048,0.9583542636280369,synthetic/pilot_v2_r1/train/002,00000,317223
1,"[0, 0, 0, 0, 0]",,"[0, 0, 0, 0, 0]",,0,0,0,93880,168,0,,0,0,0,,,0,0,,,0.03974139077686892,complete_windows,0,002_00,168,"[164, 165, 166, 167, 168]",206,0.98486328125,2017,2048,0.9477520131841011,synthetic/pilot_v2_r1/train/002,00000,317186
1,"[0, 0, 0, 0, 0]",,"[0, 0, 0, 0, 0]",,0,0,0,94885,169,0,,0,0,0,,,0,0,,,0.04131501794349031,complete_windows,0,002_00,169,"[165, 166, 167, 168, 169]",206,0.98583984375,2019,2048,0.9483073507481072,synthetic/pilot_v2_r1/train/002,00000,319324
1,"[0, 0, 0, 0, 0]",,"[0, 0, 0, 0, 0]",,0,0,0,95510,170,0,,0,0,0,,,0,0,,,0.04370686312680479,complete_windows,0,002_00,170,"[166, 167, 168, 169, 170]",206,0.982421875,2012,2048,0.9586241145079568,synthetic/pilot_v2_r1/train/002,00000,325980
1,"[0, 0, 0, 0, 0]",,"[0, 0, 0, 0, 0]",,0,0,0,96376,171,0,,0,0,0,,,0,0,,,0.04599434255254901,complete_windows,0,002_00,171,"[167, 168, 169, 170, 171]",206,0.97998046875,2007,2048,0.9293350585561796,synthetic/pilot_v2_r1/train/002,00000,329973
1,"[0, 0, 0, 0, 0]",,"[0, 0, 0, 0, 0]",,0,0,0,97340,172,0,,0,0,0,,,0,0,,,0.05137072224909054,complete_windows,0,002_00,172,"[168, 169, 170, 171, 172]",206,0.9814453125,2010,2048,0.9243276346427312,synthetic/pilot_v2_r1/train/002,00000,335203
0,"[0, 0, 0, 0, 1]",0.0,"[0, 0, 0, 0, 1]",1.0,0,0,1,98379,173,0,0.0,0,0,0,0.0,1.0,0,1,0.0,0.0,0.056744801095696566,complete_windows,0,002_00,173,"[169, 170, 171, 172, 173]",206,0.9775390625,2002,2048,0.8995100009918289,synthetic/pilot_v2_r1/train/002,00001,340915
0,"[0, 0, 0, 1, 1]",0.024635102599859238,"[0, 0, 0, 1, 1]",1.0,0,0,1,99580,174,1,0.5,0,0,1,0.0,2.0,0,1,0.0,0.0,0.051687258180781064,complete_windows,0,002_00,174,"[170, 171, 172, 173, 174]",206,0.97265625,1992,2048,0.8710687437136708,synthetic/pilot_v2_r1/train/002,00011,342006
0,"[0, 0, 1, 1, 0]",,"[0, 0, 1, 1, 0]",,0,0,0,100769,175,2,1.0,0,0,2,,1.0,2,2,,,0.04393610877502277,complete_windows,0,002_00,175,"[171, 172, 173, 174, 175]",206,0.9775390625,2002,2048,0.8812593393392998,synthetic/pilot_v2_r1/train/002,00110,349227
0,"[0, 1, 1, 0, 2]",0.0,"[0, 1, 1, 0, 2]",1.0,0,0,2,102277,176,2,0.5,0,0,2,0.0,1.0,2,4,0.0,0.0,0.044353092900151936,complete_windows,0,002_00,176,"[172, 173, 174, 175, 176]",206,0.96875,1984,2048,0.8591691102047269,synthetic/pilot_v2_r1/train/002,01101,352355
0,"[1, 1, 0, 2, 1]",0.0,"[1, 1, 0, 2, 1]",1.0,0,0,1,103358,177,4,0.8,0,0,3,0.0,1.25,3,4,0.0,0.0,0.04767132045346772,complete_windows,0,002_00,177,"[173, 174, 175, 176, 177]",206,0.9833984375,2014,2048,0.8614292916376449,synthetic/pilot_v2_r1/train/002,11011,360257
0,"[1, 0, 2, 1, 1]",0.0,"[1, 0, 2, 1, 1]",1.0,0,0,1,104246,178,4,0.8,0,0,3,0.0,1.25,3,4,0.0,0.0,0.04619761503651395,complete_windows,0,002_00,178,"[174, 175, 176, 177, 178]",206,0.9853515625,2018,2048,0.8396979793675845,synthetic/pilot_v2_r1/train/002,10111,365657
0,"[0, 2, 1, 1, 2]",0.006047848612070084,"[0, 2, 1, 1, 2]",1.0,0,0,2,104742,179,4,0.6666666666666666,0,0,3,0.0,1.2,3,5,0.0,0.0,0.04061567506109909,complete_windows,0,002_00,179,"[175, 176, 177, 178, 179]",206,0.9833984375,2014,2048,0.8012862077701803,synthetic/pilot_v2_r1/train/002,01111,365917
0,"[2, 1, 1, 2, 1]",0.0,"[2, 1, 1, 2, 1]",1.0,0,0,1,105254,180,6,0.8571428571428571,0,0,4,0.0,1.1666666666666667,5,6,0.0,0.0,0.0341635801265787,complete_windows,0,002_00,180,"[176, 177, 178, 179, 180]",206,0.9833984375,2014,2048,0.7705600327795378,synthetic/pilot_v2_r1/train/002,11111,364731
0,"[1, 1, 2, 1, 2]",0.0,"[1, 1, 2, 1, 2]",1.0,0,0,2,105796,181,5,0.7142857142857143,0,0,4,0.0,1.0,5,7,0.0,0.0,0.03279512639402517,complete_windows,0,002_00,181,"[177, 178, 179, 180, 181]",206,0.98828125,2024,2048,0.7192626275399896,synthetic/pilot_v2_r1/train/002,11111,359214
0,"[1, 2, 1, 2, 0]",,"[1, 2, 1, 2, 0]",,0,0,0,106222,182,6,1.0,0,0,4,,1.0,6,6,,,0.03195911901227941,complete_windows,0,002_00,182,"[178, 179, 180, 181, 182]",206,0.9912109375,2030,2048,0.693793678760608,synthetic/pilot_v2_r1/train/002,11110,361408
0,"[2, 1, 2, 0, 1]",0.0,"[2, 1, 2, 0, 1]",1.0,0,0,1,106301,183,5,0.8333333333333334,0,0,3,0.0,1.0,5,6,0.0,0.0,0.02885963393954036,complete_windows,0,002_00,183,"[179, 180, 181, 182, 183]",206,0.98974609375,2027,2048,0.6702216026756971,synthetic/pilot_v2_r1/train/002,11101,360103
0,"[1, 2, 0, 1, 1]",0.0,"[1, 2, 0, 1, 1]",1.0,0,0,1,106593,184,4,0.8,0,0,3,0.0,1.0,4,5,0.0,0.0,0.02414174900236802,complete_windows,0,002_00,184,"[180, 181, 182, 183, 184]",206,0.990234375,2028,2048,0.6479473468222323,synthetic/pilot_v2_r1/train/002,11011,368172
0,"[2, 0, 1, 1, 1]",0.0,"[2, 0, 1, 1, 1]",1.0,0,0,1,106732,185,4,0.8,0,0,3,0.0,1.0,4,5,0.0,0.0,0.02467620180349152,complete_windows,0,002_00,185,"[181, 182, 183, 184, 185]",206,0.98388671875,2015,2048,0.633344932295068,synthetic/pilot_v2_r1/train/002,10111,369556
0,"[0, 1, 1, 1, 0]",,"[0, 1, 1, 1, 0]",,0,0,0,106952,186,3,1.0,0,0,3,,1.0,3,3,,,0.026691267356262146,complete_windows,0,002_00,186,"[182, 183, 184, 185, 186]",206,0.99169921875,2031,2048,0.6230313405938724,synthetic/pilot_v2_r1/train/002,01110,371194
0,"[1, 1, 1, 0, 0]",,"[1, 1, 1, 0, 0]",,0,0,0,107353,187,3,1.0,0,0,3,,1.0,3,3,,,0.02241975845957299,complete_windows,0,002_00,187,"[183, 184, 185, 186, 187]",206,0.98681640625,2021,2048,0.6134739405336608,synthetic/pilot_v2_r1/train/002,11100,377622
0,"[1, 1, 0, 0, 0]",,"[1, 1, 0, 0, 0]",,0,0,0,107436,188,2,1.0,0,0,2,,1.0,2,2,,,0.014716149571766509,complete_windows,0,002_00,188,"[184, 185, 186, 187, 188]",206,0.98583984375,2019,2048,0.6128287183117197,synthetic/pilot_v2_r1/train/002,11000,378402
0,"[1, 0, 0, 0, 0]",,"[1, 0, 0, 0, 0]",,0,0,0,107516,189,1,1.0,0,0,1,,1.0,1,1,,,0.015645170580364194,complete_windows,0,002_00,189,"[185, 186, 187, 188, 189]",206,0.990234375,2028,2048,0.6066582159611945,synthetic/pilot_v2_r1/train/002,10000,374622
1,"[0, 0, 0, 0, 0]",,"[0, 0, 0, 0, 0]",,0,0,0,107505,190,0,,0,0,0,,,0,0,,,0.013197036266360953,complete_windows,0,002_00,190,"[186, 187, 188, 189, 190]",206,0.99072265625,2029,2048,0.6097626630252511,synthetic/pilot_v2_r1/train/002,00000,376574
1,"[0, 0, 0, 0, 0]",,"[0, 0, 0, 0, 0]",,0,0,0,107364,191,0,,0,0,0,,,0,0,,,0.017829958837530867,complete_windows,0,002_00,191,"[187, 188, 189, 190, 191]",206,0.9892578125,2026,2048,0.610163519911745,synthetic/pilot_v2_r1/train/002,00000,378189
1,"[0, 0, 0, 0, 0]",,"[0, 0, 0, 0, 0]",,0,0,0,107318,192,0,,0,0,0,,,0,0,,,0.029338745403634917,complete_windows,0,002_00,192,"[188, 189, 190, 191, 192]",206,0.98291015625,2013,2048,0.6019471694562021,synthetic/pilot_v2_r1/train/002,00000,372600
1,"[0, 0, 0, 0, 0]",,"[0, 0, 0, 0, 0]",,0,0,0,107649,193,0,,0,0,0,,,0,0,,,0.026611384176049115,complete_windows,0,002_00,193,"[189, 190, 191, 192, 193]",206,0.99169921875,2031,2048,0.6021946352303983,synthetic/pilot_v2_r1/train/002,00000,374799
1,"[0, 0, 0, 0, 0]",,"[0, 0, 0, 0, 0]",,0,0,0,107459,194,0,,0,0,0,,,0,0,,,0.008772245937460097,complete_windows,0,002_00,194,"[190, 191, 192, 193, 194]",206,0.98583984375,2019,2048,0.5954002221720693,synthetic/pilot_v2_r1/train/002,00000,379209
1,"[0, 0, 0, 0, 0]",,"[0, 0, 0, 0, 0]",,0,0,0,107244,195,0,,0,0,0,,,0,0,,,0.018572293578044765,complete_windows,0,002_00,195,"[191, 192, 193, 194, 195]",206,0.9853515625,2018,2048,0.580847177309576,synthetic/pilot_v2_r1/train/002,00000,374523
1,"[0, 0, 0, 0, 0]",,"[0, 0, 0, 0, 0]",,0,0,0,106959,196,0,,0,0,0,,,0,0,,,0.025675430567276638,complete_windows,0,002_00,196,"[192, 193, 194, 195, 196]",206,0.98779296875,2023,2048,0.5720416492078985,synthetic/pilot_v2_r1/train/002,00000,366944
1,"[0, 0, 0, 0, 0]",,"[0, 0, 0, 0, 0]",,0,0,0,107020,197,0,,0,0,0,,,0,0,,,0.0166080008834546,complete_windows,0,002_00,197,"[193, 194, 195, 196, 197]",206,0.98974609375,2027,2048,0.5638414479997312,synthetic/pilot_v2_r1/train/002,00000,370055
1,"[0, 0, 0, 0, 0]",,"[0, 0, 0, 0, 0]",,0,0,0,107149,198,0,,0,0,0,,,0,0,,,0.005621395977564787,complete_windows,0,002_00,198,"[194, 195, 196, 197, 198]",206,0.990234375,2028,2048,0.5725427366684774,synthetic/pilot_v2_r1/train/002,00000,366119
1,"[0, 0, 0, 0, 0]",,"[0, 0, 0, 0, 0]",,0,0,0,107084,199,0,,0,0,0,,,0,0,,,0.01533624339116506,complete_windows,0,002_00,199,"[195, 196, 197, 198, 199]",206,0.99072265625,2029,2048,0.585347721063509,synthetic/pilot_v2_r1/train/002,00000,359021
1,"[0, 0, 0, 0, 0]",,"[0, 0, 0, 0, 0]",,0,0,0,106947,200,0,,0,0,0,,,0,0,,,0.015162480965745396,complete_windows,0,002_00,200,"[196, 197, 198, 199, 200]",206,0.990234375,2028,2048,0.5836041005533739,synthetic/pilot_v2_r1/train/002,00000,355375
1,"[0, 0, 0, 0, 0]",,"[0, 0, 0, 0, 0]",,0,0,0,106683,201,0,,0,0,0,,,0,0,,,0.009516364513854538,complete_windows,0,002_00,201,"[197, 198, 199, 200, 201]",206,0.98876953125,2025,2048,0.601905147699086,synthetic/pilot_v2_r1/train/002,00000,356999
1,"[0, 0, 0, 0, 0]",,"[0, 0, 0, 0, 0]",,0,0,0,106292,202,0,,0,0,0,,,0,0,,,0.012779698716970945,complete_windows,0,002_00,202,"[198, 199, 200, 201, 202]",206,0.9892578125,2026,2048,0.5955420339586456,synthetic/pilot_v2_r1/train/002,00000,351877
1,"[0, 0, 0, 0, 0]",,"[0, 0, 0, 0, 0]",,0,0,0,105995,203,0,,0,0,0,,,0,0,,,0.014689789411983414,complete_windows,0,002_00,203,"[199, 200, 201, 202, 203]",206,0.9873046875,2022,2048,0.5971349964881765,synthetic/pilot_v2_r1/train/002,00000,353671
1,"[0, 0, 0, 0, 0]",,"[0, 0, 0, 0, 0]",,0,0,0,106003,204,0,,0,0,0,,,0,0,,,0.01603111858470819,complete_windows,0,002_00,204,"[200, 201, 202, 203, 204]",206,0.984375,2016,2048,0.6148883229855112,synthetic/pilot_v2_r1/train/002,00000,355077
1,"[0, 0, 0, 0, 0]",,"[0, 0, 0, 0, 0]",,0,0,0,105602,205,0,,0,0,0,,,0,0,,,0.021064922311676067,complete_windows,0,002_00,205,"[201, 202, 203, 204, 205]",206,0.98681640625,2021,2048,0.6281087370443754,synthetic/pilot_v2_r1/train/002,00000,351898
1,"[0, 0, 0, 0, 0]",,"[0, 0, 0, 0, 0]",,0,0,0,105636,206,0,,0,0,0,,,0,0,,,0.022483395893225955,complete_windows,0,002_00,206,"[202, 203, 204, 205, 206]",206,0.98974609375,2027,2048,0.6567695813176747,synthetic/pilot_v2_r1/train/002,00000,351157
1,"[0, 0, 0, 0, 0]",,"[0, 0, 0, 0, 0]",,0,0,0,105151,207,0,,0,0,0,,,0,0,,,0.023950665662802875,complete_windows,0,002_00,207,"[203, 204, 205, 206, 207]",206,0.99072265625,2029,2048,0.6769944356345333,synthetic/pilot_v2_r1/train/002,00000,347258
1,"[0, 0, 0, 0, 0]",,"[0, 0, 0, 0, 0]",,0,0,0,104634,208,0,,0,0,0,,,0,0,,,0.029153105995706616,complete_windows,0,002_00,208,"[204, 205, 206, 207, 208]",206,0.986328125,2020,2048,0.7089539319018389,synthetic/pilot_v2_r1/train/002,00000,343402
1,"[0, 0, 0, 0, 0]",,"[0, 0, 0, 0, 0]",,0,0,0,104256,209,0,,0,0,0,,,0,0,,,0.033773747166794515,complete_windows,0,002_00,209,"[205, 206, 207, 208, 209]",206,0.984375,2016,2048,0.7309678067900954,synthetic/pilot_v2_r1/train/002,00000,339499
1,"[0, 0, 0, 0, 0]",,"[0, 0, 0, 0, 0]",,0,0,0,104128,210,0,,0,0,0,,,0,0,,,0.03423503385501134,complete_windows,0,002_00,210,"[206, 207, 208, 209, 210]",206,0.9921875,2032,2048,0.7414598891834032,synthetic/pilot_v2_r1/train/002,00000,337781
1,"[0, 0, 0, 0, 0]",,"[0, 0, 0, 0, 0]",,0,0,0,103715,211,0,,0,0,0,,,0,0,,,0.03222473618254729,complete_windows,0,002_00,211,"[207, 208, 209, 210, 211]",206,0.9921875,2032,2048,0.7601726799827874,synthetic/pilot_v2_r1/train/002,00000,343325
1,"[0, 0, 0, 0, 0]",,"[0, 0, 0, 0, 0]",,0,0,0,103323,212,0,,0,0,0,,,0,0,,,0.030740286992438547,complete_windows,0,002_00,212,"[208, 209, 210, 211, 212]",206,0.994140625,2036,2048,0.797918506475757,synthetic/pilot_v2_r1/train/002,00000,341391
1,"[0, 0, 0, 0, 0]",,"[0, 0, 0, 0, 0]",,0,0,0,102602,213,0,,0,0,0,,,0,0,,,0.03238683620816942,complete_windows,0,002_00,213,"[209, 210, 211, 212, 213]",206,0.990234375,2028,2048,0.8272746988469634,synthetic/pilot_v2_r1/train/002,00000,333285
1,"[0, 0, 0, 0, 0]",,"[0, 0, 0, 0, 0]",,0,0,0,102233,214,0,,0,0,0,,,0,0,,,0.03296461841836975,complete_windows,0,002_00,214,"[210, 211, 212, 213, 214]",206,0.9892578125,2026,2048,0.8527311469250569,synthetic/pilot_v2_r1/train/002,00000,326090
1,"[0, 0, 0, 0, 0]",,"[0, 0, 0, 0, 0]",,0,0,0,101456,215,0,,0,0,0,,,0,0,,,0.032009610178446,complete_windows,0,002_00,215,"[211, 212, 213, 214, 215]",206,0.9873046875,2022,2048,0.8874944739282555,synthetic/pilot_v2_r1/train/002,00000,321443
1,"[0, 0, 0, 0, 0]",,"[0, 0, 0, 0, 0]",,0,0,0,100537,216,0,,0,0,0,,,0,0,,,0.032374483598082496,complete_windows,0,002_00,216,"[212, 213, 214, 215, 216]",206,0.990234375,2028,2048,0.8957130206084559,synthetic/pilot_v2_r1/train/002,00000,318591
1,"[0, 0, 0, 0, 0]",,"[0, 0, 0, 0, 0]",,0,0,0,99419,217,0,,0,0,0,,,0,0,,,0.03164409812188922,complete_windows,0,002_00,217,"[213, 214, 215, 216, 217]",206,0.984375,2016,2048,0.9190842825324014,synthetic/pilot_v2_r1/train/002,00000,321996
1,"[0, 0, 0, 0, 0]",,"[0, 0, 0, 0, 0]",,0,0,0,98152,218,0,,0,0,0,,,0,0,,,0.03194822255156579,complete_windows,0,002_00,218,"[214, 215, 216, 217, 218]",206,0.98779296875,2023,2048,0.9337030429833832,synthetic/pilot_v2_r1/train/002,00000,324108
1,"[0, 0, 0, 0, 0]",,"[0, 0, 0, 0, 0]",,0,0,0,96855,219,0,,0,0,0,,,0,0,,,0.03278888211974575,complete_windows,0,002_00,219,"[215, 216, 217, 218, 219]",206,0.99267578125,2033,2048,0.9712269454114666,synthetic/pilot_v2_r1/train/002,00000,320795
1,"[0, 0, 0, 0, 0]",,"[0, 0, 0, 0, 0]",,0,0,0,95601,220,0,,0,0,0,,,0,0,,,0.03336899025810447,complete_windows,0,002_00,220,"[216, 217, 218, 219, 220]",206,0.9931640625,2034,2048,0.9972853531691303,synthetic/pilot_v2_r1/train/002,00000,314785
1,"[0, 0, 0, 0, 0]",,"[0, 0, 0, 0, 0]",,0,0,0,94260,221,0,,0,0,0,,,0,0,,,0.03189998018966394,complete_windows,0,002_00,221,"[217, 218, 219, 220, 221]",206,0.99267578125,2033,2048,1.0277707398295697,synthetic/pilot_v2_r1/train/002,00000,302264
0,"[0, 0, 0, 0, 1]",0.0,"[0, 0, 0, 0, 1]",1.0,0,0,1,92256,222,0,0.0,0,0,0,0.0,1.0,0,1,0.0,0.0,0.028432596140170734,complete_windows,0,002_00,222,"[218, 219, 220, 221, 222]",206,0.99462890625,2037,2048,1.0569604011360527,synthetic/pilot_v2_r1/train/002,00001,298237
0,"[0, 0, 0, 1, 1]",0.0,"[0, 0, 0, 1, 1]",1.0,0,0,1,90354,223,1,0.5,0,0,1,0.0,1.0,1,2,0.0,0.0,0.02872195249819482,complete_windows,0,002_00,223,"[219, 220, 221, 222, 223]",206,0.98828125,2024,2048,1.0876163127896747,synthetic/pilot_v2_r1/train/002,00011,291274
0,"[0, 0, 1, 1, 1]",0.0,"[0, 0, 1, 1, 1]",1.0,0,0,1,87946,224,2,0.6666666666666666,0,0,2,0.0,1.5,1,2,0.0,0.0,0.02958333197584879,complete_windows,0,002_00,224,"[220, 221, 222, 223, 224]",206,0.984375,2016,2048,1.1184614730928182,synthetic/pilot_v2_r1/train/002,00111,281518
0,"[0, 1, 1, 1, 1]",0.0,"[0, 1, 1, 1, 1]",1.0,0,0,1,85146,225,3,0.75,0,0,3,0.0,1.0,3,4,0.0,0.0,0.029144908337712792,complete_windows,0,002_00,225,"[221, 222, 223, 224, 225]",206,0.99365234375,2035,2048,1.1362439840890755,synthetic/pilot_v2_r1/train/002,01111,276207
0,"[1, 1, 1, 1, 2]",0.0,"[1, 1, 1, 1, 2]",1.0,0,0,2,82764,226,4,0.6666666666666666,0,0,4,0.0,1.0,4,6,0.0,0.0,0.028279204541867487,complete_windows,0,002_00,226,"[222, 223, 224, 225, 226]",206,0.99072265625,2029,2048,1.1941795403093782,synthetic/pilot_v2_r1/train/002,11111,264334
0,"[1, 1, 1, 2, 2]",0.0,"[1, 1, 1, 2, 2]",1.0,0,0,2,80425,227,5,0.7142857142857143,0,0,4,0.0,1.0,5,7,0.0,0.0,0.0279233874817287,complete_windows,0,002_00,227,"[223, 224, 225, 226, 227]",206,0.9912109375,2030,2048,1.1790023858040255,synthetic/pilot_v2_r1/train/002,11111,263505
0,"[1, 1, 2, 2, 1]",0.0,"[1, 1, 2, 2, 1]",1.0,0,0,1,78339,228,6,0.8571428571428571,0,0,4,0.0,1.0,6,7,0.0,0.0,0.03036200517270331,complete_windows,0,002_00,228,"[224, 225, 226, 227, 228]",206,0.9912109375,2030,2048,1.2058180424836458,synthetic/pilot_v2_r1/train/002,11111,259307
0,"[1, 2, 2, 1, 1]",0.0,"[1, 2, 2, 1, 1]",1.0,0,0,1,76878,229,6,0.8571428571428571,0,0,4,0.0,1.0,6,7,0.0,0.0,0.031214493774896206,complete_windows,0,002_00,229,"[225, 226, 227, 228, 229]",206,0.9833984375,2014,2048,1.2416134735190951,synthetic/pilot_v2_r1/train/002,11111,246580
0,"[2, 2, 1, 1, 1]",0.0,"[2, 2, 1, 1, 1]",1.0,0,0,1,75711,230,6,0.8571428571428571,0,0,4,0.0,1.0,6,7,0.0,0.0,0.029582467081663382,complete_windows,0,002_00,230,"[226, 227, 228, 229, 230]",206,0.98291015625,2013,2048,1.239079011216906,synthetic/pilot_v2_r1/train/002,11111,246865
0,"[2, 1, 1, 1, 1]",0.0,"[2, 1, 1, 1, 1]",1.0,0,0,1,74837,231,5,0.8333333333333334,0,0,4,0.0,1.0,5,6,0.0,0.0,0.028097792005237023,complete_windows,0,002_00,231,"[227, 228, 229, 230, 231]",206,0.9833984375,2014,2048,1.2907929615341651,synthetic/pilot_v2_r1/train/002,11111,236132
0,"[1, 1, 1, 1, 1]",0.0,"[1, 1, 1, 1, 1]",1.0,0,0,1,74515,232,4,0.8,0,0,4,0.0,1.0,4,5,0.0,0.0,0.027294873333721936,complete_windows,0,002_00,232,"[228, 229, 230, 231, 232]",206,0.98046875,2008,2048,1.3104109985028336,synthetic/pilot_v2_r1/train/002,11111,231508
0,"[1, 1, 1, 1, 3]",0.0,"[1, 1, 1, 1, 3]",1.0,0,0,3,74561,233,4,0.5714285714285714,0,0,4,0.0,1.0,4,7,0.0,0.0,0.02615807991314817,complete_windows,0,002_00,233,"[229, 230, 231, 232, 233]",206,0.98095703125,2009,2048,1.322782059701654,synthetic/pilot_v2_r1/train/002,11111,225853
0,"[1, 1, 1, 3, 2]",0.0,"[1, 1, 1, 3, 2]",1.0,0,0,2,74615,234,6,0.75,0,0,4,0.0,1.0,6,8,0.0,0.0,0.023422025751969056,complete_windows,0,002_00,234,"[230, 231, 232, 233, 234]",206,0.9814453125,2010,2048,1.3324372254598655,synthetic/pilot_v2_r1/train/002,11111,223294
0,"[1, 1, 3, 2, 2]",0.0,"[1, 1, 3, 2, 2]",1.0,0,0,2,75082,235,7,0.7777777777777778,0,0,4,0.0,1.0,7,9,0.0,0.0,0.024718892499396024,complete_windows,0,002_00,235,"[231, 232, 233, 234, 235]",206,0.97216796875,1991,2048,1.3383262790864388,synthetic/pilot_v2_r1/train/002,11111,221272
0,"[1, 3, 2, 2, 3]",0.0,"[1, 3, 2, 2, 3]",1.0,0,0,3,75808,236,8,0.7272727272727273,0,0,4,0.0,1.1,7,10,0.0,0.0,0.025361192733457938,complete_windows,0,002_00,236,"[232, 233, 234, 235, 236]",206,0.98291015625,2013,2048,1.3299414908374343,synthetic/pilot_v2_r1/train/002,11111,223203
0,"[3, 2, 2, 3, 2]",0.0,"[3, 2, 2, 3, 2]",1.0,0,0,2,76214,237,10,0.8333333333333334,0,0,4,0.0,1.0909090909090908,9,11,0.0,0.0,0.02033683204428852,complete_windows,0,002_00,237,"[233, 234, 235, 236, 237]",206,0.98046875,2008,2048,1.349672262216748,synthetic/pilot_v2_r1/train/002,11111,225147
0,"[2, 2, 3, 2, 1]",0.0,"[2, 2, 3, 2, 1]",1.0,0,0,1,76824,238,9,0.9,0,0,4,0.0,1.0,9,10,0.0,0.0,0.018664418901075102,complete_windows,0,002_00,238,"[234, 235, 236, 237, 238]",206,0.97705078125,2001,2048,1.3807848286003848,synthetic/pilot_v2_r1/train/002,11111,221045
0,"[2, 3, 2, 1, 2]",0.003602568758651614,"[2, 3, 2, 1, 2]",1.0,0,0,2,77334,239,8,0.8,0,0,4,0.0,1.1111111111111112,7,9,0.0,0.0,0.018386079872154463,complete_windows,0,002_00,239,"[235, 236, 237, 238, 239]",206,0.9873046875,2022,2048,1.3830507686026583,synthetic/pilot_v2_r1/train/002,11111,215351
0,"[3, 2, 1, 2, 2]",0.008614879101514816,"[3, 2, 1, 2, 2]",1.0,0,0,2,77752,240,8,0.8,0,0,4,0.0,1.25,6,8,0.0,0.0,0.01880181637481512,complete_windows,0,002_00,240,"[236, 237, 238, 239, 240]",206,0.9892578125,2026,2048,1.4164991031913532,synthetic/pilot_v2_r1/train/002,11111,221382
0,"[2, 1, 2, 2, 2]",0.0,"[2, 1, 2, 2, 2]",1.0,0,0,2,77943,241,7,0.7777777777777778,0,0,4,0.0,1.125,6,8,0.0,0.0,0.01703458614452876,complete_windows,0,002_00,241,"[237, 238, 239, 240, 241]",206,0.99365234375,2035,2048,1.421894663477245,synthetic/pilot_v2_r1/train/002,11111,219904
0,"[1, 2, 2, 2, 3]",0.0,"[1, 2, 2, 2, 3]",1.0,0,0,3,77977,242,7,0.7,0,0,4,0.0,1.1111111111111112,6,9,0.0,0.0,0.013717097872851126,complete_windows,0,002_00,242,"[238, 239, 240, 241, 242]",206,0.994140625,2036,2048,1.4179048933438385,synthetic/pilot_v2_r1/train/002,11111,222101
0,"[2, 2, 2, 3, 2]",0.00865772645920515,"[2, 2, 2, 3, 2]",1.0,0,0,2,77818,243,9,0.8181818181818182,0,0,4,0.0,1.1,8,10,0.0,0.0,0.012266424761371412,complete_windows,0,002_00,243,"[239, 240, 241, 242, 243]",206,0.99267578125,2033,2048,1.4486056104797032,synthetic/pilot_v2_r1/train/002,11111,220372
0,"[2, 2, 3, 2, 3]",0.0,"[2, 2, 3, 2, 3]",1.0,0,0,3,77464,244,9,0.75,0,0,4,0.0,1.0,9,12,0.0,0.0,0.014649490339272674,complete_windows,0,002_00,244,"[240, 241, 242, 243, 244]",206,0.994140625,2036,2048,1.4648074914620663,synthetic/pilot_v2_r1/train/002,11111,217378
0,"[2, 3, 2, 3, 2]",0.013800166547298431,"[2, 3, 2, 3, 2]",1.0,0,0,2,76744,245,10,0.8333333333333334,0,0,4,0.0,1.0909090909090908,9,11,0.0,0.0,0.018513531736609346,complete_windows,0,002_00,245,"[241, 242, 243, 244, 245]",206,0.99609375,2040,2048,1.4736096902350935,synthetic/pilot_v2_r1/train/002,11111,214362
0,"[3, 2, 3, 2, 1]",0.0,"[3, 2, 3, 2, 1]",1.0,0,0,1,75949,246,10,0.9090909090909091,0,0,4,0.0,1.0,10,11,0.0,0.0,0.018287128666108,complete_windows,0,002_00,246,"[242, 243, 244, 245, 246]",206,0.9921875,2032,2048,1.4878670848075208,synthetic/pilot_v2_r1/train/002,11111,210799
0,"[2, 3, 2, 1, 2]",0.0112894456833601,"[2, 3, 2, 1, 2]",1.0,0,0,2,75137,247,8,0.8,0,0,4,0.0,1.1111111111111112,7,9,0.0,0.0,0.018007250365973802,complete_windows,0,002_00,247,"[243, 244, 245, 246, 247]",206,0.9892578125,2026,2048,1.4809958929274267,synthetic/pilot_v2_r1/train/002,11111,207145
0,"[3, 2, 1, 2, 3]",0.0028123243246227503,"[3, 2, 1, 2, 3]",1.0,0,0,3,74363,248,8,0.7272727272727273,0,0,4,0.0,1.2222222222222223,6,9,0.0,0.0,0.010856401974892911,complete_windows,0,002_00,248,"[244, 245, 246, 247, 248]",206,0.994140625,2036,2048,1.4657880790755298,synthetic/pilot_v2_r1/train/002,11111,206383
0,"[2, 1, 2, 3, 2]",0.014073694124817848,"[2, 1, 2, 3, 2]",1.0,0,0,2,73054,249,8,0.8,0,0,4,0.0,1.1111111111111112,7,9,0.0,0.0,0.00784344596077318,complete_windows,0,002_00,249,"[245, 246, 247, 248, 249]",206,0.98828125,2024,2048,1.4472595134001862,synthetic/pilot_v2_r1/train/002,11111,207796
0,"[1, 2, 3, 2, 2]",0.0,"[1, 2, 3, 2, 2]",1.0,0,0,2,72159,250,8,0.8,0,0,4,0.0,1.0,8,10,0.0,0.0,0.008258634847043958,complete_windows,0,002_00,250,"[246, 247, 248, 249, 250]",206,0.986328125,2020,2048,1.4299383004757582,synthetic/pilot_v2_r1/train/002,11111,205307
0,"[2, 3, 2, 2, 4]",0.0,"[2, 3, 2, 2, 4]",1.0,0,0,4,71267,251,9,0.6923076923076923,0,0,4,0.0,1.0833333333333333,8,12,0.0,0.0,0.009457181945960853,complete_windows,0,002_00,251,"[247, 248, 249, 250, 251]",206,0.990234375,2028,2048,1.4241496289854907,synthetic/pilot_v2_r1/train/002,11111,210655
0,"[3, 2, 2, 4, 2]",0.008581914938986301,"[3, 2, 2, 4, 2]",1.0,0,0,2,70802,252,11,0.8461538461538461,0,0,4,0.0,1.4444444444444444,7,9,0.0,0.0,0.009995956250386007,complete_windows,0,002_00,252,"[248, 249, 250, 251, 252]",206,0.99072265625,2029,2048,1.3925292747239473,synthetic/pilot_v2_r1/train/002,11111,213402
0,"[2, 2, 4, 2, 3]",0.0,"[2, 2, 4, 2, 3]",1.0,0,0,3,70102,253,10,0.7692307692307693,0,0,4,0.0,1.1818181818181819,8,11,0.0,0.0,0.012440726092116595,complete_windows,0,002_00,253,"[249, 250, 251, 252, 253]",206,0.98779296875,2023,2048,1.3949248595963613,synthetic/pilot_v2_r1/train/002,11111,213911
0,"[2, 4, 2, 3, 4]",0.0,"[2, 4, 2, 3, 4]",1.0,0,0,4,69845,254,11,0.7333333333333333,0,0,4,0.0,1.1538461538461537,9,13,0.0,0.0,0.012869359086422482,complete_windows,0,002_00,254,"[250, 251, 252, 253, 254]",206,0.9892578125,2026,2048,1.395690712588772,synthetic/pilot_v2_r1/train/002,11111,211695
0,"[4, 2, 3, 4, 3]",0.004963279701769352,"[4, 2, 3, 4, 3]",1.0,0,0,3,69980,255,13,0.8125,0,0,4,0.0,1.3333333333333333,9,12,0.0,0.0,0.011757316145997489,complete_windows,0,002_00,255,"[251, 252, 253, 254, 255]",206,0.98779296875,2023,2048,1.3703920802222453,synthetic/pilot_v2_r1/train/002,11111,208035
0,"[2, 3, 4, 3, 4]",0.013841722160577774,"[2, 3, 4, 3, 4]",1.0,0,0,4,70656,256,12,0.75,0,0,4,0.0,1.6,6,10,0.0,0.0,0.012452069418464568,complete_windows,0,002_00,256,"[252, 253, 254, 255, 256]",206,0.98095703125,2009,2048,1.3774523439430366,synthetic/pilot_v2_r1/train/002,11111,212236
0,"[3, 4, 3, 4, 4]",0.009137324057519436,"[3, 4, 3, 4, 4]",1.0,0,0,4,71460,257,14,0.7777777777777778,0,0,4,0.0,2.0,5,9,0.0,0.0,0.01798301668147419,complete_windows,0,002_00,257,"[253, 254, 255, 256, 257]",206,0.97998046875,2007,2048,1.3658042974089992,synthetic/pilot_v2_r1/train/002,11111,210838
0,"[4, 3, 4, 4, 3]",0.0,"[4, 3, 4, 4, 3]",1.0,0,0,3,72748,258,15,0.8333333333333334,0,0,4,0.0,2.0,6,9,0.0,0.0,0.018973510205812748,complete_windows,0,002_00,258,"[254, 255, 256, 257, 258]",206,0.9775390625,2002,2048,1.3341328973622266,synthetic/pilot_v2_r1/train/002,11111,215310
0,"[3, 4, 4, 3, 4]",0.0,"[3, 4, 4, 3, 4]",1.0,0,0,4,74489,259,14,0.7777777777777778,0,0,4,0.0,1.8,6,10,0.0,0.0,0.01779313172813013,complete_windows,0,002_00,259,"[255, 256, 257, 258, 259]",206,0.98046875,2008,2048,1.3427393592724137,synthetic/pilot_v2_r1/train/002,11111,218556
0,"[4, 4, 3, 4, 5]",0.007763909175992012,"[4, 4, 3, 4, 5]",1.0,0,0,5,76246,260,15,0.75,0,0,4,0.0,2.0,5,10,0.0,0.0,0.017022266636128897,complete_windows,0,002_00,260,"[256, 257, 258, 259, 260]",206,0.9775390625,2002,2048,1.3288470915664221,synthetic/pilot_v2_r1/train/002,11111,224772
0,"[4, 3, 4, 5, 5]",0.009890017099678516,"[4, 3, 4, 5, 5]",1.0,0,0,5,78285,261,16,0.7619047619047619,0,0,4,0.0,1.6153846153846154,8,13,0.0,0.0,0.017473427658448414,complete_windows,0,002_00,261,"[257, 258, 259, 260, 261]",206,0.97705078125,2001,2048,1.3110111775722821,synthetic/pilot_v2_r1/train/002,11111,231486
0,"[3, 4, 5, 5, 5]",0.004469477571547031,"[3, 4, 5, 5, 5]",1.0,0,0,5,80986,262,17,0.7727272727272727,0,0,4,0.0,2.2,5,10,0.0,0.0,0.018548371891233154,complete_windows,0,002_00,262,"[258, 259, 260, 261, 262]",206,0.974609375,1996,2048,1.3265892396962013,synthetic/pilot_v2_r1/train/002,11111,242394
0,"[4, 5, 5, 5, 6]",0.0,"[4, 5, 5, 5, 6]",1.0,0,0,6,84018,263,19,0.76,0,0,4,0.0,1.7857142857142858,8,14,0.0,0.0,0.01912823734168658,complete_windows,0,002_00,263,"[259, 260, 261, 262, 263]",206,0.970703125,1988,2048,1.3056465218853677,synthetic/pilot_v2_r1/train/002,11111,250583
0,"[5, 5, 5, 6, 4]",0.0,"[5, 5, 5, 6, 4]",1.0,0,0,4,87206,264,21,0.84,0,0,4,0.0,1.3157894736842106,15,19,0.0,0.0,0.019853309279094872,complete_windows,0,002_00,264,"[260, 261, 262, 263, 264]",206,0.97021484375,1987,2048,1.300230569384096,synthetic/pilot_v2_r1/train/002,11111,261505
0,"[5, 5, 6, 4, 5]",0.0,"[5, 5, 6, 4, 5]",1.0,0,0,5,90464,265,20,0.8,0,0,4,0.0,1.0869565217391304,18,23,0.0,0.0,0.02138235925108123,complete_windows,0,002_00,265,"[261, 262, 263, 264, 265]",206,0.962890625,1972,2048,1.2945402055530026,synthetic/pilot_v2_r1/train/002,11111,277051
0,"[5, 6, 4, 5, 6]",0.011082920245826244,"[5, 6, 4, 5, 6]",1.0,0,0,6,93729,266,20,0.7692307692307693,0,0,4,0.0,1.2380952380952381,15,21,0.0,0.0,0.025454295602437064,complete_windows,0,002_00,266,"[262, 263, 264, 265, 266]",206,0.96533203125,1977,2048,1.2761472053040466,synthetic/pilot_v2_r1/train/002,11111,288258
0,"[6, 4, 5, 6, 7]",0.0,"[6, 4, 5, 6, 7]",1.0,0,0,7,96471,267,21,0.75,0,0,4,0.0,1.1666666666666667,17,24,0.0,0.0,0.027552464685566526,complete_windows,0,002_00,267,"[263, 264, 265, 266, 267]",206,0.97119140625,1989,2048,1.268828511214552,synthetic/pilot_v2_r1/train/002,11111,301643
0,"[4, 5, 6, 7, 6]",0.0,"[4, 5, 6, 7, 6]",1.0,0,0,6,98452,268,22,0.7857142857142857,0,0,4,0.0,1.1666666666666667,18,24,0.0,0.0,0.026565350294847405,complete_windows,0,002_00,268,"[264, 265, 266, 267, 268]",206,0.9765625,2000,2048,1.280176779204354,synthetic/pilot_v2_r1/train/002,11111,314786
0,"[5, 6, 7, 6, 6]",0.004851354751735926,"[5, 6, 7, 6, 6]",1.0,0,0,6,100155,269,24,0.8,0,0,4,0.0,1.4285714285714286,15,21,0.0,0.0,0.02283001706221776,complete_windows,0,002_00,269,"[265, 266, 267, 268, 269]",206,0.97802734375,2003,2048,1.28323426734032,synthetic/pilot_v2_r1/train/002,11111,326188
0,"[6, 7, 6, 6, 7]",0.0,"[6, 7, 6, 6, 7]",1.0,0,0,7,101448,270,25,0.78125,0,0,4,0.0,1.3333333333333333,17,24,0.0,0.0,0.02182035358366655,complete_windows,0,002_00,270,"[266, 267, 268, 269, 270]",206,0.97900390625,2005,2048,1.2774865898612005,synthetic/pilot_v2_r1/train/002,11111,330232
0,"[7, 6, 6, 7, 7]",0.0029035054612904787,"[7, 6, 6, 7, 7]",1.0,0,0,7,102613,271,26,0.7878787878787878,0,0,4,0.0,1.5714285714285714,14,21,0.0,0.0,0.021160777105034792,complete_windows,0,002_00,271,"[267, 268, 269, 270, 271]",206,0.97802734375,2003,2048,1.2635781587029695,synthetic/pilot_v2_r1/train/002,11111,335971
0,"[6, 6, 7, 7, 8]",0.0,"[6, 6, 7, 7, 8]",1.0,0,0,8,103299,272,26,0.7647058823529411,0,0,4,0.0,1.7894736842105263,11,19,0.0,0.0,0.021711928352359418,complete_windows,0,002_00,272,"[268, 269, 270, 271, 272]",206,0.9775390625,2002,2048,1.2562301235786275,synthetic/pilot_v2_r1/train/002,11111,341046
0,"[6, 7, 7, 8, 8]",0.0033982705790549517,"[6, 7, 7, 8, 8]",1.0,0,0,8,103768,273,28,0.7777777777777778,0,0,4,0.0,1.565217391304348,15,23,0.0,0.0,0.024251900042206644,complete_windows,0,002_00,273,"[269, 270, 271, 272, 273]",206,0.9853515625,2018,2048,1.233206420724831,synthetic/pilot_v2_r1/train/002,11111,344863
0,"[7, 7, 8, 8, 7]",0.01038547232747078,"[7, 7, 8, 8, 7]",1.0,0,0,7,104166,274,30,0.8108108108108109,0,0,4,0.0,1.85,13,20,0.0,0.0,0.021109234548532464,complete_windows,0,002_00,274,"[270, 271, 272, 273, 274]",206,0.990234375,2028,2048,1.2473315653418673,synthetic/pilot_v2_r1/train/002,11111,343476
0,"[7, 8, 8, 7, 9]",0.01698949933052063,"[7, 8, 8, 7, 9]",1.0,0,0,9,104286,275,30,0.7692307692307693,0,0,4,0.0,1.7727272727272727,13,22,0.0,0.0,0.018385793314961235,complete_windows,0,002_00,275,"[271, 272, 273, 274, 275]",206,0.982421875,2012,2048,1.2604461503095445,synthetic/pilot_v2_r1/train/002,11111,347025
0,"[8, 8, 7, 9, 10]",0.0,"[8, 8, 7, 9, 10]",1.0,0,0,10,104365,276,32,0.7619047619047619,0,0,4,0.0,1.3125,22,32,0.0,0.0,0.017909870083462436,complete_windows,0,002_00,276,"[272, 273, 274, 275, 276]",206,0.984375,2016,2048,1.24214347972825,synthetic/pilot_v2_r1/train/002,11111,346412
0,"[8, 7, 9, 10, 9]",0.0,"[8, 7, 9, 10, 9]",1.0,0,0,9,104538,277,34,0.7906976744186046,0,0,4,0.0,1.5357142857142858,19,28,0.0,0.0,0.0192066003760577,complete_windows,0,002_00,277,"[273, 274, 275, 276, 277]",206,0.98486328125,2017,2048,1.24197419955604,synthetic/pilot_v2_r1/train/002,11111,344717
0,"[7, 9, 10, 9, 10]",0.005997182335704565,"[7, 9, 10, 9, 10]",1.0,0,0,10,104488,278,35,0.7777777777777778,0,0,4,0.0,1.6071428571428572,18,28,0.0,0.0,0.016821278892655743,complete_windows,0,002_00,278,"[274, 275, 276, 277, 278]",206,0.9892578125,2026,2048,1.2085224868994846,synthetic/pilot_v2_r1/train/002,11111,345622
0,"[9, 10, 9, 10, 10]",0.006917879916727543,"[9, 10, 9, 10, 10]",1.0,0,0,10,104394,279,38,0.7916666666666666,0,0,4,0.0,1.6,20,30,0.0,0.0,0.01353700737075183,complete_windows,0,002_00,279,"[275, 276, 277, 278, 279]",206,0.99072265625,2029,2048,1.194927754177542,synthetic/pilot_v2_r1/train/002,11111,347733
0,"[10, 9, 10, 10, 10]",0.015269603580236435,"[10, 9, 10, 10, 10]",1.0,0,0,10,104418,280,39,0.7959183673469388,0,0,4,0.0,1.6896551724137931,19,29,0.0,0.0,0.011894120277803162,complete_windows,0,002_00,280,"[276, 277, 278, 279, 280]",206,0.98486328125,2017,2048,1.1751544203392066,synthetic/pilot_v2_r1/train/002,11111,346102
0,"[9, 10, 10, 10, 10]",0.012689810246229172,"[9, 10, 10, 10, 10]",1.0,0,0,10,104297,281,39,0.7959183673469388,0,0,4,0.0,1.96,15,25,0.0,0.0,0.009962516932343455,complete_windows,0,002_00,281,"[277, 278, 279, 280, 281]",206,0.98974609375,2027,2048,1.1626955315198444,synthetic/pilot_v2_r1/train/002,11111,343264
0,"[10, 10, 10, 10, 13]",0.01445003878325224,"[10, 10, 10, 10, 13]",1.0,0,0,13,104183,282,40,0.7547169811320755,0,0,4,0.0,1.5588235294117647,21,34,0.0,0.0,0.008927196779934279,complete_windows,0,002_00,282,"[278, 279, 280, 281, 282]",206,0.99072265625,2029,2048,1.1488635573823232,synthetic/pilot_v2_r1/train/002,11111,343130
0,"[10, 10, 10, 13, 10]",0.0013736780965700746,"[10, 10, 10, 13, 10]",1.0,0,0,10,104049,283,43,0.8113207547169812,0,0,4,0.0,1.5142857142857142,25,35,0.0,0.0,0.010600304406704356,complete_windows,0,002_00,283,"[279, 280, 281, 282, 283]",206,0.990234375,2028,2048,1.127055390539591,synthetic/pilot_v2_r1/train/002,11111,342871
0,"[10, 10, 13, 10, 11]",0.007196470163762569,"[10, 10, 13, 10, 11]",1.0,0,0,11,104221,284,43,0.7962962962962963,0,0,4,0.0,2.0,16,27,0.0,0.0,0.01359819565085903,complete_windows,0,002_00,284,"[280, 281, 282, 283, 284]",206,0.986328125,2020,2048,1.0988197698373592,synthetic/pilot_v2_r1/train/002,11111,341688
0,"[10, 13, 10, 11, 13]",0.0072427173145115376,"[10, 13, 10, 11, 13]",1.0,0,0,13,104266,285,44,0.7719298245614035,0,0,4,0.0,1.8387096774193548,18,31,0.0,0.0,0.016918986898154086,complete_windows,0,002_00,285,"[281, 282, 283, 284, 285]",206,0.9873046875,2022,2048,1.0686002120979097,synthetic/pilot_v2_r1/train/002,11111,340862
0,"[13, 10, 11, 13, 18]",0.011486047878861427,"[13, 10, 11, 13, 18]",1.0,0,1,18,104159,286,47,0.7230769230769231,1,1,4,0.0,2.1666666666666665,12,30,0.05555555555555555,0.05555555555555555,0.01955881603532564,complete_windows,0,002_00,286,"[282, 283, 284, 285, 286]",206,0.994140625,2036,2048,1.0336724187766753,synthetic/pilot_v2_r1/train/002,11111,336090
0,"[10, 11, 13, 18, 16]",0.011024869978427887,"[10, 11, 13, 18, 16]",1.0,0,0,16,104307,287,52,0.7647058823529411,0,0,4,0.0,2.0,18,34,0.0,0.0,0.02180284005963421,complete_windows,0,002_00,287,"[283, 284, 285, 286, 287]",206,0.99365234375,2035,2048,0.999336365002124,synthetic/pilot_v2_r1/train/002,11111,335346
0,"[11, 13, 18, 16, 19]",0.01023524533957243,"[11, 13, 18, 16, 19]",1.0,0,1,19,104200,288,58,0.7532467532467533,1,1,4,0.0,2.2,16,35,0.05263157894736842,0.05263157894736842,0.02373096654611917,complete_windows,0,002_00,288,"[284, 285, 286, 287, 288]",206,0.9951171875,2038,2048,0.9807688723826598,synthetic/pilot_v2_r1/train/002,11111,334285
0,"[13, 18, 16, 19, 19]",0.011257187463343143,"[13, 18, 16, 19, 19]",1.0,0,0,19,104252,289,66,0.7764705882352941,0,0,4,0.0,2.1794871794871793,20,39,0.0,0.0,0.02491916634301199,complete_windows,0,002_00,289,"[285, 286, 287, 288, 289]",206,0.99560546875,2039,2048,0.9424493958916785,synthetic/pilot_v2_r1/train/002,11111,339928
0,"[18, 16, 19, 19, 20]",0.01298435777425766,"[18, 16, 19, 19, 20]",1.0,0,2,20,104241,290,72,0.782608695652174,2,2,4,0.0,2.4210526315789473,18,38,0.1,0.1,0.024687574788490305,complete_windows,0,002_00,290,"[286, 287, 288, 289, 290]",206,0.9892578125,2026,2048,0.9171947573404686,synthetic/pilot_v2_r1/train/002,11111,342153
0,"[16, 19, 19, 20, 20]",0.007239312399178743,"[16, 19, 19, 20, 20]",1.0,0,0,20,104204,291,74,0.7872340425531915,0,0,4,0.0,2.35,20,40,0.0,0.0,0.024339178420553075,complete_windows,0,002_00,291,"[287, 288, 289, 290, 291]",206,0.98974609375,2027,2048,0.8801476015759201,synthetic/pilot_v2_r1/train/002,11111,343419
0,"[19, 19, 20, 20, 20]",0.014777944423258305,"[19, 19, 20, 20, 20]",1.0526315789473684,0,0,19,104235,292,78,0.7959183673469388,0,0,4,0.0,2.5128205128205128,20,39,0.0,0.0,0.022736923128378512,complete_windows,0,002_00,292,"[288, 289, 290, 291, 292]",206,0.98291015625,2013,2048,0.8265312642680668,synthetic/pilot_v2_r1/train/002,11111,339750
0,"[19, 20, 20, 20, 22]",0.009365263395011425,"[19, 20, 20, 20, 22]",1.0476190476190477,0,0,21,104117,293,79,0.7821782178217822,0,0,4,0.0,2.72972972972973,16,37,0.0,0.0,0.019873676365415278,complete_windows,0,002_00,293,"[289, 290, 291, 292, 293]",206,0.98193359375,2011,2048,0.8051253105379336,synthetic/pilot_v2_r1/train/002,11111,337511
0,"[20, 20, 20, 22, 23]",0.016293343156576157,"[20, 20, 20, 22, 23]",1.0,0,0,23,104366,294,82,0.780952380952381,0,0,4,0.0,2.8378378378378377,14,37,0.0,0.0,0.0182747246034355,complete_windows,0,002_00,294,"[290, 291, 292, 293, 294]",206,0.98974609375,2027,2048,0.7609103347981339,synthetic/pilot_v2_r1/train/002,11111,334738
0,"[20, 20, 22, 23, 26]",0.015358302742242813,"[20, 20, 22, 23, 26]",1.1818181818181819,0,1,22,104263,295,85,0.7657657657657657,1,1,4,0.0,3.0833333333333335,14,36,0.045454545454545456,0.045454545454545456,0.01588019174895897,complete_windows,0,002_00,295,"[291, 292, 293, 294, 295]",206,0.998046875,2044,2048,0.7129361424513928,synthetic/pilot_v2_r1/train/002,11111,330494
0,"[20, 22, 23, 26, 27]",0.008534502238035202,"[20, 22, 23, 26, 27]",1.0,0,3,27,104490,296,91,0.7711864406779662,3,3,4,0.0,2.8095238095238093,15,42,0.1111111111111111,0.1111111111111111,0.014395725926220937,complete_windows,0,002_00,296,"[292, 293, 294, 295, 296]",206,0.99658203125,2041,2048,0.6831347526263487,synthetic/pilot_v2_r1/train/002,11111,329370
0,"[22, 23, 26, 27, 27]",0.01157299242913723,"[22, 23, 26, 27, 27]",1.125,0,1,24,104352,297,98,0.784,1,1,4,0.0,2.7777777777777777,21,45,0.041666666666666664,0.041666666666666664,0.012822554626463057,complete_windows,0,002_00,297,"[293, 294, 295, 296, 297]",206,0.9931640625,2034,2048,0.6413807056821162,synthetic/pilot_v2_r1/train/002,11111,329605
0,"[23, 26, 27, 27, 27]",0.010717812925577164,"[23, 26, 27, 27, 27]",1.0,0,3,27,104342,298,103,0.7923076923076923,3,3,4,0.0,3.25,13,40,0.1111111111111111,0.1111111111111111,0.013131787400246744,complete_windows,0,002_00,298,"[294, 295, 296, 297, 298]",206,0.98681640625,2021,2048,0.6319067198959666,synthetic/pilot_v2_r1/train/002,11111,333321
0,"[26, 27, 27, 27, 30]",0.013190468773245811,"[26, 27, 27, 27, 30]",1.0714285714285714,0,0,28,104472,299,107,0.781021897810219,0,0,4,0.0,3.186046511627907,15,43,0.0,0.0,0.014363778309355896,complete_windows,0,002_00,299,"[295, 296, 297, 298, 299]",206,0.9873046875,2022,2048,0.6136162703561036,synthetic/pilot_v2_r1/train/002,11111,334469
0,"[27, 27, 27, 30, 27]",0.010946812108159065,"[27, 27, 27, 30, 27]",1.35,0,1,20,104590,300,111,0.8043478260869565,0,0,4,0.0,3.0,26,46,0.0,0.05,0.013649882815289482,complete_windows,0,002_00,300,"[296, 297, 298, 299, 300]",206,0.9873046875,2022,2048,0.5974051867442726,synthetic/pilot_v2_r1/train/002,11111,343100
0,"[27, 27, 30, 27, 29]",0.008707952685654163,"[27, 27, 30, 27, 29]",1.2608695652173914,0,2,23,104853,301,111,0.7928571428571428,1,1,4,0.0,3.3333333333333335,19,42,0.043478260869565216,0.08695652173913043,0.0177224045406733,complete_windows,0,002_00,301,"[297, 298, 299, 300, 301]",206,0.98681640625,2021,2048,0.5648593544357072,synthetic/pilot_v2_r1/train/002,11111,347758
0,"[27, 30, 27, 29, 32]",0.009157370775938034,"[27, 30, 27, 29, 32]",1.3333333333333333,0,1,24,105200,302,113,0.7793103448275862,0,0,4,0.0,3.625,16,40,0.0,0.041666666666666664,0.028220239981787062,complete_windows,0,002_00,302,"[298, 299, 300, 301, 302]",206,0.98779296875,2023,2048,0.5106304190612372,synthetic/pilot_v2_r1/train/002,11111,349128
0,"[30, 27, 29, 32, 35]",0.009574837982654572,"[30, 27, 29, 32, 35]",1.3461538461538463,0,3,26,105423,303,118,0.7712418300653595,2,2,4,0.0,3.3260869565217392,20,46,0.07692307692307693,0.11538461538461539,0.03769960663245993,complete_windows,0,002_00,303,"[299, 300, 301, 302, 303]",206,0.99072265625,2029,2048,0.48862431699951,synthetic/pilot_v2_r1/train/002,11111,349429
0,"[27, 29, 32, 35, 33]",0.014565707184374332,"[27, 29, 32, 35, 33]",1.1379310344827587,0,3,29,105501,304,123,0.7884615384615384,3,3,4,0.0,3.9,11,40,0.10344827586206896,0.10344827586206896,0.03740310464572702,complete_windows,0,002_00,304,"[300, 301, 302, 303, 304]",206,0.98828125,2024,2048,0.45416070196476727,synthetic/pilot_v2_r1/train/002,11111,346960
0,"[29, 32, 35, 33, 35]",0.00950304139405489,"[29, 32, 35, 33, 35]",1.2962962962962963,0,2,27,105412,305,129,0.7865853658536586,2,2,4,0.0,3.5652173913043477,19,46,0.07407407407407407,0.07407407407407407,0.027390395272705023,complete_windows,0,002_00,305,"[301, 302, 303, 304, 305]",206,0.9921875,2032,2048,0.4458324798832617,synthetic/pilot_v2_r1/train/002,11111,349621
0,"[32, 35, 33, 35, 36]",0.009606286883354187,"[32, 35, 33, 35, 36]",1.1612903225806452,0,4,31,105548,306,135,0.7894736842105263,1,1,4,0.0,3.6382978723404253,16,47,0.03225806451612903,0.12903225806451613,0.01333397320309418,complete_windows,0,002_00,306,"[302, 303, 304, 305, 306]",206,0.9931640625,2034,2048,0.46343157674338953,synthetic/pilot_v2_r1/train/002,11111,348452
0,"[35, 33, 35, 36, 34]",0.009162934496998787,"[35, 33, 35, 36, 34]",1.4782608695652173,0,3,23,105598,307,139,0.8034682080924855,4,3,4,0.0,3.6808510638297873,24,47,0.13043478260869565,0.13043478260869565,0.009576586779284735,complete_windows,0,002_00,307,"[303, 304, 305, 306, 307]",206,0.9931640625,2034,2048,0.46968968710348014,synthetic/pilot_v2_r1/train/002,11111,346244
0,"[33, 35, 36, 34, 39]",0.00812962744385004,"[33, 35, 36, 34, 39]",1.21875,0,2,32,105680,308,138,0.7796610169491526,1,1,4,0.0,3.6875,16,48,0.03125,0.0625,0.01438579487884041,complete_windows,0,002_00,308,"[304, 305, 306, 307, 308]",206,0.9892578125,2026,2048,0.5009522934230904,synthetic/pilot_v2_r1/train/002,11111,343079
0,"[35, 36, 34, 39, 42]",0.009641122072935104,"[35, 36, 34, 39, 42]",1.3125,0,2,32,105837,309,144,0.7741935483870968,2,1,4,0.0,3.9574468085106385,15,47,0.03125,0.0625,0.0186569479308932,complete_windows,0,002_00,309,"[305, 306, 307, 308, 309]",206,0.99365234375,2035,2048,0.5315846324139211,synthetic/pilot_v2_r1/train/002,11111,344238
0,"[36, 34, 39, 42, 42]",0.010697294026613235,"[36, 34, 39, 42, 42]",1.5,0,0,28,105757,310,151,0.7823834196891192,0,0,4,0.0,4.195652173913044,18,46,0.0,0.0,0.02273977244152521,complete_windows,0,002_00,310,"[306, 307, 308, 309, 310]",206,0.9931640625,2034,2048,0.5572670650704298,synthetic/pilot_v2_r1/train/002,11111,345600
0,"[34, 39, 42, 42, 43]",0.00725060049444437,"[34, 39, 42, 42, 43]",1.4333333333333333,0,1,30,105901,311,157,0.785,0,0,4,0.0,4.081632653061225,19,49,0.0,0.03333333333333333,0.023005573126091573,complete_windows,0,002_00,311,"[307, 308, 309, 310, 311]",206,0.984375,2016,2048,0.5803950433345607,synthetic/pilot_v2_r1/train/002,11111,348229
0,"[39, 42, 42, 43, 47]",0.006712493486702442,"[39, 42, 42, 43, 47]",1.4242424242424243,0,0,33,106201,312,166,0.7793427230046949,0,0,4,0.0,4.346938775510204,16,49,0.0,0.0,0.017673895504945896,complete_windows,0,002_00,312,"[308, 309, 310, 311, 312]",206,0.98974609375,2027,2048,0.5776572816085085,synthetic/pilot_v2_r1/train/002,11111,350893
0,"[42, 42, 43, 47, 45]",0.009125049225986004,"[42, 42, 43, 47, 45]",1.6666666666666667,0,0,27,106384,313,174,0.7945205479452054,0,0,4,0.0,4.469387755102041,22,49,0.0,0.0,0.010549668519235394,complete_windows,0,002_00,313,"[309, 310, 311, 312, 313]",206,0.98681640625,2021,2048,0.5843355123793273,synthetic/pilot_v2_r1/train/002,11111,349047
0,"[42, 43, 47, 45, 49]",0.006272643804550171,"[42, 43, 47, 45, 49]",1.5806451612903225,0,3,31,106474,314,177,0.7831858407079646,1,1,4,0.0,4.52,19,50,0.03225806451612903,0.0967741935483871,0.004449932460946445,complete_windows,0,002_00,314,"[310, 311, 312, 313, 314]",206,0.98974609375,2027,2048,0.5760671244477157,synthetic/pilot_v2_r1/train/002,11111,344351
0,"[43, 47, 45, 49, 53]",0.00623212568461895,"[43, 47, 45, 49, 53]",1.394736842105263,0,4,38,106675,315,184,0.7763713080168776,2,2,4,0.0,4.5576923076923075,14,52,0.05263157894736842,0.10526315789473684,0.005266626833291165,complete_windows,0,002_00,315,"[311, 312, 313, 314, 315]",206,0.99609375,2040,2048,0.5749974273511295,synthetic/pilot_v2_r1/train/002,11111,338175
0,"[47, 45, 49, 53, 54]",0.006236754357814789,"[47, 45, 49, 53, 54]",1.8,0,3,30,106722,316,194,0.782258064516129,0,0,4,0.0,4.679245283018868,23,53,0.0,0.1,0.004750953724373705,complete_windows,0,002_00,316,"[312, 313, 314, 315, 316]",206,0.9931640625,2034,2048,0.6014658718503995,synthetic/pilot_v2_r1/train/002,11111,341279
0,"[45, 49, 53, 54, 57]",0.007674844469875097,"[45, 49, 53, 54, 57]",1.7272727272727273,0,3,33,106967,317,201,0.7790697674418605,1,1,4,0.0,5.26530612244898,16,49,0.030303030303030304,0.09090909090909091,0.005489503129727938,complete_windows,0,002_00,317,"[313, 314, 315, 316, 317]",206,0.98828125,2024,2048,0.6075095610053395,synthetic/pilot_v2_r1/train/002,11111,343039
0,"[49, 53, 54, 57, 59]",0.00713386619463563,"[49, 53, 54, 57, 59]",1.5526315789473684,0,4,38,107359,318,213,0.7830882352941176,4,4,4,0.0,5.333333333333333,13,51,0.10526315789473684,0.10526315789473684,0.005357554789918288,complete_windows,0,002_00,318,"[314, 315, 316, 317, 318]",206,0.9833984375,2014,2048,0.6093836639592625,synthetic/pilot_v2_r1/train/002,11111,344310
0,"[53, 54, 57, 59, 63]",0.007203796412795782,"[53, 54, 57, 59, 63]",1.6153846153846154,0,6,39,107568,319,223,0.7797202797202797,0,0,4,0.0,4.931034482758621,19,58,0.0,0.15384615384615385,0.004661328301339301,complete_windows,0,002_00,319,"[315, 316, 317, 318, 319]",206,0.97998046875,2007,2048,0.6145934861228743,synthetic/pilot_v2_r1/train/002,11111,346845
0,"[54, 57, 59, 63, 65]",0.006637181155383587,"[54, 57, 59, 63, 65]",1.4772727272727273,0,6,44,107836,320,233,0.7818791946308725,3,3,4,0.0,5.518518518518518,10,54,0.06818181818181818,0.13636363636363635,0.004497151451579407,complete_windows,0,002_00,320,"[316, 317, 318, 319, 320]",206,0.9921875,2032,2048,0.6062041021363045,synthetic/pilot_v2_r1/train/002,11111,349457
0,"[57, 59, 63, 65, 65]",0.007446711882948875,"[57, 59, 63, 65, 65]",1.911764705882353,0,3,34,108019,321,244,0.7896440129449838,3,2,4,0.0,6.18,16,50,0.058823529411764705,0.08823529411764706,0.010488144343792397,complete_windows,0,002_00,321,"[317, 318, 319, 320, 321]",206,0.9853515625,2018,2048,0.6091618760802807,synthetic/pilot_v2_r1/train/002,11111,357942
0,"[59, 63, 65, 65, 70]",0.007705553434789181,"[59, 63, 65, 65, 70]",2.0,0,0,35,108008,322,252,0.782608695652174,0,0,4,0.0,5.962962962962963,19,54,0.0,0.0,0.022504248394986655,complete_windows,0,002_00,322,"[318, 319, 320, 321, 322]",206,0.9814453125,2010,2048,0.6037811158445279,synthetic/pilot_v2_r1/train/002,11111,364355
0,"[63, 65, 65, 70, 73]",0.00637773098424077,"[63, 65, 65, 70, 73]",1.825,0,2,40,108204,323,263,0.7827380952380952,1,1,4,0.0,6.857142857142857,9,49,0.025,0.05,0.03312849385241347,complete_windows,0,002_00,323,"[319, 320, 321, 322, 323]",206,0.98388671875,2015,2048,0.5912488089586886,synthetic/pilot_v2_r1/train/002,11111,366869
0,"[65, 65, 70, 73, 76]",0.00624835817143321,"[65, 65, 70, 73, 76]",1.8095238095238095,0,5,42,108487,324,273,0.7822349570200573,0,0,4,0.0,6.98,8,50,0.0,0.11904761904761904,0.03510200812068873,complete_windows,0,002_00,324,"[320, 321, 322, 323, 324]",206,0.986328125,2020,2048,0.5625912684810951,synthetic/pilot_v2_r1/train/002,11111,366950
0,"[65, 70, 73, 76, 73]",0.005659802816808224,"[65, 70, 73, 76, 73]",1.825,0,0,40,108676,325,284,0.7955182072829131,0,0,4,0.0,6.375,16,56,0.0,0.0,0.02555289532564572,complete_windows,0,002_00,325,"[321, 322, 323, 324, 325]",206,0.986328125,2020,2048,0.5281189754062783,synthetic/pilot_v2_r1/train/002,11111,369742
0,"[70, 73, 76, 73, 53]",0.005656580440700054,"[70, 73, 76, 73, 53]",1.962962962962963,0,0,27,109165,326,292,0.8463768115942029,0,0,4,0.0,6.509433962264151,26,53,0.0,0.0,0.01043497538538106,complete_windows,0,002_00,326,"[322, 323, 324, 325, 326]",206,0.98681640625,2021,2048,0.4985950710311289,synthetic/pilot_v2_r1/train/002,11111,368514
0,"[73, 76, 73, 53, 33]",0.009132306091487408,"[73, 76, 73, 53, 33]",1.8333333333333333,0,0,18,109368,327,275,0.8928571428571429,0,0,4,0.0,6.03921568627451,33,51,0.0,0.0,0.01059452544061387,complete_windows,0,002_00,327,"[323, 324, 325, 326, 327]",206,0.98828125,2024,2048,0.4704840995729619,synthetic/pilot_v2_r1/train/002,11111,365113
0,"[76, 73, 53, 33, 14]",0.004537459462881088,"[76, 73, 53, 33, 14]",2.0,0,0,7,109546,328,235,0.9437751004016064,0,0,4,0.0,5.1875,41,48,0.0,0.0,0.019690687891839344,complete_windows,0,002_00,328,"[324, 325, 326, 327, 328]",206,0.986328125,2020,2048,0.4788143366673339,synthetic/pilot_v2_r1/train/002,11111,365870
0,"[73, 53, 33, 14, 4]",0.024889182299375534,"[73, 53, 33, 14, 4]",1.3333333333333333,0,0,3,109986,329,173,0.9774011299435028,0,0,4,0.0,4.425,37,40,0.0,0.0,0.026376272863373233,complete_windows,0,002_00,329,"[325, 326, 327, 328, 329]",206,0.98291015625,2013,2048,0.482649754827757,synthetic/pilot_v2_r1/train/002,11111,365830
0,"[53, 33, 14, 4, 0]",,"[53, 33, 14, 4, 0]",,0,0,0,110100,330,104,1.0,0,0,4,,3.7142857142857144,28,28,,,0.029150501571356822,complete_windows,0,002_00,330,"[326, 327, 328, 329, 330]",206,0.98095703125,2009,2048,0.49867750422433565,synthetic/pilot_v2_r1/train/002,11110,368687
0,"[33, 14, 4, 0, 0]",,"[33, 14, 4, 0, 0]",,0,0,0,110308,331,51,1.0,0,0,3,,3.0,17,17,,,0.025072042546647827,complete_windows,0,002_00,331,"[327, 328, 329, 330, 331]",206,0.9853515625,2018,2048,0.5199514147361499,synthetic/pilot_v2_r1/train/002,11100,372699
0,"[14, 4, 0, 0, 0]",,"[14, 4, 0, 0, 0]",,0,0,0,110452,332,18,1.0,0,0,2,,1.8,10,10,,,0.016990627189062683,complete_windows,0,002_00,332,"[328, 329, 330, 331, 332]",206,0.9853515625,2018,2048,0.5439009070833055,synthetic/pilot_v2_r1/train/002,11000,377887
0,"[4, 0, 0, 0, 0]",,"[4, 0, 0, 0, 0]",,0,0,0,110860,333,4,1.0,0,0,1,,1.3333333333333333,3,3,,,0.007199290489779002,complete_windows,0,002_00,333,"[329, 330, 331, 332, 333]",206,0.98388671875,2015,2048,0.5583812451055699,synthetic/pilot_v2_r1/train/002,10000,379931
1,"[0, 0, 0, 0, 0]",,"[0, 0, 0, 0, 0]",,0,0,0,111374,334,0,,0,0,0,,,0,0,,,0.003881942031613293,complete_windows,0,002_00,334,"[330, 331, 332, 333, 334]",206,0.98974609375,2027,2048,0.5624778852733421,synthetic/pilot_v2_r1/train/002,00000,379850
1,"[0, 0, 0, 0, 0]",,"[0, 0, 0, 0, 0]",,0,0,0,111489,335,0,,0,0,0,,,0,0,,,0.004013969620106816,complete_windows,0,002_00,335,"[331, 332, 333, 334, 335]",206,0.98095703125,2009,2048,0.5712487505759544,synthetic/pilot_v2_r1/train/002,00000,377722
1,"[0, 0, 0, 0, 0]",,"[0, 0, 0, 0, 0]",,0,0,0,111701,336,0,,0,0,0,,,0,0,,,0.004244274531605375,complete_windows,0,002_00,336,"[332, 333, 334, 335, 336]",206,0.982421875,2012,2048,0.5603045557616475,synthetic/pilot_v2_r1/train/002,00000,377171
1,"[0, 0, 0, 0, 0]",,"[0, 0, 0, 0, 0]",,0,0,0,111983,337,0,,0,0,0,,,0,0,,,0.007484856529025615,complete_windows,0,002_00,337,"[333, 334, 335, 336, 337]",206,0.9833984375,2014,2048,0.5588126647221515,synthetic/pilot_v2_r1/train/002,00000,373898
1,"[0, 0, 0, 0, 0]",,"[0, 0, 0, 0, 0]",,0,0,0,112192,338,0,,0,0,0,,,0,0,,,0.00902450859328236,complete_windows,0,002_00,338,"[334, 335, 336, 337, 338]",206,0.9921875,2032,2048,0.5761071547252536,synthetic/pilot_v2_r1/train/002,00000,373257
1,"[0, 0, 0, 0, 0]",,"[0, 0, 0, 0, 0]",,0,0,0,112511,339,0,,0,0,0,,,0,0,,,0.008880809810484997,complete_windows,0,002_00,339,"[335, 336, 337, 338, 339]",206,0.9892578125,2026,2048,0.5753518767209831,synthetic/pilot_v2_r1/train/002,00000,374680
1,"[0, 0, 0, 0, 0]",,"[0, 0, 0, 0, 0]",,0,0,0,112698,340,0,,0,0,0,,,0,0,,,0.009492410331554433,complete_windows,0,002_00,340,"[336, 337, 338, 339, 340]",206,0.98974609375,2027,2048,0.588363132974269,synthetic/pilot_v2_r1/train/002,00000,379995
1,"[0, 0, 0, 0, 0]",,"[0, 0, 0, 0, 0]",,0,0,0,113056,341,0,,0,0,0,,,0,0,,,0.010199378912365874,complete_windows,0,002_00,341,"[337, 338, 339, 340, 341]",206,0.9873046875,2022,2048,0.5845024878351902,synthetic/pilot_v2_r1/train/002,00000,382893
1,"[0, 0, 0, 0, 0]",,"[0, 0, 0, 0, 0]",,0,0,0,113143,342,0,,0,0,0,,,0,0,,,0.011019172161883788,complete_windows,0,002_00,342,"[338, 339, 340, 341, 342]",206,0.99169921875,2031,2048,0.5788319208293202,synthetic/pilot_v2_r1/train/002,00000,383706
1,"[0, 0, 0, 0, 0]",,"[0, 0, 0, 0, 0]",,0,0,0,113315,343,0,,0,0,0,,,0,0,,,0.011890084902513441,complete_windows,0,002_00,343,"[339, 340, 341, 342, 343]",206,0.99609375,2040,2048,0.5793430360738432,synthetic/pilot_v2_r1/train/002,00000,385421
1,"[0, 0, 0, 0, 0]",,"[0, 0, 0, 0, 0]",,0,0,0,113619,344,0,,0,0,0,,,0,0,,,0.011944651115047578,complete_windows,0,002_00,344,"[340, 341, 342, 343, 344]",206,0.994140625,2036,2048,0.5653536776556238,synthetic/pilot_v2_r1/train/002,00000,385081
1,"[0, 0, 0, 0, 0]",,"[0, 0, 0, 0, 0]",,0,0,0,113990,345,0,,0,0,0,,,0,0,,,0.01210184814047557,complete_windows,0,002_00,345,"[341, 342, 343, 344, 345]",206,0.98974609375,2027,2048,0.5791633372962105,synthetic/pilot_v2_r1/train/002,00000,385039
1,"[0, 0, 0, 0, 0]",,"[0, 0, 0, 0, 0]",,0,0,0,114008,346,0,,0,0,0,,,0,0,,,0.012438398353230266,complete_windows,0,002_00,346,"[342, 343, 344, 345, 346]",206,0.99365234375,2035,2048,0.5805062147430379,synthetic/pilot_v2_r1/train/002,00000,386325
1,"[0, 0, 0, 0, 0]",,"[0, 0, 0, 0, 0]",,0,0,0,114336,347,0,,0,0,0,,,0,0,,,0.012403966373165386,complete_windows,0,002_00,347,"[343, 344, 345, 346, 347]",206,0.98876953125,2025,2048,0.5725524728980129,synthetic/pilot_v2_r1/train/002,00000,385723
1,"[0, 0, 0, 0, 0]",,"[0, 0, 0, 0, 0]",,0,0,0,114638,348,0,,0,0,0,,,0,0,,,0.012718904237657156,complete_windows,0,002_00,348,"[344, 345, 346, 347, 348]",206,0.99169921875,2031,2048,0.5809035358261403,synthetic/pilot_v2_r1/train/002,00000,391387
1,"[0, 0, 0, 0, 0]",,"[0, 0, 0, 0, 0]",,0,0,0,114765,349,0,,0,0,0,,,0,0,,,0.012985891797693402,complete_windows,0,002_00,349,"[345, 346, 347, 348, 349]",206,0.99560546875,2039,2048,0.5754559332540147,synthetic/pilot_v2_r1/train/002,00000,390420
1,"[0, 0, 0, 0, 0]",,"[0, 0, 0, 0, 0]",,0,0,0,115036,350,0,,0,0,0,,,0,0,,,0.012234706951628146,complete_windows,0,002_00,350,"[346, 347, 348, 349, 350]",206,0.99072265625,2029,2048,0.5751583715519345,synthetic/pilot_v2_r1/train/002,00000,390024
1,"[0, 0, 0, 0, 0]",,"[0, 0, 0, 0, 0]",,0,0,0,115320,351,0,,0,0,0,,,0,0,,,0.01243150487036471,complete_windows,0,002_00,351,"[347, 348, 349, 350, 351]",206,0.98974609375,2027,2048,0.5886887827183296,synthetic/pilot_v2_r1/train/002,00000,387726
1,"[0, 0, 0, 0, 0]",,"[0, 0, 0, 0, 0]",,0,0,0,115479,352,0,,0,0,0,,,0,0,,,0.012381514130195042,complete_windows,0,002_00,352,"[348, 349, 350, 351, 352]",206,0.9892578125,2026,2048,0.5919981395924472,synthetic/pilot_v2_r1/train/002,00000,387200
1,"[0, 0, 0, 0, 0]",,"[0, 0, 0, 0, 0]",,0,0,0,116018,353,0,,0,0,0,,,0,0,,,0.012459881579628258,complete_windows,0,002_00,353,"[349, 350, 351, 352, 353]",206,0.9912109375,2030,2048,0.6121973240933014,synthetic/pilot_v2_r1/train/002,00000,386339
1,"[0, 0, 0, 0, 0]",,"[0, 0, 0, 0, 0]",,0,0,0,116121,354,0,,0,0,0,,,0,0,,,0.013476813979044782,complete_windows,0,002_00,354,"[350, 351, 352, 353, 354]",206,0.990234375,2028,2048,0.6351746585404092,synthetic/pilot_v2_r1/train/002,00000,387144
1,"[0, 0, 0, 0, 0]",,"[0, 0, 0, 0, 0]",,0,0,0,116229,355,0,,0,0,0,,,0,0,,,0.013621785428337925,complete_windows,0,002_00,355,"[351, 352, 353, 354, 355]",206,0.986328125,2020,2048,0.6558191799318478,synthetic/pilot_v2_r1/train/002,00000,392645
1,"[0, 0, 0, 0, 0]",,"[0, 0, 0, 0, 0]",,0,0,0,116598,356,0,,0,0,0,,,0,0,,,0.014489944469371912,complete_windows,0,002_00,356,"[352, 353, 354, 355, 356]",206,0.98583984375,2019,2048,0.6938751306148006,synthetic/pilot_v2_r1/train/002,00000,396055
1,"[0, 0, 0, 0, 0]",,"[0, 0, 0, 0, 0]",,0,0,0,116793,357,0,,0,0,0,,,0,0,,,0.015179045318041666,complete_windows,0,002_00,357,"[353, 354, 355, 356, 357]",206,0.986328125,2020,2048,0.7187748835864751,synthetic/pilot_v2_r1/train/002,00000,397384
1,"[0, 0, 0, 0, 0]",,"[0, 0, 0, 0, 0]",,0,0,0,116749,358,0,,0,0,0,,,0,0,,,0.014902800079266611,complete_windows,0,002_00,358,"[354, 355, 356, 357, 358]",206,0.9775390625,2002,2048,0.7402534944596068,synthetic/pilot_v2_r1/train/002,00000,398796
1,"[0, 0, 0, 0, 0]",,"[0, 0, 0, 0, 0]",,0,0,0,116873,359,0,,0,0,0,,,0,0,,,0.015013026104437175,complete_windows,0,002_00,359,"[355, 356, 357, 358, 359]",206,0.98486328125,2017,2048,0.7754752707030276,synthetic/pilot_v2_r1/train/002,00000,397432
1,"[0, 0, 0, 0, 0]",,"[0, 0, 0, 0, 0]",,0,0,0,116982,360,0,,0,0,0,,,0,0,,,0.014903136414827472,complete_windows,0,002_00,360,"[356, 357, 358, 359, 360]",206,0.9873046875,2022,2048,0.8036004633366779,synthetic/pilot_v2_r1/train/002,00000,398844
1,"[0, 0, 0, 0, 0]",,"[0, 0, 0, 0, 0]",,0,0,0,117170,361,0,,0,0,0,,,0,0,,,0.014151281734834327,complete_windows,0,002_00,361,"[357, 358, 359, 360, 361]",206,0.9912109375,2030,2048,0.8312725274040823,synthetic/pilot_v2_r1/train/002,00000,399718
1,"[0, 0, 0, 0, 0]",,"[0, 0, 0, 0, 0]",,0,0,0,117228,362,0,,0,0,0,,,0,0,,,0.013381444815018491,complete_windows,0,002_00,362,"[358, 359, 360, 361, 362]",206,0.9873046875,2022,2048,0.8670447239956256,synthetic/pilot_v2_r1/train/002,00000,401191
1,"[0, 0, 0, 0, 0]",,"[0, 0, 0, 0, 0]",,0,0,0,117556,363,0,,0,0,0,,,0,0,,,0.012747530298274507,complete_windows,0,002_00,363,"[359, 360, 361, 362, 363]",206,0.986328125,2020,2048,0.9110720695156329,synthetic/pilot_v2_r1/train/002,00000,404242
0,"[0, 0, 0, 0, 6]",0.0,"[0, 0, 0, 0, 6]",1.5,0,0,4,117571,364,0,0.0,0,0,0,0.0,1.5,0,4,0.0,0.0,0.011430041660749226,complete_windows,0,002_00,364,"[360, 361, 362, 363, 364]",206,0.9833984375,2014,2048,0.9372030791853933,synthetic/pilot_v2_r1/train/002,00001,405458
0,"[0, 0, 0, 6, 22]",0.0,"[0, 0, 0, 6, 22]",1.2222222222222223,0,0,18,117696,365,6,0.21428571428571427,0,0,1,0.0,1.4736842105263157,1,19,0.0,0.0,0.01032328408647868,complete_windows,0,002_00,365,"[361, 362, 363, 364, 365]",206,0.98828125,2024,2048,0.9718602712025562,synthetic/pilot_v2_r1/train/002,00011,405855
0,"[0, 0, 6, 22, 39]",0.0033850851468741894,"[0, 0, 6, 22, 39]",1.56,0,0,25,117852,366,28,0.417910447761194,0,0,2,0.0,2.392857142857143,3,28,0.0,0.0,0.009396168403151616,complete_windows,0,002_00,366,"[362, 363, 364, 365, 366]",206,0.98583984375,2019,2048,1.0058080379122567,synthetic/pilot_v2_r1/train/002,00111,407272
0,"[0, 6, 22, 39, 41]",0.005739436950534582,"[0, 6, 22, 39, 41]",1.4642857142857142,0,0,28,118031,367,67,0.6203703703703703,0,0,3,0.0,3.0,8,36,0.0,0.0,0.00804911872269013,complete_windows,0,002_00,367,"[363, 364, 365, 366, 367]",206,0.98291015625,2013,2048,1.0280738673167489,synthetic/pilot_v2_r1/train/002,01111,408349
0,"[6, 22, 39, 41, 38]",0.009100059047341347,"[6, 22, 39, 41, 38]",1.5833333333333333,0,2,24,118003,368,108,0.7397260273972602,0,0,4,0.0,3.4761904761904763,18,42,0.0,0.08333333333333333,0.007353095678463237,complete_windows,0,002_00,368,"[364, 365, 366, 367, 368]",206,0.98193359375,2011,2048,1.0639047755464062,synthetic/pilot_v2_r1/train/002,11111,406779
0,"[22, 39, 41, 38, 32]",0.00589846633374691,"[22, 39, 41, 38, 32]",1.3333333333333333,0,0,24,118043,369,140,0.813953488372093,0,0,4,0.0,3.6595744680851063,23,47,0.0,0.0,0.006606434965846681,complete_windows,0,002_00,369,"[365, 366, 367, 368, 369]",206,0.984375,2016,2048,1.0914385333815355,synthetic/pilot_v2_r1/train/002,11111,407224
0,"[39, 41, 38, 32, 35]",0.006949656177312136,"[39, 41, 38, 32, 35]",1.3461538461538463,0,0,26,117981,370,150,0.8108108108108109,0,0,4,0.0,4.204545454545454,18,44,0.0,0.0,0.005989570394472258,complete_windows,0,002_00,370,"[366, 367, 368, 369, 370]",206,0.98681640625,2021,2048,1.113440256220968,synthetic/pilot_v2_r1/train/002,11111,409394
0,"[41, 38, 32, 35, 27]",0.01063486561179161,"[41, 38, 32, 35, 27]",1.2272727272727273,0,3,22,117867,371,146,0.8439306358381503,3,3,4,0.0,4.119047619047619,20,42,0.13636363636363635,0.13636363636363635,0.0065992771578003845,complete_windows,0,002_00,371,"[367, 368, 369, 370, 371]",206,0.98095703125,2009,2048,1.1401810756512147,synthetic/pilot_v2_r1/train/002,11111,409912
0,"[38, 32, 35, 27, 28]",0.013966670259833336,"[38, 32, 35, 27, 28]",1.0,0,2,28,117703,372,132,0.825,2,2,4,0.0,3.7209302325581395,15,43,0.07142857142857142,0.07142857142857142,0.007928366146325225,complete_windows,0,002_00,372,"[368, 369, 370, 371, 372]",206,0.982421875,2012,2048,1.1586209259673026,synthetic/pilot_v2_r1/train/002,11111,410266
0,"[32, 35, 27, 28, 23]",0.008109674789011478,"[32, 35, 27, 28, 23]",1.2105263157894737,0,1,19,117549,373,122,0.8413793103448276,1,1,4,0.0,3.372093023255814,24,43,0.05263157894736842,0.05263157894736842,0.008219509823043392,complete_windows,0,002_00,373,"[369, 370, 371, 372, 373]",206,0.98828125,2024,2048,1.170007767325071,synthetic/pilot_v2_r1/train/002,11111,408472
0,"[35, 27, 28, 23, 23]",0.011534485034644604,"[35, 27, 28, 23, 23]",1.2105263157894737,0,1,19,117552,374,113,0.8308823529411765,0,0,4,0.0,3.238095238095238,23,42,0.0,0.05263157894736842,0.007385478935270669,complete_windows,0,002_00,374,"[370, 371, 372, 373, 374]",206,0.97509765625,1997,2048,1.1840390443808124,synthetic/pilot_v2_r1/train/002,11111,406450
0,"[27, 28, 23, 23, 22]",0.012787684798240662,"[27, 28, 23, 23, 22]",1.1,0,0,20,117324,375,101,0.8211382113821138,0,0,4,0.0,3.324324324324324,17,37,0.0,0.0,0.006162755428425961,complete_windows,0,002_00,375,"[371, 372, 373, 374, 375]",206,0.97998046875,2007,2048,1.1824773770611796,synthetic/pilot_v2_r1/train/002,11111,407992
0,"[28, 23, 23, 22, 23]",0.013298116624355316,"[28, 23, 23, 22, 23]",1.15,0,2,20,117195,376,96,0.8067226890756303,2,2,4,0.0,2.8333333333333335,22,42,0.1,0.1,0.004689479038571667,complete_windows,0,002_00,376,"[372, 373, 374, 375, 376]",206,0.9853515625,2018,2048,1.1855477931312053,synthetic/pilot_v2_r1/train/002,11111,408646
0,"[23, 23, 22, 23, 22]",0.010847961530089378,"[23, 23, 22, 23, 22]",1.1,0,1,20,117163,377,91,0.8053097345132744,0,0,4,0.0,2.6904761904761907,22,42,0.0,0.05,0.002687353124397738,complete_windows,0,002_00,377,"[373, 374, 375, 376, 377]",206,0.98583984375,2019,2048,1.207543538042578,synthetic/pilot_v2_r1/train/002,11111,405985
0,"[23, 22, 23, 22, 18]",0.015973294153809547,"[23, 22, 23, 22, 18]",1.0588235294117647,0,1,17,116984,378,90,0.8333333333333334,1,1,4,0.0,2.4,28,45,0.058823529411764705,0.058823529411764705,0.0014898956103840857,complete_windows,0,002_00,378,"[374, 375, 376, 377, 378]",206,0.9833984375,2014,2048,1.2214170744655641,synthetic/pilot_v2_r1/train/002,11111,404061
0,"[22, 23, 22, 18, 18]",0.01346855703741312,"[22, 23, 22, 18, 18]",1.0,0,0,18,116718,379,85,0.8252427184466019,0,0,4,0.0,2.575,22,40,0.0,0.0,0.0028588727201905224,complete_windows,0,002_00,379,"[375, 376, 377, 378, 379]",206,0.98193359375,2011,2048,1.2433775486688663,synthetic/pilot_v2_r1/train/002,11111,402278
0,"[23, 22, 18, 18, 15]",0.01077823992818594,"[23, 22, 18, 18, 15]",1.0,0,1,15,116604,380,81,0.84375,1,1,4,0.0,2.2857142857142856,27,42,0.06666666666666667,0.06666666666666667,0.005963859404741957,complete_windows,0,002_00,380,"[376, 377, 378, 379, 380]",206,0.98291015625,2013,2048,1.2628800247049026,synthetic/pilot_v2_r1/train/002,11111,400003
0,"[22, 18, 18, 15, 16]",0.014625214040279388,"[22, 18, 18, 15, 16]",1.0,0,2,16,116236,381,73,0.8202247191011236,2,2,4,0.0,2.225,24,40,0.125,0.125,0.008838211180119659,complete_windows,0,002_00,381,"[377, 378, 379, 380, 381]",206,0.9775390625,2002,2048,1.2797589287051103,synthetic/pilot_v2_r1/train/002,11111,399266
0,"[18, 18, 15, 16, 13]",0.003670210251584649,"[18, 18, 15, 16, 13]",1.0,0,0,13,115848,382,67,0.8375,0,0,4,0.0,2.2222222222222223,23,36,0.0,0.0,0.011967608951750872,complete_windows,0,002_00,382,"[378, 379, 380, 381, 382]",206,0.98193359375,2011,2048,1.2822689395586824,synthetic/pilot_v2_r1/train/002,11111,399485
0,"[18, 15, 16, 13, 13]",0.008694037795066833,"[18, 15, 16, 13, 13]",1.0,0,0,13,115559,383,62,0.8266666666666667,0,0,4,0.0,2.34375,19,32,0.0,0.0,0.015462872497572068,complete_windows,0,002_00,383,"[379, 380, 381, 382, 383]",206,0.97802734375,2003,2048,1.2988789353588213,synthetic/pilot_v2_r1/train/002,11111,400112
0,"[15, 16, 13, 13, 13]",0.002978958422318101,"[15, 16, 13, 13, 13]",1.0,0,0,13,115100,384,57,0.8142857142857143,0,0,4,0.0,2.1875,19,32,0.0,0.0,0.017471767214274857,complete_windows,0,002_00,384,"[380, 381, 382, 383, 384]",206,0.97705078125,2001,2048,1.3062262650387035,synthetic/pilot_v2_r1/train/002,11111,399833
0,"[16, 13, 13, 13, 12]",0.012391539290547371,"[16, 13, 13, 13, 12]",1.0,0,0,12,114821,385,55,0.8208955223880597,0,0,4,0.0,2.09375,20,32,0.0,0.0,0.019938755564251683,complete_windows,0,002_00,385,"[381, 382, 383, 384, 385]",206,0.9853515625,2018,2048,1.3020436551013777,synthetic/pilot_v2_r1/train/002,11111,398033
0,"[13, 13, 13, 12, 11]",0.013157420791685581,"[13, 13, 13, 12, 11]",1.0,0,0,11,114478,386,51,0.8225806451612904,0,0,4,0.0,1.878787878787879,22,33,0.0,0.0,0.020851111088566705,complete_windows,0,002_00,386,"[382, 383, 384, 385, 386]",206,0.98388671875,2015,2048,1.3192689686818118,synthetic/pilot_v2_r1/train/002,11111,393647
0,"[13, 13, 12, 11, 8]",0.015398425981402397,"[13, 13, 12, 11, 8]",1.0,0,0,8,114029,387,49,0.8596491228070176,0,0,4,0.0,1.8387096774193548,23,31,0.0,0.0,0.020761124390069347,complete_windows,0,002_00,387,"[383, 384, 385, 386, 387]",206,0.9833984375,2014,2048,1.3126215706449558,synthetic/pilot_v2_r1/train/002,11111,391088
0,"[13, 12, 11, 8, 9]",0.0067008621990680695,"[13, 12, 11, 8, 9]",1.0,0,0,9,113339,388,44,0.8301886792452831,0,0,4,0.0,1.7666666666666666,21,30,0.0,0.0,0.021951718565706213,complete_windows,0,002_00,388,"[384, 385, 386, 387, 388]",206,0.98291015625,2013,2048,1.3052875485647322,synthetic/pilot_v2_r1/train/002,11111,389558
0,"[12, 11, 8, 9, 9]",0.006314716301858425,"[12, 11, 8, 9, 9]",1.0,0,0,9,112860,389,40,0.8163265306122449,0,0,4,0.0,1.75,19,28,0.0,0.0,0.022965797011270647,complete_windows,0,002_00,389,"[385, 386, 387, 388, 389]",206,0.98291015625,2013,2048,1.313427224061095,synthetic/pilot_v2_r1/train/002,11111,386626
0,"[11, 8, 9, 9, 9]",0.002445355523377657,"[11, 8, 9, 9, 9]",1.0,0,0,9,112261,390,37,0.8043478260869565,0,0,4,0.0,1.7037037037037037,18,27,0.0,0.0,0.02244563153709309,complete_windows,0,002_00,390,"[386, 387, 388, 389, 390]",206,0.9833984375,2014,2048,1.2947163935012391,synthetic/pilot_v2_r1/train/002,11111,383535
0,"[8, 9, 9, 9, 9]",0.0,"[8, 9, 9, 9, 9]",1.0,0,0,9,111608,391,35,0.7954545454545454,0,0,4,0.0,2.0,13,22,0.0,0.0,0.022528384285342748,complete_windows,0,002_00,391,"[387, 388, 389, 390, 391]",206,0.98193359375,2011,2048,1.2878566812297847,synthetic/pilot_v2_r1/train/002,11111,379610
0,"[9, 9, 9, 9, 8]",0.002166333608329296,"[9, 9, 9, 9, 8]",1.0,0,0,8,111013,392,36,0.8181818181818182,0,0,4,0.0,1.6923076923076923,18,26,0.0,0.0,0.02289354986602539,complete_windows,0,002_00,392,"[388, 389, 390, 391, 392]",206,0.98876953125,2025,2048,1.2895677938670902,synthetic/pilot_v2_r1/train/002,11111,377175
0,"[9, 9, 9, 8, 8]",0.0081817377358675,"[9, 9, 9, 8, 8]",1.0,0,0,8,110399,393,35,0.813953488372093,0,0,4,0.0,1.72,17,25,0.0,0.0,0.024276588341936696,complete_windows,0,002_00,393,"[389, 390, 391, 392, 393]",206,0.9873046875,2022,2048,1.2795421282905588,synthetic/pilot_v2_r1/train/002,11111,374392
0,"[9, 9, 8, 8, 8]",0.0,"[9, 9, 8, 8, 8]",1.0,0,0,8,109812,394,34,0.8095238095238095,0,0,4,0.0,1.9090909090909092,14,22,0.0,0.0,0.027781287758392396,complete_windows,0,002_00,394,"[390, 391, 392, 393, 394]",206,0.9892578125,2026,2048,1.2740342489027967,synthetic/pilot_v2_r1/train/002,11111,369205
0,"[9, 8, 8, 8, 7]",0.0,"[9, 8, 8, 8, 7]",1.0,0,0,7,109188,395,33,0.825,0,0,4,0.0,1.4285714285714286,21,28,0.0,0.0,0.030635788842928044,complete_windows,0,002_00,395,"[391, 392, 393, 394, 395]",206,0.982421875,2012,2048,1.2649643998291062,synthetic/pilot_v2_r1/train/002,11111,367113
0,"[8, 8, 8, 7, 6]",0.013850160874426365,"[8, 8, 8, 7, 6]",1.0,0,0,6,108706,396,31,0.8378378378378378,0,0,4,0.0,1.3703703703703705,21,27,0.0,0.0,0.033301157073977586,complete_windows,0,002_00,396,"[392, 393, 394, 395, 396]",206,0.98193359375,2011,2048,1.2352397986245578,synthetic/pilot_v2_r1/train/002,11111,362826
0,"[8, 8, 7, 6, 7]",0.007733692415058613,"[8, 8, 7, 6, 7]",1.0,0,1,7,108047,397,29,0.8055555555555556,1,1,4,0.0,1.44,18,25,0.14285714285714285,0.14285714285714285,0.03480737718064293,complete_windows,0,002_00,397,"[393, 394, 395, 396, 397]",206,0.98828125,2024,2048,1.1884000133233548,synthetic/pilot_v2_r1/train/002,11111,359514
0,"[8, 7, 6, 7, 7]",0.015776898711919785,"[8, 7, 6, 7, 7]",1.0,0,1,7,107581,398,28,0.8,1,1,4,0.0,1.5909090909090908,15,22,0.14285714285714285,0.14285714285714285,0.03478882210479759,complete_windows,0,002_00,398,"[394, 395, 396, 397, 398]",206,0.98876953125,2025,2048,1.160145007218402,synthetic/pilot_v2_r1/train/002,11111,354796
0,"[7, 6, 7, 7, 6]",0.0,"[7, 6, 7, 7, 6]",1.0,0,0,6,107168,399,27,0.8181818181818182,0,0,4,0.0,1.434782608695652,17,23,0.0,0.0,0.03415294345233109,complete_windows,0,002_00,399,"[395, 396, 397, 398, 399]",206,0.98486328125,2017,2048,1.0988508033248765,synthetic/pilot_v2_r1/train/002,11111,352298
0,"[6, 7, 7, 6, 5]",0.00432928092777729,"[6, 7, 7, 6, 5]",1.0,0,0,5,106565,400,26,0.8387096774193549,0,0,4,0.0,1.55,15,20,0.0,0.0,0.03289217862112589,complete_windows,0,002_00,400,"[396, 397, 398, 399, 400]",206,0.99169921875,2031,2048,1.04959242365135,synthetic/pilot_v2_r1/train/002,11111,349094
0,"[7, 7, 6, 5, 6]",0.0,"[7, 7, 6, 5, 6]",1.0,0,0,6,106042,401,25,0.8064516129032258,0,0,4,0.0,1.2916666666666667,18,24,0.0,0.0,0.03176991607354559,complete_windows,0,002_00,401,"[397, 398, 399, 400, 401]",206,0.98876953125,2025,2048,0.997741020126535,synthetic/pilot_v2_r1/train/002,11111,345595
0,"[7, 6, 5, 6, 6]",0.0,"[7, 6, 5, 6, 6]",1.0,0,0,6,105530,402,24,0.8,0,0,4,0.0,1.1111111111111112,21,27,0.0,0.0,0.031030810787634384,complete_windows,0,002_00,402,"[398, 399, 400, 401, 402]",206,0.99658203125,2041,2048,0.9250714436681605,synthetic/pilot_v2_r1/train/002,11111,343575
0,"[6, 5, 6, 6, 5]",0.008506689220666885,"[6, 5, 6, 6, 5]",1.0,0,0,5,105024,403,23,0.8214285714285714,0,0,4,0.0,1.2173913043478262,18,23,0.0,0.0,0.031083653511004058,complete_windows,0,002_00,403,"[399, 400, 401, 402, 403]",206,0.994140625,2036,2048,0.8585992169698263,synthetic/pilot_v2_r1/train/002,11111,339208
0,"[5, 6, 6, 5, 4]",0.027622930705547333,"[5, 6, 6, 5, 4]",1.0,0,0,4,104545,404,22,0.8461538461538461,0,0,4,0.0,1.3,16,20,0.0,0.0,0.031179020547614716,complete_windows,0,002_00,404,"[400, 401, 402, 403, 404]",206,0.98681640625,2021,2048,0.7859554832975809,synthetic/pilot_v2_r1/train/002,11111,333587
0,"[6, 6, 5, 4, 4]",0.00903412327170372,"[6, 6, 5, 4, 4]",1.0,0,0,4,104040,405,21,0.84,0,0,4,0.0,1.1904761904761905,17,21,0.0,0.0,0.03011956482014087,complete_windows,0,002_00,405,"[401, 402, 403, 404, 405]",206,0.9794921875,2006,2048,0.7148813524401506,synthetic/pilot_v2_r1/train/002,11111,330878
0,"[6, 5, 4, 4, 5]",0.01032235100865364,"[6, 5, 4, 4, 5]",1.0,0,0,5,103773,406,19,0.7916666666666666,0,0,4,0.0,1.411764705882353,12,17,0.0,0.0,0.02832262042000843,complete_windows,0,002_00,406,"[402, 403, 404, 405, 406]",206,0.9794921875,2006,2048,0.6423042441695491,synthetic/pilot_v2_r1/train/002,11111,329172
0,"[5, 4, 4, 5, 5]",0.005895313806831837,"[5, 4, 4, 5, 5]",1.0,0,0,5,103721,407,18,0.782608695652174,0,0,4,0.0,1.6428571428571428,9,14,0.0,0.0,0.025579987938641136,complete_windows,0,002_00,407,"[403, 404, 405, 406, 407]",206,0.98486328125,2017,2048,0.5809696129112268,synthetic/pilot_v2_r1/train/002,11111,327669
0,"[4, 4, 5, 5, 5]",0.0,"[4, 4, 5, 5, 5]",1.0,0,0,5,103405,408,18,0.782608695652174,0,0,4,0.0,1.9166666666666667,7,12,0.0,0.0,0.021486232487672646,complete_windows,0,002_00,408,"[404, 405, 406, 407, 408]",206,0.9931640625,2034,2048,0.5120946470435086,synthetic/pilot_v2_r1/train/002,11111,325897
0,"[4, 5, 5, 5, 5]",0.0,"[4, 5, 5, 5, 5]",1.0,0,0,5,103330,409,19,0.7916666666666666,0,0,4,0.0,1.7142857142857142,9,14,0.0,0.0,0.018404450615655158,complete_windows,0,002_00,409,"[405, 406, 407, 408, 409]",206,0.99609375,2040,2048,0.43108579943450004,synthetic/pilot_v2_r1/train/002,11111,321020
0,"[5, 5, 5, 5, 6]",0.0,"[5, 5, 5, 5, 6]",1.0,0,0,6,103042,410,20,0.7692307692307693,0,0,4,0.0,1.368421052631579,13,19,0.0,0.0,0.01458697889915079,complete_windows,0,002_00,410,"[406, 407, 408, 409, 410]",206,0.998046875,2044,2048,0.35608664149275604,synthetic/pilot_v2_r1/train/002,11111,317658
0,"[5, 5, 5, 6, 5]",0.0,"[5, 5, 5, 6, 5]",1.0,0,0,5,102942,411,21,0.8076923076923077,0,0,4,0.0,1.1818181818181819,17,22,0.0,0.0,0.010701016881739689,complete_windows,0,002_00,411,"[407, 408, 409, 410, 411]",206,0.99560546875,2039,2048,0.2606401137220358,synthetic/pilot_v2_r1/train/002,11111,310244
0,"[5, 5, 6, 5, 5]",0.008518032729625702,"[5, 5, 6, 5, 5]",1.0,0,0,5,102894,412,21,0.8076923076923077,0,0,4,0.0,1.7333333333333334,10,15,0.0,0.0,0.007137594447065906,complete_windows,0,002_00,412,"[408, 409, 410, 411, 412]",206,0.99560546875,2039,2048,0.18669583223176037,synthetic/pilot_v2_r1/train/002,11111,301535
0,"[5, 6, 5, 5, 4]",0.00829766970127821,"[5, 6, 5, 5, 4]",1.0,0,0,4,103021,413,21,0.84,0,0,4,0.0,1.5625,12,16,0.0,0.0,0.003715447963731837,complete_windows,0,002_00,413,"[409, 410, 411, 412, 413]",206,0.998046875,2044,2048,0.1040479021361182,synthetic/pilot_v2_r1/train/002,11111,282691
0,"[6, 5, 5, 4, 4]",0.0,"[6, 5, 5, 4, 4]",1.0,0,0,4,103247,414,20,0.8333333333333334,0,0,4,0.0,1.8461538461538463,9,13,0.0,0.0,0.0019930490985187134,complete_windows,0,002_00,414,"[410, 411, 412, 413, 414]",206,0.98583984375,2019,2048,0.035160881557703236,synthetic/pilot_v2_r1/train/002,11111,275127
0,"[5, 5, 4, 4, 4]",0.0,"[5, 5, 4, 4, 4]",1.0,0,0,4,103253,415,18,0.8181818181818182,0,0,4,0.0,1.8333333333333333,8,12,0.0,0.0,0.0028974644996378404,complete_windows,0,002_00,415,"[411, 412, 413, 414, 415]",206,0.98046875,2008,2048,0.014614754465391361,synthetic/pilot_v2_r1/train/002,11111,280899
0,"[5, 4, 4, 4, 4]",0.00749146519228816,"[5, 4, 4, 4, 4]",1.0,0,0,4,103182,416,17,0.8095238095238095,0,0,4,0.0,1.6153846153846154,9,13,0.0,0.0,0.003771408411997601,complete_windows,0,002_00,416,"[412, 413, 414, 415, 416]",206,0.99560546875,2039,2048,0.01674442993520062,synthetic/pilot_v2_r1/train/002,11111,286942
0,"[4, 4, 4, 4, 5]",0.003338493639603257,"[4, 4, 4, 4, 5]",1.0,0,0,5,103176,417,16,0.7619047619047619,0,0,4,0.0,1.75,7,12,0.0,0.0,0.0039048465646758144,complete_windows,0,002_00,417,"[413, 414, 415, 416, 417]",206,0.99658203125,2041,2048,0.019743715422046556,synthetic/pilot_v2_r1/train/002,11111,282404
0,"[4, 4, 4, 5, 5]",0.003210740629583597,"[4, 4, 4, 5, 5]",1.0,0,0,5,103282,418,17,0.7727272727272727,0,0,4,0.0,1.8333333333333333,7,12,0.0,0.0,0.0029162318418420588,complete_windows,0,002_00,418,"[414, 415, 416, 417, 418]",206,0.9990234375,2046,2048,0.012016320233701546,synthetic/pilot_v2_r1/train/002,11111,250967
0,"[4, 4, 5, 5, 4]",0.004420622251927853,"[4, 4, 5, 5, 4]",1.0,0,0,4,103341,419,18,0.8181818181818182,0,0,4,0.0,2.4444444444444446,5,9,0.0,0.0,0.000904795740409607,complete_windows,0,002_00,419,"[415, 416, 417, 418, 419]",206,0.99853515625,2045,2048,0.005568509490040279,synthetic/pilot_v2_r1/train/002,11111,218364
0,"[4, 5, 5, 4, 4]",0.01033000834286213,"[4, 5, 5, 4, 4]",1.0,0,0,4,103384,420,18,0.8181818181818182,0,0,4,0.0,2.75,4,8,0.0,0.0,0.0005491874082099786,complete_windows,0,002_00,420,"[416, 417, 418, 419, 420]",206,0.99755859375,2043,2048,0.006420444862750342,synthetic/pilot_v2_r1/train/002,11111,212025
0,"[5, 5, 4, 4, 4]",0.0105067053809762,"[5, 5, 4, 4, 4]",1.0,0,0,4,103443,421,18,0.8181818181818182,0,0,4,0.0,3.142857142857143,3,7,0.0,0.0,0.0008854654475042613,complete_windows,0,002_00,421,"[417, 418, 419, 420, 421]",206,0.99755859375,2043,2048,0.012825925408099596,synthetic/pilot_v2_r1/train/002,11111,213027
0,"[5, 4, 4, 4, 4]",0.0019061435014009476,"[5, 4, 4, 4, 4]",1.0,0,0,4,103368,422,17,0.8095238095238095,0,0,4,0.0,3.5,2,6,0.0,0.0,0.00039067888196422235,complete_windows,0,002_00,422,"[418, 419, 420, 421, 422]",206,0.99853515625,2045,2048,0.004263785516722539,synthetic/pilot_v2_r1/train/002,11111,207291
0,"[4, 4, 4, 4, 4]",0.005319729447364807,"[4, 4, 4, 4, 4]",1.0,0,0,4,103256,423,16,0.8,0,0,4,0.0,3.3333333333333335,2,6,0.0,0.0,0.00024633827276664073,complete_windows,0,002_00,423,"[419, 420, 421, 422, 423]",206,0.99951171875,2047,2048,0.005217550903415147,synthetic/pilot_v2_r1/train/002,11111,200739
0,"[4, 4, 4, 4, 4]",0.002860844600945711,"[4, 4, 4, 4, 4]",1.0,0,0,4,103484,424,16,0.8,0,0,4,0.0,4.0,1,5,0.0,0.0,0.0002471512288881446,complete_windows,0,002_00,424,"[420, 421, 422, 423, 424]",206,0.99755859375,2043,2048,0.0034367606884920326,synthetic/pilot_v2_r1/train/002,11111,198857
0,"[4, 4, 4, 4, 4]",0.004794205538928509,"[4, 4, 4, 4, 4]",1.0,0,0,4,103301,425,16,0.8,0,0,4,0.0,3.3333333333333335,2,6,0.0,0.0,0.0005672818287545799,complete_windows,0,002_00,425,"[421, 422, 423, 424, 425]",206,0.99755859375,2043,2048,0.008876856592162103,synthetic/pilot_v2_r1/train/002,11111,202391
0,"[4, 4, 4, 4, 5]",0.007347255479544401,"[4, 4, 4, 4, 5]",1.0,0,0,5,103253,426,16,0.7619047619047619,0,0,4,0.0,2.625,3,8,0.0,0.0,0.00036559693181648583,complete_windows,0,002_00,426,"[422, 423, 424, 425, 426]",206,0.99755859375,2043,2048,0.007035269282335573,synthetic/pilot_v2_r1/train/002,11111,204215
0,"[4, 4, 4, 5, 5]",0.007311125751584768,"[4, 4, 4, 5, 5]",1.0,0,0,5,103296,427,17,0.7727272727272727,0,0,4,0.0,2.75,3,8,0.0,0.0,0.000762931243348802,complete_windows,0,002_00,427,"[423, 424, 425, 426, 427]",206,0.99951171875,2047,2048,0.006480630421352014,synthetic/pilot_v2_r1/train/002,11111,210205
0,"[4, 4, 5, 5, 5]",0.002521154470741749,"[4, 4, 5, 5, 5]",1.0,0,0,5,103361,428,18,0.782608695652174,0,0,4,0.0,2.875,3,8,0.0,0.0,0.0006263579885815543,complete_windows,0,002_00,428,"[424, 425, 426, 427, 428]",206,0.9990234375,2046,2048,0.005916897982252785,synthetic/pilot_v2_r1/train/002,11111,205229
0,"[4, 5, 5, 5, 5]",0.008428209461271763,"[4, 5, 5, 5, 5]",1.0,0,0,5,103269,429,19,0.7916666666666666,0,0,4,0.0,3.4285714285714284,2,7,0.0,0.0,0.0006324459043941941,complete_windows,0,002_00,429,"[425, 426, 427, 428, 429]",206,0.99951171875,2047,2048,0.00920589638269355,synthetic/pilot_v2_r1/train/002,11111,194210
0,"[5, 5, 5, 5, 5]",0.0008939176332205534,"[5, 5, 5, 5, 5]",1.0,0,0,5,103438,430,20,0.8,0,0,4,0.0,3.5714285714285716,2,7,0.0,0.0,0.00018570803751331933,complete_windows,0,002_00,430,"[426, 427, 428, 429, 430]",206,0.9990234375,2046,2048,0.005902840125876285,synthetic/pilot_v2_r1/train/002,11111,186864
0,"[5, 5, 5, 5, 5]",0.003930985927581787,"[5, 5, 5, 5, 5]",1.0,0,0,5,103361,431,20,0.8,0,0,4,0.0,3.125,3,8,0.0,0.0,0.00017072063421045284,complete_windows,0,002_00,431,"[427, 428, 429, 430, 431]",206,0.99853515625,2045,2048,0.004482352433300021,synthetic/pilot_v2_r1/train/002,11111,187854
0,"[5, 5, 5, 5, 5]",0.002620523562654853,"[5, 5, 5, 5, 5]",1.0,0,0,5,103322,432,20,0.8,0,0,4,0.0,2.5,5,10,0.0,0.0,0.0001950277665298198,complete_windows,0,002_00,432,"[428, 429, 430, 431, 432]",206,0.9990234375,2046,2048,0.0042863760819092725,synthetic/pilot_v2_r1/train/002,11111,192396
0,"[5, 5, 5, 5, 4]",0.007785391062498093,"[5, 5, 5, 5, 4]",1.0,0,0,4,103351,433,20,0.8333333333333334,0,0,4,0.0,3.0,4,8,0.0,0.0,0.000664608419071227,complete_windows,0,002_00,433,"[429, 430, 431, 432, 433]",206,0.99658203125,2041,2048,0.005342588805341148,synthetic/pilot_v2_r1/train/002,11111,202794
0,"[5, 5, 5, 4, 4]",0.011395148001611233,"[5, 5, 5, 4, 4]",1.0,0,0,4,103367,434,19,0.8260869565217391,0,0,4,0.0,3.8333333333333335,2,6,0.0,0.0,0.0006733981912165073,complete_windows,0,002_00,434,"[430, 431, 432, 433, 434]",206,0.99951171875,2047,2048,0.015416926580787397,synthetic/pilot_v2_r1/train/002,11111,214580
0,"[5, 5, 4, 4, 4]",0.008042671717703342,"[5, 5, 4, 4, 4]",1.0,0,0,4,103204,435,18,0.8181818181818182,0,0,4,0.0,3.142857142857143,3,7,0.0,0.0,0.000885699089722379,complete_windows,0,002_00,435,"[431, 432, 433, 434, 435]",206,0.99853515625,2045,2048,0.01939620328444947,synthetic/pilot_v2_r1/train/002,11111,225077
0,"[5, 4, 4, 4, 3]",0.0071060010232031345,"[5, 4, 4, 4, 3]",1.0,0,0,3,103391,436,17,0.85,0,0,4,0.0,2.5,5,8,0.0,0.0,0.0012400298444350363,complete_windows,0,002_00,436,"[432, 433, 434, 435, 436]",206,0.9951171875,2038,2048,0.030689445810950833,synthetic/pilot_v2_r1/train/002,11111,237598
0,"[4, 4, 4, 3, 3]",0.005666963756084442,"[4, 4, 4, 3, 3]",1.0,0,0,3,103439,437,15,0.8333333333333334,0,0,4,0.0,2.5714285714285716,4,7,0.0,0.0,0.0012148132162911214,complete_windows,0,002_00,437,"[433, 434, 435, 436, 437]",206,0.99755859375,2043,2048,0.042562503946110775,synthetic/pilot_v2_r1/train/002,11111,244832
0,"[4, 4, 3, 3, 4]",0.003550221212208271,"[4, 4, 3, 3, 4]",1.0,0,0,4,103440,438,14,0.7777777777777778,0,0,4,0.0,2.0,5,9,0.0,0.0,0.0016812464960763633,complete_windows,0,002_00,438,"[434, 435, 436, 437, 438]",206,0.994140625,2036,2048,0.04970735576958319,synthetic/pilot_v2_r1/train/002,11111,256099
0,"[4, 3, 3, 4, 4]",0.0,"[4, 3, 3, 4, 4]",1.0,0,0,4,103431,439,14,0.7777777777777778,0,0,4,0.0,1.6363636363636365,7,11,0.0,0.0,0.0022241656986977743,complete_windows,0,002_00,439,"[435, 436, 437, 438, 439]",206,0.9931640625,2034,2048,0.06905041301874244,synthetic/pilot_v2_r1/train/002,11111,269750
0,"[3, 3, 4, 4, 4]",0.0,"[3, 3, 4, 4, 4]",1.0,0,0,4,103439,440,14,0.7777777777777778,0,0,4,0.0,1.3846153846153846,9,13,0.0,0.0,0.003038687889789379,complete_windows,0,002_00,440,"[436, 437, 438, 439, 440]",206,0.99560546875,2039,2048,0.09064968517557792,synthetic/pilot_v2_r1/train/002,11111,279897
0,"[3, 4, 4, 4, 4]",0.0023345137014985085,"[3, 4, 4, 4, 4]",1.0,0,0,4,103627,441,15,0.7894736842105263,0,0,4,0.0,1.4615384615384615,9,13,0.0,0.0,0.0033658866901109864,complete_windows,0,002_00,441,"[437, 438, 439, 440, 441]",206,0.99658203125,2041,2048,0.10794510760081369,synthetic/pilot_v2_r1/train/002,11111,286820
0,"[4, 4, 4, 4, 5]",0.0,"[4, 4, 4, 4, 5]",1.0,0,0,5,103471,442,16,0.7619047619047619,0,0,4,0.0,1.5,9,14,0.0,0.0,0.003328294267364316,complete_windows,0,002_00,442,"[438, 439, 440, 441, 442]",206,0.998046875,2044,2048,0.12498576825389081,synthetic/pilot_v2_r1/train/002,11111,293995
0,"[4, 4, 4, 5, 5]",0.0034373546950519085,"[4, 4, 4, 5, 5]",1.0,0,0,5,103718,443,17,0.7727272727272727,0,0,4,0.0,1.6923076923076923,8,13,0.0,0.0,0.0024930703780523477,complete_windows,0,002_00,443,"[439, 440, 441, 442, 443]",206,0.9921875,2032,2048,0.15034847223866057,synthetic/pilot_v2_r1/train/002,11111,297570
0,"[4, 4, 5, 5, 5]",0.012972111813724041,"[4, 4, 5, 5, 5]",1.0,0,0,5,103877,444,18,0.782608695652174,0,0,4,0.0,2.090909090909091,6,11,0.0,0.0,0.0016898683915838307,complete_windows,0,002_00,444,"[440, 441, 442, 443, 444]",206,0.99560546875,2039,2048,0.1673816374807703,synthetic/pilot_v2_r1/train/002,11111,297472
0,"[4, 5, 5, 5, 5]",0.017859384417533875,"[4, 5, 5, 5, 5]",1.0,0,0,5,103907,445,19,0.7916666666666666,0,0,4,0.0,3.0,3,8,0.0,0.0,0.001401483341461356,complete_windows,0,002_00,445,"[441, 442, 443, 444, 445]",206,0.99755859375,2043,2048,0.19852003962339915,synthetic/pilot_v2_r1/train/002,11111,302610
0,"[5, 5, 5, 5, 4]",0.0,"[5, 5, 5, 5, 4]",1.0,0,0,4,104043,446,20,0.8333333333333334,0,0,4,0.0,2.4,6,10,0.0,0.0,0.0014860919458639234,complete_windows,0,002_00,446,"[442, 443, 444, 445, 446]",206,0.9970703125,2042,2048,0.21712606908791965,synthetic/pilot_v2_r1/train/002,11111,307897
0,"[5, 5, 5, 4, 6]",0.0,"[5, 5, 5, 4, 6]",1.0,0,0,6,104144,447,19,0.76,0,0,4,0.0,1.6666666666666667,9,15,0.0,0.0,0.002889644915547066,complete_windows,0,002_00,447,"[443, 444, 445, 446, 447]",206,0.99072265625,2029,2048,0.23009684059157395,synthetic/pilot_v2_r1/train/002,11111,313042
0,"[5, 5, 4, 6, 5]",0.0,"[5, 5, 4, 6, 5]",1.0,0,0,5,104439,448,20,0.8,0,0,4,0.0,1.3888888888888888,13,18,0.0,0.0,0.003932411652664263,complete_windows,0,002_00,448,"[444, 445, 446, 447, 448]",206,0.98876953125,2025,2048,0.2497798923648445,synthetic/pilot_v2_r1/train/002,11111,321495
1,"[0, 0, 0, 0, 0]",,"[0, 0, 0, 0, 0]",,0,0,0,116583,4,0,,0,0,0,,,0,0,,,0.055882439691468624,complete_windows,0,003_00,4,"[0, 1, 2, 3, 4]",206,0.98388671875,2015,2048,0.9663458588461507,synthetic/pilot_v2_r1/train/003,00000,396511
1,"[0, 0, 0, 0, 0]",,"[0, 0, 0, 0, 0]",,0,0,0,116791,5,0,,0,0,0,,,0,0,,,0.05682964938812921,complete_windows,0,003_00,5,"[1, 2, 3, 4, 5]",206,0.98388671875,2015,2048,0.9417122095308389,synthetic/pilot_v2_r1/train/003,00000,381929
1,"[0, 0, 0, 0, 0]",,"[0, 0, 0, 0, 0]",,0,0,0,117126,6,0,,0,0,0,,,0,0,,,0.058040769637014995,complete_windows,0,003_00,6,"[2, 3, 4, 5, 6]",206,0.98974609375,2027,2048,0.965195888385032,synthetic/pilot_v2_r1/train/003,00000,378259
1,"[0, 0, 0, 0, 0]",,"[0, 0, 0, 0, 0]",,0,0,0,117297,7,0,,0,0,0,,,0,0,,,0.059780262270065714,complete_windows,0,003_00,7,"[3, 4, 5, 6, 7]",206,0.990234375,2028,2048,0.9858028429850648,synthetic/pilot_v2_r1/train/003,00000,375552
1,"[0, 0, 0, 0, 0]",,"[0, 0, 0, 0, 0]",,0,0,0,117491,8,0,,0,0,0,,,0,0,,,0.060236773270322036,complete_windows,0,003_00,8,"[4, 5, 6, 7, 8]",206,0.9912109375,2030,2048,1.005267696927662,synthetic/pilot_v2_r1/train/003,00000,374759
1,"[0, 0, 0, 0, 0]",,"[0, 0, 0, 0, 0]",,0,0,0,117664,9,0,,0,0,0,,,0,0,,,0.061005502645824036,complete_windows,0,003_00,9,"[5, 6, 7, 8, 9]",206,0.98974609375,2027,2048,1.0220813685554533,synthetic/pilot_v2_r1/train/003,00000,380214
1,"[0, 0, 0, 0, 0]",,"[0, 0, 0, 0, 0]",,0,0,0,117816,10,0,,0,0,0,,,0,0,,,0.06305325732861693,complete_windows,0,003_00,10,"[6, 7, 8, 9, 10]",206,0.98828125,2024,2048,1.0224720118001567,synthetic/pilot_v2_r1/train/003,00000,382086
1,"[0, 0, 0, 0, 0]",,"[0, 0, 0, 0, 0]",,0,0,0,117827,11,0,,0,0,0,,,0,0,,,0.06544281322397204,complete_windows,0,003_00,11,"[7, 8, 9, 10, 11]",206,0.98388671875,2015,2048,1.0198269749268534,synthetic/pilot_v2_r1/train/003,00000,384664
1,"[0, 0, 0, 0, 0]",,"[0, 0, 0, 0, 0]",,0,0,0,118124,12,0,,0,0,0,,,0,0,,,0.06496903360013287,complete_windows,0,003_00,12,"[8, 9, 10, 11, 12]",206,0.9873046875,2022,2048,1.0192244990949888,synthetic/pilot_v2_r1/train/003,00000,384934
1,"[0, 0, 0, 0, 0]",,"[0, 0, 0, 0, 0]",,0,0,0,118163,13,0,,0,0,0,,,0,0,,,0.06258064121138437,complete_windows,0,003_00,13,"[9, 10, 11, 12, 13]",206,0.98779296875,2023,2048,1.0290860495002332,synthetic/pilot_v2_r1/train/003,00000,386396
1,"[0, 0, 0, 0, 0]",,"[0, 0, 0, 0, 0]",,0,0,0,118194,14,0,,0,0,0,,,0,0,,,0.06061945466890311,complete_windows,0,003_00,14,"[10, 11, 12, 13, 14]",206,0.9892578125,2026,2048,1.0320936266278606,synthetic/pilot_v2_r1/train/003,00000,382202
1,"[0, 0, 0, 0, 0]",,"[0, 0, 0, 0, 0]",,0,0,0,118212,15,0,,0,0,0,,,0,0,,,0.0600284197313791,complete_windows,0,003_00,15,"[11, 12, 13, 14, 15]",206,0.9814453125,2010,2048,1.0402343316167795,synthetic/pilot_v2_r1/train/003,00000,379140
1,"[0, 0, 0, 0, 0]",,"[0, 0, 0, 0, 0]",,0,0,0,118350,16,0,,0,0,0,,,0,0,,,0.05988758371271035,complete_windows,0,003_00,16,"[12, 13, 14, 15, 16]",206,0.9873046875,2022,2048,1.0357255716496157,synthetic/pilot_v2_r1/train/003,00000,378383
1,"[0, 0, 0, 0, 0]",,"[0, 0, 0, 0, 0]",,0,0,0,118128,17,0,,0,0,0,,,0,0,,,0.05995642280798513,complete_windows,0,003_00,17,"[13, 14, 15, 16, 17]",206,0.99169921875,2031,2048,1.0234080660283624,synthetic/pilot_v2_r1/train/003,00000,377693
1,"[0, 0, 0, 0, 0]",,"[0, 0, 0, 0, 0]",,0,0,0,118359,18,0,,0,0,0,,,0,0,,,0.05981346634662151,complete_windows,0,003_00,18,"[14, 15, 16, 17, 18]",206,0.9833984375,2014,2048,1.0235789177754357,synthetic/pilot_v2_r1/train/003,00000,377379
1,"[0, 0, 0, 0, 0]",,"[0, 0, 0, 0, 0]",,0,0,0,118242,19,0,,0,0,0,,,0,0,,,0.05936968902529027,complete_windows,0,003_00,19,"[15, 16, 17, 18, 19]",206,0.986328125,2020,2048,1.0083338029933215,synthetic/pilot_v2_r1/train/003,00000,380159
1,"[0, 0, 0, 0, 0]",,"[0, 0, 0, 0, 0]",,0,0,0,118458,20,0,,0,0,0,,,0,0,,,0.06003183170788444,complete_windows,0,003_00,20,"[16, 17, 18, 19, 20]",206,0.98583984375,2019,2048,1.0162174134784325,synthetic/pilot_v2_r1/train/003,00000,376706
1,"[0, 0, 0, 0, 0]",,"[0, 0, 0, 0, 0]",,0,0,0,117987,21,0,,0,0,0,,,0,0,,,0.06096073644314156,complete_windows,0,003_00,21,"[17, 18, 19, 20, 21]",206,0.986328125,2020,2048,1.0212284272052636,synthetic/pilot_v2_r1/train/003,00000,375703
1,"[0, 0, 0, 0, 0]",,"[0, 0, 0, 0, 0]",,0,0,0,117656,22,0,,0,0,0,,,0,0,,,0.058726412148327654,complete_windows,0,003_00,22,"[18, 19, 20, 21, 22]",206,0.9873046875,2022,2048,1.0106595945963222,synthetic/pilot_v2_r1/train/003,00000,376537
0,"[0, 0, 0, 0, 1]",0.0,"[0, 0, 0, 0, 1]",1.0,0,0,1,117504,23,0,0.0,0,0,0,0.0,1.0,0,1,0.0,0.0,0.05359509870926982,complete_windows,0,003_00,23,"[19, 20, 21, 22, 23]",206,0.9912109375,2030,2048,1.018705143216683,synthetic/pilot_v2_r1/train/003,00001,377262
0,"[0, 0, 0, 1, 4]",0.0,"[0, 0, 0, 1, 4]",1.0,0,0,4,117225,24,1,0.2,0,0,1,0.0,1.0,1,5,0.0,0.0,0.04736271304000362,complete_windows,0,003_00,24,"[20, 21, 22, 23, 24]",206,0.9892578125,2026,2048,1.0049344826468638,synthetic/pilot_v2_r1/train/003,00011,376029
0,"[0, 0, 1, 4, 8]",0.0,"[0, 0, 1, 4, 8]",1.0,0,0,8,117148,25,5,0.38461538461538464,0,0,2,0.0,1.0833333333333333,4,12,0.0,0.0,0.041010165925127864,complete_windows,0,003_00,25,"[21, 22, 23, 24, 25]",206,0.9853515625,2018,2048,0.9917765515177844,synthetic/pilot_v2_r1/train/003,00111,374164
0,"[0, 1, 4, 8, 10]",0.0,"[0, 1, 4, 8, 10]",1.0,0,0,10,116740,26,13,0.5652173913043478,0,0,3,0.0,1.0952380952380953,11,21,0.0,0.0,0.034593800329550714,complete_windows,0,003_00,26,"[22, 23, 24, 25, 26]",206,0.98828125,2024,2048,0.994510330458186,synthetic/pilot_v2_r1/train/003,01111,371977
0,"[1, 4, 8, 10, 13]",0.005010948516428471,"[1, 4, 8, 10, 13]",1.0,0,0,13,116391,27,23,0.6388888888888888,0,0,4,0.0,1.3333333333333333,14,27,0.0,0.0,0.028437019363485506,complete_windows,0,003_00,27,"[23, 24, 25, 26, 27]",206,0.98583984375,2019,2048,0.9848248929076272,synthetic/pilot_v2_r1/train/003,11111,377795
0,"[4, 8, 10, 13, 10]",0.0,"[4, 8, 10, 13, 10]",1.0,0,0,10,115968,28,35,0.7777777777777778,0,0,4,0.0,1.3235294117647058,24,34,0.0,0.0,0.022481225054801164,complete_windows,0,003_00,28,"[24, 25, 26, 27, 28]",206,0.99267578125,2033,2048,0.986623196857455,synthetic/pilot_v2_r1/train/003,11111,379431
0,"[8, 10, 13, 10, 5]",0.0,"[8, 10, 13, 10, 5]",1.0,0,0,5,115688,29,41,0.8913043478260869,0,0,4,0.0,1.2105263157894737,33,38,0.0,0.0,0.015782182807704073,complete_windows,0,003_00,29,"[25, 26, 27, 28, 29]",206,0.986328125,2020,2048,0.9807528341862736,synthetic/pilot_v2_r1/train/003,11111,379521
0,"[10, 13, 10, 5, 9]",0.007377895060926676,"[10, 13, 10, 5, 9]",1.0,0,0,9,115340,30,38,0.8085106382978723,0,0,4,0.0,1.46875,23,32,0.0,0.0,0.010502168677713457,complete_windows,0,003_00,30,"[26, 27, 28, 29, 30]",206,0.97802734375,2003,2048,0.9799825494032863,synthetic/pilot_v2_r1/train/003,11111,378768
0,"[13, 10, 5, 9, 12]",0.0,"[13, 10, 5, 9, 12]",1.0,0,0,12,114908,31,37,0.7551020408163265,0,0,4,0.0,1.0888888888888888,33,45,0.0,0.0,0.007163441763445441,complete_windows,0,003_00,31,"[27, 28, 29, 30, 31]",206,0.98779296875,2023,2048,0.9841477320765353,synthetic/pilot_v2_r1/train/003,11111,374723
0,"[10, 5, 9, 12, 15]",0.0,"[10, 5, 9, 12, 15]",1.0,0,0,15,114477,32,36,0.7058823529411765,0,0,4,0.0,1.186046511627907,28,43,0.0,0.0,0.006006617286761176,complete_windows,0,003_00,32,"[28, 29, 30, 31, 32]",206,0.982421875,2012,2048,0.9748001265997533,synthetic/pilot_v2_r1/train/003,11111,374625
0,"[5, 9, 12, 15, 18]",0.0,"[5, 9, 12, 15, 18]",1.0,0,0,18,114016,33,41,0.6949152542372882,0,0,4,0.0,1.2040816326530612,31,49,0.0,0.0,0.009763584372020259,complete_windows,0,003_00,33,"[29, 30, 31, 32, 33]",206,0.98876953125,2025,2048,0.978659030675048,synthetic/pilot_v2_r1/train/003,11111,376028
0,"[9, 12, 15, 18, 19]",0.0,"[9, 12, 15, 18, 19]",1.0,0,0,19,113447,34,54,0.7397260273972602,0,0,4,0.0,1.2166666666666666,41,60,0.0,0.0,0.015579268260661566,complete_windows,0,003_00,34,"[30, 31, 32, 33, 34]",206,0.98388671875,2015,2048,0.9698947174665248,synthetic/pilot_v2_r1/train/003,11111,377370
0,"[12, 15, 18, 19, 19]",0.0,"[12, 15, 18, 19, 19]",1.0,0,0,19,112884,35,64,0.7710843373493976,0,0,4,0.0,1.360655737704918,42,61,0.0,0.0,0.023852822526508947,complete_windows,0,003_00,35,"[31, 32, 33, 34, 35]",206,0.9873046875,2022,2048,0.9595449170597289,synthetic/pilot_v2_r1/train/003,11111,377447
0,"[15, 18, 19, 19, 20]",0.0,"[15, 18, 19, 19, 20]",1.0,0,0,20,112429,36,71,0.7802197802197802,0,0,4,0.0,1.1818181818181819,57,77,0.0,0.0,0.0328532824344293,complete_windows,0,003_00,36,"[32, 33, 34, 35, 36]",206,0.98828125,2024,2048,0.9493939798881558,synthetic/pilot_v2_r1/train/003,11111,376540
0,"[18, 19, 19, 20, 21]",0.0043615312315523624,"[18, 19, 19, 20, 21]",1.0,0,0,21,111903,37,76,0.7835051546391752,0,0,4,0.0,1.2278481012658229,58,79,0.0,0.0,0.04247667193918125,complete_windows,0,003_00,37,"[33, 34, 35, 36, 37]",206,0.9853515625,2018,2048,0.9197478685540015,synthetic/pilot_v2_r1/train/003,11111,374070
0,"[19, 19, 20, 21, 19]",0.0,"[19, 19, 20, 21, 19]",1.0,0,0,19,111463,38,79,0.8061224489795918,0,0,4,0.0,1.1951219512195121,63,82,0.0,0.0,0.050166692315798705,complete_windows,0,003_00,38,"[34, 35, 36, 37, 38]",206,0.98291015625,2013,2048,0.8889324357225504,synthetic/pilot_v2_r1/train/003,11111,373713
0,"[19, 20, 21, 19, 18]",0.0,"[19, 20, 21, 19, 18]",1.0,0,0,18,111236,39,79,0.8144329896907216,0,0,4,0.0,1.127906976744186,68,86,0.0,0.0,0.05603099778786172,complete_windows,0,003_00,39,"[35, 36, 37, 38, 39]",206,0.984375,2016,2048,0.8459253177967186,synthetic/pilot_v2_r1/train/003,11111,370567
0,"[20, 21, 19, 18, 20]",0.0,"[20, 21, 19, 18, 20]",1.0,0,0,20,110775,40,78,0.7959183673469388,0,0,4,0.0,1.3066666666666666,55,75,0.0,0.0,0.061098800648611305,complete_windows,0,003_00,40,"[36, 37, 38, 39, 40]",206,0.98681640625,2021,2048,0.8040898951551883,synthetic/pilot_v2_r1/train/003,11111,371948
0,"[21, 19, 18, 20, 19]",0.0,"[21, 19, 18, 20, 19]",1.0,0,0,19,110498,41,78,0.8041237113402062,0,0,4,0.0,1.2763157894736843,57,76,0.0,0.0,0.06373473989761069,complete_windows,0,003_00,41,"[37, 38, 39, 40, 41]",206,0.990234375,2028,2048,0.749703299373467,synthetic/pilot_v2_r1/train/003,11111,370837
0,"[19, 18, 20, 19, 21]",0.01372766774147749,"[19, 18, 20, 19, 21]",1.0,0,0,21,110303,42,76,0.7835051546391752,0,0,4,0.0,1.3108108108108107,53,74,0.0,0.0,0.06570316066478686,complete_windows,0,003_00,42,"[38, 39, 40, 41, 42]",206,0.98974609375,2027,2048,0.709301516418182,synthetic/pilot_v2_r1/train/003,11111,367562
0,"[18, 20, 19, 21, 19]",0.0,"[18, 20, 19, 21, 19]",1.0,0,0,19,110173,43,78,0.8041237113402062,0,0,4,0.0,1.3287671232876712,54,73,0.0,0.0,0.0677637882007117,complete_windows,0,003_00,43,"[39, 40, 41, 42, 43]",206,0.986328125,2020,2048,0.6770738939445964,synthetic/pilot_v2_r1/train/003,11111,363811
0,"[20, 19, 21, 19, 19]",0.0,"[20, 19, 21, 19, 19]",1.0,0,0,19,109725,44,79,0.8061224489795918,0,0,4,0.0,1.2098765432098766,62,81,0.0,0.0,0.07003283303114446,complete_windows,0,003_00,44,"[40, 41, 42, 43, 44]",206,0.97412109375,1995,2048,0.6364341610187706,synthetic/pilot_v2_r1/train/003,11111,362715
0,"[19, 21, 19, 19, 20]",0.0,"[19, 21, 19, 19, 20]",1.0,0,0,20,109643,45,78,0.7959183673469388,0,0,4,0.0,1.2727272727272727,57,77,0.0,0.0,0.0722440713428398,complete_windows,0,003_00,45,"[41, 42, 43, 44, 45]",206,0.98583984375,2019,2048,0.6094744252771903,synthetic/pilot_v2_r1/train/003,11111,364039
0,"[21, 19, 19, 20, 23]",0.0,"[21, 19, 19, 20, 23]",1.0,0,0,23,109361,46,79,0.7745098039215687,0,0,4,0.0,1.275,57,80,0.0,0.0,0.07214668610697461,complete_windows,0,003_00,46,"[42, 43, 44, 45, 46]",206,0.99365234375,2035,2048,0.5738115087464141,synthetic/pilot_v2_r1/train/003,11111,363373
0,"[19, 19, 20, 23, 22]",0.0,"[19, 19, 20, 23, 22]",1.0,0,0,22,109488,47,81,0.7864077669902912,0,0,4,0.0,1.3037974683544304,57,79,0.0,0.0,0.07178911596389481,complete_windows,0,003_00,47,"[43, 44, 45, 46, 47]",206,0.9892578125,2026,2048,0.5207793969877293,synthetic/pilot_v2_r1/train/003,11111,363275
0,"[19, 20, 23, 22, 20]",0.009614314883947372,"[19, 20, 23, 22, 20]",1.0,0,0,20,109082,48,84,0.8076923076923077,0,0,4,0.0,1.3506493506493507,57,77,0.0,0.0,0.07108989199842942,complete_windows,0,003_00,48,"[44, 45, 46, 47, 48]",206,0.97509765625,1997,2048,0.5037830773819856,synthetic/pilot_v2_r1/train/003,11111,362539
0,"[20, 23, 22, 20, 20]",0.009502406232059002,"[20, 23, 22, 20, 20]",1.0,0,0,20,108947,49,85,0.8095238095238095,0,0,4,0.0,1.3636363636363635,57,77,0.0,0.0,0.06829188547905071,complete_windows,0,003_00,49,"[45, 46, 47, 48, 49]",206,0.99072265625,2029,2048,0.49971748843274477,synthetic/pilot_v2_r1/train/003,11111,362747
0,"[23, 22, 20, 20, 22]",0.009733580984175205,"[23, 22, 20, 20, 22]",1.0,0,0,22,108789,50,85,0.794392523364486,0,0,4,0.0,1.671875,42,64,0.0,0.0,0.06653028183613764,complete_windows,0,003_00,50,"[46, 47, 48, 49, 50]",206,0.99267578125,2033,2048,0.4716485279954426,synthetic/pilot_v2_r1/train/003,11111,365723
0,"[22, 20, 20, 22, 22]",0.008057545870542526,"[22, 20, 20, 22, 22]",1.0,0,0,22,108400,51,84,0.7924528301886793,0,0,4,0.0,1.9272727272727272,33,55,0.0,0.0,0.06355199060457005,complete_windows,0,003_00,51,"[47, 48, 49, 50, 51]",206,0.98681640625,2021,2048,0.4577508936392017,synthetic/pilot_v2_r1/train/003,11111,366792
0,"[20, 20, 22, 22, 24]",0.0,"[20, 20, 22, 22, 24]",1.0,0,0,24,108501,52,84,0.7777777777777778,0,0,4,0.0,1.4794520547945205,49,73,0.0,0.0,0.05994903866867166,complete_windows,0,003_00,52,"[48, 49, 50, 51, 52]",206,0.9814453125,2010,2048,0.43941656706315485,synthetic/pilot_v2_r1/train/003,11111,365087
0,"[20, 22, 22, 24, 22]",0.007032172288745642,"[20, 22, 22, 24, 22]",1.0,0,0,22,108122,53,88,0.8,0,0,4,0.0,1.5714285714285714,48,70,0.0,0.0,0.0571377359934457,complete_windows,0,003_00,53,"[49, 50, 51, 52, 53]",206,0.98681640625,2021,2048,0.39126477670904347,synthetic/pilot_v2_r1/train/003,11111,364224
0,"[22, 22, 24, 22, 22]",0.003267852822318673,"[22, 22, 24, 22, 22]",1.0,0,0,22,108186,54,90,0.8035714285714286,0,0,4,0.0,1.5342465753424657,51,73,0.0,0.0,0.05454873720674456,complete_windows,0,003_00,54,"[50, 51, 52, 53, 54]",206,0.984375,2016,2048,0.3763404730944595,synthetic/pilot_v2_r1/train/003,11111,364035
0,"[22, 24, 22, 22, 25]",0.0,"[22, 24, 22, 22, 25]",1.0,0,0,25,108170,55,90,0.782608695652174,0,0,4,0.0,1.2777777777777777,65,90,0.0,0.0,0.0507297226123068,complete_windows,0,003_00,55,"[51, 52, 53, 54, 55]",206,0.98193359375,2011,2048,0.35575102345730714,synthetic/pilot_v2_r1/train/003,11111,366292
0,"[24, 22, 22, 25, 24]",0.01072048582136631,"[24, 22, 22, 25, 24]",1.0,0,0,24,108127,56,93,0.7948717948717948,0,0,4,0.0,1.3295454545454546,64,88,0.0,0.0,0.04533183491352063,complete_windows,0,003_00,56,"[52, 53, 54, 55, 56]",206,0.97998046875,2007,2048,0.3043452386258871,synthetic/pilot_v2_r1/train/003,11111,365157
0,"[22, 22, 25, 24, 24]",0.004890303127467632,"[22, 22, 25, 24, 24]",1.0,0,0,24,108221,57,93,0.7948717948717948,0,0,4,0.0,1.4268292682926829,58,82,0.0,0.0,0.042699107170941816,complete_windows,0,003_00,57,"[53, 54, 55, 56, 57]",206,0.9853515625,2018,2048,0.28880565726535357,synthetic/pilot_v2_r1/train/003,11111,367202
0,"[22, 25, 24, 24, 23]",0.0,"[22, 25, 24, 24, 23]",1.0,0,0,23,107922,58,95,0.8050847457627118,0,0,4,0.0,1.475,57,80,0.0,0.0,0.04038448356040951,complete_windows,0,003_00,58,"[54, 55, 56, 57, 58]",206,0.9892578125,2026,2048,0.2582415678622798,synthetic/pilot_v2_r1/train/003,11111,364577
0,"[25, 24, 24, 23, 22]",0.009984295815229416,"[25, 24, 24, 23, 22]",1.0,0,0,22,107821,59,96,0.8135593220338984,0,0,4,0.0,1.5128205128205128,56,78,0.0,0.0,0.03750700176745277,complete_windows,0,003_00,59,"[55, 56, 57, 58, 59]",206,0.9892578125,2026,2048,0.24005138540979684,synthetic/pilot_v2_r1/train/003,11111,358718
0,"[24, 24, 23, 22, 22]",0.006656112149357796,"[24, 24, 23, 22, 22]",1.0,0,0,22,107981,60,93,0.808695652173913,0,0,4,0.0,1.5333333333333334,53,75,0.0,0.0,0.036917917169632414,complete_windows,0,003_00,60,"[56, 57, 58, 59, 60]",206,0.994140625,2036,2048,0.23409313734821413,synthetic/pilot_v2_r1/train/003,11111,357684
0,"[24, 23, 22, 22, 21]",0.0,"[24, 23, 22, 22, 21]",1.0,0,0,21,107811,61,91,0.8125,0,0,4,0.0,1.4933333333333334,54,75,0.0,0.0,0.035203620860936355,complete_windows,0,003_00,61,"[57, 58, 59, 60, 61]",206,0.9912109375,2030,2048,0.21871318802559003,synthetic/pilot_v2_r1/train/003,11111,356706
0,"[23, 22, 22, 21, 24]",0.0,"[23, 22, 22, 21, 24]",1.0,0,0,24,107939,62,88,0.7857142857142857,0,0,4,0.0,1.5774647887323943,47,71,0.0,0.0,0.03541627835996596,complete_windows,0,003_00,62,"[58, 59, 60, 61, 62]",206,0.97802734375,2003,2048,0.22447292441458191,synthetic/pilot_v2_r1/train/003,11111,354447
0,"[22, 22, 21, 24, 24]",0.010806507430970669,"[22, 22, 21, 24, 24]",1.0,0,0,24,108110,63,89,0.7876106194690266,0,0,4,0.0,1.6142857142857143,46,70,0.0,0.0,0.03609679885023149,complete_windows,0,003_00,63,"[59, 60, 61, 62, 63]",206,0.990234375,2028,2048,0.20952655988905666,synthetic/pilot_v2_r1/train/003,11111,356519
0,"[22, 21, 24, 24, 24]",0.0,"[22, 21, 24, 24, 24]",1.0,0,0,24,107543,64,91,0.7913043478260869,0,0,4,0.0,1.4024390243902438,58,82,0.0,0.0,0.03666494842386361,complete_windows,0,003_00,64,"[60, 61, 62, 63, 64]",206,0.9912109375,2030,2048,0.21315127995256755,synthetic/pilot_v2_r1/train/003,11111,357870
0,"[21, 24, 24, 24, 23]",0.008511947467923164,"[21, 24, 24, 24, 23]",1.0,0,0,23,107657,65,93,0.8017241379310345,0,0,4,0.0,1.5064935064935066,54,77,0.0,0.0,0.03863199891921474,complete_windows,0,003_00,65,"[61, 62, 63, 64, 65]",206,0.99462890625,2037,2048,0.22115012408793183,synthetic/pilot_v2_r1/train/003,11111,355946
0,"[24, 24, 24, 23, 24]",0.0094520915299654,"[24, 24, 24, 23, 24]",1.0,0,0,24,107429,66,95,0.7983193277310925,0,0,4,0.0,1.4691358024691359,57,81,0.0,0.0,0.04036150726996175,complete_windows,0,003_00,66,"[62, 63, 64, 65, 66]",206,0.9814453125,2010,2048,0.21411393441762516,synthetic/pilot_v2_r1/train/003,11111,356720
0,"[24, 24, 23, 24, 25]",0.010983601212501526,"[24, 24, 23, 24, 25]",1.0,0,0,25,107566,67,95,0.7916666666666666,0,0,4,0.0,1.4634146341463414,57,82,0.0,0.0,0.044227359307050275,complete_windows,0,003_00,67,"[63, 64, 65, 66, 67]",206,0.97998046875,2007,2048,0.23977784371759023,synthetic/pilot_v2_r1/train/003,11111,356952
0,"[24, 23, 24, 25, 24]",0.0,"[24, 23, 24, 25, 24]",1.0,0,0,24,107623,68,96,0.8,0,0,4,0.0,1.3333333333333333,66,90,0.0,0.0,0.05075911603741048,complete_windows,0,003_00,68,"[64, 65, 66, 67, 68]",206,0.98388671875,2015,2048,0.2712162314260779,synthetic/pilot_v2_r1/train/003,11111,362464
0,"[23, 24, 25, 24, 22]",0.0,"[23, 24, 25, 24, 22]",1.0,0,0,22,107346,69,96,0.8135593220338984,0,0,4,0.0,1.2040816326530612,76,98,0.0,0.0,0.057705852418416616,complete_windows,0,003_00,69,"[65, 66, 67, 68, 69]",206,0.98974609375,2027,2048,0.3139021911202409,synthetic/pilot_v2_r1/train/003,11111,365602
0,"[24, 25, 24, 22, 23]",0.0,"[24, 25, 24, 22, 23]",1.0,0,0,23,107187,70,95,0.8050847457627118,0,0,4,0.0,1.2291666666666667,73,96,0.0,0.0,0.06511562702266172,complete_windows,0,003_00,70,"[66, 67, 68, 69, 70]",206,0.98876953125,2025,2048,0.37783684594707584,synthetic/pilot_v2_r1/train/003,11111,366167
0,"[25, 24, 22, 23, 23]",0.012448557652533054,"[25, 24, 22, 23, 23]",1.0,0,0,23,107045,71,94,0.8034188034188035,0,0,4,0.0,1.3928571428571428,61,84,0.0,0.0,0.07228388435558362,complete_windows,0,003_00,71,"[67, 68, 69, 70, 71]",206,0.974609375,1996,2048,0.43903866317848755,synthetic/pilot_v2_r1/train/003,11111,367219
0,"[24, 22, 23, 23, 24]",0.010338814929127693,"[24, 22, 23, 23, 24]",1.0,0,0,24,106704,72,92,0.7931034482758621,0,0,4,0.0,1.45,56,80,0.0,0.0,0.07978435035699898,complete_windows,0,003_00,72,"[68, 69, 70, 71, 72]",206,0.98388671875,2015,2048,0.48700735799259914,synthetic/pilot_v2_r1/train/003,11111,369306
0,"[22, 23, 23, 24, 26]",0.0,"[22, 23, 23, 24, 26]",1.0,0,0,26,106736,73,92,0.7796610169491526,0,0,4,0.0,1.4936708860759493,53,79,0.0,0.0,0.08497569323456262,complete_windows,0,003_00,73,"[69, 70, 71, 72, 73]",206,0.98974609375,2027,2048,0.5313787612894113,synthetic/pilot_v2_r1/train/003,11111,371316
0,"[23, 23, 24, 26, 28]",0.008174947462975979,"[23, 23, 24, 26, 28]",1.0,0,0,28,106630,74,96,0.7741935483870968,0,0,4,0.0,1.5121951219512195,54,82,0.0,0.0,0.08801789435651906,complete_windows,0,003_00,74,"[70, 71, 72, 73, 74]",206,0.99365234375,2035,2048,0.5713048105689699,synthetic/pilot_v2_r1/train/003,11111,368771
0,"[23, 24, 26, 28, 28]",0.0,"[23, 24, 26, 28, 28]",1.0,0,0,28,106649,75,101,0.7829457364341085,0,0,4,0.0,1.34375,68,96,0.0,0.0,0.09070992895596772,complete_windows,0,003_00,75,"[71, 72, 73, 74, 75]",206,0.99072265625,2029,2048,0.5964958524119479,synthetic/pilot_v2_r1/train/003,11111,368638
0,"[24, 26, 28, 28, 26]",0.007292419206351042,"[24, 26, 28, 28, 26]",1.0,0,0,26,106657,76,106,0.803030303030303,0,0,4,0.0,1.4505494505494505,65,91,0.0,0.0,0.09191369306026564,complete_windows,0,003_00,76,"[72, 73, 74, 75, 76]",206,0.978515625,2004,2048,0.6162269133566959,synthetic/pilot_v2_r1/train/003,11111,366883
0,"[26, 28, 28, 26, 29]",0.007362721487879753,"[26, 28, 28, 26, 29]",1.0,0,0,29,106399,77,108,0.7883211678832117,0,0,4,0.0,1.5393258426966292,60,89,0.0,0.0,0.09373259503343309,complete_windows,0,003_00,77,"[73, 74, 75, 76, 77]",206,0.97314453125,1993,2048,0.6423462176800425,synthetic/pilot_v2_r1/train/003,11111,371053
0,"[28, 28, 26, 29, 28]",0.006950275972485542,"[28, 28, 26, 29, 28]",1.0,0,0,28,106488,78,111,0.7985611510791367,0,0,4,0.0,1.3762376237623761,73,101,0.0,0.0,0.09568140598291455,complete_windows,0,003_00,78,"[74, 75, 76, 77, 78]",206,0.98876953125,2025,2048,0.6354572875585477,synthetic/pilot_v2_r1/train/003,11111,373386
0,"[28, 26, 29, 28, 29]",0.0,"[28, 26, 29, 28, 29]",1.0,0,0,29,106181,79,111,0.7928571428571428,0,0,4,0.0,1.2844036697247707,80,109,0.0,0.0,0.09803084654197582,complete_windows,0,003_00,79,"[75, 76, 77, 78, 79]",206,0.98291015625,2013,2048,0.6559113088956695,synthetic/pilot_v2_r1/train/003,11111,379236
0,"[26, 29, 28, 29, 30]",0.006111010443419218,"[26, 29, 28, 29, 30]",1.0,0,0,30,105924,80,112,0.7887323943661971,0,0,4,0.0,1.42,70,100,0.0,0.0,0.09715200682854651,complete_windows,0,003_00,80,"[76, 77, 78, 79, 80]",206,0.98583984375,2019,2048,0.6885777827391343,synthetic/pilot_v2_r1/train/003,11111,377803
0,"[29, 28, 29, 30, 30]",0.009887680411338806,"[29, 28, 29, 30, 30]",1.0,0,0,30,105576,81,116,0.7945205479452054,0,0,4,0.0,1.4747474747474747,69,99,0.0,0.0,0.09458538002542806,complete_windows,0,003_00,81,"[77, 78, 79, 80, 81]",206,0.98193359375,2011,2048,0.7117286805584416,synthetic/pilot_v2_r1/train/003,11111,378736
0,"[28, 29, 30, 30, 33]",0.0,"[28, 29, 30, 30, 33]",1.0,0,0,33,105040,82,117,0.78,0,0,4,0.0,1.5463917525773196,64,97,0.0,0.0,0.09190869403000504,complete_windows,0,003_00,82,"[78, 79, 80, 81, 82]",206,0.98486328125,2017,2048,0.743615738011411,synthetic/pilot_v2_r1/train/003,11111,378564
0,"[29, 30, 30, 33, 34]",0.0,"[29, 30, 30, 33, 34]",1.0,0,0,34,104753,83,122,0.782051282051282,0,0,4,0.0,1.4181818181818182,76,110,0.0,0.0,0.09141191712091401,complete_windows,0,003_00,83,"[79, 80, 81, 82, 83]",206,0.984375,2016,2048,0.7724066713763033,synthetic/pilot_v2_r1/train/003,11111,377791
0,"[30, 30, 33, 34, 33]",0.004448079504072666,"[30, 30, 33, 34, 33]",1.0,0,0,33,104209,84,127,0.79375,0,0,4,0.0,1.4814814814814814,75,108,0.0,0.0,0.09189176364129398,complete_windows,0,003_00,84,"[80, 81, 82, 83, 84]",206,0.982421875,2012,2048,0.7823093263736703,synthetic/pilot_v2_r1/train/003,11111,372167
0,"[30, 33, 34, 33, 35]",0.004078797530382872,"[30, 33, 34, 33, 35]",1.0,0,0,35,103649,85,130,0.7878787878787878,0,0,4,0.0,1.6019417475728155,68,103,0.0,0.0,0.09143193448828678,complete_windows,0,003_00,85,"[81, 82, 83, 84, 85]",206,0.98193359375,2011,2048,0.8019862850472748,synthetic/pilot_v2_r1/train/003,11111,368453
0,"[33, 34, 33, 35, 36]",0.0,"[33, 34, 33, 35, 36]",1.0,0,0,36,102982,86,135,0.7894736842105263,0,0,4,0.0,1.401639344262295,86,122,0.0,0.0,0.09087839284642334,complete_windows,0,003_00,86,"[82, 83, 84, 85, 86]",206,0.9853515625,2018,2048,0.8299320121081653,synthetic/pilot_v2_r1/train/003,11111,376788
0,"[34, 33, 35, 36, 36]",0.00815676711499691,"[34, 33, 35, 36, 36]",1.0,0,0,36,102053,87,138,0.7931034482758621,0,0,4,0.0,1.392,89,125,0.0,0.0,0.08965492704332052,complete_windows,0,003_00,87,"[83, 84, 85, 86, 87]",206,0.9853515625,2018,2048,0.8491778762921323,synthetic/pilot_v2_r1/train/003,11111,378405
0,"[33, 35, 36, 36, 39]",0.010567289777100086,"[33, 35, 36, 36, 39]",1.0,0,0,39,101168,88,140,0.7821229050279329,0,0,4,0.0,1.4793388429752066,82,121,0.0,0.0,0.09089300605332537,complete_windows,0,003_00,88,"[84, 85, 86, 87, 88]",206,0.97998046875,2007,2048,0.8852427781413098,synthetic/pilot_v2_r1/train/003,11111,377928
0,"[35, 36, 36, 39, 39]",0.00861357618123293,"[35, 36, 36, 39, 39]",1.0,0,1,39,100326,89,146,0.7891891891891892,1,1,4,0.0,1.48,86,125,0.02564102564102564,0.02564102564102564,0.09092462606912396,complete_windows,0,003_00,89,"[85, 86, 87, 88, 89]",206,0.98486328125,2017,2048,0.8988968068329722,synthetic/pilot_v2_r1/train/003,11111,378332
0,"[36, 36, 39, 39, 40]",0.006611255928874016,"[36, 36, 39, 39, 40]",1.0,0,0,40,99473,90,150,0.7894736842105263,0,0,4,0.0,1.7117117117117118,71,111,0.0,0.0,0.08571251872927725,complete_windows,0,003_00,90,"[86, 87, 88, 89, 90]",206,0.982421875,2012,2048,0.9182936970449606,synthetic/pilot_v2_r1/train/003,11111,379561
0,"[36, 39, 39, 40, 40]",0.0068673728965222836,"[36, 39, 39, 40, 40]",1.0,0,1,40,98614,91,154,0.7938144329896907,1,1,4,0.0,1.7962962962962963,68,108,0.025,0.025,0.0782766312634532,complete_windows,0,003_00,91,"[87, 88, 89, 90, 91]",206,0.9833984375,2014,2048,0.9152152782143683,synthetic/pilot_v2_r1/train/003,11111,376431
0,"[39, 39, 40, 40, 44]",0.011405711993575096,"[39, 39, 40, 40, 44]",1.0,0,0,44,97406,92,158,0.7821782178217822,0,0,4,0.0,1.8035714285714286,68,112,0.0,0.0,0.07783397627937616,complete_windows,0,003_00,92,"[88, 89, 90, 91, 92]",206,0.98388671875,2015,2048,0.9076764315769502,synthetic/pilot_v2_r1/train/003,11111,368312
0,"[39, 40, 40, 44, 46]",0.00911668874323368,"[39, 40, 40, 44, 46]",1.0,0,0,46,96404,93,163,0.7799043062200957,0,0,4,0.0,2.0096153846153846,58,104,0.0,0.0,0.07871188399815467,complete_windows,0,003_00,93,"[89, 90, 91, 92, 93]",206,0.9833984375,2014,2048,0.9166182777275792,synthetic/pilot_v2_r1/train/003,11111,352854
0,"[40, 40, 44, 46, 48]",0.010340113192796707,"[40, 40, 44, 46, 48]",1.0,0,0,48,95243,94,170,0.7798165137614679,0,0,4,0.0,1.8016528925619835,73,121,0.0,0.0,0.0722224146525366,complete_windows,0,003_00,94,"[90, 91, 92, 93, 94]",206,0.982421875,2012,2048,0.9173102889622164,synthetic/pilot_v2_r1/train/003,11111,353520
0,"[40, 44, 46, 48, 53]",0.00893982220441103,"[40, 44, 46, 48, 53]",1.0,0,0,53,93789,95,178,0.7705627705627706,0,0,4,0.0,1.736842105263158,80,133,0.0,0.0,0.06834630421467641,complete_windows,0,003_00,95,"[91, 92, 93, 94, 95]",206,0.9873046875,2022,2048,0.9355958603826063,synthetic/pilot_v2_r1/train/003,11111,349753
0,"[44, 46, 48, 53, 52]",0.008261281996965408,"[44, 46, 48, 53, 52]",1.0,0,0,52,92855,96,191,0.7860082304526749,0,0,4,0.0,1.7234042553191489,89,141,0.0,0.0,0.06518493191320204,complete_windows,0,003_00,96,"[92, 93, 94, 95, 96]",206,0.99365234375,2035,2048,0.9737733922887181,synthetic/pilot_v2_r1/train/003,11111,344966
0,"[46, 48, 53, 52, 56]",0.009096138179302216,"[46, 48, 53, 52, 56]",1.0,0,0,56,91874,97,199,0.7803921568627451,0,0,4,0.0,1.9465648854961832,75,131,0.0,0.0,0.06236885853625648,complete_windows,0,003_00,97,"[93, 94, 95, 96, 97]",206,0.98095703125,2009,2048,0.9764653122075011,synthetic/pilot_v2_r1/train/003,11111,335544
0,"[48, 53, 52, 56, 61]",0.012833072803914547,"[48, 53, 52, 56, 61]",1.0,0,0,61,91407,98,209,0.774074074074074,0,0,4,0.0,1.8881118881118881,82,143,0.0,0.0,0.062271644243920114,complete_windows,0,003_00,98,"[94, 95, 96, 97, 98]",206,0.97705078125,2001,2048,0.9933156848455372,synthetic/pilot_v2_r1/train/003,11111,333657
0,"[53, 52, 56, 61, 64]",0.0072983643040061,"[53, 52, 56, 61, 64]",1.0,0,0,64,90960,99,222,0.7762237762237763,0,0,4,0.0,1.8451612903225807,91,155,0.0,0.0,0.06474180179887154,complete_windows,0,003_00,99,"[95, 96, 97, 98, 99]",206,0.9794921875,2006,2048,1.0154284005010248,synthetic/pilot_v2_r1/train/003,11111,328764
0,"[52, 56, 61, 64, 71]",0.012273160740733147,"[52, 56, 61, 64, 71]",1.0,0,0,71,90503,100,233,0.7664473684210527,0,0,4,0.0,2.2028985507246377,67,138,0.0,0.0,0.06746625223730482,complete_windows,0,003_00,100,"[96, 97, 98, 99, 100]",206,0.98291015625,2013,2048,1.0265636125032958,synthetic/pilot_v2_r1/train/003,11111,328108
0,"[56, 61, 64, 71, 70]",0.009794721379876137,"[56, 61, 64, 71, 70]",1.0,0,0,70,89860,101,252,0.782608695652174,0,0,4,0.0,1.9876543209876543,92,162,0.0,0.0,0.06514169024674434,complete_windows,0,003_00,101,"[97, 98, 99, 100, 101]",206,0.98681640625,2021,2048,1.073299088189264,synthetic/pilot_v2_r1/train/003,11111,327298
0,"[61, 64, 71, 70, 77]",0.008240140974521637,"[61, 64, 71, 70, 77]",1.013157894736842,0,0,76,89400,102,266,0.7755102040816326,0,0,4,0.0,2.3493150684931505,70,146,0.0,0.0,0.05660114382820696,complete_windows,0,003_00,102,"[98, 99, 100, 101, 102]",206,0.978515625,2004,2048,1.1043443628980318,synthetic/pilot_v2_r1/train/003,11111,325000
0,"[64, 71, 70, 77, 80]",0.011217948980629444,"[64, 71, 70, 77, 80]",1.0126582278481013,0,0,79,89164,103,282,0.7790055248618785,0,0,4,0.0,2.513888888888889,65,144,0.0,0.0,0.049796131123151614,complete_windows,0,003_00,103,"[99, 100, 101, 102, 103]",206,0.984375,2016,2048,1.1292853533912295,synthetic/pilot_v2_r1/train/003,11111,318939
0,"[71, 70, 77, 80, 89]",0.010253645479679108,"[71, 70, 77, 80, 89]",1.072289156626506,0,0,83,89146,104,298,0.7700258397932817,0,0,4,0.0,2.8248175182481754,54,137,0.0,0.0,0.04809787928743685,complete_windows,0,003_00,104,"[100, 101, 102, 103, 104]",206,0.98876953125,2025,2048,1.1601215124004183,synthetic/pilot_v2_r1/train/003,11111,312778
0,"[70, 77, 80, 89, 99]",0.009531737305223942,"[70, 77, 80, 89, 99]",1.064516129032258,0,0,93,89398,105,316,0.7614457831325301,0,0,4,0.0,2.6774193548387095,62,155,0.0,0.0,0.044215920693529455,complete_windows,0,003_00,105,"[101, 102, 103, 104, 105]",206,0.98095703125,2009,2048,1.1726062334214327,synthetic/pilot_v2_r1/train/003,11111,308729
0,"[77, 80, 89, 99, 108]",0.010421926155686378,"[77, 80, 89, 99, 108]",1.1020408163265305,0,0,98,89581,106,345,0.7615894039735099,0,0,4,0.0,2.6184971098265897,75,173,0.0,0.0,0.03662125208415674,complete_windows,0,003_00,106,"[102, 103, 104, 105, 106]",206,0.98779296875,2023,2048,1.2022486533304395,synthetic/pilot_v2_r1/train/003,11111,308624
0,"[80, 89, 99, 108, 120]",0.010075829923152924,"[80, 89, 99, 108, 120]",1.2121212121212122,0,0,99,89773,107,376,0.7580645161290323,0,0,4,0.0,2.9523809523809526,69,168,0.0,0.0,0.027999228457092448,complete_windows,0,003_00,107,"[103, 104, 105, 106, 107]",206,0.9853515625,2018,2048,1.2228712094131804,synthetic/pilot_v2_r1/train/003,11111,309623
0,"[89, 99, 108, 120, 126]",0.009078120812773705,"[89, 99, 108, 120, 126]",1.1666666666666667,0,0,108,90053,108,416,0.7675276752767528,0,0,4,0.0,3.1149425287356323,66,174,0.0,0.0,0.020318181109520248,complete_windows,0,003_00,108,"[104, 105, 106, 107, 108]",206,0.9921875,2032,2048,1.224394704382655,synthetic/pilot_v2_r1/train/003,11111,307678
0,"[99, 108, 120, 126, 142]",0.009750626981258392,"[99, 108, 120, 126, 142]",1.2347826086956522,0,0,115,90226,109,453,0.761344537815126,0,0,4,0.0,3.361581920903955,62,177,0.0,0.0,0.01358346379786286,complete_windows,0,003_00,109,"[105, 106, 107, 108, 109]",206,0.9921875,2032,2048,1.2448921147242307,synthetic/pilot_v2_r1/train/003,11111,305729
0,"[108, 120, 126, 142, 158]",0.008400687016546726,"[108, 120, 126, 142, 158]",1.3057851239669422,0,0,121,90645,110,496,0.7584097859327217,0,0,4,0.0,3.7803468208092488,52,173,0.0,0.0,0.01096016328779033,complete_windows,0,003_00,110,"[106, 107, 108, 109, 110]",206,0.98828125,2024,2048,1.2515084710820632,synthetic/pilot_v2_r1/train/003,11111,301492
0,"[120, 126, 142, 158, 180]",0.008736245334148407,"[120, 126, 142, 158, 180]",1.3432835820895523,0,1,134,90975,111,546,0.7520661157024794,1,1,4,0.0,3.8617021276595747,54,188,0.007462686567164179,0.007462686567164179,0.010064155442262253,complete_windows,0,003_00,111,"[107, 108, 109, 110, 111]",206,0.99072265625,2029,2048,1.2557992694995612,synthetic/pilot_v2_r1/train/003,11111,297404
0,"[126, 142, 158, 180, 206]",0.007851517759263515,"[126, 142, 158, 180, 206]",1.4820143884892085,0,2,139,91257,112,606,0.7463054187192119,2,2,4,0.0,4.273684210526316,51,190,0.014388489208633094,0.014388489208633094,0.010991787374859053,complete_windows,0,003_00,112,"[108, 109, 110, 111, 112]",206,0.99169921875,2031,2048,1.2724023278292884,synthetic/pilot_v2_r1/train/003,11111,296884
0,"[142, 158, 180, 206, 228]",0.007230511866509914,"[142, 158, 180, 206, 228]",1.6521739130434783,0,0,138,91794,113,686,0.75054704595186,0,0,4,0.0,4.687179487179487,57,195,0.0,0.0,0.010916733891739284,complete_windows,0,003_00,113,"[109, 110, 111, 112, 113]",206,0.98291015625,2013,2048,1.285047816668655,synthetic/pilot_v2_r1/train/003,11111,296798
0,"[158, 180, 206, 228, 265]",0.007814161479473114,"[158, 180, 206, 228, 265]",1.7320261437908497,0,0,153,91796,114,772,0.7444551591128254,0,0,4,0.0,5.108374384236453,50,203,0.0,0.0,0.010015556956106831,complete_windows,0,003_00,114,"[110, 111, 112, 113, 114]",206,0.9873046875,2022,2048,1.2913658505535588,synthetic/pilot_v2_r1/train/003,11111,298751
0,"[180, 206, 228, 265, 309]",0.007439931854605675,"[180, 206, 228, 265, 309]",1.8284023668639053,0,1,169,91919,115,879,0.73989898989899,1,1,4,0.0,5.60377358490566,43,212,0.005917159763313609,0.005917159763313609,0.010823812437151295,complete_windows,0,003_00,115,"[111, 112, 113, 114, 115]",206,0.99169921875,2031,2048,1.3068941187063783,synthetic/pilot_v2_r1/train/003,11111,299471
0,"[206, 228, 265, 309, 319]",0.007007307838648558,"[206, 228, 265, 309, 319]",2.1554054054054053,0,0,148,92178,116,1008,0.7596081386586285,0,0,4,0.0,6.259433962264151,64,212,0.0,0.0,0.010311908750980047,complete_windows,0,003_00,116,"[112, 113, 114, 115, 116]",206,0.9853515625,2018,2048,1.329730247869663,synthetic/pilot_v2_r1/train/003,11111,300585
0,"[228, 265, 309, 319, 179]",0.005797806195914745,"[228, 265, 309, 319, 179]",2.3552631578947367,0,0,76,92277,117,1121,0.8623076923076923,0,0,4,0.0,5.990783410138249,141,217,0.0,0.0,0.01108749151567726,complete_windows,0,003_00,117,"[113, 114, 115, 116, 117]",206,0.98876953125,2025,2048,1.3245304869853274,synthetic/pilot_v2_r1/train/003,11111,302232
0,"[265, 309, 319, 179, 21]",0.009420876391232014,"[265, 309, 319, 179, 21]",2.3333333333333335,0,0,9,92439,118,1072,0.9807868252516011,0,0,4,0.0,5.204761904761905,201,210,0.0,0.0,0.013576063005416215,complete_windows,0,003_00,118,"[114, 115, 116, 117, 118]",206,0.99072265625,2029,2048,1.3552199783637409,synthetic/pilot_v2_r1/train/003,11111,302312
0,"[309, 319, 179, 21, 0]",,"[309, 319, 179, 21, 0]",,0,0,0,92709,119,828,1.0,0,0,4,,4.224489795918367,196,196,,,0.01489208640722564,complete_windows,0,003_00,119,"[115, 116, 117, 118, 119]",206,0.98974609375,2027,2048,1.375815776465883,synthetic/pilot_v2_r1/train/003,11110,299994
0,"[319, 179, 21, 0, 0]",,"[319, 179, 21, 0, 0]",,0,0,0,92560,120,519,1.0,0,0,3,,3.2641509433962264,159,159,,,0.01438049222328172,complete_windows,0,003_00,120,"[116, 117, 118, 119, 120]",206,0.98779296875,2023,2048,1.3905977565614833,synthetic/pilot_v2_r1/train/003,11100,304536
0,"[179, 21, 0, 0, 0]",,"[179, 21, 0, 0, 0]",,0,0,0,92487,121,200,1.0,0,0,2,,2.5641025641025643,78,78,,,0.015970659052479234,complete_windows,0,003_00,121,"[117, 118, 119, 120, 121]",206,0.9853515625,2018,2048,1.4211098174116368,synthetic/pilot_v2_r1/train/003,11000,304113
0,"[21, 0, 0, 0, 0]",,"[21, 0, 0, 0, 0]",,0,0,0,92562,122,21,1.0,0,0,1,,2.1,10,10,,,0.01740149589863265,complete_windows,0,003_00,122,"[118, 119, 120, 121, 122]",206,0.98681640625,2021,2048,1.4298873047701564,synthetic/pilot_v2_r1/train/003,10000,304264
1,"[0, 0, 0, 0, 0]",,"[0, 0, 0, 0, 0]",,0,0,0,92475,123,0,,0,0,0,,,0,0,,,0.01844330496973126,complete_windows,0,003_00,123,"[119, 120, 121, 122, 123]",206,0.98681640625,2021,2048,1.4451678158883188,synthetic/pilot_v2_r1/train/003,00000,305538
1,"[0, 0, 0, 0, 0]",,"[0, 0, 0, 0, 0]",,0,0,0,92257,124,0,,0,0,0,,,0,0,,,0.01685129497236129,complete_windows,0,003_00,124,"[120, 121, 122, 123, 124]",206,0.98388671875,2015,2048,1.4407868195727687,synthetic/pilot_v2_r1/train/003,00000,306669
1,"[0, 0, 0, 0, 0]",,"[0, 0, 0, 0, 0]",,0,0,0,91875,125,0,,0,0,0,,,0,0,,,0.01594834271609033,complete_windows,0,003_00,125,"[121, 122, 123, 124, 125]",206,0.98779296875,2023,2048,1.4662969723386545,synthetic/pilot_v2_r1/train/003,00000,305134
1,"[0, 0, 0, 0, 0]",,"[0, 0, 0, 0, 0]",,0,0,0,91509,126,0,,0,0,0,,,0,0,,,0.01593631131678483,complete_windows,0,003_00,126,"[122, 123, 124, 125, 126]",206,0.97998046875,2007,2048,1.4715918117450362,synthetic/pilot_v2_r1/train/003,00000,306552
1,"[0, 0, 0, 0, 0]",,"[0, 0, 0, 0, 0]",,0,0,0,91039,127,0,,0,0,0,,,0,0,,,0.014599231153696915,complete_windows,0,003_00,127,"[123, 124, 125, 126, 127]",206,0.9775390625,2002,2048,1.4694025469474663,synthetic/pilot_v2_r1/train/003,00000,306474
1,"[0, 0, 0, 0, 0]",,"[0, 0, 0, 0, 0]",,0,0,0,90722,128,0,,0,0,0,,,0,0,,,0.013207518003018608,complete_windows,0,003_00,128,"[124, 125, 126, 127, 128]",206,0.98388671875,2015,2048,1.4825157881755666,synthetic/pilot_v2_r1/train/003,00000,304781
1,"[0, 0, 0, 0, 0]",,"[0, 0, 0, 0, 0]",,0,0,0,90866,129,0,,0,0,0,,,0,0,,,0.012117578436756723,complete_windows,0,003_00,129,"[125, 126, 127, 128, 129]",206,0.9873046875,2022,2048,1.4684432385412673,synthetic/pilot_v2_r1/train/003,00000,302340
1,"[0, 0, 0, 0, 0]",,"[0, 0, 0, 0, 0]",,0,0,0,91125,130,0,,0,0,0,,,0,0,,,0.011090757136313953,complete_windows,0,003_00,130,"[126, 127, 128, 129, 130]",206,0.986328125,2020,2048,1.4519207155996667,synthetic/pilot_v2_r1/train/003,00000,304651
1,"[0, 0, 0, 0, 0]",,"[0, 0, 0, 0, 0]",,0,0,0,91601,131,0,,0,0,0,,,0,0,,,0.009992462708087516,complete_windows,0,003_00,131,"[127, 128, 129, 130, 131]",206,0.9873046875,2022,2048,1.4517803566471494,synthetic/pilot_v2_r1/train/003,00000,304070
1,"[0, 0, 0, 0, 0]",,"[0, 0, 0, 0, 0]",,0,0,0,92223,132,0,,0,0,0,,,0,0,,,0.009204023611203599,complete_windows,0,003_00,132,"[128, 129, 130, 131, 132]",206,0.98681640625,2021,2048,1.43307551013025,synthetic/pilot_v2_r1/train/003,00000,305783
1,"[0, 0, 0, 0, 0]",,"[0, 0, 0, 0, 0]",,0,0,0,92761,133,0,,0,0,0,,,0,0,,,0.009524324006578056,complete_windows,0,003_00,133,"[129, 130, 131, 132, 133]",206,0.9833984375,2014,2048,1.4247533735694469,synthetic/pilot_v2_r1/train/003,00000,306870
1,"[0, 0, 0, 0, 0]",,"[0, 0, 0, 0, 0]",,0,0,0,93137,134,0,,0,0,0,,,0,0,,,0.009431099301316114,complete_windows,0,003_00,134,"[130, 131, 132, 133, 134]",206,0.98388671875,2015,2048,1.4367319191435604,synthetic/pilot_v2_r1/train/003,00000,305734
1,"[0, 0, 0, 0, 0]",,"[0, 0, 0, 0, 0]",,0,0,0,93630,135,0,,0,0,0,,,0,0,,,0.00966972361997325,complete_windows,0,003_00,135,"[131, 132, 133, 134, 135]",206,0.986328125,2020,2048,1.4330246568649414,synthetic/pilot_v2_r1/train/003,00000,308887
1,"[0, 0, 0, 0, 0]",,"[0, 0, 0, 0, 0]",,0,0,0,94036,136,0,,0,0,0,,,0,0,,,0.009429528730906332,complete_windows,0,003_00,136,"[132, 133, 134, 135, 136]",206,0.99072265625,2029,2048,1.4314337295221016,synthetic/pilot_v2_r1/train/003,00000,311557
0,"[0, 0, 0, 0, 4]",0.0,"[0, 0, 0, 0, 4]",1.0,0,0,4,94250,137,0,0.0,0,0,0,0.0,1.0,0,4,0.0,0.0,0.009780692959624495,complete_windows,0,003_00,137,"[133, 134, 135, 136, 137]",206,0.98681640625,2021,2048,1.4325416479612463,synthetic/pilot_v2_r1/train/003,00001,312177
0,"[0, 0, 0, 4, 9]",0.0,"[0, 0, 0, 4, 9]",1.125,0,0,8,94772,138,4,0.3076923076923077,0,0,1,0.0,1.1818181818181819,3,11,0.0,0.0,0.011030629569919528,complete_windows,0,003_00,138,"[134, 135, 136, 137, 138]",206,0.98974609375,2027,2048,1.4263812640506268,synthetic/pilot_v2_r1/train/003,00011,312503
0,"[0, 0, 4, 9, 22]",0.0,"[0, 0, 4, 9, 22]",1.375,0,0,16,95281,139,13,0.37142857142857144,0,0,2,0.0,1.2962962962962963,11,27,0.0,0.0,0.011883459127332326,complete_windows,0,003_00,139,"[135, 136, 137, 138, 139]",206,0.97802734375,2003,2048,1.3995039077764793,synthetic/pilot_v2_r1/train/003,00111,314303
0,"[0, 4, 9, 22, 98]",0.0,"[0, 4, 9, 22, 98]",1.53125,0,0,64,95626,140,35,0.2631578947368421,0,0,3,0.0,1.821917808219178,9,73,0.0,0.0,0.013304210603469846,complete_windows,0,003_00,140,"[136, 137, 138, 139, 140]",206,0.98828125,2024,2048,1.4119928534232433,synthetic/pilot_v2_r1/train/003,01111,313586
0,"[4, 9, 22, 98, 140]",0.002785430522635579,"[4, 9, 22, 98, 140]",1.386138613861386,0,0,101,95848,141,133,0.48717948717948717,0,0,4,0.0,2.256198347107438,20,121,0.0,0.0,0.016853518823179803,complete_windows,0,003_00,141,"[137, 138, 139, 140, 141]",206,0.98779296875,2023,2048,1.3961186514188033,synthetic/pilot_v2_r1/train/003,11111,314315
0,"[9, 22, 98, 140, 120]",0.008015275932848454,"[9, 22, 98, 140, 120]",1.411764705882353,0,0,85,95770,142,269,0.6915167095115681,0,0,4,0.0,2.969465648854962,46,131,0.0,0.0,0.017632462870071437,complete_windows,0,003_00,142,"[138, 139, 140, 141, 142]",206,0.994140625,2036,2048,1.3801084482090953,synthetic/pilot_v2_r1/train/003,11111,313637
0,"[22, 98, 140, 120, 112]",0.009261087514460087,"[22, 98, 140, 120, 112]",1.3333333333333333,0,0,84,95928,143,380,0.7723577235772358,0,0,4,0.0,3.4893617021276597,57,141,0.0,0.0,0.017137237883572874,complete_windows,0,003_00,143,"[139, 140, 141, 142, 143]",206,0.98291015625,2013,2048,1.3770780283222535,synthetic/pilot_v2_r1/train/003,11111,315139
0,"[98, 140, 120, 112, 100]",0.009851725772023201,"[98, 140, 120, 112, 100]",1.2048192771084338,0,0,83,96046,144,470,0.8245614035087719,0,0,4,0.0,3.825503355704698,66,149,0.0,0.0,0.010453613896442126,complete_windows,0,003_00,144,"[140, 141, 142, 143, 144]",206,0.99072265625,2029,2048,1.35874162657935,synthetic/pilot_v2_r1/train/003,11111,314173
0,"[140, 120, 112, 100, 94]",0.008433117531239986,"[140, 120, 112, 100, 94]",1.2533333333333334,0,0,75,95777,145,472,0.833922261484099,0,0,4,0.0,3.675324675324675,79,154,0.0,0.0,0.005202441828225512,complete_windows,0,003_00,145,"[141, 142, 143, 144, 145]",206,0.9853515625,2018,2048,1.3525349946923708,synthetic/pilot_v2_r1/train/003,11111,314249
0,"[120, 112, 100, 94, 81]",0.00891086645424366,"[120, 112, 100, 94, 81]",1.0945945945945945,0,0,74,95608,146,426,0.8402366863905325,0,0,4,0.0,3.4726027397260273,72,146,0.0,0.0,0.005350486335695903,complete_windows,0,003_00,146,"[142, 143, 144, 145, 146]",206,0.98779296875,2023,2048,1.3488591376457981,synthetic/pilot_v2_r1/train/003,11111,311832
0,"[112, 100, 94, 81, 76]",0.009516425430774689,"[112, 100, 94, 81, 76]",1.0555555555555556,0,0,72,95305,147,387,0.8358531317494601,0,0,4,0.0,3.2152777777777777,72,144,0.0,0.0,0.008755407283572434,complete_windows,0,003_00,147,"[143, 144, 145, 146, 147]",206,0.9833984375,2014,2048,1.3556628514481717,synthetic/pilot_v2_r1/train/003,11111,314322
0,"[100, 94, 81, 76, 69]",0.012672292068600655,"[100, 94, 81, 76, 69]",1.0952380952380953,0,0,63,94774,148,351,0.8357142857142857,0,0,4,0.0,3.088235294117647,73,136,0.0,0.0,0.009862317499918921,complete_windows,0,003_00,148,"[144, 145, 146, 147, 148]",206,0.984375,2016,2048,1.3490294935303206,synthetic/pilot_v2_r1/train/003,11111,315700
0,"[94, 81, 76, 69, 64]",0.012431258335709572,"[94, 81, 76, 69, 64]",1.032258064516129,0,0,62,94358,149,320,0.8333333333333334,0,0,4,0.0,2.6853146853146854,81,143,0.0,0.0,0.010204760628247909,complete_windows,0,003_00,149,"[145, 146, 147, 148, 149]",206,0.982421875,2012,2048,1.3378506260747922,synthetic/pilot_v2_r1/train/003,11111,313646
0,"[81, 76, 69, 64, 58]",0.016943901777267456,"[81, 76, 69, 64, 58]",1.0,0,0,58,93984,150,290,0.8333333333333334,0,0,4,0.0,2.5970149253731343,76,134,0.0,0.0,0.007624280538950229,complete_windows,0,003_00,150,"[146, 147, 148, 149, 150]",206,0.98828125,2024,2048,1.325417456742087,synthetic/pilot_v2_r1/train/003,11111,312228
0,"[76, 69, 64, 58, 54]",0.01129863876849413,"[76, 69, 64, 58, 54]",1.0188679245283019,0,0,53,93424,151,267,0.8317757009345794,0,0,4,0.0,2.3260869565217392,85,138,0.0,0.0,0.005590556986970922,complete_windows,0,003_00,151,"[147, 148, 149, 150, 151]",206,0.9853515625,2018,2048,1.32293080606777,synthetic/pilot_v2_r1/train/003,11111,308664
0,"[69, 64, 58, 54, 48]",0.013145862147212029,"[69, 64, 58, 54, 48]",1.0,0,0,48,92897,152,245,0.8361774744027304,0,0,4,0.0,2.3629032258064515,76,124,0.0,0.0,0.004648658039411499,complete_windows,0,003_00,152,"[148, 149, 150, 151, 152]",206,0.986328125,2020,2048,1.3159304211464213,synthetic/pilot_v2_r1/train/003,11111,306859
0,"[64, 58, 54, 48, 47]",0.014165722765028477,"[64, 58, 54, 48, 47]",1.0,0,0,47,92214,153,224,0.8265682656826568,0,0,4,0.0,2.168,78,125,0.0,0.0,0.0038741487251580686,complete_windows,0,003_00,153,"[149, 150, 151, 152, 153]",206,0.98828125,2024,2048,1.3121586964760534,synthetic/pilot_v2_r1/train/003,11111,306876
0,"[58, 54, 48, 47, 43]",0.011270771734416485,"[58, 54, 48, 47, 43]",1.0,0,0,43,91525,154,207,0.828,0,0,4,0.0,2.0,82,125,0.0,0.0,0.004775997618685624,complete_windows,0,003_00,154,"[150, 151, 152, 153, 154]",206,0.98828125,2024,2048,1.3088648003668333,synthetic/pilot_v2_r1/train/003,11111,309077
0,"[54, 48, 47, 43, 42]",0.011295216158032417,"[54, 48, 47, 43, 42]",1.0,0,0,42,90862,155,192,0.8205128205128205,0,0,4,0.0,2.0892857142857144,70,112,0.0,0.0,0.00978604704325257,complete_windows,0,003_00,155,"[151, 152, 153, 154, 155]",206,0.9873046875,2022,2048,1.3039324899361104,synthetic/pilot_v2_r1/train/003,11111,308777
0,"[48, 47, 43, 42, 40]",0.01052706129848957,"[48, 47, 43, 42, 40]",1.0,0,0,40,90421,156,180,0.8181818181818182,0,0,4,0.0,2.0,70,110,0.0,0.0,0.01309588390172509,complete_windows,0,003_00,156,"[152, 153, 154, 155, 156]",206,0.986328125,2020,2048,1.2936993889652215,synthetic/pilot_v2_r1/train/003,11111,309662
0,"[47, 43, 42, 40, 36]",0.013471521437168121,"[47, 43, 42, 40, 36]",1.0,0,1,36,90312,157,172,0.8269230769230769,1,1,4,0.0,1.8738738738738738,75,111,0.027777777777777776,0.027777777777777776,0.015377873301447402,complete_windows,0,003_00,157,"[153, 154, 155, 156, 157]",206,0.98779296875,2023,2048,1.2947884188680876,synthetic/pilot_v2_r1/train/003,11111,310808
0,"[43, 42, 40, 36, 38]",0.010582877323031425,"[43, 42, 40, 36, 38]",1.0,0,0,38,90149,158,161,0.8090452261306532,0,0,4,0.0,1.761061946902655,75,113,0.0,0.0,0.014128500632504884,complete_windows,0,003_00,158,"[154, 155, 156, 157, 158]",206,0.98828125,2024,2048,1.2618115225458435,synthetic/pilot_v2_r1/train/003,11111,309785
0,"[42, 40, 36, 38, 33]",0.010332509875297546,"[42, 40, 36, 38, 33]",1.0,0,0,33,90045,159,156,0.8253968253968254,0,0,4,0.0,1.6578947368421053,81,114,0.0,0.0,0.013259428256303479,complete_windows,0,003_00,159,"[155, 156, 157, 158, 159]",206,0.98193359375,2011,2048,1.225224058730557,synthetic/pilot_v2_r1/train/003,11111,309673
0,"[40, 36, 38, 33, 32]",0.010227961465716362,"[40, 36, 38, 33, 32]",1.0,0,0,32,90302,160,147,0.8212290502793296,0,0,4,0.0,1.7549019607843137,70,102,0.0,0.0,0.01588464123791401,complete_windows,0,003_00,160,"[156, 157, 158, 159, 160]",206,0.990234375,2028,2048,1.2087363059929803,synthetic/pilot_v2_r1/train/003,11111,308738
0,"[36, 38, 33, 32, 28]",0.006714040879160166,"[36, 38, 33, 32, 28]",1.0,0,0,28,90278,161,139,0.8323353293413174,0,0,4,0.0,1.7765957446808511,66,94,0.0,0.0,0.019582475670346114,complete_windows,0,003_00,161,"[157, 158, 159, 160, 161]",206,0.98876953125,2025,2048,1.178802663648591,synthetic/pilot_v2_r1/train/003,11111,307737
0,"[38, 33, 32, 28, 28]",0.001721779117360711,"[38, 33, 32, 28, 28]",1.0,0,0,28,90684,162,131,0.8238993710691824,0,0,4,0.0,1.606060606060606,71,99,0.0,0.0,0.02419454822851035,complete_windows,0,003_00,162,"[158, 159, 160, 161, 162]",206,0.98779296875,2023,2048,1.1652997138469754,synthetic/pilot_v2_r1/train/003,11111,309520
0,"[33, 32, 28, 28, 27]",0.005239877384155989,"[33, 32, 28, 28, 27]",1.0,0,0,27,90950,163,121,0.8175675675675675,0,0,4,0.0,1.6263736263736264,64,91,0.0,0.0,0.028614441018653437,complete_windows,0,003_00,163,"[159, 160, 161, 162, 163]",206,0.98681640625,2021,2048,1.1417337304560762,synthetic/pilot_v2_r1/train/003,11111,311699
0,"[32, 28, 28, 27, 26]",0.009940728545188904,"[32, 28, 28, 27, 26]",1.0,0,0,26,91441,164,115,0.8156028368794326,0,0,4,0.0,1.5666666666666667,64,90,0.0,0.0,0.030188649735181424,complete_windows,0,003_00,164,"[160, 161, 162, 163, 164]",206,0.9873046875,2022,2048,1.0874976159646632,synthetic/pilot_v2_r1/train/003,11111,314399
0,"[28, 28, 27, 26, 24]",0.007274056319147348,"[28, 28, 27, 26, 24]",1.0,0,0,24,91875,165,109,0.8195488721804511,0,0,4,0.0,1.705128205128205,54,78,0.0,0.0,0.032556963882993006,complete_windows,0,003_00,165,"[161, 162, 163, 164, 165]",206,0.98583984375,2019,2048,1.0363338583661867,synthetic/pilot_v2_r1/train/003,11111,316514
0,"[28, 27, 26, 24, 25]",0.003934923559427261,"[28, 27, 26, 24, 25]",1.0,0,0,25,92277,166,105,0.8076923076923077,0,0,4,0.0,1.6883116883116882,52,77,0.0,0.0,0.03568469087290255,complete_windows,0,003_00,166,"[162, 163, 164, 165, 166]",206,0.98388671875,2015,2048,0.9870976838727311,synthetic/pilot_v2_r1/train/003,11111,316353
0,"[27, 26, 24, 25, 21]",0.0,"[27, 26, 24, 25, 21]",1.0,0,0,21,93128,167,102,0.8292682926829268,0,0,4,0.0,1.5769230769230769,57,78,0.0,0.0,0.038846153171183034,complete_windows,0,003_00,167,"[163, 164, 165, 166, 167]",206,0.982421875,2012,2048,0.9583542636280369,synthetic/pilot_v2_r1/train/003,11111,317181
0,"[26, 24, 25, 21, 24]",0.008219796232879162,"[26, 24, 25, 21, 24]",1.0,0,0,24,93880,168,96,0.8,0,0,4,0.0,1.5789473684210527,52,76,0.0,0.0,0.03974139077686892,complete_windows,0,003_00,168,"[164, 165, 166, 167, 168]",206,0.99072265625,2029,2048,0.9477520131841011,synthetic/pilot_v2_r1/train/003,11111,317150
0,"[24, 25, 21, 24, 19]",0.0,"[24, 25, 21, 24, 19]",1.0,0,0,19,94885,169,94,0.831858407079646,0,0,4,0.0,1.3950617283950617,62,81,0.0,0.0,0.04131501794349031,complete_windows,0,003_00,169,"[165, 166, 167, 168, 169]",206,0.9814453125,2010,2048,0.9483073507481072,synthetic/pilot_v2_r1/train/003,11111,319293
0,"[25, 21, 24, 19, 21]",0.004649086855351925,"[25, 21, 24, 19, 21]",1.0,0,0,21,95510,170,89,0.8090909090909091,0,0,4,0.0,1.2222222222222223,69,90,0.0,0.0,0.04370686312680479,complete_windows,0,003_00,170,"[166, 167, 168, 169, 170]",206,0.982421875,2012,2048,0.9586241145079568,synthetic/pilot_v2_r1/train/003,11111,325963
0,"[21, 24, 19, 21, 23]",0.0,"[21, 24, 19, 21, 23]",1.0,0,0,23,96376,171,85,0.7870370370370371,0,0,4,0.0,1.3333333333333333,58,81,0.0,0.0,0.04599434255254901,complete_windows,0,003_00,171,"[167, 168, 169, 170, 171]",206,0.98486328125,2017,2048,0.9293350585561796,synthetic/pilot_v2_r1/train/003,11111,329946
0,"[24, 19, 21, 23, 20]",0.0038830505218356848,"[24, 19, 21, 23, 20]",1.0,0,0,20,97340,172,87,0.8130841121495327,0,0,4,0.0,1.3375,60,80,0.0,0.0,0.05137072224909054,complete_windows,0,003_00,172,"[168, 169, 170, 171, 172]",206,0.98046875,2008,2048,0.9243276346427312,synthetic/pilot_v2_r1/train/003,11111,335180
0,"[19, 21, 23, 20, 19]",0.0038653879892081022,"[19, 21, 23, 20, 19]",1.0,0,0,19,98378,173,83,0.8137254901960784,0,0,4,0.0,1.2289156626506024,64,83,0.0,0.0,0.056744801095696566,complete_windows,0,003_00,173,"[169, 170, 171, 172, 173]",206,0.978515625,2004,2048,0.8995100009918289,synthetic/pilot_v2_r1/train/003,11111,340898
0,"[21, 23, 20, 19, 19]",0.0,"[21, 23, 20, 19, 19]",1.0,0,0,19,99579,174,83,0.8137254901960784,0,0,4,0.0,1.3972602739726028,54,73,0.0,0.0,0.051687258180781064,complete_windows,0,003_00,174,"[170, 171, 172, 173, 174]",206,0.97119140625,1989,2048,0.8710687437136708,synthetic/pilot_v2_r1/train/003,11111,341976
0,"[23, 20, 19, 19, 19]",0.008005932904779911,"[23, 20, 19, 19, 19]",1.0,0,0,19,100769,175,81,0.81,0,0,4,0.0,1.3513513513513513,55,74,0.0,0.0,0.04393610877502277,complete_windows,0,003_00,175,"[171, 172, 173, 174, 175]",206,0.97314453125,1993,2048,0.8812593393392998,synthetic/pilot_v2_r1/train/003,11111,349202
0,"[20, 19, 19, 19, 19]",0.009912804700434208,"[20, 19, 19, 19, 19]",1.0,0,0,19,102275,176,77,0.8020833333333334,0,0,4,0.0,1.411764705882353,49,68,0.0,0.0,0.044353092900151936,complete_windows,0,003_00,176,"[172, 173, 174, 175, 176]",206,0.9716796875,1990,2048,0.8591691102047269,synthetic/pilot_v2_r1/train/003,11111,352323
0,"[19, 19, 19, 19, 17]",0.0,"[19, 19, 19, 19, 17]",1.0,0,0,17,103357,177,76,0.8172043010752689,0,0,4,0.0,1.4307692307692308,48,65,0.0,0.0,0.04767132045346772,complete_windows,0,003_00,177,"[173, 174, 175, 176, 177]",206,0.9814453125,2010,2048,0.8614292916376449,synthetic/pilot_v2_r1/train/003,11111,360226
0,"[19, 19, 19, 17, 18]",0.005487815476953983,"[19, 19, 19, 17, 18]",1.0,0,0,18,104245,178,74,0.8043478260869565,0,0,4,0.0,1.4838709677419355,44,62,0.0,0.0,0.04619761503651395,complete_windows,0,003_00,178,"[174, 175, 176, 177, 178]",206,0.986328125,2020,2048,0.8396979793675845,synthetic/pilot_v2_r1/train/003,11111,365625
0,"[19, 19, 17, 18, 16]",0.008476955816149712,"[19, 19, 17, 18, 16]",1.0,0,0,16,104740,179,73,0.8202247191011236,0,0,4,0.0,1.4833333333333334,44,60,0.0,0.0,0.04061567506109909,complete_windows,0,003_00,179,"[175, 176, 177, 178, 179]",206,0.978515625,2004,2048,0.8012862077701803,synthetic/pilot_v2_r1/train/003,11111,365883
0,"[19, 17, 18, 16, 14]",0.015911906957626343,"[19, 17, 18, 16, 14]",1.0,0,0,14,105253,180,70,0.8333333333333334,0,0,4,0.0,1.4482758620689655,44,58,0.0,0.0,0.0341635801265787,complete_windows,0,003_00,180,"[176, 177, 178, 179, 180]",206,0.984375,2016,2048,0.7705600327795378,synthetic/pilot_v2_r1/train/003,11111,364699
0,"[17, 18, 16, 14, 16]",0.008450365625321865,"[17, 18, 16, 14, 16]",1.0,0,0,16,105794,181,65,0.8024691358024691,0,0,4,0.0,1.2857142857142858,47,63,0.0,0.0,0.03279512639402517,complete_windows,0,003_00,181,"[177, 178, 179, 180, 181]",206,0.98876953125,2025,2048,0.7192626275399896,synthetic/pilot_v2_r1/train/003,11111,359189
0,"[18, 16, 14, 16, 18]",0.0,"[18, 16, 14, 16, 18]",1.0,0,0,18,106222,182,64,0.7804878048780488,0,0,4,0.0,1.3225806451612903,44,62,0.0,0.0,0.03195911901227941,complete_windows,0,003_00,182,"[178, 179, 180, 181, 182]",206,0.99169921875,2031,2048,0.693793678760608,synthetic/pilot_v2_r1/train/003,11111,361382
0,"[16, 14, 16, 18, 14]",0.00960918515920639,"[16, 14, 16, 18, 14]",1.0,0,0,14,106300,183,64,0.8205128205128205,0,0,4,0.0,1.3,46,60,0.0,0.0,0.02885963393954036,complete_windows,0,003_00,183,"[179, 180, 181, 182, 183]",206,0.9931640625,2034,2048,0.6702216026756971,synthetic/pilot_v2_r1/train/003,11111,360080
0,"[14, 16, 18, 14, 15]",0.0,"[14, 16, 18, 14, 15]",1.0,0,0,15,106592,184,62,0.8051948051948052,0,0,4,0.0,1.203125,49,64,0.0,0.0,0.02414174900236802,complete_windows,0,003_00,184,"[180, 181, 182, 183, 184]",206,0.99365234375,2035,2048,0.6479473468222323,synthetic/pilot_v2_r1/train/003,11111,368155
0,"[16, 18, 14, 15, 14]",0.005044267978519201,"[16, 18, 14, 15, 14]",1.0,0,0,14,106731,185,63,0.8181818181818182,0,0,4,0.0,1.203125,50,64,0.0,0.0,0.02467620180349152,complete_windows,0,003_00,185,"[181, 182, 183, 184, 185]",206,0.98681640625,2021,2048,0.633344932295068,synthetic/pilot_v2_r1/train/003,11111,369539
0,"[18, 14, 15, 14, 14]",0.0,"[18, 14, 15, 14, 14]",1.0,0,0,14,106952,186,61,0.8133333333333334,0,0,4,0.0,1.1194029850746268,53,67,0.0,0.0,0.026691267356262146,complete_windows,0,003_00,186,"[182, 183, 184, 185, 186]",206,0.9912109375,2030,2048,0.6230313405938724,synthetic/pilot_v2_r1/train/003,11111,371183
0,"[14, 15, 14, 14, 14]",0.004771735519170761,"[14, 15, 14, 14, 14]",1.0,0,0,14,107353,187,57,0.8028169014084507,0,0,4,0.0,1.3653846153846154,38,52,0.0,0.0,0.02241975845957299,complete_windows,0,003_00,187,"[183, 184, 185, 186, 187]",206,0.9853515625,2018,2048,0.6134739405336608,synthetic/pilot_v2_r1/train/003,11111,377600
0,"[15, 14, 14, 14, 14]",0.004717137664556503,"[15, 14, 14, 14, 14]",1.0,0,0,14,107436,188,57,0.8028169014084507,0,0,4,0.0,1.4489795918367347,35,49,0.0,0.0,0.014716149571766509,complete_windows,0,003_00,188,"[184, 185, 186, 187, 188]",206,0.98779296875,2023,2048,0.6128287183117197,synthetic/pilot_v2_r1/train/003,11111,378378
0,"[14, 14, 14, 14, 14]",0.0,"[14, 14, 14, 14, 14]",1.0,0,0,14,107516,189,56,0.8,0,0,4,0.0,1.25,42,56,0.0,0.0,0.015645170580364194,complete_windows,0,003_00,189,"[185, 186, 187, 188, 189]",206,0.98876953125,2025,2048,0.6066582159611945,synthetic/pilot_v2_r1/train/003,11111,374607
0,"[14, 14, 14, 14, 14]",0.0,"[14, 14, 14, 14, 14]",1.0,0,0,14,107505,190,56,0.8,0,0,4,0.0,1.2280701754385965,43,57,0.0,0.0,0.013197036266360953,complete_windows,0,003_00,190,"[186, 187, 188, 189, 190]",206,0.9892578125,2026,2048,0.6097626630252511,synthetic/pilot_v2_r1/train/003,11111,376562
0,"[14, 14, 14, 14, 12]",0.0,"[14, 14, 14, 14, 12]",1.0,0,0,12,107364,191,56,0.8235294117647058,0,0,4,0.0,1.3333333333333333,39,51,0.0,0.0,0.017829958837530867,complete_windows,0,003_00,191,"[187, 188, 189, 190, 191]",206,0.98681640625,2021,2048,0.610163519911745,synthetic/pilot_v2_r1/train/003,11111,378174
0,"[14, 14, 14, 12, 14]",0.0015288302674889565,"[14, 14, 14, 12, 14]",1.0,0,0,14,107318,192,54,0.7941176470588235,0,0,4,0.0,1.3877551020408163,35,49,0.0,0.0,0.029338745403634917,complete_windows,0,003_00,192,"[188, 189, 190, 191, 192]",206,0.9873046875,2022,2048,0.6019471694562021,synthetic/pilot_v2_r1/train/003,11111,372585
0,"[14, 14, 12, 14, 14]",0.009810574352741241,"[14, 14, 12, 14, 14]",1.0,0,0,14,107649,193,54,0.7941176470588235,0,0,4,0.0,1.4166666666666667,34,48,0.0,0.0,0.026611384176049115,complete_windows,0,003_00,193,"[189, 190, 191, 192, 193]",206,0.98974609375,2027,2048,0.6021946352303983,synthetic/pilot_v2_r1/train/003,11111,374780
0,"[14, 12, 14, 14, 10]",0.0,"[14, 12, 14, 14, 10]",1.0,0,0,10,107459,194,54,0.84375,0,0,4,0.0,1.641025641025641,29,39,0.0,0.0,0.008772245937460097,complete_windows,0,003_00,194,"[190, 191, 192, 193, 194]",206,0.98291015625,2013,2048,0.5954002221720693,synthetic/pilot_v2_r1/train/003,11111,379184
0,"[12, 14, 14, 10, 11]",0.0,"[12, 14, 14, 10, 11]",1.0,0,0,11,107244,195,50,0.819672131147541,0,0,4,0.0,1.1730769230769231,41,52,0.0,0.0,0.018572293578044765,complete_windows,0,003_00,195,"[191, 192, 193, 194, 195]",206,0.9833984375,2014,2048,0.580847177309576,synthetic/pilot_v2_r1/train/003,11111,374514
0,"[14, 14, 10, 11, 12]",0.007166331168264151,"[14, 14, 10, 11, 12]",1.0,0,0,12,106959,196,49,0.8032786885245902,0,0,4,0.0,1.1730769230769231,40,52,0.0,0.0,0.025675430567276638,complete_windows,0,003_00,196,"[192, 193, 194, 195, 196]",206,0.99072265625,2029,2048,0.5720416492078985,synthetic/pilot_v2_r1/train/003,11111,366935
0,"[14, 10, 11, 12, 12]",0.0,"[14, 10, 11, 12, 12]",1.0,0,0,12,107020,197,47,0.7966101694915254,0,0,4,0.0,1.18,38,50,0.0,0.0,0.0166080008834546,complete_windows,0,003_00,197,"[193, 194, 195, 196, 197]",206,0.9873046875,2022,2048,0.5638414479997312,synthetic/pilot_v2_r1/train/003,11111,370046
0,"[10, 11, 12, 12, 11]",0.0,"[10, 11, 12, 12, 11]",1.0,0,0,11,107149,198,45,0.8035714285714286,0,0,4,0.0,1.0980392156862746,40,51,0.0,0.0,0.005621395977564787,complete_windows,0,003_00,198,"[194, 195, 196, 197, 198]",206,0.990234375,2028,2048,0.5725427366684774,synthetic/pilot_v2_r1/train/003,11111,366114
0,"[11, 12, 12, 11, 10]",0.0,"[11, 12, 12, 11, 10]",1.0,0,0,10,107084,199,46,0.8214285714285714,0,0,4,0.0,1.1666666666666667,38,48,0.0,0.0,0.01533624339116506,complete_windows,0,003_00,199,"[195, 196, 197, 198, 199]",206,0.9931640625,2034,2048,0.585347721063509,synthetic/pilot_v2_r1/train/003,11111,359013
0,"[12, 12, 11, 10, 10]",0.0,"[12, 12, 11, 10, 10]",1.0,0,0,10,106947,200,45,0.8181818181818182,0,0,4,0.0,1.1224489795918366,39,49,0.0,0.0,0.015162480965745396,complete_windows,0,003_00,200,"[196, 197, 198, 199, 200]",206,0.98779296875,2023,2048,0.5836041005533739,synthetic/pilot_v2_r1/train/003,11111,355369
0,"[12, 11, 10, 10, 12]",0.0,"[12, 11, 10, 10, 12]",1.0,0,0,12,106683,201,43,0.7818181818181819,0,0,4,0.0,1.1224489795918366,37,49,0.0,0.0,0.009516364513854538,complete_windows,0,003_00,201,"[197, 198, 199, 200, 201]",206,0.9892578125,2026,2048,0.601905147699086,synthetic/pilot_v2_r1/train/003,11111,356993
0,"[11, 10, 10, 12, 12]",0.0,"[11, 10, 10, 12, 12]",1.0,0,0,12,106292,202,43,0.7818181818181819,0,0,4,0.0,1.1702127659574468,35,47,0.0,0.0,0.012779698716970945,complete_windows,0,003_00,202,"[198, 199, 200, 201, 202]",206,0.990234375,2028,2048,0.5955420339586456,synthetic/pilot_v2_r1/train/003,11111,351869
0,"[10, 10, 12, 12, 10]",0.0,"[10, 10, 12, 12, 10]",1.0,0,0,10,105995,203,44,0.8148148148148148,0,0,4,0.0,1.0188679245283019,43,53,0.0,0.0,0.014689789411983414,complete_windows,0,003_00,203,"[199, 200, 201, 202, 203]",206,0.9892578125,2026,2048,0.5971349964881765,synthetic/pilot_v2_r1/train/003,11111,353670
0,"[10, 12, 12, 10, 11]",0.0,"[10, 12, 12, 10, 11]",1.0,0,0,11,106003,204,44,0.8,0,0,4,0.0,1.1458333333333333,37,48,0.0,0.0,0.01603111858470819,complete_windows,0,003_00,204,"[200, 201, 202, 203, 204]",206,0.986328125,2020,2048,0.6148883229855112,synthetic/pilot_v2_r1/train/003,11111,355071
0,"[12, 12, 10, 11, 12]",0.0,"[12, 12, 10, 11, 12]",1.0,0,0,12,105602,205,45,0.7894736842105263,0,0,4,0.0,1.14,38,50,0.0,0.0,0.021064922311676067,complete_windows,0,003_00,205,"[201, 202, 203, 204, 205]",206,0.986328125,2020,2048,0.6281087370443754,synthetic/pilot_v2_r1/train/003,11111,351891
0,"[12, 10, 11, 12, 10]",0.0,"[12, 10, 11, 12, 10]",1.0,0,0,10,105636,206,45,0.8181818181818182,0,0,4,0.0,1.1458333333333333,38,48,0.0,0.0,0.022483395893225955,complete_windows,0,003_00,206,"[202, 203, 204, 205, 206]",206,0.99169921875,2031,2048,0.6567695813176747,synthetic/pilot_v2_r1/train/003,11111,351151
0,"[10, 11, 12, 10, 9]",0.0,"[10, 11, 12, 10, 9]",1.0,0,0,9,105151,207,43,0.8269230769230769,0,0,4,0.0,1.2380952380952381,33,42,0.0,0.0,0.023950665662802875,complete_windows,0,003_00,207,"[203, 204, 205, 206, 207]",206,0.98779296875,2023,2048,0.6769944356345333,synthetic/pilot_v2_r1/train/003,11111,347250
0,"[11, 12, 10, 9, 10]",0.0,"[11, 12, 10, 9, 10]",1.0,0,0,10,104634,208,42,0.8076923076923077,0,0,4,0.0,1.2093023255813953,33,43,0.0,0.0,0.029153105995706616,complete_windows,0,003_00,208,"[204, 205, 206, 207, 208]",206,0.98828125,2024,2048,0.7089539319018389,synthetic/pilot_v2_r1/train/003,11111,343393
0,"[12, 10, 9, 10, 11]",0.0,"[12, 10, 9, 10, 11]",1.0,0,0,11,104256,209,41,0.7884615384615384,0,0,4,0.0,1.1818181818181819,33,44,0.0,0.0,0.033773747166794515,complete_windows,0,003_00,209,"[205, 206, 207, 208, 209]",206,0.99169921875,2031,2048,0.7309678067900954,synthetic/pilot_v2_r1/train/003,11111,339491
0,"[10, 9, 10, 11, 10]",0.0,"[10, 9, 10, 11, 10]",1.0,0,0,10,104128,210,40,0.8,0,0,4,0.0,1.1627906976744187,33,43,0.0,0.0,0.03423503385501134,complete_windows,0,003_00,210,"[206, 207, 208, 209, 210]",206,0.98974609375,2027,2048,0.7414598891834032,synthetic/pilot_v2_r1/train/003,11111,337774
0,"[9, 10, 11, 10, 7]",0.0,"[9, 10, 11, 10, 7]",1.0,0,0,7,103715,211,40,0.851063829787234,0,0,4,0.0,1.236842105263158,31,38,0.0,0.0,0.03222473618254729,complete_windows,0,003_00,211,"[207, 208, 209, 210, 211]",206,0.9892578125,2026,2048,0.7601726799827874,synthetic/pilot_v2_r1/train/003,11111,343317
0,"[10, 11, 10, 7, 8]",0.0,"[10, 11, 10, 7, 8]",1.0,0,1,8,103323,212,38,0.8260869565217391,1,1,4,0.0,1.15,32,40,0.125,0.125,0.030740286992438547,complete_windows,0,003_00,212,"[208, 209, 210, 211, 212]",206,0.9921875,2032,2048,0.797918506475757,synthetic/pilot_v2_r1/train/003,11111,341384
0,"[11, 10, 7, 8, 8]",0.0,"[11, 10, 7, 8, 8]",1.0,0,0,8,102602,213,36,0.8181818181818182,0,0,4,0.0,1.0232558139534884,35,43,0.0,0.0,0.03238683620816942,complete_windows,0,003_00,213,"[209, 210, 211, 212, 213]",206,0.9892578125,2026,2048,0.8272746988469634,synthetic/pilot_v2_r1/train/003,11111,333284
0,"[10, 7, 8, 8, 9]",0.0,"[10, 7, 8, 8, 9]",1.0,0,0,9,102233,214,33,0.7857142857142857,0,0,4,0.0,1.05,31,40,0.0,0.0,0.03296461841836975,complete_windows,0,003_00,214,"[210, 211, 212, 213, 214]",206,0.9892578125,2026,2048,0.8527311469250569,synthetic/pilot_v2_r1/train/003,11111,326088
0,"[7, 8, 8, 9, 9]",0.0,"[7, 8, 8, 9, 9]",1.0,0,0,9,101456,215,32,0.7804878048780488,0,0,4,0.0,1.0,32,41,0.0,0.0,0.032009610178446,complete_windows,0,003_00,215,"[211, 212, 213, 214, 215]",206,0.9873046875,2022,2048,0.8874944739282555,synthetic/pilot_v2_r1/train/003,11111,321443
0,"[8, 8, 9, 9, 8]",0.0006235198234207928,"[8, 8, 9, 9, 8]",1.0,0,0,8,100537,216,34,0.8095238095238095,0,0,4,0.0,1.135135135135135,29,37,0.0,0.0,0.032374483598082496,complete_windows,0,003_00,216,"[212, 213, 214, 215, 216]",206,0.9931640625,2034,2048,0.8957130206084559,synthetic/pilot_v2_r1/train/003,11111,318586
0,"[8, 9, 9, 8, 8]",0.00548808416351676,"[8, 9, 9, 8, 8]",1.0,0,0,8,99419,217,34,0.8095238095238095,0,0,4,0.0,1.2727272727272727,25,33,0.0,0.0,0.03164409812188922,complete_windows,0,003_00,217,"[213, 214, 215, 216, 217]",206,0.98291015625,2013,2048,0.9190842825324014,synthetic/pilot_v2_r1/train/003,11111,321987
0,"[9, 9, 8, 8, 5]",0.0,"[9, 9, 8, 8, 5]",1.0,0,0,5,98151,218,34,0.8717948717948718,0,0,4,0.0,1.1818181818181819,28,33,0.0,0.0,0.03194822255156579,complete_windows,0,003_00,218,"[214, 215, 216, 217, 218]",206,0.98486328125,2017,2048,0.9337030429833832,synthetic/pilot_v2_r1/train/003,11111,324101
0,"[9, 8, 8, 5, 8]",0.0,"[9, 8, 8, 5, 8]",1.0,0,0,8,96855,219,30,0.7894736842105263,0,0,4,0.0,1.3103448275862069,21,29,0.0,0.0,0.03278888211974575,complete_windows,0,003_00,219,"[215, 216, 217, 218, 219]",206,0.99072265625,2029,2048,0.9712269454114666,synthetic/pilot_v2_r1/train/003,11111,320785
0,"[8, 8, 5, 8, 6]",0.011084411293268204,"[8, 8, 5, 8, 6]",1.0,0,0,6,95601,220,29,0.8285714285714286,0,0,4,0.0,1.4583333333333333,18,24,0.0,0.0,0.03336899025810447,complete_windows,0,003_00,220,"[216, 217, 218, 219, 220]",206,0.99462890625,2037,2048,0.9972853531691303,synthetic/pilot_v2_r1/train/003,11111,314774
0,"[8, 5, 8, 6, 6]",0.008267979137599468,"[8, 5, 8, 6, 6]",1.0,0,0,6,94260,221,27,0.8181818181818182,0,0,4,0.0,1.2692307692307692,20,26,0.0,0.0,0.03189998018966394,complete_windows,0,003_00,221,"[217, 218, 219, 220, 221]",206,0.9921875,2032,2048,1.0277707398295697,synthetic/pilot_v2_r1/train/003,11111,302257
0,"[5, 8, 6, 6, 5]",0.014126305468380451,"[5, 8, 6, 6, 5]",1.0,0,0,5,92256,222,25,0.8333333333333334,0,0,4,0.0,2.0,10,15,0.0,0.0,0.028432596140170734,complete_windows,0,003_00,222,"[218, 219, 220, 221, 222]",206,0.99365234375,2035,2048,1.0569604011360527,synthetic/pilot_v2_r1/train/003,11111,298223
0,"[8, 6, 6, 5, 6]",0.007731392979621887,"[8, 6, 6, 5, 6]",1.0,0,0,6,90354,223,25,0.8064516129032258,0,0,4,0.0,1.55,14,20,0.0,0.0,0.02872195249819482,complete_windows,0,003_00,223,"[219, 220, 221, 222, 223]",206,0.98779296875,2023,2048,1.0876163127896747,synthetic/pilot_v2_r1/train/003,11111,291269
0,"[6, 6, 5, 6, 7]",0.0,"[6, 6, 5, 6, 7]",1.0,0,0,7,87946,224,23,0.7666666666666667,0,0,4,0.0,1.3043478260869565,16,23,0.0,0.0,0.02958333197584879,complete_windows,0,003_00,224,"[220, 221, 222, 223, 224]",206,0.9892578125,2026,2048,1.1184614730928182,synthetic/pilot_v2_r1/train/003,11111,281514
0,"[6, 5, 6, 7, 7]",0.0,"[6, 5, 6, 7, 7]",1.0,0,0,7,85146,225,24,0.7741935483870968,0,0,4,0.0,1.1481481481481481,20,27,0.0,0.0,0.029144908337712792,complete_windows,0,003_00,225,"[221, 222, 223, 224, 225]",206,0.9951171875,2038,2048,1.1362439840890755,synthetic/pilot_v2_r1/train/003,11111,276204
0,"[5, 6, 7, 7, 7]",0.0,"[5, 6, 7, 7, 7]",1.0,0,0,7,82764,226,25,0.78125,0,0,4,0.0,1.3333333333333333,17,24,0.0,0.0,0.028279204541867487,complete_windows,0,003_00,226,"[222, 223, 224, 225, 226]",206,0.98876953125,2025,2048,1.1941795403093782,synthetic/pilot_v2_r1/train/003,11111,264326
0,"[6, 7, 7, 7, 7]",0.0,"[6, 7, 7, 7, 7]",1.0,0,0,7,80425,227,27,0.7941176470588235,0,0,4,0.0,1.2142857142857142,21,28,0.0,0.0,0.0279233874817287,complete_windows,0,003_00,227,"[223, 224, 225, 226, 227]",206,0.98876953125,2025,2048,1.1790023858040255,synthetic/pilot_v2_r1/train/003,11111,263499
0,"[7, 7, 7, 7, 6]",0.0,"[7, 7, 7, 7, 6]",1.0,0,0,6,78339,228,28,0.8235294117647058,0,0,4,0.0,1.1724137931034482,23,29,0.0,0.0,0.03036200517270331,complete_windows,0,003_00,228,"[224, 225, 226, 227, 228]",206,0.990234375,2028,2048,1.2058180424836458,synthetic/pilot_v2_r1/train/003,11111,259303
0,"[7, 7, 7, 6, 6]",0.0022206096909940243,"[7, 7, 7, 6, 6]",1.0,0,0,6,76878,229,27,0.8181818181818182,0,0,4,0.0,1.1379310344827587,23,29,0.0,0.0,0.031214493774896206,complete_windows,0,003_00,229,"[225, 226, 227, 228, 229]",206,0.98291015625,2013,2048,1.2416134735190951,synthetic/pilot_v2_r1/train/003,11111,246580
0,"[7, 7, 6, 6, 6]",0.001774098607711494,"[7, 7, 6, 6, 6]",1.0,0,0,6,75711,230,26,0.8125,0,0,4,0.0,1.4545454545454546,16,22,0.0,0.0,0.029582467081663382,complete_windows,0,003_00,230,"[226, 227, 228, 229, 230]",206,0.98583984375,2019,2048,1.239079011216906,synthetic/pilot_v2_r1/train/003,11111,246859
0,"[7, 6, 6, 6, 5]",0.0,"[7, 6, 6, 6, 5]",1.0,0,0,5,74837,231,25,0.8333333333333334,0,0,4,0.0,1.2,20,25,0.0,0.0,0.028097792005237023,complete_windows,0,003_00,231,"[227, 228, 229, 230, 231]",206,0.98046875,2008,2048,1.2907929615341651,synthetic/pilot_v2_r1/train/003,11111,236129
0,"[6, 6, 6, 5, 5]",0.0,"[6, 6, 6, 5, 5]",1.0,0,0,5,74515,232,23,0.8214285714285714,0,0,4,0.0,1.12,20,25,0.0,0.0,0.027294873333721936,complete_windows,0,003_00,232,"[228, 229, 230, 231, 232]",206,0.97998046875,2007,2048,1.3104109985028336,synthetic/pilot_v2_r1/train/003,11111,231506
0,"[6, 6, 5, 5, 6]",0.0,"[6, 6, 5, 5, 6]",1.0,0,1,6,74561,233,22,0.7857142857142857,1,1,4,0.0,1.12,19,25,0.16666666666666666,0.16666666666666666,0.02615807991314817,complete_windows,0,003_00,233,"[229, 230, 231, 232, 233]",206,0.9814453125,2010,2048,1.322782059701654,synthetic/pilot_v2_r1/train/003,11111,225849
0,"[6, 5, 5, 6, 5]",0.0,"[6, 5, 5, 6, 5]",1.0,0,0,5,74615,234,22,0.8148148148148148,0,0,4,0.0,1.08,20,25,0.0,0.0,0.023422025751969056,complete_windows,0,003_00,234,"[230, 231, 232, 233, 234]",206,0.9794921875,2006,2048,1.3324372254598655,synthetic/pilot_v2_r1/train/003,11111,223291
0,"[5, 5, 6, 5, 5]",0.0,"[5, 5, 6, 5, 5]",1.0,0,0,5,75082,235,21,0.8076923076923077,0,0,4,0.0,1.1818181818181819,17,22,0.0,0.0,0.024718892499396024,complete_windows,0,003_00,235,"[231, 232, 233, 234, 235]",206,0.97216796875,1991,2048,1.3383262790864388,synthetic/pilot_v2_r1/train/003,11111,221267
0,"[5, 6, 5, 5, 6]",0.0,"[5, 6, 5, 5, 6]",1.0,0,0,6,75808,236,21,0.7777777777777778,0,0,4,0.0,1.0,21,27,0.0,0.0,0.025361192733457938,complete_windows,0,003_00,236,"[232, 233, 234, 235, 236]",206,0.98388671875,2015,2048,1.3299414908374343,synthetic/pilot_v2_r1/train/003,11111,223204
0,"[6, 5, 5, 6, 5]",0.0,"[6, 5, 5, 6, 5]",1.0,0,0,5,76214,237,22,0.8148148148148148,0,0,4,0.0,1.0384615384615385,21,26,0.0,0.0,0.02033683204428852,complete_windows,0,003_00,237,"[233, 234, 235, 236, 237]",206,0.978515625,2004,2048,1.349672262216748,synthetic/pilot_v2_r1/train/003,11111,225147
0,"[5, 5, 6, 5, 3]",0.0,"[5, 5, 6, 5, 3]",1.0,0,0,3,76824,238,21,0.875,0,0,4,0.0,1.0434782608695652,20,23,0.0,0.0,0.018664418901075102,complete_windows,0,003_00,238,"[234, 235, 236, 237, 238]",206,0.9775390625,2002,2048,1.3807848286003848,synthetic/pilot_v2_r1/train/003,11111,221044
0,"[5, 6, 5, 3, 5]",0.0,"[5, 6, 5, 3, 5]",1.0,0,0,5,77334,239,19,0.7916666666666666,0,0,4,0.0,1.0,19,24,0.0,0.0,0.018386079872154463,complete_windows,0,003_00,239,"[235, 236, 237, 238, 239]",206,0.98974609375,2027,2048,1.3830507686026583,synthetic/pilot_v2_r1/train/003,11111,215352
0,"[6, 5, 3, 5, 4]",0.0,"[6, 5, 3, 5, 4]",1.0,0,0,4,77752,240,19,0.8260869565217391,0,0,4,0.0,1.0952380952380953,17,21,0.0,0.0,0.01880181637481512,complete_windows,0,003_00,240,"[236, 237, 238, 239, 240]",206,0.98779296875,2023,2048,1.4164991031913532,synthetic/pilot_v2_r1/train/003,11111,221383
0,"[5, 3, 5, 4, 5]",0.0,"[5, 3, 5, 4, 5]",1.0,0,0,5,77942,241,17,0.7727272727272727,0,0,4,0.0,1.0476190476190477,16,21,0.0,0.0,0.01703458614452876,complete_windows,0,003_00,241,"[237, 238, 239, 240, 241]",206,0.99365234375,2035,2048,1.421894663477245,synthetic/pilot_v2_r1/train/003,11111,219902
0,"[3, 5, 4, 5, 4]",0.0,"[3, 5, 4, 5, 4]",1.0,0,0,4,77976,242,17,0.8095238095238095,0,0,4,0.0,1.05,16,20,0.0,0.0,0.013717097872851126,complete_windows,0,003_00,242,"[238, 239, 240, 241, 242]",206,0.9951171875,2038,2048,1.4179048933438385,synthetic/pilot_v2_r1/train/003,11111,222098
0,"[5, 4, 5, 4, 3]",0.0,"[5, 4, 5, 4, 3]",1.0,0,0,3,77818,243,18,0.8571428571428571,0,0,4,0.0,1.0,18,21,0.0,0.0,0.012266424761371412,complete_windows,0,003_00,243,"[239, 240, 241, 242, 243]",206,0.994140625,2036,2048,1.4486056104797032,synthetic/pilot_v2_r1/train/003,11111,220371
0,"[4, 5, 4, 3, 5]",0.0,"[4, 5, 4, 3, 5]",1.0,0,0,5,77464,244,16,0.7619047619047619,0,0,4,0.0,1.105263157894737,14,19,0.0,0.0,0.014649490339272674,complete_windows,0,003_00,244,"[240, 241, 242, 243, 244]",206,0.99365234375,2035,2048,1.4648074914620663,synthetic/pilot_v2_r1/train/003,11111,217374
0,"[5, 4, 3, 5, 4]",0.006907436531037092,"[5, 4, 3, 5, 4]",1.0,0,0,4,76744,245,17,0.8095238095238095,0,0,4,0.0,1.105263157894737,15,19,0.0,0.0,0.018513531736609346,complete_windows,0,003_00,245,"[241, 242, 243, 244, 245]",206,0.99462890625,2037,2048,1.4736096902350935,synthetic/pilot_v2_r1/train/003,11111,214359
0,"[4, 3, 5, 4, 5]",0.0,"[4, 3, 5, 4, 5]",1.0,0,0,5,75949,246,16,0.7619047619047619,0,0,4,0.0,1.2352941176470589,12,17,0.0,0.0,0.018287128666108,complete_windows,0,003_00,246,"[242, 243, 244, 245, 246]",206,0.99365234375,2035,2048,1.4878670848075208,synthetic/pilot_v2_r1/train/003,11111,210794
0,"[3, 5, 4, 5, 4]",0.0,"[3, 5, 4, 5, 4]",1.0,0,0,4,75137,247,17,0.8095238095238095,0,0,4,0.0,1.2352941176470589,13,17,0.0,0.0,0.018007250365973802,complete_windows,0,003_00,247,"[243, 244, 245, 246, 247]",206,0.98974609375,2027,2048,1.4809958929274267,synthetic/pilot_v2_r1/train/003,11111,207142
0,"[5, 4, 5, 4, 4]",0.0,"[5, 4, 5, 4, 4]",1.0,0,0,4,74363,248,18,0.8181818181818182,0,0,4,0.0,1.1,16,20,0.0,0.0,0.010856401974892911,complete_windows,0,003_00,248,"[244, 245, 246, 247, 248]",206,0.99365234375,2035,2048,1.4657880790755298,synthetic/pilot_v2_r1/train/003,11111,206383
0,"[4, 5, 4, 4, 4]",0.0,"[4, 5, 4, 4, 4]",1.0,0,0,4,73054,249,17,0.8095238095238095,0,0,4,0.0,1.105263157894737,15,19,0.0,0.0,0.00784344596077318,complete_windows,0,003_00,249,"[245, 246, 247, 248, 249]",206,0.98681640625,2021,2048,1.4472595134001862,synthetic/pilot_v2_r1/train/003,11111,207795
0,"[5, 4, 4, 4, 4]",0.0,"[5, 4, 4, 4, 4]",1.0,0,0,4,72159,250,17,0.8095238095238095,0,0,4,0.0,1.05,16,20,0.0,0.0,0.008258634847043958,complete_windows,0,003_00,250,"[246, 247, 248, 249, 250]",206,0.9873046875,2022,2048,1.4299383004757582,synthetic/pilot_v2_r1/train/003,11111,205306
0,"[4, 4, 4, 4, 4]",0.0,"[4, 4, 4, 4, 4]",1.0,0,0,4,71267,251,16,0.8,0,0,4,0.0,1.0,16,20,0.0,0.0,0.009457181945960853,complete_windows,0,003_00,251,"[247, 248, 249, 250, 251]",206,0.98876953125,2025,2048,1.4241496289854907,synthetic/pilot_v2_r1/train/003,11111,210656
0,"[4, 4, 4, 4, 4]",0.0,"[4, 4, 4, 4, 4]",1.0,0,0,4,70802,252,16,0.8,0,0,4,0.0,1.0,16,20,0.0,0.0,0.009995956250386007,complete_windows,0,003_00,252,"[248, 249, 250, 251, 252]",206,0.99169921875,2031,2048,1.3925292747239473,synthetic/pilot_v2_r1/train/003,11111,213406
0,"[4, 4, 4, 4, 3]",0.0,"[4, 4, 4, 4, 3]",1.0,0,0,3,70102,253,16,0.8421052631578947,0,0,4,0.0,1.0,16,19,0.0,0.0,0.012440726092116595,complete_windows,0,003_00,253,"[249, 250, 251, 252, 253]",206,0.98779296875,2023,2048,1.3949248595963613,synthetic/pilot_v2_r1/train/003,11111,213913
0,"[4, 4, 4, 3, 3]",0.0,"[4, 4, 4, 3, 3]",1.0,0,0,3,69845,254,15,0.8333333333333334,0,0,4,0.0,1.0,15,18,0.0,0.0,0.012869359086422482,complete_windows,0,003_00,254,"[250, 251, 252, 253, 254]",206,0.98583984375,2019,2048,1.395690712588772,synthetic/pilot_v2_r1/train/003,11111,211695
0,"[4, 4, 3, 3, 3]",0.0,"[4, 4, 3, 3, 3]",1.0,0,0,3,69980,255,14,0.8235294117647058,0,0,4,0.0,1.0,14,17,0.0,0.0,0.011757316145997489,complete_windows,0,003_00,255,"[251, 252, 253, 254, 255]",206,0.98779296875,2023,2048,1.3703920802222453,synthetic/pilot_v2_r1/train/003,11111,208036
0,"[4, 3, 3, 3, 4]",0.0,"[4, 3, 3, 3, 4]",1.0,0,0,4,70656,256,13,0.7647058823529411,0,0,4,0.0,1.0,13,17,0.0,0.0,0.012452069418464568,complete_windows,0,003_00,256,"[252, 253, 254, 255, 256]",206,0.98291015625,2013,2048,1.3774523439430366,synthetic/pilot_v2_r1/train/003,11111,212237
0,"[3, 3, 3, 4, 4]",0.0,"[3, 3, 3, 4, 4]",1.0,0,0,4,71460,257,13,0.7647058823529411,0,0,4,0.0,1.0,13,17,0.0,0.0,0.01798301668147419,complete_windows,0,003_00,257,"[253, 254, 255, 256, 257]",206,0.98095703125,2009,2048,1.3658042974089992,synthetic/pilot_v2_r1/train/003,11111,210842
0,"[3, 3, 4, 4, 3]",0.0,"[3, 3, 4, 4, 3]",1.0,0,0,3,72748,258,14,0.8235294117647058,0,0,4,0.0,1.0,14,17,0.0,0.0,0.018973510205812748,complete_windows,0,003_00,258,"[254, 255, 256, 257, 258]",206,0.9755859375,1998,2048,1.3341328973622266,synthetic/pilot_v2_r1/train/003,11111,215314
0,"[3, 4, 4, 3, 2]",0.0,"[3, 4, 4, 3, 2]",1.0,0,0,2,74489,259,14,0.875,0,0,4,0.0,1.0,14,16,0.0,0.0,0.01779313172813013,complete_windows,0,003_00,259,"[255, 256, 257, 258, 259]",206,0.98046875,2008,2048,1.3427393592724137,synthetic/pilot_v2_r1/train/003,11111,218563
0,"[4, 4, 3, 2, 2]",0.0,"[4, 4, 3, 2, 2]",1.0,0,0,2,76246,260,13,0.8666666666666667,0,0,4,0.0,1.0,13,15,0.0,0.0,0.017022266636128897,complete_windows,0,003_00,260,"[256, 257, 258, 259, 260]",206,0.97705078125,2001,2048,1.3288470915664221,synthetic/pilot_v2_r1/train/003,11111,224778
0,"[4, 3, 2, 2, 3]",0.0,"[4, 3, 2, 2, 3]",1.0,0,0,3,78285,261,11,0.7857142857142857,0,0,4,0.0,1.0,11,14,0.0,0.0,0.017473427658448414,complete_windows,0,003_00,261,"[257, 258, 259, 260, 261]",206,0.978515625,2004,2048,1.3110111775722821,synthetic/pilot_v2_r1/train/003,11111,231492
0,"[3, 2, 2, 3, 3]",0.0,"[3, 2, 2, 3, 3]",1.0,0,0,3,80986,262,10,0.7692307692307693,0,0,4,0.0,1.0,10,13,0.0,0.0,0.018548371891233154,complete_windows,0,003_00,262,"[258, 259, 260, 261, 262]",206,0.97412109375,1995,2048,1.3265892396962013,synthetic/pilot_v2_r1/train/003,11111,242404
0,"[2, 2, 3, 3, 4]",0.0,"[2, 2, 3, 3, 4]",1.0,0,0,4,84018,263,10,0.7142857142857143,0,0,4,0.0,1.0,10,14,0.0,0.0,0.01912823734168658,complete_windows,0,003_00,263,"[259, 260, 261, 262, 263]",206,0.97216796875,1991,2048,1.3056465218853677,synthetic/pilot_v2_r1/train/003,11111,250590
0,"[2, 3, 3, 4, 3]",0.0,"[2, 3, 3, 4, 3]",1.0,0,0,3,87206,264,12,0.8,0,0,4,0.0,1.0,12,15,0.0,0.0,0.019853309279094872,complete_windows,0,003_00,264,"[260, 261, 262, 263, 264]",206,0.9716796875,1990,2048,1.300230569384096,synthetic/pilot_v2_r1/train/003,11111,261508
0,"[3, 3, 4, 3, 1]",0.0,"[3, 3, 4, 3, 1]",1.0,0,0,1,90463,265,13,0.9285714285714286,0,0,4,0.0,1.0,13,14,0.0,0.0,0.02138235925108123,complete_windows,0,003_00,265,"[261, 262, 263, 264, 265]",206,0.9619140625,1970,2048,1.2945402055530026,synthetic/pilot_v2_r1/train/003,11111,277051
0,"[3, 4, 3, 1, 2]",0.0,"[3, 4, 3, 1, 2]",1.0,0,0,2,93728,266,11,0.8461538461538461,0,0,4,0.0,1.0833333333333333,10,12,0.0,0.0,0.025454295602437064,complete_windows,0,003_00,266,"[262, 263, 264, 265, 266]",206,0.96533203125,1977,2048,1.2761472053040466,synthetic/pilot_v2_r1/train/003,11111,288259
0,"[4, 3, 1, 2, 3]",0.0,"[4, 3, 1, 2, 3]",1.0,0,0,3,96470,267,10,0.7692307692307693,0,0,4,0.0,1.0,10,13,0.0,0.0,0.027552464685566526,complete_windows,0,003_00,267,"[263, 264, 265, 266, 267]",206,0.97265625,1992,2048,1.268828511214552,synthetic/pilot_v2_r1/train/003,11111,301641
0,"[3, 1, 2, 3, 3]",0.0,"[3, 1, 2, 3, 3]",1.0,0,0,3,98452,268,9,0.75,0,0,4,0.0,1.0,9,12,0.0,0.0,0.026565350294847405,complete_windows,0,003_00,268,"[264, 265, 266, 267, 268]",206,0.97705078125,2001,2048,1.280176779204354,synthetic/pilot_v2_r1/train/003,11111,314785
0,"[1, 2, 3, 3, 2]",0.0,"[1, 2, 3, 3, 2]",1.0,0,0,2,100155,269,9,0.8181818181818182,0,0,4,0.0,1.0,9,11,0.0,0.0,0.02283001706221776,complete_windows,0,003_00,269,"[265, 266, 267, 268, 269]",206,0.9775390625,2002,2048,1.28323426734032,synthetic/pilot_v2_r1/train/003,11111,326185
0,"[2, 3, 3, 2, 3]",0.0,"[2, 3, 3, 2, 3]",1.0,0,0,3,101449,270,10,0.7692307692307693,0,0,4,0.0,1.1818181818181819,8,11,0.0,0.0,0.02182035358366655,complete_windows,0,003_00,270,"[266, 267, 268, 269, 270]",206,0.98095703125,2009,2048,1.2774865898612005,synthetic/pilot_v2_r1/train/003,11111,330232
0,"[3, 3, 2, 3, 2]",0.0,"[3, 3, 2, 3, 2]",1.0,0,0,2,102613,271,11,0.8461538461538461,0,0,4,0.0,1.0,11,13,0.0,0.0,0.021160777105034792,complete_windows,0,003_00,271,"[267, 268, 269, 270, 271]",206,0.9736328125,1994,2048,1.2635781587029695,synthetic/pilot_v2_r1/train/003,11111,335979
0,"[3, 2, 3, 2, 3]",0.0,"[3, 2, 3, 2, 3]",1.0,0,0,3,103298,272,10,0.7692307692307693,0,0,4,0.0,1.0833333333333333,9,12,0.0,0.0,0.021711928352359418,complete_windows,0,003_00,272,"[268, 269, 270, 271, 272]",206,0.9814453125,2010,2048,1.2562301235786275,synthetic/pilot_v2_r1/train/003,11111,341053
0,"[2, 3, 2, 3, 4]",0.0,"[2, 3, 2, 3, 4]",1.0,0,0,4,103768,273,10,0.7142857142857143,0,0,4,0.0,1.0769230769230769,9,13,0.0,0.0,0.024251900042206644,complete_windows,0,003_00,273,"[269, 270, 271, 272, 273]",206,0.984375,2016,2048,1.233206420724831,synthetic/pilot_v2_r1/train/003,11111,344870
0,"[3, 2, 3, 4, 2]",0.0,"[3, 2, 3, 4, 2]",1.0,0,0,2,104166,274,12,0.8571428571428571,0,0,4,0.0,1.0,12,14,0.0,0.0,0.021109234548532464,complete_windows,0,003_00,274,"[270, 271, 272, 273, 274]",206,0.99169921875,2031,2048,1.2473315653418673,synthetic/pilot_v2_r1/train/003,11111,343486
0,"[2, 3, 4, 2, 1]",0.0,"[2, 3, 4, 2, 1]",1.0,0,0,1,104285,275,11,0.9166666666666666,0,0,4,0.0,1.0,11,12,0.0,0.0,0.018385793314961235,complete_windows,0,003_00,275,"[271, 272, 273, 274, 275]",206,0.982421875,2012,2048,1.2604461503095445,synthetic/pilot_v2_r1/train/003,11111,347028
0,"[3, 4, 2, 1, 1]",0.0,"[3, 4, 2, 1, 1]",1.0,0,0,1,104365,276,10,0.9090909090909091,0,0,4,0.0,1.0,10,11,0.0,0.0,0.017909870083462436,complete_windows,0,003_00,276,"[272, 273, 274, 275, 276]",206,0.98681640625,2021,2048,1.24214347972825,synthetic/pilot_v2_r1/train/003,11111,346410
0,"[4, 2, 1, 1, 0]",,"[4, 2, 1, 1, 0]",,0,0,0,104538,277,8,1.0,0,0,4,,1.0,8,8,,,0.0192066003760577,complete_windows,0,003_00,277,"[273, 274, 275, 276, 277]",206,0.98291015625,2013,2048,1.24197419955604,synthetic/pilot_v2_r1/train/003,11110,344720
0,"[2, 1, 1, 0, 0]",,"[2, 1, 1, 0, 0]",,0,0,0,104488,278,4,1.0,0,0,3,,1.0,4,4,,,0.016821278892655743,complete_windows,0,003_00,278,"[274, 275, 276, 277, 278]",206,0.9921875,2032,2048,1.2085224868994846,synthetic/pilot_v2_r1/train/003,11100,345631
0,"[1, 1, 0, 0, 0]",,"[1, 1, 0, 0, 0]",,0,0,0,104394,279,2,1.0,0,0,2,,1.0,2,2,,,0.01353700737075183,complete_windows,0,003_00,279,"[275, 276, 277, 278, 279]",206,0.99072265625,2029,2048,1.194927754177542,synthetic/pilot_v2_r1/train/003,11000,347743
0,"[1, 0, 0, 0, 0]",,"[1, 0, 0, 0, 0]",,0,0,0,104417,280,1,1.0,0,0,1,,1.0,1,1,,,0.011894120277803162,complete_windows,0,003_00,280,"[276, 277, 278, 279, 280]",206,0.986328125,2020,2048,1.1751544203392066,synthetic/pilot_v2_r1/train/003,10000,346109
1,"[0, 0, 0, 0, 0]",,"[0, 0, 0, 0, 0]",,0,0,0,104297,281,0,,0,0,0,,,0,0,,,0.009962516932343455,complete_windows,0,003_00,281,"[277, 278, 279, 280, 281]",206,0.98974609375,2027,2048,1.1626955315198444,synthetic/pilot_v2_r1/train/003,00000,343277
1,"[0, 0, 0, 0, 0]",,"[0, 0, 0, 0, 0]",,0,0,0,104183,282,0,,0,0,0,,,0,0,,,0.008927196779934279,complete_windows,0,003_00,282,"[278, 279, 280, 281, 282]",206,0.9921875,2032,2048,1.1488635573823232,synthetic/pilot_v2_r1/train/003,00000,343139
1,"[0, 0, 0, 0, 0]",,"[0, 0, 0, 0, 0]",,0,0,0,104049,283,0,,0,0,0,,,0,0,,,0.010600304406704356,complete_windows,0,003_00,283,"[279, 280, 281, 282, 283]",206,0.9912109375,2030,2048,1.127055390539591,synthetic/pilot_v2_r1/train/003,00000,342881
1,"[0, 0, 0, 0, 0]",,"[0, 0, 0, 0, 0]",,0,0,0,104221,284,0,,0,0,0,,,0,0,,,0.01359819565085903,complete_windows,0,003_00,284,"[280, 281, 282, 283, 284]",206,0.98583984375,2019,2048,1.0988197698373592,synthetic/pilot_v2_r1/train/003,00000,341704
1,"[0, 0, 0, 0, 0]",,"[0, 0, 0, 0, 0]",,0,0,0,104265,285,0,,0,0,0,,,0,0,,,0.016918986898154086,complete_windows,0,003_00,285,"[281, 282, 283, 284, 285]",206,0.986328125,2020,2048,1.0686002120979097,synthetic/pilot_v2_r1/train/003,00000,340874
1,"[0, 0, 0, 0, 0]",,"[0, 0, 0, 0, 0]",,0,0,0,104158,286,0,,0,0,0,,,0,0,,,0.01955881603532564,complete_windows,0,003_00,286,"[282, 283, 284, 285, 286]",206,0.99365234375,2035,2048,1.0336724187766753,synthetic/pilot_v2_r1/train/003,00000,336112
1,"[0, 0, 0, 0, 0]",,"[0, 0, 0, 0, 0]",,0,0,0,104307,287,0,,0,0,0,,,0,0,,,0.02180284005963421,complete_windows,0,003_00,287,"[283, 284, 285, 286, 287]",206,0.99267578125,2033,2048,0.999336365002124,synthetic/pilot_v2_r1/train/003,00000,335367
1,"[0, 0, 0, 0, 0]",,"[0, 0, 0, 0, 0]",,0,0,0,104200,288,0,,0,0,0,,,0,0,,,0.02373096654611917,complete_windows,0,003_00,288,"[284, 285, 286, 287, 288]",206,0.998046875,2044,2048,0.9807688723826598,synthetic/pilot_v2_r1/train/003,00000,334315
1,"[0, 0, 0, 0, 0]",,"[0, 0, 0, 0, 0]",,0,0,0,104252,289,0,,0,0,0,,,0,0,,,0.02491916634301199,complete_windows,0,003_00,289,"[285, 286, 287, 288, 289]",206,0.98779296875,2023,2048,0.9424493958916785,synthetic/pilot_v2_r1/train/003,00000,339960
1,"[0, 0, 0, 0, 0]",,"[0, 0, 0, 0, 0]",,0,0,0,104241,290,0,,0,0,0,,,0,0,,,0.024687574788490305,complete_windows,0,003_00,290,"[286, 287, 288, 289, 290]",206,0.98583984375,2019,2048,0.9171947573404686,synthetic/pilot_v2_r1/train/003,00000,342181
1,"[0, 0, 0, 0, 0]",,"[0, 0, 0, 0, 0]",,0,0,0,104204,291,0,,0,0,0,,,0,0,,,0.024339178420553075,complete_windows,0,003_00,291,"[287, 288, 289, 290, 291]",206,0.9912109375,2030,2048,0.8801476015759201,synthetic/pilot_v2_r1/train/003,00000,343451
1,"[0, 0, 0, 0, 0]",,"[0, 0, 0, 0, 0]",,0,0,0,104236,292,0,,0,0,0,,,0,0,,,0.022736923128378512,complete_windows,0,003_00,292,"[288, 289, 290, 291, 292]",206,0.98388671875,2015,2048,0.8265312642680668,synthetic/pilot_v2_r1/train/003,00000,339781
1,"[0, 0, 0, 0, 0]",,"[0, 0, 0, 0, 0]",,0,0,0,104118,293,0,,0,0,0,,,0,0,,,0.019873676365415278,complete_windows,0,003_00,293,"[289, 290, 291, 292, 293]",206,0.98095703125,2009,2048,0.8051253105379336,synthetic/pilot_v2_r1/train/003,00000,337547
1,"[0, 0, 0, 0, 0]",,"[0, 0, 0, 0, 0]",,0,0,0,104366,294,0,,0,0,0,,,0,0,,,0.0182747246034355,complete_windows,0,003_00,294,"[290, 291, 292, 293, 294]",206,0.9873046875,2022,2048,0.7609103347981339,synthetic/pilot_v2_r1/train/003,00000,334777
1,"[0, 0, 0, 0, 0]",,"[0, 0, 0, 0, 0]",,0,0,0,104267,295,0,,0,0,0,,,0,0,,,0.01588019174895897,complete_windows,0,003_00,295,"[291, 292, 293, 294, 295]",206,0.994140625,2036,2048,0.7129361424513928,synthetic/pilot_v2_r1/train/003,00000,330540
1,"[0, 0, 0, 0, 0]",,"[0, 0, 0, 0, 0]",,0,0,0,104490,296,0,,0,0,0,,,0,0,,,0.014395725926220937,complete_windows,0,003_00,296,"[292, 293, 294, 295, 296]",206,0.99560546875,2039,2048,0.6831347526263487,synthetic/pilot_v2_r1/train/003,00000,329413
1,"[0, 0, 0, 0, 0]",,"[0, 0, 0, 0, 0]",,0,0,0,104354,297,0,,0,0,0,,,0,0,,,0.012822554626463057,complete_windows,0,003_00,297,"[293, 294, 295, 296, 297]",206,0.99072265625,2029,2048,0.6413807056821162,synthetic/pilot_v2_r1/train/003,00000,329643
1,"[0, 0, 0, 0, 0]",,"[0, 0, 0, 0, 0]",,0,0,0,104340,298,0,,0,0,0,,,0,0,,,0.013131787400246744,complete_windows,0,003_00,298,"[294, 295, 296, 297, 298]",206,0.9892578125,2026,2048,0.6319067198959666,synthetic/pilot_v2_r1/train/003,00000,333375
1,"[0, 0, 0, 0, 0]",,"[0, 0, 0, 0, 0]",,0,0,0,104473,299,0,,0,0,0,,,0,0,,,0.014363778309355896,complete_windows,0,003_00,299,"[295, 296, 297, 298, 299]",206,0.98974609375,2027,2048,0.6136162703561036,synthetic/pilot_v2_r1/train/003,00000,334521
1,"[0, 0, 0, 0, 0]",,"[0, 0, 0, 0, 0]",,0,0,0,104597,300,0,,0,0,0,,,0,0,,,0.013649882815289482,complete_windows,0,003_00,300,"[296, 297, 298, 299, 300]",206,0.9873046875,2022,2048,0.5974051867442726,synthetic/pilot_v2_r1/train/003,00000,343145
1,"[0, 0, 0, 0, 0]",,"[0, 0, 0, 0, 0]",,0,0,0,104859,301,0,,0,0,0,,,0,0,,,0.0177224045406733,complete_windows,0,003_00,301,"[297, 298, 299, 300, 301]",206,0.98681640625,2021,2048,0.5648593544357072,synthetic/pilot_v2_r1/train/003,00000,347811
1,"[0, 0, 0, 0, 0]",,"[0, 0, 0, 0, 0]",,0,0,0,105206,302,0,,0,0,0,,,0,0,,,0.028220239981787062,complete_windows,0,003_00,302,"[298, 299, 300, 301, 302]",206,0.9912109375,2030,2048,0.5106304190612372,synthetic/pilot_v2_r1/train/003,00000,349181
1,"[0, 0, 0, 0, 0]",,"[0, 0, 0, 0, 0]",,0,0,0,105427,303,0,,0,0,0,,,0,0,,,0.03769960663245993,complete_windows,0,003_00,303,"[299, 300, 301, 302, 303]",206,0.98779296875,2023,2048,0.48862431699951,synthetic/pilot_v2_r1/train/003,00000,349473
1,"[0, 0, 0, 0, 0]",,"[0, 0, 0, 0, 0]",,0,0,0,105500,304,0,,0,0,0,,,0,0,,,0.03740310464572702,complete_windows,0,003_00,304,"[300, 301, 302, 303, 304]",206,0.98779296875,2023,2048,0.45416070196476727,synthetic/pilot_v2_r1/train/003,00000,347008
1,"[0, 0, 0, 0, 0]",,"[0, 0, 0, 0, 0]",,0,0,0,105414,305,0,,0,0,0,,,0,0,,,0.027390395272705023,complete_windows,0,003_00,305,"[301, 302, 303, 304, 305]",206,0.99267578125,2033,2048,0.4458324798832617,synthetic/pilot_v2_r1/train/003,00000,349694
1,"[0, 0, 0, 0, 0]",,"[0, 0, 0, 0, 0]",,0,0,0,105553,306,0,,0,0,0,,,0,0,,,0.01333397320309418,complete_windows,0,003_00,306,"[302, 303, 304, 305, 306]",206,0.98876953125,2025,2048,0.46343157674338953,synthetic/pilot_v2_r1/train/003,00000,348496
1,"[0, 0, 0, 0, 0]",,"[0, 0, 0, 0, 0]",,0,0,0,105604,307,0,,0,0,0,,,0,0,,,0.009576586779284735,complete_windows,0,003_00,307,"[303, 304, 305, 306, 307]",206,0.99072265625,2029,2048,0.46968968710348014,synthetic/pilot_v2_r1/train/003,00000,346295
1,"[0, 0, 0, 0, 0]",,"[0, 0, 0, 0, 0]",,0,0,0,105684,308,0,,0,0,0,,,0,0,,,0.01438579487884041,complete_windows,0,003_00,308,"[304, 305, 306, 307, 308]",206,0.990234375,2028,2048,0.5009522934230904,synthetic/pilot_v2_r1/train/003,00000,343100
1,"[0, 0, 0, 0, 0]",,"[0, 0, 0, 0, 0]",,0,0,0,105843,309,0,,0,0,0,,,0,0,,,0.0186569479308932,complete_windows,0,003_00,309,"[305, 306, 307, 308, 309]",206,0.99072265625,2029,2048,0.5315846324139211,synthetic/pilot_v2_r1/train/003,00000,344248
1,"[0, 0, 0, 0, 0]",,"[0, 0, 0, 0, 0]",,0,0,0,105766,310,0,,0,0,0,,,0,0,,,0.02273977244152521,complete_windows,0,003_00,310,"[306, 307, 308, 309, 310]",206,0.9912109375,2030,2048,0.5572670650704298,synthetic/pilot_v2_r1/train/003,00000,345648
1,"[0, 0, 0, 0, 0]",,"[0, 0, 0, 0, 0]",,0,0,0,105907,311,0,,0,0,0,,,0,0,,,0.023005573126091573,complete_windows,0,003_00,311,"[307, 308, 309, 310, 311]",206,0.9873046875,2022,2048,0.5803950433345607,synthetic/pilot_v2_r1/train/003,00000,348288
1,"[0, 0, 0, 0, 0]",,"[0, 0, 0, 0, 0]",,0,0,0,106205,312,0,,0,0,0,,,0,0,,,0.017673895504945896,complete_windows,0,003_00,312,"[308, 309, 310, 311, 312]",206,0.98828125,2024,2048,0.5776572816085085,synthetic/pilot_v2_r1/train/003,00000,350935
1,"[0, 0, 0, 0, 0]",,"[0, 0, 0, 0, 0]",,0,0,0,106395,313,0,,0,0,0,,,0,0,,,0.010549668519235394,complete_windows,0,003_00,313,"[309, 310, 311, 312, 313]",206,0.986328125,2020,2048,0.5843355123793273,synthetic/pilot_v2_r1/train/003,00000,349080
1,"[0, 0, 0, 0, 0]",,"[0, 0, 0, 0, 0]",,0,0,0,106483,314,0,,0,0,0,,,0,0,,,0.004449932460946445,complete_windows,0,003_00,314,"[310, 311, 312, 313, 314]",206,0.9892578125,2026,2048,0.5760671244477157,synthetic/pilot_v2_r1/train/003,00000,344383
1,"[0, 0, 0, 0, 0]",,"[0, 0, 0, 0, 0]",,0,0,0,106678,315,0,,0,0,0,,,0,0,,,0.005266626833291165,complete_windows,0,003_00,315,"[311, 312, 313, 314, 315]",206,0.99072265625,2029,2048,0.5749974273511295,synthetic/pilot_v2_r1/train/003,00000,338200
1,"[0, 0, 0, 0, 0]",,"[0, 0, 0, 0, 0]",,0,0,0,106738,316,0,,0,0,0,,,0,0,,,0.004750953724373705,complete_windows,0,003_00,316,"[312, 313, 314, 315, 316]",206,0.9892578125,2026,2048,0.6014658718503995,synthetic/pilot_v2_r1/train/003,00000,341300
1,"[0, 0, 0, 0, 0]",,"[0, 0, 0, 0, 0]",,0,0,0,106974,317,0,,0,0,0,,,0,0,,,0.005489503129727938,complete_windows,0,003_00,317,"[313, 314, 315, 316, 317]",206,0.98876953125,2025,2048,0.6075095610053395,synthetic/pilot_v2_r1/train/003,00000,343055
1,"[0, 0, 0, 0, 0]",,"[0, 0, 0, 0, 0]",,0,0,0,107361,318,0,,0,0,0,,,0,0,,,0.005357554789918288,complete_windows,0,003_00,318,"[314, 315, 316, 317, 318]",206,0.9833984375,2014,2048,0.6093836639592625,synthetic/pilot_v2_r1/train/003,00000,344330
1,"[0, 0, 0, 0, 0]",,"[0, 0, 0, 0, 0]",,0,0,0,107580,319,0,,0,0,0,,,0,0,,,0.004661328301339301,complete_windows,0,003_00,319,"[315, 316, 317, 318, 319]",206,0.98486328125,2017,2048,0.6145934861228743,synthetic/pilot_v2_r1/train/003,00000,346869
1,"[0, 0, 0, 0, 0]",,"[0, 0, 0, 0, 0]",,0,0,0,107838,320,0,,0,0,0,,,0,0,,,0.004497151451579407,complete_windows,0,003_00,320,"[316, 317, 318, 319, 320]",206,0.99365234375,2035,2048,0.6062041021363045,synthetic/pilot_v2_r1/train/003,00000,349472
1,"[0, 0, 0, 0, 0]",,"[0, 0, 0, 0, 0]",,0,0,0,108028,321,0,,0,0,0,,,0,0,,,0.010488144343792397,complete_windows,0,003_00,321,"[317, 318, 319, 320, 321]",206,0.98828125,2024,2048,0.6091618760802807,synthetic/pilot_v2_r1/train/003,00000,357998
1,"[0, 0, 0, 0, 0]",,"[0, 0, 0, 0, 0]",,0,0,0,108026,322,0,,0,0,0,,,0,0,,,0.022504248394986655,complete_windows,0,003_00,322,"[318, 319, 320, 321, 322]",206,0.984375,2016,2048,0.6037811158445279,synthetic/pilot_v2_r1/train/003,00000,364424
1,"[0, 0, 0, 0, 0]",,"[0, 0, 0, 0, 0]",,0,0,0,108211,323,0,,0,0,0,,,0,0,,,0.03312849385241347,complete_windows,0,003_00,323,"[319, 320, 321, 322, 323]",206,0.98681640625,2021,2048,0.5912488089586886,synthetic/pilot_v2_r1/train/003,00000,366918
1,"[0, 0, 0, 0, 0]",,"[0, 0, 0, 0, 0]",,0,0,0,108495,324,0,,0,0,0,,,0,0,,,0.03510200812068873,complete_windows,0,003_00,324,"[320, 321, 322, 323, 324]",206,0.9814453125,2010,2048,0.5625912684810951,synthetic/pilot_v2_r1/train/003,00000,366979
1,"[0, 0, 0, 0, 0]",,"[0, 0, 0, 0, 0]",,0,0,0,108687,325,0,,0,0,0,,,0,0,,,0.02555289532564572,complete_windows,0,003_00,325,"[321, 322, 323, 324, 325]",206,0.9853515625,2018,2048,0.5281189754062783,synthetic/pilot_v2_r1/train/003,00000,369784
1,"[0, 0, 0, 0, 0]",,"[0, 0, 0, 0, 0]",,0,0,0,109169,326,0,,0,0,0,,,0,0,,,0.01043497538538106,complete_windows,0,003_00,326,"[322, 323, 324, 325, 326]",206,0.99169921875,2031,2048,0.4985950710311289,synthetic/pilot_v2_r1/train/003,00000,368528
1,"[0, 0, 0, 0, 0]",,"[0, 0, 0, 0, 0]",,0,0,0,109372,327,0,,0,0,0,,,0,0,,,0.01059452544061387,complete_windows,0,003_00,327,"[323, 324, 325, 326, 327]",206,0.990234375,2028,2048,0.4704840995729619,synthetic/pilot_v2_r1/train/003,00000,365138
1,"[0, 0, 0, 0, 0]",,"[0, 0, 0, 0, 0]",,0,0,0,109545,328,0,,0,0,0,,,0,0,,,0.019690687891839344,complete_windows,0,003_00,328,"[324, 325, 326, 327, 328]",206,0.9853515625,2018,2048,0.4788143366673339,synthetic/pilot_v2_r1/train/003,00000,365905
1,"[0, 0, 0, 0, 0]",,"[0, 0, 0, 0, 0]",,0,0,0,109985,329,0,,0,0,0,,,0,0,,,0.026376272863373233,complete_windows,0,003_00,329,"[325, 326, 327, 328, 329]",206,0.97412109375,1995,2048,0.482649754827757,synthetic/pilot_v2_r1/train/003,00000,365851
1,"[0, 0, 0, 0, 0]",,"[0, 0, 0, 0, 0]",,0,0,0,110100,330,0,,0,0,0,,,0,0,,,0.029150501571356822,complete_windows,0,003_00,330,"[326, 327, 328, 329, 330]",206,0.98095703125,2009,2048,0.49867750422433565,synthetic/pilot_v2_r1/train/003,00000,368694
1,"[0, 0, 0, 0, 0]",,"[0, 0, 0, 0, 0]",,0,0,0,110308,331,0,,0,0,0,,,0,0,,,0.025072042546647827,complete_windows,0,003_00,331,"[327, 328, 329, 330, 331]",206,0.9853515625,2018,2048,0.5199514147361499,synthetic/pilot_v2_r1/train/003,00000,372701
1,"[0, 0, 0, 0, 0]",,"[0, 0, 0, 0, 0]",,0,0,0,110452,332,0,,0,0,0,,,0,0,,,0.016990627189062683,complete_windows,0,003_00,332,"[328, 329, 330, 331, 332]",206,0.9853515625,2018,2048,0.5439009070833055,synthetic/pilot_v2_r1/train/003,00000,377883
1,"[0, 0, 0, 0, 0]",,"[0, 0, 0, 0, 0]",,0,0,0,110860,333,0,,0,0,0,,,0,0,,,0.007199290489779002,complete_windows,0,003_00,333,"[329, 330, 331, 332, 333]",206,0.98388671875,2015,2048,0.5583812451055699,synthetic/pilot_v2_r1/train/003,00000,379931
1,"[0, 0, 0, 0, 0]",,"[0, 0, 0, 0, 0]",,0,0,0,111374,334,0,,0,0,0,,,0,0,,,0.003881942031613293,complete_windows,0,003_00,334,"[330, 331, 332, 333, 334]",206,0.98974609375,2027,2048,0.5624778852733421,synthetic/pilot_v2_r1/train/003,00000,379850
1,"[0, 0, 0, 0, 0]",,"[0, 0, 0, 0, 0]",,0,0,0,111489,335,0,,0,0,0,,,0,0,,,0.004013969620106816,complete_windows,0,003_00,335,"[331, 332, 333, 334, 335]",206,0.98095703125,2009,2048,0.5712487505759544,synthetic/pilot_v2_r1/train/003,00000,377722
1,"[0, 0, 0, 0, 0]",,"[0, 0, 0, 0, 0]",,0,0,0,111701,336,0,,0,0,0,,,0,0,,,0.004244274531605375,complete_windows,0,003_00,336,"[332, 333, 334, 335, 336]",206,0.982421875,2012,2048,0.5603045557616475,synthetic/pilot_v2_r1/train/003,00000,377171
1,"[0, 0, 0, 0, 0]",,"[0, 0, 0, 0, 0]",,0,0,0,111983,337,0,,0,0,0,,,0,0,,,0.007484856529025615,complete_windows,0,003_00,337,"[333, 334, 335, 336, 337]",206,0.9833984375,2014,2048,0.5588126647221515,synthetic/pilot_v2_r1/train/003,00000,373898
1,"[0, 0, 0, 0, 0]",,"[0, 0, 0, 0, 0]",,0,0,0,112192,338,0,,0,0,0,,,0,0,,,0.00902450859328236,complete_windows,0,003_00,338,"[334, 335, 336, 337, 338]",206,0.9921875,2032,2048,0.5761071547252536,synthetic/pilot_v2_r1/train/003,00000,373257
1,"[0, 0, 0, 0, 0]",,"[0, 0, 0, 0, 0]",,0,0,0,112511,339,0,,0,0,0,,,0,0,,,0.008880809810484997,complete_windows,0,003_00,339,"[335, 336, 337, 338, 339]",206,0.9892578125,2026,2048,0.5753518767209831,synthetic/pilot_v2_r1/train/003,00000,374680
1,"[0, 0, 0, 0, 0]",,"[0, 0, 0, 0, 0]",,0,0,0,112698,340,0,,0,0,0,,,0,0,,,0.009492410331554433,complete_windows,0,003_00,340,"[336, 337, 338, 339, 340]",206,0.98974609375,2027,2048,0.588363132974269,synthetic/pilot_v2_r1/train/003,00000,379995
1,"[0, 0, 0, 0, 0]",,"[0, 0, 0, 0, 0]",,0,0,0,113056,341,0,,0,0,0,,,0,0,,,0.010199378912365874,complete_windows,0,003_00,341,"[337, 338, 339, 340, 341]",206,0.9873046875,2022,2048,0.5845024878351902,synthetic/pilot_v2_r1/train/003,00000,382893
1,"[0, 0, 0, 0, 0]",,"[0, 0, 0, 0, 0]",,0,0,0,113143,342,0,,0,0,0,,,0,0,,,0.011019172161883788,complete_windows,0,003_00,342,"[338, 339, 340, 341, 342]",206,0.99169921875,2031,2048,0.5788319208293202,synthetic/pilot_v2_r1/train/003,00000,383706
1,"[0, 0, 0, 0, 0]",,"[0, 0, 0, 0, 0]",,0,0,0,113315,343,0,,0,0,0,,,0,0,,,0.011890084902513441,complete_windows,0,003_00,343,"[339, 340, 341, 342, 343]",206,0.99609375,2040,2048,0.5793430360738432,synthetic/pilot_v2_r1/train/003,00000,385421
1,"[0, 0, 0, 0, 0]",,"[0, 0, 0, 0, 0]",,0,0,0,113619,344,0,,0,0,0,,,0,0,,,0.011944651115047578,complete_windows,0,003_00,344,"[340, 341, 342, 343, 344]",206,0.994140625,2036,2048,0.5653536776556238,synthetic/pilot_v2_r1/train/003,00000,385081
1,"[0, 0, 0, 0, 0]",,"[0, 0, 0, 0, 0]",,0,0,0,113990,345,0,,0,0,0,,,0,0,,,0.01210184814047557,complete_windows,0,003_00,345,"[341, 342, 343, 344, 345]",206,0.98974609375,2027,2048,0.5791633372962105,synthetic/pilot_v2_r1/train/003,00000,385039
1,"[0, 0, 0, 0, 0]",,"[0, 0, 0, 0, 0]",,0,0,0,114008,346,0,,0,0,0,,,0,0,,,0.012438398353230266,complete_windows,0,003_00,346,"[342, 343, 344, 345, 346]",206,0.99365234375,2035,2048,0.5805062147430379,synthetic/pilot_v2_r1/train/003,00000,386325
1,"[0, 0, 0, 0, 0]",,"[0, 0, 0, 0, 0]",,0,0,0,114336,347,0,,0,0,0,,,0,0,,,0.012403966373165386,complete_windows,0,003_00,347,"[343, 344, 345, 346, 347]",206,0.98876953125,2025,2048,0.5725524728980129,synthetic/pilot_v2_r1/train/003,00000,385723
1,"[0, 0, 0, 0, 0]",,"[0, 0, 0, 0, 0]",,0,0,0,114638,348,0,,0,0,0,,,0,0,,,0.012718904237657156,complete_windows,0,003_00,348,"[344, 345, 346, 347, 348]",206,0.99169921875,2031,2048,0.5809035358261403,synthetic/pilot_v2_r1/train/003,00000,391387
1,"[0, 0, 0, 0, 0]",,"[0, 0, 0, 0, 0]",,0,0,0,114765,349,0,,0,0,0,,,0,0,,,0.012985891797693402,complete_windows,0,003_00,349,"[345, 346, 347, 348, 349]",206,0.99560546875,2039,2048,0.5754559332540147,synthetic/pilot_v2_r1/train/003,00000,390420
1,"[0, 0, 0, 0, 0]",,"[0, 0, 0, 0, 0]",,0,0,0,115036,350,0,,0,0,0,,,0,0,,,0.012234706951628146,complete_windows,0,003_00,350,"[346, 347, 348, 349, 350]",206,0.99072265625,2029,2048,0.5751583715519345,synthetic/pilot_v2_r1/train/003,00000,390024
1,"[0, 0, 0, 0, 0]",,"[0, 0, 0, 0, 0]",,0,0,0,115320,351,0,,0,0,0,,,0,0,,,0.01243150487036471,complete_windows,0,003_00,351,"[347, 348, 349, 350, 351]",206,0.98974609375,2027,2048,0.5886887827183296,synthetic/pilot_v2_r1/train/003,00000,387726
1,"[0, 0, 0, 0, 0]",,"[0, 0, 0, 0, 0]",,0,0,0,115479,352,0,,0,0,0,,,0,0,,,0.012381514130195042,complete_windows,0,003_00,352,"[348, 349, 350, 351, 352]",206,0.9892578125,2026,2048,0.5919981395924472,synthetic/pilot_v2_r1/train/003,00000,387200
1,"[0, 0, 0, 0, 0]",,"[0, 0, 0, 0, 0]",,0,0,0,116018,353,0,,0,0,0,,,0,0,,,0.012459881579628258,complete_windows,0,003_00,353,"[349, 350, 351, 352, 353]",206,0.9912109375,2030,2048,0.6121973240933014,synthetic/pilot_v2_r1/train/003,00000,386339
1,"[0, 0, 0, 0, 0]",,"[0, 0, 0, 0, 0]",,0,0,0,116121,354,0,,0,0,0,,,0,0,,,0.013476813979044782,complete_windows,0,003_00,354,"[350, 351, 352, 353, 354]",206,0.990234375,2028,2048,0.6351746585404092,synthetic/pilot_v2_r1/train/003,00000,387144
1,"[0, 0, 0, 0, 0]",,"[0, 0, 0, 0, 0]",,0,0,0,116229,355,0,,0,0,0,,,0,0,,,0.013621785428337925,complete_windows,0,003_00,355,"[351, 352, 353, 354, 355]",206,0.986328125,2020,2048,0.6558191799318478,synthetic/pilot_v2_r1/train/003,00000,392645
1,"[0, 0, 0, 0, 0]",,"[0, 0, 0, 0, 0]",,0,0,0,116598,356,0,,0,0,0,,,0,0,,,0.014489944469371912,complete_windows,0,003_00,356,"[352, 353, 354, 355, 356]",206,0.98583984375,2019,2048,0.6938751306148006,synthetic/pilot_v2_r1/train/003,00000,396055
1,"[0, 0, 0, 0, 0]",,"[0, 0, 0, 0, 0]",,0,0,0,116793,357,0,,0,0,0,,,0,0,,,0.015179045318041666,complete_windows,0,003_00,357,"[353, 354, 355, 356, 357]",206,0.986328125,2020,2048,0.7187748835864751,synthetic/pilot_v2_r1/train/003,00000,397384
1,"[0, 0, 0, 0, 0]",,"[0, 0, 0, 0, 0]",,0,0,0,116749,358,0,,0,0,0,,,0,0,,,0.014902800079266611,complete_windows,0,003_00,358,"[354, 355, 356, 357, 358]",206,0.9775390625,2002,2048,0.7402534944596068,synthetic/pilot_v2_r1/train/003,00000,398796
1,"[0, 0, 0, 0, 0]",,"[0, 0, 0, 0, 0]",,0,0,0,116873,359,0,,0,0,0,,,0,0,,,0.015013026104437175,complete_windows,0,003_00,359,"[355, 356, 357, 358, 359]",206,0.98486328125,2017,2048,0.7754752707030276,synthetic/pilot_v2_r1/train/003,00000,397432
1,"[0, 0, 0, 0, 0]",,"[0, 0, 0, 0, 0]",,0,0,0,116982,360,0,,0,0,0,,,0,0,,,0.014903136414827472,complete_windows,0,003_00,360,"[356, 357, 358, 359, 360]",206,0.9873046875,2022,2048,0.8036004633366779,synthetic/pilot_v2_r1/train/003,00000,398844
1,"[0, 0, 0, 0, 0]",,"[0, 0, 0, 0, 0]",,0,0,0,117170,361,0,,0,0,0,,,0,0,,,0.014151281734834327,complete_windows,0,003_00,361,"[357, 358, 359, 360, 361]",206,0.9912109375,2030,2048,0.8312725274040823,synthetic/pilot_v2_r1/train/003,00000,399718
1,"[0, 0, 0, 0, 0]",,"[0, 0, 0, 0, 0]",,0,0,0,117228,362,0,,0,0,0,,,0,0,,,0.013381444815018491,complete_windows,0,003_00,362,"[358, 359, 360, 361, 362]",206,0.9873046875,2022,2048,0.8670447239956256,synthetic/pilot_v2_r1/train/003,00000,401191
1,"[0, 0, 0, 0, 0]",,"[0, 0, 0, 0, 0]",,0,0,0,117556,363,0,,0,0,0,,,0,0,,,0.012747530298274507,complete_windows,0,003_00,363,"[359, 360, 361, 362, 363]",206,0.986328125,2020,2048,0.9110720695156329,synthetic/pilot_v2_r1/train/003,00000,404242
1,"[0, 0, 0, 0, 0]",,"[0, 0, 0, 0, 0]",,0,0,0,117572,364,0,,0,0,0,,,0,0,,,0.011430041660749226,complete_windows,0,003_00,364,"[360, 361, 362, 363, 364]",206,0.97998046875,2007,2048,0.9372030791853933,synthetic/pilot_v2_r1/train/003,00000,405459
1,"[0, 0, 0, 0, 0]",,"[0, 0, 0, 0, 0]",,0,0,0,117694,365,0,,0,0,0,,,0,0,,,0.01032328408647868,complete_windows,0,003_00,365,"[361, 362, 363, 364, 365]",206,0.98681640625,2021,2048,0.9718602712025562,synthetic/pilot_v2_r1/train/003,00000,405852
1,"[0, 0, 0, 0, 0]",,"[0, 0, 0, 0, 0]",,0,0,0,117855,366,0,,0,0,0,,,0,0,,,0.009396168403151616,complete_windows,0,003_00,366,"[362, 363, 364, 365, 366]",206,0.98779296875,2023,2048,1.0058080379122567,synthetic/pilot_v2_r1/train/003,00000,407276
1,"[0, 0, 0, 0, 0]",,"[0, 0, 0, 0, 0]",,0,0,0,118030,367,0,,0,0,0,,,0,0,,,0.00804911872269013,complete_windows,0,003_00,367,"[363, 364, 365, 366, 367]",206,0.98486328125,2017,2048,1.0280738673167489,synthetic/pilot_v2_r1/train/003,00000,408353
1,"[0, 0, 0, 0, 0]",,"[0, 0, 0, 0, 0]",,0,0,0,118009,368,0,,0,0,0,,,0,0,,,0.007353095678463237,complete_windows,0,003_00,368,"[364, 365, 366, 367, 368]",206,0.98388671875,2015,2048,1.0639047755464062,synthetic/pilot_v2_r1/train/003,00000,406779
1,"[0, 0, 0, 0, 0]",,"[0, 0, 0, 0, 0]",,0,0,0,118041,369,0,,0,0,0,,,0,0,,,0.006606434965846681,complete_windows,0,003_00,369,"[365, 366, 367, 368, 369]",206,0.98828125,2024,2048,1.0914385333815355,synthetic/pilot_v2_r1/train/003,00000,407219
1,"[0, 0, 0, 0, 0]",,"[0, 0, 0, 0, 0]",,0,0,0,117983,370,0,,0,0,0,,,0,0,,,0.005989570394472258,complete_windows,0,003_00,370,"[366, 367, 368, 369, 370]",206,0.98779296875,2023,2048,1.113440256220968,synthetic/pilot_v2_r1/train/003,00000,409395
1,"[0, 0, 0, 0, 0]",,"[0, 0, 0, 0, 0]",,0,0,0,117864,371,0,,0,0,0,,,0,0,,,0.0065992771578003845,complete_windows,0,003_00,371,"[367, 368, 369, 370, 371]",206,0.984375,2016,2048,1.1401810756512147,synthetic/pilot_v2_r1/train/003,00000,409935
1,"[0, 0, 0, 0, 0]",,"[0, 0, 0, 0, 0]",,0,0,0,117701,372,0,,0,0,0,,,0,0,,,0.007928366146325225,complete_windows,0,003_00,372,"[368, 369, 370, 371, 372]",206,0.98828125,2024,2048,1.1586209259673026,synthetic/pilot_v2_r1/train/003,00000,410278
1,"[0, 0, 0, 0, 0]",,"[0, 0, 0, 0, 0]",,0,0,0,117547,373,0,,0,0,0,,,0,0,,,0.008219509823043392,complete_windows,0,003_00,373,"[369, 370, 371, 372, 373]",206,0.98388671875,2015,2048,1.170007767325071,synthetic/pilot_v2_r1/train/003,00000,408484
1,"[0, 0, 0, 0, 0]",,"[0, 0, 0, 0, 0]",,0,0,0,117554,374,0,,0,0,0,,,0,0,,,0.007385478935270669,complete_windows,0,003_00,374,"[370, 371, 372, 373, 374]",206,0.97998046875,2007,2048,1.1840390443808124,synthetic/pilot_v2_r1/train/003,00000,406469
1,"[0, 0, 0, 0, 0]",,"[0, 0, 0, 0, 0]",,0,0,0,117325,375,0,,0,0,0,,,0,0,,,0.006162755428425961,complete_windows,0,003_00,375,"[371, 372, 373, 374, 375]",206,0.97705078125,2001,2048,1.1824773770611796,synthetic/pilot_v2_r1/train/003,00000,408006
1,"[0, 0, 0, 0, 0]",,"[0, 0, 0, 0, 0]",,0,0,0,117194,376,0,,0,0,0,,,0,0,,,0.004689479038571667,complete_windows,0,003_00,376,"[372, 373, 374, 375, 376]",206,0.98828125,2024,2048,1.1855477931312053,synthetic/pilot_v2_r1/train/003,00000,408666
1,"[0, 0, 0, 0, 0]",,"[0, 0, 0, 0, 0]",,0,0,0,117164,377,0,,0,0,0,,,0,0,,,0.002687353124397738,complete_windows,0,003_00,377,"[373, 374, 375, 376, 377]",206,0.98828125,2024,2048,1.207543538042578,synthetic/pilot_v2_r1/train/003,00000,406009
1,"[0, 0, 0, 0, 0]",,"[0, 0, 0, 0, 0]",,0,0,0,116984,378,0,,0,0,0,,,0,0,,,0.0014898956103840857,complete_windows,0,003_00,378,"[374, 375, 376, 377, 378]",206,0.9873046875,2022,2048,1.2214170744655641,synthetic/pilot_v2_r1/train/003,00000,404073
1,"[0, 0, 0, 0, 0]",,"[0, 0, 0, 0, 0]",,0,0,0,116717,379,0,,0,0,0,,,0,0,,,0.0028588727201905224,complete_windows,0,003_00,379,"[375, 376, 377, 378, 379]",206,0.9833984375,2014,2048,1.2433775486688663,synthetic/pilot_v2_r1/train/003,00000,402290
1,"[0, 0, 0, 0, 0]",,"[0, 0, 0, 0, 0]",,0,0,0,116603,380,0,,0,0,0,,,0,0,,,0.005963859404741957,complete_windows,0,003_00,380,"[376, 377, 378, 379, 380]",206,0.984375,2016,2048,1.2628800247049026,synthetic/pilot_v2_r1/train/003,00000,400008
1,"[0, 0, 0, 0, 0]",,"[0, 0, 0, 0, 0]",,0,0,0,116236,381,0,,0,0,0,,,0,0,,,0.008838211180119659,complete_windows,0,003_00,381,"[377, 378, 379, 380, 381]",206,0.98095703125,2009,2048,1.2797589287051103,synthetic/pilot_v2_r1/train/003,00000,399271
1,"[0, 0, 0, 0, 0]",,"[0, 0, 0, 0, 0]",,0,0,0,115848,382,0,,0,0,0,,,0,0,,,0.011967608951750872,complete_windows,0,003_00,382,"[378, 379, 380, 381, 382]",206,0.98046875,2008,2048,1.2822689395586824,synthetic/pilot_v2_r1/train/003,00000,399498
1,"[0, 0, 0, 0, 0]",,"[0, 0, 0, 0, 0]",,0,0,0,115558,383,0,,0,0,0,,,0,0,,,0.015462872497572068,complete_windows,0,003_00,383,"[379, 380, 381, 382, 383]",206,0.9755859375,1998,2048,1.2988789353588213,synthetic/pilot_v2_r1/train/003,00000,400123
1,"[0, 0, 0, 0, 0]",,"[0, 0, 0, 0, 0]",,0,0,0,115100,384,0,,0,0,0,,,0,0,,,0.017471767214274857,complete_windows,0,003_00,384,"[380, 381, 382, 383, 384]",206,0.9775390625,2002,2048,1.3062262650387035,synthetic/pilot_v2_r1/train/003,00000,399843
1,"[0, 0, 0, 0, 0]",,"[0, 0, 0, 0, 0]",,0,0,0,114821,385,0,,0,0,0,,,0,0,,,0.019938755564251683,complete_windows,0,003_00,385,"[381, 382, 383, 384, 385]",206,0.984375,2016,2048,1.3020436551013777,synthetic/pilot_v2_r1/train/003,00000,398046
1,"[0, 0, 0, 0, 0]",,"[0, 0, 0, 0, 0]",,0,0,0,114477,386,0,,0,0,0,,,0,0,,,0.020851111088566705,complete_windows,0,003_00,386,"[382, 383, 384, 385, 386]",206,0.9853515625,2018,2048,1.3192689686818118,synthetic/pilot_v2_r1/train/003,00000,393656
1,"[0, 0, 0, 0, 0]",,"[0, 0, 0, 0, 0]",,0,0,0,114029,387,0,,0,0,0,,,0,0,,,0.020761124390069347,complete_windows,0,003_00,387,"[383, 384, 385, 386, 387]",206,0.97900390625,2005,2048,1.3126215706449558,synthetic/pilot_v2_r1/train/003,00000,391096
1,"[0, 0, 0, 0, 0]",,"[0, 0, 0, 0, 0]",,0,0,0,113337,388,0,,0,0,0,,,0,0,,,0.021951718565706213,complete_windows,0,003_00,388,"[384, 385, 386, 387, 388]",206,0.9814453125,2010,2048,1.3052875485647322,synthetic/pilot_v2_r1/train/003,00000,389563
1,"[0, 0, 0, 0, 0]",,"[0, 0, 0, 0, 0]",,0,0,0,112858,389,0,,0,0,0,,,0,0,,,0.022965797011270647,complete_windows,0,003_00,389,"[385, 386, 387, 388, 389]",206,0.98095703125,2009,2048,1.313427224061095,synthetic/pilot_v2_r1/train/003,00000,386629
1,"[0, 0, 0, 0, 0]",,"[0, 0, 0, 0, 0]",,0,0,0,112261,390,0,,0,0,0,,,0,0,,,0.02244563153709309,complete_windows,0,003_00,390,"[386, 387, 388, 389, 390]",206,0.982421875,2012,2048,1.2947163935012391,synthetic/pilot_v2_r1/train/003,00000,383535
1,"[0, 0, 0, 0, 0]",,"[0, 0, 0, 0, 0]",,0,0,0,111608,391,0,,0,0,0,,,0,0,,,0.022528384285342748,complete_windows,0,003_00,391,"[387, 388, 389, 390, 391]",206,0.98291015625,2013,2048,1.2878566812297847,synthetic/pilot_v2_r1/train/003,00000,379619
1,"[0, 0, 0, 0, 0]",,"[0, 0, 0, 0, 0]",,0,0,0,111013,392,0,,0,0,0,,,0,0,,,0.02289354986602539,complete_windows,0,003_00,392,"[388, 389, 390, 391, 392]",206,0.98828125,2024,2048,1.2895677938670902,synthetic/pilot_v2_r1/train/003,00000,377177
1,"[0, 0, 0, 0, 0]",,"[0, 0, 0, 0, 0]",,0,0,0,110399,393,0,,0,0,0,,,0,0,,,0.024276588341936696,complete_windows,0,003_00,393,"[389, 390, 391, 392, 393]",206,0.9873046875,2022,2048,1.2795421282905588,synthetic/pilot_v2_r1/train/003,00000,374393
1,"[0, 0, 0, 0, 0]",,"[0, 0, 0, 0, 0]",,0,0,0,109812,394,0,,0,0,0,,,0,0,,,0.027781287758392396,complete_windows,0,003_00,394,"[390, 391, 392, 393, 394]",206,0.990234375,2028,2048,1.2740342489027967,synthetic/pilot_v2_r1/train/003,00000,369211
1,"[0, 0, 0, 0, 0]",,"[0, 0, 0, 0, 0]",,0,0,0,109188,395,0,,0,0,0,,,0,0,,,0.030635788842928044,complete_windows,0,003_00,395,"[391, 392, 393, 394, 395]",206,0.9853515625,2018,2048,1.2649643998291062,synthetic/pilot_v2_r1/train/003,00000,367116
1,"[0, 0, 0, 0, 0]",,"[0, 0, 0, 0, 0]",,0,0,0,108706,396,0,,0,0,0,,,0,0,,,0.033301157073977586,complete_windows,0,003_00,396,"[392, 393, 394, 395, 396]",206,0.9833984375,2014,2048,1.2352397986245578,synthetic/pilot_v2_r1/train/003,00000,362831
1,"[0, 0, 0, 0, 0]",,"[0, 0, 0, 0, 0]",,0,0,0,108046,397,0,,0,0,0,,,0,0,,,0.03480737718064293,complete_windows,0,003_00,397,"[393, 394, 395, 396, 397]",206,0.98779296875,2023,2048,1.1884000133233548,synthetic/pilot_v2_r1/train/003,00000,359520
1,"[0, 0, 0, 0, 0]",,"[0, 0, 0, 0, 0]",,0,0,0,107581,398,0,,0,0,0,,,0,0,,,0.03478882210479759,complete_windows,0,003_00,398,"[394, 395, 396, 397, 398]",206,0.9912109375,2030,2048,1.160145007218402,synthetic/pilot_v2_r1/train/003,00000,354804
1,"[0, 0, 0, 0, 0]",,"[0, 0, 0, 0, 0]",,0,0,0,107168,399,0,,0,0,0,,,0,0,,,0.03415294345233109,complete_windows,0,003_00,399,"[395, 396, 397, 398, 399]",206,0.9853515625,2018,2048,1.0988508033248765,synthetic/pilot_v2_r1/train/003,00000,352304
1,"[0, 0, 0, 0, 0]",,"[0, 0, 0, 0, 0]",,0,0,0,106565,400,0,,0,0,0,,,0,0,,,0.03289217862112589,complete_windows,0,003_00,400,"[396, 397, 398, 399, 400]",206,0.9921875,2032,2048,1.04959242365135,synthetic/pilot_v2_r1/train/003,00000,349103
1,"[0, 0, 0, 0, 0]",,"[0, 0, 0, 0, 0]",,0,0,0,106042,401,0,,0,0,0,,,0,0,,,0.03176991607354559,complete_windows,0,003_00,401,"[397, 398, 399, 400, 401]",206,0.98974609375,2027,2048,0.997741020126535,synthetic/pilot_v2_r1/train/003,00000,345597
1,"[0, 0, 0, 0, 0]",,"[0, 0, 0, 0, 0]",,0,0,0,105530,402,0,,0,0,0,,,0,0,,,0.031030810787634384,complete_windows,0,003_00,402,"[398, 399, 400, 401, 402]",206,0.990234375,2028,2048,0.9250714436681605,synthetic/pilot_v2_r1/train/003,00000,343573
1,"[0, 0, 0, 0, 0]",,"[0, 0, 0, 0, 0]",,0,0,0,105024,403,0,,0,0,0,,,0,0,,,0.031083653511004058,complete_windows,0,003_00,403,"[399, 400, 401, 402, 403]",206,0.994140625,2036,2048,0.8585992169698263,synthetic/pilot_v2_r1/train/003,00000,339213
1,"[0, 0, 0, 0, 0]",,"[0, 0, 0, 0, 0]",,0,0,0,104545,404,0,,0,0,0,,,0,0,,,0.031179020547614716,complete_windows,0,003_00,404,"[400, 401, 402, 403, 404]",206,0.98486328125,2017,2048,0.7859554832975809,synthetic/pilot_v2_r1/train/003,00000,333591
1,"[0, 0, 0, 0, 0]",,"[0, 0, 0, 0, 0]",,0,0,0,104040,405,0,,0,0,0,,,0,0,,,0.03011956482014087,complete_windows,0,003_00,405,"[401, 402, 403, 404, 405]",206,0.978515625,2004,2048,0.7148813524401506,synthetic/pilot_v2_r1/train/003,00000,330880
1,"[0, 0, 0, 0, 0]",,"[0, 0, 0, 0, 0]",,0,0,0,103773,406,0,,0,0,0,,,0,0,,,0.02832262042000843,complete_windows,0,003_00,406,"[402, 403, 404, 405, 406]",206,0.9775390625,2002,2048,0.6423042441695491,synthetic/pilot_v2_r1/train/003,00000,329175
1,"[0, 0, 0, 0, 0]",,"[0, 0, 0, 0, 0]",,0,0,0,103721,407,0,,0,0,0,,,0,0,,,0.025579987938641136,complete_windows,0,003_00,407,"[403, 404, 405, 406, 407]",206,0.986328125,2020,2048,0.5809696129112268,synthetic/pilot_v2_r1/train/003,00000,327674
1,"[0, 0, 0, 0, 0]",,"[0, 0, 0, 0, 0]",,0,0,0,103405,408,0,,0,0,0,,,0,0,,,0.021486232487672646,complete_windows,0,003_00,408,"[404, 405, 406, 407, 408]",206,0.99462890625,2037,2048,0.5120946470435086,synthetic/pilot_v2_r1/train/003,00000,325902
1,"[0, 0, 0, 0, 0]",,"[0, 0, 0, 0, 0]",,0,0,0,103330,409,0,,0,0,0,,,0,0,,,0.018404450615655158,complete_windows,0,003_00,409,"[405, 406, 407, 408, 409]",206,0.9951171875,2038,2048,0.43108579943450004,synthetic/pilot_v2_r1/train/003,00000,321027
1,"[0, 0, 0, 0, 0]",,"[0, 0, 0, 0, 0]",,0,0,0,103042,410,0,,0,0,0,,,0,0,,,0.01458697889915079,complete_windows,0,003_00,410,"[406, 407, 408, 409, 410]",206,0.998046875,2044,2048,0.35608664149275604,synthetic/pilot_v2_r1/train/003,00000,317662
1,"[0, 0, 0, 0, 0]",,"[0, 0, 0, 0, 0]",,0,0,0,102942,411,0,,0,0,0,,,0,0,,,0.010701016881739689,complete_windows,0,003_00,411,"[407, 408, 409, 410, 411]",206,0.99462890625,2037,2048,0.2606401137220358,synthetic/pilot_v2_r1/train/003,00000,310241
1,"[0, 0, 0, 0, 0]",,"[0, 0, 0, 0, 0]",,0,0,0,102894,412,0,,0,0,0,,,0,0,,,0.007137594447065906,complete_windows,0,003_00,412,"[408, 409, 410, 411, 412]",206,0.994140625,2036,2048,0.18669583223176037,synthetic/pilot_v2_r1/train/003,00000,301545
1,"[0, 0, 0, 0, 0]",,"[0, 0, 0, 0, 0]",,0,0,0,103021,413,0,,0,0,0,,,0,0,,,0.003715447963731837,complete_windows,0,003_00,413,"[409, 410, 411, 412, 413]",206,0.998046875,2044,2048,0.1040479021361182,synthetic/pilot_v2_r1/train/003,00000,282693
1,"[0, 0, 0, 0, 0]",,"[0, 0, 0, 0, 0]",,0,0,0,103247,414,0,,0,0,0,,,0,0,,,0.0019930490985187134,complete_windows,0,003_00,414,"[410, 411, 412, 413, 414]",206,0.98681640625,2021,2048,0.035160881557703236,synthetic/pilot_v2_r1/train/003,00000,275130
1,"[0, 0, 0, 0, 0]",,"[0, 0, 0, 0, 0]",,0,0,0,103253,415,0,,0,0,0,,,0,0,,,0.0028974644996378404,complete_windows,0,003_00,415,"[411, 412, 413, 414, 415]",206,0.98193359375,2011,2048,0.014614754465391361,synthetic/pilot_v2_r1/train/003,00000,280902
1,"[0, 0, 0, 0, 0]",,"[0, 0, 0, 0, 0]",,0,0,0,103182,416,0,,0,0,0,,,0,0,,,0.003771408411997601,complete_windows,0,003_00,416,"[412, 413, 414, 415, 416]",206,0.99462890625,2037,2048,0.01674442993520062,synthetic/pilot_v2_r1/train/003,00000,286948
1,"[0, 0, 0, 0, 0]",,"[0, 0, 0, 0, 0]",,0,0,0,103175,417,0,,0,0,0,,,0,0,,,0.0039048465646758144,complete_windows,0,003_00,417,"[413, 414, 415, 416, 417]",206,0.998046875,2044,2048,0.019743715422046556,synthetic/pilot_v2_r1/train/003,00000,282410
1,"[0, 0, 0, 0, 0]",,"[0, 0, 0, 0, 0]",,0,0,0,103282,418,0,,0,0,0,,,0,0,,,0.0029162318418420588,complete_windows,0,003_00,418,"[414, 415, 416, 417, 418]",206,0.998046875,2044,2048,0.012016320233701546,synthetic/pilot_v2_r1/train/003,00000,250969
1,"[0, 0, 0, 0, 0]",,"[0, 0, 0, 0, 0]",,0,0,0,103341,419,0,,0,0,0,,,0,0,,,0.000904795740409607,complete_windows,0,003_00,419,"[415, 416, 417, 418, 419]",206,0.998046875,2044,2048,0.005568509490040279,synthetic/pilot_v2_r1/train/003,00000,218367
1,"[0, 0, 0, 0, 0]",,"[0, 0, 0, 0, 0]",,0,0,0,103384,420,0,,0,0,0,,,0,0,,,0.0005491874082099786,complete_windows,0,003_00,420,"[416, 417, 418, 419, 420]",206,0.9970703125,2042,2048,0.006420444862750342,synthetic/pilot_v2_r1/train/003,00000,212029
1,"[0, 0, 0, 0, 0]",,"[0, 0, 0, 0, 0]",,0,0,0,103443,421,0,,0,0,0,,,0,0,,,0.0008854654475042613,complete_windows,0,003_00,421,"[417, 418, 419, 420, 421]",206,0.99755859375,2043,2048,0.012825925408099596,synthetic/pilot_v2_r1/train/003,00000,213036
1,"[0, 0, 0, 0, 0]",,"[0, 0, 0, 0, 0]",,0,0,0,103368,422,0,,0,0,0,,,0,0,,,0.00039067888196422235,complete_windows,0,003_00,422,"[418, 419, 420, 421, 422]",206,0.998046875,2044,2048,0.004263785516722539,synthetic/pilot_v2_r1/train/003,00000,207298
1,"[0, 0, 0, 0, 0]",,"[0, 0, 0, 0, 0]",,0,0,0,103256,423,0,,0,0,0,,,0,0,,,0.00024633827276664073,complete_windows,0,003_00,423,"[419, 420, 421, 422, 423]",206,0.9990234375,2046,2048,0.005217550903415147,synthetic/pilot_v2_r1/train/003,00000,200745
1,"[0, 0, 0, 0, 0]",,"[0, 0, 0, 0, 0]",,0,0,0,103484,424,0,,0,0,0,,,0,0,,,0.0002471512288881446,complete_windows,0,003_00,424,"[420, 421, 422, 423, 424]",206,0.99853515625,2045,2048,0.0034367606884920326,synthetic/pilot_v2_r1/train/003,00000,198865
1,"[0, 0, 0, 0, 0]",,"[0, 0, 0, 0, 0]",,0,0,0,103301,425,0,,0,0,0,,,0,0,,,0.0005672818287545799,complete_windows,0,003_00,425,"[421, 422, 423, 424, 425]",206,0.9970703125,2042,2048,0.008876856592162103,synthetic/pilot_v2_r1/train/003,00000,202397
1,"[0, 0, 0, 0, 0]",,"[0, 0, 0, 0, 0]",,0,0,0,103252,426,0,,0,0,0,,,0,0,,,0.00036559693181648583,complete_windows,0,003_00,426,"[422, 423, 424, 425, 426]",206,0.9990234375,2046,2048,0.007035269282335573,synthetic/pilot_v2_r1/train/003,00000,204219
1,"[0, 0, 0, 0, 0]",,"[0, 0, 0, 0, 0]",,0,0,0,103295,427,0,,0,0,0,,,0,0,,,0.000762931243348802,complete_windows,0,003_00,427,"[423, 424, 425, 426, 427]",206,0.99951171875,2047,2048,0.006480630421352014,synthetic/pilot_v2_r1/train/003,00000,210212
1,"[0, 0, 0, 0, 0]",,"[0, 0, 0, 0, 0]",,0,0,0,103361,428,0,,0,0,0,,,0,0,,,0.0006263579885815543,complete_windows,0,003_00,428,"[424, 425, 426, 427, 428]",206,0.99951171875,2047,2048,0.005916897982252785,synthetic/pilot_v2_r1/train/003,00000,205234
1,"[0, 0, 0, 0, 0]",,"[0, 0, 0, 0, 0]",,0,0,0,103268,429,0,,0,0,0,,,0,0,,,0.0006324459043941941,complete_windows,0,003_00,429,"[425, 426, 427, 428, 429]",206,0.9990234375,2046,2048,0.00920589638269355,synthetic/pilot_v2_r1/train/003,00000,194214
1,"[0, 0, 0, 0, 0]",,"[0, 0, 0, 0, 0]",,0,0,0,103437,430,0,,0,0,0,,,0,0,,,0.00018570803751331933,complete_windows,0,003_00,430,"[426, 427, 428, 429, 430]",206,0.99853515625,2045,2048,0.005902840125876285,synthetic/pilot_v2_r1/train/003,00000,186871
1,"[0, 0, 0, 0, 0]",,"[0, 0, 0, 0, 0]",,0,0,0,103361,431,0,,0,0,0,,,0,0,,,0.00017072063421045284,complete_windows,0,003_00,431,"[427, 428, 429, 430, 431]",206,0.99853515625,2045,2048,0.004482352433300021,synthetic/pilot_v2_r1/train/003,00000,187860
1,"[0, 0, 0, 0, 0]",,"[0, 0, 0, 0, 0]",,0,0,0,103322,432,0,,0,0,0,,,0,0,,,0.0001950277665298198,complete_windows,0,003_00,432,"[428, 429, 430, 431, 432]",206,1.0,2048,2048,0.0042863760819092725,synthetic/pilot_v2_r1/train/003,00000,192400
1,"[0, 0, 0, 0, 0]",,"[0, 0, 0, 0, 0]",,0,0,0,103351,433,0,,0,0,0,,,0,0,,,0.000664608419071227,complete_windows,0,003_00,433,"[429, 430, 431, 432, 433]",206,0.9970703125,2042,2048,0.005342588805341148,synthetic/pilot_v2_r1/train/003,00000,202799
1,"[0, 0, 0, 0, 0]",,"[0, 0, 0, 0, 0]",,0,0,0,103367,434,0,,0,0,0,,,0,0,,,0.0006733981912165073,complete_windows,0,003_00,434,"[430, 431, 432, 433, 434]",206,0.99853515625,2045,2048,0.015416926580787397,synthetic/pilot_v2_r1/train/003,00000,214587
1,"[0, 0, 0, 0, 0]",,"[0, 0, 0, 0, 0]",,0,0,0,103204,435,0,,0,0,0,,,0,0,,,0.000885699089722379,complete_windows,0,003_00,435,"[431, 432, 433, 434, 435]",206,0.99560546875,2039,2048,0.01939620328444947,synthetic/pilot_v2_r1/train/003,00000,225084
1,"[0, 0, 0, 0, 0]",,"[0, 0, 0, 0, 0]",,0,0,0,103391,436,0,,0,0,0,,,0,0,,,0.0012400298444350363,complete_windows,0,003_00,436,"[432, 433, 434, 435, 436]",206,0.99609375,2040,2048,0.030689445810950833,synthetic/pilot_v2_r1/train/003,00000,237603
1,"[0, 0, 0, 0, 0]",,"[0, 0, 0, 0, 0]",,0,0,0,103439,437,0,,0,0,0,,,0,0,,,0.0012148132162911214,complete_windows,0,003_00,437,"[433, 434, 435, 436, 437]",206,0.9970703125,2042,2048,0.042562503946110775,synthetic/pilot_v2_r1/train/003,00000,244837
1,"[0, 0, 0, 0, 0]",,"[0, 0, 0, 0, 0]",,0,0,0,103440,438,0,,0,0,0,,,0,0,,,0.0016812464960763633,complete_windows,0,003_00,438,"[434, 435, 436, 437, 438]",206,0.99609375,2040,2048,0.04970735576958319,synthetic/pilot_v2_r1/train/003,00000,256104
1,"[0, 0, 0, 0, 0]",,"[0, 0, 0, 0, 0]",,0,0,0,103431,439,0,,0,0,0,,,0,0,,,0.0022241656986977743,complete_windows,0,003_00,439,"[435, 436, 437, 438, 439]",206,0.99462890625,2037,2048,0.06905041301874244,synthetic/pilot_v2_r1/train/003,00000,269755
1,"[0, 0, 0, 0, 0]",,"[0, 0, 0, 0, 0]",,0,0,0,103439,440,0,,0,0,0,,,0,0,,,0.003038687889789379,complete_windows,0,003_00,440,"[436, 437, 438, 439, 440]",206,0.9921875,2032,2048,0.09064968517557792,synthetic/pilot_v2_r1/train/003,00000,279900
1,"[0, 0, 0, 0, 0]",,"[0, 0, 0, 0, 0]",,0,0,0,103627,441,0,,0,0,0,,,0,0,,,0.0033658866901109864,complete_windows,0,003_00,441,"[437, 438, 439, 440, 441]",206,0.99755859375,2043,2048,0.10794510760081369,synthetic/pilot_v2_r1/train/003,00000,286822
1,"[0, 0, 0, 0, 0]",,"[0, 0, 0, 0, 0]",,0,0,0,103471,442,0,,0,0,0,,,0,0,,,0.003328294267364316,complete_windows,0,003_00,442,"[438, 439, 440, 441, 442]",206,0.9970703125,2042,2048,0.12498576825389081,synthetic/pilot_v2_r1/train/003,00000,293998
1,"[0, 0, 0, 0, 0]",,"[0, 0, 0, 0, 0]",,0,0,0,103718,443,0,,0,0,0,,,0,0,,,0.0024930703780523477,complete_windows,0,003_00,443,"[439, 440, 441, 442, 443]",206,0.9970703125,2042,2048,0.15034847223866057,synthetic/pilot_v2_r1/train/003,00000,297576
1,"[0, 0, 0, 0, 0]",,"[0, 0, 0, 0, 0]",,0,0,0,103877,444,0,,0,0,0,,,0,0,,,0.0016898683915838307,complete_windows,0,003_00,444,"[440, 441, 442, 443, 444]",206,0.99658203125,2041,2048,0.1673816374807703,synthetic/pilot_v2_r1/train/003,00000,297478
1,"[0, 0, 0, 0, 0]",,"[0, 0, 0, 0, 0]",,0,0,0,103907,445,0,,0,0,0,,,0,0,,,0.001401483341461356,complete_windows,0,003_00,445,"[441, 442, 443, 444, 445]",206,1.0,2048,2048,0.19852003962339915,synthetic/pilot_v2_r1/train/003,00000,302619
1,"[0, 0, 0, 0, 0]",,"[0, 0, 0, 0, 0]",,0,0,0,104043,446,0,,0,0,0,,,0,0,,,0.0014860919458639234,complete_windows,0,003_00,446,"[442, 443, 444, 445, 446]",206,0.99755859375,2043,2048,0.21712606908791965,synthetic/pilot_v2_r1/train/003,00000,307905
1,"[0, 0, 0, 0, 0]",,"[0, 0, 0, 0, 0]",,0,0,0,104144,447,0,,0,0,0,,,0,0,,,0.002889644915547066,complete_windows,0,003_00,447,"[443, 444, 445, 446, 447]",206,0.98974609375,2027,2048,0.23009684059157395,synthetic/pilot_v2_r1/train/003,00000,313048
1,"[0, 0, 0, 0, 0]",,"[0, 0, 0, 0, 0]",,0,0,0,104439,448,0,,0,0,0,,,0,0,,,0.003932411652664263,complete_windows,0,003_00,448,"[444, 445, 446, 447, 448]",206,0.99169921875,2031,2048,0.2497798923648445,synthetic/pilot_v2_r1/train/003,00000,321497
