threshold,recall,precision,tp,fp
41.0,0.0006057212082423799,0.726027397260274,53,20
40.75,0.0013828729471193955,0.7469135802469136,121,41
40.5,0.0019885941553617757,0.7631578947368421,174,54
40.25,0.002491457045223374,0.7813620071684588,218,61
40.0,0.003325752294311935,0.8243626062322946,291,62
39.75,0.004217191053612041,0.8561484918793504,369,62
39.5,0.005245774237419856,0.8809980806142035,459,62
39.25,0.0063543583355238345,0.8996763754045307,556,62
39.0,0.0076572303683470665,0.9153005464480874,670,62
38.75,0.009222962548143407,0.9286536248561565,807,62
38.5,0.010582978091178185,0.937246963562753,926,62
38.25,0.011862992719916799,0.9436363636363636,1038,62
38.0,0.013325866581332358,0.9495114006514658,1166,62
37.75,0.014434450679436337,0.9524886877828054,1263,63
37.5,0.015885895838809585,0.956641431520991,1390,63
37.25,0.017417341912479,0.9603024574669187,1524,63
37.0,0.01888021577389456,0.963265306122449,1652,63
36.75,0.020388804443479354,0.9653679653679653,1784,64
36.5,0.02188596441102184,0.9671717171717171,1915,65
36.25,0.023634555823495124,0.9690721649484536,2068,66
36.0,0.02525743151350301,0.9701492537313433,2210,68
35.75,0.02733745528520326,0.9723577235772358,2392,68
35.5,0.0292803346323958,0.973404255319149,2562,70
35.25,0.03138321580818067,0.9744499645138396,2746,72
35.0,0.03331466645333089,0.9752425560388089,2915,74
34.75,0.03514325878010034,0.9755710659898477,3075,77
34.5,0.037406141784477535,0.9764319809069213,3273,79
34.25,0.03953188036434702,0.9776710005652911,3459,79
34.0,0.04195476519731654,0.9789333333333333,3671,79
33.75,0.04440050743437068,0.9795763993948563,3885,81
33.5,0.04681196356529789,0.9792015300023906,4096,87
33.25,0.049063417867632776,0.9796896394340484,4293,89
33.0,0.05152058880672922,0.980426272292301,4508,90
32.75,0.05398918844786797,0.9802863664660718,4724,95
32.5,0.056457788089006734,0.980742505459599,4940,97
32.25,0.05872067109338393,0.9805343511450382,5138,102
32.0,0.06059497822832261,0.9807621161672216,5302,104
31.875,0.06209213819586509,0.9808629716555335,5433,106
31.75,0.06352072595115373,0.9809389339922344,5558,108
31.625,0.0647435970696808,0.9801038062283737,5665,115
31.5,0.06605789780454634,0.980325644504749,5780,116
31.375,0.0674064846455388,0.9802227023433605,5898,119
31.25,0.06873221408244666,0.9799576340231383,6014,123
31.125,0.07014937313569299,0.9798850574712644,6138,126
31.0,0.07166939050732009,0.980150046889653,6271,127
30.875,0.07312083566669333,0.9802359430059752,6398,129
30.75,0.07453799471993966,0.9801623083859333,6522,132
30.625,0.07605801209156676,0.9802621888348799,6655,134
30.5,0.07789803312037852,0.9805783340526543,6816,135
30.375,0.079395193087921,0.980383855489698,6947,139
30.25,0.08100664007588658,0.9802240354031254,7088,143
30.125,0.08246951393730215,0.9803015894579541,7216,145
30.0,0.08401238871301386,0.9800026663111585,7351,150
29.875,0.08536097555400633,0.9794125360608444,7469,157
29.75,0.08673241979908342,0.979478575116159,7589,159
29.625,0.08824100846866821,0.9795737122557726,7721,161
29.5,0.08968102492599915,0.9794058911632552,7847,165
29.375,0.09122389970171088,0.9795066879371702,7982,167
29.25,0.09284677539171876,0.9797395079594791,8124,168
29.125,0.09437822146538817,0.9793643263757116,8258,174
29.0,0.09598966845335376,0.9795894564963844,8399,175
28.875,0.09765825895153088,0.979706489337308,8545,177
28.75,0.09910970411090413,0.9794443189518861,8672,182
28.625,0.10051543446210814,0.9797259663584716,8795,182
28.5,0.10212688145007372,0.9791803637957485,8936,190
28.375,0.10388690156458931,0.9789983844911146,9090,195
28.25,0.10529263191579333,0.9787527886964836,9213,200
28.125,0.10714408164664739,0.9786012526096033,9375,205
28.0,0.10872124252848604,0.9788044037452412,9513,206
27.875,0.11051554874912856,0.9788440125518777,9670,209
27.75,0.11200128001462874,0.9789231844970533,9800,211
27.625,0.11364701310872125,0.9786438342682807,9944,217
27.5,0.1152241739905599,0.9784549689440993,10082,222
27.375,0.11710990982754088,0.9784207008498043,10247,226
27.25,0.11882421513388725,0.9784490871447393,10397,229
27.125,0.1204128047177682,0.9782729805013928,10536,234
27.0,0.12195567949347992,0.9779142228739003,10671,241
26.875,0.12390998754271478,0.9779020474429512,10842,245
26.75,0.12553286323272267,0.977659101023587,10984,251
26.625,0.12708716671047668,0.9771528998242531,11120,260
26.5,0.12875575720865381,0.9771879607945182,11266,263
26.375,0.1303786328986617,0.9767959585580958,11408,271
26.25,0.1319215076743734,0.9766477705389627,11543,276
26.125,0.1336472416827621,0.9762083646381167,11694,285
26.0,0.13495011371558532,0.97610977928412,11808,289
25.875,0.13664156161784707,0.9756017951856385,11956,299
25.75,0.13816157898947418,0.9753126260588947,12089,306
25.625,0.13973873987131283,0.9751176329850866,12227,312
25.5,0.1413501868592784,0.9749329970045719,12368,318
25.375,0.14317877918604785,0.9747899159663865,12528,324
25.25,0.1446530817495057,0.974665023871862,12657,329
25.125,0.14636738705585206,0.9745833650407123,12807,334
25.0,0.14810454976628304,0.9745807324960517,12959,338
24.875,0.1500817152196025,0.9743285353910076,13132,346
24.75,0.1518417353341181,0.9738327347357619,13286,357
24.625,0.15330460919553365,0.9737224157955865,13414,362
24.5,0.1549960570977954,0.9735821966977746,13562,368
24.375,0.15676750591435332,0.9731819794253281,13717,378
24.25,0.15831038069006503,0.9728211250790083,13852,387
24.125,0.15995611378415753,0.9727550736725049,13996,392
24.0,0.16139613024148847,0.9720539647577092,14122,406
23.875,0.1629504337192425,0.9715181248296538,14258,418
23.75,0.16474473993988503,0.9712302924134214,14415,427
23.625,0.1666076183727814,0.9709604369255361,14578,436
23.5,0.16841335329546622,0.9706231063101041,14736,446
23.375,0.17035623264265878,0.9703795325825142,14906,455
23.25,0.17217339626738593,0.9699330414627865,15065,467
23.125,0.17387627287168997,0.9691680468849535,15214,484
23.0,0.1755677207739517,0.9690279442376837,15362,491
22.875,0.17712202425170573,0.9688672168042011,15498,498
22.75,0.17882490085600977,0.9686745496192658,15647,506
22.625,0.18071063669299078,0.9682792406613595,15812,518
22.5,0.18242494199933715,0.9677458469746575,15962,532
22.375,0.1841621047097681,0.9673430183695522,16114,544
22.25,0.18613927016308757,0.9671040912059854,16287,554
22.125,0.18784214676739164,0.9667666607846597,16436,565
22.0,0.1895907381798649,0.966218183936164,16589,580
21.875,0.19137361569846512,0.965296593070848,16745,602
21.75,0.19346506817220768,0.9648332858364206,16928,617
21.625,0.1950079429479194,0.964174718878906,17063,634
21.5,0.19730511205842352,0.9637693295372076,17264,649
21.375,0.19899655996068527,0.9634794156706508,17412,660
21.25,0.20114515594463936,0.9629589101055972,17600,677
21.125,0.20335089543880502,0.9621478397231384,17793,700
21.0,0.205385204402336,0.9612216516902011,17971,725
20.875,0.2071337958148093,0.9603136756212579,18124,749
20.75,0.20945382232939805,0.9598303131873888,18327,767
20.625,0.21130527206025213,0.9592217898832684,18489,786
20.5,0.21327100881152927,0.9585473597698788,18661,807
20.375,0.21527103166893335,0.9578925956061839,18836,828
20.25,0.21715676750591437,0.9565064183236849,19001,864
20.125,0.21927107738374152,0.9560494319314331,19186,882
20.0,0.22116824192276482,0.954946952874414,19352,913
19.875,0.22306540646178813,0.953958944281525,19518,942
19.75,0.22523685984982686,0.9528137690968865,19708,976
19.625,0.22730545491948478,0.9519000670048818,19889,1005
19.5,0.22929404907484657,0.950943217366575,20063,1035
19.375,0.23143121635675837,0.9504811077211922,20250,1055
19.25,0.23354552623458555,0.9497141794859878,20435,1082
19.125,0.23552269168790502,0.949021413769284,20608,1107
19.0,0.23760271545960526,0.948016415868673,20790,1140
18.875,0.23962559572109396,0.9465914221218962,20967,1183
18.75,0.24212848146835964,0.9459724950884086,21186,1210
18.625,0.24451708019520224,0.9445916114790287,21395,1255
18.5,0.24642567343626784,0.9438802311329014,21562,1282
18.375,0.24874569995085657,0.9426566763393824,21765,1324
18.25,0.2510885838695299,0.9418270673468513,21970,1357
18.125,0.25311146413101865,0.9407841637993288,22147,1394
18.0,0.25527148881701506,0.939592798250042,22336,1436
17.875,0.257488657013223,0.9386326709161354,22530,1473
17.75,0.25979725482576943,0.9374407192049157,22732,1517
17.625,0.26207156653218894,0.9366473327342537,22931,1551
17.5,0.26424301992022764,0.935429056924384,23121,1596
17.375,0.26633447239397023,0.9345149777439147,23304,1633
17.25,0.2687230711208128,0.9337966640190627,23513,1667
17.125,0.27096309672110536,0.9327641828625384,23709,1709
17.0,0.27334026674590567,0.9317464646071136,23917,1752
16.875,0.27559172104824053,0.9307909059327595,24114,1793
16.75,0.2777860318403639,0.9298748995753472,24306,1833
16.625,0.28012891575903726,0.9287987874194771,24511,1879
16.5,0.2824717996777106,0.9279171046703709,24716,1920
16.375,0.28464325306574934,0.9268728368873507,24906,1965
16.25,0.28681470645378804,0.925641782236648,25096,2016
16.125,0.28867758488668444,0.9247638573625248,25259,2055
16.0,0.29047189110732696,0.9241845751063598,25416,2085
15.9375,0.29137475856866935,0.9234976636360344,25495,2112
15.875,0.29248334266677334,0.9230991198961189,25592,2132
15.8125,0.29370621378530043,0.9227316792933826,25699,2152
15.75,0.29476908307523514,0.9222627476221126,25792,2174
15.6875,0.2957062366427045,0.9221941048579677,25874,2183
15.625,0.29675767723059693,0.9218916424057374,25966,2200
15.5625,0.29792340483891244,0.921326076199901,26068,2226
15.5,0.299054846341101,0.920951677049238,26167,2246
15.4375,0.300346289671882,0.9204581275612063,26280,2271
15.375,0.3013405867495629,0.9197362913352868,26367,2301
15.3125,0.3026663161864707,0.9197082826879667,26483,2312
15.25,0.30386632990091317,0.9193637621023513,26588,2332
15.1875,0.3049749139990171,0.918904958677686,26685,2355
15.125,0.30604921199099416,0.9184100418410042,26779,2379
15.0625,0.30713493868501357,0.9179219182293268,26874,2403
15.0,0.3082435227831175,0.9175994284353417,26971,2422
14.9375,0.3091921050526292,0.9170225747406956,27054,2448
14.875,0.3103578326609447,0.9165344763576226,27156,2473
14.8125,0.31156927507742943,0.9159694923226825,27262,2501
14.75,0.3128035748979988,0.9155683414732053,27370,2524
14.6875,0.314140733036949,0.9152265840908335,27487,2546
14.625,0.31521503102892606,0.9147320244096577,27581,2571
14.5625,0.3165293317637916,0.9142706235764038,27696,2597
14.5,0.31772934547823406,0.9139954630634185,27801,2616
14.4375,0.3189293591926765,0.9135430647854127,27906,2641
14.375,0.3202093738214151,0.9130250594714374,28018,2669
14.3125,0.32143224493994216,0.912645617678554,28125,2692
14.25,0.32265511605846925,0.9120041349011501,28232,2724
14.1875,0.3237294140504463,0.9114486131668704,28326,2752
14.125,0.3249065703608041,0.9108355760604896,28429,2783
14.0625,0.32633515811609276,0.9102036913072583,28554,2817
14.0,0.3273180264917313,0.9096106205932796,28640,2846
13.9375,0.328415181887793,0.9091081653959315,28736,2873
13.875,0.32960376690019316,0.9085181451612904,28840,2904
13.8125,0.33072377970033945,0.908001255098839,28938,2932
13.75,0.33176379158618957,0.9073830957739435,29029,2963
13.6875,0.33314666453330893,0.9066874027993779,29150,3000
13.625,0.3342552486314129,0.9061251045636212,29247,3030
13.5625,0.3353866901336015,0.90548921595853,29346,3063
13.5,0.3367467056766363,0.90505590367367,29465,3091
13.4375,0.3380724351135442,0.9044517825475448,29581,3125
13.375,0.33927244882798663,0.9038484959201072,29686,3158
13.3125,0.3406667504771483,0.9034096075162903,29808,3187
13.25,0.3418896215956754,0.9028490372427114,29915,3219
13.1875,0.34323820843666786,0.902542372881356,30033,3243
13.125,0.34440393604498337,0.902191485539788,30135,3267
13.0625,0.34575252288597585,0.9016212672110627,30253,3301
13.0,0.3468611069840798,0.9010480064127304,30350,3333
12.9375,0.34802683459239536,0.9005737268586976,30452,3362
12.875,0.3492954205190916,0.9001826107445806,30563,3389
12.8125,0.35042686202128026,0.8998914096205206,30662,3411
12.75,0.3516954479479765,0.8994534241370239,30773,3440
12.6875,0.35295260517263055,0.8990945879064892,30883,3466
12.625,0.35411833278094607,0.8984544900977179,30985,3502
12.5625,0.3554212048137693,0.8980623177105894,31099,3530
12.5,0.35670121944250793,0.8974867724867724,31211,3565
12.4375,0.35787837575286574,0.8969922658264108,31314,3596
12.375,0.3591126755734351,0.896593049135422,31422,3624
12.3125,0.36025554577766605,0.8961223561519218,31522,3654
12.25,0.3617069909370393,0.8956334719981889,31649,3688
12.1875,0.36290700465148173,0.895109231853418,31754,3721
12.125,0.3641641618761357,0.8947797029007891,31864,3747
12.0625,0.36529560337832434,0.8942450269982933,31963,3780
12.0,0.36648418839072444,0.8937789174424439,32067,3811
11.9375,0.3677870604235477,0.8929245283018868,32181,3859
11.875,0.3691699333706671,0.8922218539387913,32302,3902
11.8125,0.3703585183830672,0.8914012213236507,32406,3948
11.75,0.37151281728934044,0.8908712214640029,32507,3982
11.6875,0.3726328300894867,0.8903361459272002,32605,4016
11.625,0.3736156984651253,0.8895026121027427,32691,4061
11.5625,0.37488428439182164,0.8888708235102837,32802,4101
11.5,0.37594715368175635,0.8884297520661157,32895,4131
11.4375,0.3771471673961988,0.8877888676656533,33000,4171
11.375,0.37846146813106435,0.8873971648310421,33115,4202
11.3125,0.37957005222916834,0.8868594622019279,33212,4237
11.25,0.380998639984457,0.886433737502659,33337,4271
11.1875,0.38226722591115325,0.8856409034342151,33448,4319
11.125,0.38351295443376493,0.8847319992617786,33557,4372
11.0625,0.38487296997679976,0.884186205266889,33676,4411
11.0,0.3861072697973691,0.8834497005831438,33784,4457
10.9375,0.3873872844261077,0.8826393771319949,33896,4507
10.875,0.3887130138630156,0.8819167142042214,34012,4554
10.8125,0.3899930284917542,0.8810968524877998,34124,4605
10.75,0.39157018937359284,0.8805901100030842,34262,4646
10.6875,0.393055920639093,0.879995906043703,34392,4690
10.625,0.3945530806066355,0.8796116999592336,34523,4725
10.5625,0.3957873804272049,0.8790040103558556,34631,4767
10.5,0.39718168207636656,0.8784883720930232,34753,4807
10.4375,0.39865598463982443,0.8779763402970048,34882,4848
10.375,0.4000845723951131,0.87721452376776,35007,4900
10.3125,0.4014903027463171,0.8766063630692452,35130,4945
10.25,0.4028731756934365,0.8758882870347364,35251,4995
10.1875,0.4045646235956982,0.8751730617088608,35399,5049
10.125,0.4061417844775369,0.8746492739355156,35537,5093
10.0625,0.407330369489937,0.8740680792623111,35641,5135
10.0,0.4087132424370564,0.8734582224067606,35762,5181
9.9375,0.4102104024045989,0.8730116262100501,35893,5221
9.875,0.4115475605435491,0.8724409448818897,36010,5265
9.8125,0.41327329455193773,0.8718536020831325,36161,5315
9.75,0.41495331375215716,0.8710923442335836,36308,5373
9.6875,0.4163933302094881,0.8703150753648807,36434,5429
9.625,0.4182562086423845,0.8696799030441292,36597,5484
9.5625,0.4200276574589424,0.8689854112973778,36752,5541
9.5,0.42175339146733104,0.8683467457292108,36903,5595
9.4375,0.4234448393695928,0.8676642780197649,37051,5651
9.375,0.4251591446759391,0.8668530816730747,37201,5714
9.3125,0.4267363055577778,0.8659925319479556,37339,5778
9.25,0.4282563229294049,0.8653641864117131,37472,5830
9.1875,0.4301420587663859,0.864741292160647,37637,5887
9.125,0.43179922056252074,0.8642009195086804,37782,5937
9.0625,0.43337638144435936,0.8635256074510965,37920,5993
9.0,0.4350449719425365,0.8624705455863694,38066,6070
8.9375,0.43663356152641747,0.8615984845067881,38205,6137
8.875,0.43839358164093306,0.860704108421029,38359,6208
8.8125,0.44026788877587175,0.8599651754620948,38523,6273
8.75,0.4424050560577835,0.8594200967985436,38710,6332
8.6875,0.44425650578863757,0.8586512336816063,38872,6399
8.625,0.44584509537251854,0.8575542414983184,39011,6480
8.5625,0.44770797380541494,0.8564494971578487,39174,6566
8.5,0.4495937096423959,0.8556048544956284,39339,6639
8.4375,0.4514794454793769,0.8546394652013067,39504,6719
8.375,0.453296609104104,0.8535183989670755,39663,6807
8.3125,0.45513663013291583,0.8525797473774352,39824,6886
8.25,0.457102366884193,0.851540377695927,39996,6973
8.1875,0.4593995359946971,0.8507301587301588,40197,7053
8.125,0.4615938467868204,0.8495793016407236,40389,7151
8.0625,0.46351386872992834,0.8484728033472804,40557,7243
8.0,0.4651138870158516,0.8476599112703339,40697,7314
7.96875,0.4661196127955748,0.8471636582680764,40785,7358
7.9375,0.4672853404038903,0.8468022533344379,40887,7397
7.90625,0.4681424930570635,0.8460251564533119,40962,7455
7.875,0.46929679196333673,0.8455266138165345,41063,7502
7.84375,0.4703939473593984,0.8449111138481751,41159,7555
7.8125,0.4714111018411639,0.8442252195091999,41248,7611
7.78125,0.47251968593926785,0.8435345003468396,41345,7669
7.75,0.47350255431490645,0.8428472617788266,41431,7725
7.71875,0.4747597115395604,0.8424286670316968,41541,7770
7.6875,0.47577686602132596,0.841622189875465,41630,7834
7.65625,0.4767140195887953,0.8407812783455282,41712,7899
7.625,0.4776968879644339,0.8400763742337454,41798,7957
7.59375,0.4787940433604955,0.8393909036265278,41894,8016
7.5625,0.4799826283728957,0.8389364974730829,41998,8063
7.53125,0.4810112115567035,0.8383228762075491,42088,8117
7.5,0.48205122344255363,0.837499751801918,42179,8184
7.46875,0.4832740945610807,0.8368493963981793,42286,8244
7.4375,0.484245534234677,0.8360167317785407,42371,8311
7.40625,0.48531983222665404,0.8351689415096566,42465,8381
7.375,0.48648555983496955,0.8343689358449144,42567,8450
7.34375,0.48759414393307354,0.8337372000312671,42664,8508
7.3125,0.4887370141373044,0.8328918666251168,42764,8580
7.28125,0.49000560006400073,0.8321849342986355,42875,8646
7.25,0.4911370415661893,0.8312989650836637,42974,8721
7.21875,0.4921427673459125,0.8303829688765475,43062,8796
7.1875,0.49330849495422807,0.8297099359898507,43164,8859
7.15625,0.49445136515845894,0.8291458249487341,43264,8915
7.125,0.49549137704430907,0.828555593777472,43355,8971
7.09375,0.49635995839952457,0.8276039483212012,43431,9047
7.0625,0.49747997119967086,0.8269658225202804,43529,9108
7.03125,0.4985085543834787,0.8264148083590686,43619,9162
7.0,0.4995028514611596,0.8257945055360314,43706,9220
6.96875,0.5006571503674327,0.8249905838041431,43807,9293
6.9375,0.5019371649961714,0.8243519717701823,43919,9358
6.90625,0.5032057509228677,0.8237759359389324,44030,9419
6.875,0.5044629081475217,0.8231849461964529,44140,9481
6.84375,0.5055943496497103,0.8223168147514778,44239,9559
6.8125,0.5066800763437297,0.8217608897126969,44334,9616
6.78125,0.5078572326540874,0.8212041691306919,44437,9675
6.75,0.5089201019440223,0.8206630913547484,44530,9731
6.71875,0.5100858295523377,0.8201396545387725,44632,9788
6.6875,0.5110801266300187,0.8194645507687233,44719,9852
6.65625,0.5122915690465034,0.8186167978523294,44825,9932
6.625,0.5134687253568612,0.8177648343647616,44928,10012
6.59375,0.514531594646796,0.8167222988172121,45021,10103
6.5625,0.5158458953816615,0.8159369463827326,45136,10182
6.53125,0.5169087646715963,0.8150837988826816,45229,10261
6.5,0.5182116367044195,0.8141597687321567,45343,10350
6.46875,0.5192973633984388,0.8131061880390823,45438,10444
6.4375,0.5204516623047121,0.8124275239505468,45539,10514
6.40625,0.5216859621252814,0.8112282073610692,45647,10622
6.375,0.5227716888193008,0.8102095400038968,45742,10715
6.34375,0.5243374209990971,0.809339001887558,45879,10808
6.3125,0.5253660041829049,0.8081893141581251,45969,10910
6.28125,0.5263831586646704,0.8072278598594388,46058,10999
6.25,0.5275831723791129,0.8063406113537118,46163,11087
6.21875,0.5287146138813015,0.8055512023542113,46262,11167
6.1875,0.5299489137018709,0.8047832274636398,46370,11248
6.15625,0.5313546440530749,0.803959882413972,46493,11337
6.125,0.5324632281511789,0.8029989658738366,46590,11430
6.09375,0.5337089566737906,0.8021677889240072,46699,11517
6.0625,0.5350689722168254,0.801101947229732,46818,11624
6.03125,0.5362232711230985,0.8002831411612199,46919,11709
6.0,0.5374347135395833,0.7995137460258088,47025,11792
5.96875,0.5386232985519834,0.79847180807807,47129,11895
5.9375,0.5400061714991028,0.7974548952760291,47250,12001
5.90625,0.5413890444462223,0.7964457446450789,47371,12107
5.875,0.5429547766260185,0.795325945022935,47508,12226
5.84375,0.544189076446588,0.7944076477752382,47616,12323
5.8125,0.5455719493937073,0.793553427754505,47737,12419
5.78125,0.5471833963816729,0.7922623775483187,47878,12554
5.75,0.54855484062675,0.7914584879215104,47998,12647
5.71875,0.5499948570840809,0.7903302622719285,48124,12767
5.6875,0.5512748717128195,0.7893177987596341,48236,12875
5.65625,0.5526463159578967,0.7882117067922868,48356,12993
5.625,0.5539377592886776,0.7870899642741149,48469,13111
5.59375,0.5551492017051624,0.7860032362459547,48575,13225
5.5625,0.5565092172481971,0.7850452222419269,48694,13333
5.53125,0.5580292346198242,0.7839538878987846,48827,13456
5.5,0.559274963142436,0.7828382204731967,48936,13575
5.46875,0.5605549777711746,0.7816414342629482,49048,13702
5.4375,0.5620292803346324,0.7806988299915861,49177,13814
5.40625,0.5633207236654133,0.7796830016767377,49290,13928
5.375,0.5646693105064058,0.778728702696739,49408,14039
5.34375,0.5659493251351444,0.7776381909547738,49520,14160
5.3125,0.5672750545720523,0.7763874116248514,49636,14296
5.28125,0.5685207830946639,0.7751944024559381,49745,14426
5.25,0.5698007977234025,0.7739606942159024,49857,14561
5.21875,0.5712751002868605,0.7729514914410305,49986,14683
5.1875,0.5726465445319375,0.7716331716331717,50106,14829
5.15625,0.5739837026708877,0.7703150403386607,50223,14975
5.125,0.575435147830261,0.7693953332008985,50350,15091
5.09375,0.5767037337569573,0.7683090228082463,50461,15217
5.0625,0.5780408918959073,0.767135338459905,50578,15353
5.03125,0.579503765757323,0.7661368306539345,50706,15478
5.0,0.5807723516840192,0.7650973366054894,50817,15602
4.96875,0.5818809357821232,0.763809295208377,50914,15744
4.9375,0.5833438096435388,0.7627202223517282,51042,15879
4.90625,0.5847609686967851,0.7613761495193595,51166,16036
4.875,0.5860752694316507,0.7601577207571782,51281,16180
4.84375,0.5874467136767277,0.7589664082687338,51401,16324
4.8125,0.5887495857095509,0.7577741166779441,51515,16467
4.78125,0.590155316060755,0.7565674768874628,51638,16615
4.75,0.5915153316037898,0.755212817182963,51757,16776
4.71875,0.5926010582978091,0.7538600215172574,51852,16930
4.6875,0.5939496451388016,0.7525013393568192,51970,17093
4.65625,0.5952753745757094,0.7511789901786873,52086,17253
4.625,0.5966582475228288,0.7500251411495971,52207,17400
4.59375,0.5979839769597367,0.7486907248948287,52323,17563
4.5625,0.5991154184619253,0.7474122444324047,52422,17716
4.53125,0.6004640053029178,0.7458936100739647,52540,17899
4.5,0.6018354495479948,0.7447004086942995,52660,18053
4.46875,0.6029783197522257,0.7433079740772048,52760,18220
4.4375,0.6044411936136413,0.7421314810917,52888,18377
4.40625,0.605686922136253,0.7404814799290216,52997,18574
4.375,0.6071269385935839,0.7390306335382989,53123,18759
4.34375,0.6085898124549994,0.7377017385883494,53251,18934
4.3125,0.6098926844878227,0.7362314441807847,53365,19119
4.28125,0.6113784157533229,0.7349122831119231,53495,19296
4.25,0.6129098618269924,0.7336087438272028,53629,19474
4.21875,0.6139955885210117,0.7323636462777922,53724,19633
4.1875,0.6155156058926388,0.7311467397944639,53857,19804
4.15625,0.6168413353295467,0.7296212182658772,53973,20001
4.125,0.6182699230848353,0.728170890931851,54098,20195
4.09375,0.6197327969462508,0.7267342125013402,54226,20390
4.0625,0.6210128115749894,0.725319023973517,54338,20578
4.03125,0.6222813975016858,0.7236516838999495,54449,20793
4.0,0.6231956936650704,0.7224584972905653,54529,20948
3.984375,0.6239042731916936,0.721702228920441,54591,21051
3.96875,0.6245214231019783,0.720910290237467,54645,21155
3.953125,0.6252642887347284,0.7202285353202917,54710,21252
3.9375,0.6260185830695207,0.7195061079732037,54776,21354
3.921875,0.62665859038389,0.7188065336514512,54832,21450
3.90625,0.6274814569309364,0.7182908800711697,54904,21533
3.890625,0.6282586086698134,0.7176501305483028,54972,21628
3.875,0.6290243317066481,0.7170177564127617,55039,21722
3.859375,0.6297100538291867,0.7162504712259675,55099,21828
3.84375,0.6303386324415137,0.7153659580539307,55154,21945
3.828125,0.6309329249477137,0.7147240455198663,55206,22035
3.8125,0.6315843609641253,0.7139922480620156,55263,22137
3.796875,0.6322472256825792,0.7132947380636178,55321,22236
3.78125,0.6329329478051178,0.7125707668553782,55381,22339
3.765625,0.6335158116092755,0.71167030427526,55432,22458
3.75,0.6342929633481525,0.7110188708251662,55500,22557
3.734375,0.6350701150870296,0.7103066559292353,55568,22663
3.71875,0.6358472668259065,0.709670012883146,55636,22761
3.703125,0.636601561160699,0.7089203670472045,55702,22871
3.6875,0.637344426793449,0.7080354989017686,55767,22996
3.671875,0.6381330072343684,0.7072772183165495,55836,23109
3.65625,0.6388873015691607,0.7064309453704523,55902,23231
3.640625,0.6396301672019109,0.7057896263414757,55967,23330
3.625,0.6404416050469148,0.7050844898524101,56038,23439
3.609375,0.6410816123612841,0.7042472787535624,56094,23557
3.59375,0.6418587641001612,0.7035376058525831,56162,23666
3.578125,0.6425444862226997,0.702836498193592,56222,23771
3.5625,0.6432873518554498,0.7020692751923965,56287,23886
3.546875,0.6440759322963691,0.7013989147209638,56356,23992
3.53125,0.6446816535046115,0.7006110738505105,56409,24105
3.515625,0.645401661733277,0.6997596094272757,56472,24230
3.5,0.6462130995782809,0.6990110025961181,56543,24347
3.484375,0.6471159670396233,0.6983731514486229,56622,24455
3.46875,0.6478016891621619,0.6976503747830689,56682,24565
3.453125,0.6484531251785735,0.6969023287805837,56739,24677
3.4375,0.6490931324929428,0.6961195273814776,56795,24793
3.421875,0.6497331398073121,0.6953740398258231,56851,24905
3.40625,0.6505102915461891,0.6945491818281656,56919,25032
3.390625,0.6513560154973199,0.6938097267027816,56993,25152
3.375,0.6521103098321124,0.6929429338255833,57059,25284
3.359375,0.6529903198893702,0.692188408606319,57136,25408
3.34375,0.6537331855221202,0.6914011507034763,57201,25531
3.328125,0.6545560520691664,0.6906685639863007,57273,25651
3.3125,0.6554360621264244,0.6898169308859968,57350,25788
3.296875,0.6561789277591744,0.6890489048904891,57415,25910
3.28125,0.6568189350735437,0.6881435892523589,57471,26045
3.265625,0.6575618007062938,0.6872924480970924,57536,26178
3.25,0.6583618098492554,0.6865703661327232,57606,26298
3.234375,0.6589789597595401,0.685693899393507,57660,26430
3.21875,0.6596532531800363,0.6847506287666683,57719,26573
3.203125,0.6604761197270826,0.6839171597633136,57791,26709
3.1875,0.6612418427639173,0.683262674334841,57858,26821
3.171875,0.6620989954170905,0.6826891350459581,57933,26927
3.15625,0.6628304323477983,0.681860399496808,57997,27060
3.140625,0.6636304414907599,0.6812736850750296,58067,27166
3.125,0.6643961645275946,0.680534744334145,58134,27290
3.109375,0.6649904570337947,0.6797985816597152,58186,27407
3.09375,0.6658361809849256,0.6790447218434211,58260,27537
3.078125,0.6667504771483103,0.6781986003580479,58340,27682
3.0625,0.6674019131647219,0.6774043871147355,58397,27810
3.046875,0.6682133510097258,0.6765798396148905,58468,27949
3.03125,0.6690476462588144,0.67565758341701,58541,28102
3.015625,0.6698933702099452,0.6748603995164354,58615,28240
3.0,0.6708305237774146,0.6741357528425405,58697,28373
2.984375,0.6717562486428417,0.6733569325589122,58778,28513
2.96875,0.6724191133612956,0.6724421687848587,58836,28660
2.953125,0.6733334095246802,0.6718284964935287,58916,28779
2.9375,0.6744077075166574,0.6711096452819889,59010,28919
2.921875,0.675322003680042,0.6705476498490729,59090,29032
2.90625,0.6760762980148345,0.669677930605083,59156,29179
2.890625,0.67694487937005,0.6689328831016297,59232,29315
2.875,0.6780306060640693,0.6682774623772191,59327,29449
2.859375,0.6788649013131579,0.6673332509465122,59400,29611
2.84375,0.679756340072458,0.6663305774013578,59478,29784
2.828125,0.6805449205133773,0.6655675772343184,59547,29921
2.8125,0.6815049314849313,0.6646418261460784,59631,30088
2.796875,0.6822363684156391,0.6637792999154917,59695,30237
2.78125,0.6831392358769814,0.6627490547837367,59774,30417
2.765625,0.684007817232197,0.6619623284262219,59850,30563
2.75,0.6850592578200894,0.6611444454248654,59942,30722
2.734375,0.6859964113875587,0.6604099505990824,60024,30865
2.71875,0.686853564040732,0.6594936847765256,60099,31030
2.703125,0.6877335740979897,0.6587627398819884,60176,31171
2.6875,0.6886364415593321,0.6580571178943919,60255,31310
2.671875,0.6896078812329284,0.6571409901766461,60340,31482
2.65625,0.6903621755677207,0.6563301316876005,60406,31630
2.640625,0.6913793300494863,0.6554810328201016,60495,31796
2.625,0.6923621984251248,0.6548093863830431,60581,31936
2.609375,0.6933450668007635,0.6540634366172887,60667,32087
2.59375,0.6943165064743597,0.6530717549045956,60752,32273
2.578125,0.6952536600418291,0.6523823311778142,60834,32415
2.5625,0.6961108126950022,0.6516422381512785,60909,32561
2.546875,0.6968536783277524,0.650729447924782,60974,32727
2.53125,0.6978594041074755,0.6499137875981863,61062,32892
2.515625,0.698876558589241,0.6489822342028739,61151,33075
2.5,0.6999394278791757,0.6480777981185384,61244,33257
2.484375,0.7007394370221374,0.6470656521417942,61314,33443
2.46875,0.7017108766957336,0.6462440400383122,61399,33610
2.453125,0.7026594589652453,0.6453786805227523,61482,33783
2.4375,0.7034023245979955,0.6446332062507856,61547,33929
2.421875,0.7044080503777186,0.6438353302483,61635,34096
2.40625,0.7052194882227225,0.6429382651732222,61706,34269
2.390625,0.7061566417901919,0.6420266212242438,61788,34451
2.375,0.7069337935290689,0.6409284012019479,61856,34654
2.359375,0.7078366609904113,0.6401418058541426,61935,34817
2.34375,0.7088652441742191,0.6392682298376707,62025,35000
2.328125,0.7096766820192231,0.6382961226923235,62096,35188
2.3125,0.7106824077989463,0.6372878576699188,62184,35392
2.296875,0.711482416941908,0.6364008096338247,62254,35568
2.28125,0.7124652853175465,0.6353380010395329,62340,35781
2.265625,0.7134710110972697,0.634353534121855,62428,35984
2.25,0.7143853072606544,0.6334606848607072,62508,36169
2.234375,0.7151738877015738,0.6324870120681639,62577,36361
2.21875,0.7160538977588315,0.631637313116853,62654,36539
2.203125,0.7169110504120048,0.630714781262254,62729,36728
2.1875,0.7178253465753894,0.6296767854994586,62809,36939
2.171875,0.7186939279306049,0.6288059835811494,62885,37122
2.15625,0.7195282231796934,0.6278283588787283,62958,37321
2.140625,0.7204310906410359,0.6268969906716789,63037,37517
2.125,0.721288243294209,0.6258627528758429,63112,37728
2.109375,0.7221682533514668,0.6249282987519038,63189,37925
2.09375,0.7228539754740054,0.6236036480157752,63249,38176
2.078125,0.7238482725516863,0.6225096566839979,63336,38407
2.0625,0.724762568715071,0.6214635006810855,63416,38627
2.046875,0.7258140093029635,0.6205346673962323,63508,38836
2.03125,0.726796877678602,0.6196494168314999,63594,39035
2.015625,0.7278368895644521,0.6187575298278342,63685,39239
2.0,0.7285911838992446,0.6180057388809183,63751,39405
1.9921875,0.7290826180870639,0.6175186579805821,63794,39513
1.984375,0.7294483365524177,0.6170340293890177,63826,39614
1.9765625,0.7298940559320678,0.616552749459376,63865,39719
1.96875,0.7303854901198871,0.6160816712135965,63908,39825
1.9609375,0.7308426382015795,0.6154941913625995,63948,39949
1.953125,0.7313683584955256,0.6150844378658413,63994,40047
1.9453125,0.7317340769608796,0.6146063317142473,64026,40148
1.9375,0.7322369398507411,0.6142150471661937,64070,40242
1.9296875,0.7326483731242642,0.6137305773888735,64106,40347
1.921875,0.7329912341855336,0.613166599743781,64136,40462
1.9140625,0.7334255248631413,0.6126162246787712,64174,40580
1.90625,0.7338712442427914,0.6121470380750824,64213,40685
1.8984375,0.7342369627081452,0.6116124978579996,64245,40797
1.890625,0.7349112561286415,0.6111966543104268,64304,40906
1.8828125,0.7353798329123762,0.6106808647950952,64345,41021
1.875,0.7358826958022378,0.6101950304201967,64389,41133
1.8671875,0.7363055577778032,0.6097251665657177,64426,41238
1.859375,0.7367169910513263,0.6091492397682924,64462,41361
1.8515625,0.7371169956228071,0.6085139304280552,64497,41494
1.84375,0.7376198585126688,0.6080971583628552,64541,41595
1.8359375,0.7381227214025303,0.607601486429277,64585,41710
1.828125,0.738591298186265,0.6071190357642771,64626,41821
1.8203125,0.7390598749699997,0.6066664164962381,64667,41927
1.8125,0.7394484508394382,0.6059961786303012,64701,42067
1.8046875,0.7399398850272575,0.6054745583600639,64744,42187
1.796875,0.7403056034926113,0.6048857014791573,64776,42312
1.7890625,0.7408656098926845,0.6043556491986986,64825,42438
1.78125,0.74128847186825,0.6037549683052378,64862,42569
1.7734375,0.7416656190356461,0.6031974717665102,64895,42690
1.765625,0.7421684819255078,0.6025870628299943,64939,42828
1.7578125,0.7425684864969886,0.6020738159882132,64974,42943
1.75,0.7429113475582578,0.6015379917270481,65004,43059
1.7421875,0.7433913530440348,0.6009867691625397,65046,43186
1.734375,0.7439742168481925,0.6003929019405297,65097,43327
1.7265625,0.7443513640155888,0.5998452725229789,65130,43448
1.71875,0.7447970833952388,0.5993268160791635,65169,43568
1.7109375,0.7452656601789734,0.5987787521234104,65210,43695
1.703125,0.7457685230688351,0.5982763362977904,65254,43816
1.6953125,0.7461113841301044,0.5976855751272567,65284,43944
1.6875,0.7465685322117968,0.5971933994606208,65324,44061
1.6796875,0.7470142515914467,0.5965954728002921,65363,44197
1.671875,0.7474599709710968,0.5959885909037062,65402,44335
1.6640625,0.7479514051589161,0.5955229992265344,65445,44450
1.65625,0.7483856958365238,0.5949754679265855,65483,44577
1.6484375,0.7488542726202585,0.5944298285403248,65524,44706
1.640625,0.7493114207019509,0.5938015106779937,65564,44850
1.6328125,0.7497799974856856,0.5932004159320041,65605,44990
1.625,0.7502828603755471,0.5926016194112709,65649,45132
1.6171875,0.7507057223511125,0.5921231734470356,65686,45247
1.609375,0.7513000148573127,0.5915680539932509,65738,45387
1.6015625,0.7518143064492165,0.5910422282120396,65783,45517
1.59375,0.7522714545309089,0.5904573099625038,65823,45655
1.5859375,0.7527628887187282,0.5900385201110813,65866,45764
1.578125,0.7531171784820397,0.5894344213172089,65897,45900
1.5703125,0.7536543274780283,0.5889487268797614,65944,46025
1.5625,0.7540429033474668,0.5882961364588813,65978,46173
1.5546875,0.7545229088332438,0.5877535031960543,66020,46306
1.546875,0.7550943439353592,0.5871531912624638,66070,46456
1.5390625,0.7555972068252209,0.5865486128977883,66114,46603
1.53125,0.7560200688007863,0.5859982637350956,66151,46735
1.5234375,0.7565343603926902,0.5854374684932476,66196,46875
1.515625,0.7570143658784672,0.5848778377232872,66238,47013
1.5078125,0.7573572269397365,0.5841523937131423,66268,47175
1.5,0.7577915176173442,0.5836179276836954,66306,47306
1.4921875,0.7582600944010789,0.5830755439940942,66347,47441
1.484375,0.7588543869072789,0.582411606304876,66399,47608
1.4765625,0.7593115349889713,0.5818234361727281,66439,47752
1.46875,0.7598029691767906,0.5812684701068425,66482,47892
1.4609375,0.7603629755768637,0.5807118916276797,66531,48037
1.453125,0.7608086949565138,0.5800902769305843,66570,48188
1.4453125,0.7613115578463754,0.5794184418137378,66614,48353
1.4375,0.7617001337158139,0.5788230389772806,66648,48496
1.4296875,0.7621915679036332,0.5782172552215643,66691,48648
1.421875,0.7627287168996217,0.5777031413657886,66738,48785
1.4140625,0.7631630075772294,0.5771926943323162,66776,48915
1.40625,0.7636772991691334,0.5764953541140032,66821,49088
1.3984375,0.7640658750385718,0.5758596334068358,66855,49241
1.390625,0.7645115944182219,0.5752689559092903,66894,49389
1.3828125,0.7650030286060412,0.5747539970119009,66937,49525
1.375,0.7653916044754797,0.5741979182742597,66971,49663
1.3671875,0.7658373238551298,0.5735733422352327,67010,49819
1.359375,0.7664316163613298,0.5729884910158153,67062,49977
1.3515625,0.766991622761403,0.5724338525051604,67111,50127
1.34375,0.7674373421410531,0.5717715978951312,67150,50292
1.3359375,0.76776877450028,0.5710363469450206,67179,50465
1.328125,0.76821449387993,0.5703933132504561,67218,50627
1.3203125,0.7686716419616224,0.5698381767347285,67258,50772
1.3125,0.769174504851484,0.569241569469936,67302,50929
1.3046875,0.7697345112515571,0.5687468333051849,67351,51069
1.296875,0.7701002297169111,0.5680816085655271,67383,51232
1.2890625,0.7705230916924765,0.5674510992155675,67420,51392
1.28125,0.7709573823700843,0.5668548956337602,67458,51546
1.2734375,0.7714488165579035,0.5662455539896651,67501,51707
1.265625,0.7719173933416382,0.5655931266643219,67542,51876
1.2578125,0.772317397913119,0.5649778446618176,67577,52033
1.25,0.7728659756111499,0.5643929593803988,67625,52194
1.2421875,0.7734031246071383,0.5638158716933972,67672,52353
1.234375,0.7737688430724923,0.5632752897326888,67704,52493
1.2265625,0.7742717059623538,0.5626442986462918,67748,52662
1.21875,0.7746374244277078,0.5620138969502994,67780,52822
1.2109375,0.7750945725094001,0.5614006042796242,67820,52985
1.203125,0.775574577995177,0.5607456557126449,67862,53159
1.1953125,0.775940296460531,0.560075233247816,67894,53329
1.1875,0.7763288723299695,0.5594004776414395,67928,53502
1.1796875,0.7766717333912387,0.5586216533912028,67958,53695
1.171875,0.7770031657504657,0.5578969826772687,67987,53876
1.1640625,0.777494599938285,0.5572118928659185,68030,54060
1.15625,0.7779288906158928,0.5565976793438708,68068,54225
1.1484375,0.7785003257180082,0.5560153782109362,68118,54393
1.140625,0.7790031886078698,0.5554269882659714,68162,54558
1.1328125,0.7794831940936467,0.554770174311255,68204,54737
1.125,0.7798946273671699,0.5541119916850721,68240,54912
1.1171875,0.7802946319386507,0.5534344957281585,68275,55091
1.109375,0.7807403513183008,0.5527872407570743,68314,55267
1.1015625,0.7812546429102046,0.5522799250258531,68359,55417
1.09375,0.7817575058000663,0.5517527868746672,68403,55571
1.0859375,0.782191796477674,0.5511790097606546,68441,55731
1.078125,0.7825575149430279,0.5505455364106357,68473,55900
1.0703125,0.7830032343226779,0.5497805275363714,68512,56105
1.0625,0.7835289546166242,0.5491141511549675,68558,56294
1.0546875,0.7840661036126128,0.5484231983692394,68605,56490
1.046875,0.784523251694305,0.5478014523980528,68645,56665
1.0390625,0.7850146858821244,0.5470793443458591,68688,56866
1.03125,0.785483262665859,0.5464788060461011,68729,57038
1.0234375,0.7857689802169168,0.5458356157858385,68754,57207
1.015625,0.7861575560863553,0.5450713153724247,68788,57412
1.0078125,0.7865804180619207,0.5443465468695625,68825,57611
1.0,0.7867975634007246,0.5438301301040358,68844,57747
0.99609375,0.7869804226334015,0.5434370856746007,68860,57852
0.9921875,0.7871747105681208,0.5430013008001892,68877,57968
0.98828125,0.7874489994171362,0.542681390000315,68901,58063
0.984375,0.7878375752865747,0.542402354200107,68935,58157
0.98046875,0.7880318632212939,0.5420626872007736,68952,58251
0.9765625,0.7882604372621401,0.5417301559873702,68972,58346
0.97265625,0.7885118687070709,0.5413926772234341,68994,58444
0.96875,0.7886832992377055,0.5410603399611115,69009,58535
0.96484375,0.7888547297683403,0.5407285546415981,69024,58626
0.9609375,0.7891290186173556,0.540387399726081,69048,58727
0.95703125,0.7893004491479902,0.540052548443096,69063,58819
0.953125,0.7894490222745403,0.539694197248244,69076,58915
0.94921875,0.7896775963153865,0.5393026904254572,69096,59025
0.9453125,0.789883312952148,0.5389552157333687,69114,59123
0.94140625,0.7901347443970789,0.5386311401971096,69136,59219
0.9375,0.7903861758420097,0.538303469962794,69158,59316
0.93359375,0.7905918924787712,0.5379955047790886,69176,59405
0.9296875,0.7908090378175751,0.5376791098125757,69195,59497
0.92578125,0.7909690396461674,0.537361988912527,69209,59585
0.921875,0.7911976136870136,0.5370127603459643,69229,59686
0.91796875,0.791471902536029,0.5366494378017311,69253,59794
0.9140625,0.7916661904707483,0.5362492742403716,69270,59905
0.91015625,0.7918147635972983,0.535893568472754,69283,60002
0.90625,0.7920433376381444,0.5356298208461503,69303,60083
0.90234375,0.7922604829769483,0.5352430220437787,69322,60193
0.8984375,0.7924319135075829,0.5349004057827905,69337,60289
0.89453125,0.7926833449525137,0.53460408974942,69359,60380
0.890625,0.7928547754831484,0.5341227556896924,69374,60510
0.88671875,0.7930719208219522,0.5338128389553445,69393,60602
0.8828125,0.7933119235648407,0.5334532208235349,69414,60708
0.87890625,0.7934947827975177,0.5330804726549604,69430,60813
0.875,0.7936433559240677,0.5326527168410395,69443,60929
0.87109375,0.7938490725608293,0.5323375458872037,69461,61022
0.8671875,0.7940662178996332,0.5319491019339427,69480,61134
0.86328125,0.7942605058343524,0.5315867977205798,69497,61238
0.859375,0.7944890798751986,0.531260269156993,69517,61336
0.85546875,0.7947290826180871,0.5308446887285774,69538,61457
0.8515625,0.7949690853609755,0.5304542785458816,69559,61572
0.84765625,0.7951062297854833,0.5301334268057577,69571,61662
0.84375,0.7953576612304141,0.529828701941378,69593,61757
0.83984375,0.7955519491651333,0.5294905146577822,69610,61856
0.8359375,0.7958033806100642,0.5291708147461376,69632,61955
0.83203125,0.7959519537366141,0.5287592814734956,69645,62069
0.828125,0.796169099075418,0.5283379469872208,69664,62191
0.82421875,0.7963862444142219,0.5279695112249305,69683,62300
0.8203125,0.796683390667322,0.5276587692074786,69709,62401
0.81640625,0.7968891073040835,0.5273439568002541,69727,62496
0.8125,0.7970948239408451,0.5269938418527333,69745,62600
0.80859375,0.7973119692796489,0.5266479451641151,69764,62704
0.8046875,0.7975062572143682,0.5262201375482626,69781,62827
0.80078125,0.7977005451490874,0.5258169983878501,69798,62944
0.796875,0.7979634052960606,0.525479600514785,69821,63050
0.79296875,0.7981691219328221,0.5251960865412816,69839,63138
0.7890625,0.798386267271626,0.5248180062955924,69858,63251
0.78515625,0.7985462691002183,0.5244897499605912,69872,63347
0.78125,0.7987977005451491,0.5241905847589191,69894,63443
0.77734375,0.799014845883953,0.5237948963843145,69913,63561
0.7734375,0.7992434199247992,0.5234310093185135,69933,63672
0.76953125,0.7994377078595184,0.5229867440243438,69950,63801
0.765625,0.7997119967085338,0.5226269521768032,69974,63915
0.76171875,0.7999291420473377,0.5222812541973226,69993,64021
0.7578125,0.8001120012800146,0.5218710398807306,70009,64141
0.75390625,0.8003405753208608,0.5215069778525789,70029,64253
0.75,0.8006605789780454,0.5212147815282976,70057,64354
0.74609375,0.8007977234025532,0.5208429346614138,70069,64461
0.7421875,0.8010034400393148,0.5205240369261848,70087,64560
0.73828125,0.8012091566760763,0.5201555161488978,70105,64672
0.734375,0.8014948742271341,0.5198434465479668,70130,64776
0.73046875,0.8016548760557264,0.5195082210042956,70144,64876
0.7265625,0.8018948787986149,0.5190985965509333,70165,65002
0.72265625,0.8020777380312918,0.5187104117547062,70181,65118
0.71875,0.8022377398598841,0.5183503175306454,70195,65225
0.71484375,0.8025120287088995,0.518022603871577,70219,65333
0.7109375,0.8027634601538304,0.5176769723993072,70241,65444
0.70703125,0.8029691767905919,0.517245441093107,70259,65574
0.703125,0.8032206082355227,0.5168670711527854,70281,65694
0.69921875,0.8034491822763689,0.5164558263910316,70301,65821
0.6953125,0.803563469296792,0.5160743383097723,70311,65931
0.69140625,0.8037348998274266,0.5158285412510268,70326,66010
0.6875,0.803894901656019,0.5155266301679089,70340,66103
0.68359375,0.8041120469948227,0.5151524026387658,70359,66220
0.6796875,0.8042949062274998,0.5148360571788081,70375,66319
0.67578125,0.8044320506520074,0.5143857290060437,70387,66450
0.671875,0.804637767288769,0.5139914000160611,70405,66572
0.66796875,0.8048777700316575,0.51370967153684,70426,66667
0.6640625,0.8050149144561652,0.5133815340660622,70438,66766
0.66015625,0.8052549171990537,0.5130410089124483,70459,66877
0.65625,0.8056320643664499,0.5127175660244241,70492,66995
0.65234375,0.805860638407296,0.5123822811301012,70512,67104
0.6484375,0.8061692133624384,0.5120501168716154,70539,67219
0.64453125,0.8064777883175808,0.511655560953327,70566,67351
0.640625,0.8067292197625116,0.5112812452466663,70588,67473
0.63671875,0.8069235076972309,0.5109787517369152,70605,67571
0.6328125,0.8070720808237808,0.510621990195086,70618,67680
0.62890625,0.8073463696727963,0.5102974001863717,70642,67791
0.625,0.8075406576075155,0.5099008472007736,70659,67915
0.62109375,0.807780660350404,0.5096184350935886,70680,68012
0.6171875,0.8080320917953348,0.5092226471626226,70702,68141
0.61328125,0.8083520954525194,0.5088415994014475,70730,68272
0.609375,0.8085235259831541,0.5084885860502559,70745,68383
0.60546875,0.8087749574280849,0.5081536373624006,70767,68496
0.6015625,0.809037817575058,0.5077755143029294,70790,68622
0.59765625,0.8093578212322426,0.5074594780515069,70818,68736
0.59375,0.8095063943587927,0.5070730066005184,70831,68855
0.58984375,0.8096435387833004,0.5066801127179619,70843,68975
0.5859375,0.8098035406118927,0.5063167221642634,70857,69089
0.58203125,0.8099635424404851,0.5059178778447218,70871,69213
0.578125,0.8101692590772466,0.5055591610266797,70889,69330
0.57421875,0.8103521183099236,0.5051940834473324,70905,69447
0.5703125,0.8105692636487274,0.5047755967716682,70924,69582
0.56640625,0.8108778386038697,0.5044579375462147,70951,69697
0.5625,0.8110264117304198,0.5040056818181818,70964,69836
0.55859375,0.8113349866855621,0.5037001823483919,70991,69948
0.5546875,0.811552132024366,0.5032779333073462,71010,70085
0.55078125,0.8116435616407045,0.502910476298384,71018,70196
0.546875,0.811883564383593,0.5026036139293345,71039,70303
0.54296875,0.8120778523183122,0.5022654819715702,71056,70415
0.5390625,0.8122721402530315,0.5019634154954445,71073,70517
0.53515625,0.8124549994857084,0.5015627756023565,71089,70646
0.53125,0.8127064309306392,0.5012229074889868,71111,70764
0.52734375,0.8130150058857816,0.5008342779095882,71138,70901
0.5234375,0.8132550086286701,0.5004641807210274,71159,71027
0.51953125,0.8135292974776854,0.5001088980222714,71183,71152
0.515625,0.8137121567103625,0.499764854525673,71199,71266
0.51171875,0.8139635881552932,0.4993374511852262,71221,71410
0.5078125,0.8142721631104356,0.49894955040757444,71248,71548
0.50390625,0.8144550223431125,0.4985692997614334,71264,71673
0.5,0.8146264528737471,0.49828032156588603,71279,71771
0.498046875,0.8146835963839587,0.49808894944624954,71284,71831
0.49609375,0.814843598212551,0.49794322030939,71298,71887
0.494140625,0.8149578852329741,0.49778013570491164,71308,71944
0.4921875,0.8150721722533972,0.4975859566867604,71318,72010
0.490234375,0.815175030571778,0.49738501018102704,71327,72077
0.48828125,0.8152550314860741,0.4972257848658897,71334,72130
0.486328125,0.815323603698328,0.4969558493667888,71340,72214
0.484375,0.8154493194207934,0.49673489278752436,71351,72289
0.482421875,0.8155750351432588,0.49651074606719686,71362,72365
0.48046875,0.815769323077978,0.4963492990654206,71379,72429
0.478515625,0.8158950388004435,0.49611875160705227,71390,72507
0.4765625,0.8159864684167819,0.49592276168646243,71398,72572
0.474609375,0.8160550406290358,0.4957509442346145,71404,72628
0.47265625,0.8162264711596704,0.49561077840156,71419,72684
0.470703125,0.8162950433719243,0.4954461269535179,71425,72738
0.46875,0.8164550452005166,0.4952821358994447,71439,72800
0.466796875,0.816546474816855,0.49506645047741793,71447,72871
0.46484375,0.8166493331352358,0.4949093377290798,71456,72926
0.462890625,0.8166950479434051,0.4946800778086213,71460,72997
0.4609375,0.8169007645801666,0.49454792018376553,71478,73054
0.458984375,0.8170150516005897,0.4943674146813734,71488,73117
0.45703125,0.8170836238128436,0.4941594437302147,71494,73184
0.455078125,0.8171407673230551,0.4939481865284974,71499,73251
0.453125,0.8172779117475628,0.4937513809102961,71511,73321
0.451171875,0.817357912661859,0.493567977915804,71518,73382
0.44921875,0.8174493422781974,0.4934086629001883,71526,73437
0.447265625,0.8175636292986206,0.49325987574727465,71536,73491
0.4453125,0.8176436302129167,0.4930973402532239,71543,73546
0.443359375,0.8177122024251706,0.49282959085273453,71549,73631
0.44140625,0.817872204253763,0.49268846815834766,71563,73687
0.439453125,0.8179750625721437,0.4924656308916014,71572,73762
0.4375,0.8180550634864399,0.49223945260117596,71579,73836
0.435546875,0.8182150653150322,0.4921462009610163,71593,73878
0.43359375,0.8183064949313706,0.4919070061418816,71601,73957
0.431640625,0.8183864958456668,0.49173550881385497,71608,74015
0.4296875,0.8184779254620053,0.4915372894617634,71616,74082
0.427734375,0.818580783780386,0.491383213731974,71625,74137
0.42578125,0.8187407856089783,0.49120629718258674,71639,74204
0.423828125,0.8188665013314438,0.4909854657338057,71650,74281
0.421875,0.8189579309477822,0.4908082191780822,71658,74342
0.419921875,0.819060789266163,0.49060439898958785,71667,74412
0.41796875,0.8191979336906707,0.49042132486760903,71679,74479
0.416015625,0.8193236494131362,0.4901880341880342,71690,74560
0.4140625,0.8194379364335592,0.4899682921495736,71700,74636
0.412109375,0.81954079475194,0.48981891952813883,71709,74690
0.41015625,0.8196550817723631,0.48966647321885776,71719,74746
0.408203125,0.8197579400907439,0.4895006585547283,71728,74805
0.40625,0.8198607984091246,0.4892682494322096,71737,74884
0.404296875,0.8199407993234208,0.48903582018336117,71744,74961
0.40234375,0.8200665150458862,0.48887753363992503,71755,75020
0.400390625,0.8202493742785631,0.4887035271687321,71771,75089
0.3984375,0.820352232596944,0.4884887337266831,71780,75163
0.396484375,0.8204779483194093,0.48836418304388346,71791,75212
0.39453125,0.8205693779357478,0.4881761810220566,71799,75277
0.392578125,0.820683664956171,0.48798537586474033,71809,75345
0.390625,0.8207636658704671,0.48780090202684345,71816,75408
0.388671875,0.8208779528908902,0.48758731645724296,71826,75483
0.38671875,0.8209808112092709,0.4873638861562468,71835,75560
0.384765625,0.8211293843358209,0.4872240004340042,71848,75616
0.3828125,0.821277957462371,0.48708754710842395,71861,75671
0.380859375,0.8213465296746248,0.4869004952540972,71867,75734
0.37890625,0.8215636750134288,0.4867950593206566,71886,75786
0.376953125,0.8217236768420211,0.4865603767966868,71900,75872
0.375,0.8218151064583595,0.4863808228999682,71908,75935
0.373046875,0.8219179647767403,0.48618519344785394,71917,76004
0.37109375,0.8221122527114596,0.48605367712640885,71934,76062
0.369140625,0.8221808249237134,0.48582503815556666,71940,76138
0.3671875,0.8223408267523057,0.48562770387468196,71954,76213
0.365234375,0.8225122572829404,0.48543735160802937,71969,76287
0.36328125,0.8225694007931519,0.48525505319507556,71974,76348
0.361328125,0.8226722591115327,0.4850704529067299,71983,76414
0.359375,0.8227751174299135,0.484886039118487,71992,76480
0.357421875,0.8229008331523788,0.48470874930157726,72003,76546
0.35546875,0.823015120172802,0.48448253823020876,72013,76626
0.353515625,0.823129407193225,0.48429567567931037,72023,76694
0.3515625,0.8232665516177328,0.48412895767946074,72035,76758
0.349609375,0.8233351238299866,0.48390585327189434,72041,76833
0.34765625,0.8234722682544944,0.4837492530900253,72053,76894
0.345703125,0.8235751265728751,0.4835694298119057,72062,76959
0.34375,0.8236894135932982,0.4833575888455941,72072,77035
0.341796875,0.8238608441239328,0.4831892217977076,72087,77103
0.33984375,0.8240665607606944,0.4830443753684549,72105,77167
0.337890625,0.8241351329729483,0.48283550609645864,72111,77238
0.3359375,0.8242494199933713,0.482637471475129,72121,77310
0.333984375,0.8243637070137945,0.4824170679507758,72131,77389
0.33203125,0.8244779940342175,0.48219692665548197,72141,77468
0.330078125,0.8245808523525984,0.4820122256739152,72150,77535
0.328125,0.8246951393730214,0.48185691200235053,72160,77594
0.326171875,0.8248437124995714,0.4816510394073876,72173,77672
0.32421875,0.8250037143281638,0.4814424532643275,72187,77752
0.322265625,0.8250380004342907,0.48121212929201357,72190,77827
0.3203125,0.8251408587526715,0.4810156099055944,72199,77898
0.318359375,0.8253237179853484,0.48086270958462624,72215,77963
0.31640625,0.8255065772180253,0.4806843818003953,72231,78036
0.314453125,0.82567800774866,0.48051239757369374,72246,78106
0.3125,0.8257694373649984,0.4803260053048987,72254,78173
0.310546875,0.8259065817895062,0.4801472346984878,72266,78242
0.30859375,0.82597515400176,0.4798937583001328,72272,78328
0.306640625,0.8260551549160562,0.47970134395221503,72279,78396
0.3046875,0.8261922993405639,0.4795391075349417,72291,78460
0.302734375,0.8262608715528178,0.4792927652296126,72297,78544
0.30078125,0.8264094446793677,0.47913118957851564,72310,78609
0.298828125,0.8265465891038755,0.4789409552064846,72322,78682
0.296875,0.8266380187202139,0.47874347213121266,72330,78753
0.294921875,0.8267408770385948,0.4785718066103893,72339,78817
0.29296875,0.8268094492508485,0.4783614903957417,72345,78890
0.291015625,0.8269465936753563,0.47821949043323086,72357,78948
0.2890625,0.8271065955039486,0.47804662161715844,72371,79018
0.287109375,0.8272208825243718,0.4778822410901744,72381,79081
0.28515625,0.8273351695447948,0.4777306293761672,72391,79140
0.283203125,0.8275066000754294,0.47755858511908295,72406,79211
0.28125,0.8276551732019795,0.4773452330731913,72419,79293
0.279296875,0.8277580315203602,0.4771529461368188,72428,79364
0.27734375,0.8278837472428257,0.47697089015163985,72439,79434
0.275390625,0.8279637481571218,0.47676584206958733,72446,79507
0.2734375,0.8280666064755026,0.47658983871392113,72455,79573
0.271484375,0.8281351786877564,0.4764162108142226,72461,79635
0.26953125,0.8282380370061372,0.4762593237603917,72470,79695
0.267578125,0.8283751814306449,0.476094138975191,72482,79761
0.265625,0.8284780397490257,0.47591567696741705,72491,79828
0.263671875,0.8285808980674065,0.4757217847769029,72500,79900
0.26171875,0.8286837563857873,0.47552809858277423,72509,79972
0.259765625,0.8287408998959989,0.4753021682703652,72514,80050
0.2578125,0.8288894730225488,0.47511332966485864,72527,80125
0.255859375,0.8289923313409296,0.4749140668478083,72536,80199
0.25390625,0.8290837609572681,0.47478304121889603,72544,80250
0.251953125,0.829152333169522,0.4745458945729741,72550,80333
0.25,0.829266620189945,0.4744096032638544,72560,80388
0.2490234375,0.8293466211042412,0.4743282196759244,72567,80422
0.248046875,0.8294494794226219,0.4742134666274625,72576,80469
0.2470703125,0.8294837655287489,0.47410605803273975,72579,80507
0.24609375,0.8295180516348758,0.4740110891244294,72582,80541
0.2451171875,0.829598052549172,0.4739360938091694,72589,80573
0.244140625,0.8296780534634681,0.47384876472699977,72596,80609
0.2431640625,0.8297237682716374,0.47376045731587946,72600,80642
0.2421875,0.829780911781849,0.473694168613072,72605,80669
0.2412109375,0.8298494839941027,0.4735880929553029,72611,80710
0.240234375,0.8299409136104413,0.47351055991340807,72619,80744
0.2392578125,0.8299980571206528,0.47343511649434805,72624,80774
0.23828125,0.8300552006308644,0.47333194301429854,72629,80813
0.2373046875,0.8301580589492451,0.47327030707383977,72638,80843
0.236328125,0.8302037737574144,0.4731915448001824,72642,80873
0.2353515625,0.8302952033737528,0.4731049752539724,72650,80910
0.234375,0.8304209190962183,0.4730564652113621,72661,80938
0.2333984375,0.830489491308472,0.4729662004282711,72667,80974
0.232421875,0.8305466348186836,0.47285101731418644,72672,81017
0.2314453125,0.8306494931370644,0.47279882907789883,72681,81044
0.23046875,0.8307294940513605,0.47271521197656197,72688,81079
0.2294921875,0.8307752088595298,0.4726152085717258,72692,81116
0.228515625,0.8308094949656567,0.47249954501728936,72695,81157
0.2275390625,0.8308666384758683,0.47240615232661654,72700,81193
0.2265625,0.8309466393901644,0.47230739249058074,72707,81233
0.2255859375,0.830969496794249,0.472231423208568,72709,81260
0.224609375,0.8310380690065029,0.47210788069236864,72715,81307
0.2236328125,0.8310609264105876,0.47202279720098145,72717,81337
0.22265625,0.8310952125167145,0.4719074874430557,72720,81378
0.2216796875,0.8311409273248838,0.47178342750750907,72724,81423
0.220703125,0.8311980708350952,0.4716934631324301,72729,81458
0.2197265625,0.8312666430473491,0.47159168271381613,72735,81498
0.21875,0.8313009291534761,0.4714552383915377,72738,81546
0.2177734375,0.8313466439616453,0.4713100945963457,72742,81598
0.216796875,0.8314037874718568,0.4712295225325016,72747,81630
0.2158203125,0.8314609309820684,0.4711733999974094,72752,81654
0.21484375,0.8314952170881953,0.4710768951853099,72755,81689
0.2138671875,0.8315409318963646,0.47099910666891076,72759,81719
0.212890625,0.8315752180024915,0.4708569801528496,72762,81769
0.2119140625,0.831632361512703,0.4707370246019886,72767,81814
0.2109375,0.8316666476188299,0.47061029949103983,72770,81859
0.2099609375,0.8317466485331261,0.47050342968340886,72777,81902
0.208984375,0.8317923633412954,0.4704137231202777,72781,81936
0.2080078125,0.8318609355535492,0.47029140014214643,72787,81983
0.20703125,0.8319409364678454,0.47019687887556844,72794,82022
0.2060546875,0.8319752225739723,0.4701099766872671,72797,82054
0.205078125,0.8320209373821416,0.4700083283298793,72801,82092
0.2041015625,0.8320895095943953,0.4698893155635871,72807,82138
0.203125,0.8321580818066492,0.46981888102412556,72813,82168
0.2021484375,0.8321695105086915,0.46971622467213275,72814,82203
0.201171875,0.8322723688270723,0.4696288653145455,72823,82242
0.2001953125,0.8323180836352415,0.46953051461581113,72827,82279
0.19921875,0.8323866558474954,0.4694148507640648,72833,82324
0.1982421875,0.832443799357707,0.46932608233406575,72838,82359
0.197265625,0.8325009428679185,0.4692010898620925,72843,82406
0.1962890625,0.8325352289740454,0.46908142567371774,72846,82449
0.1953125,0.8326495159944685,0.4690038753202611,72856,82486
0.1943359375,0.8326838021005954,0.4689084824301712,72859,82521
0.193359375,0.832740945610807,0.4688350545314159,72864,82551
0.1923828125,0.8327752317169339,0.4687035667191973,72867,82598
0.19140625,0.8328666613332724,0.46861636797396966,72875,82636
0.1904296875,0.8329695196516531,0.4685627587625685,72884,82664
0.189453125,0.833038091863907,0.4684929041546689,72890,82694
0.1884765625,0.833072377970034,0.4683887550200803,72893,82732
0.1875,0.8331752362884147,0.4683352391720523,72902,82760
0.1865234375,0.8332438085006686,0.46824443659484283,72908,82797
0.185546875,0.8333466668190493,0.46815791670144397,72917,82836
0.1845703125,0.8334038103292609,0.46806079745307966,72922,82874
0.18359375,0.8334609538394725,0.4679847528107192,72927,82905
0.1826171875,0.8334952399455994,0.4678718981754728,72930,82946
0.181640625,0.833552383455811,0.4677629342688378,72935,82988
0.1806640625,0.8336438130721494,0.4676882633924278,72943,83022
0.1796875,0.833666670476234,0.46757517290890793,72945,83062
0.1787109375,0.833700956582361,0.46744159222853043,72948,83110
0.177734375,0.8337695287946147,0.46732432259304335,72954,83156
0.1767578125,0.8338495297089109,0.4671925926400246,72961,83208
0.17578125,0.8338952445170802,0.4670746461652701,72965,83252
0.1748046875,0.8339181019211648,0.4669529380143605,72967,83295
0.173828125,0.8339409593252495,0.4668432467706954,72969,83334
0.1728515625,0.8339866741334186,0.4667434200006396,72973,83372
0.171875,0.8340438176436302,0.46665302520686,72978,83408
0.1708984375,0.8341238185579264,0.46659932616881583,72985,83434
0.169921875,0.8341695333660956,0.466508583773281,72989,83469
0.1689453125,0.8342038194722226,0.4663906353831212,72992,83512
0.16796875,0.8342838203865187,0.46633107404544555,72999,83540
0.1669921875,0.8343523925987726,0.46626515257961093,73005,83569
0.166015625,0.834409536108984,0.46617501516457555,73010,83605
0.1650390625,0.8344666796191956,0.46608492493105913,73015,83641
0.1640625,0.8345123944273649,0.4659795788130185,73019,83681
0.1630859375,0.8346038240437034,0.46589089424359,73027,83720
0.162109375,0.8346495388518725,0.46578863447923974,73031,83759
0.1611328125,0.8347295397661687,0.4657174374637344,73038,83791
0.16015625,0.8347981119784226,0.46560428352881184,73044,83836
0.1591796875,0.8348438267865919,0.4655288884357036,73048,83866
0.158203125,0.8349123989988457,0.4654099269273159,73054,83913
0.1572265625,0.8349466851049726,0.46531639119773255,73057,83948
0.15625,0.8350038286151842,0.4652326736456025,73062,83982
0.1552734375,0.8350381147213111,0.4651569940665665,73065,84011
0.154296875,0.8350838295294803,0.46506698914807626,73069,84046
0.1533203125,0.8351295443376495,0.464944485095282,73073,84092
0.15234375,0.8352095452519457,0.4648707102191406,73080,84125
0.1513671875,0.835255260060115,0.4647453833240067,73084,84172
0.150390625,0.8353009748682843,0.4646821713312056,73088,84198
0.1494140625,0.8353352609744111,0.46458604798982994,73091,84234
0.1484375,0.8353924044846227,0.4644967782113036,73096,84270
0.1474609375,0.8354838341009612,0.46442956431139854,73104,84302
0.146484375,0.8355066915050458,0.4643213271767642,73106,84341
0.1455078125,0.8355752637172996,0.4642031746031746,73112,84388
0.14453125,0.8356095498234265,0.46408373374294654,73115,84432
0.1435546875,0.8356781220356804,0.4639775121195969,73121,84475
0.142578125,0.8357695516520188,0.46390758514815683,73129,84508
0.1416015625,0.8358609812683574,0.4638141623225905,73137,84549
0.140625,0.8358952673744843,0.46370379762885944,73140,84590
0.1396484375,0.8359524108846959,0.46359735576161293,73145,84632
0.138671875,0.8359638395867381,0.46346563260340634,73146,84678
0.1376953125,0.8360895553092035,0.4634178786803831,73157,84707
0.13671875,0.8361352701173728,0.46330821353935786,73161,84749
0.1357421875,0.8362266997337112,0.46321807062636905,73169,84789
0.134765625,0.8362952719459651,0.4631211868053973,73175,84829
0.1337890625,0.8363409867541344,0.463011705156596,73179,84871
0.1328125,0.8363981302643458,0.462902756518109,73184,84914
0.1318359375,0.8364438450725151,0.4628109625769897,73188,84950
0.130859375,0.8364895598806843,0.46269873881847207,73192,84993
0.1298828125,0.8365238459868113,0.4626299655532029,73195,85020
0.12890625,0.8365581320929382,0.46251153151103863,73198,85064
0.1279296875,0.8366724191133613,0.46245491241479947,73208,85095
0.126953125,0.8367409913256152,0.46239058217231493,73214,85124
0.1259765625,0.8367638487296998,0.46231561931703374,73216,85152
0.125,0.8367638487296998,0.4622572417102306,73216,85172
0.12451171875,0.8367981348358267,0.4622061459990405,73219,85193
0.1240234375,0.8368552783460382,0.462164772117624,73224,85213
0.12353515625,0.8368895644521651,0.4621224551616201,73227,85231
0.123046875,0.8369352792603344,0.46209812273229217,73231,85244
0.12255859375,0.8369467079623767,0.46201697107346773,73232,85273
0.1220703125,0.8370267088766729,0.4619911814242189,73239,85290
0.12158203125,0.8370724236848421,0.4619552191737622,73243,85307
0.12109375,0.8370838523868844,0.46189743460383925,73244,85328
0.12060546875,0.8371295671950536,0.46187023141433886,73248,85342
0.1201171875,0.8371638533011806,0.4618542010819536,73251,85351
0.11962890625,0.8371752820032229,0.46179644946540244,73252,85372
0.119140625,0.8371981394073075,0.4617391962079572,73254,85394
0.11865234375,0.8372438542154768,0.46168874547815014,73258,85416
0.1181640625,0.8372781403216036,0.4616378278239171,73261,85437
0.11767578125,0.8373009977256883,0.4616038912761319,73263,85451
0.1171875,0.8373352838318152,0.4615646301359507,73266,85468
0.11669921875,0.8373581412358998,0.4614987307966062,73268,85493
0.1162109375,0.8373695699379421,0.4614410862623832,73269,85514
0.11572265625,0.8374038560440691,0.461387335650597,73272,85536
0.115234375,0.8374267134481537,0.461353447841636,73274,85550
0.11474609375,0.8374495708522383,0.4613166625745242,73276,85565
0.1142578125,0.837472428256323,0.4612624634907846,73278,85586
0.11376953125,0.8374952856604075,0.4612198913666031,73280,85603
0.11328125,0.8375181430644921,0.46117442716625867,73282,85621
0.11279296875,0.8375752865747037,0.4611362449426466,73287,85640
0.1123046875,0.8375981439787883,0.46107920050833273,73289,85662
0.11181640625,0.8376095726808306,0.46102168292728957,73290,85683
0.111328125,0.8376438587869576,0.46097386097763465,73293,85703
0.11083984375,0.8376438587869576,0.4609158826784726,73293,85723
0.1103515625,0.8376895735951267,0.46084250235774915,73297,85753
0.10986328125,0.8377010022971692,0.4607792599670594,73298,85776
0.109375,0.8377124309992114,0.46073920422402415,73299,85791
0.10888671875,0.837735288403296,0.4606880687817386,73301,85811
0.1083984375,0.8377810032114653,0.4606379368849678,73305,85833
0.10791015625,0.8377924319135076,0.4605892295029436,73306,85851
0.107421875,0.8378038606155499,0.4605463203789564,73307,85867
0.10693359375,0.8378381467216768,0.4605217697202696,73310,85879
0.1064453125,0.8378495754237191,0.4604817687886687,73311,85894
0.10595703125,0.8378724328278038,0.4604364892447794,73313,85912
0.10546875,0.8379295763380152,0.4603956043956044,73318,85932
0.10498046875,0.8379410050400576,0.46034985056634103,73319,85949
0.1044921875,0.8379524337420999,0.46030699689236276,73320,85965
0.10400390625,0.8379867198482268,0.4602882647616417,73323,85975
0.103515625,0.8380095772523114,0.46023148090031507,73325,85997
0.10302734375,0.8380324346563961,0.46017760205842667,73327,86018
0.1025390625,0.8380438633584384,0.4601261255608195,73328,86037
0.10205078125,0.8380552920604807,0.4600688889307158,73329,86058
0.1015625,0.8380781494645653,0.46004102860082435,73331,86070
0.10107421875,0.83810100686865,0.45997854817565403,73333,86094
0.1005859375,0.8381124355706923,0.4599242386232502,73334,86114
0.10009765625,0.8381238642727346,0.4598670596350411,73335,86135
0.099609375,0.8381581503788614,0.45982243623504626,73338,86154
0.09912109375,0.8381810077829461,0.45978020324617114,73340,86171
0.0986328125,0.8381924364849884,0.45972018503892587,73341,86193
0.09814453125,0.8382495799952,0.4597140654477991,73346,86201
0.09765625,0.8382610086972423,0.45966271221493166,73347,86220
0.09716796875,0.8382724373992846,0.4595912127022319,73348,86246
0.0966796875,0.8382952948033692,0.4595519133899707,73350,86262
0.09619140625,0.8383295809094962,0.45953040231541226,73353,86273
0.095703125,0.8383410096115385,0.4594733413509721,73354,86294
0.09521484375,0.8383867244197076,0.4594264528129364,73358,86315
0.0947265625,0.8384095818237923,0.4593469208853824,73360,86345
0.09423828125,0.8384438679299192,0.45929668375811533,73363,86366
0.09375,0.8384781540360461,0.4592493364715309,73366,86386
0.09326171875,0.8385238688442154,0.45919676553239164,73370,86409
0.0927734375,0.8385467262483,0.4591431896972503,73372,86430
0.09228515625,0.8385581549503422,0.45909198983869554,73373,86449
0.091796875,0.8385924410564692,0.45905044324743655,73376,86467
0.09130859375,0.8386381558646384,0.4590209055310205,73380,86482
0.0908203125,0.83869529937485,0.45898901703735207,73385,86499
0.09033203125,0.83869529937485,0.458917259191165,73385,86524
0.08984375,0.838729585480977,0.4588728889333525,73388,86543
0.08935546875,0.8387638715871039,0.4588285308809463,73391,86562
0.0888671875,0.8387638715871039,0.4587769033137256,73391,86580
0.08837890625,0.8387867289911884,0.45872631927646834,73393,86600
0.087890625,0.8388095863952731,0.45867861562113316,73395,86619
0.08740234375,0.8388438725014,0.45863717311838037,73398,86637
0.0869140625,0.8388553012034423,0.4585861110243354,73399,86656
0.08642578125,0.8388667299054846,0.4585551140765175,73400,86668
0.0859375,0.8389124447136539,0.4585056279435831,73404,86690
0.08544921875,0.8389467308197808,0.4584585022202514,73407,86710
0.0849609375,0.8389467308197808,0.4584126944477403,73407,86726
0.08447265625,0.8389810169259078,0.45837990396563244,73410,86741
0.083984375,0.8390495891381616,0.4583629893238434,73416,86754
0.08349609375,0.8390953039463308,0.45831642685477075,73420,86775
0.0830078125,0.8391181613504154,0.4582688370699556,73422,86794
0.08251953125,0.8391638761585847,0.4582280218922984,73426,86813
0.08203125,0.8391867335626693,0.4581775977935992,73428,86833
0.08154296875,0.8391981622647116,0.45812380679053166,73429,86853
0.0810546875,0.8392324483708385,0.45808536387568466,73432,86870
0.08056640625,0.8392667344769654,0.45803264578018676,73435,86892
0.080078125,0.8392667344769654,0.4579783717710451,73435,86911
0.07958984375,0.8392895918810501,0.4579308710644958,73437,86930
0.0791015625,0.8393124492851347,0.45786054515075186,73439,86957
0.07861328125,0.8393353066892193,0.4578102207981648,73441,86977
0.078125,0.8393467353912616,0.4577707967139135,73442,86992
0.07763671875,0.8393810214973886,0.45771531845942914,73445,87015
0.0771484375,0.8394153076035155,0.45766270991058355,73448,87037
0.07666015625,0.839472451113727,0.457625429103664,73453,87056
0.076171875,0.8395295946239386,0.45758530903110867,73458,87076
0.07568359375,0.8395295946239386,0.45753970725630644,73458,87092
0.0751953125,0.8395753094321078,0.4575104783613275,73462,87107
0.07470703125,0.8396095955382348,0.4574522404044933,73465,87131
0.07421875,0.8396095955382348,0.45741806136680613,73465,87143
0.07373046875,0.8396324529423194,0.45735932218161895,73467,87166
0.0732421875,0.8396781677504885,0.45731020359892693,73471,87188
0.07275390625,0.8397124538566155,0.45726341469486315,73474,87208
0.072265625,0.8397124538566155,0.45720935152861525,73474,87227
0.07177734375,0.8397353112607001,0.45716490066637216,73476,87245
0.0712890625,0.8397810260688694,0.45709877887193395,73480,87273
0.07080078125,0.839803883472954,0.45705719901475383,73482,87290
0.0703125,0.8398610269831656,0.45701723290857416,73487,87310
0.06982421875,0.8398953130892924,0.4569676845685576,73490,87331
0.0693359375,0.839918170493377,0.45691761531431274,73492,87351
0.06884765625,0.839952456599504,0.4568766162721305,73495,87369
0.068359375,0.8399638853015463,0.45681183921834306,73496,87393
0.06787109375,0.8400096001097156,0.4567685643795094,73500,87413
0.0673828125,0.8400324575138002,0.4567043618739903,73502,87438
0.06689453125,0.8400667436199271,0.45665774122003194,73505,87458
0.06640625,0.8400896010240118,0.45662194061374084,73507,87473
0.06591796875,0.8401238871301386,0.456578179153054,73510,87492
0.0654296875,0.8401467445342232,0.4565452309679663,73512,87506
0.06494140625,0.8401696019383079,0.456500950086315,73514,87524
0.064453125,0.8402153167464771,0.45647193229726124,73518,87539
0.06396484375,0.8402267454485194,0.45644129881418016,73519,87551
0.0634765625,0.8402496028526041,0.45638571268948563,73521,87573
0.06298828125,0.840283888958731,0.4563590093724784,73524,87586
0.0625,0.8402953176607733,0.45632273079906904,73525,87600
0.062255859375,0.8403067463628155,0.4562921222802815,73526,87612
0.06201171875,0.8403410324689425,0.456285255077662,73529,87618
0.061767578125,0.8403410324689425,0.45624844874658727,73529,87631
0.0615234375,0.8403638898730271,0.45623538025302635,73531,87638
0.061279296875,0.8403867472771117,0.45620816091026967,73533,87650
0.06103515625,0.8404096046811964,0.4561809462955266,73535,87662
0.060791015625,0.840432462085281,0.4561707143078689,73537,87668
0.060546875,0.8404438907873233,0.4561457919809448,73538,87678
0.060302734375,0.8404553194893656,0.4561180440122063,73539,87689
0.06005859375,0.8404667481914079,0.4560959575286223,73540,87698
0.059814453125,0.8404896055954926,0.45607159025370386,73542,87709
0.0595703125,0.8405124629995772,0.45605571092824676,73544,87717
0.059326171875,0.8405124629995772,0.45602177673882177,73544,87729
0.05908203125,0.8405238917016195,0.4559799119598239,73545,87745
0.058837890625,0.840546749105704,0.4559555618928352,73547,87756
0.05859375,0.8405581778077463,0.45594480159197565,73548,87761
0.058349609375,0.8405581778077463,0.45592501673733543,73548,87768
0.05810546875,0.8405581778077463,0.45588545217876403,73548,87782
0.057861328125,0.8405696065097887,0.4558746962860118,73549,87787
0.0576171875,0.8405924639138733,0.45585601219731386,73551,87796
0.057373046875,0.8406038926159156,0.45584525853253427,73552,87801
0.05712890625,0.8406267500200002,0.4558294032708861,73554,87809
0.056884765625,0.8406267500200002,0.45580115632726664,73554,87819
0.056640625,0.8406381787220425,0.45577910932378257,73555,87828
0.056396484375,0.8406610361261272,0.45576043719097364,73557,87837
0.05615234375,0.8406724648281695,0.45571863132004636,73558,87853
0.055908203125,0.8406724648281695,0.45568193081573993,73558,87866
0.0556640625,0.8406838935302118,0.45566272075721814,73559,87874
0.055419921875,0.8406838935302118,0.45564296333002974,73559,87881
0.05517578125,0.8407067509342964,0.4556355955824512,73561,87886
0.054931640625,0.8407296083383811,0.4556112969156447,73563,87897
0.0546875,0.8407296083383811,0.45559154502158333,73563,87904
0.054443359375,0.8407410370404234,0.4555808091755278,73564,87909
0.05419921875,0.8407524657424656,0.4555559683931535,73565,87919
0.053955078125,0.8407638944445079,0.45553113099476766,73566,87929
0.0537109375,0.8408096092526772,0.4555079498736936,73570,87942
0.053466796875,0.8408438953588041,0.45548986225042565,73573,87952
0.05322265625,0.8408553240608464,0.455462216086717,73574,87963
0.052978515625,0.840878181464931,0.4554520412269027,73576,87969
0.052734375,0.8408896101669734,0.4554384965831435,73577,87975
0.052490234375,0.8409010388690157,0.45541649645337395,73578,87984
0.05224609375,0.8409010388690157,0.45539112835843065,73578,87993
0.052001953125,0.8409238962731003,0.4553753225936218,73580,88001
0.0517578125,0.8409353249751426,0.455350512401604,73581,88011
0.051513671875,0.8409467536771849,0.45533415841584157,73582,88018
0.05126953125,0.8409581823792271,0.45530935394249156,73583,88028
0.051025390625,0.8409581823792271,0.45528399950501175,73583,88037
0.05078125,0.8409696110812696,0.4552394857644861,73584,88054
0.050537109375,0.8410038971873964,0.4552214338296701,73587,88064
0.05029296875,0.8410381832935233,0.4552090163427398,73590,88072
0.050048828125,0.8410496119955657,0.4551814144513032,73591,88083
0.0498046875,0.8410496119955657,0.45515044685654205,73591,88094
0.049560546875,0.8411410416119042,0.4551548846327481,73599,88102
0.04931640625,0.8411638990159888,0.4551419207222806,73601,88109
0.049072265625,0.8411867564200733,0.45511770125461437,73603,88120
0.048828125,0.841209613824158,0.45509629950227226,73605,88130
0.048583984375,0.8412324712282426,0.45507208744466704,73607,88141
0.04833984375,0.8412667573343695,0.45506531402041334,73610,88147
0.048095703125,0.8412896147384542,0.45503548203644634,73612,88160
0.0478515625,0.8413010434404965,0.4550107242417312,73613,88170
0.047607421875,0.8413239008445811,0.4549752781211372,73615,88185
0.04736328125,0.841358186950708,0.45495164230757346,73618,88197
0.047119140625,0.8413696156527504,0.4549297080179206,73619,88206
0.046875,0.8413810443547927,0.4549077764389656,73620,88215
0.046630859375,0.8414039017588772,0.4548779734321903,73622,88228
0.04638671875,0.8414039017588772,0.45484987025824786,73622,88238
0.046142578125,0.8414381878650041,0.4548234451061306,73625,88251
0.0458984375,0.8414496165670465,0.4547987176240217,73626,88261
0.045654296875,0.8414839026731734,0.4547779198399022,73629,88272
0.04541015625,0.8414839026731734,0.4547554490485396,73629,88280
0.045166015625,0.8414839026731734,0.45473298047765215,73629,88288
0.044921875,0.841506760077258,0.4547228655241624,73631,88294
0.044677734375,0.8415181887793003,0.45469534448581855,73632,88305
0.04443359375,0.8415296174813427,0.45464817604781543,73633,88323
0.044189453125,0.841541046183385,0.4546347005180196,73634,88329
0.0439453125,0.841541046183385,0.4546178589730134,73634,88335
0.043701171875,0.841541046183385,0.4545982120808021,73634,88342
0.04345703125,0.841541046183385,0.4545617295001512,73634,88355
0.043212890625,0.841541046183385,0.4545420874589496,73634,88362
0.04296875,0.8415524748854273,0.4545145918720063,73635,88373
0.042724609375,0.8415753322895119,0.45448205204167286,73637,88387
0.04248046875,0.8415981896935965,0.4544551278095262,73639,88399
0.042236328125,0.8416324757997234,0.45444279199501386,73642,88407
0.0419921875,0.8416439045017657,0.45442933307004985,73643,88413
0.041748046875,0.8416781906078926,0.4544254121828413,73646,88418
0.04150390625,0.841689619309935,0.454406347756875,73647,88426
0.041259765625,0.8417010480119773,0.4543900889061642,73648,88433
0.041015625,0.8417124767140196,0.45434860393095533,73649,88449
0.040771484375,0.8417124767140196,0.4543065639399678,73649,88464
0.04052734375,0.8417124767140196,0.4542757395573758,73649,88475
0.040283203125,0.8417239054160619,0.4542454837575631,73650,88487
0.0400390625,0.8417581915221888,0.45421076000888033,73653,88503
0.039794921875,0.8417581915221888,0.45418275100822614,73653,88513
0.03955078125,0.8417696202242312,0.4541469099339627,73654,88527
0.039306640625,0.8417810489262735,0.4541278747148406,73655,88535
0.0390625,0.8418267637344427,0.4540993409736821,73659,88550
0.038818359375,0.8418381924364849,0.45407751249853595,73660,88559
0.03857421875,0.8418724785426119,0.4540652160512852,73663,88567
0.038330078125,0.8418839072446542,0.45403499688738497,73664,88579
0.0380859375,0.8418953359466965,0.45400758066007213,73665,88590
0.037841796875,0.8418953359466965,0.4539823990533945,73665,88599
0.03759765625,0.8419181933507811,0.45396115260420516,73667,88609
0.037353515625,0.8419296220528235,0.45391976240503285,73668,88625
0.037109375,0.8419410507548658,0.45389515970031546,73669,88635
0.036865234375,0.8419410507548658,0.4538727882103603,73669,88643
0.03662109375,0.8419639081589504,0.4538571481376523,73671,88651
0.036376953125,0.841986765563035,0.4538443057703088,73673,88658
0.0361328125,0.8420096229671197,0.4538202828561573,73675,88669
0.035888671875,0.8420324803712043,0.4538074442726651,73677,88676
0.03564453125,0.8420439090732466,0.4537912429709105,73678,88683
0.035400390625,0.8420553377752888,0.453777837997635,73679,88689
0.03515625,0.8420781951793734,0.45375941470264014,73681,88698
0.034912109375,0.8421124812855004,0.45374156362382384,73684,88708
0.03466796875,0.8421239099875427,0.45371698798667515,73685,88718
0.034423828125,0.8421467673916273,0.4536901925291072,73687,88730
0.0341796875,0.8421467673916273,0.4536678466984762,73687,88738
0.033935546875,0.8421467673916273,0.45363991750546373,73687,88748
0.03369140625,0.842169624795712,0.4536187187205673,73689,88758
0.033447265625,0.8421810534977543,0.45358019979933895,73690,88773
0.033203125,0.8421810534977543,0.45356065735212653,73690,88780
0.032958984375,0.8422039109018389,0.45354226032582273,73692,88789
0.03271484375,0.8422039109018389,0.4535003938558488,73692,88804
0.032470703125,0.8422267683059235,0.4534875849973847,73694,88811
0.0322265625,0.8422496257100082,0.45346361633788257,73696,88822
0.031982421875,0.8422496257100082,0.4534385056021461,73696,88831
0.03173828125,0.8422496257100082,0.453407818479371,73696,88842
0.031494140625,0.8422724831140928,0.45339501805631605,73698,88849
0.03125,0.8423067692202196,0.45337721456692914,73701,88859
0.0311279296875,0.8423067692202196,0.45335769252062225,73701,88866
0.031005859375,0.8423067692202196,0.45334653782039847,73701,88870
0.0308837890625,0.8423296266243043,0.4533476856835307,73703,88872
0.03076171875,0.8423296266243043,0.45333653177839695,73703,88876
0.0306396484375,0.8423296266243043,0.4533170137650228,73703,88883
0.030517578125,0.8423410553263466,0.4533064357409959,73704,88888
0.0303955078125,0.8423524840283889,0.453290282902829,73705,88895
0.0302734375,0.8423981988365581,0.4532953685880682,73709,88898
0.0301513671875,0.8424210562406428,0.4532770050055959,73711,88907
0.030029296875,0.8424210562406428,0.4532742176498441,73711,88908
0.0299072265625,0.8424210562406428,0.45325192003787806,73711,88916
0.02978515625,0.8424781997508543,0.4532575813473032,73716,88920
0.0296630859375,0.8424781997508543,0.45325200752591643,73716,88922
0.029541015625,0.8424781997508543,0.4532436470508666,73716,88925
0.0294189453125,0.8424781997508543,0.4532241404751365,73716,88932
0.029296875,0.8424781997508543,0.4532046355783714,73716,88939
0.0291748046875,0.8424781997508543,0.4532018493015936,73716,88940
0.029052734375,0.8424781997508543,0.4531962768508158,73716,88942
0.0289306640625,0.8424781997508543,0.4531767743521962,73716,88949
0.02880859375,0.8424896284528967,0.4531717782736723,73717,88952
0.0286865234375,0.842501057154939,0.4531556397032156,73718,88959
0.028564453125,0.842501057154939,0.4531500685398853,73718,88961
0.0284423828125,0.8425239145590235,0.4531428641677833,73720,88966
0.0283203125,0.8425239145590235,0.45313172290859915,73720,88970
0.0281982421875,0.8425239145590235,0.4531122270232395,73720,88977
0.028076171875,0.8425239145590235,0.4531094420337066,73720,88978
0.02783203125,0.8425239145590235,0.4531010872705146,73720,88981
0.0277099609375,0.8425353432610658,0.4530877400004917,73721,88987
0.027587890625,0.8425353432610658,0.4530682481639677,73721,88994
0.0274658203125,0.8425467719631081,0.4530632562884482,73722,88997
0.02734375,0.8425467719631081,0.4530549034549723,73722,89000
0.0272216796875,0.8425467719631081,0.4530409827502504,73722,89005
0.027099609375,0.8425467719631081,0.453027062900966,73722,89010
0.0269775390625,0.8425467719631081,0.45300757654895263,73722,89017
0.02685546875,0.8425467719631081,0.45299922576839413,73722,89020
0.026611328125,0.8425467719631081,0.45298530848494906,73722,89025
0.0264892578125,0.8425467719631081,0.45297695852534564,73722,89028
0.0263671875,0.8425582006651504,0.4529691868145372,73723,89032
0.0262451171875,0.8425582006651504,0.45296083756251615,73723,89035
0.026123046875,0.8425696293671928,0.4529558496454946,73724,89038
0.0260009765625,0.8425696293671928,0.4529447181843874,73724,89042
0.02587890625,0.8425696293671928,0.45294193540459676,73724,89043
0.0257568359375,0.8425696293671928,0.4529224569034367,73724,89050
0.025634765625,0.8425696293671928,0.45291689192509954,73724,89052
0.0255126953125,0.8425696293671928,0.4529085447139987,73724,89055
0.025390625,0.8425696293671928,0.452889069084565,73724,89062
0.0252685546875,0.8425810580692351,0.452864610527221,73725,89072
0.025146484375,0.8425810580692351,0.45285348370096007,73725,89076
0.0250244140625,0.8425810580692351,0.45283679448672354,73725,89082
0.02490234375,0.8425924867712774,0.4528206860547247,73726,89089
0.0247802734375,0.8426039154733197,0.452818484442752,73727,89091
0.024658203125,0.8426039154733197,0.45280179826069866,73727,89097
0.0245361328125,0.842615344175362,0.4527968162723856,73728,89100
0.0244140625,0.8426267728774043,0.4527890538158727,73729,89104
0.0242919921875,0.8426382015794466,0.45278963367826325,73730,89105
0.024169921875,0.842649630281489,0.45279021352640986,73731,89106
0.0240478515625,0.8426610589835313,0.45276576930634704,73732,89116
0.02392578125,0.8426610589835313,0.45275186824928004,73732,89121
0.0238037109375,0.8426610589835313,0.45273240820336486,73732,89128
0.023681640625,0.8426724876855736,0.45271631014072744,73733,89135
0.0235595703125,0.8426839163876159,0.45271411116773397,73734,89137
0.0234375,0.8426839163876159,0.4527085520620361,73734,89139
0.0233154296875,0.8426839163876159,0.4526946548950748,73734,89144
0.023193359375,0.8426839163876159,0.4526779794209376,73734,89150
0.0230712890625,0.8426953450896582,0.4526702232808845,73735,89154
0.02294921875,0.8427067737917004,0.452659688756561,73736,89159
0.0228271484375,0.8427067737917004,0.45263468054805284,73736,89168
0.022705078125,0.8427296311957851,0.45263584354359515,73738,89170
0.0225830078125,0.8427296311957851,0.4526247299155372,73738,89174
0.0224609375,0.842763917301912,0.4526292529324748,73741,89176
0.0223388671875,0.842763917301912,0.4526070277735154,73741,89184
0.022216796875,0.842763917301912,0.4525875825497754,73741,89191
0.0220947265625,0.8427753460039543,0.4525631662605942,73742,89201
0.02197265625,0.8427867747059966,0.45255819376852596,73743,89204
0.0218505859375,0.8427867747059966,0.45253875326779336,73743,89211
0.021728515625,0.8427867747059966,0.4525276451601026,73743,89215
0.0216064453125,0.8427867747059966,0.45251653759772215,73743,89219
0.021484375,0.8427982034080389,0.452503236811909,73744,89225
0.0213623046875,0.8428096321100813,0.45249549007817197,73745,89229
0.021240234375,0.8428096321100813,0.45248438439543986,73745,89233
0.0211181640625,0.8428210608121236,0.45247386246502724,73746,89238
0.02099609375,0.8428324895141659,0.4524605653072869,73747,89244
0.0208740234375,0.8428439182162082,0.45245282092812095,73748,89248
0.020751953125,0.8428439182162082,0.45244171779141107,73748,89252
0.0206298828125,0.8428439182162082,0.4524222886133724,73748,89259
0.0205078125,0.8428553469182505,0.45240344506060753,73749,89267
0.0203857421875,0.8428553469182505,0.452386794420385,73749,89273
0.020263671875,0.8428667756202928,0.4523762789214123,73750,89278
0.0201416015625,0.8428782043223351,0.45236576419642527,73751,89283
0.02001953125,0.8429010617264198,0.4523613837095191,73753,89287
0.0198974609375,0.8429124904284621,0.4523480959477942,73754,89293
0.019775390625,0.8429124904284621,0.452342547332397,73754,89295
0.0196533203125,0.8429124904284621,0.45230925849835335,73754,89307
0.01953125,0.8429239191305044,0.45229597468540733,73755,89313
0.0194091796875,0.8429353478325466,0.4522910125588697,73756,89316
0.019287109375,0.8429467765345889,0.45226941048061714,73757,89325
0.0191650390625,0.8429582052366312,0.4522505840297748,73758,89333
0.01904296875,0.8429582052366312,0.45223117389544937,73758,89340
0.0189208984375,0.8429696339386736,0.4522206690209927,73759,89345
0.018798828125,0.8430039200448005,0.4522141092371546,73762,89351
0.0186767578125,0.8430039200448005,0.4521947032859245,73762,89358
0.0185546875,0.8430039200448005,0.45218915903434237,73762,89360
0.0184326171875,0.8430267774488851,0.45219310344827585,73764,89361
0.018310546875,0.8430496348529698,0.45218318795093576,73766,89367
0.0181884765625,0.8430610635550121,0.4521754588140102,73767,89371
0.01806640625,0.8430610635550121,0.4521643721420603,73767,89375
0.0179443359375,0.8430610635550121,0.4521588290099544,73767,89377
0.017822265625,0.8430839209590967,0.4521516877003512,73769,89382
0.0177001953125,0.8430839209590967,0.4521433737450507,73769,89385
0.017578125,0.8430839209590967,0.45212397570497853,73769,89392
0.0174560546875,0.843095349661139,0.45211347882843955,73770,89397
0.017333984375,0.8431067783631813,0.4521085241862831,73771,89400
0.0172119140625,0.8431067783631813,0.4520863591516065,73771,89408
0.01708984375,0.8431182070652236,0.4520786351603098,73772,89412
0.0169677734375,0.843129635767266,0.4520681414302347,73773,89417
0.016845703125,0.8431753505754351,0.4520732611506339,73777,89420
0.0167236328125,0.8431867792774774,0.45206830840497303,73778,89423
0.0166015625,0.8431982079795197,0.4520495067704185,73779,89431
0.0164794921875,0.8431982079795197,0.4520356584872714,73779,89436
0.016357421875,0.8431982079795197,0.4520218110525671,73779,89441
0.0162353515625,0.8432096366815621,0.45201409097871037,73780,89445
0.01611328125,0.8432210653836044,0.4520036022569242,73781,89450
0.0159912109375,0.8432210653836044,0.4519897571614105,73781,89455
0.015869140625,0.8432324940856467,0.45197373257210066,73782,89462
0.0157470703125,0.843243922787689,0.45196878369107124,73783,89465
0.015625,0.843243922787689,0.45195494110368567,73783,89470
0.01556396484375,0.843243922787689,0.4519521726879586,73783,89471
0.0155029296875,0.8432553514897313,0.4519416881048634,73784,89476
0.01544189453125,0.8432667801917736,0.4519395086455596,73785,89478
0.015380859375,0.8432667801917736,0.451922900244382,73785,89484
0.01531982421875,0.8432667801917736,0.4519173643819172,73785,89486
0.0152587890625,0.8432667801917736,0.4519035253190916,73785,89491
0.01519775390625,0.8432667801917736,0.4518924546790789,73785,89495
0.01513671875,0.8432667801917736,0.45187308236418083,73785,89502
0.01507568359375,0.8432896375958583,0.45187702859942436,73787,89503
0.0150146484375,0.8432896375958583,0.45187149401072924,73787,89505
0.01495361328125,0.8432896375958583,0.45186319238188555,73787,89508
0.014892578125,0.8432896375958583,0.4518604252400549,73787,89509
0.01483154296875,0.8433010662979006,0.45185271370046726,73788,89513
0.0147705078125,0.8433010662979006,0.4518416459998163,73788,89517
0.01470947265625,0.8433010662979006,0.45183887915936954,73788,89518
0.0146484375,0.8433010662979006,0.4518361123528079,73788,89519
0.01458740234375,0.8433010662979006,0.4518195122249913,73788,89525
0.0145263671875,0.8433010662979006,0.4518139791201053,73788,89527
0.01446533203125,0.8433010662979006,0.45180291331688294,73788,89531
0.014404296875,0.8433010662979006,0.4517946143201773,73788,89534
0.01434326171875,0.8433010662979006,0.45177801724137934,73788,89540
0.0142822265625,0.8433124949999429,0.4517758416956977,73789,89542
0.01422119140625,0.8433124949999429,0.4517730756985771,73789,89543
0.01416015625,0.8433124949999429,0.451770309735326,73789,89544
0.01409912109375,0.8433124949999429,0.45176477791042946,73789,89546
0.0140380859375,0.8433124949999429,0.4517592462210032,73789,89548
0.01397705078125,0.8433353524040275,0.4517659591401931,73791,89548
0.013916015625,0.8433353524040275,0.4517576618383514,73791,89551
0.01385498046875,0.8433353524040275,0.45175489613879993,73791,89552
0.0137939453125,0.8433353524040275,0.45175213047311197,73791,89553
0.01373291015625,0.8433353524040275,0.451746599243324,73791,89555
0.013671875,0.8433353524040275,0.45173830265260273,73791,89558
0.01361083984375,0.8433467811060698,0.4517361281159704,73792,89560
0.0135498046875,0.8433467811060698,0.4517333627175503,73792,89561
0.01348876953125,0.8433467811060698,0.451725066725434,73792,89564
0.013427734375,0.8433467811060698,0.4517195362333035,73792,89566
0.01336669921875,0.8433467811060698,0.45171400587659155,73792,89568
0.0133056640625,0.8433467811060698,0.45170571059542247,73792,89571
0.01324462890625,0.8433467811060698,0.4516946506944487,73792,89575
0.01318359375,0.8433696385101545,0.4516958334098463,73794,89577
0.01312255859375,0.8433696385101545,0.45167924493655776,73794,89583
0.0130615234375,0.8433696385101545,0.45167095115681233,73794,89586
0.01300048828125,0.8433696385101545,0.45166265768164376,73794,89589
0.01287841796875,0.8433810672121967,0.4516549563003403,73795,89593
0.0128173828125,0.8433810672121967,0.4516494277495563,73795,89595
0.01275634765625,0.8433810672121967,0.45163837105401666,73795,89599
0.0126953125,0.8433810672121967,0.45162731489981517,73795,89603
0.01263427734375,0.8433810672121967,0.45162178702570377,73795,89605
0.0125732421875,0.843392495914239,0.45162237916304576,73796,89606
0.012451171875,0.843392495914239,0.4516196153069405,73796,89607
0.01239013671875,0.843392495914239,0.45160856022079837,73796,89611
0.0123291015625,0.843392495914239,0.4515975056758725,73796,89615
0.01226806640625,0.843392495914239,0.45159197860635325,73796,89617
0.01220703125,0.843392495914239,0.45158921512232736,73796,89618
0.01214599609375,0.843392495914239,0.4515726349284053,73796,89624
0.0120849609375,0.843392495914239,0.45156434528799494,73796,89627
0.01202392578125,0.8434039246162813,0.45155941184749154,73797,89630
0.011962890625,0.8434153533183236,0.45156000465033747,73798,89631
0.01190185546875,0.8434267820203659,0.45155230857716266,73799,89635
0.0118408203125,0.8434267820203659,0.45154954569094746,73799,89636
0.01177978515625,0.8434267820203659,0.45154125723515953,73799,89639
0.01171875,0.8434267820203659,0.4515329690836449,73799,89642
0.01165771484375,0.8434267820203659,0.45152191868824376,73799,89646
0.01153564453125,0.8434382107224082,0.4515114621507363,73800,89651
0.011474609375,0.8434610681264929,0.45151541106366316,73802,89652
0.01141357421875,0.8434839255305775,0.45151935983163766,73804,89653
0.0113525390625,0.8434953542326198,0.4515227153152492,73805,89653
0.01129150390625,0.8434953542326198,0.4515171907500306,73805,89655
0.01123046875,0.8435067829346621,0.45151502174804087,73806,89657
0.01116943359375,0.8435067829346621,0.45150949744593644,73806,89659
0.0111083984375,0.8435067829346621,0.4514984492472579,73806,89663
0.01104736328125,0.8435067829346621,0.4514791162005432,73806,89670
0.010986328125,0.8435067829346621,0.45147359277700977,73806,89672
0.01092529296875,0.8435067829346621,0.45146254633537636,73806,89676
0.0108642578125,0.8435182116367044,0.4514631401238042,73807,89677
0.01080322265625,0.8435182116367044,0.45145209434331574,73807,89681
0.0107421875,0.8435182116367044,0.45144933298264717,73807,89682
0.0106201171875,0.8435182116367044,0.4514438103626499,73807,89684
0.01055908203125,0.8435182116367044,0.45144104910332006,73807,89685
0.010498046875,0.8435296403387468,0.4514305985394317,73808,89690
0.01043701171875,0.8435296403387468,0.4514278374791283,73808,89691
0.0103759765625,0.8435296403387468,0.4514223154598443,73808,89693
0.01031494140625,0.8435296403387468,0.45141955450086235,73808,89694
0.01025390625,0.8435524977428314,0.4514124604761817,73810,89699
0.01019287109375,0.8435639264448737,0.4514075333459725,73811,89702
0.0101318359375,0.8435639264448737,0.45139925144939946,73811,89705
0.01007080078125,0.8435639264448737,0.4513909698567139,73811,89708
0.010009765625,0.8435639264448737,0.45138544896374166,73811,89710
0.00994873046875,0.8435639264448737,0.4513799282058181,73811,89712
0.0098876953125,0.843575355146916,0.45136948186560183,73812,89717
0.00982666015625,0.8435867838489582,0.4513645563892303,73813,89720
0.009765625,0.8435982125510005,0.4513596311538062,73814,89723
0.00970458984375,0.8435982125510005,0.45135411125175035,73814,89725
0.0096435546875,0.8435982125510005,0.45134031208726705,73814,89730
0.00958251953125,0.8436096412530429,0.4513381474438541,73815,89732
0.009521484375,0.8436096412530429,0.45133262814202474,73815,89734
0.00946044921875,0.8436096412530429,0.4513243494423792,73815,89737
0.00927734375,0.8436096412530429,0.45131055228452466,73815,89742
0.00921630859375,0.8436096412530429,0.45130227439471754,73815,89745
0.0091552734375,0.8436210699550852,0.451300110660724,73816,89747
0.00909423828125,0.8436210699550852,0.4512973514954391,73816,89748
0.009033203125,0.8436439273591698,0.45129302439322616,73818,89752
0.00897216796875,0.8436439273591698,0.4512875064191916,73818,89754
0.0089111328125,0.8436439273591698,0.4512764708759231,73818,89758
0.00885009765625,0.8436439273591698,0.45126267720578794,73818,89763
0.0087890625,0.8436553560612121,0.45126051447574334,73819,89765
0.00872802734375,0.8436553560612121,0.45125223886983684,73819,89768
0.0086669921875,0.8436553560612121,0.4512384468678175,73819,89773
0.00860595703125,0.8436553560612121,0.4512274138731998,73819,89777
0.00848388671875,0.8436667847632544,0.4512197358206857,73820,89781
0.0084228515625,0.8436667847632544,0.4512087038904679,73820,89785
0.00836181640625,0.8436667847632544,0.45120318812764737,73820,89787
0.00830078125,0.8436667847632544,0.45119491473626305,73820,89790
0.00823974609375,0.8436667847632544,0.45119215700655824,73820,89791
0.0081787109375,0.8436667847632544,0.45118664164827976,73820,89793
0.00811767578125,0.8436667847632544,0.45117561133623035,73820,89797
0.008056640625,0.8436667847632544,0.4511700963824495,73820,89799
0.00799560546875,0.8436667847632544,0.45116458156349126,73820,89801
0.00787353515625,0.8436667847632544,0.4511507951059123,73820,89806
0.0078125,0.8436667847632544,0.45114528075879434,73820,89808
0.007781982421875,0.8436667847632544,0.45114252363578583,73820,89809
0.00775146484375,0.8436667847632544,0.4511342524689547,73820,89812
0.007720947265625,0.8436667847632544,0.45113149548074044,73820,89813
0.0076904296875,0.8436667847632544,0.4511259816054023,73820,89815
0.007659912109375,0.8436667847632544,0.45112322471827715,73820,89816
0.00762939453125,0.8436782134652967,0.45112382209511237,73821,89817
0.007598876953125,0.8436782134652967,0.4511155517260344,73821,89820
0.007568359375,0.8436782134652967,0.45111279500372764,73821,89821
0.007537841796875,0.8436782134652967,0.45111003831511276,73821,89822
0.007415771484375,0.8436896421673391,0.45110787920266915,73822,89824
0.00732421875,0.8436896421673391,0.4511051226114747,73822,89825
0.007293701171875,0.8437010708693814,0.4511029636419187,73823,89827
0.00726318359375,0.8437010708693814,0.4511002071481384,73823,89828
0.007232666015625,0.8437010708693814,0.45109469426163895,73823,89830
0.0072021484375,0.8437010708693814,0.45109193786891855,73823,89831
0.007171630859375,0.8437010708693814,0.4510891815098836,73823,89832
0.00714111328125,0.8437010708693814,0.4510836688928674,73823,89834
0.007080078125,0.8437010708693814,0.4510781564105854,73823,89836
0.00701904296875,0.8437124995714237,0.451075998093632,73824,89838
0.006927490234375,0.8437124995714237,0.4510732419667243,73824,89839
0.00689697265625,0.843723928273466,0.451071083792602,73825,89841
0.006866455078125,0.843723928273466,0.4510683277630799,73825,89842
0.0068359375,0.8437353569755083,0.451068925697597,73826,89843
0.00677490234375,0.8437353569755083,0.4510661697317774,73826,89844
0.006744384765625,0.8437353569755083,0.45106065790116817,73826,89846
0.0067138671875,0.8437353569755083,0.4510579020363774,73826,89847
0.006683349609375,0.8437353569755083,0.45105239040782036,73826,89849
0.00665283203125,0.8437353569755083,0.4510496346440529,73826,89850
0.006561279296875,0.8437353569755083,0.4510468789139586,73826,89851
0.00653076171875,0.8437353569755083,0.45104136755478713,73826,89853
0.006500244140625,0.8437353569755083,0.4510386119257087,73826,89854
0.0064697265625,0.8437353569755083,0.45102758974609614,73826,89858
0.006439208984375,0.8437353569755083,0.45102207885830187,73826,89860
0.00640869140625,0.8437353569755083,0.4510193234649056,73826,89861
0.006378173828125,0.8437353569755083,0.45101105748671266,73826,89864
0.00634765625,0.8437353569755083,0.45100830222797833,73826,89865
0.006317138671875,0.8437467856775506,0.4510061456131563,73827,89867
0.00628662109375,0.8437467856775506,0.4510033904517548,73827,89868
0.0062255859375,0.8437467856775506,0.450992370142762,73827,89872
0.006195068359375,0.8437467856775506,0.4509868601902249,73827,89874
0.006134033203125,0.8437467856775506,0.45097584068904434,73827,89878
0.006072998046875,0.8437467856775506,0.4509703311403911,73827,89880
0.00604248046875,0.8437582143795929,0.45096817543216666,73828,89882
0.006011962890625,0.8437582143795929,0.450959911552534,73828,89885
0.0059814453125,0.8437582143795929,0.4509571569932932,73828,89886
0.005950927734375,0.8437696430816353,0.4509577561142466,73829,89887
0.00592041015625,0.8437810717836776,0.4509611097198214,73830,89887
0.005889892578125,0.8437925004857199,0.45096170878150976,73831,89888
0.005859375,0.8437925004857199,0.4509589543122404,73831,89889
0.005828857421875,0.8437925004857199,0.4509561998766194,73831,89890
0.00579833984375,0.8437925004857199,0.45095344547464605,73831,89891
0.005767822265625,0.8437925004857199,0.4509451824706062,73831,89894
0.0057373046875,0.8437925004857199,0.45094242820321756,73831,89895
0.00567626953125,0.8437925004857199,0.4509396739694736,73831,89896
0.005615234375,0.8438039291877621,0.4509402732564176,73832,89897
0.005584716796875,0.8438153578898044,0.4509408725287209,73833,89898
0.00555419921875,0.8438153578898044,0.4509353642820934,73833,89900
0.005523681640625,0.8438153578898044,0.4509326102092418,73833,89901
0.005462646484375,0.8438153578898044,0.45092710216445986,73833,89903
0.00543212890625,0.8438153578898044,0.45092434819252825,73833,89904
0.005401611328125,0.8438267865918467,0.4509277015720236,73834,89904
0.00537109375,0.8438267865918467,0.4509249476300698,73834,89905
0.00531005859375,0.8438267865918467,0.4509166860060339,73834,89908
0.0052490234375,0.8438267865918467,0.45091117842485834,73834,89910
0.005218505859375,0.843838215293889,0.4509117779976305,73835,89911
0.00518798828125,0.843838215293889,0.45090627061093874,73835,89913
0.005157470703125,0.8438496439959314,0.4509068702290076,73836,89914
0.005096435546875,0.8438496439959314,0.4509041166160817,73836,89915
0.00506591796875,0.8438496439959314,0.4508986094911238,73836,89917
0.004974365234375,0.8438496439959314,0.450893102500687,73836,89919
0.00494384765625,0.8438496439959314,0.450884842267248,73836,89922
0.004913330078125,0.8438496439959314,0.4508765823364537,73836,89925
0.004852294921875,0.8438496439959314,0.45087107588405195,73836,89927
0.00482177734375,0.8438496439959314,0.4508655695661466,73836,89929
0.004791259765625,0.8438496439959314,0.45086006338273277,73836,89931
0.0047607421875,0.8438496439959314,0.45085731034145865,73836,89932
0.004669189453125,0.8438496439959314,0.45085180435977285,73836,89934
0.004638671875,0.8438496439959314,0.45084905141935994,73836,89935
0.004608154296875,0.8438496439959314,0.45084629851256625,73836,89936
0.00457763671875,0.8438496439959314,0.4508435456393911,73836,89937
0.0045166015625,0.8438496439959314,0.45083803999389405,73836,89939
0.004486083984375,0.8438496439959314,0.45083253448286387,73836,89941
0.00445556640625,0.8438496439959314,0.45082978177777233,73836,89942
0.00439453125,0.8438610726979737,0.4508331348951941,73837,89942
0.004364013671875,0.8438610726979737,0.4508276295785225,73837,89944
0.00433349609375,0.843872501400016,0.4508254774581156,73838,89946
0.0042724609375,0.8438839301020583,0.4508260779309587,73839,89947
0.00421142578125,0.8438953588041006,0.45082943090721483,73840,89947
0.004180908203125,0.8438953588041006,0.4508266783891372,73840,89948
0.004150390625,0.8438953588041006,0.4508211734538128,73840,89950
0.00408935546875,0.8438953588041006,0.45081566865292566,73840,89952
0.0040283203125,0.8438953588041006,0.4508046594544433,73840,89956
0.00396728515625,0.8438953588041006,0.45080190723883834,73840,89957
0.003936767578125,0.8438953588041006,0.4507991550568383,73840,89958
0.0038909912109375,0.8438953588041006,0.45079640290844264,73840,89959
0.0038604736328125,0.8438953588041006,0.4507908987124621,73840,89961
0.0038299560546875,0.8438953588041006,0.4507798907237264,73840,89965
0.0037689208984375,0.8438953588041006,0.45077713881054415,73840,89966
0.003631591796875,0.8439067875061429,0.4507804916761799,73841,89966
0.0035552978515625,0.8439067875061429,0.45077223612722056,73841,89969
0.0035247802734375,0.8439067875061429,0.4507667325959026,73841,89971
0.003509521484375,0.8439067875061429,0.4507639808806383,73841,89972
0.0034942626953125,0.8439067875061429,0.4507584775508958,73841,89974
0.0034637451171875,0.8439067875061429,0.45075572593641644,73841,89975
0.003448486328125,0.8439067875061429,0.45075297435553086,73841,89976
0.0034332275390625,0.8439067875061429,0.4507502228082384,73841,89977
0.0033416748046875,0.8439067875061429,0.45074747129453846,73841,89978
0.003265380859375,0.8439067875061429,0.45074196836791375,73841,89980
0.0032501220703125,0.8439067875061429,0.4507364655756518,73841,89982
0.00323486328125,0.8439067875061429,0.45073371422990527,73841,89983
0.003173828125,0.8439067875061429,0.45072821163917814,73841,89985
0.003143310546875,0.8439067875061429,0.4507254603941963,73841,89986
0.00311279296875,0.8439067875061429,0.45071995800499304,73841,89988
0.0030975341796875,0.8439067875061429,0.4507172068607703,73841,89989
0.003082275390625,0.8439182162081852,0.4507205596010523,73842,89989
0.0030670166015625,0.8439182162081852,0.45071780848674253,73842,89990
0.0029754638671875,0.8439182162081852,0.4507150574060171,73842,89991
0.0029449462890625,0.8439296449102276,0.45071841009802605,73843,89991
0.0029296875,0.8439296449102276,0.4507129080299812,73843,89993
0.002899169921875,0.8439296449102276,0.4507074060962658,73843,89995
0.0027923583984375,0.8439296449102276,0.45070465517978014,73843,89996
0.0027618408203125,0.8439296449102276,0.450701904296875,73843,89997
0.00274658203125,0.8439296449102276,0.45069915344754974,73843,89998
0.0027313232421875,0.8439296449102276,0.45069365184963656,73843,90000
0.002716064453125,0.8439296449102276,0.4506909011010473,73843,90001
0.0026397705078125,0.8439410736122699,0.45068875231160777,73844,90003
0.00262451171875,0.8439410736122699,0.45068600166007516,73844,90004
0.0026092529296875,0.8439410736122699,0.45068325104211804,73844,90005
0.002593994140625,0.8439410736122699,0.4506805004577357,73844,90006
0.0025787353515625,0.8439410736122699,0.45067499938969313,73844,90008
0.00250244140625,0.8439410736122699,0.45067224890603164,73844,90009
0.0024871826171875,0.8439410736122699,0.4506667480394251,73844,90011
0.0024566650390625,0.8439525023143122,0.4506673501894945,73845,90012
0.00244140625,0.8439525023143122,0.45066459983644375,73845,90013
0.002410888671875,0.8439639310163545,0.4506679523248647,73846,90013
0.0023956298828125,0.8439639310163545,0.4506652020017088,73846,90014
0.002288818359375,0.8439639310163545,0.4506624517121219,73846,90015
0.00225830078125,0.8439639310163545,0.4506597014561033,73846,90016
0.0022125244140625,0.8439639310163545,0.4506569512336525,73846,90017
0.0021514892578125,0.8439639310163545,0.45065420104476883,73846,90018
0.0021209716796875,0.8439639310163545,0.4506514508894517,73846,90019
0.0020904541015625,0.8439639310163545,0.45064595067951446,73846,90021
0.0020751953125,0.8439639310163545,0.4506432006248932,73846,90022
0.002044677734375,0.8439639310163545,0.45063770061634223,73846,90024
0.0020294189453125,0.8439639310163545,0.45063495066241127,73846,90025
0.00201416015625,0.8439639310163545,0.4506322007420426,73846,90026
0.0019989013671875,0.8439639310163545,0.4506294508552355,73846,90027
0.001953125,0.8439639310163545,0.4506267010019893,73846,90028
0.00194549560546875,0.8439639310163545,0.4506239511823036,73846,90029
0.0019378662109375,0.8439639310163545,0.45061845164361075,73846,90031
0.00193023681640625,0.8439639310163545,0.45061570192460243,73846,90032
0.001922607421875,0.8439639310163545,0.45061295223915204,73846,90033
0.0019073486328125,0.8439639310163545,0.4506074529689226,73846,90035
0.0018768310546875,0.8439639310163545,0.45060470338414227,73846,90036
0.00185394287109375,0.8439639310163545,0.45059920431524736,73846,90038
0.0018463134765625,0.8439639310163545,0.4505964548311316,73846,90039
0.0018310546875,0.8439639310163545,0.4505937053805694,73846,90040
0.00182342529296875,0.8439639310163545,0.45059095596356025,73846,90041
0.0018157958984375,0.8439639310163545,0.4505882065801035,73846,90042
0.00177764892578125,0.8439753597183968,0.450591558920977,73847,90042
0.00174713134765625,0.8439753597183968,0.4505888095673928,73847,90043
0.00170135498046875,0.8439753597183968,0.45058331096087667,73847,90045
0.0016937255859375,0.8439753597183968,0.4505805617079436,73847,90046
0.00164031982421875,0.8439753597183968,0.45057781248855966,73847,90047
0.001617431640625,0.8439753597183968,0.4505750633027243,73847,90048
0.00153350830078125,0.8439753597183968,0.45057231415043686,73847,90049
0.00152587890625,0.8439867884204391,0.45057566642464475,73848,90049
0.0014801025390625,0.8439867884204391,0.45057291730222454,73848,90050
0.00146484375,0.8439982171224814,0.4505762695318458,73849,90050
0.00145721435546875,0.8439982171224814,0.4505735204392923,73849,90051
0.001434326171875,0.8439982171224814,0.4505652733629037,73849,90054
0.00142669677734375,0.8439982171224814,0.4505625244045295,73849,90055
0.0014190673828125,0.8439982171224814,0.4505597754796986,73849,90056
0.00139617919921875,0.8439982171224814,0.45055427773066437,73849,90058
0.001373291015625,0.8439982171224814,0.4505515289064597,73849,90059
0.00135040283203125,0.8439982171224814,0.45054878011579597,73849,90060
0.00131988525390625,0.8439982171224814,0.4505432826350885,73849,90062
0.00128936767578125,0.8439982171224814,0.4505377852885372,73849,90064
0.0012664794921875,0.8439982171224814,0.45053503666556854,73849,90065
0.00122833251953125,0.8440096458245238,0.4505383887990727,73850,90065
0.001220703125,0.8440096458245238,0.45053564020595915,73850,90066
0.001190185546875,0.8440096458245238,0.450532891646382,73850,90067
0.00115203857421875,0.8440096458245238,0.4505301431203407,73850,90068
0.00113677978515625,0.8440096458245238,0.4505273946278345,73850,90069
0.00112152099609375,0.8440096458245238,0.45052464616886284,73850,90070
0.0010986328125,0.8440096458245238,0.45052189774342516,73850,90071
0.001068115234375,0.8440096458245238,0.4505191493515208,73850,90072
0.00101470947265625,0.8440096458245238,0.4505164009931492,73850,90073
0.001007080078125,0.8440096458245238,0.4505109043770017,73850,90075
0.0009918212890625,0.844021074526566,0.45051425643278065,73851,90075
0.000946044921875,0.844021074526566,0.4505115081713202,73851,90076
0.000926971435546875,0.844021074526566,0.4505087599433898,73851,90077
0.00092315673828125,0.844021074526566,0.4505060117489889,73851,90078
0.000911712646484375,0.844021074526566,0.4505032635881169,73851,90079
0.00090789794921875,0.844021074526566,0.45050051546077313,73851,90080
0.0008392333984375,0.844021074526566,0.450497767366957,73851,90081
0.000774383544921875,0.844021074526566,0.45049501930666797,73851,90082
0.000762939453125,0.844021074526566,0.4504922712799053,73851,90083
0.00074005126953125,0.8440325032286083,0.45049562326531856,73852,90083
0.0007171630859375,0.8440325032286083,0.45049287526839743,73852,90084
0.00070953369140625,0.8440325032286083,0.4504901273050013,73852,90085
0.000701904296875,0.8440325032286083,0.4504873793751296,73852,90086
0.000682830810546875,0.8440325032286083,0.45048463147878176,73852,90087
0.000675201416015625,0.8440325032286083,0.45048188361595703,73852,90088
0.000652313232421875,0.8440325032286083,0.45047913578665494,73852,90089
0.000637054443359375,0.8440325032286083,0.4504763879908748,73852,90090
0.00063323974609375,0.8440325032286083,0.450473640228616,73852,90091
0.00060272216796875,0.8440325032286083,0.450470892499878,73852,90092
0.000583648681640625,0.8440325032286083,0.4504681448046601,73852,90093
0.000579833984375,0.8440325032286083,0.4504653971429617,73852,90094
0.000553131103515625,0.8440325032286083,0.4504626495147822,73852,90095
0.0005035400390625,0.8440325032286083,0.45045990192012103,73852,90096
0.000492095947265625,0.8440325032286083,0.4504571543589775,73852,90097
0.000476837158203125,0.8440325032286083,0.450454406831351,73852,90098
0.000469207763671875,0.8440325032286083,0.450451659337241,73852,90099
0.000446319580078125,0.8440325032286083,0.4504489118766468,73852,90100
0.0004253387451171875,0.8440325032286083,0.45044616444956787,73852,90101
0.0004215240478515625,0.8440325032286083,0.4504434170560035,73852,90102
0.0004177093505859375,0.8440325032286083,0.45044066969595314,73852,90103
0.000415802001953125,0.8440439319306506,0.45044402156676183,73853,90103
0.000396728515625,0.8440439319306506,0.4504412742365376,73853,90104
0.0003566741943359375,0.8440439319306506,0.45043852693982606,73853,90105
0.0003414154052734375,0.8440439319306506,0.45043577967662646,73853,90106
0.0003070831298828125,0.8440439319306506,0.4504330324469383,73853,90107
0.000255584716796875,0.8440439319306506,0.45043028525076084,73853,90108
0.00024127960205078125,0.8440439319306506,0.4504275380880936,73853,90109
0.00023365020751953125,0.8440439319306506,0.45042479095893584,73853,90110
0.00021839141845703125,0.8440553606326929,0.45042814276304555,73854,90110
0.0001964569091796875,0.8440553606326929,0.4504253956637087,73854,90111
0.00018978118896484375,0.8440553606326929,0.45042264859788006,73854,90112
0.00015735626220703125,0.8440553606326929,0.45041990156555894,73854,90113
0.000156402587890625,0.8440553606326929,0.45041715456674475,73854,90114
0.00015354156494140625,0.8440553606326929,0.45041440760143686,73854,90115
0.00011348724365234375,0.8440553606326929,0.4504116606696347,73854,90116
9.489059448242188e-05,0.8440667893347352,0.4504150124107312,73855,90116
5.3882598876953125e-05,0.8440667893347352,0.4504122655087454,73855,90117
4.887580871582031e-05,0.8440667893347352,0.45040951864026396,73855,90118
3.62396240234375e-05,0.8440667893347352,0.4504067718052862,73855,90119
3.5762786865234375e-05,0.8440667893347352,0.45040402500381155,73855,90120
-6.67572021484375e-05,0.8440667893347352,0.45040127823583936,73855,90121
-9.584426879882812e-05,0.8440667893347352,0.4503985315013691,73855,90122
-0.00010728836059570312,0.8440667893347352,0.45039578480040005,73855,90123
-0.00011491775512695312,0.8440667893347352,0.45039303813293163,73855,90124
-0.00012493133544921875,0.8440667893347352,0.4503902914989633,73855,90125
-0.00014400482177734375,0.8440667893347352,0.45038754489849436,73855,90126
-0.0001659393310546875,0.8440667893347352,0.45038479833152417,73855,90127
-0.00017642974853515625,0.8440667893347352,0.45038205179805224,73855,90128
-0.0003795623779296875,0.8440667893347352,0.45037930529807785,73855,90129
-0.0003814697265625,0.8440667893347352,0.45037655883160044,73855,90130
-0.0004119873046875,0.8440667893347352,0.4503738123986194,73855,90131
-0.00042724609375,0.8440667893347352,0.45037106599913407,73855,90132
-0.0004482269287109375,0.8440667893347352,0.4503683196331439,73855,90133
-0.000492095947265625,0.8440782180367775,0.450371671270634,73856,90133
-0.00051116943359375,0.8440782180367775,0.45036892493444725,73856,90134
-0.000522613525390625,0.8440782180367775,0.45036617863175415,73856,90135
-0.0005340576171875,0.8440782180367775,0.4503634323625543,73856,90136
-0.00054931640625,0.8440782180367775,0.4503606861268469,73856,90137
-0.00055694580078125,0.8440782180367775,0.4503579399246314,73856,90138
-0.00058746337890625,0.8440782180367775,0.45035244762067367,73856,90140
-0.0005950927734375,0.8440782180367775,0.4503497015189302,73856,90141
-0.00060272216796875,0.8440782180367775,0.4503469554506762,73856,90142
-0.000614166259765625,0.8440782180367775,0.4503442094159111,73856,90143
-0.000652313232421875,0.8440782180367775,0.45034146341463416,73856,90144
-0.00066375732421875,0.8440782180367775,0.45033871744684484,73856,90145
-0.00079345703125,0.8440782180367775,0.4503359715125425,73856,90146
-0.000804901123046875,0.8440782180367775,0.4503332256117266,73856,90147
-0.000865936279296875,0.8440782180367775,0.4503304797443965,73856,90148
-0.000904083251953125,0.8440782180367775,0.45032773391055153,73856,90149
-0.00091552734375,0.8440782180367775,0.4503249881101911,73856,90150
-0.0009307861328125,0.8440782180367775,0.45032224234331464,73856,90151
-0.00098419189453125,0.8440782180367775,0.4503194966099215,73856,90152
-0.0009918212890625,0.8440782180367775,0.45031675091001105,73856,90153
-0.00099945068359375,0.8440782180367775,0.4503140052435827,73856,90154
-0.00101470947265625,0.8440782180367775,0.4503112596106359,73856,90155
-0.00102996826171875,0.8441010754408622,0.4503179626005256,73858,90155
-0.00104522705078125,0.8441010754408622,0.4503152169936713,73858,90156
-0.0010528564453125,0.8441125041429045,0.4503185684236198,73859,90156
-0.0010833740234375,0.8441125041429045,0.4503158228465516,73859,90157
-0.001129150390625,0.8441125041429045,0.4503130773029625,73859,90158
-0.00115203857421875,0.8441125041429045,0.4503075863162195,73859,90160
-0.00115966796875,0.8441125041429045,0.45030484087306427,73859,90161
-0.00119781494140625,0.8441125041429045,0.4503020954633858,73859,90162
-0.0012664794921875,0.8441125041429045,0.4502966047444566,73859,90164
-0.00128173828125,0.8441125041429045,0.4502911141594269,73859,90166
-0.00128936767578125,0.8441125041429045,0.45028836891712287,73859,90167
-0.00130462646484375,0.8441125041429045,0.45028562370829195,73859,90168
-0.0013275146484375,0.8441125041429045,0.4502828785329334,73859,90169
-0.00136566162109375,0.8441125041429045,0.4502801333910467,73859,90170
-0.00140380859375,0.8441125041429045,0.45027738828263125,73859,90171
-0.001434326171875,0.8441125041429045,0.45027464320768634,73859,90172
-0.00148773193359375,0.8441125041429045,0.4502718981662115,73859,90173
-0.001495361328125,0.8441239328449468,0.4502725044807784,73860,90174
-0.00151824951171875,0.8441239328449468,0.45026975950254516,73860,90175
-0.00156402587890625,0.8441239328449468,0.45026701455778,73860,90176
-0.0015716552734375,0.8441353615469891,0.45027036583209884,73861,90176
-0.00157928466796875,0.8441353615469891,0.4502648760355769,73861,90178
-0.0015869140625,0.8441353615469891,0.45026213118751524,73861,90179
-0.0016326904296875,0.8441353615469891,0.45025938637291896,73861,90180
-0.00165557861328125,0.8441353615469891,0.45025664159178747,73861,90181
-0.00167083740234375,0.8441353615469891,0.45025115212991634,73861,90183
-0.001678466796875,0.8441353615469891,0.45024840744917555,73861,90184
-0.00170135498046875,0.8441353615469891,0.45024566280189704,73861,90185
-0.001708984375,0.8441467902490314,0.4502490140020848,73862,90185
-0.00171661376953125,0.8441467902490314,0.45024626938457035,73862,90186
-0.0017547607421875,0.8441467902490314,0.45024352480051694,73862,90187
-0.00182342529296875,0.8441582189510737,0.4502468759524535,73863,90187
-0.0018310546875,0.8441582189510737,0.4502441313981628,73863,90188
-0.00185394287109375,0.8441582189510737,0.45023864238995936,73863,90190
-0.0018768310546875,0.8441582189510737,0.45023589793604546,73863,90191
-0.0019683837890625,0.8441582189510737,0.45023040912859025,73863,90193
-0.0019989013671875,0.8441582189510737,0.4502276647750477,73863,90194
-0.00201416015625,0.8441582189510737,0.45022492045496104,73863,90195
-0.0020294189453125,0.8441582189510737,0.4502221761683297,73863,90196
-0.0020599365234375,0.8441582189510737,0.450219431915153,73863,90197
-0.0020751953125,0.8441582189510737,0.45021394350916116,73863,90199
-0.0020904541015625,0.8441582189510737,0.4502111993563448,73863,90200
-0.002105712890625,0.8441582189510737,0.45020845523698066,73863,90201
-0.002166748046875,0.8441582189510737,0.45020571115106817,73863,90202
-0.0021820068359375,0.8441582189510737,0.45020296709860663,73863,90203
-0.002197265625,0.8441582189510737,0.4502002230795955,73863,90204
-0.0022735595703125,0.8441582189510737,0.4501974790940342,73863,90205
-0.002288818359375,0.8441582189510737,0.450194735141922,73863,90206
-0.002349853515625,0.8441582189510737,0.45019199122325837,73863,90207
-0.002410888671875,0.8441582189510737,0.4501865034862743,73863,90209
-0.0024261474609375,0.8441582189510737,0.45018375966795265,73863,90210
-0.002471923828125,0.8441582189510737,0.45018101588307713,73863,90211
-0.0024871826171875,0.8441582189510737,0.45017827213164713,73863,90212
-0.0025177001953125,0.8441696476531161,0.450178879428561,73864,90213
-0.002532958984375,0.8441696476531161,0.4501761357403186,73864,90214
-0.0025482177734375,0.8441696476531161,0.45017339208551976,73864,90215
-0.0025787353515625,0.8441696476531161,0.4501706484641638,73864,90216
-0.0026092529296875,0.8441696476531161,0.45016790487625014,73864,90217
-0.002685546875,0.8441810763551584,0.4501712558354969,73865,90217
-0.0027008056640625,0.8441810763551584,0.4501685122773231,73865,90218
-0.002716064453125,0.8441810763551584,0.4501657687525901,73865,90219
-0.0027313232421875,0.8441925050572007,0.4501663761685945,73866,90220
-0.0027923583984375,0.844203933759243,0.4501697270350485,73867,90220
-0.0028533935546875,0.844203933759243,0.4501642401379739,73867,90222
-0.00286865234375,0.844203933759243,0.4501614967395941,73867,90223
-0.0028839111328125,0.844203933759243,0.45015601004314654,73867,90225
-0.0029754638671875,0.844203933759243,0.4501532667450775,73867,90226
-0.00299072265625,0.844203933759243,0.45015052348044415,73867,90227
-0.0030517578125,0.844203933759243,0.45014778024924584,73867,90228
-0.0030670166015625,0.8442153624612853,0.4501511310452418,73868,90228
-0.0030975341796875,0.8442153624612853,0.4501483878437753,73868,90229
-0.00311279296875,0.8442267911633276,0.45015173859522967,73869,90229
-0.0031890869140625,0.8442267911633276,0.45014899542349435,73869,90230
-0.0032196044921875,0.8442267911633276,0.45014350918032187,73869,90232
-0.0032501220703125,0.8442267911633276,0.4501407661088835,73869,90233
-0.003265380859375,0.8442267911633276,0.4501380230708762,73869,90234
-0.0032958984375,0.8442267911633276,0.45013528006629944,73869,90235
-0.003326416015625,0.8442382198653698,0.45013863075469973,73870,90235
-0.0033721923828125,0.8442382198653698,0.4501331448384286,73870,90237
-0.00341796875,0.8442496485674122,0.45013649547858725,73871,90237
-0.0034332275390625,0.8442496485674122,0.45013375256689153,73871,90238
-0.00347900390625,0.8442610772694545,0.4501343602805418,73872,90239
-0.0035552978515625,0.8442725059714968,0.4501322251605591,73873,90241
-0.0035858154296875,0.8442839346735391,0.4501355756634068,73874,90241
-0.0036163330078125,0.8442839346735391,0.45013283287430844,73874,90242
-0.0036468505859375,0.8442839346735391,0.45013009011863486,73874,90243
-0.0036773681640625,0.8442839346735391,0.4501246047075598,73874,90245
-0.003692626953125,0.8442953633755814,0.4501279551547648,73875,90245
-0.003753662109375,0.8442953633755814,0.4501224698699748,73875,90247
-0.0037689208984375,0.8442953633755814,0.45011972727771243,73875,90248
-0.0037841796875,0.8442953633755814,0.45011698471887107,73875,90249
-0.003814697265625,0.8442953633755814,0.4501142421934501,73875,90250
-0.0038299560546875,0.8442953633755814,0.45011149970144887,73875,90251
-0.0038909912109375,0.8442953633755814,0.4501087572428668,73875,90252
-0.00390625,0.8443067920776237,0.4501121076233184,73876,90252
-0.003936767578125,0.8443067920776237,0.45010662279900077,73876,90254
-0.00396728515625,0.8443067920776237,0.45010113810835184,73876,90256
-0.003997802734375,0.8443067920776237,0.45009565355136655,73876,90258
-0.004058837890625,0.8443067920776237,0.4500874269664975,73876,90261
-0.00408935546875,0.8443067920776237,0.4500846848383677,73876,90262
-0.004150390625,0.8443067920776237,0.4500764586544495,73876,90265
-0.004180908203125,0.8443067920776237,0.4500709746988906,73876,90267
-0.00421142578125,0.8443067920776237,0.45005726539464386,73876,90272
-0.00433349609375,0.8443296494817084,0.4500639658848614,73878,90272
-0.004425048828125,0.8443296494817084,0.45006122411681926,73878,90273
-0.00445556640625,0.8443296494817084,0.4500584823821824,73878,90274
-0.004608154296875,0.8443296494817084,0.45005299901312185,73878,90276
-0.004669189453125,0.8443296494817084,0.450044774210055,73878,90279
-0.00469970703125,0.8443410781837507,0.45004264132553606,73879,90281
-0.004730224609375,0.8443410781837507,0.45003989985441123,73879,90282
-0.0047607421875,0.8443410781837507,0.45003715841668596,73879,90283
-0.004791259765625,0.8443410781837507,0.45003167564143176,73879,90285
-0.00482177734375,0.8443410781837507,0.450023451729032,73879,90288
-0.0048828125,0.8443410781837507,0.4500179692877462,73879,90290
-0.004913330078125,0.844352506885793,0.45001309594147637,73880,90293
-0.00494384765625,0.844352506885793,0.45001035486739677,73880,90294
-0.0050048828125,0.844352506885793,0.4500076138267093,73880,90295
-0.005035400390625,0.844352506885793,0.4500048728194133,73880,90296
-0.00506591796875,0.8443639355878353,0.4500082228326745,73881,90296
-0.00518798828125,0.8443639355878353,0.45000548185505973,73881,90297
-0.005218505859375,0.8443639355878353,0.4499972591225538,73881,90300
-0.005279541015625,0.8443753642898776,0.4499951274180188,73882,90302
-0.00531005859375,0.8443753642898776,0.4499896458894181,73882,90304
-0.005340576171875,0.8443753642898776,0.44998690517519657,73882,90305
-0.00537109375,0.8443753642898776,0.44998416449436013,73882,90306
-0.005401611328125,0.8443753642898776,0.44997868323284,73882,90308
-0.00543212890625,0.8443867929919199,0.4499765519845548,73883,90310
-0.005462646484375,0.8443867929919199,0.44996833053180346,73883,90313
-0.00555419921875,0.8443867929919199,0.44996010937947245,73883,90316
-0.005584716796875,0.8443867929919199,0.44995462877814385,73883,90318
-0.005615234375,0.8443867929919199,0.44995188852754536,73883,90319
-0.005645751953125,0.8443867929919199,0.44994640812647685,73883,90321
-0.00567626953125,0.8443867929919199,0.4499436679760056,73883,90322
-0.005706787109375,0.8443867929919199,0.4499354477248368,73883,90325
-0.0057373046875,0.8443982216939622,0.44993879750805377,73884,90325
-0.005767822265625,0.8443982216939622,0.44993331750004567,73884,90327
-0.00579833984375,0.8444096503960046,0.4499339272773776,73885,90328
-0.005859375,0.8444096503960046,0.44993118735308807,73885,90329
-0.005889892578125,0.8444096503960046,0.4499284474621685,73885,90330
-0.00592041015625,0.8444096503960046,0.4499257076046183,73885,90331
-0.0059814453125,0.8444096503960046,0.44991474850809887,73885,90335
-0.006011962890625,0.8444096503960046,0.4499092691600395,73885,90337
-0.006072998046875,0.8444096503960046,0.4499065295360577,73885,90338
-0.006103515625,0.8444096503960046,0.4499037899454404,73885,90339
-0.006134033203125,0.8444096503960046,0.44989831086429677,73885,90341
-0.00616455078125,0.8444096503960046,0.44989557137376923,73885,90342
-0.0062255859375,0.8444096503960046,0.4498900924927997,73885,90344
-0.006256103515625,0.8444096503960046,0.44987639587417955,73885,90349
-0.00628662109375,0.8444096503960046,0.449865439179727,73885,90353
-0.00634765625,0.8444096503960046,0.44985996103263515,73885,90355
-0.006378173828125,0.8444096503960046,0.4498544830189598,73885,90357
-0.006439208984375,0.8444210790980469,0.449855093641168,73886,90358
-0.0064697265625,0.8444210790980469,0.44984687695970094,73886,90361
-0.006500244140625,0.8444210790980469,0.44984413813258,73886,90362
-0.00653076171875,0.8444210790980469,0.44984139933880873,73886,90363
-0.006561279296875,0.8444210790980469,0.4498386605783866,73886,90364
-0.006591796875,0.8444210790980469,0.44983592185131294,73886,90365
-0.006622314453125,0.8444325078000892,0.44983653266607004,73887,90366
-0.0067138671875,0.8444325078000892,0.4498310553712216,73887,90368
-0.006744384765625,0.8444325078000892,0.44982831677381646,73887,90369
-0.0068359375,0.8444325078000892,0.44982557820975666,73887,90370
-0.006866455078125,0.8444325078000892,0.4498228396790415,73887,90371
-0.00689697265625,0.8444325078000892,0.4498173627176428,73887,90373
-0.006927490234375,0.8444439365021315,0.4498179737249029,73888,90374
-0.0069580078125,0.8444439365021315,0.44981523532384043,73888,90375
-0.00701904296875,0.844466793906216,0.44981919569478773,73890,90376
-0.007080078125,0.844466793906216,0.44981098076934783,73890,90379
-0.007110595703125,0.844466793906216,0.4498082425275461,73890,90380
-0.00714111328125,0.8444782226082583,0.4498033772842933,73891,90383
-0.007171630859375,0.8444782226082583,0.44979516304777906,73891,90386
-0.007232666015625,0.8444782226082583,0.44978968705677536,73891,90388
-0.00726318359375,0.8444782226082583,0.4497869491112734,73891,90389
-0.007293701171875,0.8444782226082583,0.449784211199104,73891,90390
-0.00732421875,0.844501080012343,0.44978543384971237,73893,90392
-0.00738525390625,0.8445125087143853,0.4497833073626802,73894,90394
-0.007415771484375,0.8445353661184699,0.4497872677139953,73896,90395
-0.0074462890625,0.8445353661184699,0.4497845299832006,73896,90396
-0.007476806640625,0.8445467948205122,0.44977966596873936,73897,90399
-0.007537841796875,0.8445467948205122,0.4497769283675295,73897,90400
-0.007568359375,0.8445467948205122,0.4497714532650838,73897,90402
-0.007598876953125,0.8445467948205122,0.44976871576384664,73897,90403
-0.00762939453125,0.8445467948205122,0.44976324086134073,73897,90405
-0.007659912109375,0.8445467948205122,0.44976050346007074,73897,90406
-0.007720947265625,0.8445467948205122,0.4497577660921219,73897,90407
-0.00775146484375,0.8445467948205122,0.4497495541881965,73897,90410
-0.007781982421875,0.8445467948205122,0.4497468169535263,73897,90411
-0.0078125,0.8445467948205122,0.4497386054494221,73897,90414
-0.00787353515625,0.8445467948205122,0.4497221833407377,73897,90420
-0.0079345703125,0.8445467948205122,0.4497139727361246,73897,90423
-0.00799560546875,0.8445467948205122,0.4497084991662711,73897,90425
-0.008056640625,0.8445467948205122,0.44970576243130905,73897,90426
-0.00811767578125,0.8445467948205122,0.4496920792561219,73897,90431
-0.0081787109375,0.8445467948205122,0.44968386975068614,73897,90434
-0.00823974609375,0.8445696522245969,0.4496850944716585,73899,90436
-0.00830078125,0.8445810809266392,0.4496857068097872,73900,90437
-0.00836181640625,0.8445810809266392,0.44968023415014086,73900,90439
-0.00848388671875,0.8445925096286815,0.4496808465325147,73901,90440
-0.008544921875,0.8445925096286815,0.44967537406521724,73901,90442
-0.00860595703125,0.8445925096286815,0.44966990173111443,73901,90444
-0.0086669921875,0.8445925096286815,0.4496507496105919,73901,90451
-0.00872802734375,0.8446153670327661,0.4496437676062765,73903,90456
-0.0087890625,0.8446153670327661,0.449635560531023,73903,90459
-0.00885009765625,0.8446382244368507,0.449634050630601,73905,90462
-0.0089111328125,0.8446382244368507,0.44962857959834274,73905,90464
-0.00897216796875,0.8446496531388931,0.4496209862873691,73906,90468
-0.009033203125,0.8446496531388931,0.44961825095057034,73906,90469
-0.00909423828125,0.8446610818409354,0.44961065823092833,73907,90473
-0.0091552734375,0.8446725105429777,0.4496085361624986,73908,90475
-0.00921630859375,0.8446725105429777,0.44960033092842455,73908,90478
-0.00927734375,0.8446725105429777,0.4495866562038068,73908,90483
-0.00933837890625,0.8446725105429777,0.4495757170230238,73908,90487
-0.0093994140625,0.8446725105429777,0.4495729823110051,73908,90488
-0.00946044921875,0.8446839392450199,0.4495708611366249,73909,90490
-0.009521484375,0.8446839392450199,0.44955992287245367,73909,90494
-0.00958251953125,0.8446839392450199,0.44955445393996535,73909,90496
-0.0096435546875,0.8446839392450199,0.44954351647415897,73909,90500
-0.00970458984375,0.8446839392450199,0.4495353137240591,73909,90503
-0.009765625,0.8446953679470622,0.44952772523522505,73910,90507
-0.00982666015625,0.8446953679470622,0.44952225716006056,73910,90509
-0.0098876953125,0.8446953679470622,0.44951132140880534,73910,90513
-0.00994873046875,0.8447067966491045,0.4495010004317973,73911,90518
-0.010009765625,0.8447067966491045,0.44949826673964605,73911,90519
-0.01007080078125,0.8447067966491045,0.4494873323035382,73911,90523
-0.0101318359375,0.8447067966491045,0.4494818652849741,73911,90525
-0.01019287109375,0.8447067966491045,0.44947366500647656,73911,90528
-0.01025390625,0.8447067966491045,0.4494627317672385,73911,90532
-0.01031494140625,0.8447067966491045,0.4494599985405366,73911,90533
-0.0103759765625,0.8447067966491045,0.4494517990598795,73911,90536
-0.01043701171875,0.8447296540531892,0.44945576162967465,73913,90537
-0.010498046875,0.8447296540531892,0.44945029552696225,73913,90539
-0.01055908203125,0.8447410827552315,0.4494454443741791,73914,90542
-0.0106201171875,0.8447410827552315,0.4494399785963589,73914,90544
-0.01068115234375,0.8447525114572738,0.4494296624185232,73915,90549
-0.0107421875,0.8447525114572738,0.44942419709848846,73915,90551
-0.01080322265625,0.8447525114572738,0.44941599936766197,73915,90554
-0.0108642578125,0.8447639401593161,0.4494138819981517,73916,90556
-0.01092529296875,0.8447639401593161,0.44941114955038214,73916,90557
-0.010986328125,0.8447753688613584,0.44940356765038486,73917,90561
-0.01104736328125,0.8447753688613584,0.44940083536500103,73917,90562
-0.0111083984375,0.8447753688613584,0.44939537089390263,73917,90564
-0.01116943359375,0.8447753688613584,0.44938717443641935,73917,90567
-0.01123046875,0.8447867975634007,0.4493850577857217,73918,90569
-0.01129150390625,0.8447867975634007,0.44938232576236564,73918,90570
-0.0113525390625,0.8447867975634007,0.449374129891605,73918,90573
-0.01141357421875,0.8447867975634007,0.4493659343197928,73918,90576
-0.011474609375,0.8447867975634007,0.44936047077132574,73918,90578
-0.01153564453125,0.8447867975634007,0.44935500735571254,73918,90580
-0.0115966796875,0.8447867975634007,0.4493468124813831,73918,90583
-0.01165771484375,0.844798226265443,0.44933650239807427,73919,90588
-0.01171875,0.844798226265443,0.44933103963916865,73919,90590
-0.0118408203125,0.844798226265443,0.4493255770130873,73919,90592
-0.01190185546875,0.844798226265443,0.4493201145198252,73919,90594
-0.011962890625,0.844798226265443,0.4493064588677227,73919,90599
-0.01202392578125,0.844798226265443,0.44929553494365493,73919,90603
-0.0120849609375,0.8448210836695277,0.4492994985564504,73921,90604
-0.01214599609375,0.8448210836695277,0.4492885752663664,73921,90608
-0.01220703125,0.84483251237157,0.44928646099239056,73922,90610
-0.01226806640625,0.84483251237157,0.4492782690612939,73922,90613
-0.0123291015625,0.84483251237157,0.44927553848397916,73922,90614
-0.012451171875,0.84483251237157,0.4492618860952589,73922,90619
-0.01251220703125,0.84483251237157,0.4492564253720912,73922,90621
-0.0125732421875,0.84483251237157,0.44924823453623913,73922,90624
-0.0126953125,0.84483251237157,0.44923731388635674,73922,90628
-0.01275634765625,0.8448439410736123,0.44923793086683844,73923,90629
-0.0128173828125,0.8448439410736123,0.44921882121306034,73923,90636
-0.01287841796875,0.8448667984776969,0.4492227853331875,73925,90637
-0.012939453125,0.8448896558817816,0.4492240195423113,73927,90639
-0.01300048828125,0.8448896558817816,0.44922128980901394,73927,90640
-0.0130615234375,0.8449010845838238,0.4492137180079236,73928,90644
-0.01312255859375,0.8449010845838238,0.44920007048372496,73928,90649
-0.01318359375,0.8449125132858661,0.4492006878155779,73929,90650
-0.01324462890625,0.8449125132858661,0.4491979584396646,73929,90651
-0.0133056640625,0.8449125132858661,0.44919522909691884,73929,90652
-0.01336669921875,0.8449239419879084,0.44919038794543853,73930,90655
-0.013427734375,0.8449353706899507,0.449180088826242,73931,90660
-0.01348876953125,0.844946799391993,0.44917524833682676,73932,90663
-0.0135498046875,0.844946799391993,0.4491670615681843,73932,90666
-0.01361083984375,0.844946799391993,0.44916160388821386,73932,90668
-0.013671875,0.844946799391993,0.44915341761693284,73932,90671
-0.01373291015625,0.844946799391993,0.449145231644047,73932,90674
-0.0137939453125,0.844946799391993,0.4491343174776745,73932,90678
-0.01385498046875,0.844946799391993,0.44912613220098047,73932,90681
-0.013916015625,0.844946799391993,0.44911249073612847,73932,90686
-0.01397705078125,0.844946799391993,0.4491097625425984,73932,90687
-0.0140380859375,0.844946799391993,0.4490988500999253,73932,90691
-0.01409912109375,0.844946799391993,0.44909612207211586,73932,90692
-0.01416015625,0.8449696567960777,0.4490919030553362,73934,90696
-0.01422119140625,0.84498108549812,0.44908433808120996,73935,90700
-0.0142822265625,0.84498108549812,0.4490816103403873,73935,90701
-0.01434326171875,0.84498108549812,0.4490761549581506,73935,90703
-0.014404296875,0.84498108549812,0.4490625170824147,73935,90708
-0.01446533203125,0.84498108549812,0.4490461527248875,73935,90714
-0.0145263671875,0.84498108549812,0.4490352438157823,73935,90718
-0.01458740234375,0.84498108549812,0.4490325166713229,73935,90719
-0.0146484375,0.84498108549812,0.4490270624817802,73935,90721
-0.01470947265625,0.8449925142001623,0.44902768161887063,73936,90722
-0.0147705078125,0.8449925142001623,0.4490167737547218,73936,90726
-0.014892578125,0.8449925142001623,0.4490085932043847,73936,90729
-0.01495361328125,0.8449925142001623,0.44900041295212184,73936,90732
-0.0150146484375,0.8450153716042469,0.44900165176836376,73938,90734
-0.01507568359375,0.8450268003062892,0.448994091463896,73939,90738
-0.01513671875,0.8450268003062892,0.4489886385027842,73939,90740
-0.01519775390625,0.8450382290083315,0.4489810789147701,73940,90744
-0.0152587890625,0.8450382290083315,0.44897017390459537,73940,90748
-0.01531982421875,0.8450496577103739,0.44896534136448646,73941,90751
-0.015380859375,0.8450496577103739,0.448959889249153,73941,90753
-0.01544189453125,0.8450610864124162,0.448960509059115,73942,90754
-0.0155029296875,0.8450610864124162,0.44894960534304795,73942,90758
-0.01556396484375,0.8450610864124162,0.4489359764427309,73942,90763
-0.015625,0.8450610864124162,0.4489305251142939,73942,90765
-0.0157470703125,0.8450725151144585,0.4489229685754529,73943,90769
-0.015869140625,0.8450839438165008,0.4489072365225838,73944,90776
-0.0159912109375,0.8450839438165008,0.44889361056305965,73944,90781
-0.01611328125,0.8450839438165008,0.44888543538439124,73944,90784
-0.0162353515625,0.8450839438165008,0.44887453560935336,73944,90788
-0.016357421875,0.8450839438165008,0.4488581869392611,73944,90794
-0.0164794921875,0.8450839438165008,0.4488445639571939,73944,90799
-0.0166015625,0.845095372518543,0.44883156297420335,73945,90805
-0.0167236328125,0.845095372518543,0.44881794179235834,73945,90810
-0.016845703125,0.845095372518543,0.448804321437242,73945,90815
-0.0169677734375,0.845095372518543,0.44877980688114877,73945,90824
-0.01708984375,0.8451068012205853,0.4487695342133212,73946,90829
-0.0172119140625,0.8451068012205853,0.4487477470370123,73946,90837
-0.017333984375,0.8451182299226276,0.4487456458679742,73947,90839
-0.0174560546875,0.8451182299226276,0.44872930724792465,73947,90845
-0.017578125,0.8451182299226276,0.4487129698175949,73947,90851
-0.0177001953125,0.84512965862467,0.4487108694728794,73948,90853
-0.017822265625,0.8451410873267123,0.4486978787437503,73949,90859
-0.0179443359375,0.8451525160287546,0.4486821667799243,73950,90866
-0.01806640625,0.8451525160287546,0.4486631113376167,73950,90873
-0.0181884765625,0.8451525160287546,0.4486522232401245,73950,90877
-0.018310546875,0.8451639447307969,0.448636515303182,73951,90884
-0.0184326171875,0.8451753734328392,0.4486262519640138,73952,90889
-0.0185546875,0.8451753734328392,0.44860448046393975,73952,90897
-0.0186767578125,0.8451753734328392,0.44859903791909056,73952,90899
-0.018798828125,0.8451753734328392,0.4485854321347115,73952,90904
-0.0189208984375,0.8451753734328392,0.4485745481014194,73952,90908
-0.01904296875,0.8451868021348815,0.44855884707766214,73953,90915
-0.0191650390625,0.8451868021348815,0.4485425233814913,73953,90921
-0.019287109375,0.8451982308369238,0.44854042710626707,73954,90923
-0.0194091796875,0.8452210882410085,0.4485416755114295,73956,90925
-0.01953125,0.8452210882410085,0.44853079418988995,73956,90929
-0.0196533203125,0.8452325169430508,0.44852053780982587,73957,90934
-0.019775390625,0.8452439456450931,0.4485048423580495,73958,90941
-0.0198974609375,0.8452439456450931,0.44848852369546105,73958,90947
-0.02001953125,0.8452553743471354,0.44847555059668187,73959,90953
-0.0201416015625,0.84527823175122,0.44847136152512157,73961,90957
-0.020263671875,0.84527823175122,0.44844960770284853,73961,90965
-0.0203857421875,0.8452896604532624,0.4484393568258434,73962,90970
-0.0205078125,0.8452896604532624,0.4484203250898817,73962,90977
-0.0206298828125,0.8452896604532624,0.4484094505374584,73962,90981
-0.020751953125,0.845312517857347,0.44839710946214656,73964,90988
-0.02099609375,0.845312517857347,0.4483807999612022,73964,90994
-0.0211181640625,0.8453353752614315,0.44837389749340767,73966,90999
-0.021240234375,0.8453353752614315,0.4483548723419732,73966,91006
-0.0213623046875,0.8453353752614315,0.44834400155174087,73966,91010
-0.021484375,0.8453353752614315,0.4483385663543018,73966,91012
-0.0216064453125,0.8453353752614315,0.4483168268822809,73966,91020
-0.021728515625,0.8453353752614315,0.44830052366175327,73966,91026
-0.0218505859375,0.8453353752614315,0.44828965550680017,73966,91030
-0.02197265625,0.8453353752614315,0.4482842216269288,73966,91032
-0.0220947265625,0.8453353752614315,0.44827063750356055,73966,91037
-0.022216796875,0.8453353752614315,0.4482543376421892,73966,91043
-0.0223388671875,0.8453353752614315,0.44824347172647006,73966,91047
-0.0224609375,0.8453353752614315,0.4482217414753274,73966,91055
-0.0225830078125,0.8453353752614315,0.4482135931743262,73966,91058
-0.022705078125,0.8453468039634738,0.44819792525086044,73967,91065
-0.0228271484375,0.8453468039634738,0.4481789152866898,73967,91072
-0.02294921875,0.8453582326655161,0.44817411220106274,73968,91075
-0.0230712890625,0.8453582326655161,0.4481659658519443,73968,91078
-0.023193359375,0.8453582326655161,0.4481551045137837,73968,91082
-0.0233154296875,0.8453810900696008,0.448142785307072,73970,91089
-0.0234375,0.8453810900696008,0.4481292104880531,73970,91094
-0.0235595703125,0.8453925187716431,0.44812712413747147,73971,91096
-0.023681640625,0.8453925187716431,0.4481162651222807,73971,91100
-0.0238037109375,0.8454039474736854,0.4480978919311849,73972,91108
-0.02392578125,0.8454039474736854,0.44808703447941656,73972,91112
-0.0240478515625,0.8454039474736854,0.4480653211542655,73972,91120
-0.024169921875,0.84542680487777,0.4480448686888264,73974,91130
-0.0242919921875,0.8454382335798123,0.4480265030615397,73975,91138
-0.0244140625,0.8454496622818547,0.44801899247810656,73976,91142
-0.0245361328125,0.8454496622818547,0.4480054262580016,73976,91147
-0.024658203125,0.8454725196859393,0.4480012596212658,73978,91151
-0.0247802734375,0.8454725196859393,0.4479904077319494,73978,91155
-0.02490234375,0.8454839483879816,0.4479856119464445,73979,91158
-0.0250244140625,0.8454839483879816,0.44797204829782855,73979,91163
-0.025146484375,0.8454839483879816,0.4479584854705202,73979,91168
-0.0252685546875,0.8454953770900239,0.44794555384671275,73980,91174
-0.025390625,0.8455182344941085,0.4479278297460116,73982,91183
-0.0255126953125,0.8455182344941085,0.44791698200025426,73982,91187
-0.025634765625,0.8455296631961509,0.4479149008306493,73983,91189
-0.0257568359375,0.8455296631961509,0.4478959189727508,73983,91196
-0.02587890625,0.8455410918981932,0.4478857039077398,73984,91201
-0.0260009765625,0.8455410918981932,0.447877569799259,73984,91204
-0.026123046875,0.8455410918981932,0.44786672478086104,73984,91208
-0.0262451171875,0.8455410918981932,0.4478396145325117,73984,91218
-0.0263671875,0.8455639493022777,0.4478354559101254,73986,91222
-0.0264892578125,0.8455639493022777,0.4478164815543383,73986,91229
-0.026611328125,0.8455868067063623,0.4478204553983222,73988,91230
-0.0267333984375,0.8456325215145316,0.447814850903897,73992,91237
-0.02685546875,0.8456325215145316,0.4478040100948358,73992,91241
-0.0269775390625,0.8456439502165739,0.44779380170540856,73993,91246
-0.027099609375,0.8456439502165739,0.4477883818180718,73993,91248
-0.0272216796875,0.8456439502165739,0.4477748326737107,73993,91253
-0.02734375,0.8456553789186162,0.44774836921661887,73994,91264
-0.0274658203125,0.8456553789186162,0.44773482267658216,73994,91269
-0.027587890625,0.8456553789186162,0.4477131499174084,73994,91277
-0.0277099609375,0.8456553789186162,0.44768606191879284,73994,91287
-0.02783203125,0.8456668076206585,0.44768398635076595,73995,91289
-0.0279541015625,0.8456782363227008,0.44767649389856556,73996,91293
-0.028076171875,0.8456896650247432,0.4476581688828661,73997,91301
-0.0281982421875,0.8456896650247432,0.4476554607105911,73997,91302
-0.0283203125,0.8456896650247432,0.4476419203407056,73997,91307
-0.0284423828125,0.8456896650247432,0.44763379651194446,73997,91310
-0.028564453125,0.8457010937267855,0.4476100606104598,73998,91320
-0.0286865234375,0.8457125224288278,0.447605279394152,73999,91323
-0.02880859375,0.8457353798329124,0.44759842495871865,74001,91328
-0.0289306640625,0.8457468085349547,0.4475801086259662,74002,91336
-0.029052734375,0.8457468085349547,0.44757469456876736,74002,91338
-0.0291748046875,0.8457468085349547,0.4475476262473541,74002,91348
-0.029296875,0.8457696659390394,0.44754348194199184,74004,91352
-0.0294189453125,0.8457925233431239,0.4475366315318421,74006,91357
-0.029541015625,0.8458039520451662,0.44750208612995684,74007,91371
-0.0296630859375,0.8458268094492508,0.4474898268908681,74009,91378
-0.02978515625,0.8458496668533355,0.44746945265690846,74011,91388
-0.0299072265625,0.8458496668533355,0.44744781055215316,74011,91396
-0.030029296875,0.8458496668533355,0.4474261705407611,74011,91404
-0.0301513671875,0.8458610955553778,0.4474159870874919,74012,91409
-0.0302734375,0.8458610955553778,0.4474132823929102,74012,91410
-0.0303955078125,0.8458610955553778,0.4473970549121068,74012,91416
-0.030517578125,0.8458610955553778,0.44738894161311965,74012,91419
-0.0306396484375,0.8458610955553778,0.4473781243388642,74012,91423
-0.03076171875,0.8458610955553778,0.44735919536756086,74012,91430
-0.0308837890625,0.8458610955553778,0.4473375642187972,74012,91438
-0.031005859375,0.8458953816615047,0.4473367702786827,74015,91442
-0.0311279296875,0.8458953816615047,0.4473097354759559,74015,91452
-0.03125,0.8459296677676317,0.44729813026505033,74018,91460
-0.031494140625,0.8459525251717163,0.44727778113481176,74020,91470
-0.03173828125,0.8459525251717163,0.44725886269841747,74020,91477
-0.031982421875,0.8459525251717163,0.44722643481623353,74020,91489
-0.0322265625,0.8459525251717163,0.447188608229672,74020,91503
-0.032470703125,0.8459639538737586,0.44715953025323796,74021,91515
-0.03271484375,0.8460096686819278,0.44713777460994364,74025,91528
-0.032958984375,0.8460210973839701,0.4471276100967027,74026,91533
-0.033203125,0.8460325260860124,0.44710664435975334,74027,91542
-0.033447265625,0.846055383490097,0.44709982123013,74029,91547
-0.03369140625,0.8460668121921393,0.44707615936033623,74030,91557
-0.033935546875,0.8460782408941816,0.4470552002753673,74031,91566
-0.0341796875,0.846089669596224,0.4470288450506917,74032,91577
-0.034423828125,0.8461468131064355,0.44701854803651647,74037,91587
-0.03466796875,0.8461810992125625,0.44700157573489013,74040,91597
-0.034912109375,0.8461925279146048,0.4469698341694285,74041,91610
-0.03515625,0.8461925279146048,0.44695094713204314,74041,91617
-0.035400390625,0.8462268140207316,0.44695017052485436,74044,91621
-0.03564453125,0.8462268140207316,0.44691240289958295,74044,91635
-0.035888671875,0.8462268140207316,0.44688812708222686,74044,91644
-0.0361328125,0.8462496714248163,0.4468732271964659,74046,91652
-0.036376953125,0.8463068149350278,0.44685486012213665,74051,91665
-0.03662109375,0.8463182436370701,0.4468123619776268,74052,91682
-0.036865234375,0.8463296723391125,0.4467887417418323,74053,91692
-0.037109375,0.8463296723391125,0.4467590916769227,74053,91703
-0.037353515625,0.8463411010411548,0.44673547811084235,74054,91713
-0.03759765625,0.8463525297431971,0.44672264649462523,74055,91719
-0.037841796875,0.8463525297431971,0.4466822286158913,74055,91734
-0.0380859375,0.846386815849324,0.446670687575392,74058,91742
-0.038330078125,0.846421101955451,0.4466537605615965,74061,91752
-0.03857421875,0.846421101955451,0.4466133584195673,74061,91767
-0.038818359375,0.8464439593595355,0.4466092598622719,74063,91771
-0.0390625,0.8464553880615778,0.4465802818260204,74064,91783
-0.039306640625,0.8464668167636201,0.44655669307479895,74065,91793
-0.03955078125,0.8464782454656624,0.4465223393801282,74066,91807
-0.039794921875,0.8464896741677048,0.4465068332117602,74067,91814
-0.0400390625,0.8465011028697471,0.446467106294229,74068,91830
-0.040283203125,0.8465011028697471,0.4464401957711503,74068,91840
-0.04052734375,0.8465011028697471,0.4464105979423695,74068,91851
-0.040771484375,0.8465582463799586,0.4463976858408413,74073,91862
-0.041015625,0.8465582463799586,0.44637347538928795,74073,91871
-0.041259765625,0.8466039611881279,0.4463626120019041,74077,91880
-0.04150390625,0.8466153898901702,0.44634712138101407,74078,91887
-0.041748046875,0.8466268185922124,0.44632087578399415,74079,91898
-0.0419921875,0.8466382472942547,0.4462946339817699,74080,91909
-0.042236328125,0.8466382472942547,0.4462569953555056,74080,91923
-0.04248046875,0.8466496759962971,0.446246890228843,74081,91928
-0.042724609375,0.846683962102424,0.44621657923108893,74084,91943
-0.04296875,0.846683962102424,0.44620314156307217,74084,91948
-0.043212890625,0.846683962102424,0.44617358154213066,74084,91959
-0.04345703125,0.8467068195065086,0.44615069615069614,74086,91970
-0.043701171875,0.8467182482085509,0.4461352249735042,74087,91977
-0.0439453125,0.8467296769105933,0.4460928938717019,74088,91994
-0.044189453125,0.8467411056126356,0.44608279947979385,74089,91999
-0.04443359375,0.8467411056126356,0.44605594287709666,74089,92009
-0.044677734375,0.8467411056126356,0.44601566403592735,74089,92024
-0.044921875,0.8467639630167202,0.44599817004165565,74091,92033
-0.045166015625,0.8467753917187625,0.4459800280498155,74092,92041
-0.04541015625,0.8467982491228471,0.4459679069711452,74094,92048
-0.045654296875,0.8468211065269318,0.4459369997231551,74096,92062
-0.0458984375,0.8468325352289741,0.44589203078645057,74097,92080
-0.046142578125,0.8468553926330586,0.44586650299956077,74099,92092
-0.04638671875,0.8468668213351009,0.445843010312752,74100,92102
-0.046630859375,0.8468896787391856,0.4458201726679301,74102,92113
-0.046875,0.8469125361432702,0.44581074821173966,74104,92119
-0.047119140625,0.8469353935473548,0.44579059764790807,74106,92129
-0.04736328125,0.8469353935473548,0.44575573841489824,74106,92142
-0.047607421875,0.8469468222493971,0.4457295801756285,74107,92153
-0.0478515625,0.8469582509514394,0.4457034257120862,74108,92164
-0.048095703125,0.8469696796534818,0.4456745948221427,74109,92176
-0.04833984375,0.8469811083555241,0.44565380799182175,74110,92185
-0.048583984375,0.8470039657596087,0.4456202799557458,74112,92200
-0.048828125,0.847015394461651,0.4455753888331099,74113,92218
-0.049072265625,0.847015394461651,0.44554592345889793,74113,92229
-0.04931640625,0.847015394461651,0.44551646198144906,74113,92240
-0.049560546875,0.8470268231636933,0.4454876597381677,74114,92252
-0.0498046875,0.8470611092698203,0.44547623770112454,74117,92260
-0.050048828125,0.8470725379718625,0.4454474427549733,74118,92272
-0.05029296875,0.8470839666739048,0.4454266826923077,74119,92281
-0.050537109375,0.8471068240779894,0.4453958753965965,74121,92295
-0.05078125,0.8471296814820741,0.44537310204351405,74123,92306
-0.051025390625,0.8471411101841164,0.44536037876420964,74124,92312
-0.05126953125,0.8471411101841164,0.4453282706911468,74124,92324
-0.051513671875,0.8471525388861587,0.4452968245004866,74125,92337
-0.0517578125,0.8471982536943279,0.445280729470137,74129,92348
-0.052001953125,0.8471982536943279,0.44525665821750776,74129,92357
-0.05224609375,0.8471982536943279,0.44523526373322764,74129,92365
-0.052490234375,0.8472211110984126,0.44519914480638034,74131,92381
-0.052734375,0.8472325398004549,0.4451490095056235,74132,92401
-0.052978515625,0.8472325398004549,0.4451169353628149,74132,92413
-0.05322265625,0.8472325398004549,0.4450875381253152,74132,92424
-0.053466796875,0.847278254608624,0.4450581116127173,74136,92440
-0.0537109375,0.847278254608624,0.4450420813773397,74136,92446
-0.053955078125,0.8473011120127087,0.44501668707531994,74138,92458
-0.05419921875,0.847312540714751,0.4449852950003001,74139,92471
-0.054443359375,0.847312540714751,0.4449559179215105,74139,92482
-0.0546875,0.8473353981188356,0.44494655792209037,74141,92488
-0.054931640625,0.8473353981188356,0.44492252667458804,74141,92497
-0.05517578125,0.8473468268208779,0.4448964896489649,74142,92508
-0.055419921875,0.8473582555229202,0.44487312568627335,74143,92518
-0.0556640625,0.8473696842249626,0.4448444268452188,74144,92530
-0.055908203125,0.8473696842249626,0.4448204076000552,74144,92539
-0.05615234375,0.8474039703310895,0.4448010462095899,74147,92550
-0.056396484375,0.8474268277351741,0.4447863617004685,74149,92558
-0.056640625,0.8474268277351741,0.44476768597718247,74149,92565
-0.056884765625,0.8474496851392588,0.44475567258266707,74151,92572
-0.05712890625,0.8474611138413011,0.4447216591298924,74152,92586
-0.057373046875,0.8474839712453857,0.4447016491754123,74154,92596
-0.0576171875,0.8475068286494702,0.4446789755521309,74156,92607
-0.057861328125,0.8475068286494702,0.44464164722953403,74156,92621
-0.05810546875,0.8475182573515125,0.44462098364980485,74157,92630
-0.058349609375,0.8475296860535549,0.44460032254776766,74158,92639
-0.05859375,0.8475639721596818,0.44456233739764295,74161,92657
-0.058837890625,0.8475868295637664,0.4445450131571849,74163,92666
-0.05908203125,0.8475982582658087,0.444503047702386,74164,92683
-0.059326171875,0.8476554017760203,0.4444930541405473,74169,92693
-0.0595703125,0.8476554017760203,0.444461090403538,74169,92705
-0.059814453125,0.8476554017760203,0.44443712061743856,74169,92714
-0.06005859375,0.8476782591801049,0.44441981137728137,74171,92723
-0.060302734375,0.8477011165841896,0.4443971792674963,74173,92734
-0.060546875,0.8477239739882741,0.44439052446169885,74175,92739
-0.060791015625,0.8477239739882741,0.4443692263452391,74175,92747
-0.06103515625,0.8477354026903164,0.44432996483745557,74176,92763
-0.061279296875,0.8477354026903164,0.44429536633283817,74176,92776
-0.0615234375,0.8477468313923587,0.44427208423423153,74177,92786
-0.061767578125,0.847758260094401,0.4442381631113081,74178,92800
-0.06201171875,0.8477696887964434,0.4442281895271403,74179,92805
-0.062255859375,0.8477811174984857,0.44419959639993534,74180,92817
-0.0625,0.8477811174984857,0.4441597010993222,74180,92832
-0.06298828125,0.8478154036046126,0.4441191613683442,74183,92851
-0.0634765625,0.8478496897107396,0.44407331585437393,74186,92872
-0.06396484375,0.8479068332209511,0.44404742666642727,74191,92888
-0.064453125,0.8479525480291203,0.4440022740193292,74195,92910
-0.06494140625,0.8479525480291203,0.4439411708391173,74195,92933
-0.0654296875,0.8479754054332049,0.4438761164653589,74197,92960
-0.06591796875,0.8480211202413742,0.4438469406676756,74201,92976
-0.06640625,0.8480554063475011,0.4437985191564694,74204,92998
-0.06689453125,0.8480668350495434,0.44373815233186026,74205,93022
-0.0673828125,0.8481354072617973,0.4437103515076143,74211,93040
-0.06787109375,0.8481468359638396,0.4436712341870531,74212,93056
-0.068359375,0.8481811220699665,0.443617561792044,74215,93080
-0.06884765625,0.8482154081760934,0.4435586048624226,74218,93106
-0.0693359375,0.8482496942822204,0.4435155694455234,74221,93126
-0.06982421875,0.8483182664944742,0.4434719226655992,74227,93150
-0.0703125,0.8483639813026435,0.44342958865485477,74231,93171
-0.07080078125,0.8483982674087703,0.44337070196080774,74234,93197
-0.0712890625,0.8483982674087703,0.4433283367274421,74234,93213
-0.07177734375,0.8484096961108127,0.443268128403554,74235,93237
-0.072265625,0.8484782683230665,0.4432430818830413,74241,93254
-0.07275390625,0.8485011257271512,0.44321003868379577,74243,93269
-0.0732421875,0.8485696979394051,0.44318500611812456,74249,93286
-0.07373046875,0.8486154127475742,0.4431374655351452,74253,93309
-0.07421875,0.8486268414496165,0.44308261479249333,74254,93331
-0.07470703125,0.8486496988537012,0.4430258157280847,74256,93355
-0.0751953125,0.8486611275557435,0.44297363884199414,74257,93376
-0.07568359375,0.8486954136618704,0.44293604685841076,74260,93394
-0.076171875,0.8487068423639127,0.44287597135002,74261,93418
-0.07666015625,0.8487639858741243,0.4428107205676296,74266,93449
-0.0771484375,0.8487868432782089,0.44271969669873745,74268,93486
-0.07763671875,0.8488211293843358,0.44270591180572944,74271,93495
-0.078125,0.8488554154904627,0.44265255403979903,74274,93519
-0.07861328125,0.8488897015965897,0.44260448819554515,74277,93541
-0.0791015625,0.8489125590006743,0.4425531154299877,74279,93563
-0.07958984375,0.8489697025108859,0.44252753733699507,74284,93579
-0.080078125,0.8490039886170128,0.4424821457289725,74287,93600
-0.08056640625,0.8490039886170128,0.4424320750896335,74287,93619
-0.0810546875,0.8490382747231396,0.4423972464061551,74290,93636
-0.08154296875,0.8490611321272243,0.4423354013598962,74292,93662
-0.08203125,0.8491068469353935,0.44226178783387204,74296,93695
-0.08251953125,0.8491411330415205,0.44220067729629037,74299,93722
-0.0830078125,0.8491754191476474,0.44214748167190326,74302,93746
-0.08349609375,0.8492211339558167,0.44211603567582364,74306,93763
-0.083984375,0.8492439913599013,0.4420779591642473,74308,93780
-0.08447265625,0.8492668487639858,0.4420188561401422,74310,93805
-0.0849609375,0.8492897061680705,0.44193874516800474,74312,93838
-0.08544921875,0.8493354209762397,0.4418915785154926,74316,93861
-0.0859375,0.849381135784409,0.44186281562691365,74320,93877
-0.08642578125,0.8494039931884936,0.4418116644176411,74322,93899
-0.0869140625,0.8494839941027897,0.44178236888402833,74329,93919
-0.08740234375,0.8495182802089166,0.441742437748856,74332,93938
-0.087890625,0.8495525663150436,0.44171301578246813,74335,93953
-0.08837890625,0.8495754237191282,0.44165404152927545,74337,93978
-0.0888671875,0.8496097098252552,0.4416010264818049,74340,94002
-0.08935546875,0.8496211385272975,0.44153877221324717,74341,94027
-0.08984375,0.8496211385272975,0.44149943877944925,74341,94042
-0.09033203125,0.8496554246334244,0.44147530567283655,74344,94055
-0.0908203125,0.8496668533354667,0.4414209545071309,74345,94077
-0.09130859375,0.8496897107395514,0.4413699345784406,74347,94099
-0.091796875,0.8497354255477205,0.44132032242363806,74351,94123
-0.09228515625,0.8497697116538475,0.4412936002516455,74354,94137
-0.0927734375,0.8497811403558898,0.4412209754273948,74355,94166
-0.09326171875,0.849826855164059,0.4411844978165939,74359,94185
-0.09375,0.849861141270186,0.4411342469003975,74362,94208
-0.09423828125,0.8498839986742706,0.44108331257340117,74364,94230
-0.0947265625,0.8499068560783551,0.4410271616652829,74366,94254
-0.09521484375,0.8499297134824398,0.4409867172675522,74368,94272
-0.095703125,0.8499639995885667,0.44096005502291635,74371,94286
-0.09619140625,0.8499868569926513,0.44089871654266827,74373,94312
-0.0966796875,0.8500211430987783,0.44086161725131295,74376,94330
-0.09716796875,0.8500440005028629,0.44079247586480735,74378,94359
-0.09765625,0.8500897153110322,0.44076916239518826,74382,94373
-0.09814453125,0.8501011440130745,0.4407254671928141,74383,94391
-0.0986328125,0.850124001417159,0.44069292794047077,74385,94406
-0.09912109375,0.8501354301192013,0.4406388095774047,74386,94428
-0.099609375,0.8501354301192013,0.4405787830866457,74386,94451
-0.10009765625,0.8501468588212436,0.44052730384522,74387,94472
-0.1005859375,0.8501925736294129,0.440462304536008,74391,94502
-0.10107421875,0.8502154310334975,0.4404272072274748,74393,94518
-0.1015625,0.8502497171396245,0.440340690496061,74396,94555
-0.10205078125,0.8502840032457514,0.44028808483944654,74399,94579
-0.1025390625,0.850306860649836,0.44022957900653825,74401,94604
-0.10302734375,0.850306860649836,0.4401670719225695,74401,94628
-0.103515625,0.8503182893518783,0.44012091168832707,74402,94647
-0.10400390625,0.8503982902661744,0.4400790153831596,74409,94672
-0.1044921875,0.8504325763723014,0.4400264919459754,74412,94696
-0.10498046875,0.8504668624784283,0.4399869922544788,74415,94715
-0.10546875,0.8505125772865976,0.4399378096217737,74419,94739
-0.10595703125,0.8505697207968091,0.4399101548646412,74424,94756
-0.1064453125,0.8505925782008937,0.43986737667035064,74426,94775
-0.10693359375,0.8506268643070206,0.4398201222034439,74429,94797
-0.107421875,0.8506725791151899,0.4397632003403109,74433,94824
-0.10791015625,0.8506840078172322,0.4397145523931048,74434,94844
-0.1083984375,0.8507297226254015,0.43966805469419096,74438,94867
-0.10888671875,0.8507868661356129,0.43962488115134085,74443,94890
-0.109375,0.8507982948376552,0.4395710810363967,74444,94912
-0.10986328125,0.8508440096458245,0.43952981739392255,74448,94933
-0.1103515625,0.8509125818580784,0.43948999468744465,74454,94956
-0.11083984375,0.8509125818580784,0.43945108455068616,74454,94971
-0.111328125,0.850935439262163,0.4393902734091459,74456,94997
-0.11181640625,0.8509468679642053,0.4393287663958367,74457,95022
-0.1123046875,0.8509925827723746,0.4392797937548302,74461,95046
-0.11279296875,0.8510268688785014,0.43922752958108696,74464,95070
-0.11328125,0.8510611549846284,0.4391856425862689,74467,95090
-0.11376953125,0.8510954410907553,0.43914117737246505,74470,95111
-0.1142578125,0.8511182984948399,0.4391063626554402,74472,95127
-0.11474609375,0.8511411558989246,0.43905602424199547,74474,95149
-0.115234375,0.8511754420050515,0.4390167703144802,74477,95168
-0.11572265625,0.8512211568132207,0.438986007803567,74481,95185
-0.1162109375,0.8512668716213899,0.43894749248629855,74485,95205
-0.11669921875,0.8513011577275169,0.4389030957964576,74488,95226
-0.1171875,0.8513011577275169,0.4388358666195358,74488,95252
-0.11767578125,0.8513354438336438,0.4387708220436821,74491,95281
-0.1181640625,0.8513354438336438,0.43871655486386363,74491,95302
-0.11865234375,0.8513697299397708,0.4386593020927795,74494,95328
-0.119140625,0.8514040160458977,0.4386304757418747,74497,95343
-0.11962890625,0.8514383021520245,0.43858358107909223,74500,95365
-0.1201171875,0.8514725882581515,0.438554770047621,74503,95380
-0.12060546875,0.8515183030663207,0.4385034606149065,74507,95405
-0.12109375,0.8515297317683631,0.43843967541294226,74508,95431
-0.12158203125,0.85156401787449,0.4384108921668422,74511,95446
-0.1220703125,0.8515868752785746,0.4383427065439913,74513,95475
-0.12255859375,0.8516440187887862,0.4382870351309544,74518,95503
-0.123046875,0.8516668761928707,0.43823178297764737,74520,95527
-0.12353515625,0.85171259100104,0.4381934603783126,74524,95547
-0.1240234375,0.8517354484051246,0.4381562702098889,74526,95564
-0.12451171875,0.8517583058092092,0.43812681504473683,74528,95578
-0.125,0.8518154493194208,0.43802745715696184,74533,95623
-0.1259765625,0.8518497354255478,0.43790611597438456,74536,95674
-0.126953125,0.8519297363398439,0.4378289164552204,74543,95713
-0.1279296875,0.8520211659561824,0.4377422082344928,74551,95757
-0.12890625,0.8520783094663938,0.43766877216051847,74556,95792
-0.1298828125,0.8521468816786477,0.4375678546487403,74562,95839
-0.130859375,0.8521697390827324,0.43745379876796714,74564,95886
-0.1318359375,0.8522840261031555,0.4373764684492355,74574,95929
-0.1328125,0.8523183122092824,0.4372786546895889,74577,95971
-0.1337890625,0.8523868844215362,0.4371856645447192,74583,96015
-0.134765625,0.8524783140378748,0.43707115275311875,74591,96070
-0.1357421875,0.8525011714419594,0.43695485352437746,74593,96118
-0.13671875,0.8525811723562555,0.4368653447488317,74600,96162
-0.1376953125,0.8526383158664671,0.4367513962228805,74605,96213
-0.138671875,0.8526954593766786,0.4366554103483996,74610,96257
-0.1396484375,0.8527754602909747,0.43659417109890175,74617,96290
-0.140625,0.8528440325032286,0.4365015764198015,74623,96334
-0.1416015625,0.8529126047154825,0.4364064839071856,74629,96379
-0.142578125,0.8529583195236518,0.436309958785186,74633,96422
-0.1435546875,0.8530040343318209,0.4362236846719424,74637,96461
-0.14453125,0.8530726065440748,0.43615168867593784,74643,96497
-0.1455078125,0.8531297500542864,0.4360254905053125,74648,96553
-0.146484375,0.8531411787563287,0.43593966257292527,74649,96588
-0.1474609375,0.8531868935644978,0.43585611779611044,74653,96626
-0.1484375,0.8532554657767517,0.435789375375761,74659,96660
-0.1494140625,0.8532783231808364,0.43570186393398613,74661,96697
-0.150390625,0.8533583240951326,0.43555462224088853,74668,96764
-0.1513671875,0.853449753711471,0.43549459393260787,74676,96798
-0.15234375,0.8535068972216825,0.4353891807120745,74681,96846
-0.1533203125,0.8535411833278095,0.4353076949978434,74684,96882
-0.154296875,0.8535868981359787,0.43520417676673506,74688,96928
-0.1552734375,0.8536440416461902,0.4351090787289197,74693,96972
-0.15625,0.8536440416461902,0.4349621192268945,74693,97030
-0.1572265625,0.853781186070698,0.434869926129451,74705,97082
-0.158203125,0.8538269008788671,0.4347894406033941,74709,97119
-0.1591796875,0.8538611869849941,0.43466776819115327,74712,97171
-0.16015625,0.853895473091121,0.4345284829451278,74715,97230
-0.1611328125,0.8539526166013326,0.43444891504058425,74720,97268
-0.162109375,0.8539983314095019,0.4343509498012044,74724,97312
-0.1630859375,0.8540211888135865,0.4342388935700381,74726,97359
-0.1640625,0.854078332323798,0.4341619850459254,74731,97396
-0.1650390625,0.8541126184299249,0.4340583708436184,74734,97441
-0.166015625,0.8541697619401365,0.4339739867611195,74739,97481
-0.1669921875,0.8542497628544327,0.4338785887597664,74746,97528
-0.16796875,0.854261191556475,0.43376605288966524,74747,97574
-0.1689453125,0.8543069063646441,0.4336684670677442,74751,97618
-0.169921875,0.8543526211728134,0.43353824740474395,74755,97675
-0.1708984375,0.8544669081932365,0.433442904267469,74765,97726
-0.171875,0.8544897655973211,0.4333238670939998,74767,97776
-0.1728515625,0.854524051703448,0.4332132055575513,74770,97824
-0.173828125,0.8546040526177442,0.43309567524050574,74777,97880
-0.1748046875,0.8546726248299981,0.43297996143981193,74783,97934
-0.17578125,0.8547183396381673,0.43286527909614986,74787,97985
-0.1767578125,0.8547983405524635,0.43277303630840447,74794,98031
-0.177734375,0.8548326266585904,0.4326877465782745,74797,98069
-0.1787109375,0.8549583423810558,0.43260122827105235,74808,98118
-0.1796875,0.8550154858912673,0.4325100882213512,74813,98161
-0.1806640625,0.8550840581035212,0.43242477835188586,74819,98203
-0.181640625,0.8551754877198596,0.4323410795382322,74827,98247
-0.1826171875,0.8552097738259866,0.43224353049907577,74830,98290
-0.18359375,0.8552669173361981,0.4321500961488488,74835,98334
-0.1845703125,0.8553583469525367,0.4320565738201761,74843,98382
-0.185546875,0.8554726339729597,0.43195221882393675,74853,98437
-0.1865234375,0.8555412061852136,0.43182237707376725,74859,98497
-0.1875,0.8555640635892982,0.43171437798436024,74861,98543
-0.1884765625,0.8555983496954251,0.43159727426812255,74864,98594
-0.189453125,0.855632635801552,0.431497651364514,74867,98638
-0.1904296875,0.8557012080138059,0.43143028361356645,74873,98673
-0.19140625,0.8557240654178905,0.43131008819175226,74875,98724
-0.1923828125,0.8557926376301443,0.43121548393041215,74881,98770
-0.193359375,0.8558612098423982,0.4310911550528164,74887,98828
-0.1943359375,0.8558954959485251,0.4309992575924125,74890,98869
-0.1953125,0.8559297820546521,0.43088757328362415,74893,98918
-0.1962890625,0.8560097829689483,0.43079648460865966,74900,98964
-0.197265625,0.8560440690750751,0.43067254673098704,74903,99018
-0.1982421875,0.8560783551812021,0.4305858142248639,74906,99057
-0.19921875,0.8561812134995829,0.43051381218644585,74915,99098
-0.2001953125,0.856226928307752,0.43041065355271624,74919,99145
-0.201171875,0.8562840718179636,0.4302885857860732,74924,99201
-0.2021484375,0.8563412153281752,0.430176482070478,74929,99253
-0.203125,0.8563869301363444,0.43007599063317875,74933,99299
-0.2041015625,0.8564212162424714,0.4299944913698127,74936,99336
-0.205078125,0.8564897884547252,0.4299006447763934,74942,99382
-0.2060546875,0.8565469319649367,0.4298134437492473,74947,99424
-0.20703125,0.8565812180710637,0.4297098956541681,74950,99470
-0.2080078125,0.8566497902833176,0.42960390194696146,74956,99521
-0.208984375,0.8567640773037406,0.42952581761510783,74966,99566
-0.2099609375,0.8568555069200791,0.4294289478206083,74974,99616
-0.2109375,0.8569012217282483,0.4293461144228181,74978,99655
-0.2119140625,0.8569926513445868,0.4292493602990423,74986,99705
-0.212890625,0.8570383661527561,0.4291150467797774,74990,99765
-0.2138671875,0.8571412244711368,0.42903888288226444,74999,99808
-0.21484375,0.8571526531731791,0.42891946608104864,75000,99858
-0.2158203125,0.8571983679813484,0.42881727069504716,75004,99905
-0.216796875,0.8572555114915599,0.4287159497490884,75009,99953
-0.2177734375,0.8573012262997292,0.42861632345210615,75013,99999
-0.21875,0.8573583698099407,0.42851267521963143,75018,100048
-0.2197265625,0.8574840855324061,0.4284360135447657,75029,100094
-0.220703125,0.8575412290426176,0.42833982211972094,75034,100140
-0.2216796875,0.8575869438507868,0.4282086545649606,75038,100199
-0.22265625,0.8576326586589561,0.4280922336189487,75042,100252
-0.2236328125,0.8576898021691677,0.4279498642822928,75047,100317
-0.224609375,0.8577355169773369,0.4278287339744503,75051,100372
-0.2255859375,0.8578726614018446,0.42778252692767993,75063,100407
-0.2265625,0.8579412336140985,0.4277094704695922,75069,100445
-0.2275390625,0.8579755197202253,0.4276339773970106,75072,100480
-0.228515625,0.85799837712431,0.4275187353363249,75074,100530
-0.2294921875,0.8580440919324792,0.4274076477721039,75078,100581
-0.23046875,0.8581240928467754,0.4273112710923939,75085,100630
-0.2314453125,0.8582155224631138,0.42722793682581583,75093,100675
-0.232421875,0.8582840946753677,0.4271454247622514,75099,100717
-0.2333984375,0.8583412381855793,0.4270305614783227,75104,100771
-0.234375,0.8583869529937485,0.42691737101477284,75108,100823
-0.2353515625,0.8584555252060023,0.4268398711195213,75114,100863
-0.236328125,0.8585583835243832,0.4267770304049448,75123,100901
-0.2373046875,0.8586155270345946,0.4267060460625337,75128,100937
-0.23828125,0.8586726705448062,0.4266350947724666,75133,100973
-0.2392578125,0.8587412427570601,0.42655290257388423,75139,101015
-0.240234375,0.8587869575652293,0.4264763472289225,75143,101052
-0.2412109375,0.8588212436713563,0.42637721781858,75146,101097
-0.2421875,0.8589126732876947,0.42628957787382726,75154,101144
-0.2431640625,0.858958388095864,0.426186560816558,75158,101192
-0.244140625,0.8590041029040332,0.42609085085516357,75162,101237
-0.2451171875,0.8590841038183293,0.42600253893410106,75169,101283
-0.24609375,0.8591298186264986,0.4258828061707202,75173,101338
-0.2470703125,0.8591755334346678,0.4257752102625096,75177,101388
-0.248046875,0.8592098195407948,0.4256812995793014,75180,101431
-0.2490234375,0.8592441056469217,0.42557539255753923,75183,101479
-0.25,0.8593012491571332,0.4254110511366851,75188,101554
-0.251953125,0.859404107475514,0.4252189795468297,75197,101646
-0.25390625,0.8595069657938947,0.42502952928344157,75206,101737
-0.255859375,0.8596326815163602,0.42484439072331487,75217,101829
-0.2578125,0.8597126824306563,0.4246584622332618,75224,101916
-0.259765625,0.8598955416633333,0.42450674505334546,75240,102001
-0.26171875,0.8600441147898833,0.42432632071588466,75253,102094
-0.263671875,0.860146973108264,0.4241283509250441,75262,102189
-0.265625,0.8602155453205179,0.4239495324997184,75268,102272
-0.267578125,0.8604098332552372,0.42376125048548063,75285,102374
-0.26953125,0.8605469776797449,0.4235998987370257,75297,102458
-0.271484375,0.860626978594041,0.4233868020532888,75304,102557
-0.2734375,0.8607184082103796,0.4231890898669948,75312,102651
-0.275390625,0.8608326952308026,0.4229957095042343,75322,102746
-0.27734375,0.8609241248471411,0.42281031627985294,75330,102835
-0.279296875,0.8610498405696065,0.42264669583754066,75341,102919
-0.28125,0.8611755562920719,0.42247140614487555,75352,103008
-0.283203125,0.861255557206368,0.42228336396646793,75359,103097
-0.28515625,0.8614041303329181,0.42209839554223955,75372,103193
-0.287109375,0.8615184173533412,0.4219015850273126,75382,103290
-0.2890625,0.8616555617778489,0.42174686461631405,75394,103372
-0.291015625,0.861735562692145,0.4215172182468694,75401,103479
-0.29296875,0.8618612784146105,0.4212984430080615,75412,103587
-0.294921875,0.8620327089452451,0.4211493149002222,75427,103671
-0.296875,0.8621469959656681,0.4209654017857143,75437,103763
-0.298828125,0.8622612829860913,0.4207676177303857,75447,103861
-0.30078125,0.862364141304472,0.42055043417195215,75456,103966
-0.302734375,0.8625355718351067,0.4203809948198073,75471,104059
-0.3046875,0.8626612875575721,0.4202292604984941,75482,104139
-0.306640625,0.8628098606841221,0.42003037771855545,75495,104242
-0.30859375,0.8629012903004606,0.4198202906931486,75503,104343
-0.310546875,0.8630384347249683,0.4196769962653388,75515,104421
-0.3125,0.8631527217453914,0.41945516647690984,75525,104530
-0.314453125,0.863324152276026,0.41925439984015717,75540,104637
-0.31640625,0.8634498679984914,0.41906425936711317,75551,104734
-0.318359375,0.8636327272311684,0.4189136749672927,75567,104821
-0.3203125,0.8637813003577184,0.4187373611457381,75580,104915
-0.322265625,0.8638955873781414,0.41851451983500815,75590,105025
-0.32421875,0.8640213031006069,0.41833685631757767,75601,105117
-0.326171875,0.8641127327169453,0.4181659301701777,75609,105202
-0.328125,0.8642955919496222,0.4180093634097404,75625,105292
-0.330078125,0.8643984502680031,0.41778200036456636,75634,105403
-0.33203125,0.8644670224802569,0.41754529295516524,75640,105514
-0.333984375,0.864547023394553,0.41732361654355177,75647,105620
-0.3359375,0.8646270243088492,0.41711371467953134,75654,105721
-0.337890625,0.8648098835415262,0.4169306805221138,75670,105823
-0.33984375,0.8649241705619493,0.41674467780482166,75680,105918
-0.341796875,0.8650498862844147,0.41657585664123986,75691,106007
-0.34375,0.86517560200688,0.4164118022398733,75702,106094
-0.345703125,0.8652784603252609,0.4162140469698302,75711,106193
-0.34765625,0.8654156047497685,0.4160352945701084,75723,106288
-0.349609375,0.8655641778763186,0.4158531094541022,75736,106386
-0.3515625,0.8657013223008263,0.41567250178346044,75748,106482
-0.353515625,0.8657698945130802,0.4154888249005896,75754,106571
-0.35546875,0.8659070389375878,0.4153154634654388,75766,106664
-0.357421875,0.8660441833620955,0.41508999879490355,75778,106780
-0.359375,0.866169899084561,0.41491161318931585,75789,106874
-0.361328125,0.8662613287008994,0.4147260948545665,75797,106967
-0.36328125,0.8663870444233649,0.414568522366838,75808,107052
-0.365234375,0.8664784740397034,0.4143698043909557,75816,107151
-0.3671875,0.866649904570338,0.4141846683234563,75831,107254
-0.369140625,0.8667413341866764,0.4139480047377585,75839,107370
-0.37109375,0.8668213351009726,0.4137490862672791,75846,107468
-0.373046875,0.8669013360152688,0.41355039554244655,75853,107566
-0.375,0.8669699082275226,0.4133780175467277,75859,107651
-0.376953125,0.867095623949988,0.41315428347382865,75870,107766
-0.37890625,0.8672327683744957,0.41300147496639145,75882,107851
-0.380859375,0.8673699127990034,0.4127926898914906,75894,107961
-0.3828125,0.8674613424153419,0.41260280823444356,75902,108057
-0.384765625,0.8676099155418919,0.4124066971609861,75915,108163
-0.38671875,0.867724202562315,0.4122012660564405,75925,108269
-0.388671875,0.8678270608806958,0.4119727861630443,75934,108384
-0.390625,0.8679184904970343,0.4117168694294451,75942,108510
-0.392578125,0.8680442062194996,0.4115065583806949,75953,108620
-0.39453125,0.868204208048092,0.41133949166675693,75967,108715
-0.396484375,0.8683299237705574,0.41118753957473064,75978,108799
-0.3984375,0.8684442107909804,0.41100143332341726,75988,108897
-0.400390625,0.8685813552154882,0.41085300652499446,76000,108981
-0.40234375,0.8686956422359112,0.4106428957320367,76010,109090
-0.404296875,0.8688556440645036,0.41047016392026436,76024,109188
-0.40625,0.868981359786969,0.41026152924735476,76035,109298
-0.408203125,0.8691070755094344,0.4100708562061193,76046,109400
-0.41015625,0.8692327912318998,0.40990029641606035,76057,109493
-0.412109375,0.8693585069543652,0.40973875572313495,76068,109582
-0.4140625,0.8695070800809153,0.40953965075468857,76081,109691
-0.416015625,0.8696327958033806,0.40937849703021434,76092,109780
-0.41796875,0.8697127967176768,0.40920700984583286,76099,109868
-0.419921875,0.869758511525846,0.4090305659018473,76103,109954
-0.421875,0.8699299420564807,0.4088452985852249,76118,110060
-0.423828125,0.8700328003748614,0.4086280656364232,76127,110172
-0.42578125,0.8701013725871153,0.4083928312797378,76133,110288
-0.427734375,0.8702270883095807,0.4081934608848552,76144,110395
-0.4296875,0.8703870901381731,0.4080563235388671,76158,110478
-0.431640625,0.8704785197545115,0.4078762758517281,76166,110572
-0.43359375,0.8705470919667654,0.4076813564402008,76172,110670
-0.435546875,0.8707070937953577,0.40751636783773376,76186,110766
-0.4375,0.870832809517823,0.40730940697264184,76197,110877
-0.439453125,0.8709470965382462,0.4071386975963927,76207,110970
-0.44140625,0.8710385261545847,0.40690752417206344,76215,111088
-0.443359375,0.87116424187705,0.4067100271581093,76226,111195
-0.4453125,0.8712671001954309,0.4065346302339967,76235,111289
-0.447265625,0.8713356724076846,0.4063196154297104,76241,111397
-0.44921875,0.8714499594281078,0.40611967723895503,76251,111504
-0.451171875,0.8715642464485308,0.4059307914641741,76261,111606
-0.453125,0.8717356769791654,0.405770888082648,76276,111702
-0.455078125,0.8718499639995886,0.40557380884026073,76286,111808
-0.45703125,0.8719985371261386,0.405367066549075,76299,111923
-0.458984375,0.8722499685710694,0.4052428132997759,76321,112013
-0.4609375,0.8722842546771963,0.4050587230067878,76324,112103
-0.462890625,0.8723985416976194,0.4048732881435042,76334,112204
-0.46484375,0.8724671139098733,0.40468188420394186,76340,112302
-0.466796875,0.8725242574200848,0.40451325417388584,76345,112388
-0.46875,0.8726842592486771,0.40433035217867863,76359,112494
-0.470703125,0.8727985462691003,0.4041564572208786,76369,112590
-0.47265625,0.872901404587481,0.4039710580320308,76378,112690
-0.474609375,0.873049977714031,0.40377926951741633,76391,112799
-0.4765625,0.8731299786283272,0.4035453762736574,76398,112919
-0.478515625,0.8732556943507925,0.40336271973816185,76409,113021
-0.48046875,0.8733585526691734,0.40318674651119846,76418,113117
-0.482421875,0.8734385535834696,0.40294517731169527,76425,113241
-0.484375,0.8735185544977657,0.4027400147539256,76432,113348
-0.486328125,0.8735871267100196,0.40252559295614443,76438,113458
-0.48828125,0.8737471285386119,0.4023493005778522,76452,113562
-0.490234375,0.8738842729631195,0.40218809173153797,76464,113656
-0.4921875,0.8739985599835427,0.4020144353850926,76474,113753
-0.494140625,0.874158561812135,0.40185565602063705,76488,113849
-0.49609375,0.8742728488325581,0.4016423137302258,76498,113965
-0.498046875,0.8743642784488965,0.401448248720976,76506,114069
-0.5,0.8745814237877004,0.4011711418895541,76525,114229
-0.50390625,0.8748557126367158,0.40078430140629745,76549,114449
-0.5078125,0.8751300014857313,0.4004089166845328,76573,114664
-0.51171875,0.8754500051429159,0.4000386455265192,76601,114883
-0.515625,0.8756328643755928,0.39964425990934366,76617,115096
-0.51953125,0.875861438416439,0.3992778955814087,76637,115302
-0.5234375,0.876044297649116,0.398893653337774,76653,115511
-0.52734375,0.8762957290940467,0.39850835477248514,76675,115730
-0.53125,0.8766385901553161,0.3981800154693494,76705,115934
-0.53515625,0.8768671641961623,0.3977820636451302,76725,116157
-0.5390625,0.8770614521308815,0.39739838745591916,76742,116369
-0.54296875,0.8772900261717277,0.3970106025342643,76762,116588
-0.546875,0.8774957428084892,0.3965663285333554,76780,116832
-0.55078125,0.8777128881472931,0.3961692820369969,76799,117055
-0.5546875,0.8779186047840547,0.3957803081044876,76817,117273
-0.55859375,0.8781814649310278,0.39539969640054545,76840,117495
-0.5625,0.8785014685882124,0.39507619561586105,76868,117697
-0.56640625,0.8787643287351855,0.3947095542185992,76891,117913
-0.5703125,0.879038617584201,0.3943388294163488,76915,118133
-0.57421875,0.8793929073475125,0.3939746143251394,76946,118361
-0.578125,0.8795643378781471,0.39353759932911303,76961,118601
-0.58203125,0.8797929119189933,0.39316741318814896,76981,118816
-0.5859375,0.8800100572577972,0.39283108773397685,77000,119013
-0.58984375,0.8802729174047703,0.39249788522100715,77023,119215
-0.59375,0.8805814923599127,0.3921019821378591,77050,119455
-0.59765625,0.8809700682293512,0.39178852243213436,77084,119665
-0.6015625,0.8811643561640704,0.3913994761102199,77101,119887
-0.60546875,0.881370072800832,0.3909906712634354,77119,120121
-0.609375,0.8815643607355512,0.39056795799429866,77136,120361
-0.61328125,0.8817700773723128,0.3902027027027027,77154,120574
-0.6171875,0.8820672236254129,0.3898058546637306,77180,120816
-0.62109375,0.8822272254540052,0.38935348175646367,77194,121068
-0.625,0.8824900856009783,0.3890005591911376,77217,121284
-0.62890625,0.8827072309397822,0.3886146709132716,77236,121511
-0.6328125,0.883072949405136,0.3882111778773689,77268,121768
-0.63671875,0.8833243808500668,0.3878228930413664,77290,122002
-0.640625,0.8834729539766168,0.3873963266431131,77303,122242
-0.64453125,0.8838158150378862,0.3870268701235655,77333,122480
-0.6484375,0.8840558177807747,0.3866636674914399,77354,122701
-0.65234375,0.8842729631195785,0.38622965222209465,77373,122956
-0.65625,0.8844672510542978,0.38579646855900857,77390,123208
-0.66015625,0.8847186824992286,0.38537398879900436,77412,123463
-0.6640625,0.8848786843278209,0.3849894586101277,77426,123686
-0.66796875,0.8851872592829633,0.38461118283841494,77453,123927
-0.671875,0.8854272620258518,0.3842251174139667,77474,124163
-0.67578125,0.8857015508748671,0.3838758092558561,77498,124385
-0.6796875,0.8858729814055017,0.3835302616474686,77513,124591
-0.68359375,0.8862158424667711,0.3831705967228668,77543,124829
-0.6875,0.8864101304014903,0.38279306668772456,77560,125056
-0.69140625,0.8867529914627595,0.38243716822010715,77590,125293
-0.6953125,0.8869815655036057,0.38205742922264285,77610,125527
-0.69921875,0.8871987108424096,0.38164182333044916,77629,125779
-0.703125,0.8874158561812135,0.38126101708230836,77648,126013
-0.70703125,0.8877358598383982,0.3809215559347967,77676,126240
-0.7109375,0.8879187190710751,0.3804924873156111,77692,126496
-0.71484375,0.8881701505160059,0.38008275214461085,77714,126752
-0.71875,0.8883415810466405,0.3796844470496288,77729,126991
-0.72265625,0.888581583789529,0.37931455055494573,77750,127225
-0.7265625,0.8887873004262906,0.37889772372934205,77768,127480
-0.73046875,0.8889587309569252,0.37845819993577456,77783,127743
-0.734375,0.8891644475936867,0.37810609190095495,77801,127964
-0.73828125,0.8893930216345329,0.37772233736354943,77821,128206
-0.7421875,0.8896330243774214,0.37736086872212526,77842,128438
-0.74609375,0.8898501697162253,0.37696139899007014,77861,128688
-0.75,0.8901473159693254,0.3766405214851495,77887,128907
-0.75390625,0.890433033520383,0.37627377307279947,77912,129150
-0.7578125,0.890650178859187,0.3758735946520814,77931,129402
-0.76171875,0.89091303900616,0.3754629830315816,77954,129667
-0.765625,0.8911530417490485,0.37508177480181637,77975,129913
-0.76953125,0.8914159018960217,0.37476516516516517,77998,130127
-0.7734375,0.8916101898307409,0.3743971205758848,78015,130360
-0.77734375,0.8918044777654601,0.37397797310379866,78032,130622
-0.78125,0.8919987657001794,0.37358318973769866,78049,130871
-0.78515625,0.8922273397410256,0.3731377525415466,78069,131154
-0.7890625,0.8924559137818718,0.37275587018058054,78089,131402
-0.79296875,0.8927416313329295,0.3723686217679811,78114,131662
-0.796875,0.8928902044594795,0.37195362898426526,78127,131918
-0.80078125,0.893130207202368,0.3715547694780033,78148,132179
-0.8046875,0.8933359238391296,0.37116035688678484,78166,132433
-0.80859375,0.8934844969656796,0.37079776133560993,78179,132661
-0.8125,0.8936787849003989,0.3703742297290257,78196,132931
-0.81640625,0.8938387867289912,0.36998665947602966,78210,133176
-0.8203125,0.8941245042800489,0.36967122485044934,78235,133399
-0.82421875,0.8943187922147682,0.3692420939384502,78252,133674
-0.828125,0.8944902227454028,0.3687960305904638,78267,133956
-0.83203125,0.8946616532760374,0.3683980178170575,78282,134211
-0.8359375,0.8949130847209682,0.3679872174444288,78304,134486
-0.83984375,0.8951645161658991,0.36765865565152084,78326,134714
-0.84375,0.8953816615047029,0.36728580268906935,78345,134963
-0.84765625,0.8956445216516761,0.3669154345322259,78368,135218
-0.8515625,0.895793094778226,0.36643416143841573,78381,135521
-0.85546875,0.8960216688190722,0.3661100370775079,78401,135745
-0.859375,0.8961816706476645,0.3657091955470364,78415,136004
-0.86328125,0.8964102446885107,0.3653509343966015,78435,136249
-0.8671875,0.8967073909416108,0.3649688343101684,78461,136519
-0.87109375,0.896935964982457,0.3645937860036422,78481,136775
-0.875,0.8971759677253455,0.3642530682319096,78502,137013
-0.87890625,0.897381684362107,0.3639211905766102,78520,137241
-0.8828125,0.8976216871049955,0.3635686114762901,78541,137487
-0.88671875,0.8977588315295032,0.36320383950286206,78553,137725
-0.890625,0.8979531194642224,0.3628060324526002,78570,137992
-0.89453125,0.8981359786968994,0.36239964214730064,78586,138263
-0.8984375,0.8983188379295763,0.3620276718436228,78602,138514
-0.90234375,0.8985016971622533,0.3615950694508325,78618,138802
-0.90625,0.8986845563949303,0.36123833718456994,78634,139045
-0.91015625,0.8988674156276072,0.36085761609154265,78650,139303
-0.9140625,0.8990502748602841,0.3604530750268051,78666,139576
-0.91796875,0.8992102766888764,0.36005198513664405,78680,139844
-0.921875,0.8995188516440188,0.3597195625248513,78707,140094
-0.92578125,0.8998159978971189,0.35936865263571094,78733,140354
-0.9296875,0.9000674293420496,0.358992241701538,78755,140623
-0.93359375,0.9003074320849381,0.3586106432375836,78776,140894
-0.9375,0.9004788626155728,0.3581946382866521,78791,141176
-0.94140625,0.9006960079543767,0.3578369051943335,78810,141430
-0.9453125,0.9009474393993074,0.3574515165118188,78832,141707
-0.94921875,0.9010960125258575,0.35707492482156444,78845,141963
-0.953125,0.9013131578646613,0.3567247758709596,78864,142214
-0.95703125,0.9014960170973383,0.3563442191191684,78880,142479
-0.9609375,0.9016560189259306,0.3559539976809345,78894,142747
-0.96484375,0.9018960216688191,0.35558829890775384,78915,143013
-0.96875,0.9020674521994537,0.3551789619576467,78930,143296
-0.97265625,0.9022160253260038,0.35483348990241775,78943,143536
-0.9765625,0.9024674567709345,0.354471916971917,78965,143803
-0.98046875,0.902707459513823,0.35406235291480825,78986,144099
-0.984375,0.9029360335546692,0.35372230878060135,79006,144350
-0.98828125,0.9030731779791769,0.3532825437702309,79018,144650
-0.9921875,0.9032903233179808,0.35287210579421563,79037,144945
-0.99609375,0.9034846112527001,0.3524649001957296,79054,145235
-1.0,0.9037703288037577,0.3519032743260442,79079,145639
-1.0078125,0.904261762991577,0.3510791239217635,79122,146246
-1.015625,0.9046503388610155,0.3503361467272719,79156,146787
-1.0234375,0.9049589138161579,0.3495752984389348,79183,147329
-1.03125,0.9053132035794694,0.3487667638227239,79214,147912
-1.0390625,0.9056903507468657,0.34798970701889975,79247,148481
-1.046875,0.9061017840203888,0.3472116386823274,79283,149059
-1.0546875,0.9065360746979966,0.34643891317735337,79321,149640
-1.0625,0.9069360792694774,0.3456693324969944,79356,150216
-1.0703125,0.9073475125430005,0.3449111785942367,79392,150789
-1.078125,0.9078846615389891,0.3442300442426107,79439,151334
-1.0859375,0.9082503800043429,0.34347420194144546,79471,151903
-1.09375,0.9084675253431468,0.34262044947113435,79490,152516
-1.1015625,0.9087989577023737,0.3418907414891696,79519,153067
-1.109375,0.9092332483799815,0.3411710722678697,79557,153631
-1.1171875,0.9096332529514624,0.34032436685181144,79592,154279
-1.125,0.9099075418004777,0.3395254422325708,79616,154876
-1.1328125,0.9103532611801278,0.3388075064652239,79655,155449
-1.140625,0.9106618361352701,0.3380151441236982,79682,156053
-1.1484375,0.911141841621047,0.3372776308831306,79724,156651
-1.15625,0.9114847026823164,0.33652896746698174,79754,157236
-1.1640625,0.9117818489354164,0.3357080038881198,79780,157867
-1.171875,0.9121589961028126,0.33497154464720397,79813,158455
-1.1796875,0.9125132858661242,0.3341913718990277,79844,159073
-1.1875,0.9129018617355626,0.3334822379105487,79878,159649
-1.1953125,0.9131304357764088,0.3327336481680451,79898,160228
-1.203125,0.9134504394335935,0.33193652481238606,79926,160861
-1.2109375,0.9138275866009897,0.3311823057965912,79959,161476
-1.21875,0.9141361615561321,0.3303936916804699,79986,162107
-1.2265625,0.9144790226174013,0.3296081331021045,80016,162745
-1.234375,0.9148447410827553,0.3287932309208905,80048,163412
-1.2421875,0.9151418873358552,0.32798125680956164,80074,164068
-1.25,0.9154504622909976,0.32723269181274844,80101,164682
-1.2578125,0.9157361798420554,0.32644264459038835,80126,165326
-1.265625,0.9160104686910707,0.3256647380054609,80150,165962
-1.2734375,0.9164219019645938,0.32495937298637934,80186,166571
-1.28125,0.9166961908136093,0.32418952618453867,80210,167207
-1.2890625,0.9170504805769208,0.3234128823451172,80241,167866
-1.296875,0.9173361981279786,0.32268776483263784,80266,168476
-1.3046875,0.9176562017851633,0.3218505988552005,80294,169182
-1.3125,0.9179533480382633,0.3210514113950867,80320,169858
-1.3203125,0.9182619229934056,0.3202389825306799,80347,170550
-1.328125,0.9186276414587595,0.3194891607641125,80379,171207
-1.3359375,0.9188105006914364,0.31858782316483586,80395,171953
-1.34375,0.9191533617527058,0.31785396699930835,80425,172600
-1.3515625,0.9195305089201019,0.3170671153899203,80458,173299
-1.359375,0.9197819403650327,0.316266421450157,80480,173989
-1.3671875,0.9199876570017943,0.31549902996335416,80498,174647
-1.375,0.9203533754671482,0.31477073292760627,80530,175307
-1.3828125,0.9206848078263752,0.3140199812115802,80559,175982
-1.390625,0.9210390975896867,0.31331278016009706,80590,176629
-1.3984375,0.9213133864387022,0.31246947556106824,80614,177376
-1.40625,0.9215991039897599,0.31171818223988373,80639,178053
-1.4140625,0.9219762511571561,0.3109610373591131,80672,178756
-1.421875,0.9222848261122985,0.31017796056424646,80699,179471
-1.4296875,0.9225476862592715,0.30938756424653807,80722,180187
-1.4375,0.9228676899164562,0.3086348973382868,80750,180886
-1.4453125,0.9231648361695562,0.3078940346864875,80776,181574
-1.453125,0.9234962685287832,0.3072118071528778,80805,182222
-1.4609375,0.9239191305043486,0.3064832261072968,80842,182931
-1.46875,0.9241705619492794,0.30571129367020655,80864,183647
-1.4765625,0.9244677082023794,0.30496563528537984,80890,184353
-1.484375,0.9248105692636487,0.3042425518475629,80920,185052
-1.4921875,0.9252334312392142,0.3035280443911218,80957,185763
-1.5,0.9254734339821027,0.3027814856775361,80978,186469
-1.5078125,0.9258620098515412,0.30203564238311836,81012,187208
-1.515625,0.9262391570189373,0.3012713282034125,81045,187965
-1.5234375,0.9265363032720374,0.3005278727174324,81071,188691
-1.53125,0.9267877347169682,0.2997737640196071,81093,189421
-1.5390625,0.9272448827986606,0.2991067314037552,81133,190118
-1.546875,0.9275077429456337,0.2984071421217514,81156,190808
-1.5546875,0.9276563160721837,0.2976483401234319,81169,191532
-1.5625,0.9279763197293683,0.2968844265202178,81197,192300
-1.5703125,0.9283420381947223,0.29614276860257394,81229,193061
-1.578125,0.9285706122355684,0.295351026743683,81249,193844
-1.5859375,0.9288334723825415,0.29464204790579807,81272,194561
-1.59375,0.9291077612315569,0.29389691049621497,81296,195318
-1.6015625,0.9293820500805724,0.29314328766036907,81320,196087
-1.609375,0.9296563389295878,0.2924107784775544,81344,196840
-1.6171875,0.929850626864307,0.29167398591120114,81361,197584
-1.625,0.930182059223534,0.29097682267181,81390,198323
-1.6328125,0.9304449193705071,0.29021966191599946,81413,199109
-1.640625,0.9307992091338186,0.2894922049947749,81444,199890
-1.6484375,0.9311763563012149,0.28881389817411,81477,200632
-1.65625,0.9314506451502302,0.2881095297685961,81501,201381
-1.6640625,0.9317020765951611,0.28739181781326567,81523,202142
-1.671875,0.9319192219339649,0.28668262824637086,81542,202891
-1.6796875,0.9321477959748111,0.2859587059949583,81562,203661
-1.6875,0.9323535126115727,0.2851869201350775,81580,204478
-1.6953125,0.9325478005462919,0.2844458853180787,81597,205266
-1.703125,0.9327992319912227,0.28374610635220826,81619,206029
-1.7109375,0.932959233819815,0.2829890420741367,81633,206834
-1.71875,0.9331192356484074,0.28227236740662887,81647,207602
-1.7265625,0.9333135235831267,0.2815029300241296,81664,208436
-1.734375,0.9335420976239729,0.2807135713966603,81684,209303
-1.7421875,0.933770671664819,0.27997505362784675,81704,210122
-1.75,0.9340449605138345,0.2792573002302998,81728,210934
-1.7578125,0.9343306780648921,0.2785280630148747,81753,211765
-1.765625,0.9345592521057383,0.2778162817402885,81773,212569
-1.7734375,0.9347992548486268,0.27712312894285696,81794,213360
-1.78125,0.9349592566772191,0.2763905171510911,81808,214179
-1.7890625,0.9351649733139807,0.27568849686327096,81826,214980
-1.796875,0.9353249751425731,0.2749667378946095,81840,215796
-1.8046875,0.9355764065875039,0.2742326129850291,81862,216651
-1.8125,0.9358164093303923,0.27350584368517916,81883,217500
-1.8203125,0.9359764111589847,0.27281358055124355,81897,218297
-1.828125,0.9362164139018732,0.2720976812008198,81918,219143
-1.8359375,0.9364107018365924,0.2714041067530549,81935,219958
-1.84375,0.9366849906856078,0.27071421729407996,81959,220792
-1.8515625,0.9369249934284963,0.27002279284857905,81980,221624
-1.859375,0.9371992822775117,0.26932209680014974,82004,222479
-1.8671875,0.9374735711265272,0.268635111723885,82028,223323
-1.875,0.9376335729551195,0.2679281144577723,82042,224167
-1.8828125,0.9378164321877964,0.26726813777379693,82058,224967
-1.890625,0.9379421479102619,0.2666136053537782,82069,225751
-1.8984375,0.9381592932490657,0.2659271881458829,82088,226598
-1.90625,0.9383878672899119,0.26522470839430323,82108,227471
-1.9140625,0.9385935839266735,0.26451812390087415,82126,228348
-1.921875,0.9387421570532235,0.2637893770011658,82139,229242
-1.9296875,0.9390164459022389,0.2631169380147822,82163,230105
-1.9375,0.9391764477308312,0.2624281074659658,82177,230964
-1.9453125,0.9393364495594235,0.2617739515951805,82191,231786
-1.953125,0.9395307374941428,0.26111123463103364,82208,232631
-1.9609375,0.9398278837472428,0.2604163038074096,82234,233545
-1.96875,0.9400450290860467,0.2597197970312505,82253,234446
-1.9765625,0.9402393170207659,0.2590373395382227,82270,235329
-1.984375,0.9404564623595698,0.2583512288236698,82289,236227
-1.9921875,0.9406736076983737,0.2576851912727409,82308,237105
-2.0,0.9409364678453468,0.2566747724155132,82331,238429
-2.015625,0.9413364724168276,0.25527892366674826,82366,240285
-2.03125,0.9417021908821815,0.2539010501405118,82398,242130
-2.046875,0.942125052857747,0.25260309736411496,82435,243907
-2.0625,0.9425250574292278,0.25124602429899706,82470,245774
-2.078125,0.9429250620007086,0.24992805537464216,82505,247610
-2.09375,0.943347923976274,0.24860400816813344,82542,249480
-2.109375,0.9436793563355009,0.2472703860090438,82571,251359
-2.125,0.9440679322049395,0.2459807217578517,82605,253214
-2.140625,0.9444222219682511,0.24468935620843427,82636,255082
-2.15625,0.9448222265397319,0.2433697485670885,82671,257022
-2.171875,0.9452450885152973,0.24207691857402094,82708,258952
-2.1875,0.9456679504908627,0.24079818873898517,82745,260883
-2.203125,0.9460679550623435,0.23952892836991277,82780,262815
-2.21875,0.9463765300174859,0.23824484781526653,82807,264764
-2.234375,0.9466965336746705,0.23697407832288667,82835,266718
-2.25,0.9469936799277706,0.2357072554630741,82861,268681
-2.265625,0.9473251122869976,0.23445057276198558,82890,270660
-2.28125,0.9476679733482668,0.2331931886890617,82920,272665
-2.296875,0.9480565492177053,0.231913959736422,82954,274739
-2.3125,0.9483879815769323,0.23064543923332204,82983,276803
-2.328125,0.9487308426382016,0.22936266505309053,83013,278916
-2.34375,0.9490737036994709,0.22808058336423187,83043,281052
-2.359375,0.9493937073566555,0.2268534195549827,83071,283117
-2.375,0.9498051406301786,0.22559087071827402,83107,285290
-2.390625,0.9501365729894056,0.22438624144408698,83136,287368
-2.40625,0.9505480062629287,0.2231529353685007,83172,289541
-2.421875,0.9509365821323672,0.22196790234116567,83206,291650
-2.4375,0.9511994422793404,0.22073730274499404,83229,293821
-2.453125,0.9515880181487788,0.21953084421148658,83263,296014
-2.46875,0.9520680236345558,0.2182890623566991,83305,298322
-2.484375,0.9525023143121636,0.21709729432634275,83343,300554
-2.5,0.9528223179693482,0.21589811450723664,83371,302788
-2.515625,0.9530966068183636,0.21464236995856176,83395,305135
-2.53125,0.9534966113898444,0.21343382093355232,83430,307464
-2.546875,0.9537480428347752,0.21222023583982016,83452,309781
-2.5625,0.954148047406256,0.21107200825205163,83487,312051
-2.578125,0.9545709093818215,0.20992997642422323,83524,314342
-2.59375,0.9549480565492177,0.20881367283850347,83557,316594
-2.609375,0.9552452028023177,0.2076632388637815,83583,318910
-2.625,0.955588063863587,0.20651916180088326,83613,321255
-2.640625,0.955885210116687,0.20537810256259148,83639,323605
-2.65625,0.9561480702636601,0.20421404127143758,83662,326016
-2.671875,0.9564452165167602,0.20306411146105802,83688,328438
-2.6875,0.9567195053657757,0.2018849541302104,83712,330940
-2.703125,0.956993794214791,0.20072200089171424,83736,333438
-2.71875,0.9572795117658488,0.19956732338526564,83761,335952
-2.734375,0.9576109441250757,0.19848489155462065,83790,338358
-2.75,0.9577709459536681,0.1973530519969857,83804,340836
-2.765625,0.9580795209088104,0.19627312614430809,83831,343283
-2.78125,0.9583309523537412,0.19513313258339113,83853,345869
-2.796875,0.9586509560109259,0.19409799193813373,83881,348277
-2.8125,0.958913816157899,0.19301054491249378,83904,350808
-2.828125,0.9591652476028297,0.19191595816201928,83926,353380
-2.84375,0.9595652521743105,0.19088075551140019,83961,355900
-2.859375,0.9598166836192413,0.1898049585282618,83983,358487
-2.875,0.9600909724682568,0.18876323198641018,84007,361032
-2.890625,0.960319546509103,0.18769601229460592,84027,363649
-2.90625,0.9605138344438222,0.18665825663622473,84044,366212
-2.921875,0.9608109806969223,0.1855792536213009,84070,368944
-2.9375,0.9610738408438954,0.1845492431973349,84093,371574
-2.953125,0.9613595583949531,0.18353592148699924,84118,374201
-2.96875,0.9616909907541801,0.18251838805465118,84147,376886
-2.984375,0.9620109944113647,0.18147656273580634,84175,379659
-3.0,0.9622509971542532,0.18043147028632534,84196,382441
-3.015625,0.9626395730236917,0.17940209242093785,84230,385274
-3.03125,0.9630052914890456,0.17842252483266668,84262,387999
-3.046875,0.9631881507217225,0.1773676235373348,84278,390882
-3.0625,0.9634395821666534,0.17633732933663276,84300,393761
-3.078125,0.9636338701013726,0.1753101615730239,84317,396642
-3.09375,0.9639767311626418,0.1743009117284818,84347,399569
-3.109375,0.9641595903953188,0.1733036424106345,84363,402430
-3.125,0.9645595949667997,0.17237379039340553,84398,405224
-3.140625,0.9647424541994766,0.17137323529053503,84414,408160
-3.15625,0.9649710282403228,0.17043704342174054,84434,410963
-3.171875,0.9651196013668728,0.1694266774739782,84447,413981
-3.1875,0.9653824615138459,0.16843973399004955,84470,417015
-3.203125,0.9655653207465228,0.16744158392294428,84486,420084
-3.21875,0.9657481799791998,0.166497217887486,84502,423026
-3.234375,0.9659196105098344,0.16550963777325628,84517,426130
-3.25,0.9661138984445536,0.164544987386714,84534,429210
-3.265625,0.9663881872935691,0.16357885573342362,84558,432367
-3.28125,0.9666510474405422,0.1626298110109348,84581,435502
-3.296875,0.9669253362895576,0.1616759029237531,84605,438695
-3.3125,0.9670624807140653,0.16071696514889924,84617,441880
-3.328125,0.9672796260528692,0.15976683209154557,84636,445111
-3.34375,0.9674853426896307,0.15879721250433787,84654,448441
-3.359375,0.9676339158161807,0.157859802402567,84667,451676
-3.375,0.9678853472611115,0.15691894926616504,84689,455010
-3.390625,0.968125350004,0.15600310864416705,84710,458292
-3.40625,0.9683653527468885,0.15507932324496862,84731,461641
-3.421875,0.9685596406816078,0.15416098970962477,84748,464989
-3.4375,0.9687310712122424,0.1532709976185611,84763,468264
-3.453125,0.9689367878490039,0.15236104721375582,84781,471667
-3.46875,0.9691653618898501,0.15145794412553715,84801,475097
-3.484375,0.9693482211225272,0.15054570755612828,84817,478580
-3.5,0.9694625081429502,0.14962491026244817,84827,482104
-3.515625,0.9696339386735848,0.14874045192609436,84842,485561
-3.53125,0.9698167979062617,0.14785349509437512,84858,489075
-3.546875,0.9699539423307695,0.14694857059747313,84870,492679
-3.5625,0.9701253728614041,0.1460658496546455,84885,496257
-3.578125,0.9703539469022503,0.14518489892374564,84905,499901
-3.59375,0.9705825209430965,0.14429309550954109,84925,503634
-3.609375,0.9708682384941543,0.1434232141319561,84950,507353
-3.625,0.9710168116207042,0.14255345565831332,84963,511045
-3.640625,0.9712110995554235,0.14172120047762946,84980,514648
-3.65625,0.9714053874901427,0.14089706525919343,84997,518259
-3.671875,0.9716111041269043,0.1400168319946243,85015,522162
-3.6875,0.9717711059554967,0.13917027158408501,85029,525942
-3.703125,0.9718853929759197,0.1383260786112575,85039,529733
-3.71875,0.9720339661024697,0.13748910862919875,85052,533557
-3.734375,0.9722739688453582,0.13668694860000033,85073,537320
-3.75,0.9724911141841621,0.1358667709846876,85092,541198
-3.765625,0.9726396873107122,0.1350380019992701,85105,545125
-3.78125,0.9728225465433891,0.13422764817378743,85121,549033
-3.796875,0.9729596909678968,0.13338754508506231,85133,553105
-3.8125,0.9731425502005737,0.13258871012949155,85149,557055
-3.828125,0.9733254094332506,0.13179682567194484,85165,561019
-3.84375,0.9734625538577584,0.13098027999212675,85177,565127
-3.859375,0.9737597001108584,0.13020117818748614,85203,569192
-3.875,0.9739882741517046,0.12940535156261862,85223,573351
-3.890625,0.9740568463639584,0.12861357377296564,85229,577446
-3.90625,0.9742854204048046,0.1278442875802879,85249,581570
-3.921875,0.9744454222333969,0.12706760754390803,85263,585742
-3.9375,0.9746282814660739,0.12628593852965786,85279,590006
-3.953125,0.9748454268048777,0.12552517994081194,85298,594231
-3.96875,0.9749597138253009,0.12474993858140596,85308,598524
-3.984375,0.9750854295477662,0.12397935978121717,85319,602852
-4.0,0.9752797174824855,0.12283527584534179,85336,609383
-4.03125,0.9755540063315009,0.12132582864290181,85360,618200
-4.0625,0.9759311534988971,0.11984410568478136,85393,627141
-4.09375,0.9762282997519972,0.11835853550728352,85419,636278
-4.125,0.9765025886010126,0.11686078954854805,85443,645709
-4.15625,0.9768225922581972,0.11540528424986768,85471,655145
-4.1875,0.9770854524051703,0.11396905423041494,85494,664657
-4.21875,0.9772797403398896,0.11254660870274802,85511,674272
-4.25,0.977588315295032,0.11110923485591442,85538,684317
-4.28125,0.9777597458256666,0.10967841186613421,85553,694482
-4.3125,0.9779311763563012,0.10826472527041509,85568,704791
-4.34375,0.9782397513114436,0.10686471086163457,85595,715371
-4.375,0.9785368975645435,0.10546627200421761,85621,726212
-4.40625,0.9788226151156013,0.10408888499980555,85646,737170
-4.4375,0.9791540474748283,0.10273249860305386,85675,748287
-4.46875,0.9794169076218014,0.10139279325325837,85698,759510
-4.5,0.9796454816626475,0.10004516843625007,85718,771075
-4.53125,0.979885484405536,0.0987099856665074,85739,782856
-4.5625,0.9801140584463822,0.09740393232074163,85759,794688
-4.59375,0.9803769185933554,0.09608145115674756,85782,807023
-4.625,0.9806854935484977,0.09476505590331002,85809,819683
-4.65625,0.980879781483217,0.09347099247448841,85826,832384
-4.6875,0.9810854981199785,0.09219088121741278,85844,845311
-4.71875,0.9812683573526555,0.09091611807447582,85860,858527
-4.75,0.9815312174996286,0.08966076674607931,85883,871983
-4.78125,0.9817140767323055,0.08841047640318528,85899,885694
-4.8125,0.9819083646670248,0.08717391966070395,85916,899654
-4.84375,0.981988365581321,0.08593271039627477,85923,913964
-4.875,0.9822169396221672,0.08471505527380618,85943,928552
-4.90625,0.982434084960971,0.08350470698747944,85962,943465
-4.9375,0.9826398015977326,0.08230027251555694,85980,958731
-4.96875,0.9828112321283672,0.08109958570791323,85995,974368
-5.0,0.9830169487651288,0.07992309958121051,86013,990184
-5.03125,0.9831540931896364,0.07873875209718298,86025,1006512
-5.0625,0.9833140950182288,0.07756662973404001,86039,1023188
-5.09375,0.983542669059075,0.07642413311416421,86059,1040012
-5.125,0.9836798134835827,0.07529144808606936,86071,1057100
-5.15625,0.9838626727162596,0.07415878233737952,86087,1074760
-5.1875,0.9839541023325981,0.073046982712907,86095,1092530
-5.21875,0.9840798180550635,0.07195178814056444,86106,1110612
-5.25,0.9841941050754865,0.07085986999094873,86116,1129184
-5.28125,0.9843655356061212,0.06978865941374318,86131,1148038
-5.3125,0.984468393924502,0.06869267801762532,86140,1167851
-5.34375,0.9847083966673905,0.06762928967307395,86161,1187858
-5.375,0.9848341123898559,0.06655755507650812,86172,1208527
-5.40625,0.9849826855164059,0.06550769317301677,86185,1229462
-5.4375,0.9851655447490828,0.06444602110246275,86201,1251368
-5.46875,0.9853598326838021,0.06339805889494222,86218,1273729
-5.5,0.9856112641287329,0.06236062140797325,86240,1296684
-5.53125,0.9858169807654945,0.061345958405252574,86258,1319833
-5.5625,0.9859655538920444,0.06033025659817382,86271,1343708
-5.59375,0.9860912696145099,0.059305479374846204,86282,1368592
-5.625,0.9863312723573984,0.05830405283528225,86303,1393920
-5.65625,0.986502702888033,0.057307316943627465,86318,1419912
-5.6875,0.9867084195247946,0.05631461984565922,86336,1446765
-5.71875,0.9869598509697254,0.05533530988427117,86358,1474273
-5.75,0.98713128150036,0.05435884655251517,86373,1502568
-5.78125,0.9872569972228254,0.05338184730458254,86384,1531844
-5.8125,0.9874969999657139,0.05243082292817696,86405,1561576
-5.84375,0.9876912879004331,0.05148831262608149,86422,1592056
-5.875,0.9878970045371948,0.050535610826687526,86440,1624037
-5.90625,0.9881370072800832,0.04959804593072416,86461,1656773
-5.9375,0.9882741517045909,0.04866509088862626,86473,1690427
-5.96875,0.9884570109372679,0.047743461901943986,86489,1725047
-6.0,0.9886512988719871,0.04682335072803907,86506,1760991
-6.03125,0.9887884432964948,0.04590549785695109,86518,1798180
-6.0625,0.9889941599332563,0.04500597316263489,86536,1836231
-6.09375,0.9891541617618487,0.04410604612101211,86550,1875766
-6.125,0.989314163590441,0.04322373440602068,86564,1916132
-6.15625,0.9895198802272026,0.04234376986805168,86582,1958158
-6.1875,0.9896684533537526,0.04146843117207759,86595,2001620
-6.21875,0.9898055977782603,0.04060857296784821,86607,2046120
-6.25,0.9899884570109373,0.039759724087536294,86623,2092039
-6.28125,0.9901484588395296,0.03891267117519528,86637,2139810
-6.3125,0.9902856032640373,0.03807199270626229,86649,2189276
-6.34375,0.9904456050926296,0.03723449962448851,86663,2240829
-6.375,0.9904913199007989,0.03640534450805087,86667,2293945
-6.40625,0.9906398930273489,0.03558964336451054,86680,2348860
-6.4375,0.9906741791334758,0.034771324678242,86683,2406262
-6.46875,0.9907656087498142,0.033967511619505564,86691,2465483
-6.5,0.9908684670681951,0.03317080785264356,86700,2527044
-6.53125,0.9910398975988297,0.032389699840133866,86715,2590525
-6.5625,0.9911770420233375,0.0316135612397698,86727,2656621
-6.59375,0.9912227568315066,0.03083992581150775,86731,2725565
-6.625,0.9913141864478451,0.03008125570055731,86739,2796751
-6.65625,0.9914170447662259,0.029326195268620618,86748,2871290
-6.6875,0.9915199030846067,0.028578440253644075,86757,2948993
-6.71875,0.9916570475091144,0.027843525094438677,86769,3029539
-6.75,0.9917713345295375,0.027117132487999015,86779,3113375
-6.78125,0.9918741928479182,0.026397247736837798,86788,3200979
-6.8125,0.9919770511662991,0.025685239591199956,86797,3292459
-6.84375,0.9921141955908067,0.024983667325729646,86809,3387821
-6.875,0.9922170539091876,0.02428870258355274,86818,3487601
-6.90625,0.9922856261214413,0.023601353930061443,86824,3591948
-6.9375,0.9923541983336952,0.02292886927639784,86830,3700099
-6.96875,0.9924227705459491,0.022266343271851907,86836,3813041
-7.0,0.9925484862684145,0.021618261826730305,86847,3930451
-7.03125,0.9926856306929221,0.020984799012548263,86859,4052280
-7.0625,0.9928227751174299,0.020359487172756707,86871,4179985
-7.09375,0.9929484908398953,0.0197451731344559,86882,4313282
-7.125,0.9931084926684877,0.019139818293310403,86896,4453168
-7.15625,0.993234208390953,0.018544147733528617,86907,4599585
-7.1875,0.9933256380072916,0.017953041379266184,86915,4754326
-7.21875,0.9934056389215877,0.017375333550953113,86922,4915687
-7.25,0.9935542120481377,0.016809236292018016,86935,5084924
-7.28125,0.9936913564726454,0.016254136348400505,86947,5262276
-7.3125,0.9938513583012377,0.015710305017773252,86961,5448323
-7.34375,0.9939885027257455,0.015181162253569903,86973,5642035
-7.375,0.9941370758522955,0.014668122473241122,86986,5843289
-7.40625,0.9943085063829301,0.014171376559118556,87001,6052205
-7.4375,0.9944685082115224,0.013686387553385405,87015,6270762
-7.46875,0.9946285100401148,0.013213317440124522,87029,6499432
-7.5,0.9948799414850455,0.012749055914329671,87051,6740984
-7.53125,0.9950628007177225,0.012292152474249756,87067,6996070
-7.5625,0.9952799460565264,0.011845653660106484,87086,7264640
-7.59375,0.9955085200973726,0.01140950014506488,87106,7547409
-7.625,0.9957028080320918,0.010983682757989464,87123,7844916
-7.65625,0.9959085246688534,0.01056703868748069,87141,8159351
-7.6875,0.9960113829872341,0.010159005039985564,87150,8491446
-7.71875,0.996194242219911,0.00976381286716091,87166,8840289
-7.75,0.9962856718362496,0.009378420123399586,87174,9207995
-7.78125,0.9964456736648419,0.009006398625384826,87188,9593485
-7.8125,0.9965942467913919,0.008645683146881532,87201,9998873
-7.84375,0.9967656773220266,0.008296138351918695,87216,10425627
-7.875,0.996822820832238,0.00795588466015025,87221,10875859
-7.90625,0.9969713939587881,0.007628226238460902,87234,11348452
-7.9375,0.9970971096812535,0.0073127244338788725,87245,11843329
-7.96875,0.9972113967016766,0.00700877038109943,87255,12362147
-8.0,0.9973942559343535,0.0065759695111195305,87271,13183928
-8.0625,0.9976914021874536,0.006046252302918646,87297,14350903
-8.125,0.9978742614201305,0.005568174020536297,87313,15593411
-8.1875,0.9981599789711882,0.005135337830825727,87338,16919917
-8.25,0.9983314095018229,0.004740384282999308,87353,18340056
-8.3125,0.9986971279671768,0.004385555495331643,87385,19838255
-8.375,0.9989028446039383,0.004065871367967569,87403,21409342
-8.4375,0.9991314186447845,0.0037739960735728713,87423,23077148
-8.5,0.9993828500897153,0.00350297361178672,87445,24875632
-8.5625,0.9995314232162653,0.00324519444394867,87458,26862545
-8.625,0.9997257111509846,0.002995494721148977,87475,29114713
-8.6875,0.9998971416816193,0.0027436544015269383,87490,31800637
-8.75,0.9999657138938731,0.0024791734244940158,87496,35204912
-8.8125,1.0,0.002190736513753263,87499,39852950
-8.875,1.0,0.001865386381577225,87499,46819137
-8.9375,1.0,0.0015023028677538233,87499,58155750
-9.0,1.0,0.0011067259527773486,87499,78973627
-9.0625,1.0,0.0007383232443613841,87499,118422924
-9.125,1.0,0.0005194794862924421,87499,168348411
-9.1875,1.0,0.00045876739975861007,87499,190638782
-9.25,1.0,0.0004517182246360209,87499,193615113
-9.3125,1.0,0.00045130773119043027,87499,193791298
-9.375,1.0,0.00045130500304546675,87499,193792470
