threshold,recall,precision,tp,fp
36.25,0.0002628601469731083,1.0,23,0
36.0,0.0006400073143693071,1.0,56,0
35.75,0.0011200128001462874,0.98989898989899,98,1
35.5,0.0014400164573309408,0.9692307692307692,126,4
35.25,0.0015428747757117224,0.8598726114649682,135,22
35.0,0.001885735836980994,0.8333333333333334,165,33
34.75,0.0024571709390964467,0.8143939393939394,215,49
34.5,0.002948605126915736,0.8113207547169812,258,60
34.25,0.003531468931073498,0.8373983739837398,309,60
34.0,0.00422861975565435,0.8604651162790697,370,60
33.75,0.005005771494531366,0.8795180722891566,438,60
33.5,0.005908638955873781,0.8960138648180243,517,60
33.25,0.006925793437639287,0.9099099099099099,606,60
33.0,0.008285808980674065,0.9235668789808917,725,60
32.75,0.009725825438005006,0.9341383095499451,851,60
32.5,0.011554417764774455,0.9422180801491147,1011,62
32.25,0.013383010091543903,0.9497161394971614,1171,62
32.0,0.014777311740705608,0.9535398230088495,1293,63
31.875,0.015794466222471115,0.956401384083045,1382,63
31.75,0.01701733734099818,0.9594072164948454,1489,63
31.625,0.018045920524805997,0.96163215590743,1579,63
31.5,0.01909736111269843,0.9631123919308358,1671,64
31.375,0.02009165819037932,0.964873765093304,1758,64
31.25,0.021565960753837186,0.9671963095848283,1887,64
31.125,0.02296026240299889,0.9681927710843373,2009,66
31.0,0.024228848329695196,0.969807868252516,2120,66
30.875,0.025611721276814593,0.9705500216543959,2241,68
30.75,0.02697173681984937,0.9719934102141681,2360,68
30.625,0.02817175053429182,0.9731543624161074,2465,68
30.5,0.029554623481411215,0.9743782969103241,2586,68
30.375,0.03094892513057292,0.9755043227665706,2708,68
30.25,0.03276608875530006,0.9768313458262351,2867,68
30.125,0.03436610704122333,0.9778861788617886,3007,68
30.0,0.03621755677207739,0.9789928946555453,3169,68
29.875,0.03787471856821221,0.9796039018622524,3314,69
29.75,0.03970331089498166,0.9805249788314987,3474,69
29.625,0.04147475971153956,0.9813412655489454,3629,69
29.5,0.04349763997302826,0.9821935483870968,3806,69
29.375,0.04534908970388233,0.9824213914335231,3968,71
29.25,0.047097681116355615,0.9830629770992366,4121,71
29.125,0.048949130847209685,0.9830158365848061,4283,74
29.0,0.05088058149235991,0.9832155477031802,4452,76
28.875,0.052869175647721686,0.9834183673469388,4626,78
28.75,0.05491491331329501,0.9836233367451381,4805,80
28.625,0.056903507468656786,0.9841865981419253,4979,80
28.5,0.05905210345261089,0.9845655487804879,5167,81
28.375,0.06128070035086115,0.9847566574839303,5362,83
28.25,0.0634864398450268,0.9852784675416815,5555,83
28.125,0.06561217842489628,0.9854102300034329,5741,85
28.0,0.06786363272723117,0.9850696748506967,5938,90
27.875,0.07046937679287764,0.9854562889563688,6166,91
27.75,0.07285797551972023,0.9857739291789083,6375,92
27.625,0.07540657607515515,0.9861007323270065,6598,93
27.5,0.07802374884284392,0.9861331792575473,6827,96
27.375,0.08044663367581344,0.9865451997196917,7039,96
27.25,0.08283523240265603,0.9866594064797168,7248,98
27.125,0.08515525891724476,0.986887417218543,7451,99
27.0,0.08769243077063738,0.9871349543290878,7673,100
26.875,0.09016103041177613,0.9867417135709818,7889,106
26.75,0.09268677356312643,0.9867380459909965,8110,109
26.625,0.09526966022468829,0.9870929544108941,8336,109
26.5,0.09789826169441937,0.9872075602166648,8566,111
26.375,0.10058400667436199,0.9874340850443173,8801,112
26.25,0.10332689516451617,0.9874399301004806,9041,115
26.125,0.10624121418530498,0.9873605947955391,9296,119
26.0,0.1088012434427822,0.9869375907111756,9520,126
25.875,0.11173841986765563,0.9862806415817613,9777,136
25.75,0.11476702590886753,0.9865409175754003,10042,137
25.625,0.1176356301214871,0.9863919501677049,10293,142
25.5,0.12026423159121818,0.9858534757354319,10523,151
25.375,0.12323569412221853,0.9856489945155393,10783,157
25.25,0.12587572429399194,0.9852401824850165,11014,165
25.125,0.12880147201682304,0.9849676629959797,11270,172
25.0,0.13184150676007725,0.9846363946739501,11536,180
24.875,0.13487011280128916,0.9845653262139162,11801,185
24.75,0.13803586326700876,0.9841114641896846,12078,195
24.625,0.14153304609195533,0.9839504211028126,12384,202
24.5,0.1446416530474634,0.9840603374543193,12656,205
24.375,0.14770454519480222,0.984385711021403,12924,205
24.25,0.1508245808523526,0.9840429498173141,13197,214
24.125,0.15363604155476063,0.9835381913959613,13443,225
24.0,0.1564017874489994,0.9835417565042404,13685,229
23.875,0.1594418221922536,0.9835037010927036,13951,234
23.75,0.1625504291477617,0.9827943615257048,14223,249
23.625,0.16578475182573515,0.9827247476458234,14506,255
23.5,0.16890478748328552,0.982385003988301,14779,265
23.375,0.17195625092858205,0.9818585225789611,15046,278
23.25,0.1750534291820478,0.9812299807815503,15317,293
23.125,0.1783563240722751,0.9805227444081428,15606,310
23.0,0.18164779026046013,0.9802639694091526,15894,320
22.875,0.1854078332323798,0.980064036730502,16223,330
22.75,0.18851644018788785,0.9795712334461666,16495,344
22.625,0.1920821952250883,0.9794859840317035,16807,352
22.5,0.19553366324186564,0.9792239010989011,17109,363
22.375,0.19893941645047372,0.9789663123558855,17407,374
22.25,0.20251660018971646,0.9787351560342447,17720,385
22.125,0.20581949507994377,0.9782183595871808,18009,401
22.0,0.2091338186722134,0.977824088917388,18299,415
21.875,0.21244814226448303,0.9775966342361294,18589,426
21.75,0.21567103624041417,0.9771138611298089,18871,442
21.625,0.21908821815106458,0.9762183632937822,19170,467
21.5,0.22216253900044572,0.9759024047391938,19439,480
21.375,0.22557972091109613,0.9755832344800316,19738,494
21.25,0.2288140435890696,0.9753020265003897,20021,507
21.125,0.23217408198950845,0.9747145187601958,20315,527
21.0,0.23516840192459343,0.973598296664301,20577,558
20.875,0.2385398690270746,0.9729175406703026,20872,581
20.75,0.24213991017040196,0.9726392140660148,21187,596
20.625,0.24541994765654465,0.9718940936863544,21474,621
20.5,0.24871141384472967,0.9715178571428571,21762,638
20.375,0.25240288460439547,0.9706838959212377,22085,667
20.25,0.255602921176242,0.9698191752309093,22365,696
20.125,0.25907724659710396,0.9691334273866017,22669,722
20.0,0.26236871278528895,0.9687315385264579,22957,741
19.875,0.2657858946959394,0.9679111000124859,23256,771
19.75,0.2696030811780706,0.9675567039908125,23590,791
19.625,0.2736031268928788,0.9670773581094728,23940,815
19.5,0.27715745322803687,0.9664448252500697,24251,842
19.375,0.28124892855918354,0.9656647308114895,24609,875
19.25,0.284780397490257,0.9649910928665479,24918,904
19.125,0.28831186642133055,0.9641137353817931,25227,939
19.0,0.29164904741768477,0.9632719311490261,25519,973
18.875,0.295614807026366,0.9625990845149045,25866,1005
18.75,0.299534851826878,0.9620806108215256,26209,1033
18.625,0.3031691790763323,0.9617852869729161,26527,1054
18.5,0.30649493137064426,0.9610119687522397,26818,1088
18.375,0.31019783083235236,0.9605407509643629,27142,1115
18.25,0.3137750145715951,0.9600993145894531,27455,1141
18.125,0.3171464816740763,0.9591455827457487,27750,1182
18.0,0.32084938113578443,0.9586477718968756,28074,1211
17.875,0.3243694213648156,0.9573635566349592,28382,1264
17.75,0.3279123189979314,0.956431881062702,28692,1307
17.625,0.3315695036514703,0.9553791945203675,29012,1355
17.5,0.3352266883050092,0.9545691226243166,29332,1396
17.375,0.3385067257911519,0.9536980390894162,29619,1438
17.25,0.34212962433856386,0.9526476578411406,29936,1488
17.125,0.34587823860844125,0.9516083388359589,30264,1539
17.0,0.34962685287831863,0.9509776492896889,30592,1577
16.875,0.35307832089509594,0.9502337598425197,30894,1618
16.75,0.35657550372004254,0.9494826536822885,31200,1660
16.625,0.3600955439490737,0.9484933321292032,31508,1711
16.5,0.36342129624338565,0.9473856695963057,31799,1766
16.375,0.3667356198356553,0.9461595164381542,32089,1826
16.25,0.37008422953405185,0.9448805112193983,32382,1889
16.125,0.37329569480794067,0.9435264891097117,32663,1955
16.0,0.3757300083429525,0.9427621013994035,32876,1996
15.9375,0.37735288403296036,0.9423214132823425,33018,2021
15.875,0.3788957588086721,0.9416593291106882,33153,2054
15.8125,0.38059863541297617,0.9411332485516462,33302,2083
15.75,0.3824729425479148,0.9406110345990613,33466,2113
15.6875,0.3838672441970765,0.9400503778337531,33588,2142
15.625,0.3855701208013806,0.9394876079086606,33737,2173
15.5625,0.3872501400016,0.9386149584487534,33884,2216
15.5,0.3888730156916079,0.9380530973451328,34026,2247
15.4375,0.39056446359386965,0.9373011519473395,34174,2286
15.375,0.39238162721859676,0.9367803547066849,34333,2317
15.3125,0.3938787871861393,0.9362673186634067,34464,2346
15.25,0.39561594989657023,0.9354411566004593,34616,2389
15.1875,0.3972045394804512,0.9347264805551073,34755,2427
15.125,0.3985531263214437,0.9341065545228082,34873,2460
15.0625,0.40002742888490156,0.9335111348179758,35002,2493
15.0,0.4017645915953325,0.9327884947063975,35154,2533
14.9375,0.4033531811792135,0.9321237091619787,35293,2570
14.875,0.40507891518760214,0.9312664214398318,35444,2616
14.8125,0.4068046491959908,0.9305882352941176,35595,2655
14.75,0.4084846683962102,0.9299094598813612,35742,2694
14.6875,0.41026754591481046,0.9292296541727065,35898,2734
14.625,0.4118218493925645,0.9284241987014326,36034,2778
14.5625,0.4137418713356724,0.9277806253203486,36202,2818
14.5,0.4155133201522303,0.9271433671647881,36357,2857
14.4375,0.41723905416061896,0.9265284369210466,36508,2895
14.375,0.4187362141281615,0.9258585399135775,36639,2934
14.3125,0.42034766111612704,0.9251666457049428,36780,2975
14.25,0.42186767848775414,0.9248133486997043,36913,3001
14.1875,0.42373055692065054,0.9240815512686307,37076,3046
14.125,0.4255705779494623,0.9233306057675618,37237,3092
14.0625,0.4271477388313009,0.922588926464417,37375,3136
14.0,0.4287820432233511,0.9217955332792807,37518,3183
13.9375,0.4303020605949782,0.9210577816918636,37651,3227
13.875,0.43221065383604385,0.9205043325868951,37818,3266
13.8125,0.43398210265260173,0.919487626519444,37973,3325
13.75,0.4358564097875404,0.9187646052663277,38137,3372
13.6875,0.43759357249797143,0.9179372842347526,38289,3423
13.625,0.4392393055920639,0.9171021547712792,38433,3474
13.5625,0.4408621812820718,0.9164013873711218,38575,3519
13.5,0.4425879152904605,0.915616503132758,38726,3569
13.4375,0.44421079098046834,0.9146703063961971,38868,3626
13.375,0.44584509537251854,0.9139918466800994,39011,3671
13.3125,0.4475594006788649,0.9131844044398844,39161,3723
13.25,0.44929656338929586,0.9124097755703576,39313,3774
13.1875,0.45088515297317683,0.911573742461702,39452,3827
13.125,0.45239374164276164,0.9104165229191103,39584,3895
13.0625,0.4539823312266426,0.909638416267833,39723,3946
13.0,0.4557994948513697,0.908660089767834,39882,4009
12.9375,0.457399513137293,0.9078371328116139,40022,4063
12.875,0.45905667493342783,0.9070114034097324,40167,4118
12.8125,0.46093098206836647,0.906396080546566,40331,4165
12.75,0.4624167133338667,0.905877084965857,40461,4204
12.6875,0.4639595881095784,0.9052716082419052,40596,4248
12.625,0.46555960639550165,0.9044204169534424,40736,4305
12.5625,0.46730819780797495,0.903464580847585,40889,4369
12.5,0.4689082160938982,0.9025098436022085,41029,4432
12.4375,0.4704968056777792,0.901640421384612,41168,4491
12.375,0.4721311100698294,0.9005122615803814,41311,4564
12.3125,0.47386827278026034,0.8998046875,41463,4617
12.25,0.47554829198047976,0.8988982501620221,41610,4680
12.1875,0.47725116858478384,0.8980236984150879,41759,4742
12.125,0.47888547297683404,0.8971630446419013,41902,4803
12.0625,0.48070263660156115,0.896058798466127,42061,4879
12.0,0.4823940845038229,0.8950169635284139,42209,4951
11.9375,0.4841655333203808,0.8940759344068547,42364,5019
11.875,0.4857084080960925,0.8930800428688508,42499,5088
11.8125,0.48723985416976195,0.8924265259984928,42633,5139
11.75,0.4888170150516006,0.8913224690534739,42771,5215
11.6875,0.49016560189259306,0.8904413901922518,42889,5277
11.625,0.49163990445605094,0.8895735969229497,43018,5340
11.5625,0.4929999199990857,0.8882139768562368,43137,5429
11.5,0.49446279386050124,0.8872505793326908,43265,5498
11.4375,0.4956285214688168,0.88605344883949,43367,5577
11.375,0.4969999657138939,0.8850333767502442,43487,5649
11.3125,0.49870284231819795,0.8840714777746262,43636,5722
11.25,0.5003600041143328,0.8831443902045427,43781,5793
11.1875,0.501811449273706,0.882253656968333,43908,5860
11.125,0.5034114675596293,0.8814536140238534,44048,5924
11.0625,0.5048057692087909,0.8800908583725193,44170,6018
11.0,0.5062229282620373,0.878866644179448,44294,6105
10.9375,0.5079029474622567,0.8777082140106255,44441,6192
10.875,0.5092058194950799,0.8762389867841409,44555,6293
10.8125,0.5109658396095955,0.8750171249633036,44709,6386
10.75,0.5125430004914342,0.8738187557235547,44847,6476
10.6875,0.5137544429079189,0.8726365648173312,44953,6561
10.625,0.5152287454713769,0.8714528724967139,45082,6650
10.5625,0.516748762843004,0.8700881345495132,45215,6751
10.5,0.518417353341181,0.8690013218644035,45361,6838
10.4375,0.5199259420107658,0.8677895620326568,45493,6931
10.375,0.5215031028926045,0.8665210786175466,45631,7029
10.3125,0.5229316906478931,0.8652471540410726,45756,7126
10.25,0.5245659950399433,0.8640462340693887,45899,7222
10.1875,0.5262231568360781,0.8628127049564321,46044,7321
10.125,0.5277203168036206,0.8614738805970149,46175,7425
10.0625,0.5292060480691207,0.8595852902411405,46305,7564
10.0,0.5307146367387056,0.8583390325502301,46437,7664
9.9375,0.5323260837266711,0.8570482271330524,46578,7769
9.875,0.5338918159064675,0.8556801113675495,46715,7879
9.8125,0.5352746888535869,0.8540481400437637,46836,8004
9.75,0.5369889941599333,0.8526476245780858,46986,8120
9.6875,0.5385661550417719,0.8512744549018191,47124,8233
9.625,0.5400404576052298,0.8500422745507205,47253,8336
9.5625,0.5415033314666453,0.8484680264312447,47381,8462
9.5,0.5432747802832032,0.8472534131821908,47536,8570
9.4375,0.5448290837609573,0.8458181043965792,47672,8690
9.375,0.5463948159407536,0.8444581824604787,47809,8806
9.3125,0.5478919759082961,0.8426936666139324,47940,8949
9.25,0.5494348506840078,0.8412662303573304,48075,9071
9.1875,0.5510120115658464,0.8396697957122207,48213,9206
9.125,0.552772031680362,0.8382931521569579,48367,9330
9.0625,0.5542577629458623,0.8364003242329648,48497,9486
9.0,0.5557206368072778,0.8348786099378456,48625,9617
8.9375,0.5573435124972856,0.8331824161555416,48767,9764
8.875,0.5587835289546166,0.8312591383590058,48893,9925
8.8125,0.5604178333466668,0.8293194425652821,49036,10092
8.75,0.5616978479754055,0.8271706750593265,49148,10269
8.6875,0.5633778671756249,0.825297170601038,49295,10435
8.625,0.564897884547252,0.8232100328098196,49428,10615
8.5625,0.566635047257683,0.8213504737923265,49580,10784
8.5,0.5682579229476908,0.8191568230119113,49722,10977
8.4375,0.5698007977234025,0.8171001524165397,49857,11160
8.375,0.5713436724991143,0.8151578398121576,49992,11336
8.3125,0.5729894055932068,0.813222818770174,50136,11515
8.25,0.57429227762603,0.811242775499661,50250,11692
8.1875,0.5759037246139956,0.8093769575483063,50391,11868
8.125,0.5772408827529457,0.8074949239796,50508,12041
8.0625,0.5787494714225305,0.8051130401602594,50640,12258
8.0,0.5796751962879576,0.8035137190292123,50721,12403
7.96875,0.5803609184104961,0.8021767976747125,50781,12523
7.9375,0.5811952136595847,0.8010396156572419,50854,12631
7.90625,0.5819037931862079,0.7998994548568017,50916,12737
7.875,0.5828066606475503,0.798643738645618,50995,12857
7.84375,0.5835152401741734,0.7976285325959601,51057,12954
7.8125,0.5843038206150928,0.796702611730973,51126,13046
7.78125,0.5851838306723506,0.7955347016142815,51203,13160
7.75,0.585903838901016,0.7944768162658071,51266,13262
7.71875,0.5866695619378507,0.7934125720644832,51333,13366
7.6875,0.5875952868032778,0.7923987423710006,51414,13470
7.65625,0.5885210116687047,0.791135351052389,51495,13595
7.625,0.5893438782157511,0.7898751627479513,51567,13718
7.59375,0.5901438873587127,0.7889775088619974,51637,13811
7.5625,0.5910696122241397,0.7879757442788798,51718,13916
7.53125,0.5918239065589321,0.786859339624075,51784,14027
7.5,0.5926696305100629,0.7855368395540475,51858,14158
7.46875,0.5934124961428131,0.784394591736536,51923,14272
7.4375,0.5943725071143671,0.7832969350101664,52007,14388
7.40625,0.5951725162573287,0.782160075697271,52077,14504
7.375,0.5959496679962056,0.7809177224668284,52145,14629
7.34375,0.5966468188207865,0.7795780011050218,52206,14761
7.3125,0.5974125418576213,0.7780804382126165,52273,14909
7.28125,0.5982582658087521,0.7769614391308219,52347,15027
7.25,0.5990011314415022,0.7757155966018412,52412,15154
7.21875,0.599846855392633,0.7743696425146431,52486,15293
7.1875,0.6006468645355947,0.773041508545877,52556,15430
7.15625,0.6015497319969371,0.7717628773771645,52635,15566
7.125,0.6025211716705334,0.7704335880986132,52720,15709
7.09375,0.6034811826420874,0.7692890442890443,52804,15836
7.0625,0.6045554806340644,0.7680513408737821,52898,15975
7.03125,0.6055383490097029,0.7666840307923829,52984,16124
7.0,0.6065440747894262,0.765112088228934,53072,16293
6.96875,0.6074926570589378,0.7638529631545669,53155,16433
6.9375,0.608646955965211,0.7626084715181717,53256,16578
6.90625,0.6097441113612727,0.7615839209752476,53352,16702
6.875,0.6106241214185305,0.7604036206307639,53429,16835
6.84375,0.611606989794169,0.7591964703712636,53515,16974
6.8125,0.6126584303820615,0.7578889328733812,53607,17125
6.78125,0.6136184413536154,0.7565629095213268,53691,17276
6.75,0.6144755940067886,0.7550980282006629,53766,17438
6.71875,0.615527034594681,0.7536381954550543,53858,17606
6.6875,0.6165556177784889,0.7523708579716613,53948,17756
6.65625,0.6175613435582121,0.7510006671114076,54036,17916
6.625,0.6184984971256814,0.7497021583132464,54118,18068
6.59375,0.6192642201625161,0.7481842534036619,54185,18237
6.5625,0.6203956616647047,0.7468699265292644,54284,18398
6.53125,0.6213442439342164,0.7453967122311036,54367,18570
6.5,0.6223956845221088,0.7443923509069288,54459,18700
6.46875,0.6233099806854936,0.7432406650313437,54539,18841
6.4375,0.6243957073795129,0.7421282838436252,54634,18984
6.40625,0.6254014331592361,0.7408681053857193,54722,19140
6.375,0.6263271580246631,0.7396315540859707,54803,19292
6.34375,0.6274128847186825,0.7382037731789638,54898,19469
6.3125,0.6285100401147442,0.7370170336518488,54994,19623
6.28125,0.6296643390210174,0.7359148345043144,55095,19771
6.25,0.6307729231191214,0.7347080044195364,55192,19929
6.21875,0.6316986479845484,0.7333749071223862,55273,20095
6.1875,0.6327158024663139,0.7318466033021799,55362,20285
6.15625,0.6338243865644179,0.7308873337814151,55459,20420
6.125,0.6348415410461834,0.7295604092515006,55548,20591
6.09375,0.6358929816340758,0.7283008495097975,55640,20757
6.0625,0.6368872787117567,0.7270414486816528,55727,20922
6.03125,0.6380987211282415,0.7257353801359625,55833,21100
6.0,0.6390130172916262,0.7243461025249057,55913,21278
5.96875,0.6401444587938148,0.7231460442057426,56012,21444
5.9375,0.641001611446988,0.7214875607810852,56087,21651
5.90625,0.6420073372267112,0.7202846518784459,56175,21815
5.875,0.6430473491125613,0.7190267465784059,56266,21987
5.84375,0.6442245054229191,0.7177107206518971,56369,22171
5.8125,0.6453902330312347,0.7165370316326402,56471,22340
5.78125,0.6464645310232117,0.7150984184776426,56565,22536
5.75,0.6474131132927233,0.7137205493259418,56648,22722
5.71875,0.6484302677744889,0.7125257447129151,56737,22891
5.6875,0.6496874249991429,0.7113878112876987,56847,23063
5.65625,0.6508302952033738,0.7100623441396509,56947,23253
5.625,0.6519274505994355,0.708723147837539,57043,23444
5.59375,0.652876032868947,0.7072150143607012,57126,23650
5.5625,0.6539160447547971,0.7059730773501796,57217,23830
5.53125,0.6552874889998743,0.7047147316929279,57337,24025
5.5,0.6564875027143168,0.7036097943384901,57442,24197
5.46875,0.6577103738328438,0.7022709800236738,57549,24398
5.4375,0.6588418153350324,0.7009557160574889,57648,24594
5.40625,0.6600189716453903,0.6993932641420318,57751,24822
5.375,0.6612647001680019,0.6982020031374442,57860,25010
5.34375,0.6623961416701906,0.6967649639950471,57959,25224
5.3125,0.6637218711070983,0.6953923892999976,58075,25439
5.28125,0.6650133144378793,0.6940279815364797,58188,25653
5.25,0.6662704716625333,0.692531568881339,58298,25883
5.21875,0.6672647687402141,0.690954922543462,58385,26114
5.1875,0.6683276380301489,0.6894852264956257,58478,26336
5.15625,0.6695733665527606,0.6879557543946172,58587,26574
5.125,0.67080766637333,0.6866116862607475,58695,26790
5.09375,0.6720533948959416,0.6852654640376638,58804,27008
5.0625,0.673470553949188,0.6835877685490233,58928,27276
5.03125,0.6746819963656727,0.6821191287769368,59034,27511
5.0,0.675836295271946,0.6806749772667104,59135,27742
4.96875,0.6771391673047692,0.6791105507478938,59249,27996
4.9375,0.6783620384232962,0.6777346426124686,59356,28224
4.90625,0.679607766945908,0.6763304254859366,59465,28458
4.875,0.6810706408073235,0.6748159891292039,59593,28717
4.84375,0.682087795289089,0.6732773791796399,59682,28962
4.8125,0.683344952513743,0.6717975798568587,59792,29211
4.78125,0.6846592532486085,0.6703181121392846,59907,29464
4.75,0.6858478382610087,0.6687878213772275,60011,29720
4.71875,0.6868992788489011,0.6673439703318788,60103,29960
4.6875,0.6882707230939782,0.665888987173817,60223,30217
4.65625,0.6894135932982092,0.6642478032021495,60323,30491
4.625,0.6905336060983555,0.6624891725052904,60421,30782
4.59375,0.6915850466862479,0.6610697196792589,60513,31025
4.5625,0.6928764900170288,0.65960919140047,60626,31286
4.53125,0.6941907907518943,0.6582677677352233,60741,31533
4.5,0.6956765220173945,0.6567867932671558,60871,31809
4.46875,0.6970708236665561,0.6551342642320086,60993,32107
4.4375,0.6984308392095909,0.6536671979120985,61112,32379
4.40625,0.6998137121567104,0.6519281136213615,61233,32693
4.375,0.7011508702956605,0.6504659817424219,61350,32967
4.34375,0.7024308849243991,0.649059074492576,61462,33232
4.3125,0.7039851884021532,0.647575193700655,61598,33523
4.28125,0.7053566326472303,0.6460655926472589,61718,33811
4.25,0.7068423639127305,0.6443104041003844,61848,34143
4.21875,0.7082252368598498,0.642725273813475,61969,34447
4.1875,0.7095052514885885,0.6411604321153409,62081,34745
4.15625,0.7107509800112001,0.639439834664857,62190,35067
4.125,0.7120538520440234,0.6377594890062646,62304,35388
4.09375,0.7135052972033966,0.6364600218164765,62431,35660
4.0625,0.7147167396198814,0.6346807668496849,62537,35996
4.03125,0.7159510394404508,0.6328672741599822,62645,36341
4.0,0.7170253374324278,0.6316536622199849,62739,36586
3.984375,0.7176082012365855,0.6307890136826666,62790,36752
3.96875,0.7182939233591241,0.6300436068367501,62850,36905
3.953125,0.7189110732694088,0.629021129366119,62904,37099
3.9375,0.7196996537103281,0.6281094775479263,62973,37285
3.921875,0.7206139498737129,0.6273805496408031,63053,37449
3.90625,0.7214025303146322,0.6266517090410905,63122,37607
3.890625,0.7219968228208322,0.6259623673493654,63174,37749
3.875,0.7229339763883016,0.6252199181607923,63256,37918
3.859375,0.7237111281271786,0.6244970414201183,63324,38076
3.84375,0.7245111372701403,0.6236927284712179,63394,38249
3.828125,0.7252882890090172,0.6228481695946609,63462,38428
3.8125,0.7260082972376827,0.6222085096379878,63525,38571
3.796875,0.726682590658179,0.6213744038777266,63584,38744
3.78125,0.7273225979725483,0.6206903278032985,63640,38891
3.765625,0.7280083200950868,0.6198186276417701,63700,39072
3.75,0.728682613515583,0.6191276145345789,63759,39223
3.734375,0.729494051360587,0.6185317260358929,63830,39366
3.71875,0.7301797734831256,0.6176766309602073,63890,39546
3.703125,0.7310940696465102,0.6170124521349962,63970,39707
3.6875,0.7317797917690488,0.6162597087612246,64030,39871
3.671875,0.7325226574017989,0.6154695602074131,64095,40045
3.65625,0.7332883804386335,0.6146550815714601,64162,40225
3.640625,0.7341798191979337,0.6139319743494175,64240,40397
3.625,0.7350141144470222,0.6131587979559149,64313,40575
3.609375,0.7359169819083646,0.6124230809469009,64392,40751
3.59375,0.7366369901370301,0.6116029491303482,64455,40932
3.578125,0.7372655687493571,0.6107860402582893,64510,41108
3.5625,0.7380998639984457,0.6100966398065315,64583,41274
3.546875,0.7389113018434497,0.6093225769970219,64654,41454
3.53125,0.7395398804557767,0.6086191815351624,64709,41612
3.515625,0.740294174790569,0.6077993488031678,64775,41798
3.5,0.7410598978274038,0.6069643358607133,64842,41988
3.484375,0.7416884764397308,0.6060778691969331,64897,42180
3.46875,0.7423170550520577,0.605353414852371,64952,42344
3.453125,0.742991348472554,0.6045285475172029,65011,42529
3.4375,0.7438370724236848,0.6038858012377409,65085,42692
3.421875,0.7446827963748157,0.603134198493067,65159,42875
3.40625,0.7455285203259466,0.6024417949594112,65233,43048
3.390625,0.7461913850444005,0.601660554009473,65291,43227
3.375,0.7469799654853199,0.6009838628109052,65360,43395
3.359375,0.7479742625630007,0.6001613953360416,65447,43602
3.34375,0.7488885587263855,0.5993176995683032,65527,43809
3.328125,0.749574280848924,0.5986181592493884,65587,43977
3.3125,0.750317146481674,0.5976948708144426,65652,44190
3.296875,0.7511514417307626,0.5969356245004723,65725,44379
3.28125,0.7518943073635127,0.596156111528947,65790,44567
3.265625,0.7527628887187282,0.5954150169044132,65866,44756
3.25,0.7536200413719014,0.5945665698880133,65941,44965
3.234375,0.7543286208985246,0.5939420662845213,66003,45124
3.21875,0.7550943439353592,0.5932850228531918,66070,45293
3.203125,0.7559972113967017,0.5924993730070581,66149,45495
3.1875,0.7567629344335364,0.5916844635469257,66216,45695
3.171875,0.7576886592989635,0.5910087719298246,66297,45879
3.15625,0.7582943805072058,0.5901292325207013,66350,46083
3.140625,0.7589686739277021,0.5892964895467291,66409,46283
3.125,0.7597915404747483,0.5884472060684918,66481,46496
3.109375,0.760522977405456,0.5876145735831729,66545,46701
3.09375,0.7612887004422908,0.5867554568997411,66612,46914
3.078125,0.7621458530954639,0.5860017574692443,66687,47113
3.0625,0.7629458622384255,0.5852334990225214,66757,47312
3.046875,0.7637915861895564,0.584411836720417,66831,47525
3.03125,0.7645230231202642,0.5836190575897959,66895,47726
3.015625,0.7653458896673104,0.5827068323413734,66967,47957
3.0,0.7661230414061875,0.5818909393934133,67035,48167
2.984375,0.7670259088675299,0.581164164112156,67114,48368
2.96875,0.7676887735859839,0.5802996008777235,67172,48582
2.953125,0.7685916410473262,0.5794303143093466,67251,48813
2.9375,0.7693116492759917,0.5785673766180187,67314,49032
2.921875,0.7699745139944456,0.5778391498631993,67372,49221
2.90625,0.7707288083292381,0.5769010325329136,67438,49459
2.890625,0.7714602452599458,0.576039186571431,67502,49681
2.875,0.772283111806992,0.5752398464301828,67574,49897
2.859375,0.7729802626315729,0.5744632058164028,67635,50101
2.84375,0.7739517023051692,0.5736309347338105,67720,50335
2.828125,0.7747174253420039,0.5729221251204382,67787,50531
2.8125,0.7756660076115156,0.5720378268125348,67870,50776
2.796875,0.7765803037749003,0.5713733140493088,67950,50974
2.78125,0.7772545971953965,0.5703969605220119,68009,51222
2.765625,0.777791746191385,0.5694729179043906,68056,51451
2.75,0.7786260414404736,0.5686752418553792,68129,51674
2.734375,0.779266048754843,0.5678108657273242,68185,51899
2.71875,0.7799860569835084,0.5669615784008307,68248,52127
2.703125,0.7808774957428085,0.5659405284519176,68326,52404
2.6875,0.7815289317592201,0.5651254080409901,68383,52622
2.671875,0.7822946547960549,0.5642103527860205,68450,52870
2.65625,0.7829575195145088,0.5633047739643803,68508,53110
2.640625,0.7837575286574704,0.5623452234522345,68578,53372
2.625,0.7845118229922627,0.561413265723399,68644,53626
2.609375,0.7852318312209282,0.5605028511759571,68707,53874
2.59375,0.7858832672373398,0.5595755415588431,68764,54122
2.578125,0.786591846763963,0.5586979462618719,68826,54364
2.5625,0.7873232836946708,0.5577189303843071,68890,54631
2.546875,0.7878947187967863,0.5568029463550164,68940,54874
2.53125,0.7887175853438325,0.5559431264349297,69012,55123
2.515625,0.7895290231888364,0.5550797068843607,69083,55373
2.5,0.7902947462256712,0.5540776590118748,69150,55652
2.484375,0.7912204710910982,0.5531355613969208,69231,55930
2.46875,0.7919861941279329,0.5521928985784408,69298,56198
2.453125,0.7927176310586407,0.5511657104715287,69362,56484
2.4375,0.7934262105852639,0.5501327310907722,69424,56771
2.421875,0.7943862215568178,0.5492185401159942,69508,57050
2.40625,0.7951976594018217,0.5483799780897061,69579,57302
2.390625,0.796020525948868,0.547321190023417,69651,57607
2.375,0.796797677687745,0.5462929588942346,69719,57903
2.359375,0.7976548303409182,0.5454488617269864,69794,58163
2.34375,0.7985234116961337,0.5444811570711636,69870,58454
2.328125,0.7992662773288838,0.5434546104471348,69935,58751
2.3125,0.8001120012800146,0.5423858811862778,70009,59067
2.296875,0.8009348678270609,0.5414587035463184,70081,59349
2.28125,0.8017463056720648,0.5404997264833463,70152,59639
2.265625,0.802454885198688,0.5395764170662732,70214,59914
2.25,0.8032663230436919,0.538590629741452,70285,60213
2.234375,0.8040320460805266,0.5375634207469894,70352,60520
2.21875,0.804752054309192,0.5365770022098606,70415,60815
2.203125,0.8054263477296884,0.5355777634228825,70474,61111
2.1875,0.8061463559583538,0.5345372426283922,70537,61422
2.171875,0.8069235076972309,0.5334476714315936,70605,61751
2.15625,0.8078378038606155,0.5322785906308124,70685,62112
2.140625,0.8085349546851964,0.5312138641517368,70746,62432
2.125,0.8094035360404119,0.5301801902965242,70822,62759
2.109375,0.810260688693585,0.5291729177396121,70897,63080
2.09375,0.8110835552406314,0.5281453257326566,70969,63405
2.078125,0.8119521365958469,0.5271378222964199,71045,63730
2.0625,0.8126950022285969,0.5260899479902639,71110,64057
2.046875,0.8133007234368392,0.5250022132381149,71163,64385
2.03125,0.8139978742614201,0.5239640116822258,71224,64709
2.015625,0.814546451959451,0.5228938467972092,71272,65031
2.0,0.8151064583595241,0.5220621605399154,71321,65293
1.9921875,0.8154836055269203,0.5214982642061027,71354,65471
1.984375,0.8158721813963589,0.5210232456300405,71388,65627
1.9765625,0.8163750442862204,0.5204744834018245,71432,65812
1.96875,0.816763620155659,0.5199228838528973,71466,65989
1.9609375,0.8171750534291821,0.5193610947680373,71502,66171
1.953125,0.817506485788409,0.5188594391492942,71531,66331
1.9453125,0.8178607755517205,0.5182647740440325,71562,66518
1.9375,0.8183064949313706,0.5176998828684222,71601,66705
1.9296875,0.8187750717151053,0.5171438058527149,71642,66892
1.921875,0.8191636475845439,0.5166098469832713,71676,67067
1.9140625,0.8196093669641938,0.5161060494840018,71715,67239
1.90625,0.8199979428336324,0.5155271023739725,71749,67427
1.8984375,0.820352232596944,0.5149654202657331,71780,67608
1.890625,0.8207065223602555,0.5144533516731501,71811,67776
1.8828125,0.8209579538051863,0.5138930620537694,71833,67949
1.875,0.8213236722705403,0.5134021060452357,71865,68113
1.8671875,0.8217351055440634,0.51287519972609,71901,68291
1.859375,0.8221008240094172,0.5122922215733474,71933,68481
1.8515625,0.8224551137727288,0.5117549174382386,71964,68658
1.84375,0.8228779757482942,0.5113090038844742,72001,68816
1.8359375,0.8232894090218174,0.5108028958993668,72037,68990
1.828125,0.8236322700830867,0.5102341354969804,72067,69176
1.8203125,0.8240551320586521,0.5096913746059124,72104,69362
1.8125,0.8245465662464714,0.5091890747406309,72147,69543
1.8046875,0.824900856009783,0.5086432281206176,72178,69725
1.796875,0.8253237179853484,0.5081412367361874,72215,69901
1.7890625,0.8258037234711254,0.5075189818294199,72257,70116
1.78125,0.8261465845323946,0.506978342591034,72287,70297
1.7734375,0.8265580178059178,0.5065700077046998,72323,70447
1.765625,0.8269465936753563,0.5060602457669201,72357,70624
1.7578125,0.8272665973325409,0.5054324297903836,72385,70829
1.75,0.8276666019040217,0.5048132218961515,72420,71039
1.7421875,0.8281008925816296,0.5042626190923579,72458,71233
1.734375,0.8285123258551527,0.5036614003640557,72494,71440
1.7265625,0.8288437582143796,0.5031218348063768,72523,71623
1.71875,0.8292323340838181,0.5025906376847734,72557,71809
1.7109375,0.8296094812512143,0.5020680305985531,72590,71992
1.703125,0.8300437719288221,0.5016092271565716,72628,72162
1.6953125,0.8304323477982606,0.5010654070268593,72662,72353
1.6875,0.8307980662636144,0.5005474113296932,72694,72535
1.6796875,0.8312323569412222,0.4999072107553045,72732,72759
1.671875,0.831598075406576,0.49940631841922845,72764,72937
1.6640625,0.8319180790637607,0.4988384284862564,72792,73131
1.65625,0.832443799357707,0.49829995963686863,72838,73335
1.6484375,0.8328666613332724,0.497681470200575,72875,73554
1.640625,0.8334152390313032,0.49722487385790265,72923,73737
1.6328125,0.8337123852844033,0.49668080586629265,72949,73924
1.625,0.8342381055783494,0.4961191311203545,72995,74137
1.6171875,0.8346838249579995,0.49561281478817326,73034,74327
1.609375,0.835072400827438,0.4950473583652895,73068,74530
1.6015625,0.8354152618887073,0.4944834164259574,73098,74729
1.59375,0.8359066960765266,0.49393562852010425,73141,74937
1.5859375,0.836363844158219,0.493342861187701,73181,75156
1.578125,0.8367295626235728,0.49278122917662265,73213,75358
1.5703125,0.8370038514725883,0.4921973708970671,73237,75559
1.5625,0.8374152847461114,0.491616625851253,73273,75772
1.5546875,0.8378724328278038,0.4911731798661405,73313,75948
1.546875,0.8381581503788614,0.49064051273131115,73338,76136
1.5390625,0.8385238688442154,0.4900939174114598,73370,76336
1.53125,0.8387981576932307,0.4894466932972331,73394,76559
1.5234375,0.8391410187545001,0.4889717634523175,73424,76736
1.515625,0.8394495937096424,0.48841972271170664,73451,76934
1.5078125,0.8398724556852079,0.4878353170783518,73488,77153
1.5,0.8401810306403502,0.4871898526137207,73515,77381
1.4921875,0.840546749105704,0.4866472573281281,73547,77583
1.484375,0.8408438953588041,0.48607633406227496,73573,77788
1.4765625,0.8412896147384542,0.4855544708582887,73612,77992
1.46875,0.8417353341181042,0.4850183072992124,73651,78201
1.4609375,0.8419639081589504,0.48446089907146805,73671,78397
1.453125,0.8422953405181773,0.4838752035295971,73700,78612
1.4453125,0.8427410598978274,0.4832967393085368,73739,78836
1.4375,0.8431182070652236,0.48272838512527566,73772,79051
1.4296875,0.8434724968285352,0.4821771569690714,73803,79259
1.421875,0.8437696430816353,0.4816672973290361,73829,79449
1.4140625,0.8441353615469891,0.4811352710501974,73861,79653
1.40625,0.8445125087143853,0.48055824721819373,73894,79873
1.3984375,0.8448096549674854,0.47989404936572444,73920,80114
1.390625,0.845095372518543,0.4793188609654439,73945,80326
1.3828125,0.8455296631961509,0.4787304257797334,73983,80557
1.375,0.845941096469674,0.4781959841848205,74019,80769
1.3671875,0.8462611001268586,0.47765170329564,74047,80976
1.359375,0.8466153898901702,0.47703621657822887,74078,81210
1.3515625,0.8470039657596087,0.4764849973318589,74112,81427
1.34375,0.8473353981188356,0.47590345978560883,74141,81649
1.3359375,0.8476325443719357,0.4753167517960484,74167,81870
1.328125,0.847941119327078,0.4747170342502127,74194,82097
1.3203125,0.8482496942822204,0.47411320561875986,74221,82326
1.3125,0.8486839849598281,0.47350902586926996,74259,82568
1.3046875,0.8490268460210973,0.4728380210421798,74289,82824
1.296875,0.8493354209762397,0.4722794173720735,74316,83040
1.2890625,0.8496325672293398,0.47172217745261646,74342,83255
1.28125,0.8499297134824398,0.47109202282992213,74368,83495
1.2734375,0.8502611458416668,0.47045320888585357,74397,83742
1.265625,0.8506840078172322,0.46991161616161614,74434,83966
1.2578125,0.8510611549846284,0.46929926832496205,74467,84210
1.25,0.8513240151316015,0.46867037039367304,74490,84449
1.2421875,0.85156401787449,0.46798100717255586,74511,84707
1.234375,0.8518954502337169,0.46736472506113236,74540,84950
1.2265625,0.8521811677847747,0.46672258282581075,74565,85198
1.21875,0.8525126001440017,0.4661163635000281,74594,85439
1.2109375,0.8528326038011863,0.46551175600900807,74622,85679
1.203125,0.8530840352461171,0.46486021933949045,74644,85929
1.1953125,0.8534726111155556,0.46418737063258725,74678,86201
1.1875,0.8538726156870364,0.46352040499795266,74713,86473
1.1796875,0.8543069063646441,0.46297775878407255,74751,86706
1.171875,0.8547183396381673,0.46239311483315715,74787,86952
1.1640625,0.8550154858912673,0.4618143433869554,74813,87185
1.15625,0.8554154904627481,0.4612161396071085,74848,87436
1.1484375,0.8557240654178905,0.4606076637733226,74875,87682
1.140625,0.8560212116709905,0.45997813751258937,74901,87935
1.1328125,0.8564783597526829,0.4593633727879564,74941,88200
1.125,0.8568440782180368,0.4587777431020873,74973,88446
1.1171875,0.8572326540874753,0.4582203162036019,75007,88685
1.109375,0.8575869438507868,0.45764924007709007,75038,88926
1.1015625,0.8580098058263523,0.45706371191135736,75075,89180
1.09375,0.858329809483537,0.4564699446909378,75103,89427
1.0859375,0.8586269557366369,0.45580517754979466,75129,89698
1.078125,0.8589698167979063,0.45515600019378905,75159,89969
1.0703125,0.859255534348964,0.4545339129067947,75184,90225
1.0625,0.8596441102184025,0.45385594728807527,75218,90513
1.0546875,0.8601241157041795,0.453272463366599,75260,90777
1.046875,0.8605241202756603,0.4526544868673388,75295,91046
1.0390625,0.8609698396553104,0.4520546301185733,75334,91314
1.03125,0.8613698442267912,0.45145735746888216,75369,91577
1.0234375,0.8617469913941873,0.45081521251726386,75402,91855
1.015625,0.8620098515411605,0.45015875668449196,75425,92127
1.0078125,0.862398427410599,0.44955407410055226,75459,92394
1.0,0.8626727162596144,0.4490469731581953,75483,92613
0.99609375,0.862844146790249,0.448746448568134,75498,92744
0.9921875,0.8630612921290529,0.448467536478036,75517,92872
0.98828125,0.8631298643413068,0.4481332478875914,75523,93005
0.984375,0.8633698670841953,0.4478910983837881,75544,93122
0.98046875,0.8634612967005337,0.4475802868466419,75552,93249
0.9765625,0.8636212985291261,0.44723400981279926,75566,93397
0.97265625,0.8638270151658876,0.4469305455362528,75584,93534
0.96875,0.8640213031006069,0.4466085374354612,75601,93677
0.96484375,0.8642613058434954,0.446252803021362,75622,93838
0.9609375,0.8644441650761723,0.4459866624999263,75638,93959
0.95703125,0.8646727391170185,0.44570250368188513,75658,94092
0.953125,0.8648327409456108,0.4453809209906771,75672,94232
0.94921875,0.86502702888033,0.4450854135426774,75689,94366
0.9453125,0.8651870307089223,0.4447571264070688,75703,94509
0.94140625,0.8653356038354724,0.4444809711940921,75716,94631
0.9375,0.865507034366107,0.4442221961520413,75731,94749
0.93359375,0.8656784648967417,0.44391699046480415,75746,94885
0.9296875,0.8657470371089955,0.44359858754911663,75752,95015
0.92578125,0.8658956102355455,0.4432775567516967,75765,95155
0.921875,0.8661127555743494,0.4429947624392069,75784,95288
0.91796875,0.8663299009131533,0.44266851980542044,75803,95438
0.9140625,0.8665356175499148,0.4423370865177061,75821,95589
0.91015625,0.8667184767825918,0.44209771538833736,75837,95702
0.90625,0.8669699082275226,0.44182931162015926,75859,95834
0.90234375,0.8671756248642841,0.4415895057237803,75877,95950
0.8984375,0.8672899118847073,0.4412342721585227,75887,96101
0.89453125,0.8674613424153419,0.4409317996979203,75902,96238
0.890625,0.8676442016480188,0.4406458952451709,75918,96370
0.88671875,0.8677699173704843,0.44035191500220383,75929,96499
0.8828125,0.867907061794992,0.4400438067865752,75941,96635
0.87890625,0.8680327775174573,0.43969479790202504,75952,96786
0.875,0.868204208048092,0.43935433125513285,75967,96939
0.87109375,0.8683299237705574,0.43907005773131536,75978,97065
0.8671875,0.8685813552154882,0.43878134255543944,76000,97207
0.86328125,0.868832786660419,0.43848305695746215,76022,97353
0.859375,0.8690270745951383,0.4381615871753649,76039,97502
0.85546875,0.8692213625298575,0.43784073180700833,76056,97651
0.8515625,0.8694156504645767,0.43758088916243404,76073,97776
0.84765625,0.869609938399296,0.4372335168308184,76090,97936
0.84375,0.8698270837380999,0.4369510052703494,76109,98073
0.83984375,0.8700328003748614,0.43665825398646324,76127,98213
0.8359375,0.8701242299911999,0.4362962241336825,76135,98368
0.83203125,0.8702842318197922,0.4359817016964291,76149,98512
0.828125,0.8705013771585961,0.4357461999210522,76168,98631
0.82421875,0.8707299511994423,0.4354321573289288,76188,98783
0.8203125,0.8708899530280346,0.43512422413448526,76202,98925
0.81640625,0.8710042400484577,0.43481882548937945,76212,99061
0.8125,0.8712671001954309,0.4345607934788805,76235,99195
0.80859375,0.8714271020240232,0.43422476337999294,76249,99349
0.8046875,0.8716671047669117,0.43390945190983876,76270,99504
0.80078125,0.8718842501057155,0.43363023003336537,76289,99642
0.796875,0.8719756797220539,0.43324229019857247,76297,99810
0.79296875,0.8721928250608578,0.4329469963862462,76316,99955
0.7890625,0.8724328278037463,0.43263171019223795,76337,100111
0.78515625,0.8726156870364232,0.4322887473460722,76353,100272
0.78125,0.8727185453548041,0.43194352525921026,76362,100425
0.77734375,0.8728671184813541,0.43163617662185,76375,100568
0.7734375,0.8730385490119887,0.4313577123754884,76390,100702
0.76953125,0.8732214082446657,0.4310707656547078,76406,100841
0.765625,0.8734385535834696,0.4308716659243515,76425,100948
0.76171875,0.8736099841141042,0.4305314619145245,76440,101108
0.7578125,0.8737242711345272,0.43023157657784405,76450,101245
0.75390625,0.8739414164733311,0.4299755404987489,76469,101376
0.75,0.8741814192162196,0.4296925470897866,76490,101521
0.74609375,0.8743185636407274,0.42938607815183594,76502,101664
0.7421875,0.8745357089795311,0.4290881155584465,76521,101813
0.73828125,0.8746499959999543,0.4287619122318522,76531,101962
0.734375,0.874787140424462,0.4284786636736659,76543,102096
0.73046875,0.8749128561469274,0.4281519678301576,76554,102247
0.7265625,0.875084286677562,0.4278051860253323,76569,102412
0.72265625,0.8752214311020697,0.4275187155625276,76581,102548
0.71875,0.8753928616327044,0.42718749825714014,76596,102707
0.71484375,0.8755414347592544,0.42693617329566036,76609,102830
0.7109375,0.8756785791837621,0.42666065273439024,76621,102962
0.70703125,0.8758385810123545,0.4263326546279916,76635,103119
0.703125,0.8760900124572852,0.4260142269645437,76657,103283
0.69921875,0.8762042994777083,0.42567473779475534,76667,103440
0.6953125,0.8764214448165122,0.4253810823404114,76686,103590
0.69140625,0.8765928753471468,0.42503518824324776,76701,103757
0.6875,0.8767528771757391,0.42472207458588007,76715,103909
0.68359375,0.876970022514543,0.4243878967540692,76734,104077
0.6796875,0.8771757391513045,0.4240980898125176,76752,104225
0.67578125,0.8773357409798969,0.42381480806708954,76766,104365
0.671875,0.8774614567023623,0.42353882223141637,76777,104498
0.66796875,0.87759860112687,0.4232781192293912,76789,104626
0.6640625,0.8777928890615893,0.42292888411662677,76806,104799
0.66015625,0.8779757482942662,0.4226213725759868,76822,104953
0.65625,0.8782043223351124,0.4223178513132512,76842,105111
0.65234375,0.8783643241637047,0.42200283326561316,76856,105266
0.6484375,0.8784786111841278,0.4216387004053691,76866,105437
0.64453125,0.8786271843106779,0.4212640277047168,76879,105617
0.640625,0.8787871861392702,0.4209509210850464,76893,105772
0.63671875,0.8789357592658201,0.4206099188379165,76906,105938
0.6328125,0.8791300472005394,0.42033277779295647,76923,106082
0.62890625,0.8793129064332164,0.42007359846251285,76939,106217
0.625,0.8794729082618087,0.4197856149251289,76953,106362
0.62109375,0.8797129110046972,0.41951341806370035,76974,106510
0.6171875,0.8799186276414588,0.41924364943232867,76992,106653
0.61328125,0.8801014868741357,0.4189270054726855,77008,106814
0.609375,0.880261488702728,0.41863195369187706,77022,106963
0.60546875,0.8804214905313203,0.4183374242457154,77036,107112
0.6015625,0.8806386358701243,0.4179775646589134,77055,107297
0.59765625,0.8808557812089282,0.417677342437544,77074,107456
0.59375,0.8809929256334358,0.4173488392238392,77086,107618
0.58984375,0.8811757848661128,0.41706289318382206,77102,107767
0.5859375,0.8813586440987897,0.4167234056349901,77118,107940
0.58203125,0.8815415033314666,0.41648353428400187,77134,108069
0.578125,0.8816329329478051,0.4161784222963131,77142,108216
0.57421875,0.8818386495845667,0.4158492681139112,77160,108388
0.5703125,0.8820329375192859,0.41553330102837455,77177,108553
0.56640625,0.8822043680499205,0.415238464103971,77192,108706
0.5625,0.8822843689642167,0.4148766370910967,77199,108878
0.55859375,0.8825129430050629,0.41455191629400173,77219,109052
0.5546875,0.8826843735356975,0.41425659729671743,77234,109206
0.55078125,0.8829358049806284,0.4139150374771628,77256,109391
0.546875,0.883072949405136,0.41355612883888715,77268,109570
0.54296875,0.8831758077235169,0.413186331385308,77277,109750
0.5390625,0.8833129521480245,0.41284212550477534,77289,109923
0.53515625,0.8834729539766168,0.4125444949061004,77303,110078
0.53125,0.88373581412359,0.41222065847833506,77326,110258
0.52734375,0.8838272437399285,0.41187028328264885,77334,110429
0.5234375,0.8839758168664785,0.4115209040509912,77347,110607
0.51953125,0.884215819609367,0.41124098377211865,77368,110765
0.515625,0.8843872501400016,0.41092755147015875,77383,110930
0.51171875,0.8845929667767631,0.41063716908058784,77401,111089
0.5078125,0.8847301112012709,0.4103242289161097,77413,111250
0.50390625,0.8849243991359901,0.41001662730478805,77430,111416
0.5,0.8850615435604978,0.40977204901898534,77442,111546
0.498046875,0.8851072583686671,0.40960248788846815,77446,111630
0.49609375,0.8851529731768363,0.40943308451925314,77450,111714
0.494140625,0.8852444027931747,0.4093174167842441,77458,111779
0.4921875,0.8853358324095133,0.40918022395943376,77466,111854
0.490234375,0.8853586898135979,0.40900283516448704,77468,111939
0.48828125,0.8854272620258518,0.4088510332890043,77474,112018
0.486328125,0.8854729768340209,0.40870822079675895,77478,112090
0.484375,0.8855986925564864,0.4085744264646177,77489,112168
0.482421875,0.8857358369809941,0.40840082838428177,77501,112266
0.48046875,0.8858615527034595,0.4082651679948593,77512,112345
0.478515625,0.8859301249157133,0.40807968077153894,77518,112440
0.4765625,0.8860101258300095,0.407936140432115,77525,112517
0.474609375,0.8861129841483902,0.4077517749145412,77534,112616
0.47265625,0.8861472702545172,0.4075703577548596,77537,112705
0.470703125,0.8862615572749403,0.4074194717790025,77547,112790
0.46875,0.8863301294871941,0.4072477314737019,77553,112879
0.466796875,0.8864329878055749,0.4071004550631682,77562,112961
0.46484375,0.8865015600178288,0.4069269065518128,77568,113051
0.462890625,0.8865929896341672,0.4067960146827478,77576,113124
0.4609375,0.8866958479525481,0.4066299790356394,77585,113215
0.458984375,0.8867415627607173,0.4064208938336791,77589,113319
0.45703125,0.8867644201648018,0.4061930687886085,77591,113429
0.455078125,0.8868558497811404,0.4060436397886034,77599,113511
0.453125,0.8868901358872673,0.40588093768632905,77602,113592
0.451171875,0.8869358506954366,0.4057108801572531,77606,113678
0.44921875,0.8870387090138173,0.40555863265370107,77615,113763
0.447265625,0.8871072812260712,0.4054035703466934,77621,113845
0.4453125,0.8871415673321981,0.4052583767528793,77624,113918
0.443359375,0.8872787117567058,0.4050841620837551,77636,114018
0.44140625,0.8874158561812135,0.40491859701087807,77648,114114
0.439453125,0.8874958570955097,0.4047524731832918,77655,114203
0.4375,0.8875987154138905,0.40461590559795774,77664,114281
0.435546875,0.8876901450302289,0.40445529860810975,77672,114369
0.43359375,0.887804432050652,0.4043115742138299,77682,114452
0.431640625,0.8878958616669905,0.40411343681078604,77690,114558
0.4296875,0.8880101486874136,0.40396163144349995,77700,114645
0.427734375,0.888101578303752,0.40379958636887997,77708,114734
0.42578125,0.8882044366221328,0.4036449947542823,77717,114821
0.423828125,0.8883187236425559,0.4034664258128815,77727,114921
0.421875,0.8884101532588944,0.4033279027052829,77735,114999
0.419921875,0.8885130115772751,0.4032030536884906,77744,115072
0.41796875,0.8885701550874867,0.4030533955417315,77749,115151
0.416015625,0.8886615847038252,0.40287348579836896,77757,115249
0.4140625,0.8886844421079098,0.40269815375851264,77759,115336
0.412109375,0.888730156916079,0.4025083335058697,77763,115433
0.41015625,0.8887758717242483,0.40232703719224183,77767,115526
0.408203125,0.8888558726385445,0.40217391304347827,77774,115610
0.40625,0.8889587309569252,0.4020125695147919,77783,115701
0.404296875,0.889061589275306,0.40183686225082776,77792,115799
0.40234375,0.8891415901896021,0.4016676131963447,77799,115891
0.400390625,0.8892558772100253,0.4015036585239997,77809,115985
0.3984375,0.8893815929324906,0.401371947288341,77820,116065
0.396484375,0.8894615938467868,0.40122801229043364,77827,116145
0.39453125,0.8895073086549561,0.40108941555998745,77831,116218
0.392578125,0.88957588086721,0.4009385124937544,77837,116300
0.390625,0.8896444530794637,0.40078155569742774,77843,116385
0.388671875,0.8897130252917176,0.4005958843840212,77849,116484
0.38671875,0.8898158836100984,0.4004423185722368,77858,116572
0.384765625,0.8898615984182676,0.4002693755012235,77862,116662
0.3828125,0.8899301706305215,0.40012126755424926,77868,116743
0.380859375,0.8900558863529869,0.39995172580255856,77879,116842
0.37890625,0.8901016011611561,0.3997792777763519,77883,116932
0.376953125,0.8901473159693254,0.3996090463192891,77887,117021
0.375,0.8902387455856638,0.3994615384615385,77895,117105
0.373046875,0.8902958890958754,0.39930083909560155,77900,117191
0.37109375,0.8904101761162985,0.39917613243363714,77910,117267
0.369140625,0.89046731962651,0.39899323531972203,77915,117364
0.3671875,0.8905930353489754,0.398837155740264,77926,117457
0.365234375,0.8906387501571447,0.39868622324996034,77930,117537
0.36328125,0.8906958936673562,0.39851200368164036,77935,117630
0.361328125,0.8907758945816524,0.3983359653292039,77942,117727
0.359375,0.8908216093898216,0.39819157088122603,77946,117804
0.357421875,0.8909701825163716,0.3980505687968466,77959,117893
0.35546875,0.8910616121327101,0.3979126263141778,77967,117973
0.353515625,0.8911187556429216,0.3977574746593616,77972,118057
0.3515625,0.8911758991531332,0.3975984091372629,77977,118143
0.349609375,0.8913016148755986,0.3974538653239493,77988,118231
0.34765625,0.8913587583858101,0.39725664573241853,77993,118336
0.345703125,0.8914730454062332,0.39711138036716115,78003,118423
0.34375,0.8916216185327832,0.3970037453183521,78016,118496
0.341796875,0.8917701916593332,0.3968760172526042,78029,118579
0.33984375,0.8918616212756717,0.39671694449104505,78037,118670
0.337890625,0.8919416221899679,0.3965751162377093,78044,118751
0.3359375,0.892021623104264,0.3964092536631199,78051,118844
0.333984375,0.8921016240185602,0.3962113790600525,78058,118953
0.33203125,0.8921816249328564,0.3960398551092261,78065,119049
0.330078125,0.8922844832512371,0.3959127789046653,78074,119126
0.328125,0.8923416267614487,0.39570536601187944,78079,119237
0.326171875,0.8924444850798294,0.3955324806888692,78088,119337
0.32421875,0.892501628590041,0.39535754967725606,78093,119432
0.322265625,0.8925816295043372,0.3951789183937824,78100,119532
0.3203125,0.8926844878227179,0.39504455751003936,78109,119613
0.318359375,0.8927416313329295,0.39486215158775895,78114,119712
0.31640625,0.8928216322472257,0.3946880478550606,78121,119810
0.314453125,0.8928559183533527,0.3944859624318319,78124,119916
0.3125,0.8929016331615218,0.39429710565494963,78128,120017
0.310546875,0.8929702053737757,0.39415233588756665,78134,120099
0.30859375,0.8930044914799026,0.3939667429689312,78137,120197
0.306640625,0.8930502062880719,0.39380820868443334,78141,120283
0.3046875,0.8931073497982834,0.39362709542230817,78146,120382
0.302734375,0.8931987794146219,0.3934434482307278,78154,120487
0.30078125,0.8932444942227911,0.39328341686291085,78158,120574
0.298828125,0.8932902090309603,0.39310573750704114,78162,120670
0.296875,0.8933473525411719,0.3929609185694608,78167,120751
0.294921875,0.8934502108595527,0.39279092786405867,78176,120851
0.29296875,0.893495925667722,0.39261375905828944,78180,120947
0.291015625,0.8935416404758911,0.39243282855407596,78184,121045
0.2890625,0.8935987839861027,0.3922472609062086,78189,121147
0.287109375,0.8936787849003989,0.39207585200635775,78196,121245
0.28515625,0.8937702145167373,0.3919371328909649,78204,121328
0.283203125,0.8938387867289912,0.3917885213627688,78210,121413
0.28125,0.8939302163453297,0.39161868522505383,78218,121512
0.279296875,0.8940216459616681,0.39145294868266317,78226,121609
0.27734375,0.8941245042800489,0.3912943447751564,78235,121704
0.275390625,0.8941587903861759,0.39115088491150884,78238,121782
0.2734375,0.894238791300472,0.39099431335512047,78245,121873
0.271484375,0.8942616487045566,0.3908031625054315,78247,121974
0.26953125,0.8943416496188528,0.3906449680511182,78254,122066
0.267578125,0.8944102218311066,0.3904975275808214,78260,122151
0.265625,0.8944902227454028,0.39036299613961234,78267,122231
0.263671875,0.8945587949576567,0.3901671867367183,78273,122341
0.26171875,0.8946159384678682,0.39000353742445604,78278,122433
0.259765625,0.8946845106801221,0.38982755444011213,78284,122533
0.2578125,0.8947645115944183,0.3896722494587263,78291,122624
0.255859375,0.8949016560189259,0.3895555356556521,78303,122703
0.25390625,0.8950502291454759,0.389370323414622,78316,122819
0.251953125,0.8951530874638567,0.38916160702751584,78325,122941
0.25,0.895198802272026,0.38901525686360205,78329,123023
0.2490234375,0.8952330883781529,0.3889258512656028,78332,123074
0.248046875,0.8952559457822375,0.3888353900068501,78334,123124
0.2470703125,0.8952902318883644,0.3887557256075471,78337,123170
0.24609375,0.8953245179944914,0.3886780283297363,78340,123215
0.2451171875,0.8953702328026606,0.38861496641831766,78344,123254
0.244140625,0.8954159476108299,0.3885442237595775,78348,123297
0.2431640625,0.8954388050149145,0.38843856126521403,78350,123355
0.2421875,0.8954845198230837,0.3883659722532007,78354,123399
0.2412109375,0.8955302346312529,0.3882607101447839,78358,123460
0.240234375,0.8955873781414645,0.38817200572625904,78363,123514
0.2392578125,0.8956330929496337,0.388103385944147,78367,123556
0.23828125,0.8956673790557607,0.3880298461645104,78370,123599
0.2373046875,0.895678807757803,0.38795028042749724,78371,123642
0.236328125,0.8957359512680145,0.38787902782795464,78376,123687
0.2353515625,0.8958045234802684,0.3877974084830374,78382,123739
0.234375,0.895941667904776,0.3877186648400291,78394,123799
0.2333984375,0.8960102401170299,0.38765631103485443,78400,123841
0.232421875,0.8960445262231569,0.3875676610890037,78403,123892
0.2314453125,0.8960673836272415,0.3874626275604754,78405,123950
0.23046875,0.8960902410313261,0.38737679405153036,78407,123998
0.2294921875,0.8961359558394953,0.38730662082864087,78411,124041
0.228515625,0.8961816706476645,0.3872135340796302,78415,124096
0.2275390625,0.8962159567537915,0.3871289426005736,78418,124145
0.2265625,0.896273100264003,0.3870485346810254,78423,124195
0.2255859375,0.8963645298803415,0.3869848819767901,78431,124241
0.224609375,0.8963873872844261,0.38689739200781365,78433,124290
0.2236328125,0.8964102446885107,0.386798500838347,78435,124345
0.22265625,0.89645595949668,0.3867171515483181,78439,124394
0.2216796875,0.8965359604109762,0.38663729157733384,78446,124447
0.220703125,0.8965588178150607,0.3865595080295064,78448,124491
0.2197265625,0.8965931039211876,0.38645812807881774,78451,124549
0.21875,0.8966159613252723,0.386365203344923,78453,124601
0.2177734375,0.8966388187293569,0.38630275934059444,78455,124637
0.216796875,0.8966502474313992,0.3862087977001536,78456,124688
0.2158203125,0.8966845335375262,0.38613612874649345,78459,124731
0.21484375,0.8966959622395685,0.38604985288184296,78460,124778
0.2138671875,0.8966959622395685,0.38597009051554504,78460,124820
0.212890625,0.8967416770477377,0.38590054444318755,78464,124863
0.2119140625,0.896787391855907,0.3858215449972711,78468,124911
0.2109375,0.8968673927702031,0.3857497480767813,78475,124960
0.2099609375,0.89690167887633,0.3856810776542051,78478,125001
0.208984375,0.8969588223865416,0.38559952833664973,78483,125052
0.2080078125,0.8970045371947108,0.38553583621100407,78487,125092
0.20703125,0.8970616807049223,0.38545815265698585,78492,125141
0.2060546875,0.8970616807049223,0.38535974666764855,78492,125193
0.205078125,0.8971073955130916,0.3852980444514254,78496,125232
0.2041015625,0.8971531103212608,0.38520990259341953,78500,125285
0.203125,0.8972216825335146,0.3851240642445768,78506,125340
0.2021484375,0.8972673973416839,0.38506246045642484,78510,125379
0.201171875,0.8973131121498531,0.3849669036528561,78514,125436
0.2001953125,0.8973588269580224,0.3848827234626602,78518,125487
0.19921875,0.8974045417661917,0.38479481726142056,78522,125540
0.1982421875,0.897415970468234,0.38472053462940464,78523,125581
0.197265625,0.8974731139784454,0.3846621078825166,78528,125620
0.1962890625,0.8974959713825301,0.3845438163513143,78530,125686
0.1953125,0.8975416861906993,0.3844749171411367,78534,125729
0.1943359375,0.8975531148927416,0.38438948465819267,78535,125776
0.193359375,0.8975874009988686,0.3843101178796346,78538,125823
0.1923828125,0.8976331158070378,0.38422440403684627,78542,125875
0.19140625,0.8976902593172493,0.38415302149969677,78547,125921
0.1904296875,0.8977245454233763,0.3840887976138086,78550,125960
0.189453125,0.8977702602315455,0.38400883835297683,78554,126009
0.1884765625,0.8978388324437994,0.3839405713168634,78560,126055
0.1875,0.8978388324437994,0.38382239419966974,78560,126118
0.1865234375,0.8978731185499262,0.38373581071840257,78563,126169
0.185546875,0.8979416907621801,0.38367329000249045,78569,126212
0.1845703125,0.8979874055703494,0.3836085262613145,78573,126253
0.18359375,0.8980216916764763,0.38352206169465053,78576,126304
0.1826171875,0.8981359786968994,0.3834436052071745,78586,126362
0.181640625,0.8981816935050686,0.38335463352292126,78590,126416
0.1806640625,0.8982502657173225,0.3832848107130143,78596,126463
0.1796875,0.8982616944193648,0.3832224091274775,78597,126498
0.1787109375,0.8982959805254918,0.38313429198147697,78600,126550
0.177734375,0.8983645527377456,0.3830739091024279,78606,126592
0.1767578125,0.8983988388438725,0.3829914738124239,78609,126641
0.17578125,0.8984102675459148,0.3829012035986186,78610,126691
0.1748046875,0.8984674110561264,0.38282486425945317,78615,126740
0.173828125,0.898490268460211,0.3827544572001675,78617,126781
0.1728515625,0.898524554566338,0.38264424597863383,78620,126845
0.171875,0.8985588406724648,0.38257505717483337,78623,126887
0.1708984375,0.8985816980765494,0.3824731235102398,78625,126945
0.169921875,0.8985931267785917,0.38236266728913787,78626,127006
0.1689453125,0.8986159841826764,0.38228501694387856,78628,127051
0.16796875,0.8986731276928879,0.382203406307112,78633,127103
0.1669921875,0.8987188425010572,0.38212069526850057,78637,127154
0.166015625,0.8987416999051417,0.38202088899684233,78639,127211
0.1650390625,0.8987416999051417,0.3819392502938405,78639,127255
0.1640625,0.8987759860112687,0.3818314235773937,78642,127318
0.1630859375,0.8988331295214802,0.381729667812142,78647,127381
0.162109375,0.8988559869255649,0.381643051242236,78649,127431
0.1611328125,0.8988902730316918,0.38156503177606366,78652,127478
0.16015625,0.8989817026480302,0.381492797904845,78660,127530
0.1591796875,0.8990159887541572,0.3814111577661194,78663,127579
0.158203125,0.8990617035623264,0.3813344062357606,78667,127627
0.1572265625,0.8991417044766226,0.3812574507884509,78674,127680
0.15625,0.8992217053909187,0.38116392068713273,78681,127742
0.1552734375,0.8992559914970457,0.38108614685697406,78684,127789
0.154296875,0.8992902776031726,0.3810047209780898,78687,127838
0.1533203125,0.8993359924113419,0.3809263329105713,78691,127887
0.15234375,0.8993474211133842,0.38082056543326975,78692,127946
0.1513671875,0.899381707219511,0.38073006120128694,78695,128000
0.150390625,0.8994502794317649,0.380661481610463,78701,128047
0.1494140625,0.8994731368358495,0.3805662338918305,78703,128102
0.1484375,0.8994959942399342,0.38047471720003867,78705,128155
0.1474609375,0.8995302803460611,0.38039543571873896,78708,128203
0.146484375,0.8995759951542304,0.38030999961346684,78712,128256
0.1455078125,0.8996445673664842,0.3802177420133891,78718,128316
0.14453125,0.8996674247705688,0.38013559714898304,78720,128364
0.1435546875,0.8997017108766957,0.3800326336725433,78723,128425
0.142578125,0.899747425684865,0.3799602312763637,78727,128471
0.1416015625,0.8997931404930342,0.3798750331716967,78731,128524
0.140625,0.8998274265991612,0.37978322632927025,78734,128579
0.1396484375,0.8998502840032457,0.37968298669547146,78736,128637
0.138671875,0.8998845701093727,0.3795876258840204,78739,128694
0.1376953125,0.8999074275134573,0.3794838429841683,78741,128754
0.13671875,0.8999302849175419,0.37938377779383775,78743,128812
0.1357421875,0.8999759997257112,0.3793153278131819,78747,128856
0.134765625,0.9000217145338804,0.37923047288837525,78751,128909
0.1337890625,0.9000331432359227,0.3791476495849943,78752,128956
0.1328125,0.9001131441502188,0.37907914749427235,78759,129005
0.1318359375,0.9001360015543035,0.378964740752146,78761,129071
0.130859375,0.900227431170642,0.3789084297011795,78769,129115
0.1298828125,0.9002502885747266,0.3788196481643567,78771,129167
0.12890625,0.9002960033828958,0.3787241407493233,78775,129226
0.1279296875,0.9003188607869804,0.37862817758424294,78777,129282
0.126953125,0.9003531468931073,0.37856799615569436,78780,129320
0.1259765625,0.9003645755951497,0.37846368178324363,78781,129379
0.125,0.9003988617012766,0.3784053794428434,78784,129416
0.12451171875,0.9004102904033189,0.3783720181922092,78785,129436
0.1240234375,0.9004331478074035,0.3783271148757989,78787,129464
0.12353515625,0.9004445765094459,0.378273790947893,78788,129495
0.123046875,0.900490291317615,0.3782603059994911,78792,129509
0.12255859375,0.9005131487216996,0.37820091293516817,78794,129545
0.1220703125,0.9005817209339535,0.3781770713353298,78800,129568
0.12158203125,0.9006388644441651,0.37814117974481887,78805,129596
0.12109375,0.9006502931462074,0.37808792273776226,78806,129627
0.12060546875,0.9006617218482497,0.3780455629164488,78807,129652
0.1201171875,0.900673150550292,0.37799777445224664,78808,129680
0.11962890625,0.900673150550292,0.37793795349149484,78808,129713
0.119140625,0.9006845792523344,0.37789019419803405,78809,129741
0.11865234375,0.9006960079543767,0.3778623758198765,78810,129758
0.1181640625,0.9007302940605035,0.3778296595299961,78813,129781
0.11767578125,0.9007760088686728,0.37780898876404495,78817,129799
0.1171875,0.900821723676842,0.3777919438639544,78821,129815
0.11669921875,0.900856009782969,0.37775562626998427,78824,129840
0.1162109375,0.9008674384850113,0.3777097349203611,78825,129867
0.11572265625,0.9008788671870536,0.37766566532035895,78826,129893
0.115234375,0.9009131532931804,0.3776239520958084,78829,129921
0.11474609375,0.9009474393993074,0.3775894854318244,78832,129945
0.1142578125,0.9009474393993074,0.37753704395467563,78832,129974
0.11376953125,0.900970296803392,0.377508655489951,78834,129993
0.11328125,0.9009931542074766,0.3774694284045314,78836,130018
0.11279296875,0.9010160116115613,0.3774175634789935,78838,130050
0.1123046875,0.9010160116115613,0.37735253010664166,78838,130086
0.11181640625,0.9010731551217728,0.37732408723492844,78843,130110
0.111328125,0.9011188699299421,0.37729267253960885,78847,130134
0.11083984375,0.9011302986319843,0.3772378883711139,78848,130166
0.1103515625,0.9011531560360689,0.37719512253459814,78850,130193
0.10986328125,0.9011531560360689,0.37715903818466207,78850,130213
0.109375,0.9011760134401536,0.3771090790832919,78852,130244
0.10888671875,0.9011988708442382,0.37707536342769704,78854,130266
0.1083984375,0.9012217282483228,0.37703804997465884,78856,130290
0.10791015625,0.9012674430564921,0.37699408646100746,78860,130321
0.107421875,0.901301729162619,0.37697418738049715,78863,130337
0.10693359375,0.9013131578646613,0.3769447325529708,78864,130355
0.1064453125,0.901336015268746,0.3768948444937205,78866,130386
0.10595703125,0.9013588726728305,0.37685757700283834,78868,130410
0.10546875,0.9013817300769151,0.37680951698437726,78870,130440
0.10498046875,0.9013931587789574,0.3767674934077273,78871,130465
0.1044921875,0.9014045874809998,0.3767344774714961,78872,130485
0.10400390625,0.9014045874809998,0.3766733049653519,78872,130519
0.103515625,0.9014160161830421,0.37662412079017865,78873,130548
0.10302734375,0.9014388735871267,0.3765887149909762,78875,130571
0.1025390625,0.901450302289169,0.3765575320099682,78876,130590
0.10205078125,0.9014731596932536,0.37652753379668524,78878,130610
0.1015625,0.9015074457993806,0.376478954577779,78881,130642
0.10107421875,0.9015417319055075,0.3764375769491396,78884,130670
0.1005859375,0.9015645893095922,0.3763950320398124,78886,130697
0.10009765625,0.9016103041177613,0.3763512675438178,78890,130728
0.099609375,0.9016445902238883,0.37631890252046324,78893,130751
0.09912109375,0.9016903050320575,0.37628952024838913,78897,130774
0.0986328125,0.9017360198402268,0.3762511742798148,78901,130802
0.09814453125,0.9017474485422691,0.3762128862759683,78902,130825
0.09765625,0.9018045920524806,0.3761918837484267,78907,130845
0.09716796875,0.9018160207545229,0.37615540460016683,78908,130867
0.0966796875,0.9018503068606498,0.3761141244768977,78911,130895
0.09619140625,0.9018731642647344,0.3760806367059048,78913,130917
0.095703125,0.9018960216688191,0.3760310297670385,78915,130948
0.09521484375,0.9019188790729037,0.3759939777692018,78917,130972
0.0947265625,0.9019531651790306,0.37593483542133094,78920,131010
0.09423828125,0.9019531651790306,0.3758972331639287,78920,131031
0.09375,0.9019760225831153,0.3758476836330387,78922,131062
0.09326171875,0.9019874512851576,0.37580054568050547,78923,131090
0.0927734375,0.9019988799871999,0.37572301115400913,78924,131135
0.09228515625,0.9019988799871999,0.3756693591763491,78924,131165
0.091796875,0.9020331660933267,0.3756192742415229,78927,131198
0.09130859375,0.9020560234974114,0.3755805321862271,78929,131223
0.0908203125,0.9020674521994537,0.37554061576671094,78930,131247
0.09033203125,0.902078880901496,0.3754935634567995,78931,131275
0.08984375,0.9021360244117076,0.3754619786241242,78936,131301
0.08935546875,0.9021360244117076,0.3754191219484355,78936,131325
0.0888671875,0.9021360244117076,0.37536377988701425,78936,131356
0.08837890625,0.9021360244117076,0.37530310090050684,78936,131390
0.087890625,0.9021474531137499,0.3752436276513819,78937,131425
0.08740234375,0.9021703105178345,0.37518714442559137,78939,131460
0.0869140625,0.9022160253260038,0.3751348371737178,78943,131496
0.08642578125,0.902227454028046,0.37510037489131004,78944,131517
0.0859375,0.9022388827300883,0.3750445378750089,78945,131550
0.08544921875,0.9022617401341729,0.37499881249821876,78947,131579
0.0849609375,0.9022617401341729,0.37496319094164693,78947,131599
0.08447265625,0.9022617401341729,0.37489908919090903,78947,131635
0.083984375,0.9022617401341729,0.3748599266870525,78947,131657
0.08349609375,0.9023074549423422,0.3748059531439151,78951,131694
0.0830078125,0.9023417410484691,0.3747668209327163,78954,131721
0.08251953125,0.9023531697505114,0.37472710014238253,78955,131745
0.08203125,0.9023874558566384,0.3746915454994116,78958,131770
0.08154296875,0.90244459936685,0.3746494911394207,78963,131802
0.0810546875,0.9024674567709345,0.37462520874449673,78965,131819
0.08056640625,0.9025131715791037,0.3746068641635635,78969,131836
0.080078125,0.9025817437913576,0.3745855724673082,78975,131858
0.07958984375,0.9026046011954423,0.3745346592876078,78977,131890
0.0791015625,0.9026388873015692,0.3744920554388594,78980,131919
0.07861328125,0.902673173407696,0.3744618914869811,78983,131941
0.078125,0.9027303169179076,0.3744252410432408,78988,131970
0.07763671875,0.9027417456199499,0.37438738849759695,78989,131993
0.0771484375,0.9027531743219922,0.3743477704531129,78990,132017
0.07666015625,0.9027874604281192,0.3743176390310474,78993,132039
0.076171875,0.9027874604281192,0.3742520218506744,78993,132076
0.07568359375,0.9028103178322038,0.37421894615169615,78995,132098
0.0751953125,0.9028217465342461,0.37418114126290164,78996,132121
0.07470703125,0.9028560326403731,0.37415458937198065,78999,132141
0.07421875,0.9028560326403731,0.37411737962976116,78999,132162
0.07373046875,0.9028674613424154,0.37407251324642854,79000,132189
0.0732421875,0.9028788900444576,0.37402765875852795,79001,132216
0.07275390625,0.9029017474485422,0.37398577961239504,79003,132243
0.072265625,0.9029131761505845,0.3739320992621131,79004,132275
0.07177734375,0.9029246048526269,0.3739067469332122,79005,132291
0.0712890625,0.9029474622567115,0.3738542854574104,79007,132324
0.07080078125,0.9029588909587538,0.37380595284844415,79008,132353
0.0703125,0.9029703196607961,0.37376824277976206,79009,132376
0.06982421875,0.9029931770648807,0.37371759397215953,79011,132408
0.0693359375,0.9030160344689654,0.37367933183886193,79013,132433
0.06884765625,0.9030274631710077,0.37363458392048193,79014,132460
0.068359375,0.90303889187305,0.37359867988671236,79015,132482
0.06787109375,0.90303889187305,0.37355099184962465,79015,132509
0.0673828125,0.90303889187305,0.373489192140254,79015,132544
0.06689453125,0.9030503205750923,0.37344625825905303,79016,132570
0.06640625,0.9030731779791769,0.37339570929023724,79018,132602
0.06591796875,0.9031074640853038,0.37336401349423093,79021,132625
0.0654296875,0.9031188927873461,0.37332640430859354,79022,132648
0.06494140625,0.9031303214893884,0.3732905670003259,79023,132670
0.064453125,0.9031303214893884,0.37324825120325716,79023,132694
0.06396484375,0.9031646075955154,0.37319015102144903,79026,132732
0.0634765625,0.9031988937016423,0.37316378711971326,79029,132752
0.06298828125,0.9031988937016423,0.3731091722848564,79029,132783
0.0625,0.9032103224036846,0.3730557719087068,79030,132815
0.062255859375,0.9032103224036846,0.3730364020844347,79030,132826
0.06201171875,0.9032103224036846,0.3730170342715005,79030,132837
0.061767578125,0.9032103224036846,0.37299414763073435,79030,132850
0.0615234375,0.9032217511057269,0.3729777433787024,79031,132861
0.061279296875,0.9032217511057269,0.3729566218665056,79031,132873
0.06103515625,0.9032217511057269,0.3729302233400497,79031,132888
0.060791015625,0.9032331798077692,0.3729067874584189,79032,132903
0.060546875,0.9032446085098116,0.3728815958330188,79033,132919
0.060302734375,0.9032560372118539,0.37286696263027036,79034,132929
0.06005859375,0.9032560372118539,0.3728476133865474,79034,132940
0.059814453125,0.9032674659138962,0.3728189138320605,79035,132958
0.0595703125,0.9032788946159385,0.37280076978953425,79036,132970
0.059326171875,0.903301752020023,0.37278031156997116,79038,132985
0.05908203125,0.9033246094241077,0.3727580986695969,79040,133001
0.058837890625,0.9033246094241077,0.37273700442813823,79040,133013
0.05859375,0.90333603812615,0.3727100829439197,79041,133030
0.058349609375,0.90333603812615,0.3726995383752128,79041,133036
0.05810546875,0.90333603812615,0.3726749367016988,79041,133050
0.057861328125,0.90333603812615,0.3726450676070681,79041,133067
0.0576171875,0.9033474668281923,0.37261816090436817,79042,133084
0.057373046875,0.9033588955302346,0.3726000405394576,79043,133096
0.05712890625,0.9033588955302346,0.3725859899032275,79043,133104
0.056884765625,0.9033817529343192,0.3725708306427666,79045,133116
0.056640625,0.9033931816363615,0.37255096029221163,79046,133129
0.056396484375,0.9034160390404462,0.37252878275909196,79048,133145
0.05615234375,0.9034160390404462,0.3725129829125079,79048,133154
0.055908203125,0.9034388964445308,0.37250134298396903,79050,133164
0.0556640625,0.9034731825506577,0.372482130488661,79053,133180
0.055419921875,0.9034731825506577,0.37246633559804376,79053,133189
0.05517578125,0.9034731825506577,0.372452296819788,79053,133197
0.054931640625,0.9034846112527001,0.37243068805502555,79054,133211
0.0546875,0.9034846112527001,0.3724008630029866,79054,133228
0.054443359375,0.9035074686567847,0.372378709373528,79056,133244
0.05419921875,0.903518897358827,0.37236061852076885,79057,133256
0.053955078125,0.9035303260608692,0.37233726904944686,79058,133271
0.0537109375,0.9035531834649538,0.3723168790558805,79060,133286
0.053466796875,0.9035646121669962,0.37229704275758146,79061,133299
0.05322265625,0.9035760408690385,0.37227370324330433,79062,133314
0.052978515625,0.9036103269751654,0.37225803110271993,79065,133328
0.052734375,0.9036103269751654,0.3722457627118644,79065,133335
0.052490234375,0.9036103269751654,0.3722334951296332,79065,133342
0.05224609375,0.9036217556772077,0.3722206791358507,79066,133351
0.052001953125,0.90363318437925,0.3722026079179024,79067,133363
0.0517578125,0.90363318437925,0.37218333560847483,79067,133374
0.051513671875,0.90363318437925,0.3721623135469963,79067,133386
0.05126953125,0.9036560417833347,0.37215245876948566,79069,133395
0.051025390625,0.903667470485377,0.3721431529801574,79070,133402
0.05078125,0.9037131852935462,0.372139209826576,79074,133411
0.050537109375,0.9037131852935462,0.3721199457872148,79074,133422
0.05029296875,0.9037246139955886,0.3720931326877288,79075,133439
0.050048828125,0.9037360426976309,0.37208208052775466,79076,133447
0.0498046875,0.9037360426976309,0.37206282288951414,79076,133458
0.049560546875,0.9037589001017154,0.3720389738088853,79078,133475
0.04931640625,0.9037589001017154,0.3720144707315811,79078,133489
0.049072265625,0.9037703288037577,0.37199992473350957,79079,133499
0.048828125,0.9037703288037577,0.3719701780380536,79079,133516
0.048583984375,0.9037703288037577,0.3719526822040874,79079,133526
0.04833984375,0.9037817575058,0.37194164071980207,79080,133534
0.048095703125,0.9037931862078423,0.37192185413021805,79081,133547
0.0478515625,0.9038046149098847,0.37190731709611125,79082,133557
0.047607421875,0.9038274723139693,0.37188699119705065,79084,133572
0.04736328125,0.9038389010160116,0.37186896068538433,79085,133584
0.047119140625,0.9038389010160116,0.3718462305225642,79085,133597
0.046875,0.9038617584200962,0.37182591361501466,79087,133612
0.046630859375,0.9038617584200962,0.3718101810933298,79087,133621
0.04638671875,0.9038617584200962,0.37179444990292265,79087,133630
0.046142578125,0.9038846158241809,0.3717776357106594,79089,133643
0.0458984375,0.9038960445262232,0.37175437606934025,79090,133658
0.045654296875,0.9039189019303078,0.3717375671521834,79092,133671
0.04541015625,0.9039417593343924,0.3717172666604004,79094,133686
0.045166015625,0.9039417593343924,0.37170329153899656,79094,133694
0.044921875,0.9039417593343924,0.371680584207781,79094,133707
0.044677734375,0.9039646167384771,0.3716585455246007,79096,133723
0.04443359375,0.9039646167384771,0.37164457517138333,79096,133731
0.044189453125,0.9039646167384771,0.37161139979139846,79096,133750
0.0439453125,0.9039760454405193,0.3716056226861857,79097,133755
0.043701171875,0.9039874741425616,0.3715876259601156,79098,133767
0.04345703125,0.9040103315466462,0.37156211099889613,79100,133785
0.043212890625,0.9040103315466462,0.37153593236261157,79100,133800
0.04296875,0.9040217602486885,0.3715109643663963,79101,133816
0.042724609375,0.9040446176527732,0.37149418593729455,79103,133829
0.04248046875,0.9040560463548155,0.3714709694385484,79104,133844
0.042236328125,0.9040560463548155,0.37145178179837435,79104,133855
0.0419921875,0.9040674750568578,0.3714320594629366,79105,133868
0.041748046875,0.9041017611629847,0.37142172996473966,79108,133879
0.04150390625,0.9041017611629847,0.37138336877784506,79108,133901
0.041259765625,0.904113189865027,0.3713723722877879,79109,133909
0.041015625,0.9041360472691117,0.37136432769401206,79111,133917
0.040771484375,0.9041360472691117,0.3713312086065516,79111,133936
0.04052734375,0.904147475971154,0.37131673065550225,79112,133946
0.040283203125,0.904147475971154,0.37129059054877905,79112,133961
0.0400390625,0.9041931907793231,0.371283225709566,79116,133972
0.039794921875,0.9042160481834078,0.3712664767741421,79118,133985
0.03955078125,0.9042389055874924,0.371249730196417,79120,133998
0.039306640625,0.904261762991577,0.371232985975893,79122,134011
0.0390625,0.904261762991577,0.3712155688903694,79122,134021
0.038818359375,0.904261762991577,0.3711894463261993,79122,134036
0.03857421875,0.9042846203956617,0.37117270948947567,79124,134049
0.038330078125,0.904296049097704,0.37116347141630823,79125,134056
0.0380859375,0.904296049097704,0.3711356163548268,79125,134072
0.037841796875,0.9043074777997463,0.37110897450929814,79126,134089
0.03759765625,0.9043417639058732,0.3710882359837738,79129,134106
0.037353515625,0.9043760500120002,0.3710518418486008,79132,134132
0.037109375,0.9043760500120002,0.37103618367069435,79132,134141
0.036865234375,0.9043989074160848,0.3710142481398653,79134,134157
0.03662109375,0.9043989074160848,0.3709968542107163,79134,134167
0.036376953125,0.9043989074160848,0.37096033226765174,79134,134188
0.0361328125,0.9043989074160848,0.3709272948003431,79134,134207
0.035888671875,0.9043989074160848,0.37090469360780676,79134,134220
0.03564453125,0.904410336118127,0.37089199677546353,79135,134229
0.035400390625,0.9044217648201693,0.37087234860201146,79136,134242
0.03515625,0.9044217648201693,0.37083932763815797,79136,134261
0.034912109375,0.9044217648201693,0.37081673773487656,79136,134274
0.03466796875,0.9044331935222116,0.3707936240195665,79137,134289
0.034423828125,0.904444622224254,0.3707566174748185,79138,134312
0.0341796875,0.9044789083303809,0.3707394082485431,79141,134327
0.033935546875,0.9044789083303809,0.3707168319428895,79141,134340
0.03369140625,0.9044903370324232,0.3706937334014061,79142,134355
0.033447265625,0.9045131944365078,0.37068226632132606,79144,134365
0.033203125,0.9045131944365078,0.3706544901065449,79144,134381
0.032958984375,0.9045360518405925,0.37064302673541355,79146,134391
0.03271484375,0.9045703379467194,0.37062930513736636,79149,134404
0.032470703125,0.9045817666487617,0.3706096915721998,79150,134417
0.0322265625,0.904593195350804,0.3705952860313328,79151,134427
0.031982421875,0.9046046240528464,0.37056006292105376,79152,134449
0.03173828125,0.9046046240528464,0.3705288387268923,79152,134467
0.031494140625,0.9046046240528464,0.3704958855634297,79152,134486
0.03125,0.9046046240528464,0.37046987404810605,79152,134501
0.0311279296875,0.9046160527548887,0.37046068304463614,79153,134508
0.031005859375,0.904627481456931,0.37045322650092666,79154,134514
0.0308837890625,0.904627481456931,0.3704410904410904,79154,134521
0.03076171875,0.904627481456931,0.3704289551763836,79154,134528
0.0306396484375,0.9046389101589732,0.37042670086014057,79155,134531
0.030517578125,0.9046503388610155,0.37042097972783256,79156,134536
0.0303955078125,0.9046617675630578,0.3704048590573878,79157,134547
0.0302734375,0.9046617675630578,0.3703875272560525,79157,134557
0.0301513671875,0.9046617675630578,0.37036673123532,79157,134569
0.030029296875,0.9046731962651001,0.3703488834513121,79158,134581
0.0299072265625,0.9046731962651001,0.37034022007635303,79158,134586
0.02978515625,0.9046731962651001,0.3703194296300455,79158,134598
0.0296630859375,0.9046731962651001,0.3703038383271349,79158,134607
0.029541015625,0.9046846249671425,0.3702911940123962,79159,134616
0.0294189453125,0.9047074823712271,0.3702849605208996,79161,134623
0.029296875,0.9047189110732694,0.3702740501326049,79162,134631
0.0291748046875,0.9047189110732694,0.3702688544219723,79162,134634
0.029052734375,0.9047189110732694,0.3702515364395761,79162,134644
0.0289306640625,0.9047189110732694,0.37023941481575023,79162,134651
0.02880859375,0.9047189110732694,0.3702324885299111,79162,134655
0.0286865234375,0.9047189110732694,0.3702238310370308,79162,134660
0.028564453125,0.9047189110732694,0.37020997989056725,79162,134668
0.0284423828125,0.9047189110732694,0.3701978609875746,79162,134675
0.0283203125,0.9047189110732694,0.37018228070667675,79162,134684
0.0281982421875,0.9047189110732694,0.37017189458129923,79162,134690
0.028076171875,0.9047303397753117,0.3701661850386705,79163,134695
0.0279541015625,0.904741768477354,0.37015874500268864,79164,134701
0.02783203125,0.904741768477354,0.37014662975985635,79164,134708
0.0277099609375,0.904741768477354,0.3701397071200135,79164,134712
0.027587890625,0.904741768477354,0.3701310541843362,79164,134717
0.0274658203125,0.904741768477354,0.3701172103287219,79164,134725
0.02734375,0.904741768477354,0.37010855844483714,79164,134730
0.0272216796875,0.904741768477354,0.3700964464869262,79164,134737
0.027099609375,0.904741768477354,0.3700843353217271,79164,134744
0.0269775390625,0.9047531971793963,0.37007862972970446,79165,134749
0.02685546875,0.9047646258814387,0.37006773465218795,79166,134757
0.0267333984375,0.9047646258814387,0.370052166108857,79166,134766
0.026611328125,0.9047646258814387,0.37004870661045,79166,134768
0.0264892578125,0.9047646258814387,0.37003659887539087,79166,134775
0.0263671875,0.9047646258814387,0.3700210329516242,79166,134784
0.0262451171875,0.9047646258814387,0.3700071976743099,79166,134792
0.026123046875,0.9047646258814387,0.36999336343157324,79166,134800
0.0260009765625,0.904776054583481,0.36997901643634595,79167,134810
0.02587890625,0.9047989119875656,0.3699745309250648,79169,134816
0.0257568359375,0.9047989119875656,0.3699606996490539,79169,134824
0.025634765625,0.9047989119875656,0.3699520556266881,79169,134829
0.0255126953125,0.9048217693916502,0.36994411423872003,79171,134837
0.025390625,0.9048331980936924,0.36994187241836907,79172,134840
0.0252685546875,0.9048560554977771,0.36994084609705724,79174,134844
0.025146484375,0.9048560554977771,0.36993220354821676,79174,134849
0.0250244140625,0.9048560554977771,0.3699166479778725,79174,134858
0.02490234375,0.9048560554977771,0.36991146307846845,79174,134861
0.0247802734375,0.9048560554977771,0.3699062783244097,79174,134864
0.024658203125,0.9048560554977771,0.36989936554507996,79174,134868
0.0245361328125,0.9048560554977771,0.3698855407615043,79174,134876
0.0244140625,0.9048560554977771,0.369875172851964,79174,134882
0.0242919921875,0.9048789129018617,0.3698655093965908,79176,134891
0.024169921875,0.9048789129018617,0.3698534151741921,79176,134898
0.0240478515625,0.904890341603904,0.3698425377073378,79177,134906
0.02392578125,0.904890341603904,0.3698339000784724,79177,134911
0.0238037109375,0.904890341603904,0.36983044513989444,79177,134913
0.023681640625,0.904890341603904,0.3698218080758542,79177,134918
0.0235595703125,0.904890341603904,0.3698166260310699,79177,134921
0.0234375,0.904890341603904,0.3698062623771625,79177,134927
0.0233154296875,0.904890341603904,0.36978208277678665,79177,134941
0.023193359375,0.904890341603904,0.3697682672818808,79177,134949
0.0230712890625,0.904890341603904,0.36976308673743397,79177,134952
0.02294921875,0.9049131990079886,0.3697586124770591,79179,134958
0.0228271484375,0.904924627710031,0.3697511954572624,79180,134964
0.022705078125,0.904924627710031,0.36973392978884356,79180,134974
0.0225830078125,0.904924627710031,0.3697166657328029,79180,134984
0.0224609375,0.904924627710031,0.3697063080730261,79180,134990
0.0223388671875,0.904924627710031,0.3696994032889146,79180,134994
0.022216796875,0.904924627710031,0.3696873205373026,79180,135001
0.0220947265625,0.904924627710031,0.3696786904839719,79180,135006
0.02197265625,0.904924627710031,0.3696717867314067,79180,135010
0.0218505859375,0.9049360564120733,0.3696643743843284,79181,135016
0.021728515625,0.9049360564120733,0.36964539139527935,79181,135027
0.0216064453125,0.9049360564120733,0.3696402145548081,79181,135030
0.021484375,0.9049360564120733,0.36963331232640106,79181,135034
0.0213623046875,0.9049360564120733,0.3696229594670924,79181,135040
0.021240234375,0.9049474851141156,0.36961037384878936,79182,135049
0.0211181640625,0.9049703425182002,0.36960245704603695,79184,135057
0.02099609375,0.9049817712202425,0.36958987355951667,79185,135066
0.0208740234375,0.9049817712202425,0.3695795236561699,79185,135072
0.020751953125,0.9049817712202425,0.3695674495015495,79185,135079
0.0206298828125,0.9049931999222848,0.36956349261909094,79186,135083
0.0205078125,0.9049931999222848,0.3695514196643581,79186,135090
0.0203857421875,0.9049931999222848,0.3695341739544347,79186,135100
0.020263671875,0.9050046286243272,0.3695284938308476,79187,135105
0.0201416015625,0.9050160573263695,0.3695228140253292,79188,135110
0.02001953125,0.9050160573263695,0.3695159167903239,79188,135114
0.0198974609375,0.9050160573263695,0.3695072956086362,79188,135119
0.019775390625,0.9050160573263695,0.3694969507216081,79188,135125
0.0196533203125,0.9050274860284118,0.36948265243276535,79189,135135
0.01953125,0.9050274860284118,0.36946369001796253,79189,135146
0.0194091796875,0.9050274860284118,0.3694533477029593,79189,135152
0.019287109375,0.9050274860284118,0.3694447295494201,79189,135157
0.0191650390625,0.9050274860284118,0.36942404762126907,79189,135169
0.01904296875,0.9050274860284118,0.36941198423250066,79189,135176
0.0189208984375,0.9050274860284118,0.369405091221212,79189,135180
0.018798828125,0.9050274860284118,0.36940164481203147,79189,135182
0.0186767578125,0.9050274860284118,0.36938269071097385,79189,135193
0.0185546875,0.9050389147304541,0.3693770173703752,79190,135198
0.0184326171875,0.9050617721345386,0.3693742857809184,79192,135203
0.018310546875,0.9050617721345386,0.36935878061976457,79192,135212
0.0181884765625,0.9050617721345386,0.36934327676027107,79192,135221
0.01806640625,0.9050732008365809,0.36933243790282716,79193,135229
0.0179443359375,0.9050732008365809,0.3693152141471422,79193,135239
0.017822265625,0.9050732008365809,0.3693031584739716,79193,135246
0.0177001953125,0.9050732008365809,0.3692842154348333,79193,135257
0.017578125,0.9050732008365809,0.3692687180300197,79193,135266
0.0174560546875,0.9050732008365809,0.3692532219258817,79193,135275
0.017333984375,0.9050732008365809,0.3692480568468464,79193,135278
0.0172119140625,0.9050846295386233,0.36924238962685973,79194,135283
0.01708984375,0.9051074869427079,0.369231056138077,79196,135293
0.0169677734375,0.9051074869427079,0.3692172850902344,79196,135301
0.016845703125,0.9051189156447502,0.36920129225347187,79197,135312
0.0167236328125,0.9051189156447502,0.3691926867244096,79197,135317
0.0166015625,0.9051303443467925,0.3691870221890733,79198,135322
0.0164794921875,0.9051417730488348,0.36917791616945106,79199,135329
0.016357421875,0.9051417730488348,0.36916414960659283,79199,135337
0.0162353515625,0.9051532017508771,0.36915160385185464,79200,135346
0.01611328125,0.9051532017508771,0.3691481626489177,79200,135348
0.0159912109375,0.9051760591549618,0.369143720054438,79202,135354
0.015869140625,0.9051760591549618,0.36912995656307673,79202,135362
0.0157470703125,0.9051760591549618,0.36911447386204227,79202,135371
0.015625,0.9051760591549618,0.36910415278289116,79202,135377
0.01556396484375,0.9051760591549618,0.36910071255143745,79202,135379
0.0155029296875,0.9051874878570041,0.3690916123380043,79203,135386
0.01544189453125,0.9051874878570041,0.36908645243065913,79203,135389
0.015380859375,0.9051989165590464,0.3690876725351128,79204,135390
0.01531982421875,0.9051989165590464,0.3690807929244448,79204,135394
0.0152587890625,0.9051989165590464,0.36907735321528423,79204,135396
0.01519775390625,0.9051989165590464,0.36906703447247513,79204,135402
0.01507568359375,0.9051989165590464,0.3690549966684218,79204,135409
0.0150146484375,0.9051989165590464,0.36905327704623186,79204,135410
0.01495361328125,0.9051989165590464,0.3690378011676288,79204,135419
0.014892578125,0.9052103452610887,0.3690321438389034,79205,135424
0.01483154296875,0.9052103452610887,0.3690269857244027,79205,135427
0.0147705078125,0.9052103452610887,0.3690201084626996,79205,135431
0.01470947265625,0.9052103452610887,0.3690063547082611,79205,135439
0.0146484375,0.9052103452610887,0.368999478215497,79205,135443
0.01458740234375,0.9052103452610887,0.36899604006522246,79205,135445
0.01446533203125,0.9052103452610887,0.36899088295994,79205,135448
0.014404296875,0.9052103452610887,0.3689891639568794,79205,135449
0.01434326171875,0.9052103452610887,0.3689788502748533,79205,135455
0.0142822265625,0.9052103452610887,0.36897369365004684,79205,135458
0.01422119140625,0.9052103452610887,0.3689702559802483,79205,135460
0.01416015625,0.9052103452610887,0.36896166208599246,79205,135465
0.01409912109375,0.9052103452610887,0.3689582246403816,79205,135467
0.0140380859375,0.9052103452610887,0.3689530685920578,79205,135470
0.01397705078125,0.9052103452610887,0.36894963130656755,79205,135472
0.013916015625,0.9052103452610887,0.36894791268783944,79205,135473
0.01385498046875,0.9052103452610887,0.36894447549841625,79205,135475
0.0137939453125,0.9052103452610887,0.3689358828050399,79205,135480
0.01373291015625,0.9052103452610887,0.36893244583975743,79205,135482
0.013671875,0.9052103452610887,0.36892557210129906,79205,135486
0.01361083984375,0.9052103452610887,0.3689221353281197,79205,135488
0.0135498046875,0.9052103452610887,0.3689152619738515,79205,135492
0.01348876953125,0.9052103452610887,0.3689118253927592,79205,135494
0.013427734375,0.905221773963131,0.3689078917952157,79206,135498
0.01336669921875,0.9052332026651733,0.3689039583808783,79207,135502
0.0133056640625,0.9052332026651733,0.3688988039792839,79207,135505
0.01324462890625,0.9052446313672157,0.36889658898265615,79208,135508
0.01318359375,0.9052446313672157,0.3688931528795909,79208,135510
0.01312255859375,0.9052446313672157,0.36888456290197136,79208,135515
0.0130615234375,0.905256060069258,0.36888063037889796,79209,135519
0.01300048828125,0.905256060069258,0.3688720410928921,79209,135524
0.012939453125,0.905256060069258,0.3688651699520809,79209,135528
0.01287841796875,0.905256060069258,0.36885658138603533,79209,135533
0.0128173828125,0.905256060069258,0.3688514284383804,79209,135536
0.01275634765625,0.905256060069258,0.3688462756346974,79209,135539
0.0126953125,0.9052674887713003,0.36884406198778125,79210,135542
0.01263427734375,0.9052674887713003,0.3688389094549603,79210,135545
0.0125732421875,0.9052674887713003,0.368833757066093,79210,135548
0.01251220703125,0.9052674887713003,0.3688303222201527,79210,135550
0.012451171875,0.9052674887713003,0.3688217353851885,79210,135555
0.01239013671875,0.9052903461753848,0.3688207439551895,79212,135559
0.0123291015625,0.9052903461753848,0.3688138749854499,79212,135563
0.01226806640625,0.9052903461753848,0.3688070062715629,79212,135567
0.01220703125,0.9052903461753848,0.36879842073897495,79212,135572
0.01214599609375,0.9052903461753848,0.36879326961128933,79212,135575
0.0120849609375,0.9052903461753848,0.3687881186274966,79212,135578
0.01202392578125,0.9052903461753848,0.36877610022486346,79212,135585
0.01190185546875,0.9052903461753848,0.36876408260553806,79212,135592
0.0118408203125,0.9052903461753848,0.36875893243702484,79212,135595
0.01177978515625,0.9052903461753848,0.3687486325315507,79212,135601
0.01171875,0.9052903461753848,0.3687469159365777,79212,135602
0.01165771484375,0.9052903461753848,0.36874519935758676,79212,135603
0.0115966796875,0.9052903461753848,0.36873661670235547,79212,135608
0.01153564453125,0.9052903461753848,0.36873318375212966,79212,135610
0.011474609375,0.9052903461753848,0.36872975086582505,79212,135612
0.01141357421875,0.9053017748774271,0.36872239108880933,79213,135618
0.0113525390625,0.9053132035794694,0.3687133155525766,79214,135625
0.01129150390625,0.9053132035794694,0.3687064507570645,79214,135629
0.01123046875,0.9053132035794694,0.36870301845516534,79214,135631
0.01116943359375,0.9053246322815118,0.36870252457551383,79215,135633
0.0111083984375,0.9053246322815118,0.3686956602684639,79215,135637
0.01104736328125,0.9053246322815118,0.3686939442316374,79215,135638
0.010986328125,0.9053246322815118,0.3686905122059063,79215,135640
0.01092529296875,0.9053246322815118,0.3686819324211114,79215,135645
0.0108642578125,0.9053360609835541,0.36867972298756424,79216,135648
0.0107421875,0.9053474896855964,0.3686740820030716,79217,135653
0.01068115234375,0.9053474896855964,0.3686706504337466,79217,135655
0.0106201171875,0.9053589183876387,0.3686650099126016,79218,135660
0.01055908203125,0.9053589183876387,0.3686615785554728,79218,135662
0.010498046875,0.9053589183876387,0.3686598629008614,79218,135663
0.01043701171875,0.9053589183876387,0.3686530004420969,79218,135667
0.0103759765625,0.905370347089681,0.3686525073526674,79219,135669
0.01031494140625,0.9053817757917233,0.368643436825255,79220,135676
0.01025390625,0.9053817757917233,0.3686382905457913,79220,135679
0.01019287109375,0.9053817757917233,0.3686348597726395,79220,135681
0.0101318359375,0.9053932044937656,0.36863093631634297,79221,135685
0.01007080078125,0.9053932044937656,0.3686240751942674,79221,135689
0.010009765625,0.9053932044937656,0.36861378399002404,79221,135695
0.00994873046875,0.9053932044937656,0.368606923506421,79221,135699
0.0098876953125,0.9053932044937656,0.3686017783113022,79221,135702
0.00982666015625,0.9053932044937656,0.36859320330529294,79221,135707
0.009765625,0.9053932044937656,0.36859148835196737,79221,135708
0.0096435546875,0.9053932044937656,0.368582913824709,79221,135713
0.00958251953125,0.9053932044937656,0.3685794841255071,79221,135715
0.009521484375,0.9053932044937656,0.368574339696379,79221,135718
0.00946044921875,0.905404633195808,0.36856870362185673,79222,135723
0.0093994140625,0.905404633195808,0.36856184490274435,79222,135727
0.00927734375,0.9054160618978503,0.3685596386186748,79223,135730
0.00921630859375,0.9054160618978503,0.36855792402095333,79223,135731
0.00909423828125,0.9054160618978503,0.3685510657895961,79223,135735
0.009033203125,0.9054160618978503,0.3685407789211217,79223,135741
0.00897216796875,0.9054160618978503,0.3685356357022241,79223,135744
0.0089111328125,0.9054160618978503,0.36853392132782553,79223,135745
0.00885009765625,0.9054160618978503,0.3685270639897289,79223,135749
0.0087890625,0.9054160618978503,0.3685202069068175,79223,135753
0.00872802734375,0.9054160618978503,0.36851677846105185,79223,135755
0.0086669921875,0.9054160618978503,0.3685099217608916,79223,135759
0.00860595703125,0.9054160618978503,0.3685064935064935,79223,135761
0.008544921875,0.9054160618978503,0.3685047794032142,79223,135762
0.00848388671875,0.9054160618978503,0.3684979231495565,79223,135766
0.0084228515625,0.9054274905998926,0.36849400448384606,79224,135770
0.00836181640625,0.9054274905998926,0.36848886263529257,79224,135773
0.00830078125,0.9054274905998926,0.3684854348159759,79224,135775
0.00823974609375,0.9054274905998926,0.36847857936865996,79224,135779
0.0081787109375,0.9054389193019349,0.36847123389609787,79225,135785
0.00811767578125,0.9054389193019349,0.3684678064480122,79225,135787
0.008056640625,0.9054389193019349,0.3684643790636889,79225,135789
0.00799560546875,0.9054389193019349,0.3684609517431261,79225,135791
0.0079345703125,0.9054389193019349,0.36845409729327505,79225,135795
0.00787353515625,0.9054389193019349,0.3684506701639832,79225,135797
0.0078125,0.9054389193019349,0.36844724309844484,79225,135799
0.007781982421875,0.9054389193019349,0.3684438160966581,79225,135801
0.00775146484375,0.9054389193019349,0.3684386757135084,79225,135804
0.007720947265625,0.9054389193019349,0.368435248871093,79225,135806
0.0076904296875,0.9054389193019349,0.36842839537749666,79225,135810
0.007659912109375,0.9054389193019349,0.3684266820439368,79225,135811
0.00762939453125,0.9054389193019349,0.3684232554246226,79225,135813
0.007568359375,0.9054503480039772,0.36842447916666665,79226,135814
0.007537841796875,0.9054503480039772,0.36841933938793636,79226,135817
0.00750732421875,0.9054503480039772,0.36841591294845266,79226,135819
0.007476806640625,0.9054503480039772,0.3684124865727027,79226,135821
0.007415771484375,0.9054503480039772,0.36840906026068476,79226,135823
0.00738525390625,0.9054503480039772,0.36840392091215146,79226,135826
0.007354736328125,0.9054503480039772,0.36840049475945574,79226,135828
0.00732421875,0.9054617767060195,0.36840171862212634,79227,135829
0.007293701171875,0.9054617767060195,0.36840000557991603,79227,135830
0.00726318359375,0.9054617767060195,0.3683982925536367,79227,135831
0.007232666015625,0.9054617767060195,0.36839657954328814,79227,135832
0.0072021484375,0.9054617767060195,0.3683931535703824,79227,135834
0.007171630859375,0.9054617767060195,0.36838972766119693,79227,135836
0.007110595703125,0.9054617767060195,0.3683880147304988,79227,135837
0.007080078125,0.9054617767060195,0.36838458891689063,79227,135839
0.00701904296875,0.9054732054080618,0.3683875257477902,79228,135839
0.006988525390625,0.9054732054080618,0.3683858128591887,79228,135840
0.0069580078125,0.9054732054080618,0.36838067428895577,79228,135843
0.006927490234375,0.9054846341101042,0.3683836110697813,79229,135843
0.00689697265625,0.9054846341101042,0.36837675984303225,79229,135847
0.006866455078125,0.9054846341101042,0.36837333432522157,79229,135849
0.0068359375,0.9054846341101042,0.36837162159020637,79229,135850
0.006805419921875,0.9054846341101042,0.36836819616795535,79229,135852
0.006744384765625,0.9054846341101042,0.36836477080940844,79229,135854
0.0067138671875,0.9054846341101042,0.36836305815402354,79229,135855
0.006683349609375,0.9054846341101042,0.368361345514564,79229,135856
0.00665283203125,0.9054846341101042,0.36835963289102963,79229,135857
0.006591796875,0.9054846341101042,0.3683562076917355,79229,135859
0.006561279296875,0.9054846341101042,0.36835449511597523,79229,135860
0.00653076171875,0.9054846341101042,0.3683510700122274,79229,135862
0.006500244140625,0.9054846341101042,0.3683476449721748,79229,135864
0.0064697265625,0.9054846341101042,0.36834593247603375,79229,135865
0.006439208984375,0.9054846341101042,0.3683425075315208,79229,135867
0.006378173828125,0.9054846341101042,0.36834079508314854,79229,135868
0.00634765625,0.9054846341101042,0.3683356578335658,79229,135871
0.006317138671875,0.9054846341101042,0.36833394544888215,79229,135872
0.00628662109375,0.9054846341101042,0.36832880839036003,79229,135875
0.006256103515625,0.9054846341101042,0.3683270960693615,79229,135876
0.0062255859375,0.9054846341101042,0.36832367147512635,79229,135878
0.006195068359375,0.9054960628121465,0.36832147124042935,79230,135881
0.00616455078125,0.9054960628121465,0.3683197590092603,79230,135882
0.006103515625,0.9054960628121465,0.3683146224112684,79230,135885
0.006072998046875,0.9055074915141887,0.3683175588984548,79231,135885
0.00604248046875,0.9055074915141887,0.36831413456800455,79231,135887
0.0059814453125,0.9055074915141887,0.3683055740204441,79231,135892
0.005950927734375,0.9055074915141887,0.3683004378829151,79231,135895
0.00592041015625,0.9055074915141887,0.36829872586890533,79231,135896
0.005889892578125,0.9055074915141887,0.36829187797202634,79231,135900
0.005859375,0.9055074915141887,0.3682901660375955,79231,135901
0.005828857421875,0.905518920216231,0.3682931024064184,79232,135901
0.00579833984375,0.905518920216231,0.3682913904822111,79232,135902
0.005767822265625,0.9055303489182733,0.3682857674072697,79233,135907
0.0057373046875,0.9055303489182733,0.3682823437543576,79233,135909
0.005706787109375,0.9055303489182733,0.36828063195177163,79233,135910
0.00567626953125,0.9055303489182733,0.3682789201650987,79233,135911
0.005645751953125,0.9055303489182733,0.3682772083943387,79233,135912
0.005615234375,0.9055303489182733,0.36827207317753363,79233,135915
0.005584716796875,0.9055303489182733,0.36826351480109504,79233,135920
0.00555419921875,0.9055417776203156,0.3682630277566045,79234,135922
0.005523681640625,0.9055417776203156,0.3682613161551797,79234,135923
0.0054931640625,0.9055417776203156,0.3682596045696651,79234,135924
0.00543212890625,0.9055417776203156,0.3682561814463655,79234,135926
0.00537109375,0.9055417776203156,0.3682493353906787,79234,135930
0.005340576171875,0.9055417776203156,0.36824248958953004,79234,135934
0.0052490234375,0.9055417776203156,0.36823906678440305,79234,135936
0.005218505859375,0.9055417776203156,0.3682373554057006,79234,135937
0.005157470703125,0.9055417776203156,0.3682356440429052,79234,135938
0.005126953125,0.9055417776203156,0.3682305100499593,79234,135941
0.005096435546875,0.9055417776203156,0.36822879875079007,79234,135942
0.00506591796875,0.9055417776203156,0.36822537620016915,79234,135944
0.005035400390625,0.9055417776203156,0.3682236649487171,79234,135945
0.0050048828125,0.9055417776203156,0.3682202424935287,79234,135947
0.004974365234375,0.9055532063223579,0.3682214673092205,79235,135948
0.00494384765625,0.9055532063223579,0.3682180449380765,79235,135950
0.004852294921875,0.9055532063223579,0.36821462263054927,79235,135952
0.004791259765625,0.9055532063223579,0.36821120038663685,79235,135954
0.0047607421875,0.9055532063223579,0.36820435608964974,79235,135958
0.00469970703125,0.9055532063223579,0.3682009340365715,79235,135960
0.004669189453125,0.9055532063223579,0.36819751204710105,79235,135962
0.004638671875,0.9055532063223579,0.3681940901212366,79235,135964
0.004608154296875,0.9055532063223579,0.3681906682589765,79235,135966
0.00457763671875,0.9055532063223579,0.36818724646031886,79235,135968
0.004547119140625,0.9055532063223579,0.36818211388158323,79235,135971
0.0045166015625,0.9055532063223579,0.368180403053804,79235,135972
0.004486083984375,0.9055532063223579,0.36817869224192407,79235,135973
0.00445556640625,0.9055532063223579,0.36817698144594324,79235,135974
0.004425048828125,0.9055532063223579,0.36817184915339296,79235,135977
0.00439453125,0.9055532063223579,0.36816842770451735,79235,135979
0.004364013671875,0.9055532063223579,0.36816329565043654,79235,135982
0.00433349609375,0.9055532063223579,0.36816158499753737,79235,135983
0.0042724609375,0.9055532063223579,0.3681598743605351,79235,135984
0.00421142578125,0.9055532063223579,0.36815816373942944,79235,135985
0.004180908203125,0.9055532063223579,0.3681479003466124,79235,135991
0.004150390625,0.9055532063223579,0.36814447934283645,79235,135993
0.00408935546875,0.9055532063223579,0.36813934795638176,79235,135996
0.004058837890625,0.9055532063223579,0.36813592711154886,79235,135998
0.003997802734375,0.9055532063223579,0.3681307959635005,79235,136001
0.00396728515625,0.9055532063223579,0.3681273752775997,79235,136003
0.003936767578125,0.9055532063223579,0.3681205340965053,79235,136007
0.00390625,0.9055532063223579,0.3681188238409612,79235,136008
0.0038604736328125,0.9055532063223579,0.3681171136013083,79235,136009
0.00384521484375,0.9055532063223579,0.3681154033775465,79235,136010
0.0038299560546875,0.9055532063223579,0.3681136931696756,79235,136011
0.003753662109375,0.9055532063223579,0.3681119829776954,79235,136012
0.0037078857421875,0.9055532063223579,0.368108562641406,79235,136014
0.003692626953125,0.9055532063223579,0.3681068524970964,79235,136015
0.003631591796875,0.9055646350244003,0.36810465775316603,79236,136018
0.0036163330078125,0.9055646350244003,0.3681012375961646,79236,136020
0.00360107421875,0.9055646350244003,0.3680995275414969,79236,136021
0.003570556640625,0.9055760637264426,0.3681024630908027,79237,136021
0.0035552978515625,0.9055760637264426,0.3681007530463302,79237,136022
0.003509521484375,0.9055760637264426,0.3680939130273201,79237,136026
0.0034637451171875,0.9055760637264426,0.3680904931131396,79237,136028
0.003448486328125,0.9055760637264426,0.36808878317987975,79237,136029
0.0034027099609375,0.9055760637264426,0.36808707326250656,79237,136030
0.00335693359375,0.9055760637264426,0.3680836534754191,79237,136032
0.003326416015625,0.9055760637264426,0.36808023375187554,79237,136034
0.0033111572265625,0.9055760637264426,0.36807852391393214,79237,136035
0.0032806396484375,0.9055760637264426,0.368075104285701,79237,136037
0.003265380859375,0.9055874924284849,0.36807632992066,79238,136038
0.0032501220703125,0.9055874924284849,0.3680746201405631,79238,136039
0.0031890869140625,0.9055874924284849,0.3680729103763506,79238,136040
0.003173828125,0.9055874924284849,0.36807120062802223,79238,136041
0.0031585693359375,0.9055874924284849,0.36806949089557783,79238,136042
0.00311279296875,0.9055874924284849,0.3680677811790172,79238,136043
0.0030975341796875,0.9055874924284849,0.36806265212463535,79238,136046
0.0030517578125,0.9055874924284849,0.3680609424716074,79238,136047
0.0030364990234375,0.9055874924284849,0.3680575232131991,79238,136049
0.0030059814453125,0.9055874924284849,0.36805581360781836,79238,136050
0.00299072265625,0.9055874924284849,0.3680523944447025,79238,136052
0.0029754638671875,0.9055989211305272,0.36805362019954296,79239,136053
0.0029449462890625,0.9055989211305272,0.3680502011203285,79239,136055
0.00286865234375,0.9055989211305272,0.3680484916045426,79239,136056
0.002838134765625,0.9055989211305272,0.3680450726206125,79239,136058
0.0028228759765625,0.9055989211305272,0.368041653700203,79239,136060
0.0028076171875,0.9055989211305272,0.3680382348433124,79239,136062
0.002777099609375,0.9055989211305272,0.36803652543868615,79239,136063
0.0027618408203125,0.9055989211305272,0.36803481604993893,79239,136064
0.0027313232421875,0.9055989211305272,0.36803310667707057,79239,136065
0.0027008056640625,0.9055989211305272,0.36802797865373627,79239,136068
0.002685546875,0.9055989211305272,0.3680228507733036,79239,136071
0.0026702880859375,0.9055989211305272,0.3680177230357665,79239,136074
0.0026397705078125,0.9055989211305272,0.36801601382167437,79239,136075
0.002593994140625,0.9055989211305272,0.36801430462345863,79239,136076
0.0025787353515625,0.9056103498325695,0.3680172397778149,79240,136076
0.0025482177734375,0.9056103498325695,0.3680138214176242,79240,136078
0.0025177001953125,0.9056103498325695,0.36800869399640534,79240,136081
0.00250244140625,0.9056103498325695,0.3680069848877495,79240,136082
0.002471923828125,0.9056103498325695,0.36800356671806206,79240,136084
0.0024261474609375,0.9056103498325695,0.3680018576570301,79240,136085
0.002410888671875,0.9056103498325695,0.3679984395825883,79240,136087
0.0023956298828125,0.9056103498325695,0.3679967305691782,79240,136088
0.00238037109375,0.9056103498325695,0.3679933125899782,79240,136090
0.0023651123046875,0.9056103498325695,0.36799160362418787,79240,136091
0.0023193359375,0.9056103498325695,0.3679898946742704,79240,136092
0.0023040771484375,0.9056103498325695,0.3679881857402256,79240,136093
0.002288818359375,0.9056103498325695,0.3679830590333247,79240,136096
0.00225830078125,0.9056103498325695,0.3679796413080831,79240,136098
0.002227783203125,0.9056217785346118,0.3679825763099113,79241,136098
0.0022125244140625,0.9056217785346118,0.36798086746540354,79241,136099
0.0021514892578125,0.9056332072366541,0.367982093599948,79242,136100
0.00213623046875,0.9056332072366541,0.36797696719218,79242,136103
0.0021209716796875,0.9056332072366541,0.3679752584213313,79242,136104
0.0020904541015625,0.9056332072366541,0.36797354966635243,79242,136105
0.0020751953125,0.9056332072366541,0.36797184092724333,79242,136106
0.0020599365234375,0.9056446359386965,0.36797306710006966,79243,136107
0.0019989013671875,0.9056446359386965,0.3679713583870054,79243,136108
0.001953125,0.9056446359386965,0.36796794100848373,79243,136110
0.00194549560546875,0.9056446359386965,0.3679662323430259,79243,136111
0.0019378662109375,0.9056446359386965,0.3679645236934364,79243,136112
0.00189208984375,0.9056446359386965,0.36796281505971506,79243,136113
0.001861572265625,0.9056446359386965,0.36796110644186164,79243,136114
0.00185394287109375,0.9056446359386965,0.36795768925375766,79243,136116
0.0018310546875,0.9056446359386965,0.3679559806835067,79243,136117
0.0018157958984375,0.9056446359386965,0.36795427212912274,79243,136118
0.00177764892578125,0.9056446359386965,0.3679525635906056,79243,136119
0.00177001953125,0.9056446359386965,0.36795085506795505,79243,136120
0.001739501953125,0.9056446359386965,0.36794914656117084,79243,136121
0.00168609619140625,0.9056446359386965,0.3679474380702528,79243,136122
0.001678466796875,0.9056446359386965,0.3679457295952007,79243,136123
0.0016632080078125,0.9056446359386965,0.3679440211360143,79243,136124
0.00164794921875,0.9056446359386965,0.3679406042652378,79243,136126
0.0016326904296875,0.9056446359386965,0.3679388958536472,79243,136127
0.00160980224609375,0.9056446359386965,0.3679371874579214,79243,136128
0.00159454345703125,0.9056446359386965,0.3679337707140635,79243,136130
0.00156402587890625,0.9056446359386965,0.3679320623659309,79243,136131
0.0015411376953125,0.9056446359386965,0.3679303540336622,79243,136132
0.00151824951171875,0.9056446359386965,0.36792864571725725,79243,136133
0.0014801025390625,0.9056446359386965,0.3679252291320376,79243,136135
0.0014495849609375,0.9056446359386965,0.3679235208632225,79243,136136
0.00144195556640625,0.9056446359386965,0.36792181261027024,79243,136137
0.00142669677734375,0.9056446359386965,0.36792010437318057,79243,136138
0.0014190673828125,0.9056446359386965,0.36791839615195326,79243,136139
0.00140380859375,0.9056446359386965,0.36791668794658816,79243,136140
0.00138092041015625,0.9056446359386965,0.36791497975708504,79243,136141
0.00136566162109375,0.9056446359386965,0.3679132715834436,79243,136142
0.00135040283203125,0.9056446359386965,0.36791156342566367,79243,136143
0.0013275146484375,0.9056446359386965,0.3679098552837451,79243,136144
0.0012664794921875,0.9056446359386965,0.36790814715768755,79243,136145
0.0012359619140625,0.9056446359386965,0.3679064390474908,79243,136146
0.0012054443359375,0.9056446359386965,0.3679030228746791,79243,136148
0.001190185546875,0.9056446359386965,0.36790131481206356,79243,136149
0.0011749267578125,0.9056446359386965,0.3678996067653081,79243,136150
0.00116729736328125,0.9056446359386965,0.3678978987344123,79243,136151
0.00115203857421875,0.9056446359386965,0.367896190719376,79243,136152
0.001129150390625,0.9056446359386965,0.3678927747368812,79243,136154
0.0011138916015625,0.9056446359386965,0.3678910667694222,79243,136155
0.001068115234375,0.9056446359386965,0.3678893588178218,79243,136156
0.0010528564453125,0.9056446359386965,0.36788765088207986,79243,136157
0.00098419189453125,0.9056446359386965,0.36788594296219607,79243,136158
0.00096893310546875,0.9056446359386965,0.3678842350581703,79243,136159
0.0009613037109375,0.9056560646407388,0.3678871696308779,79244,136159
0.00095367431640625,0.9056560646407388,0.3678854617370151,79244,136160
0.0009002685546875,0.9056560646407388,0.3678837538590098,79244,136161
0.000888824462890625,0.9056560646407388,0.36788204599686175,79244,136162
0.000835418701171875,0.9056560646407388,0.3678803381505708,79244,136163
0.00083160400390625,0.9056560646407388,0.3678769225055592,79244,136165
0.000823974609375,0.9056560646407388,0.36787521470683815,79244,136166
0.000812530517578125,0.9056560646407388,0.36787350692397325,79244,136167
0.00080108642578125,0.9056560646407388,0.36787179915696433,79244,136168
0.000774383544921875,0.9056560646407388,0.3678700914058112,79244,136169
0.000766754150390625,0.9056560646407388,0.3678683836705135,79244,136170
0.000759124755859375,0.9056560646407388,0.3678666759510712,79244,136171
0.0007476806640625,0.9056560646407388,0.36786326055975155,79244,136173
0.00074005126953125,0.9056560646407388,0.3678615528878738,79244,136174
0.000732421875,0.9056560646407388,0.3678598452318505,79244,136175
0.000728607177734375,0.9056674933427811,0.3678627796861944,79245,136175
0.00072479248046875,0.9056674933427811,0.3678610720403303,79245,136176
0.000720977783203125,0.9056674933427811,0.3678593644103202,79245,136177
0.000713348388671875,0.9056674933427811,0.36785765679616383,79245,136178
0.000701904296875,0.9056674933427811,0.36785594919786097,79245,136179
0.000659942626953125,0.9056674933427811,0.3678542416154114,79245,136180
0.0006561279296875,0.9056674933427811,0.3678525340488149,79245,136181
0.000640869140625,0.9056674933427811,0.36785082649807127,79245,136182
0.000637054443359375,0.9056674933427811,0.3678491189631803,79245,136183
0.000621795654296875,0.9056789220448234,0.36785034581998793,79246,136184
0.00058746337890625,0.9056789220448234,0.3678486383111066,79246,136185
0.000579833984375,0.9056789220448234,0.3678469308180772,79246,136186
0.00055694580078125,0.9056789220448234,0.3678452233408995,79246,136187
0.000530242919921875,0.9056789220448234,0.3678435158795733,79246,136188
0.00052642822265625,0.9056789220448234,0.36784180843409847,79246,136189
0.000507354736328125,0.9056789220448234,0.3678401010044747,79246,136190
0.0005035400390625,0.9056789220448234,0.36783668619277937,79246,136192
0.00048828125,0.9056903507468657,0.3678396204958248,79247,136192
0.000476837158203125,0.9056903507468657,0.3678379131080579,79247,136193
0.000469207763671875,0.9056903507468657,0.36783620573614123,79247,136194
0.00043487548828125,0.9056903507468657,0.3678344983800744,79247,136195
0.0004119873046875,0.9056903507468657,0.3678327910398574,79247,136196
0.00038909912109375,0.9056903507468657,0.3678310837154899,79247,136197
0.000347137451171875,0.9056903507468657,0.3678293764069716,79247,136198
0.0003452301025390625,0.9056903507468657,0.3678276691143024,79247,136199
0.0002918243408203125,0.9056903507468657,0.36782596183748206,79247,136200
0.000270843505859375,0.9056903507468657,0.36782425457651036,79247,136201
0.0002593994140625,0.9056903507468657,0.36782254733138703,79247,136202
0.00023651123046875,0.9056903507468657,0.36782084010211186,79247,136203
0.00022125244140625,0.9056903507468657,0.3678191328886847,79247,136204
0.00022029876708984375,0.9056903507468657,0.3678174256911052,79247,136205
0.0002193450927734375,0.9056903507468657,0.3678157185093733,79247,136206
0.00020503997802734375,0.9056903507468657,0.3678140113434886,79247,136207
0.0002040863037109375,0.9056903507468657,0.36781230419345107,79247,136208
0.000164031982421875,0.9056903507468657,0.36781059705926034,79247,136209
0.0001506805419921875,0.9056903507468657,0.36780888994091626,79247,136210
0.0001373291015625,0.905701779448908,0.36781182411421254,79248,136210
0.00013637542724609375,0.905701779448908,0.36781011700601973,79248,136211
0.00011444091796875,0.905701779448908,0.3678084099136731,79248,136212
0.00011157989501953125,0.905701779448908,0.3678067028371724,79248,136213
7.343292236328125e-05,0.905701779448908,0.36780499577651743,79248,136214
5.8650970458984375e-05,0.905701779448908,0.367803288731708,79248,136215
-3.5762786865234375e-06,0.905701779448908,0.36780158170274385,79248,136216
-1.436471939086914e-05,0.9057132081509502,0.36780451581463347,79249,136216
-2.956390380859375e-05,0.9057132081509502,0.3678028087958193,79249,136217
-3.528594970703125e-05,0.9057132081509502,0.36780110179284997,79249,136218
-5.936622619628906e-05,0.9057132081509502,0.3677993948057252,79249,136219
-7.05718994140625e-05,0.9057132081509502,0.3677976878344449,79249,136220
-9.107589721679688e-05,0.9057132081509502,0.36779598087900867,79249,136221
-9.441375732421875e-05,0.9057132081509502,0.36779427393941644,79249,136222
-9.870529174804688e-05,0.9057132081509502,0.3677925670156679,79249,136223
-0.00010442733764648438,0.9057132081509502,0.3677908601077629,79249,136224
-0.0001068115234375,0.9057132081509502,0.3677891532157012,79249,136225
-0.0001125335693359375,0.9057132081509502,0.3677874463394825,79249,136226
-0.00011920928955078125,0.9057132081509502,0.3677857394791067,79249,136227
-0.0001239776611328125,0.9057132081509502,0.36778403263457354,79249,136228
-0.00013065338134765625,0.9057132081509502,0.3677823258058827,79249,136229
-0.00014400482177734375,0.9057132081509502,0.3677806189930341,79249,136230
-0.00014591217041015625,0.9057132081509502,0.3677789121960275,79249,136231
-0.00016498565673828125,0.9057132081509502,0.3677772054148626,79249,136232
-0.0001811981201171875,0.9057132081509502,0.3677754986495392,79249,136233
-0.000186920166015625,0.9057132081509502,0.3677737919000571,79249,136234
-0.0002079010009765625,0.9057132081509502,0.3677720851664161,79249,136235
-0.00022411346435546875,0.9057132081509502,0.36777037844861593,79249,136236
-0.00023555755615234375,0.9057132081509502,0.3677686717466564,79249,136237
-0.0002422332763671875,0.9057132081509502,0.3677669650605373,79249,136238
-0.0002498626708984375,0.9057246368529926,0.36776989901989904,79250,136238
-0.000270843505859375,0.9057246368529926,0.36776819234392477,79250,136239
-0.000274658203125,0.9057246368529926,0.36776648568379045,79250,136240
-0.000278472900390625,0.9057246368529926,0.36776477903949584,79250,136241
-0.0002803802490234375,0.9057246368529926,0.367761365798425,79250,136243
-0.000286102294921875,0.9057246368529926,0.3677579526207105,79250,136245
-0.000308990478515625,0.9057246368529926,0.36775624605561125,79250,136246
-0.000331878662109375,0.9057246368529926,0.36775453950635045,79250,136247
-0.0003604888916015625,0.9057246368529926,0.3677528329729278,79250,136248
-0.000431060791015625,0.9057246368529926,0.3677511264553432,79250,136249
-0.000438690185546875,0.9057360655550349,0.367754060324826,79251,136249
-0.000453948974609375,0.9057360655550349,0.3677523538173837,79251,136250
-0.0004787445068359375,0.9057360655550349,0.3677506473257789,79251,136251
-0.0004825592041015625,0.9057360655550349,0.36774894085001136,79251,136252
-0.000492095947265625,0.9057360655550349,0.36774723439008095,79251,136253
-0.000530242919921875,0.9057360655550349,0.3677455279459873,79251,136254
-0.00054931640625,0.9057360655550349,0.3677438215177304,79251,136255
-0.000576019287109375,0.9057360655550349,0.3677421151053098,79251,136256
-0.000598907470703125,0.9057360655550349,0.36774040870872543,79251,136257
-0.00060272216796875,0.9057360655550349,0.367738702327977,79251,136258
-0.000629425048828125,0.9057360655550349,0.36773699596306436,79251,136259
-0.0006866455078125,0.9057360655550349,0.3677352896139872,79251,136260
-0.000701904296875,0.9057360655550349,0.3677335832807454,79251,136261
-0.000720977783203125,0.9057360655550349,0.36773187696333864,79251,136262
-0.000751495361328125,0.9057360655550349,0.3677301706617668,79251,136263
-0.00075531005859375,0.9057360655550349,0.3677284643760295,79251,136264
-0.000782012939453125,0.9057360655550349,0.3677267581061267,79251,136265
-0.00081634521484375,0.9057360655550349,0.36772505185205806,79251,136266
-0.000827789306640625,0.9057360655550349,0.3677233456138234,79251,136267
-0.0009307861328125,0.9057360655550349,0.36772163939142255,79251,136268
-0.000934600830078125,0.9057360655550349,0.36771993318485524,79251,136269
-0.00093841552734375,0.9057360655550349,0.3677182269941212,79251,136270
-0.0009918212890625,0.9057360655550349,0.3677165208192203,79251,136271
-0.001007080078125,0.9057360655550349,0.36771481466015227,79251,136272
-0.00101470947265625,0.9057360655550349,0.3677131085169169,79251,136273
-0.0010223388671875,0.9057360655550349,0.367711402389514,79251,136274
-0.00102996826171875,0.9057360655550349,0.36770969627794325,79251,136275
-0.00103759765625,0.9057360655550349,0.3677062841022976,79251,136277
-0.00107574462890625,0.9057474942570772,0.36770921778507765,79252,136277
-0.0010833740234375,0.9057589229591195,0.36771215144063474,79253,136277
-0.00112152099609375,0.9057589229591195,0.3677104453651679,79253,136278
-0.001129150390625,0.9057589229591195,0.3677087393055324,79253,136279
-0.00115966796875,0.9057589229591195,0.3677070332617279,79253,136280
-0.00118255615234375,0.9057589229591195,0.3677053272337543,79253,136281
-0.001190185546875,0.9057589229591195,0.3677036212216113,79253,136282
-0.00121307373046875,0.9057589229591195,0.36770020924481644,79253,136284
-0.001220703125,0.9057589229591195,0.36769850328016407,79253,136285
-0.00124359130859375,0.9057589229591195,0.3676967973313414,79253,136286
-0.00127410888671875,0.9057703516611618,0.36769973090841607,79254,136286
-0.00133514404296875,0.9057703516611618,0.3676980249697273,79254,136287
-0.00135040283203125,0.9057703516611618,0.3676963190468679,79254,136288
-0.001373291015625,0.9057703516611618,0.36769461313983753,79254,136289
-0.0013885498046875,0.9057703516611618,0.3676912013732631,79254,136291
-0.00139617919921875,0.9057703516611618,0.3676877896700024,79254,136293
-0.00142669677734375,0.9057703516611618,0.36768608384211404,79254,136294
-0.001434326171875,0.9057703516611618,0.3676843780300535,79254,136295
-0.00144195556640625,0.9057703516611618,0.36768096645341475,79254,136297
-0.00145721435546875,0.9057703516611618,0.36767755494008436,79254,136299
-0.0014801025390625,0.9057703516611618,0.36767584920715923,79254,136300
-0.00151824951171875,0.9057703516611618,0.36767414349006056,79254,136301
-0.00152587890625,0.9057703516611618,0.36767243778878805,79254,136302
-0.00153350830078125,0.9057703516611618,0.36767073210334156,79254,136303
-0.0015411376953125,0.9057703516611618,0.36766902643372085,79254,136304
-0.001556396484375,0.9057703516611618,0.3676673207799257,79254,136305
-0.0015869140625,0.9057703516611618,0.3676639095198111,79254,136307
-0.00159454345703125,0.9057703516611618,0.36766220391349125,79254,136308
-0.001617431640625,0.9057703516611618,0.3676587927483253,79254,136310
-0.0016326904296875,0.9057703516611618,0.3676570871894788,79254,136311
-0.00164031982421875,0.9057703516611618,0.3676553816464563,79254,136312
-0.00167083740234375,0.9057703516611618,0.3676519706078824,79254,136314
-0.0016937255859375,0.9057703516611618,0.36764855963260196,79254,136316
-0.00173187255859375,0.9057703516611618,0.3676434432883524,79254,136319
-0.00174713134765625,0.9057703516611618,0.3676383270865031,79254,136322
-0.00177764892578125,0.9057703516611618,0.36763662171753014,79254,136323
-0.00180816650390625,0.9057703516611618,0.3676332110270481,79254,136325
-0.00182342529296875,0.9057703516611618,0.36763150570553854,79254,136326
-0.00183868408203125,0.9057703516611618,0.3676298003998497,79254,136327
-0.00188446044921875,0.9057703516611618,0.36762809510998135,79254,136328
-0.00189971923828125,0.9057703516611618,0.36762638983593326,79254,136329
-0.001922607421875,0.9057703516611618,0.3676246845777052,79254,136330
-0.00193023681640625,0.9057703516611618,0.367622979335297,79254,136331
-0.00194549560546875,0.9057703516611618,0.3676212741087084,79254,136332
-0.001953125,0.9057703516611618,0.3676195688979391,79254,136333
-0.0019683837890625,0.9057703516611618,0.36761786370298905,79254,136334
-0.0020294189453125,0.9057703516611618,0.3676144533605455,79254,136336
-0.002044677734375,0.9057703516611618,0.36761104308137593,79254,136338
-0.0020599365234375,0.9057703516611618,0.36760933796551837,79254,136339
-0.0020904541015625,0.9057703516611618,0.3676042227128518,79254,136342
-0.0021209716796875,0.9057703516611618,0.3676025176602643,79254,136343
-0.0021820068359375,0.9057703516611618,0.3676008126234937,79254,136344
-0.0022430419921875,0.9057703516611618,0.3675991076025399,79254,136345
-0.00225830078125,0.9057817803632041,0.36759863081047484,79255,136347
-0.0023040771484375,0.9057817803632041,0.36759692583127324,79255,136348
-0.0023345947265625,0.9057817803632041,0.36759522086788743,79255,136349
-0.0023651123046875,0.9057817803632041,0.36759351592031725,79255,136350
-0.00238037109375,0.9057817803632041,0.3675918109885625,79255,136351
-0.0024261474609375,0.9057817803632041,0.3675901060726229,79255,136352
-0.00244140625,0.9057817803632041,0.36758669628818835,79255,136354
-0.0024566650390625,0.9057817803632041,0.3675832865670119,79255,136356
-0.0024871826171875,0.9057817803632041,0.3675815817301449,79255,136357
-0.00250244140625,0.9057817803632041,0.3675798769090918,79255,136358
-0.0025482177734375,0.9057817803632041,0.36757646731442617,79255,136360
-0.0025634765625,0.9057817803632041,0.3675747625408133,79255,136361
-0.0025787353515625,0.9057817803632041,0.3675713530410263,79255,136363
-0.002593994140625,0.9057817803632041,0.36756794360448936,79255,136365
-0.0026092529296875,0.9057932090652464,0.36756746729245027,79256,136367
-0.0026397705078125,0.9057932090652464,0.3675657626238267,79256,136368
-0.0026702880859375,0.9057932090652464,0.36756235333401355,79256,136370
-0.002685546875,0.9057932090652464,0.3675606487128235,79256,136371
-0.0027923583984375,0.9057932090652464,0.36755894410744433,79256,136372
-0.0028076171875,0.9057932090652464,0.36755553494411725,79256,136374
-0.0028228759765625,0.9057932090652464,0.36755383038616896,79256,136375
-0.002838134765625,0.9057932090652464,0.3675521258440306,79256,136376
-0.0028533935546875,0.9057932090652464,0.36754701231247244,79256,136379
-0.0028839111328125,0.9057932090652464,0.3675436033704791,79256,136381
-0.0029144287109375,0.9057932090652464,0.36754019449172,79256,136383
-0.002960205078125,0.9057932090652464,0.36753849007605266,79256,136384
-0.00299072265625,0.9057932090652464,0.3675367856761933,79256,136385
-0.0030364990234375,0.9057932090652464,0.36753337692389737,79256,136387
-0.0030517578125,0.9057932090652464,0.36753167257146035,79256,136388
-0.0030670166015625,0.9057932090652464,0.3675265596089906,79256,136391
-0.003082275390625,0.9057932090652464,0.3675248553197804,79256,136392
-0.00311279296875,0.9057932090652464,0.3675231510463763,79256,136393
-0.0031280517578125,0.9057932090652464,0.36752144678877813,79256,136394
-0.003173828125,0.9057932090652464,0.36751803832099866,79256,136396
-0.0031890869140625,0.9058046377672888,0.3675209711898281,79257,136396
-0.003204345703125,0.9058160664693311,0.36752219980988154,79258,136397
-0.0032196044921875,0.9058274951713734,0.3675234284071465,79259,136398
-0.00323486328125,0.9058274951713734,0.367520020031624,79259,136400
-0.0032958984375,0.9058274951713734,0.36751831586756933,79259,136401
-0.0033416748046875,0.9058274951713734,0.36751661171931876,79259,136402
-0.00335693359375,0.9058274951713734,0.36751490758687205,79259,136403
-0.0033721923828125,0.9058274951713734,0.36751320347022903,79259,136404
-0.003387451171875,0.9058274951713734,0.3675114993693894,79259,136405
-0.0034637451171875,0.9058274951713734,0.36750979528435307,79259,136406
-0.00347900390625,0.9058274951713734,0.3675080912151197,79259,136407
-0.003509521484375,0.9058274951713734,0.3675063871616891,79259,136408
-0.0035400390625,0.9058274951713734,0.36750468312406104,79259,136409
-0.0036163330078125,0.9058274951713734,0.36750127509621183,79259,136411
-0.003631591796875,0.9058274951713734,0.3674978671315702,79259,136413
-0.003662109375,0.9058274951713734,0.36749616317295164,79259,136414
-0.0036773681640625,0.9058274951713734,0.36749445923013435,79259,136415
-0.003692626953125,0.9058274951713734,0.3674893474964878,79259,136418
-0.0037078857421875,0.9058274951713734,0.3674876436168733,79259,136419
-0.00372314453125,0.9058274951713734,0.36748593975305893,79259,136420
-0.0037689208984375,0.9058274951713734,0.36748423590504453,79259,136421
-0.0038604736328125,0.9058274951713734,0.36748253207282977,79259,136422
-0.00390625,0.9058274951713734,0.3674774206709816,79259,136425
-0.003936767578125,0.9058274951713734,0.367474013148744,79259,136427
-0.003997802734375,0.9058274951713734,0.36747230941132286,79259,136428
-0.0040283203125,0.9058274951713734,0.3674706056896999,79259,136429
-0.004119873046875,0.9058274951713734,0.36746719829384766,79259,136431
-0.004150390625,0.9058274951713734,0.3674637909611854,79259,136433
-0.004180908203125,0.9058274951713734,0.3674603836917114,79259,136435
-0.00421142578125,0.9058617812775003,0.36746236688749706,79262,136439
-0.004241943359375,0.9058617812775003,0.36745384922069857,79262,136444
-0.0042724609375,0.9058617812775003,0.3674521457347235,79262,136445
-0.00433349609375,0.9058617812775003,0.3674487388101563,79262,136447
-0.004364013671875,0.9058617812775003,0.36744703537156365,79262,136448
-0.00439453125,0.9058617812775003,0.3674436285417594,79262,136450
-0.004425048828125,0.9058617812775003,0.36743851841550196,79262,136453
-0.00445556640625,0.9058617812775003,0.3674368150716683,79262,136454
-0.004486083984375,0.9058617812775003,0.367433408431378,79262,136456
-0.0045166015625,0.9058617812775003,0.3674300018542555,79262,136458
-0.004547119140625,0.9058617812775003,0.3674197825018774,79262,136464
-0.00457763671875,0.9058617812775003,0.36741807933174797,79262,136465
-0.004608154296875,0.9058617812775003,0.36741296991609884,79262,136468
-0.004638671875,0.9058617812775003,0.36740956371794636,79262,136470
-0.004669189453125,0.9058617812775003,0.3674044545391337,79262,136473
-0.004730224609375,0.9058617812775003,0.3674010484988667,79262,136475
-0.0047607421875,0.9058732099795426,0.367402277752284,79263,136476
-0.00482177734375,0.9058732099795426,0.3674005747659219,79263,136477
-0.004852294921875,0.9058732099795426,0.36739716884055956,79263,136479
-0.0048828125,0.9058732099795426,0.36739206007091707,79263,136482
-0.004913330078125,0.9058732099795426,0.36739035717927565,79263,136483
-0.00494384765625,0.9058732099795426,0.3673835457705678,79263,136487
-0.004974365234375,0.9058732099795426,0.3673818429578542,79263,136488
-0.0050048828125,0.9058732099795426,0.3673750318648467,79263,136492
-0.005035400390625,0.905884638681585,0.36737796399636624,79264,136492
-0.00506591796875,0.9058960673836273,0.36737919335551866,79265,136493
-0.005126953125,0.9058960673836273,0.36737749062611524,79265,136494
-0.005157470703125,0.9058960673836273,0.36737578791249537,79265,136495
-0.00518798828125,0.9058960673836273,0.36736727458114155,79265,136500
-0.0052490234375,0.9058960673836273,0.3673655719622183,79265,136501
-0.005340576171875,0.9059074960856696,0.36736339620892616,79266,136504
-0.00537109375,0.9059074960856696,0.36736169364743176,79266,136505
-0.00543212890625,0.9059074960856696,0.36735999110171846,79266,136506
-0.005462646484375,0.9059074960856696,0.3673565860576344,79266,136508
-0.0054931640625,0.9059074960856696,0.3673531810766721,79266,136510
-0.005523681640625,0.9059074960856696,0.367346371304106,79266,136514
-0.005584716796875,0.9059074960856696,0.3673446689004129,79266,136515
-0.005615234375,0.9059074960856696,0.3673378594434275,79266,136519
-0.005645751953125,0.9059074960856696,0.3673344548096039,79266,136521
-0.005706787109375,0.9059074960856696,0.3673310502388908,79266,136523
-0.0057373046875,0.9059074960856696,0.36732424128678876,79266,136527
-0.005767822265625,0.9059189247877119,0.3673271731373439,79267,136527
-0.00579833984375,0.9059189247877119,0.3673220665718244,79267,136530
-0.005828857421875,0.9059189247877119,0.3673203644148695,79267,136531
-0.005859375,0.9059189247877119,0.36731696014828547,79267,136533
-0.005889892578125,0.9059189247877119,0.36731185386672105,79267,136536
-0.00592041015625,0.9059189247877119,0.3673084497578833,79267,136538
-0.005950927734375,0.9059189247877119,0.36730334371293,79267,136541
-0.006011962890625,0.9059189247877119,0.3672999397618275,79267,136543
-0.00604248046875,0.9059189247877119,0.36729483395346896,79267,136546
-0.006072998046875,0.9059189247877119,0.3672880264297993,79267,136550
-0.006103515625,0.9059189247877119,0.3672863245883105,79267,136551
-0.006134033203125,0.9059189247877119,0.3672846227625927,79267,136552
-0.00616455078125,0.9059303534897541,0.3672790455229932,79268,136557
-0.006195068359375,0.9059303534897541,0.36727394035991623,79268,136560
-0.0062255859375,0.9059303534897541,0.3672722386704289,79268,136561
-0.006256103515625,0.9059303534897541,0.3672671336965788,79268,136564
-0.00628662109375,0.9059303534897541,0.3672637304595198,79268,136566
-0.00634765625,0.9059417821917964,0.3672649604329213,79269,136567
-0.006378173828125,0.9059417821917964,0.3672615572790704,79269,136569
-0.006439208984375,0.9059417821917964,0.3672581541882876,79269,136571
-0.0064697265625,0.9059417821917964,0.3672564526665462,79269,136572
-0.006500244140625,0.9059417821917964,0.36725304967036226,79269,136574
-0.00653076171875,0.9059417821917964,0.36725134819591926,79269,136575
-0.006561279296875,0.9059417821917964,0.367249646737242,79269,136576
-0.006591796875,0.9059417821917964,0.3672462438671837,79269,136578
-0.006622314453125,0.9059417821917964,0.36724454245580224,79269,136579
-0.00665283203125,0.9059417821917964,0.36724284106018557,79269,136580
-0.006683349609375,0.9059417821917964,0.36724113968033356,79269,136581
-0.0067138671875,0.9059417821917964,0.36723943831624595,79269,136582
-0.00677490234375,0.9059417821917964,0.36723773696792245,79269,136583
-0.006805419921875,0.9059417821917964,0.36723603563536295,79269,136584
-0.0068359375,0.9059417821917964,0.36723433431856717,79269,136585
-0.00689697265625,0.9059417821917964,0.36723093173226595,79269,136587
-0.006927490234375,0.9059417821917964,0.36722582797103664,79269,136590
-0.006988525390625,0.9059417821917964,0.3672224255423629,79269,136592
-0.00701904296875,0.9059532108938387,0.3672236557446158,79270,136593
-0.007080078125,0.9059532108938387,0.3672202533991152,79270,136595
-0.007110595703125,0.9059532108938387,0.3672151499990735,79270,136598
-0.007171630859375,0.9059532108938387,0.36721174781118265,79270,136600
-0.0072021484375,0.9059532108938387,0.36721004674087765,79270,136601
-0.007232666015625,0.9059532108938387,0.3672049436245217,79270,136604
-0.00726318359375,0.9059532108938387,0.36720154162574814,79270,136606
-0.007293701171875,0.9059532108938387,0.3671981396900101,79270,136608
-0.007354736328125,0.9059532108938387,0.3671964387457789,79270,136609
-0.007415771484375,0.9059532108938387,0.36719303690459093,79270,136611
-0.0074462890625,0.9059646395958811,0.36719256637824016,79271,136613
-0.007476806640625,0.9059646395958811,0.3671874638120869,79271,136616
-0.00750732421875,0.9059646395958811,0.3671857629882161,79271,136617
-0.007537841796875,0.9059646395958811,0.3671840621801018,79271,136618
-0.007598876953125,0.9059646395958811,0.36718236138774374,79271,136619
-0.00762939453125,0.9059646395958811,0.3671789598502955,79271,136621
-0.007659912109375,0.9059646395958811,0.36717385766228955,79271,136624
-0.0076904296875,0.9059646395958811,0.3671704562823939,79271,136626
-0.007720947265625,0.9059760682979234,0.3671699861046781,79272,136628
-0.00775146484375,0.9059874969999657,0.3671712165704811,79273,136629
-0.0078125,0.9059874969999657,0.3671661147263843,79273,136632
-0.00787353515625,0.9059874969999657,0.3671576119679496,79273,136637
-0.0079345703125,0.9059874969999657,0.36715081004474004,79273,136641
-0.00799560546875,0.9059874969999657,0.3671491096033161,79273,136642
-0.008056640625,0.905998925702008,0.3671486397613909,79274,136644
-0.00811767578125,0.905998925702008,0.36714013791953615,79274,136649
-0.0081787109375,0.905998925702008,0.36713333672954285,79274,136653
-0.00823974609375,0.905998925702008,0.3671299362290382,79274,136655
-0.00830078125,0.905998925702008,0.36712143525336444,79274,136660
-0.00836181640625,0.905998925702008,0.3671180349733254,79274,136662
-0.0084228515625,0.905998925702008,0.36711633485692585,79274,136663
-0.00848388671875,0.905998925702008,0.3671112346022043,79274,136666
-0.008544921875,0.905998925702008,0.3671010345178887,79274,136672
-0.00860595703125,0.905998925702008,0.36709423477656866,79274,136676
-0.0086669921875,0.905998925702008,0.36708913513588604,79274,136679
-0.0087890625,0.905998925702008,0.367084035636889,79274,136682
-0.00885009765625,0.905998925702008,0.36707553678673466,79274,136687
-0.0089111328125,0.905998925702008,0.3670687379899521,79274,136691
-0.00897216796875,0.905998925702008,0.3670568407015724,79274,136698
-0.009033203125,0.905998925702008,0.367048343110609,79274,136703
-0.00909423828125,0.905998925702008,0.3670449441843883,79274,136705
-0.00921630859375,0.9060103544040503,0.3670393777345649,79275,136710
-0.00927734375,0.9060103544040503,0.3670291817714627,79275,136716
-0.00933837890625,0.9060217831060926,0.36702701451422487,79276,136719
-0.0093994140625,0.9060217831060926,0.3670236160687417,79276,136721
-0.00946044921875,0.9060332118081349,0.3670231481481481,79277,136723
-0.009521484375,0.9060332118081349,0.3670197498171313,79277,136725
-0.00958251953125,0.9060332118081349,0.367014652438601,79277,136728
-0.0096435546875,0.9060332118081349,0.3670112542649081,79277,136730
-0.00970458984375,0.9060446405101773,0.3670090875001736,79278,136733
-0.009765625,0.9060446405101773,0.36700568947239287,79278,136735
-0.00982666015625,0.9060446405101773,0.3670022915075342,79278,136737
-0.0098876953125,0.9060446405101773,0.36699379687066014,79278,136742
-0.00994873046875,0.9060446405101773,0.366987001444284,79278,136746
-0.010009765625,0.9060446405101773,0.36698020626955763,79278,136750
-0.01007080078125,0.9060446405101773,0.3669734113464672,79278,136754
-0.0101318359375,0.9060446405101773,0.36697171265501105,79278,136755
-0.01019287109375,0.9060446405101773,0.36696661667499864,79278,136758
-0.01025390625,0.9060446405101773,0.3669564251395562,79278,136764
-0.01031494140625,0.9060560692122196,0.36694576743454094,79279,136772
-0.0103759765625,0.9060560692122196,0.36694067223934757,79279,136775
-0.01043701171875,0.9060674979142619,0.36694190395082754,79280,136776
-0.010498046875,0.9060674979142619,0.3669334123233716,79280,136781
-0.01055908203125,0.9060674979142619,0.36693001578243384,79280,136783
-0.0106201171875,0.9060674979142619,0.36692492108892655,79280,136786
-0.01068115234375,0.9060674979142619,0.3669198265368933,79280,136789
-0.0107421875,0.9060674979142619,0.36691473212632825,79280,136792
-0.01080322265625,0.9060674979142619,0.36690114772306553,79280,136800
-0.0108642578125,0.9060674979142619,0.3668892621953195,79280,136807
-0.01092529296875,0.9060674979142619,0.36688586647168525,79280,136809
-0.010986328125,0.9060674979142619,0.36688077300409083,79280,136812
-0.01104736328125,0.9060674979142619,0.3668773774375966,79280,136814
-0.0111083984375,0.9060674979142619,0.3668705864931651,79280,136818
-0.01116943359375,0.9060674979142619,0.3668671911152244,79280,136820
-0.01123046875,0.9060674979142619,0.3668604005478843,79280,136824
-0.01129150390625,0.9060674979142619,0.3668468201673207,79280,136832
-0.0113525390625,0.9060674979142619,0.3668417277838188,79280,136835
-0.01141357421875,0.9060674979142619,0.3668383329400279,79280,136837
-0.011474609375,0.9060789266163042,0.3668412626435558,79281,136837
-0.01153564453125,0.9060789266163042,0.3668361704785745,79281,136840
-0.0115966796875,0.9060903553183465,0.36683231078167367,79282,136844
-0.01165771484375,0.9060903553183465,0.366818732823156,79282,136852
-0.01171875,0.9060903553183465,0.3668085500138799,79282,136858
-0.01177978515625,0.9060903553183465,0.3668034588212433,79282,136861
-0.0118408203125,0.9060903553183465,0.36679497381423837,79282,136866
-0.011962890625,0.9060903553183465,0.3667915799213509,79282,136868
-0.01202392578125,0.9060903553183465,0.36678988299845944,79282,136869
-0.0120849609375,0.9060903553183465,0.36678139861951553,79282,136874
-0.01214599609375,0.9060903553183465,0.3667746113989637,79282,136878
-0.01220703125,0.9060903553183465,0.3667695211483927,79282,136881
-0.01226806640625,0.9060903553183465,0.3667593410711064,79282,136887
-0.0123291015625,0.9061017840203888,0.3667588771903854,79283,136889
-0.01239013671875,0.9061017840203888,0.3667554840082526,79283,136891
-0.012451171875,0.9061017840203888,0.3667520908889053,79283,136893
-0.01251220703125,0.9061017840203888,0.3667470013276035,79283,136896
-0.0125732421875,0.9061132127224311,0.3667465376395815,79284,136898
-0.01263427734375,0.9061132127224311,0.3667380554797467,79284,136903
-0.0126953125,0.9061132127224311,0.36673635909486185,79284,136904
-0.01275634765625,0.9061132127224311,0.3667312700343678,79284,136907
-0.0128173828125,0.9061246414244735,0.36672741401321024,79285,136911
-0.01287841796875,0.9061246414244735,0.3667240214988113,79285,136913
-0.012939453125,0.9061246414244735,0.366718932844899,79285,136916
-0.01300048828125,0.9061246414244735,0.3667155404874123,79285,136918
-0.0130615234375,0.9061246414244735,0.36671045206886027,79285,136921
-0.01312255859375,0.9061360701265158,0.3667099889458811,79286,136923
-0.01318359375,0.906147498828558,0.366707829778968,79287,136926
-0.01324462890625,0.906147498828558,0.3667010457087093,79287,136930
-0.0133056640625,0.906147498828558,0.36669595782073816,79287,136933
-0.01336669921875,0.906147498828558,0.3666891741897292,79287,136937
-0.013427734375,0.906147498828558,0.3666857824683433,79287,136939
-0.01348876953125,0.9061703562326426,0.36668994445703396,79289,136940
-0.0135498046875,0.9061703562326426,0.3666814654494668,79289,136945
-0.01361083984375,0.9061703562326426,0.36667807395623303,79289,136947
-0.013671875,0.9061703562326426,0.36667637823314236,79289,136948
-0.01373291015625,0.9061703562326426,0.3666695954976161,79289,136952
-0.0137939453125,0.9061703562326426,0.3666611174310739,79289,136957
-0.01385498046875,0.9061703562326426,0.36665263975657914,79289,136962
-0.013916015625,0.9061703562326426,0.3666492487965485,79289,136964
-0.01397705078125,0.9061703562326426,0.3666424670646499,79289,136968
-0.0140380859375,0.9061703562326426,0.3666305996374801,79289,136975
-0.01409912109375,0.9061703562326426,0.36662890435345524,79289,136976
-0.01416015625,0.9061703562326426,0.36662551383243863,79289,136978
-0.01422119140625,0.9061703562326426,0.3666221233741313,79289,136980
-0.0142822265625,0.9061703562326426,0.3666170378042465,79289,136983
-0.01434326171875,0.9061703562326426,0.3666119523754479,79289,136986
-0.014404296875,0.9061703562326426,0.3666085621679605,79289,136988
-0.01446533203125,0.9061703562326426,0.3666034769742926,79289,136991
-0.0145263671875,0.9061817849346849,0.3666030154935894,79290,136993
-0.01458740234375,0.9061817849346849,0.3665962355573844,79290,136997
-0.0146484375,0.9061817849346849,0.3665894558719503,79290,137001
-0.01470947265625,0.9061817849346849,0.36658437127243476,79290,137004
-0.0147705078125,0.9061817849346849,0.3665758972533391,79290,137009
-0.01483154296875,0.9061932136367272,0.3665754361956894,79291,137011
-0.014892578125,0.9061932136367272,0.36657374146451965,79291,137012
-0.01495361328125,0.9061932136367272,0.3665686573650292,79291,137015
-0.0150146484375,0.9061932136367272,0.3665601841792604,79291,137020
-0.01507568359375,0.9062046423387696,0.36655463971856117,79292,137025
-0.01513671875,0.9062046423387696,0.36654955621301777,79292,137028
-0.01519775390625,0.9062160710408119,0.36654909556542764,79293,137030
-0.0152587890625,0.9062274997428542,0.36654863493061396,79294,137032
-0.01531982421875,0.9062274997428542,0.3665469405113555,79294,137033
-0.015380859375,0.9062274997428542,0.36654016299097214,79294,137037
-0.01544189453125,0.9062274997428542,0.3665384686500379,79294,137038
-0.0155029296875,0.9062274997428542,0.3665350800151617,79294,137040
-0.01556396484375,0.9062274997428542,0.36652999718032514,79294,137043
-0.015625,0.9062274997428542,0.3665215261021901,79294,137048
-0.0157470703125,0.9062274997428542,0.36650797319158773,79294,137056
-0.015869140625,0.9062274997428542,0.36648764570488346,79294,137068
-0.0159912109375,0.9062274997428542,0.36646393315339965,79294,137082
-0.01611328125,0.9062274997428542,0.36645038450162676,79294,137090
-0.0162353515625,0.9062503571469388,0.3664460793374986,79296,137096
-0.016357421875,0.9062503571469388,0.3664308390441819,79296,137105
-0.0164794921875,0.9062617858489811,0.36642360726036005,79297,137111
-0.0166015625,0.9062617858489811,0.36641175519256985,79297,137118
-0.0167236328125,0.9062617858489811,0.3663999038914713,79297,137125
-0.016845703125,0.9062732145510234,0.3663926738098868,79298,137131
-0.0169677734375,0.9062732145510234,0.36638082389251325,79298,137138
-0.01708984375,0.9062732145510234,0.36637574559113656,79298,137141
-0.0172119140625,0.9062732145510234,0.3663655894107048,79298,137147
-0.017333984375,0.9062846432530658,0.36635328359243263,79299,137156
-0.0174560546875,0.9062960719551081,0.36634944100526656,79300,137160
-0.017578125,0.9062960719551081,0.36633590184230463,79300,137168
-0.0177001953125,0.9062960719551081,0.36631728712715783,79300,137179
-0.017822265625,0.9063075006571504,0.366304985472703,79301,137188
-0.0179443359375,0.9063075006571504,0.366293141674673,79301,137195
-0.01806640625,0.9063189293591927,0.36628422569559915,79302,137202
-0.0181884765625,0.9063189293591927,0.3662622334504912,79302,137215
-0.018310546875,0.9063189293591927,0.366248701073779,79302,137223
-0.0184326171875,0.9063189293591927,0.36623347834520215,79302,137232
-0.0185546875,0.906330358061235,0.36622118368553275,79303,137241
-0.0186767578125,0.906330358061235,0.3662110367120757,79303,137247
-0.018798828125,0.906330358061235,0.36620934560449964,79303,137248
-0.0189208984375,0.9063417867632773,0.36619028928958974,79304,137261
-0.01904296875,0.9063532154653196,0.3661847615793435,79305,137266
-0.0191650390625,0.9063532154653196,0.36617630762411346,79305,137271
-0.019287109375,0.9063532154653196,0.3661712354383389,79305,137274
-0.0194091796875,0.9063532154653196,0.36615940088463705,79305,137281
-0.01953125,0.9063532154653196,0.3661509481003366,79305,137286
-0.0196533203125,0.9063532154653196,0.3661323533485379,79305,137297
-0.019775390625,0.9063532154653196,0.3661205213079789,79305,137304
-0.0198974609375,0.9063532154653196,0.3661086900321306,79305,137311
-0.02001953125,0.9063532154653196,0.3661019296463854,79305,137315
-0.0201416015625,0.906364644167362,0.3660964057869323,79306,137320
-0.020263671875,0.9063760728694042,0.36608243282541764,79307,137330
-0.0203857421875,0.9063875015714465,0.3660701509829354,79308,137339
-0.0205078125,0.9063875015714465,0.3660549442434089,79308,137348
-0.0206298828125,0.9063875015714465,0.3660481860980338,79308,137352
-0.020751953125,0.9063875015714465,0.36603298118327954,79308,137361
-0.0208740234375,0.9064217876775734,0.3660299336806982,79311,137368
-0.02099609375,0.9064446450816581,0.3660172041422849,79313,137379
-0.0211181640625,0.9064446450816581,0.36600200275956274,79313,137388
-0.021240234375,0.9064560737837004,0.3659880394255971,79314,137398
-0.0213623046875,0.9064675024857427,0.36598589859539676,79315,137401
-0.021484375,0.9064903598898273,0.365983305878933,79317,137406
-0.0216064453125,0.9065132172939119,0.3659688931746771,79319,137418
-0.021728515625,0.9065246459959543,0.36595493384022,79320,137428
-0.0218505859375,0.9065246459959543,0.3659431154990658,79320,137435
-0.02197265625,0.9065360746979966,0.36593253492277317,79321,137443
-0.0220947265625,0.9065475034000389,0.3659135152091079,79322,137456
-0.022216796875,0.9065475034000389,0.36590169984085613,79322,137463
-0.0223388671875,0.9065475034000389,0.36588988523561755,79322,137470
-0.0224609375,0.9065589321020812,0.36587593345110536,79323,137480
-0.0225830078125,0.9065589321020812,0.36586580815372055,79323,137486
-0.022705078125,0.9065703608041235,0.3658569208134049,79324,137493
-0.0228271484375,0.906593218208208,0.36584758426033537,79326,137502
-0.02294921875,0.906593218208208,0.36583577374501347,79326,137509
-0.0230712890625,0.906593218208208,0.3658239639922155,79326,137516
-0.023193359375,0.906593218208208,0.36581384195381095,79326,137522
-0.0233154296875,0.9066046469102504,0.3658049581288966,79327,137529
-0.0234375,0.9066046469102504,0.36579483726978446,79327,137535
-0.0235595703125,0.9066046469102504,0.36578134366210174,79327,137543
-0.023681640625,0.9066046469102504,0.3657712241096295,79327,137549
-0.0238037109375,0.9066160756122927,0.3657606565691495,79328,137557
-0.02392578125,0.9066160756122927,0.3657454793585807,79328,137566
-0.0240478515625,0.9066160756122927,0.3657336757322465,79328,137573
-0.024169921875,0.906627504314335,0.3657247970347012,79329,137580
-0.0242919921875,0.9066389330163773,0.36571760497150974,79330,137586
-0.0244140625,0.9066389330163773,0.3657041175711309,79330,137594
-0.0245361328125,0.9066617904204619,0.36570153643324377,79332,137599
-0.024658203125,0.9066846478245466,0.3656989554619292,79334,137604
-0.0247802734375,0.9066846478245466,0.36569052700478927,79334,137609
-0.02490234375,0.9066960765265889,0.3656883939395336,79335,137612
-0.0250244140625,0.9066960765265889,0.3656749095434537,79335,137620
-0.025146484375,0.9066960765265889,0.3656631115126151,79335,137627
-0.0252685546875,0.9067189339306735,0.36564873534400116,79337,137639
-0.025390625,0.9067189339306735,0.3656318840846875,79337,137649
-0.0255126953125,0.9067189339306735,0.36562682900976545,79337,137652
-0.025634765625,0.9067189339306735,0.3656066101077875,79337,137664
-0.0257568359375,0.9067189339306735,0.3655981862252657,79337,137669
-0.02587890625,0.9067303626327158,0.3655859475799019,79338,137678
-0.0260009765625,0.9067417913347581,0.3655804480651731,79339,137683
-0.026123046875,0.9067417913347581,0.36557539453979954,79339,137686
-0.0262451171875,0.9067417913347581,0.3655619191551515,79339,137694
-0.0263671875,0.9067417913347581,0.36555349754420885,79339,137699
-0.0264892578125,0.9067417913347581,0.36554170794074964,79339,137706
-0.026611328125,0.9067417913347581,0.3655231829573935,79339,137717
-0.0267333984375,0.9067532200368004,0.36551263446433097,79340,137725
-0.02685546875,0.9067532200368004,0.3655058990459255,79340,137729
-0.0269775390625,0.9067646487388428,0.3654936682037415,79341,137738
-0.027099609375,0.9067760774408851,0.36547302090338746,79342,137752
-0.0272216796875,0.9067875061429274,0.3654658430868582,79343,137758
-0.02734375,0.9067875061429274,0.3654574263263107,79343,137763
-0.0274658203125,0.9068103635470119,0.3654498056338547,79345,137771
-0.027587890625,0.9068217922490542,0.36543084787915076,79346,137784
-0.0277099609375,0.9068217922490542,0.3654274819004108,79346,137786
-0.02783203125,0.9068217922490542,0.3654241159836783,79346,137788
-0.0279541015625,0.9068332209510965,0.3654169410659433,79347,137794
-0.028076171875,0.9068332209510965,0.3654034787173784,79347,137802
-0.0281982421875,0.9068560783551812,0.3653992272871701,79349,137808
-0.0283203125,0.9068560783551812,0.3653924968111217,79349,137812
-0.0284423828125,0.9068560783551812,0.3653824015619316,79349,137818
-0.028564453125,0.9068560783551812,0.3653672597340406,79349,137827
-0.0286865234375,0.9068560783551812,0.3653571658793086,79349,137833
-0.02880859375,0.9068560783551812,0.36535211916108384,79349,137836
-0.0289306640625,0.9068560783551812,0.36533866192741016,79349,137844
-0.029052734375,0.9068675070572235,0.36532644576732365,79350,137853
-0.0291748046875,0.9068675070572235,0.36531635429471154,79350,137859
-0.029296875,0.9068789357592658,0.3653159125646834,79351,137861
-0.0294189453125,0.9068789357592658,0.3653007766284107,79351,137870
-0.029541015625,0.9068789357592658,0.3652906867010086,79351,137876
-0.0296630859375,0.9068903644613081,0.36528688222729616,79352,137880
-0.02978515625,0.9068903644613081,0.36527343030749404,79352,137888
-0.0299072265625,0.9069017931633504,0.3652713078381912,79353,137891
-0.030029296875,0.9069017931633504,0.3652662637458745,79353,137894
-0.0301513671875,0.9069017931633504,0.3652511323047465,79353,137903
-0.0302734375,0.9069017931633504,0.3652343210626605,79353,137913
-0.0303955078125,0.9069246505674351,0.3652317591233149,79355,137918
-0.030517578125,0.9069246505674351,0.3652183117713928,79355,137926
-0.0306396484375,0.9069246505674351,0.3652115884667603,79355,137930
-0.03076171875,0.9069360792694774,0.36520442538151426,79356,137936
-0.0308837890625,0.9069475079715197,0.3651905403975095,79357,137946
-0.031005859375,0.906958936673562,0.3651850590633614,79358,137951
-0.0311279296875,0.906958936673562,0.36518001767044617,79358,137954
-0.03125,0.9069703653756043,0.3651711761457758,79359,137961
-0.031494140625,0.9069932227796889,0.3651652563624735,79361,137968
-0.03173828125,0.9070046514817313,0.36515137572467105,79362,137978
-0.031982421875,0.9070275088858158,0.36513033796777666,79364,137994
-0.0322265625,0.9070389375878581,0.36510470337111733,79365,138011
-0.032470703125,0.9070617949919427,0.36509542888949204,79367,138020
-0.03271484375,0.9070960810980697,0.36508739650413985,79370,138030
-0.032958984375,0.9070960810980697,0.36506556645646765,79370,138043
-0.033203125,0.9070960810980697,0.36503198686491933,79370,138063
-0.033447265625,0.9070960810980697,0.3650017705138169,79370,138081
-0.03369140625,0.9071189385021543,0.36498579088225286,79372,138094
-0.033935546875,0.9071532246082812,0.36497776796840153,79375,138104
-0.0341796875,0.9071532246082812,0.3649525963934637,79375,138119
-0.034423828125,0.9071646533103236,0.3649370592075621,79376,138130
-0.03466796875,0.9071989394164505,0.36492400768657884,79379,138143
-0.034912109375,0.9071989394164505,0.364902199646034,79379,138156
-0.03515625,0.9071989394164505,0.36487368537177317,79379,138173
-0.035400390625,0.9071989394164505,0.36484517555350254,79379,138190
-0.03564453125,0.9071989394164505,0.36481331691085905,79379,138209
-0.035888671875,0.9071989394164505,0.3647948749764475,79379,138220
-0.0361328125,0.907221796820535,0.3647822730364134,79381,138231
-0.036376953125,0.9072446542246198,0.3647596160473462,79383,138248
-0.03662109375,0.9072675116287043,0.3647386388175457,79385,138264
-0.036865234375,0.9072675116287043,0.36471015225161485,79385,138281
-0.037109375,0.9072789403307466,0.36470134237437635,79386,138288
-0.037353515625,0.9072789403307466,0.3646711868143983,79386,138306
-0.03759765625,0.9073017977348312,0.36464854784553835,79388,138323
-0.037841796875,0.9073132264368735,0.36462299464012604,79389,138340
-0.0380859375,0.9073132264368735,0.3645995508466403,79389,138354
-0.038330078125,0.9073132264368735,0.3645861557467015,79389,138362
-0.03857421875,0.9073246551389159,0.36454889427668796,79390,138386
-0.038818359375,0.9073246551389159,0.36453215541862194,79390,138396
-0.0390625,0.9073246551389159,0.36451207081791387,79390,138408
-0.039306640625,0.9073246551389159,0.3644936618780675,79390,138419
-0.03955078125,0.9073246551389159,0.36445684957604746,79390,138441
-0.039794921875,0.9073475125430005,0.3644442812287692,79392,138452
-0.0400390625,0.9073589412450428,0.3644254514408468,79393,138465
-0.040283203125,0.9073703699470851,0.36439491644444855,79394,138485
-0.04052734375,0.9073817986491274,0.36436940389266487,79395,138502
-0.040771484375,0.9073932273511697,0.3643472394946607,79396,138517
-0.041015625,0.9074046560532121,0.36432340659844903,79397,138533
-0.041259765625,0.9074160847552544,0.36429790592251365,79398,138550
-0.04150390625,0.9074503708613813,0.3642799139319255,79401,138566
-0.041748046875,0.9074503708613813,0.3642515046975925,79401,138583
-0.0419921875,0.9074617995634235,0.36423771187412557,79402,138593
-0.042236328125,0.9074617995634235,0.36422267481330617,79402,138602
-0.04248046875,0.9074617995634235,0.36420095680612063,79402,138615
-0.042724609375,0.9074617995634235,0.36417423050639125,79402,138631
-0.04296875,0.9074732282654658,0.36416378495886115,79403,138639
-0.043212890625,0.9074846569675082,0.36414499027772684,79404,138652
-0.04345703125,0.9075075143715928,0.364125774396647,79406,138667
-0.043701171875,0.9075075143715928,0.364097390985373,79406,138684
-0.0439453125,0.9075075143715928,0.36407068122839353,79406,138700
-0.044189453125,0.9075075143715928,0.36404731340546487,79406,138714
-0.04443359375,0.9075189430736351,0.36402853292013165,79407,138727
-0.044677734375,0.9075303717756774,0.36399974330060414,79408,138746
-0.044921875,0.9075418004777197,0.3639826371541067,79409,138758
-0.045166015625,0.9075418004777197,0.36395594523862995,79409,138774
-0.04541015625,0.9075760865838467,0.3639396703039858,79412,138789
-0.045654296875,0.907587515285889,0.363905894860327,79413,138811
-0.0458984375,0.9076103726899736,0.36388337770283585,79415,138828
-0.046142578125,0.9076446587961006,0.36386211193783674,79418,138846
-0.04638671875,0.9076560874981429,0.3638350215087753,79419,138864
-0.046630859375,0.9076789449022274,0.3638075170060237,79421,138884
-0.046875,0.9077132310083543,0.36380459427890893,79424,138891
-0.047119140625,0.9077475171144813,0.3638016718195351,79427,138898
-0.04736328125,0.9077475171144813,0.36378500927473834,79427,138908
-0.047607421875,0.9077818032206082,0.3637737577284177,79430,138920
-0.0478515625,0.9078046606246929,0.36375792823941566,79432,138933
-0.048095703125,0.9078160893267352,0.36374251867183816,79433,138944
-0.04833984375,0.9078389467308198,0.3637167007023874,79435,138963
-0.048583984375,0.9078503754328621,0.3636913046663248,79436,138980
-0.048828125,0.9078503754328621,0.36366632941294963,79436,138995
-0.049072265625,0.9078503754328621,0.3636413575895187,79436,139010
-0.04931640625,0.9078618041349044,0.3636209666713967,79437,139024
-0.049560546875,0.9078960902410314,0.3635997473476076,79440,139042
-0.0498046875,0.9079189476451159,0.3635839393675886,79442,139055
-0.050048828125,0.9079418050492005,0.3635697974015038,79444,139067
-0.05029296875,0.9079418050492005,0.3635465049765473,79444,139081
-0.050537109375,0.9079646624532852,0.3635323672204961,79446,139093
-0.05078125,0.9079760911553275,0.3635119924595295,79447,139107
-0.051025390625,0.9079989485594121,0.36349952188573753,79449,139118
-0.05126953125,0.9079989485594121,0.36346460006953724,79449,139139
-0.051513671875,0.9080103772614544,0.3634442345256012,79450,139153
-0.0517578125,0.908033234665539,0.36343509564803717,79452,139162
-0.052001953125,0.9080446633675814,0.36341473455031126,79453,139176
-0.05224609375,0.908067520771666,0.36340892251118284,79455,139183
-0.052490234375,0.9080789494737083,0.3633952133327845,79456,139193
-0.052734375,0.9080789494737083,0.3633652997480187,79456,139211
-0.052978515625,0.9080903781757506,0.36333996387498,79457,139228
-0.05322265625,0.9081018068777928,0.3633129709561782,79458,139246
-0.053466796875,0.9081132355798351,0.36328764367553334,79459,139263
-0.0537109375,0.9081246642818775,0.36326564200093264,79460,139278
-0.053955078125,0.9081246642818775,0.363240732698523,79460,139293
-0.05419921875,0.9081360929839198,0.36320877613986974,79461,139314
-0.054443359375,0.9081360929839198,0.36316893587265026,79461,139338
-0.0546875,0.9081360929839198,0.3631456997527569,79461,139352
-0.054931640625,0.9081475216859621,0.36313201476986073,79462,139362
-0.05517578125,0.9081475216859621,0.363103805959578,79462,139379
-0.055419921875,0.9081589503880044,0.3630901248332206,79463,139389
-0.0556640625,0.9081589503880044,0.3630619228853789,79463,139406
-0.055908203125,0.9081703790900467,0.36303165973776785,79464,139426
-0.05615234375,0.9081932364941313,0.36301592014800943,79466,139439
-0.056396484375,0.9082046651961737,0.36299561483646997,79467,139453
-0.056640625,0.908216093898216,0.3629686807740969,79468,139471
-0.056884765625,0.9082389513023006,0.3629512913612386,79470,139485
-0.05712890625,0.9082618087063852,0.3629455070239857,79472,139492
-0.057373046875,0.9082846661104699,0.3629248066051091,79474,139508
-0.0576171875,0.9082960948125122,0.3629078289458663,79475,139520
-0.057861328125,0.9082960948125122,0.36288297338021097,79475,139535
-0.05810546875,0.9082960948125122,0.36286309137894823,79475,139547
-0.058349609375,0.908330380918639,0.36285028168628275,79478,139560
-0.05859375,0.908330380918639,0.3628304040173476,79478,139572
-0.058837890625,0.9083418096206813,0.36280515638979677,79479,139589
-0.05908203125,0.9083532383227236,0.36278322469920216,79480,139604
-0.059326171875,0.9083532383227236,0.36275673208580556,79480,139620
-0.0595703125,0.9083532383227236,0.3627335542229159,79480,139634
-0.059814453125,0.9083532383227236,0.36271368984054836,79480,139646
-0.06005859375,0.908364667024766,0.36269011558662606,79481,139662
-0.060302734375,0.9083875244288506,0.36266945305049714,79483,139678
-0.060546875,0.9084103818329352,0.36265375771069824,79485,139691
-0.060791015625,0.9084103818329352,0.36264052120592744,79485,139699
-0.06103515625,0.9084332392370198,0.3626182123419844,79487,139716
-0.061279296875,0.9084446679390622,0.36258969177504186,79488,139735
-0.0615234375,0.9084446679390622,0.36255992264220654,79488,139753
-0.061767578125,0.9084560966411045,0.36253141233507097,79489,139772
-0.06201171875,0.9084560966411045,0.3625082658761829,79489,139786
-0.062255859375,0.9084560966411045,0.36248842840660866,79489,139798
-0.0625,0.9084789540451891,0.36246449041754253,79491,139816
-0.06298828125,0.9085246688533584,0.3624414130177083,79495,139837
-0.0634765625,0.908547526257443,0.36239270263986834,79497,139870
-0.06396484375,0.9085818123635698,0.3623518687329079,79500,139900
-0.064453125,0.9085932410656122,0.3623068860228775,79501,139929
-0.06494140625,0.9086160984696968,0.36225656821557783,79503,139963
-0.0654296875,0.9086160984696968,0.3622054059964373,79503,139994
-0.06591796875,0.9086389558737814,0.36216006923882843,79505,140025
-0.06640625,0.908661813277866,0.3621229925577752,79507,140051
-0.06689453125,0.9087075280860353,0.36208678862066296,79511,140080
-0.0673828125,0.9087075280860353,0.3620406249003957,79511,140108
-0.06787109375,0.9087532428942046,0.3620143321526456,79515,140131
-0.068359375,0.9087646715962469,0.361974389205774,79516,140157
-0.06884765625,0.9087875290003314,0.3619307708063085,79518,140187
-0.0693359375,0.9087875290003314,0.3618813570892211,79518,140217
-0.06982421875,0.9088218151064583,0.36183572900883193,79521,140250
-0.0703125,0.908844672510543,0.3617707537212942,79523,140293
-0.07080078125,0.9088789586166699,0.3617333873102658,79526,140321
-0.0712890625,0.9088789586166699,0.3616922573133459,79526,140346
-0.07177734375,0.9089018160207545,0.3616487194412107,79528,140376
-0.072265625,0.9089361021268815,0.36160974101556814,79531,140405
-0.07275390625,0.9089361021268815,0.36156042297445967,79531,140435
-0.0732421875,0.9089589595309661,0.36152678279210154,79533,140459
-0.07373046875,0.9089703882330084,0.36148039068642823,79534,140489
-0.07421875,0.908993245637093,0.36144348355608474,79536,140515
-0.07470703125,0.9090275317432199,0.36139306647280656,79539,140551
-0.0751953125,0.9090503891473045,0.36135289841904417,79541,140579
-0.07568359375,0.9090732465513892,0.3613045354409393,79543,140612
-0.076171875,0.9090846752534315,0.3612434433116102,79544,140651
-0.07666015625,0.9091189613595584,0.361211135984888,79547,140676
-0.0771484375,0.9091303900616007,0.3611517193160872,79548,140714
-0.07763671875,0.909141818763643,0.36111527234925345,79549,140738
-0.078125,0.9091532474656854,0.36106900026325583,79550,140768
-0.07861328125,0.90917610486977,0.3610387488540541,79552,140790
-0.0791015625,0.9092103909758968,0.3610032127493511,79555,140817
-0.07958984375,0.9092218196779391,0.3609553365637647,79556,140848
-0.080078125,0.9092332483799815,0.3609025626136936,79557,140882
-0.08056640625,0.9092561057840661,0.3608657985095275,79559,140908
-0.0810546875,0.9092561057840661,0.3608167004539744,79559,140938
-0.08154296875,0.9092675344861084,0.36078033030718026,79560,140962
-0.08203125,0.9092789631881507,0.36074396840582734,79561,140986
-0.08251953125,0.9093132492942777,0.3607183174578707,79564,141007
-0.0830078125,0.9093132492942777,0.36067253251374665,79564,141035
-0.08349609375,0.90932467799632,0.36061331230341104,79565,141073
-0.083984375,0.9093475354004046,0.3605651801534397,79567,141106
-0.08447265625,0.9093703928044892,0.3605284978319083,79569,141132
-0.0849609375,0.9093818215065315,0.36048076182537275,79570,141163
-0.08544921875,0.9094046789106162,0.36045552968462635,79572,141182
-0.0859375,0.9094161076126585,0.36040944810562314,79573,141212
-0.08642578125,0.909438965016743,0.36037280413743755,79575,141238
-0.0869140625,0.909438965016743,0.3603385348270647,79575,141259
-0.08740234375,0.9094503937187853,0.3602843301489564,79576,141294
-0.087890625,0.9094846798249123,0.3602587666482566,79579,141315
-0.08837890625,0.9095303946330815,0.36022958225264007,79583,141340
-0.0888671875,0.9095532520371662,0.36017994288533167,79585,141374
-0.08935546875,0.9095646807392085,0.36015023984070954,79586,141394
-0.08984375,0.9095989668453354,0.3601230741385941,79589,141416
-0.09033203125,0.9096332529514624,0.3600714786581918,79592,141453
-0.0908203125,0.9096446816535046,0.3600271401108221,79593,141482
-0.09130859375,0.9096561103555469,0.35998444171068816,79594,141510
-0.091796875,0.9096789677596315,0.3599332552534356,79596,141545
-0.09228515625,0.9097475399718854,0.3599050525601899,79602,141573
-0.0927734375,0.90977039737597,0.3598685370451576,79604,141599
-0.09326171875,0.9097932547800547,0.3598190192506746,79606,141633
-0.09375,0.9097932547800547,0.35978649456067324,79606,141653
-0.09423828125,0.909804683482097,0.3597422375264925,79607,141682
-0.0947265625,0.9098275408861816,0.3596976351198706,79609,141713
-0.09521484375,0.9098503982902661,0.3596611700926135,79611,141739
-0.095703125,0.9098618269923084,0.3596039532404647,79612,141776
-0.09619140625,0.9098732556943508,0.35954675602684416,79613,141813
-0.0966796875,0.9098846843963931,0.3594863319877543,79614,141852
-0.09716796875,0.9099075418004777,0.3594482945438949,79616,141879
-0.09765625,0.9099303992045623,0.3594183794618069,79618,141901
-0.09814453125,0.9099418279066046,0.35936935798367875,79619,141933
-0.0986328125,0.909953256608647,0.3593203511067987,79620,141965
-0.09912109375,0.909953256608647,0.3592781946744521,79620,141991
-0.099609375,0.9099761140127316,0.359236967722724,79622,142020
-0.10009765625,0.9099761140127316,0.35920131370001446,79622,142042
-0.1005859375,0.9099875427147739,0.3591669373173108,79623,142065
-0.10107421875,0.9099989714168162,0.35911799062786115,79624,142097
-0.1015625,0.9100104001188585,0.3590868708369599,79625,142118
-0.10205078125,0.9100104001188585,0.3590237260012084,79625,142157
-0.1025390625,0.9100218288209008,0.35898615018394286,79626,142182
-0.10302734375,0.9100332575229432,0.35893725686415046,79627,142214
-0.103515625,0.9100561149270278,0.35889612028557005,79629,142243
-0.10400390625,0.9100561149270278,0.35885245088981926,79629,142270
-0.1044921875,0.91006754362907,0.35881491494874396,79630,142295
-0.10498046875,0.9101018297351969,0.3587702344105496,79633,142328
-0.10546875,0.9101132584372393,0.35871009590046893,79634,142367
-0.10595703125,0.9101361158413239,0.3586593285833956,79636,142402
-0.1064453125,0.9101704019474508,0.3586292301803526,79639,142426
-0.10693359375,0.9101704019474508,0.35859854829704074,79639,142445
-0.107421875,0.9101932593515355,0.3585671899832965,79641,142468
-0.10791015625,0.9102046880535778,0.35852810890625564,79642,142494
-0.1083984375,0.9102275454576624,0.35848385688372364,79644,142525
-0.10888671875,0.9102732602658317,0.3584550716028047,79648,142550
-0.109375,0.9103075463719585,0.35841856823366885,79651,142578
-0.10986328125,0.9103075463719585,0.35837663944568177,79651,142604
-0.1103515625,0.9103075463719585,0.3583347204664366,79651,142630
-0.11083984375,0.9103189750740008,0.35828441625621305,79652,142663
-0.111328125,0.9103189750740008,0.35823124111752747,79652,142696
-0.11181640625,0.9103304037760431,0.35817130420706156,79653,142735
-0.1123046875,0.9103532611801278,0.3581239350247052,79655,142768
-0.11279296875,0.9103532611801278,0.35807885781587856,79655,142796
-0.11328125,0.910398975988297,0.3580324597399445,79659,142832
-0.11376953125,0.910433262094424,0.3579976721298215,79662,142859
-0.1142578125,0.9104561194985086,0.3579567921204932,79664,142888
-0.11474609375,0.9105132630087202,0.3579181454692484,79669,142921
-0.115234375,0.9105361204128047,0.35787889677477314,79671,142949
-0.11572265625,0.910547549114847,0.3578255245760276,79672,142984
-0.1162109375,0.910547549114847,0.35778374543070385,79672,143010
-0.11669921875,0.9105932639230163,0.3577454796894714,79676,143041
-0.1171875,0.9106161213271009,0.35770627662774357,79678,143069
-0.11767578125,0.9106389787311855,0.3576767173465128,79680,143091
-0.1181640625,0.9106504074332278,0.3576073638905469,79681,143136
-0.11865234375,0.9106846935393548,0.3575470131874739,79684,143179
-0.119140625,0.9106961222413971,0.35749696047950397,79685,143212
-0.11962890625,0.910730408347524,0.35745108417737986,79688,143246
-0.1201171875,0.9107532657516086,0.3574103558854529,79690,143275
-0.12060546875,0.9107532657516086,0.35735426008968607,79690,143310
-0.12109375,0.9107532657516086,0.35731420244367224,79690,143335
-0.12158203125,0.9107875518577355,0.3572811964815695,79693,143361
-0.1220703125,0.9108561240699894,0.3572312215937105,79699,143403
-0.12255859375,0.910878981474074,0.3571969578136414,79701,143428
-0.123046875,0.9109018388781586,0.3571739062240924,79703,143446
-0.12353515625,0.9109018388781586,0.357137096051476,79703,143469
-0.1240234375,0.9109018388781586,0.35708589451801936,79703,143501
-0.12451171875,0.910913267580201,0.3570311905071201,79704,143537
-0.125,0.9109475536863278,0.35696307973415975,79707,143585
-0.1259765625,0.9109818397924547,0.3568774232832186,79710,143644
-0.126953125,0.9110161258985817,0.35678382963105526,79713,143708
-0.1279296875,0.9110732694087933,0.3566944530204796,79718,143773
-0.12890625,0.9111075555149202,0.3565898060966609,79721,143844
-0.1298828125,0.911141841621047,0.3564820404129833,79724,143917
-0.130859375,0.9111989851312586,0.3563912530396224,79729,143983
-0.1318359375,0.9112104138333009,0.3562937937937938,79730,144046
-0.1328125,0.9112218425353432,0.3562186698596231,79731,144095
-0.1337890625,0.9112218425353432,0.35611843368812224,79731,144158
-0.134765625,0.9112561286414702,0.3560316496392084,79734,144218
-0.1357421875,0.9112675573435125,0.35595346511669435,79735,144269
-0.13671875,0.9113247008537241,0.3558963464164889,79740,144314
-0.1376953125,0.9114161304700625,0.355827235409602,79748,144372
-0.138671875,0.9114504165761894,0.3557564916381545,79751,144422
-0.1396484375,0.9115189887884433,0.35568171176032504,79757,144480
-0.140625,0.9115418461925279,0.35557487405822297,79759,144551
-0.1416015625,0.9115647035966126,0.35548553295420104,79761,144611
-0.142578125,0.911621847106824,0.35540644103441515,79766,144670
-0.1435546875,0.911656133212951,0.3553042417007781,79769,144740
-0.14453125,0.9116904193190779,0.35522267098308313,79772,144797
-0.1455078125,0.9117589915313318,0.3551624047296816,79778,144846
-0.146484375,0.9118047063395011,0.35509958829420274,79782,144893
-0.1474609375,0.9118275637435856,0.35501210308984765,79784,144952
-0.1484375,0.9118847072537972,0.3549411686202985,79789,145006
-0.1494140625,0.9119304220619664,0.35486108949243295,79793,145064
-0.150390625,0.9119532794660511,0.3547500811352714,79795,145138
-0.1513671875,0.9119532794660511,0.3546523256072357,79795,145200
-0.15234375,0.9120104229762626,0.35459259621323547,79800,145247
-0.1533203125,0.9120332803803473,0.354517992003554,79802,145298
-0.154296875,0.9120789951885164,0.35445230576541287,79806,145347
-0.1552734375,0.9121475674007703,0.35438923671240175,79812,145398
-0.15625,0.9122047109109819,0.3543186146340597,79817,145452
-0.1572265625,0.9122389970171088,0.3542281492000799,79820,145515
-0.158203125,0.9122732831232357,0.35413302337136876,79823,145581
-0.1591796875,0.912284711825278,0.3540243750997889,79824,145652
-0.16015625,0.9123418553354895,0.3539617789207644,79829,145701
-0.1611328125,0.9123647127395742,0.35388905143140853,79831,145751
-0.162109375,0.9124218562497857,0.35382338081351544,79836,145802
-0.1630859375,0.912467571057955,0.3537517446110902,79840,145855
-0.1640625,0.9124904284620395,0.35363995535318815,79842,145930
-0.1650390625,0.9125475719722511,0.3535665735299978,79847,145986
-0.166015625,0.912581858078378,0.35349063703572536,79850,146040
-0.1669921875,0.912616144184505,0.3534256882358148,79853,146087
-0.16796875,0.9126390015885896,0.35332507411176495,79855,146155
-0.1689453125,0.9126504302906319,0.3532294735352141,79856,146218
-0.169921875,0.9126732876947166,0.35311804944483993,79858,146293
-0.1708984375,0.9126847163967589,0.3530475377875234,79859,146340
-0.171875,0.9127532886090127,0.3529648338924024,79865,146404
-0.1728515625,0.9127990034171819,0.3528889360179208,79869,146460
-0.173828125,0.9127990034171819,0.3528141109741714,79869,146508
-0.1748046875,0.9128447182253512,0.3527305005255209,79873,146569
-0.17578125,0.9128675756294358,0.35263499463597475,79875,146634
-0.1767578125,0.9129361478416896,0.35254941941292517,79881,146700
-0.177734375,0.9129590052457742,0.35245402562563977,79883,146765
-0.1787109375,0.9129818626498588,0.3523649050994438,79885,146826
-0.1796875,0.913061863564155,0.3522792412230032,79892,146894
-0.1806640625,0.9131190070743666,0.352222080172106,79897,146940
-0.181640625,0.9131647218825358,0.3521279455640808,79901,147008
-0.1826171875,0.9131875792866204,0.3520560801194919,79903,147058
-0.18359375,0.9132332940947897,0.3520008105441218,79907,147101
-0.1845703125,0.913244722796832,0.351898254777014,79908,147169
-0.185546875,0.9132904376050012,0.35178728649410107,79912,147248
-0.1865234375,0.9133818672213396,0.35171721794849226,79920,147308
-0.1875,0.9134047246254243,0.351625435011197,79922,147371
-0.1884765625,0.9134618681356358,0.35156390891456674,79927,147420
-0.189453125,0.9134847255397205,0.35149076517150396,79929,147471
-0.1904296875,0.9134847255397205,0.3514026827048629,79929,147528
-0.19140625,0.9135075829438051,0.35133270038855774,79931,147577
-0.1923828125,0.9135532977519744,0.3512406680757012,79935,147644
-0.193359375,0.9135875838581012,0.3511658964311445,79938,147698
-0.1943359375,0.9136218699642281,0.3510726598010584,79941,147764
-0.1953125,0.9136332986662705,0.35099227256761506,79942,147818
-0.1962890625,0.9136332986662705,0.3508998332016504,79942,147878
-0.197265625,0.9136675847723974,0.3508067524101646,79945,147944
-0.1982421875,0.913690442176482,0.35070626425688717,79947,148013
-0.19921875,0.913724728282609,0.3506271379703535,79950,148070
-0.2001953125,0.9137590143887359,0.3505419056137213,79953,148131
-0.201171875,0.9137818717928204,0.3504508018882397,79955,148194
-0.2021484375,0.9138161578989474,0.35037334361635,79958,148250
-0.203125,0.9138618727071166,0.35030644475889655,79962,148301
-0.2041015625,0.9138961588132436,0.3502183253112833,79965,148364
-0.205078125,0.9139533023234552,0.35013901355108473,79970,148425
-0.2060546875,0.913987588429582,0.3500295437137542,79973,148502
-0.20703125,0.9140675893438782,0.3499330585671908,79980,148578
-0.2080078125,0.9140904467479628,0.349860680369711,79982,148629
-0.208984375,0.9141590189602167,0.34978441301743063,79988,148690
-0.2099609375,0.9141933050663437,0.3497042480731314,79991,148748
-0.2109375,0.9142161624704283,0.34960141950596996,79993,148819
-0.2119140625,0.9143075920867667,0.3495493054979049,80001,148868
-0.212890625,0.914319020788809,0.34946358680458484,80002,148926
-0.2138671875,0.9143761642990206,0.3493892773078418,80007,148984
-0.21484375,0.9144218791071898,0.34930911789744823,80011,149044
-0.2158203125,0.914467593915359,0.3492442461884954,80015,149094
-0.216796875,0.9144790226174013,0.3491343200223401,80016,149168
-0.2177734375,0.9145247374255706,0.34906038980300463,80020,149224
-0.21875,0.9145590235316975,0.34895322318302135,80023,149300
-0.2197265625,0.9145933096378245,0.3488704628878833,80026,149360
-0.220703125,0.9146047383398668,0.348777511440401,80027,149423
-0.2216796875,0.9146161670419091,0.34867701584618266,80028,149491
-0.22265625,0.9146390244459937,0.3485915646329618,80030,149551
-0.2236328125,0.9147075966582475,0.34850384923537814,80036,149620
-0.224609375,0.9147647401684591,0.3484254881987794,80041,149681
-0.2255859375,0.9147875975725437,0.34834321226205706,80043,149739
-0.2265625,0.9148218836786706,0.3482622996467169,80046,149798
-0.2275390625,0.9148447410827553,0.348175566642164,80048,149859
-0.228515625,0.9148675984868399,0.3480873675376461,80050,149921
-0.2294921875,0.9149133132950091,0.3480063989984176,80054,149982
-0.23046875,0.9149818855072629,0.34793265595257755,80060,150042
-0.2314453125,0.9150161716133899,0.34784289872702784,80063,150107
-0.232421875,0.9150390290174745,0.3477246866503948,80065,150189
-0.2333984375,0.9150618864215591,0.34762768968930724,80067,150257
-0.234375,0.9150733151236015,0.34753998741237496,80068,150317
-0.2353515625,0.9151076012297283,0.3474564871186249,80071,150378
-0.236328125,0.9151304586338129,0.34736116051674926,80073,150445
-0.2373046875,0.9151533160378976,0.3472764333420071,80075,150505
-0.23828125,0.9151990308460668,0.347195907130005,80079,150566
-0.2392578125,0.9152333169521938,0.34709454275943674,80082,150639
-0.240234375,0.9152676030583207,0.34703083562997245,80085,150687
-0.2412109375,0.9152904604624053,0.3469207410840759,80087,150764
-0.2421875,0.91531331786649,0.3468257405161961,80089,150831
-0.2431640625,0.9153704613767014,0.3467617987938193,80094,150883
-0.244140625,0.9154047474828284,0.34666372359349235,80097,150954
-0.2451171875,0.9154733196950823,0.3466026853129908,80103,151006
-0.24609375,0.9154733196950823,0.3465082276400256,80103,151069
-0.2470703125,0.915541891907336,0.34640830940602624,80109,151147
-0.248046875,0.915576178013463,0.34631196261601443,80112,151217
-0.2490234375,0.9156333215236746,0.3462347933187839,80117,151278
-0.25,0.9156447502257169,0.34608954837037514,80118,151377
-0.251953125,0.9156790363318438,0.3459455958549223,80121,151479
-0.25390625,0.9157704659481822,0.345774106965625,80129,151609
-0.255859375,0.9158618955645207,0.34559835086402824,80137,151742
-0.2578125,0.9158733242665631,0.3454209249098064,80138,151863
-0.259765625,0.9159304677767746,0.3452594303044924,80143,151981
-0.26171875,0.9159990399890284,0.3450771535838529,80149,152115
-0.263671875,0.9161133270094516,0.34490933969002524,80159,152247
-0.265625,0.91620475662579,0.34474054260932385,80167,152376
-0.267578125,0.9163076149441708,0.3445806848119926,80176,152501
-0.26953125,0.916387615858467,0.3444390510023927,80183,152610
-0.271484375,0.9164561880707208,0.34426961468283784,80189,152736
-0.2734375,0.9165590463891016,0.34410143093128526,80198,152867
-0.275390625,0.916684762111567,0.34395972434850103,80209,152984
-0.27734375,0.9167190482176939,0.3438118833100445,80212,153090
-0.279296875,0.9168219065360746,0.34367516204625975,80221,153200
-0.28125,0.9168561926422016,0.34349082657189955,80224,153331
-0.283203125,0.9169133361524132,0.343316729998973,80229,153459
-0.28515625,0.917016194470794,0.343148198042159,80238,153591
-0.287109375,0.9170504805769208,0.342968883569841,80241,153719
-0.2890625,0.9170961953850901,0.34281307940088346,80245,153833
-0.291015625,0.917164767597344,0.34264256314791725,80251,153961
-0.29296875,0.9172219111075555,0.3424519003059435,80256,154101
-0.294921875,0.917279054617767,0.34228190781617823,80261,154227
-0.296875,0.9173361981279786,0.3421150215031306,80266,154351
-0.298828125,0.9173704842341055,0.34191795059656416,80269,154492
-0.30078125,0.9174504851484017,0.3417628827356016,80276,154612
-0.302734375,0.917496199956571,0.3415952173265536,80280,154735
-0.3046875,0.9175876295729094,0.3414258680444813,80288,154867
-0.306640625,0.917644773083121,0.3412541226071878,80293,154995
-0.30859375,0.9176904878912902,0.34103921035642687,80297,155151
-0.310546875,0.9177704888055863,0.34086770492429547,80304,155283
-0.3125,0.9178390610178402,0.34070661304281424,80310,155406
-0.314453125,0.9178619184219248,0.3405316248521262,80312,155531
-0.31640625,0.9179647767403056,0.3403836048344719,80321,155651
-0.318359375,0.9180447776546018,0.34020133915525647,80328,155791
-0.3203125,0.9181133498668557,0.34001506776260654,80334,155932
-0.322265625,0.9181819220791094,0.339831902914839,80340,156071
-0.32421875,0.9182504942913633,0.33964034798488346,80346,156216
-0.326171875,0.9183076378015749,0.33949070690084965,80351,156330
-0.328125,0.9184104961199556,0.3393423447390535,80360,156451
-0.330078125,0.9184676396301672,0.3391572239454749,80365,156590
-0.33203125,0.9185362118424211,0.3390265919751628,80371,156693
-0.333984375,0.9185933553526326,0.33886900319997976,80376,156813
-0.3359375,0.9186504988628441,0.3387072986764539,80381,156936
-0.337890625,0.918719071075098,0.33852716867190824,80387,157074
-0.33984375,0.9187762145853096,0.33835016835016835,80392,157208
-0.341796875,0.9188219293934787,0.3381762810536145,80396,157338
-0.34375,0.918867644201648,0.33799974776138225,80400,157470
-0.345703125,0.9189133590098173,0.3378120614753754,80404,157610
-0.34765625,0.919016217328198,0.3376682819494251,80413,157729
-0.349609375,0.9190390747322826,0.33749102919760104,80415,157858
-0.3515625,0.9191190756465788,0.33732362464976595,80422,157990
-0.353515625,0.9191533617527058,0.33714812718774234,80425,158120
-0.35546875,0.9192219339649595,0.336950101171749,80431,158272
-0.357421875,0.9193247922833404,0.3367930966626333,80440,158401
-0.359375,0.9194047931976366,0.33662649594108296,80447,158533
-0.361328125,0.9195076515160173,0.33646986006908725,80456,158662
-0.36328125,0.9195647950262289,0.33630230886262186,80461,158791
-0.365234375,0.9196447959405251,0.3361559381227102,80468,158909
-0.3671875,0.9197133681527789,0.3360083507306889,80474,159026
-0.369140625,0.9198162264711597,0.3358636230855903,80483,159147
-0.37109375,0.9199076560874981,0.3357064804851397,80491,159275
-0.373046875,0.919976228299752,0.33553978066135065,80497,159406
-0.375,0.9200562292140482,0.3353606718544315,80504,159548
-0.376953125,0.9200790866181328,0.3351707369876017,80506,159688
-0.37890625,0.9201362301283443,0.3349935090872778,80511,159825
-0.380859375,0.9202276597446828,0.33483035799681465,80519,159958
-0.3828125,0.920307660658979,0.3346243029179791,80526,160120
-0.384765625,0.9203990902753174,0.33447546900243796,80534,160243
-0.38671875,0.9204790911896136,0.33433374844333746,80541,160359
-0.388671875,0.920570520805952,0.3341575019394236,80549,160502
-0.390625,0.9206276643161636,0.333971807628524,80554,160646
-0.392578125,0.9206962365284175,0.33380984937949326,80560,160775
-0.39453125,0.9207648087406713,0.3336411636815405,80566,160909
-0.396484375,0.9208333809529252,0.33347267346812076,80572,161043
-0.3984375,0.9208562383570098,0.3332864541107563,80574,161182
-0.400390625,0.920901953165179,0.3330963266723438,80578,161328
-0.40234375,0.9209705253774328,0.33292982709826685,80584,161461
-0.404296875,0.9210390975896867,0.3327841300909695,80590,161579
-0.40625,0.9211305272060252,0.3326207534088283,80598,161714
-0.408203125,0.9211648133121522,0.3324479164518431,80601,161846
-0.41015625,0.9212562429284906,0.3322767069531237,80609,161987
-0.412109375,0.921381958650956,0.33211532995258436,80620,162127
-0.4140625,0.9214619595652521,0.3319499853842702,80627,162262
-0.416015625,0.9215076743734214,0.3317793157933719,80631,162395
-0.41796875,0.9215876752877176,0.3316252673137029,80638,162522
-0.419921875,0.9216448187979291,0.3314236631966563,80643,162680
-0.421875,0.9216905336060983,0.33128353009801265,80647,162791
-0.423828125,0.9217476771163099,0.3310986949328582,80652,162937
-0.42578125,0.9217933919244792,0.33094121460546455,80656,163061
-0.427734375,0.9218962502428599,0.3307772743116068,80665,163200
-0.4296875,0.9219648224551138,0.3306500202887977,80671,163306
-0.431640625,0.92204482336941,0.3304998996349991,80678,163431
-0.43359375,0.9221133955816638,0.33034449439490343,80684,163558
-0.435546875,0.9221705390918753,0.33018651738728344,80689,163685
-0.4375,0.9222048251980023,0.32997329691135635,80692,163849
-0.439453125,0.9222619687082138,0.3297954946707644,80697,163991
-0.44140625,0.9223419696225099,0.32960588115172557,80704,164146
-0.443359375,0.9224333992388485,0.3294676643113435,80712,164265
-0.4453125,0.9225134001531446,0.32929192384418,80719,164410
-0.447265625,0.9225476862592715,0.3291081439200897,80722,164553
-0.44921875,0.9226048297694831,0.3289354124986248,80727,164692
-0.451171875,0.922673401981737,0.3287843616371411,80733,164817
-0.453125,0.9227191167899061,0.3285945690749845,80737,164967
-0.455078125,0.9228105464062446,0.3284319707138499,80745,165105
-0.45703125,0.9228562612144139,0.3282746564761363,80749,165231
-0.458984375,0.9229248334266678,0.3281136360866085,80755,165364
-0.4609375,0.9229934056389216,0.3279301593746828,80761,165514
-0.462890625,0.9230962639573024,0.3277524387670633,80770,165666
-0.46484375,0.9231419787654717,0.32757459993024635,80774,165808
-0.466796875,0.9232334083818101,0.3274052218178281,80782,165952
-0.46875,0.9233248379981486,0.327233401380383,80790,166098
-0.470703125,0.9233934102104024,0.32708415142155056,80796,166223
-0.47265625,0.9234619824226563,0.326895379885104,80802,166378
-0.474609375,0.9235076972308255,0.3267225450119884,80806,166517
-0.4765625,0.9235305546349101,0.3265484258125523,80808,166653
-0.478515625,0.9235876981451216,0.3263826624986874,80813,166789
-0.48046875,0.9237134138675871,0.32620312222527165,80824,166948
-0.482421875,0.9238162721859678,0.3260315411608115,80833,167097
-0.484375,0.9238505582920947,0.32585700925537747,80836,167236
-0.486328125,0.923896273100264,0.32567358514889777,80840,167384
-0.48828125,0.9239762740145602,0.3255208123625998,80847,167515
-0.490234375,0.9240219888227295,0.3253522090276576,80851,167652
-0.4921875,0.924044846226814,0.32514829187863187,80853,167812
-0.494140625,0.9241134184390679,0.324960715677961,80859,167968
-0.49609375,0.924227705459491,0.3247920574166523,80869,168118
-0.498046875,0.9243305637778717,0.3246352379232143,80878,168257
-0.5,0.9243877072880833,0.3243740750989569,80883,168468
-0.50390625,0.9245019943085064,0.3240126572138108,80893,168767
-0.5078125,0.9247191396473102,0.32370885726516585,80912,169041
-0.51171875,0.9248334266677334,0.32334267002840966,80922,169345
-0.515625,0.9249934284963257,0.3229688747007183,80936,169664
-0.51953125,0.925153430324918,0.32262178524030244,80950,169963
-0.5234375,0.9252791460473834,0.32228542767177926,80961,170248
-0.52734375,0.9255077200882296,0.32193956452427236,80981,170560
-0.53125,0.9256562932147796,0.3215961882072662,80994,170856
-0.53515625,0.9258048663413296,0.32124728351390364,81007,171157
-0.5390625,0.925930582063795,0.32088242865912825,81018,171467
-0.54296875,0.9261705848066835,0.3205796138281333,81039,171750
-0.546875,0.9263534440393605,0.32024638288120993,81055,172047
-0.55078125,0.9264334449536566,0.3198822470916926,81062,172350
-0.5546875,0.9266277328883759,0.31952063432012356,81079,172673
-0.55859375,0.9267763060149259,0.3191517832544886,81092,172994
-0.5625,0.9269134504394336,0.31881881685135754,81104,173285
-0.56640625,0.9270048800557721,0.3184896947898711,81112,173565
-0.5703125,0.9271305957782374,0.31813564971862196,81123,173872
-0.57421875,0.9273477411170413,0.3177752365436431,81142,174202
-0.578125,0.9274620281374645,0.31741412624283244,81152,174514
-0.58203125,0.9275877438599298,0.317047922623791,81163,174833
-0.5859375,0.9276906021783106,0.3167057483193589,81172,175129
-0.58984375,0.9277706030926067,0.3163467308876367,81179,175435
-0.59375,0.9278963188150722,0.3159992371492735,81190,175741
-0.59765625,0.9280106058354952,0.3156548477509592,81200,176043
-0.6015625,0.9282048937702145,0.31528583296454166,81217,176381
-0.60546875,0.9283534668967646,0.314937733595943,81230,176694
-0.609375,0.9284906113212722,0.3145890771661349,81242,177006
-0.61328125,0.9286734705539492,0.3142312436918246,81258,177335
-0.6171875,0.9287306140641607,0.31385248782447156,81263,177658
-0.62109375,0.9288220436804993,0.3135007734235468,81271,177966
-0.625,0.9289820455090916,0.31312115749087044,81285,178311
-0.62890625,0.9291306186356415,0.3127712289557108,81298,178630
-0.6328125,0.9292791917621915,0.31244980536972067,81311,178926
-0.63671875,0.9293820500805724,0.31211858356810035,81320,179222
-0.640625,0.9295077658030377,0.3117432184322188,81331,179560
-0.64453125,0.9295763380152916,0.3113950122893393,81337,179865
-0.6484375,0.9296677676316301,0.3110231704519385,81345,180195
-0.65234375,0.9297591972479685,0.31064754355014856,81353,180529
-0.65625,0.9299306277786031,0.3103362790005835,81368,180825
-0.66015625,0.9301020583092379,0.31000213313830355,81383,181141
-0.6640625,0.9302163453296609,0.30962742606724136,81393,181481
-0.66796875,0.9303534897541686,0.3092718880003039,81405,181810
-0.671875,0.9304106332643801,0.30887195908518356,81410,182162
-0.67578125,0.9305934924970571,0.30853583215553726,81426,182485
-0.6796875,0.9307649230276918,0.3081478062143387,81441,182851
-0.68359375,0.9308677813460725,0.30777195024259,81450,183194
-0.6875,0.9309477822603687,0.30742434878437236,81457,183509
-0.69140625,0.9310734979828341,0.3070926690992431,81468,183820
-0.6953125,0.9311306414930456,0.306761147779857,81473,184118
-0.69921875,0.9312906433216379,0.3063743551952837,81487,184485
-0.703125,0.9314049303420611,0.3060494879584809,81497,184790
-0.70703125,0.9314620738522726,0.30570319386358097,81502,185103
-0.7109375,0.9316106469788226,0.3053602400476499,81515,185432
-0.71484375,0.931736362701288,0.3049878604910422,81526,185783
-0.71875,0.9318163636155842,0.3046311345252106,81533,186112
-0.72265625,0.9318963645298803,0.30428325136020656,81540,186434
-0.7265625,0.9320220802523458,0.30391714772316486,81551,186782
-0.73046875,0.9321477959748111,0.30357461886612674,81562,187110
-0.734375,0.9322506542931919,0.3031984686007397,81571,187464
-0.73828125,0.932330655207488,0.30283614225258,81578,187802
-0.7421875,0.9323992274197419,0.30248449277565415,81584,188129
-0.74609375,0.9326278014605881,0.30214974933167454,81604,188474
-0.75,0.9327878032891804,0.30181939205680053,81618,188802
-0.75390625,0.9329249477136882,0.3014557621147327,81630,189156
-0.7578125,0.9330163773300266,0.30113055827078067,81638,189467
-0.76171875,0.933176379158619,0.3007805736977239,81652,189815
-0.765625,0.9332792374769997,0.3004352320931242,81661,190148
-0.76953125,0.933473525411719,0.3001058185505798,81678,190486
-0.7734375,0.9335763837300998,0.2997578070529522,81687,190823
-0.77734375,0.9337135281546075,0.29938436732749457,81699,191191
-0.78125,0.9338506725791151,0.2990644970024376,81711,191511
-0.78515625,0.9339421021954537,0.2986816472282428,81719,191880
-0.7890625,0.9340335318117922,0.29830093986677614,81727,192248
-0.79296875,0.9342278197465114,0.2979844927330191,81744,192579
-0.796875,0.9343649641710191,0.2976008037362085,81756,192961
-0.80078125,0.9345135372975691,0.2972348136489046,81769,193330
-0.8046875,0.9346163956159499,0.29690489589195274,81778,193657
-0.80859375,0.9347078252322883,0.29653452064132035,81786,194020
-0.8125,0.9348335409547538,0.296129896459344,81797,194423
-0.81640625,0.9349592566772191,0.2957852910018476,81808,194771
-0.8203125,0.9350506862935576,0.29545635106928503,81816,195098
-0.82421875,0.9351878307180653,0.29509048027753537,81828,195470
-0.828125,0.9352792603344038,0.29470803248284927,81836,195849
-0.83203125,0.9353592612487,0.2943421062095852,81843,196211
-0.8359375,0.9354849769711654,0.293957731051696,81854,196601
-0.83984375,0.9355535491834193,0.2935839041710003,81860,196970
-0.84375,0.9356449787997577,0.2932476529226978,81868,197309
-0.84765625,0.9357706945222231,0.29287267680597484,81879,197693
-0.8515625,0.9358849815426462,0.29251085900440077,81889,198063
-0.85546875,0.9360564120732808,0.2921782806914905,81904,198418
-0.859375,0.9361706990937039,0.2918360439638741,81914,198771
-0.86328125,0.936250700008,0.29147157190635453,81921,199139
-0.8671875,0.9363649870284232,0.29109494134115926,81931,199527
-0.87109375,0.9364907027508885,0.29075490109110264,81942,199883
-0.875,0.9365707036651847,0.2903696722095648,81949,200274
-0.87890625,0.9367421341958194,0.289999469280167,81964,200671
-0.8828125,0.9368678499182848,0.2896663580661347,81975,201023
-0.88671875,0.9370735665550464,0.2893383818957517,81993,201388
-0.890625,0.9372335683836387,0.28899312114121395,82007,201761
-0.89453125,0.937393570212231,0.288673182440494,82021,202110
-0.8984375,0.9375307146367388,0.288320680444257,82033,202487
-0.90234375,0.9377021451673734,0.28798169227151316,82048,202859
-0.90625,0.937839289591881,0.28762101042389576,82060,203246
-0.91015625,0.938022148824558,0.28728237509538046,82076,203622
-0.9140625,0.9381478645470234,0.2869141532944429,82087,204016
-0.91796875,0.9382850089715311,0.28654446205072004,82099,204415
-0.921875,0.9384335820980811,0.2861862971301905,82112,204806
-0.92578125,0.9385364404164619,0.2858092493596169,82121,205207
-0.9296875,0.9386278700328003,0.2854208731976354,82129,205618
-0.93359375,0.9387764431593504,0.2850529559556364,82142,206022
-0.9375,0.9389364449879427,0.2847142322460805,82156,206400
-0.94140625,0.9390850181144927,0.2843690301503364,82169,206783
-0.9453125,0.9391535903267466,0.28398585859284015,82175,207188
-0.94921875,0.939279306049212,0.2836308168026394,82186,207578
-0.953125,0.9393135921553389,0.28323942448522443,82189,207986
-0.95703125,0.9394164504737197,0.28285907975650126,82198,208399
-0.9609375,0.9394964513880159,0.2824574363908121,82205,208830
-0.96484375,0.939610738408439,0.28210310325423077,82215,209221
-0.96875,0.9396907393227352,0.2817423603829574,82222,209612
-0.97265625,0.9398164550452005,0.28138184480935646,82233,210014
-0.9765625,0.9399535994697082,0.2810200023234677,82245,210421
-0.98046875,0.9401021725962583,0.28066164879932853,82258,210828
-0.984375,0.9402736031268929,0.28029108054795643,82273,211254
-0.98828125,0.9403878901473159,0.27991985086000437,82283,211669
-0.9921875,0.9405250345718237,0.2795631348303156,82295,212075
-0.99609375,0.9406164641881621,0.2791739736575206,82303,212506
-1.0,0.9407307512085853,0.2786511757019343,82313,213085
-1.0078125,0.9408907530371776,0.27786890778992845,82327,213953
-1.015625,0.9411536131841507,0.27716540733386064,82350,214765
-1.0234375,0.9414507594372508,0.27640726921321773,82376,215648
-1.03125,0.9416221899678854,0.27563538554696515,82391,216522
-1.0390625,0.941907907518943,0.2749307802648697,82416,217354
-1.046875,0.9421707676659162,0.27421441805233554,82439,218198
-1.0546875,0.9423650556006354,0.27349860358358263,82456,219030
-1.0625,0.9425136287271855,0.2727690679367599,82469,219871
-1.0703125,0.9427422027680317,0.2720622429493501,82489,220710
-1.078125,0.9429593481068355,0.27132756749646486,82508,221582
-1.0859375,0.943199350849724,0.27062060191105775,82529,222433
-1.09375,0.9433936387844433,0.26985870553081864,82546,223340
-1.1015625,0.9436336415273318,0.26911706708125954,82567,224240
-1.109375,0.9438050720579664,0.2683429299296827,82582,225166
-1.1171875,0.9441136470131087,0.26761758827016713,82609,226074
-1.125,0.9443536497559972,0.2669039720660105,82630,226957
-1.1328125,0.9445593663927587,0.2661814199906601,82648,227847
-1.140625,0.9447765117315626,0.2654535062199359,82667,228751
-1.1484375,0.9450050857724088,0.2646746262923722,82687,229723
-1.15625,0.945233659813255,0.2639874369212797,82707,230592
-1.1640625,0.9454279477479742,0.2632418035264804,82724,231527
-1.171875,0.9456336643847358,0.26254799301919723,82742,232408
-1.1796875,0.9459193819357935,0.26181649089287184,82767,233359
-1.1875,0.9462393855929782,0.26113848114201366,82795,234259
-1.1953125,0.9463993874215705,0.26033852905854465,82809,235273
-1.203125,0.9467079623767128,0.2596373552320206,82836,236209
-1.2109375,0.946936536417559,0.2588756518288701,82856,237205
-1.21875,0.9471993965645321,0.25816188266076906,82879,238156
-1.2265625,0.9474965428176322,0.2574521537415262,82905,239116
-1.234375,0.9478394038789014,0.25676470588235295,82935,240065
-1.2421875,0.9480336918136207,0.2560381254571999,82952,241031
-1.25,0.9482508371524246,0.25535588431720746,82971,241952
-1.2578125,0.9484222676830593,0.25458327197761743,82986,242982
-1.265625,0.9485594121075669,0.25388794400871195,82998,243910
-1.2734375,0.9487194139361592,0.25314093337561905,83012,244916
-1.28125,0.9488679870627093,0.25242467544313035,83025,245885
-1.2890625,0.9490279888913016,0.25168061878292286,83039,246899
-1.296875,0.9492565629321478,0.2509593130412187,83059,247907
-1.3046875,0.9494279934627824,0.25022741374844126,83074,248920
-1.3125,0.9496679962056709,0.24952853985489837,83095,249913
-1.3203125,0.9499422850546864,0.24882948149922166,83119,250921
-1.328125,0.9501708590955326,0.2480990975935829,83139,251965
-1.3359375,0.9502851461159556,0.24737081673514194,83149,252982
-1.34375,0.9504565766465902,0.2466530236972447,83164,254006
-1.3515625,0.9506508645813095,0.24595500833836,83181,255015
-1.359375,0.9509365821323672,0.24523274800025935,83206,256088
-1.3671875,0.9511308700670865,0.24450672942171925,83223,257148
-1.375,0.9512794431936366,0.2438128491211009,83236,258157
-1.3828125,0.9514965885324403,0.24309093828926814,83255,259230
-1.390625,0.9517594486794135,0.24238525861742782,83278,260299
-1.3984375,0.9519765940182173,0.24170750887211676,83297,261322
-1.40625,0.9522508828672328,0.24102460261212919,83321,262374
-1.4140625,0.9525023143121636,0.24032214811546812,83343,263454
-1.421875,0.9526508874387136,0.23960585015867175,83356,264532
-1.4296875,0.9528680327775174,0.23891053928591896,83375,265605
-1.4375,0.9530851781163213,0.2382127615815723,83394,266688
-1.4453125,0.9531994651367445,0.23745722273785866,83404,267834
-1.453125,0.9533137521571675,0.23671537341684143,83414,268967
-1.4609375,0.9534623252837175,0.23596344598779836,83427,270132
-1.46875,0.9536451845163945,0.23528599021556768,83443,271202
-1.4765625,0.9537366141327329,0.23453809617492483,83451,272359
-1.484375,0.9539309020674522,0.23378885954126205,83468,273555
-1.4921875,0.9541023325980869,0.23308205600692408,83483,274687
-1.5,0.9543194779368908,0.23237925612589924,83502,275833
-1.5078125,0.9544566223613984,0.23165387005148233,83514,276998
-1.515625,0.9546966251042869,0.2309529799804809,83535,278162
-1.5234375,0.9549251991451331,0.230271679518484,83555,279299
-1.53125,0.9551652018880216,0.22957412209378983,83576,280472
-1.5390625,0.9552680602064023,0.22888649738075093,83585,281596
-1.546875,0.9554623481411216,0.22819319531068744,83602,282763
-1.5546875,0.9556794934799255,0.22746153030109323,83621,284006
-1.5625,0.9558509240105602,0.22676767402892484,83636,285182
-1.5703125,0.9560794980514064,0.22609851945145648,83656,286342
-1.578125,0.9562737859861256,0.22537635451261787,83673,287586
-1.5859375,0.956513788729014,0.22466197625445264,83694,288839
-1.59375,0.9567537914719025,0.2239662478864799,83715,290069
-1.6015625,0.9568909358964103,0.22323152068424926,83727,291341
-1.609375,0.9570737951290872,0.2225532378555502,83743,292540
-1.6171875,0.9572337969576795,0.2218505157096769,83757,293781
-1.625,0.957473799700568,0.22116158802985145,83778,295031
-1.6328125,0.9576338015291603,0.2204832148364111,83792,296246
-1.640625,0.9577709459536681,0.21979301626600506,83804,297482
-1.6484375,0.9580109486965566,0.21911194640415926,83825,298742
-1.65625,0.9582395227374028,0.21844932116440302,83845,299974
-1.6640625,0.9583766671619104,0.21775213384471168,83857,301246
-1.671875,0.9585138115864181,0.2170843007379453,83869,302474
-1.6796875,0.9585938125007143,0.2164011403655878,83876,303719
-1.6875,0.9587423856272643,0.21568788775560052,83889,305048
-1.6953125,0.9589252448599412,0.21500430495479797,83905,306343
-1.703125,0.9591081040926182,0.21430942725517635,83921,307667
-1.7109375,0.9593366781334643,0.21360446238173517,83941,309033
-1.71875,0.959542394770226,0.2129026204881908,83959,310395
-1.7265625,0.959690967896776,0.21217266506978766,83972,311800
-1.734375,0.9598623984274106,0.21148863198555612,83987,313136
-1.7421875,0.9601252585743837,0.21081344227410515,84010,314494
-1.75,0.960319546509103,0.2101473559952782,84027,315821
-1.7578125,0.9605366918479068,0.20946983291462296,84046,317186
-1.765625,0.9607081223785414,0.20877095818421595,84061,318586
-1.7734375,0.9608224093989646,0.2080743881220563,84071,319972
-1.78125,0.9609366964193876,0.20737289682285218,84081,321377
-1.7890625,0.9610624121418531,0.2066741708898403,84092,322790
-1.796875,0.9611881278643184,0.2059934358773391,84103,324177
-1.8046875,0.9613481296929107,0.2053276767755668,84117,325555
-1.8125,0.961508131521503,0.20466343931690467,84131,326939
-1.8203125,0.961725276860307,0.20401335360132664,84150,328323
-1.828125,0.9618967073909416,0.20335113194326995,84165,329725
-1.8359375,0.9620567092195339,0.20269590196895235,84179,331118
-1.84375,0.9622052823460839,0.20199228421719354,84192,332616
-1.8515625,0.9623881415787608,0.2013341303048416,84208,334042
-1.859375,0.9625824295134802,0.20069579307304636,84225,335440
-1.8671875,0.9628110035543264,0.2000413166230547,84245,336893
-1.875,0.9629710053829187,0.19939277482500273,84259,338319
-1.8828125,0.9631424359135533,0.1986942959737256,84274,339865
-1.890625,0.9632910090401033,0.1980167083278516,84287,341369
-1.8984375,0.9634738682727803,0.19737775540545285,84303,342812
-1.90625,0.9636567275054572,0.19672846390391174,84319,344287
-1.9140625,0.9638167293340495,0.1960762887029386,84333,345770
-1.921875,0.9640681607789803,0.19540416266113808,84355,347340
-1.9296875,0.9642167339055303,0.1947323837683006,84368,348883
-1.9375,0.9643653070320803,0.19407076898308398,84381,350414
-1.9453125,0.9644910227545458,0.19339817216818986,84392,351972
-1.953125,0.9647424541994766,0.1927704790374036,84414,353485
-1.9609375,0.9649024560280689,0.19210229922979782,84428,355067
-1.96875,0.9651081726648305,0.1914732004181093,84446,356587
-1.9765625,0.9652224596852536,0.19079849540828428,84456,358189
-1.984375,0.9654281763220152,0.19016510060466352,84474,359740
-1.9921875,0.9655424633424382,0.18951184168614485,84484,361314
-2.0,0.9656681790649037,0.1885312656886261,84495,363680
-2.015625,0.9658624669996229,0.18716931656357205,84512,367015
-2.03125,0.9661596132527229,0.18584150558482984,84538,370355
-2.046875,0.9664796169099076,0.18452870618681552,84566,373715
-2.0625,0.9667310483548384,0.18322932258351005,84588,377063
-2.078125,0.9669939085018114,0.18191923492051207,84611,380491
-2.09375,0.9672453399467422,0.18061590336762132,84633,383947
-2.109375,0.9676110584120962,0.17932181132714872,84665,387475
-2.125,0.9679196333672385,0.17808224938916434,84692,390886
-2.140625,0.9682967805346346,0.17683424437668147,84725,394396
-2.15625,0.968605355489777,0.17556375869512078,84752,397990
-2.171875,0.9688682156367502,0.1742645532228921,84775,401698
-2.1875,0.9690625035714694,0.17298947072060586,84792,405365
-2.203125,0.9692225054000617,0.17172142599694648,84806,409052
-2.21875,0.9694510794409079,0.1704592952221722,84826,412806
-2.234375,0.969748225694008,0.16921058194305405,84852,416606
-2.25,0.9699882284368965,0.1679293403956004,84873,420536
-2.265625,0.9702625172859118,0.16673049390498973,84897,424290
-2.28125,0.9705253774328849,0.16548702918433525,84920,428232
-2.296875,0.9708110949839427,0.16428492686521268,84945,432114
-2.3125,0.9710739551309158,0.16307447825302568,84968,436070
-2.328125,0.971302529171762,0.16186957184214537,84988,440052
-2.34375,0.9715082458085236,0.16067121806648674,85006,444062
-2.359375,0.9717253911473274,0.1594632357767796,85025,448170
-2.375,0.971931107784089,0.15827666171604263,85043,452263
-2.390625,0.9721139670167659,0.1570588691480758,85059,456515
-2.40625,0.9723882558657814,0.15586278403470336,85083,460801
-2.421875,0.9726854021188813,0.15469272839301976,85109,465072
-2.4375,0.9728911187556429,0.1534984195218355,85127,469452
-2.453125,0.9730739779883198,0.1523384033479631,85143,473764
-2.46875,0.9733825529434622,0.15115616630905288,85170,478287
-2.484375,0.9735768408781814,0.14998397813984443,85187,482787
-2.5,0.9737254140047314,0.14878977332262233,85200,487420
-2.515625,0.9740111315557892,0.14764529787189812,85225,492003
-2.53125,0.9741711333843815,0.14648695281566212,85239,496649
-2.546875,0.9745025657436085,0.1453621780118993,85268,501322
-2.5625,0.9747311397844547,0.1442098286147145,85288,506128
-2.578125,0.9749711425273432,0.14307949046936191,85309,510926
-2.59375,0.9751997165681894,0.14195498578437163,85329,515770
-2.609375,0.9754511480131202,0.1408571805789352,85351,520589
-2.625,0.9757254368621355,0.1397649493244626,85375,525472
-2.640625,0.9758625812866433,0.13865172334282716,85387,530451
-2.65625,0.9760911553274895,0.13752121420957547,85407,535639
-2.671875,0.9763540154744625,0.13641037759950947,85430,540842
-2.6875,0.9765025886010126,0.13532673511957086,85443,545940
-2.703125,0.976776877450028,0.13423918250541483,85467,551210
-2.71875,0.9771197385112973,0.13316439292817747,85497,556544
-2.734375,0.9771997394255935,0.13208086369120167,85504,561857
-2.75,0.9774854569766511,0.13102230147277344,85529,567253
-2.765625,0.9777711745277089,0.12997900378904126,85554,572660
-2.78125,0.9779997485685551,0.12893864513018322,85574,578106
-2.796875,0.9781940365032743,0.12787773841770517,85591,583728
-2.8125,0.9784454679482051,0.1268543707733978,85613,589279
-2.828125,0.9785711836706705,0.12581403550017634,85624,594936
-2.84375,0.9787997577115167,0.12476872827502615,85644,600778
-2.859375,0.9790511891564475,0.12375384446476527,85666,606563
-2.875,0.9792454770911667,0.12273022211845458,85683,612458
-2.890625,0.9794169076218014,0.12171178771378173,85698,618408
-2.90625,0.979622624258563,0.12068664500250621,85716,624520
-2.921875,0.9798626270014514,0.11966970341141774,85737,630710
-2.9375,0.980068343638213,0.11868432088154819,85755,636792
-2.953125,0.9802626315729323,0.11768951384400912,85772,643027
-2.96875,0.9805026343158207,0.11669833738909013,85793,649376
-2.984375,0.9806512074423708,0.11571371354362628,85806,655731
-3.0,0.9809483536954708,0.11471798984228816,85832,662368
-3.015625,0.9811312129281478,0.113737445200062,85848,668943
-3.03125,0.981325500862867,0.11276186123718272,85865,675607
-3.046875,0.981508360095544,0.11180471115716789,85881,682253
-3.0625,0.9817255054343478,0.11083727951897394,85900,689110
-3.078125,0.9818055063486439,0.10984327830535477,85907,696180
-3.09375,0.9820112229854056,0.10890408962264748,85925,703072
-3.109375,0.9821940822180825,0.10796282524145001,85941,710083
-3.125,0.9824797997691402,0.10704857444561774,85966,717090
-3.140625,0.982731231214071,0.10613195029863033,85988,724211
-3.15625,0.9828683756385788,0.10521512210459606,86000,731373
-3.171875,0.9829712339569595,0.10428139450858291,86009,738769
-3.1875,0.9831998079978057,0.10334769702422927,86029,746394
-3.203125,0.9833940959325249,0.10244339754052982,86046,753891
-3.21875,0.9835540977611172,0.10153613818164657,86060,761520
-3.234375,0.9837255282917519,0.10064638187511547,86075,769147
-3.25,0.9838512440142173,0.09975214339761691,86086,776913
-3.265625,0.9840112458428096,0.09886653706461691,86100,784771
-3.28125,0.9843083920959097,0.09800130856541404,86126,792699
-3.296875,0.9844112504142905,0.09712881647970482,86135,800677
-3.3125,0.9846283957530944,0.09627199402839641,86154,808748
-3.328125,0.9847541114755597,0.09540402077596526,86165,816994
-3.34375,0.9849369707082367,0.09454896126806919,86181,825315
-3.359375,0.985062686430702,0.09368145782747535,86192,833862
-3.375,0.9851998308552098,0.09283721932044586,86204,842346
-3.390625,0.9854055474919713,0.09200575796281654,86222,850915
-3.40625,0.9855541206185213,0.09116791346157913,86235,859657
-3.421875,0.9857369798511983,0.09033353372308092,86251,868555
-3.4375,0.9859769825940868,0.0895092822096774,86272,877561
-3.453125,0.9860455548063406,0.08868445262189513,86278,886587
-3.46875,0.9862169853369753,0.08788423190283269,86293,895601
-3.484375,0.9863655584635252,0.08708866583990321,86306,904707
-3.5,0.9865141315900753,0.08630225736207175,86319,913875
-3.515625,0.9866741334186676,0.08550564735618159,86333,923343
-3.53125,0.9867655630350061,0.08473194045083858,86341,932649
-3.546875,0.9869484222676831,0.08396386200512979,86357,942145
-3.5625,0.9871084240962754,0.08318613561196048,86371,951915
-3.578125,0.9873141407330369,0.08242163461767807,86389,961746
-3.59375,0.9874741425616292,0.08166187486886352,86403,971655
-3.609375,0.9875884295820524,0.0809117305295644,86413,981578
-3.625,0.9877141453045177,0.08017232262625026,86424,991554
-3.640625,0.9877941462188139,0.07943317553490176,86431,1001666
-3.65625,0.9879541480474062,0.07870649837342635,86445,1011876
-3.671875,0.9880227202596601,0.07798804888698044,86451,1022065
-3.6875,0.9881027211739563,0.07726576875677521,86458,1032511
-3.703125,0.9882284368964217,0.07656033213419595,86469,1042954
-3.71875,0.9883655813209293,0.07584761891397429,86481,1053713
-3.734375,0.9884912970433948,0.07514176174643869,86492,1064559
-3.75,0.9886398701699448,0.07444216780274052,86505,1075538
-3.765625,0.9887884432964948,0.07373984370405536,86518,1086769
-3.78125,0.9889484451250872,0.07304534565106184,86532,1098102
-3.796875,0.9890741608475525,0.07234941869165286,86543,1109638
-3.8125,0.9892227339741025,0.07166762437672947,86556,1121186
-3.828125,0.9893370209945257,0.07099024361841452,86566,1132841
-3.84375,0.9894170219088219,0.0703181793445374,86573,1144588
-3.859375,0.9895084515251603,0.06965212151733359,86581,1156468
-3.875,0.9896341672476257,0.0689998087588449,86592,1168368
-3.890625,0.9897255968639641,0.06835572127915182,86600,1180302
-3.90625,0.9898055977782603,0.06771319135561642,86607,1192420
-3.921875,0.989942742202768,0.06708208162857535,86619,1204620
-3.9375,0.9900227431170642,0.06645432214688901,86626,1216916
-3.953125,0.9900570292231912,0.06582575691375989,86629,1229406
-3.96875,0.9902056023497411,0.06520078654534864,86642,1242207
-3.984375,0.9903427467742488,0.06458662369537689,86654,1255017
-4.0,0.9904341763905873,0.06367767174058082,86662,1274286
-4.03125,0.9907313226436874,0.062484007429922814,86688,1300675
-4.0625,0.9910056114927027,0.06129590017573301,86712,1327934
-4.09375,0.991199899427422,0.06012404844086763,86729,1355772
-4.125,0.9913713299580567,0.058967203809510864,86744,1384311
-4.15625,0.9914856169784797,0.05784116714426489,86754,1413112
-4.1875,0.991679904913199,0.05674196208396301,86771,1442450
-4.21875,0.9918627641458759,0.055660308383775024,86787,1472439
-4.25,0.9919541937622144,0.054590007314727636,86795,1503148
-4.28125,0.9920456233785528,0.05353986176337432,86803,1534475
-4.3125,0.992159910398976,0.05250965204257968,86813,1566464
-4.34375,0.9922856261214413,0.05150482427650683,86824,1598921
-4.375,0.9924684853541184,0.05051424595970378,86840,1632279
-4.40625,0.9926513445867953,0.04955777661000296,86856,1665765
-4.4375,0.9928913473296838,0.04860809211685816,86877,1700418
-4.46875,0.9930399204562338,0.047672763703519194,86890,1735744
-4.5,0.99311992137053,0.04675433541717444,86897,1771690
-4.53125,0.99326849449708,0.04584980403969957,86910,1808627
-4.5625,0.9933484954113762,0.04495865802153352,86917,1846348
-4.59375,0.9934742111338415,0.044094082390316425,86928,1884493
-4.625,0.9936570703665185,0.043243307766874885,86944,1923633
-4.65625,0.9938170721951108,0.042400562883343595,86958,1963911
-4.6875,0.9939542166196185,0.041581542518884296,86970,2004583
-4.71875,0.9940685036400416,0.04077379264243521,86980,2046253
-4.75,0.9941713619584224,0.03998246064791727,86989,2088690
-4.78125,0.9942170767665917,0.03920242335534854,86993,2132079
-4.8125,0.9943313637870147,0.03843094087625708,87003,2176876
-4.84375,0.994377078595184,0.03766960783464805,87007,2222733
-4.875,0.9944570795094801,0.03692206115855516,87014,2269680
-4.90625,0.9945827952319455,0.03619464797507529,87025,2317336
-4.9375,0.9946742248482839,0.03547755265094153,87033,2366152
-4.96875,0.9947656544646225,0.03477589303978726,87041,2415871
-5.0,0.9948913701870878,0.0340827049417808,87052,2467088
-5.03125,0.9949027988891301,0.033398888302313016,87053,2519411
-5.0625,0.9949599423993417,0.03272670133135249,87058,2573094
-5.09375,0.9950399433136379,0.032073290591048874,87065,2627499
-5.125,0.9951428016320186,0.031433227225043193,87074,2683052
-5.15625,0.9952570886524418,0.03080505097563124,87084,2739855
-5.1875,0.9953256608646956,0.030188807436381308,87090,2797754
-5.21875,0.995451376587161,0.029587585721487203,87101,2856735
-5.25,0.9955656636075841,0.028997254429928045,87111,2917001
-5.28125,0.9956685219259649,0.028422641282907724,87120,2978042
-5.3125,0.9957828089463879,0.027857450932935256,87130,3040579
-5.34375,0.9958742385627264,0.02730331153467622,87138,3104343
-5.375,0.995965668179065,0.026761396840136998,87146,3169261
-5.40625,0.9960456690933611,0.02622470260886939,87153,3236164
-5.4375,0.9961142413056149,0.02569545233035014,87159,3304842
-5.46875,0.9961370987096996,0.025175011401700014,87161,3375042
-5.5,0.996228528326038,0.024670453078903337,87169,3446167
-5.53125,0.9963313866444188,0.024175301858501634,87178,3518899
-5.5625,0.9963999588566727,0.023685067709073346,87184,3593785
-5.59375,0.9964685310689265,0.023206524762365347,87190,3669943
-5.625,0.9965371032811804,0.022738296281074925,87196,3747568
-5.65625,0.9965828180893496,0.022275151251342384,87200,3827476
-5.6875,0.9966171041954766,0.021822233989362526,87203,3908859
-5.71875,0.9966856764077304,0.021377028831008005,87209,3992357
-5.75,0.9967771060240689,0.020939038461261446,87217,4078065
-5.78125,0.9968342495342803,0.020511621770792937,87222,4165099
-5.8125,0.996857106938365,0.020088424627988512,87224,4254779
-5.84375,0.9969142504485765,0.019674912496047154,87229,4346285
-5.875,0.9969599652567458,0.019271503456954202,87233,4439295
-5.90625,0.997039966171042,0.01887649376701378,87240,4534381
-5.9375,0.9970628235751265,0.01848837477899333,87242,4631507
-5.96875,0.9971313957873804,0.018110303722463663,87248,4730341
-6.0,0.9971999679996343,0.01773875318037706,87254,4831581
-6.03125,0.9972685402118882,0.017374039211251274,87260,4935176
-6.0625,0.9973256837220997,0.017018915540230873,87265,5040265
-6.09375,0.9973599698282266,0.016667752154948902,87268,5148471
-6.125,0.9973942559343535,0.01632394933666829,87271,5258923
-6.15625,0.9974628281466074,0.015985539256672517,87277,5372470
-6.1875,0.9974971142527344,0.015654586078072404,87280,5488083
-6.21875,0.9975771151670305,0.015330242942383774,87287,5606491
-6.25,0.9976114012731574,0.015012321660962306,87290,5727267
-6.28125,0.9976456873792844,0.014703732251357298,87293,5849499
-6.3125,0.997668544783369,0.014400182379765612,87295,5974781
-6.34375,0.9976914021874536,0.01410430923266205,87297,6102088
-6.375,0.997782831803792,0.013813857147581297,87305,6232798
-6.40625,0.9978056892078767,0.013526336982052935,87307,6367286
-6.4375,0.9978742614201305,0.013244312846890932,87313,6505177
-6.46875,0.9979085475262575,0.01296733439419265,87316,6646219
-6.5,0.997931404930342,0.012693678615502546,87318,6791539
-6.53125,0.9979999771425959,0.012424117048829722,87324,6941264
-6.5625,0.9980456919507652,0.012159390381901043,87328,7094611
-6.59375,0.9981256928650614,0.01190021830125082,87335,7251606
-6.625,0.9982056937793575,0.011643825480996696,87342,7413801
-6.65625,0.9982399798854844,0.011391269940428139,87345,7580369
-6.6875,0.9983085520977383,0.011143235693256958,87351,7751575
-6.71875,0.9983314095018229,0.010901040174350752,87353,7925919
-6.75,0.9983885530120344,0.010663224800963227,87358,8105098
-6.78125,0.9983999817140767,0.01042997640095313,87359,8288403
-6.8125,0.9984914113304152,0.010201410334732645,87367,8476841
-6.84375,0.9985371261385845,0.009974793299691672,87371,8671808
-6.875,0.9985485548406268,0.00975223505462611,87372,8871805
-6.90625,0.9985828409467536,0.009535361869029145,87375,9075885
-6.9375,0.9986285557549229,0.009324029969128336,87379,9283998
-6.96875,0.9986628418610498,0.009116832064138962,87382,9497307
-7.0,0.9986742705630921,0.008913141066474062,87383,9716456
-7.03125,0.9986971279671768,0.008713991028832305,87385,9940741
-7.0625,0.9986971279671768,0.008519423867197406,87385,10169764
-7.09375,0.998742842775346,0.008329463553152098,87389,10404163
-7.125,0.998742842775346,0.00814278313244031,87389,10644691
-7.15625,0.998742842775346,0.007959722740893897,87389,10891511
-7.1875,0.9987999862855576,0.007779556041707336,87394,11146409
-7.21875,0.9988342723916844,0.007602913181407299,87397,11407802
-7.25,0.9988571297957691,0.007430089622868479,87399,11675447
-7.28125,0.9989028446039383,0.007260428616404184,87403,11950867
-7.3125,0.9989599881141499,0.007094390011753371,87408,12233313
-7.34375,0.9989942742202768,0.006933190773988578,87411,12520204
-7.375,0.9990514177304883,0.006775388912873131,87416,12814574
-7.40625,0.9990971325386576,0.0066214827349495905,87420,13115061
-7.4375,0.9991085612406999,0.006471404521522023,87421,13421393
-7.46875,0.9991428473468268,0.0063259914571908,87424,13732386
-7.5,0.9991428473468268,0.0061852224519386625,87424,14046910
-7.53125,0.9991771334529538,0.0060487119634316765,87427,14366394
-7.5625,0.9991999908570384,0.0059146422726882196,87429,14694361
-7.59375,0.9992342769631652,0.0057835039823769556,87432,15030047
-7.625,0.9992799917713345,0.0056543177159288005,87436,15376145
-7.65625,0.9993257065795038,0.005527952321031911,87440,15730352
-7.6875,0.9993942787917576,0.005404918954647658,87446,16091520
-7.71875,0.9994514223019692,0.005284617672103285,87451,16460766
-7.75,0.9994742797060537,0.005167635414880412,87453,16835761
-7.78125,0.9995314232162653,0.005053870078243742,87458,17217696
-7.8125,0.9995542806203499,0.004943380042038513,87460,17604888
-7.84375,0.9995771380244346,0.004835989020908235,87462,17998187
-7.875,0.9995999954285192,0.0047316217684463405,87464,18397530
-7.90625,0.9996228528326038,0.004629948950718352,87466,18803887
-7.9375,0.9996342815346461,0.004531231471603507,87467,19215674
-7.96875,0.9996342815346461,0.004434720545476661,87467,19635760
-8.0,0.9997028537468999,0.004295205586571056,87473,20277792
-8.0625,0.9997485685550692,0.004117958416796875,87477,21155331
-8.125,0.9997942833632384,0.003952064909981547,87481,22048036
-8.1875,0.9998057120652808,0.003798367234404223,87482,22943993
-8.25,0.9998628555754923,0.003654814437968729,87487,23849980
-8.3125,0.9998628555754923,0.0035174171390489227,87487,24785025
-8.375,0.9999199990857038,0.003385646810928273,87492,25754542
-8.4375,0.9999542851918307,0.0032596723264642215,87495,26754160
-8.5,0.9999657138938731,0.00313863350205007,87496,27789604
-8.5625,0.9999657138938731,0.0030226459386356167,87496,28859328
-8.625,0.9999771425959154,0.002911082768946525,87497,29969017
-8.6875,0.9999771425959154,0.002802401410460157,87497,31134654
-8.75,0.9999885712979577,0.0026948772661702413,87498,32380771
-8.8125,1.0,0.0025842413993765086,87499,33771180
-8.875,1.0,0.0024651397088115523,87499,35407041
-8.9375,1.0,0.0023318890646664746,87499,37435298
-9.0,1.0,0.002179096103096581,87499,40066306
-9.0625,1.0,0.001996974469222654,87499,43728284
-9.125,1.0,0.0017647059060803506,87499,49495267
-9.1875,1.0,0.0014372683271505176,87499,60791182
-9.25,1.0,0.0009728475371605044,87499,89853624
-9.3125,1.0,0.0005295057020488316,87499,165159069
-9.375,1.0,0.0004513070933788413,87499,193791572
-9.4375,1.0,0.00045130500304546675,87499,193792470
