threshold,recall,precision,tp,fp
43.5,5.714351021154527e-05,0.8333333333333334,5,1
43.25,0.0005371489959885256,0.7966101694915254,47,12
43.0,0.0008914387593001063,0.6842105263157895,78,36
42.75,0.0012800146287386142,0.7225806451612903,112,43
42.5,0.0017371627104309764,0.76,152,48
42.25,0.0021600246859964116,0.7777777777777778,189,54
42.0,0.002708602384027246,0.8061224489795918,237,57
41.75,0.0032457513800157717,0.8255813953488372,284,60
41.5,0.0038171864821312245,0.8434343434343434,334,62
41.25,0.004434336392415914,0.8603104212860311,388,63
41.0,0.0051886307272083106,0.8781431334622823,454,63
40.75,0.00604578338038149,0.893581081081081,529,63
40.5,0.007062937862146996,0.9074889867841409,618,63
40.25,0.00822866547046252,0.9195402298850575,720,63
40.0,0.009611538417581915,0.9303097345132744,841,63
39.75,0.011131555789209019,0.9383429672447013,974,64
39.5,0.012537286140413034,0.943250214961307,1097,66
39.25,0.01403444610795552,0.9460708782742681,1228,70
39.0,0.015508748671413388,0.9496151154653604,1357,72
38.75,0.016868764214448165,0.952258064516129,1476,74
38.5,0.018114492737059854,0.9525240384615384,1585,79
38.25,0.019783083235236976,0.9537190082644628,1731,84
38.0,0.021337386712991006,0.9496439471007121,1867,99
37.75,0.023200265145887383,0.9433085501858736,2030,122
37.5,0.025097429684910685,0.9380606578385305,2196,145
37.25,0.027051737734145532,0.937797147385103,2367,157
37.0,0.02926890593035349,0.9384389886405277,2561,168
36.75,0.031268928787757576,0.9328332765086942,2736,197
36.5,0.03326895164516166,0.926479949077021,2911,231
36.25,0.03529183190665036,0.9237212084953634,3088,255
36.0,0.03763471582532372,0.9182933630786392,3293,293
35.75,0.03970331089498166,0.9139700078926598,3474,327
35.5,0.04232048366267043,0.9109471094710947,3703,362
35.25,0.045177659173247696,0.907483930211203,3953,403
35.0,0.04774911713276723,0.9058976582827407,4178,434
34.75,0.050354861198413696,0.899367217799551,4406,493
34.5,0.052903461753848614,0.8951846838135757,4629,542
34.25,0.055417776203156605,0.891852124333272,4849,588
34.0,0.05852638315866467,0.8884455239417072,5121,643
33.75,0.06194356506931508,0.8877968877968878,5420,685
33.5,0.06507502942890776,0.8874688279301746,5694,722
33.25,0.06844649653138893,0.8854228267297457,5989,775
33.0,0.07185224973999703,0.8854929577464788,6287,813
32.75,0.0747208539526166,0.8832747905971359,6538,864
32.5,0.07844661081840935,0.8839665164198326,6864,901
32.25,0.08182950662293283,0.88112232340635,7160,966
32.0,0.08437810717836776,0.8817628090290218,7383,990
31.875,0.08611526988879872,0.8810804490177736,7535,1017
31.75,0.08825243717071052,0.8813056379821959,7722,1040
31.625,0.09017245911381844,0.8821556350626119,7890,1054
31.5,0.09178390610178402,0.8818491270451301,8031,1076
31.375,0.09371535674693425,0.8824795523030564,8200,1092
31.25,0.0955439490737037,0.8819495727397405,8360,1119
31.125,0.09763540154744625,0.8815395727995047,8543,1148
31.0,0.09976114012731574,0.8818953323903819,8729,1169
30.875,0.10196687962148139,0.8825798793154614,8922,1187
30.75,0.10396690247888547,0.8826896953231127,9097,1209
30.625,0.10603549754854341,0.8826103500761036,9278,1234
30.5,0.10818409353249751,0.8830223880597015,9466,1254
30.375,0.11032126081440931,0.8834889254988102,9653,1273
30.25,0.1124469993942788,0.8843250044939781,9839,1287
30.125,0.11458416667619059,0.8851416968305817,10026,1301
30.0,0.11684704968056778,0.8858083521053544,10224,1318
29.875,0.11883564383592955,0.8865205899906216,10398,1331
29.75,0.12106424073417982,0.8874088967077155,10593,1344
29.625,0.12348712556714934,0.8883499136726136,10805,1358
29.5,0.1257271511674419,0.8895447562060321,11001,1366
29.375,0.12784146104526908,0.8897550111358574,11186,1386
29.25,0.12983005520063087,0.8898637004543318,11360,1406
29.125,0.13194436507845803,0.8900624469971475,11545,1426
29.0,0.1340358175522006,0.8908469426509685,11728,1437
28.875,0.13623012834432394,0.8912149532710281,11920,1455
28.75,0.13841301043440496,0.8916292424353972,12111,1472
28.625,0.1407330369489937,0.8921249003839745,12314,1489
28.5,0.14272163110435548,0.8923186852447302,12488,1507
28.375,0.14504165761894422,0.8931034482758621,12691,1519
28.25,0.14723596841106756,0.893721817551162,12883,1532
28.125,0.14914456165213316,0.8938968422494692,13050,1549
28.0,0.1511902993177065,0.8944557133198107,13229,1561
27.875,0.1533274665996183,0.8951160928742994,13416,1572
27.75,0.15551034868969932,0.8955508753455311,13607,1587
27.625,0.15802466313900732,0.896227638060669,13827,1601
27.5,0.16034468965359605,0.8962565478471956,14030,1624
27.375,0.1626875735722694,0.8967494015371047,14235,1639
27.25,0.1649504565766466,0.8972398358821335,14433,1653
27.125,0.16759048674841998,0.8981441783548723,14664,1663
27.0,0.16965908181807793,0.8981184584669369,14845,1684
26.875,0.17207053794900512,0.8983829584104064,15056,1703
26.75,0.17426484874112846,0.8986856839747746,15248,1719
26.625,0.1768477354026903,0.8993897122929381,15474,1731
26.5,0.1792134767254483,0.8999139167862267,15681,1744
26.375,0.18139635881552932,0.9002836074872377,15872,1758
26.25,0.18369352792603344,0.9008519224302208,16073,1769
26.125,0.18619641367329912,0.9013554633471645,16292,1783
26.0,0.1885392975919725,0.9018696698010059,16497,1795
25.875,0.19105361204128046,0.9024995950979863,16717,1806
25.75,0.19367078480896924,0.902919863597613,16946,1822
25.625,0.19616224185419262,0.903606212161095,17164,1831
25.5,0.19859655538920445,0.9042043917160995,17377,1841
25.375,0.20109944113647013,0.9044926493266167,17596,1858
25.25,0.20379661481845507,0.9052695705147731,17832,1866
25.125,0.2062309283534669,0.9059189718359355,18045,1874
25.0,0.20885952982319797,0.9063631404056935,18275,1888
24.875,0.2112709859541252,0.9064875202275291,18486,1907
24.75,0.2140481605504063,0.9069733656174335,18729,1921
24.625,0.21661961850992584,0.9073675140025851,18954,1935
24.5,0.21917964776740306,0.9076194983435873,19178,1952
24.375,0.22232254082903805,0.9080851461114742,19453,1969
24.25,0.22514543023348838,0.908210778663962,19700,1991
24.125,0.22801403444610796,0.9085568559588324,19951,2008
24.0,0.23064263591583903,0.9086856679724437,20181,2028
23.875,0.23340838181007784,0.909183991452611,20423,2040
23.75,0.2362655573206551,0.9094628480929128,20673,2058
23.625,0.23906558932102082,0.9097155779768635,20918,2076
23.5,0.24161418987645572,0.910151541243327,21141,2087
23.375,0.2444827940890753,0.9106078665077473,21392,2100
23.25,0.2472485399833141,0.910675197844755,21634,2122
23.125,0.2501628590041029,0.9106756531868864,21889,2147
23.0,0.2529286048983417,0.9107782213259805,22131,2168
22.875,0.25590006742934207,0.9109809186704096,22391,2188
22.75,0.2588829586623847,0.9111093234655298,22652,2210
22.625,0.2616144184504966,0.9114110527154006,22891,2225
22.5,0.2641858764100161,0.9115141955835963,23116,2244
22.375,0.267065909324678,0.9119575398064315,23368,2256
22.25,0.269877370027086,0.9119487139877964,23614,2280
22.125,0.2726774020274517,0.9120761496999121,23859,2300
22.0,0.2751574303706328,0.9123152709359605,24076,2314
21.875,0.27808317809346395,0.9124385945175685,24332,2335
21.75,0.2809289249019989,0.9124689112439215,24581,2358
21.625,0.2836260985839838,0.9125239005736138,24817,2379
21.5,0.28680327775174574,0.9127445988215611,25095,2399
21.375,0.28967188196436533,0.9128759229245453,25346,2419
21.25,0.2925747722831118,0.9127535921845473,25600,2447
21.125,0.2957405227488314,0.9128333568505714,25877,2471
21.0,0.29879198619412795,0.9127854200125689,26144,2498
20.875,0.302049166276186,0.9128872923215088,26429,2522
20.75,0.3050206288071864,0.9130375286510896,26689,2542
20.625,0.3081292357626944,0.9127564493195206,26961,2577
20.5,0.31129498622841406,0.9129851846886103,27238,2596
20.375,0.31410644693082207,0.9132110579479,27484,2612
20.25,0.3173179122047109,0.9132322468177483,27765,2638
20.125,0.3199922284826112,0.913179609275627,27999,2662
20.0,0.3233408381810078,0.9131459187296259,28292,2691
19.875,0.32611801277728886,0.9130323488945061,28535,2718
19.75,0.32898661698990844,0.9130007294871388,28786,2743
19.625,0.3319352221168242,0.9126158680282797,29044,2781
19.5,0.33476954022331684,0.9121823617339312,29292,2820
19.375,0.33758100092572485,0.9118918251420104,29538,2854
19.25,0.3405296060526406,0.911666615671756,29796,2887
19.125,0.3436382130081487,0.9114553335960471,30068,2921
19.0,0.34639253020034516,0.9108913866682695,30309,2965
18.875,0.34920399090275317,0.9103232533889468,30555,3010
18.75,0.352266883050092,0.9098503409392803,30823,3054
18.625,0.3552726316872193,0.9095058369174054,31086,3093
18.5,0.3583583812386427,0.9093440055681224,31356,3126
18.375,0.36156984651253155,0.9088480321746625,31637,3173
18.25,0.3649184562109281,0.908340919435594,31930,3222
18.125,0.36824420850524003,0.9080942449692802,32221,3261
18.0,0.3714442450770866,0.9074436006254188,32501,3315
17.875,0.37443856501217154,0.9066080026564834,32763,3375
17.75,0.3776500302860604,0.9056872687405784,33044,3441
17.625,0.3810672121967108,0.9047812873114078,33343,3509
17.5,0.3839129590052458,0.9038611596932598,33592,3573
17.375,0.3869529937485,0.903289491236027,33858,3625
17.25,0.39015303032034654,0.9024293531417695,34138,3691
17.125,0.39335306689219307,0.9015139609199015,34418,3760
17.0,0.3964502451456588,0.9004750408846663,34689,3834
16.875,0.39951313729299764,0.8996782910822289,34957,3898
16.75,0.40295317660773267,0.8986822317946627,35258,3975
16.625,0.4060846409673253,0.896932979931844,35532,4083
16.5,0.4092961062412142,0.8955041008201641,35813,4179
16.375,0.41240471319672223,0.8939232541432358,36085,4282
16.25,0.41531903221751104,0.8921951339274754,36340,4391
16.125,0.41835906696076525,0.8907219505073363,36606,4491
16.0,0.4208390953039463,0.8895303894096048,36823,4573
15.9375,0.4221191099326849,0.8884372068409785,36935,4638
15.875,0.42366198470839667,0.8877766069546892,37070,4686
15.8125,0.42518200208002377,0.8870106337322969,37203,4739
15.75,0.42682773517411626,0.8860077813626874,37347,4805
15.6875,0.428222036823278,0.8851223660587735,37469,4863
15.625,0.429776340301032,0.8841785991394512,37605,4926
15.5625,0.43107921233385527,0.8832248396009929,37719,4987
15.5,0.43261065840752466,0.8822103619456033,37853,5054
15.4375,0.43407353226894024,0.8814546636032398,37981,5108
15.375,0.43554783483239806,0.8806877267580246,38110,5163
15.3125,0.4370907096081098,0.8795795864860514,38245,5236
15.25,0.43878215751037153,0.8788801391813936,38393,5291
15.1875,0.44003931473502556,0.878101623791279,38503,5345
15.125,0.441239328449468,0.877235236645384,38608,5403
15.0625,0.44262220139658737,0.8763406797302802,38729,5465
15.0,0.4442450770865953,0.8754335390297734,38871,5531
14.9375,0.44561652133167234,0.8745710248300922,38991,5592
14.875,0.447193682213511,0.8734541720612528,39129,5669
14.8125,0.4486108412667573,0.8723664325717841,39253,5743
14.75,0.45005085772408826,0.8714288875611321,39379,5810
14.6875,0.4514337306712077,0.8702740812549573,39500,5888
14.625,0.4529537480428348,0.8695642634604415,39633,5945
14.5625,0.4543480496919965,0.8686959181889695,39755,6009
14.5,0.45554806340643894,0.8677101247360516,39860,6077
14.4375,0.45694236505560065,0.8667244743117277,39982,6148
14.375,0.45848523983131234,0.8655418671384496,40117,6232
14.3125,0.46013097292540484,0.8647864936850245,40261,6295
14.25,0.4614795597663973,0.8635187442526892,40379,6382
14.1875,0.4629995771380244,0.8628570211497093,40512,6439
14.125,0.46456530931782075,0.8616274879708332,40649,6528
14.0625,0.4659710396690248,0.8606408578545194,40772,6602
14.0,0.4673424839141019,0.8594728656101559,40892,6686
13.9375,0.4687825003714328,0.8583685598292387,41018,6768
13.875,0.47011965851038295,0.8569613133059728,41135,6866
13.8125,0.4713196722248254,0.8557259353018073,41240,6953
13.75,0.47262254425764866,0.8547923685896773,41354,7025
13.6875,0.47403970331089496,0.8534743513241013,41478,7121
13.625,0.475445433662099,0.8518685369100031,41601,7234
13.5625,0.47713688156436074,0.8510130865506136,41749,7309
13.5,0.4784511822992263,0.8497026527836976,41864,7405
13.4375,0.47983405524634565,0.8485418056145031,41985,7494
13.375,0.4812626430016343,0.8471984709787748,42110,7595
13.3125,0.48257694373649984,0.8457686529794692,42225,7700
13.25,0.4839941027897462,0.8446487693964657,42349,7789
13.1875,0.48561697847975405,0.8434770525647134,42491,7885
13.125,0.4868169921941965,0.8422842679743732,42596,7976
13.0625,0.48801700590863895,0.8411835391919311,42701,8062
13.0,0.48927416313329297,0.8398595362341585,42811,8163
12.9375,0.49064560737837004,0.8388893231202126,42931,8245
12.875,0.4921084812397856,0.8377889329908942,43059,8337
12.8125,0.4935256402930319,0.8366528461270198,43183,8431
12.75,0.4950113715585321,0.8354164255680284,43313,8533
12.6875,0.49621138527297454,0.8341274110504879,43418,8634
12.625,0.4976285443262209,0.8327977966490705,43542,8742
12.5625,0.49912570429376335,0.8316448946947481,43673,8841
12.5,0.5004514337306712,0.8306428666274637,43789,8928
12.4375,0.5017314483594099,0.8293692025768424,43901,9032
12.375,0.5031371787106138,0.8280168522419501,44024,9144
12.3125,0.5043829072332255,0.8269252388982574,44133,9237
12.25,0.505697207968091,0.8259846929251446,44248,9322
12.1875,0.5070915096172528,0.8245372779305731,44370,9442
12.125,0.508245808523526,0.8234760388119399,44471,9533
12.0625,0.5095258231522646,0.8220640569395018,44583,9650
12.0,0.5108744099932571,0.820864551197297,44701,9755
11.9375,0.5122572829403764,0.8199696321094707,44822,9841
11.875,0.5136058697813689,0.818788033378275,44940,9946
11.8125,0.5148630270060229,0.8177230813911276,45050,10042
11.75,0.5160058972102538,0.8166624461889086,45150,10136
11.6875,0.5173087692430771,0.8156851438045124,45264,10228
11.625,0.518565926467731,0.8144239226033422,45374,10339
11.5625,0.5198116549903428,0.8134601970919106,45483,10430
11.5,0.5212973862558429,0.812428754630949,45613,10531
11.4375,0.5226231156927508,0.8112581606585296,45729,10639
11.375,0.523960273831701,0.8101717678659787,45846,10742
11.3125,0.5252060023543126,0.8089814456219413,45955,10851
11.25,0.526440302174882,0.8077685225778167,46063,10962
11.1875,0.5279031760362976,0.8066183532698856,46191,11074
11.125,0.5292746202813746,0.8055768160311717,46311,11177
11.0625,0.5305889210162402,0.8042476527041541,46426,11300
11.0,0.5323146550246288,0.8030794165316045,46577,11421
10.9375,0.5336632418656213,0.8019888705688376,46695,11529
10.875,0.5348975416861907,0.8008726899383983,46803,11637
10.8125,0.5360061257842946,0.7997953615279673,46900,11740
10.75,0.5371147098823986,0.7983183285204688,46997,11873
10.6875,0.5384175819152219,0.7973293165893782,47111,11975
10.625,0.5397775974582567,0.7961901550910316,47230,12090
10.5625,0.5410347546829106,0.7949221701677497,47340,12213
10.5,0.5423719128218608,0.7939006641350352,47457,12320
10.4375,0.5437547857689802,0.7929666666666667,47578,12422
10.375,0.5450919439079304,0.7918153897235827,47695,12540
10.3125,0.5463033863244151,0.7904780804021763,47801,12670
10.25,0.5476519731654076,0.7893358371219609,47919,12789
10.1875,0.5489091303900616,0.7882134768766206,48029,12905
10.125,0.5501205728065464,0.7872528335214171,48135,13008
10.0625,0.5513320152230311,0.785914437457235,48241,13141
10.0,0.552772031680362,0.7846817761482179,48367,13272
9.9375,0.5542920490519891,0.7835344674388924,48500,13399
9.875,0.5559034960399547,0.782374418941307,48641,13530
9.8125,0.5574349421136242,0.7814753100265966,48775,13639
9.75,0.5589321020811666,0.7805602106775198,48906,13749
9.6875,0.5603606898364553,0.7793213065246761,49031,13884
9.625,0.5617664201876593,0.7779993668882558,49154,14026
9.5625,0.5631150070286518,0.7767688233068483,49272,14160
9.5,0.5647607401227442,0.7756274426708104,49416,14295
9.4375,0.5662350426862022,0.7744068273469005,49545,14433
9.375,0.5677779174619139,0.7732656777748378,49680,14567
9.3125,0.5690807894947371,0.7718085436170873,49794,14722
9.25,0.5702008022948833,0.7705685205492147,49892,14855
9.1875,0.571629390050172,0.7691728051424793,50017,15010
9.125,0.5732065509320107,0.7674005844821519,50155,15202
9.0625,0.5746465673893416,0.7660699322008075,50281,15354
9.0,0.5763837300997726,0.7648200664230145,50433,15508
8.9375,0.577915176173442,0.7631142098273572,50567,15697
8.875,0.5793666213328152,0.7615713963794787,50694,15871
8.8125,0.5808294951942308,0.7601142669119516,50822,16039
8.75,0.5820523663127578,0.7585492999702115,50929,16211
8.6875,0.5835952410884696,0.7571767497034401,51064,16376
8.625,0.5850581149498851,0.7556349358643187,51192,16555
8.5625,0.5866009897255968,0.7542763931342582,51327,16721
8.5,0.5881324357992663,0.7528490966278985,51461,16894
8.4375,0.5899038846158242,0.7512808570097811,51616,17088
8.375,0.5913667584772397,0.7497935111793772,51744,17267
8.3125,0.59329820912239,0.7483062818923516,51913,17461
8.25,0.5951953736614133,0.746523895530518,52079,17683
8.1875,0.5966925336289558,0.744995077125041,52210,17871
8.125,0.5982925519148791,0.7435340236056074,52350,18057
8.0625,0.5997439970742523,0.7415881180843096,52477,18286
8.0,0.6010697265111601,0.7406421630756231,52593,18417
7.96875,0.6018583069520794,0.7398322586083365,52662,18519
7.9375,0.6025668864787026,0.7390317064281909,52724,18618
7.90625,0.6034354678339181,0.7381311860426103,52800,18732
7.875,0.6043726214013875,0.7373396542108198,52882,18838
7.84375,0.6050697722259682,0.7362192679942151,52943,18969
7.8125,0.6058812100709723,0.7353557210824907,53014,19079
7.78125,0.6066812192139339,0.7345741368573998,53084,19181
7.75,0.6073097978262608,0.7336094429488507,53139,19296
7.71875,0.6081783791814763,0.7327164828507304,53215,19412
7.6875,0.6090012457285227,0.7316326390509796,53287,19546
7.65625,0.6096641104469765,0.7304732431396177,53345,19683
7.625,0.6104526908878959,0.7294503243427791,53414,19811
7.59375,0.6113212722431114,0.7286671752397559,53490,19918
7.5625,0.6120641378758614,0.7276494565217392,53555,20045
7.53125,0.6130012914433308,0.7267098417515716,53637,20171
7.5,0.6138470153944616,0.7256576191955902,53711,20306
7.46875,0.6148184550680579,0.7247204634244915,53796,20434
7.4375,0.6157213225294004,0.7238831037957676,53875,20550
7.40625,0.6165556177784889,0.7229212730318259,53948,20677
7.375,0.6172299111989852,0.7218739557575352,54007,20808
7.34375,0.6180870638521583,0.7208434409404739,54082,20944
7.3125,0.6187270711665276,0.7198627769060979,54138,21068
7.28125,0.6195499377135739,0.7189941244346592,54210,21187
7.25,0.6204985199830855,0.7181423771857888,54293,21309
7.21875,0.6213442439342164,0.7171765140422388,54367,21440
7.1875,0.622144253077178,0.7161915036377271,54437,21572
7.15625,0.6231156927507743,0.715286523929471,54522,21702
7.125,0.6239957028080321,0.7145437175275811,54599,21812
7.09375,0.6250928582040938,0.7136519617437141,54695,21946
7.0625,0.6259614395593093,0.7127278878811144,54771,22076
7.03125,0.6269900227431171,0.7117595163341032,54861,22217
7.0,0.6277900318860787,0.7109244567538535,54931,22336
6.96875,0.6286357558372095,0.7099159794014016,55005,22476
6.9375,0.6295957668087635,0.7089505179846857,55089,22616
6.90625,0.630464348163979,0.7078516161318055,55165,22768
6.875,0.6312986434130676,0.7069016265468832,55238,22903
6.84375,0.632315797894833,0.7060437456930655,55327,23035
6.8125,0.6331843792500486,0.7051957639631383,55403,23161
6.78125,0.6340186744991372,0.7042425165663798,55476,23298
6.75,0.6349101132584373,0.7032775056017622,55554,23439
6.71875,0.6359158390381604,0.7023908707616956,55642,23576
6.6875,0.6366929907770374,0.7013811076558939,55710,23719
6.65625,0.6374587138138722,0.7002674166049391,55777,23874
6.625,0.6385558692099338,0.6994004030693355,55873,24014
6.59375,0.6396073097978262,0.6983752620545073,55965,24171
6.5625,0.6404530337489571,0.6972279592903178,56039,24335
6.53125,0.6414930456348072,0.6963069556264033,56130,24481
6.5,0.6423501982879805,0.695399881223399,56205,24619
6.46875,0.6431502074309421,0.6941617634360853,56275,24794
6.4375,0.6442245054229191,0.6933200496906633,56369,24934
6.40625,0.6452188025006,0.6922869405272839,56456,25094
6.375,0.6461902421741963,0.6911511239869449,56541,25266
6.34375,0.6468531068926502,0.6900886401599668,56599,25418
6.3125,0.6475959725254002,0.6890580538463409,56664,25570
6.28125,0.6486816992194196,0.6880462584704157,56759,25734
6.25,0.6497674259134391,0.6869909857657266,56854,25904
6.21875,0.6508188665013315,0.6860963855421687,56946,26054
6.1875,0.6515503034320392,0.6849199865442838,57010,26226
6.15625,0.6526474588281009,0.6837404214559387,57106,26414
6.125,0.6536303272037395,0.6827102134364704,57192,26580
6.09375,0.6546931964936742,0.6819480488559796,57285,26717
6.0625,0.655721779677482,0.6810331525158166,57375,26872
6.03125,0.6568989359878399,0.6803096297699082,57478,27010
6.0,0.6578703756614361,0.6791693705386113,57563,27192
5.96875,0.6587732431227785,0.6778859723398251,57642,27390
5.9375,0.6597332540943325,0.6769234377381943,57726,27551
5.90625,0.6606475502577173,0.6758801314204871,57806,27721
5.875,0.6615504177190596,0.6747525848904846,57885,27902
5.84375,0.6624075703722329,0.6736010227206695,57960,28085
5.8125,0.6635732979805483,0.6725977410947003,58062,28263
5.78125,0.6647047394827369,0.6715663067952197,58161,28444
5.75,0.6657218939645024,0.6705035971223021,58250,28625
5.71875,0.6667961919564795,0.6692667706708268,58344,28832
5.6875,0.6678704899484565,0.6680231827067068,58438,29041
5.65625,0.6689447879404335,0.6669629325767158,58532,29227
5.625,0.6698247979976915,0.6659205562877789,58609,29403
5.59375,0.6708762385855839,0.6647377897561915,58701,29606
5.5625,0.6719048217693917,0.6635403264034672,58791,29811
5.53125,0.6729676910593264,0.6625261594545332,58884,29994
5.5,0.6738591298186265,0.6612610187739721,58962,30204
5.46875,0.6747505685779266,0.6601663833974416,59040,30392
5.4375,0.6759162961862422,0.6590445625647712,59142,30597
5.40625,0.6771734534108961,0.6579900055524709,59252,30798
5.375,0.6782934662110424,0.6569262272400244,59350,30995
5.34375,0.6793449067989349,0.655672968739659,59442,31216
5.3125,0.6805906353215465,0.6545288680302914,59551,31432
5.28125,0.6816877907176082,0.653479556509926,59647,31629
5.25,0.6827849461136699,0.6521164887462615,59743,31871
5.21875,0.6840763894444508,0.6509341627335407,59856,32098
5.1875,0.6851164013303009,0.6497756292137267,59947,32311
5.15625,0.6861335558120665,0.6484769928710304,60036,32544
5.125,0.6872535686122128,0.6473608853387304,60134,32757
5.09375,0.6883507240082744,0.6459812522791136,60230,33008
5.0625,0.6893107349798283,0.6448488217936107,60314,33218
5.03125,0.6905450348003978,0.6436431424766977,60422,33453
5.0,0.6917679059189248,0.6425788507064981,60529,33668
4.96875,0.6931279214619596,0.6414248244352314,60648,33904
4.9375,0.6943165064743597,0.6402765482062308,60752,34132
4.90625,0.6954936627847176,0.6391324896287349,60855,34360
4.875,0.6963851015440177,0.6377547282375475,60933,34610
4.84375,0.6976994022788832,0.6367125573633708,61048,34832
4.8125,0.6990708465239602,0.6357494751283597,61168,35046
4.78125,0.7004537194710797,0.6343631941209957,61289,35326
4.75,0.7017451628018606,0.6331800276362737,61402,35572
4.71875,0.7030137487285569,0.6318097781429746,61513,35847
4.6875,0.7041794763368724,0.6306808876514903,61615,36081
4.65625,0.7053909187533571,0.6293244965587561,61721,36354
4.625,0.7065223602555458,0.6279584746967881,61820,36626
4.59375,0.7079280906067498,0.6266933762305116,61943,36898
4.5625,0.7091966765334461,0.6252796195159308,62054,37188
4.53125,0.7104995485662693,0.6238572618438349,62168,37483
4.5,0.7117224196847964,0.6226503759398496,62275,37741
4.46875,0.7132081509502965,0.621365700175243,62405,38027
4.4375,0.7146938822157968,0.6200547325837349,62535,38319
4.40625,0.7159396107384084,0.6188161846056582,62644,38588
4.375,0.7172310540691894,0.6174378449641384,62757,38884
4.34375,0.7187625001428588,0.6161918012227622,62891,39173
4.3125,0.7202025166001897,0.6148659856179688,63017,39472
4.28125,0.7213682442085052,0.6136279675681982,63119,39743
4.25,0.7227511171556247,0.6122448979591837,63240,40052
4.21875,0.7242711345272518,0.610835871534873,63373,40375
4.1875,0.7257340083886673,0.6096778839229994,63501,40654
4.15625,0.7274711710990983,0.6083918757467145,63653,40972
4.125,0.7288883301523446,0.6070242230999857,63777,41288
4.09375,0.7305454919484794,0.6057062719718003,63922,41611
4.0625,0.7322140824466565,0.6044550111799836,64068,41925
4.03125,0.7336083840958182,0.6030400962008192,64190,42254
4.0,0.7345798237694146,0.6019611148572713,64275,42501
3.984375,0.7354026903164608,0.6013625913534326,64347,42655
3.96875,0.7362141281614647,0.6006116322001976,64418,42836
3.953125,0.7369112789860456,0.599849291110036,64479,43013
3.9375,0.7377112881290072,0.5990793247143772,64549,43198
3.921875,0.7384312963576727,0.598303578042818,64612,43380
3.90625,0.7391627332883804,0.5975792294188302,64676,43554
3.890625,0.7400198859415537,0.5969374585146398,64751,43721
3.875,0.7408656098926845,0.5961961170227442,64825,43906
3.859375,0.7414827598029692,0.5952802576406794,64879,44110
3.84375,0.7422027680316347,0.5944239007066232,64942,44310
3.828125,0.7430484919827656,0.593563701100105,65016,44519
3.8125,0.7438027863175579,0.5928240255777306,65082,44701
3.796875,0.744545651950308,0.59216470481298,65147,44868
3.78125,0.7453570897953119,0.5914391947039086,65218,45052
3.765625,0.7461570989382735,0.5907453989395393,65288,45230
3.75,0.746877107166939,0.5899968401570893,65351,45414
3.734375,0.7476428302037738,0.5893619704859547,65418,45580
3.71875,0.7483971245385661,0.5886519722411995,65484,45760
3.703125,0.749242848489697,0.5880168624988789,65558,45932
3.6875,0.7499971428244894,0.5872971836153894,65624,46115
3.671875,0.7510142973062549,0.5867441694346227,65713,46283
3.65625,0.7518257351512588,0.5860489977728285,65784,46466
3.640625,0.7526143155921782,0.5853495937849994,65853,46649
3.625,0.7534028960330975,0.5844252557669463,65922,46876
3.609375,0.7542029051760591,0.5836849134537992,65992,47069
3.59375,0.7550257717231054,0.5829553677002629,66064,47262
3.578125,0.7557686373558555,0.5823008849557522,66129,47436
3.5625,0.756637218711071,0.5816742518758017,66205,47613
3.546875,0.7573572269397365,0.5808651444098698,66268,47817
3.53125,0.758191522188825,0.5802639750194614,66341,47988
3.515625,0.7590143887358712,0.57947961747871,66413,48195
3.5,0.759894398793129,0.5786418581983691,66490,48417
3.484375,0.7608086949565138,0.5779147495442313,66570,48620
3.46875,0.7616658476096869,0.5771978902332349,66645,48818
3.453125,0.7624887141567332,0.5763290198856275,66717,49045
3.4375,0.7631401501731448,0.5754692590102901,66774,49260
3.421875,0.7640430176344872,0.5748619877207767,66853,49441
3.40625,0.764808740671322,0.5741544691730871,66920,49634
3.390625,0.7655744637081566,0.5733372133827469,66987,49850
3.375,0.7665344746797106,0.5727864316458291,67071,50025
3.359375,0.7673116264185876,0.5720383750255607,67139,50229
3.34375,0.7680087772431685,0.5712197070798942,67200,50443
3.328125,0.768843072492257,0.5701778177071856,67273,50713
3.3125,0.7697459399535995,0.5695151443405321,67352,50910
3.296875,0.7704202333740957,0.5686580510190309,67411,51133
3.28125,0.7711859564109305,0.5677576777450568,67478,51372
3.265625,0.7719745368518497,0.5669833968472476,67547,51587
3.25,0.772763117292769,0.5662412487857167,67616,51796
3.234375,0.7734945542234768,0.5655221972475915,67680,51997
3.21875,0.7742488485582693,0.5647617856696261,67746,52209
3.203125,0.7749688567869347,0.5640174672489083,67809,52416
3.1875,0.7757917233339809,0.5633184511460391,67881,52621
3.171875,0.7766945907953233,0.5625082770493974,67960,52856
3.15625,0.7775517434484965,0.5617388432481526,68035,53080
3.140625,0.7782374655710351,0.5608588936843145,68095,53317
3.125,0.7790946182242082,0.5600604671415309,68170,53549
3.109375,0.7799517708773814,0.55916066497882,68245,53804
3.09375,0.7806832078080892,0.5584176708140542,68309,54017
3.078125,0.7815060743551355,0.557656864184241,68381,54241
3.0625,0.782191796477674,0.5567794472962749,68441,54482
3.046875,0.7830946639390165,0.5561372324624413,68520,54687
3.03125,0.7839061017840204,0.5554826692581795,68591,54889
3.015625,0.7848775414576167,0.5547558463588997,68676,55119
3.0,0.7856775506005783,0.5540011282133935,68746,55344
2.984375,0.7864089875312861,0.5532062001543607,68810,55574
2.96875,0.78722042537629,0.552422426998372,68881,55808
2.953125,0.7878147178824901,0.551468411747294,68933,56066
2.9375,0.7884661538989017,0.5507172335619008,68990,56283
2.921875,0.7894490222745403,0.5499944264853417,69076,56518
2.90625,0.7901918879072903,0.5490256801181571,69141,56793
2.890625,0.7908433239237019,0.548150729964591,69198,57041
2.875,0.7916890478748329,0.5474705803320925,69272,57259
2.859375,0.7925233431239214,0.5465745002837505,69345,57527
2.84375,0.7933004948627984,0.5457340084282031,69413,57779
2.828125,0.7941119327078023,0.5448699852576769,69484,58040
2.8125,0.7948547983405525,0.5440528806664842,69549,58286
2.796875,0.7954376621447102,0.543219512195122,69600,58525
2.78125,0.796317672201968,0.5424572002460158,69677,58770
2.765625,0.7969805369204219,0.5414292147393593,69735,59063
2.75,0.7977919747654258,0.5405451448040886,69806,59334
2.734375,0.7985691265043029,0.5398218465841053,69874,59565
2.71875,0.7993577069452222,0.5389434264667355,69943,59835
2.703125,0.8000320003657184,0.5380216739681808,70002,60108
2.6875,0.8007405798923416,0.5371317300542008,70064,60377
2.671875,0.8014834455250918,0.5362200269146072,70129,60655
2.65625,0.8022377398598841,0.5353248020987447,70195,60931
2.640625,0.8029806054926342,0.5343494033630701,70260,61227
2.625,0.8036434702110882,0.5334759617937805,70318,61493
2.609375,0.804340621035669,0.5324360923870695,70379,61804
2.59375,0.805003485754123,0.5315638937732531,70437,62072
2.578125,0.8059520680236345,0.5306724459695382,70520,62368
2.5625,0.8069349363992732,0.5298324340954969,70606,62655
2.546875,0.8077235168401925,0.5290044910179641,70675,62925
2.53125,0.808557812089281,0.5281356843189656,70748,63210
2.515625,0.8091978194036503,0.5271606408958246,70804,63508
2.5,0.809997828546612,0.526286868446847,70874,63794
2.484375,0.8106149784568967,0.52535367750537,70928,64082
2.46875,0.811254985771266,0.5244709776569334,70984,64360
2.453125,0.8119178504897199,0.5233836270407262,71042,64694
2.4375,0.8125350004000046,0.5224650568056556,71096,64982
2.421875,0.8132664373307124,0.5215479331574319,71160,65280
2.40625,0.8140550177716317,0.5206988559523374,71229,65566
2.390625,0.8148778843186779,0.5197244697135359,71301,65889
2.375,0.8153921759105819,0.5187630425140514,71346,66185
2.359375,0.8159864684167819,0.517849630822345,71398,66476
2.34375,0.8165807609229819,0.5168734401562557,71450,66785
2.328125,0.8173007691516474,0.5158105047532494,71513,67129
2.3125,0.8179179190619321,0.5148593915239239,71567,67436
2.296875,0.8185350689722168,0.5139759018852218,71621,67726
2.28125,0.8191865049886284,0.5130227531366978,71678,68039
2.265625,0.8198950845152516,0.5119970310738092,71740,68378
2.25,0.8204436622132825,0.5109757139196538,71788,68704
2.234375,0.8212893861644133,0.5100502512562815,71862,69030
2.21875,0.8221236814135019,0.5091229510517227,71935,69357
2.203125,0.8227294026217442,0.5080633208884121,71988,69703
2.1875,0.823460839552452,0.5070549405696029,72052,70047
2.171875,0.8240437033566098,0.5060569904548007,72103,70377
2.15625,0.8248094263934445,0.5050596945987935,72170,70724
2.140625,0.8254837198139408,0.5041284243587506,72229,71046
2.125,0.8261008697242255,0.5029782200264421,72283,71427
2.109375,0.8268094492508485,0.5020576417274475,72345,71752
2.09375,0.8273694556509217,0.5010000069204631,72394,72105
2.078125,0.8279637481571218,0.5000276082935313,72446,72438
2.0625,0.8285923267694488,0.4989470641671484,72501,72807
2.046875,0.8292437627858604,0.49791728141748387,72558,73165
2.03125,0.8298837701002297,0.4969307100085543,72614,73511
2.015625,0.8305923496268529,0.4958991225077446,72676,73878
2.0,0.8310837838146722,0.495155282886539,72719,74142
1.9921875,0.8313923587698145,0.49466211529830956,72746,74316
1.984375,0.8317237911290415,0.49413018828210403,72775,74504
1.9765625,0.8321237957005223,0.49351001457281324,72810,74725
1.96875,0.8324780854638338,0.49295498226902357,72841,74923
1.9609375,0.832740945610807,0.49248404888071806,72864,75088
1.953125,0.833072377970034,0.491975108663373,72893,75271
1.9453125,0.8334609538394725,0.49139534256913375,72927,75481
1.9375,0.8338381010068686,0.49089331009843434,72960,75667
1.9296875,0.8341123898558841,0.49035535041219036,72984,75855
1.921875,0.8344209648110265,0.48984233478698425,73011,76039
1.9140625,0.8346152527457457,0.48927032875739485,73028,76231
1.90625,0.8349009702968034,0.48879268814902044,73053,76403
1.8984375,0.8352781174641996,0.48831102885662553,73086,76585
1.890625,0.8355295489091303,0.4877475998905857,73108,76781
1.8828125,0.8358038377581458,0.48725756051409497,73132,76957
1.875,0.8360438405010343,0.4866905732933263,73153,77154
1.8671875,0.8363867015623035,0.4862076296522675,73183,77335
1.859375,0.8367409913256152,0.48575845436269666,73214,77507
1.8515625,0.8370038514725883,0.48529285084783946,73237,77676
1.84375,0.8373467125338575,0.4848426694901234,73267,77848
1.8359375,0.8376324300849153,0.4843030363101728,73292,78043
1.828125,0.8378610041257615,0.48366496015200294,73312,78264
1.8203125,0.83810100686865,0.48307368005006424,73333,78472
1.8125,0.8384552966319615,0.4825816976266905,73364,78660
1.8046875,0.8387867289911884,0.4820051751540068,73393,78873
1.796875,0.839175304860627,0.48159905552093923,73427,79038
1.7890625,0.8394267363055578,0.4810492189802535,73449,79236
1.78125,0.8397353112607001,0.4805273793874708,73476,79431
1.7734375,0.8400553149178848,0.4799383622913035,73504,79649
1.765625,0.8403638898730271,0.4793947177979307,73531,79852
1.7578125,0.8406267500200002,0.4787892595606184,73554,80071
1.75,0.8409467536771849,0.4782834782834783,73582,80264
1.7421875,0.8412896147384542,0.4777301135073043,73612,80475
1.734375,0.8417124767140196,0.4771743637588763,73649,80695
1.7265625,0.842135338689585,0.47669754683780147,73686,80890
1.71875,0.8423867701345158,0.4761314160949834,73708,81098
1.7109375,0.8425924867712774,0.47555956911565506,73726,81304
1.703125,0.8429124904284621,0.47504766321430414,73754,81502
1.6953125,0.8431410644693083,0.47449494787077356,73774,81705
1.6875,0.8434724968285352,0.4738950923672602,73803,81934
1.6796875,0.843872501400016,0.47340851825018754,73838,82133
1.671875,0.8441810763551584,0.47295090889300095,73865,82314
1.6640625,0.8445353661184699,0.4724022860649764,73896,82530
1.65625,0.8447867975634007,0.47192747238715443,73918,82712
1.6484375,0.8451182299226276,0.47144441894269756,73947,82905
1.640625,0.8454382335798123,0.47090539878159793,73975,83116
1.6328125,0.8456439502165739,0.4703253815398893,73993,83330
1.625,0.8459639538737586,0.4697181221682129,74021,83565
1.6171875,0.8463182436370701,0.4691497247264687,74052,83791
1.609375,0.8465582463799586,0.4685139972928869,74073,84029
1.6015625,0.8468553926330586,0.46801831675351335,74099,84226
1.59375,0.8472553972045395,0.4674687551234031,74134,84452
1.5859375,0.8475411147555972,0.4669256535536191,74159,84665
1.578125,0.8478382610086972,0.4663142411746958,74185,84903
1.5703125,0.8481696933679242,0.4656886122336287,74214,85150
1.5625,0.8484668396210242,0.4650463542971686,74240,85400
1.5546875,0.8487754145761666,0.4644822755359868,74267,85625
1.546875,0.8490611321272243,0.4638090124736231,74292,85886
1.5390625,0.849346849678282,0.46327095463102647,74317,86101
1.53125,0.8495982811232128,0.46273023223967186,74339,86314
1.5234375,0.849975428290609,0.4621244601857893,74372,86563
1.515625,0.8502268597355398,0.46153846153846156,74394,86793
1.5078125,0.8505925782008937,0.461073355676841,74426,86993
1.5,0.8509011531560361,0.4604988897754192,74453,87226
1.4921875,0.8513240151316015,0.4599226979167953,74490,87472
1.484375,0.8516668761928707,0.459387483355526,74520,87696
1.4765625,0.8518497354255478,0.45882990249187433,74536,87912
1.46875,0.8520897381684363,0.4583018299617042,74557,88124
1.4609375,0.8523525983154093,0.45771168705236864,74580,88361
1.453125,0.8527183167807633,0.4571953797604093,74612,88583
1.4453125,0.852969748225694,0.4566725815333782,74634,88796
1.4375,0.853266894478794,0.45609490879323616,74660,89034
1.4296875,0.8535526120298518,0.45549910650573605,74685,89278
1.421875,0.8538040434747826,0.45488144963892985,74707,89527
1.4140625,0.8540897610258403,0.45423988427009315,74732,89789
1.40625,0.8544669081932365,0.4536848812160563,74765,90030
1.3984375,0.8547411970422519,0.4531760314603746,74789,90244
1.390625,0.8551297729116905,0.45262782200498464,74823,90485
1.3828125,0.8554269191647904,0.45210137836891,74849,90709
1.375,0.8558840672464828,0.45157925204114857,74889,90949
1.3671875,0.8563526440302175,0.4510268942768401,74930,91202
1.359375,0.8566040754751483,0.4504678851112166,74952,91435
1.3515625,0.8569355078343752,0.44990669570800257,74981,91678
1.34375,0.8573812272140253,0.4493076517656078,75020,91948
1.3359375,0.8577469456793791,0.4487467712618387,75052,92196
1.328125,0.8580669493365638,0.44818796673810135,75080,92439
1.3203125,0.85844409650396,0.44761008050819684,75113,92696
1.3125,0.8587069566509331,0.4470438440439571,75136,92937
1.3046875,0.858924101989737,0.44643175365022036,75155,93191
1.296875,0.8592441056469217,0.44585915492957745,75183,93442
1.2890625,0.8595298231979794,0.4453128700677372,75208,93680
1.28125,0.8597583972388256,0.4447255787557048,75228,93928
1.2734375,0.8601241157041795,0.4441664060056303,75260,94181
1.265625,0.8605012628715757,0.4436437557080989,75293,94422
1.2578125,0.8608669813369295,0.4429970300232305,75325,94710
1.25,0.8611298414839027,0.4423778071334214,75348,94977
1.2421875,0.8614727025451719,0.4417706459118428,75378,95249
1.234375,0.8617469913941873,0.44114085125054847,75402,95523
1.2265625,0.8620555663493297,0.4405667926335648,75429,95780
1.21875,0.8623298551983452,0.439954053013959,75453,96049
1.2109375,0.8625584292391913,0.43939429223478454,75473,96293
1.203125,0.8629127190025029,0.43888233345152494,75504,96533
1.1953125,0.8631984365535607,0.4382506875863109,75529,96813
1.1875,0.8634955828066606,0.43765748544617256,75555,97080
1.1796875,0.8638613012720145,0.43708835213637653,75587,97346
1.171875,0.8642613058434954,0.4365662163722434,75622,97598
1.1640625,0.86458130950068,0.43595018700044375,75650,97879
1.15625,0.8648327409456108,0.43529181670712486,75672,98170
1.1484375,0.86517560200688,0.4347216878470647,75702,98437
1.140625,0.8655756065783609,0.4341075051872571,75737,98729
1.1328125,0.8660098972559687,0.43350038329958007,75775,99023
1.125,0.8663870444233649,0.43292634175870615,75808,99298
1.1171875,0.8668899073132265,0.43237512184277577,75852,99579
1.109375,0.8672327683744957,0.43178313540949464,75882,99859
1.1015625,0.8675527720316804,0.431159831875497,75910,100150
1.09375,0.8678384895827381,0.4305290969292874,75935,100441
1.0859375,0.8683184950685151,0.4299043739036949,75977,100753
1.078125,0.8686842135338689,0.4292596148415881,76009,101061
1.0703125,0.8689356449787997,0.42867694320091115,76031,101331
1.0625,0.8692099338278152,0.4280688917656329,76055,101615
1.0546875,0.8695070800809153,0.42743335486951883,76081,101914
1.046875,0.8698156550360575,0.42682728491231614,76108,102203
1.0390625,0.8701585160973269,0.4262687904151387,76138,102477
1.03125,0.8705242345626807,0.4257281309210416,76170,102747
1.0234375,0.8708442382198653,0.42506735988307554,76198,103063
1.015625,0.8711870992811347,0.4245006153554861,76228,103343
1.0078125,0.8714499594281078,0.42377676010937465,76251,103681
1.0,0.8715985325546578,0.423270321570891,76264,103914
0.99609375,0.8717128195750808,0.42293851161398005,76274,104069
0.9921875,0.871792820489377,0.422555574635919,76281,104242
0.98828125,0.8718728214036732,0.4221827458923403,76288,104411
0.984375,0.8720785380404348,0.42194610794998977,76306,104537
0.98046875,0.8722613972731117,0.4216126038536327,76322,104702
0.9765625,0.8723642555914924,0.42128530901946065,76331,104855
0.97265625,0.8725014000160002,0.4209008710993494,76343,105037
0.96875,0.8726956879507194,0.4206281880377662,76360,105178
0.96484375,0.8728214036731848,0.42028594699304395,76371,105341
0.9609375,0.873015691607904,0.4199334817624584,76388,105517
0.95703125,0.8731642647344541,0.41964045412851597,76401,105662
0.953125,0.8733014091589618,0.4192596169145767,76413,105844
0.94921875,0.8734842683916387,0.41894054836269556,76429,106005
0.9453125,0.8737014137304426,0.41863623420147633,76448,106164
0.94140625,0.8737928433467811,0.41837762115308846,76456,106288
0.9375,0.8739414164733311,0.4180804242639622,76469,106436
0.93359375,0.8741357044080503,0.41777821474999727,76486,106592
0.9296875,0.8743414210448119,0.41748886754562126,76504,106744
0.92578125,0.874489994171362,0.41710684829950884,76517,106930
0.921875,0.8746499959999543,0.4168014595757427,76531,107084
0.91796875,0.8748557126367158,0.4165183939755037,76549,107234
0.9140625,0.8750042857632658,0.41622224034358096,76562,107383
0.91015625,0.8751757162939005,0.415905844526154,76577,107544
0.90625,0.8753814329306621,0.41562437258870577,76595,107694
0.90234375,0.8755414347592544,0.415296962074723,76609,107859
0.8984375,0.8756671504817198,0.4150033852403521,76620,108005
0.89453125,0.875747151396016,0.41472457053786954,76627,108139
0.890625,0.8759414393307352,0.41442854130280793,76644,108295
0.88671875,0.8760900124572852,0.4141450158565509,76657,108440
0.8828125,0.8762157281797506,0.41389586201311845,76668,108567
0.87890625,0.8763985874124276,0.4136338872976574,76684,108707
0.875,0.8766157327512314,0.4133461948848388,76703,108863
0.87109375,0.8767643058777814,0.4129911658780019,76716,109041
0.8671875,0.8769243077063738,0.41264002495307855,76730,109219
0.86328125,0.8770843095349661,0.41237822472743296,76744,109357
0.859375,0.8772328826615161,0.41207387126214634,76757,109513
0.85546875,0.8773585983839816,0.41170634388591837,76768,109695
0.8515625,0.8774957428084892,0.4113361191471124,76780,109880
0.84765625,0.8776671733391239,0.41105532479767054,76795,110029
0.84375,0.8778157464656738,0.41074675394126076,76808,110188
0.83984375,0.8779986056983509,0.4104503926911364,76824,110346
0.8359375,0.8782157510371547,0.410174974111518,76843,110499
0.83203125,0.878375752865747,0.40989962773730415,76857,110645
0.828125,0.8785471833963817,0.4095536955838399,76872,110825
0.82421875,0.8787757574372278,0.4091915364638767,76892,111020
0.8203125,0.8789700453719471,0.40890337398849463,76909,111177
0.81640625,0.8790957610944125,0.40855132120568316,76920,111355
0.8125,0.8792443342209625,0.4082170847018747,76933,111528
0.80859375,0.8794729082618087,0.4079465634691335,76953,111682
0.8046875,0.8795986239842741,0.40757706544936534,76964,111869
0.80078125,0.8797129110046972,0.40725260306442057,76974,112034
0.796875,0.8798386267271626,0.40690821639049657,76985,112210
0.79296875,0.8800557720659664,0.4065638166439636,77004,112398
0.7890625,0.8802386312986434,0.4062664838063087,77020,112560
0.78515625,0.8803986331272358,0.405944194134851,77034,112731
0.78125,0.8805243488497011,0.40562382200882374,77045,112897
0.77734375,0.8807072080823781,0.40530902702901717,77061,113068
0.7734375,0.8808786386130127,0.40497895660489386,77076,113245
0.76953125,0.8810843552497742,0.40469928660293863,77094,113403
0.765625,0.8811529274620281,0.4043847686982062,77100,113560
0.76171875,0.8813129292906204,0.4040491896904948,77114,113739
0.7578125,0.8814729311192128,0.40375444308919684,77128,113899
0.75390625,0.8816443616498474,0.4034485824412031,77143,114066
0.75,0.8817815060743551,0.4031107790531821,77155,114244
0.74609375,0.8819872227111167,0.40278604160794995,77173,114425
0.7421875,0.8821472245397091,0.4024201410793141,77187,114620
0.73828125,0.882330083772386,0.40210314690778026,77203,114795
0.734375,0.8825015143030206,0.40184012364631744,77218,114943
0.73046875,0.8826615161316129,0.40152224093829936,77232,115116
0.7265625,0.882924376278586,0.4011808754264705,77255,115314
0.72265625,0.8831529503194322,0.40086631737303524,77275,115495
0.71875,0.8832900947439399,0.4004943543079817,77287,115692
0.71484375,0.88343866787049,0.40015529959880936,77300,115875
0.7109375,0.883552954890913,0.399753870337239,77310,116084
0.70703125,0.8836558132092939,0.39941626201053826,77319,116261
0.703125,0.8837586715276746,0.39907312315179416,77328,116441
0.69921875,0.88388438725014,0.39872451873008674,77339,116627
0.6953125,0.8840101029726054,0.39832738545834684,77350,116837
0.69140625,0.8841701048011977,0.39803052987389836,77364,117003
0.6875,0.8843529640338746,0.39769748676568845,77380,117190
0.68359375,0.884547251968594,0.3973763926682754,77397,117373
0.6796875,0.884695825095144,0.397055806319245,77410,117550
0.67578125,0.8848558269237363,0.39669421487603307,77424,117749
0.671875,0.8850386861564132,0.39634364795840027,77440,117946
0.66796875,0.8851644018788786,0.39601484844766227,77451,118125
0.6640625,0.8853358324095133,0.3957313771366102,77466,118288
0.66015625,0.8854729768340209,0.3953826604816363,77478,118479
0.65625,0.8855758351524018,0.39502944100328824,77487,118668
0.65234375,0.8858044091932479,0.39472692456558495,77507,118849
0.6484375,0.885918696213671,0.3943861898438573,77517,119034
0.64453125,0.8860786980422634,0.39406846425576253,77531,119214
0.640625,0.8862158424667711,0.3937072239484961,77543,119413
0.63671875,0.8864215591035326,0.39339913570979324,77561,119595
0.6328125,0.8865701322300826,0.3930703203380727,77574,119780
0.62890625,0.8866844192505057,0.39272300231835344,77584,119970
0.625,0.8868329923770557,0.3923955257089688,77597,120155
0.62109375,0.886992994205648,0.3921014873494463,77611,120325
0.6171875,0.8870729951199442,0.39174893505339875,77618,120514
0.61328125,0.8872901404587481,0.39137470383626555,77637,120733
0.609375,0.8875187144995943,0.39105759837246074,77657,120925
0.60546875,0.8876330015200173,0.39074983397395907,77667,121097
0.6015625,0.8878158607526944,0.3903942990964188,77683,121303
0.59765625,0.8879072903690328,0.39004247286455873,77691,121495
0.59375,0.8880444347935404,0.38969773261849716,77703,121690
0.58984375,0.8881701505160059,0.3893291919242523,77714,121896
0.5859375,0.8883415810466405,0.3889814689706596,77729,122098
0.58203125,0.8885587263854444,0.3886816977453382,77748,122282
0.578125,0.8887415856181213,0.3883656122336866,77764,122470
0.57421875,0.8889701596589675,0.3880197940777396,77784,122680
0.5703125,0.8890844466793906,0.3876886888832409,77794,122867
0.56640625,0.8892558772100253,0.38732527577555653,77809,123079
0.5625,0.8894615938467868,0.3870353333167566,77827,123258
0.55859375,0.8896558817815061,0.38673714751296673,77844,123440
0.5546875,0.8898730271203099,0.38643221567109365,77863,123629
0.55078125,0.8899758854386908,0.3861013049859188,77872,123816
0.546875,0.8901930307774946,0.38580910396750706,77891,123999
0.54296875,0.8903301752020023,0.385479034508694,77903,124191
0.5390625,0.8904901770305946,0.38516713298466587,77917,124377
0.53515625,0.8906844649653138,0.3847794531504577,77934,124608
0.53125,0.8908444667939062,0.38446893095658524,77948,124794
0.52734375,0.8910273260265832,0.3841404829594446,77964,124993
0.5234375,0.8911644704510908,0.3837930423483551,77976,125196
0.51953125,0.8912330426633447,0.3834149507345566,77982,125406
0.515625,0.8913473296837678,0.3830968204614334,77992,125591
0.51171875,0.8914387593001063,0.38275257989960104,78000,125787
0.5078125,0.891541617618487,0.3824439269518323,78009,125966
0.50390625,0.8917130481491217,0.3821090830733669,78024,126169
0.5,0.8918616212756717,0.3819221150410861,78037,126290
0.498046875,0.8919416221899679,0.3817601940987712,78044,126388
0.49609375,0.892055909210391,0.38159818132929185,78054,126491
0.494140625,0.8921473388267295,0.38144148546298556,78062,126588
0.4921875,0.8922044823369409,0.3812796092796093,78067,126683
0.490234375,0.8922730545491948,0.3810892867602554,78073,126795
0.48828125,0.892353055463491,0.3809412292770508,78080,126886
0.486328125,0.8924101989737026,0.3807557087756426,78085,126994
0.484375,0.8924901998879987,0.3805857039120031,78092,127097
0.482421875,0.8925930582063795,0.38038856608497024,78101,127218
0.48046875,0.8926959165247603,0.3802379468805982,78110,127314
0.478515625,0.8927759174390565,0.38006480616534327,78117,127419
0.4765625,0.8928787757574372,0.3799163586850807,78126,127514
0.474609375,0.8929244905656064,0.3797234575101456,78130,127625
0.47265625,0.892981634075818,0.37955590962746344,78135,127724
0.470703125,0.8930387775860296,0.379383004961984,78140,127826
0.46875,0.8931416359044103,0.37923337102260873,78149,127922
0.466796875,0.8932330655207488,0.3790661693738087,78157,128026
0.46484375,0.8933016377330026,0.3789206798592191,78163,128115
0.462890625,0.8933587812432142,0.3787080864505564,78168,128239
0.4609375,0.8934159247534258,0.37853974587433176,78173,128339
0.458984375,0.8935073543697643,0.3783769395320924,78181,128441
0.45703125,0.8935873552840604,0.3781984927782991,78188,128550
0.455078125,0.8936559274963143,0.37803368722322134,78194,128650
0.453125,0.8937816432187796,0.3778895589315397,78205,128747
0.451171875,0.8938159293249066,0.37771241735367556,78208,128849
0.44921875,0.8938959302392028,0.37752925049233504,78215,128961
0.447265625,0.8940216459616681,0.377381974663026,78226,129060
0.4453125,0.8941016468759643,0.3772192059558136,78233,129161
0.443359375,0.8941930764923027,0.3770632430687081,78241,129260
0.44140625,0.8942273625984297,0.3768706500012042,78244,129371
0.439453125,0.8942959348106836,0.37669633701926086,78250,129477
0.4375,0.8943416496188528,0.3765270821003604,78254,129577
0.435546875,0.894387364427022,0.3763561865189289,78258,129678
0.43359375,0.8944216505331489,0.37617523216242715,78261,129783
0.431640625,0.8944902227454028,0.3760161039260526,78267,129881
0.4296875,0.8945816523617413,0.37583425361309836,78275,129995
0.427734375,0.8946730819780797,0.37568686922010047,78283,130090
0.42578125,0.8947073680842067,0.3755138456520384,78286,130191
0.423828125,0.8947530828923759,0.3753223966173524,78290,130304
0.421875,0.8948559412107567,0.3752054551640527,78299,130384
0.419921875,0.8949816569332221,0.3750568739672885,78310,130485
0.41796875,0.8950502291454759,0.3749006692261295,78316,130582
0.416015625,0.8951416587618144,0.374743429645897,78324,130683
0.4140625,0.8951873735699837,0.37456901704803575,78328,130787
0.412109375,0.8952559457822375,0.3744168706026308,78334,130882
0.41015625,0.895347375398576,0.3742511823436679,78342,130988
0.408203125,0.8954273763128722,0.37406482599915014,78349,131104
0.40625,0.8955073772271683,0.37389831317252403,78356,131209
0.404296875,0.8955988068435068,0.37375100754045665,78364,131305
0.40234375,0.8956902364598452,0.37358425809403956,78372,131412
0.400390625,0.8957130938639298,0.3734229083285687,78374,131506
0.3984375,0.8957702373741414,0.3732422200528584,78379,131616
0.396484375,0.8958845243945646,0.37305889351576443,78389,131736
0.39453125,0.8959988114149876,0.3728811140916614,78399,131853
0.392578125,0.8961016697333684,0.37272005590230406,78408,131959
0.390625,0.8961588132435799,0.3725224711627995,78413,132079
0.388671875,0.8962273854558338,0.37234577983742306,78419,132189
0.38671875,0.8963302437742146,0.372179987282063,78428,132298
0.384765625,0.8964102446885107,0.3719890160443532,78435,132418
0.3828125,0.8965588178150607,0.3718408129988814,78448,132524
0.380859375,0.8966273900273146,0.3716895496366203,78454,132620
0.37890625,0.8966959622395685,0.37149621212121214,78460,132740
0.376953125,0.8967645344518224,0.3713312195352799,78466,132844
0.375,0.8968445353661185,0.3711412855838855,78473,132964
0.373046875,0.896935964982457,0.3709896239570777,78481,133064
0.37109375,0.8970273945987954,0.37081008555811196,78489,133180
0.369140625,0.8970731094069646,0.37064162133575096,78493,133283
0.3671875,0.8971531103212608,0.3704909831462,78500,133381
0.365234375,0.8972331112355569,0.37031079748871476,78507,133496
0.36328125,0.8973016834478108,0.3701330844187987,78513,133608
0.361328125,0.8973131121498531,0.36992329582932854,78514,133730
0.359375,0.897381684362107,0.36976863559517587,78520,133829
0.357421875,0.8974273991702763,0.3695925369832581,78524,133937
0.35546875,0.8974731139784454,0.3694426932884201,78528,134030
0.353515625,0.897530257488657,0.36928205996313435,78533,134131
0.3515625,0.8975759722968263,0.3690717870636666,78537,134259
0.349609375,0.8976559732111224,0.3689035845795446,78544,134368
0.34765625,0.8977588315295032,0.36876399536187254,78553,134464
0.345703125,0.8978159750397148,0.36860577509595444,78558,134564
0.34375,0.8978845472519686,0.36842475485713483,78564,134679
0.341796875,0.8979988342723917,0.3682782217431042,78574,134781
0.33984375,0.8980902638887301,0.36811385099685207,78582,134890
0.337890625,0.8981016925907724,0.36792722267221645,78583,135000
0.3359375,0.898158836100984,0.36774401856782546,78588,135115
0.333984375,0.8982845518234495,0.3675942381442335,78599,135221
0.33203125,0.8983188379295763,0.36740722736132597,78602,135335
0.330078125,0.8984331249499994,0.3672359668136632,78612,135452
0.328125,0.8985474119704225,0.3670786196850357,78622,135561
0.326171875,0.8986159841826764,0.36692161593347367,78628,135663
0.32421875,0.8987302712030995,0.3667782949785916,78638,135764
0.322265625,0.8988102721173956,0.3666006292972847,78645,135880
0.3203125,0.8988788443296495,0.3664441162356208,78651,135982
0.318359375,0.8989702739459879,0.36629707414978974,78659,136082
0.31640625,0.8990159887541572,0.3661094097606836,78663,136199
0.314453125,0.8991074183704957,0.36593545626226825,78671,136315
0.3125,0.8991874192847918,0.3657570545302403,78678,136432
0.310546875,0.899267420199088,0.3655975430135255,78685,136538
0.30859375,0.8993017063052149,0.3654535659217151,78688,136628
0.306640625,0.8993702785174688,0.3652812462285433,78694,136740
0.3046875,0.899415993325638,0.3651083058451289,78698,136849
0.302734375,0.8994502794317649,0.3649275254796858,78701,136961
0.30078125,0.8995302803460611,0.3647502618334832,78708,137078
0.298828125,0.8996102812603572,0.3645580055483769,78715,137204
0.296875,0.8996902821746534,0.3644182741492725,78722,137299
0.294921875,0.8997702830889496,0.36423317140874395,78729,137421
0.29296875,0.8998731414073303,0.364089521871821,78738,137522
0.291015625,0.8999874284277535,0.3639573685329488,78748,137618
0.2890625,0.9001017154481765,0.363790053258073,78758,137735
0.287109375,0.9001588589583881,0.3636149595357577,78763,137848
0.28515625,0.9002502885747266,0.36345054468442445,78771,137960
0.283203125,0.9003531468931073,0.36329762459245457,78780,138067
0.28125,0.9003988617012766,0.36312851736964125,78784,138175
0.279296875,0.9005131487216996,0.3629671600263494,78794,138289
0.27734375,0.9005931496359958,0.36282224237875765,78801,138388
0.275390625,0.9007302940605035,0.36265374580693255,78813,138510
0.2734375,0.9008788671870536,0.3624883885623891,78826,138632
0.271484375,0.9009588681013497,0.3623223042876775,78833,138744
0.26953125,0.9010617264197305,0.3621506166601594,78842,138863
0.267578125,0.9011302986319843,0.3619886235819648,78848,138971
0.265625,0.9012445856524075,0.36182689131152956,78858,139086
0.263671875,0.9012903004605767,0.3616842703895139,78862,139179
0.26171875,0.901336015268746,0.3615185742051414,78866,139286
0.259765625,0.9014045874809998,0.36128937688667795,78872,139435
0.2578125,0.901450302289169,0.36110920353253034,78876,139551
0.255859375,0.9015303032034652,0.3609528646798541,78883,139658
0.25390625,0.9016445902238883,0.3607675106662216,78893,139788
0.251953125,0.9017360198402268,0.36058808474855125,78901,139911
0.25,0.9017931633504382,0.36044785323716033,78906,140005
0.2490234375,0.9018388781586075,0.3603706460731884,78910,140059
0.248046875,0.9018845929667768,0.3602720964207451,78914,140126
0.2470703125,0.9019417364769883,0.3601880376988202,78919,140186
0.24609375,0.9019874512851576,0.3601241130706578,78923,140232
0.2451171875,0.9019874512851576,0.36002883040695577,78923,140290
0.244140625,0.9020445947953691,0.35995147623521256,78928,140346
0.2431640625,0.9021017383055806,0.35987252434620853,78933,140403
0.2421875,0.9021474531137499,0.3598021787684033,78937,140453
0.2412109375,0.9021588818157922,0.359708361813625,78938,140512
0.240234375,0.9021931679219191,0.359651560642025,78941,140552
0.2392578125,0.9022160253260038,0.35956402127969683,78943,140609
0.23828125,0.9022617401341729,0.3594790884047082,78947,140668
0.2373046875,0.9023188836443845,0.35941511735892345,78952,140716
0.236328125,0.9023531697505114,0.3593437101765884,78955,140765
0.2353515625,0.9023988845586807,0.359258905374847,78959,140824
0.234375,0.9024217419627653,0.3591601508307975,78961,140888
0.2333984375,0.90244459936685,0.35906635381425295,78963,140949
0.232421875,0.9024788854729768,0.35898531617947904,78966,141004
0.2314453125,0.9025017428770614,0.35891445738777106,78968,141051
0.23046875,0.9025474576852307,0.3588315211217688,78972,141109
0.2294921875,0.902558886387273,0.35872359754712696,78973,141177
0.228515625,0.9026274585995269,0.3586286752185265,78979,141246
0.2275390625,0.902673173407696,0.35854101411775385,78983,141307
0.2265625,0.9027417456199499,0.3584608542540253,78989,141367
0.2255859375,0.9027988891301615,0.3583940910390135,78994,141417
0.224609375,0.9028331752362884,0.35832154002467526,78997,141467
0.2236328125,0.9028560326403731,0.358229868586924,78999,141527
0.22265625,0.9028788900444576,0.3581447430457331,79001,141583
0.2216796875,0.9028903187464999,0.3580567528247243,79002,141639
0.220703125,0.9029817483628384,0.3579745734298685,79010,141704
0.2197265625,0.90303889187305,0.35787075618681835,79015,141777
0.21875,0.9030731779791769,0.3578000760717973,79018,141826
0.2177734375,0.9031074640853038,0.3576759954555536,79021,141908
0.216796875,0.9031188927873461,0.3575866453682796,79022,141965
0.2158203125,0.9031988937016423,0.3575325732899023,79029,142011
0.21484375,0.9032217511057269,0.35744459520578925,79031,142069
0.2138671875,0.9032217511057269,0.3573411585972401,79031,142133
0.212890625,0.9032674659138962,0.357257477613492,79035,142192
0.2119140625,0.9033246094241077,0.3571815914102889,79040,142248
0.2109375,0.9033474668281923,0.3570889672962851,79042,142309
0.2099609375,0.9033588955302346,0.35698381801019785,79043,142376
0.208984375,0.9033817529343192,0.3569009734689086,79045,142431
0.2080078125,0.9034046103384039,0.3568004549886253,79047,142497
0.20703125,0.9034503251465731,0.35669936557499843,79051,142567
0.2060546875,0.9035074686567847,0.35662376679793756,79056,142623
0.205078125,0.9035417547629115,0.35653597424033334,79059,142683
0.2041015625,0.9035646121669962,0.35646140111995817,79061,142733
0.203125,0.9036103269751654,0.3563749949292118,79065,142794
0.2021484375,0.90363318437925,0.3562828381142924,79067,142855
0.201171875,0.9036446130812924,0.3562038797336625,79068,142906
0.2001953125,0.903667470485377,0.3561118192013043,79070,142967
0.19921875,0.9036903278894616,0.3560246198732986,79072,143025
0.1982421875,0.9037017565915039,0.3559185473924903,79073,143093
0.197265625,0.9037131852935462,0.35585737623027175,79074,143133
0.1962890625,0.9037474713996732,0.35576840883426086,79077,143194
0.1953125,0.9037589001017154,0.3556481027573769,79078,143271
0.1943359375,0.9037931862078423,0.3555608510332176,79081,143331
0.193359375,0.9038389010160116,0.3554701546206401,79085,143395
0.1923828125,0.9038960445262232,0.3553824101658511,79090,143459
0.19140625,0.9039074732282655,0.3552879237773515,79091,143520
0.1904296875,0.9039189019303078,0.35517753937211194,79092,143591
0.189453125,0.9039874741425616,0.3550944548197098,79098,143654
0.1884765625,0.9039989028446039,0.3550065077869036,79099,143711
0.1875,0.9040560463548155,0.35492699911160563,79104,143770
0.1865234375,0.904113189865027,0.3548443527406477,79109,143831
0.185546875,0.9041246185670694,0.354750181612721,79110,143892
0.1845703125,0.9041589046731963,0.354665028870638,79113,143951
0.18359375,0.9042160481834078,0.35455710610990115,79118,144028
0.1826171875,0.904261762991577,0.35449242376723805,79122,144076
0.181640625,0.9042731916936193,0.3543936971195406,79123,144140
0.1806640625,0.9042731916936193,0.3542937230774742,79123,144203
0.1796875,0.9042846203956617,0.35418876877280153,79124,144271
0.1787109375,0.9043303352038309,0.3541179050440589,79128,144323
0.177734375,0.9043531926079155,0.3540397125804229,79130,144376
0.1767578125,0.9043646213099579,0.3539396704417369,79131,144441
0.17578125,0.904444622224254,0.3538775929991817,79138,144493
0.1748046875,0.9044560509262963,0.35379979703419573,79139,144544
0.173828125,0.9045131944365078,0.35371778197891385,79144,144605
0.1728515625,0.904593195350804,0.35365107166314436,79151,144660
0.171875,0.9046046240528464,0.3535339098120489,79152,144736
0.1708984375,0.9046389101589732,0.35344311778311616,79155,144799
0.169921875,0.9046960536691848,0.35336288439819835,79160,144859
0.1689453125,0.9047303397753117,0.3532895382775333,79163,144911
0.16796875,0.9047874832855233,0.35319993754043144,79168,144977
0.1669921875,0.9048217693916502,0.3531109227955934,79171,145039
0.166015625,0.9048560554977771,0.3530298301154858,79174,145096
0.1650390625,0.904924627710031,0.3529653008095289,79180,145148
0.1640625,0.9049589138161579,0.35288428971246233,79183,145205
0.1630859375,0.9049817712202425,0.352784720458707,79185,145272
0.162109375,0.9050160573263695,0.3527148011224444,79188,145322
0.1611328125,0.9050617721345386,0.35261796306933296,79192,145391
0.16015625,0.9051189156447502,0.352558595054199,79197,145438
0.1591796875,0.9051989165590464,0.352498742728968,79204,145489
0.158203125,0.9052446313672157,0.35241146111407723,79208,145552
0.1572265625,0.9052903461753848,0.35233363431352055,79212,145609
0.15625,0.9053360609835541,0.352243318955934,79216,145674
0.1552734375,0.905370347089681,0.35216739943186615,79219,145728
0.154296875,0.9053932044937656,0.3520792501633268,79221,145788
0.1533203125,0.9054389193019349,0.352001599502377,79225,145845
0.15234375,0.9054617767060195,0.3519197967378558,79227,145901
0.1513671875,0.9054732054080618,0.35184453257186504,79228,145951
0.150390625,0.9055417776203156,0.3517618280214341,79234,146015
0.1494140625,0.9055760637264426,0.35169083412116126,79237,146066
0.1484375,0.9056217785346118,0.3515946684651427,79241,146135
0.1474609375,0.9056560646407388,0.35153155151380727,79244,146181
0.146484375,0.9056674933427811,0.35143932909657766,79245,146242
0.1455078125,0.9056903507468657,0.3513515910068322,79247,146302
0.14453125,0.9057246368529926,0.3512636627159662,79250,146364
0.1435546875,0.9057474942570772,0.35118069064531426,79252,146421
0.142578125,0.9057932090652464,0.35109262384768386,79256,146485
0.1416015625,0.9058160664693311,0.3509988618599069,79258,146549
0.140625,0.905850352575458,0.3509126891013012,79261,146610
0.1396484375,0.9058732099795426,0.35081748090184034,79263,146675
0.138671875,0.905884638681585,0.3507396312242523,79264,146727
0.1376953125,0.905884638681585,0.3506294733303253,79264,146798
0.13671875,0.9059189247877119,0.35053110102859364,79267,146867
0.1357421875,0.9059532108938387,0.3504265947570841,79270,146940
0.134765625,0.9059760682979234,0.3503456078632418,79272,146996
0.1337890625,0.905998925702008,0.35025073453067357,79274,147061
0.1328125,0.9060103544040503,0.35015768690536136,79275,147123
0.1318359375,0.9060332118081349,0.3500644694079412,79277,147187
0.130859375,0.9060560692122196,0.34996976131302115,79279,147252
0.1298828125,0.9060560692122196,0.3498554753866861,79279,147326
0.12890625,0.9060903553183465,0.34976684269271324,79282,147389
0.1279296875,0.9061132127224311,0.3496815623731983,79284,147448
0.126953125,0.9061589275306003,0.3496005220550627,79288,147508
0.1259765625,0.9062389284448965,0.34950656082370624,79295,147582
0.125,0.9062732145510234,0.34943045365413006,79298,147637
0.12451171875,0.9062960719551081,0.3493807633507069,79300,147673
0.1240234375,0.9062960719551081,0.3493376681159995,79300,147701
0.12353515625,0.9062960719551081,0.3492884294353684,79300,147733
0.123046875,0.9063189293591927,0.34922032913075834,79302,147781
0.12255859375,0.9063189293591927,0.349166512561752,79302,147816
0.1220703125,0.9063532154653196,0.3491274565048954,79305,147847
0.12158203125,0.906364644167362,0.34909497482128393,79306,147870
0.12109375,0.9064103589755311,0.3490787771019111,79310,147888
0.12060546875,0.9064332163796157,0.34902766714927586,79312,147925
0.1201171875,0.9064903598898273,0.34899438120674253,79317,147956
0.11962890625,0.9065246459959543,0.3489707299260439,79320,147977
0.119140625,0.9065360746979966,0.348926005920934,79321,148008
0.11865234375,0.9065589321020812,0.3488764860335933,79323,148044
0.1181640625,0.9065589321020812,0.3488304595047428,79323,148074
0.11767578125,0.9065703608041235,0.34878424130501695,79324,148106
0.1171875,0.906593218208208,0.34873936649594445,79326,148139
0.11669921875,0.9066046469102504,0.3486916426006268,79327,148172
0.1162109375,0.906627504314335,0.34864679564372797,79329,148205
0.11572265625,0.9066389330163773,0.34861441918104397,79330,148228
0.115234375,0.9066617904204619,0.3485803168911972,79332,148254
0.11474609375,0.9066617904204619,0.34852212420482903,79332,148292
0.1142578125,0.9066617904204619,0.34847772706707136,79332,148321
0.11376953125,0.9066960765265889,0.34843427467170274,79335,148355
0.11328125,0.9067303626327158,0.3483938961466681,79338,148387
0.11279296875,0.9067532200368004,0.34835066890880273,79340,148419
0.1123046875,0.9067760774408851,0.3483059255292062,79342,148452
0.11181640625,0.9067989348449697,0.34826883910386963,79344,148480
0.111328125,0.9067989348449697,0.34822451317296677,79344,148509
0.11083984375,0.9067989348449697,0.34819089413055404,79344,148531
0.1103515625,0.9068217922490542,0.3481523084078524,79346,148560
0.10986328125,0.9068560783551812,0.3481135386505221,79349,148591
0.109375,0.9068675070572235,0.3480446339281015,79350,148638
0.10888671875,0.9068903644613081,0.3480091396694106,79352,148665
0.1083984375,0.9069017931633504,0.34796164015943803,79353,148698
0.10791015625,0.9069246505674351,0.34791548838820274,79355,148732
0.107421875,0.9069360792694774,0.3478832673566816,79356,148755
0.10693359375,0.906958936673562,0.3478417140051897,79358,148786
0.1064453125,0.906958936673562,0.347799028802833,79358,148814
0.10595703125,0.906958936673562,0.34775483017164693,79358,148843
0.10546875,0.906958936673562,0.34771064277264163,79358,148872
0.10498046875,0.9069703653756043,0.3476708475897993,79359,148900
0.1044921875,0.9069932227796889,0.3476354429492571,79361,148927
0.10400390625,0.9070275088858158,0.3476013822765517,79364,148955
0.103515625,0.9070503662899004,0.34755229749909133,79366,148991
0.10302734375,0.907073223693985,0.3474986646117742,79368,149030
0.1025390625,0.9070846523960274,0.3474421943809699,79369,149069
0.10205078125,0.9070846523960274,0.347384407990336,79369,149107
0.1015625,0.907107509800112,0.34734907332443493,79371,149134
0.10107421875,0.9071303672041966,0.3473137476261738,79373,149161
0.1005859375,0.9071417959062389,0.34726493968998423,79374,149195
0.10009765625,0.9071532246082812,0.3472222222222222,79375,149225
0.099609375,0.9071760820123659,0.34717933465713763,79377,149257
0.09912109375,0.9071875107144082,0.34713208669337203,79378,149290
0.0986328125,0.9071989394164505,0.3470894057254295,79379,149320
0.09814453125,0.9072103681184928,0.3470603923557522,79380,149341
0.09765625,0.907256082926662,0.3470384311051074,79384,149363
0.09716796875,0.9072789403307466,0.346984981729811,79386,149402
0.0966796875,0.9073246551389159,0.3469342271438123,79390,149443
0.09619140625,0.9073246551389159,0.3468690469948793,79390,149486
0.095703125,0.9073246551389159,0.34681449640036344,79390,149522
0.09521484375,0.9073360838409582,0.34675221439927323,79391,149565
0.0947265625,0.9073589412450428,0.3467215763684482,79393,149589
0.09423828125,0.9073589412450428,0.34669280920170653,79393,149608
0.09375,0.9073703699470851,0.3466502497467603,79394,149638
0.09326171875,0.9073703699470851,0.3466018230712814,79394,149670
0.0927734375,0.9073817986491274,0.34656533866454814,79395,149696
0.09228515625,0.9073817986491274,0.34653054811142053,79395,149719
0.091796875,0.9073932273511697,0.3464925679273114,79396,149746
0.09130859375,0.9074046560532121,0.34644703828951673,79397,149778
0.0908203125,0.9074503708613813,0.3463934526354364,79401,149821
0.09033203125,0.9074617995634235,0.3463539962748254,79402,149849
0.08984375,0.9074617995634235,0.3463026364568114,79402,149883
0.08935546875,0.9074732282654658,0.34625716254284444,79403,149915
0.0888671875,0.9075189430736351,0.34619912106309514,79407,149961
0.08837890625,0.9075303717756774,0.34614915171487853,79408,149996
0.087890625,0.9075303717756774,0.34609634804893674,79408,150031
0.08740234375,0.9075646578818044,0.3460581419164782,79411,150062
0.0869140625,0.9075760865838467,0.34601424805559794,79412,150093
0.08642578125,0.9075989439879313,0.3459686940459439,79414,150127
0.0859375,0.9076218013920159,0.3459035672285378,79416,150174
0.08544921875,0.9076675162001852,0.34586223865452537,79420,150209
0.0849609375,0.9076675162001852,0.3458080247316744,79420,150245
0.08447265625,0.907701802306312,0.3457714041915907,79423,150275
0.083984375,0.9077246597103967,0.3457199070245236,79425,150313
0.08349609375,0.9077475171144813,0.345678958615317,79427,150344
0.0830078125,0.9077475171144813,0.34563834324058523,79427,150371
0.08251953125,0.9077818032206082,0.3456002645410561,79430,150402
0.08203125,0.9077932319226505,0.3455655230620644,79431,150427
0.08154296875,0.9078389467308198,0.34553181493918883,79435,150457
0.0810546875,0.9078389467308198,0.34548372505697533,79435,150489
0.08056640625,0.9078389467308198,0.3454326442219884,79435,150523
0.080078125,0.9078503754328621,0.34538442474336173,79436,150557
0.07958984375,0.9078618041349044,0.34533471866590737,79437,150592
0.0791015625,0.9078732328369467,0.3452805257576021,79438,150630
0.07861328125,0.9079075189430736,0.3452380435018796,79441,150664
0.078125,0.9079075189430736,0.3451990388083309,79441,150690
0.07763671875,0.9079418050492005,0.34517307750796195,79444,150713
0.0771484375,0.9079760911553275,0.34513362758045457,79447,150745
0.07666015625,0.9080218059634967,0.3451015311108698,79451,150774
0.076171875,0.9080218059634967,0.3450535705754874,79451,150806
0.07568359375,0.9080560920696237,0.3450171522862478,79454,150836
0.0751953125,0.9080903781757506,0.34498523792983676,79457,150863
0.07470703125,0.9081018068777928,0.344946146933566,79458,150891
0.07421875,0.9081475216859621,0.34491709349769945,79462,150918
0.07373046875,0.9081703790900467,0.3448718838969516,79464,150952
0.0732421875,0.908181807792089,0.34483132707879505,79465,150981
0.07275390625,0.9082275226002583,0.3447948212875626,79469,151013
0.072265625,0.9082618087063852,0.344756979992712,79472,151044
0.07177734375,0.9082618087063852,0.3447106229966124,79472,151075
0.0712890625,0.9082846661104699,0.34465202608936996,79474,151118
0.07080078125,0.9082846661104699,0.34461167553410604,79474,151145
0.0703125,0.908330380918639,0.3445931591247079,79478,151165
0.06982421875,0.9083760957268083,0.34456717763751127,79482,151190
0.0693359375,0.9083875244288506,0.3445237187044871,79483,151221
0.06884765625,0.9084218105349775,0.344487446746729,79486,151251
0.068359375,0.9084446679390622,0.34444535925224573,79488,151283
0.06787109375,0.9084560966411045,0.3443974593381455,79489,151317
0.0673828125,0.9085018114492737,0.3443670452871711,79493,151345
0.06689453125,0.9085018114492737,0.34432677105667814,79493,151372
0.06640625,0.9085246688533584,0.34428174845496556,79495,151406
0.06591796875,0.9085360975554007,0.3442339003013822,79496,151440
0.0654296875,0.9085589549594852,0.3441963570553369,79498,151469
0.06494140625,0.9085932410656122,0.3441467648446597,79501,151508
0.064453125,0.9086160984696968,0.3441092451523546,79503,151537
0.06396484375,0.9086389558737814,0.3440613126303672,79505,151573
0.0634765625,0.908661813277866,0.3440238156021618,79507,151602
0.06298828125,0.9086846706819507,0.3439759114329842,79509,151638
0.0625,0.9086846706819507,0.3439402001116057,79509,151662
0.062255859375,0.9086846706819507,0.34392234723141407,79509,151674
0.06201171875,0.908696099383993,0.34390733403692103,79510,151686
0.061767578125,0.908696099383993,0.3438835354566372,79510,151702
0.0615234375,0.9087303854901199,0.34387717591090927,79513,151712
0.061279296875,0.9087303854901199,0.3438652787448158,79513,151720
0.06103515625,0.9087418141921622,0.3438443243243243,79514,151736
0.060791015625,0.9087532428942046,0.343821886296418,79515,151753
0.060546875,0.9087646715962469,0.3438039112256413,79516,151767
0.060302734375,0.9087875290003314,0.3437828303134849,79518,151785
0.06005859375,0.9087875290003314,0.3437575652775376,79518,151802
0.059814453125,0.908810386404416,0.34373054844733386,79520,151824
0.0595703125,0.908810386404416,0.3437097485282549,79520,151838
0.059326171875,0.9088332438085007,0.3437005661926784,79522,151848
0.05908203125,0.9088332438085007,0.3436708587233675,79522,151868
0.058837890625,0.9088561012125853,0.34365276913503423,79524,151884
0.05859375,0.9088675299146276,0.3436184830232377,79525,151909
0.058349609375,0.9089132447227969,0.3436031038296696,79529,151927
0.05810546875,0.9089132447227969,0.34358083734031475,79529,151942
0.057861328125,0.9089132447227969,0.34355857373664067,79529,151957
0.0576171875,0.9089246734248392,0.34353618080033177,79530,151974
0.057373046875,0.9089246734248392,0.34350502105604147,79530,151995
0.05712890625,0.9089246734248392,0.3434783172024203,79530,152013
0.056884765625,0.9089361021268815,0.3434663188716239,79531,152023
0.056640625,0.9089589595309661,0.3434393595246526,79533,152045
0.056396484375,0.9089589595309661,0.34341414970098666,79533,152062
0.05615234375,0.9089589595309661,0.3433815307166572,79533,152084
0.055908203125,0.9089589595309661,0.34336967080410147,79533,152092
0.0556640625,0.9089589595309661,0.34335040019340524,79533,152105
0.055419921875,0.9089818169350506,0.34332939073979746,79535,152123
0.05517578125,0.9090046743391353,0.343306903085735,79537,152142
0.054931640625,0.9090161030411776,0.34328899324108525,79538,152156
0.0546875,0.9090275317432199,0.34326664134788015,79539,152173
0.054443359375,0.9090389604452622,0.3432457741586077,79540,152189
0.05419921875,0.9090389604452622,0.34320578539498436,79540,152216
0.053955078125,0.9090618178493468,0.3431936833930189,79542,152228
0.0537109375,0.9090732465513892,0.34318467160527916,79543,152236
0.053466796875,0.9090732465513892,0.34315358067299395,79543,152257
0.05322265625,0.9090732465513892,0.3431343367283112,79543,152270
0.052978515625,0.9090732465513892,0.3431091748263814,79543,152287
0.052734375,0.9090732465513892,0.3430914157055236,79543,152299
0.052490234375,0.9090732465513892,0.343078097571285,79543,152308
0.05224609375,0.9090846752534315,0.343058736258286,79544,152323
0.052001953125,0.9090846752534315,0.34303802381393905,79544,152337
0.0517578125,0.9090846752534315,0.343014355511283,79544,152353
0.051513671875,0.9090846752534315,0.34299069047444514,79544,152369
0.05126953125,0.9090846752534315,0.3429714650362616,79544,152382
0.051025390625,0.9090961039554738,0.3429565532316687,79545,152394
0.05078125,0.9090961039554738,0.342934374919165,79545,152409
0.050537109375,0.9091189613595584,0.34291490820052334,79547,152426
0.05029296875,0.9091189613595584,0.3429001263023584,79547,152436
0.050048828125,0.9091303900616007,0.342882266226433,79548,152450
0.0498046875,0.9091646761677277,0.34286268425135763,79551,152469
0.049560546875,0.9091646761677277,0.34283165475066907,79551,152490
0.04931640625,0.90917610486977,0.3428019856591285,79552,152512
0.049072265625,0.9091875335718123,0.3427826611513271,79553,152527
0.048828125,0.9091875335718123,0.3427605075507874,79553,152542
0.048583984375,0.9091989622738545,0.3427426651156779,79554,152556
0.04833984375,0.9092103909758968,0.3427159664155154,79555,152576
0.048095703125,0.9092218196779391,0.3427040345995124,79556,152586
0.0478515625,0.9092561057840661,0.34268448165951654,79559,152605
0.047607421875,0.9092561057840661,0.3426490602442848,79559,152629
0.04736328125,0.9092561057840661,0.34262987670165074,79559,152642
0.047119140625,0.9092561057840661,0.3426062691361959,79559,152658
0.046875,0.9092675344861084,0.34257959507057417,79560,152678
0.046630859375,0.9092789631881507,0.34255587560331874,79561,152696
0.04638671875,0.909290391890193,0.34253363470024756,79562,152713
0.046142578125,0.909290391890193,0.3425174138777197,79562,152724
0.0458984375,0.909290391890193,0.34249677141627205,79562,152738
0.045654296875,0.9093018205922353,0.34247748756004753,79563,152753
0.04541015625,0.9093018205922353,0.34245390217447447,79563,152769
0.045166015625,0.9093018205922353,0.34242884626144293,79563,152786
0.044921875,0.9093018205922353,0.34241263556550183,79563,152797
0.044677734375,0.9093132492942777,0.3423904156159361,79564,152814
0.04443359375,0.9093132492942777,0.3423565303075288,79564,152837
0.044189453125,0.9093361066983623,0.3423445130477809,79566,152849
0.0439453125,0.9093475354004046,0.34233850496080404,79567,152855
0.043701171875,0.9093589641024469,0.34232366037817025,79568,152867
0.04345703125,0.9093703928044892,0.342307344836932,79569,152880
0.043212890625,0.9093703928044892,0.3422882019426831,79569,152893
0.04296875,0.9093703928044892,0.3422675889124039,79569,152907
0.042724609375,0.9093703928044892,0.3422425621416559,79569,152924
0.04248046875,0.9093818215065315,0.34222331178578036,79570,152939
0.042236328125,0.9094161076126585,0.34222002408394975,79573,152947
0.0419921875,0.9094161076126585,0.34220089191641617,79573,152960
0.041748046875,0.909438965016743,0.3421874193714846,79575,152973
0.04150390625,0.9094503937187853,0.34216376356060835,79576,152991
0.041259765625,0.90947325112287,0.34214146903537584,79578,153010
0.041015625,0.90947325112287,0.3421179343433475,79578,153026
0.040771484375,0.9094961085269546,0.3421000593237097,79580,153042
0.04052734375,0.9095075372289969,0.3420822998921066,79581,153056
0.040283203125,0.9095189659310392,0.3420689536598051,79582,153067
0.0400390625,0.9095189659310392,0.34204837038979125,79582,153081
0.039794921875,0.9095189659310392,0.3420263196348602,79582,153096
0.03955078125,0.9095303946330815,0.3420085692307031,79583,153110
0.039306640625,0.9095532520371662,0.3419907095066413,79585,153126
0.0390625,0.9095761094412508,0.3419743219552439,79587,153141
0.038818359375,0.9095761094412508,0.34194934370233515,79587,153158
0.03857421875,0.9095761094412508,0.34191996219362875,79587,153178
0.038330078125,0.9095761094412508,0.3418935231524639,79587,153196
0.0380859375,0.9095989668453354,0.341877147766323,79589,153211
0.037841796875,0.9095989668453354,0.3418595261412642,79589,153223
0.03759765625,0.9095989668453354,0.3418389698744986,79589,153237
0.037353515625,0.9096103955473777,0.34181683874181856,79590,153254
0.037109375,0.90962182424942,0.34180205018530685,79591,153266
0.036865234375,0.9096561103555469,0.341788513150832,79594,153281
0.03662109375,0.9096789677596315,0.3417677494149724,79596,153299
0.036376953125,0.9096789677596315,0.3417413368940334,79596,153317
0.0361328125,0.9096789677596315,0.34171932957823875,79596,153332
0.035888671875,0.9096789677596315,0.3416958582320214,79596,153348
0.03564453125,0.9096903964616738,0.3416678828670278,79597,153369
0.035400390625,0.9096903964616738,0.3416356207186636,79597,153391
0.03515625,0.9096903964616738,0.3416150934326744,79597,153405
0.034912109375,0.9096903964616738,0.34158870483220327,79597,153423
0.03466796875,0.9097018251637161,0.3415768717466775,79598,153433
0.034423828125,0.9097132538657585,0.34155771153458314,79599,153448
0.0341796875,0.9097475399718854,0.3415456698589229,79602,153462
0.033935546875,0.9097475399718854,0.3415339465916112,79602,153470
0.03369140625,0.9097589686739277,0.3415147926963207,79603,153485
0.033447265625,0.9097589686739277,0.34148988653182044,79603,153502
0.033203125,0.90977039737597,0.3414678088391107,79604,153519
0.032958984375,0.9097818260780123,0.34144280548847705,79605,153538
0.03271484375,0.9097818260780123,0.3414193747614289,79605,153554
0.032470703125,0.9097932547800547,0.34140462834302576,79606,153566
0.0322265625,0.9097932547800547,0.3413768112834543,79606,153585
0.031982421875,0.909804683482097,0.3413620692612477,79607,153597
0.03173828125,0.909804683482097,0.34132547839248123,79607,153622
0.031494140625,0.9098161121841393,0.3413034251244389,79608,153639
0.03125,0.9098161121841393,0.3412844036697248,79608,153652
0.0311279296875,0.9098389695882239,0.34127981000475843,79610,153659
0.031005859375,0.9098389695882239,0.3412593287980693,79610,153673
0.0308837890625,0.9098389695882239,0.341240312735752,79610,153686
0.03076171875,0.9098503982902661,0.34122851007470845,79611,153696
0.0306396484375,0.9098503982902661,0.3412241224122412,79611,153699
0.030517578125,0.9098503982902661,0.34121242253062345,79611,153707
0.0303955078125,0.9098618269923084,0.3412050093002923,79612,153714
0.0302734375,0.9098732556943508,0.34119320982098855,79613,153724
0.0301513671875,0.9098846843963931,0.3411843357074902,79614,153732
0.030029296875,0.9099075418004777,0.3411782855379763,79616,153740
0.0299072265625,0.9099075418004777,0.3411636656582364,79616,153750
0.02978515625,0.9099075418004777,0.34115197065654274,79616,153758
0.0296630859375,0.9099075418004777,0.34114758523761984,79616,153761
0.029541015625,0.9099303992045623,0.34114446086937894,79618,153767
0.0294189453125,0.9099418279066046,0.3411458221751854,79619,153768
0.029296875,0.9099646853106893,0.34114269800124253,79621,153774
0.0291748046875,0.9099646853106893,0.3411324667312191,79621,153781
0.029052734375,0.9099646853106893,0.341117851695714,79621,153791
0.0289306640625,0.9099646853106893,0.34110616056893156,79621,153799
0.02880859375,0.9099646853106893,0.3410930090091634,79621,153808
0.0286865234375,0.9099761140127316,0.3410856033962054,79622,153815
0.028564453125,0.9099761140127316,0.3410826811286889,79622,153817
0.0284423828125,0.9099761140127316,0.3410709925593389,79622,153825
0.0283203125,0.9099761140127316,0.34106222665804253,79622,153831
0.0281982421875,0.9099761140127316,0.3410461570092177,79622,153842
0.028076171875,0.9099989714168162,0.34104011581589383,79624,153850
0.0279541015625,0.9099989714168162,0.3410328123728472,79624,153855
0.02783203125,0.9099989714168162,0.3410196669636127,79624,153864
0.0277099609375,0.9100104001188585,0.3410122657347449,79625,153871
0.027587890625,0.9100104001188585,0.34100058243113607,79625,153879
0.0274658203125,0.9100218288209008,0.3409917220882777,79626,153887
0.02734375,0.9100218288209008,0.3409800403389845,79626,153895
0.0272216796875,0.9100332575229432,0.340966801265774,79627,153906
0.027099609375,0.9100446862249855,0.34095648338849804,79628,153915
0.0269775390625,0.9100446862249855,0.34094772403221596,79628,153921
0.02685546875,0.9100561149270278,0.34094032720064055,79629,153928
0.0267333984375,0.91006754362907,0.3409343905738898,79630,153934
0.026611328125,0.91006754362907,0.3409227133389276,79630,153942
0.0264892578125,0.91006754362907,0.34091249641448934,79630,153949
0.0263671875,0.91006754362907,0.3409022801024034,79630,153956
0.0262451171875,0.91006754362907,0.3408920644026148,79630,153963
0.026123046875,0.91006754362907,0.34087747160781323,79630,153973
0.0260009765625,0.9100789723311123,0.34087299718760833,79631,153978
0.02587890625,0.9100789723311123,0.34085986525010914,79631,153987
0.0257568359375,0.9100789723311123,0.34084819326616045,79631,153995
0.025634765625,0.9100789723311123,0.34083652208154636,79631,154003
0.0255126953125,0.9100904010331546,0.3408320493066256,79632,154008
0.025390625,0.9100904010331546,0.3408174620158356,79632,154018
0.0252685546875,0.9100904010331546,0.34080579308219705,79632,154026
0.025146484375,0.9100904010331546,0.3407941249475747,79632,154034
0.0250244140625,0.9101361158413239,0.3407952002122588,79636,154041
0.02490234375,0.9101361158413239,0.3407849916981907,79636,154048
0.0247802734375,0.9101475445433662,0.34077031369679545,79637,154060
0.024658203125,0.9101475445433662,0.34075719065834853,79637,154069
0.0245361328125,0.9101475445433662,0.34074552658377333,79637,154077
0.0244140625,0.9101589732454085,0.3407337683174671,79638,154087
0.0242919921875,0.9101704019474508,0.3407234688857039,79639,154096
0.024169921875,0.9101818306494931,0.34071462796906016,79640,154104
0.0240478515625,0.9101818306494931,0.3406942222298274,79640,154118
0.02392578125,0.9101818306494931,0.3406825629047851,79640,154126
0.0238037109375,0.9101818306494931,0.3406694471179553,79640,154135
0.023681640625,0.9101818306494931,0.34065924664858716,79640,154142
0.0235595703125,0.9101818306494931,0.3406475897172676,79640,154150
0.0234375,0.9101818306494931,0.3406344766230822,79640,154159
0.0233154296875,0.9101818306494931,0.3406213645384247,79640,154168
0.023193359375,0.9101818306494931,0.34061408048312114,79640,154173
0.0230712890625,0.9101818306494931,0.34060242664260265,79640,154181
0.02294921875,0.9101818306494931,0.34059951330707416,79640,154183
0.0228271484375,0.9101818306494931,0.34058786046332606,79640,154191
0.022705078125,0.9101932593515355,0.34057465906612555,79641,154202
0.0225830078125,0.9101932593515355,0.34056446440025656,79641,154209
0.0224609375,0.9102046880535778,0.340561459023754,79642,154213
0.0223388671875,0.9102161167556201,0.34055408508400214,79643,154220
0.022216796875,0.9102161167556201,0.3405438919057596,79643,154227
0.0220947265625,0.9102275454576624,0.34053215096566203,79644,154237
0.02197265625,0.9102389741597047,0.34052186702352805,79645,154246
0.0218505859375,0.9102389741597047,0.34050439712188385,79645,154258
0.021728515625,0.9102389741597047,0.34049275151660247,79645,154266
0.0216064453125,0.9102389741597047,0.3404854734178081,79645,154271
0.021484375,0.910250402861747,0.3404708266183329,79646,154283
0.0213623046875,0.910250402861747,0.34046354954816316,79646,154288
0.021240234375,0.910250402861747,0.3404562727890604,79646,154293
0.0211181640625,0.910250402861747,0.3404489963410047,79646,154298
0.02099609375,0.910250402861747,0.34044463062146557,79646,154301
0.0208740234375,0.9102618315637893,0.3404372635763288,79647,154308
0.020751953125,0.9102618315637893,0.34042853296062164,79647,154314
0.0206298828125,0.9102618315637893,0.34041398292950836,79647,154324
0.0205078125,0.9102732602658317,0.34040661768791214,79648,154331
0.0203857421875,0.9102732602658317,0.3403978887535526,79648,154337
0.020263671875,0.9102732602658317,0.34038916026684785,79648,154343
0.0201416015625,0.910284688967874,0.3403817965034039,79649,154350
0.02001953125,0.9103075463719585,0.34037870661988745,79651,154356
0.0198974609375,0.9103075463719585,0.3403685249600451,79651,154363
0.019775390625,0.9103189750740008,0.34035970823380607,79652,154371
0.0196533203125,0.9103189750740008,0.34034661926574145,79652,154380
0.01953125,0.9103189750740008,0.3403378938462985,79652,154386
0.0194091796875,0.9103189750740008,0.34032916887422876,79652,154392
0.019287109375,0.9103189750740008,0.3403160822548739,79652,154401
0.0191650390625,0.9103189750740008,0.3403059044689396,79652,154408
0.01904296875,0.9103189750740008,0.3402986349945528,79652,154413
0.0189208984375,0.9103189750740008,0.3402899120352372,79652,154419
0.018798828125,0.9103304037760431,0.340279646788932,79653,154428
0.0186767578125,0.9103418324780854,0.3402635682094876,79654,154441
0.0185546875,0.9103418324780854,0.340260661178913,79654,154443
0.0184326171875,0.9103532611801278,0.3402518517252868,79655,154451
0.018310546875,0.9103532611801278,0.34024022484772376,79655,154459
0.0181884765625,0.9103532611801278,0.34023441170691704,79655,154463
0.01806640625,0.9103646898821701,0.34022415089181984,79656,154472
0.0179443359375,0.9103761185842124,0.34021679707520414,79657,154479
0.017822265625,0.9103761185842124,0.34020662586538997,79657,154486
0.0177001953125,0.9103761185842124,0.34019500237026534,79657,154494
0.017578125,0.9103761185842124,0.3401862852701393,79657,154500
0.0174560546875,0.9103875472862547,0.3401745755184312,79658,154510
0.017333984375,0.910398975988297,0.3401570566608165,79659,154524
0.0172119140625,0.9104218333923816,0.34015107197909417,79661,154532
0.01708984375,0.9104218333923816,0.3401365482081784,79661,154542
0.0169677734375,0.910433262094424,0.34012629529530813,79662,154551
0.016845703125,0.910433262094424,0.34011177382238295,79662,154561
0.0167236328125,0.910433262094424,0.34009434969154906,79662,154573
0.0166015625,0.9104446907964663,0.3400913592896175,79663,154577
0.0164794921875,0.9104561194985086,0.3400811099252935,79664,154586
0.016357421875,0.9104561194985086,0.3400694960257494,79664,154594
0.0162353515625,0.9104561194985086,0.3400578829194164,79664,154602
0.01611328125,0.9104675482005509,0.3400490876107139,79665,154610
0.0159912109375,0.9104789769025932,0.3400402929777535,79666,154618
0.015869140625,0.9104789769025932,0.34003739019830465,79666,154620
0.0157470703125,0.9104904056046355,0.34003004771782464,79667,154627
0.015625,0.9104904056046355,0.34001843774274226,79667,154635
0.01556396484375,0.9104904056046355,0.34001553537284895,79667,154637
0.0155029296875,0.9104904056046355,0.340012633052504,79667,154639
0.01544189453125,0.9104904056046355,0.34000537746840737,79667,154644
0.015380859375,0.9105018343066777,0.3400009388990129,79668,154649
0.01531982421875,0.9105018343066777,0.33999368390505375,79668,154654
0.0152587890625,0.9105018343066777,0.33998933105729223,79668,154657
0.01519775390625,0.9105018343066777,0.33998788013280645,79668,154658
0.01513671875,0.9105018343066777,0.33998352743365096,79668,154661
0.01507568359375,0.9105132630087202,0.33997618813930364,79669,154668
0.0150146484375,0.9105132630087202,0.33997183579414525,79669,154671
0.01495361328125,0.9105132630087202,0.3399674835604221,79669,154674
0.014892578125,0.9105132630087202,0.3399645821331797,79669,154676
0.01483154296875,0.9105132630087202,0.3399544275278214,79669,154683
0.0147705078125,0.9105132630087202,0.33994282300733913,79669,154691
0.01470947265625,0.9105132630087202,0.339939922001007,79669,154693
0.0146484375,0.9105132630087202,0.3399355705843449,79669,154696
0.01458740234375,0.9105132630087202,0.3399297688687497,79669,154700
0.0145263671875,0.9105132630087202,0.3399254177120134,79669,154703
0.01446533203125,0.9105246917107624,0.33991808174758936,79670,154710
0.014404296875,0.9105246917107624,0.3399108304712332,79670,154715
0.01434326171875,0.9105246917107624,0.33990357950424505,79670,154720
0.0142822265625,0.9105246917107624,0.3399021293479699,79670,154721
0.01422119140625,0.9105246917107624,0.3398905285432105,79670,154729
0.01416015625,0.9105246917107624,0.3398876284657489,79670,154731
0.01409912109375,0.9105246917107624,0.3398832784423474,79670,154734
0.0140380859375,0.9105246917107624,0.33987602865077704,79670,154739
0.01397705078125,0.9105246917107624,0.3398687791684797,79670,154744
0.013916015625,0.9105246917107624,0.33985718064004233,79670,154752
0.01385498046875,0.9105246917107624,0.33985428113162475,79670,154754
0.0137939453125,0.9105246917107624,0.3398499319617621,79670,154757
0.01373291015625,0.9105246917107624,0.3398426835926836,79670,154762
0.013671875,0.9105246917107624,0.33983688512003274,79670,154766
0.01361083984375,0.9105246917107624,0.33983108684524826,79670,154770
0.0135498046875,0.9105246917107624,0.3398238392800017,79670,154775
0.01348876953125,0.9105246917107624,0.3398180414503794,79670,154779
0.013427734375,0.9105246917107624,0.3398136932079914,79670,154782
0.01336669921875,0.9105246917107624,0.33980789572457093,79670,154786
0.0133056640625,0.9105246917107624,0.33980354774182264,79670,154789
0.01324462890625,0.9105246917107624,0.339797750604573,79670,154793
0.01318359375,0.9105246917107624,0.3397934028814412,79670,154796
0.01312255859375,0.9105361204128047,0.33978462522657,79671,154804
0.0130615234375,0.9105361204128047,0.3397802778938749,79671,154807
0.01300048828125,0.910547549114847,0.3397801954102891,79672,154809
0.012939453125,0.910547549114847,0.3397729501974531,79672,154814
0.01287841796875,0.9105589778168893,0.33977141882383044,79673,154817
0.0128173828125,0.9105589778168893,0.3397612762636622,79673,154824
0.01275634765625,0.9105704065189316,0.33975829630450916,79674,154828
0.0126953125,0.9105704065189316,0.3397525010021066,79674,154832
0.01263427734375,0.9105704065189316,0.3397481546550452,79674,154835
0.0125732421875,0.9105704065189316,0.3397438084191854,79674,154838
0.01251220703125,0.9105704065189316,0.3397409109903886,79674,154840
0.012451171875,0.9105704065189316,0.3397351162810531,79674,154844
0.01239013671875,0.9105704065189316,0.33972932176938625,79674,154848
0.0123291015625,0.9105704065189316,0.339722078907759,79674,154853
0.01226806640625,0.9105704065189316,0.33972063037249284,79674,154854
0.01220703125,0.9105704065189316,0.3397148363549537,79674,154858
0.01214599609375,0.9105704065189316,0.33970324891276543,79674,154866
0.0120849609375,0.9105704065189316,0.33969455884986316,79674,154872
0.01202392578125,0.9105704065189316,0.33968876572159457,79674,154876
0.011962890625,0.9105704065189316,0.3396844210050607,79674,154879
0.01190185546875,0.9105818352209739,0.3396814433956633,79675,154883
0.0118408203125,0.9105818352209739,0.339677098920963,79675,154886
0.01177978515625,0.9105818352209739,0.3396727545573916,79675,154889
0.01171875,0.9105818352209739,0.3396713064608957,79675,154890
0.01165771484375,0.9105932639230163,0.33966977733630616,79676,154893
0.0115966796875,0.9106046926250586,0.33966390423572745,79677,154899
0.01153564453125,0.9106046926250586,0.3396552165127759,79677,154905
0.011474609375,0.9106046926250586,0.3396508728179551,79677,154908
0.01141357421875,0.9106046926250586,0.33964797708312905,79677,154910
0.0113525390625,0.9106046926250586,0.33964073796207883,79677,154915
0.01129150390625,0.9106046926250586,0.3396320514241383,79677,154921
0.01123046875,0.9106046926250586,0.3396262606456893,79677,154925
0.01116943359375,0.9106046926250586,0.3396175748482575,79677,154931
0.0111083984375,0.9106046926250586,0.3396117845634494,79677,154935
0.01104736328125,0.9106046926250586,0.33960309950643175,79677,154941
0.010986328125,0.9106161213271009,0.3396001244549767,79678,154945
0.01092529296875,0.9106161213271009,0.33959288746441174,79678,154950
0.0108642578125,0.9106161213271009,0.33958565078228553,79678,154955
0.01080322265625,0.9106275500291432,0.3395855708416441,79679,154957
0.0107421875,0.9106275500291432,0.3395797817933856,79679,154961
0.01068115234375,0.9106275500291432,0.3395710985910691,79679,154967
0.0106201171875,0.9106275500291432,0.33955807462018706,79679,154976
0.01055908203125,0.9106275500291432,0.33955662757398064,79679,154977
0.010498046875,0.9106275500291432,0.3395493925279446,79679,154982
0.01043701171875,0.9106275500291432,0.33954505164831417,79679,154985
0.0103759765625,0.9106275500291432,0.339542157790221,79679,154987
0.01031494140625,0.9106389787311855,0.33954352532087884,79680,154988
0.01025390625,0.9106389787311855,0.33953629092396653,79680,154993
0.01019287109375,0.9106504074332278,0.3395362116279466,79681,154995
0.0101318359375,0.9106504074332278,0.3395289776334684,79681,155000
0.01007080078125,0.9106504074332278,0.3395130639305984,79681,155011
0.010009765625,0.9106504074332278,0.3395101706903457,79681,155013
0.00994873046875,0.9106504074332278,0.33950149126544527,79681,155019
0.0098876953125,0.9106504074332278,0.3394928122843046,79681,155025
0.00982666015625,0.9106618361352701,0.339485501503958,79682,155032
0.009765625,0.9106618361352701,0.3394811624211284,79682,155035
0.00970458984375,0.9106618361352701,0.33947537714989284,79682,155039
0.0096435546875,0.9106618361352701,0.33947103832586356,79682,155042
0.00958251953125,0.9106732648373125,0.3394666212243855,79683,155047
0.009521484375,0.9106732648373125,0.33946083652133907,79683,155051
0.00946044921875,0.9106732648373125,0.339450713765384,79683,155058
0.0093994140625,0.9106732648373125,0.3394463756262141,79683,155061
0.00933837890625,0.9106846935393548,0.3394477435185264,79684,155062
0.00927734375,0.9106961222413971,0.3394433274263904,79685,155067
0.00921630859375,0.9106961222413971,0.33943320596867427,79685,155074
0.0091552734375,0.9106961222413971,0.339420193552784,79685,155083
0.00909423828125,0.9106961222413971,0.3394158563025246,79685,155086
0.009033203125,0.9106961222413971,0.3394115191631101,79685,155089
0.00897216796875,0.9107075509434394,0.33940999582584397,79686,155092
0.0089111328125,0.9107075509434394,0.33940421327018255,79686,155096
0.00885009765625,0.9107075509434394,0.33940132206623963,79686,155098
0.0087890625,0.9107075509434394,0.33939698535268137,79686,155101
0.00872802734375,0.9107075509434394,0.33939264874994673,79686,155104
0.0086669921875,0.9107075509434394,0.33938831225803157,79686,155107
0.00860595703125,0.9107075509434394,0.3393839758769315,79686,155110
0.008544921875,0.9107075509434394,0.33937674882134233,79686,155115
0.00848388671875,0.9107075509434394,0.3393680767609143,79686,155121
0.0084228515625,0.9107075509434394,0.33936374089689536,79686,155124
0.00836181640625,0.9107075509434394,0.33935795991721107,79686,155128
0.00830078125,0.9107075509434394,0.3393565147030641,79686,155129
0.00823974609375,0.9107189796454817,0.33935210223957823,79687,155134
0.0081787109375,0.9107189796454817,0.3393492119596462,79687,155136
0.00811767578125,0.910730408347524,0.3393476900015756,79688,155139
0.008056640625,0.9107418370495662,0.3393418329543422,79689,155145
0.00799560546875,0.9107418370495662,0.3393360529386215,79689,155149
0.0079345703125,0.9107418370495662,0.33932593838489217,79689,155156
0.00787353515625,0.9107418370495662,0.3393230486231461,79689,155158
0.0078125,0.9107418370495662,0.3393201589106192,79689,155160
0.007781982421875,0.9107418370495662,0.33931726924731,79689,155162
0.00775146484375,0.9107418370495662,0.33931437963321737,79689,155164
0.007720947265625,0.9107418370495662,0.33930860055267675,79689,155168
0.0076904296875,0.9107418370495662,0.33930426637145533,79689,155171
0.007659912109375,0.9107418370495662,0.3393013769788216,79689,155173
0.00762939453125,0.9107418370495662,0.3392970429821387,79689,155176
0.007598876953125,0.9107418370495662,0.33929270909617315,79689,155179
0.007568359375,0.9107418370495662,0.3392854861989245,79689,155184
0.007537841796875,0.9107418370495662,0.3392825971261309,79689,155186
0.00750732421875,0.9107418370495662,0.33927970810253877,79689,155188
0.007476806640625,0.9107532657516086,0.33927674321574236,79690,155192
0.0074462890625,0.9107532657516086,0.33927385432809387,79690,155194
0.007415771484375,0.9107532657516086,0.3392709654896418,79690,155196
0.00738525390625,0.9107532657516086,0.3392666323242042,79690,155199
0.00732421875,0.9107532657516086,0.33926518796032185,79690,155200
0.007293701171875,0.9107532657516086,0.3392579663253794,79690,155205
0.00726318359375,0.9107532657516086,0.3392521892387792,79690,155209
0.007232666015625,0.9107532657516086,0.339246412348927,79690,155213
0.0072021484375,0.9107646944536509,0.33924633683260536,79691,155215
0.007171630859375,0.9107646944536509,0.3392448926596483,79691,155216
0.007110595703125,0.9107646944536509,0.3392391160907748,79691,155220
0.007080078125,0.9107761231556932,0.3392390406702027,79692,155222
0.007049560546875,0.9107875518577355,0.33924040933780586,79693,155223
0.00701904296875,0.9107875518577355,0.3392375211776024,79693,155225
0.006988525390625,0.9107875518577355,0.3392360771159421,79693,155226
0.0069580078125,0.9107875518577355,0.33923463306657586,79693,155227
0.006927490234375,0.9107875518577355,0.33923318902950356,79693,155228
0.00689697265625,0.9107875518577355,0.33923030099224,79693,155230
0.006866455078125,0.9107875518577355,0.33922741300415027,79693,155232
0.0068359375,0.9107875518577355,0.3392216371754871,79693,155236
0.006805419921875,0.9107875518577355,0.3392187493349111,79693,155238
0.00677490234375,0.9107989805597778,0.3392157864269418,79694,155242
0.006744384765625,0.9107989805597778,0.33921434256843325,79694,155243
0.0067138671875,0.9107989805597778,0.3392085672573114,79694,155247
0.006683349609375,0.9107989805597778,0.3392042359030237,79694,155250
0.00665283203125,0.9107989805597778,0.3392013483949503,79694,155252
0.006622314453125,0.9107989805597778,0.33919124250381993,79694,155259
0.006591796875,0.9107989805597778,0.33918546797924726,79694,155263
0.006561279296875,0.9107989805597778,0.33918402437882517,79694,155264
0.006500244140625,0.9107989805597778,0.339176806561033,79694,155269
0.0064697265625,0.9107989805597778,0.3391695890504239,79694,155274
0.006439208984375,0.9107989805597778,0.3391652586914981,79694,155277
0.00640869140625,0.9107989805597778,0.33915948505160126,79694,155281
0.006378173828125,0.9107989805597778,0.339158041672341,79694,155282
0.006317138671875,0.9107989805597778,0.3391537116082714,79694,155285
0.00628662109375,0.9107989805597778,0.33915082496031596,79694,155287
0.006256103515625,0.9107989805597778,0.3391479383614985,79694,155289
0.0062255859375,0.9107989805597778,0.33914505181181775,79694,155291
0.006195068359375,0.9107989805597778,0.33914216531127256,79694,155293
0.006134033203125,0.9107989805597778,0.3391392788598615,79694,155295
0.006103515625,0.9108104092618201,0.339142091152815,79695,155295
0.006072998046875,0.9108104092618201,0.33913631837408614,79695,155299
0.00604248046875,0.9108218379638624,0.33913624429248035,79696,155301
0.006011962890625,0.9108218379638624,0.3391348011472438,79696,155302
0.005950927734375,0.9108332666659048,0.33913617021276593,79697,155303
0.00592041015625,0.9108332666659048,0.3391332839720513,79697,155305
0.005889892578125,0.9108332666659048,0.33913184087011655,79697,155306
0.005859375,0.9108332666659048,0.33913039778046333,79697,155307
0.005828857421875,0.9108332666659048,0.33912751163800076,79697,155309
0.00579833984375,0.9108332666659048,0.33912606858519107,79697,155310
0.005767822265625,0.9108332666659048,0.33912462554466233,79697,155311
0.0057373046875,0.9108332666659048,0.3391217395004468,79697,155313
0.005706787109375,0.9108332666659048,0.3391188535053529,79697,155315
0.00567626953125,0.9108332666659048,0.33911596755937945,79697,155317
0.005645751953125,0.9108332666659048,0.33911019581478863,79697,155321
0.005615234375,0.9108332666659048,0.33910875290933923,79697,155322
0.005584716796875,0.9108332666659048,0.3391029814103301,79697,155326
0.00555419921875,0.9108332666659048,0.33910153856627406,79697,155327
0.005523681640625,0.9108332666659048,0.33910009573449634,79697,155328
0.005462646484375,0.9108332666659048,0.33909288175977537,79697,155333
0.00543212890625,0.9108332666659048,0.339089996255829,79697,155335
0.005401611328125,0.9108332666659048,0.3390871108009905,79697,155337
0.00537109375,0.9108332666659048,0.3390856680919863,79697,155338
0.00531005859375,0.9108332666659048,0.3390842253952586,79697,155339
0.005279541015625,0.9108332666659048,0.3390784547311096,79697,155343
0.0052490234375,0.9108332666659048,0.33907268426337195,79697,155347
0.00518798828125,0.9108332666659048,0.33906979910315427,79697,155349
0.005157470703125,0.9108332666659048,0.33906691399203565,79697,155351
0.005126953125,0.9108332666659048,0.3390640289300149,79697,155353
0.005096435546875,0.9108446953679471,0.33906251329481735,79698,155356
0.00506591796875,0.9108446953679471,0.33905962834388403,79698,155358
0.005035400390625,0.9108446953679471,0.3390553010095338,79698,155361
0.0050048828125,0.9108446953679471,0.33905241618133164,79698,155363
0.004974365234375,0.9108446953679471,0.33904953140221983,79698,155365
0.00494384765625,0.9108446953679471,0.33904376199126207,79698,155369
0.004913330078125,0.9108446953679471,0.3390423196692021,79698,155370
0.0048828125,0.9108446953679471,0.33903943506189643,79698,155372
0.004852294921875,0.9108446953679471,0.339032223758375,79698,155377
0.00482177734375,0.9108561240699894,0.33903359324816973,79699,155378
0.004791259765625,0.9108561240699894,0.33903070882554376,79699,155380
0.0047607421875,0.9108561240699894,0.3390292666326357,79699,155381
0.004730224609375,0.9108561240699894,0.3390191716258236,79699,155388
0.004608154296875,0.9108561240699894,0.33901772953106923,79699,155389
0.00457763671875,0.9108561240699894,0.3390162874485833,79699,155390
0.004547119140625,0.9108561240699894,0.33901340332041635,79699,155392
0.0045166015625,0.9108561240699894,0.33900907722017576,79699,155395
0.004486083984375,0.9108561240699894,0.33900763521129756,79699,155396
0.00445556640625,0.9108561240699894,0.33899754149262873,79699,155403
0.004425048828125,0.9108561240699894,0.33899177392325164,79699,155407
0.00439453125,0.9108561240699894,0.33898600655012545,79699,155411
0.004364013671875,0.9108561240699894,0.33898023937324023,79699,155415
0.00433349609375,0.9108561240699894,0.33897591411935335,79699,155418
0.004302978515625,0.9108561240699894,0.33896870560815234,79699,155423
0.004241943359375,0.9108561240699894,0.33896582228951533,79699,155425
0.00421142578125,0.9108561240699894,0.33896005579939437,79699,155429
0.004180908203125,0.9108561240699894,0.338957172627908,79699,155431
0.004150390625,0.9108561240699894,0.33895140643207705,79699,155435
0.004119873046875,0.9108561240699894,0.33894996491377294,79699,155436
0.00408935546875,0.9108561240699894,0.338947081913948,79699,155438
0.004058837890625,0.9108561240699894,0.3389456404324269,79699,155439
0.0040283203125,0.9108561240699894,0.33894275750616654,79699,155441
0.003997802734375,0.9108561240699894,0.3389384332087283,79699,155444
0.00396728515625,0.9108561240699894,0.3389369918007689,79699,155445
0.003936767578125,0.9108561240699894,0.33893266765044844,79699,155448
0.00390625,0.9108561240699894,0.33893122629152705,79699,155449
0.003875732421875,0.9108561240699894,0.3389283436104614,79699,155451
0.0038604736328125,0.9108561240699894,0.33892690228831684,79699,155452
0.00384521484375,0.9108561240699894,0.3389211371223236,79699,155456
0.0038299560546875,0.9108561240699894,0.33891681337653834,79699,155459
0.003814697265625,0.9108561240699894,0.33891537215245854,79699,155460
0.0037994384765625,0.9108675527720317,0.33891530094147865,79700,155462
0.0037841796875,0.9108675527720317,0.33891385974834476,79700,155463
0.003753662109375,0.9108675527720317,0.3389109773988476,79700,155465
0.0037384033203125,0.9108675527720317,0.3389066539665261,79700,155468
0.00372314453125,0.9108675527720317,0.3389008895616825,79700,155472
0.0036773681640625,0.9108675527720317,0.3388994484911108,79700,155473
0.003662109375,0.9108675527720317,0.33889656638673327,79700,155475
0.0036468505859375,0.9108675527720317,0.33889512535292715,79700,155476
0.003631591796875,0.9108675527720317,0.33889368433137596,79700,155477
0.0036163330078125,0.9108675527720317,0.33889224332207946,79700,155478
0.00360107421875,0.9108675527720317,0.33889080232503754,79700,155479
0.0035858154296875,0.9108675527720317,0.33888936134025,79700,155480
0.003570556640625,0.9108675527720317,0.33888647940743766,79700,155482
0.0035552978515625,0.9108675527720317,0.3388850384594125,79700,155483
0.0035400390625,0.9108675527720317,0.33888215660012333,79700,155485
0.0035247802734375,0.9108675527720317,0.338880715688859,79700,155486
0.003509521484375,0.9108675527720317,0.3388749521663336,79700,155490
0.0034942626953125,0.9108675527720317,0.33887351131633436,79700,155491
0.00347900390625,0.9108675527720317,0.3388720704785877,79700,155492
0.0034637451171875,0.9108675527720317,0.3388706296530934,79700,155493
0.003448486328125,0.9108675527720317,0.33886918883985134,79700,155494
0.0034332275390625,0.9108675527720317,0.3388677480388614,79700,155495
0.003387451171875,0.9108675527720317,0.3388663072501233,79700,155496
0.00335693359375,0.9108675527720317,0.338864866473637,79700,155497
0.003326416015625,0.9108675527720317,0.3388634257094023,79700,155498
0.0033111572265625,0.910878981474074,0.3388647959183673,79701,155499
0.0032958984375,0.910878981474074,0.33886335517280963,79701,155500
0.0032806396484375,0.910878981474074,0.3388619144395031,79701,155501
0.003265380859375,0.910878981474074,0.33886047371844746,79701,155502
0.0032501220703125,0.910878981474074,0.3388590330096427,79701,155503
0.00323486328125,0.910878981474074,0.33885615162878496,79701,155505
0.0032196044921875,0.910878981474074,0.33885471095673175,79701,155506
0.003204345703125,0.910878981474074,0.33885038901407255,79701,155509
0.0031890869140625,0.910878981474074,0.3388475077802153,79701,155511
0.003173828125,0.910878981474074,0.3388460671816609,79701,155512
0.0031585693359375,0.9108904101761163,0.3388459968709612,79702,155514
0.003143310546875,0.9108904101761163,0.33884455630332844,79702,155515
0.0031280517578125,0.9108904101761163,0.33884023467392227,79702,155518
0.00311279296875,0.9109018388781586,0.3388416049519178,79703,155519
0.0030975341796875,0.9109018388781586,0.338838723939734,79703,155521
0.003082275390625,0.910913267580201,0.3388372132569252,79704,155524
0.0030670166015625,0.910913267580201,0.33883577280012245,79704,155525
0.0030364990234375,0.910913267580201,0.33883433235556687,79704,155526
0.003021240234375,0.910913267580201,0.3388314515031968,79704,155528
0.00299072265625,0.910913267580201,0.338830011095382,79704,155529
0.0029449462890625,0.910913267580201,0.33882713031649203,79704,155531
0.0029296875,0.910913267580201,0.3388256899454165,79704,155532
0.0029144287109375,0.910913267580201,0.33882280924000374,79704,155534
0.002899169921875,0.910913267580201,0.33881992858357424,79704,155536
0.0028839111328125,0.910913267580201,0.3388184882737278,79704,155537
0.002838134765625,0.910913267580201,0.3388156076907708,79704,155539
0.0028228759765625,0.910913267580201,0.33881416741765996,79704,155540
0.0028076171875,0.910913267580201,0.33881128690817275,79704,155542
0.0027923583984375,0.910913267580201,0.33880984667179603,79704,155543
0.002716064453125,0.910913267580201,0.3388069662357757,79704,155545
0.002655029296875,0.910913267580201,0.3388055260361318,79704,155546
0.0026397705078125,0.9109246962822433,0.3388054562534803,79705,155548
0.0026092529296875,0.9109246962822433,0.3388040160847424,79705,155549
0.002593994140625,0.9109246962822433,0.3388025759282481,79705,155550
0.0025787353515625,0.9109361249842856,0.33880394632253236,79706,155551
0.0025634765625,0.9109361249842856,0.3388010660591093,79706,155553
0.0025482177734375,0.9109361249842856,0.33879962594576213,79706,155554
0.002532958984375,0.9109361249842856,0.33879674575579566,79706,155556
0.0025177001953125,0.9109361249842856,0.3387953056791761,79706,155557
0.0024871826171875,0.9109361249842856,0.3387938656147987,79706,155558
0.002471923828125,0.9109361249842856,0.33879098552277,79706,155560
0.0024261474609375,0.9109361249842856,0.3387895454951183,79706,155561
0.0023956298828125,0.9109361249842856,0.3387881054797082,79706,155562
0.002349853515625,0.9109361249842856,0.33878666547653963,79706,155563
0.0023345947265625,0.9109361249842856,0.3387852254856123,79706,155564
0.0023040771484375,0.9109361249842856,0.3387809055862764,79706,155567
0.002288818359375,0.9109361249842856,0.3387794656443126,79706,155568
0.0022735595703125,0.9109361249842856,0.3387780257145893,79706,155569
0.002227783203125,0.9109361249842856,0.3387737059988609,79706,155572
0.0022125244140625,0.9109361249842856,0.3387722661180981,79706,155573
0.002197265625,0.9109361249842856,0.3387679465492473,79706,155576
0.0021209716796875,0.9109361249842856,0.3387665067174424,79706,155577
0.002105712890625,0.9109361249842856,0.3387650668978766,79706,155578
0.0020751953125,0.9109361249842856,0.33876362709054975,79706,155579
0.0020599365234375,0.9109361249842856,0.3387621872954617,79706,155580
0.0020294189453125,0.9109475536863278,0.33876211807606815,79707,155582
0.0019989013671875,0.9109475536863278,0.3387592385599109,79707,155584
0.0019378662109375,0.9109475536863278,0.33875779882018936,79707,155585
0.0019073486328125,0.9109475536863278,0.3387563590927057,79707,155586
0.00188446044921875,0.9109475536863278,0.33875491937745966,79707,155587
0.00186920166015625,0.9109475536863278,0.33875203998368014,79707,155589
0.00185394287109375,0.9109589823883701,0.3387548502530844,79708,155589
0.00183868408203125,0.9109589823883701,0.3387519708966039,79708,155591
0.00179290771484375,0.9109589823883701,0.33875053123671905,79708,155592
0.0017547607421875,0.9109589823883701,0.338749091589071,79708,155593
0.0017242431640625,0.9109589823883701,0.3387476519536596,79708,155594
0.00171661376953125,0.9109589823883701,0.3387462123304845,79708,155595
0.001708984375,0.9109589823883701,0.3387447727195458,79708,155596
0.00167083740234375,0.9109589823883701,0.33874333312084315,79708,155597
0.0016326904296875,0.9109589823883701,0.3387418935343765,79708,155598
0.001617431640625,0.9109589823883701,0.3387404539601457,79708,155599
0.00160980224609375,0.9109704110904124,0.33874182457959534,79709,155600
0.0016021728515625,0.9109704110904124,0.33873894548066175,79709,155602
0.00157928466796875,0.9109704110904124,0.3387375059495478,79709,155603
0.00156402587890625,0.9109704110904124,0.33873606643066895,79709,155604
0.001556396484375,0.9109818397924547,0.33873887656493024,79710,155604
0.00154876708984375,0.9109818397924547,0.3387374370524616,79710,155605
0.00152587890625,0.9109818397924547,0.3387331185884633,79710,155608
0.001495361328125,0.9109818397924547,0.3387316791249325,79710,155609
0.00147247314453125,0.9109818397924547,0.3387302396736359,79710,155610
0.001434326171875,0.9109818397924547,0.3387273608077443,79710,155612
0.00140380859375,0.9109818397924547,0.338725921393149,79710,155613
0.00136566162109375,0.9109818397924547,0.33872304260065866,79710,155615
0.00135040283203125,0.9109818397924547,0.3387216032227633,79710,155616
0.0013427734375,0.9109818397924547,0.33872016385710096,79710,155617
0.00133514404296875,0.9109818397924547,0.3387172851624747,79710,155619
0.001312255859375,0.9109818397924547,0.3387158458335104,79710,155620
0.00128936767578125,0.9109932684944971,0.3387186558506954,79711,155620
0.00127410888671875,0.9109932684944971,0.33871721652813896,79711,155621
0.0012664794921875,0.9109932684944971,0.3387143379197226,79711,155623
0.001251220703125,0.9109932684944971,0.3387128986338624,79711,155624
0.0012359619140625,0.9109932684944971,0.3387114593602339,79711,155625
0.00122833251953125,0.9109932684944971,0.33870858084967154,79711,155627
0.00121307373046875,0.9109932684944971,0.33870714161273735,79711,155628
0.0012054443359375,0.9109932684944971,0.3387057023880343,79711,155629
0.00119781494140625,0.9109932684944971,0.3387042631755623,79711,155630
0.00116729736328125,0.9109932684944971,0.33870282397532103,79711,155631
0.00115966796875,0.9109932684944971,0.3386985064479806,79711,155634
0.0011444091796875,0.9109932684944971,0.3386970672966611,79711,155635
0.00113677978515625,0.9109932684944971,0.3386956281575716,79711,155636
0.00112152099609375,0.9109932684944971,0.33869418903071197,79711,155637
0.0011138916015625,0.9109932684944971,0.33869274991608206,79711,155638
0.0010986328125,0.9109932684944971,0.33869131081368176,79711,155639
0.00109100341796875,0.9109932684944971,0.33868987172351084,79711,155640
0.001068115234375,0.9109932684944971,0.3386884326455692,79711,155641
0.00106048583984375,0.9109932684944971,0.33868699357985665,79711,155642
0.0010223388671875,0.9109932684944971,0.33868555452637306,79711,155643
0.001007080078125,0.9109932684944971,0.33868123743929435,79711,155646
0.00095367431640625,0.9109932684944971,0.33867979843472495,79711,155647
0.000949859619140625,0.9109932684944971,0.3386783594423838,79711,155648
0.000885009765625,0.9109932684944971,0.33867692046227055,79711,155649
0.000881195068359375,0.9109932684944971,0.3386754814943852,79711,155650
0.00087738037109375,0.9109932684944971,0.3386726035952975,79711,155652
0.000873565673828125,0.9109932684944971,0.33867116466409475,79711,155653
0.00086212158203125,0.9109932684944971,0.3386697257451193,79711,155654
0.00079345703125,0.9109932684944971,0.33866828683837086,79711,155655
0.000751495361328125,0.9109932684944971,0.3386668479438494,79711,155656
0.0007171630859375,0.9109932684944971,0.3386639701914866,79711,155658
0.000698089599609375,0.9109932684944971,0.3386625313336449,79711,155659
0.000682830810546875,0.9109932684944971,0.33866109248802956,79711,155660
0.000667572021484375,0.9109932684944971,0.3386596536546403,79711,155661
0.000652313232421875,0.9109932684944971,0.3386582148334771,79711,155662
0.00064849853515625,0.9109932684944971,0.3386567760245397,79711,155663
0.000644683837890625,0.9109932684944971,0.3386553372278279,79711,155664
0.000621795654296875,0.9109932684944971,0.3386538984433417,79711,155665
0.000614166259765625,0.9109932684944971,0.3386524596710809,79711,155666
0.00060272216796875,0.9109932684944971,0.3386495821632346,79711,155668
0.000598907470703125,0.9109932684944971,0.33864814342764893,79711,155669
0.0005950927734375,0.9109932684944971,0.3386467047042879,79711,155670
0.00057220458984375,0.9110046971965394,0.3386495144063692,79712,155670
0.000568389892578125,0.9110046971965394,0.3386480756894083,79712,155671
0.00055694580078125,0.9110046971965394,0.33864519829215967,79712,155673
0.00049591064453125,0.9110046971965394,0.33864375961187154,79712,155674
0.000484466552734375,0.9110046971965394,0.3386423209438074,79712,155675
0.0004673004150390625,0.9110046971965394,0.3386408822879671,79712,155676
0.0004425048828125,0.9110046971965394,0.3386394436443504,79712,155677
0.00041961669921875,0.9110046971965394,0.33863656639378736,79712,155679
0.0004100799560546875,0.9110046971965394,0.3386351277868407,79712,155680
0.0003986358642578125,0.9110046971965394,0.338633689192117,79712,155681
0.0003948211669921875,0.9110046971965394,0.3386322506096162,79712,155682
0.00038909912109375,0.9110046971965394,0.3386293734812826,79712,155684
0.0003814697265625,0.9110046971965394,0.33862793493544946,79712,155685
0.0003681182861328125,0.9110046971965394,0.33862649640183856,79712,155686
0.000354766845703125,0.9110046971965394,0.3386250578804498,79712,155687
0.0003490447998046875,0.9110046971965394,0.33862361937128294,79712,155688
0.00034332275390625,0.9110046971965394,0.3386221808743378,79712,155689
0.00031280517578125,0.9110046971965394,0.33862074238961437,79712,155690
0.0002899169921875,0.9110046971965394,0.33861930391711237,79712,155691
0.0002765655517578125,0.9110046971965394,0.33861786545683165,79712,155692
0.00026702880859375,0.9110046971965394,0.3386164270087721,79712,155693
0.0002574920654296875,0.9110161258985817,0.33861923655301907,79713,155693
0.00022602081298828125,0.9110161258985817,0.33861779811135606,79713,155694
0.0001964569091796875,0.9110161258985817,0.33861635968191395,79713,155695
0.0001621246337890625,0.9110161258985817,0.3386149212646925,79713,155696
0.0001468658447265625,0.9110161258985817,0.3386134828596916,79713,155697
0.00013637542724609375,0.9110161258985817,0.33861204446691107,79713,155698
0.00012874603271484375,0.9110161258985817,0.33861060608635074,79713,155699
0.00011968612670898438,0.9110161258985817,0.3386091677180105,79713,155700
0.00011873245239257812,0.911027554600624,0.3386119771976178,79714,155700
8.678436279296875e-05,0.911027554600624,0.33861053883567316,79714,155701
6.008148193359375e-05,0.911027554600624,0.3386091004859483,79714,155702
5.340576171875e-05,0.911027554600624,0.33860766214844296,79714,155703
4.506111145019531e-05,0.911027554600624,0.3386062238231571,79714,155704
1.9073486328125e-05,0.911027554600624,0.33860478551009054,79714,155705
1.895427703857422e-05,0.911027554600624,0.33860334720924307,79714,155706
-3.3676624298095703e-06,0.911027554600624,0.33860190892061454,79714,155707
-3.409385681152344e-05,0.911027554600624,0.3386004706442049,79714,155708
-4.1484832763671875e-05,0.911027554600624,0.3385990323800138,79714,155709
-4.4345855712890625e-05,0.911027554600624,0.3385975941280413,79714,155710
-5.7697296142578125e-05,0.911027554600624,0.3385961558882871,79714,155711
-7.43865966796875e-05,0.911027554600624,0.33859471766075117,79714,155712
-0.00010442733764648438,0.911027554600624,0.3385918412423331,79714,155714
-0.00012493133544921875,0.911027554600624,0.3385904030514508,79714,155715
-0.0001373291015625,0.911027554600624,0.33858752670633857,79714,155717
-0.00014781951904296875,0.911027554600624,0.3385860885521085,79714,155718
-0.0002079010009765625,0.911027554600624,0.33858465041009544,79714,155719
-0.00021266937255859375,0.911027554600624,0.33858321228029936,79714,155720
-0.00023651123046875,0.911027554600624,0.33858177416272006,79714,155721
-0.00025177001953125,0.911027554600624,0.33858033605735743,79714,155722
-0.0002613067626953125,0.911027554600624,0.33857889796421126,79714,155723
-0.000263214111328125,0.911027554600624,0.33857745988328136,79714,155724
-0.0002841949462890625,0.911027554600624,0.3385760218145677,79714,155725
-0.0002880096435546875,0.911027554600624,0.33857458375807,79714,155726
-0.0003108978271484375,0.911027554600624,0.33857314571378816,79714,155727
-0.0003185272216796875,0.911027554600624,0.338571707681722,79714,155728
-0.000324249267578125,0.911027554600624,0.3385702696618714,79714,155729
-0.000331878662109375,0.911027554600624,0.33856883165423624,79714,155730
-0.0003528594970703125,0.911027554600624,0.3385673936588163,79714,155731
-0.0003795623779296875,0.911027554600624,0.3385659556756114,79714,155732
-0.000415802001953125,0.911027554600624,0.3385645177046214,79714,155733
-0.000431060791015625,0.911027554600624,0.3385630797458462,79714,155734
-0.0004367828369140625,0.911027554600624,0.3385616417992856,79714,155735
-0.000446319580078125,0.911027554600624,0.33856020386493946,79714,155736
-0.00045013427734375,0.9110389833026663,0.3385630131110082,79715,155736
-0.0004634857177734375,0.9110389833026663,0.3385615751830522,79715,155737
-0.0004711151123046875,0.9110389833026663,0.3385586993637823,79715,155739
-0.00048828125,0.9110389833026663,0.3385572614724682,79715,155740
-0.000499725341796875,0.9110389833026663,0.3385558235933678,79715,155741
-0.000518798828125,0.9110389833026663,0.33855438572648083,79715,155742
-0.000522613525390625,0.9110389833026663,0.3385529478718073,79715,155743
-0.0005340576171875,0.9110389833026663,0.3385515100293469,79715,155744
-0.000545501708984375,0.9110389833026663,0.33855007219909966,79715,155745
-0.00054931640625,0.9110389833026663,0.33854863438106525,79715,155746
-0.00055694580078125,0.9110389833026663,0.33854719657524357,79715,155747
-0.0005950927734375,0.9110389833026663,0.3385457587816345,79715,155748
-0.000614166259765625,0.9110389833026663,0.33854432100023785,79715,155749
-0.00063323974609375,0.9110389833026663,0.33854288323105347,79715,155750
-0.00066375732421875,0.9110389833026663,0.33854144547408116,79715,155751
-0.000690460205078125,0.9110389833026663,0.3385385699967724,79715,155753
-0.00069427490234375,0.9110504120047086,0.33854137911996907,79716,155753
-0.000698089599609375,0.9110504120047086,0.3385399413938081,79716,155754
-0.000713348388671875,0.9110618407067509,0.33854131276754773,79717,155755
-0.0007171630859375,0.9110618407067509,0.3385398750599857,79717,155756
-0.000728607177734375,0.9110618407067509,0.33853843736463474,79717,155757
-0.000732421875,0.9110618407067509,0.33853699968149487,79717,155758
-0.000743865966796875,0.9110618407067509,0.33853556201056584,79717,155759
-0.00075531005859375,0.9110618407067509,0.33853412435184754,79717,155760
-0.000774383544921875,0.9110618407067509,0.33853268670533976,79717,155761
-0.000782012939453125,0.9110618407067509,0.33853124907104243,79717,155762
-0.00078582763671875,0.9110618407067509,0.3385283738390783,79717,155764
-0.000789642333984375,0.9110618407067509,0.3385269362414112,79717,155765
-0.000797271728515625,0.9110618407067509,0.33852549865595394,79717,155766
-0.00081634521484375,0.9110618407067509,0.33852262352166806,79717,155768
-0.000896453857421875,0.9110618407067509,0.33852118597283914,79717,155769
-0.000904083251953125,0.9110618407067509,0.3385197484362194,79717,155770
-0.000911712646484375,0.9110618407067509,0.3385183109118087,79717,155771
-0.00092315673828125,0.9110618407067509,0.3385168733996068,79717,155772
-0.00095367431640625,0.9110618407067509,0.3385139984118289,79717,155774
-0.00098419189453125,0.9110618407067509,0.3385125609362526,79717,155775
-0.0009918212890625,0.9110618407067509,0.33851112347288453,79717,155776
-0.001007080078125,0.9110618407067509,0.33850968602172454,79717,155777
-0.00101470947265625,0.9110618407067509,0.33850681115602815,79717,155779
-0.00104522705078125,0.9110618407067509,0.3385053737414914,79717,155780
-0.00106048583984375,0.9110618407067509,0.3385039363391621,79717,155781
-0.00107574462890625,0.9110618407067509,0.3385024989490401,79717,155782
-0.0011138916015625,0.9110618407067509,0.33850106157112525,79717,155783
-0.001129150390625,0.9110618407067509,0.3384996242054174,79717,155784
-0.0011444091796875,0.9110618407067509,0.33849818685191635,79717,155785
-0.00115966796875,0.9110618407067509,0.3384967495106219,79717,155786
-0.00118255615234375,0.9110618407067509,0.33849531218153406,79717,155787
-0.001220703125,0.9110618407067509,0.33849387486465254,79717,155788
-0.0012359619140625,0.9110618407067509,0.33849100026750795,79717,155790
-0.00124359130859375,0.9110618407067509,0.3384895629872446,79717,155791
-0.001251220703125,0.9110618407067509,0.33848812571918696,79717,155792
-0.0012664794921875,0.9110618407067509,0.33848525121968825,79717,155794
-0.00127410888671875,0.9110618407067509,0.3384838139882469,79717,155795
-0.00128936767578125,0.9110618407067509,0.3384823767690106,79717,155796
-0.0012969970703125,0.9110618407067509,0.33848093956197933,79717,155797
-0.00130462646484375,0.9110618407067509,0.33847950236715285,79717,155798
-0.00131988525390625,0.9110618407067509,0.338478065184531,79717,155799
-0.00133514404296875,0.9110618407067509,0.3384751908559006,79717,155801
-0.00135040283203125,0.9110618407067509,0.33847231657608695,79717,155803
-0.00136566162109375,0.9110618407067509,0.338470879454486,79717,155804
-0.0013885498046875,0.9110618407067509,0.3384694423450888,79717,155805
-0.00139617919921875,0.9110618407067509,0.3384680052478951,79717,155806
-0.00140380859375,0.9110618407067509,0.33846513109011783,79717,155808
-0.0014190673828125,0.9110618407067509,0.3384622569811529,79717,155810
-0.0014495849609375,0.9110618407067509,0.3384608199449747,79717,155811
-0.00148773193359375,0.9110618407067509,0.338457945909226,79717,155813
-0.001495361328125,0.9110618407067509,0.33845650890965523,79717,155814
-0.00150299072265625,0.9110618407067509,0.3384550719222866,79717,155815
-0.0015106201171875,0.9110618407067509,0.33845219798415516,79717,155817
-0.00153350830078125,0.9110618407067509,0.33845076103339206,79717,155818
-0.0015411376953125,0.9110618407067509,0.33844932409483053,79717,155819
-0.001556396484375,0.9110618407067509,0.33844788716847035,79717,155820
-0.0015716552734375,0.9110618407067509,0.3384464502543114,79717,155821
-0.0016021728515625,0.9110618407067509,0.3384435764625966,79717,155823
-0.00160980224609375,0.9110618407067509,0.3384421395850404,79717,155824
-0.00162506103515625,0.9110618407067509,0.3384407027196848,79717,155825
-0.0016326904296875,0.9110618407067509,0.33843926586652967,79717,155826
-0.0016937255859375,0.9110618407067509,0.33843782902557484,79717,155827
-0.00170135498046875,0.9110618407067509,0.33843639219682015,79717,155828
-0.0017547607421875,0.9110618407067509,0.3384349553802654,79717,155829
-0.00179290771484375,0.9110618407067509,0.33843351857591053,79717,155830
-0.001800537109375,0.9110618407067509,0.33843064500379966,79717,155832
-0.00180816650390625,0.9110618407067509,0.3384292082360433,79717,155833
-0.0018157958984375,0.9110732694087933,0.33843058008422766,79718,155834
-0.00183868408203125,0.9110732694087933,0.3384277065980624,79718,155836
-0.00188446044921875,0.9110732694087933,0.33842483316069216,79718,155838
-0.00189971923828125,0.9110732694087933,0.3384219597721156,79718,155840
-0.0019073486328125,0.9110732694087933,0.3384205230961245,79718,155841
-0.001922607421875,0.9110732694087933,0.3384190864323315,79718,155842
-0.00193023681640625,0.9110732694087933,0.3384176497807362,79718,155843
-0.0019378662109375,0.9110732694087933,0.3384162131413386,79718,155844
-0.0019683837890625,0.9110732694087933,0.3384133398991357,79718,155846
-0.001983642578125,0.9110846981108356,0.3384147118005145,79719,155847
-0.0020294189453125,0.9110846981108356,0.3384118386198465,79719,155849
-0.002044677734375,0.9110846981108356,0.33841040204780765,79719,155850
-0.0020599365234375,0.9110846981108356,0.33840609240486985,79719,155853
-0.0020751953125,0.9110846981108356,0.3384032193705587,79719,155855
-0.0021209716796875,0.9110846981108356,0.3384017828716969,79719,155856
-0.00213623046875,0.9110846981108356,0.33840034638503075,79719,155857
-0.0021514892578125,0.9110846981108356,0.33839890991056004,79719,155858
-0.002166748046875,0.9110846981108356,0.33839747344828464,79719,155859
-0.0022125244140625,0.9110846981108356,0.3383960369982044,79719,155860
-0.002227783203125,0.9110846981108356,0.33839316413462883,79719,155862
-0.00225830078125,0.9110846981108356,0.3383917277211332,79719,155863
-0.0022735595703125,0.9110846981108356,0.33838885493072535,79719,155865
-0.002288818359375,0.9110846981108356,0.3383874185538128,79719,155866
-0.0023040771484375,0.9110846981108356,0.3383845458365699,79719,155868
-0.0023193359375,0.9110846981108356,0.3383816731681021,79719,155870
-0.0023345947265625,0.9110846981108356,0.338378800548408,79719,155872
-0.002349853515625,0.9110846981108356,0.3383759279774866,79719,155874
-0.0023651123046875,0.9110846981108356,0.33837305545533647,79719,155876
-0.00238037109375,0.9110961268128779,0.3383758637667872,79720,155876
-0.002471923828125,0.9110961268128779,0.3383715550575342,79720,155879
-0.00250244140625,0.9110961268128779,0.33837011884550083,79720,155880
-0.0025177001953125,0.9110961268128779,0.3383658102825516,79720,155883
-0.0025482177734375,0.9110961268128779,0.3383643741192849,79720,155884
-0.0025634765625,0.9110961268128779,0.33836006570263194,79720,155887
-0.002593994140625,0.9111075555149202,0.3383628739261825,79721,155887
-0.0026092529296875,0.9111075555149202,0.3383600016977208,79721,155889
-0.0026397705078125,0.9111075555149202,0.33835712951802116,79721,155891
-0.002655029296875,0.9111075555149202,0.33835425738708225,79721,155893
-0.0026702880859375,0.9111075555149202,0.3383528213398977,79721,155894
-0.002685546875,0.9111189842169625,0.3383541934580272,79722,155895
-0.002716064453125,0.9111189842169625,0.3383527574293984,79722,155896
-0.0027313232421875,0.9111189842169625,0.33835132141295904,79722,155897
-0.00274658203125,0.9111189842169625,0.33834844941664793,79722,155899
-0.0027923583984375,0.9111189842169625,0.33834701343677587,79722,155900
-0.0028076171875,0.9111189842169625,0.3383427055702918,79722,155903
-0.0028228759765625,0.9111304129190048,0.33834407771605124,79723,155904
-0.002838134765625,0.9111304129190048,0.3383412058787331,79723,155906
-0.00286865234375,0.9111304129190048,0.3383397699783559,79723,155907
-0.0028839111328125,0.9111304129190048,0.33833689821416446,79723,155909
-0.002899169921875,0.9111304129190048,0.33833259065928234,79723,155912
-0.0029449462890625,0.9111304129190048,0.3383311548320291,79723,155913
-0.002960205078125,0.9111304129190048,0.3383297190169625,79723,155914
-0.0029754638671875,0.9111304129190048,0.33832684742338914,79723,155916
-0.003021240234375,0.9111304129190048,0.338325411644882,79723,155917
-0.0030364990234375,0.9111304129190048,0.33832397587856106,79723,155918
-0.0030670166015625,0.9111304129190048,0.33832254012442603,79723,155919
-0.0030975341796875,0.9111304129190048,0.33832110438247687,79723,155920
-0.0031280517578125,0.9111304129190048,0.33831823293513547,79723,155922
-0.0031585693359375,0.9111304129190048,0.3383139258555133,79723,155925
-0.003173828125,0.9111304129190048,0.338312490186676,79723,155926
-0.0031890869140625,0.9111304129190048,0.33831105453002336,79723,155927
-0.003204345703125,0.9111304129190048,0.3383081832532718,79723,155929
-0.00323486328125,0.9111304129190048,0.3383067476331725,79723,155930
-0.0032501220703125,0.9111304129190048,0.3383038764295262,79723,155932
-0.003265380859375,0.9111304129190048,0.3383010052746152,79723,155934
-0.0032806396484375,0.9111304129190048,0.33829956971543507,79723,155935
-0.0032958984375,0.9111304129190048,0.33829382760054655,79723,155939
-0.0033111572265625,0.9111304129190048,0.3382923921022816,79723,155940
-0.0033416748046875,0.9111304129190048,0.33828952114229943,79723,155942
-0.0033721923828125,0.9111304129190048,0.33828808568058183,79723,155943
-0.0034027099609375,0.9111304129190048,0.33828665023104637,79723,155944
-0.00341796875,0.9111304129190048,0.33828521479369283,79723,155945
-0.003448486328125,0.9111304129190048,0.3382837793685211,79723,155946
-0.003509521484375,0.9111304129190048,0.33828234395553103,79723,155947
-0.0035247802734375,0.9111304129190048,0.3382766024253842,79723,155951
-0.0035400390625,0.9111304129190048,0.3382737317333967,79723,155953
-0.0035858154296875,0.9111304129190048,0.33827229640567386,79723,155954
-0.0036163330078125,0.9111304129190048,0.33827086109013144,79723,155955
-0.0036468505859375,0.911141841621047,0.33827366884618487,79724,155955
-0.003662109375,0.911141841621047,0.3382722335369993,79724,155956
-0.0036773681640625,0.911141841621047,0.3382707982399939,79724,155957
-0.003692626953125,0.911141841621047,0.33826649242205664,79724,155960
-0.0037078857421875,0.911141841621047,0.3382650571737701,79724,155961
-0.00372314453125,0.911141841621047,0.3382636219376628,79724,155962
-0.0037384033203125,0.911141841621047,0.33826218671373476,79724,155963
-0.003753662109375,0.911141841621047,0.33825931630241546,79724,155965
-0.0037841796875,0.911141841621047,0.338256445939811,79724,155967
-0.003814697265625,0.911141841621047,0.33825501077677644,79724,155968
-0.0038299560546875,0.911141841621047,0.3382535756259202,79724,155969
-0.00384521484375,0.911141841621047,0.33825070536074164,79724,155971
-0.003875732421875,0.911141841621047,0.3382478351442742,79724,155973
-0.00390625,0.911141841621047,0.3382449649765167,79724,155975
-0.003936767578125,0.911141841621047,0.3382435299109037,79724,155976
-0.003997802734375,0.911141841621047,0.3382406598162086,79724,155978
-0.0040283203125,0.911141841621047,0.33823922478712615,79724,155979
-0.004058837890625,0.911141841621047,0.33823491977293746,79724,155982
-0.00408935546875,0.911141841621047,0.3382291799244835,79724,155986
-0.004119873046875,0.911141841621047,0.338227744992809,79724,155987
-0.004150390625,0.911141841621047,0.33822487516598576,79724,155989
-0.004180908203125,0.911141841621047,0.33821913565843786,79724,155993
-0.00421142578125,0.911141841621047,0.3382177008119872,79724,155994
-0.004241943359375,0.911141841621047,0.3382133963456799,79724,155997
-0.0042724609375,0.911141841621047,0.3382119615479251,79724,155998
-0.004302978515625,0.911141841621047,0.3382105267623439,79724,155999
-0.00433349609375,0.911141841621047,0.3382076572277018,79724,156001
-0.00439453125,0.911141841621047,0.33820622247864046,79724,156002
-0.004425048828125,0.911141841621047,0.3382019183044937,79724,156005
-0.00445556640625,0.911141841621047,0.3381961795760458,79724,156009
-0.0045166015625,0.911141841621047,0.3381947449243639,79724,156010
-0.004547119140625,0.911141841621047,0.3381933102848538,79724,156011
-0.00457763671875,0.911141841621047,0.33818613726987357,79724,156016
-0.004608154296875,0.911141841621047,0.3381818336069364,79724,156019
-0.004638671875,0.911141841621047,0.3381775300535322,79724,156022
-0.004669189453125,0.911141841621047,0.338174661078779,79724,156024
-0.00469970703125,0.911141841621047,0.33817035770792064,79724,156027
-0.004730224609375,0.911141841621047,0.3381674888548608,79724,156029
-0.004791259765625,0.911141841621047,0.3381631856665366,79724,156032
-0.00482177734375,0.911141841621047,0.3381588825877273,79724,156035
-0.004852294921875,0.911141841621047,0.3381502767586368,79724,156041
-0.0048828125,0.911141841621047,0.33814740824627704,79724,156043
-0.004913330078125,0.911141841621047,0.3381416713675558,79724,156047
-0.00494384765625,0.911141841621047,0.33813736883625845,79724,156050
-0.004974365234375,0.911141841621047,0.3381359346834906,79724,156051
-0.0050048828125,0.911141841621047,0.3381316322981788,79724,156054
-0.005035400390625,0.9111532703230895,0.3381344394538954,79725,156054
-0.00506591796875,0.9111532703230895,0.3381301371605975,79725,156057
-0.005096435546875,0.9111532703230895,0.33812870308716064,79725,156058
-0.005126953125,0.9111532703230895,0.33812583497677967,79725,156060
-0.005157470703125,0.9111646990251318,0.3381257740003732,79726,156062
-0.00518798828125,0.9111646990251318,0.3381229059756563,79726,156064
-0.005218505859375,0.9111646990251318,0.33812147198154296,79726,156065
-0.0052490234375,0.9111646990251318,0.3381186040298058,79726,156067
-0.005279541015625,0.911176127727174,0.3381156752813849,79727,156071
-0.00531005859375,0.911176127727174,0.3381113735734793,79727,156074
-0.005340576171875,0.911176127727174,0.338109939695168,79727,156075
-0.00537109375,0.911176127727174,0.33810563813320327,79727,156078
-0.005401611328125,0.911176127727174,0.33810133668068937,79727,156081
-0.00543212890625,0.911176127727174,0.33809846910648406,79727,156083
-0.005462646484375,0.911176127727174,0.3380927341039972,79727,156087
-0.0054931640625,0.911176127727174,0.3380898666757133,79727,156089
-0.005523681640625,0.911176127727174,0.33808556562448316,79727,156092
-0.00555419921875,0.911176127727174,0.33808269831779186,79727,156094
-0.005584716796875,0.911176127727174,0.3380798310597355,79727,156096
-0.005615234375,0.911176127727174,0.33807839744894497,79727,156097
-0.005645751953125,0.911176127727174,0.33807409668952243,79727,156100
-0.00567626953125,0.911176127727174,0.33806836251383404,79727,156104
-0.005706787109375,0.911176127727174,0.3380669290003053,79727,156105
-0.0057373046875,0.911176127727174,0.33806262853266056,79727,156108
-0.005767822265625,0.911176127727174,0.3380597616150138,79727,156110
-0.00579833984375,0.9111989851312586,0.3380639416553596,79729,156111
-0.005828857421875,0.9111989851312586,0.33805964137159045,79729,156114
-0.005889892578125,0.9111989851312586,0.3380553411972219,79729,156117
-0.00592041015625,0.9112104138333009,0.33805241444810497,79730,156121
-0.005950927734375,0.9112104138333009,0.3380495478115606,79730,156123
-0.0059814453125,0.9112104138333009,0.3380466812236332,79730,156125
-0.006011962890625,0.9112104138333009,0.3380452479479004,79730,156126
-0.00604248046875,0.9112218425353432,0.33804518801487327,79731,156128
-0.006072998046875,0.9112218425353432,0.33804375476977866,79731,156129
-0.006103515625,0.9112218425353432,0.3380408883160492,79731,156131
-0.006134033203125,0.9112218425353432,0.33803802191093174,79731,156133
-0.00616455078125,0.9112218425353432,0.3380337223944002,79731,156136
-0.006195068359375,0.9112218425353432,0.33802942298723876,79731,156139
-0.0062255859375,0.9112218425353432,0.33802798987582194,79731,156140
-0.006256103515625,0.9112218425353432,0.3380265567765568,79731,156141
-0.00628662109375,0.9112218425353432,0.33802512368944304,79731,156142
-0.006317138671875,0.9112218425353432,0.338020824501009,79731,156145
-0.00634765625,0.9112218425353432,0.33801795843614074,79731,156147
-0.00640869140625,0.9112218425353432,0.33801652542193245,79731,156148
-0.006439208984375,0.9112218425353432,0.3380136594299668,79731,156150
-0.0064697265625,0.9112218425353432,0.3380093605331434,79731,156153
-0.006500244140625,0.9112218425353432,0.338007927591835,79731,156154
-0.00653076171875,0.9112218425353432,0.338006494662676,79731,156155
-0.006591796875,0.9112332712373856,0.3380064352301294,79732,156157
-0.006622314453125,0.9112332712373856,0.33800500233159525,79732,156158
-0.00665283203125,0.9112446999394279,0.33800351005112467,79733,156161
-0.0067138671875,0.9112446999394279,0.33800207719536235,79733,156162
-0.006744384765625,0.9112446999394279,0.337997778700964,79733,156165
-0.00677490234375,0.9112446999394279,0.33799204754516704,79733,156169
-0.006805419921875,0.9112446999394279,0.33798774930586467,79733,156172
-0.0068359375,0.9112446999394279,0.3379848838737299,79733,156174
-0.006866455078125,0.9112446999394279,0.33798345117588213,79733,156175
-0.00689697265625,0.9112446999394279,0.337980585816625,79733,156177
-0.006927490234375,0.9112446999394279,0.3379791531552153,79733,156178
-0.0069580078125,0.9112446999394279,0.337976287868833,79733,156180
-0.006988525390625,0.9112446999394279,0.3379719900303498,79733,156183
-0.00701904296875,0.9112446999394279,0.3379676923011712,79733,156186
-0.007049560546875,0.9112446999394279,0.337963394681293,79733,156189
-0.007080078125,0.9112446999394279,0.33796196216562185,79733,156190
-0.007110595703125,0.9112446999394279,0.3379562322243745,79733,156194
-0.00714111328125,0.9112446999394279,0.3379519348959437,79733,156197
-0.007171630859375,0.9112446999394279,0.33794620529470104,79733,156201
-0.0072021484375,0.9112446999394279,0.3379433405669334,79733,156203
-0.007232666015625,0.9112446999394279,0.33793761125709926,79733,156207
-0.00726318359375,0.9112446999394279,0.3379333144022073,79733,156210
-0.007293701171875,0.9112446999394279,0.3379318821415251,79733,156211
-0.00732421875,0.9112446999394279,0.33793044989298354,79733,156212
-0.00738525390625,0.9112446999394279,0.3379261532202011,79733,156215
-0.007415771484375,0.9112446999394279,0.3379175602024123,79733,156221
-0.0074462890625,0.9112446999394279,0.3379161280752686,79733,156222
-0.007476806640625,0.9112446999394279,0.3379103996880814,79733,156226
-0.00750732421875,0.9112446999394279,0.33790180747144705,79733,156232
-0.007537841796875,0.9112446999394279,0.337896079569774,79733,156236
-0.007568359375,0.9112446999394279,0.33789464762469806,79733,156237
-0.007598876953125,0.9112446999394279,0.33789178377095586,79733,156239
-0.00762939453125,0.9112561286414702,0.33788886205011504,79734,156243
-0.007659912109375,0.9112561286414702,0.3378874301841697,79734,156244
-0.0076904296875,0.9112561286414702,0.3378859983303599,79734,156245
-0.007720947265625,0.9112561286414702,0.33788027103647295,79734,156249
-0.00775146484375,0.9112561286414702,0.33787597569347333,79734,156252
-0.007781982421875,0.9112561286414702,0.3378731121921454,79734,156254
-0.0078125,0.9112675573435125,0.33786732769762073,79735,156260
-0.00787353515625,0.9112675573435125,0.3378658960321361,79735,156261
-0.0079345703125,0.9112675573435125,0.3378616011084793,79735,156264
-0.00799560546875,0.9112675573435125,0.33785158004457516,79735,156271
-0.008056640625,0.9112675573435125,0.3378458539892377,79735,156275
-0.00811767578125,0.9112789860455548,0.3378415022710325,79736,156280
-0.0081787109375,0.9112789860455548,0.33783434524893974,79736,156285
-0.00823974609375,0.9112789860455548,0.3378271885300772,79736,156290
-0.00830078125,0.9112789860455548,0.33782432592743233,79736,156292
-0.00836181640625,0.9112789860455548,0.33781860086767895,79736,156296
-0.0084228515625,0.9112789860455548,0.3378128760019658,79736,156300
-0.00848388671875,0.9112789860455548,0.33781001364187124,79736,156302
-0.008544921875,0.9112789860455548,0.3378028579538474,79736,156307
-0.00860595703125,0.9112789860455548,0.3377985646865441,79736,156310
-0.0086669921875,0.9112789860455548,0.3377914094835438,79736,156315
-0.00872802734375,0.9112904147475971,0.3377913528260483,79737,156317
-0.0087890625,0.9112904147475971,0.33778849086657403,79737,156319
-0.00885009765625,0.9112904147475971,0.33778705990502295,79737,156320
-0.0089111328125,0.9112904147475971,0.33778276709311195,79737,156323
-0.00897216796875,0.9112904147475971,0.33777275095629633,79737,156330
-0.009033203125,0.9112904147475971,0.33776845850806964,79737,156333
-0.00909423828125,0.9113018434496394,0.3377598176881468,79738,156341
-0.0091552734375,0.9113018434496394,0.3377555256224532,79738,156344
-0.00921630859375,0.9113018434496394,0.33774980303787605,79738,156348
-0.00927734375,0.9113018434496394,0.33774694181830506,79738,156350
-0.00933837890625,0.9113018434496394,0.3377440806472108,79738,156352
-0.0093994140625,0.9113018434496394,0.3377383584504477,79738,156356
-0.00946044921875,0.9113018434496394,0.33773263644757684,79738,156360
-0.009521484375,0.9113018434496394,0.33773120597715367,79738,156361
-0.00958251953125,0.9113018434496394,0.3377254842166343,79738,156365
-0.0096435546875,0.9113132721516818,0.3377168462424612,79739,156373
-0.00970458984375,0.9113132721516818,0.33770683426577275,79739,156380
-0.009765625,0.9113132721516818,0.3377025436003422,79739,156383
-0.00982666015625,0.9113132721516818,0.3376996832172926,79739,156385
-0.0098876953125,0.9113132721516818,0.3376925324716574,79739,156390
-0.00994873046875,0.9113132721516818,0.3376868120931848,79739,156394
-0.010009765625,0.9113132721516818,0.3376753719176255,79739,156402
-0.01007080078125,0.9113247008537241,0.3376724568699025,79740,156406
-0.0101318359375,0.9113247008537241,0.33766101781041186,79740,156414
-0.01019287109375,0.9113247008537241,0.3376538687917886,79740,156419
-0.01025390625,0.9113247008537241,0.3376510092691003,79740,156421
-0.01031494140625,0.9113361295557664,0.33764237625439303,79741,156429
-0.0103759765625,0.9113361295557664,0.33763808733428463,79741,156432
-0.01043701171875,0.9113361295557664,0.33762808027775426,79741,156439
-0.010498046875,0.9113361295557664,0.337622362226061,79741,156443
-0.01055908203125,0.9113361295557664,0.3376195032728443,79741,156445
-0.0106201171875,0.9113475582578087,0.33761087237240417,79742,156453
-0.01068115234375,0.9113475582578087,0.3376051549752539,79742,156457
-0.0107421875,0.9113475582578087,0.3376022963492957,79742,156459
-0.01080322265625,0.9113475582578087,0.33759657924260705,79742,156463
-0.0108642578125,0.9113475582578087,0.3375937207618741,79742,156465
-0.01092529296875,0.9113475582578087,0.3375894331315355,79742,156468
-0.010986328125,0.9113475582578087,0.3375837164604977,79742,156472
-0.01104736328125,0.9113475582578087,0.3375808581975819,79742,156474
-0.0111083984375,0.9113475582578087,0.3375737127520415,79742,156479
-0.01116943359375,0.911358986959851,0.33756651384885006,79743,156486
-0.01123046875,0.911358986959851,0.33756222696332416,79743,156489
-0.01129150390625,0.9113704156618933,0.33756217325967786,79744,156491
-0.0113525390625,0.9113818443639355,0.3375606906564962,79745,156494
-0.01141357421875,0.9113818443639355,0.33755354633345186,79745,156499
-0.011474609375,0.9113818443639355,0.33755211750513237,79745,156500
-0.01153564453125,0.9113818443639355,0.337546402312814,79745,156504
-0.0115966796875,0.9113818443639355,0.3375364011919274,79745,156511
-0.01165771484375,0.9113818443639355,0.337530686531787,79745,156515
-0.01171875,0.911393273065978,0.33752206171778776,79746,156523
-0.01177978515625,0.911393273065978,0.3375206331739112,79746,156524
-0.0118408203125,0.911393273065978,0.33751491911932757,79746,156528
-0.01190185546875,0.911393273065978,0.3375120621645872,79746,156530
-0.011962890625,0.911393273065978,0.33750920525821276,79746,156532
-0.01202392578125,0.911393273065978,0.33750349159055704,79746,156536
-0.0120849609375,0.911393273065978,0.3375006348292732,79746,156538
-0.01214599609375,0.911393273065978,0.33749920646676684,79746,156539
-0.01220703125,0.911393273065978,0.33749063654561534,79746,156545
-0.01226806640625,0.911393273065978,0.337480638854328,79746,156552
-0.0123291015625,0.911393273065978,0.33746921364671234,79746,156560
-0.01239013671875,0.911393273065978,0.3374635013329948,79746,156564
-0.012451171875,0.911393273065978,0.33745778921265773,79746,156568
-0.01251220703125,0.911393273065978,0.33745064933416274,79746,156573
-0.0125732421875,0.911393273065978,0.33744493764889577,79746,156577
-0.01263427734375,0.911393273065978,0.3374406540118311,79746,156580
-0.0126953125,0.911393273065978,0.3374392261569774,79746,156581
-0.01275634765625,0.911393273065978,0.3374363704835209,79746,156583
-0.0128173828125,0.911393273065978,0.33743065928160687,79746,156587
-0.01287841796875,0.911393273065978,0.33742352055107516,79746,156592
-0.012939453125,0.911393273065978,0.33742066514343744,79746,156594
-0.0130615234375,0.9114047017680202,0.3374191855938801,79747,156597
-0.01312255859375,0.9114047017680202,0.3374177579386067,79747,156598
-0.01318359375,0.9114047017680202,0.33741204743832215,79747,156602
-0.01324462890625,0.9114047017680202,0.3374006270176047,79747,156610
-0.0133056640625,0.9114047017680202,0.3373892073699575,79747,156618
-0.01336669921875,0.9114047017680202,0.3373820704827178,79747,156623
-0.013427734375,0.9114047017680202,0.3373749338974088,79747,156628
-0.01348876953125,0.9114047017680202,0.3373720793478215,79747,156630
-0.0135498046875,0.9114047017680202,0.3373692248465388,79747,156632
-0.01361083984375,0.9114047017680202,0.3373649431851833,79747,156635
-0.013671875,0.9114047017680202,0.3373549530646519,79747,156642
-0.01373291015625,0.9114047017680202,0.33735209885317125,79747,156644
-0.0137939453125,0.9114047017680202,0.33734639057509674,79747,156648
-0.01385498046875,0.9114047017680202,0.3373421094933121,79747,156651
-0.013916015625,0.9114047017680202,0.3373378285201839,79747,156654
-0.01397705078125,0.9114047017680202,0.3373292668998803,79747,156660
-0.0140380859375,0.9114047017680202,0.3373249862526966,79747,156663
-0.01409912109375,0.9114161304700625,0.3373220819321955,79748,156667
-0.01416015625,0.9114161304700625,0.3373192283126848,79748,156669
-0.01422119140625,0.9114161304700625,0.33731209447513344,79748,156674
-0.0142822265625,0.9114275591721048,0.33730919057468056,79749,156678
-0.01434326171875,0.9114389878741471,0.3373048601506558,79750,156683
-0.014404296875,0.9114389878741471,0.337296300525717,79750,156689
-0.01446533203125,0.9114389878741471,0.33729344741394257,79750,156691
-0.0145263671875,0.9114389878741471,0.3372905943504354,79750,156693
-0.01458740234375,0.9114389878741471,0.33728346190282854,79750,156698
-0.0146484375,0.9114389878741471,0.3372791825790544,79750,156701
-0.01470947265625,0.9114389878741471,0.33727205061406773,79750,156706
-0.0147705078125,0.9114389878741471,0.33727062425726456,79750,156707
-0.01483154296875,0.9114504165761894,0.3372620165266888,79751,156715
-0.014892578125,0.9114504165761894,0.33725773780072654,79751,156718
-0.01495361328125,0.9114504165761894,0.3372506068320407,79751,156723
-0.0150146484375,0.9114504165761894,0.33724775452900085,79751,156725
-0.01507568359375,0.9114504165761894,0.33724490227420734,79751,156727
-0.01513671875,0.9114504165761894,0.33723919790935464,79751,156731
-0.01519775390625,0.9114618452782317,0.3372348702682589,79752,156736
-0.0152587890625,0.9114618452782317,0.3372305922846958,79752,156739
-0.01531982421875,0.9114618452782317,0.33721775898520084,79752,156748
-0.015380859375,0.9114618452782317,0.33721348143575347,79752,156751
-0.01544189453125,0.9114618452782317,0.3372106297964102,79752,156753
-0.0155029296875,0.9114732739802741,0.33720630330090356,79753,156758
-0.01556396484375,0.9114732739802741,0.337196323324229,79753,156765
-0.015625,0.9114732739802741,0.3371863439382729,79753,156772
-0.0157470703125,0.9114961313843587,0.33717484220361127,79755,156784
-0.015869140625,0.9114961313843587,0.3371634389783003,79755,156792
-0.0159912109375,0.9114961313843587,0.33714776080284753,79755,156803
-0.01611328125,0.9114961313843587,0.3371377845412466,79755,156810
-0.0162353515625,0.9114961313843587,0.3371292339297716,79755,156816
-0.016357421875,0.9114961313843587,0.3371149838744447,79755,156826
-0.0164794921875,0.9114961313843587,0.33709788539813096,79755,156838
-0.0166015625,0.911507560086401,0.33709356337093566,79756,156843
-0.0167236328125,0.9115189887884433,0.33708496754124967,79757,156851
-0.016845703125,0.9115189887884433,0.337067872538247,79757,156863
-0.0169677734375,0.9115418461925279,0.3370635044732472,79759,156870
-0.01708984375,0.9115418461925279,0.3370506850125508,79759,156879
-0.0172119140625,0.9115647035966126,0.33704489368175516,79761,156887
-0.017333984375,0.9115647035966126,0.33703492425682957,79761,156894
-0.0174560546875,0.9115647035966126,0.33702353135048574,79761,156902
-0.017578125,0.9115761322986549,0.3370163644891009,79762,156909
-0.0177001953125,0.9115761322986549,0.33699785367832213,79762,156922
-0.017822265625,0.9115989897027394,0.3369920657050876,79764,156930
-0.0179443359375,0.9116104184047817,0.3369792062727603,79765,156941
-0.01806640625,0.9116104184047817,0.33696212370837875,79765,156953
-0.0181884765625,0.9116104184047817,0.3369464662124201,79765,156964
-0.018310546875,0.911621847106824,0.3369279182242497,79766,156979
-0.0184326171875,0.9116332758088664,0.3369179109205719,79767,156988
-0.0185546875,0.9116447045109087,0.3369107504128601,79768,156995
-0.0186767578125,0.911656133212951,0.3369035903890257,79769,157002
-0.018798828125,0.911656133212951,0.3368964759941886,79769,157007
-0.0189208984375,0.911656133212951,0.33688224810588463,79769,157017
-0.01904296875,0.911656133212951,0.336869444033869,79769,157026
-0.0191650390625,0.911656133212951,0.33685379593422465,79769,157037
-0.019287109375,0.911656133212951,0.3368424164111919,79769,157045
-0.0194091796875,0.911656133212951,0.33682819308853834,79769,157055
-0.01953125,0.911656133212951,0.3368196596714943,79769,157061
-0.0196533203125,0.911656133212951,0.33680828245467365,79769,157069
-0.019775390625,0.9116789906170356,0.3368039282743712,79771,157076
-0.0198974609375,0.9116789906170356,0.3367982402438664,79771,157080
-0.02001953125,0.9116789906170356,0.3367840210081018,79771,157090
-0.0201416015625,0.9116789906170356,0.33677264648392147,79771,157098
-0.020263671875,0.9116789906170356,0.3367541645207318,79771,157111
-0.0203857421875,0.9116904193190779,0.3367498564722569,79772,157116
-0.0205078125,0.9116904193190779,0.33672995584672144,79772,157130
-0.0206298828125,0.9117247054252049,0.3367312481533072,79775,157135
-0.020751953125,0.9117247054252049,0.336721299020332,79775,157142
-0.0208740234375,0.9117247054252049,0.3367056658562939,79775,157153
-0.02099609375,0.9117247054252049,0.3366886131510087,79775,157165
-0.0211181640625,0.9117247054252049,0.33667440388267567,79775,157175
-0.021240234375,0.9117247054252049,0.336661616566579,79775,157184
-0.0213623046875,0.9117247054252049,0.3366559336267687,79775,157188
-0.021484375,0.9117247054252049,0.3366488302218021,79775,157193
-0.0216064453125,0.9117361341272472,0.33663884411211165,79776,157202
-0.021728515625,0.9117361341272472,0.3366289005633268,79776,157209
-0.0218505859375,0.9117361341272472,0.33661469651258463,79776,157219
-0.02197265625,0.9117361341272472,0.3366004936604713,79776,157229
-0.0220947265625,0.9117361341272472,0.33658061168092007,79776,157243
-0.022216796875,0.9117361341272472,0.3365720915515241,79776,157249
-0.0223388671875,0.9117361341272472,0.33656357185347063,79776,157255
-0.0224609375,0.9117361341272472,0.33655079311508607,79776,157264
-0.0225830078125,0.9117589915313318,0.3365450326935246,79778,157272
-0.022705078125,0.9117589915313318,0.336527996895327,79778,157284
-0.0228271484375,0.9117589915313318,0.33651664065465897,79778,157292
-0.02294921875,0.9117589915313318,0.3365038658000076,79778,157301
-0.0230712890625,0.9117589915313318,0.33649393047248677,79778,157308
-0.023193359375,0.9117589915313318,0.33648399573163273,79778,157315
-0.0233154296875,0.9117589915313318,0.3364655470549037,79778,157328
-0.0234375,0.9117589915313318,0.33644710040106446,79778,157341
-0.0235595703125,0.9117589915313318,0.3364385872430153,79778,157347
-0.023681640625,0.9117589915313318,0.3364243996036013,79778,157357
-0.0238037109375,0.9117589915313318,0.33642014354510874,79778,157360
-0.02392578125,0.9117589915313318,0.3364059574611635,79778,157370
-0.0240478515625,0.9117589915313318,0.33639035415059093,79778,157381
-0.024169921875,0.9117704202333741,0.33638322363566603,79779,157388
-0.0242919921875,0.9117704202333741,0.33636762262941755,79779,157399
-0.0244140625,0.9117704202333741,0.3363548592460801,79779,157408
-0.0245361328125,0.9117704202333741,0.3363364249578415,79779,157421
-0.024658203125,0.9117704202333741,0.3363250817847627,79779,157429
-0.0247802734375,0.9117704202333741,0.336316574907046,79779,157435
-0.02490234375,0.9117932776374588,0.3363079932216536,79781,157445
-0.0250244140625,0.9117932776374588,0.3362966522505206,79781,157453
-0.025146484375,0.9118047063395011,0.3362824398201031,79782,157465
-0.0252685546875,0.9118047063395011,0.33627677017167473,79782,157469
-0.025390625,0.9118047063395011,0.3362597623734,79782,157481
-0.0255126953125,0.9118047063395011,0.3362441734029013,79782,157492
-0.025634765625,0.9118047063395011,0.33623708798503027,79782,157497
-0.0257568359375,0.9118047063395011,0.33623141986572996,79782,157501
-0.02587890625,0.9118047063395011,0.33622575193752713,79782,157505
-0.0260009765625,0.9118047063395011,0.3362087492994071,79782,157517
-0.026123046875,0.9118161350415434,0.3361917122462223,79783,157531
-0.0262451171875,0.9118161350415434,0.33617896284810156,79783,157540
-0.0263671875,0.9118275637435856,0.3361690114733307,79784,157549
-0.0264892578125,0.9118275637435856,0.33615626395665327,79784,157558
-0.026611328125,0.9118275637435856,0.3361378525836827,79784,157571
-0.0267333984375,0.9118275637435856,0.33612510742993884,79784,157580
-0.02685546875,0.9118275637435856,0.3361066994696201,79784,157593
-0.0269775390625,0.9118275637435856,0.3360967883260877,79784,157600
-0.027099609375,0.9118275637435856,0.33609254087207807,79784,157603
-0.0272216796875,0.9118275637435856,0.33608121485288234,79784,157611
-0.02734375,0.9118275637435856,0.336071305212256,79784,157618
-0.0274658203125,0.9118389924456279,0.3360542842340692,79785,157632
-0.027587890625,0.9118389924456279,0.3360457916882526,79785,157638
-0.0277099609375,0.9118504211476702,0.33603585011350573,79786,157647
-0.02783203125,0.9118504211476702,0.3360188675272168,79786,157659
-0.0279541015625,0.9118618498497125,0.3360103430559182,79787,157667
-0.028076171875,0.9118618498497125,0.3360004379666556,79787,157674
-0.0281982421875,0.9118732785517549,0.33599474455505585,79788,157680
-0.0283203125,0.9118847072537972,0.3359918811822818,79789,157684
-0.0284423828125,0.9118961359558395,0.33598194397072634,79790,157693
-0.028564453125,0.9119075646578818,0.33597200759601337,79791,157702
-0.0286865234375,0.9119075646578818,0.3359649344415532,79791,157707
-0.02880859375,0.9119075646578818,0.3359564470493129,79791,157713
-0.0289306640625,0.9119075646578818,0.33594230234849315,79791,157723
-0.029052734375,0.9119075646578818,0.33593805917050146,79791,157726
-0.0291748046875,0.9119075646578818,0.3359182590903924,79791,157740
-0.029296875,0.9119075646578818,0.3359126023533374,79791,157744
-0.0294189453125,0.9119075646578818,0.3359041176049608,79791,157750
-0.029541015625,0.9119075646578818,0.33589704730873177,79791,157755
-0.0296630859375,0.9119075646578818,0.33588714939402997,79791,157762
-0.02978515625,0.9119075646578818,0.3358758382057661,79791,157770
-0.0299072265625,0.9119075646578818,0.33586311402954916,79791,157779
-0.030029296875,0.9119189933599241,0.3358531862951427,79792,157788
-0.0301513671875,0.9119189933599241,0.33584611823136984,79792,157793
-0.0302734375,0.9119189933599241,0.33583622344186675,79792,157800
-0.0303955078125,0.9119189933599241,0.3358305695382077,79792,157804
-0.030517578125,0.9119304220619664,0.33582347098533694,79793,157811
-0.0306396484375,0.9119304220619664,0.3358121643688029,79793,157819
-0.03076171875,0.9119304220619664,0.33580368490602563,79793,157825
-0.0308837890625,0.9119304220619664,0.33579237962175856,79793,157833
-0.031005859375,0.9119304220619664,0.33577683609875564,79793,157844
-0.0311279296875,0.9119418507640087,0.3357655019188043,79794,157854
-0.03125,0.9119418507640087,0.3357414848631477,79794,157871
-0.031494140625,0.9119418507640087,0.3357174712430895,79794,157888
-0.03173828125,0.9119418507640087,0.33569346105789255,79794,157905
-0.031982421875,0.911987565572178,0.33568204476714103,79798,157921
-0.0322265625,0.911987565572178,0.3356594527520138,79798,157937
-0.032470703125,0.911987565572178,0.3356354520677008,79798,157954
-0.03271484375,0.911987565572178,0.3356185124745546,79798,157966
-0.032958984375,0.9119989942742203,0.33560154597336184,79799,157980
-0.033203125,0.9119989942742203,0.33557896507495955,79799,157996
-0.033447265625,0.9120218516783049,0.3355478654293319,79801,158022
-0.03369140625,0.9120218516783049,0.33550836448028387,79801,158050
-0.033935546875,0.9120332803803473,0.3354829488128069,79802,158070
-0.0341796875,0.9120332803803473,0.3354561542891492,79802,158089
-0.034423828125,0.9120447090823895,0.33543638717487434,79803,158105
-0.03466796875,0.9120675664864741,0.3354236454651295,79805,158118
-0.034912109375,0.9120675664864741,0.3353912232187135,79805,158141
-0.03515625,0.9120675664864741,0.3353714910068919,79805,158155
-0.035400390625,0.9120675664864741,0.3353503519277235,79805,158170
-0.03564453125,0.9120675664864741,0.3353278065136917,79805,158186
-0.035888671875,0.9120675664864741,0.33530808176298815,79805,158200
-0.0361328125,0.9120904238905587,0.33528971868383023,79807,158217
-0.036376953125,0.9121132812946434,0.33526572483585176,79809,158238
-0.03662109375,0.9121475674007703,0.3352459360692233,79812,158258
-0.036865234375,0.9121475674007703,0.3352248146670307,79812,158273
-0.037109375,0.9121704248048549,0.33520224100929413,79814,158293
-0.037353515625,0.9121704248048549,0.3351895714693679,79814,158302
-0.03759765625,0.9121704248048549,0.3351586055144496,79814,158324
-0.037841796875,0.9121818535068972,0.33513888014108456,79815,158340
-0.0380859375,0.9121818535068972,0.33511073790280255,79815,158360
-0.038330078125,0.9121818535068972,0.33507978689907936,79815,158382
-0.03857421875,0.9121818535068972,0.3350572806689811,79815,158398
-0.038818359375,0.9121932822089396,0.3350403814832849,79816,158412
-0.0390625,0.9122047109109819,0.3350122349958657,79817,158434
-0.039306640625,0.9122047109109819,0.33500239236457957,79817,158441
-0.03955078125,0.9122275683150665,0.334982667304577,79819,158459
-0.039794921875,0.9122275683150665,0.33496298658788376,79819,158473
-0.0400390625,0.9122275683150665,0.33493768620704123,79819,158491
-0.040283203125,0.912250425719151,0.334913755124133,79821,158512
-0.04052734375,0.9122618544211933,0.33488984825028423,79822,158531
-0.040771484375,0.9122618544211933,0.3348743937842963,79822,158542
-0.041015625,0.9122732831232357,0.33486032628986856,79823,158554
-0.041259765625,0.9122732831232357,0.33484487474201724,79823,158565
-0.04150390625,0.912284711825278,0.3348223835709522,79824,158583
-0.041748046875,0.9123075692293626,0.33480128172865603,79826,158602
-0.0419921875,0.9123075692293626,0.334771796065406,79826,158623
-0.042236328125,0.9123189979314049,0.33474510527485524,79827,158644
-0.04248046875,0.9123189979314049,0.33472124383616786,79827,158661
-0.042724609375,0.9123304266334472,0.33470438526978696,79828,158675
-0.04296875,0.9123418553354895,0.33469033523956465,79829,158687
-0.043212890625,0.9123761414416165,0.33468186525021903,79832,158699
-0.04345703125,0.9123875701436588,0.33465659478855764,79833,158719
-0.043701171875,0.9123989988457011,0.33463834210791055,79834,158734
-0.0439453125,0.9123989988457011,0.33461730299308834,79834,158749
-0.044189453125,0.9123989988457011,0.33458504815469853,79834,158772
-0.04443359375,0.9123989988457011,0.3345527995340047,79834,158795
-0.044677734375,0.9124218562497857,0.33453734820612957,79836,158810
-0.044921875,0.9124218562497857,0.3345051095869174,79836,158833
-0.045166015625,0.9124332849518281,0.33448967877896624,79837,158846
-0.04541015625,0.9124447136538704,0.3344644413164421,79838,158866
-0.045654296875,0.9124561423559127,0.3344392082940622,79839,158886
-0.0458984375,0.9124789997599972,0.33441676754053457,79841,158906
-0.046142578125,0.9124789997599972,0.33439015605236927,79841,158925
-0.04638671875,0.9124904284620395,0.3343691369606004,79842,158942
-0.046630859375,0.9125018571640818,0.3343523214083811,79843,158956
-0.046875,0.9125132858661242,0.3343229085975806,79844,158979
-0.047119140625,0.9125247145681665,0.33430189959010387,79845,158996
-0.04736328125,0.9125247145681665,0.33427950614803,79845,159012
-0.047607421875,0.9125247145681665,0.33425991434707436,79845,159026
-0.0478515625,0.9125247145681665,0.3342347282629171,79845,159044
-0.048095703125,0.9125247145681665,0.3342053492947135,79845,159065
-0.04833984375,0.9125475719722511,0.3341829474494835,79847,159085
-0.048583984375,0.9125590006742934,0.334167552501402,79848,159098
-0.048828125,0.9125590006742934,0.3341409829891407,79848,159117
-0.049072265625,0.9125590006742934,0.3341200100426814,79848,159132
-0.04931640625,0.9125590006742934,0.3341032335810404,79848,159144
-0.049560546875,0.9125932867804204,0.3340920216393525,79851,159158
-0.0498046875,0.9125932867804204,0.33406965798556637,79851,159174
-0.050048828125,0.9125932867804204,0.3340486947791165,79851,159189
-0.05029296875,0.9125932867804204,0.3340123647862933,79851,159215
-0.050537109375,0.9125932867804204,0.33398302709892214,79851,159236
-0.05078125,0.9125932867804204,0.3339592813169165,79851,159253
-0.051025390625,0.9125932867804204,0.3339299529534762,79851,159274
-0.05126953125,0.9126047154824627,0.3339062075309958,79852,159293
-0.051513671875,0.9126275728865473,0.3338936276969393,79854,159306
-0.0517578125,0.9126390015885896,0.3338712846863646,79855,159324
-0.052001953125,0.9126504302906319,0.3338391756025167,79856,159349
-0.05224609375,0.9126618589926742,0.3338224228743416,79857,159363
-0.052490234375,0.9126732876947166,0.33380148638594204,79858,159380
-0.052734375,0.9126732876947166,0.3337777684896867,79858,159397
-0.052978515625,0.9126847163967589,0.3337693928046008,79859,159405
-0.05322265625,0.9126847163967589,0.33373870598363464,79859,159427
-0.053466796875,0.9126847163967589,0.33372475929392886,79859,159437
-0.0537109375,0.9126847163967589,0.3337066303398535,79859,159450
-0.053955078125,0.9127075738008434,0.33369267732163377,79861,159464
-0.05419921875,0.9127075738008434,0.33366618757938366,79861,159483
-0.054443359375,0.912730431204928,0.33363830053891463,79863,159507
-0.0546875,0.9127532886090127,0.33362574931595546,79865,159520
-0.054931640625,0.9127532886090127,0.3335936977878768,79865,159543
-0.05517578125,0.912764717311055,0.33355886332882273,79866,159570
-0.055419921875,0.9127990034171819,0.33354213908969044,79869,159588
-0.0556640625,0.9127990034171819,0.33352124674283423,79869,159603
-0.055908203125,0.9127990034171819,0.33348782443130576,79869,159627
-0.05615234375,0.9128104321192242,0.3334599760353041,79870,159649
-0.056396484375,0.9128104321192242,0.33345023087264014,79870,159656
-0.056640625,0.9128104321192242,0.3334168232101858,79870,159680
-0.056884765625,0.9128218608212665,0.3333945543872538,79871,159698
-0.05712890625,0.9128332895233089,0.33337228909628197,79872,159716
-0.057373046875,0.9128332895233089,0.33334724506064123,79872,159734
-0.0576171875,0.9128332895233089,0.3333194227671455,79872,159754
-0.057861328125,0.9128332895233089,0.33329855909464573,79872,159769
-0.05810546875,0.9128447182253512,0.3332790893690175,79873,159785
-0.058349609375,0.9128675756294358,0.3332624042457317,79875,159801
-0.05859375,0.9128790043314781,0.33323598861901227,79876,159822
-0.058837890625,0.9128904330335204,0.33320540790829417,79877,159846
-0.05908203125,0.9128904330335204,0.3331651039407388,79877,159875
-0.059326171875,0.9128904330335204,0.3331373137814257,79877,159895
-0.0595703125,0.9129018617355626,0.3331067527950725,79878,159919
-0.059814453125,0.9129361478416896,0.3330859265869127,79881,159940
-0.06005859375,0.9129361478416896,0.3330609283727834,79881,159958
-0.060302734375,0.9129361478416896,0.3330456535334584,79881,159969
-0.060546875,0.9129475765437319,0.3330317723033565,79882,159981
-0.060791015625,0.9129590052457742,0.3330081748185574,79883,160000
-0.06103515625,0.9129590052457742,0.3329845769070446,79883,160017
-0.061279296875,0.9129590052457742,0.3329609823397258,79883,160034
-0.0615234375,0.9129704339478165,0.33293878367564683,79884,160052
-0.061767578125,0.9129818626498588,0.3329165885270155,79885,160070
-0.06201171875,0.9130161487559858,0.33289579504873346,79888,160091
-0.062255859375,0.9130275774580281,0.3328819293976466,79889,160103
-0.0625,0.9130275774580281,0.33285003020644544,79889,160126
-0.06298828125,0.9130275774580281,0.33280565889180036,79889,160158
-0.0634765625,0.9130732922661974,0.3327585560595269,79893,160200
-0.06396484375,0.913096149670282,0.3327197691221728,79895,160232
-0.064453125,0.9131075783723243,0.3326782145236509,79896,160264
-0.06494140625,0.9131532931804935,0.33263254303615664,79900,160305
-0.0654296875,0.9131761505845781,0.3325965608961151,79902,160335
-0.06591796875,0.913210436690705,0.3325453735803199,79905,160378
-0.06640625,0.9132218653927473,0.3325094044408935,79906,160406
-0.06689453125,0.913244722796832,0.33246515498231743,79908,160442
-0.0673828125,0.9132904376050012,0.33241955947503066,79912,160483
-0.06787109375,0.9133132950090859,0.33237672190057893,79914,160518
-0.068359375,0.9133361524131705,0.3323352795382338,79916,160552
-0.06884765625,0.9133361524131705,0.3322910602910603,79916,160584
-0.0693359375,0.9133704385192973,0.33225518115866715,79919,160616
-0.06982421875,0.9133704385192973,0.33221374680439797,79919,160646
-0.0703125,0.9133818672213396,0.3321626732611542,79920,160685
-0.07080078125,0.9134161533274666,0.3321268284574468,79923,160717
-0.0712890625,0.9134275820295089,0.3320661273770499,79924,160763
-0.07177734375,0.9134275820295089,0.33200405430104846,79924,160808
-0.072265625,0.9134275820295089,0.33194476170698783,79924,160851
-0.07275390625,0.9134504394335935,0.33190757782133484,79926,160882
-0.0732421875,0.9134847255397205,0.3318580212826911,79929,160924
-0.07373046875,0.9134847255397205,0.3318166910906955,79929,160954
-0.07421875,0.9135304403478897,0.33177958011306563,79933,160989
-0.07470703125,0.9135304403478897,0.3317341412296902,79933,161022
-0.0751953125,0.9135761551560589,0.33170393669420595,79937,161052
-0.07568359375,0.9135875838581012,0.33165991768454595,79938,161086
-0.076171875,0.9136104412621858,0.33161318156174296,79940,161124
-0.07666015625,0.9136561560703551,0.33157338089214244,79944,161161
-0.0771484375,0.9136675847723974,0.33153215171395634,79945,161193
-0.07763671875,0.9136675847723974,0.3314771662423604,79945,161233
-0.078125,0.913690442176482,0.3314359863026192,79947,161267
-0.07861328125,0.9137018708785243,0.3313879263177093,79948,161304
-0.0791015625,0.9137132995805667,0.33133988147042975,79949,161341
-0.07958984375,0.9137361569846513,0.33130972409849246,79951,161367
-0.080078125,0.9137704430907782,0.3312603837373583,79954,161409
-0.08056640625,0.9137704430907782,0.3312164709293896,79954,161441
-0.0810546875,0.9137933004948628,0.33116302186878727,79956,161484
-0.08154296875,0.9138275866009897,0.33112333214619966,79959,161519
-0.08203125,0.913839015303032,0.3310726322675743,79960,161558
-0.08251953125,0.9138618727071166,0.3310123857464565,79962,161606
-0.0830078125,0.913873301409159,0.3309726821192053,79963,161637
-0.08349609375,0.9138847301112013,0.330928880336044,79964,161671
-0.083984375,0.9139190162173282,0.3308769374632782,79967,161715
-0.08447265625,0.9139304449193705,0.33082768977457483,79968,161753
-0.0849609375,0.9139304449193705,0.3307715852780834,79968,161794
-0.08544921875,0.9139304449193705,0.33072644182055044,79968,161827
-0.0859375,0.9139304449193705,0.33067173899559615,79968,161867
-0.08642578125,0.9139418736214128,0.33061982172683524,79969,161907
-0.0869140625,0.9139533023234552,0.3305720214621725,79970,161944
-0.08740234375,0.913987588429582,0.33052977012159335,79973,161981
-0.087890625,0.913987588429582,0.33048332975188854,79973,162015
-0.08837890625,0.913987588429582,0.33044645993016963,79973,162042
-0.0888671875,0.9140218745357089,0.3304001520296788,79976,162082
-0.08935546875,0.9140561606418359,0.33035249605538164,79979,162123
-0.08984375,0.9140790180459205,0.3303170971445563,79981,162153
-0.09033203125,0.9141247328540898,0.33027905555509673,79985,162189
-0.0908203125,0.9141475902581744,0.3302232258970114,79987,162234
-0.09130859375,0.914170447662259,0.33018240958981576,79989,162268
-0.091796875,0.9141933050663437,0.3301388802905549,79991,162304
-0.09228515625,0.9141933050663437,0.3300980088723821,79991,162334
-0.0927734375,0.914204733768386,0.3300462936220427,79992,162374
-0.09326171875,0.9142390198745128,0.3300028464524539,79995,162412
-0.09375,0.9142390198745128,0.32995656675232327,79995,162446
-0.09423828125,0.9142733059806398,0.32990770601189345,79998,162488
-0.0947265625,0.9142961633847244,0.3298561002762545,80000,162530
-0.09521484375,0.9142961633847244,0.32980034711486533,80000,162571
-0.095703125,0.9143304494908513,0.3297529006862725,80003,162612
-0.09619140625,0.9143418781928936,0.32969994683854165,80004,162653
-0.0966796875,0.914353306894936,0.32964429483191254,80005,162696
-0.09716796875,0.9143761642990206,0.3295859938208033,80007,162743
-0.09765625,0.9143761642990206,0.3295371232278632,80007,162779
-0.09814453125,0.9143990217031052,0.32947886424938744,80009,162826
-0.0986328125,0.9144104504051475,0.32945720474029666,80010,162844
-0.09912109375,0.9144447365112744,0.32942343796317647,80013,162875
-0.099609375,0.9144447365112744,0.32936648417239534,80013,162917
-0.10009765625,0.9144561652133167,0.32931908728721476,80014,162954
-0.1005859375,0.9144790226174013,0.329277175366762,80016,162989
-0.10107421875,0.9144904513194436,0.32922845246128274,80017,163027
-0.1015625,0.9145018800214859,0.32918380779990125,80018,163062
-0.10205078125,0.9145247374255706,0.3291283979154927,80020,163107
-0.1025390625,0.9145818809357821,0.32909887976838675,80025,163139
-0.10302734375,0.9145933096378245,0.3290475113587303,80026,163179
-0.103515625,0.9145933096378245,0.32901098539665835,80026,163206
-0.10400390625,0.9145933096378245,0.32895147897860866,80026,163250
-0.1044921875,0.9146275957439514,0.32890567526580333,80029,163290
-0.10498046875,0.914650453148036,0.3288557786342979,80031,163331
-0.10546875,0.9146733105521206,0.32880049628403224,80033,163376
-0.10595703125,0.9146733105521206,0.3287586263555702,80033,163407
-0.1064453125,0.9146733105521206,0.3286924666001339,80033,163456
-0.10693359375,0.9146961679562052,0.32864264244534597,80035,163497
-0.107421875,0.9147075966582475,0.3286035703141679,80036,163528
-0.10791015625,0.9147075966582475,0.3285482646086903,80036,163569
-0.1083984375,0.9147304540623321,0.3285038827141239,80038,163606
-0.10888671875,0.9147761688705014,0.32847581019135985,80042,163635
-0.109375,0.9147875975725437,0.3284313926626811,80043,163670
-0.10986328125,0.9148218836786706,0.3283898044331762,80046,163707
-0.1103515625,0.9148447410827553,0.3283575967151114,80048,163735
-0.11083984375,0.9148790271888821,0.3283214187573569,80051,163768
-0.111328125,0.9149018845929667,0.32827038132065955,80053,163810
-0.11181640625,0.9149018845929667,0.3282192364934953,80053,163848
-0.1123046875,0.9149018845929667,0.32816003607370514,80053,163892
-0.11279296875,0.9149133132950091,0.32811167945439046,80054,163930
-0.11328125,0.9149361706990937,0.32807684741984133,80056,163960
-0.11376953125,0.914947599401136,0.3280312063363286,80057,163996
-0.1142578125,0.914947599401136,0.32798282593644124,80057,164032
-0.11474609375,0.9149818855072629,0.3279413752565242,80060,164069
-0.115234375,0.9149933142093053,0.3279132347339578,80061,164092
-0.11572265625,0.9150161716133899,0.32785160009008824,80063,164142
-0.1162109375,0.9150390290174745,0.3277967017670275,80065,164187
-0.11669921875,0.9150504577195168,0.3277605390491317,80066,164216
-0.1171875,0.9150504577195168,0.3277162679327917,80066,164249
-0.11767578125,0.9150504577195168,0.3276559174987723,80066,164294
-0.1181640625,0.9150847438256438,0.32761188533645386,80069,164333
-0.11865234375,0.9150847438256438,0.32756363576857933,80069,164369
-0.119140625,0.9151076012297283,0.3275075055422396,80071,164415
-0.11962890625,0.9151190299317706,0.3274633775284024,80072,164450
-0.1201171875,0.9151190299317706,0.32740446341682816,80072,164494
-0.12060546875,0.9151304586338129,0.327365718444141,80073,164525
-0.12109375,0.9151418873358552,0.3273189555094099,80074,164562
-0.12158203125,0.9151533160378976,0.32726953195245956,80075,164601
-0.1220703125,0.9151647447399399,0.3272027426255164,80076,164653
-0.12255859375,0.9151761734419822,0.32716271316625944,80077,164685
-0.123046875,0.9151876021440245,0.3271053233554459,80078,164730
-0.12353515625,0.9152218882501514,0.32705612324078837,80081,164773
-0.1240234375,0.9152218882501514,0.3269960269335522,80081,164818
-0.12451171875,0.9152218882501514,0.32693995696922934,80081,164860
-0.125,0.9152447456542361,0.32687072192131394,80083,164916
-0.1259765625,0.9152561743562784,0.3267854373923759,80084,164982
-0.126953125,0.9152904604624053,0.3266923657427237,80087,165058
-0.1279296875,0.9153247465685322,0.32658603619400245,80090,165144
-0.12890625,0.9153704613767014,0.32650382376441045,80094,165214
-0.1298828125,0.9153933187807861,0.3264068593690782,80096,165291
-0.130859375,0.915427604886913,0.3263113725618003,80099,165369
-0.1318359375,0.9154504622909976,0.3262238331840026,80101,165439
-0.1328125,0.9154847483971246,0.326123155216285,80104,165521
-0.1337890625,0.915541891907336,0.32602803281890996,80109,165603
-0.134765625,0.9155876067155053,0.32593421347057505,80113,165682
-0.1357421875,0.9156104641195899,0.3258323233473511,80115,165763
-0.13671875,0.9156218928216322,0.32573570667685825,80116,165838
-0.1376953125,0.9157361798420554,0.32566778845372224,80126,165910
-0.138671875,0.9157704659481822,0.3255754423744997,80129,165986
-0.1396484375,0.9157933233522669,0.3254817378306363,80131,166061
-0.140625,0.9158047520543092,0.3253853525427583,80132,166136
-0.1416015625,0.9158047520543092,0.3252981724000747,80132,166202
-0.142578125,0.9158276094583938,0.3251967193821855,80134,166283
-0.1435546875,0.9158618955645207,0.32510598592263534,80137,166358
-0.14453125,0.9159418964788169,0.3250236232606994,80144,166435
-0.1455078125,0.9160104686910707,0.3249728344605005,80150,166486
-0.146484375,0.9160447547971977,0.32487566827038045,80153,166566
-0.1474609375,0.9160676122012823,0.32477977941474406,80155,166643
-0.1484375,0.9160904696053669,0.32469841938541555,80157,166709
-0.1494140625,0.9161133270094516,0.32462104798506464,80159,166772
-0.150390625,0.9161590418176208,0.3245360474154683,80163,166845
-0.1513671875,0.91620475662579,0.32443928221648444,80167,166927
-0.15234375,0.91620475662579,0.32435264605923286,80167,166993
-0.1533203125,0.9162276140298746,0.324268899405412,80169,167061
-0.154296875,0.9162504714339592,0.3241773349615456,80171,167135
-0.1552734375,0.9162733288380439,0.3240648671371636,80173,167225
-0.15625,0.9162733288380439,0.32396534585451403,80173,167301
-0.1572265625,0.9163076149441708,0.3238531480112615,80176,167393
-0.158203125,0.9163533297523401,0.3237607610679502,80180,167472
-0.1591796875,0.916387615858467,0.32367485175213034,80183,167544
-0.16015625,0.9164447593686785,0.3235840072312882,80188,167624
-0.1611328125,0.9164790454748054,0.3234851571418775,80191,167706
-0.162109375,0.91650190287889,0.32338103821632935,80193,167790
-0.1630859375,0.9165476176870593,0.3232954797408702,80197,167864
-0.1640625,0.9166047611972709,0.32322833376321897,80202,167926
-0.1650390625,0.9166161898993131,0.32312167372377754,80203,168010
-0.166015625,0.9166619047074823,0.32302456705598065,80207,168093
-0.1669921875,0.9166733334095247,0.32293625262208553,80208,168163
-0.16796875,0.9166961908136093,0.32284031861413315,80210,168241
-0.1689453125,0.9167190482176939,0.32274834223910387,80212,168316
-0.169921875,0.9167533343238209,0.32266433898359625,80215,168387
-0.1708984375,0.9167990491319901,0.3225753268216967,80219,168464
-0.171875,0.9168219065360746,0.32248611099944524,80221,168537
-0.1728515625,0.9168676213442439,0.3223855526265029,80225,168623
-0.173828125,0.9169019074503708,0.3222862284782312,80228,168706
-0.1748046875,0.9169247648544555,0.3221829571921934,80230,168790
-0.17578125,0.9169704796626247,0.32209683700055,80234,168865
-0.1767578125,0.9169933370667094,0.322000160526527,80236,168944
-0.177734375,0.9170276231728363,0.3218946447841907,80239,169032
-0.1787109375,0.9170390518748786,0.32180441478439425,80240,169104
-0.1796875,0.9171076240871324,0.32172009557868403,80246,169182
-0.1806640625,0.9171419101932593,0.32164959197088483,80249,169243
-0.181640625,0.917164767597344,0.3215686745925846,80251,169310
-0.1826171875,0.9171876250014286,0.32147621164962203,80253,169386
-0.18359375,0.9172333398095979,0.3214149836403029,80257,169442
-0.1845703125,0.9172676259157247,0.3213176184223169,80260,169524
-0.185546875,0.917313340723894,0.3212243215444893,80264,169605
-0.1865234375,0.917313340723894,0.321116369877537,80264,169689
-0.1875,0.9173361981279786,0.3210408850562759,80266,169752
-0.1884765625,0.9173704842341055,0.32093350552354755,80269,169842
-0.189453125,0.9174161990422748,0.32086098009433206,80273,169907
-0.1904296875,0.9174276277443171,0.3207675340451378,80274,169982
-0.19140625,0.9174390564463594,0.3206767067470938,80275,170055
-0.1923828125,0.9174504851484017,0.3205718507277919,80276,170139
-0.193359375,0.917461913850444,0.320477300672277,80277,170215
-0.1943359375,0.9174847712545287,0.32039958652453115,80279,170280
-0.1953125,0.9175533434667825,0.3203020897332578,80285,170369
-0.1962890625,0.9175990582749517,0.32020818377602295,80289,170451
-0.197265625,0.9176333443810787,0.32011928920855276,80292,170527
-0.1982421875,0.9176676304872056,0.32003682844878095,80295,170598
-0.19921875,0.9176904878912902,0.3199517066056757,80297,170669
-0.2001953125,0.9177819175076286,0.31987906695134,80305,170743
-0.201171875,0.9178047749117133,0.3198055051132562,80307,170805
-0.2021484375,0.9178162036137556,0.319738183208052,80308,170860
-0.203125,0.9178847758260095,0.3196615282968553,80314,170933
-0.2041015625,0.9179190619321363,0.3195767995766404,80317,171006
-0.205078125,0.9179190619321363,0.31947510570677357,80317,171086
-0.2060546875,0.9179533480382633,0.3193777859071371,80320,171169
-0.20703125,0.9179647767403056,0.31927892833008703,80321,171249
-0.2080078125,0.9179647767403056,0.31916474608598905,80321,171339
-0.208984375,0.9180447776546018,0.3191012664261993,80328,171404
-0.2099609375,0.9180676350586864,0.3190002303250761,80330,171488
-0.2109375,0.918090492462771,0.3188967313204132,80332,171574
-0.2119140625,0.9181019211648133,0.31879566171539236,80333,171656
-0.212890625,0.9181019211648133,0.31869448444671894,80333,171736
-0.2138671875,0.918124778568898,0.3185962491027273,80335,171818
-0.21484375,0.9181590646750248,0.31848436676167785,80338,171913
-0.2158203125,0.9181704933770671,0.31840628418332567,80339,171977
-0.216796875,0.9182047794831941,0.31832229230720466,80342,172050
-0.2177734375,0.9182047794831941,0.3182252078473001,80342,172127
-0.21875,0.9182162081852364,0.3181271035438527,80343,172207
-0.2197265625,0.918239065589321,0.31802672619895817,80345,172291
-0.220703125,0.9182504942913633,0.3179451057363556,80346,172358
-0.2216796875,0.9182619229934056,0.31785221199378116,80347,172434
-0.22265625,0.9182962090995326,0.31776728440468566,80350,172508
-0.2236328125,0.9183419239077018,0.31768385012868816,80354,172583
-0.224609375,0.9183647813117864,0.31759507379038315,80356,172658
-0.2255859375,0.9183647813117864,0.31750095816096313,80356,172733
-0.2265625,0.9184562109281249,0.3174121689673559,80364,172821
-0.2275390625,0.9184676396301672,0.31732211956092554,80365,172895
-0.228515625,0.9184904970342518,0.3172548555187115,80367,172953
-0.2294921875,0.9185476405444634,0.31719320401760165,80372,173013
-0.23046875,0.9185819266505902,0.3170824078932315,80375,173108
-0.2314453125,0.9185933553526326,0.3169875612276287,80376,173186
-0.232421875,0.9186619275648864,0.3169049900057955,80382,173265
-0.2333984375,0.918719071075098,0.3168135384809408,80387,173349
-0.234375,0.9187419284791826,0.31670159790727725,80389,173443
-0.2353515625,0.9187990719893941,0.31659906273382427,80394,173536
-0.236328125,0.918867644201648,0.3165130030155343,80400,173618
-0.2373046875,0.9189362164139019,0.3164344746162928,80406,173694
-0.23828125,0.9189362164139019,0.3163448373542326,80406,173766
-0.2392578125,0.9189819312220711,0.3162709837793616,80410,173834
-0.240234375,0.919016217328198,0.3161870234860668,80413,173908
-0.2412109375,0.9190505034343249,0.31608944652115295,80416,173993
-0.2421875,0.9191076469445365,0.31598986267460366,80421,174084
-0.2431640625,0.9191190756465788,0.3158895317551033,80422,174167
-0.244140625,0.9191647904547481,0.31578740713982817,80426,174258
-0.2451171875,0.919199076560875,0.3156814337131396,80429,174350
-0.24609375,0.919233362667002,0.31558668314597926,80432,174433
-0.2470703125,0.9192905061772134,0.3154986036587279,80437,174515
-0.248046875,0.9193362209853827,0.315420267578462,80441,174587
-0.2490234375,0.919347649687425,0.3153339265624204,80442,174659
-0.25,0.9194162218996789,0.31519188199110626,80448,174787
-0.251953125,0.919496222813975,0.3150279963976663,80455,174935
-0.25390625,0.9195647950262289,0.3148603964076777,80461,175084
-0.255859375,0.9196905107486942,0.3146891705348449,80472,175247
-0.2578125,0.9197362255568635,0.3145129457743039,80476,175399
-0.259765625,0.9198047977691174,0.31433369785970944,80482,175558
-0.26171875,0.9198733699813713,0.31417430100433663,80488,175701
-0.263671875,0.9199190847895404,0.31397911538806605,80492,175869
-0.265625,0.919976228299752,0.31378808964148863,80497,176036
-0.267578125,0.9200562292140482,0.31361244103015595,80504,176195
-0.26953125,0.920124801426302,0.31343678706854267,80510,176352
-0.271484375,0.9202162310426405,0.31326548080364786,80518,176510
-0.2734375,0.9202848032548944,0.3131207080251666,80524,176642
-0.275390625,0.9203419467651058,0.3129186937532058,80529,176819
-0.27734375,0.9204105189773597,0.31274756512419033,80535,176973
-0.279296875,0.9205019485936982,0.3125710671028683,80543,177136
-0.28125,0.9205590921039097,0.3123819570216908,80548,177303
-0.283203125,0.9206390930182059,0.3122298923639239,80555,177444
-0.28515625,0.9206619504222905,0.31203324966688356,80557,177611
-0.287109375,0.9206848078263752,0.31186825183596517,80559,177752
-0.2890625,0.9207305226345444,0.3116701742440655,80563,177925
-0.291015625,0.9207876661447559,0.3115087496810213,80568,178070
-0.29296875,0.9208905244631367,0.31134011058433503,80577,178230
-0.294921875,0.920936239271306,0.3111343637423694,80581,178410
-0.296875,0.9209933827815175,0.31096156294978605,80586,178565
-0.298828125,0.9210390975896867,0.31079950173352,80590,178709
-0.30078125,0.9211533846101099,0.3106344110471771,80600,178869
-0.302734375,0.9211648133121522,0.31044802563668017,80601,179027
-0.3046875,0.921233385524406,0.3102894757102163,80607,179173
-0.306640625,0.9213019577366598,0.3101060576334953,80613,179340
-0.30859375,0.9213476725448291,0.30993783327630553,80617,179490
-0.310546875,0.9214391021611675,0.3097589930959763,80625,179658
-0.3125,0.9214848169693368,0.3095674141988889,80629,179828
-0.314453125,0.9215533891815907,0.3094015716609878,80635,179981
-0.31640625,0.9216448187979291,0.3092436008052919,80643,180132
-0.318359375,0.921679104904056,0.3090477102893275,80646,180304
-0.3203125,0.9217248197122253,0.3088535463586684,80650,180477
-0.322265625,0.9217591058183522,0.30866763109753764,80653,180641
-0.32421875,0.9218162493285638,0.30848370342606685,80658,180808
-0.326171875,0.9218733928387753,0.308297660908118,80663,180977
-0.328125,0.9219305363489868,0.30813422716247446,80668,181127
-0.330078125,0.9219648224551138,0.30793043690691585,80671,181307
-0.33203125,0.922010537263283,0.3077612680489061,80675,181460
-0.333984375,0.9220562520714523,0.30757940244678866,80679,181624
-0.3359375,0.9220905381775791,0.3073834196891192,80682,181798
-0.337890625,0.9221476816877907,0.3071953155636438,80687,181970
-0.33984375,0.9222276826020869,0.307001057653531,80694,182152
-0.341796875,0.9222962548143407,0.3068172745349266,80700,182323
-0.34375,0.9223648270265946,0.30663606866313575,80706,182492
-0.345703125,0.9224105418347638,0.3064719462924147,80710,182642
-0.34765625,0.9224791140470177,0.3062784114624836,80716,182822
-0.349609375,0.9225705436633561,0.3061113049281781,80724,182984
-0.3515625,0.92263911587561,0.30594495037347796,80730,183141
-0.353515625,0.922673401981737,0.305760490834722,80733,183307
-0.35546875,0.9227191167899061,0.30559971535852715,80737,183455
-0.357421875,0.9227534028960331,0.30542725391619474,80740,183611
-0.359375,0.92278768900216,0.3052134600409759,80743,183803
-0.361328125,0.9228676899164562,0.3050277641370453,80750,183980
-0.36328125,0.92293626212871,0.3048512096880745,80756,184147
-0.365234375,0.9230048343409639,0.3046656908753452,80762,184322
-0.3671875,0.9230962639573024,0.304468452439291,80770,184512
-0.369140625,0.9231305500634293,0.30425496651323275,80773,184705
-0.37109375,0.923153407467514,0.30406206592810925,80775,184878
-0.373046875,0.9232334083818101,0.30386765270118793,80782,185064
-0.375,0.9232905518920216,0.30369225911223385,80787,185229
-0.376953125,0.9233362667001909,0.30348368969092304,80791,185421
-0.37890625,0.9233934102104024,0.3032814576248283,80796,185610
-0.380859375,0.9234505537206139,0.30311931423855343,80801,185764
-0.3828125,0.9235076972308255,0.3029380560168853,80806,185935
-0.384765625,0.9235762694430794,0.3027619176070374,80812,186104
-0.38671875,0.9236448416553332,0.30257694712447447,80818,186281
-0.388671875,0.9237134138675871,0.3023616862881534,80824,186485
-0.390625,0.9237705573777986,0.3021678747799041,80829,186668
-0.392578125,0.9238619869941371,0.30198441457528596,80837,186849
-0.39453125,0.923896273100264,0.3017915607372315,80840,187027
-0.396484375,0.9239419879084333,0.30157794605886523,80844,187226
-0.3984375,0.9240219888227295,0.30138594817045894,80851,187413
-0.400390625,0.9240562749288563,0.30116698762240707,80854,187615
-0.40234375,0.9240791323329409,0.30099729364509153,80856,187771
-0.404296875,0.9241019897370256,0.3008289183879993,80858,187926
-0.40625,0.9241477045451948,0.30063575863479197,80862,188108
-0.408203125,0.924227705459491,0.3004640586742561,80869,188278
-0.41015625,0.9242734202676602,0.30027029636065256,80873,188461
-0.412109375,0.9243191350758294,0.3001046397720189,80877,188619
-0.4140625,0.9243419924799141,0.2998939531020572,80879,188813
-0.416015625,0.9244219933942103,0.2997120931973218,80886,188993
-0.41796875,0.9244791369044217,0.2995286250143486,80891,189170
-0.419921875,0.9245477091166756,0.2993557506929103,80897,189340
-0.421875,0.9246391387330141,0.29920266861931494,80905,189497
-0.423828125,0.9246848535411833,0.2989952070006615,80909,189694
-0.42578125,0.9247305683493525,0.29881453578550854,80913,189867
-0.427734375,0.9248219979656911,0.29862792276806804,80921,190055
-0.4296875,0.9248448553697757,0.2984304585450764,80923,190239
-0.431640625,0.9248791414759026,0.2982556361049788,80926,190405
-0.43359375,0.9249591423901987,0.29807600232765413,80933,190585
-0.435546875,0.925004857198368,0.2978822853946148,80937,190771
-0.4375,0.9250620007085796,0.2976892324779975,80942,190959
-0.439453125,0.9250848581126642,0.29750401540740307,80944,191133
-0.44140625,0.925153430324918,0.2973359142849797,80950,191301
-0.443359375,0.925153430324918,0.2971165563108364,80950,191502
-0.4453125,0.9252220025371719,0.2969467552855906,80956,191672
-0.447265625,0.9252677173453411,0.2967872487059548,80960,191828
-0.44921875,0.9253248608555527,0.29659790679869147,80965,192014
-0.451171875,0.9253820043657642,0.2963849600281121,80970,192222
-0.453125,0.9254734339821027,0.2962136536724011,80978,192399
-0.455078125,0.9255877210025257,0.29606287698775363,80988,192562
-0.45703125,0.9256562932147796,0.29588686786028723,80994,192739
-0.458984375,0.9257134367249912,0.29573875357355406,80999,192888
-0.4609375,0.9257591515331604,0.2955698996923998,81003,193054
-0.462890625,0.9258277237454142,0.29538700514499705,81009,193238
-0.46484375,0.925930582063795,0.29521099252662686,81018,193423
-0.466796875,0.925930582063795,0.29503146303093863,81018,193590
-0.46875,0.925964868169922,0.29484912004891045,81021,193767
-0.470703125,0.9260334403821758,0.29466292339134925,81027,193955
-0.47265625,0.926113441296472,0.29449239547180783,81034,194131
-0.474609375,0.9261705848066835,0.29431696846876293,81039,194307
-0.4765625,0.9261820135087259,0.2940877618266537,81040,194524
-0.478515625,0.9262048709128105,0.293909435768737,81042,194696
-0.48046875,0.9262734431250643,0.29368941713623103,81048,194917
-0.482421875,0.9263191579332335,0.29350077492431814,81052,195104
-0.484375,0.9263534440393605,0.29333000394460185,81055,195272
-0.486328125,0.9263991588475297,0.2931280760565723,81059,195472
-0.48828125,0.9264677310597835,0.29295908005102794,81065,195646
-0.490234375,0.9265134458679528,0.2927777938287299,81069,195827
-0.4921875,0.9266048754842913,0.29262385903872323,81077,195992
-0.494140625,0.9266391615904181,0.29241094773893633,81080,196201
-0.49609375,0.9266734476965451,0.29225207430742284,81083,196359
-0.498046875,0.9267305912067566,0.2920658704202625,81088,196548
-0.5,0.9268105921210528,0.2917747547105999,81095,196842
-0.50390625,0.9270048800557721,0.2914322259828544,81112,197210
-0.5078125,0.9270848809700682,0.29107878457320835,81119,197565
-0.51171875,0.927222025394576,0.2906962578647901,81131,197961
-0.515625,0.9273020263088722,0.290321888104882,81138,198338
-0.51953125,0.9274048846272529,0.2899463677649186,81147,198722
-0.5234375,0.9275306003497182,0.2895800700061728,81158,199103
-0.52734375,0.9276106012640144,0.2892056953906673,81165,199483
-0.53125,0.927702030880353,0.2888276882896923,81173,199870
-0.53515625,0.9278277466028183,0.2884798521782389,81184,200236
-0.5390625,0.9278963188150722,0.28809066748042195,81190,200631
-0.54296875,0.9279991771334529,0.28773666809591814,81199,201000
-0.546875,0.9281706076640875,0.2874190888403648,81214,201349
-0.55078125,0.9282734659824684,0.28703546640657024,81223,201749
-0.5546875,0.9283877530028914,0.2866949245261044,81233,202110
-0.55859375,0.928444896513103,0.2863255394288856,81238,202488
-0.5625,0.9285591835335261,0.28598380851812744,81248,202852
-0.56640625,0.9287306140641607,0.28562942654786383,81263,203242
-0.5703125,0.9288563297866261,0.28524799595681655,81274,203650
-0.57421875,0.9289934742111339,0.28490713512111515,81286,204021
-0.578125,0.9290963325295146,0.2845337804020118,81295,204418
-0.58203125,0.9291991908478954,0.28413864444925946,81304,204838
-0.5859375,0.9292334769540224,0.2837346454494696,81307,205253
-0.58984375,0.9293363352724031,0.2833823549911482,81316,205632
-0.59375,0.9294277648887416,0.28304329667269945,81324,205996
-0.59765625,0.9294963371009954,0.28269226758614935,81330,206368
-0.6015625,0.9296791963336724,0.2823376695497647,81346,206770
-0.60546875,0.9298163407581801,0.2819624179495533,81358,207184
-0.609375,0.929850626864307,0.2815697946046962,81361,207594
-0.61328125,0.9299649138847301,0.28120734164354116,81371,207992
-0.6171875,0.9300677722031109,0.28084924283209783,81380,208384
-0.62109375,0.930182059223534,0.2805004135649297,81390,208770
-0.625,0.9302734888398725,0.2801495085217104,81398,209154
-0.62890625,0.9303992045623378,0.27980986031676197,81409,209535
-0.6328125,0.930513491582761,0.27942932842787327,81419,209957
-0.63671875,0.9306734934113533,0.2791420716699917,81433,210293
-0.640625,0.930776351729734,0.2787916131792897,81442,210683
-0.64453125,0.9308449239419879,0.2784337588283958,81448,211074
-0.6484375,0.9309477822603687,0.27807667360802923,81457,211473
-0.65234375,0.9310506405787494,0.2777309964646964,81466,211861
-0.65625,0.9311534988971303,0.2773503720699069,81475,212287
-0.66015625,0.9312334998114264,0.2769829048498013,81482,212695
-0.6640625,0.9313592155338918,0.2766544679290889,81493,213073
-0.66796875,0.9314506451502302,0.2762736397503737,81501,213500
-0.671875,0.9315192173624841,0.27589930371027305,81507,213916
-0.67578125,0.9316106469788226,0.27553372723462366,81515,214329
-0.6796875,0.9317477914033303,0.275166901803012,81527,214755
-0.68359375,0.9318277923176265,0.27476949207376256,81534,215202
-0.6875,0.9319420793380496,0.2744286382559122,81544,215597
-0.69140625,0.9320106515503034,0.274051322032987,81550,216022
-0.6953125,0.9321135098686842,0.27368516424331296,81559,216444
-0.69921875,0.9321592246768534,0.2733426946523186,81563,216828
-0.703125,0.9322506542931919,0.2729806971514243,81571,217245
-0.70703125,0.932364941313615,0.2726045478087982,81581,217684
-0.7109375,0.9324792283340381,0.2722649536998415,81591,218084
-0.71484375,0.9325363718442496,0.27186885682870754,81596,218534
-0.71875,0.9326278014605881,0.2715065211605004,81604,218956
-0.72265625,0.9327192310769266,0.2711677437575798,81612,219353
-0.7265625,0.9327763745871381,0.2707848803453115,81617,219792
-0.73046875,0.932844946799392,0.27044229373817563,81623,220190
-0.734375,0.9329249477136882,0.2700976758960241,81630,220594
-0.73828125,0.9329706625218573,0.2697262559680164,81634,221021
-0.7421875,0.9330392347341112,0.2693944893581917,81640,221410
-0.74609375,0.9331078069463651,0.2690520599226252,81646,221812
-0.75,0.9332220939667882,0.26869011266715803,81656,222248
-0.75390625,0.9332792374769997,0.26832690399363857,81661,222673
-0.7578125,0.9333820957953806,0.2679294925841237,81670,223149
-0.76171875,0.9335192402198882,0.2675720916824723,81682,223589
-0.765625,0.933622098538269,0.26722691274750654,81691,224008
-0.76953125,0.9337363855586921,0.26685807047971805,81701,224458
-0.7734375,0.9338849586852421,0.2664870823196384,81714,224920
-0.77734375,0.9340106744077075,0.2661505945034081,81725,225338
-0.78125,0.9340449605138345,0.2657812494918716,81728,225773
-0.78515625,0.9341478188322152,0.2654333015087453,81737,226201
-0.7890625,0.9342392484485537,0.2650659057377714,81745,226650
-0.79296875,0.9343078206608075,0.26468455167680066,81751,227111
-0.796875,0.9344449650853153,0.26432203691191636,81763,227568
-0.80078125,0.9346049669139076,0.26397474426306766,81777,228014
-0.8046875,0.9346735391261615,0.26361714060999114,81783,228451
-0.80859375,0.9347306826363729,0.26320819991310923,81788,228947
-0.8125,0.9348449696567961,0.26286393727103285,81798,229382
-0.81640625,0.9349021131670077,0.26250714006071457,81803,229819
-0.8203125,0.9349478279751768,0.2621565498279144,81807,230247
-0.82421875,0.9350164001874307,0.2618242216127473,81813,230660
-0.828125,0.9351192585058115,0.2614906713198213,81822,231084
-0.83203125,0.9352335455262346,0.2611362323650393,81832,231537
-0.8359375,0.9353592612487,0.2607959977056912,81843,231977
-0.83984375,0.9354506908650384,0.2604430500579109,81851,232425
-0.84375,0.9355535491834193,0.2600934760574836,81860,232873
-0.84765625,0.9355992639915884,0.2597175162751742,81864,233340
-0.8515625,0.9357592658201808,0.2593710699793144,81878,233801
-0.85546875,0.9358164093303923,0.2589857291060449,81883,234285
-0.859375,0.9359078389467308,0.2586306544169433,81891,234742
-0.86328125,0.9359992685630693,0.2582692908072039,81899,235208
-0.8671875,0.9361021268814501,0.2578861696467084,81908,235705
-0.87109375,0.9361592703916616,0.2575467456477106,81913,236138
-0.875,0.9362621287100424,0.25719578048474195,81922,236598
-0.87890625,0.9363307009222962,0.25684288405892514,81928,237053
-0.8828125,0.9364564166447616,0.2564817684123541,81939,237534
-0.88671875,0.9365364175590578,0.25612206945481936,81946,238003
-0.890625,0.9366278471753963,0.2557521930577357,81954,238489
-0.89453125,0.9367192767917347,0.2554129012153319,81962,238938
-0.8984375,0.9368221351101156,0.2550205488614904,81971,239458
-0.90234375,0.9368907073223695,0.2546605075378914,81977,239930
-0.90625,0.9369592795346232,0.25428102639177946,81983,240428
-0.91015625,0.9371421387673002,0.2539856093715638,81999,240850
-0.9140625,0.9372335683836387,0.25363878733893763,82007,241315
-0.91796875,0.9373249979999771,0.2532906318136616,82015,241783
-0.921875,0.9374049989142733,0.25290765796322107,82022,242294
-0.92578125,0.9374735711265272,0.2525718121383991,82028,242743
-0.9296875,0.9375878581469502,0.25222593895270184,82038,243218
-0.93359375,0.9376792877632887,0.25186645055133966,82046,243706
-0.9375,0.9378278608898387,0.25153571691311705,82059,244173
-0.94140625,0.9379307192082196,0.25119755622009937,82068,244639
-0.9453125,0.9379992914204733,0.2508374083129584,82074,245126
-0.94921875,0.938022148824558,0.2504691948768497,82076,245613
-0.953125,0.9381250071429388,0.2501394149751491,82085,246072
-0.95703125,0.9381935793551927,0.2497892837473109,82091,246550
-0.9609375,0.9382735802694888,0.24942427464681757,82098,247052
-0.96484375,0.9383078663756157,0.2490490144331398,82101,247557
-0.96875,0.9384107246939966,0.24873225612970065,82110,248004
-0.97265625,0.9385364404164619,0.24839161431410328,82121,248490
-0.9765625,0.9386050126287158,0.2480279052911331,82127,248993
-0.98046875,0.9387078709470965,0.24768705595696175,82136,249476
-0.984375,0.9387764431593504,0.24732701230583015,82142,249977
-0.98828125,0.9389021588818158,0.2469630515882917,82153,250500
-0.9921875,0.9390278746042812,0.2466083991644056,82164,251012
-0.99609375,0.9391421616247043,0.2462466961936555,82174,251532
-1.0,0.9393021634532966,0.24572313543055663,82188,252286
-1.0078125,0.9394735939839313,0.24502734846565422,82203,253282
-1.015625,0.9397021680247775,0.24427945833853248,82223,254371
-1.0234375,0.9399193133635813,0.24359627505805412,82242,255374
-1.03125,0.9400107429799198,0.2428962087519417,82250,256372
-1.0390625,0.9401250300003429,0.24216767447200618,82260,257422
-1.046875,0.9403421753391468,0.24145307923912596,82279,258487
-1.0546875,0.9404907484656968,0.24075715685844268,82292,259513
-1.0625,0.9406164641881621,0.2400505166877153,82303,260554
-1.0703125,0.940799323420839,0.23935786645576246,82319,261597
-1.078125,0.9410621835678122,0.23866623769235004,82342,262667
-1.0859375,0.9412907576086584,0.23796549641875825,82362,263747
-1.09375,0.9415421890535892,0.23728794032086178,82384,264806
-1.1015625,0.9416907621801393,0.23656429529122297,82397,265910
-1.109375,0.9418393353066892,0.23588510583487185,82410,266955
-1.1171875,0.9421136241557047,0.23522596919354194,82434,268012
-1.125,0.9423193407924662,0.2345257972119271,82452,269117
-1.1328125,0.9424336278128893,0.23382397559170548,82462,270205
-1.140625,0.9426850592578201,0.23316834062184633,82484,271269
-1.1484375,0.9429479194047932,0.23247564143745103,82507,272399
-1.15625,0.9431536360415548,0.23176297128413959,82525,273550
-1.1640625,0.943347923976274,0.231105859822321,82542,274619
-1.171875,0.943496497102824,0.23043384813779974,82555,275704
-1.1796875,0.9437250711436702,0.22974770182740892,82575,276841
-1.1875,0.944010788694728,0.22911858689863304,82600,277912
-1.1953125,0.9441936479274049,0.22841407377506953,82616,279078
-1.203125,0.944456508074378,0.2277478758615748,82639,280214
-1.2109375,0.9446965108172665,0.22709539874940932,82660,281328
-1.21875,0.9449250848581127,0.2264492009366912,82680,282435
-1.2265625,0.945085086686705,0.2257665562778304,82694,283587
-1.234375,0.945233659813255,0.22506898447237084,82707,284767
-1.2421875,0.9454850912581858,0.22444173749793137,82729,285870
-1.25,0.9456108069806513,0.2237540598354161,82740,287041
-1.2578125,0.9457708088092436,0.2230974949586447,82754,288178
-1.265625,0.9459193819357935,0.22243811980972344,82767,289323
-1.2734375,0.9460793837643858,0.22175759118123736,82781,290514
-1.28125,0.946193670784809,0.22106308726265844,82791,291722
-1.2890625,0.946342243911359,0.22039690820433108,82804,292900
-1.296875,0.9464451022297398,0.21972024558107944,82813,294089
-1.3046875,0.9466622475685437,0.21907373955636192,82832,295269
-1.3125,0.9469136790134745,0.2184328954340897,82854,296457
-1.3203125,0.9470622521400245,0.21777705360920652,82867,297646
-1.328125,0.9472908261808707,0.21715335160257584,82887,298811
-1.3359375,0.9473936844992514,0.21648612228269384,82896,300020
-1.34375,0.9476108298380553,0.21580533663706494,82915,301297
-1.3515625,0.947747974262563,0.21514501345191428,82927,302520
-1.359375,0.9479079760911553,0.21447023078414895,82941,303784
-1.3671875,0.9481479788340438,0.2138537601369291,82962,304976
-1.375,0.9483422667687631,0.21319250502927642,82979,306242
-1.3828125,0.9484908398953131,0.21252535185298999,82992,307512
-1.390625,0.9487308426382016,0.21190408119505397,83013,308735
-1.3984375,0.9488679870627093,0.21120687462159562,83025,310073
-1.40625,0.9490737036994709,0.21053605654656268,83043,311393
-1.4140625,0.9492451342301055,0.20985371030091715,83058,312732
-1.421875,0.9494965656750363,0.2092010172991212,83080,314050
-1.4296875,0.9496679962056709,0.20851892467020158,83095,315406
-1.4375,0.9498051406301786,0.20787039584594375,83107,316695
-1.4453125,0.9499308563526441,0.20721583175025804,83118,318000
-1.453125,0.9501594303934902,0.20658483252161813,83138,319302
-1.4609375,0.9503537183282095,0.20591789533115748,83155,320671
-1.46875,0.950593721071098,0.20530440470460465,83176,321959
-1.4765625,0.9507537228996903,0.2046383713550558,83190,323332
-1.484375,0.9509480108344095,0.2039527222456443,83207,324765
-1.4921875,0.9510851552589172,0.2032870260670743,83219,326148
-1.5,0.951188013577298,0.20264765536166038,83228,327475
-1.5078125,0.9513023005977211,0.2019962288601402,83238,328839
-1.515625,0.9514508737242712,0.20131500038690706,83251,330285
-1.5234375,0.9516908764671597,0.2006670265268353,83272,331704
-1.53125,0.9518280208916673,0.2000235367016435,83284,333087
-1.5390625,0.9520223088263866,0.1993614765495801,83301,334538
-1.546875,0.9521823106549789,0.19872722979274549,83315,335928
-1.5546875,0.9522851689733597,0.1981088785702228,83324,337273
-1.5625,0.9524337420999097,0.1974969547309499,83337,338629
-1.5703125,0.9525708865244175,0.1968354804047751,83349,340096
-1.578125,0.9527537457570944,0.19621388290010075,83365,341503
-1.5859375,0.9529023188836444,0.19558939785264057,83378,342913
-1.59375,0.9531194642224483,0.19495802641145105,83397,344372
-1.6015625,0.9532451799449136,0.19431915607410444,83408,345824
-1.609375,0.9534280391775906,0.19368948944765618,83424,347286
-1.6171875,0.9535194687939291,0.1930442790340382,83432,348759
-1.625,0.9536908993245637,0.1923938855970304,83447,350283
-1.6328125,0.9539651881735791,0.1917709711807087,83471,351793
-1.640625,0.9541251900021714,0.1911544828628409,83485,353256
-1.6484375,0.9542966205328061,0.19051791210621544,83500,354779
-1.65625,0.9543537640430176,0.18987773515574727,83505,356278
-1.6640625,0.9544451936593561,0.18921870503923127,83513,357844
-1.671875,0.9545366232756946,0.1885860729768786,83521,359359
-1.6796875,0.9546966251042869,0.1879327954933025,83535,360959
-1.6875,0.9548451982308369,0.18730215666053895,83548,362512
-1.6953125,0.9549366278471754,0.1866797739002212,83556,364034
-1.703125,0.9550280574635138,0.1860413341080974,83564,365605
-1.7109375,0.9551994879941486,0.18541672674997725,83579,367184
-1.71875,0.9554280620349946,0.18483290772615218,83599,368696
-1.7265625,0.9555652064595024,0.1842065838580474,83611,370287
-1.734375,0.955736636990137,0.1835888361759534,83626,371881
-1.7421875,0.9559309249248563,0.18296500296399673,83643,373510
-1.75,0.9561252128595755,0.1823277628126335,83660,375184
-1.7578125,0.9562852146881679,0.18171907101190554,83674,376784
-1.765625,0.9564566452188025,0.18110425358793691,83689,378415
-1.7734375,0.9566509331535218,0.18050395161029467,83706,380029
-1.78125,0.9567766488759871,0.17990656214004505,83717,381619
-1.7890625,0.9568680784923256,0.17929724474368364,83725,383237
-1.796875,0.9569823655127487,0.17871015383564684,83735,384817
-1.8046875,0.9571309386392988,0.1781057601310039,83748,386467
-1.8125,0.9572909404678911,0.1774784090042292,83762,388194
-1.8203125,0.9574280848923987,0.1768880424156301,83774,389825
-1.828125,0.9574966571046526,0.17626947474726223,83780,391515
-1.8359375,0.9577023737414142,0.1756697832376001,83798,393222
-1.84375,0.9578395181659219,0.17509772337442833,83810,394837
-1.8515625,0.9579995199945143,0.17452098544895056,83824,396485
-1.859375,0.9581480931210642,0.17392810686671328,83837,398184
-1.8671875,0.9582852375455719,0.17332947463075318,83849,399906
-1.875,0.9583995245659951,0.1727534165866682,83859,401567
-1.8828125,0.9585595263945874,0.17217255642570486,83873,403272
-1.890625,0.9587195282231797,0.1715634944657597,83887,405069
-1.8984375,0.9588795300517721,0.17094917429884168,83901,406894
-1.90625,0.9590738179864913,0.17034829667942822,83918,408708
-1.9140625,0.959210962410999,0.1697743758622224,83930,410432
-1.921875,0.9593938216436759,0.16921458116639657,83946,412146
-1.9296875,0.9595309660681837,0.16863641476387126,83958,413906
-1.9375,0.9597138253008606,0.16806228235199935,83974,415686
-1.9453125,0.9598281123212836,0.16746293179769814,83984,417524
-1.953125,0.9599081132355798,0.16688390391225735,83991,419299
-1.9609375,0.9600909724682568,0.16630307397494576,84007,421137
-1.96875,0.9602166881907221,0.16573395536004892,84018,422927
-1.9765625,0.9604681196356529,0.16518269552056922,84040,424730
-1.984375,0.9605938353581184,0.16459835932344122,84051,426592
-1.9921875,0.9607195510805838,0.16402181442132271,84062,428443
-2.0,0.9608909816112184,0.1631536664312161,84077,431247
-2.015625,0.9611195556520646,0.1619922872740021,84097,435045
-2.03125,0.9614624167133339,0.16089344660472696,84127,438747
-2.046875,0.961759562966434,0.15979833656146747,84153,442467
-2.0625,0.9619995657093224,0.15866618913875327,84174,446336
-2.078125,0.9622624258562955,0.15755662509917814,84197,450195
-2.09375,0.962502428599184,0.15644365516933914,84218,454110
-2.109375,0.9627767174481994,0.155357817960516,84242,458003
-2.125,0.962982434084961,0.1542584937370246,84260,461966
-2.140625,0.9632110081258072,0.15315978374449138,84280,465995
-2.15625,0.963428153464611,0.1520607817423883,84299,470078
-2.171875,0.9637481571217956,0.15101377850524528,84327,474079
-2.1875,0.9639767311626418,0.1499094468526783,84347,478306
-2.203125,0.9642738774157419,0.148849312410137,84373,482462
-2.21875,0.9646395958810958,0.14780434245848503,84405,486654
-2.234375,0.9649024560280689,0.14670908929778498,84428,491051
-2.25,0.965165316175042,0.1456461039912941,84451,495386
-2.265625,0.9654853198322266,0.14457140607966923,84479,499862
-2.28125,0.9657253225751151,0.143511497054193,84500,504303
-2.296875,0.9659538966159613,0.1424612832977124,84520,508764
-2.3125,0.9662167567629344,0.14137790910595943,84543,513450
-2.328125,0.966536760420119,0.14033326474668295,84571,518073
-2.34375,0.9668453353752614,0.13928164534037552,84598,522790
-2.359375,0.9671424816283615,0.1382571147094238,84624,527453
-2.375,0.9673939130732923,0.13723678151974422,84646,532142
-2.390625,0.9677024880284346,0.13621760582753245,84673,536928
-2.40625,0.9677710602406885,0.13516201117318435,84679,541821
-2.421875,0.9679996342815347,0.13415410639955905,84699,546657
-2.4375,0.9681824935142116,0.1331483940934703,84715,551530
-2.453125,0.9684453536611847,0.13214997520375033,84738,556488
-2.46875,0.9686967851061155,0.13112765763243103,84760,561633
-2.484375,0.9688910730408348,0.1301078899307847,84777,566813
-2.5,0.9691653618898501,0.12911157666518475,84801,572003
-2.515625,0.9694739368449925,0.12813006951178618,84828,577218
-2.53125,0.9696910821837964,0.12715332820805628,84847,582434
-2.546875,0.9698282266083041,0.12616937762050612,84859,587721
-2.5625,0.9700453719471079,0.12518491315165756,84878,593143
-2.578125,0.970193945073658,0.12420443671925066,84891,598587
-2.59375,0.9703996617104196,0.123227969348659,84909,604131
-2.609375,0.9707196653676042,0.12227695975399783,84937,609691
-2.625,0.9709596681104927,0.1213233351564631,84958,615303
-2.640625,0.9711082412370428,0.1203756435211551,84971,620911
-2.65625,0.9712568143635927,0.11942714766925662,84984,626613
-2.671875,0.9714396735962697,0.11846888031576834,85000,632488
-2.6875,0.9717139624452851,0.11755288040780718,85024,638259
-2.703125,0.9720339661024697,0.11663965024013077,85052,644134
-2.71875,0.9721368244208505,0.11570831400576494,85061,650072
-2.734375,0.9723196836535275,0.11478712093818978,85077,656095
-2.75,0.9725482576943737,0.11390248211761682,85097,662007
-2.765625,0.9727196882250083,0.11300938336911681,85112,668029
-2.78125,0.9729254048617698,0.11212040991843514,85130,674143
-2.796875,0.9731196927964891,0.1112134249717222,85147,680471
-2.8125,0.9733254094332506,0.11032578914709804,85165,686776
-2.828125,0.9735882695802238,0.10944732876210739,85188,693159
-2.84375,0.973782557514943,0.1085560597991576,85205,699689
-2.859375,0.9739768454496622,0.10765845203866618,85222,706374
-2.875,0.9742282768945931,0.10677428769335022,85244,713113
-2.890625,0.9743197065109316,0.10589494970573694,85252,719810
-2.90625,0.9745139944456508,0.10503630798036474,85269,726536
-2.921875,0.9747082823803701,0.10417068719968145,85286,733428
-2.9375,0.9748111406987509,0.10330673604247816,85295,740353
-2.953125,0.9749368564212162,0.10242156536689676,85306,747585
-2.96875,0.9750740008457239,0.10156239770015059,85318,754737
-2.984375,0.9752682887804432,0.10072437509811583,85335,761878
-3.0,0.9755425776294586,0.09988251731231439,85359,769235
-3.015625,0.9757254368621355,0.09903384724601806,85375,776704
-3.03125,0.9759311534988971,0.09819508616347718,85393,784233
-3.046875,0.9760682979234049,0.0973533743394265,85405,791863
-3.0625,0.9761597275397433,0.09651284589334806,85413,799578
-3.078125,0.976331158070378,0.09569984742333638,85428,807238
-3.09375,0.9763883015805895,0.0948766413760017,85433,815031
-3.109375,0.9766168756214356,0.09406720422709634,85453,822972
-3.125,0.9767883061520704,0.0932388014273605,85468,831189
-3.140625,0.9769483079806627,0.09243055976055985,85482,839342
-3.15625,0.977074023703128,0.09162372680818959,85493,847595
-3.171875,0.9771883107235512,0.09081417628590487,85503,856013
-3.1875,0.9773825986582704,0.09002958174984999,85520,864390
-3.203125,0.9775768865929896,0.08922651645543211,85537,873113
-3.21875,0.9777368884215819,0.08844107753157687,85551,881771
-3.234375,0.9779426050583435,0.08766408394213304,85569,890532
-3.25,0.9781483216951051,0.08689017890319005,85587,899415
-3.265625,0.9782740374175705,0.08611009674534456,85598,908455
-3.28125,0.9784226105441205,0.0853323897474745,85611,917654
-3.296875,0.9786740419890513,0.08457697192850074,85633,926853
-3.3125,0.9788683299237706,0.08380880437664939,85650,936319
-3.328125,0.9791083326666591,0.08304736756392062,85671,945921
-3.34375,0.9793940502177167,0.08230637649673496,85696,955487
-3.359375,0.9795311946422245,0.08155435513844392,85708,965223
-3.375,0.9796569103646899,0.08080866167341494,85719,975046
-3.390625,0.9797483399810284,0.08007603426212205,85727,984843
-3.40625,0.9799654853198322,0.07934426654254763,85746,994937
-3.421875,0.9801597732545515,0.0786101810189085,85763,1005228
-3.4375,0.9803312037851861,0.07787267729202299,85778,1015738
-3.453125,0.9805026343158207,0.07714739952484835,85793,1026273
-3.46875,0.9806512074423708,0.07642199089412821,85806,1036986
-3.484375,0.980879781483217,0.07571802257619134,85826,1047669
-3.5,0.9810169259077247,0.07500371357420595,85838,1058612
-3.515625,0.9812226425444862,0.0743129025361563,85856,1069475
-3.53125,0.9813940730751208,0.07360804664503111,85871,1080727
-3.546875,0.9815769323077979,0.07290526907304617,85887,1092176
-3.5625,0.9816912193282209,0.0722149406917239,85897,1103566
-3.578125,0.9817712202425171,0.07151318686716066,85904,1115329
-3.59375,0.9819769368792787,0.07084060246089512,85922,1126970
-3.609375,0.9821712248139979,0.07016488204341063,85939,1138876
-3.625,0.9823540840466748,0.06949351512436958,85955,1150923
-3.640625,0.9825255145773094,0.06882974226275876,85970,1163054
-3.65625,0.9827198025120287,0.0681746645259757,85987,1175288
-3.671875,0.9829255191487902,0.06752003893952598,86005,1187765
-3.6875,0.9831083783814673,0.06687668074103041,86021,1200242
-3.703125,0.9832340941039326,0.06621635766931229,86032,1213224
-3.71875,0.9833140950182288,0.0655625651994675,86039,1226280
-3.734375,0.9834740968468211,0.06491680302114758,86053,1239536
-3.75,0.9836226699733711,0.06426749423529553,86066,1253118
-3.765625,0.9837483856958366,0.06363102771239665,86077,1266675
-3.78125,0.9838741014183019,0.06300517285291474,86088,1280276
-3.796875,0.9840112458428096,0.06238253462918981,86100,1294094
-3.8125,0.9841941050754865,0.06176036696484473,86116,1308241
-3.828125,0.9843655356061212,0.06115872895274437,86131,1322188
-3.84375,0.9845141087326712,0.060543743881071574,86144,1336695
-3.859375,0.9846855392633058,0.0599406569477635,86159,1351246
-3.875,0.984948399410279,0.05934030371780615,86182,1366153
-3.890625,0.9851084012388713,0.05874383229288772,86196,1381124
-3.90625,0.9853026891735905,0.058145047996153026,86213,1396510
-3.921875,0.985394118789929,0.05754596215172149,86221,1412077
-3.9375,0.9854855484062675,0.05695363538550654,86229,1427792
-3.953125,0.9856684076389445,0.056373591967490325,86245,1443638
-3.96875,0.9857941233614098,0.05579366383308473,86256,1459726
-3.984375,0.9859426964879598,0.05522258602424138,86269,1475936
-4.0,0.9861255557206368,0.05436248122498765,86285,1500931
-4.03125,0.9865141315900753,0.05323345161755836,86319,1535199
-4.0625,0.9868455639493022,0.052108999948704486,86348,1570717
-4.09375,0.9870284231819793,0.05100899939933129,86364,1606749
-4.125,0.9873255694350792,0.04993295262756341,86390,1643730
-4.15625,0.9878055749208562,0.04887667675694383,86432,1681937
-4.1875,0.9881027211739563,0.04783551196690056,86458,1720944
-4.21875,0.9883198665127602,0.04681462217318763,86477,1760745
-4.25,0.9885141544474794,0.04580934575479443,86494,1801636
-4.28125,0.988719871084241,0.04480998797808603,86512,1844129
-4.3125,0.9891313043577641,0.04384543758808552,86548,1887386
-4.34375,0.9894855941210756,0.042881142876388154,86579,1932467
-4.375,0.9897598829700911,0.04194408456331957,86603,1978122
-4.40625,0.9900227431170642,0.041017768715960974,86626,2025288
-4.4375,0.9903198893701642,0.04010715978434742,86652,2073860
-4.46875,0.9905941782191796,0.039205114450022026,86676,2124158
-4.5,0.9907998948559412,0.03832573470478521,86694,2175337
-4.53125,0.9910170401947451,0.03745706797892179,86713,2228284
-4.5625,0.9912456142355912,0.03661005874375238,86733,2282370
-4.59375,0.9915427604886913,0.03577650888010731,86759,2338268
-4.625,0.9917713345295375,0.03495618141009012,86779,2395729
-4.65625,0.9919313363581298,0.03414937780559961,86793,2454776
-4.6875,0.9921827678030606,0.033358629765895924,86815,2515660
-4.71875,0.9924913427582029,0.03258762036671861,86842,2578035
-4.75,0.992639915884753,0.03182236193700378,86855,2642515
-4.78125,0.9928913473296838,0.03108089253324461,86877,2708313
-4.8125,0.9930856352644031,0.030352706031034554,86894,2775915
-4.84375,0.9932570657950377,0.02964143040391049,86909,2845102
-4.875,0.9934627824317992,0.02894715372025222,86927,2916028
-4.90625,0.9936227842603915,0.028267336872941504,86941,2988729
-4.9375,0.9937942147910261,0.027598972544805166,86956,3063741
-4.96875,0.9939199305134916,0.026939063019819187,86967,3141319
-5.0,0.9941485045543378,0.026298214930851056,86987,3220728
-5.03125,0.9942399341706762,0.02566655750376907,86995,3302435
-5.0625,0.9944342221053954,0.025045046082286096,87012,3387208
-5.09375,0.9946170813380725,0.024439161293185126,87028,3473978
-5.125,0.9947656544646225,0.02384155191819023,87041,3563770
-5.15625,0.9949142275911724,0.023259044961502103,87054,3655748
-5.1875,0.9951885164401879,0.022689425749962935,87078,3750745
-5.21875,0.9953142321626532,0.022131763905827235,87089,3847934
-5.25,0.9954285191830764,0.02158497490067328,87099,3948069
-5.28125,0.9954970913953303,0.021051346870513854,87105,4050635
-5.3125,0.9957028080320918,0.02052826415139686,87123,4156928
-5.34375,0.9958399524565995,0.020019666993684047,87135,4265335
-5.375,0.9960342403913187,0.019520205917208006,87152,4377555
-5.40625,0.9961485274117419,0.019034233536999616,87162,4492061
-5.4375,0.9962628144321649,0.01856156594102127,87172,4609199
-5.46875,0.9964342449627995,0.018100159043571214,87187,4729732
-5.5,0.9965256745791381,0.017645983861498606,87195,4854156
-5.53125,0.9966399615995611,0.01720375675361628,87205,4981746
-5.5625,0.9966971051097727,0.01677163764339356,87210,5112640
-5.59375,0.9967771060240689,0.01634924630981144,87217,5247402
-5.625,0.9969142504485765,0.01593969926012853,87229,5385208
-5.65625,0.9970171087669574,0.01553992502045852,87238,5526560
-5.6875,0.9970628235751265,0.01514783735026574,87242,5672128
-5.71875,0.9971656818935074,0.014768150314181392,87251,5820801
-5.75,0.9972685402118882,0.014396605529213841,87260,5973891
-5.78125,0.997337112424142,0.014032667205357969,87266,6131509
-5.8125,0.9974628281466074,0.013678296962147679,87277,6293415
-5.84375,0.9975771151670305,0.013336020287214796,87287,6457919
-5.875,0.9976228299751997,0.01299915265974002,87291,6627839
-5.90625,0.997668544783369,0.012670276571839285,87295,6802452
-5.9375,0.997782831803792,0.012351025175408465,87305,6981339
-5.96875,0.997817117909919,0.012039279479983877,87308,7164621
-6.0,0.9979199762282998,0.011735390905297169,87317,7353168
-6.03125,0.9979999771425959,0.011440904969241857,87324,7545289
-6.0625,0.9980914067589344,0.011153544895470319,87332,7742645
-6.09375,0.9981256928650614,0.01087293069149399,87335,7944998
-6.125,0.9981599789711882,0.01060004369250188,87338,8152062
-6.15625,0.9982399798854844,0.010335237011141042,87345,8363840
-6.1875,0.9983314095018229,0.010076838590739939,87353,8581338
-6.21875,0.9983656956079499,0.009824809860529898,87356,8804012
-6.25,0.998411410416119,0.009578682694293973,87360,9032892
-6.28125,0.998445696522246,0.009339292344127849,87363,9266986
-6.3125,0.9984914113304152,0.009106401696056502,87367,9506653
-6.34375,0.9986171270528806,0.00887970117668388,87378,9752818
-6.375,0.9986514131590075,0.008659486582953969,87381,10003402
-6.40625,0.9986628418610498,0.008445642112653473,87382,10259019
-6.4375,0.9987199853712614,0.008238857573744266,87387,10519302
-6.46875,0.9987657001794307,0.00803842727150809,87391,10784263
-6.5,0.9988114149875998,0.007842386648371504,87395,11056534
-6.53125,0.9988571297957691,0.007651141762134136,87399,11335602
-6.5625,0.9989142733059806,0.007464802589775089,87404,11621412
-6.59375,0.998925702008023,0.00728246525175517,87405,11914712
-6.625,0.9989942742202768,0.007105633326526657,87411,12214237
-6.65625,0.9990285603264037,0.0069330267427622945,87414,12520932
-6.6875,0.9990514177304883,0.006764851529013851,87416,12834671
-6.71875,0.9990857038366153,0.0066016273325903456,87419,13154619
-6.75,0.9991199899427422,0.006443114905778049,87422,13480860
-6.78125,0.9991428473468268,0.006288333287418565,87424,13815147
-6.8125,0.9991771334529538,0.006138803654058153,87427,14154273
-6.84375,0.9992571343672499,0.005993458976571329,87434,14500803
-6.875,0.9992914204733768,0.005852605794131276,87437,14852404
-6.90625,0.999371421387673,0.005716364908616215,87444,15209690
-6.9375,0.9994171361958423,0.005582511178843299,87448,15577187
-6.96875,0.9994285648978846,0.005451994530112499,87449,15952369
-7.0,0.9994514223019692,0.0053243856265028505,87451,16337167
-7.03125,0.9994742797060537,0.005200002663832222,87453,16730423
-7.0625,0.9995085658121807,0.005078986321303031,87456,17131728
-7.09375,0.999519994514223,0.004961427351654559,87457,17539930
-7.125,0.9995428519183076,0.004846392911972351,87459,17958746
-7.15625,0.9995657093223923,0.004735000544091143,87461,18383709
-7.1875,0.9995999954285192,0.004626732935351638,87464,18816588
-7.21875,0.9995999954285192,0.0045210933267403304,87464,19258299
-7.25,0.9995999954285192,0.004418774354942001,87464,19706260
-7.28125,0.9996342815346461,0.0043195116073262855,87467,20161813
-7.3125,0.9996342815346461,0.00422286320234847,87467,20625257
-7.34375,0.9996914250448576,0.004129422108921817,87472,21095153
-7.375,0.9997028537468999,0.004038616287406649,87473,21571678
-7.40625,0.9997028537468999,0.003950074076589522,87473,22057175
-7.4375,0.9997142824489422,0.003864361503212504,87474,22548607
-7.46875,0.9997599972571115,0.003781005450598703,87478,23048696
-7.5,0.9997942833632384,0.003700250952651457,87481,23554429
-7.53125,0.9998057120652808,0.0036219560873119875,87482,24065765
-7.5625,0.9998171407673231,0.003546195886797051,87483,24582051
-7.59375,0.9998285694693654,0.0034727843097029395,87484,25103830
-7.625,0.9998285694693654,0.003401609313793249,87484,25630931
-7.65625,0.9998399981714077,0.0033326501816320062,87485,26163395
-7.6875,0.99985142687345,0.003265686594872776,87486,26701980
-7.71875,0.9998628555754923,0.0032009157369643185,87487,27244379
-7.75,0.9998742842775346,0.0031379931857829484,87488,27792751
-7.78125,0.999885712979577,0.003076718026770461,87489,28348331
-7.8125,0.9999085703836615,0.003017039960028902,87491,28911462
-7.84375,0.9999199990857038,0.002958733659829293,87492,29483267
-7.875,0.9999428564897884,0.0029019307023167152,87494,30062778
-7.90625,0.9999428564897884,0.0028465766624765436,87494,30649075
-7.9375,0.9999428564897884,0.002792912589279977,87494,31239659
-7.96875,0.9999542851918307,0.002740798980101383,87495,31835678
-8.0,0.9999771425959154,0.0026658854592746897,87497,32733493
-8.0625,0.9999771425959154,0.0025716094341977237,87497,33936721
-8.125,0.9999771425959154,0.0024833595722276404,87497,35145822
-8.1875,0.9999771425959154,0.0024007773407359566,87497,36357782
-8.25,0.9999771425959154,0.0023228951412632825,87497,37579722
-8.3125,0.9999771425959154,0.002249555530433943,87497,38807742
-8.375,0.9999885712979577,0.0021804146740128302,87498,40041566
-8.4375,0.9999885712979577,0.0021152589614812935,87498,41277650
-8.5,1.0,0.0020540539271612416,87499,42510701
-8.5625,1.0,0.0019963990026287287,87499,43740914
-8.625,1.0,0.001941783252480623,87499,44973658
-8.6875,1.0,0.0018898450102035518,87499,46212065
-8.75,1.0,0.0018403040360032363,87499,47458449
-8.8125,1.0,0.0017930922126139844,87499,48710326
-8.875,1.0,0.0017477882036810559,87499,49975203
-8.9375,1.0,0.001704162168600942,87499,51256793
-9.0,1.0,0.00166178817059949,87499,52566023
-9.0625,1.0,0.0016203950023706186,87499,53911063
-9.125,1.0,0.0015798113474253033,87499,55298228
-9.1875,1.0,0.0015396684899248046,87499,56742267
-9.25,1.0,0.0014996150144336595,87499,58260143
-9.3125,1.0,0.001459392336111203,87499,59868277
-9.375,1.0,0.0014187395783266455,87499,61586258
-9.4375,1.0,0.0013775179387159038,87499,63431819
-9.5,1.0,0.0013355229036400818,87499,65429161
-9.5625,1.0,0.0012926330581874562,87499,67603018
-9.625,1.0,0.001248688772611247,87499,69985206
-9.6875,1.0,0.0012037241863556924,87499,72602741
-9.75,1.0,0.001157797418069018,87499,75486171
-9.8125,1.0,0.001110868029248842,87499,78678833
-9.875,1.0,0.0010630777658291871,87499,82219744
-9.9375,1.0,0.0010142071294730987,87499,86185805
-10.0,1.0,0.0009644984457067699,87499,90632191
-10.0625,1.0,0.000913840188454173,87499,95661190
-10.125,1.0,0.0008621485474094155,87499,101401972
-10.1875,1.0,0.0008094505832542021,87499,108009279
-10.25,1.0,0.0007557223714438289,87499,115694438
-10.3125,1.0,0.0007006340722739771,87499,124797949
-10.375,1.0,0.0006434936157459789,87499,135887432
-10.4375,1.0,0.0005824535881531447,87499,150137346
-10.5,1.0,0.0005137863790162876,87499,170214797
-10.5625,1.0,0.0004566361294332001,87499,191528964
-10.625,1.0,0.00045130500304546675,87499,193792470
