aspect,azimuth_gap,azimuth_span,elevation_span,frame,ground_height_median,ground_height_p05,ground_rmse,ground_status,ground_support,height,instance,length,linearity,planarity,points,scattering,segment,sequence,shape_status,source_frame,source_sequence,unique_points,version,width
,,,,37,,,,fewer_than_20_ground_returns,0,,60001,,,,1,,0,000_00,fewer_than_10_distinct_returns,37,206,1,synthetic/pilot_v2_r2/train/000,
,,,,38,,,,fewer_than_20_ground_returns,0,,60001,,,,1,,0,000_00,fewer_than_10_distinct_returns,38,206,1,synthetic/pilot_v2_r2/train/000,
,,,,39,,,,fewer_than_20_ground_returns,0,,60001,,,,1,,0,000_00,fewer_than_10_distinct_returns,39,206,1,synthetic/pilot_v2_r2/train/000,
,,,,44,,,,fewer_than_20_ground_returns,0,,60001,,,,1,,0,000_00,fewer_than_10_distinct_returns,44,206,1,synthetic/pilot_v2_r2/train/000,
,,,,45,,,,fewer_than_20_ground_returns,0,,60001,,,,1,,0,000_00,fewer_than_10_distinct_returns,45,206,1,synthetic/pilot_v2_r2/train/000,
,,,,47,,,,fewer_than_20_ground_returns,0,,60001,,,,1,,0,000_00,fewer_than_10_distinct_returns,47,206,1,synthetic/pilot_v2_r2/train/000,
,,,,49,,,,fewer_than_20_ground_returns,0,,60001,,,,1,,0,000_00,fewer_than_10_distinct_returns,49,206,1,synthetic/pilot_v2_r2/train/000,
,,,,128,,,,fewer_than_20_ground_returns,0,,60001,,,,1,,0,000_00,fewer_than_10_distinct_returns,128,206,1,synthetic/pilot_v2_r2/train/000,
,,,,129,,,,fewer_than_20_ground_returns,0,,60001,,,,1,,0,000_00,fewer_than_10_distinct_returns,129,206,1,synthetic/pilot_v2_r2/train/000,
,,,,130,,,,fewer_than_20_ground_returns,0,,60001,,,,2,,0,000_00,fewer_than_10_distinct_returns,130,206,2,synthetic/pilot_v2_r2/train/000,
,,,,131,,,,fewer_than_20_ground_returns,0,,60001,,,,2,,0,000_00,fewer_than_10_distinct_returns,131,206,2,synthetic/pilot_v2_r2/train/000,
,,,,132,,,,fewer_than_20_ground_returns,0,,60001,,,,1,,0,000_00,fewer_than_10_distinct_returns,132,206,1,synthetic/pilot_v2_r2/train/000,
,,,,133,,,,fewer_than_20_ground_returns,0,,60001,,,,1,,0,000_00,fewer_than_10_distinct_returns,133,206,1,synthetic/pilot_v2_r2/train/000,
,,,,191,,,,fewer_than_20_ground_returns,0,,60001,,,,1,,0,000_00,fewer_than_10_distinct_returns,191,206,1,synthetic/pilot_v2_r2/train/000,
,,,,198,,,,fewer_than_20_ground_returns,0,,60001,,,,1,,0,000_00,fewer_than_10_distinct_returns,198,206,1,synthetic/pilot_v2_r2/train/000,
,,,,199,,,,fewer_than_20_ground_returns,0,,60001,,,,3,,0,000_00,fewer_than_10_distinct_returns,199,206,3,synthetic/pilot_v2_r2/train/000,
,,,,200,,,,fewer_than_20_ground_returns,0,,60001,,,,2,,0,000_00,fewer_than_10_distinct_returns,200,206,2,synthetic/pilot_v2_r2/train/000,
,,,,201,,,,fewer_than_20_ground_returns,0,,60001,,,,2,,0,000_00,fewer_than_10_distinct_returns,201,206,2,synthetic/pilot_v2_r2/train/000,
,,,,202,,,,fewer_than_20_ground_returns,0,,60001,,,,3,,0,000_00,fewer_than_10_distinct_returns,202,206,3,synthetic/pilot_v2_r2/train/000,
,,,,203,,,,fewer_than_20_ground_returns,0,,60001,,,,1,,0,000_00,fewer_than_10_distinct_returns,203,206,1,synthetic/pilot_v2_r2/train/000,
,,,,207,,,,fewer_than_20_ground_returns,0,,60001,,,,2,,0,000_00,fewer_than_10_distinct_returns,207,206,2,synthetic/pilot_v2_r2/train/000,
,,,,251,,,,fewer_than_20_ground_returns,0,,60001,,,,2,,0,000_00,fewer_than_10_distinct_returns,251,206,2,synthetic/pilot_v2_r2/train/000,
,,,,253,,,,fewer_than_20_ground_returns,0,,60001,,,,1,,0,000_00,fewer_than_10_distinct_returns,253,206,1,synthetic/pilot_v2_r2/train/000,
,,,,259,,,,fewer_than_20_ground_returns,0,,60001,,,,1,,0,000_00,fewer_than_10_distinct_returns,259,206,1,synthetic/pilot_v2_r2/train/000,
,,,,278,,,,fewer_than_20_ground_returns,1,,60001,,,,1,,0,000_00,fewer_than_10_distinct_returns,278,206,1,synthetic/pilot_v2_r2/train/000,
,,,,280,,,,fewer_than_20_ground_returns,2,,60001,,,,2,,0,000_00,fewer_than_10_distinct_returns,280,206,2,synthetic/pilot_v2_r2/train/000,
,,,,281,,,,fewer_than_20_ground_returns,0,,60001,,,,1,,0,000_00,fewer_than_10_distinct_returns,281,206,1,synthetic/pilot_v2_r2/train/000,
,,,,282,,,,fewer_than_20_ground_returns,1,,60001,,,,2,,0,000_00,fewer_than_10_distinct_returns,282,206,2,synthetic/pilot_v2_r2/train/000,
,,,,283,,,,fewer_than_20_ground_returns,1,,60001,,,,1,,0,000_00,fewer_than_10_distinct_returns,283,206,1,synthetic/pilot_v2_r2/train/000,
,,,,284,,,,fewer_than_20_ground_returns,0,,60001,,,,2,,0,000_00,fewer_than_10_distinct_returns,284,206,2,synthetic/pilot_v2_r2/train/000,
,,,,285,,,,fewer_than_20_ground_returns,0,,60001,,,,1,,0,000_00,fewer_than_10_distinct_returns,285,206,1,synthetic/pilot_v2_r2/train/000,
,,,,287,,,,fewer_than_20_ground_returns,0,,60001,,,,5,,0,000_00,fewer_than_10_distinct_returns,287,206,5,synthetic/pilot_v2_r2/train/000,
,,,,288,,,,fewer_than_20_ground_returns,0,,60001,,,,3,,0,000_00,fewer_than_10_distinct_returns,288,206,3,synthetic/pilot_v2_r2/train/000,
,,,,289,,,,fewer_than_20_ground_returns,0,,60001,,,,4,,0,000_00,fewer_than_10_distinct_returns,289,206,4,synthetic/pilot_v2_r2/train/000,
,,,,290,,,,fewer_than_20_ground_returns,0,,60001,,,,4,,0,000_00,fewer_than_10_distinct_returns,290,206,4,synthetic/pilot_v2_r2/train/000,
,,,,291,,,,fewer_than_20_ground_returns,0,,60001,,,,9,,0,000_00,fewer_than_10_distinct_returns,291,206,9,synthetic/pilot_v2_r2/train/000,
,,,,292,,,,fewer_than_20_ground_returns,0,,60001,,,,8,,0,000_00,fewer_than_10_distinct_returns,292,206,8,synthetic/pilot_v2_r2/train/000,
1.1965969016951243,0.006135923427055712,0.024543710875075675,0.012045582946120383,293,,,,fewer_than_20_ground_returns,1,0.28857743740081787,60001,0.4440450668334961,0.6180242316972847,0.3703632624216945,10,0.01161250588102088,0,000_00,reliable_visible_extent,293,206,10,synthetic/pilot_v2_r2/train/000,0.3710899353027344
,,,,294,,,,fewer_than_20_ground_returns,0,,60001,,,,7,,0,000_00,fewer_than_10_distinct_returns,294,206,7,synthetic/pilot_v2_r2/train/000,
,,,,295,,,,fewer_than_20_ground_returns,0,,60001,,,,6,,0,000_00,fewer_than_10_distinct_returns,295,206,6,synthetic/pilot_v2_r2/train/000,
,,,,296,,,,fewer_than_20_ground_returns,0,,60001,,,,2,,0,000_00,fewer_than_10_distinct_returns,296,206,2,synthetic/pilot_v2_r2/train/000,
,,,,297,,,,fewer_than_20_ground_returns,1,,60001,,,,3,,0,000_00,fewer_than_10_distinct_returns,297,206,3,synthetic/pilot_v2_r2/train/000,
,,,,299,,,,fewer_than_20_ground_returns,0,,60001,,,,2,,0,000_00,fewer_than_10_distinct_returns,299,206,2,synthetic/pilot_v2_r2/train/000,
,,,,300,,,,fewer_than_20_ground_returns,1,,60001,,,,1,,0,000_00,fewer_than_10_distinct_returns,300,206,1,synthetic/pilot_v2_r2/train/000,
,,,,301,,,,fewer_than_20_ground_returns,3,,60001,,,,1,,0,000_00,fewer_than_10_distinct_returns,301,206,1,synthetic/pilot_v2_r2/train/000,
,,,,302,,,,fewer_than_20_ground_returns,3,,60001,,,,1,,0,000_00,fewer_than_10_distinct_returns,302,206,1,synthetic/pilot_v2_r2/train/000,
,,,,303,,,,fewer_than_20_ground_returns,4,,60001,,,,1,,0,000_00,fewer_than_10_distinct_returns,303,206,1,synthetic/pilot_v2_r2/train/000,
,,,,304,,,,fewer_than_20_ground_returns,2,,60001,,,,2,,0,000_00,fewer_than_10_distinct_returns,304,206,2,synthetic/pilot_v2_r2/train/000,
,,,,305,,,,fewer_than_20_ground_returns,5,,60001,,,,1,,0,000_00,fewer_than_10_distinct_returns,305,206,1,synthetic/pilot_v2_r2/train/000,
,,,,306,,,,fewer_than_20_ground_returns,7,,60001,,,,1,,0,000_00,fewer_than_10_distinct_returns,306,206,1,synthetic/pilot_v2_r2/train/000,
,,,,308,,,,fewer_than_20_ground_returns,8,,60001,,,,1,,0,000_00,fewer_than_10_distinct_returns,308,206,1,synthetic/pilot_v2_r2/train/000,
,,,,309,,,,fewer_than_20_ground_returns,15,,60001,,,,1,,0,000_00,fewer_than_10_distinct_returns,309,206,1,synthetic/pilot_v2_r2/train/000,
,,,,310,,,0.006342837828756545,plane_fit_or_spatial_support_unreliable,21,,60001,,,,2,,0,000_00,fewer_than_10_distinct_returns,310,206,2,synthetic/pilot_v2_r2/train/000,
,,,,311,,,0.0032749284877036594,plane_fit_or_spatial_support_unreliable,21,,60001,,,,3,,0,000_00,fewer_than_10_distinct_returns,311,206,3,synthetic/pilot_v2_r2/train/000,
,,,,312,,,0.0035600716867491143,plane_fit_or_spatial_support_unreliable,27,,60001,,,,2,,0,000_00,fewer_than_10_distinct_returns,312,206,2,synthetic/pilot_v2_r2/train/000,
,,,,313,,,0.003793582946926866,plane_fit_or_spatial_support_unreliable,23,,60001,,,,5,,0,000_00,fewer_than_10_distinct_returns,313,206,5,synthetic/pilot_v2_r2/train/000,
,,,,314,,,0.004455150480617349,plane_fit_or_spatial_support_unreliable,20,,60001,,,,5,,0,000_00,fewer_than_10_distinct_returns,314,206,5,synthetic/pilot_v2_r2/train/000,
,,,,315,,,,fewer_than_20_ground_returns,18,,60001,,,,3,,0,000_00,fewer_than_10_distinct_returns,315,206,3,synthetic/pilot_v2_r2/train/000,
1.0611585059426862,0.005988939589163689,0.01869865676421245,0.01240379227470282,316,,,,fewer_than_20_ground_returns,19,0.27337825298309326,60001,0.3342857360839844,0.5988987373683883,0.32051768704116906,10,0.0805835755904426,0,000_00,reliable_visible_extent,316,206,10,synthetic/pilot_v2_r2/train/000,0.3150196075439453
,,,,317,0.2017991025740229,0.06479089805772112,0.0037026939054991,local_plane_proxy,24,,60001,,,,5,,0,000_00,fewer_than_10_distinct_returns,317,206,5,synthetic/pilot_v2_r2/train/000,
,,,,318,,,0.003331050369716182,plane_fit_or_spatial_support_unreliable,27,,60001,,,,7,,0,000_00,fewer_than_10_distinct_returns,318,206,7,synthetic/pilot_v2_r2/train/000,
,,,,319,0.23344350569043648,0.09740320445341069,0.004348846636455602,local_plane_proxy,23,,60001,,,,9,,0,000_00,fewer_than_10_distinct_returns,319,206,9,synthetic/pilot_v2_r2/train/000,
,,,,320,0.15933928605062952,0.08522747515991122,0.004173696213630969,local_plane_proxy,27,,60001,,,,8,,0,000_00,fewer_than_10_distinct_returns,320,206,8,synthetic/pilot_v2_r2/train/000,
,,,,321,0.2300080257280246,0.10191932662493644,0.004210330595613345,local_plane_proxy,28,,60001,,,,9,,0,000_00,fewer_than_10_distinct_returns,321,206,9,synthetic/pilot_v2_r2/train/000,
1.0221680816062615,0.011489129347326266,0.03759829252832336,0.012397941999334652,322,0.20619910932045948,0.08118558426033015,0.0057322491309786455,local_plane_proxy,31,0.2588161826133728,60001,0.5457592010498047,0.8596872857954241,0.11717879144810608,12,0.023133922756469784,0,000_00,reliable_visible_extent,322,206,12,synthetic/pilot_v2_r2/train/000,0.5339231491088867
,,,,323,0.2449425471540232,0.11979768654486884,0.00474368137123098,local_plane_proxy,33,,60001,,,,9,,0,000_00,fewer_than_10_distinct_returns,323,206,9,synthetic/pilot_v2_r2/train/000,
1.1229387767419141,0.011461061199206424,0.036815521780928506,0.012052160287237192,324,0.1875452685287724,0.10951171326050431,0.0049487710952493035,local_plane_proxy,38,0.24999958276748657,60001,0.5678081512451172,0.8420045474001131,0.1283102774686668,12,0.029685175131220046,0,000_00,reliable_visible_extent,324,206,12,synthetic/pilot_v2_r2/train/000,0.5056447982788086
1.093044850961092,0.005673108733911469,0.019190476779869847,0.01240111219173045,325,0.1843330951189499,0.0514741416682023,0.005207853317964532,local_plane_proxy,36,0.2569160461425781,60001,0.30309391021728516,0.4282290458230994,0.49380570269281704,11,0.07796525148408355,0,000_00,reliable_visible_extent,325,206,11,synthetic/pilot_v2_r2/train/000,0.27729320526123047
1.0746504377695223,0.011489144820586605,0.03681553698514062,0.018495897720243785,326,0.1589122526279838,0.028028961982760437,0.004525775048782249,local_plane_proxy,39,0.3733775019645691,60001,0.5489902496337891,0.752495174409092,0.2289028492713917,15,0.018601976319516274,0,000_00,reliable_visible_extent,326,206,15,synthetic/pilot_v2_r2/train/000,0.5108547210693359
,,,,327,0.2372180361514893,0.11915994267344274,0.004283713197678007,local_plane_proxy,39,,60001,,,,9,,0,000_00,fewer_than_10_distinct_returns,327,206,9,synthetic/pilot_v2_r2/train/000,
1.138338081212882,0.012124840074936749,0.0368155536236392,0.012402371900298324,328,0.2256999801098738,0.10244261429731283,0.004884553886258774,local_plane_proxy,40,0.2568514347076416,60001,0.562098503112793,0.8300015806591337,0.1364110529925636,11,0.03358736634830278,0,000_00,reliable_visible_extent,328,206,11,synthetic/pilot_v2_r2/train/000,0.4937887191772461
,,,,329,0.23171073063096181,0.11856071192382119,0.004234661971095332,local_plane_proxy,48,,60001,,,,8,,0,000_00,fewer_than_10_distinct_returns,329,206,8,synthetic/pilot_v2_r2/train/000,
1.125635822633921,0.011652760139218787,0.03129874387912679,0.011875676496138077,330,0.24153588683953686,0.11554268546129794,0.005597953526652275,local_plane_proxy,44,0.2429029941558838,60001,0.471893310546875,0.8006710496477505,0.11229624425206536,10,0.0870327061001842,0,000_00,reliable_visible_extent,330,206,10,synthetic/pilot_v2_r2/train/000,0.4192237854003906
1.1863089184187272,0.011652754101925678,0.0361964394000891,0.01780034355839176,331,0.18511393246442476,0.06291616352077538,0.004806919140264999,local_plane_proxy,52,0.3542015552520752,60001,0.5428409576416016,0.6423933295544727,0.3237159573209353,14,0.03389071312459202,0,000_00,reliable_visible_extent,331,206,14,synthetic/pilot_v2_r2/train/000,0.45758819580078125
1.1687888625983602,0.011652784167846209,0.03129870627600706,0.012216130110926038,332,0.19036936707805963,0.06659034129846983,0.0039740906666082465,local_plane_proxy,55,0.24271857738494873,60001,0.5064105987548828,0.8013906553964159,0.18668667058879784,14,0.011922674014786267,0,000_00,reliable_visible_extent,332,206,14,synthetic/pilot_v2_r2/train/000,0.43327808380126953
1.104471871890128,0.011652772033797665,0.0368155536697401,0.01779597600102205,333,0.19223249482817972,0.07090594257439944,0.0040659749701966825,local_plane_proxy,48,0.3481985330581665,60001,0.5313320159912109,0.7753381161690721,0.2172705706974528,14,0.0073913131334750306,0,000_00,reliable_visible_extent,333,206,14,synthetic/pilot_v2_r2/train/000,0.48107337951660156
1.2286009199054595,0.011652743310007985,0.031298709078456,0.012213958182269016,334,0.20716068589475478,0.08191503169579124,0.004265772737610855,local_plane_proxy,65,0.23862767219543457,60001,0.4778928756713867,0.7968544642426456,0.19536663052798278,13,0.007778905229371609,0,000_00,reliable_visible_extent,334,206,13,synthetic/pilot_v2_r2/train/000,0.3889732360839844
1.0871960949229282,0.012124310489958767,0.03681555762277533,0.012227988251979557,335,0.22968415407329612,0.11677863841652969,0.004635695314218361,local_plane_proxy,58,0.2473231554031372,60001,0.527618408203125,0.8493272801244308,0.09452046313868044,11,0.05615225673688875,0,000_00,reliable_visible_extent,335,206,11,synthetic/pilot_v2_r2/train/000,0.4853019714355469
1.1599329895785742,0.012124298920699661,0.036963019580920076,0.018673140585095338,336,0.17516385489536002,0.039059348215776765,0.005606839862003581,local_plane_proxy,73,0.36340951919555664,60001,0.5592861175537109,0.7694131281643924,0.2216747556152845,15,0.008912116220322992,0,000_00,reliable_visible_extent,336,206,15,synthetic/pilot_v2_r2/train/000,0.48217105865478516
1.078232935316371,0.012124361307485731,0.04295149282482402,0.018657590610176036,337,0.20231477857205582,0.0665248477915816,0.006201053578765182,local_plane_proxy,61,0.3508181571960449,60001,0.5982561111450195,0.7863738537144247,0.1990364644971775,15,0.014589681788397781,0,000_00,reliable_visible_extent,337,206,15,synthetic/pilot_v2_r2/train/000,0.5548486709594727
1.0172393105752529,0.012124323674955306,0.03684065736405717,0.012399564774476346,338,0.2131305351152054,0.08063543504660836,0.005326351589931578,local_plane_proxy,79,0.2457672357559204,60001,0.5255374908447266,0.8353319518779271,0.1450718400488042,16,0.01959620807326873,0,000_00,reliable_visible_extent,338,206,16,synthetic/pilot_v2_r2/train/000,0.5166311264038086
1.1907793652755947,0.012124353103352026,0.02456882946149186,0.012406667555704742,339,0.22080056108191126,0.09500503632685653,0.0044483970875751596,local_plane_proxy,62,0.24932610988616943,60001,0.38581180572509766,0.7274275530320827,0.2060411760481221,11,0.06653127091979517,0,000_00,reliable_visible_extent,339,206,11,synthetic/pilot_v2_r2/train/000,0.32399940490722656
1.0463063813124545,0.01224669387282229,0.03684067132923108,0.012401767313553677,340,0.2190736239947252,0.09288746336303527,0.005756133210913894,local_plane_proxy,71,0.2445824146270752,60001,0.5249443054199219,0.8508397965723253,0.12656274633412795,12,0.02259745709354671,0,000_00,reliable_visible_extent,340,206,12,synthetic/pilot_v2_r2/train/000,0.5017118453979492
1.1329826897203847,0.006258286234398613,0.03684064421874833,0.018663072520003293,341,0.2230445358922294,0.09376787341080894,0.005090601050296436,local_plane_proxy,71,0.34790849685668945,60001,0.5404891967773438,0.7586268202561318,0.1952972834257743,16,0.04607589631809382,0,000_00,reliable_visible_extent,341,206,16,synthetic/pilot_v2_r2/train/000,0.4770498275756836
1.1800337398516851,0.012124383368499525,0.02469122623775455,0.012389757554604072,342,0.21414218571591004,0.08609755824678186,0.004922734383665179,local_plane_proxy,67,0.23343658447265625,60001,0.38424110412597656,0.7309922194269663,0.26103293203384603,12,0.00797484853918762,0,000_00,reliable_visible_extent,342,206,12,synthetic/pilot_v2_r2/train/000,0.3256187438964844
1.132560224609933,0.012246735048360602,0.042976562624354564,0.018659899733656657,343,0.21507266904857336,0.09437279919863747,0.004718446698338776,local_plane_proxy,67,0.34243273735046387,60001,0.6047487258911133,0.8237987081245769,0.1256390519736534,14,0.05056223990176965,0,000_00,reliable_visible_extent,343,206,14,synthetic/pilot_v2_r2/train/000,0.533966064453125
1.1729562460687937,0.012124364891376804,0.0368155255827709,0.012387000589831526,344,0.21750611761420746,0.09277230973008495,0.005682254977384858,local_plane_proxy,73,0.2291872501373291,60001,0.5317497253417969,0.8688092159565495,0.12437206945964362,13,0.006818714583806888,0,000_00,reliable_visible_extent,344,206,13,synthetic/pilot_v2_r2/train/000,0.4533414840698242
1.1751882244238914,0.0062583063012116025,0.04297664869243967,0.01799206159390332,345,0.1671355755109909,0.009261042007850051,0.00493687091975754,local_plane_proxy,82,0.3456624746322632,60001,0.6125497817993164,0.82540435996875,0.14647931215041532,16,0.028116327880834756,0,000_00,reliable_visible_extent,345,206,16,synthetic/pilot_v2_r2/train/000,0.521235466003418
1.151858756805245,0.01224672189412368,0.03684064937894682,0.012399239024824149,346,0.2218522371293392,0.10175669939596932,0.005107925478743822,local_plane_proxy,74,0.23536312580108643,60001,0.5314731597900391,0.8601304605252345,0.12905406924788573,12,0.01081547022687976,0,000_00,reliable_visible_extent,346,206,12,synthetic/pilot_v2_r2/train/000,0.46140480041503906
1.2585675131118217,0.01212434920268668,0.036840683868456736,0.017972898888845082,347,0.22080903632314774,0.06712756309982934,0.004473144067475103,local_plane_proxy,69,0.3293302059173584,60001,0.5522184371948242,0.7984197319688937,0.19417473468541815,14,0.00740553334568823,0,000_00,reliable_visible_extent,347,206,14,synthetic/pilot_v2_r2/train/000,0.4387674331665039
1.1567128293902673,0.01224669676242518,0.03684066964353061,0.02425180753897413,348,0.22812217063381757,0.07612471431449336,0.004729733478746919,local_plane_proxy,75,0.440140962600708,60001,0.5276346206665039,0.676683363880836,0.29957698440346303,16,0.023739651715700926,0,000_00,reliable_visible_extent,348,206,16,synthetic/pilot_v2_r2/train/000,0.4561500549316406
1.0995682610423179,0.00611079931574432,0.036840653269628376,0.017992543901852398,349,0.22048891579891683,0.014683108912264388,0.004752497761577719,local_plane_proxy,78,0.3386298418045044,60001,0.5120019912719727,0.7434422631637756,0.2129340113717335,20,0.04362372546449091,0,000_00,reliable_visible_extent,349,206,20,synthetic/pilot_v2_r2/train/000,0.4656391143798828
1.2099418938074165,0.012246712682276728,0.036840676670301775,0.017978740834578788,350,0.1324180823257204,0.02497674421825029,0.005497960275909843,local_plane_proxy,76,0.3275015354156494,60001,0.5331954956054688,0.8036872655701334,0.18871967754799304,13,0.007593056881873501,0,000_00,reliable_visible_extent,350,206,13,synthetic/pilot_v2_r2/train/000,0.44067859649658203
1.2238073529300952,0.011772111658612916,0.0429765911548019,0.017988986896245465,351,0.15348247689652883,0.04279942408889661,0.004623106695730388,local_plane_proxy,69,0.3326195478439331,60001,0.6195459365844727,0.8389184707980643,0.14241933971523352,17,0.018662189486702202,0,000_00,reliable_visible_extent,351,206,17,synthetic/pilot_v2_r2/train/000,0.5062446594238281
1.1066772330487615,0.006110797119475375,0.031179374605461163,0.017977072735592292,352,0.17420972594258077,0.06167468355810315,0.00473582698216159,local_plane_proxy,73,0.3229339122772217,60001,0.43948841094970703,0.7184510128558317,0.2647847850720221,17,0.01676420207214628,0,000_00,reliable_visible_extent,352,206,17,synthetic/pilot_v2_r2/train/000,0.3971242904663086
1.1527980749366855,0.011797236618861118,0.04295148902125767,0.017968773756960307,353,0.1891145436491477,0.08799270800667584,0.004332832052633942,local_plane_proxy,79,0.31646645069122314,60001,0.5747499465942383,0.795460804292109,0.19977867501710742,17,0.004760520690783611,0,000_00,reliable_visible_extent,353,206,17,synthetic/pilot_v2_r2/train/000,0.4985694885253906
1.2763457829212694,0.011649726891772905,0.03731530242632264,0.01798771758337256,354,0.1919714660160926,0.08503611918771248,0.004770119878490996,local_plane_proxy,77,0.32669806480407715,60001,0.5345182418823242,0.8302258301115291,0.14159632943152906,16,0.028177840456941872,0,000_00,reliable_visible_extent,354,206,16,synthetic/pilot_v2_r2/train/000,0.41878795623779297
1.1760079644160537,0.011772115533669414,0.03117935699906127,0.017974282468484093,355,0.185250510215072,0.07762778022670247,0.0047776306298269984,local_plane_proxy,66,0.3152886629104614,60001,0.43822383880615234,0.7417214420947426,0.24213921316004525,16,0.016139344745212236,0,000_00,reliable_visible_extent,355,206,16,synthetic/pilot_v2_r2/train/000,0.3726367950439453
1.1863126659501833,0.011772145438352921,0.04295148077723265,0.01797026627061797,356,0.1867285312569893,0.08560916093416199,0.004570555902669135,local_plane_proxy,67,0.31143414974212646,60001,0.5726652145385742,0.8110412683092416,0.18383160643766738,16,0.005127125253090947,0,000_00,reliable_visible_extent,356,206,16,synthetic/pilot_v2_r2/train/000,0.48272705078125
1.2204220293906392,0.011772148513432112,0.04345120565901084,0.018348908504185885,357,0.1624000614514176,0.0056032408323057675,0.00404509816127859,local_plane_proxy,69,0.3335617780685425,60001,0.5995521545410156,0.7792737039201891,0.19196142808809236,18,0.028764867991718544,0,000_00,reliable_visible_extent,357,206,18,synthetic/pilot_v2_r2/train/000,0.49126625061035156
1.3266101194415876,0.011472460270402385,0.043451194100553536,0.0183465740662358,358,0.15718131459364748,0.03943440747734907,0.0041151997009338855,local_plane_proxy,71,0.32990944385528564,60001,0.6212348937988281,0.8504842110138495,0.1340190988693769,20,0.015496690116773612,0,000_00,reliable_visible_extent,358,206,20,synthetic/pilot_v2_r2/train/000,0.46828746795654297
1.2780787013142239,0.0056362363774408175,0.03147899208740412,0.018341601778976896,359,0.18127186848720767,0.06701137687776701,0.003523371110811534,local_plane_proxy,72,0.32424497604370117,60001,0.4486980438232422,0.7019549089444622,0.21346849857942862,19,0.08457659247610916,0,000_00,reliable_visible_extent,359,206,19,synthetic/pilot_v2_r2/train/000,0.3510723114013672
1.224719730157175,0.011472515104897885,0.04375080936354436,0.018305729780751442,360,0.21000127689697146,0.09890585009338575,0.0046780940425758385,local_plane_proxy,73,0.3004744052886963,60001,0.5841588973999023,0.835091932585993,0.14384670390076132,19,0.021061363513245748,0,000_00,reliable_visible_extent,360,206,19,synthetic/pilot_v2_r2/train/000,0.4769735336303711
1.2841673949285304,0.011472506005647087,0.03761486692796723,0.024244321377255545,361,0.22728438716838262,0.030769029861247466,0.004122581390302835,local_plane_proxy,66,0.40101850032806396,60001,0.5311193466186523,0.7227915384138914,0.26696429495747737,20,0.01024416662863109,0,000_00,reliable_visible_extent,361,206,20,synthetic/pilot_v2_r2/train/000,0.4135904312133789
1.2339831560459893,0.011472528866904641,0.0490873751055636,0.017820135030684234,362,0.1527613898058322,0.05336112435082304,0.0037031166707742745,local_plane_proxy,64,0.30989646911621094,60001,0.6512899398803711,0.8523581230890928,0.11886309797229662,18,0.028778778938610566,0,000_00,reliable_visible_extent,362,206,18,synthetic/pilot_v2_r2/train/000,0.5277948379516602
1.2589364467264632,0.0058120321057534285,0.042951486450494514,0.01780219881712458,363,0.16863906329250455,0.07165480107763685,0.003433816716402228,local_plane_proxy,73,0.29683244228363037,60001,0.563532829284668,0.8500089329412891,0.1474234134920867,19,0.002567653566624151,0,000_00,reliable_visible_extent,363,206,19,synthetic/pilot_v2_r2/train/000,0.44762611389160156
1.3620659508964834,0.006611338256944044,0.04295144614035973,0.01782858827058577,364,,,0.0038345225493859603,plane_fit_or_spatial_support_unreliable,72,0.31065523624420166,60001,0.5869007110595703,0.8408564259469478,0.14611676974983084,17,0.013026804303221446,0,000_00,reliable_visible_extent,364,206,17,synthetic/pilot_v2_r2/train/000,0.4308900833129883
1.4385212107445056,0.011472513909357995,0.042951485342486606,0.024096572059857352,365,,,0.00335940355279557,plane_fit_or_spatial_support_unreliable,69,0.4006524085998535,60001,0.6039361953735352,0.8117650550095573,0.15214078828565827,18,0.036094156704784476,0,000_00,reliable_visible_extent,365,206,18,synthetic/pilot_v2_r2/train/000,0.4198312759399414
1.4907816145644246,0.006135881103103591,0.042951455479739664,0.024090822075987242,366,0.2267149354538034,0.11903787990772192,0.0037366913101351943,local_plane_proxy,68,0.3931396007537842,60001,0.6148242950439453,0.8419437227495973,0.1220077998711099,19,0.036048477379292766,0,000_00,reliable_visible_extent,366,206,19,synthetic/pilot_v2_r2/train/000,0.4124174118041992
1.5126078626071633,0.011947881750568268,0.042951462847950594,0.012243329732226055,367,0.20854541815115446,0.06689900612790638,0.005447538097897618,local_plane_proxy,69,0.21385467052459717,60001,0.6188735961914062,0.9178917146810072,0.08038926525265153,14,0.0017190200663413484,0,000_00,reliable_visible_extent,367,206,14,synthetic/pilot_v2_r2/train/000,0.40914344787597656
1.541012953739739,0.011947879732999267,0.036815577564611957,0.012248473023655906,368,,,0.004482268507234735,plane_fit_or_spatial_support_unreliable,67,0.21550440788269043,60001,0.5426397323608398,0.9115702027390985,0.08734555816923491,12,0.001084239091666598,0,000_00,reliable_visible_extent,368,206,12,synthetic/pilot_v2_r2/train/000,0.35213184356689453
1.266990791443021,0.012398164421314806,0.04307777123053569,0.01851390219950111,369,,,0.0036642254071734565,plane_fit_or_spatial_support_unreliable,57,0.3005404472351074,60001,0.5687494277954102,0.8280072769039036,0.16075194143666052,13,0.011240781659435869,0,000_00,reliable_visible_extent,369,206,13,synthetic/pilot_v2_r2/train/000,0.4488978385925293
1.2559460459619098,0.018731697274512404,0.04928501376095884,0.018531535609639438,370,,,0.003298398381378603,plane_fit_or_spatial_support_unreliable,57,0.3086206912994385,60001,0.6262979507446289,0.9045576654710316,0.06438606796608816,12,0.031056266562880196,0,000_00,reliable_visible_extent,370,206,12,synthetic/pilot_v2_r2/train/000,0.49866628646850586
1.329495418908063,0.011796478456381543,0.03713943966336686,0.01848114997762798,371,,,0.0030182275392918326,plane_fit_or_spatial_support_unreliable,46,0.27244818210601807,60001,0.49873828887939453,0.9144630855013727,0.08122753097618553,10,0.004309383522441812,0,000_00,reliable_visible_extent,371,206,10,synthetic/pilot_v2_r2/train/000,0.3751335144042969
,,,,372,,,0.002957309145957595,plane_fit_or_spatial_support_unreliable,44,,60001,,,,9,,0,000_00,fewer_than_10_distinct_returns,372,206,9,synthetic/pilot_v2_r2/train/000,
,,,,373,,,0.003682342826081657,plane_fit_or_spatial_support_unreliable,38,,60001,,,,9,,0,000_00,fewer_than_10_distinct_returns,373,206,9,synthetic/pilot_v2_r2/train/000,
1.3082914496690827,0.012074231388259138,0.03681556581156897,0.012058798506551657,374,,,0.0027646595185132237,plane_fit_or_spatial_support_unreliable,37,0.18958771228790283,60001,0.47327709197998047,0.8469579143994881,0.12556066698206156,12,0.027481418618450333,0,000_00,reliable_visible_extent,374,206,12,synthetic/pilot_v2_r2/train/000,0.3617520332336426
1.3239967430499011,0.011465654741323217,0.042449800679513316,0.01802045968452129,375,,,0.0030784786010267435,plane_fit_or_spatial_support_unreliable,30,0.2937488555908203,60001,0.542755126953125,0.8501143520671842,0.12577468140168876,16,0.024110966531127022,0,000_00,reliable_visible_extent,375,206,16,synthetic/pilot_v2_r2/train/000,0.40993690490722656
1.3661205286963627,0.006135944301660201,0.04325601279942237,0.018029422329874062,376,,,0.0034109367315150684,plane_fit_or_spatial_support_unreliable,27,0.297210693359375,60001,0.5739212036132812,0.8833652375027307,0.0891832037421669,18,0.027451558755102405,0,000_00,reliable_visible_extent,376,206,18,synthetic/pilot_v2_r2/train/000,0.42011022567749023
1.4887265833921972,0.012576404303231037,0.036815536648146185,0.011739194520598822,377,,,0.005868788312412312,plane_fit_or_spatial_support_unreliable,23,0.19912445545196533,60001,0.5115318298339844,0.921226757876537,0.07675470198992286,10,0.002018540133540193,0,000_00,reliable_visible_extent,377,206,10,synthetic/pilot_v2_r2/train/000,0.34360361099243164
1.3890687867766998,0.011791851878693693,0.031005815660257063,0.017927455580445048,378,,,0.005480569515752604,plane_fit_or_spatial_support_unreliable,22,0.230260968208313,60001,0.4385509490966797,0.8690662999625192,0.11585683116870434,10,0.015076868868776587,0,000_00,reliable_visible_extent,378,206,10,synthetic/pilot_v2_r2/train/000,0.3157157897949219
,,,,379,,,,fewer_than_20_ground_returns,14,,60001,,,,7,,0,000_00,fewer_than_10_distinct_returns,379,206,7,synthetic/pilot_v2_r2/train/000,
,,,,380,,,,fewer_than_20_ground_returns,1,,60001,,,,1,,0,000_00,fewer_than_10_distinct_returns,380,206,1,synthetic/pilot_v2_r2/train/000,
,,,,388,,,,fewer_than_20_ground_returns,13,,60001,,,,1,,0,000_00,fewer_than_10_distinct_returns,388,206,1,synthetic/pilot_v2_r2/train/000,
,,,,389,,,0.005849957264673034,plane_fit_or_spatial_support_unreliable,31,,60001,,,,2,,0,000_00,fewer_than_10_distinct_returns,389,206,2,synthetic/pilot_v2_r2/train/000,
,,,,390,,,0.004231535800906785,plane_fit_or_spatial_support_unreliable,39,,60001,,,,5,,0,000_00,fewer_than_10_distinct_returns,390,206,5,synthetic/pilot_v2_r2/train/000,
,,,,391,,,0.004385460795466422,plane_fit_or_spatial_support_unreliable,63,,60001,,,,1,,0,000_00,fewer_than_10_distinct_returns,391,206,1,synthetic/pilot_v2_r2/train/000,
,,,,394,,,0.005490878260905638,plane_fit_or_spatial_support_unreliable,97,,60001,,,,4,,0,000_00,fewer_than_10_distinct_returns,394,206,4,synthetic/pilot_v2_r2/train/000,
,,,,395,,,0.005219010368123339,plane_fit_or_spatial_support_unreliable,115,,60001,,,,6,,0,000_00,fewer_than_10_distinct_returns,395,206,6,synthetic/pilot_v2_r2/train/000,
1.1568431698883799,0.012271864338410765,0.02535521600753121,0.02386678408474481,396,,,0.005481755188660014,plane_fit_or_spatial_support_unreliable,141,0.30133581161499023,60001,0.4435558319091797,0.7365020967788022,0.23780912224621617,13,0.025688780974981652,0,000_00,reliable_visible_extent,396,206,13,synthetic/pilot_v2_r2/train/000,0.3834191560745239
1.0069185801569296,0.00563050671859977,0.03149115022165638,0.023956897883485956,397,0.17926277010531422,0.07095957382077289,0.004964326427040892,local_plane_proxy,136,0.3582082986831665,60001,0.48549163341522217,0.6767143303770488,0.23453719404330137,23,0.08874847557964978,0,000_00,reliable_visible_extent,397,206,23,synthetic/pilot_v2_r2/train/000,0.48215579986572266
1.0446647199584667,0.011766413405074783,0.03118507163761297,0.023949574739213428,398,0.1914992072259647,0.07594138130344641,0.0049087189035768785,local_plane_proxy,141,0.3570675849914551,60001,0.5008537769317627,0.6954039775329233,0.23288804729704365,19,0.07170797517003306,0,000_00,reliable_visible_extent,398,206,19,synthetic/pilot_v2_r2/train/000,0.47943973541259766
1.0080676132373596,0.006135930839441084,0.03149114040672352,0.0239588305539256,399,0.19727610014175334,0.06694414889654784,0.006041845064573219,local_plane_proxy,144,0.3630795478820801,60001,0.5256915092468262,0.7461500413183638,0.17448301927719756,18,0.07936693940443863,0,000_00,reliable_visible_extent,399,206,18,synthetic/pilot_v2_r2/train/000,0.521484375
1.1077066068014876,0.005630497536872836,0.025355226754552262,0.023934311490526383,400,0.19740545737279436,0.06659484443125378,0.005258233358589306,local_plane_proxy,147,0.3505542278289795,60001,0.5103273391723633,0.7630988933025321,0.1843065745578148,18,0.05259453213965314,0,000_00,reliable_visible_extent,400,206,18,synthetic/pilot_v2_r2/train/000,0.4607062339782715
1.001107358210186,0.0061359341883786556,0.03149117189820316,0.023896347490310013,401,0.1626841711209277,0.061827142141997006,0.005387364983730206,local_plane_proxy,153,0.32803094387054443,60001,0.5673074722290039,0.8390638881339477,0.1079884514821903,17,0.05294766038386199,0,000_00,reliable_visible_extent,401,206,17,synthetic/pilot_v2_r2/train/000,0.5666799545288086
1.112667644747376,0.006135938037564959,0.031185064012598573,0.02392238984752748,402,0.18136970513754136,0.06014757283174075,0.005778352099816121,local_plane_proxy,153,0.34663259983062744,60001,0.5778915882110596,0.7424509337618165,0.14175384612511494,18,0.1157952201130686,0,000_00,reliable_visible_extent,402,206,18,synthetic/pilot_v2_r2/train/000,0.5193748474121094
1.074068183455609,0.011766389843878455,0.02535523798869832,0.0296727490026142,403,0.20100071179183443,0.045517844280730115,0.0048607900653509966,local_plane_proxy,155,0.4223381280899048,60001,0.5651378631591797,0.6704892298479133,0.2954812424299629,17,0.03402952772212381,0,000_00,reliable_visible_extent,403,206,17,synthetic/pilot_v2_r2/train/000,0.5261657238006592
1.0925656555570935,0.005809778525644793,0.019219340498949578,0.02966439147851367,404,0.21269726637852981,0.04735844808087593,0.0056209707972590004,local_plane_proxy,149,0.4186767339706421,60001,0.45915794372558594,0.5534038165275852,0.410535557887686,18,0.03606062558472886,0,000_00,reliable_visible_extent,404,206,18,synthetic/pilot_v2_r2/train/000,0.4202566146850586
1.017978456164015,0.005630470081579242,0.019219302358168378,0.023940596900718883,405,0.22180972759453566,0.059957639042907095,0.005431115848569686,local_plane_proxy,139,0.3603097200393677,60001,0.38433837890625,0.48019044984888487,0.41607528057677023,18,0.10373426957434487,0,000_00,reliable_visible_extent,405,206,18,synthetic/pilot_v2_r2/train/000,0.3775506019592285
1.1278117015652218,0.006135925228848205,0.025355263179735132,0.02393340348765434,406,0.21724734072729923,0.0812930504509894,0.005240627443210189,local_plane_proxy,135,0.360090970993042,60001,0.5106320381164551,0.7167866174865504,0.1290302973430457,17,0.15418308517040388,0,000_00,reliable_visible_extent,406,206,17,synthetic/pilot_v2_r2/train/000,0.45276355743408203
1.0274119167033027,0.00532439055645062,0.01891323508892384,0.030148022983395945,407,0.2114306693104504,0.032768415385470616,0.005259462663679712,local_plane_proxy,138,0.4028369188308716,60001,0.4368295669555664,0.5772679577013476,0.3299518464885363,18,0.09278019581011601,0,000_00,reliable_visible_extent,407,206,18,synthetic/pilot_v2_r2/train/000,0.4251747131347656
1.1235977057601239,0.006130540917790528,0.025049122879235775,0.030137785919287383,408,0.20580214938344454,0.04555402983206802,0.006082938752672596,local_plane_proxy,140,0.3953263759613037,60001,0.5636472702026367,0.772867746229953,0.17486205227941415,16,0.05227020149063282,0,000_00,reliable_visible_extent,408,206,16,synthetic/pilot_v2_r2/train/000,0.5016450881958008
1.2005808888230631,0.006135908967563886,0.025049168344906114,0.02428030938537684,409,0.19666976365654332,0.03187170837065052,0.005744368645388419,local_plane_proxy,128,0.3643440008163452,60001,0.5256800651550293,0.6707767205161149,0.25225453980121887,19,0.07696873968266622,0,000_00,reliable_visible_extent,409,206,19,synthetic/pilot_v2_r2/train/000,0.4378547668457031
1.1761350311274092,0.005317735402755597,0.018427860876084168,0.02428268669568978,410,0.20528396962935602,0.027541036934733754,0.005737427927932999,local_plane_proxy,136,0.366870641708374,60001,0.42087888717651367,0.4829611494711391,0.4071005422571281,16,0.10993830827173282,0,000_00,reliable_visible_extent,410,206,16,synthetic/pilot_v2_r2/train/000,0.35784912109375
1.2055225758200845,0.011766395079893854,0.025049135804795952,0.03016975458794187,411,0.20196861299855406,0.07128854282864364,0.006376671071649566,local_plane_proxy,132,0.420589804649353,60001,0.5657014846801758,0.6689428597340663,0.2936074352447636,14,0.03744970502117008,0,000_00,reliable_visible_extent,411,206,14,synthetic/pilot_v2_r2/train/000,0.46925830841064453
1.184166581433955,0.017589589485634383,0.025049152949755182,0.02428579895121344,412,0.17103138098823178,0.04421399234230643,0.00610527200150785,local_plane_proxy,130,0.36965012550354004,60001,0.5741543769836426,0.7892588233715555,0.19407664542832884,10,0.016664531200115625,0,000_00,reliable_visible_extent,412,206,10,synthetic/pilot_v2_r2/train/000,0.4848594665527344
1.2548921240455309,0.011939077676881071,0.025049160882018917,0.02429366688288334,413,0.17787525841357654,0.043460672089082,0.006405789096262469,local_plane_proxy,133,0.3753795623779297,60001,0.5570216178894043,0.787993815358538,0.20422459929690182,11,0.007781585344560292,0,000_00,reliable_visible_extent,413,206,11,synthetic/pilot_v2_r2/train/000,0.4438800811767578
1.1611787744184936,0.011453674813694414,0.025049154906630733,0.030162809364433538,414,0.19324812264202507,0.03691155333063212,0.006143032908276168,local_plane_proxy,131,0.4156557321548462,60001,0.5796337127685547,0.7083602111386385,0.25538510120417734,16,0.036254687657184204,0,000_00,reliable_visible_extent,414,206,16,synthetic/pilot_v2_r2/train/000,0.4991769790649414
1.2929948551435073,0.011766421805434524,0.02504916525808909,0.0239282935666668,415,0.19064137416685956,0.08031453513345192,0.004729553842929784,local_plane_proxy,127,0.36080002784729004,60001,0.548377513885498,0.7371771540446436,0.22364486917742407,14,0.03917797677793238,0,000_00,reliable_visible_extent,415,206,14,synthetic/pilot_v2_r2/train/000,0.4241142272949219
1.302902191706075,0.011766352430843119,0.025049176328977296,0.02392905559704822,416,0.1927400993917039,0.0811329785030566,0.004598275735412837,local_plane_proxy,127,0.3613438606262207,60001,0.5465207099914551,0.73927874127524,0.22365516692033838,14,0.0370660918044217,0,000_00,reliable_visible_extent,416,206,14,synthetic/pilot_v2_r2/train/000,0.419464111328125
1.2933837173993725,0.01176640196115697,0.025049157803382904,0.023929609035527155,417,0.20104244793155823,0.08957747545488995,0.005172686433217484,local_plane_proxy,127,0.36170947551727295,60001,0.5483808517456055,0.7420048447427775,0.2215502474776917,14,0.03644490777953071,0,000_00,reliable_visible_extent,417,206,14,synthetic/pilot_v2_r2/train/000,0.42398929595947266
1.2925084837180034,0.011766399682085815,0.025049137425461332,0.023928927496462693,418,0.20190607056805265,0.09100275402376687,0.004919678532337809,local_plane_proxy,126,0.36121833324432373,60001,0.5484843254089355,0.7405868759911771,0.2220035394334501,14,0.03740958457537268,0,000_00,reliable_visible_extent,418,206,14,synthetic/pilot_v2_r2/train/000,0.42435646057128906
1.273035502789552,0.011766386048500221,0.02504915214958814,0.02393081087876199,419,0.1983356082670087,0.08607201240939315,0.005312101453379996,local_plane_proxy,126,0.36252784729003906,60001,0.5525083541870117,0.7473982698329016,0.21712517725698854,14,0.03547655291010984,0,000_00,reliable_visible_extent,419,206,14,synthetic/pilot_v2_r2/train/000,0.4340085983276367
1.246973109502278,0.011766386929208172,0.025049136709000663,0.02393253328190427,420,0.20710617505513307,0.08612928409740465,0.00557025047452216,local_plane_proxy,129,0.36387526988983154,60001,0.5565152168273926,0.7486361356100825,0.21722675965160912,13,0.0341371047383085,0,000_00,reliable_visible_extent,420,206,13,synthetic/pilot_v2_r2/train/000,0.4462928771972656
1.2165578900497225,0.011766408730639277,0.025049131386341905,0.023934317371566968,421,0.19941294992406422,0.08605910843653927,0.005141298960212904,local_plane_proxy,128,0.36506056785583496,60001,0.5628037452697754,0.7597087954390901,0.20674159138198966,14,0.033549613178920294,0,000_00,reliable_visible_extent,421,206,14,synthetic/pilot_v2_r2/train/000,0.4626197814941406
1.27858889925827,0.01176641462777206,0.025049146852003545,0.02392950879166325,422,0.19876056048223445,0.08748637412297096,0.005015717619895692,local_plane_proxy,127,0.3616691827774048,60001,0.5513763427734375,0.7440556797407138,0.2189705188362826,14,0.03697380142300357,0,000_00,reliable_visible_extent,422,206,14,synthetic/pilot_v2_r2/train/000,0.43123817443847656
1.2980978230138536,0.012271842317962633,0.02504916296564108,0.02392785113510927,423,0.19668976943306715,0.09018717800811524,0.004355669455834505,local_plane_proxy,127,0.3604719638824463,60001,0.5473341941833496,0.6641782800959519,0.29065856886804853,13,0.0451631510359995,0,000_00,reliable_visible_extent,423,206,13,synthetic/pilot_v2_r2/train/000,0.4216432571411133
1.2290243024151677,0.01176639053462547,0.025049149690334005,0.023933646220365923,424,0.20024031499061157,0.08681367931628592,0.004774001526099531,local_plane_proxy,130,0.3646240234375,60001,0.5598459243774414,0.7565333862467006,0.20972815859038324,14,0.0337384551629161,0,000_00,reliable_visible_extent,424,206,14,synthetic/pilot_v2_r2/train/000,0.4555206298828125
1.295239501253178,0.011766428787011174,0.025049169736606203,0.023928506582434395,425,0.1955804565566659,0.08467328022049325,0.004953014026373378,local_plane_proxy,128,0.36100196838378906,60001,0.5480399131774902,0.7384861858504556,0.22322787779047687,14,0.038285936359067615,0,000_00,reliable_visible_extent,425,206,14,synthetic/pilot_v2_r2/train/000,0.42311859130859375
1.2692813759623938,0.011766405885416775,0.02504917149817043,0.023931491650904607,426,0.19692936404188588,0.08428386111076736,0.005139687301004884,local_plane_proxy,128,0.362973690032959,60001,0.5510654449462891,0.7470794656535644,0.21840890639099345,14,0.034511627955442124,0,000_00,reliable_visible_extent,426,206,14,synthetic/pilot_v2_r2/train/000,0.4341554641723633
1.326610926139521,0.011766410059615096,0.025049149065189624,0.023946862343457234,427,0.20048060828656178,0.08653211070540526,0.005963534695272827,local_plane_proxy,128,0.3720191717147827,60001,0.5418581962585449,0.6520380103219882,0.30544835524739733,15,0.04251363443061454,0,000_00,reliable_visible_extent,427,206,15,synthetic/pilot_v2_r2/train/000,0.40845298767089844
1.281519150834319,0.011766404355408655,0.025049137213920325,0.02393053090496161,428,0.19559809841009868,0.08342485766407153,0.005331880600896534,local_plane_proxy,128,0.3622993230819702,60001,0.5507102012634277,0.7455568915022174,0.21888670031712024,14,0.03555640818066234,0,000_00,reliable_visible_extent,428,206,14,synthetic/pilot_v2_r2/train/000,0.4297323226928711
1.3269810787385203,0.012271885848546882,0.025049185942551233,0.023946512719316637,429,0.21363110264271645,0.08669744898910484,0.005177119548434787,local_plane_proxy,127,0.3717132806777954,60001,0.5416841506958008,0.556777900101356,0.39309537510365683,14,0.050126724794987254,0,000_00,reliable_visible_extent,429,206,14,synthetic/pilot_v2_r2/train/000,0.40820789337158203
1.3240983717253472,0.012271862144409562,0.025049181058529157,0.02394589419623616,430,0.21377562099010006,0.0869265629232681,0.004924650530923519,local_plane_proxy,128,0.37140536308288574,60001,0.542320728302002,0.557895272893458,0.39190191467384117,14,0.05020281243270083,0,000_00,reliable_visible_extent,430,206,14,synthetic/pilot_v2_r2/train/000,0.4095773696899414
1.306107641796357,0.011766393841133649,0.02504917564429121,0.02392882338272377,431,0.1963860709357481,0.08528252980944995,0.005005915142152819,local_plane_proxy,126,0.3612031936645508,60001,0.5459308624267578,0.7382680526112617,0.22446875517404083,14,0.03726319221469756,0,000_00,reliable_visible_extent,431,206,14,synthetic/pilot_v2_r2/train/000,0.4179830551147461
1.2820259207973168,0.011766372359689692,0.02504916072170449,0.023930703796081157,432,0.19928607193127523,0.08695470380880807,0.005473564158809578,local_plane_proxy,125,0.362499475479126,60001,0.550074577331543,0.7451079540150306,0.21957263703901334,14,0.035319408945956136,0,000_00,reliable_visible_extent,432,206,14,synthetic/pilot_v2_r2/train/000,0.42906665802001953
1.2387881853996685,0.011766376440946358,0.024543709360743904,0.02393215620217594,433,0.21069124112160065,0.08974958652568583,0.004880689825722559,local_plane_proxy,127,0.36342525482177734,60001,0.5487723350524902,0.7127720513092721,0.2483759992400447,13,0.038851949450683244,0,000_00,reliable_visible_extent,433,206,13,synthetic/pilot_v2_r2/train/000,0.4429912567138672
1.0779790919055483,0.005324345216578319,0.012777345769316995,0.030173163189038565,434,0.19628031221177045,0.05056453221305182,0.005016161109339504,local_plane_proxy,129,0.4230482578277588,60001,0.36296939849853516,0.5409026177713974,0.4095773522391979,13,0.04952002998940474,0,000_00,reliable_visible_extent,434,206,13,synthetic/pilot_v2_r2/train/000,0.3367128372192383
1.0761438927726517,0.005324351338353628,0.012777315344127516,0.023947019643411782,435,0.192105692776678,0.08312978348980171,0.0050804964368472575,local_plane_proxy,130,0.3738534450531006,60001,0.33728790283203125,0.6844200345855364,0.2777089770928811,11,0.037870988321582595,0,000_00,reliable_visible_extent,435,206,11,synthetic/pilot_v2_r2/train/000,0.31342267990112305
1.0035657710320656,0.005829836080654127,0.018913224066209544,0.030189837391157895,436,0.1984163242052659,0.017758665728955902,0.005233925172006024,local_plane_proxy,125,0.4346050024032593,60001,0.47185802459716797,0.4882880832334198,0.4478201198387422,16,0.06389179692783796,0,000_00,reliable_visible_extent,436,206,16,synthetic/pilot_v2_r2/train/000,0.4701814651489258
1.2371188382255787,0.005324363058640591,0.018407757501481825,0.030167907944939815,437,0.2602253621263202,0.07057190885305342,0.005358562378998418,local_plane_proxy,129,0.41735875606536865,60001,0.3893108367919922,0.134244881487257,0.5867285915741114,16,0.2790265269386316,0,000_00,reliable_visible_extent,437,206,16,synthetic/pilot_v2_r2/train/000,0.31469154357910156
1.037368194817271,0.00532433942368038,0.01891321346189656,0.030160650537941106,438,0.2087725052713747,0.0278670511266379,0.006718773219470934,local_plane_proxy,132,0.4139319658279419,60001,0.45110225677490234,0.5821894211296542,0.336792299326354,18,0.08101827954399174,0,000_00,reliable_visible_extent,438,206,18,synthetic/pilot_v2_r2/train/000,0.43485260009765625
1.1495971609624556,0.005324373599825849,0.025049140645502455,0.030155534843810117,439,0.18954683915250925,0.027344833578755744,0.005489734460743692,local_plane_proxy,125,0.40849781036376953,60001,0.5634942054748535,0.6823994317629625,0.2715691651785185,19,0.04603140305851901,0,000_00,reliable_visible_extent,439,206,19,synthetic/pilot_v2_r2/train/000,0.49016666412353516
1.2611507011706384,0.005630456623728852,0.025049128377556684,0.030167137231596752,440,0.1981769803119755,0.019742827665155074,0.006309037779300502,local_plane_proxy,133,0.4180610179901123,60001,0.5356922149658203,0.6771928434593881,0.2517008509256363,20,0.07110630561497558,0,000_00,reliable_visible_extent,440,206,20,synthetic/pilot_v2_r2/train/000,0.42476463317871094
1.1571295251237343,0.005630443424578857,0.025049169715103403,0.03015841499436428,441,0.188628764860304,0.05301397124851941,0.004903140532640938,local_plane_proxy,129,0.4097456932067871,60001,0.5533933639526367,0.7021980783116534,0.2510078871485714,18,0.046794034539775146,0,000_00,reliable_visible_extent,441,206,18,synthetic/pilot_v2_r2/train/000,0.47824668884277344
1.175035530250848,0.011460301119195382,0.025355226566415645,0.030133991346691216,442,0.19980502247326992,0.052011161506965706,0.006536649465039876,local_plane_proxy,140,0.3930981159210205,60001,0.5140914916992188,0.7109304887876212,0.15787121905101256,15,0.1311982921613662,0,000_00,reliable_visible_extent,442,206,15,synthetic/pilot_v2_r2/train/000,0.4375114440917969
1.061052912465231,0.005635858680081096,0.02504912889782318,0.023928708672612778,443,0.20879074720853907,0.07475050263522531,0.004705412968356482,local_plane_proxy,133,0.36071550846099854,60001,0.5726113319396973,0.7860017654603557,0.15363394992573573,16,0.06036428461390849,0,000_00,reliable_visible_extent,443,206,16,synthetic/pilot_v2_r2/train/000,0.5396633148193359
1.2280837180043769,0.006448654385070807,0.02504915906310856,0.030139673322028812,444,0.18756158213776164,0.05520114823700713,0.005699503533197783,local_plane_proxy,138,0.39563918113708496,60001,0.5287556648254395,0.6861390274197322,0.27521722133315485,15,0.03864375124711296,0,000_00,reliable_visible_extent,444,206,15,synthetic/pilot_v2_r2/train/000,0.4305534362792969
1.3007023826265143,0.0061359133267935295,0.025355228060948143,0.030174261704636343,445,0.19906166975139628,0.01784791234526324,0.00585481118740075,local_plane_proxy,141,0.4180973768234253,60001,0.49396562576293945,0.5349872858257553,0.3746522463221339,20,0.0903604678521109,0,000_00,reliable_visible_extent,445,206,20,synthetic/pilot_v2_r2/train/000,0.37976837158203125
1.0684064308349726,0.011460262001076194,0.025049150276775123,0.030156452366364148,446,0.19373396623263917,0.0452646643761721,0.006022080620688874,local_plane_proxy,138,0.40546715259552,60001,0.5527076721191406,0.7688810688529231,0.20554522237545406,15,0.025573708771622877,0,000_00,reliable_visible_extent,446,206,15,synthetic/pilot_v2_r2/train/000,0.5173196792602539
1.1378713650514083,0.005630503650314811,0.025049156549799,0.023965017776330533,447,0.1813466016777503,0.06542255754820862,0.005535427432933695,local_plane_proxy,142,0.37895500659942627,60001,0.5273990631103516,0.7336500308207257,0.17963582445741444,17,0.08671414472185991,0,000_00,reliable_visible_extent,447,206,17,synthetic/pilot_v2_r2/train/000,0.46349620819091797
1.0035972042241814,0.0053243660252644265,0.018913199851184892,0.023969208043279178,448,0.21384208377992753,0.055856119737127875,0.00560201541106979,local_plane_proxy,138,0.3813728094100952,60001,0.4202561378479004,0.6108521696082666,0.3065420564104487,18,0.08260577398128476,0,000_00,reliable_visible_extent,448,206,18,synthetic/pilot_v2_r2/train/000,0.4187498092651367
,,,,39,,,,fewer_than_20_ground_returns,0,,60001,,,,1,,0,001_00,fewer_than_10_distinct_returns,39,206,1,synthetic/pilot_v2_r2/train/001,
,,,,45,,,,fewer_than_20_ground_returns,0,,60001,,,,1,,0,001_00,fewer_than_10_distinct_returns,45,206,1,synthetic/pilot_v2_r2/train/001,
,,,,46,,,,fewer_than_20_ground_returns,0,,60001,,,,2,,0,001_00,fewer_than_10_distinct_returns,46,206,2,synthetic/pilot_v2_r2/train/001,
,,,,48,,,,fewer_than_20_ground_returns,0,,60001,,,,1,,0,001_00,fewer_than_10_distinct_returns,48,206,1,synthetic/pilot_v2_r2/train/001,
,,,,162,,,,fewer_than_20_ground_returns,0,,60001,,,,1,,0,001_00,fewer_than_10_distinct_returns,162,206,1,synthetic/pilot_v2_r2/train/001,
,,,,165,,,,fewer_than_20_ground_returns,0,,60001,,,,2,,0,001_00,fewer_than_10_distinct_returns,165,206,2,synthetic/pilot_v2_r2/train/001,
,,,,166,,,,fewer_than_20_ground_returns,0,,60001,,,,1,,0,001_00,fewer_than_10_distinct_returns,166,206,1,synthetic/pilot_v2_r2/train/001,
,,,,167,,,,fewer_than_20_ground_returns,0,,60001,,,,1,,0,001_00,fewer_than_10_distinct_returns,167,206,1,synthetic/pilot_v2_r2/train/001,
,,,,168,,,,fewer_than_20_ground_returns,0,,60001,,,,3,,0,001_00,fewer_than_10_distinct_returns,168,206,3,synthetic/pilot_v2_r2/train/001,
,,,,169,,,,fewer_than_20_ground_returns,0,,60001,,,,1,,0,001_00,fewer_than_10_distinct_returns,169,206,1,synthetic/pilot_v2_r2/train/001,
,,,,170,,,,fewer_than_20_ground_returns,0,,60001,,,,2,,0,001_00,fewer_than_10_distinct_returns,170,206,2,synthetic/pilot_v2_r2/train/001,
,,,,171,,,,fewer_than_20_ground_returns,0,,60001,,,,3,,0,001_00,fewer_than_10_distinct_returns,171,206,3,synthetic/pilot_v2_r2/train/001,
,,,,172,,,,fewer_than_20_ground_returns,0,,60001,,,,2,,0,001_00,fewer_than_10_distinct_returns,172,206,2,synthetic/pilot_v2_r2/train/001,
,,,,173,,,,fewer_than_20_ground_returns,0,,60001,,,,2,,0,001_00,fewer_than_10_distinct_returns,173,206,2,synthetic/pilot_v2_r2/train/001,
,,,,174,,,,fewer_than_20_ground_returns,0,,60001,,,,2,,0,001_00,fewer_than_10_distinct_returns,174,206,2,synthetic/pilot_v2_r2/train/001,
,,,,176,,,,fewer_than_20_ground_returns,0,,60001,,,,2,,0,001_00,fewer_than_10_distinct_returns,176,206,2,synthetic/pilot_v2_r2/train/001,
,,,,177,,,,fewer_than_20_ground_returns,0,,60001,,,,2,,0,001_00,fewer_than_10_distinct_returns,177,206,2,synthetic/pilot_v2_r2/train/001,
,,,,178,,,,fewer_than_20_ground_returns,0,,60001,,,,3,,0,001_00,fewer_than_10_distinct_returns,178,206,3,synthetic/pilot_v2_r2/train/001,
,,,,179,,,,fewer_than_20_ground_returns,0,,60001,,,,3,,0,001_00,fewer_than_10_distinct_returns,179,206,3,synthetic/pilot_v2_r2/train/001,
,,,,180,,,,fewer_than_20_ground_returns,0,,60001,,,,4,,0,001_00,fewer_than_10_distinct_returns,180,206,4,synthetic/pilot_v2_r2/train/001,
,,,,181,,,,fewer_than_20_ground_returns,0,,60001,,,,3,,0,001_00,fewer_than_10_distinct_returns,181,206,3,synthetic/pilot_v2_r2/train/001,
,,,,182,,,,fewer_than_20_ground_returns,0,,60001,,,,2,,0,001_00,fewer_than_10_distinct_returns,182,206,2,synthetic/pilot_v2_r2/train/001,
,,,,183,,,,fewer_than_20_ground_returns,0,,60001,,,,1,,0,001_00,fewer_than_10_distinct_returns,183,206,1,synthetic/pilot_v2_r2/train/001,
,,,,184,,,,fewer_than_20_ground_returns,0,,60001,,,,1,,0,001_00,fewer_than_10_distinct_returns,184,206,1,synthetic/pilot_v2_r2/train/001,
,,,,185,,,,fewer_than_20_ground_returns,0,,60001,,,,1,,0,001_00,fewer_than_10_distinct_returns,185,206,1,synthetic/pilot_v2_r2/train/001,
,,,,186,,,,fewer_than_20_ground_returns,0,,60001,,,,2,,0,001_00,fewer_than_10_distinct_returns,186,206,2,synthetic/pilot_v2_r2/train/001,
,,,,187,,,,fewer_than_20_ground_returns,0,,60001,,,,2,,0,001_00,fewer_than_10_distinct_returns,187,206,2,synthetic/pilot_v2_r2/train/001,
,,,,188,,,,fewer_than_20_ground_returns,0,,60001,,,,1,,0,001_00,fewer_than_10_distinct_returns,188,206,1,synthetic/pilot_v2_r2/train/001,
,,,,189,,,,fewer_than_20_ground_returns,0,,60001,,,,2,,0,001_00,fewer_than_10_distinct_returns,189,206,2,synthetic/pilot_v2_r2/train/001,
,,,,229,,,,fewer_than_20_ground_returns,2,,60001,,,,1,,0,001_00,fewer_than_10_distinct_returns,229,206,1,synthetic/pilot_v2_r2/train/001,
,,,,298,0.3624025265496298,0.3217175888565109,0.0111036303437139,local_plane_proxy,117,,60001,,,,2,,0,001_00,fewer_than_10_distinct_returns,298,206,2,synthetic/pilot_v2_r2/train/001,
,,,,299,0.3699656308419179,0.3298705969858621,0.010472037738405413,local_plane_proxy,120,,60001,,,,2,,0,001_00,fewer_than_10_distinct_returns,299,206,2,synthetic/pilot_v2_r2/train/001,
,,,,300,0.3478742854991652,0.3122420275047138,0.00893970423355252,local_plane_proxy,122,,60001,,,,2,,0,001_00,fewer_than_10_distinct_returns,300,206,2,synthetic/pilot_v2_r2/train/001,
,,,,301,,,0.008677066119702996,plane_fit_or_spatial_support_unreliable,126,,60001,,,,1,,0,001_00,fewer_than_10_distinct_returns,301,206,1,synthetic/pilot_v2_r2/train/001,
,,,,302,0.29251758503453984,0.2525351346775038,0.010254647149135673,local_plane_proxy,132,,60001,,,,2,,0,001_00,fewer_than_10_distinct_returns,302,206,2,synthetic/pilot_v2_r2/train/001,
,,,,304,0.42895710506010687,0.31565655404469656,0.008439084173292572,local_plane_proxy,137,,60001,,,,4,,0,001_00,fewer_than_10_distinct_returns,304,206,4,synthetic/pilot_v2_r2/train/001,
,,,,305,0.3336040441329269,0.29500911071352587,0.010516030382285588,local_plane_proxy,138,,60001,,,,2,,0,001_00,fewer_than_10_distinct_returns,305,206,2,synthetic/pilot_v2_r2/train/001,
,,,,306,0.3367537333566992,0.2621510701306782,0.012053682554479648,local_plane_proxy,148,,60001,,,,3,,0,001_00,fewer_than_10_distinct_returns,306,206,3,synthetic/pilot_v2_r2/train/001,
,,,,307,0.46359771304595054,0.3172443756101814,0.011667414663684936,local_plane_proxy,149,,60001,,,,5,,0,001_00,fewer_than_10_distinct_returns,307,206,5,synthetic/pilot_v2_r2/train/001,
,,,,308,0.4178462374694767,0.2708829161314805,0.010843853495050557,local_plane_proxy,151,,60001,,,,5,,0,001_00,fewer_than_10_distinct_returns,308,206,5,synthetic/pilot_v2_r2/train/001,
,,,,309,0.3477615881288967,0.27962941862872703,0.010397301585200863,local_plane_proxy,156,,60001,,,,5,,0,001_00,fewer_than_10_distinct_returns,309,206,5,synthetic/pilot_v2_r2/train/001,
,,,,310,0.38741656713941974,0.29191434621214113,0.009769451792433178,local_plane_proxy,158,,60001,,,,6,,0,001_00,fewer_than_10_distinct_returns,310,206,6,synthetic/pilot_v2_r2/train/001,
,,,,311,0.3603372963086582,0.24469511770975866,0.010004688727327292,local_plane_proxy,164,,60001,,,,8,,0,001_00,fewer_than_10_distinct_returns,311,206,8,synthetic/pilot_v2_r2/train/001,
,,,,312,0.3568370385733557,0.2320035101637376,0.010692052872403964,local_plane_proxy,173,,60001,,,,9,,0,001_00,fewer_than_10_distinct_returns,312,206,9,synthetic/pilot_v2_r2/train/001,
1.4559074036408013,0.0053368288069948755,0.006934987950400817,0.03646788660646036,313,0.3607801058371204,0.19774657019910696,0.010723976138096633,local_plane_proxy,180,0.4631192684173584,60001,0.1092219352722168,0.9469913210965863,0.03434324025044258,10,0.018665438652971104,0,001_00,reliable_visible_extent,313,206,10,synthetic/pilot_v2_r2/train/001,0.07501983642578125
1.5311736020385724,0.005336849084377371,0.006934985406329197,0.04274797008578721,314,0.37925907563282846,0.14704592055941795,0.010463069874235406,local_plane_proxy,184,0.5366480946540833,60001,0.11288976669311523,0.9502873031604112,0.03618070761187861,12,0.013531989227710225,0,001_00,reliable_visible_extent,314,206,12,synthetic/pilot_v2_r2/train/001,0.07372760772705078
1.89787978775583,0.005336876244417144,0.013070909645697348,0.04274907420664856,315,0.38026961711487317,0.1678174187016872,0.010791689704745583,local_plane_proxy,193,0.5306622385978699,60001,0.1623678207397461,0.8372541126517313,0.14257806089298003,16,0.020167826455288654,0,001_00,reliable_visible_extent,315,206,16,synthetic/pilot_v2_r2/train/001,0.08555221557617188
2.052172691057507,0.005336906664382801,0.0130709244507905,0.04274821645160069,316,0.3809689799232153,0.1706870231745765,0.010974187166301061,local_plane_proxy,199,0.5240778923034668,60001,0.1601576805114746,0.8375683857469645,0.14142378375162118,16,0.021007830501414332,0,001_00,reliable_visible_extent,316,206,16,synthetic/pilot_v2_r2/train/001,0.07804298400878906
3.401573498964803,0.005508189255728768,0.019080548489226246,0.04851278472181739,317,0.3618333117635547,0.12648281875820377,0.01114952715976949,local_plane_proxy,206,0.5906951427459717,60001,0.23502731323242188,0.8713945030693133,0.1160161954358579,20,0.012589301494828847,0,001_00,reliable_visible_extent,317,206,20,synthetic/pilot_v2_r2/train/001,0.06909370422363281
2.958345391632589,0.0055081488249393296,0.019080536335857268,0.0485011464642055,318,0.3794628568740026,0.08749526504693582,0.01115587018308041,local_plane_proxy,211,0.5801600217819214,60001,0.22422266006469727,0.8797343362892737,0.1077198922270856,23,0.012545771483640736,0,001_00,reliable_visible_extent,318,206,23,synthetic/pilot_v2_r2/train/001,0.07579326629638672
3.6992074345287986,0.005508185248059405,0.01938501423069372,0.048167972791159,319,0.3374068648381421,0.11438795906030577,0.010077265659823286,local_plane_proxy,223,0.5742964148521423,60001,0.23991775512695312,0.845359054124428,0.1443217878186263,24,0.01031915805694564,0,001_00,reliable_visible_extent,319,206,24,synthetic/pilot_v2_r2/train/001,0.06485652923583984
3.7168388070094,0.005508177976242312,0.01938501047914798,0.05442895513492339,320,0.40873714149268037,0.12099796656802228,0.010278137783179826,local_plane_proxy,232,0.6352830529212952,60001,0.244354248046875,0.8473497226253459,0.14227870630345887,27,0.010371571071195173,0,001_00,reliable_visible_extent,320,206,27,synthetic/pilot_v2_r2/train/001,0.06574249267578125
3.243444072873762,0.005336998188667119,0.01920670904640165,0.054093342425201266,321,0.40983332006712403,0.12780331123833294,0.011511979215836608,local_plane_proxy,237,0.6269119381904602,60001,0.2395644187927246,0.8152531153062457,0.1753940100229903,29,0.009352874670764042,0,001_00,reliable_visible_extent,321,206,29,synthetic/pilot_v2_r2/train/001,0.07386112213134766
3.5330571710742893,0.005514140022607583,0.019206719382310666,0.05461897840289223,322,0.3907568263895951,0.11506298745770809,0.011769898731441361,local_plane_proxy,254,0.6267171502113342,60001,0.24564170837402344,0.8526551017659587,0.14204655932191723,27,0.005298338912124108,0,001_00,reliable_visible_extent,322,206,27,synthetic/pilot_v2_r2/train/001,0.06952667236328125
2.4040361473989793,0.005488679269512908,0.019203664726331837,0.05443605598793195,323,0.3755375072552368,0.12746972557740008,0.010846065459378005,local_plane_proxy,264,0.6153900027275085,60001,0.24482250213623047,0.8281204662536016,0.16518825145669272,30,0.006691282289705736,0,001_00,reliable_visible_extent,323,206,30,synthetic/pilot_v2_r2/train/001,0.1018381118774414
2.8737731264468978,0.005514124243284568,0.0248682629439676,0.05443868334736751,324,0.347390784896211,0.11227022655783148,0.009822356750118087,local_plane_proxy,272,0.6110150814056396,60001,0.28649044036865234,0.7326389503815097,0.2547920014829853,36,0.01256904813550497,0,001_00,reliable_visible_extent,324,206,36,synthetic/pilot_v2_r2/train/001,0.09969139099121094
3.180903570771412,0.0055141700527749915,0.024868275174591226,0.04833580607215656,325,0.3819220129073797,0.10751586912320649,0.010677335276613912,local_plane_proxy,285,0.5375192761421204,60001,0.28026628494262695,0.723963141501856,0.26442552943155884,34,0.011611329066585144,0,001_00,reliable_visible_extent,325,206,34,synthetic/pilot_v2_r2/train/001,0.08810901641845703
4.113308485267095,0.005337021529766339,0.025342595440574378,0.054101816741503286,326,0.3730843205436547,0.10435186441225866,0.0112443580176627,local_plane_proxy,289,0.5983643531799316,60001,0.30100488662719727,0.7204498273074981,0.27046792005374554,38,0.009082252638756484,0,001_00,reliable_visible_extent,326,206,38,synthetic/pilot_v2_r2/train/001,0.07317829132080078
5.535091194047845,0.005337059240063391,0.025342588952042,0.054447276799016536,327,0.383178751560757,0.11354017633808307,0.011494968394114019,local_plane_proxy,293,0.5955725908279419,60001,0.30649566650390625,0.671763570445649,0.32426816360681654,39,0.003968265947534383,0,001_00,reliable_visible_extent,327,206,39,synthetic/pilot_v2_r2/train/001,0.055373191833496094
5.6952073377794115,0.0053370532748370225,0.025520802911600526,0.05444332927950554,328,0.3877545835529339,0.12844071640518806,0.011028285408082523,local_plane_proxy,300,0.5886387825012207,60001,0.3102889060974121,0.6605097871182058,0.3351437557583034,40,0.004346457123490852,0,001_00,reliable_visible_extent,328,206,40,synthetic/pilot_v2_r2/train/001,0.054482460021972656
3.0257408761176405,0.005158866551872254,0.02552081749586943,0.06021096197860562,329,0.35303942652012577,0.08252057876829681,0.010519905075040494,local_plane_proxy,312,0.6480847001075745,60001,0.30788469314575195,0.7183366252196854,0.2734854296291401,45,0.008177945151174487,0,001_00,reliable_visible_extent,329,206,45,synthetic/pilot_v2_r2/train/001,0.10175514221191406
3.2631201979424405,0.005158917469804625,0.031485477569884956,0.06003099771429446,330,0.37532594033835154,0.11152936932149848,0.010963139030277647,local_plane_proxy,327,0.6368361115455627,60001,0.33455371856689453,0.6446099905829717,0.33717915288932027,49,0.018210856527708003,0,001_00,reliable_visible_extent,330,206,49,synthetic/pilot_v2_r2/train/001,0.10252571105957031
3.670488056620466,0.005330104413044656,0.03068626163341648,0.05447457738728763,331,0.39496989360633217,0.09872848409574267,0.01069276141056426,local_plane_proxy,341,0.5810660123825073,60001,0.33236074447631836,0.6655593565225177,0.3254041011853607,45,0.009036542292121485,0,001_00,reliable_visible_extent,331,206,45,synthetic/pilot_v2_r2/train/001,0.09054946899414062
4.533928781983256,0.00531810686818851,0.02535608806913725,0.06056513844702294,332,0.3856335173125556,0.1020449951209271,0.01144060553647705,local_plane_proxy,354,0.6311891078948975,60001,0.2933673858642578,0.7157647781324975,0.27873614731717616,44,0.005499074550326275,0,001_00,reliable_visible_extent,332,206,44,synthetic/pilot_v2_r2/train/001,0.06470489501953125
4.228711890325985,0.005318116705179565,0.030674191534546758,0.06055246197341202,333,0.39575300730173557,0.11671130875904084,0.011370886865964856,local_plane_proxy,370,0.6191230416297913,60001,0.37447500228881836,0.7116981739131761,0.2817469941454895,46,0.006554831941334378,0,001_00,reliable_visible_extent,333,206,46,synthetic/pilot_v2_r2/train/001,0.08855533599853516
3.001760189640532,0.005324809396735519,0.031012310725577308,0.060558044311525894,334,0.3863172766937819,0.10628993200431945,0.011295279173312979,local_plane_proxy,397,0.6159676313400269,60001,0.32364559173583984,0.6811895664653865,0.30134613796642457,53,0.017464295568188883,0,001_00,reliable_visible_extent,334,206,53,synthetic/pilot_v2_r2/train/001,0.107818603515625
3.8303807097822706,0.005324820113660644,0.03101225229995208,0.06021245008450088,335,0.38835529791642276,0.11702126559970456,0.012134772151150016,local_plane_proxy,417,0.6028024554252625,60001,0.316925048828125,0.6587504652927827,0.3260603000119547,50,0.01518923469526272,0,001_00,reliable_visible_extent,335,206,50,synthetic/pilot_v2_r2/train/001,0.08273983001708984
4.170286559707013,0.005324855881630286,0.03149737919457163,0.06560411784988293,336,0.3993791725750129,0.1014862736685006,0.011840126161555635,local_plane_proxy,425,0.6444109678268433,60001,0.3279552459716797,0.6681465833827135,0.3180844242482633,55,0.013768992369023321,0,001_00,reliable_visible_extent,336,206,55,synthetic/pilot_v2_r2/train/001,0.07864093780517578
3.905360014879813,0.005318171983883457,0.03149734059124576,0.05972147555317543,337,0.38093290064094687,0.08207927150037223,0.011063552736481328,local_plane_proxy,449,0.5949208736419678,60001,0.3404102325439453,0.6726640939500375,0.31379451330247743,58,0.013541392747485063,0,001_00,reliable_visible_extent,337,206,58,synthetic/pilot_v2_r2/train/001,0.08716487884521484
4.688438167821005,0.00531820564106833,0.03149732189838783,0.06597597284969947,338,0.39511856432252457,0.1093750344594917,0.011705535208764046,local_plane_proxy,470,0.6377387046813965,60001,0.3473172187805176,0.6771778812637251,0.31103391526149754,61,0.011788203474777336,0,001_00,reliable_visible_extent,338,206,61,synthetic/pilot_v2_r2/train/001,0.07407951354980469
3.8859557066489296,0.005318274229472564,0.036815570611966386,0.06594958340805174,339,0.3703542774491986,0.10726344232430779,0.010439945347174883,local_plane_proxy,495,0.6228156089782715,60001,0.37608766555786133,0.6735040152143812,0.31197702269066535,59,0.014518962094953475,0,001_00,reliable_visible_extent,339,206,59,synthetic/pilot_v2_r2/train/001,0.09678125381469727
3.2816414580933,0.005318245936479948,0.03714358091945602,0.06582026183213097,340,0.3826485647870146,0.09794877796337564,0.011093436588671244,local_plane_proxy,526,0.6232388019561768,60001,0.3829994201660156,0.6562394868871987,0.32232337146859974,61,0.02143714164420158,0,001_00,reliable_visible_extent,340,206,61,synthetic/pilot_v2_r2/train/001,0.11670970916748047
3.752868923200276,0.005318267379071706,0.031680324312282515,0.06580951133910937,341,0.39813935960561564,0.11056886385202255,0.01095522005594762,local_plane_proxy,560,0.6114163398742676,60001,0.32139015197753906,0.6719676827642381,0.31219608157930806,60,0.0158362356564538,0,001_00,reliable_visible_extent,341,206,60,synthetic/pilot_v2_r2/train/001,0.08563852310180664
3.9477414321011004,0.00531832303385138,0.03168031425311746,0.07175952574735643,342,0.404549011835865,0.11709581849367567,0.011988957307419328,local_plane_proxy,587,0.663956344127655,60001,0.3184657096862793,0.7005305676239761,0.28748650749304705,62,0.011982924882976772,0,001_00,reliable_visible_extent,342,206,62,synthetic/pilot_v2_r2/train/001,0.08067035675048828
3.2941171149575528,0.0053095522682753415,0.03732863809238651,0.0717350085357955,343,0.3779979845151471,0.09618861064093265,0.0110141645436436,local_plane_proxy,611,0.6471996903419495,60001,0.3472929000854492,0.6394791593832021,0.344940186732076,66,0.015580653884721865,0,001_00,reliable_visible_extent,343,206,66,synthetic/pilot_v2_r2/train/001,0.10542821884155273
3.866996152045117,0.0053095363964222875,0.037488223227091666,0.06600229703022734,344,0.37390760670279455,0.10343536664942138,0.011291192681943134,local_plane_proxy,645,0.5933660268783569,60001,0.3622727394104004,0.6206038377730317,0.36495761937527427,66,0.014438542851693902,0,001_00,reliable_visible_extent,344,206,66,synthetic/pilot_v2_r2/train/001,0.09368324279785156
3.4246782499704818,0.005309560870034646,0.037824941678096025,0.07123670698883128,345,0.3712175073290186,0.09500707060599485,0.011454962694662113,local_plane_proxy,684,0.6304498910903931,60001,0.35959291458129883,0.6237501624817954,0.36083786650574273,70,0.015411971012461884,0,001_00,reliable_visible_extent,345,206,70,synthetic/pilot_v2_r2/train/001,0.10500049591064453
4.006701429806948,0.005126596880034251,0.03782497884119529,0.07121977717413304,346,0.38448171330096936,0.10596714623671534,0.01157918414768221,local_plane_proxy,726,0.6170470714569092,60001,0.37775087356567383,0.6284929700983133,0.3539038121120819,74,0.017603217789604927,0,001_00,reliable_visible_extent,346,206,74,synthetic/pilot_v2_r2/train/001,0.09427976608276367
3.8011448168040953,0.0051266291156709665,0.037641884444849616,0.07744767966600657,347,0.3857664186660632,0.10968199455466196,0.011666749286326052,local_plane_proxy,770,0.650248110294342,60001,0.35939693450927734,0.6276002952225578,0.35524681232673644,73,0.017152892450705767,0,001_00,reliable_visible_extent,347,206,73,synthetic/pilot_v2_r2/train/001,0.09454965591430664
3.7250460952273166,0.005126653704687234,0.037824841539996434,0.07160640665661061,348,0.382001757617356,0.11875728227560525,0.011547930517389443,local_plane_proxy,810,0.6114075183868408,60001,0.37667131423950195,0.630472909003671,0.3523345830468185,75,0.01719250794951048,0,001_00,reliable_visible_extent,348,206,75,synthetic/pilot_v2_r2/train/001,0.10111856460571289
3.6456887790004497,0.005126679995708261,0.037824868181239424,0.07787201876102798,349,0.39620595912999035,0.11966681971322149,0.01162403187032913,local_plane_proxy,863,0.6508070826530457,60001,0.35576701164245605,0.6242278809061725,0.3591203389744818,78,0.016651780119345715,0,001_00,reliable_visible_extent,349,206,78,synthetic/pilot_v2_r2/train/001,0.09758567810058594
3.44976317785713,0.005126714638206908,0.03782482813334376,0.0778243703282399,350,0.38679351010661667,0.11633684508547178,0.011767166628332514,local_plane_proxy,913,0.6301666498184204,60001,0.3556370735168457,0.6610577280356065,0.32303429125198824,79,0.01590798071240533,0,001_00,reliable_visible_extent,350,206,79,synthetic/pilot_v2_r2/train/001,0.10309028625488281
3.3714094341350114,0.005126778505242902,0.03782476863875761,0.07719800771865112,351,0.40400007369188773,0.10352279308067894,0.011823047330726028,local_plane_proxy,971,0.6306102275848389,60001,0.3336167335510254,0.6566271695165816,0.3262178046494908,80,0.017155025833927678,0,001_00,reliable_visible_extent,351,206,80,synthetic/pilot_v2_r2/train/001,0.09895467758178711
2.8856688579471323,0.005126788218236422,0.03782473228159766,0.08268973475164193,352,0.39157862820320877,0.0977172729226933,0.011199450115197079,local_plane_proxy,1036,0.6433670520782471,60001,0.32799434661865234,0.6596619410770008,0.32030694916787295,79,0.020031109755126213,0,001_00,reliable_visible_extent,352,206,79,synthetic/pilot_v2_r2/train/001,0.1136631965637207
3.945261620185923,0.005126855451716872,0.03782470472798494,0.08243388563094592,353,0.38923642223275867,0.11219226678339488,0.01111876606295148,local_plane_proxy,1104,0.6490060091018677,60001,0.354144811630249,0.662951751912814,0.32458539319313034,85,0.012462854894055644,0,001_00,reliable_visible_extent,353,206,85,synthetic/pilot_v2_r2/train/001,0.08976459503173828
2.514292683282002,0.005126878305436788,0.037824605275822876,0.08882532811265134,354,0.38942000805043175,0.0825128027901364,0.011604039778820232,local_plane_proxy,1195,0.674720048904419,60001,0.32932329177856445,0.7000649621376451,0.2802682499598575,86,0.019666787902497346,0,001_00,reliable_visible_extent,354,206,86,synthetic/pilot_v2_r2/train/001,0.1309804916381836
3.405279851919742,0.005467098282920579,0.04379429496257714,0.08333567168011163,355,0.3891400973008887,0.10867010169458113,0.011905975182934816,local_plane_proxy,1276,0.6388262510299683,60001,0.3614206314086914,0.6299463864721102,0.35414779206120434,91,0.015905821466685396,0,001_00,reliable_visible_extent,355,206,91,synthetic/pilot_v2_r2/train/001,0.10613536834716797
3.8324317938457364,0.005126993614245956,0.04380065380291409,0.0888706488289332,356,0.40702802779686764,0.12175214553662178,0.011822460242016846,local_plane_proxy,1393,0.654681384563446,60001,0.363513708114624,0.6343308051440858,0.3457273977646472,95,0.01994179709126702,0,001_00,reliable_visible_extent,356,206,95,synthetic/pilot_v2_r2/train/001,0.09485197067260742
3.5789566210045662,0.005286794505233727,0.043469945098041585,0.08804033093510119,357,0.3983950629642682,0.10750042276688686,0.011983530344063955,local_plane_proxy,1537,0.6449458599090576,60001,0.37374091148376465,0.6374059414074321,0.34240919832730016,98,0.020184860265267796,0,001_00,reliable_visible_extent,357,206,98,synthetic/pilot_v2_r2/train/001,0.10442733764648438
3.0845576794612737,0.005460308003025216,0.04380320771769064,0.08771090896019604,358,0.3943220216366665,0.12002814722146682,0.011594224998000746,local_plane_proxy,1658,0.6303951740264893,60001,0.3544895648956299,0.6203592729065449,0.36120942668896183,101,0.018431300404493298,0,001_00,reliable_visible_extent,358,206,101,synthetic/pilot_v2_r2/train/001,0.11492395401000977
3.2197986937884004,0.005460419385833526,0.04295148897975043,0.0938311140075247,359,0.3928489378192772,0.10647215002217125,0.012070712617706912,local_plane_proxy,1796,0.6597145795822144,60001,0.357086181640625,0.7214036479442975,0.2631631742898763,101,0.015433177765826249,0,001_00,reliable_visible_extent,359,206,101,synthetic/pilot_v2_r2/train/001,0.11090326309204102
3.1607527822818398,0.005781371658341583,0.043457304792810625,0.09347011674199568,360,0.4021409037035236,0.10441929523227966,0.012444999266697636,local_plane_proxy,1814,0.6375421285629272,60001,0.32718729972839355,0.6979473704008868,0.28454871924275355,104,0.017503910356359675,0,001_00,reliable_visible_extent,360,206,104,synthetic/pilot_v2_r2/train/001,0.103515625
3.130899962964487,0.005781424865631268,0.04908936270615616,0.09945745003541831,361,0.4011795196910759,0.11659814385978381,0.013166334017583232,local_plane_proxy,1815,0.671610951423645,60001,0.3627967834472656,0.677108162858215,0.3035930854530596,112,0.019298751688725437,0,001_00,reliable_visible_extent,361,206,112,synthetic/pilot_v2_r2/train/001,0.1158761978149414
2.3767219655260106,0.00560021420930501,0.04349626436686549,0.09876107671842388,362,0.4000590745221406,0.10540710138030773,0.013900360354885472,local_plane_proxy,1769,0.6480717658996582,60001,0.3431422710418701,0.6705925054399426,0.30961009784809995,117,0.019797396711957432,0,001_00,reliable_visible_extent,362,206,117,synthetic/pilot_v2_r2/train/001,0.14437627792358398
2.466605689731507,0.005600252418548557,0.043496275898552206,0.10381350392056315,363,0.40817610416092487,0.12180577946204613,0.015753647864591453,local_plane_proxy,1700,0.6563748121261597,60001,0.3426969051361084,0.6791208083396792,0.3002299890514493,124,0.02064920260887141,0,001_00,reliable_visible_extent,363,206,124,synthetic/pilot_v2_r2/train/001,0.13893461227416992
3.6333576263378418,0.005591228971076889,0.04945769482198337,0.11020406193115359,364,0.3954602611021272,0.12048611916928349,0.016870718286463606,local_plane_proxy,1596,0.6661323308944702,60001,0.35539960861206055,0.6727161939867221,0.30683465680683525,123,0.020449149206442585,0,001_00,reliable_visible_extent,364,206,123,synthetic/pilot_v2_r2/train/001,0.09781575202941895
2.177614555530653,0.005598637159600517,0.04946678027915663,0.10828147967952828,365,0.396826478933896,0.1126682761265031,0.017213976881940207,local_plane_proxy,1473,0.6602621078491211,60001,0.3567488193511963,0.6782469533067206,0.2959964540215228,131,0.025756592671756617,0,001_00,reliable_visible_extent,365,206,131,synthetic/pilot_v2_r2/train/001,0.16382551193237305
2.7364214999758536,0.005406956762433857,0.04368053308782294,0.1087670112700953,366,0.4109132483587854,0.11520240020749367,0.018317911094814992,local_plane_proxy,1334,0.6348525285720825,60001,0.3377382755279541,0.6976446758976417,0.2806331222727403,137,0.021722201829617944,0,001_00,reliable_visible_extent,366,206,137,synthetic/pilot_v2_r2/train/001,0.12342333793640137
2.546262931320933,0.005407049031629807,0.04354786190842397,0.11323949979604434,367,0.40591738189461846,0.11235340701568261,0.018379874366471694,local_plane_proxy,1165,0.6558123826980591,60001,0.3288581371307373,0.7071591712975677,0.2708364814350785,140,0.022004347267353837,0,001_00,reliable_visible_extent,367,206,140,synthetic/pilot_v2_r2/train/001,0.12915325164794922
2.699505070263519,0.005763923757199585,0.049311788413652025,0.11826756986102405,368,0.40387982686120383,0.11498572540433966,0.0194273573395824,local_plane_proxy,1010,0.6540896892547607,60001,0.34317851066589355,0.6892955123881821,0.2867420521397167,146,0.023962435472101154,0,001_00,reliable_visible_extent,368,206,146,synthetic/pilot_v2_r2/train/001,0.12712645530700684
2.180797612275017,0.005352790278634889,0.04375181757671687,0.12287193696908377,369,0.393492367180049,0.0958756513956962,0.020523206476551783,local_plane_proxy,840,0.639668345451355,60001,0.3153114318847656,0.7349574848587658,0.23562543934634758,149,0.029417075794886522,0,001_00,reliable_visible_extent,369,206,149,synthetic/pilot_v2_r2/train/001,0.14458537101745605
2.0484558087010334,0.00533578665592116,0.04411619079273166,0.12760131123315893,370,0.38508032828339656,0.08365128729007831,0.021379804756495865,local_plane_proxy,684,0.6730512380599976,60001,0.27938199043273926,0.7574080205474297,0.21216689233862016,151,0.030425087113950127,0,001_00,reliable_visible_extent,370,206,151,synthetic/pilot_v2_r2/train/001,0.13638663291931152
2.0634916479456513,0.005335862027137539,0.044116011158874535,0.12132425037194156,371,,,0.028369138317847657,plane_fit_or_spatial_support_unreliable,534,0.5911953449249268,60001,0.30067873001098633,0.7204404864949474,0.24190216912160392,151,0.037657344383448615,0,001_00,reliable_visible_extent,371,206,151,synthetic/pilot_v2_r2/train/001,0.14571356773376465
2.199734636727514,0.004971721114476857,0.043506030999613365,0.11529612615457802,372,,,0.030664161365095942,plane_fit_or_spatial_support_unreliable,402,0.532084584236145,60001,0.33064770698547363,0.7315391368626876,0.2224501891197114,135,0.046010674017600985,0,001_00,reliable_visible_extent,372,206,135,synthetic/pilot_v2_r2/train/001,0.15031254291534424
1.9138322546595927,0.004971869200448342,0.037979782341674984,0.10453642706553545,373,,,0.031691595173205626,plane_fit_or_spatial_support_unreliable,268,0.4796631336212158,60001,0.2628321647644043,0.7452121754427116,0.19111508392025914,119,0.06367274063702928,0,001_00,reliable_visible_extent,373,206,119,synthetic/pilot_v2_r2/train/001,0.13733291625976562
1.7923756989032047,0.0049720112583653275,0.03767536756910417,0.09270849554012689,374,,,0.029946075790249316,plane_fit_or_spatial_support_unreliable,146,0.4201458692550659,60001,0.23907208442687988,0.7069992137471297,0.19769190843079362,108,0.09530887782207668,0,001_00,reliable_visible_extent,374,206,108,synthetic/pilot_v2_r2/train/001,0.13338279724121094
1.3583815719695556,0.005421233456925689,0.037675137280552384,0.08142231898991825,375,,,0.026770656084508647,plane_fit_or_spatial_support_unreliable,62,0.3195028305053711,60001,0.21679902076721191,0.8111637263402334,0.06720418827614662,91,0.12163208538362004,0,001_00,reliable_visible_extent,375,206,91,synthetic/pilot_v2_r2/train/001,0.15960097312927246
1.2711815766284367,0.004972183196697566,0.03767501792887096,0.07568764781427256,376,,,,fewer_than_20_ground_returns,15,0.3206599950790405,60001,0.22441744804382324,0.6168621542648448,0.27983787118358766,88,0.10329997455156754,0,001_00,reliable_visible_extent,376,206,88,synthetic/pilot_v2_r2/train/001,0.17654240131378174
1.4212201930008848,0.004972233429624717,0.04323763044819451,0.07000884308877253,377,,,,fewer_than_20_ground_returns,0,0.3056669235229492,60001,0.26685261726379395,0.19843911550680024,0.6839055148997701,92,0.11765536959342965,0,001_00,reliable_visible_extent,377,206,92,synthetic/pilot_v2_r2/train/001,0.1877630352973938
1.498118366646005,0.004972255741897635,0.043810872664694855,0.06992522189200134,378,,,,fewer_than_20_ground_returns,0,0.29605817794799805,60001,0.2598416805267334,0.1862942631873346,0.7176478484640936,97,0.09605788834857179,0,001_00,reliable_visible_extent,378,206,97,synthetic/pilot_v2_r2/train/001,0.17344536073505878
1.5496467218621792,0.004972226195179896,0.04994681220060304,0.07005277105883734,379,,,,fewer_than_20_ground_returns,0,0.31639063358306885,60001,0.2843055725097656,0.18658147831584548,0.7236469632195173,108,0.0897715584646372,0,001_00,reliable_visible_extent,379,206,108,synthetic/pilot_v2_r2/train/001,0.18346476554870605
1.6032893484071626,0.004972199089995355,0.05608276108410948,0.07015223169705015,380,,,,fewer_than_20_ground_returns,0,0.335201621055603,60001,0.29810094833374023,0.24156660384969852,0.6839328534873572,115,0.0745005426629443,0,001_00,reliable_visible_extent,380,206,115,synthetic/pilot_v2_r2/train/001,0.18593084812164307
1.6112528167537732,0.004972105719261766,0.056082833043944014,0.07013504259427517,381,,,,fewer_than_20_ground_returns,0,0.3342866897583008,60001,0.2881481647491455,0.19146987480198044,0.7474066103759154,125,0.061123514822104257,0,001_00,reliable_visible_extent,381,206,125,synthetic/pilot_v2_r2/train/001,0.17883485555648804
1.7618201169592251,0.004971974100260068,0.05638727700006374,0.07581855061813686,382,,,,fewer_than_20_ground_returns,5,0.3550652265548706,60001,0.305666446685791,0.03695109904405133,0.9110542522472577,138,0.051994648708690985,0,001_00,reliable_visible_extent,382,206,138,synthetic/pilot_v2_r2/train/001,0.17349469661712646
1.6896683749959636,0.0049718294776508465,0.06215912910683663,0.08175169430952556,383,,,0.016713214759534873,plane_fit_or_spatial_support_unreliable,39,0.3929256200790405,60001,0.30565452575683594,0.08295948800036426,0.861515169895518,154,0.055525342104117734,0,001_00,reliable_visible_extent,383,206,154,synthetic/pilot_v2_r2/train/001,0.18089616298675537
1.9861814330738048,0.0049716799378924925,0.0622190562161391,0.08776265888459878,384,,,0.028019297172880694,plane_fit_or_spatial_support_unreliable,114,0.45007097721099854,60001,0.34385085105895996,0.2697002038756563,0.6962689445479101,169,0.03403085157643363,0,001_00,reliable_visible_extent,384,206,169,synthetic/pilot_v2_r2/train/001,0.17312157154083252
1.8297384643312802,0.005420774306872378,0.06835511926987259,0.09279072010113387,385,,,0.028463298130472978,plane_fit_or_spatial_support_unreliable,187,0.4849787950515747,60001,0.34124112129211426,0.35024125436421044,0.6123438350589966,181,0.037414910576792984,0,001_00,reliable_visible_extent,385,206,181,synthetic/pilot_v2_r2/train/001,0.18649721145629883
2.1257552106219824,0.005539908160745899,0.06806377129253072,0.09827208828377798,386,,,0.02784263256914657,plane_fit_or_spatial_support_unreliable,292,0.542201042175293,60001,0.3633151054382324,0.49628091769003535,0.48437634210465286,193,0.019342740205311824,0,001_00,reliable_visible_extent,386,206,193,synthetic/pilot_v2_r2/train/001,0.17091107368469238
2.1024000921174784,0.004971143212241902,0.06215960604318216,0.11044107690682115,387,,,0.02657956622013415,plane_fit_or_spatial_support_unreliable,424,0.6205779314041138,60001,0.3482518196105957,0.6322579452613826,0.345548171201917,203,0.022193883536700362,0,001_00,reliable_visible_extent,387,206,203,synthetic/pilot_v2_r2/train/001,0.16564488410949707
2.1500600887913985,0.0053354895458452845,0.06215972642271872,0.11699373192647036,388,0.4122070145654435,0.11912459205232484,0.02547141027844328,local_plane_proxy,557,0.6668047904968262,60001,0.3514750003814697,0.6849796947001107,0.29655973165602145,190,0.01846057364386794,0,001_00,reliable_visible_extent,388,206,190,synthetic/pilot_v2_r2/train/001,0.16347217559814453
2.1638524442144087,0.005551564303814427,0.062142674380874396,0.1117076321388005,389,0.41585454017125234,0.12746867070681367,0.02341115612417552,local_plane_proxy,747,0.657637357711792,60001,0.3628203868865967,0.6735640220203372,0.30939947196163636,177,0.01703650601802641,0,001_00,reliable_visible_extent,389,206,177,synthetic/pilot_v2_r2/train/001,0.16767334938049316
2.0509121008208977,0.005539343593684354,0.06194371171533941,0.10722156742528624,390,0.4129833370777266,0.12094374426326107,0.020376533371343344,local_plane_proxy,856,0.6696246862411499,60001,0.3509030342102051,0.6652370259799271,0.3145770768344082,168,0.020185897185664655,0,001_00,reliable_visible_extent,390,206,168,synthetic/pilot_v2_r2/train/001,0.1710960865020752
2.1571189782273272,0.005742611211450033,0.06194378559986902,0.10092767644689055,391,0.39922747090606725,0.11045443794955931,0.017951810713963748,local_plane_proxy,951,0.6574907302856445,60001,0.3599874973297119,0.6629628987300483,0.31936411198198833,157,0.017672989287963427,0,001_00,reliable_visible_extent,391,206,157,synthetic/pilot_v2_r2/train/001,0.1668834686279297
2.2927598122802517,0.005406674122002464,0.05579715018641718,0.09740071624564567,392,0.400319453455827,0.10677777444402763,0.017682867008509424,local_plane_proxy,1051,0.6559940576553345,60001,0.36225056648254395,0.6873862619151777,0.2975683856525151,143,0.015045352432307103,0,001_00,reliable_visible_extent,392,206,143,synthetic/pilot_v2_r2/train/001,0.15799760818481445
2.4112243230332133,0.005591028382829766,0.05561272484688118,0.09125035346437932,393,0.3854626858897814,0.08953218030513668,0.016840871703060742,local_plane_proxy,1149,0.6337344646453857,60001,0.36583566665649414,0.6749906636750371,0.3090012599522083,134,0.016008076372754483,0,001_00,reliable_visible_extent,393,206,134,synthetic/pilot_v2_r2/train/001,0.15172195434570312
2.24693933810194,0.0055909672880671835,0.05561277037775092,0.09187385585227559,394,0.40376174894833317,0.11312938894765548,0.016576865253587304,local_plane_proxy,1239,0.6467305421829224,60001,0.3692288398742676,0.6564802937808832,0.32346450744206257,128,0.020055198777054157,0,001_00,reliable_visible_extent,394,206,128,synthetic/pilot_v2_r2/train/001,0.16432523727416992
3.1631708010368804,0.0055909055633383,0.04945779407807116,0.09223270233320693,395,0.39759519599691506,0.10614921956179364,0.014736410014198384,local_plane_proxy,1266,0.6784332990646362,60001,0.35552096366882324,0.6934538028949527,0.2945759460543434,113,0.011970251050703935,0,001_00,reliable_visible_extent,395,206,113,synthetic/pilot_v2_r2/train/001,0.11239385604858398
2.2475905441811155,0.005599987188728228,0.04945787460550477,0.08124286960568289,396,0.3853533495602961,0.09540334747495614,0.013479967622359073,local_plane_proxy,1267,0.6216081380844116,60001,0.3568437099456787,0.6668658648885959,0.3174892582367012,108,0.015644876874702833,0,001_00,reliable_visible_extent,396,206,108,synthetic/pilot_v2_r2/train/001,0.1587672233581543
3.0130884659207964,0.005599955582170857,0.043487454731364394,0.08730853819771722,397,0.4030304707891259,0.08661221588400314,0.013756154584574779,local_plane_proxy,1203,0.6802805662155151,60001,0.3417215347290039,0.6901355838950848,0.29477883318347164,102,0.015085582921443609,0,001_00,reliable_visible_extent,397,206,102,synthetic/pilot_v2_r2/train/001,0.11341238021850586
2.939807283945671,0.005599914238915815,0.043487496870868725,0.0808744513580604,398,0.39236724092462993,0.10061026530900985,0.01318337006748829,local_plane_proxy,1087,0.6566967964172363,60001,0.34987759590148926,0.6913318300460783,0.2952808104166242,96,0.013387359537297458,0,001_00,reliable_visible_extent,398,206,96,synthetic/pilot_v2_r2/train/001,0.11901378631591797
2.9983267598900443,0.005617308387775299,0.04907727894592462,0.07511268288918191,399,0.3879340196994858,0.1029955969549688,0.012845700677760467,local_plane_proxy,987,0.6281417608261108,60001,0.3827972412109375,0.6398038013994005,0.34550234204281477,92,0.014693856557784676,0,001_00,reliable_visible_extent,399,206,92,synthetic/pilot_v2_r2/train/001,0.1276702880859375
2.902310757281252,0.005617320071522158,0.043477471895221775,0.07596011469772596,400,0.3980654246175894,0.10338522693546137,0.012488768919323798,local_plane_proxy,902,0.6451457738876343,60001,0.35670924186706543,0.697161294684335,0.2904915535400013,85,0.012347151775663732,0,001_00,reliable_visible_extent,400,206,85,synthetic/pilot_v2_r2/train/001,0.12290525436401367
3.398708540583945,0.005781165911039832,0.04347752117586179,0.07003299137422125,401,0.398905680721771,0.11048879892109868,0.01278158824790539,local_plane_proxy,853,0.6130776405334473,60001,0.36328864097595215,0.6513088055743314,0.3387863187609465,78,0.009904875664722076,0,001_00,reliable_visible_extent,401,206,78,synthetic/pilot_v2_r2/train/001,0.10689020156860352
2.6469518503638865,0.005617247875481457,0.04347751395455646,0.07001390012540856,402,0.38473144475682175,0.1098313310234936,0.013279832580589632,local_plane_proxy,776,0.6207953691482544,60001,0.3550078868865967,0.6474929474263447,0.3350491755690651,80,0.01745787700459028,0,001_00,reliable_visible_extent,402,206,80,synthetic/pilot_v2_r2/train/001,0.13411951065063477
3.9418134347925533,0.005609822825233479,0.03734160692646604,0.07003127581928498,403,0.3912846679264379,0.08176706594184267,0.013354294846409397,local_plane_proxy,727,0.6406538486480713,60001,0.33692073822021484,0.6803495975465251,0.30803137955433946,74,0.01161902289913539,0,001_00,reliable_visible_extent,403,206,74,synthetic/pilot_v2_r2/train/001,0.08547353744506836
2.9342456546146134,0.005617171026706558,0.04329492094334331,0.0705318395965952,404,0.3946710299767995,0.10458581126626842,0.012708723593292158,local_plane_proxy,685,0.648239254951477,60001,0.3726193904876709,0.6453617709194478,0.33376035984789487,76,0.020877869232657324,0,001_00,reliable_visible_extent,404,206,76,synthetic/pilot_v2_r2/train/001,0.12698984146118164
4.3272381857041085,0.005617221244646142,0.03749243692343107,0.06511783991056316,405,0.39246909477521275,0.11607862197321035,0.012249466254854874,local_plane_proxy,646,0.6076415777206421,60001,0.34755706787109375,0.6882859631611553,0.30201068437899314,67,0.009703352459851662,0,001_00,reliable_visible_extent,405,206,67,synthetic/pilot_v2_r2/train/001,0.08031845092773438
3.2480112014840183,0.005459857886074282,0.03766777869138238,0.06512585221261499,406,0.3909760250320362,0.0966846066082235,0.013072662698648862,local_plane_proxy,618,0.6199922561645508,60001,0.3473215103149414,0.6834496137285063,0.3041113781729958,67,0.012439008098497979,0,001_00,reliable_visible_extent,406,206,67,synthetic/pilot_v2_r2/train/001,0.10693359375
2.8937456576814298,0.0059606059134234,0.04329491844362554,0.06512545740208056,407,0.3841488681070997,0.08839713517689929,0.012368568680008353,local_plane_proxy,588,0.6279059648513794,60001,0.3932366371154785,0.650124422718443,0.33090039498888635,67,0.018975182292670666,0,001_00,reliable_visible_extent,407,206,67,synthetic/pilot_v2_r2/train/001,0.13589191436767578
2.807416751156454,0.005286255928783845,0.03733430443774566,0.05953475366610525,408,0.3794810554692529,0.08801102972560325,0.013146168162310167,local_plane_proxy,576,0.5780359506607056,60001,0.3380115032196045,0.6245414407034695,0.3574644268247644,65,0.017994132471766074,0,001_00,reliable_visible_extent,408,206,65,synthetic/pilot_v2_r2/train/001,0.12039947509765625
2.9283988480687255,0.005286263119522516,0.03733429485196105,0.06492187287306347,409,0.41140969554287876,0.12154360638177905,0.012536162633676882,local_plane_proxy,559,0.6255414485931396,60001,0.343294620513916,0.6494626904193801,0.3315074864338083,67,0.019029823146811623,0,001_00,reliable_visible_extent,409,206,67,synthetic/pilot_v2_r2/train/001,0.11722946166992188
3.517760839199652,0.005632572729644902,0.03766784472533047,0.06493020782181888,410,0.4076739471669182,0.11456397299664767,0.01386458279537241,local_plane_proxy,545,0.6325384378433228,60001,0.36266374588012695,0.6940384217618563,0.29369175485774784,64,0.0122698233803959,0,001_00,reliable_visible_extent,410,206,64,synthetic/pilot_v2_r2/train/001,0.10309505462646484
3.2806984178734115,0.00528623292615471,0.03732744803795285,0.06493885617572887,411,0.4081682855403792,0.10931725778926907,0.013533668195040385,local_plane_proxy,541,0.6383111476898193,60001,0.3454761505126953,0.6598856599438317,0.32353368262481025,64,0.016580657431357962,0,001_00,reliable_visible_extent,411,206,64,synthetic/pilot_v2_r2/train/001,0.10530567169189453
3.773460162568292,0.005286226037626296,0.037334342709460344,0.0649341587429966,412,0.4033605204191426,0.10701681769942431,0.013529786158742006,local_plane_proxy,540,0.6379491090774536,60001,0.35108089447021484,0.6081760456198596,0.3760669349161764,64,0.015757019463964055,0,001_00,reliable_visible_extent,412,206,64,synthetic/pilot_v2_r2/train/001,0.09303951263427734
3.3820485754408454,0.005286233911995009,0.0373274508671706,0.06493256298883737,413,0.4059128374866763,0.10953277982384053,0.013604480600092022,local_plane_proxy,537,0.6370110511779785,60001,0.342221736907959,0.6681737003684457,0.31490378301119226,63,0.01692251662036216,0,001_00,reliable_visible_extent,413,206,63,synthetic/pilot_v2_r2/train/001,0.10118770599365234
3.25435005338017,0.005459869291890573,0.037667834725029437,0.06493951005200971,414,0.401871664222869,0.10425935058360114,0.014110417655153107,local_plane_proxy,541,0.6386938095092773,60001,0.3604757785797119,0.6401084404311885,0.34466145773546625,65,0.01523010183334518,0,001_00,reliable_visible_extent,414,206,65,synthetic/pilot_v2_r2/train/001,0.11076736450195312
3.9717083164342393,0.005459853823973848,0.03766783291173148,0.05849275290268424,415,0.3903843181001556,0.1021392651147427,0.012887866385812347,local_plane_proxy,544,0.5800424814224243,60001,0.36422300338745117,0.6200744169228113,0.3680389255703343,66,0.011886657506854456,0,001_00,reliable_visible_extent,415,206,66,synthetic/pilot_v2_r2/train/001,0.0917043685913086
4.062712429548681,0.005126335010129601,0.03766785327134681,0.058485836377169975,416,0.3956616174855674,0.12762925900504657,0.013495428413159349,local_plane_proxy,546,0.5764955282211304,60001,0.36022043228149414,0.6176698861051004,0.3706697340127791,64,0.011660379882120554,0,001_00,reliable_visible_extent,416,206,64,synthetic/pilot_v2_r2/train/001,0.08866500854492188
4.1311310625896995,0.0051263234841423255,0.037667808864930485,0.06439212349907322,417,0.4094216216241189,0.1261736298383065,0.013224163412181956,local_plane_proxy,541,0.6242002248764038,60001,0.35960888862609863,0.639532916926549,0.3459187951697122,66,0.014548287903738837,0,001_00,reliable_visible_extent,417,206,66,synthetic/pilot_v2_r2/train/001,0.08704853057861328
3.586607767835184,0.00512634343231122,0.03766783819977704,0.06438339862800324,418,0.4043280328848122,0.12575727335943004,0.013544171787615416,local_plane_proxy,542,0.6207995414733887,60001,0.3616037368774414,0.6317195618134228,0.35414748757274267,65,0.014132950613834627,0,001_00,reliable_visible_extent,418,206,65,synthetic/pilot_v2_r2/train/001,0.10082054138183594
3.996098255192627,0.005126342784682603,0.0376678253116669,0.058484853654088315,419,0.39244057329454995,0.12479320980859505,0.013152624253691661,local_plane_proxy,544,0.5756574869155884,60001,0.3601715564727783,0.6166038099025064,0.37182659118117856,64,0.011569598916315064,0,001_00,reliable_visible_extent,419,206,64,synthetic/pilot_v2_r2/train/001,0.09013080596923828
3.004403320762031,0.005126362093776038,0.03766785299182818,0.05848934545681178,420,0.3876840511843844,0.094620026821592,0.013257903932238298,local_plane_proxy,545,0.5783573389053345,60001,0.35479187965393066,0.6406401513905385,0.3444173575065973,65,0.014942491102864174,0,001_00,reliable_visible_extent,420,206,65,synthetic/pilot_v2_r2/train/001,0.11809062957763672
2.9821980123547673,0.005126350299634375,0.03766783340159563,0.05848733281206492,421,0.3898799089526308,0.10051041966331042,0.012908695126114552,local_plane_proxy,545,0.5770528316497803,60001,0.3554260730743408,0.6270976163126634,0.358301871845456,66,0.014600511841880664,0,001_00,reliable_visible_extent,421,206,66,synthetic/pilot_v2_r2/train/001,0.11918258666992188
3.93521671665417,0.005126354111486542,0.037667833962185426,0.058484261048374786,422,0.38587130798754643,0.1295412842541766,0.013510665711370384,local_plane_proxy,547,0.5756149291992188,60001,0.3603699207305908,0.5938212140582698,0.3926733865170025,65,0.013505399424727657,0,001_00,reliable_visible_extent,422,206,65,synthetic/pilot_v2_r2/train/001,0.09157562255859375
4.280088674147731,0.005459781507844319,0.03766784170744142,0.05848463574680851,423,0.3856485005885595,0.12902748155299112,0.013677760296950945,local_plane_proxy,548,0.5757895708084106,60001,0.36410975456237793,0.612376096394554,0.3756275957717758,64,0.011996307833670157,0,001_00,reliable_visible_extent,423,206,64,synthetic/pilot_v2_r2/train/001,0.08507061004638672
3.0400689463623443,0.005126346034383111,0.03766783487114722,0.05848987785404505,424,0.38782578502664444,0.0947628797140549,0.01258611374208237,local_plane_proxy,545,0.5783888101577759,60001,0.3549070358276367,0.6408447235633583,0.3443453046230172,65,0.014809971813624543,0,001_00,reliable_visible_extent,424,206,65,synthetic/pilot_v2_r2/train/001,0.11674308776855469
3.976088399186795,0.005126338923786999,0.037667809106119776,0.05848509830511825,425,0.39416734191061953,0.12640466582680784,0.013510059179217233,local_plane_proxy,542,0.5760607719421387,60001,0.35997581481933594,0.6170756907727963,0.3712328246247349,64,0.011691484602468834,0,001_00,reliable_visible_extent,425,206,64,synthetic/pilot_v2_r2/train/001,0.09053516387939453
4.161865080679898,0.005126348544313153,0.03766785152665886,0.06439219140934543,426,0.40559841337225766,0.12248097114257062,0.01345275543787332,local_plane_proxy,536,0.6239199638366699,60001,0.3593709468841553,0.6396234868214177,0.345862631433074,66,0.014513881745508318,0,001_00,reliable_visible_extent,426,206,66,synthetic/pilot_v2_r2/train/001,0.0863485336303711
4.156155739222284,0.00512634028238157,0.037667849681125354,0.06439990722989816,427,0.4052302246933315,0.11742951345685423,0.013297616158883016,local_plane_proxy,532,0.6270530223846436,60001,0.36399102210998535,0.654630949185628,0.3325083434987281,67,0.012860707315643835,0,001_00,reliable_visible_extent,427,206,67,synthetic/pilot_v2_r2/train/001,0.08757877349853516
3.648320364853008,0.005126335711529428,0.037667837182448594,0.06438441003445741,428,0.3999770747173308,0.12138497319409938,0.013225800251694921,local_plane_proxy,537,0.6210067272186279,60001,0.36084961891174316,0.632304186536655,0.35356563091953663,65,0.01413018254380844,0,001_00,reliable_visible_extent,428,206,65,synthetic/pilot_v2_r2/train/001,0.0989084243774414
4.264605424712579,0.005459841511435748,0.03766784546537849,0.06440077903233726,429,0.3974293857178872,0.11907480205783463,0.013381042214049732,local_plane_proxy,541,0.6273177862167358,60001,0.3643665313720703,0.6878565140998096,0.300125563708575,65,0.012017922191615363,0,001_00,reliable_visible_extent,429,206,65,synthetic/pilot_v2_r2/train/001,0.08543968200683594
3.6844513810611095,0.005459867289576259,0.037667829537233466,0.06439566006784786,430,0.4030190843990631,0.1199306724082857,0.013589594979824725,local_plane_proxy,534,0.6255731582641602,60001,0.3647184371948242,0.6704147472804307,0.3159074280442991,66,0.013677824675270222,0,001_00,reliable_visible_extent,430,206,66,synthetic/pilot_v2_r2/train/001,0.09898853302001953
3.3580252974729308,0.005126356919148201,0.03766784295915748,0.06439488833830889,431,0.40846253159702783,0.1209026224463384,0.013874257708190499,local_plane_proxy,529,0.6252971887588501,60001,0.358762264251709,0.6569459981028316,0.3275307703058268,67,0.015523231591341577,0,001_00,reliable_visible_extent,431,206,67,synthetic/pilot_v2_r2/train/001,0.10683727264404297
3.789344254016987,0.005126348793206059,0.037667844156699104,0.06438707787478723,432,0.4014262791194838,0.12223879615138093,0.013293909066317224,local_plane_proxy,540,0.6222600936889648,60001,0.35782766342163086,0.6352832924851263,0.34922316575721646,65,0.01549354175765722,0,001_00,reliable_visible_extent,432,206,65,synthetic/pilot_v2_r2/train/001,0.09442996978759766
4.047176995516657,0.00512634100859044,0.03766786024115909,0.05848567074520025,433,0.39643331841079155,0.1287483018702355,0.013345931056329896,local_plane_proxy,547,0.5760122537612915,60001,0.35985422134399414,0.6175365778561993,0.3708645299567048,64,0.011598892187095942,0,001_00,reliable_visible_extent,433,206,64,synthetic/pilot_v2_r2/train/001,0.08891487121582031
3.2169813760993273,0.005126344264208882,0.03766783197111501,0.05848983901089891,434,0.38983102187965457,0.09738194478661032,0.01333011454594196,local_plane_proxy,547,0.5778348445892334,60001,0.3558211326599121,0.6396610230529739,0.3466541742468971,65,0.01368480270012914,0,001_00,reliable_visible_extent,434,206,65,synthetic/pilot_v2_r2/train/001,0.11060714721679688
3.9516655798282794,0.005286231116706563,0.03732748752481996,0.05848732442271143,435,0.3874905745439592,0.09275530986837377,0.014111412050449457,local_plane_proxy,546,0.5762646198272705,60001,0.34674906730651855,0.6424099657268046,0.34501076811290576,63,0.012579266160289697,0,001_00,reliable_visible_extent,435,206,63,synthetic/pilot_v2_r2/train/001,0.08774757385253906
3.372377939380058,0.005286220617624515,0.03682452342119369,0.06495121717564917,436,0.38694307335650713,0.08529803319848846,0.013557509514047267,local_plane_proxy,546,0.6424142122268677,60001,0.33700108528137207,0.6884382168189538,0.2971211747165643,63,0.01444060846448184,0,001_00,reliable_visible_extent,436,206,63,synthetic/pilot_v2_r2/train/001,0.0999298095703125
2.7990325321146607,0.005803295909934558,0.037667822958288966,0.06495012213196932,437,0.3916312448859691,0.09562741990860668,0.013375101670139946,local_plane_proxy,546,0.6409993171691895,60001,0.36448049545288086,0.7167710819201553,0.2702880828717575,63,0.012940835208087231,0,001_00,reliable_visible_extent,437,206,63,synthetic/pilot_v2_r2/train/001,0.1302165985107422
4.702294792032512,0.005803300087042107,0.037667812656497546,0.06494652791774194,438,0.396595265397115,0.10524684195907774,0.013467693327968603,local_plane_proxy,552,0.638251781463623,60001,0.35751891136169434,0.7029837511198886,0.2872943552590537,61,0.009721893621057695,0,001_00,reliable_visible_extent,438,206,61,synthetic/pilot_v2_r2/train/001,0.07603073120117188
2.964899934370231,0.0051263612236196465,0.03766785959554575,0.06494676760929094,439,0.4046645766801902,0.10374981533122815,0.013124447059643512,local_plane_proxy,555,0.6369636058807373,60001,0.3575916290283203,0.6233897305321696,0.3607880911432718,68,0.015822178324558542,0,001_00,reliable_visible_extent,439,206,68,synthetic/pilot_v2_r2/train/001,0.12060832977294922
2.768834403673375,0.00528624917198206,0.03732744663134824,0.06494122873995917,440,0.4057150180642326,0.11531489781878443,0.013663637405689044,local_plane_proxy,567,0.6319265365600586,60001,0.3318161964416504,0.649424422951571,0.33445739622745874,63,0.01611818082097032,0,001_00,reliable_visible_extent,440,206,63,synthetic/pilot_v2_r2/train/001,0.11983966827392578
4.296321075947205,0.005803301739037092,0.03766783074980573,0.06493843973012886,441,0.4057795885480622,0.12015099649817777,0.01343618341871665,local_plane_proxy,575,0.6285865306854248,60001,0.3597872257232666,0.6871548839013689,0.3030501454434589,63,0.009794970655172257,0,001_00,reliable_visible_extent,441,206,63,synthetic/pilot_v2_r2/train/001,0.08374309539794922
3.2649733284242792,0.005459843773696793,0.037667790805112844,0.06493167136850964,442,0.40431244751586526,0.11759238590544215,0.013237536743748885,local_plane_proxy,578,0.6237225532531738,60001,0.36365461349487305,0.6557059551799586,0.3290774036492324,68,0.015216641170809115,0,001_00,reliable_visible_extent,442,206,68,synthetic/pilot_v2_r2/train/001,0.11138057708740234
2.6682019375925194,0.005286288970892006,0.03766780532057368,0.06493401466198359,443,0.41520251224285154,0.12323566363186936,0.01357285860057247,local_plane_proxy,582,0.6213918924331665,60001,0.3472304344177246,0.6462370035539512,0.3378963332274469,67,0.015866663218601872,0,001_00,reliable_visible_extent,443,206,67,synthetic/pilot_v2_r2/train/001,0.13013648986816406
3.1525897068362174,0.005789824282588896,0.042785106457019495,0.07052045799803608,444,0.3777444821706504,0.08075172566191925,0.013036989153972674,local_plane_proxy,588,0.6731698513031006,60001,0.3754541873931885,0.7229766307105925,0.2615437082839607,65,0.015479661005446847,0,001_00,reliable_visible_extent,444,206,65,synthetic/pilot_v2_r2/train/001,0.1190938949584961
3.044391238695488,0.005617161781055202,0.037667771417668305,0.06512873980363457,445,0.3784015535821359,0.1053594663253577,0.01276969660936704,local_plane_proxy,616,0.624005913734436,60001,0.35378575325012207,0.685903860179416,0.30130416423490236,65,0.01279197558568162,0,001_00,reliable_visible_extent,445,206,65,synthetic/pilot_v2_r2/train/001,0.11620903015136719
4.600565046488775,0.005459906924967672,0.03733429658503695,0.06512403811886502,446,0.3905147738771846,0.0942996459352392,0.01306108509535655,local_plane_proxy,615,0.6186172962188721,60001,0.3482487201690674,0.644967021689634,0.34374289004999037,68,0.011290088260375595,0,001_00,reliable_visible_extent,446,206,68,synthetic/pilot_v2_r2/train/001,0.07569694519042969
3.394723054915217,0.005617157006016171,0.03766777367162,0.06512622589226044,447,0.3848924498153581,0.10437130748492814,0.01398769701480468,local_plane_proxy,627,0.6151243448257446,60001,0.3553144931793213,0.6786004629842746,0.3099478057646671,67,0.01145173125105841,0,001_00,reliable_visible_extent,447,206,67,synthetic/pilot_v2_r2/train/001,0.10466670989990234
3.1425704641082732,0.005788513986507926,0.04329488424174244,0.06512731171558239,448,0.3964949361897885,0.10918203103291613,0.01306101910126712,local_plane_proxy,653,0.6117134094238281,60001,0.3782169818878174,0.6485971270095553,0.3294774062072345,71,0.021925466783210182,0,001_00,reliable_visible_extent,448,206,71,synthetic/pilot_v2_r2/train/001,0.12035274505615234
,,,,37,,,,fewer_than_20_ground_returns,0,,60001,,,,1,,0,002_00,fewer_than_10_distinct_returns,37,206,1,synthetic/pilot_v2_r2/train/002,
,,,,87,,,,fewer_than_20_ground_returns,0,,60001,,,,1,,0,002_00,fewer_than_10_distinct_returns,87,206,1,synthetic/pilot_v2_r2/train/002,
,,,,91,,,,fewer_than_20_ground_returns,0,,60001,,,,1,,0,002_00,fewer_than_10_distinct_returns,91,206,1,synthetic/pilot_v2_r2/train/002,
,,,,92,,,,fewer_than_20_ground_returns,0,,60001,,,,1,,0,002_00,fewer_than_10_distinct_returns,92,206,1,synthetic/pilot_v2_r2/train/002,
,,,,100,,,,fewer_than_20_ground_returns,0,,60001,,,,1,,0,002_00,fewer_than_10_distinct_returns,100,206,1,synthetic/pilot_v2_r2/train/002,
,,,,103,,,,fewer_than_20_ground_returns,0,,60001,,,,1,,0,002_00,fewer_than_10_distinct_returns,103,206,1,synthetic/pilot_v2_r2/train/002,
,,,,110,,,,fewer_than_20_ground_returns,0,,60001,,,,1,,0,002_00,fewer_than_10_distinct_returns,110,206,1,synthetic/pilot_v2_r2/train/002,
,,,,111,,,,fewer_than_20_ground_returns,0,,60001,,,,2,,0,002_00,fewer_than_10_distinct_returns,111,206,2,synthetic/pilot_v2_r2/train/002,
,,,,112,,,,fewer_than_20_ground_returns,0,,60001,,,,1,,0,002_00,fewer_than_10_distinct_returns,112,206,1,synthetic/pilot_v2_r2/train/002,
,,,,113,,,,fewer_than_20_ground_returns,0,,60001,,,,1,,0,002_00,fewer_than_10_distinct_returns,113,206,1,synthetic/pilot_v2_r2/train/002,
,,,,114,,,,fewer_than_20_ground_returns,0,,60001,,,,1,,0,002_00,fewer_than_10_distinct_returns,114,206,1,synthetic/pilot_v2_r2/train/002,
,,,,115,,,,fewer_than_20_ground_returns,0,,60001,,,,2,,0,002_00,fewer_than_10_distinct_returns,115,206,2,synthetic/pilot_v2_r2/train/002,
,,,,116,,,,fewer_than_20_ground_returns,0,,60001,,,,1,,0,002_00,fewer_than_10_distinct_returns,116,206,1,synthetic/pilot_v2_r2/train/002,
,,,,117,,,,fewer_than_20_ground_returns,0,,60001,,,,1,,0,002_00,fewer_than_10_distinct_returns,117,206,1,synthetic/pilot_v2_r2/train/002,
,,,,118,,,,fewer_than_20_ground_returns,0,,60001,,,,1,,0,002_00,fewer_than_10_distinct_returns,118,206,1,synthetic/pilot_v2_r2/train/002,
,,,,119,,,,fewer_than_20_ground_returns,0,,60001,,,,1,,0,002_00,fewer_than_10_distinct_returns,119,206,1,synthetic/pilot_v2_r2/train/002,
,,,,120,,,,fewer_than_20_ground_returns,0,,60001,,,,1,,0,002_00,fewer_than_10_distinct_returns,120,206,1,synthetic/pilot_v2_r2/train/002,
,,,,121,,,,fewer_than_20_ground_returns,0,,60001,,,,1,,0,002_00,fewer_than_10_distinct_returns,121,206,1,synthetic/pilot_v2_r2/train/002,
,,,,122,,,,fewer_than_20_ground_returns,0,,60001,,,,1,,0,002_00,fewer_than_10_distinct_returns,122,206,1,synthetic/pilot_v2_r2/train/002,
,,,,124,,,,fewer_than_20_ground_returns,0,,60001,,,,2,,0,002_00,fewer_than_10_distinct_returns,124,206,2,synthetic/pilot_v2_r2/train/002,
,,,,125,,,,fewer_than_20_ground_returns,0,,60001,,,,1,,0,002_00,fewer_than_10_distinct_returns,125,206,1,synthetic/pilot_v2_r2/train/002,
,,,,135,,,,fewer_than_20_ground_returns,0,,60001,,,,1,,0,002_00,fewer_than_10_distinct_returns,135,206,1,synthetic/pilot_v2_r2/train/002,
,,,,136,,,,fewer_than_20_ground_returns,0,,60001,,,,1,,0,002_00,fewer_than_10_distinct_returns,136,206,1,synthetic/pilot_v2_r2/train/002,
,,,,137,,,,fewer_than_20_ground_returns,0,,60001,,,,1,,0,002_00,fewer_than_10_distinct_returns,137,206,1,synthetic/pilot_v2_r2/train/002,
,,,,139,,,,fewer_than_20_ground_returns,0,,60001,,,,2,,0,002_00,fewer_than_10_distinct_returns,139,206,2,synthetic/pilot_v2_r2/train/002,
,,,,140,,,,fewer_than_20_ground_returns,0,,60001,,,,1,,0,002_00,fewer_than_10_distinct_returns,140,206,1,synthetic/pilot_v2_r2/train/002,
,,,,141,,,,fewer_than_20_ground_returns,0,,60001,,,,2,,0,002_00,fewer_than_10_distinct_returns,141,206,2,synthetic/pilot_v2_r2/train/002,
,,,,142,,,,fewer_than_20_ground_returns,0,,60001,,,,1,,0,002_00,fewer_than_10_distinct_returns,142,206,1,synthetic/pilot_v2_r2/train/002,
,,,,147,,,,fewer_than_20_ground_returns,0,,60001,,,,1,,0,002_00,fewer_than_10_distinct_returns,147,206,1,synthetic/pilot_v2_r2/train/002,
,,,,148,,,,fewer_than_20_ground_returns,0,,60001,,,,2,,0,002_00,fewer_than_10_distinct_returns,148,206,2,synthetic/pilot_v2_r2/train/002,
,,,,149,,,,fewer_than_20_ground_returns,0,,60001,,,,1,,0,002_00,fewer_than_10_distinct_returns,149,206,1,synthetic/pilot_v2_r2/train/002,
,,,,154,,,,fewer_than_20_ground_returns,0,,60001,,,,1,,0,002_00,fewer_than_10_distinct_returns,154,206,1,synthetic/pilot_v2_r2/train/002,
,,,,163,,,,fewer_than_20_ground_returns,0,,60001,,,,1,,0,002_00,fewer_than_10_distinct_returns,163,206,1,synthetic/pilot_v2_r2/train/002,
,,,,164,,,,fewer_than_20_ground_returns,0,,60001,,,,1,,0,002_00,fewer_than_10_distinct_returns,164,206,1,synthetic/pilot_v2_r2/train/002,
,,,,165,,,,fewer_than_20_ground_returns,0,,60001,,,,1,,0,002_00,fewer_than_10_distinct_returns,165,206,1,synthetic/pilot_v2_r2/train/002,
,,,,167,,,,fewer_than_20_ground_returns,0,,60001,,,,1,,0,002_00,fewer_than_10_distinct_returns,167,206,1,synthetic/pilot_v2_r2/train/002,
,,,,196,,,,fewer_than_20_ground_returns,0,,60001,,,,1,,0,002_00,fewer_than_10_distinct_returns,196,206,1,synthetic/pilot_v2_r2/train/002,
,,,,198,,,,fewer_than_20_ground_returns,0,,60001,,,,2,,0,002_00,fewer_than_10_distinct_returns,198,206,2,synthetic/pilot_v2_r2/train/002,
,,,,199,,,,fewer_than_20_ground_returns,0,,60001,,,,4,,0,002_00,fewer_than_10_distinct_returns,199,206,4,synthetic/pilot_v2_r2/train/002,
,,,,200,,,,fewer_than_20_ground_returns,0,,60001,,,,4,,0,002_00,fewer_than_10_distinct_returns,200,206,4,synthetic/pilot_v2_r2/train/002,
,,,,201,,,,fewer_than_20_ground_returns,0,,60001,,,,2,,0,002_00,fewer_than_10_distinct_returns,201,206,2,synthetic/pilot_v2_r2/train/002,
,,,,202,,,,fewer_than_20_ground_returns,0,,60001,,,,4,,0,002_00,fewer_than_10_distinct_returns,202,206,4,synthetic/pilot_v2_r2/train/002,
,,,,203,,,,fewer_than_20_ground_returns,0,,60001,,,,2,,0,002_00,fewer_than_10_distinct_returns,203,206,2,synthetic/pilot_v2_r2/train/002,
,,,,204,,,,fewer_than_20_ground_returns,0,,60001,,,,6,,0,002_00,fewer_than_10_distinct_returns,204,206,6,synthetic/pilot_v2_r2/train/002,
,,,,205,,,,fewer_than_20_ground_returns,0,,60001,,,,2,,0,002_00,fewer_than_10_distinct_returns,205,206,2,synthetic/pilot_v2_r2/train/002,
,,,,206,,,,fewer_than_20_ground_returns,0,,60001,,,,1,,0,002_00,fewer_than_10_distinct_returns,206,206,1,synthetic/pilot_v2_r2/train/002,
,,,,209,,,,fewer_than_20_ground_returns,0,,60001,,,,1,,0,002_00,fewer_than_10_distinct_returns,209,206,1,synthetic/pilot_v2_r2/train/002,
,,,,210,,,,fewer_than_20_ground_returns,0,,60001,,,,2,,0,002_00,fewer_than_10_distinct_returns,210,206,2,synthetic/pilot_v2_r2/train/002,
,,,,253,,,,fewer_than_20_ground_returns,0,,60001,,,,1,,0,002_00,fewer_than_10_distinct_returns,253,206,1,synthetic/pilot_v2_r2/train/002,
,,,,256,,,,fewer_than_20_ground_returns,2,,60001,,,,6,,0,002_00,fewer_than_10_distinct_returns,256,206,6,synthetic/pilot_v2_r2/train/002,
,,,,258,,,,fewer_than_20_ground_returns,0,,60001,,,,1,,0,002_00,fewer_than_10_distinct_returns,258,206,1,synthetic/pilot_v2_r2/train/002,
,,,,259,,,,fewer_than_20_ground_returns,7,,60001,,,,2,,0,002_00,fewer_than_10_distinct_returns,259,206,2,synthetic/pilot_v2_r2/train/002,
,,,,261,,,,fewer_than_20_ground_returns,0,,60001,,,,1,,0,002_00,fewer_than_10_distinct_returns,261,206,1,synthetic/pilot_v2_r2/train/002,
,,,,262,,,,fewer_than_20_ground_returns,8,,60001,,,,5,,0,002_00,fewer_than_10_distinct_returns,262,206,5,synthetic/pilot_v2_r2/train/002,
,,,,266,,,,fewer_than_20_ground_returns,5,,60001,,,,1,,0,002_00,fewer_than_10_distinct_returns,266,206,1,synthetic/pilot_v2_r2/train/002,
,,,,268,,,,fewer_than_20_ground_returns,8,,60001,,,,2,,0,002_00,fewer_than_10_distinct_returns,268,206,2,synthetic/pilot_v2_r2/train/002,
,,,,269,,,,fewer_than_20_ground_returns,7,,60001,,,,1,,0,002_00,fewer_than_10_distinct_returns,269,206,1,synthetic/pilot_v2_r2/train/002,
,,,,270,,,,fewer_than_20_ground_returns,8,,60001,,,,3,,0,002_00,fewer_than_10_distinct_returns,270,206,3,synthetic/pilot_v2_r2/train/002,
,,,,271,,,,fewer_than_20_ground_returns,8,,60001,,,,6,,0,002_00,fewer_than_10_distinct_returns,271,206,6,synthetic/pilot_v2_r2/train/002,
,,,,272,,,,fewer_than_20_ground_returns,3,,60001,,,,4,,0,002_00,fewer_than_10_distinct_returns,272,206,4,synthetic/pilot_v2_r2/train/002,
,,,,274,,,,fewer_than_20_ground_returns,10,,60001,,,,1,,0,002_00,fewer_than_10_distinct_returns,274,206,1,synthetic/pilot_v2_r2/train/002,
,,,,278,,,,fewer_than_20_ground_returns,7,,60001,,,,5,,0,002_00,fewer_than_10_distinct_returns,278,206,5,synthetic/pilot_v2_r2/train/002,
,,,,279,,,,fewer_than_20_ground_returns,10,,60001,,,,4,,0,002_00,fewer_than_10_distinct_returns,279,206,4,synthetic/pilot_v2_r2/train/002,
,,,,280,,,,fewer_than_20_ground_returns,6,,60001,,,,6,,0,002_00,fewer_than_10_distinct_returns,280,206,6,synthetic/pilot_v2_r2/train/002,
,,,,281,,,,fewer_than_20_ground_returns,9,,60001,,,,8,,0,002_00,fewer_than_10_distinct_returns,281,206,8,synthetic/pilot_v2_r2/train/002,
,,,,282,,,,fewer_than_20_ground_returns,8,,60001,,,,6,,0,002_00,fewer_than_10_distinct_returns,282,206,6,synthetic/pilot_v2_r2/train/002,
,,,,283,,,,fewer_than_20_ground_returns,9,,60001,,,,6,,0,002_00,fewer_than_10_distinct_returns,283,206,6,synthetic/pilot_v2_r2/train/002,
,,,,284,,,,fewer_than_20_ground_returns,17,,60001,,,,4,,0,002_00,fewer_than_10_distinct_returns,284,206,4,synthetic/pilot_v2_r2/train/002,
,,,,285,,,,fewer_than_20_ground_returns,15,,60001,,,,7,,0,002_00,fewer_than_10_distinct_returns,285,206,7,synthetic/pilot_v2_r2/train/002,
1.1512691299110274,0.005339460751077052,0.018718281431959305,0.018143862041565973,286,,,,fewer_than_20_ground_returns,17,0.5901027508080006,60001,0.5669059753417969,0.2636080018013817,0.49120503030803636,13,0.24518696789058192,0,002_00,reliable_visible_extent,286,206,13,synthetic/pilot_v2_r2/train/002,0.4924182891845703
1.20513545157253,0.0058254069870514735,0.018718214928372667,0.03070149130534352,287,,,,fewer_than_20_ground_returns,18,0.9917194545269012,60001,0.5124092102050781,0.41425198576316025,0.4706464804662406,12,0.11510153377059919,0,002_00,reliable_visible_extent,287,206,12,synthetic/pilot_v2_r2/train/002,0.4251880645751953
1.4315083995573885,0.005825415148069335,0.013068301165330531,0.030705690783604175,288,0.6928181447180985,0.25907628141260547,0.015327741573381577,local_plane_proxy,21,0.9838728904724121,60001,0.4342842102050781,0.6726398586600273,0.2736819787593233,10,0.053678162580649336,0,002_00,reliable_visible_extent,288,206,10,synthetic/pilot_v2_r2/train/002,0.303375244140625
1.1795757388715415,0.005825390353914939,0.018718297645702542,0.03070688935406926,289,0.6808436888768956,0.26410382385641246,0.018822457843335014,local_plane_proxy,22,0.9794210195541382,60001,0.4957256317138672,0.6269570592189077,0.2769545902744575,11,0.09608835050663478,0,002_00,reliable_visible_extent,289,206,11,synthetic/pilot_v2_r2/train/002,0.420257568359375
1.4313791365697968,0.005825453572559813,0.018718264476972557,0.03070996522442363,290,0.6408284874019312,0.13284410715496384,0.022317462375059088,local_plane_proxy,26,0.9724613726139069,60001,0.5363330841064453,0.6323360999168519,0.3372332980606463,11,0.03043060202250178,0,002_00,reliable_visible_extent,290,206,11,synthetic/pilot_v2_r2/train/002,0.3746967315673828
,,,,291,0.6236251876972653,0.115507571161188,0.024322695396749083,local_plane_proxy,22,,60001,,,,9,,0,002_00,fewer_than_10_distinct_returns,291,206,9,synthetic/pilot_v2_r2/train/002,
1.3076936871505875,0.006135899851571591,0.018893700356032994,0.024432295513366592,292,0.4705228116957043,0.16416446260926074,0.02056167189599037,local_plane_proxy,21,0.7649354338645935,60001,0.5563449859619141,0.5159474906526604,0.4381533049820006,11,0.04589920436533897,0,002_00,reliable_visible_extent,292,206,11,synthetic/pilot_v2_r2/train/002,0.42543983459472656
1.1801985696747666,0.006135889754012136,0.018407789230988847,0.02443499839862208,293,0.5236790561288274,0.12389587863930172,0.036053331828811416,local_plane_proxy,22,0.7622127830982208,60001,0.4620685577392578,0.6129841422110822,0.33571307428608343,10,0.05130278350283439,0,002_00,reliable_visible_extent,293,206,10,synthetic/pilot_v2_r2/train/002,0.39151763916015625
1.0822817403739344,0.005649937643808056,0.018407822203708513,0.03070044810312532,294,0.5694524821834157,0.15892276991865864,0.03605339684562604,local_plane_proxy,28,0.9563631117343903,60001,0.4850273132324219,0.6855950432113844,0.17316910071691285,12,0.14123585607170272,0,002_00,reliable_visible_extent,294,206,12,synthetic/pilot_v2_r2/train/002,0.4481525421142578
,,,,295,0.5785846111641753,0.24044240675299364,0.03599268647335435,local_plane_proxy,24,,60001,,,,8,,0,002_00,fewer_than_10_distinct_returns,295,206,8,synthetic/pilot_v2_r2/train/002,
,,,,296,0.5758637618695245,0.23882036831875836,0.03692562037909211,local_plane_proxy,27,,60001,,,,5,,0,002_00,fewer_than_10_distinct_returns,296,206,5,synthetic/pilot_v2_r2/train/002,
,,,,297,,,,fewer_than_20_ground_returns,18,,60001,,,,6,,0,002_00,fewer_than_10_distinct_returns,297,206,6,synthetic/pilot_v2_r2/train/002,
,,,,298,0.6079108009659204,0.290546168155726,0.03443888243121645,local_plane_proxy,23,,60001,,,,5,,0,002_00,fewer_than_10_distinct_returns,298,206,5,synthetic/pilot_v2_r2/train/002,
,,,,299,0.5516255068981596,0.1517509105081868,0.034725071127438535,local_plane_proxy,22,,60001,,,,7,,0,002_00,fewer_than_10_distinct_returns,299,206,7,synthetic/pilot_v2_r2/train/002,
,,,,300,,,,fewer_than_20_ground_returns,16,,60001,,,,7,,0,002_00,fewer_than_10_distinct_returns,300,206,7,synthetic/pilot_v2_r2/train/002,
,,,,301,,,,fewer_than_20_ground_returns,19,,60001,,,,7,,0,002_00,fewer_than_10_distinct_returns,301,206,7,synthetic/pilot_v2_r2/train/002,
,,,,302,,,,insufficient_plane_inliers,22,,60001,,,,7,,0,002_00,fewer_than_10_distinct_returns,302,206,7,synthetic/pilot_v2_r2/train/002,
,,,,303,,,,insufficient_plane_inliers,20,,60001,,,,9,,0,002_00,fewer_than_10_distinct_returns,303,206,9,synthetic/pilot_v2_r2/train/002,
,,,,304,,,,fewer_than_20_ground_returns,19,,60001,,,,8,,0,002_00,fewer_than_10_distinct_returns,304,206,8,synthetic/pilot_v2_r2/train/002,
,,,,305,0.7641775271774809,0.27473411039227397,0.03889723967307287,local_plane_proxy,21,,60001,,,,9,,0,002_00,fewer_than_10_distinct_returns,305,206,9,synthetic/pilot_v2_r2/train/002,
1.3972450415286162,0.0059278085453234874,0.012866447531042269,0.030184260991700466,306,,,,insufficient_plane_inliers,21,0.9021826088428497,60001,0.46974945068359375,0.6496316312340803,0.2848850299943739,10,0.06548333877154576,0,002_00,reliable_visible_extent,306,206,10,synthetic/pilot_v2_r2/train/002,0.3361968994140625
,,,,307,,,,insufficient_plane_inliers,20,,60001,,,,8,,0,002_00,fewer_than_10_distinct_returns,307,206,8,synthetic/pilot_v2_r2/train/002,
,,,,308,0.8607530401005887,0.5547524729636167,0.03638576288382483,local_plane_proxy,24,,60001,,,,4,,0,002_00,fewer_than_10_distinct_returns,308,206,4,synthetic/pilot_v2_r2/train/002,
,,,,309,0.7285695121374456,0.537451877380188,0.033385587074736225,local_plane_proxy,25,,60001,,,,5,,0,002_00,fewer_than_10_distinct_returns,309,206,5,synthetic/pilot_v2_r2/train/002,
,,,,310,0.6645082486416521,0.3246444318376881,0.027141287008904003,local_plane_proxy,32,,60001,,,,8,,0,002_00,fewer_than_10_distinct_returns,310,206,8,synthetic/pilot_v2_r2/train/002,
,,,,311,0.6897655701961832,0.19265024657313168,0.03686399714562599,local_plane_proxy,33,,60001,,,,8,,0,002_00,fewer_than_10_distinct_returns,311,206,8,synthetic/pilot_v2_r2/train/002,
,,,,312,0.7169422468611545,0.14966039894872202,0.0375130869655225,local_plane_proxy,31,,60001,,,,9,,0,002_00,fewer_than_10_distinct_returns,312,206,9,synthetic/pilot_v2_r2/train/002,
,,,,313,0.7607360794297859,0.322945672002412,0.03390296360567377,local_plane_proxy,27,,60001,,,,7,,0,002_00,fewer_than_10_distinct_returns,313,206,7,synthetic/pilot_v2_r2/train/002,
,,,,314,0.7251719287117891,0.1004556645394748,0.02284801941022013,local_plane_proxy,22,,60001,,,,9,,0,002_00,fewer_than_10_distinct_returns,314,206,9,synthetic/pilot_v2_r2/train/002,
1.1845572399814197,0.011299811065181076,0.018407787706974155,0.030527205883013005,315,0.7449297581784879,0.18739344893741608,0.03004450170950818,local_plane_proxy,24,0.8840917944908142,60001,0.5350399017333984,0.5104555363906275,0.3296037316869759,10,0.15994073192239663,0,002_00,reliable_visible_extent,315,206,10,synthetic/pilot_v2_r2/train/002,0.4516792297363281
1.1654895224749786,0.00516389905244985,0.019379794907626646,0.030538646488792627,316,0.7115240679913184,0.16876957076240767,0.035393404000622776,local_plane_proxy,31,0.8824541419744492,60001,0.5901451110839844,0.5796768557401228,0.28625504318826683,14,0.13406810107161032,0,002_00,reliable_visible_extent,316,206,14,synthetic/pilot_v2_r2/train/002,0.5063495635986328
,,,,317,0.622018481410824,0.23292879717545076,0.032625186238325284,local_plane_proxy,34,,60001,,,,8,,0,002_00,fewer_than_10_distinct_returns,317,206,8,synthetic/pilot_v2_r2/train/002,
1.4764848136724815,0.011686425564051306,0.024930335403356985,0.03052814400269636,318,0.6992685554233226,0.25513078681126244,0.031228093209263015,local_plane_proxy,31,0.8684299439191818,60001,0.6765823364257812,0.2996237370343271,0.5381047177741269,10,0.16227154519154588,0,002_00,reliable_visible_extent,318,206,10,synthetic/pilot_v2_r2/train/002,0.4582386016845703
1.1906673950651006,0.011299795183833505,0.013243971665845677,0.030527496594860436,319,0.6387712216374599,0.1842401372070547,0.03364651532841733,local_plane_proxy,30,0.8694880455732346,60001,0.4988517761230469,0.6504645497525617,0.20076544472645522,10,0.14877000552098305,0,002_00,reliable_visible_extent,319,206,10,synthetic/pilot_v2_r2/train/002,0.41896820068359375
1.0610117717786027,0.011299770400272857,0.019379819299651047,0.030529457980152414,320,0.6934659477658184,0.2532222302777684,0.036669221415871506,local_plane_proxy,35,0.8617488890886307,60001,0.4982032775878906,0.4605970178664751,0.4558288213937644,11,0.08357416073976046,0,002_00,reliable_visible_extent,320,206,11,synthetic/pilot_v2_r2/train/002,0.4695549011230469
1.08564429558126,0.005823937116512967,0.012582332869528479,0.030187707156061713,321,0.8599183980323006,0.1503924698079763,0.04160067175022405,local_plane_proxy,35,0.8502935767173767,60001,0.39813804626464844,0.8569725376172129,0.09075355787754967,10,0.05227390450523745,0,002_00,reliable_visible_extent,321,206,10,synthetic/pilot_v2_r2/train/002,0.366729736328125
1.0046242137064214,0.006039345778905525,0.019204219001592193,0.030711691844924928,322,0.8061546913061749,0.2643212344600121,0.03524736546480768,local_plane_proxy,38,0.8600236475467682,60001,0.4864788055419922,0.5537956384597361,0.38990522195095156,11,0.05629913958931227,0,002_00,reliable_visible_extent,322,206,11,synthetic/pilot_v2_r2/train/002,0.4842395782470703
1.241109920831918,0.011475408961179934,0.01919997488442604,0.0244263503553367,323,0.8116724312767931,0.3926563895465597,0.030001000268521545,local_plane_proxy,36,0.6836790107190609,60001,0.5436058044433594,0.22594374852100868,0.6414537193700331,11,0.13260253210895817,0,002_00,reliable_visible_extent,323,206,11,synthetic/pilot_v2_r2/train/002,0.4379997253417969
1.780938360718017,0.011475392978826049,0.02475759951494183,0.030534259605282263,324,0.7006995447436141,0.20300429486343763,0.033895614819901755,local_plane_proxy,34,0.8477703630924225,60001,0.7153129577636719,0.3503429240781578,0.5571069526925045,12,0.09255012322933766,0,002_00,reliable_visible_extent,324,206,12,synthetic/pilot_v2_r2/train/002,0.40164947509765625
1.2417006908195083,0.006135926770024724,0.02454366950977871,0.024424669841432066,325,0.8535617272465602,0.4667821678365348,0.030422519739424187,local_plane_proxy,36,0.6787157095968723,60001,0.5499038696289062,0.2907788863197297,0.5777191576569007,13,0.1315019560233696,0,002_00,reliable_visible_extent,325,206,13,synthetic/pilot_v2_r2/train/002,0.44286346435546875
1.4773558806728322,0.011475437396643695,0.01871820384450551,0.030707376854528713,326,0.6644400191244118,0.22401426053568807,0.035235156694448114,local_plane_proxy,36,0.8483878076076508,60001,0.5968761444091797,0.5033551128071608,0.3843800518140527,13,0.11226483537878641,0,002_00,reliable_visible_extent,326,206,13,synthetic/pilot_v2_r2/train/002,0.40401649475097656
1.3660531497982022,0.011475391587088546,0.018893738472736565,0.030186138569288905,327,0.7080774108703727,0.2456057492240174,0.034740063311992316,local_plane_proxy,31,0.8327859342098236,60001,0.5345420837402344,0.42522220359201457,0.5400481811174787,10,0.03472961529050677,0,002_00,reliable_visible_extent,327,206,10,synthetic/pilot_v2_r2/train/002,0.39130401611328125
1.1791755959150934,0.011299844341598142,0.019379759120598194,0.030539106763795395,328,0.6144709827118789,0.1597798159929782,0.03420012306117972,local_plane_proxy,39,0.8435658812522888,60001,0.5635814666748047,0.5273054341146113,0.37350334303181626,11,0.09919122285357249,0,002_00,reliable_visible_extent,328,206,11,synthetic/pilot_v2_r2/train/002,0.47794532775878906
1.1491313591674204,0.011885274078031083,0.024543631773510377,0.03680395319721017,329,0.6061433706626331,0.08790023628539867,0.036728437405490574,local_plane_proxy,35,1.0104258209466934,60001,0.5597820281982422,0.6526147580945998,0.2628744451499262,16,0.08451079675547399,0,002_00,reliable_visible_extent,329,206,16,synthetic/pilot_v2_r2/train/002,0.4871349334716797
1.0566553559654568,0.00564677464421004,0.018895432314762317,0.03680840199547992,330,0.6252620324430467,0.08541364567809076,0.033669701452278315,local_plane_proxy,36,1.0109892059117556,60001,0.5012969970703125,0.6512719956924569,0.2368363820340608,14,0.11189162227348233,0,002_00,reliable_visible_extent,330,206,14,synthetic/pilot_v2_r2/train/002,0.47441864013671875
1.2558467186180522,0.011469154878610999,0.01889698761487235,0.03071962355106697,331,0.6875182922574417,0.16953462513259576,0.03633687672965369,local_plane_proxy,37,0.8464802950620651,60001,0.5474472045898438,0.6962833325382409,0.19105061114064234,14,0.11266605632111674,0,002_00,reliable_visible_extent,331,206,14,synthetic/pilot_v2_r2/train/002,0.43591880798339844
1.6412004685086374,0.005747778762579481,0.019210391171146313,0.030707538173603076,332,0.7732842778084466,0.1735748089261321,0.03479010290132176,local_plane_proxy,41,0.8345946073532104,60001,0.5532283782958984,0.6124830893452493,0.3432719575796119,14,0.04424495307513878,0,002_00,reliable_visible_extent,332,206,14,synthetic/pilot_v2_r2/train/002,0.33708763122558594
1.1355599969252057,0.005646721143302003,0.019210401492362195,0.030713061194098036,333,0.584448413830892,0.14390224893683556,0.030504876314588914,local_plane_proxy,37,0.8370185196399689,60001,0.5071735382080078,0.6276363997980138,0.3100860624914493,16,0.0622775377105369,0,002_00,reliable_visible_extent,333,206,16,synthetic/pilot_v2_r2/train/002,0.4466285705566406
1.0490209384678026,0.011469174273508465,0.019210366949657498,0.03070770504166638,334,0.68572894639359,0.27296453508011326,0.03655681770281499,local_plane_proxy,40,0.8288548439741135,60001,0.48648834228515625,0.3999545213233512,0.47609731911820996,14,0.12394815955843885,0,002_00,reliable_visible_extent,334,206,14,synthetic/pilot_v2_r2/train/002,0.46375465393066406
1.1761517834719983,0.011469175463775572,0.025031260483540763,0.036641212255829426,335,0.7358537576428223,0.12749493089821673,0.03300409084062226,local_plane_proxy,43,0.987538605928421,60001,0.5538291931152344,0.4141970240840184,0.5110008284430347,11,0.07480214747294683,0,002_00,reliable_visible_extent,335,206,11,synthetic/pilot_v2_r2/train/002,0.4708824157714844
1.1350694746281496,0.011467666759321427,0.01921043023684632,0.036633562298572286,336,0.7748465767944308,0.19781666954345545,0.03753197718811535,local_plane_proxy,39,0.9805214405059814,60001,0.47319602966308594,0.6270211642020364,0.297633335245035,13,0.07534550055292867,0,002_00,reliable_visible_extent,336,206,13,synthetic/pilot_v2_r2/train/002,0.4168872833251953
1.0178866718112667,0.011467667506610546,0.01921047347955973,0.03018625960402138,337,0.7295218621020597,0.22804087671239354,0.03849875642892682,local_plane_proxy,40,0.8066062033176422,60001,0.4226646423339844,0.48866678499511057,0.45692010098163344,12,0.05441311402325602,0,002_00,reliable_visible_extent,337,206,12,synthetic/pilot_v2_r2/train/002,0.4152374267578125
1.3271982913649099,0.011469180637472376,0.024858762586262628,0.030185667515198376,338,0.73758264036593,0.2331422144989439,0.03359907755955048,local_plane_proxy,41,0.8025180399417877,60001,0.5701007843017578,0.2664830338431699,0.6500144830697533,10,0.08350248308707682,0,002_00,reliable_visible_extent,338,206,10,synthetic/pilot_v2_r2/train/002,0.4295520782470703
1.1430282149815711,0.01146764691624036,0.018722837424201444,0.030187117396945594,339,0.66505005012317,0.15235513192767103,0.0345018514465857,local_plane_proxy,44,0.800129622220993,60001,0.44422149658203125,0.6950106725874211,0.27017809465895387,12,0.03481123275362498,0,002_00,reliable_visible_extent,339,206,12,synthetic/pilot_v2_r2/train/002,0.38863563537597656
1.1184358717039673,0.011467633714661973,0.01921047439054213,0.030187649073466986,340,0.6568974427896674,0.14481155940560575,0.03380117782131938,local_plane_proxy,40,0.798775315284729,60001,0.4867877960205078,0.5870927060837476,0.3635076480338775,14,0.049399645882374846,0,002_00,reliable_visible_extent,340,206,14,synthetic/pilot_v2_r2/train/002,0.4352397918701172
1.1365480312653855,0.011467622956881862,0.024858755670705612,0.03663119212058504,341,0.7114121112600263,0.2105118165021378,0.03516646262576886,local_plane_proxy,40,0.9614285677671432,60001,0.5327720642089844,0.5388966494943481,0.3850540024499416,12,0.07604934805571029,0,002_00,reliable_visible_extent,341,206,12,synthetic/pilot_v2_r2/train/002,0.4687633514404297
1.3513793293827523,0.006134331224687095,0.019210405846351364,0.03663372885057709,342,0.7685524231959715,0.10397740071879254,0.03747127824274739,local_plane_proxy,39,0.9578293412923813,60001,0.5602359771728516,0.6827221725954081,0.24896271855020674,15,0.06831510885438517,0,002_00,reliable_visible_extent,342,206,15,synthetic/pilot_v2_r2/train/002,0.4145660400390625
1.2143097783220969,0.011467604974888967,0.025346321925951543,0.036630757836012585,343,0.7369992912918151,0.1928835908774272,0.03127320104219286,local_plane_proxy,41,0.9533785730600357,60001,0.5843620300292969,0.3149023823598168,0.5432864933412827,15,0.1418111242989006,0,002_00,reliable_visible_extent,343,206,15,synthetic/pilot_v2_r2/train/002,0.4812297821044922
1.0704455293273287,0.011469194843639507,0.01921196644900114,0.03663429804296016,344,0.7310334534125376,0.1839807762245947,0.034461781015190804,local_plane_proxy,40,0.9500874876976013,60001,0.5177497863769531,0.611282455248347,0.28760963515166293,13,0.10110790959999004,0,002_00,reliable_visible_extent,344,206,13,synthetic/pilot_v2_r2/train/002,0.4836769104003906
1.0066278069756331,0.011467624187676773,0.01921045280433198,0.0366359541762841,345,0.7469321166313774,0.09414598781067071,0.03310699312408753,local_plane_proxy,36,0.9470770806074142,60001,0.5023174285888672,0.7039447631894867,0.1952389691021547,15,0.10081626770835853,0,002_00,reliable_visible_extent,345,206,15,synthetic/pilot_v2_r2/train/002,0.4990100860595703
1.2015072844079269,0.011467611146854684,0.025031299044060873,0.03664024696722701,346,0.7386170704707592,0.1955629390421484,0.03426552669094695,local_plane_proxy,39,0.9481905102729797,60001,0.5728912353515625,0.4058073022104161,0.46879380627488865,16,0.12539889151469527,0,002_00,reliable_visible_extent,346,206,16,synthetic/pilot_v2_r2/train/002,0.4768104553222656
1.1734149180321887,0.011782654083155708,0.030679534616818493,0.03664223231474335,347,0.7241935580503762,0.07215046517549994,0.032809690860798144,local_plane_proxy,35,0.9436510652303696,60001,0.6134014129638672,0.6378386807304193,0.24803489657432373,15,0.11412642269525705,0,002_00,reliable_visible_extent,347,206,15,synthetic/pilot_v2_r2/train/002,0.5227489471435547
1.2108122133597523,0.011467658254261992,0.030679561413117895,0.03663795430108972,348,0.7189158397386479,0.18274278243209055,0.029932368013981248,local_plane_proxy,38,0.9365969747304916,60001,0.6853427886962891,0.2636850577067284,0.5786386252758178,17,0.1576763170174538,0,002_00,reliable_visible_extent,348,206,17,synthetic/pilot_v2_r2/train/002,0.5660190582275391
1.106530037829719,0.01146765556778806,0.019210409725994637,0.036639444370625524,349,0.698657278519076,0.15346078987827214,0.028306976541625027,local_plane_proxy,45,0.9336261749267578,60001,0.4903984069824219,0.5834217270204021,0.345589096674645,14,0.07098917630495293,0,002_00,reliable_visible_extent,349,206,14,synthetic/pilot_v2_r2/train/002,0.44318580627441406
1.018484515958468,0.006134308810034517,0.025346272513244728,0.03663897339785692,350,0.5596950332211139,0.06783638811308965,0.030010138288471017,local_plane_proxy,41,0.928899347782135,60001,0.5363979339599609,0.7636323698469714,0.16517190943799007,15,0.07119572071503857,0,002_00,reliable_visible_extent,350,206,15,synthetic/pilot_v2_r2/train/002,0.5266628265380859
1.0298351074932164,0.011467664356387575,0.019210339369168494,0.03663759209044981,351,0.650555795304243,0.08578220452105573,0.02338430747960771,local_plane_proxy,36,0.9245576560497284,60001,0.4705371856689453,0.709711093341732,0.21747168254570368,16,0.07281722411256426,0,002_00,reliable_visible_extent,351,206,16,synthetic/pilot_v2_r2/train/002,0.4569053649902344
1.248576338043819,0.011467685873402078,0.025346297160751874,0.036637331698543295,352,0.7148623420902309,0.10708140762290348,0.024647841363319656,local_plane_proxy,32,0.9241616725921631,60001,0.6001091003417969,0.41328205850935856,0.4719063311794854,19,0.11481161031115608,0,002_00,reliable_visible_extent,352,206,19,synthetic/pilot_v2_r2/train/002,0.4806346893310547
1.3787713558705925,0.005644948879471645,0.02503123973839383,0.03663487064327285,353,0.7077143192318767,0.12306854494532678,0.02818936617312188,local_plane_proxy,43,0.9165365397930145,60001,0.5498275756835938,0.6310130501450567,0.29493135816419275,17,0.07405559169075059,0,002_00,reliable_visible_extent,353,206,17,synthetic/pilot_v2_r2/train/002,0.39878082275390625
1.244761918127342,0.011956763344483035,0.031167119629111895,0.03663363602118452,354,0.7146671297616759,0.11235075559527141,0.026240194324236594,local_plane_proxy,36,0.911064624786377,60001,0.6767120361328125,0.5489103886280844,0.31799654326192994,16,0.13309306810998564,0,002_00,reliable_visible_extent,354,206,16,synthetic/pilot_v2_r2/train/002,0.5436477661132812
1.0959969815659922,0.011467677498958051,0.019210374192202728,0.03663667938932111,355,0.6468746297157666,0.0943701284375208,0.023491221377017514,local_plane_proxy,32,0.9070277661085129,60001,0.46540069580078125,0.7015402208619838,0.24022247421784457,16,0.05823730492017162,0,002_00,reliable_visible_extent,355,206,16,synthetic/pilot_v2_r2/train/002,0.4246368408203125
1.1193249817373598,0.006449159044252806,0.025031275082575632,0.036648060213747356,356,0.6131335457813634,0.06604610231606624,0.02204370232571344,local_plane_proxy,33,0.9121684581041336,60001,0.5494403839111328,0.5294826778597082,0.37803218228748925,18,0.09248513985280266,0,002_00,reliable_visible_extent,356,206,18,synthetic/pilot_v2_r2/train/002,0.49086761474609375
1.1706481779786309,0.01146770770972838,0.025031262955043765,0.03663776072602876,357,0.6856677901099117,0.10174035845062712,0.02722553558543623,local_plane_proxy,37,0.899728536605835,60001,0.5059356689453125,0.4909647216321046,0.43668874861248946,17,0.07234652975540597,0,002_00,reliable_visible_extent,357,206,17,synthetic/pilot_v2_r2/train/002,0.43218421936035156
1.204431795254837,0.006134376268105202,0.025346355800958342,0.03663276369883831,358,0.7693251701057049,0.24859501973906015,0.029480625777933273,local_plane_proxy,45,0.8915082067251205,60001,0.53515625,0.4000549845023432,0.5610563632771468,14,0.03888865222050997,0,002_00,reliable_visible_extent,358,206,14,synthetic/pilot_v2_r2/train/002,0.4443225860595703
1.0111061387294484,0.006135923322194148,0.025346292035718143,0.03663289388614987,359,0.7104719860134455,0.1803428691031285,0.026936526544759167,local_plane_proxy,44,0.8903834223747253,60001,0.49558448791503906,0.46796283488400453,0.4136666657818166,18,0.11837049933417888,0,002_00,reliable_visible_extent,359,206,18,synthetic/pilot_v2_r2/train/002,0.4901409149169922
1.3534915248383113,0.011460891045195543,0.025346302695377965,0.042738012474689786,360,0.6759575510318023,0.18820566656877896,0.022067119434517186,local_plane_proxy,36,1.0317892730236053,60001,0.5979404449462891,0.49214577465209447,0.40856461539273226,19,0.09928960995517327,0,002_00,reliable_visible_extent,360,206,19,synthetic/pilot_v2_r2/train/002,0.4417762756347656
1.0298323927043203,0.011460985006592206,0.025346330266224015,0.036302811090033735,361,0.6747250545738741,0.22138061297766876,0.020000808935222044,local_plane_proxy,31,0.8794656097888947,60001,0.5526847839355469,0.3573511954440257,0.48841543884047184,21,0.15423336571550242,0,002_00,reliable_visible_extent,361,206,21,synthetic/pilot_v2_r2/train/002,0.5366744995117188
1.0083540785877603,0.0055414098824569935,0.025138102974222143,0.0362907153310827,362,0.68650143169638,0.10487370256975415,0.022198249759155866,local_plane_proxy,33,0.8639192879199982,60001,0.5211048126220703,0.4860906210157659,0.4221876827377414,21,0.09172169624649269,0,002_00,reliable_visible_extent,362,206,21,synthetic/pilot_v2_r2/train/002,0.5167875289916992
1.1822120746043168,0.0061359026939823424,0.03127408088753292,0.03629001164265333,363,0.7107633730703921,0.24797754305974373,0.022903147839087472,local_plane_proxy,33,0.856617659330368,60001,0.6611948013305664,0.2640199705153517,0.611325714074482,20,0.12465431541016635,0,002_00,reliable_visible_extent,363,206,20,synthetic/pilot_v2_r2/train/002,0.5592861175537109
1.053052107198502,0.011467667080108046,0.02513813402517151,0.036289190956898226,364,0.713845046702009,0.2541836815642034,0.022732577482708745,local_plane_proxy,35,0.8501569926738739,60001,0.5781745910644531,0.4092243098077923,0.48143631368573647,20,0.1093393765064713,0,002_00,reliable_visible_extent,364,206,20,synthetic/pilot_v2_r2/train/002,0.549046516418457
1.1332626440062945,0.005927819017708558,0.025138146392130523,0.0362896263066409,365,0.7408857618744652,0.15397129498399892,0.021445795095751015,local_plane_proxy,36,0.8449139893054962,60001,0.5432662963867188,0.4857286011290823,0.42800513090256964,20,0.086266267968348,0,002_00,reliable_visible_extent,365,206,20,synthetic/pilot_v2_r2/train/002,0.4793825149536133
1.1345989095717806,0.011784301972432187,0.02482499924930437,0.03628882280796181,366,0.6098261627820099,0.16715470405936556,0.022790875536917415,local_plane_proxy,42,0.838106781244278,60001,0.4925804138183594,0.6839384641022073,0.23183028081654952,17,0.08423125508124321,0,002_00,reliable_visible_extent,366,206,17,synthetic/pilot_v2_r2/train/002,0.4341449737548828
1.0063847085566378,0.012265075061533293,0.02534623698425431,0.04257659067868547,367,0.6325960422946317,0.15767800396829418,0.019827018068649695,local_plane_proxy,37,0.9821116328239441,60001,0.5784397125244141,0.8034309783226414,0.07567054979467983,19,0.12089847188267873,0,002_00,reliable_visible_extent,367,206,19,synthetic/pilot_v2_r2/train/002,0.5747699737548828
1.144723118642404,0.005646503320268614,0.0251381513086546,0.0425734643007439,368,0.692426667061022,0.19228848403565077,0.0215598416046762,local_plane_proxy,33,0.9715493023395538,60001,0.533818244934082,0.6158979154619793,0.2815549249393116,22,0.10254715959870915,0,002_00,reliable_visible_extent,368,206,22,synthetic/pilot_v2_r2/train/002,0.46632957458496094
1.0730658774602797,0.011469287995387156,0.030959052329357917,0.04257088427002792,369,0.6985639310938611,0.1903282760987415,0.01320170127244507,local_plane_proxy,32,0.9623269438743591,60001,0.5836830139160156,0.4120494174098542,0.5082122402098861,20,0.07973834238025966,0,002_00,reliable_visible_extent,369,206,20,synthetic/pilot_v2_r2/train/002,0.5439395904541016
1.246877503136674,0.011670673903076079,0.031274109739938716,0.04257598494441288,370,0.6209327931855537,0.05051927454034325,0.015392766267701816,local_plane_proxy,30,0.9578607976436615,60001,0.6710081100463867,0.6532424396821318,0.2392453486766144,23,0.1075122116412538,0,002_00,reliable_visible_extent,370,206,23,synthetic/pilot_v2_r2/train/002,0.5381507873535156
1.1809379664161301,0.005749386497981068,0.030994667748468707,0.042728229677907445,371,0.7410377532095727,0.19639255547615156,0.02120289974528987,local_plane_proxy,31,0.946792259812355,60001,0.5900793075561523,0.2974049355131941,0.5725802855314119,24,0.1300147789553939,0,002_00,reliable_visible_extent,371,206,24,synthetic/pilot_v2_r2/train/002,0.49967002868652344
1.1137132994497898,0.005927824535097437,0.02454373701869983,0.04273226878760867,372,0.6398132130387696,0.14759400857708263,0.021541082580251794,local_plane_proxy,23,0.9379890114068985,60001,0.44553375244140625,0.6640345960637091,0.2630644508220066,18,0.07290095311428436,0,002_00,reliable_visible_extent,372,206,18,synthetic/pilot_v2_r2/train/002,0.4000434875488281
,,,,373,0.5799530289549726,0.5799530289549726,0.0233694480686244,local_plane_proxy,27,,60001,,,,1,,0,002_00,fewer_than_10_distinct_returns,373,206,1,synthetic/pilot_v2_r2/train/002,
,,,,375,0.6383678446319125,0.24013135502354424,0.03050826213469622,local_plane_proxy,31,,60001,,,,7,,0,002_00,fewer_than_10_distinct_returns,375,206,7,synthetic/pilot_v2_r2/train/002,
1.011501285237822,0.011462561544669403,0.02513814388919844,0.0425712220023968,376,0.7812488658050296,0.22681074724213754,0.043047988944289454,local_plane_proxy,26,0.9094221591949463,60001,0.4540863037109375,0.5625163373434131,0.34398289371958846,17,0.09350076893699844,0,002_00,reliable_visible_extent,376,206,17,synthetic/pilot_v2_r2/train/002,0.44892311096191406
,,,,377,0.7770026538335864,0.6700007892818236,0.024339819109845083,local_plane_proxy,33,,60001,,,,2,,0,002_00,fewer_than_10_distinct_returns,377,206,2,synthetic/pilot_v2_r2/train/002,
,,,,378,0.513486963863057,0.3058094060778282,0.03388294978666251,local_plane_proxy,59,,60001,,,,3,,0,002_00,fewer_than_10_distinct_returns,378,206,3,synthetic/pilot_v2_r2/train/002,
1.0365593634614385,0.012271862451468274,0.030889248091551025,0.042567047195512284,379,0.6561546306173458,0.15989919303736147,0.03686989500385671,local_plane_proxy,67,0.8828583061695099,60001,0.49422454833984375,0.7693665535590287,0.11813120566699241,23,0.11250224077397883,0,002_00,reliable_visible_extent,379,206,23,synthetic/pilot_v2_r2/train/002,0.4767932891845703
1.1006208778380902,0.005926257637844712,0.031274030350347815,0.04256740789559897,380,0.6626821460015176,0.13371705756042135,0.031510066342824994,local_plane_proxy,73,0.8765723407268524,60001,0.5754680633544922,0.4648481226397819,0.41328439360312524,30,0.12186748375709285,0,002_00,reliable_visible_extent,380,206,30,synthetic/pilot_v2_r2/train/002,0.522857666015625
1.2368141254190914,0.006730360390282852,0.037409978226293106,0.042582392508062956,381,0.663357805584028,0.13945833519671508,0.03181783240653005,local_plane_proxy,85,0.876624584197998,60001,0.6656208038330078,0.6287709362810368,0.23862167362904765,30,0.13260739008991557,0,002_00,reliable_visible_extent,381,206,30,synthetic/pilot_v2_r2/train/002,0.5381736755371094
1.465529818694469,0.005963981477170144,0.0374099418679128,0.04867750555025648,382,0.6908056971178422,0.0959771407577795,0.03730675525054224,local_plane_proxy,96,0.9885928332805634,60001,0.6820697784423828,0.3995587886829296,0.5018851337443254,30,0.09855607757274501,0,002_00,reliable_visible_extent,382,206,30,synthetic/pilot_v2_r2/train/002,0.4654083251953125
1.2747974735436778,0.005926294395721454,0.037025174079674095,0.04866865297404466,383,0.7247099721959025,0.14420439457762482,0.03503746048476783,local_plane_proxy,101,0.9764251708984375,60001,0.6702213287353516,0.5286490386272211,0.366665208279839,30,0.10468575309293984,0,002_00,reliable_visible_extent,383,206,30,synthetic/pilot_v2_r2/train/002,0.5257472991943359
1.4150418226262318,0.024334076192921383,0.031168657764364838,0.042910071126888674,384,0.6888225178691263,0.19679004442803572,0.03601682211790732,local_plane_proxy,97,0.8524887263774872,60001,0.5653171539306641,0.37862829817174587,0.5565786034126945,12,0.06479309841555969,0,002_00,reliable_visible_extent,384,206,12,synthetic/pilot_v2_r2/train/002,0.399505615234375
1.488955814817316,0.006282945513085281,0.03702519401286697,0.04920230568436348,385,0.6887439702512933,0.17339835051664776,0.036943206357174206,local_plane_proxy,102,0.9778837859630585,60001,0.6728200912475586,0.3788625904650621,0.5304703856809438,26,0.09066702385399406,0,002_00,reliable_visible_extent,385,206,26,synthetic/pilot_v2_r2/train/002,0.451873779296875
1.164491245399278,0.01146105055494906,0.031483669308553175,0.04920902612116375,386,0.6831176030214274,0.17297723363516326,0.03790385844061698,local_plane_proxy,104,0.9736588597297668,60001,0.5666513442993164,0.6246855617892579,0.26280677922382784,28,0.11250765898691417,0,002_00,reliable_visible_extent,386,206,28,synthetic/pilot_v2_r2/train/002,0.48660850524902344
1.4021784641646469,0.005926260301789998,0.03702520736503434,0.0486648420203917,387,0.691870227962699,0.15267499630357942,0.03561997438997981,local_plane_proxy,89,0.9493259489536285,60001,0.6642942428588867,0.4789103095360517,0.40559249024193045,30,0.11549720022201788,0,002_00,reliable_visible_extent,387,206,30,synthetic/pilot_v2_r2/train/002,0.4737586975097656
1.5872726506847392,0.01206220246123979,0.03702517044475062,0.0486598724815274,388,0.7373322660548578,0.17366113560674767,0.03595612743442101,local_plane_proxy,95,0.9391127526760101,60001,0.646845817565918,0.4214168666419926,0.42288892051804505,26,0.15569421283996235,0,002_00,reliable_visible_extent,388,206,26,synthetic/pilot_v2_r2/train/002,0.4075202941894531
1.4632607614497206,0.012062204295925083,0.03702515614307256,0.048664349426854187,389,0.7091348737947291,0.19511527361624065,0.03588944356716938,local_plane_proxy,88,0.9329099059104919,60001,0.6285271644592285,0.6496391846669285,0.23995258465423588,32,0.11040823067883558,0,002_00,reliable_visible_extent,389,206,32,synthetic/pilot_v2_r2/train/002,0.4295387268066406
1.4688886572764361,0.005963978679550452,0.037619564331845545,0.04866717772297571,390,0.696038049083993,0.1408851710963942,0.035228474631925175,local_plane_proxy,77,0.9296483993530273,60001,0.6585831642150879,0.38530294786498465,0.5163853456293748,31,0.09831170650564064,0,002_00,reliable_visible_extent,390,206,31,synthetic/pilot_v2_r2/train/002,0.44835472106933594
1.4261064283752667,0.011461108795606023,0.0376195529095984,0.05495161919822879,391,0.7576531222363838,0.16410098367081405,0.029776735801727683,local_plane_proxy,79,1.0476928502321243,60001,0.6438026428222656,0.5410572142996427,0.3318683255879216,29,0.12707446011243564,0,002_00,reliable_visible_extent,391,206,29,synthetic/pilot_v2_r2/train/002,0.45144081115722656
1.3687117734235081,0.006415307256665725,0.03148360873891498,0.05494265909397445,392,0.7361902284607198,0.1717996393012996,0.026295855063245954,local_plane_proxy,61,1.0370902121067047,60001,0.5407958030700684,0.7422553929114601,0.1633035800413487,31,0.09444102704719118,0,002_00,reliable_visible_extent,392,206,31,synthetic/pilot_v2_r2/train/002,0.3951129913330078
1.409214409757609,0.012062216977081874,0.037619567453527125,0.042916409367753344,393,0.742347747419632,0.20386248706780455,0.024056749983353467,local_plane_proxy,57,0.8070055544376373,60001,0.6593489646911621,0.09464018521474378,0.741838629753374,25,0.16352118503188223,0,002_00,reliable_visible_extent,393,206,25,synthetic/pilot_v2_r2/train/002,0.4678840637207031
1.4143953459586582,0.011461096382648028,0.037619547563795486,0.05494302446858456,394,0.7229128562627936,0.1799028364192909,0.02523677259036006,local_plane_proxy,47,1.0272481888532639,60001,0.6538524627685547,0.622802089516274,0.24388313171021875,33,0.1333147787735072,0,002_00,reliable_visible_extent,394,206,33,synthetic/pilot_v2_r2/train/002,0.4622840881347656
1.4297724891047607,0.005927857554117066,0.03761954869326978,0.0549390651836619,395,0.7354417332694141,0.19569882416433138,0.02301643382423255,local_plane_proxy,34,1.02058544754982,60001,0.655785083770752,0.5015512810440895,0.3872528979382468,31,0.11119582101766366,0,002_00,reliable_visible_extent,395,206,31,synthetic/pilot_v2_r2/train/002,0.4586639404296875
1.3621417673010279,0.006107849496491902,0.037619545232876916,0.048656241931260426,396,0.7761869345337415,0.2873069290632575,0.017432169086994537,local_plane_proxy,34,0.9004392772912979,60001,0.6589794158935547,0.29072571756467297,0.5163503015147777,31,0.1929239809205493,0,002_00,reliable_visible_extent,396,206,31,synthetic/pilot_v2_r2/train/002,0.4837818145751953
1.3656645926817774,0.006098239967135877,0.037619557514246615,0.048661779696444016,397,,,0.015484276128221827,plane_fit_or_spatial_support_unreliable,26,0.9016038775444031,60001,0.6576933860778809,0.49539566149440273,0.3587014042714992,31,0.145902934234098,0,002_00,reliable_visible_extent,397,206,31,synthetic/pilot_v2_r2/train/002,0.48159217834472656
1.5149811169676182,0.005331926610019133,0.025354437038657807,0.04291304227518594,398,,,0.013010892228282217,plane_fit_or_spatial_support_unreliable,20,0.7892612218856812,60001,0.4583132266998291,0.7263988220209779,0.18521840533215042,30,0.08838277264687162,0,002_00,reliable_visible_extent,398,206,30,synthetic/pilot_v2_r2/train/002,0.302520751953125
1.3932828582422163,0.006454829784190208,0.037619528381928724,0.042920011614420835,399,,,,fewer_than_20_ground_returns,14,0.7908921837806702,60001,0.663029670715332,0.23385861234524113,0.5792423323671063,28,0.18689905528765258,0,002_00,reliable_visible_extent,399,206,28,synthetic/pilot_v2_r2/train/002,0.4758758544921875
1.7846074148242606,0.011469402929794814,0.04295146134692818,0.048644236085337786,400,,,,fewer_than_20_ground_returns,16,0.8842787146568298,60001,0.7580959796905518,0.37775250598769966,0.5231239520046564,28,0.09912354200764392,0,002_00,reliable_visible_extent,400,206,28,synthetic/pilot_v2_r2/train/002,0.42479705810546875
1.5252243965110386,0.011677473179498188,0.037409908526103486,0.048656422172389704,401,,,,fewer_than_20_ground_returns,19,0.8876548111438751,60001,0.6657147407531738,0.604261908770048,0.27286025031028427,34,0.12287784091966766,0,002_00,reliable_visible_extent,401,206,34,synthetic/pilot_v2_r2/train/002,0.43647003173828125
1.829064223829375,0.006730302671552835,0.03709678080927237,0.048655756979937924,402,,,0.017460915708235502,plane_fit_or_spatial_support_unreliable,24,0.8868868350982666,60001,0.6627901792526245,0.6963099637287089,0.2059974140821623,32,0.09769262218912889,0,002_00,reliable_visible_extent,402,206,32,synthetic/pilot_v2_r2/train/002,0.36236572265625
1.8504993285669549,0.0067303031927914425,0.0370967763127652,0.048657104361351206,403,0.7490019780569895,0.20195600295000468,0.01519715254352383,local_plane_proxy,32,0.8865049332380295,60001,0.6649773120880127,0.6967927988320126,0.2054514082836743,32,0.0977557928843131,0,002_00,reliable_visible_extent,403,206,32,synthetic/pilot_v2_r2/train/002,0.35935020446777344
2.1965574817070177,0.0061359321002696365,0.04295146197438626,0.048656035843374155,404,0.7772361222271242,0.21967709083094905,0.03013108292435285,local_plane_proxy,40,0.8861113488674164,60001,0.7678155899047852,0.5864649919558543,0.31818360429791764,33,0.09535140374622805,0,002_00,reliable_visible_extent,404,206,33,synthetic/pilot_v2_r2/train/002,0.34955406188964844
1.8099435825105783,0.011495924058942508,0.03740990908083752,0.049192033647519895,405,0.6036808207104933,0.2326304544690559,0.028168509451594173,local_plane_proxy,47,0.8978172540664673,60001,0.6681962013244629,0.5097067106532762,0.39034654109605055,30,0.0999467482506732,0,002_00,reliable_visible_extent,405,206,30,synthetic/pilot_v2_r2/train/002,0.36918067932128906
1.6481631747616972,0.011633059393485468,0.03730639349244935,0.049195274848864115,406,,,0.01833034081691577,plane_fit_or_spatial_support_unreliable,44,0.9024322032928467,60001,0.6704685091972351,0.3810929104080732,0.46382731389047455,28,0.15507977570145226,0,002_00,reliable_visible_extent,406,206,28,synthetic/pilot_v2_r2/train/002,0.4067974090576172
1.3302150325954543,0.005325200958734566,0.025354420728326943,0.054758411727157355,407,0.653699355918232,0.17243651537837118,0.028421052763627188,local_plane_proxy,55,0.996860682964325,60001,0.4623611569404602,0.7634875215021469,0.14333351944362155,35,0.09317895905423147,0,002_00,reliable_visible_extent,407,206,35,synthetic/pilot_v2_r2/train/002,0.3475837707519531
1.9778496059460653,0.006135925991304969,0.04344231757205108,0.048672427984047625,408,0.7525736891869204,0.14658854825459974,0.029862216464842526,local_plane_proxy,62,0.8918534219264984,60001,0.7864574790000916,0.34776042812032165,0.5554705282177917,27,0.09676904366188664,0,002_00,reliable_visible_extent,408,206,27,synthetic/pilot_v2_r2/train/002,0.3976325988769531
1.9426794135997558,0.01227185616549109,0.037626270865379396,0.048673589033096765,409,0.592008422155435,0.1718268491261168,0.03625429049774755,local_plane_proxy,66,0.8904712200164795,60001,0.6800015270709991,0.7016091232666666,0.2238521128389384,32,0.07453876389439511,0,002_00,reliable_visible_extent,409,206,32,synthetic/pilot_v2_r2/train/002,0.3500328063964844
2.032307114980954,0.011455357440451452,0.042951466615147815,0.04867406134763598,410,0.6856705702430796,0.1697174602541186,0.037307212016041195,local_plane_proxy,63,0.8912146389484406,60001,0.7774653881788254,0.505292840246237,0.3822419111543253,28,0.11246524859943763,0,002_00,reliable_visible_extent,410,206,28,synthetic/pilot_v2_r2/train/002,0.3825531005859375
1.4591333750086595,0.00613592189678247,0.03762627178141642,0.04867946683853524,411,0.7808305695135593,0.13863505350134392,0.03142551931280605,local_plane_proxy,66,0.8953986465930939,60001,0.6829640790820122,0.4349974534954916,0.44597115673626886,29,0.11903138976823956,0,002_00,reliable_visible_extent,411,206,29,synthetic/pilot_v2_r2/train/002,0.4680614471435547
1.7009534454788335,0.005926310956577696,0.03681554608355242,0.048668710115001707,412,0.5991985626797156,0.16174394647944446,0.032788794867519726,local_plane_proxy,59,0.8909424543380737,60001,0.6654504090547562,0.4658658636395924,0.43056554539385467,26,0.10356859096655285,0,002_00,reliable_visible_extent,412,206,26,synthetic/pilot_v2_r2/train/002,0.3912220001220703
1.7678805426932558,0.011455353635705379,0.03681554593433134,0.048671906048912986,413,0.6180288135835217,0.15929428588513989,0.03214712619648134,local_plane_proxy,68,0.8926049470901489,60001,0.6648637354373932,0.46059470161883526,0.43384022700133945,24,0.10556507137982528,0,002_00,reliable_visible_extent,413,206,24,synthetic/pilot_v2_r2/train/002,0.3760795593261719
1.431803137266033,0.006135921728019689,0.03730639350146969,0.04867776739304508,414,0.7686160564464148,0.12743757784343157,0.03492904079511051,local_plane_proxy,69,0.8937834799289703,60001,0.6734954118728638,0.43842905007909655,0.43660589722399284,31,0.12496505269691058,0,002_00,reliable_visible_extent,414,206,31,synthetic/pilot_v2_r2/train/002,0.4703826904296875
1.4520290963009497,0.006135922288671214,0.03730639415779269,0.04867762643612328,415,0.6457699244807464,0.11477434682936845,0.03565301882808369,local_plane_proxy,69,0.8932388722896576,60001,0.6745152175426483,0.4900460893335169,0.3982497223177055,29,0.1117041883487776,0,002_00,reliable_visible_extent,415,206,29,synthetic/pilot_v2_r2/train/002,0.46453285217285156
1.4248952764688445,0.006135920747654344,0.03681554281596178,0.048677143143491294,416,0.6019835743813502,0.12697486303594646,0.03325888691935235,local_plane_proxy,67,0.8931223452091217,60001,0.6647126898169518,0.5385405430173937,0.35602423845607695,29,0.10543521852652936,0,002_00,reliable_visible_extent,416,206,29,synthetic/pilot_v2_r2/train/002,0.46649932861328125
1.4111171756675764,0.006135920756216384,0.03681554183671221,0.04867631596869378,417,0.6089860070710833,0.13538004752945593,0.027161319674224332,local_plane_proxy,64,0.8928446471691132,60001,0.6646317541599274,0.533535569855239,0.35908309108787445,29,0.10738133905688653,0,002_00,reliable_visible_extent,417,206,29,synthetic/pilot_v2_r2/train/002,0.4709968566894531
1.4049251879356357,0.00613592075191538,0.03681554045277924,0.0486758551849049,418,0.6987915232575053,0.14122518144595117,0.031222889449929712,local_plane_proxy,64,0.892612636089325,60001,0.6647139117121696,0.5333253403275243,0.35660302357757284,28,0.1100716360949028,0,002_00,reliable_visible_extent,418,206,28,synthetic/pilot_v2_r2/train/002,0.4731311798095703
1.4148575316699221,0.006135921886553319,0.03681554182397129,0.04867668025306039,419,0.6057982759830369,0.13203391729959643,0.027835415473105724,local_plane_proxy,66,0.8930537402629852,60001,0.6645394936203957,0.5314208893550155,0.3619107236226064,29,0.10666838702237809,0,002_00,reliable_visible_extent,419,206,29,synthetic/pilot_v2_r2/train/002,0.46968650817871094
1.426769831903011,0.006135918870770363,0.03681554220256,0.048677585664448755,420,0.6854200191527456,0.12641674296925093,0.028946848733043793,local_plane_proxy,64,0.8936705887317657,60001,0.6646455824375153,0.5308691026864713,0.3630707531810036,28,0.10606014413252507,0,002_00,reliable_visible_extent,420,206,28,synthetic/pilot_v2_r2/train/002,0.4658393859863281
1.4359831724792536,0.011455357369597241,0.037025158789289137,0.04867740388046649,421,0.7730361590635522,0.1714256428724734,0.034593728557018456,local_plane_proxy,66,0.8936748504638672,60001,0.6719777211546898,0.42803019039511336,0.4389969003783418,29,0.13297290922654476,0,002_00,reliable_visible_extent,421,206,29,synthetic/pilot_v2_r2/train/002,0.46795654296875
1.4084493596856078,0.006135920748136625,0.0368155437075286,0.04867622473877725,422,0.6079998759081741,0.13395378324256726,0.03397515448970735,local_plane_proxy,65,0.8928258121013641,60001,0.664610967040062,0.5192634005767419,0.3714526370378797,28,0.10928396238537838,0,002_00,reliable_visible_extent,422,206,28,synthetic/pilot_v2_r2/train/002,0.4718742370605469
1.4136885195921935,0.011455358158345641,0.0368155460411721,0.048676405031112216,423,0.6944397035417508,0.17278565758668207,0.03152313077211133,local_plane_proxy,64,0.8927231132984161,60001,0.6646995767951012,0.4828567655527914,0.3971608052514403,28,0.11998242919576828,0,002_00,reliable_visible_extent,423,206,28,synthetic/pilot_v2_r2/train/002,0.4701881408691406
1.417975045685052,0.011455358033623853,0.03681554394434805,0.048677141635644336,424,0.6882817282948536,0.16506966537606224,0.030328650455938737,local_plane_proxy,64,0.8935639262199402,60001,0.6645243465900421,0.4705465008019046,0.41100821516714636,28,0.1184452840309491,0,002_00,reliable_visible_extent,424,206,28,synthetic/pilot_v2_r2/train/002,0.4686431884765625
1.4101168401752413,0.011455356539898931,0.03681554142670773,0.048676093450841146,425,0.6915538814061751,0.16958709301315483,0.03429488635362972,local_plane_proxy,64,0.8927461206912994,60001,0.6648706495761871,0.48334066471591086,0.3958189552046248,28,0.12084038007946431,0,002_00,reliable_visible_extent,425,206,28,synthetic/pilot_v2_r2/train/002,0.4715003967285156
1.4183960679118028,0.006135921816827095,0.036815544757162755,0.04867693246661234,426,0.6107348544878488,0.1352874842924927,0.03150354179619106,local_plane_proxy,64,0.8931613862514496,60001,0.664464645087719,0.530314105799704,0.36363369665399325,29,0.1060521975463028,0,002_00,reliable_visible_extent,426,206,29,synthetic/pilot_v2_r2/train/002,0.4684619903564453
1.415383898876359,0.006135921318552784,0.03681554252795216,0.04867630385289429,427,0.6082335901163298,0.1343534605331377,0.029859670415384593,local_plane_proxy,64,0.8926204442977905,60001,0.6647921204566956,0.5403900811039525,0.3522594379684342,29,0.10735048092761337,0,002_00,reliable_visible_extent,427,206,29,synthetic/pilot_v2_r2/train/002,0.46969032287597656
1.4123209648611674,0.006135921214641904,0.03681554376182383,0.04867645890839971,428,0.6095012121371262,0.1345683888983074,0.0318348844603219,local_plane_proxy,65,0.8929204642772675,60001,0.6645576134324074,0.5318960299631356,0.3609821203798507,29,0.10712184965701368,0,002_00,reliable_visible_extent,428,206,29,synthetic/pilot_v2_r2/train/002,0.47054290771484375
1.4123691335557167,0.006135921482348872,0.03681554484810157,0.04867616709673078,429,0.6132265192245414,0.13761025211830452,0.03313291645096855,local_plane_proxy,63,0.8924749791622162,60001,0.6646368503570557,0.5381945897902385,0.35423360147811317,29,0.10757180873164833,0,002_00,reliable_visible_extent,429,206,29,synthetic/pilot_v2_r2/train/002,0.4705829620361328
1.4112934790201295,0.006135920896872316,0.036815541678686614,0.04867607096207357,430,0.6935047990365419,0.13623328241746124,0.02912774239097165,local_plane_proxy,64,0.8925028145313263,60001,0.6647497862577438,0.5378781810965824,0.3527184259123246,28,0.10940339299109297,0,002_00,reliable_visible_extent,430,206,28,synthetic/pilot_v2_r2/train/002,0.4710216522216797
1.4096404377823113,0.0061359189965490835,0.03681554651288188,0.048676019644623494,431,0.6074309868774492,0.1340287573642048,0.02742648532178854,local_plane_proxy,64,0.8927254676818848,60001,0.6648799404501915,0.5379595105775175,0.35396356234022325,29,0.10807692708225934,0,002_00,reliable_visible_extent,431,206,29,synthetic/pilot_v2_r2/train/002,0.4716663360595703
1.4167095499676796,0.00613592027983989,0.036815546190881676,0.048676694506045004,432,0.6934196020844556,0.13542794888496784,0.02929957759483667,local_plane_proxy,64,0.8930966556072235,60001,0.6646608635783195,0.5321900463158815,0.35989869498468113,28,0.10791125869943737,0,002_00,reliable_visible_extent,432,206,28,synthetic/pilot_v2_r2/train/002,0.4691581726074219
1.4336056918821627,0.005926306227323153,0.037025158830036986,0.048677023062685607,433,0.6961905569953124,0.16633399182193492,0.028960493065573502,local_plane_proxy,64,0.893231064081192,60001,0.6726124361157417,0.45834607188495535,0.39924911708666255,26,0.1424048110283821,0,002_00,reliable_visible_extent,433,206,26,synthetic/pilot_v2_r2/train/002,0.4691753387451172
1.4345822163585218,0.011455354966974252,0.037626270367954184,0.04867699841955481,434,0.6958999425228346,0.17490669784835045,0.029651859317927024,local_plane_proxy,65,0.893701583147049,60001,0.6828526854515076,0.39398383122360653,0.43172426814143994,28,0.1742919006349536,0,002_00,reliable_visible_extent,434,206,28,synthetic/pilot_v2_r2/train/002,0.4759941101074219
1.4719677359973016,0.01145535619562521,0.03762627056160106,0.0486665403114748,435,0.7008885234553649,0.2157118588319768,0.03683019211797756,local_plane_proxy,67,0.8869906961917877,60001,0.6825055480003357,0.3435556706076896,0.4787642498707839,28,0.17768007952152653,0,002_00,reliable_visible_extent,435,206,28,synthetic/pilot_v2_r2/train/002,0.4636688232421875
1.9075821513132591,0.005926308055306695,0.03762627006412167,0.04866798305963217,436,0.6069243198311318,0.1754232072829987,0.030319340456015875,local_plane_proxy,65,0.8878545165061951,60001,0.6811348423361778,0.5038039641262805,0.40159034197399607,29,0.0946056938997234,0,002_00,reliable_visible_extent,436,206,29,synthetic/pilot_v2_r2/train/002,0.3570671081542969
1.9430535419978334,0.011455356531141492,0.03762627015746389,0.04867123864908606,437,0.6125431915504034,0.169073962425229,0.036814037339367514,local_plane_proxy,66,0.8897124230861664,60001,0.6807847544550896,0.6057673259576853,0.3060583074891863,27,0.08817436655312844,0,002_00,reliable_visible_extent,437,206,27,synthetic/pilot_v2_r2/train/002,0.3503684997558594
1.6844045416095494,0.011455354406323615,0.03681554210849125,0.04867521443723427,438,0.6031237099422473,0.13092864802610915,0.035104077008335,local_plane_proxy,67,0.8921035826206207,60001,0.6656040102243423,0.7117606398319045,0.20448775058791038,31,0.08375160958018513,0,002_00,reliable_visible_extent,438,206,31,synthetic/pilot_v2_r2/train/002,0.3951568603515625
1.3179110241914278,0.005325203575503368,0.025354416894983522,0.04866885149292827,439,0.5911140884127709,0.16729640468497595,0.03375772149155547,local_plane_proxy,69,0.8880304992198944,60001,0.4588637351989746,0.7730152203871978,0.15765399833761504,30,0.06933078127518724,0,002_00,reliable_visible_extent,439,206,30,synthetic/pilot_v2_r2/train/002,0.348175048828125
1.6501176242433637,0.012271855856797131,0.03762626802303526,0.04867629537609931,440,0.579601667792056,0.16178481973324962,0.032947782336916864,local_plane_proxy,63,0.8921239674091339,60001,0.6801044791936874,0.6983196768206724,0.22137715808384043,32,0.08030316509548713,0,002_00,reliable_visible_extent,440,206,32,synthetic/pilot_v2_r2/train/002,0.4121551513671875
1.5049019764854603,0.011461119961627464,0.03730639020905535,0.05476720600982992,441,0.6292352394857279,0.09603317911810745,0.027219025658496793,local_plane_proxy,62,1.0030510425567627,60001,0.6721063852310181,0.6147533054360694,0.27414642104659237,37,0.11110027351733817,0,002_00,reliable_visible_extent,441,206,37,synthetic/pilot_v2_r2/train/002,0.4466114044189453
1.6113207294671836,0.01146112574212732,0.03762627119083373,0.0547492610796826,442,0.7462109549915148,0.18416728774010546,0.025709502408387975,local_plane_proxy,65,0.9928651452064514,60001,0.6817920506000519,0.4619763836216922,0.4065573189276084,32,0.13146629745069946,0,002_00,reliable_visible_extent,442,206,32,synthetic/pilot_v2_r2/train/002,0.423126220703125
1.612306053832096,0.011455354736655377,0.03730639030458072,0.054766124154341476,443,0.7353540607708542,0.14540696934847852,0.0363063643806322,local_plane_proxy,64,1.0023643970489502,60001,0.6747761368751526,0.48325124758200033,0.3925595536742058,31,0.12418919874379389,0,002_00,reliable_visible_extent,443,206,31,synthetic/pilot_v2_r2/train/002,0.4185161590576172
1.1587811825838783,0.005325202264161444,0.0253544214019783,0.054761956105689825,444,0.6481536079082206,0.14796586034635734,0.027035333765153793,local_plane_proxy,63,0.9985956251621246,60001,0.4600066542625427,0.7765573128344453,0.1217824087748715,35,0.10166027839068321,0,002_00,reliable_visible_extent,444,206,35,synthetic/pilot_v2_r2/train/002,0.3969745635986328
1.5304370113361312,0.01146111874184319,0.0373063925935897,0.05476353391360131,445,0.6658884807182301,0.17110693355175477,0.029216722038104437,local_plane_proxy,58,0.9984858334064484,60001,0.6705353260040283,0.5971102511404798,0.28735377095492703,37,0.11553597790459316,0,002_00,reliable_visible_extent,445,206,37,synthetic/pilot_v2_r2/train/002,0.43813323974609375
1.70226111227592,0.01145535662950925,0.04295146391394322,0.04867840248998408,446,,,0.03590400227434291,plane_fit_or_spatial_support_unreliable,49,0.892849326133728,60001,0.774281919002533,0.24445645416314118,0.6035635331965382,30,0.15198001264032066,0,002_00,reliable_visible_extent,446,206,30,synthetic/pilot_v2_r2/train/002,0.45485496520996094
1.6495909968197224,0.0061735920869212535,0.037025152690920216,0.04918444751121668,447,,,0.02769486010028736,plane_fit_or_spatial_support_unreliable,43,0.8949965834617615,60001,0.6618620157241821,0.6729090676243802,0.20521480994129532,32,0.12187612243432445,0,002_00,reliable_visible_extent,447,206,32,synthetic/pilot_v2_r2/train/002,0.4012279510498047
1.6852642844515793,0.01195294405694014,0.03730638468642944,0.0491981887173334,448,,,0.029537843331734592,plane_fit_or_spatial_support_unreliable,41,0.9028177261352539,60001,0.6727743148803711,0.583829965019089,0.3030301051344934,32,0.11313992984641762,0,002_00,reliable_visible_extent,448,206,32,synthetic/pilot_v2_r2/train/002,0.39920997619628906
,,,,46,,,,fewer_than_20_ground_returns,0,,60001,,,,1,,0,003_00,fewer_than_10_distinct_returns,46,206,1,synthetic/pilot_v2_r2/train/003,
,,,,47,,,,fewer_than_20_ground_returns,0,,60001,,,,1,,0,003_00,fewer_than_10_distinct_returns,47,206,1,synthetic/pilot_v2_r2/train/003,
,,,,56,,,,fewer_than_20_ground_returns,0,,60001,,,,1,,0,003_00,fewer_than_10_distinct_returns,56,206,1,synthetic/pilot_v2_r2/train/003,
,,,,57,,,,fewer_than_20_ground_returns,0,,60001,,,,2,,0,003_00,fewer_than_10_distinct_returns,57,206,2,synthetic/pilot_v2_r2/train/003,
,,,,59,,,,fewer_than_20_ground_returns,0,,60001,,,,2,,0,003_00,fewer_than_10_distinct_returns,59,206,2,synthetic/pilot_v2_r2/train/003,
,,,,60,,,,fewer_than_20_ground_returns,0,,60001,,,,1,,0,003_00,fewer_than_10_distinct_returns,60,206,1,synthetic/pilot_v2_r2/train/003,
,,,,61,,,,fewer_than_20_ground_returns,0,,60001,,,,1,,0,003_00,fewer_than_10_distinct_returns,61,206,1,synthetic/pilot_v2_r2/train/003,
,,,,66,,,,fewer_than_20_ground_returns,0,,60001,,,,1,,0,003_00,fewer_than_10_distinct_returns,66,206,1,synthetic/pilot_v2_r2/train/003,
,,,,67,,,,fewer_than_20_ground_returns,0,,60001,,,,2,,0,003_00,fewer_than_10_distinct_returns,67,206,2,synthetic/pilot_v2_r2/train/003,
,,,,129,0.3948765867439299,0.21898030387900516,0.01106793664697901,local_plane_proxy,21,,60001,,,,3,,0,003_00,fewer_than_10_distinct_returns,129,206,3,synthetic/pilot_v2_r2/train/003,
,,,,130,0.43207373927173487,0.23270017433842577,0.00665761132762685,local_plane_proxy,20,,60001,,,,6,,0,003_00,fewer_than_10_distinct_returns,130,206,6,synthetic/pilot_v2_r2/train/003,
,,,,131,0.5367762726162899,0.28160780525901946,0.0077891848729604255,local_plane_proxy,21,,60001,,,,4,,0,003_00,fewer_than_10_distinct_returns,131,206,4,synthetic/pilot_v2_r2/train/003,
,,,,132,,,,fewer_than_20_ground_returns,19,,60001,,,,5,,0,003_00,fewer_than_10_distinct_returns,132,206,5,synthetic/pilot_v2_r2/train/003,
,,,,133,0.5230450067366712,0.33496862148327244,0.012437885242162251,local_plane_proxy,23,,60001,,,,6,,0,003_00,fewer_than_10_distinct_returns,133,206,6,synthetic/pilot_v2_r2/train/003,
,,,,134,0.5429271619071132,0.37221864761537193,0.008933253665716349,local_plane_proxy,23,,60001,,,,5,,0,003_00,fewer_than_10_distinct_returns,134,206,5,synthetic/pilot_v2_r2/train/003,
,,,,135,0.5015018321531644,0.2531751477025225,0.007824728642049406,local_plane_proxy,27,,60001,,,,4,,0,003_00,fewer_than_10_distinct_returns,135,206,4,synthetic/pilot_v2_r2/train/003,
,,,,136,0.55750734514899,0.2373536152082909,0.011111046787833815,local_plane_proxy,26,,60001,,,,5,,0,003_00,fewer_than_10_distinct_returns,136,206,5,synthetic/pilot_v2_r2/train/003,
,,,,137,0.5617746968824338,0.24149464817683985,0.010362182805458385,local_plane_proxy,27,,60001,,,,5,,0,003_00,fewer_than_10_distinct_returns,137,206,5,synthetic/pilot_v2_r2/train/003,
,,,,138,0.5077628383467812,0.1874448103525609,0.012508326120015975,local_plane_proxy,29,,60001,,,,6,,0,003_00,fewer_than_10_distinct_returns,138,206,6,synthetic/pilot_v2_r2/train/003,
,,,,139,0.45445032246482997,0.11211314636172572,0.007914781111117071,local_plane_proxy,32,,60001,,,,5,,0,003_00,fewer_than_10_distinct_returns,139,206,5,synthetic/pilot_v2_r2/train/003,
,,,,140,0.47543271378368923,0.14274775930414907,0.009379667761313997,local_plane_proxy,31,,60001,,,,6,,0,003_00,fewer_than_10_distinct_returns,140,206,6,synthetic/pilot_v2_r2/train/003,
,,,,141,0.5183836322336568,0.1779116271560043,0.010649914030207258,local_plane_proxy,28,,60001,,,,5,,0,003_00,fewer_than_10_distinct_returns,141,206,5,synthetic/pilot_v2_r2/train/003,
,,,,142,0.600730188043672,0.45181167664488414,0.008734519210632783,local_plane_proxy,36,,60001,,,,3,,0,003_00,fewer_than_10_distinct_returns,142,206,3,synthetic/pilot_v2_r2/train/003,
,,,,143,0.5247110560568955,0.36345745225812165,0.009216415525964819,local_plane_proxy,30,,60001,,,,4,,0,003_00,fewer_than_10_distinct_returns,143,206,4,synthetic/pilot_v2_r2/train/003,
,,,,144,0.5304432741361532,0.3664588299899404,0.00832452846933641,local_plane_proxy,31,,60001,,,,5,,0,003_00,fewer_than_10_distinct_returns,144,206,5,synthetic/pilot_v2_r2/train/003,
,,,,145,0.39074941962310206,0.18078039501020104,0.007309119534763529,local_plane_proxy,29,,60001,,,,7,,0,003_00,fewer_than_10_distinct_returns,145,206,7,synthetic/pilot_v2_r2/train/003,
,,,,146,0.39239142663214804,0.0682485835363329,0.006731781303906743,local_plane_proxy,28,,60001,,,,8,,0,003_00,fewer_than_10_distinct_returns,146,206,8,synthetic/pilot_v2_r2/train/003,
,,,,147,0.46567281326387566,0.1495599800700859,0.010693426940399507,local_plane_proxy,33,,60001,,,,7,,0,003_00,fewer_than_10_distinct_returns,147,206,7,synthetic/pilot_v2_r2/train/003,
,,,,148,0.4924320591370135,0.1790593590557986,0.008817658922099066,local_plane_proxy,30,,60001,,,,7,,0,003_00,fewer_than_10_distinct_returns,148,206,7,synthetic/pilot_v2_r2/train/003,
,,,,149,0.48842480060937077,0.175619028352594,0.007597967742958345,local_plane_proxy,29,,60001,,,,7,,0,003_00,fewer_than_10_distinct_returns,149,206,7,synthetic/pilot_v2_r2/train/003,
,,,,150,0.5133168060197912,0.2014544350599719,0.009440611589142488,local_plane_proxy,29,,60001,,,,7,,0,003_00,fewer_than_10_distinct_returns,150,206,7,synthetic/pilot_v2_r2/train/003,
,,,,151,0.48725982874796636,0.17475025564707447,0.008000442265805995,local_plane_proxy,29,,60001,,,,7,,0,003_00,fewer_than_10_distinct_returns,151,206,7,synthetic/pilot_v2_r2/train/003,
,,,,152,0.47640573168002764,0.16459707884424082,0.007738681165267595,local_plane_proxy,29,,60001,,,,7,,0,003_00,fewer_than_10_distinct_returns,152,206,7,synthetic/pilot_v2_r2/train/003,
,,,,153,0.406968207735818,0.1583817366037291,0.011052925547782004,local_plane_proxy,26,,60001,,,,4,,0,003_00,fewer_than_10_distinct_returns,153,206,4,synthetic/pilot_v2_r2/train/003,
,,,,154,0.6745321908199566,0.601648901362694,0.006547367515037663,local_plane_proxy,29,,60001,,,,2,,0,003_00,fewer_than_10_distinct_returns,154,206,2,synthetic/pilot_v2_r2/train/003,
,,,,155,0.6006093324683666,0.43777639135688884,0.02087237480320667,local_plane_proxy,31,,60001,,,,3,,0,003_00,fewer_than_10_distinct_returns,155,206,3,synthetic/pilot_v2_r2/train/003,
,,,,156,0.5214532854941224,0.3746084483703066,0.018225557084506686,local_plane_proxy,30,,60001,,,,4,,0,003_00,fewer_than_10_distinct_returns,156,206,4,synthetic/pilot_v2_r2/train/003,
,,,,157,0.4070452474274644,0.19883938141744095,0.012981652785925151,local_plane_proxy,28,,60001,,,,7,,0,003_00,fewer_than_10_distinct_returns,157,206,7,synthetic/pilot_v2_r2/train/003,
,,,,158,0.408213215537403,0.166417032071906,0.017871630688538826,local_plane_proxy,29,,60001,,,,6,,0,003_00,fewer_than_10_distinct_returns,158,206,6,synthetic/pilot_v2_r2/train/003,
,,,,159,0.5010403114897747,0.09046219376374937,0.00875925899294629,local_plane_proxy,24,,60001,,,,6,,0,003_00,fewer_than_10_distinct_returns,159,206,6,synthetic/pilot_v2_r2/train/003,
,,,,163,,,,fewer_than_20_ground_returns,14,,60001,,,,2,,0,003_00,fewer_than_10_distinct_returns,163,206,2,synthetic/pilot_v2_r2/train/003,
,,,,164,,,,fewer_than_20_ground_returns,16,,60001,,,,7,,0,003_00,fewer_than_10_distinct_returns,164,206,7,synthetic/pilot_v2_r2/train/003,
,,,,165,,,,insufficient_plane_inliers,20,,60001,,,,2,,0,003_00,fewer_than_10_distinct_returns,165,206,2,synthetic/pilot_v2_r2/train/003,
,,,,166,0.4442222534059863,0.19983752037838012,0.013495556806295923,local_plane_proxy,20,,60001,,,,4,,0,003_00,fewer_than_10_distinct_returns,166,206,4,synthetic/pilot_v2_r2/train/003,
,,,,167,,,,fewer_than_20_ground_returns,17,,60001,,,,5,,0,003_00,fewer_than_10_distinct_returns,167,206,5,synthetic/pilot_v2_r2/train/003,
,,,,168,,,,fewer_than_20_ground_returns,15,,60001,,,,4,,0,003_00,fewer_than_10_distinct_returns,168,206,4,synthetic/pilot_v2_r2/train/003,
,,,,169,,,,fewer_than_20_ground_returns,15,,60001,,,,4,,0,003_00,fewer_than_10_distinct_returns,169,206,4,synthetic/pilot_v2_r2/train/003,
,,,,170,,,,fewer_than_20_ground_returns,14,,60001,,,,4,,0,003_00,fewer_than_10_distinct_returns,170,206,4,synthetic/pilot_v2_r2/train/003,
,,,,172,,,,fewer_than_20_ground_returns,9,,60001,,,,1,,0,003_00,fewer_than_10_distinct_returns,172,206,1,synthetic/pilot_v2_r2/train/003,
,,,,185,,,,fewer_than_20_ground_returns,5,,60001,,,,2,,0,003_00,fewer_than_10_distinct_returns,185,206,2,synthetic/pilot_v2_r2/train/003,
,,,,347,,,,fewer_than_20_ground_returns,0,,60001,,,,1,,0,003_00,fewer_than_10_distinct_returns,347,206,1,synthetic/pilot_v2_r2/train/003,
,,,,349,,,,fewer_than_20_ground_returns,0,,60001,,,,1,,0,003_00,fewer_than_10_distinct_returns,349,206,1,synthetic/pilot_v2_r2/train/003,
,,,,370,,,,fewer_than_20_ground_returns,0,,60001,,,,1,,0,003_00,fewer_than_10_distinct_returns,370,206,1,synthetic/pilot_v2_r2/train/003,
,,,,372,,,,fewer_than_20_ground_returns,0,,60001,,,,1,,0,003_00,fewer_than_10_distinct_returns,372,206,1,synthetic/pilot_v2_r2/train/003,
,,,,374,,,,fewer_than_20_ground_returns,0,,60001,,,,1,,0,003_00,fewer_than_10_distinct_returns,374,206,1,synthetic/pilot_v2_r2/train/003,
,,,,375,,,,fewer_than_20_ground_returns,0,,60001,,,,1,,0,003_00,fewer_than_10_distinct_returns,375,206,1,synthetic/pilot_v2_r2/train/003,
,,,,376,,,,fewer_than_20_ground_returns,0,,60001,,,,1,,0,003_00,fewer_than_10_distinct_returns,376,206,1,synthetic/pilot_v2_r2/train/003,
,,,,377,,,,fewer_than_20_ground_returns,0,,60001,,,,1,,0,003_00,fewer_than_10_distinct_returns,377,206,1,synthetic/pilot_v2_r2/train/003,
,,,,386,,,,fewer_than_20_ground_returns,0,,60001,,,,1,,0,003_00,fewer_than_10_distinct_returns,386,206,1,synthetic/pilot_v2_r2/train/003,
