all_unseen,anomaly_in_range_vector,anomaly_mean_displacement_median,anomaly_vector,current_anomaly_compression,current_anomaly_ignore_mix_voxels,current_anomaly_normal_mix_voxels,current_anomaly_voxels,current_voxels,frame,history_anomaly,history_anomaly_fraction,history_new_normal_points,history_new_normal_voxels,history_visible_scans,ignore_mix_fraction,joint_anomaly_compression,joint_anomaly_voxel_increment,joint_anomaly_voxels,new_normal_fraction,normal_mix_fraction,rotation_rad,scope,segment,sequence,source_frame,source_frames,source_sequence,static_match_fraction,static_matched,static_sampled,translation_m,version,visibility_pattern,voxels
1,"[0, 0, 0, 0, 0]",,"[0, 0, 0, 0, 0]",,0,0,0,116583,4,0,,0,0,0,,,0,0,,,0.055882439691468624,complete_windows,0,000_00,4,"[0, 1, 2, 3, 4]",206,0.98388671875,2015,2048,0.9663458588461507,synthetic/pilot_v2_r2/train/000,00000,396511
1,"[0, 0, 0, 0, 0]",,"[0, 0, 0, 0, 0]",,0,0,0,116791,5,0,,0,0,0,,,0,0,,,0.05682964938812921,complete_windows,0,000_00,5,"[1, 2, 3, 4, 5]",206,0.98388671875,2015,2048,0.9417122095308389,synthetic/pilot_v2_r2/train/000,00000,381929
1,"[0, 0, 0, 0, 0]",,"[0, 0, 0, 0, 0]",,0,0,0,117126,6,0,,0,0,0,,,0,0,,,0.058040769637014995,complete_windows,0,000_00,6,"[2, 3, 4, 5, 6]",206,0.98974609375,2027,2048,0.965195888385032,synthetic/pilot_v2_r2/train/000,00000,378259
1,"[0, 0, 0, 0, 0]",,"[0, 0, 0, 0, 0]",,0,0,0,117297,7,0,,0,0,0,,,0,0,,,0.059780262270065714,complete_windows,0,000_00,7,"[3, 4, 5, 6, 7]",206,0.990234375,2028,2048,0.9858028429850648,synthetic/pilot_v2_r2/train/000,00000,375552
1,"[0, 0, 0, 0, 0]",,"[0, 0, 0, 0, 0]",,0,0,0,117491,8,0,,0,0,0,,,0,0,,,0.060236773270322036,complete_windows,0,000_00,8,"[4, 5, 6, 7, 8]",206,0.9912109375,2030,2048,1.005267696927662,synthetic/pilot_v2_r2/train/000,00000,374759
1,"[0, 0, 0, 0, 0]",,"[0, 0, 0, 0, 0]",,0,0,0,117664,9,0,,0,0,0,,,0,0,,,0.061005502645824036,complete_windows,0,000_00,9,"[5, 6, 7, 8, 9]",206,0.98974609375,2027,2048,1.0220813685554533,synthetic/pilot_v2_r2/train/000,00000,380214
1,"[0, 0, 0, 0, 0]",,"[0, 0, 0, 0, 0]",,0,0,0,117816,10,0,,0,0,0,,,0,0,,,0.06305325732861693,complete_windows,0,000_00,10,"[6, 7, 8, 9, 10]",206,0.98828125,2024,2048,1.0224720118001567,synthetic/pilot_v2_r2/train/000,00000,382086
1,"[0, 0, 0, 0, 0]",,"[0, 0, 0, 0, 0]",,0,0,0,117827,11,0,,0,0,0,,,0,0,,,0.06544281322397204,complete_windows,0,000_00,11,"[7, 8, 9, 10, 11]",206,0.98388671875,2015,2048,1.0198269749268534,synthetic/pilot_v2_r2/train/000,00000,384664
1,"[0, 0, 0, 0, 0]",,"[0, 0, 0, 0, 0]",,0,0,0,118124,12,0,,0,0,0,,,0,0,,,0.06496903360013287,complete_windows,0,000_00,12,"[8, 9, 10, 11, 12]",206,0.9873046875,2022,2048,1.0192244990949888,synthetic/pilot_v2_r2/train/000,00000,384934
1,"[0, 0, 0, 0, 0]",,"[0, 0, 0, 0, 0]",,0,0,0,118163,13,0,,0,0,0,,,0,0,,,0.06258064121138437,complete_windows,0,000_00,13,"[9, 10, 11, 12, 13]",206,0.98779296875,2023,2048,1.0290860495002332,synthetic/pilot_v2_r2/train/000,00000,386396
1,"[0, 0, 0, 0, 0]",,"[0, 0, 0, 0, 0]",,0,0,0,118194,14,0,,0,0,0,,,0,0,,,0.06061945466890311,complete_windows,0,000_00,14,"[10, 11, 12, 13, 14]",206,0.9892578125,2026,2048,1.0320936266278606,synthetic/pilot_v2_r2/train/000,00000,382202
1,"[0, 0, 0, 0, 0]",,"[0, 0, 0, 0, 0]",,0,0,0,118212,15,0,,0,0,0,,,0,0,,,0.0600284197313791,complete_windows,0,000_00,15,"[11, 12, 13, 14, 15]",206,0.9814453125,2010,2048,1.0402343316167795,synthetic/pilot_v2_r2/train/000,00000,379140
1,"[0, 0, 0, 0, 0]",,"[0, 0, 0, 0, 0]",,0,0,0,118350,16,0,,0,0,0,,,0,0,,,0.05988758371271035,complete_windows,0,000_00,16,"[12, 13, 14, 15, 16]",206,0.9873046875,2022,2048,1.0357255716496157,synthetic/pilot_v2_r2/train/000,00000,378383
1,"[0, 0, 0, 0, 0]",,"[0, 0, 0, 0, 0]",,0,0,0,118128,17,0,,0,0,0,,,0,0,,,0.05995642280798513,complete_windows,0,000_00,17,"[13, 14, 15, 16, 17]",206,0.99169921875,2031,2048,1.0234080660283624,synthetic/pilot_v2_r2/train/000,00000,377693
1,"[0, 0, 0, 0, 0]",,"[0, 0, 0, 0, 0]",,0,0,0,118359,18,0,,0,0,0,,,0,0,,,0.05981346634662151,complete_windows,0,000_00,18,"[14, 15, 16, 17, 18]",206,0.9833984375,2014,2048,1.0235789177754357,synthetic/pilot_v2_r2/train/000,00000,377379
1,"[0, 0, 0, 0, 0]",,"[0, 0, 0, 0, 0]",,0,0,0,118242,19,0,,0,0,0,,,0,0,,,0.05936968902529027,complete_windows,0,000_00,19,"[15, 16, 17, 18, 19]",206,0.986328125,2020,2048,1.0083338029933215,synthetic/pilot_v2_r2/train/000,00000,380159
1,"[0, 0, 0, 0, 0]",,"[0, 0, 0, 0, 0]",,0,0,0,118458,20,0,,0,0,0,,,0,0,,,0.06003183170788444,complete_windows,0,000_00,20,"[16, 17, 18, 19, 20]",206,0.98583984375,2019,2048,1.0162174134784325,synthetic/pilot_v2_r2/train/000,00000,376706
1,"[0, 0, 0, 0, 0]",,"[0, 0, 0, 0, 0]",,0,0,0,117987,21,0,,0,0,0,,,0,0,,,0.06096073644314156,complete_windows,0,000_00,21,"[17, 18, 19, 20, 21]",206,0.986328125,2020,2048,1.0212284272052636,synthetic/pilot_v2_r2/train/000,00000,375703
1,"[0, 0, 0, 0, 0]",,"[0, 0, 0, 0, 0]",,0,0,0,117656,22,0,,0,0,0,,,0,0,,,0.058726412148327654,complete_windows,0,000_00,22,"[18, 19, 20, 21, 22]",206,0.9873046875,2022,2048,1.0106595945963222,synthetic/pilot_v2_r2/train/000,00000,376537
1,"[0, 0, 0, 0, 0]",,"[0, 0, 0, 0, 0]",,0,0,0,117503,23,0,,0,0,0,,,0,0,,,0.05359509870926982,complete_windows,0,000_00,23,"[19, 20, 21, 22, 23]",206,0.9912109375,2030,2048,1.018705143216683,synthetic/pilot_v2_r2/train/000,00000,377261
1,"[0, 0, 0, 0, 0]",,"[0, 0, 0, 0, 0]",,0,0,0,117221,24,0,,0,0,0,,,0,0,,,0.04736271304000362,complete_windows,0,000_00,24,"[20, 21, 22, 23, 24]",206,0.9892578125,2026,2048,1.0049344826468638,synthetic/pilot_v2_r2/train/000,00000,376024
1,"[0, 0, 0, 0, 0]",,"[0, 0, 0, 0, 0]",,0,0,0,117140,25,0,,0,0,0,,,0,0,,,0.041010165925127864,complete_windows,0,000_00,25,"[21, 22, 23, 24, 25]",206,0.9853515625,2018,2048,0.9917765515177844,synthetic/pilot_v2_r2/train/000,00000,374152
1,"[0, 0, 0, 0, 0]",,"[0, 0, 0, 0, 0]",,0,0,0,116730,26,0,,0,0,0,,,0,0,,,0.034593800329550714,complete_windows,0,000_00,26,"[22, 23, 24, 25, 26]",206,0.98828125,2024,2048,0.994510330458186,synthetic/pilot_v2_r2/train/000,00000,371956
1,"[0, 0, 0, 0, 0]",,"[0, 0, 0, 0, 0]",,0,0,0,116378,27,0,,0,0,0,,,0,0,,,0.028437019363485506,complete_windows,0,000_00,27,"[23, 24, 25, 26, 27]",206,0.98583984375,2019,2048,0.9848248929076272,synthetic/pilot_v2_r2/train/000,00000,377768
1,"[0, 0, 0, 0, 0]",,"[0, 0, 0, 0, 0]",,0,0,0,115958,28,0,,0,0,0,,,0,0,,,0.022481225054801164,complete_windows,0,000_00,28,"[24, 25, 26, 27, 28]",206,0.99267578125,2033,2048,0.986623196857455,synthetic/pilot_v2_r2/train/000,00000,379397
1,"[0, 0, 0, 0, 0]",,"[0, 0, 0, 0, 0]",,0,0,0,115685,29,0,,0,0,0,,,0,0,,,0.015782182807704073,complete_windows,0,000_00,29,"[25, 26, 27, 28, 29]",206,0.9892578125,2026,2048,0.9807528341862736,synthetic/pilot_v2_r2/train/000,00000,379485
1,"[0, 0, 0, 0, 0]",,"[0, 0, 0, 0, 0]",,0,0,0,115336,30,0,,0,0,0,,,0,0,,,0.010502168677713457,complete_windows,0,000_00,30,"[26, 27, 28, 29, 30]",206,0.97607421875,1999,2048,0.9799825494032863,synthetic/pilot_v2_r2/train/000,00000,378743
1,"[0, 0, 0, 0, 0]",,"[0, 0, 0, 0, 0]",,0,0,0,114906,31,0,,0,0,0,,,0,0,,,0.007163441763445441,complete_windows,0,000_00,31,"[27, 28, 29, 30, 31]",206,0.99267578125,2033,2048,0.9841477320765353,synthetic/pilot_v2_r2/train/000,00000,374695
1,"[0, 0, 0, 0, 0]",,"[0, 0, 0, 0, 0]",,0,0,0,114476,32,0,,0,0,0,,,0,0,,,0.006006617286761176,complete_windows,0,000_00,32,"[28, 29, 30, 31, 32]",206,0.982421875,2012,2048,0.9748001265997533,synthetic/pilot_v2_r2/train/000,00000,374611
1,"[0, 0, 0, 0, 0]",,"[0, 0, 0, 0, 0]",,0,0,0,114016,33,0,,0,0,0,,,0,0,,,0.009763584372020259,complete_windows,0,000_00,33,"[29, 30, 31, 32, 33]",206,0.9892578125,2026,2048,0.978659030675048,synthetic/pilot_v2_r2/train/000,00000,376023
1,"[0, 0, 0, 0, 0]",,"[0, 0, 0, 0, 0]",,0,0,0,113447,34,0,,0,0,0,,,0,0,,,0.015579268260661566,complete_windows,0,000_00,34,"[30, 31, 32, 33, 34]",206,0.98291015625,2013,2048,0.9698947174665248,synthetic/pilot_v2_r2/train/000,00000,377372
1,"[0, 0, 0, 0, 0]",,"[0, 0, 0, 0, 0]",,0,0,0,112884,35,0,,0,0,0,,,0,0,,,0.023852822526508947,complete_windows,0,000_00,35,"[31, 32, 33, 34, 35]",206,0.984375,2016,2048,0.9595449170597289,synthetic/pilot_v2_r2/train/000,00000,377463
1,"[0, 0, 0, 0, 0]",,"[0, 0, 0, 0, 0]",,0,0,0,112429,36,0,,0,0,0,,,0,0,,,0.0328532824344293,complete_windows,0,000_00,36,"[32, 33, 34, 35, 36]",206,0.982421875,2012,2048,0.9493939798881558,synthetic/pilot_v2_r2/train/000,00000,376552
0,"[0, 0, 0, 0, 0]",0.0,"[0, 0, 0, 0, 1]",1.0,0,0,1,111904,37,0,0.0,0,0,0,0.0,1.0,0,1,0.0,0.0,0.04247667193918125,complete_windows,0,000_00,37,"[33, 34, 35, 36, 37]",206,0.98681640625,2021,2048,0.9197478685540015,synthetic/pilot_v2_r2/train/000,00001,374090
0,"[0, 0, 0, 0, 0]",0.0,"[0, 0, 0, 1, 1]",1.0,0,0,1,111464,38,1,0.5,0,0,1,0.0,1.0,1,2,0.0,0.0,0.050166692315798705,complete_windows,0,000_00,38,"[34, 35, 36, 37, 38]",206,0.9853515625,2018,2048,0.8889324357225504,synthetic/pilot_v2_r2/train/000,00011,373723
0,"[0, 0, 0, 0, 0]",0.0,"[0, 0, 1, 1, 1]",1.0,0,0,1,111237,39,2,0.6666666666666666,0,0,2,0.0,1.0,2,3,0.0,0.0,0.05603099778786172,complete_windows,0,000_00,39,"[35, 36, 37, 38, 39]",206,0.986328125,2020,2048,0.8459253177967186,synthetic/pilot_v2_r2/train/000,00111,370580
0,"[0, 0, 0, 0, 0]",,"[0, 1, 1, 1, 0]",,0,0,0,110775,40,3,1.0,0,0,3,,1.0,3,3,,,0.061098800648611305,complete_windows,0,000_00,40,"[36, 37, 38, 39, 40]",206,0.98193359375,2011,2048,0.8040898951551883,synthetic/pilot_v2_r2/train/000,01110,371969
0,"[0, 0, 0, 0, 0]",,"[1, 1, 1, 0, 0]",,0,0,0,110498,41,3,1.0,0,0,3,,1.0,3,3,,,0.06373473989761069,complete_windows,0,000_00,41,"[37, 38, 39, 40, 41]",206,0.9931640625,2034,2048,0.749703299373467,synthetic/pilot_v2_r2/train/000,11100,370858
0,"[0, 0, 0, 0, 0]",,"[1, 1, 0, 0, 0]",,0,0,0,110303,42,2,1.0,0,0,2,,1.0,2,2,,,0.06570316066478686,complete_windows,0,000_00,42,"[38, 39, 40, 41, 42]",206,0.9912109375,2030,2048,0.709301516418182,synthetic/pilot_v2_r2/train/000,11000,367579
0,"[0, 0, 0, 0, 0]",,"[1, 0, 0, 0, 0]",,0,0,0,110173,43,1,1.0,0,0,1,,1.0,1,1,,,0.0677637882007117,complete_windows,0,000_00,43,"[39, 40, 41, 42, 43]",206,0.98388671875,2015,2048,0.6770738939445964,synthetic/pilot_v2_r2/train/000,10000,363824
0,"[0, 0, 0, 0, 0]",0.0,"[0, 0, 0, 0, 1]",1.0,0,0,1,109726,44,0,0.0,0,0,0,0.0,1.0,0,1,0.0,0.0,0.07003283303114446,complete_windows,0,000_00,44,"[40, 41, 42, 43, 44]",206,0.97119140625,1989,2048,0.6364341610187706,synthetic/pilot_v2_r2/train/000,00001,362725
0,"[0, 0, 0, 0, 0]",0.0,"[0, 0, 0, 1, 1]",1.0,0,0,1,109644,45,1,0.5,0,0,1,0.0,1.0,1,2,0.0,0.0,0.0722440713428398,complete_windows,0,000_00,45,"[41, 42, 43, 44, 45]",206,0.98291015625,2013,2048,0.6094744252771903,synthetic/pilot_v2_r2/train/000,00011,364052
0,"[0, 0, 0, 0, 0]",,"[0, 0, 1, 1, 0]",,0,0,0,109361,46,2,1.0,0,0,2,,1.0,2,2,,,0.07214668610697461,complete_windows,0,000_00,46,"[42, 43, 44, 45, 46]",206,0.990234375,2028,2048,0.5738115087464141,synthetic/pilot_v2_r2/train/000,00110,363397
0,"[0, 0, 0, 0, 0]",0.0,"[0, 1, 1, 0, 1]",1.0,0,0,1,109489,47,2,0.6666666666666666,0,0,2,0.0,1.0,2,3,0.0,0.0,0.07178911596389481,complete_windows,0,000_00,47,"[43, 44, 45, 46, 47]",206,0.98828125,2024,2048,0.5207793969877293,synthetic/pilot_v2_r2/train/000,01101,363298
0,"[0, 0, 0, 0, 0]",,"[1, 1, 0, 1, 0]",,0,0,0,109082,48,3,1.0,0,0,3,,1.0,3,3,,,0.07108989199842942,complete_windows,0,000_00,48,"[44, 45, 46, 47, 48]",206,0.9775390625,2002,2048,0.5037830773819856,synthetic/pilot_v2_r2/train/000,11010,362566
0,"[0, 0, 0, 0, 0]",0.0,"[1, 0, 1, 0, 1]",1.0,0,0,1,108948,49,2,0.6666666666666666,0,0,2,0.0,1.0,2,3,0.0,0.0,0.06829188547905071,complete_windows,0,000_00,49,"[45, 46, 47, 48, 49]",206,0.98974609375,2027,2048,0.49971748843274477,synthetic/pilot_v2_r2/train/000,10101,362774
0,"[0, 0, 0, 0, 0]",,"[0, 1, 0, 1, 0]",,0,0,0,108789,50,2,1.0,0,0,2,,1.0,2,2,,,0.06653028183613764,complete_windows,0,000_00,50,"[46, 47, 48, 49, 50]",206,0.9951171875,2038,2048,0.4716485279954426,synthetic/pilot_v2_r2/train/000,01010,365757
0,"[0, 0, 0, 0, 0]",,"[1, 0, 1, 0, 0]",,0,0,0,108400,51,2,1.0,0,0,2,,1.0,2,2,,,0.06355199060457005,complete_windows,0,000_00,51,"[47, 48, 49, 50, 51]",206,0.9892578125,2026,2048,0.4577508936392017,synthetic/pilot_v2_r2/train/000,10100,366828
0,"[0, 0, 0, 0, 0]",,"[0, 1, 0, 0, 0]",,0,0,0,108501,52,1,1.0,0,0,1,,1.0,1,1,,,0.05994903866867166,complete_windows,0,000_00,52,"[48, 49, 50, 51, 52]",206,0.9775390625,2002,2048,0.43941656706315485,synthetic/pilot_v2_r2/train/000,01000,365104
0,"[0, 0, 0, 0, 0]",,"[1, 0, 0, 0, 0]",,0,0,0,108122,53,1,1.0,0,0,1,,1.0,1,1,,,0.0571377359934457,complete_windows,0,000_00,53,"[49, 50, 51, 52, 53]",206,0.9853515625,2018,2048,0.39126477670904347,synthetic/pilot_v2_r2/train/000,10000,364254
1,"[0, 0, 0, 0, 0]",,"[0, 0, 0, 0, 0]",,0,0,0,108186,54,0,,0,0,0,,,0,0,,,0.05454873720674456,complete_windows,0,000_00,54,"[50, 51, 52, 53, 54]",206,0.98974609375,2027,2048,0.3763404730944595,synthetic/pilot_v2_r2/train/000,00000,364069
1,"[0, 0, 0, 0, 0]",,"[0, 0, 0, 0, 0]",,0,0,0,108170,55,0,,0,0,0,,,0,0,,,0.0507297226123068,complete_windows,0,000_00,55,"[51, 52, 53, 54, 55]",206,0.97900390625,2005,2048,0.35575102345730714,synthetic/pilot_v2_r2/train/000,00000,366312
1,"[0, 0, 0, 0, 0]",,"[0, 0, 0, 0, 0]",,0,0,0,108127,56,0,,0,0,0,,,0,0,,,0.04533183491352063,complete_windows,0,000_00,56,"[52, 53, 54, 55, 56]",206,0.98388671875,2015,2048,0.3043452386258871,synthetic/pilot_v2_r2/train/000,00000,365179
1,"[0, 0, 0, 0, 0]",,"[0, 0, 0, 0, 0]",,0,0,0,108221,57,0,,0,0,0,,,0,0,,,0.042699107170941816,complete_windows,0,000_00,57,"[53, 54, 55, 56, 57]",206,0.98486328125,2017,2048,0.28880565726535357,synthetic/pilot_v2_r2/train/000,00000,367217
1,"[0, 0, 0, 0, 0]",,"[0, 0, 0, 0, 0]",,0,0,0,107923,58,0,,0,0,0,,,0,0,,,0.04038448356040951,complete_windows,0,000_00,58,"[54, 55, 56, 57, 58]",206,0.9833984375,2014,2048,0.2582415678622798,synthetic/pilot_v2_r2/train/000,00000,364599
1,"[0, 0, 0, 0, 0]",,"[0, 0, 0, 0, 0]",,0,0,0,107821,59,0,,0,0,0,,,0,0,,,0.03750700176745277,complete_windows,0,000_00,59,"[55, 56, 57, 58, 59]",206,0.98779296875,2023,2048,0.24005138540979684,synthetic/pilot_v2_r2/train/000,00000,358751
1,"[0, 0, 0, 0, 0]",,"[0, 0, 0, 0, 0]",,0,0,0,107981,60,0,,0,0,0,,,0,0,,,0.036917917169632414,complete_windows,0,000_00,60,"[56, 57, 58, 59, 60]",206,0.99365234375,2035,2048,0.23409313734821413,synthetic/pilot_v2_r2/train/000,00000,357713
1,"[0, 0, 0, 0, 0]",,"[0, 0, 0, 0, 0]",,0,0,0,107811,61,0,,0,0,0,,,0,0,,,0.035203620860936355,complete_windows,0,000_00,61,"[57, 58, 59, 60, 61]",206,0.99072265625,2029,2048,0.21871318802559003,synthetic/pilot_v2_r2/train/000,00000,356735
1,"[0, 0, 0, 0, 0]",,"[0, 0, 0, 0, 0]",,0,0,0,107939,62,0,,0,0,0,,,0,0,,,0.03541627835996596,complete_windows,0,000_00,62,"[58, 59, 60, 61, 62]",206,0.98095703125,2009,2048,0.22447292441458191,synthetic/pilot_v2_r2/train/000,00000,354480
1,"[0, 0, 0, 0, 0]",,"[0, 0, 0, 0, 0]",,0,0,0,108110,63,0,,0,0,0,,,0,0,,,0.03609679885023149,complete_windows,0,000_00,63,"[59, 60, 61, 62, 63]",206,0.9892578125,2026,2048,0.20952655988905666,synthetic/pilot_v2_r2/train/000,00000,356554
1,"[0, 0, 0, 0, 0]",,"[0, 0, 0, 0, 0]",,0,0,0,107543,64,0,,0,0,0,,,0,0,,,0.03666494842386361,complete_windows,0,000_00,64,"[60, 61, 62, 63, 64]",206,0.9912109375,2030,2048,0.21315127995256755,synthetic/pilot_v2_r2/train/000,00000,357896
1,"[0, 0, 0, 0, 0]",,"[0, 0, 0, 0, 0]",,0,0,0,107657,65,0,,0,0,0,,,0,0,,,0.03863199891921474,complete_windows,0,000_00,65,"[61, 62, 63, 64, 65]",206,0.9921875,2032,2048,0.22115012408793183,synthetic/pilot_v2_r2/train/000,00000,355972
1,"[0, 0, 0, 0, 0]",,"[0, 0, 0, 0, 0]",,0,0,0,107429,66,0,,0,0,0,,,0,0,,,0.04036150726996175,complete_windows,0,000_00,66,"[62, 63, 64, 65, 66]",206,0.97802734375,2003,2048,0.21411393441762516,synthetic/pilot_v2_r2/train/000,00000,356749
1,"[0, 0, 0, 0, 0]",,"[0, 0, 0, 0, 0]",,0,0,0,107566,67,0,,0,0,0,,,0,0,,,0.044227359307050275,complete_windows,0,000_00,67,"[63, 64, 65, 66, 67]",206,0.984375,2016,2048,0.23977784371759023,synthetic/pilot_v2_r2/train/000,00000,356985
1,"[0, 0, 0, 0, 0]",,"[0, 0, 0, 0, 0]",,0,0,0,107623,68,0,,0,0,0,,,0,0,,,0.05075911603741048,complete_windows,0,000_00,68,"[64, 65, 66, 67, 68]",206,0.98046875,2008,2048,0.2712162314260779,synthetic/pilot_v2_r2/train/000,00000,362491
1,"[0, 0, 0, 0, 0]",,"[0, 0, 0, 0, 0]",,0,0,0,107346,69,0,,0,0,0,,,0,0,,,0.057705852418416616,complete_windows,0,000_00,69,"[65, 66, 67, 68, 69]",206,0.98876953125,2025,2048,0.3139021911202409,synthetic/pilot_v2_r2/train/000,00000,365621
1,"[0, 0, 0, 0, 0]",,"[0, 0, 0, 0, 0]",,0,0,0,107187,70,0,,0,0,0,,,0,0,,,0.06511562702266172,complete_windows,0,000_00,70,"[66, 67, 68, 69, 70]",206,0.984375,2016,2048,0.37783684594707584,synthetic/pilot_v2_r2/train/000,00000,366188
1,"[0, 0, 0, 0, 0]",,"[0, 0, 0, 0, 0]",,0,0,0,107045,71,0,,0,0,0,,,0,0,,,0.07228388435558362,complete_windows,0,000_00,71,"[67, 68, 69, 70, 71]",206,0.97802734375,2003,2048,0.43903866317848755,synthetic/pilot_v2_r2/train/000,00000,367243
1,"[0, 0, 0, 0, 0]",,"[0, 0, 0, 0, 0]",,0,0,0,106704,72,0,,0,0,0,,,0,0,,,0.07978435035699898,complete_windows,0,000_00,72,"[68, 69, 70, 71, 72]",206,0.9814453125,2010,2048,0.48700735799259914,synthetic/pilot_v2_r2/train/000,00000,369331
1,"[0, 0, 0, 0, 0]",,"[0, 0, 0, 0, 0]",,0,0,0,106736,73,0,,0,0,0,,,0,0,,,0.08497569323456262,complete_windows,0,000_00,73,"[69, 70, 71, 72, 73]",206,0.986328125,2020,2048,0.5313787612894113,synthetic/pilot_v2_r2/train/000,00000,371342
1,"[0, 0, 0, 0, 0]",,"[0, 0, 0, 0, 0]",,0,0,0,106630,74,0,,0,0,0,,,0,0,,,0.08801789435651906,complete_windows,0,000_00,74,"[70, 71, 72, 73, 74]",206,0.98974609375,2027,2048,0.5713048105689699,synthetic/pilot_v2_r2/train/000,00000,368803
1,"[0, 0, 0, 0, 0]",,"[0, 0, 0, 0, 0]",,0,0,0,106649,75,0,,0,0,0,,,0,0,,,0.09070992895596772,complete_windows,0,000_00,75,"[71, 72, 73, 74, 75]",206,0.9931640625,2034,2048,0.5964958524119479,synthetic/pilot_v2_r2/train/000,00000,368670
1,"[0, 0, 0, 0, 0]",,"[0, 0, 0, 0, 0]",,0,0,0,106657,76,0,,0,0,0,,,0,0,,,0.09191369306026564,complete_windows,0,000_00,76,"[72, 73, 74, 75, 76]",206,0.9873046875,2022,2048,0.6162269133566959,synthetic/pilot_v2_r2/train/000,00000,366920
1,"[0, 0, 0, 0, 0]",,"[0, 0, 0, 0, 0]",,0,0,0,106399,77,0,,0,0,0,,,0,0,,,0.09373259503343309,complete_windows,0,000_00,77,"[73, 74, 75, 76, 77]",206,0.97021484375,1987,2048,0.6423462176800425,synthetic/pilot_v2_r2/train/000,00000,371092
1,"[0, 0, 0, 0, 0]",,"[0, 0, 0, 0, 0]",,0,0,0,106488,78,0,,0,0,0,,,0,0,,,0.09568140598291455,complete_windows,0,000_00,78,"[74, 75, 76, 77, 78]",206,0.98681640625,2021,2048,0.6354572875585477,synthetic/pilot_v2_r2/train/000,00000,373412
1,"[0, 0, 0, 0, 0]",,"[0, 0, 0, 0, 0]",,0,0,0,106181,79,0,,0,0,0,,,0,0,,,0.09803084654197582,complete_windows,0,000_00,79,"[75, 76, 77, 78, 79]",206,0.9853515625,2018,2048,0.6559113088956695,synthetic/pilot_v2_r2/train/000,00000,379256
1,"[0, 0, 0, 0, 0]",,"[0, 0, 0, 0, 0]",,0,0,0,105924,80,0,,0,0,0,,,0,0,,,0.09715200682854651,complete_windows,0,000_00,80,"[76, 77, 78, 79, 80]",206,0.98583984375,2019,2048,0.6885777827391343,synthetic/pilot_v2_r2/train/000,00000,377841
1,"[0, 0, 0, 0, 0]",,"[0, 0, 0, 0, 0]",,0,0,0,105576,81,0,,0,0,0,,,0,0,,,0.09458538002542806,complete_windows,0,000_00,81,"[77, 78, 79, 80, 81]",206,0.9833984375,2014,2048,0.7117286805584416,synthetic/pilot_v2_r2/train/000,00000,378766
1,"[0, 0, 0, 0, 0]",,"[0, 0, 0, 0, 0]",,0,0,0,105040,82,0,,0,0,0,,,0,0,,,0.09190869403000504,complete_windows,0,000_00,82,"[78, 79, 80, 81, 82]",206,0.9853515625,2018,2048,0.743615738011411,synthetic/pilot_v2_r2/train/000,00000,378605
1,"[0, 0, 0, 0, 0]",,"[0, 0, 0, 0, 0]",,0,0,0,104753,83,0,,0,0,0,,,0,0,,,0.09141191712091401,complete_windows,0,000_00,83,"[79, 80, 81, 82, 83]",206,0.98486328125,2017,2048,0.7724066713763033,synthetic/pilot_v2_r2/train/000,00000,377830
1,"[0, 0, 0, 0, 0]",,"[0, 0, 0, 0, 0]",,0,0,0,104209,84,0,,0,0,0,,,0,0,,,0.09189176364129398,complete_windows,0,000_00,84,"[80, 81, 82, 83, 84]",206,0.98388671875,2015,2048,0.7823093263736703,synthetic/pilot_v2_r2/train/000,00000,372205
1,"[0, 0, 0, 0, 0]",,"[0, 0, 0, 0, 0]",,0,0,0,103650,85,0,,0,0,0,,,0,0,,,0.09143193448828678,complete_windows,0,000_00,85,"[81, 82, 83, 84, 85]",206,0.982421875,2012,2048,0.8019862850472748,synthetic/pilot_v2_r2/train/000,00000,368508
1,"[0, 0, 0, 0, 0]",,"[0, 0, 0, 0, 0]",,0,0,0,102982,86,0,,0,0,0,,,0,0,,,0.09087839284642334,complete_windows,0,000_00,86,"[82, 83, 84, 85, 86]",206,0.984375,2016,2048,0.8299320121081653,synthetic/pilot_v2_r2/train/000,00000,376832
1,"[0, 0, 0, 0, 0]",,"[0, 0, 0, 0, 0]",,0,0,0,102053,87,0,,0,0,0,,,0,0,,,0.08965492704332052,complete_windows,0,000_00,87,"[83, 84, 85, 86, 87]",206,0.98095703125,2009,2048,0.8491778762921323,synthetic/pilot_v2_r2/train/000,00000,378450
1,"[0, 0, 0, 0, 0]",,"[0, 0, 0, 0, 0]",,0,0,0,101168,88,0,,0,0,0,,,0,0,,,0.09089300605332537,complete_windows,0,000_00,88,"[84, 85, 86, 87, 88]",206,0.98388671875,2015,2048,0.8852427781413098,synthetic/pilot_v2_r2/train/000,00000,377981
1,"[0, 0, 0, 0, 0]",,"[0, 0, 0, 0, 0]",,0,0,0,100326,89,0,,0,0,0,,,0,0,,,0.09092462606912396,complete_windows,0,000_00,89,"[85, 86, 87, 88, 89]",206,0.97998046875,2007,2048,0.8988968068329722,synthetic/pilot_v2_r2/train/000,00000,378387
1,"[0, 0, 0, 0, 0]",,"[0, 0, 0, 0, 0]",,0,0,0,99473,90,0,,0,0,0,,,0,0,,,0.08571251872927725,complete_windows,0,000_00,90,"[86, 87, 88, 89, 90]",206,0.98388671875,2015,2048,0.9182936970449606,synthetic/pilot_v2_r2/train/000,00000,379636
1,"[0, 0, 0, 0, 0]",,"[0, 0, 0, 0, 0]",,0,0,0,98614,91,0,,0,0,0,,,0,0,,,0.0782766312634532,complete_windows,0,000_00,91,"[87, 88, 89, 90, 91]",206,0.98388671875,2015,2048,0.9152152782143683,synthetic/pilot_v2_r2/train/000,00000,376497
1,"[0, 0, 0, 0, 0]",,"[0, 0, 0, 0, 0]",,0,0,0,97406,92,0,,0,0,0,,,0,0,,,0.07783397627937616,complete_windows,0,000_00,92,"[88, 89, 90, 91, 92]",206,0.9833984375,2014,2048,0.9076764315769502,synthetic/pilot_v2_r2/train/000,00000,368381
1,"[0, 0, 0, 0, 0]",,"[0, 0, 0, 0, 0]",,0,0,0,96404,93,0,,0,0,0,,,0,0,,,0.07871188399815467,complete_windows,0,000_00,93,"[89, 90, 91, 92, 93]",206,0.98291015625,2013,2048,0.9166182777275792,synthetic/pilot_v2_r2/train/000,00000,352937
1,"[0, 0, 0, 0, 0]",,"[0, 0, 0, 0, 0]",,0,0,0,95243,94,0,,0,0,0,,,0,0,,,0.0722224146525366,complete_windows,0,000_00,94,"[90, 91, 92, 93, 94]",206,0.98681640625,2021,2048,0.9173102889622164,synthetic/pilot_v2_r2/train/000,00000,353596
1,"[0, 0, 0, 0, 0]",,"[0, 0, 0, 0, 0]",,0,0,0,93789,95,0,,0,0,0,,,0,0,,,0.06834630421467641,complete_windows,0,000_00,95,"[91, 92, 93, 94, 95]",206,0.99072265625,2029,2048,0.9355958603826063,synthetic/pilot_v2_r2/train/000,00000,349831
1,"[0, 0, 0, 0, 0]",,"[0, 0, 0, 0, 0]",,0,0,0,92855,96,0,,0,0,0,,,0,0,,,0.06518493191320204,complete_windows,0,000_00,96,"[92, 93, 94, 95, 96]",206,0.9873046875,2022,2048,0.9737733922887181,synthetic/pilot_v2_r2/train/000,00000,345049
1,"[0, 0, 0, 0, 0]",,"[0, 0, 0, 0, 0]",,0,0,0,91874,97,0,,0,0,0,,,0,0,,,0.06236885853625648,complete_windows,0,000_00,97,"[93, 94, 95, 96, 97]",206,0.98583984375,2019,2048,0.9764653122075011,synthetic/pilot_v2_r2/train/000,00000,335639
1,"[0, 0, 0, 0, 0]",,"[0, 0, 0, 0, 0]",,0,0,0,91407,98,0,,0,0,0,,,0,0,,,0.062271644243920114,complete_windows,0,000_00,98,"[94, 95, 96, 97, 98]",206,0.978515625,2004,2048,0.9933156848455372,synthetic/pilot_v2_r2/train/000,00000,333752
1,"[0, 0, 0, 0, 0]",,"[0, 0, 0, 0, 0]",,0,0,0,90961,99,0,,0,0,0,,,0,0,,,0.06474180179887154,complete_windows,0,000_00,99,"[95, 96, 97, 98, 99]",206,0.98046875,2008,2048,1.0154284005010248,synthetic/pilot_v2_r2/train/000,00000,328851
1,"[0, 0, 0, 0, 0]",,"[0, 0, 0, 0, 0]",,0,0,0,90503,100,0,,0,0,0,,,0,0,,,0.06746625223730482,complete_windows,0,000_00,100,"[96, 97, 98, 99, 100]",206,0.97802734375,2003,2048,1.0265636125032958,synthetic/pilot_v2_r2/train/000,00000,328224
1,"[0, 0, 0, 0, 0]",,"[0, 0, 0, 0, 0]",,0,0,0,89860,101,0,,0,0,0,,,0,0,,,0.06514169024674434,complete_windows,0,000_00,101,"[97, 98, 99, 100, 101]",206,0.98974609375,2027,2048,1.073299088189264,synthetic/pilot_v2_r2/train/000,00000,327411
1,"[0, 0, 0, 0, 0]",,"[0, 0, 0, 0, 0]",,0,0,0,89401,102,0,,0,0,0,,,0,0,,,0.05660114382820696,complete_windows,0,000_00,102,"[98, 99, 100, 101, 102]",206,0.98193359375,2011,2048,1.1043443628980318,synthetic/pilot_v2_r2/train/000,00000,325145
1,"[0, 0, 0, 0, 0]",,"[0, 0, 0, 0, 0]",,0,0,0,89165,103,0,,0,0,0,,,0,0,,,0.049796131123151614,complete_windows,0,000_00,103,"[99, 100, 101, 102, 103]",206,0.98486328125,2017,2048,1.1292853533912295,synthetic/pilot_v2_r2/train/000,00000,319098
1,"[0, 0, 0, 0, 0]",,"[0, 0, 0, 0, 0]",,0,0,0,89150,104,0,,0,0,0,,,0,0,,,0.04809787928743685,complete_windows,0,000_00,104,"[100, 101, 102, 103, 104]",206,0.98828125,2024,2048,1.1601215124004183,synthetic/pilot_v2_r2/train/000,00000,312967
1,"[0, 0, 0, 0, 0]",,"[0, 0, 0, 0, 0]",,0,0,0,89403,105,0,,0,0,0,,,0,0,,,0.044215920693529455,complete_windows,0,000_00,105,"[101, 102, 103, 104, 105]",206,0.98583984375,2019,2048,1.1726062334214327,synthetic/pilot_v2_r2/train/000,00000,308888
1,"[0, 0, 0, 0, 0]",,"[0, 0, 0, 0, 0]",,0,0,0,89590,106,0,,0,0,0,,,0,0,,,0.03662125208415674,complete_windows,0,000_00,106,"[102, 103, 104, 105, 106]",206,0.98291015625,2013,2048,1.2022486533304395,synthetic/pilot_v2_r2/train/000,00000,308777
1,"[0, 0, 0, 0, 0]",,"[0, 0, 0, 0, 0]",,0,0,0,89789,107,0,,0,0,0,,,0,0,,,0.027999228457092448,complete_windows,0,000_00,107,"[103, 104, 105, 106, 107]",206,0.98388671875,2015,2048,1.2228712094131804,synthetic/pilot_v2_r2/train/000,00000,309811
1,"[0, 0, 0, 0, 0]",,"[0, 0, 0, 0, 0]",,0,0,0,90061,108,0,,0,0,0,,,0,0,,,0.020318181109520248,complete_windows,0,000_00,108,"[104, 105, 106, 107, 108]",206,0.98974609375,2027,2048,1.224394704382655,synthetic/pilot_v2_r2/train/000,00000,307874
1,"[0, 0, 0, 0, 0]",,"[0, 0, 0, 0, 0]",,0,0,0,90240,109,0,,0,0,0,,,0,0,,,0.01358346379786286,complete_windows,0,000_00,109,"[105, 106, 107, 108, 109]",206,0.99072265625,2029,2048,1.2448921147242307,synthetic/pilot_v2_r2/train/000,00000,305927
1,"[0, 0, 0, 0, 0]",,"[0, 0, 0, 0, 0]",,0,0,0,90669,110,0,,0,0,0,,,0,0,,,0.01096016328779033,complete_windows,0,000_00,110,"[106, 107, 108, 109, 110]",206,0.98974609375,2027,2048,1.2515084710820632,synthetic/pilot_v2_r2/train/000,00000,301692
1,"[0, 0, 0, 0, 0]",,"[0, 0, 0, 0, 0]",,0,0,0,90996,111,0,,0,0,0,,,0,0,,,0.010064155442262253,complete_windows,0,000_00,111,"[107, 108, 109, 110, 111]",206,0.9912109375,2030,2048,1.2557992694995612,synthetic/pilot_v2_r2/train/000,00000,297573
1,"[0, 0, 0, 0, 0]",,"[0, 0, 0, 0, 0]",,0,0,0,91290,112,0,,0,0,0,,,0,0,,,0.010991787374859053,complete_windows,0,000_00,112,"[108, 109, 110, 111, 112]",206,0.99365234375,2035,2048,1.2724023278292884,synthetic/pilot_v2_r2/train/000,00000,297039
1,"[0, 0, 0, 0, 0]",,"[0, 0, 0, 0, 0]",,0,0,0,91828,113,0,,0,0,0,,,0,0,,,0.010916733891739284,complete_windows,0,000_00,113,"[109, 110, 111, 112, 113]",206,0.990234375,2028,2048,1.285047816668655,synthetic/pilot_v2_r2/train/000,00000,296946
1,"[0, 0, 0, 0, 0]",,"[0, 0, 0, 0, 0]",,0,0,0,91845,114,0,,0,0,0,,,0,0,,,0.010015556956106831,complete_windows,0,000_00,114,"[110, 111, 112, 113, 114]",206,0.98828125,2024,2048,1.2913658505535588,synthetic/pilot_v2_r2/train/000,00000,298909
1,"[0, 0, 0, 0, 0]",,"[0, 0, 0, 0, 0]",,0,0,0,91967,115,0,,0,0,0,,,0,0,,,0.010823812437151295,complete_windows,0,000_00,115,"[111, 112, 113, 114, 115]",206,0.98828125,2024,2048,1.3068941187063783,synthetic/pilot_v2_r2/train/000,00000,299602
1,"[0, 0, 0, 0, 0]",,"[0, 0, 0, 0, 0]",,0,0,0,92244,116,0,,0,0,0,,,0,0,,,0.010311908750980047,complete_windows,0,000_00,116,"[112, 113, 114, 115, 116]",206,0.97900390625,2005,2048,1.329730247869663,synthetic/pilot_v2_r2/train/000,00000,300699
1,"[0, 0, 0, 0, 0]",,"[0, 0, 0, 0, 0]",,0,0,0,92314,117,0,,0,0,0,,,0,0,,,0.01108749151567726,complete_windows,0,000_00,117,"[113, 114, 115, 116, 117]",206,0.98583984375,2019,2048,1.3245304869853274,synthetic/pilot_v2_r2/train/000,00000,302321
1,"[0, 0, 0, 0, 0]",,"[0, 0, 0, 0, 0]",,0,0,0,92442,118,0,,0,0,0,,,0,0,,,0.013576063005416215,complete_windows,0,000_00,118,"[114, 115, 116, 117, 118]",206,0.986328125,2020,2048,1.3552199783637409,synthetic/pilot_v2_r2/train/000,00000,302388
1,"[0, 0, 0, 0, 0]",,"[0, 0, 0, 0, 0]",,0,0,0,92709,119,0,,0,0,0,,,0,0,,,0.01489208640722564,complete_windows,0,000_00,119,"[115, 116, 117, 118, 119]",206,0.98974609375,2027,2048,1.375815776465883,synthetic/pilot_v2_r2/train/000,00000,300060
1,"[0, 0, 0, 0, 0]",,"[0, 0, 0, 0, 0]",,0,0,0,92560,120,0,,0,0,0,,,0,0,,,0.01438049222328172,complete_windows,0,000_00,120,"[116, 117, 118, 119, 120]",206,0.98779296875,2023,2048,1.3905977565614833,synthetic/pilot_v2_r2/train/000,00000,304591
1,"[0, 0, 0, 0, 0]",,"[0, 0, 0, 0, 0]",,0,0,0,92487,121,0,,0,0,0,,,0,0,,,0.015970659052479234,complete_windows,0,000_00,121,"[117, 118, 119, 120, 121]",206,0.9853515625,2018,2048,1.4211098174116368,synthetic/pilot_v2_r2/train/000,00000,304148
1,"[0, 0, 0, 0, 0]",,"[0, 0, 0, 0, 0]",,0,0,0,92562,122,0,,0,0,0,,,0,0,,,0.01740149589863265,complete_windows,0,000_00,122,"[118, 119, 120, 121, 122]",206,0.98681640625,2021,2048,1.4298873047701564,synthetic/pilot_v2_r2/train/000,00000,304267
1,"[0, 0, 0, 0, 0]",,"[0, 0, 0, 0, 0]",,0,0,0,92475,123,0,,0,0,0,,,0,0,,,0.01844330496973126,complete_windows,0,000_00,123,"[119, 120, 121, 122, 123]",206,0.98681640625,2021,2048,1.4451678158883188,synthetic/pilot_v2_r2/train/000,00000,305538
1,"[0, 0, 0, 0, 0]",,"[0, 0, 0, 0, 0]",,0,0,0,92257,124,0,,0,0,0,,,0,0,,,0.01685129497236129,complete_windows,0,000_00,124,"[120, 121, 122, 123, 124]",206,0.98388671875,2015,2048,1.4407868195727687,synthetic/pilot_v2_r2/train/000,00000,306669
1,"[0, 0, 0, 0, 0]",,"[0, 0, 0, 0, 0]",,0,0,0,91875,125,0,,0,0,0,,,0,0,,,0.01594834271609033,complete_windows,0,000_00,125,"[121, 122, 123, 124, 125]",206,0.98779296875,2023,2048,1.4662969723386545,synthetic/pilot_v2_r2/train/000,00000,305134
1,"[0, 0, 0, 0, 0]",,"[0, 0, 0, 0, 0]",,0,0,0,91509,126,0,,0,0,0,,,0,0,,,0.01593631131678483,complete_windows,0,000_00,126,"[122, 123, 124, 125, 126]",206,0.97998046875,2007,2048,1.4715918117450362,synthetic/pilot_v2_r2/train/000,00000,306552
1,"[0, 0, 0, 0, 0]",,"[0, 0, 0, 0, 0]",,0,0,0,91039,127,0,,0,0,0,,,0,0,,,0.014599231153696915,complete_windows,0,000_00,127,"[123, 124, 125, 126, 127]",206,0.9775390625,2002,2048,1.4694025469474663,synthetic/pilot_v2_r2/train/000,00000,306474
0,"[0, 0, 0, 0, 0]",0.0,"[0, 0, 0, 0, 1]",1.0,0,0,1,90723,128,0,0.0,0,0,0,0.0,1.0,0,1,0.0,0.0,0.013207518003018608,complete_windows,0,000_00,128,"[124, 125, 126, 127, 128]",206,0.98388671875,2015,2048,1.4825157881755666,synthetic/pilot_v2_r2/train/000,00001,304782
0,"[0, 0, 0, 0, 0]",0.0,"[0, 0, 0, 1, 1]",1.0,0,0,1,90867,129,1,0.5,0,0,1,0.0,1.0,1,2,0.0,0.0,0.012117578436756723,complete_windows,0,000_00,129,"[125, 126, 127, 128, 129]",206,0.9873046875,2022,2048,1.4684432385412673,synthetic/pilot_v2_r2/train/000,00011,302342
0,"[0, 0, 0, 0, 0]",0.0,"[0, 0, 1, 1, 2]",1.0,0,0,2,91127,130,2,0.5,0,0,2,0.0,1.0,2,4,0.0,0.0,0.011090757136313953,complete_windows,0,000_00,130,"[126, 127, 128, 129, 130]",206,0.986328125,2020,2048,1.4519207155996667,synthetic/pilot_v2_r2/train/000,00111,304655
0,"[0, 0, 0, 0, 0]",0.0,"[0, 1, 1, 2, 2]",1.0,0,0,2,91603,131,4,0.6666666666666666,0,0,3,0.0,1.0,4,6,0.0,0.0,0.009992462708087516,complete_windows,0,000_00,131,"[127, 128, 129, 130, 131]",206,0.9873046875,2022,2048,1.4517803566471494,synthetic/pilot_v2_r2/train/000,01111,304076
0,"[0, 0, 0, 0, 0]",0.0,"[1, 1, 2, 2, 1]",1.0,0,0,1,92224,132,6,0.8571428571428571,0,0,4,0.0,1.0,6,7,0.0,0.0,0.009204023611203599,complete_windows,0,000_00,132,"[128, 129, 130, 131, 132]",206,0.98681640625,2021,2048,1.43307551013025,synthetic/pilot_v2_r2/train/000,11111,305790
0,"[0, 0, 0, 0, 0]",0.0,"[1, 2, 2, 1, 1]",1.0,0,0,1,92762,133,6,0.8571428571428571,0,0,4,0.0,1.0,6,7,0.0,0.0,0.009524324006578056,complete_windows,0,000_00,133,"[129, 130, 131, 132, 133]",206,0.9833984375,2014,2048,1.4247533735694469,synthetic/pilot_v2_r2/train/000,11111,306877
0,"[0, 0, 0, 0, 0]",,"[2, 2, 1, 1, 0]",,0,0,0,93137,134,6,1.0,0,0,4,,1.0,6,6,,,0.009431099301316114,complete_windows,0,000_00,134,"[130, 131, 132, 133, 134]",206,0.98388671875,2015,2048,1.4367319191435604,synthetic/pilot_v2_r2/train/000,11110,305740
0,"[0, 0, 0, 0, 0]",,"[2, 1, 1, 0, 0]",,0,0,0,93630,135,4,1.0,0,0,3,,1.0,4,4,,,0.00966972361997325,complete_windows,0,000_00,135,"[131, 132, 133, 134, 135]",206,0.986328125,2020,2048,1.4330246568649414,synthetic/pilot_v2_r2/train/000,11100,308891
0,"[0, 0, 0, 0, 0]",,"[1, 1, 0, 0, 0]",,0,0,0,94036,136,2,1.0,0,0,2,,1.0,2,2,,,0.009429528730906332,complete_windows,0,000_00,136,"[132, 133, 134, 135, 136]",206,0.99072265625,2029,2048,1.4314337295221016,synthetic/pilot_v2_r2/train/000,11000,311559
0,"[0, 0, 0, 0, 0]",,"[1, 0, 0, 0, 0]",,0,0,0,94248,137,1,1.0,0,0,1,,1.0,1,1,,,0.009780692959624495,complete_windows,0,000_00,137,"[133, 134, 135, 136, 137]",206,0.99169921875,2031,2048,1.4325416479612463,synthetic/pilot_v2_r2/train/000,10000,312176
1,"[0, 0, 0, 0, 0]",,"[0, 0, 0, 0, 0]",,0,0,0,94769,138,0,,0,0,0,,,0,0,,,0.011030629569919528,complete_windows,0,000_00,138,"[134, 135, 136, 137, 138]",206,0.984375,2016,2048,1.4263812640506268,synthetic/pilot_v2_r2/train/000,00000,312498
1,"[0, 0, 0, 0, 0]",,"[0, 0, 0, 0, 0]",,0,0,0,95280,139,0,,0,0,0,,,0,0,,,0.011883459127332326,complete_windows,0,000_00,139,"[135, 136, 137, 138, 139]",206,0.98193359375,2011,2048,1.3995039077764793,synthetic/pilot_v2_r2/train/000,00000,314297
1,"[0, 0, 0, 0, 0]",,"[0, 0, 0, 0, 0]",,0,0,0,95649,140,0,,0,0,0,,,0,0,,,0.013304210603469846,complete_windows,0,000_00,140,"[136, 137, 138, 139, 140]",206,0.98828125,2024,2048,1.4119928534232433,synthetic/pilot_v2_r2/train/000,00000,313598
1,"[0, 0, 0, 0, 0]",,"[0, 0, 0, 0, 0]",,0,0,0,95855,141,0,,0,0,0,,,0,0,,,0.016853518823179803,complete_windows,0,000_00,141,"[137, 138, 139, 140, 141]",206,0.9873046875,2022,2048,1.3961186514188033,synthetic/pilot_v2_r2/train/000,00000,314333
1,"[0, 0, 0, 0, 0]",,"[0, 0, 0, 0, 0]",,0,0,0,95786,142,0,,0,0,0,,,0,0,,,0.017632462870071437,complete_windows,0,000_00,142,"[138, 139, 140, 141, 142]",206,0.98876953125,2025,2048,1.3801084482090953,synthetic/pilot_v2_r2/train/000,00000,313684
1,"[0, 0, 0, 0, 0]",,"[0, 0, 0, 0, 0]",,0,0,0,95943,143,0,,0,0,0,,,0,0,,,0.017137237883572874,complete_windows,0,000_00,143,"[139, 140, 141, 142, 143]",206,0.986328125,2020,2048,1.3770780283222535,synthetic/pilot_v2_r2/train/000,00000,315195
1,"[0, 0, 0, 0, 0]",,"[0, 0, 0, 0, 0]",,0,0,0,96049,144,0,,0,0,0,,,0,0,,,0.010453613896442126,complete_windows,0,000_00,144,"[140, 141, 142, 143, 144]",206,0.98193359375,2011,2048,1.35874162657935,synthetic/pilot_v2_r2/train/000,00000,314249
1,"[0, 0, 0, 0, 0]",,"[0, 0, 0, 0, 0]",,0,0,0,95791,145,0,,0,0,0,,,0,0,,,0.005202441828225512,complete_windows,0,000_00,145,"[141, 142, 143, 144, 145]",206,0.9873046875,2022,2048,1.3525349946923708,synthetic/pilot_v2_r2/train/000,00000,314331
1,"[0, 0, 0, 0, 0]",,"[0, 0, 0, 0, 0]",,0,0,0,95614,146,0,,0,0,0,,,0,0,,,0.005350486335695903,complete_windows,0,000_00,146,"[142, 143, 144, 145, 146]",206,0.98583984375,2019,2048,1.3488591376457981,synthetic/pilot_v2_r2/train/000,00000,311923
1,"[0, 0, 0, 0, 0]",,"[0, 0, 0, 0, 0]",,0,0,0,95307,147,0,,0,0,0,,,0,0,,,0.008755407283572434,complete_windows,0,000_00,147,"[143, 144, 145, 146, 147]",206,0.986328125,2020,2048,1.3556628514481717,synthetic/pilot_v2_r2/train/000,00000,314408
1,"[0, 0, 0, 0, 0]",,"[0, 0, 0, 0, 0]",,0,0,0,94779,148,0,,0,0,0,,,0,0,,,0.009862317499918921,complete_windows,0,000_00,148,"[144, 145, 146, 147, 148]",206,0.98388671875,2015,2048,1.3490294935303206,synthetic/pilot_v2_r2/train/000,00000,315826
1,"[0, 0, 0, 0, 0]",,"[0, 0, 0, 0, 0]",,0,0,0,94360,149,0,,0,0,0,,,0,0,,,0.010204760628247909,complete_windows,0,000_00,149,"[145, 146, 147, 148, 149]",206,0.98974609375,2027,2048,1.3378506260747922,synthetic/pilot_v2_r2/train/000,00000,313756
1,"[0, 0, 0, 0, 0]",,"[0, 0, 0, 0, 0]",,0,0,0,93984,150,0,,0,0,0,,,0,0,,,0.007624280538950229,complete_windows,0,000_00,150,"[146, 147, 148, 149, 150]",206,0.98681640625,2021,2048,1.325417456742087,synthetic/pilot_v2_r2/train/000,00000,312329
1,"[0, 0, 0, 0, 0]",,"[0, 0, 0, 0, 0]",,0,0,0,93425,151,0,,0,0,0,,,0,0,,,0.005590556986970922,complete_windows,0,000_00,151,"[147, 148, 149, 150, 151]",206,0.990234375,2028,2048,1.32293080606777,synthetic/pilot_v2_r2/train/000,00000,308750
1,"[0, 0, 0, 0, 0]",,"[0, 0, 0, 0, 0]",,0,0,0,92897,152,0,,0,0,0,,,0,0,,,0.004648658039411499,complete_windows,0,000_00,152,"[148, 149, 150, 151, 152]",206,0.98486328125,2017,2048,1.3159304211464213,synthetic/pilot_v2_r2/train/000,00000,306949
1,"[0, 0, 0, 0, 0]",,"[0, 0, 0, 0, 0]",,0,0,0,92215,153,0,,0,0,0,,,0,0,,,0.0038741487251580686,complete_windows,0,000_00,153,"[149, 150, 151, 152, 153]",206,0.98876953125,2025,2048,1.3121586964760534,synthetic/pilot_v2_r2/train/000,00000,306951
1,"[0, 0, 0, 0, 0]",,"[0, 0, 0, 0, 0]",,0,0,0,91525,154,0,,0,0,0,,,0,0,,,0.004775997618685624,complete_windows,0,000_00,154,"[150, 151, 152, 153, 154]",206,0.98486328125,2017,2048,1.3088648003668333,synthetic/pilot_v2_r2/train/000,00000,309133
1,"[0, 0, 0, 0, 0]",,"[0, 0, 0, 0, 0]",,0,0,0,90862,155,0,,0,0,0,,,0,0,,,0.00978604704325257,complete_windows,0,000_00,155,"[151, 152, 153, 154, 155]",206,0.98974609375,2027,2048,1.3039324899361104,synthetic/pilot_v2_r2/train/000,00000,308843
1,"[0, 0, 0, 0, 0]",,"[0, 0, 0, 0, 0]",,0,0,0,90421,156,0,,0,0,0,,,0,0,,,0.01309588390172509,complete_windows,0,000_00,156,"[152, 153, 154, 155, 156]",206,0.9921875,2032,2048,1.2936993889652215,synthetic/pilot_v2_r2/train/000,00000,309735
1,"[0, 0, 0, 0, 0]",,"[0, 0, 0, 0, 0]",,0,0,0,90312,157,0,,0,0,0,,,0,0,,,0.015377873301447402,complete_windows,0,000_00,157,"[153, 154, 155, 156, 157]",206,0.98583984375,2019,2048,1.2947884188680876,synthetic/pilot_v2_r2/train/000,00000,310876
1,"[0, 0, 0, 0, 0]",,"[0, 0, 0, 0, 0]",,0,0,0,90149,158,0,,0,0,0,,,0,0,,,0.014128500632504884,complete_windows,0,000_00,158,"[154, 155, 156, 157, 158]",206,0.98681640625,2021,2048,1.2618115225458435,synthetic/pilot_v2_r2/train/000,00000,309849
1,"[0, 0, 0, 0, 0]",,"[0, 0, 0, 0, 0]",,0,0,0,90045,159,0,,0,0,0,,,0,0,,,0.013259428256303479,complete_windows,0,000_00,159,"[155, 156, 157, 158, 159]",206,0.9853515625,2018,2048,1.225224058730557,synthetic/pilot_v2_r2/train/000,00000,309730
1,"[0, 0, 0, 0, 0]",,"[0, 0, 0, 0, 0]",,0,0,0,90302,160,0,,0,0,0,,,0,0,,,0.01588464123791401,complete_windows,0,000_00,160,"[156, 157, 158, 159, 160]",206,0.990234375,2028,2048,1.2087363059929803,synthetic/pilot_v2_r2/train/000,00000,308796
1,"[0, 0, 0, 0, 0]",,"[0, 0, 0, 0, 0]",,0,0,0,90278,161,0,,0,0,0,,,0,0,,,0.019582475670346114,complete_windows,0,000_00,161,"[157, 158, 159, 160, 161]",206,0.98779296875,2023,2048,1.178802663648591,synthetic/pilot_v2_r2/train/000,00000,307798
1,"[0, 0, 0, 0, 0]",,"[0, 0, 0, 0, 0]",,0,0,0,90685,162,0,,0,0,0,,,0,0,,,0.02419454822851035,complete_windows,0,000_00,162,"[158, 159, 160, 161, 162]",206,0.9853515625,2018,2048,1.1652997138469754,synthetic/pilot_v2_r2/train/000,00000,309567
1,"[0, 0, 0, 0, 0]",,"[0, 0, 0, 0, 0]",,0,0,0,90950,163,0,,0,0,0,,,0,0,,,0.028614441018653437,complete_windows,0,000_00,163,"[159, 160, 161, 162, 163]",206,0.9853515625,2018,2048,1.1417337304560762,synthetic/pilot_v2_r2/train/000,00000,311739
1,"[0, 0, 0, 0, 0]",,"[0, 0, 0, 0, 0]",,0,0,0,91442,164,0,,0,0,0,,,0,0,,,0.030188649735181424,complete_windows,0,000_00,164,"[160, 161, 162, 163, 164]",206,0.984375,2016,2048,1.0874976159646632,synthetic/pilot_v2_r2/train/000,00000,314430
1,"[0, 0, 0, 0, 0]",,"[0, 0, 0, 0, 0]",,0,0,0,91875,165,0,,0,0,0,,,0,0,,,0.032556963882993006,complete_windows,0,000_00,165,"[161, 162, 163, 164, 165]",206,0.9921875,2032,2048,1.0363338583661867,synthetic/pilot_v2_r2/train/000,00000,316548
1,"[0, 0, 0, 0, 0]",,"[0, 0, 0, 0, 0]",,0,0,0,92277,166,0,,0,0,0,,,0,0,,,0.03568469087290255,complete_windows,0,000_00,166,"[162, 163, 164, 165, 166]",206,0.984375,2016,2048,0.9870976838727311,synthetic/pilot_v2_r2/train/000,00000,316399
1,"[0, 0, 0, 0, 0]",,"[0, 0, 0, 0, 0]",,0,0,0,93128,167,0,,0,0,0,,,0,0,,,0.038846153171183034,complete_windows,0,000_00,167,"[163, 164, 165, 166, 167]",206,0.98486328125,2017,2048,0.9583542636280369,synthetic/pilot_v2_r2/train/000,00000,317223
1,"[0, 0, 0, 0, 0]",,"[0, 0, 0, 0, 0]",,0,0,0,93880,168,0,,0,0,0,,,0,0,,,0.03974139077686892,complete_windows,0,000_00,168,"[164, 165, 166, 167, 168]",206,0.98486328125,2017,2048,0.9477520131841011,synthetic/pilot_v2_r2/train/000,00000,317186
1,"[0, 0, 0, 0, 0]",,"[0, 0, 0, 0, 0]",,0,0,0,94885,169,0,,0,0,0,,,0,0,,,0.04131501794349031,complete_windows,0,000_00,169,"[165, 166, 167, 168, 169]",206,0.98583984375,2019,2048,0.9483073507481072,synthetic/pilot_v2_r2/train/000,00000,319324
1,"[0, 0, 0, 0, 0]",,"[0, 0, 0, 0, 0]",,0,0,0,95510,170,0,,0,0,0,,,0,0,,,0.04370686312680479,complete_windows,0,000_00,170,"[166, 167, 168, 169, 170]",206,0.982421875,2012,2048,0.9586241145079568,synthetic/pilot_v2_r2/train/000,00000,325980
1,"[0, 0, 0, 0, 0]",,"[0, 0, 0, 0, 0]",,0,0,0,96376,171,0,,0,0,0,,,0,0,,,0.04599434255254901,complete_windows,0,000_00,171,"[167, 168, 169, 170, 171]",206,0.97998046875,2007,2048,0.9293350585561796,synthetic/pilot_v2_r2/train/000,00000,329973
1,"[0, 0, 0, 0, 0]",,"[0, 0, 0, 0, 0]",,0,0,0,97340,172,0,,0,0,0,,,0,0,,,0.05137072224909054,complete_windows,0,000_00,172,"[168, 169, 170, 171, 172]",206,0.9814453125,2010,2048,0.9243276346427312,synthetic/pilot_v2_r2/train/000,00000,335203
1,"[0, 0, 0, 0, 0]",,"[0, 0, 0, 0, 0]",,0,0,0,98378,173,0,,0,0,0,,,0,0,,,0.056744801095696566,complete_windows,0,000_00,173,"[169, 170, 171, 172, 173]",206,0.9775390625,2002,2048,0.8995100009918289,synthetic/pilot_v2_r2/train/000,00000,340914
1,"[0, 0, 0, 0, 0]",,"[0, 0, 0, 0, 0]",,0,0,0,99579,174,0,,0,0,0,,,0,0,,,0.051687258180781064,complete_windows,0,000_00,174,"[170, 171, 172, 173, 174]",206,0.97265625,1992,2048,0.8710687437136708,synthetic/pilot_v2_r2/train/000,00000,342005
1,"[0, 0, 0, 0, 0]",,"[0, 0, 0, 0, 0]",,0,0,0,100769,175,0,,0,0,0,,,0,0,,,0.04393610877502277,complete_windows,0,000_00,175,"[171, 172, 173, 174, 175]",206,0.9775390625,2002,2048,0.8812593393392998,synthetic/pilot_v2_r2/train/000,00000,349225
1,"[0, 0, 0, 0, 0]",,"[0, 0, 0, 0, 0]",,0,0,0,102275,176,0,,0,0,0,,,0,0,,,0.044353092900151936,complete_windows,0,000_00,176,"[172, 173, 174, 175, 176]",206,0.96875,1984,2048,0.8591691102047269,synthetic/pilot_v2_r2/train/000,00000,352351
1,"[0, 0, 0, 0, 0]",,"[0, 0, 0, 0, 0]",,0,0,0,103357,177,0,,0,0,0,,,0,0,,,0.04767132045346772,complete_windows,0,000_00,177,"[173, 174, 175, 176, 177]",206,0.9833984375,2014,2048,0.8614292916376449,synthetic/pilot_v2_r2/train/000,00000,360253
1,"[0, 0, 0, 0, 0]",,"[0, 0, 0, 0, 0]",,0,0,0,104245,178,0,,0,0,0,,,0,0,,,0.04619761503651395,complete_windows,0,000_00,178,"[174, 175, 176, 177, 178]",206,0.9853515625,2018,2048,0.8396979793675845,synthetic/pilot_v2_r2/train/000,00000,365653
1,"[0, 0, 0, 0, 0]",,"[0, 0, 0, 0, 0]",,0,0,0,104740,179,0,,0,0,0,,,0,0,,,0.04061567506109909,complete_windows,0,000_00,179,"[175, 176, 177, 178, 179]",206,0.9833984375,2014,2048,0.8012862077701803,synthetic/pilot_v2_r2/train/000,00000,365912
1,"[0, 0, 0, 0, 0]",,"[0, 0, 0, 0, 0]",,0,0,0,105253,180,0,,0,0,0,,,0,0,,,0.0341635801265787,complete_windows,0,000_00,180,"[176, 177, 178, 179, 180]",206,0.9833984375,2014,2048,0.7705600327795378,synthetic/pilot_v2_r2/train/000,00000,364725
1,"[0, 0, 0, 0, 0]",,"[0, 0, 0, 0, 0]",,0,0,0,105794,181,0,,0,0,0,,,0,0,,,0.03279512639402517,complete_windows,0,000_00,181,"[177, 178, 179, 180, 181]",206,0.98828125,2024,2048,0.7192626275399896,synthetic/pilot_v2_r2/train/000,00000,359207
1,"[0, 0, 0, 0, 0]",,"[0, 0, 0, 0, 0]",,0,0,0,106222,182,0,,0,0,0,,,0,0,,,0.03195911901227941,complete_windows,0,000_00,182,"[178, 179, 180, 181, 182]",206,0.9912109375,2030,2048,0.693793678760608,synthetic/pilot_v2_r2/train/000,00000,361402
1,"[0, 0, 0, 0, 0]",,"[0, 0, 0, 0, 0]",,0,0,0,106300,183,0,,0,0,0,,,0,0,,,0.02885963393954036,complete_windows,0,000_00,183,"[179, 180, 181, 182, 183]",206,0.98974609375,2027,2048,0.6702216026756971,synthetic/pilot_v2_r2/train/000,00000,360097
1,"[0, 0, 0, 0, 0]",,"[0, 0, 0, 0, 0]",,0,0,0,106592,184,0,,0,0,0,,,0,0,,,0.02414174900236802,complete_windows,0,000_00,184,"[180, 181, 182, 183, 184]",206,0.990234375,2028,2048,0.6479473468222323,synthetic/pilot_v2_r2/train/000,00000,368167
1,"[0, 0, 0, 0, 0]",,"[0, 0, 0, 0, 0]",,0,0,0,106731,185,0,,0,0,0,,,0,0,,,0.02467620180349152,complete_windows,0,000_00,185,"[181, 182, 183, 184, 185]",206,0.98388671875,2015,2048,0.633344932295068,synthetic/pilot_v2_r2/train/000,00000,369551
1,"[0, 0, 0, 0, 0]",,"[0, 0, 0, 0, 0]",,0,0,0,106952,186,0,,0,0,0,,,0,0,,,0.026691267356262146,complete_windows,0,000_00,186,"[182, 183, 184, 185, 186]",206,0.99169921875,2031,2048,0.6230313405938724,synthetic/pilot_v2_r2/train/000,00000,371191
1,"[0, 0, 0, 0, 0]",,"[0, 0, 0, 0, 0]",,0,0,0,107353,187,0,,0,0,0,,,0,0,,,0.02241975845957299,complete_windows,0,000_00,187,"[183, 184, 185, 186, 187]",206,0.98681640625,2021,2048,0.6134739405336608,synthetic/pilot_v2_r2/train/000,00000,377619
1,"[0, 0, 0, 0, 0]",,"[0, 0, 0, 0, 0]",,0,0,0,107436,188,0,,0,0,0,,,0,0,,,0.014716149571766509,complete_windows,0,000_00,188,"[184, 185, 186, 187, 188]",206,0.98583984375,2019,2048,0.6128287183117197,synthetic/pilot_v2_r2/train/000,00000,378400
1,"[0, 0, 0, 0, 0]",,"[0, 0, 0, 0, 0]",,0,0,0,107516,189,0,,0,0,0,,,0,0,,,0.015645170580364194,complete_windows,0,000_00,189,"[185, 186, 187, 188, 189]",206,0.990234375,2028,2048,0.6066582159611945,synthetic/pilot_v2_r2/train/000,00000,374621
1,"[0, 0, 0, 0, 0]",,"[0, 0, 0, 0, 0]",,0,0,0,107505,190,0,,0,0,0,,,0,0,,,0.013197036266360953,complete_windows,0,000_00,190,"[186, 187, 188, 189, 190]",206,0.99072265625,2029,2048,0.6097626630252511,synthetic/pilot_v2_r2/train/000,00000,376574
0,"[0, 0, 0, 0, 1]",0.0,"[0, 0, 0, 0, 1]",1.0,0,0,1,107365,191,0,0.0,0,0,0,0.0,1.0,0,1,0.0,0.0,0.017829958837530867,complete_windows,0,000_00,191,"[187, 188, 189, 190, 191]",206,0.9892578125,2026,2048,0.610163519911745,synthetic/pilot_v2_r2/train/000,00001,378190
0,"[0, 0, 0, 1, 0]",,"[0, 0, 0, 1, 0]",,0,0,0,107318,192,1,1.0,0,0,1,,1.0,1,1,,,0.029338745403634917,complete_windows,0,000_00,192,"[188, 189, 190, 191, 192]",206,0.98291015625,2013,2048,0.6019471694562021,synthetic/pilot_v2_r2/train/000,00010,372601
0,"[0, 0, 1, 0, 0]",,"[0, 0, 1, 0, 0]",,0,0,0,107649,193,1,1.0,0,0,1,,1.0,1,1,,,0.026611384176049115,complete_windows,0,000_00,193,"[189, 190, 191, 192, 193]",206,0.99169921875,2031,2048,0.6021946352303983,synthetic/pilot_v2_r2/train/000,00100,374800
0,"[0, 1, 0, 0, 0]",,"[0, 1, 0, 0, 0]",,0,0,0,107459,194,1,1.0,0,0,1,,1.0,1,1,,,0.008772245937460097,complete_windows,0,000_00,194,"[190, 191, 192, 193, 194]",206,0.98583984375,2019,2048,0.5954002221720693,synthetic/pilot_v2_r2/train/000,01000,379210
0,"[1, 0, 0, 0, 0]",,"[1, 0, 0, 0, 0]",,0,0,0,107244,195,1,1.0,0,0,1,,1.0,1,1,,,0.018572293578044765,complete_windows,0,000_00,195,"[191, 192, 193, 194, 195]",206,0.9853515625,2018,2048,0.580847177309576,synthetic/pilot_v2_r2/train/000,10000,374524
1,"[0, 0, 0, 0, 0]",,"[0, 0, 0, 0, 0]",,0,0,0,106959,196,0,,0,0,0,,,0,0,,,0.025675430567276638,complete_windows,0,000_00,196,"[192, 193, 194, 195, 196]",206,0.98779296875,2023,2048,0.5720416492078985,synthetic/pilot_v2_r2/train/000,00000,366944
1,"[0, 0, 0, 0, 0]",,"[0, 0, 0, 0, 0]",,0,0,0,107020,197,0,,0,0,0,,,0,0,,,0.0166080008834546,complete_windows,0,000_00,197,"[193, 194, 195, 196, 197]",206,0.98974609375,2027,2048,0.5638414479997312,synthetic/pilot_v2_r2/train/000,00000,370055
0,"[0, 0, 0, 0, 1]",0.0,"[0, 0, 0, 0, 1]",1.0,0,0,1,107150,198,0,0.0,0,0,0,0.0,1.0,0,1,0.0,0.0,0.005621395977564787,complete_windows,0,000_00,198,"[194, 195, 196, 197, 198]",206,0.990234375,2028,2048,0.5725427366684774,synthetic/pilot_v2_r2/train/000,00001,366120
0,"[0, 0, 0, 1, 3]",0.0,"[0, 0, 0, 1, 3]",1.0,0,0,3,107087,199,1,0.25,0,0,1,0.0,1.0,1,4,0.0,0.0,0.01533624339116506,complete_windows,0,000_00,199,"[195, 196, 197, 198, 199]",206,0.99072265625,2029,2048,0.585347721063509,synthetic/pilot_v2_r2/train/000,00011,359025
0,"[0, 0, 1, 3, 2]",0.0,"[0, 0, 1, 3, 2]",1.0,0,0,2,106949,200,4,0.6666666666666666,0,0,2,0.0,1.0,4,6,0.0,0.0,0.015162480965745396,complete_windows,0,000_00,200,"[196, 197, 198, 199, 200]",206,0.990234375,2028,2048,0.5836041005533739,synthetic/pilot_v2_r2/train/000,00111,355381
0,"[0, 1, 3, 2, 2]",0.0,"[0, 1, 3, 2, 2]",1.0,0,0,2,106685,201,6,0.75,0,0,3,0.0,1.0,6,8,0.0,0.0,0.009516364513854538,complete_windows,0,000_00,201,"[197, 198, 199, 200, 201]",206,0.98876953125,2025,2048,0.601905147699086,synthetic/pilot_v2_r2/train/000,01111,357007
0,"[1, 3, 2, 2, 3]",0.0,"[1, 3, 2, 2, 3]",1.0,0,0,3,106295,202,8,0.7272727272727273,0,0,4,0.0,1.0,8,11,0.0,0.0,0.012779698716970945,complete_windows,0,000_00,202,"[198, 199, 200, 201, 202]",206,0.9892578125,2026,2048,0.5955420339586456,synthetic/pilot_v2_r2/train/000,11111,351888
0,"[3, 2, 2, 3, 1]",0.0,"[3, 2, 2, 3, 1]",1.0,0,0,1,105996,203,10,0.9090909090909091,0,0,4,0.0,1.0,10,11,0.0,0.0,0.014689789411983414,complete_windows,0,000_00,203,"[199, 200, 201, 202, 203]",206,0.9873046875,2022,2048,0.5971349964881765,synthetic/pilot_v2_r2/train/000,11111,353682
0,"[2, 2, 3, 1, 0]",,"[2, 2, 3, 1, 0]",,0,0,0,106003,204,8,1.0,0,0,4,,1.0,8,8,,,0.01603111858470819,complete_windows,0,000_00,204,"[200, 201, 202, 203, 204]",206,0.984375,2016,2048,0.6148883229855112,synthetic/pilot_v2_r2/train/000,11110,355085
0,"[2, 3, 1, 0, 0]",,"[2, 3, 1, 0, 0]",,0,0,0,105602,205,6,1.0,0,0,3,,1.2,5,5,,,0.021064922311676067,complete_windows,0,000_00,205,"[201, 202, 203, 204, 205]",206,0.98681640625,2021,2048,0.6281087370443754,synthetic/pilot_v2_r2/train/000,11100,351903
0,"[3, 1, 0, 0, 0]",,"[3, 1, 0, 0, 0]",,0,0,0,105636,206,4,1.0,0,0,2,,1.0,4,4,,,0.022483395893225955,complete_windows,0,000_00,206,"[202, 203, 204, 205, 206]",206,0.98974609375,2027,2048,0.6567695813176747,synthetic/pilot_v2_r2/train/000,11000,351161
0,"[1, 0, 0, 0, 2]",0.0,"[1, 0, 0, 0, 2]",1.0,0,0,2,105153,207,1,0.3333333333333333,0,0,1,0.0,1.0,1,3,0.0,0.0,0.023950665662802875,complete_windows,0,000_00,207,"[203, 204, 205, 206, 207]",206,0.99072265625,2029,2048,0.6769944356345333,synthetic/pilot_v2_r2/train/000,10001,347261
0,"[0, 0, 0, 2, 0]",,"[0, 0, 0, 2, 0]",,0,0,0,104634,208,2,1.0,0,0,1,,1.0,2,2,,,0.029153105995706616,complete_windows,0,000_00,208,"[204, 205, 206, 207, 208]",206,0.986328125,2020,2048,0.7089539319018389,synthetic/pilot_v2_r2/train/000,00010,343404
0,"[0, 0, 2, 0, 0]",,"[0, 0, 2, 0, 0]",,0,0,0,104256,209,2,1.0,0,0,1,,1.0,2,2,,,0.033773747166794515,complete_windows,0,000_00,209,"[205, 206, 207, 208, 209]",206,0.984375,2016,2048,0.7309678067900954,synthetic/pilot_v2_r2/train/000,00100,339501
0,"[0, 2, 0, 0, 0]",,"[0, 2, 0, 0, 0]",,0,0,0,104128,210,2,1.0,0,0,1,,1.0,2,2,,,0.03423503385501134,complete_windows,0,000_00,210,"[206, 207, 208, 209, 210]",206,0.9921875,2032,2048,0.7414598891834032,synthetic/pilot_v2_r2/train/000,01000,337783
0,"[2, 0, 0, 0, 0]",,"[2, 0, 0, 0, 0]",,0,0,0,103715,211,2,1.0,0,0,1,,1.0,2,2,,,0.03222473618254729,complete_windows,0,000_00,211,"[207, 208, 209, 210, 211]",206,0.9921875,2032,2048,0.7601726799827874,synthetic/pilot_v2_r2/train/000,10000,343327
1,"[0, 0, 0, 0, 0]",,"[0, 0, 0, 0, 0]",,0,0,0,103323,212,0,,0,0,0,,,0,0,,,0.030740286992438547,complete_windows,0,000_00,212,"[208, 209, 210, 211, 212]",206,0.994140625,2036,2048,0.797918506475757,synthetic/pilot_v2_r2/train/000,00000,341391
1,"[0, 0, 0, 0, 0]",,"[0, 0, 0, 0, 0]",,0,0,0,102602,213,0,,0,0,0,,,0,0,,,0.03238683620816942,complete_windows,0,000_00,213,"[209, 210, 211, 212, 213]",206,0.990234375,2028,2048,0.8272746988469634,synthetic/pilot_v2_r2/train/000,00000,333285
1,"[0, 0, 0, 0, 0]",,"[0, 0, 0, 0, 0]",,0,0,0,102233,214,0,,0,0,0,,,0,0,,,0.03296461841836975,complete_windows,0,000_00,214,"[210, 211, 212, 213, 214]",206,0.9892578125,2026,2048,0.8527311469250569,synthetic/pilot_v2_r2/train/000,00000,326090
1,"[0, 0, 0, 0, 0]",,"[0, 0, 0, 0, 0]",,0,0,0,101456,215,0,,0,0,0,,,0,0,,,0.032009610178446,complete_windows,0,000_00,215,"[211, 212, 213, 214, 215]",206,0.9873046875,2022,2048,0.8874944739282555,synthetic/pilot_v2_r2/train/000,00000,321443
1,"[0, 0, 0, 0, 0]",,"[0, 0, 0, 0, 0]",,0,0,0,100537,216,0,,0,0,0,,,0,0,,,0.032374483598082496,complete_windows,0,000_00,216,"[212, 213, 214, 215, 216]",206,0.990234375,2028,2048,0.8957130206084559,synthetic/pilot_v2_r2/train/000,00000,318591
1,"[0, 0, 0, 0, 0]",,"[0, 0, 0, 0, 0]",,0,0,0,99419,217,0,,0,0,0,,,0,0,,,0.03164409812188922,complete_windows,0,000_00,217,"[213, 214, 215, 216, 217]",206,0.984375,2016,2048,0.9190842825324014,synthetic/pilot_v2_r2/train/000,00000,321996
1,"[0, 0, 0, 0, 0]",,"[0, 0, 0, 0, 0]",,0,0,0,98152,218,0,,0,0,0,,,0,0,,,0.03194822255156579,complete_windows,0,000_00,218,"[214, 215, 216, 217, 218]",206,0.98779296875,2023,2048,0.9337030429833832,synthetic/pilot_v2_r2/train/000,00000,324108
1,"[0, 0, 0, 0, 0]",,"[0, 0, 0, 0, 0]",,0,0,0,96855,219,0,,0,0,0,,,0,0,,,0.03278888211974575,complete_windows,0,000_00,219,"[215, 216, 217, 218, 219]",206,0.99267578125,2033,2048,0.9712269454114666,synthetic/pilot_v2_r2/train/000,00000,320795
1,"[0, 0, 0, 0, 0]",,"[0, 0, 0, 0, 0]",,0,0,0,95601,220,0,,0,0,0,,,0,0,,,0.03336899025810447,complete_windows,0,000_00,220,"[216, 217, 218, 219, 220]",206,0.9931640625,2034,2048,0.9972853531691303,synthetic/pilot_v2_r2/train/000,00000,314785
1,"[0, 0, 0, 0, 0]",,"[0, 0, 0, 0, 0]",,0,0,0,94260,221,0,,0,0,0,,,0,0,,,0.03189998018966394,complete_windows,0,000_00,221,"[217, 218, 219, 220, 221]",206,0.99267578125,2033,2048,1.0277707398295697,synthetic/pilot_v2_r2/train/000,00000,302264
1,"[0, 0, 0, 0, 0]",,"[0, 0, 0, 0, 0]",,0,0,0,92256,222,0,,0,0,0,,,0,0,,,0.028432596140170734,complete_windows,0,000_00,222,"[218, 219, 220, 221, 222]",206,0.9931640625,2034,2048,1.0569604011360527,synthetic/pilot_v2_r2/train/000,00000,298237
1,"[0, 0, 0, 0, 0]",,"[0, 0, 0, 0, 0]",,0,0,0,90354,223,0,,0,0,0,,,0,0,,,0.02872195249819482,complete_windows,0,000_00,223,"[219, 220, 221, 222, 223]",206,0.98974609375,2027,2048,1.0876163127896747,synthetic/pilot_v2_r2/train/000,00000,291274
1,"[0, 0, 0, 0, 0]",,"[0, 0, 0, 0, 0]",,0,0,0,87946,224,0,,0,0,0,,,0,0,,,0.02958333197584879,complete_windows,0,000_00,224,"[220, 221, 222, 223, 224]",206,0.984375,2016,2048,1.1184614730928182,synthetic/pilot_v2_r2/train/000,00000,281519
1,"[0, 0, 0, 0, 0]",,"[0, 0, 0, 0, 0]",,0,0,0,85146,225,0,,0,0,0,,,0,0,,,0.029144908337712792,complete_windows,0,000_00,225,"[221, 222, 223, 224, 225]",206,0.994140625,2036,2048,1.1362439840890755,synthetic/pilot_v2_r2/train/000,00000,276207
1,"[0, 0, 0, 0, 0]",,"[0, 0, 0, 0, 0]",,0,0,0,82764,226,0,,0,0,0,,,0,0,,,0.028279204541867487,complete_windows,0,000_00,226,"[222, 223, 224, 225, 226]",206,0.9892578125,2026,2048,1.1941795403093782,synthetic/pilot_v2_r2/train/000,00000,264334
1,"[0, 0, 0, 0, 0]",,"[0, 0, 0, 0, 0]",,0,0,0,80425,227,0,,0,0,0,,,0,0,,,0.0279233874817287,complete_windows,0,000_00,227,"[223, 224, 225, 226, 227]",206,0.9921875,2032,2048,1.1790023858040255,synthetic/pilot_v2_r2/train/000,00000,263505
1,"[0, 0, 0, 0, 0]",,"[0, 0, 0, 0, 0]",,0,0,0,78339,228,0,,0,0,0,,,0,0,,,0.03036200517270331,complete_windows,0,000_00,228,"[224, 225, 226, 227, 228]",206,0.9912109375,2030,2048,1.2058180424836458,synthetic/pilot_v2_r2/train/000,00000,259307
1,"[0, 0, 0, 0, 0]",,"[0, 0, 0, 0, 0]",,0,0,0,76878,229,0,,0,0,0,,,0,0,,,0.031214493774896206,complete_windows,0,000_00,229,"[225, 226, 227, 228, 229]",206,0.984375,2016,2048,1.2416134735190951,synthetic/pilot_v2_r2/train/000,00000,246579
1,"[0, 0, 0, 0, 0]",,"[0, 0, 0, 0, 0]",,0,0,0,75711,230,0,,0,0,0,,,0,0,,,0.029582467081663382,complete_windows,0,000_00,230,"[226, 227, 228, 229, 230]",206,0.982421875,2012,2048,1.239079011216906,synthetic/pilot_v2_r2/train/000,00000,246865
1,"[0, 0, 0, 0, 0]",,"[0, 0, 0, 0, 0]",,0,0,0,74837,231,0,,0,0,0,,,0,0,,,0.028097792005237023,complete_windows,0,000_00,231,"[227, 228, 229, 230, 231]",206,0.9833984375,2014,2048,1.2907929615341651,synthetic/pilot_v2_r2/train/000,00000,236132
1,"[0, 0, 0, 0, 0]",,"[0, 0, 0, 0, 0]",,0,0,0,74515,232,0,,0,0,0,,,0,0,,,0.027294873333721936,complete_windows,0,000_00,232,"[228, 229, 230, 231, 232]",206,0.98046875,2008,2048,1.3104109985028336,synthetic/pilot_v2_r2/train/000,00000,231508
1,"[0, 0, 0, 0, 0]",,"[0, 0, 0, 0, 0]",,0,0,0,74561,233,0,,0,0,0,,,0,0,,,0.02615807991314817,complete_windows,0,000_00,233,"[229, 230, 231, 232, 233]",206,0.97998046875,2007,2048,1.322782059701654,synthetic/pilot_v2_r2/train/000,00000,225853
1,"[0, 0, 0, 0, 0]",,"[0, 0, 0, 0, 0]",,0,0,0,74615,234,0,,0,0,0,,,0,0,,,0.023422025751969056,complete_windows,0,000_00,234,"[230, 231, 232, 233, 234]",206,0.98095703125,2009,2048,1.3324372254598655,synthetic/pilot_v2_r2/train/000,00000,223294
1,"[0, 0, 0, 0, 0]",,"[0, 0, 0, 0, 0]",,0,0,0,75082,235,0,,0,0,0,,,0,0,,,0.024718892499396024,complete_windows,0,000_00,235,"[231, 232, 233, 234, 235]",206,0.97216796875,1991,2048,1.3383262790864388,synthetic/pilot_v2_r2/train/000,00000,221271
1,"[0, 0, 0, 0, 0]",,"[0, 0, 0, 0, 0]",,0,0,0,75808,236,0,,0,0,0,,,0,0,,,0.025361192733457938,complete_windows,0,000_00,236,"[232, 233, 234, 235, 236]",206,0.982421875,2012,2048,1.3299414908374343,synthetic/pilot_v2_r2/train/000,00000,223204
1,"[0, 0, 0, 0, 0]",,"[0, 0, 0, 0, 0]",,0,0,0,76214,237,0,,0,0,0,,,0,0,,,0.02033683204428852,complete_windows,0,000_00,237,"[233, 234, 235, 236, 237]",206,0.98046875,2008,2048,1.349672262216748,synthetic/pilot_v2_r2/train/000,00000,225148
1,"[0, 0, 0, 0, 0]",,"[0, 0, 0, 0, 0]",,0,0,0,76824,238,0,,0,0,0,,,0,0,,,0.018664418901075102,complete_windows,0,000_00,238,"[234, 235, 236, 237, 238]",206,0.9765625,2000,2048,1.3807848286003848,synthetic/pilot_v2_r2/train/000,00000,221045
1,"[0, 0, 0, 0, 0]",,"[0, 0, 0, 0, 0]",,0,0,0,77334,239,0,,0,0,0,,,0,0,,,0.018386079872154463,complete_windows,0,000_00,239,"[235, 236, 237, 238, 239]",206,0.98876953125,2025,2048,1.3830507686026583,synthetic/pilot_v2_r2/train/000,00000,215352
1,"[0, 0, 0, 0, 0]",,"[0, 0, 0, 0, 0]",,0,0,0,77752,240,0,,0,0,0,,,0,0,,,0.01880181637481512,complete_windows,0,000_00,240,"[236, 237, 238, 239, 240]",206,0.9892578125,2026,2048,1.4164991031913532,synthetic/pilot_v2_r2/train/000,00000,221384
1,"[0, 0, 0, 0, 0]",,"[0, 0, 0, 0, 0]",,0,0,0,77942,241,0,,0,0,0,,,0,0,,,0.01703458614452876,complete_windows,0,000_00,241,"[237, 238, 239, 240, 241]",206,0.9931640625,2034,2048,1.421894663477245,synthetic/pilot_v2_r2/train/000,00000,219903
1,"[0, 0, 0, 0, 0]",,"[0, 0, 0, 0, 0]",,0,0,0,77976,242,0,,0,0,0,,,0,0,,,0.013717097872851126,complete_windows,0,000_00,242,"[238, 239, 240, 241, 242]",206,0.9951171875,2038,2048,1.4179048933438385,synthetic/pilot_v2_r2/train/000,00000,222099
1,"[0, 0, 0, 0, 0]",,"[0, 0, 0, 0, 0]",,0,0,0,77818,243,0,,0,0,0,,,0,0,,,0.012266424761371412,complete_windows,0,000_00,243,"[239, 240, 241, 242, 243]",206,0.99267578125,2033,2048,1.4486056104797032,synthetic/pilot_v2_r2/train/000,00000,220371
1,"[0, 0, 0, 0, 0]",,"[0, 0, 0, 0, 0]",,0,0,0,77464,244,0,,0,0,0,,,0,0,,,0.014649490339272674,complete_windows,0,000_00,244,"[240, 241, 242, 243, 244]",206,0.99462890625,2037,2048,1.4648074914620663,synthetic/pilot_v2_r2/train/000,00000,217376
1,"[0, 0, 0, 0, 0]",,"[0, 0, 0, 0, 0]",,0,0,0,76744,245,0,,0,0,0,,,0,0,,,0.018513531736609346,complete_windows,0,000_00,245,"[241, 242, 243, 244, 245]",206,0.99609375,2040,2048,1.4736096902350935,synthetic/pilot_v2_r2/train/000,00000,214361
1,"[0, 0, 0, 0, 0]",,"[0, 0, 0, 0, 0]",,0,0,0,75949,246,0,,0,0,0,,,0,0,,,0.018287128666108,complete_windows,0,000_00,246,"[242, 243, 244, 245, 246]",206,0.9921875,2032,2048,1.4878670848075208,synthetic/pilot_v2_r2/train/000,00000,210798
1,"[0, 0, 0, 0, 0]",,"[0, 0, 0, 0, 0]",,0,0,0,75137,247,0,,0,0,0,,,0,0,,,0.018007250365973802,complete_windows,0,000_00,247,"[243, 244, 245, 246, 247]",206,0.98876953125,2025,2048,1.4809958929274267,synthetic/pilot_v2_r2/train/000,00000,207146
1,"[0, 0, 0, 0, 0]",,"[0, 0, 0, 0, 0]",,0,0,0,74363,248,0,,0,0,0,,,0,0,,,0.010856401974892911,complete_windows,0,000_00,248,"[244, 245, 246, 247, 248]",206,0.9931640625,2034,2048,1.4657880790755298,synthetic/pilot_v2_r2/train/000,00000,206385
1,"[0, 0, 0, 0, 0]",,"[0, 0, 0, 0, 0]",,0,0,0,73054,249,0,,0,0,0,,,0,0,,,0.00784344596077318,complete_windows,0,000_00,249,"[245, 246, 247, 248, 249]",206,0.98828125,2024,2048,1.4472595134001862,synthetic/pilot_v2_r2/train/000,00000,207797
1,"[0, 0, 0, 0, 0]",,"[0, 0, 0, 0, 0]",,0,0,0,72159,250,0,,0,0,0,,,0,0,,,0.008258634847043958,complete_windows,0,000_00,250,"[246, 247, 248, 249, 250]",206,0.98583984375,2019,2048,1.4299383004757582,synthetic/pilot_v2_r2/train/000,00000,205307
0,"[0, 0, 0, 0, 2]",0.0,"[0, 0, 0, 0, 2]",1.0,0,0,2,71269,251,0,0.0,0,0,0,0.0,1.0,0,2,0.0,0.0,0.009457181945960853,complete_windows,0,000_00,251,"[247, 248, 249, 250, 251]",206,0.99072265625,2029,2048,1.4241496289854907,synthetic/pilot_v2_r2/train/000,00001,210658
0,"[0, 0, 0, 2, 0]",,"[0, 0, 0, 2, 0]",,0,0,0,70802,252,2,1.0,0,0,1,,1.0,2,2,,,0.009995956250386007,complete_windows,0,000_00,252,"[248, 249, 250, 251, 252]",206,0.99169921875,2031,2048,1.3925292747239473,synthetic/pilot_v2_r2/train/000,00010,213408
0,"[0, 0, 2, 0, 1]",0.0,"[0, 0, 2, 0, 1]",1.0,0,0,1,70103,253,2,0.6666666666666666,0,0,1,0.0,1.0,2,3,0.0,0.0,0.012440726092116595,complete_windows,0,000_00,253,"[249, 250, 251, 252, 253]",206,0.98681640625,2021,2048,1.3949248595963613,synthetic/pilot_v2_r2/train/000,00101,213916
0,"[0, 2, 0, 1, 0]",,"[0, 2, 0, 1, 0]",,0,0,0,69845,254,3,1.0,0,0,2,,1.0,3,3,,,0.012869359086422482,complete_windows,0,000_00,254,"[250, 251, 252, 253, 254]",206,0.98828125,2024,2048,1.395690712588772,synthetic/pilot_v2_r2/train/000,01010,211698
0,"[2, 0, 1, 0, 0]",,"[2, 0, 1, 0, 0]",,0,0,0,69980,255,3,1.0,0,0,2,,1.0,3,3,,,0.011757316145997489,complete_windows,0,000_00,255,"[251, 252, 253, 254, 255]",206,0.9873046875,2022,2048,1.3703920802222453,synthetic/pilot_v2_r2/train/000,10100,208039
0,"[0, 1, 0, 0, 0]",,"[0, 1, 0, 0, 0]",,0,0,0,70656,256,1,1.0,0,0,1,,1.0,1,1,,,0.012452069418464568,complete_windows,0,000_00,256,"[252, 253, 254, 255, 256]",206,0.984375,2016,2048,1.3774523439430366,synthetic/pilot_v2_r2/train/000,01000,212238
0,"[1, 0, 0, 0, 0]",,"[1, 0, 0, 0, 0]",,0,0,0,71460,257,1,1.0,0,0,1,,1.0,1,1,,,0.01798301668147419,complete_windows,0,000_00,257,"[253, 254, 255, 256, 257]",206,0.98193359375,2011,2048,1.3658042974089992,synthetic/pilot_v2_r2/train/000,10000,210843
1,"[0, 0, 0, 0, 0]",,"[0, 0, 0, 0, 0]",,0,0,0,72748,258,0,,0,0,0,,,0,0,,,0.018973510205812748,complete_windows,0,000_00,258,"[254, 255, 256, 257, 258]",206,0.9775390625,2002,2048,1.3341328973622266,synthetic/pilot_v2_r2/train/000,00000,215314
0,"[0, 0, 0, 0, 1]",0.0,"[0, 0, 0, 0, 1]",1.0,0,0,1,74489,259,0,0.0,0,0,0,0.0,1.0,0,1,0.0,0.0,0.01779313172813013,complete_windows,0,000_00,259,"[255, 256, 257, 258, 259]",206,0.98388671875,2015,2048,1.3427393592724137,synthetic/pilot_v2_r2/train/000,00001,218563
0,"[0, 0, 0, 1, 0]",,"[0, 0, 0, 1, 0]",,0,0,0,76246,260,1,1.0,0,0,1,,1.0,1,1,,,0.017022266636128897,complete_windows,0,000_00,260,"[256, 257, 258, 259, 260]",206,0.97802734375,2003,2048,1.3288470915664221,synthetic/pilot_v2_r2/train/000,00010,224778
0,"[0, 0, 1, 0, 0]",,"[0, 0, 1, 0, 0]",,0,0,0,78285,261,1,1.0,0,0,1,,1.0,1,1,,,0.017473427658448414,complete_windows,0,000_00,261,"[257, 258, 259, 260, 261]",206,0.9765625,2000,2048,1.3110111775722821,synthetic/pilot_v2_r2/train/000,00100,231492
0,"[0, 1, 0, 0, 0]",,"[0, 1, 0, 0, 0]",,0,0,0,80986,262,1,1.0,0,0,1,,1.0,1,1,,,0.018548371891233154,complete_windows,0,000_00,262,"[258, 259, 260, 261, 262]",206,0.9755859375,1998,2048,1.3265892396962013,synthetic/pilot_v2_r2/train/000,01000,242404
0,"[1, 0, 0, 0, 0]",,"[1, 0, 0, 0, 0]",,0,0,0,84018,263,1,1.0,0,0,1,,1.0,1,1,,,0.01912823734168658,complete_windows,0,000_00,263,"[259, 260, 261, 262, 263]",206,0.97021484375,1987,2048,1.3056465218853677,synthetic/pilot_v2_r2/train/000,10000,250590
1,"[0, 0, 0, 0, 0]",,"[0, 0, 0, 0, 0]",,0,0,0,87206,264,0,,0,0,0,,,0,0,,,0.019853309279094872,complete_windows,0,000_00,264,"[260, 261, 262, 263, 264]",206,0.96826171875,1983,2048,1.300230569384096,synthetic/pilot_v2_r2/train/000,00000,261508
1,"[0, 0, 0, 0, 0]",,"[0, 0, 0, 0, 0]",,0,0,0,90463,265,0,,0,0,0,,,0,0,,,0.02138235925108123,complete_windows,0,000_00,265,"[261, 262, 263, 264, 265]",206,0.962890625,1972,2048,1.2945402055530026,synthetic/pilot_v2_r2/train/000,00000,277051
1,"[0, 0, 0, 0, 0]",,"[0, 0, 0, 0, 0]",,0,0,0,93728,266,0,,0,0,0,,,0,0,,,0.025454295602437064,complete_windows,0,000_00,266,"[262, 263, 264, 265, 266]",206,0.9638671875,1974,2048,1.2761472053040466,synthetic/pilot_v2_r2/train/000,00000,288260
1,"[0, 0, 0, 0, 0]",,"[0, 0, 0, 0, 0]",,0,0,0,96470,267,0,,0,0,0,,,0,0,,,0.027552464685566526,complete_windows,0,000_00,267,"[263, 264, 265, 266, 267]",206,0.97021484375,1987,2048,1.268828511214552,synthetic/pilot_v2_r2/train/000,00000,301641
1,"[0, 0, 0, 0, 0]",,"[0, 0, 0, 0, 0]",,0,0,0,98452,268,0,,0,0,0,,,0,0,,,0.026565350294847405,complete_windows,0,000_00,268,"[264, 265, 266, 267, 268]",206,0.974609375,1996,2048,1.280176779204354,synthetic/pilot_v2_r2/train/000,00000,314785
1,"[0, 0, 0, 0, 0]",,"[0, 0, 0, 0, 0]",,0,0,0,100155,269,0,,0,0,0,,,0,0,,,0.02283001706221776,complete_windows,0,000_00,269,"[265, 266, 267, 268, 269]",206,0.97509765625,1997,2048,1.28323426734032,synthetic/pilot_v2_r2/train/000,00000,326185
1,"[0, 0, 0, 0, 0]",,"[0, 0, 0, 0, 0]",,0,0,0,101448,270,0,,0,0,0,,,0,0,,,0.02182035358366655,complete_windows,0,000_00,270,"[266, 267, 268, 269, 270]",206,0.98046875,2008,2048,1.2774865898612005,synthetic/pilot_v2_r2/train/000,00000,330233
1,"[0, 0, 0, 0, 0]",,"[0, 0, 0, 0, 0]",,0,0,0,102613,271,0,,0,0,0,,,0,0,,,0.021160777105034792,complete_windows,0,000_00,271,"[267, 268, 269, 270, 271]",206,0.97314453125,1993,2048,1.2635781587029695,synthetic/pilot_v2_r2/train/000,00000,335978
1,"[0, 0, 0, 0, 0]",,"[0, 0, 0, 0, 0]",,0,0,0,103298,272,0,,0,0,0,,,0,0,,,0.021711928352359418,complete_windows,0,000_00,272,"[268, 269, 270, 271, 272]",206,0.98046875,2008,2048,1.2562301235786275,synthetic/pilot_v2_r2/train/000,00000,341053
1,"[0, 0, 0, 0, 0]",,"[0, 0, 0, 0, 0]",,0,0,0,103767,273,0,,0,0,0,,,0,0,,,0.024251900042206644,complete_windows,0,000_00,273,"[269, 270, 271, 272, 273]",206,0.98193359375,2011,2048,1.233206420724831,synthetic/pilot_v2_r2/train/000,00000,344868
1,"[0, 0, 0, 0, 0]",,"[0, 0, 0, 0, 0]",,0,0,0,104166,274,0,,0,0,0,,,0,0,,,0.021109234548532464,complete_windows,0,000_00,274,"[270, 271, 272, 273, 274]",206,0.9892578125,2026,2048,1.2473315653418673,synthetic/pilot_v2_r2/train/000,00000,343484
1,"[0, 0, 0, 0, 0]",,"[0, 0, 0, 0, 0]",,0,0,0,104285,275,0,,0,0,0,,,0,0,,,0.018385793314961235,complete_windows,0,000_00,275,"[271, 272, 273, 274, 275]",206,0.98193359375,2011,2048,1.2604461503095445,synthetic/pilot_v2_r2/train/000,00000,347027
1,"[0, 0, 0, 0, 0]",,"[0, 0, 0, 0, 0]",,0,0,0,104365,276,0,,0,0,0,,,0,0,,,0.017909870083462436,complete_windows,0,000_00,276,"[272, 273, 274, 275, 276]",206,0.98876953125,2025,2048,1.24214347972825,synthetic/pilot_v2_r2/train/000,00000,346409
1,"[0, 0, 0, 0, 0]",,"[0, 0, 0, 0, 0]",,0,0,0,104538,277,0,,0,0,0,,,0,0,,,0.0192066003760577,complete_windows,0,000_00,277,"[273, 274, 275, 276, 277]",206,0.98291015625,2013,2048,1.24197419955604,synthetic/pilot_v2_r2/train/000,00000,344719
0,"[0, 0, 0, 0, 1]",0.0,"[0, 0, 0, 0, 1]",1.0,0,0,1,104489,278,0,0.0,0,0,0,0.0,1.0,0,1,0.0,0.0,0.016821278892655743,complete_windows,0,000_00,278,"[274, 275, 276, 277, 278]",206,0.9921875,2032,2048,1.2085224868994846,synthetic/pilot_v2_r2/train/000,00001,345632
0,"[0, 0, 0, 1, 0]",,"[0, 0, 0, 1, 0]",,0,0,0,104394,279,1,1.0,0,0,1,,1.0,1,1,,,0.01353700737075183,complete_windows,0,000_00,279,"[275, 276, 277, 278, 279]",206,0.99072265625,2029,2048,1.194927754177542,synthetic/pilot_v2_r2/train/000,00010,347744
0,"[0, 0, 1, 0, 2]",0.0,"[0, 0, 1, 0, 2]",1.0,0,0,2,104419,280,1,0.3333333333333333,0,0,1,0.0,1.0,1,3,0.0,0.0,0.011894120277803162,complete_windows,0,000_00,280,"[276, 277, 278, 279, 280]",206,0.986328125,2020,2048,1.1751544203392066,synthetic/pilot_v2_r2/train/000,00101,346112
0,"[0, 1, 0, 2, 1]",0.0,"[0, 1, 0, 2, 1]",1.0,0,0,1,104298,281,3,0.75,0,0,2,0.0,1.0,3,4,0.0,0.0,0.009962516932343455,complete_windows,0,000_00,281,"[277, 278, 279, 280, 281]",206,0.98974609375,2027,2048,1.1626955315198444,synthetic/pilot_v2_r2/train/000,01011,343281
0,"[1, 0, 2, 1, 2]",0.0,"[1, 0, 2, 1, 2]",1.0,0,0,2,104185,282,4,0.6666666666666666,0,0,3,0.0,1.0,4,6,0.0,0.0,0.008927196779934279,complete_windows,0,000_00,282,"[278, 279, 280, 281, 282]",206,0.9921875,2032,2048,1.1488635573823232,synthetic/pilot_v2_r2/train/000,10111,343145
0,"[0, 2, 1, 2, 1]",0.0,"[0, 2, 1, 2, 1]",1.0,0,0,1,104050,283,5,0.8333333333333334,0,0,3,0.0,1.0,5,6,0.0,0.0,0.010600304406704356,complete_windows,0,000_00,283,"[279, 280, 281, 282, 283]",206,0.9912109375,2030,2048,1.127055390539591,synthetic/pilot_v2_r2/train/000,01111,342887
0,"[2, 1, 2, 1, 2]",0.0,"[2, 1, 2, 1, 2]",1.0,0,0,2,104223,284,6,0.75,0,0,4,0.0,1.0,6,8,0.0,0.0,0.01359819565085903,complete_windows,0,000_00,284,"[280, 281, 282, 283, 284]",206,0.98583984375,2019,2048,1.0988197698373592,synthetic/pilot_v2_r2/train/000,11111,341712
0,"[1, 2, 1, 2, 1]",0.0,"[1, 2, 1, 2, 1]",1.0,0,0,1,104266,285,6,0.8571428571428571,0,0,4,0.0,1.0,6,7,0.0,0.0,0.016918986898154086,complete_windows,0,000_00,285,"[281, 282, 283, 284, 285]",206,0.986328125,2020,2048,1.0686002120979097,synthetic/pilot_v2_r2/train/000,11111,340881
0,"[2, 1, 2, 1, 0]",,"[2, 1, 2, 1, 0]",,0,0,0,104158,286,6,1.0,0,0,4,,1.0,6,6,,,0.01955881603532564,complete_windows,0,000_00,286,"[282, 283, 284, 285, 286]",206,0.99365234375,2035,2048,1.0336724187766753,synthetic/pilot_v2_r2/train/000,11110,336118
0,"[1, 2, 1, 0, 5]",0.0,"[1, 2, 1, 0, 5]",1.0,0,0,5,104312,287,4,0.4444444444444444,0,0,3,0.0,1.0,4,9,0.0,0.0,0.02180284005963421,complete_windows,0,000_00,287,"[283, 284, 285, 286, 287]",206,0.99267578125,2033,2048,0.999336365002124,synthetic/pilot_v2_r2/train/000,11101,335376
0,"[2, 1, 0, 5, 3]",0.0,"[2, 1, 0, 5, 3]",1.0,0,0,3,104203,288,8,0.7272727272727273,0,0,3,0.0,1.0,8,11,0.0,0.0,0.02373096654611917,complete_windows,0,000_00,288,"[284, 285, 286, 287, 288]",206,0.998046875,2044,2048,0.9807688723826598,synthetic/pilot_v2_r2/train/000,11011,334326
0,"[1, 0, 5, 3, 4]",0.0,"[1, 0, 5, 3, 4]",1.0,0,0,4,104256,289,9,0.6923076923076923,0,0,3,0.0,1.0833333333333333,8,12,0.0,0.0,0.02491916634301199,complete_windows,0,000_00,289,"[285, 286, 287, 288, 289]",206,0.98779296875,2023,2048,0.9424493958916785,synthetic/pilot_v2_r2/train/000,10111,339972
0,"[0, 5, 3, 4, 4]",0.0,"[0, 5, 3, 4, 4]",1.0,0,0,4,104245,290,12,0.75,0,0,3,0.0,1.1428571428571428,10,14,0.0,0.0,0.024687574788490305,complete_windows,0,000_00,290,"[286, 287, 288, 289, 290]",206,0.98583984375,2019,2048,0.9171947573404686,synthetic/pilot_v2_r2/train/000,01111,342195
0,"[5, 3, 4, 4, 9]",0.0,"[5, 3, 4, 4, 9]",1.0,0,0,9,104213,291,16,0.64,0,0,4,0.0,1.25,11,20,0.0,0.0,0.024339178420553075,complete_windows,0,000_00,291,"[287, 288, 289, 290, 291]",206,0.9912109375,2030,2048,0.8801476015759201,synthetic/pilot_v2_r2/train/000,11111,343471
0,"[3, 4, 4, 9, 8]",0.0,"[3, 4, 4, 9, 8]",1.0,0,0,8,104244,292,20,0.7142857142857143,0,0,4,0.0,1.037037037037037,19,27,0.0,0.0,0.022736923128378512,complete_windows,0,000_00,292,"[288, 289, 290, 291, 292]",206,0.98388671875,2015,2048,0.8265312642680668,synthetic/pilot_v2_r2/train/000,11111,339808
0,"[4, 4, 9, 8, 10]",0.0,"[4, 4, 9, 8, 10]",1.0,0,0,10,104128,293,25,0.7142857142857143,0,0,4,0.0,1.0,25,35,0.0,0.0,0.019873676365415278,complete_windows,0,000_00,293,"[289, 290, 291, 292, 293]",206,0.98095703125,2009,2048,0.8051253105379336,synthetic/pilot_v2_r2/train/000,11111,337582
0,"[4, 9, 8, 10, 7]",0.0,"[4, 9, 8, 10, 7]",1.0,0,0,7,104373,294,31,0.8157894736842105,0,0,4,0.0,1.0,31,38,0.0,0.0,0.0182747246034355,complete_windows,0,000_00,294,"[290, 291, 292, 293, 294]",206,0.9873046875,2022,2048,0.7609103347981339,synthetic/pilot_v2_r2/train/000,11111,334815
0,"[9, 8, 10, 7, 6]",0.0,"[9, 8, 10, 7, 6]",1.0,0,0,6,104273,295,34,0.85,0,0,4,0.0,1.0526315789473684,32,38,0.0,0.0,0.01588019174895897,complete_windows,0,000_00,295,"[291, 292, 293, 294, 295]",206,0.994140625,2036,2048,0.7129361424513928,synthetic/pilot_v2_r2/train/000,11111,330578
0,"[8, 10, 7, 6, 2]",0.0,"[8, 10, 7, 6, 2]",1.0,0,0,2,104492,296,31,0.9393939393939394,0,0,4,0.0,1.064516129032258,29,31,0.0,0.0,0.014395725926220937,complete_windows,0,000_00,296,"[292, 293, 294, 295, 296]",206,0.99560546875,2039,2048,0.6831347526263487,synthetic/pilot_v2_r2/train/000,11111,329444
0,"[10, 7, 6, 2, 3]",0.0,"[10, 7, 6, 2, 3]",1.0,0,0,3,104357,297,25,0.8928571428571429,0,0,4,0.0,1.037037037037037,24,27,0.0,0.0,0.012822554626463057,complete_windows,0,000_00,297,"[293, 294, 295, 296, 297]",206,0.99072265625,2029,2048,0.6413807056821162,synthetic/pilot_v2_r2/train/000,11111,329670
0,"[7, 6, 2, 3, 0]",,"[7, 6, 2, 3, 0]",,0,0,0,104340,298,18,1.0,0,0,4,,1.0,18,18,,,0.013131787400246744,complete_windows,0,000_00,298,"[294, 295, 296, 297, 298]",206,0.9892578125,2026,2048,0.6319067198959666,synthetic/pilot_v2_r2/train/000,11110,333393
0,"[6, 2, 3, 0, 2]",0.0,"[6, 2, 3, 0, 2]",1.0,0,0,2,104475,299,11,0.8461538461538461,0,0,3,0.0,1.0833333333333333,10,12,0.0,0.0,0.014363778309355896,complete_windows,0,000_00,299,"[295, 296, 297, 298, 299]",206,0.98974609375,2027,2048,0.6136162703561036,synthetic/pilot_v2_r2/train/000,11101,334533
0,"[2, 3, 0, 2, 1]",0.0,"[2, 3, 0, 2, 1]",1.0,0,0,1,104598,300,7,0.875,0,0,3,0.0,1.0,7,8,0.0,0.0,0.013649882815289482,complete_windows,0,000_00,300,"[296, 297, 298, 299, 300]",206,0.9873046875,2022,2048,0.5974051867442726,synthetic/pilot_v2_r2/train/000,11011,343153
0,"[3, 0, 2, 1, 1]",0.0,"[3, 0, 2, 1, 1]",1.0,0,0,1,104860,301,6,0.8571428571428571,0,0,3,0.0,1.0,6,7,0.0,0.0,0.0177224045406733,complete_windows,0,000_00,301,"[297, 298, 299, 300, 301]",206,0.98681640625,2021,2048,0.5648593544357072,synthetic/pilot_v2_r2/train/000,10111,347818
0,"[0, 2, 1, 1, 1]",0.0,"[0, 2, 1, 1, 1]",1.0,0,0,1,105207,302,4,0.8,0,0,3,0.0,1.0,4,5,0.0,0.0,0.028220239981787062,complete_windows,0,000_00,302,"[298, 299, 300, 301, 302]",206,0.9912109375,2030,2048,0.5106304190612372,synthetic/pilot_v2_r2/train/000,01111,349186
0,"[2, 1, 1, 1, 1]",0.0,"[2, 1, 1, 1, 1]",1.0,0,0,1,105428,303,5,0.8333333333333334,0,0,4,0.0,1.0,5,6,0.0,0.0,0.03769960663245993,complete_windows,0,000_00,303,"[299, 300, 301, 302, 303]",206,0.98779296875,2023,2048,0.48862431699951,synthetic/pilot_v2_r2/train/000,11111,349479
0,"[1, 1, 1, 1, 2]",0.0,"[1, 1, 1, 1, 2]",1.0,0,0,2,105502,304,4,0.6666666666666666,0,0,4,0.0,1.0,4,6,0.0,0.0,0.03740310464572702,complete_windows,0,000_00,304,"[300, 301, 302, 303, 304]",206,0.98779296875,2023,2048,0.45416070196476727,synthetic/pilot_v2_r2/train/000,11111,347014
0,"[1, 1, 1, 2, 1]",0.0,"[1, 1, 1, 2, 1]",1.0,0,0,1,105415,305,5,0.8333333333333334,0,0,4,0.0,1.0,5,6,0.0,0.0,0.027390395272705023,complete_windows,0,000_00,305,"[301, 302, 303, 304, 305]",206,0.99267578125,2033,2048,0.4458324798832617,synthetic/pilot_v2_r2/train/000,11111,349700
0,"[1, 1, 2, 1, 1]",0.0,"[1, 1, 2, 1, 1]",1.0,0,0,1,105554,306,5,0.8333333333333334,0,0,4,0.0,1.0,5,6,0.0,0.0,0.01333397320309418,complete_windows,0,000_00,306,"[302, 303, 304, 305, 306]",206,0.98876953125,2025,2048,0.46343157674338953,synthetic/pilot_v2_r2/train/000,11111,348502
0,"[1, 2, 1, 1, 0]",,"[1, 2, 1, 1, 0]",,0,0,0,105604,307,5,1.0,0,0,4,,1.0,5,5,,,0.009576586779284735,complete_windows,0,000_00,307,"[303, 304, 305, 306, 307]",206,0.99072265625,2029,2048,0.46968968710348014,synthetic/pilot_v2_r2/train/000,11110,346300
0,"[2, 1, 1, 0, 1]",0.0,"[2, 1, 1, 0, 1]",1.0,0,0,1,105685,308,4,0.8,0,0,3,0.0,1.0,4,5,0.0,0.0,0.01438579487884041,complete_windows,0,000_00,308,"[304, 305, 306, 307, 308]",206,0.990234375,2028,2048,0.5009522934230904,synthetic/pilot_v2_r2/train/000,11101,343105
0,"[1, 1, 0, 1, 1]",0.0,"[1, 1, 0, 1, 1]",1.0,0,0,1,105843,309,3,0.75,0,0,3,0.0,1.0,3,4,0.0,0.0,0.0186569479308932,complete_windows,0,000_00,309,"[305, 306, 307, 308, 309]",206,0.9912109375,2030,2048,0.5315846324139211,synthetic/pilot_v2_r2/train/000,11011,344251
0,"[1, 0, 1, 1, 2]",0.0,"[1, 0, 1, 1, 2]",1.0,0,0,2,105767,310,3,0.6,0,0,3,0.0,1.0,3,5,0.0,0.0,0.02273977244152521,complete_windows,0,000_00,310,"[306, 307, 308, 309, 310]",206,0.9931640625,2034,2048,0.5572670650704298,synthetic/pilot_v2_r2/train/000,10111,345651
0,"[0, 1, 1, 2, 3]",0.009484517388045788,"[0, 1, 1, 2, 3]",1.0,0,0,3,105907,311,4,0.5714285714285714,0,0,3,0.0,1.4,2,5,0.0,0.0,0.023005573126091573,complete_windows,0,000_00,311,"[307, 308, 309, 310, 311]",206,0.98779296875,2023,2048,0.5803950433345607,synthetic/pilot_v2_r2/train/000,01111,348288
0,"[1, 1, 2, 3, 2]",0.0,"[1, 1, 2, 3, 2]",1.0,0,0,2,106206,312,7,0.7777777777777778,0,0,4,0.0,1.125,6,8,0.0,0.0,0.017673895504945896,complete_windows,0,000_00,312,"[308, 309, 310, 311, 312]",206,0.98974609375,2027,2048,0.5776572816085085,synthetic/pilot_v2_r2/train/000,11111,350937
0,"[1, 2, 3, 2, 5]",0.0,"[1, 2, 3, 2, 5]",1.0,0,0,5,106397,313,8,0.6153846153846154,0,0,4,0.0,1.0833333333333333,7,12,0.0,0.0,0.010549668519235394,complete_windows,0,000_00,313,"[309, 310, 311, 312, 313]",206,0.98779296875,2023,2048,0.5843355123793273,synthetic/pilot_v2_r2/train/000,11111,349083
0,"[2, 3, 2, 5, 5]",0.0,"[2, 3, 2, 5, 5]",1.0,0,0,5,106483,314,12,0.7058823529411765,0,0,4,0.0,1.0625,11,16,0.0,0.0,0.004449932460946445,complete_windows,0,000_00,314,"[310, 311, 312, 313, 314]",206,0.9931640625,2034,2048,0.5760671244477157,synthetic/pilot_v2_r2/train/000,11111,344386
0,"[3, 2, 5, 5, 3]",0.0,"[3, 2, 5, 5, 3]",1.0,0,0,3,106678,315,15,0.8333333333333334,0,0,4,0.0,1.125,13,16,0.0,0.0,0.005266626833291165,complete_windows,0,000_00,315,"[311, 312, 313, 314, 315]",206,0.9931640625,2034,2048,0.5749974273511295,synthetic/pilot_v2_r2/train/000,11111,338201
0,"[2, 5, 5, 3, 10]",0.0061857509426772594,"[2, 5, 5, 3, 10]",1.0,0,0,10,106739,316,15,0.6,0,0,4,0.0,1.6666666666666667,5,15,0.0,0.0,0.004750953724373705,complete_windows,0,000_00,316,"[312, 313, 314, 315, 316]",206,0.99169921875,2031,2048,0.6014658718503995,synthetic/pilot_v2_r2/train/000,11111,341294
0,"[5, 5, 3, 10, 5]",0.007811610121279955,"[5, 5, 3, 10, 5]",1.0,0,0,5,106974,317,23,0.8214285714285714,0,0,4,0.0,2.0,9,14,0.0,0.0,0.005489503129727938,complete_windows,0,000_00,317,"[313, 314, 315, 316, 317]",206,0.99169921875,2031,2048,0.6075095610053395,synthetic/pilot_v2_r2/train/000,11111,343045
0,"[5, 3, 10, 5, 7]",0.0,"[5, 3, 10, 5, 7]",1.0,0,0,7,107361,318,23,0.7666666666666667,0,0,4,0.0,1.6666666666666667,11,18,0.0,0.0,0.005357554789918288,complete_windows,0,000_00,318,"[314, 315, 316, 317, 318]",206,0.98193359375,2011,2048,0.6093836639592625,synthetic/pilot_v2_r2/train/000,11111,344321
0,"[3, 10, 5, 7, 9]",0.0,"[3, 10, 5, 7, 9]",1.0,0,0,9,107580,319,25,0.7352941176470589,0,0,4,0.0,1.4782608695652173,14,23,0.0,0.0,0.004661328301339301,complete_windows,0,000_00,319,"[315, 316, 317, 318, 319]",206,0.98486328125,2017,2048,0.6145934861228743,synthetic/pilot_v2_r2/train/000,11111,346861
0,"[10, 5, 7, 9, 8]",0.010090664029121399,"[10, 5, 7, 9, 8]",1.0,0,0,8,107838,320,31,0.7948717948717948,0,0,4,0.0,1.625,16,24,0.0,0.0,0.004497151451579407,complete_windows,0,000_00,320,"[316, 317, 318, 319, 320]",206,0.990234375,2028,2048,0.6062041021363045,synthetic/pilot_v2_r2/train/000,11111,349459
0,"[5, 7, 9, 8, 9]",0.0,"[5, 7, 9, 8, 9]",1.0,0,0,9,108028,321,29,0.7631578947368421,0,0,4,0.0,1.2666666666666666,21,30,0.0,0.0,0.010488144343792397,complete_windows,0,000_00,321,"[317, 318, 319, 320, 321]",206,0.98291015625,2013,2048,0.6091618760802807,synthetic/pilot_v2_r2/train/000,11111,357990
0,"[7, 9, 8, 9, 12]",0.0,"[7, 9, 8, 9, 12]",1.0,0,0,12,108026,322,33,0.7333333333333333,0,0,4,0.0,1.25,24,36,0.0,0.0,0.022504248394986655,complete_windows,0,000_00,322,"[318, 319, 320, 321, 322]",206,0.986328125,2020,2048,0.6037811158445279,synthetic/pilot_v2_r2/train/000,11111,364415
0,"[9, 8, 9, 12, 9]",0.0,"[9, 8, 9, 12, 9]",1.0,0,0,9,108212,323,38,0.8085106382978723,0,0,4,0.0,1.175,31,40,0.0,0.0,0.03312849385241347,complete_windows,0,000_00,323,"[319, 320, 321, 322, 323]",206,0.98681640625,2021,2048,0.5912488089586886,synthetic/pilot_v2_r2/train/000,11111,366912
0,"[8, 9, 12, 9, 12]",0.0,"[8, 9, 12, 9, 12]",1.0,0,0,12,108495,324,38,0.76,0,0,4,0.0,1.1904761904761905,30,42,0.0,0.0,0.03510200812068873,complete_windows,0,000_00,324,"[320, 321, 322, 323, 324]",206,0.98583984375,2019,2048,0.5625912684810951,synthetic/pilot_v2_r2/train/000,11111,366975
0,"[9, 12, 9, 12, 11]",0.0,"[9, 12, 9, 12, 11]",1.0,0,0,11,108688,325,42,0.7924528301886793,0,0,4,0.0,1.1041666666666667,37,48,0.0,0.0,0.02555289532564572,complete_windows,0,000_00,325,"[321, 322, 323, 324, 325]",206,0.98486328125,2017,2048,0.5281189754062783,synthetic/pilot_v2_r2/train/000,11111,369782
0,"[12, 9, 12, 11, 15]",0.0,"[12, 9, 12, 11, 15]",1.0,0,0,15,109170,326,44,0.7457627118644068,0,0,4,0.0,1.0535714285714286,41,56,0.0,0.0,0.01043497538538106,complete_windows,0,000_00,326,"[322, 323, 324, 325, 326]",206,0.9892578125,2026,2048,0.4985950710311289,synthetic/pilot_v2_r2/train/000,11111,368529
0,"[9, 12, 11, 15, 9]",0.008780108764767647,"[9, 12, 11, 15, 9]",1.0,0,0,9,109372,327,47,0.8392857142857143,0,0,4,0.0,1.2444444444444445,36,45,0.0,0.0,0.01059452544061387,complete_windows,0,000_00,327,"[323, 324, 325, 326, 327]",206,0.9873046875,2022,2048,0.4704840995729619,synthetic/pilot_v2_r2/train/000,11111,365134
0,"[12, 11, 15, 9, 11]",0.0024319307412952185,"[12, 11, 15, 9, 11]",1.0,0,0,11,109545,328,47,0.8103448275862069,0,0,4,0.0,1.288888888888889,34,45,0.0,0.0,0.019690687891839344,complete_windows,0,000_00,328,"[324, 325, 326, 327, 328]",206,0.98583984375,2019,2048,0.4788143366673339,synthetic/pilot_v2_r2/train/000,11111,365898
0,"[11, 15, 9, 11, 8]",0.0,"[11, 15, 9, 11, 8]",1.0,0,0,8,109985,329,46,0.8518518518518519,0,0,4,0.0,1.08,42,50,0.0,0.0,0.026376272863373233,complete_windows,0,000_00,329,"[325, 326, 327, 328, 329]",206,0.98486328125,2017,2048,0.482649754827757,synthetic/pilot_v2_r2/train/000,11111,365851
0,"[15, 9, 11, 8, 10]",0.006780519150197506,"[15, 9, 11, 8, 10]",1.0,0,0,10,110100,330,43,0.8113207547169812,0,0,4,0.0,1.2619047619047619,32,42,0.0,0.0,0.029150501571356822,complete_windows,0,000_00,330,"[326, 327, 328, 329, 330]",206,0.98583984375,2019,2048,0.49867750422433565,synthetic/pilot_v2_r2/train/000,11111,368687
0,"[9, 11, 8, 10, 14]",0.0,"[9, 11, 8, 10, 14]",1.0,0,0,14,110309,331,38,0.7307692307692307,0,0,4,0.0,1.2093023255813953,29,43,0.0,0.0,0.025072042546647827,complete_windows,0,000_00,331,"[327, 328, 329, 330, 331]",206,0.986328125,2020,2048,0.5199514147361499,synthetic/pilot_v2_r2/train/000,11111,372693
0,"[11, 8, 10, 14, 14]",0.0,"[11, 8, 10, 14, 14]",1.0,0,0,14,110452,332,43,0.7543859649122807,0,0,4,0.0,1.2127659574468086,33,47,0.0,0.0,0.016990627189062683,complete_windows,0,000_00,332,"[328, 329, 330, 331, 332]",206,0.97998046875,2007,2048,0.5439009070833055,synthetic/pilot_v2_r2/train/000,11111,377874
0,"[8, 10, 14, 14, 14]",0.0,"[8, 10, 14, 14, 14]",1.0,0,0,14,110860,333,46,0.7666666666666667,0,0,4,0.0,1.2244897959183674,35,49,0.0,0.0,0.007199290489779002,complete_windows,0,000_00,333,"[329, 330, 331, 332, 333]",206,0.984375,2016,2048,0.5583812451055699,synthetic/pilot_v2_r2/train/000,11111,379924
0,"[10, 14, 14, 14, 13]",0.0,"[10, 14, 14, 14, 13]",1.0,0,0,13,111374,334,52,0.8,0,0,4,0.0,1.2264150943396226,40,53,0.0,0.0,0.003881942031613293,complete_windows,0,000_00,334,"[330, 331, 332, 333, 334]",206,0.98779296875,2023,2048,0.5624778852733421,synthetic/pilot_v2_r2/train/000,11111,379841
0,"[14, 14, 14, 13, 11]",0.0,"[14, 14, 14, 13, 11]",1.0,0,0,11,111489,335,55,0.8333333333333334,0,0,4,0.0,1.1785714285714286,45,56,0.0,0.0,0.004013969620106816,complete_windows,0,000_00,335,"[331, 332, 333, 334, 335]",206,0.97900390625,2005,2048,0.5712487505759544,synthetic/pilot_v2_r2/train/000,11111,377713
0,"[14, 14, 13, 11, 15]",0.0,"[14, 14, 13, 11, 15]",1.0,0,0,15,111701,336,52,0.7761194029850746,0,0,4,0.0,1.1166666666666667,45,60,0.0,0.0,0.004244274531605375,complete_windows,0,000_00,336,"[332, 333, 334, 335, 336]",206,0.97998046875,2007,2048,0.5603045557616475,synthetic/pilot_v2_r2/train/000,11111,377166
0,"[14, 13, 11, 15, 15]",0.0,"[14, 13, 11, 15, 15]",1.0,0,0,15,111983,337,53,0.7794117647058824,0,0,4,0.0,1.1724137931034482,43,58,0.0,0.0,0.007484856529025615,complete_windows,0,000_00,337,"[333, 334, 335, 336, 337]",206,0.98876953125,2025,2048,0.5588126647221515,synthetic/pilot_v2_r2/train/000,11111,373889
0,"[13, 11, 15, 15, 16]",0.0,"[13, 11, 15, 15, 16]",1.0,0,0,16,112192,338,54,0.7714285714285715,0,0,4,0.0,1.1666666666666667,44,60,0.0,0.0,0.00902450859328236,complete_windows,0,000_00,338,"[334, 335, 336, 337, 338]",206,0.9921875,2032,2048,0.5761071547252536,synthetic/pilot_v2_r2/train/000,11111,373248
0,"[11, 15, 15, 16, 11]",0.0,"[11, 15, 15, 16, 11]",1.0,0,0,11,112511,339,57,0.8382352941176471,0,0,4,0.0,1.0461538461538462,54,65,0.0,0.0,0.008880809810484997,complete_windows,0,000_00,339,"[335, 336, 337, 338, 339]",206,0.994140625,2036,2048,0.5753518767209831,synthetic/pilot_v2_r2/train/000,11111,374677
0,"[15, 15, 16, 11, 12]",0.0,"[15, 15, 16, 11, 12]",1.0,0,0,12,112698,340,57,0.8260869565217391,0,0,4,0.0,1.0615384615384615,53,65,0.0,0.0,0.009492410331554433,complete_windows,0,000_00,340,"[336, 337, 338, 339, 340]",206,0.9921875,2032,2048,0.588363132974269,synthetic/pilot_v2_r2/train/000,11111,379992
0,"[15, 16, 11, 12, 16]",0.0006714599439874291,"[15, 16, 11, 12, 16]",1.0,0,0,16,113056,341,54,0.7714285714285715,0,0,4,0.0,1.2727272727272727,39,55,0.0,0.0,0.010199378912365874,complete_windows,0,000_00,341,"[337, 338, 339, 340, 341]",206,0.99072265625,2029,2048,0.5845024878351902,synthetic/pilot_v2_r2/train/000,11111,382881
0,"[16, 11, 12, 16, 12]",0.0013372960966080427,"[16, 11, 12, 16, 12]",1.0,0,0,12,113143,342,55,0.8208955223880597,0,0,4,0.0,1.3958333333333333,36,48,0.0,0.0,0.011019172161883788,complete_windows,0,000_00,342,"[338, 339, 340, 341, 342]",206,0.98876953125,2025,2048,0.5788319208293202,synthetic/pilot_v2_r2/train/000,11111,383690
0,"[11, 12, 16, 12, 14]",0.006251974031329155,"[11, 12, 16, 12, 14]",1.0,0,0,14,113315,343,51,0.7846153846153846,0,0,4,0.0,1.5853658536585367,27,41,0.0,0.0,0.011890084902513441,complete_windows,0,000_00,343,"[339, 340, 341, 342, 343]",206,0.99462890625,2037,2048,0.5793430360738432,synthetic/pilot_v2_r2/train/000,11111,385406
0,"[12, 16, 12, 14, 13]",0.010652665980160236,"[12, 16, 12, 14, 13]",1.0,0,0,13,113619,344,54,0.8059701492537313,0,0,4,0.0,1.425531914893617,34,47,0.0,0.0,0.011944651115047578,complete_windows,0,000_00,344,"[340, 341, 342, 343, 344]",206,0.99462890625,2037,2048,0.5653536776556238,synthetic/pilot_v2_r2/train/000,11111,385073
0,"[16, 12, 14, 13, 16]",0.008900575339794159,"[16, 12, 14, 13, 16]",1.0,0,0,16,113990,345,55,0.7746478873239436,0,0,4,0.0,1.5777777777777777,29,45,0.0,0.0,0.01210184814047557,complete_windows,0,000_00,345,"[341, 342, 343, 344, 345]",206,0.9951171875,2038,2048,0.5791633372962105,synthetic/pilot_v2_r2/train/000,11111,385023
0,"[12, 14, 13, 16, 12]",0.0004431052948348224,"[12, 14, 13, 16, 12]",1.0,0,0,12,114008,346,55,0.8208955223880597,0,0,4,0.0,1.2407407407407407,42,54,0.0,0.0,0.012438398353230266,complete_windows,0,000_00,346,"[342, 343, 344, 345, 346]",206,0.9912109375,2030,2048,0.5805062147430379,synthetic/pilot_v2_r2/train/000,11111,386318
0,"[14, 13, 16, 12, 14]",0.005107598379254341,"[14, 13, 16, 12, 14]",1.0,0,0,14,114336,347,55,0.7971014492753623,0,0,4,0.0,1.5,32,46,0.0,0.0,0.012403966373165386,complete_windows,0,000_00,347,"[343, 344, 345, 346, 347]",206,0.99169921875,2031,2048,0.5725524728980129,synthetic/pilot_v2_r2/train/000,11111,385713
0,"[13, 16, 12, 14, 16]",0.0037408610805869102,"[13, 16, 12, 14, 16]",1.0,0,0,16,114638,348,55,0.7746478873239436,0,0,4,0.0,1.6511627906976745,27,43,0.0,0.0,0.012718904237657156,complete_windows,0,000_00,348,"[344, 345, 346, 347, 348]",206,0.99169921875,2031,2048,0.5809035358261403,synthetic/pilot_v2_r2/train/000,11111,391368
0,"[16, 12, 14, 16, 20]",0.0029426882974803448,"[16, 12, 14, 16, 20]",1.0,0,0,20,114765,349,58,0.7435897435897436,0,0,4,0.0,1.6595744680851063,27,47,0.0,0.0,0.012985891797693402,complete_windows,0,000_00,349,"[345, 346, 347, 348, 349]",206,0.994140625,2036,2048,0.5754559332540147,synthetic/pilot_v2_r2/train/000,11111,390401
0,"[12, 14, 16, 20, 13]",0.007674212567508221,"[12, 14, 16, 20, 13]",1.0,0,1,13,115036,350,62,0.8266666666666667,1,1,4,0.0,1.5957446808510638,34,47,0.07692307692307693,0.07692307692307693,0.012234706951628146,complete_windows,0,000_00,350,"[346, 347, 348, 349, 350]",206,0.98974609375,2027,2048,0.5751583715519345,synthetic/pilot_v2_r2/train/000,11111,390003
0,"[14, 16, 20, 13, 17]",0.0,"[14, 16, 20, 13, 17]",1.0,0,0,17,115320,351,63,0.7875,0,0,4,0.0,1.3114754098360655,44,61,0.0,0.0,0.01243150487036471,complete_windows,0,000_00,351,"[347, 348, 349, 350, 351]",206,0.98828125,2024,2048,0.5886887827183296,synthetic/pilot_v2_r2/train/000,11111,387712
0,"[16, 20, 13, 17, 17]",0.0,"[16, 20, 13, 17, 17]",1.0,0,0,17,115479,352,66,0.7951807228915663,0,0,4,0.0,1.1216216216216217,57,74,0.0,0.0,0.012381514130195042,complete_windows,0,000_00,352,"[348, 349, 350, 351, 352]",206,0.986328125,2020,2048,0.5919981395924472,synthetic/pilot_v2_r2/train/000,11111,387191
0,"[20, 13, 17, 17, 17]",0.0,"[20, 13, 17, 17, 17]",1.0,0,0,17,116018,353,67,0.7976190476190477,0,0,4,0.0,1.0769230769230769,61,78,0.0,0.0,0.012459881579628258,complete_windows,0,000_00,353,"[349, 350, 351, 352, 353]",206,0.99560546875,2039,2048,0.6121973240933014,synthetic/pilot_v2_r2/train/000,11111,386334
0,"[13, 17, 17, 17, 16]",0.0,"[13, 17, 17, 17, 16]",1.0,0,0,16,116121,354,64,0.8,0,0,4,0.0,1.1428571428571428,54,70,0.0,0.0,0.013476813979044782,complete_windows,0,000_00,354,"[350, 351, 352, 353, 354]",206,0.9921875,2032,2048,0.6351746585404092,synthetic/pilot_v2_r2/train/000,11111,387135
0,"[17, 17, 17, 16, 16]",0.008445778861641884,"[17, 17, 17, 16, 16]",1.0,0,0,16,116229,355,67,0.8072289156626506,0,0,4,0.0,1.3174603174603174,47,63,0.0,0.0,0.013621785428337925,complete_windows,0,000_00,355,"[351, 352, 353, 354, 355]",206,0.98486328125,2017,2048,0.6558191799318478,synthetic/pilot_v2_r2/train/000,11111,392627
0,"[17, 17, 16, 16, 16]",0.0017767207464203238,"[17, 17, 16, 16, 16]",1.0,0,0,16,116598,356,66,0.8048780487804879,0,0,4,0.0,1.490909090909091,39,55,0.0,0.0,0.014489944469371912,complete_windows,0,000_00,356,"[352, 353, 354, 355, 356]",206,0.986328125,2020,2048,0.6938751306148006,synthetic/pilot_v2_r2/train/000,11111,396035
0,"[17, 16, 16, 16, 18]",0.0,"[17, 16, 16, 16, 18]",1.0,0,0,18,116793,357,65,0.7831325301204819,0,0,4,0.0,1.509090909090909,37,55,0.0,0.0,0.015179045318041666,complete_windows,0,000_00,357,"[353, 354, 355, 356, 357]",206,0.986328125,2020,2048,0.7187748835864751,synthetic/pilot_v2_r2/train/000,11111,397360
0,"[16, 16, 16, 18, 20]",0.0,"[16, 16, 16, 18, 20]",1.0,0,0,20,116749,358,66,0.7674418604651163,0,0,4,0.0,1.178082191780822,53,73,0.0,0.0,0.014902800079266611,complete_windows,0,000_00,358,"[354, 355, 356, 357, 358]",206,0.98486328125,2017,2048,0.7402534944596068,synthetic/pilot_v2_r2/train/000,11111,398784
0,"[16, 16, 18, 20, 19]",0.0,"[16, 16, 18, 20, 19]",1.0,0,0,19,116873,359,70,0.7865168539325843,0,0,4,0.0,1.1866666666666668,56,75,0.0,0.0,0.015013026104437175,complete_windows,0,000_00,359,"[355, 356, 357, 358, 359]",206,0.98388671875,2015,2048,0.7754752707030276,synthetic/pilot_v2_r2/train/000,11111,397419
0,"[16, 18, 20, 19, 19]",0.009535483084619045,"[16, 18, 20, 19, 19]",1.0,0,0,19,116982,360,73,0.7934782608695652,0,0,4,0.0,1.3529411764705883,49,68,0.0,0.0,0.014903136414827472,complete_windows,0,000_00,360,"[356, 357, 358, 359, 360]",206,0.98876953125,2025,2048,0.8036004633366779,synthetic/pilot_v2_r2/train/000,11111,398825
0,"[18, 20, 19, 19, 20]",0.005570349283516407,"[18, 20, 19, 19, 20]",1.0,0,1,20,117170,361,76,0.7916666666666666,1,1,4,0.0,1.5238095238095237,43,63,0.05,0.05,0.014151281734834327,complete_windows,0,000_00,361,"[357, 358, 359, 360, 361]",206,0.99169921875,2031,2048,0.8312725274040823,synthetic/pilot_v2_r2/train/000,11111,399684
0,"[20, 19, 19, 20, 18]",0.0,"[20, 19, 19, 20, 18]",1.0,0,0,18,117228,362,78,0.8125,0,0,4,0.0,1.352112676056338,53,71,0.0,0.0,0.013381444815018491,complete_windows,0,000_00,362,"[358, 359, 360, 361, 362]",206,0.9873046875,2022,2048,0.8670447239956256,synthetic/pilot_v2_r2/train/000,11111,401168
0,"[19, 19, 20, 18, 19]",0.0,"[19, 19, 20, 18, 19]",1.0,0,0,19,117556,363,76,0.8,0,0,4,0.0,1.3380281690140845,52,71,0.0,0.0,0.012747530298274507,complete_windows,0,000_00,363,"[359, 360, 361, 362, 363]",206,0.98681640625,2021,2048,0.9110720695156329,synthetic/pilot_v2_r2/train/000,11111,404219
0,"[19, 20, 18, 19, 17]",0.014425546862185001,"[19, 20, 18, 19, 17]",1.0,0,0,17,117572,364,76,0.8172043010752689,0,0,4,0.0,1.3676470588235294,51,68,0.0,0.0,0.011430041660749226,complete_windows,0,000_00,364,"[360, 361, 362, 363, 364]",206,0.98779296875,2023,2048,0.9372030791853933,synthetic/pilot_v2_r2/train/000,11111,405434
0,"[20, 18, 19, 17, 18]",0.0073530771769583225,"[20, 18, 19, 17, 18]",1.0,0,0,18,117695,365,74,0.8043478260869565,0,0,4,0.0,1.2105263157894737,58,76,0.0,0.0,0.01032328408647868,complete_windows,0,000_00,365,"[361, 362, 363, 364, 365]",206,0.98779296875,2023,2048,0.9718602712025562,synthetic/pilot_v2_r2/train/000,11111,405837
0,"[18, 19, 17, 18, 19]",0.0012375529622659087,"[18, 19, 17, 18, 19]",1.0,0,0,19,117855,366,72,0.7912087912087912,0,0,4,0.0,1.3582089552238805,48,67,0.0,0.0,0.009396168403151616,complete_windows,0,000_00,366,"[362, 363, 364, 365, 366]",206,0.98779296875,2023,2048,1.0058080379122567,synthetic/pilot_v2_r2/train/000,11111,407253
0,"[19, 17, 18, 19, 14]",0.011443765833973885,"[19, 17, 18, 19, 14]",1.0,0,0,14,118031,367,73,0.8390804597701149,0,0,4,0.0,1.359375,50,64,0.0,0.0,0.00804911872269013,complete_windows,0,000_00,367,"[363, 364, 365, 366, 367]",206,0.98193359375,2011,2048,1.0280738673167489,synthetic/pilot_v2_r2/train/000,11111,408332
0,"[17, 18, 19, 14, 12]",0.009010281413793564,"[17, 18, 19, 14, 12]",1.0,0,0,12,118009,368,68,0.85,0,0,4,0.0,1.4545454545454546,43,55,0.0,0.0,0.007353095678463237,complete_windows,0,000_00,368,"[364, 365, 366, 367, 368]",206,0.9833984375,2014,2048,1.0639047755464062,synthetic/pilot_v2_r2/train/000,11111,406757
0,"[18, 19, 14, 12, 13]",0.0,"[18, 19, 14, 12, 13]",1.0,0,0,13,118043,369,63,0.8289473684210527,0,0,4,0.0,1.3103448275862069,45,58,0.0,0.0,0.006606434965846681,complete_windows,0,000_00,369,"[365, 366, 367, 368, 369]",206,0.984375,2016,2048,1.0914385333815355,synthetic/pilot_v2_r2/train/000,11111,407205
0,"[19, 14, 12, 13, 12]",0.0,"[19, 14, 12, 13, 12]",1.0,0,0,12,117985,370,58,0.8285714285714286,0,0,4,0.0,1.2280701754385965,45,57,0.0,0.0,0.005989570394472258,complete_windows,0,000_00,370,"[366, 367, 368, 369, 370]",206,0.986328125,2020,2048,1.113440256220968,synthetic/pilot_v2_r2/train/000,11111,409388
0,"[14, 12, 13, 12, 10]",0.0,"[14, 12, 13, 12, 10]",1.0,0,0,10,117869,371,51,0.8360655737704918,0,0,4,0.0,1.1730769230769231,42,52,0.0,0.0,0.0065992771578003845,complete_windows,0,000_00,371,"[367, 368, 369, 370, 371]",206,0.9794921875,2006,2048,1.1401810756512147,synthetic/pilot_v2_r2/train/000,11111,409940
0,"[12, 13, 12, 10, 9]",0.0,"[12, 13, 12, 10, 9]",1.0,0,0,9,117706,372,47,0.8392857142857143,0,0,4,0.0,1.1666666666666667,39,48,0.0,0.0,0.007928366146325225,complete_windows,0,000_00,372,"[368, 369, 370, 371, 372]",206,0.98291015625,2013,2048,1.1586209259673026,synthetic/pilot_v2_r2/train/000,11111,410288
0,"[13, 12, 10, 9, 9]",0.0,"[13, 12, 10, 9, 9]",1.0,0,0,9,117553,373,44,0.8301886792452831,0,0,4,0.0,1.2045454545454546,35,44,0.0,0.0,0.008219509823043392,complete_windows,0,000_00,373,"[369, 370, 371, 372, 373]",206,0.98486328125,2017,2048,1.170007767325071,synthetic/pilot_v2_r2/train/000,11111,408500
0,"[12, 10, 9, 9, 12]",0.0,"[12, 10, 9, 9, 12]",1.0,0,0,12,117565,374,40,0.7692307692307693,0,0,4,0.0,1.2682926829268293,29,41,0.0,0.0,0.007385478935270669,complete_windows,0,000_00,374,"[370, 371, 372, 373, 374]",206,0.97705078125,2001,2048,1.1840390443808124,synthetic/pilot_v2_r2/train/000,11111,406490
0,"[10, 9, 9, 12, 16]",0.0,"[10, 9, 9, 12, 16]",1.0,0,0,16,117339,375,40,0.7142857142857143,0,0,4,0.0,1.1428571428571428,33,49,0.0,0.0,0.006162755428425961,complete_windows,0,000_00,375,"[371, 372, 373, 374, 375]",206,0.98193359375,2011,2048,1.1824773770611796,synthetic/pilot_v2_r2/train/000,11111,408041
0,"[9, 9, 12, 16, 18]",0.007412969134747982,"[9, 9, 12, 16, 18]",1.0,0,0,18,117210,376,46,0.71875,0,0,4,0.0,1.3617021276595744,29,47,0.0,0.0,0.004689479038571667,complete_windows,0,000_00,376,"[372, 373, 374, 375, 376]",206,0.9853515625,2018,2048,1.1855477931312053,synthetic/pilot_v2_r2/train/000,11111,408701
0,"[9, 12, 16, 18, 10]",0.0,"[9, 12, 16, 18, 10]",1.0,0,0,10,117169,377,55,0.8461538461538461,0,0,4,0.0,1.25,42,52,0.0,0.0,0.002687353124397738,complete_windows,0,000_00,377,"[373, 374, 375, 376, 377]",206,0.98681640625,2021,2048,1.207543538042578,synthetic/pilot_v2_r2/train/000,11111,406048
0,"[12, 16, 18, 10, 10]",0.0,"[12, 16, 18, 10, 10]",1.0,0,0,10,116990,378,56,0.8484848484848485,0,0,4,0.0,1.375,38,48,0.0,0.0,0.0014898956103840857,complete_windows,0,000_00,378,"[374, 375, 376, 377, 378]",206,0.98583984375,2019,2048,1.2214170744655641,synthetic/pilot_v2_r2/train/000,11111,404107
0,"[16, 18, 10, 10, 7]",0.0,"[16, 18, 10, 10, 7]",1.0,0,0,7,116721,379,54,0.8852459016393442,0,0,4,0.0,1.297872340425532,40,47,0.0,0.0,0.0028588727201905224,complete_windows,0,000_00,379,"[375, 376, 377, 378, 379]",206,0.98193359375,2011,2048,1.2433775486688663,synthetic/pilot_v2_r2/train/000,11111,402321
0,"[18, 10, 10, 7, 1]",0.0,"[18, 10, 10, 7, 1]",1.0,0,0,1,116604,380,45,0.9782608695652174,0,0,4,0.0,1.069767441860465,42,43,0.0,0.0,0.005963859404741957,complete_windows,0,000_00,380,"[376, 377, 378, 379, 380]",206,0.984375,2016,2048,1.2628800247049026,synthetic/pilot_v2_r2/train/000,11111,400037
0,"[10, 10, 7, 1, 0]",,"[10, 10, 7, 1, 0]",,0,0,0,116236,381,28,1.0,0,0,4,,1.0769230769230769,26,26,,,0.008838211180119659,complete_windows,0,000_00,381,"[377, 378, 379, 380, 381]",206,0.98095703125,2009,2048,1.2797589287051103,synthetic/pilot_v2_r2/train/000,11110,399285
0,"[10, 7, 1, 0, 0]",,"[10, 7, 1, 0, 0]",,0,0,0,115848,382,18,1.0,0,0,3,,1.125,16,16,,,0.011967608951750872,complete_windows,0,000_00,382,"[378, 379, 380, 381, 382]",206,0.98046875,2008,2048,1.2822689395586824,synthetic/pilot_v2_r2/train/000,11100,399507
0,"[7, 1, 0, 0, 0]",,"[7, 1, 0, 0, 0]",,0,0,0,115558,383,8,1.0,0,0,2,,1.0,8,8,,,0.015462872497572068,complete_windows,0,000_00,383,"[379, 380, 381, 382, 383]",206,0.9755859375,1998,2048,1.2988789353588213,synthetic/pilot_v2_r2/train/000,11000,400128
0,"[1, 0, 0, 0, 0]",,"[1, 0, 0, 0, 0]",,0,0,0,115100,384,1,1.0,0,0,1,,1.0,1,1,,,0.017471767214274857,complete_windows,0,000_00,384,"[380, 381, 382, 383, 384]",206,0.9775390625,2002,2048,1.3062262650387035,synthetic/pilot_v2_r2/train/000,10000,399844
1,"[0, 0, 0, 0, 0]",,"[0, 0, 0, 0, 0]",,0,0,0,114821,385,0,,0,0,0,,,0,0,,,0.019938755564251683,complete_windows,0,000_00,385,"[381, 382, 383, 384, 385]",206,0.984375,2016,2048,1.3020436551013777,synthetic/pilot_v2_r2/train/000,00000,398046
1,"[0, 0, 0, 0, 0]",,"[0, 0, 0, 0, 0]",,0,0,0,114477,386,0,,0,0,0,,,0,0,,,0.020851111088566705,complete_windows,0,000_00,386,"[382, 383, 384, 385, 386]",206,0.9853515625,2018,2048,1.3192689686818118,synthetic/pilot_v2_r2/train/000,00000,393656
1,"[0, 0, 0, 0, 0]",,"[0, 0, 0, 0, 0]",,0,0,0,114029,387,0,,0,0,0,,,0,0,,,0.020761124390069347,complete_windows,0,000_00,387,"[383, 384, 385, 386, 387]",206,0.97900390625,2005,2048,1.3126215706449558,synthetic/pilot_v2_r2/train/000,00000,391096
0,"[0, 0, 0, 0, 1]",0.0,"[0, 0, 0, 0, 1]",1.0,0,0,1,113338,388,0,0.0,0,0,0,0.0,1.0,0,1,0.0,0.0,0.021951718565706213,complete_windows,0,000_00,388,"[384, 385, 386, 387, 388]",206,0.9814453125,2010,2048,1.3052875485647322,synthetic/pilot_v2_r2/train/000,00001,389564
0,"[0, 0, 0, 1, 2]",0.0,"[0, 0, 0, 1, 2]",1.0,0,0,2,112860,389,1,0.3333333333333333,0,0,1,0.0,1.0,1,3,0.0,0.0,0.022965797011270647,complete_windows,0,000_00,389,"[385, 386, 387, 388, 389]",206,0.98095703125,2009,2048,1.313427224061095,synthetic/pilot_v2_r2/train/000,00011,386632
0,"[0, 0, 1, 2, 5]",0.0,"[0, 0, 1, 2, 5]",1.0,0,0,5,112266,390,3,0.375,0,0,2,0.0,1.0,3,8,0.0,0.0,0.02244563153709309,complete_windows,0,000_00,390,"[386, 387, 388, 389, 390]",206,0.982421875,2012,2048,1.2947163935012391,synthetic/pilot_v2_r2/train/000,00111,383543
0,"[0, 1, 2, 5, 1]",0.0,"[0, 1, 2, 5, 1]",1.0,0,0,1,111609,391,8,0.8888888888888888,0,0,3,0.0,1.0,8,9,0.0,0.0,0.022528384285342748,complete_windows,0,000_00,391,"[387, 388, 389, 390, 391]",206,0.98291015625,2013,2048,1.2878566812297847,synthetic/pilot_v2_r2/train/000,01111,379628
0,"[1, 2, 5, 1, 0]",,"[1, 2, 5, 1, 0]",,0,0,0,111013,392,9,1.0,0,0,4,,1.125,8,8,,,0.02289354986602539,complete_windows,0,000_00,392,"[388, 389, 390, 391, 392]",206,0.98828125,2024,2048,1.2895677938670902,synthetic/pilot_v2_r2/train/000,11110,377185
0,"[2, 5, 1, 0, 0]",,"[2, 5, 1, 0, 0]",,0,0,0,110399,393,8,1.0,0,0,3,,1.0,8,8,,,0.024276588341936696,complete_windows,0,000_00,393,"[389, 390, 391, 392, 393]",206,0.9873046875,2022,2048,1.2795421282905588,synthetic/pilot_v2_r2/train/000,11100,374401
0,"[5, 1, 0, 0, 4]",0.0,"[5, 1, 0, 0, 4]",1.0,0,0,4,109814,394,6,0.6,0,0,2,0.0,1.0,6,10,0.0,0.0,0.027781287758392396,complete_windows,0,000_00,394,"[390, 391, 392, 393, 394]",206,0.98828125,2024,2048,1.2740342489027967,synthetic/pilot_v2_r2/train/000,11001,369219
0,"[1, 0, 0, 4, 6]",0.0,"[1, 0, 0, 4, 6]",1.0,0,0,6,109188,395,5,0.45454545454545453,0,0,2,0.0,1.0,5,11,0.0,0.0,0.030635788842928044,complete_windows,0,000_00,395,"[391, 392, 393, 394, 395]",206,0.984375,2016,2048,1.2649643998291062,synthetic/pilot_v2_r2/train/000,10011,367119
0,"[0, 0, 4, 6, 13]",0.0,"[0, 0, 4, 6, 13]",1.0,0,0,13,108707,396,10,0.43478260869565216,0,0,2,0.0,1.0454545454545454,9,22,0.0,0.0,0.033301157073977586,complete_windows,0,000_00,396,"[392, 393, 394, 395, 396]",206,0.98388671875,2015,2048,1.2352397986245578,synthetic/pilot_v2_r2/train/000,00111,362834
0,"[0, 4, 6, 13, 23]",0.0,"[0, 4, 6, 13, 23]",1.0,0,0,23,108049,397,23,0.5,0,0,3,0.0,1.2105263157894737,15,38,0.0,0.0,0.03480737718064293,complete_windows,0,000_00,397,"[393, 394, 395, 396, 397]",206,0.98974609375,2027,2048,1.1884000133233548,synthetic/pilot_v2_r2/train/000,01111,359520
0,"[4, 6, 13, 23, 19]",0.0,"[4, 6, 13, 23, 19]",1.0,0,0,19,107582,398,46,0.7076923076923077,0,0,4,0.0,1.25,33,52,0.0,0.0,0.03478882210479759,complete_windows,0,000_00,398,"[394, 395, 396, 397, 398]",206,0.9912109375,2030,2048,1.160145007218402,synthetic/pilot_v2_r2/train/000,11111,354799
0,"[6, 13, 23, 19, 18]",0.0,"[6, 13, 23, 19, 18]",1.0,0,0,18,107169,399,61,0.7721518987341772,0,0,4,0.0,1.2741935483870968,44,62,0.0,0.0,0.03415294345233109,complete_windows,0,000_00,399,"[395, 396, 397, 398, 399]",206,0.990234375,2028,2048,1.0988508033248765,synthetic/pilot_v2_r2/train/000,11111,352300
0,"[13, 23, 19, 18, 18]",0.003885529702529311,"[13, 23, 19, 18, 18]",1.0,0,0,18,106567,400,73,0.8021978021978022,0,0,4,0.0,1.6545454545454545,37,55,0.0,0.0,0.03289217862112589,complete_windows,0,000_00,400,"[396, 397, 398, 399, 400]",206,0.99365234375,2035,2048,1.04959242365135,synthetic/pilot_v2_r2/train/000,11111,349097
0,"[23, 19, 18, 18, 17]",0.006715130992233753,"[23, 19, 18, 18, 17]",1.0,0,0,17,106042,401,78,0.8210526315789474,0,0,4,0.0,1.6666666666666667,40,57,0.0,0.0,0.03176991607354559,complete_windows,0,000_00,401,"[397, 398, 399, 400, 401]",206,0.990234375,2028,2048,0.997741020126535,synthetic/pilot_v2_r2/train/000,11111,345581
0,"[19, 18, 18, 17, 18]",0.0,"[19, 18, 18, 17, 18]",1.0,0,0,18,105533,402,72,0.8,0,0,4,0.0,1.3043478260869565,51,69,0.0,0.0,0.031030810787634384,complete_windows,0,000_00,402,"[398, 399, 400, 401, 402]",206,0.9921875,2032,2048,0.9250714436681605,synthetic/pilot_v2_r2/train/000,11111,343570
0,"[18, 18, 17, 18, 17]",0.0,"[18, 18, 17, 18, 17]",1.0,0,0,17,105024,403,71,0.8068181818181818,0,0,4,0.0,1.4426229508196722,44,61,0.0,0.0,0.031083653511004058,complete_windows,0,000_00,403,"[399, 400, 401, 402, 403]",206,0.9951171875,2038,2048,0.8585992169698263,synthetic/pilot_v2_r2/train/000,11111,339200
0,"[18, 17, 18, 17, 18]",0.0,"[18, 17, 18, 17, 18]",1.0,0,0,18,104545,404,70,0.7954545454545454,0,0,4,0.0,1.2054794520547945,55,73,0.0,0.0,0.031179020547614716,complete_windows,0,000_00,404,"[400, 401, 402, 403, 404]",206,0.98779296875,2023,2048,0.7859554832975809,synthetic/pilot_v2_r2/train/000,11111,333590
0,"[17, 18, 17, 18, 18]",0.009081486612558365,"[17, 18, 17, 18, 18]",1.0,0,0,18,104040,405,70,0.7954545454545454,0,0,4,0.0,1.3333333333333333,48,66,0.0,0.0,0.03011956482014087,complete_windows,0,000_00,405,"[401, 402, 403, 404, 405]",206,0.978515625,2004,2048,0.7148813524401506,synthetic/pilot_v2_r2/train/000,11111,330875
0,"[18, 17, 18, 18, 17]",0.0,"[18, 17, 18, 18, 17]",1.0,0,0,17,103775,406,71,0.8068181818181818,0,0,4,0.0,1.2753623188405796,52,69,0.0,0.0,0.02832262042000843,complete_windows,0,000_00,406,"[402, 403, 404, 405, 406]",206,0.98095703125,2009,2048,0.6423042441695491,synthetic/pilot_v2_r2/train/000,11111,329171
0,"[17, 18, 18, 17, 18]",0.0,"[17, 18, 18, 17, 18]",1.0,0,0,18,103721,407,70,0.7954545454545454,0,0,4,0.0,1.1428571428571428,59,77,0.0,0.0,0.025579987938641136,complete_windows,0,000_00,407,"[403, 404, 405, 406, 407]",206,0.98974609375,2027,2048,0.5809696129112268,synthetic/pilot_v2_r2/train/000,11111,327672
0,"[18, 18, 17, 18, 16]",0.004320079460740089,"[18, 18, 17, 18, 16]",1.0,0,0,16,103406,408,71,0.8160919540229885,0,0,4,0.0,1.1917808219178083,57,73,0.0,0.0,0.021486232487672646,complete_windows,0,000_00,408,"[404, 405, 406, 407, 408]",206,0.994140625,2036,2048,0.5120946470435086,synthetic/pilot_v2_r2/train/000,11111,325891
0,"[18, 17, 18, 16, 19]",0.0050460537895560265,"[18, 17, 18, 16, 19]",1.0,0,0,19,103330,409,69,0.7840909090909091,0,0,4,0.0,1.375,45,64,0.0,0.0,0.018404450615655158,complete_windows,0,000_00,409,"[405, 406, 407, 408, 409]",206,0.9951171875,2038,2048,0.43108579943450004,synthetic/pilot_v2_r2/train/000,11111,321009
0,"[17, 18, 16, 19, 16]",0.002606410766020417,"[17, 18, 16, 19, 16]",1.0,0,0,16,103042,410,70,0.813953488372093,0,0,4,0.0,1.4098360655737705,45,61,0.0,0.0,0.01458697889915079,complete_windows,0,000_00,410,"[406, 407, 408, 409, 410]",206,0.998046875,2044,2048,0.35608664149275604,synthetic/pilot_v2_r2/train/000,11111,317653
0,"[18, 16, 19, 16, 14]",0.0,"[18, 16, 19, 16, 14]",1.0,0,0,14,102943,411,69,0.8313253012048193,0,0,4,0.0,1.509090909090909,41,55,0.0,0.0,0.010701016881739689,complete_windows,0,000_00,411,"[407, 408, 409, 410, 411]",206,0.99462890625,2037,2048,0.2606401137220358,synthetic/pilot_v2_r2/train/000,11111,310231
0,"[16, 19, 16, 14, 10]",0.006030123680830002,"[16, 19, 16, 14, 10]",1.0,0,0,10,102894,412,65,0.8666666666666667,0,0,4,0.0,1.5625,38,48,0.0,0.0,0.007137594447065906,complete_windows,0,000_00,412,"[408, 409, 410, 411, 412]",206,0.99755859375,2043,2048,0.18669583223176037,synthetic/pilot_v2_r2/train/000,11111,301537
0,"[19, 16, 14, 10, 11]",0.003436541883274913,"[19, 16, 14, 10, 11]",1.0,0,0,11,103021,413,59,0.8428571428571429,0,0,4,0.0,1.3725490196078431,40,51,0.0,0.0,0.003715447963731837,complete_windows,0,000_00,413,"[409, 410, 411, 412, 413]",206,0.9970703125,2042,2048,0.1040479021361182,synthetic/pilot_v2_r2/train/000,11111,282685
0,"[16, 14, 10, 11, 16]",0.008991843089461327,"[16, 14, 10, 11, 16]",1.0,0,0,16,103247,414,51,0.7611940298507462,0,0,4,0.0,1.3958333333333333,32,48,0.0,0.0,0.0019930490985187134,complete_windows,0,000_00,414,"[410, 411, 412, 413, 414]",206,0.9853515625,2018,2048,0.035160881557703236,synthetic/pilot_v2_r2/train/000,11111,275119
0,"[14, 10, 11, 16, 14]",0.0,"[14, 10, 11, 16, 14]",1.0,0,0,14,103253,415,51,0.7846153846153846,0,0,4,0.0,1.625,26,40,0.0,0.0,0.0028974644996378404,complete_windows,0,000_00,415,"[411, 412, 413, 414, 415]",206,0.98193359375,2011,2048,0.014614754465391361,synthetic/pilot_v2_r2/train/000,11111,280884
0,"[10, 11, 16, 14, 14]",0.002322663553059101,"[10, 11, 16, 14, 14]",1.0,0,0,14,103182,416,51,0.7846153846153846,0,0,4,0.0,1.8055555555555556,22,36,0.0,0.0,0.003771408411997601,complete_windows,0,000_00,416,"[412, 413, 414, 415, 416]",206,0.994140625,2036,2048,0.01674442993520062,synthetic/pilot_v2_r2/train/000,11111,286931
0,"[11, 16, 14, 14, 14]",0.0018377064261585474,"[11, 16, 14, 14, 14]",1.0,0,0,14,103175,417,55,0.7971014492753623,0,0,4,0.0,1.9714285714285715,21,35,0.0,0.0,0.0039048465646758144,complete_windows,0,000_00,417,"[413, 414, 415, 416, 417]",206,0.99658203125,2041,2048,0.019743715422046556,synthetic/pilot_v2_r2/train/000,11111,282384
0,"[16, 14, 14, 14, 14]",0.0008993889205157757,"[16, 14, 14, 14, 14]",1.0,0,0,14,103282,418,58,0.8055555555555556,0,0,4,0.0,2.3225806451612905,17,31,0.0,0.0,0.0029162318418420588,complete_windows,0,000_00,418,"[414, 415, 416, 417, 418]",206,0.99951171875,2047,2048,0.012016320233701546,synthetic/pilot_v2_r2/train/000,11111,250944
0,"[14, 14, 14, 14, 14]",0.003443834837526083,"[14, 14, 14, 14, 14]",1.0,0,0,14,103341,419,56,0.8,0,0,4,0.0,3.3333333333333335,7,21,0.0,0.0,0.000904795740409607,complete_windows,0,000_00,419,"[415, 416, 417, 418, 419]",206,0.99951171875,2047,2048,0.005568509490040279,synthetic/pilot_v2_r2/train/000,11111,218339
0,"[14, 14, 14, 14, 13]",0.005439708475023508,"[14, 14, 14, 14, 13]",1.0,0,0,13,103384,420,56,0.8115942028985508,0,0,4,0.0,3.2857142857142856,8,21,0.0,0.0,0.0005491874082099786,complete_windows,0,000_00,420,"[416, 417, 418, 419, 420]",206,0.998046875,2044,2048,0.006420444862750342,synthetic/pilot_v2_r2/train/000,11111,212011
0,"[14, 14, 14, 13, 14]",0.006151393987238407,"[14, 14, 14, 13, 14]",1.0,0,0,14,103443,421,55,0.7971014492753623,0,0,4,0.0,3.0,9,23,0.0,0.0,0.0008854654475042613,complete_windows,0,000_00,421,"[417, 418, 419, 420, 421]",206,0.998046875,2044,2048,0.012825925408099596,synthetic/pilot_v2_r2/train/000,11111,213031
0,"[14, 14, 13, 14, 14]",0.0027773394249379635,"[14, 14, 13, 14, 14]",1.0,0,0,14,103368,422,55,0.7971014492753623,0,0,4,0.0,2.5555555555555554,13,27,0.0,0.0,0.00039067888196422235,complete_windows,0,000_00,422,"[418, 419, 420, 421, 422]",206,1.0,2048,2048,0.004263785516722539,synthetic/pilot_v2_r2/train/000,11111,207293
0,"[14, 13, 14, 14, 13]",0.005050204694271088,"[14, 13, 14, 14, 13]",1.0,0,0,13,103256,423,55,0.8088235294117647,0,0,4,0.0,2.5185185185185186,14,27,0.0,0.0,0.00024633827276664073,complete_windows,0,000_00,423,"[419, 420, 421, 422, 423]",206,0.9990234375,2046,2048,0.005217550903415147,synthetic/pilot_v2_r2/train/000,11111,200739
0,"[13, 14, 14, 13, 14]",0.003469634335488081,"[13, 14, 14, 13, 14]",1.0,0,0,14,103484,424,54,0.7941176470588235,0,0,4,0.0,2.9565217391304346,9,23,0.0,0.0,0.0002471512288881446,complete_windows,0,000_00,424,"[420, 421, 422, 423, 424]",206,0.998046875,2044,2048,0.0034367606884920326,synthetic/pilot_v2_r2/train/000,11111,198859
0,"[14, 14, 13, 14, 14]",0.003257919102907181,"[14, 14, 13, 14, 14]",1.0,0,0,14,103301,425,55,0.7971014492753623,0,0,4,0.0,2.76,11,25,0.0,0.0,0.0005672818287545799,complete_windows,0,000_00,425,"[421, 422, 423, 424, 425]",206,0.99853515625,2045,2048,0.008876856592162103,synthetic/pilot_v2_r2/train/000,11111,202382
0,"[14, 13, 14, 14, 14]",0.0044275494292378426,"[14, 13, 14, 14, 14]",1.0,0,0,14,103252,426,55,0.7971014492753623,0,0,4,0.0,2.6538461538461537,12,26,0.0,0.0,0.00036559693181648583,complete_windows,0,000_00,426,"[422, 423, 424, 425, 426]",206,0.99755859375,2043,2048,0.007035269282335573,synthetic/pilot_v2_r2/train/000,11111,204205
0,"[13, 14, 14, 14, 15]",0.005313176196068525,"[13, 14, 14, 14, 15]",1.0,0,0,15,103295,427,55,0.7857142857142857,0,0,4,0.0,2.413793103448276,14,29,0.0,0.0,0.000762931243348802,complete_windows,0,000_00,427,"[423, 424, 425, 426, 427]",206,0.9990234375,2046,2048,0.006480630421352014,synthetic/pilot_v2_r2/train/000,11111,210200
0,"[14, 14, 14, 15, 14]",0.0025284350849688053,"[14, 14, 14, 15, 14]",1.0,0,0,14,103361,428,57,0.8028169014084507,0,0,4,0.0,2.6296296296296298,13,27,0.0,0.0,0.0006263579885815543,complete_windows,0,000_00,428,"[424, 425, 426, 427, 428]",206,0.9990234375,2046,2048,0.005916897982252785,synthetic/pilot_v2_r2/train/000,11111,205220
0,"[14, 14, 15, 14, 14]",0.004334774799644947,"[14, 14, 15, 14, 14]",1.0,0,0,14,103268,429,57,0.8028169014084507,0,0,4,0.0,3.227272727272727,8,22,0.0,0.0,0.0006324459043941941,complete_windows,0,000_00,429,"[425, 426, 427, 428, 429]",206,0.99853515625,2045,2048,0.00920589638269355,synthetic/pilot_v2_r2/train/000,11111,194203
0,"[14, 15, 14, 14, 14]",0.002908044494688511,"[14, 15, 14, 14, 14]",1.0,0,0,14,103437,430,57,0.8028169014084507,0,0,4,0.0,3.227272727272727,8,22,0.0,0.0,0.00018570803751331933,complete_windows,0,000_00,430,"[426, 427, 428, 429, 430]",206,0.99853515625,2045,2048,0.005902840125876285,synthetic/pilot_v2_r2/train/000,11111,186860
0,"[15, 14, 14, 14, 14]",0.0023376690223813057,"[15, 14, 14, 14, 14]",1.0,0,0,14,103361,431,57,0.8028169014084507,0,0,4,0.0,3.227272727272727,8,22,0.0,0.0,0.00017072063421045284,complete_windows,0,000_00,431,"[427, 428, 429, 430, 431]",206,0.998046875,2044,2048,0.004482352433300021,synthetic/pilot_v2_r2/train/000,11111,187854
0,"[14, 14, 14, 14, 14]",0.0032508112490177155,"[14, 14, 14, 14, 14]",1.0,0,0,14,103322,432,56,0.8,0,0,4,0.0,3.3333333333333335,7,21,0.0,0.0,0.0001950277665298198,complete_windows,0,000_00,432,"[428, 429, 430, 431, 432]",206,0.998046875,2044,2048,0.0042863760819092725,synthetic/pilot_v2_r2/train/000,11111,192389
0,"[14, 14, 14, 14, 13]",0.00685191061347723,"[14, 14, 14, 14, 13]",1.0,0,0,13,103352,433,56,0.8115942028985508,0,0,4,0.0,2.875,11,24,0.0,0.0,0.000664608419071227,complete_windows,0,000_00,433,"[429, 430, 431, 432, 433]",206,0.9951171875,2038,2048,0.005342588805341148,synthetic/pilot_v2_r2/train/000,11111,202790
0,"[14, 14, 14, 13, 13]",0.0,"[14, 14, 14, 13, 13]",1.0,0,0,13,103367,434,55,0.8088235294117647,0,0,4,0.0,2.193548387096774,18,31,0.0,0.0,0.0006733981912165073,complete_windows,0,000_00,434,"[430, 431, 432, 433, 434]",206,0.99951171875,2047,2048,0.015416926580787397,synthetic/pilot_v2_r2/train/000,11111,214576
0,"[14, 14, 13, 13, 11]",0.0,"[14, 14, 13, 13, 11]",1.0,0,0,11,103204,435,54,0.8307692307692308,0,0,4,0.0,1.8571428571428572,24,35,0.0,0.0,0.000885699089722379,complete_windows,0,000_00,435,"[431, 432, 433, 434, 435]",206,0.998046875,2044,2048,0.01939620328444947,synthetic/pilot_v2_r2/train/000,11111,225077
0,"[14, 13, 13, 11, 16]",0.0,"[14, 13, 13, 11, 16]",1.0,0,0,16,103391,436,51,0.7611940298507462,0,0,4,0.0,1.5952380952380953,26,42,0.0,0.0,0.0012400298444350363,complete_windows,0,000_00,436,"[432, 433, 434, 435, 436]",206,0.9951171875,2038,2048,0.030689445810950833,synthetic/pilot_v2_r2/train/000,11111,237600
0,"[13, 13, 11, 16, 16]",0.0,"[13, 13, 11, 16, 16]",1.0,0,0,16,103439,437,53,0.7681159420289855,0,0,4,0.0,1.3018867924528301,37,53,0.0,0.0,0.0012148132162911214,complete_windows,0,000_00,437,"[433, 434, 435, 436, 437]",206,0.9970703125,2042,2048,0.042562503946110775,synthetic/pilot_v2_r2/train/000,11111,244847
0,"[13, 11, 16, 16, 18]",0.00545964390039444,"[13, 11, 16, 16, 18]",1.0,0,0,18,103440,438,56,0.7567567567567568,0,0,4,0.0,1.3214285714285714,38,56,0.0,0.0,0.0016812464960763633,complete_windows,0,000_00,438,"[434, 435, 436, 437, 438]",206,0.998046875,2044,2048,0.04970735576958319,synthetic/pilot_v2_r2/train/000,11111,256117
0,"[11, 16, 16, 18, 19]",0.0022962098009884357,"[11, 16, 16, 18, 19]",1.0,0,0,19,103431,439,61,0.7625,0,0,4,0.0,1.3333333333333333,41,60,0.0,0.0,0.0022241656986977743,complete_windows,0,000_00,439,"[435, 436, 437, 438, 439]",206,0.9951171875,2038,2048,0.06905041301874244,synthetic/pilot_v2_r2/train/000,11111,269768
0,"[16, 16, 18, 19, 20]",0.0025091576389968395,"[16, 16, 18, 19, 20]",1.0,0,0,20,103439,440,69,0.7752808988764045,0,0,4,0.0,1.4126984126984128,43,63,0.0,0.0,0.003038687889789379,complete_windows,0,000_00,440,"[436, 437, 438, 439, 440]",206,0.99658203125,2041,2048,0.09064968517557792,synthetic/pilot_v2_r2/train/000,11111,279901
0,"[16, 18, 19, 20, 18]",0.0027685959357768297,"[16, 18, 19, 20, 18]",1.0,0,0,18,103627,441,73,0.8021978021978022,0,0,4,0.0,1.4918032786885247,43,61,0.0,0.0,0.0033658866901109864,complete_windows,0,000_00,441,"[437, 438, 439, 440, 441]",206,0.9931640625,2034,2048,0.10794510760081369,synthetic/pilot_v2_r2/train/000,11111,286805
0,"[18, 19, 20, 18, 15]",0.0,"[18, 19, 20, 18, 15]",1.0,0,0,15,103471,442,75,0.8333333333333334,0,0,4,0.0,1.6666666666666667,39,54,0.0,0.0,0.003328294267364316,complete_windows,0,000_00,442,"[438, 439, 440, 441, 442]",206,0.99609375,2040,2048,0.12498576825389081,synthetic/pilot_v2_r2/train/000,11111,293969
0,"[19, 20, 18, 15, 16]",0.005533927120268345,"[19, 20, 18, 15, 16]",1.0,0,0,16,103720,443,72,0.8181818181818182,0,0,4,0.0,1.6603773584905661,37,53,0.0,0.0,0.0024930703780523477,complete_windows,0,000_00,443,"[439, 440, 441, 442, 443]",206,0.99658203125,2041,2048,0.15034847223866057,synthetic/pilot_v2_r2/train/000,11111,297553
0,"[20, 18, 15, 16, 15]",0.004613123834133148,"[20, 18, 15, 16, 15]",1.0,0,0,15,103877,444,69,0.8214285714285714,0,0,4,0.0,1.5,41,56,0.0,0.0,0.0016898683915838307,complete_windows,0,000_00,444,"[440, 441, 442, 443, 444]",206,0.99609375,2040,2048,0.1673816374807703,synthetic/pilot_v2_r2/train/000,11111,297466
0,"[18, 15, 16, 15, 20]",0.0,"[18, 15, 16, 15, 20]",1.0,0,1,20,103907,445,64,0.7619047619047619,1,1,4,0.0,1.4482758620689655,38,58,0.05,0.05,0.001401483341461356,complete_windows,0,000_00,445,"[441, 442, 443, 444, 445]",206,0.99755859375,2043,2048,0.19852003962339915,synthetic/pilot_v2_r2/train/000,11111,302617
0,"[15, 16, 15, 20, 15]",0.0029947618022561073,"[15, 16, 15, 20, 15]",1.0,0,0,15,104043,446,66,0.8148148148148148,0,0,4,0.0,1.396551724137931,43,58,0.0,0.0,0.0014860919458639234,complete_windows,0,000_00,446,"[442, 443, 444, 445, 446]",206,0.9931640625,2034,2048,0.21712606908791965,synthetic/pilot_v2_r2/train/000,11111,307902
0,"[16, 15, 20, 15, 17]",0.0,"[16, 15, 20, 15, 17]",1.0,0,0,17,104144,447,66,0.7951807228915663,0,0,4,0.0,1.2769230769230768,48,65,0.0,0.0,0.002889644915547066,complete_windows,0,000_00,447,"[443, 444, 445, 446, 447]",206,0.99462890625,2037,2048,0.23009684059157395,synthetic/pilot_v2_r2/train/000,11111,313043
0,"[15, 20, 15, 17, 18]",0.004459763877093792,"[15, 20, 15, 17, 18]",1.0,0,0,18,104439,448,67,0.788235294117647,0,0,4,0.0,1.2878787878787878,48,66,0.0,0.0,0.003932411652664263,complete_windows,0,000_00,448,"[444, 445, 446, 447, 448]",206,0.9921875,2032,2048,0.2497798923648445,synthetic/pilot_v2_r2/train/000,11111,321482
1,"[0, 0, 0, 0, 0]",,"[0, 0, 0, 0, 0]",,0,0,0,116583,4,0,,0,0,0,,,0,0,,,0.055882439691468624,complete_windows,0,001_00,4,"[0, 1, 2, 3, 4]",206,0.98388671875,2015,2048,0.9663458588461507,synthetic/pilot_v2_r2/train/001,00000,396511
1,"[0, 0, 0, 0, 0]",,"[0, 0, 0, 0, 0]",,0,0,0,116791,5,0,,0,0,0,,,0,0,,,0.05682964938812921,complete_windows,0,001_00,5,"[1, 2, 3, 4, 5]",206,0.98388671875,2015,2048,0.9417122095308389,synthetic/pilot_v2_r2/train/001,00000,381929
1,"[0, 0, 0, 0, 0]",,"[0, 0, 0, 0, 0]",,0,0,0,117126,6,0,,0,0,0,,,0,0,,,0.058040769637014995,complete_windows,0,001_00,6,"[2, 3, 4, 5, 6]",206,0.98974609375,2027,2048,0.965195888385032,synthetic/pilot_v2_r2/train/001,00000,378259
1,"[0, 0, 0, 0, 0]",,"[0, 0, 0, 0, 0]",,0,0,0,117297,7,0,,0,0,0,,,0,0,,,0.059780262270065714,complete_windows,0,001_00,7,"[3, 4, 5, 6, 7]",206,0.990234375,2028,2048,0.9858028429850648,synthetic/pilot_v2_r2/train/001,00000,375552
1,"[0, 0, 0, 0, 0]",,"[0, 0, 0, 0, 0]",,0,0,0,117491,8,0,,0,0,0,,,0,0,,,0.060236773270322036,complete_windows,0,001_00,8,"[4, 5, 6, 7, 8]",206,0.9912109375,2030,2048,1.005267696927662,synthetic/pilot_v2_r2/train/001,00000,374759
1,"[0, 0, 0, 0, 0]",,"[0, 0, 0, 0, 0]",,0,0,0,117664,9,0,,0,0,0,,,0,0,,,0.061005502645824036,complete_windows,0,001_00,9,"[5, 6, 7, 8, 9]",206,0.98974609375,2027,2048,1.0220813685554533,synthetic/pilot_v2_r2/train/001,00000,380214
1,"[0, 0, 0, 0, 0]",,"[0, 0, 0, 0, 0]",,0,0,0,117816,10,0,,0,0,0,,,0,0,,,0.06305325732861693,complete_windows,0,001_00,10,"[6, 7, 8, 9, 10]",206,0.98828125,2024,2048,1.0224720118001567,synthetic/pilot_v2_r2/train/001,00000,382086
1,"[0, 0, 0, 0, 0]",,"[0, 0, 0, 0, 0]",,0,0,0,117827,11,0,,0,0,0,,,0,0,,,0.06544281322397204,complete_windows,0,001_00,11,"[7, 8, 9, 10, 11]",206,0.98388671875,2015,2048,1.0198269749268534,synthetic/pilot_v2_r2/train/001,00000,384664
1,"[0, 0, 0, 0, 0]",,"[0, 0, 0, 0, 0]",,0,0,0,118124,12,0,,0,0,0,,,0,0,,,0.06496903360013287,complete_windows,0,001_00,12,"[8, 9, 10, 11, 12]",206,0.9873046875,2022,2048,1.0192244990949888,synthetic/pilot_v2_r2/train/001,00000,384934
1,"[0, 0, 0, 0, 0]",,"[0, 0, 0, 0, 0]",,0,0,0,118163,13,0,,0,0,0,,,0,0,,,0.06258064121138437,complete_windows,0,001_00,13,"[9, 10, 11, 12, 13]",206,0.98779296875,2023,2048,1.0290860495002332,synthetic/pilot_v2_r2/train/001,00000,386396
1,"[0, 0, 0, 0, 0]",,"[0, 0, 0, 0, 0]",,0,0,0,118194,14,0,,0,0,0,,,0,0,,,0.06061945466890311,complete_windows,0,001_00,14,"[10, 11, 12, 13, 14]",206,0.9892578125,2026,2048,1.0320936266278606,synthetic/pilot_v2_r2/train/001,00000,382202
1,"[0, 0, 0, 0, 0]",,"[0, 0, 0, 0, 0]",,0,0,0,118212,15,0,,0,0,0,,,0,0,,,0.0600284197313791,complete_windows,0,001_00,15,"[11, 12, 13, 14, 15]",206,0.9814453125,2010,2048,1.0402343316167795,synthetic/pilot_v2_r2/train/001,00000,379140
1,"[0, 0, 0, 0, 0]",,"[0, 0, 0, 0, 0]",,0,0,0,118350,16,0,,0,0,0,,,0,0,,,0.05988758371271035,complete_windows,0,001_00,16,"[12, 13, 14, 15, 16]",206,0.9873046875,2022,2048,1.0357255716496157,synthetic/pilot_v2_r2/train/001,00000,378383
1,"[0, 0, 0, 0, 0]",,"[0, 0, 0, 0, 0]",,0,0,0,118128,17,0,,0,0,0,,,0,0,,,0.05995642280798513,complete_windows,0,001_00,17,"[13, 14, 15, 16, 17]",206,0.99169921875,2031,2048,1.0234080660283624,synthetic/pilot_v2_r2/train/001,00000,377693
1,"[0, 0, 0, 0, 0]",,"[0, 0, 0, 0, 0]",,0,0,0,118359,18,0,,0,0,0,,,0,0,,,0.05981346634662151,complete_windows,0,001_00,18,"[14, 15, 16, 17, 18]",206,0.9833984375,2014,2048,1.0235789177754357,synthetic/pilot_v2_r2/train/001,00000,377379
1,"[0, 0, 0, 0, 0]",,"[0, 0, 0, 0, 0]",,0,0,0,118242,19,0,,0,0,0,,,0,0,,,0.05936968902529027,complete_windows,0,001_00,19,"[15, 16, 17, 18, 19]",206,0.986328125,2020,2048,1.0083338029933215,synthetic/pilot_v2_r2/train/001,00000,380159
1,"[0, 0, 0, 0, 0]",,"[0, 0, 0, 0, 0]",,0,0,0,118458,20,0,,0,0,0,,,0,0,,,0.06003183170788444,complete_windows,0,001_00,20,"[16, 17, 18, 19, 20]",206,0.98583984375,2019,2048,1.0162174134784325,synthetic/pilot_v2_r2/train/001,00000,376706
1,"[0, 0, 0, 0, 0]",,"[0, 0, 0, 0, 0]",,0,0,0,117987,21,0,,0,0,0,,,0,0,,,0.06096073644314156,complete_windows,0,001_00,21,"[17, 18, 19, 20, 21]",206,0.986328125,2020,2048,1.0212284272052636,synthetic/pilot_v2_r2/train/001,00000,375703
1,"[0, 0, 0, 0, 0]",,"[0, 0, 0, 0, 0]",,0,0,0,117656,22,0,,0,0,0,,,0,0,,,0.058726412148327654,complete_windows,0,001_00,22,"[18, 19, 20, 21, 22]",206,0.9873046875,2022,2048,1.0106595945963222,synthetic/pilot_v2_r2/train/001,00000,376537
1,"[0, 0, 0, 0, 0]",,"[0, 0, 0, 0, 0]",,0,0,0,117503,23,0,,0,0,0,,,0,0,,,0.05359509870926982,complete_windows,0,001_00,23,"[19, 20, 21, 22, 23]",206,0.9912109375,2030,2048,1.018705143216683,synthetic/pilot_v2_r2/train/001,00000,377261
1,"[0, 0, 0, 0, 0]",,"[0, 0, 0, 0, 0]",,0,0,0,117221,24,0,,0,0,0,,,0,0,,,0.04736271304000362,complete_windows,0,001_00,24,"[20, 21, 22, 23, 24]",206,0.9892578125,2026,2048,1.0049344826468638,synthetic/pilot_v2_r2/train/001,00000,376024
1,"[0, 0, 0, 0, 0]",,"[0, 0, 0, 0, 0]",,0,0,0,117140,25,0,,0,0,0,,,0,0,,,0.041010165925127864,complete_windows,0,001_00,25,"[21, 22, 23, 24, 25]",206,0.9853515625,2018,2048,0.9917765515177844,synthetic/pilot_v2_r2/train/001,00000,374152
1,"[0, 0, 0, 0, 0]",,"[0, 0, 0, 0, 0]",,0,0,0,116730,26,0,,0,0,0,,,0,0,,,0.034593800329550714,complete_windows,0,001_00,26,"[22, 23, 24, 25, 26]",206,0.98828125,2024,2048,0.994510330458186,synthetic/pilot_v2_r2/train/001,00000,371956
1,"[0, 0, 0, 0, 0]",,"[0, 0, 0, 0, 0]",,0,0,0,116378,27,0,,0,0,0,,,0,0,,,0.028437019363485506,complete_windows,0,001_00,27,"[23, 24, 25, 26, 27]",206,0.98583984375,2019,2048,0.9848248929076272,synthetic/pilot_v2_r2/train/001,00000,377768
1,"[0, 0, 0, 0, 0]",,"[0, 0, 0, 0, 0]",,0,0,0,115958,28,0,,0,0,0,,,0,0,,,0.022481225054801164,complete_windows,0,001_00,28,"[24, 25, 26, 27, 28]",206,0.99267578125,2033,2048,0.986623196857455,synthetic/pilot_v2_r2/train/001,00000,379397
1,"[0, 0, 0, 0, 0]",,"[0, 0, 0, 0, 0]",,0,0,0,115685,29,0,,0,0,0,,,0,0,,,0.015782182807704073,complete_windows,0,001_00,29,"[25, 26, 27, 28, 29]",206,0.9892578125,2026,2048,0.9807528341862736,synthetic/pilot_v2_r2/train/001,00000,379485
1,"[0, 0, 0, 0, 0]",,"[0, 0, 0, 0, 0]",,0,0,0,115336,30,0,,0,0,0,,,0,0,,,0.010502168677713457,complete_windows,0,001_00,30,"[26, 27, 28, 29, 30]",206,0.97607421875,1999,2048,0.9799825494032863,synthetic/pilot_v2_r2/train/001,00000,378743
1,"[0, 0, 0, 0, 0]",,"[0, 0, 0, 0, 0]",,0,0,0,114906,31,0,,0,0,0,,,0,0,,,0.007163441763445441,complete_windows,0,001_00,31,"[27, 28, 29, 30, 31]",206,0.99267578125,2033,2048,0.9841477320765353,synthetic/pilot_v2_r2/train/001,00000,374695
1,"[0, 0, 0, 0, 0]",,"[0, 0, 0, 0, 0]",,0,0,0,114476,32,0,,0,0,0,,,0,0,,,0.006006617286761176,complete_windows,0,001_00,32,"[28, 29, 30, 31, 32]",206,0.982421875,2012,2048,0.9748001265997533,synthetic/pilot_v2_r2/train/001,00000,374611
1,"[0, 0, 0, 0, 0]",,"[0, 0, 0, 0, 0]",,0,0,0,114016,33,0,,0,0,0,,,0,0,,,0.009763584372020259,complete_windows,0,001_00,33,"[29, 30, 31, 32, 33]",206,0.9892578125,2026,2048,0.978659030675048,synthetic/pilot_v2_r2/train/001,00000,376023
1,"[0, 0, 0, 0, 0]",,"[0, 0, 0, 0, 0]",,0,0,0,113447,34,0,,0,0,0,,,0,0,,,0.015579268260661566,complete_windows,0,001_00,34,"[30, 31, 32, 33, 34]",206,0.98291015625,2013,2048,0.9698947174665248,synthetic/pilot_v2_r2/train/001,00000,377372
1,"[0, 0, 0, 0, 0]",,"[0, 0, 0, 0, 0]",,0,0,0,112884,35,0,,0,0,0,,,0,0,,,0.023852822526508947,complete_windows,0,001_00,35,"[31, 32, 33, 34, 35]",206,0.984375,2016,2048,0.9595449170597289,synthetic/pilot_v2_r2/train/001,00000,377463
1,"[0, 0, 0, 0, 0]",,"[0, 0, 0, 0, 0]",,0,0,0,112429,36,0,,0,0,0,,,0,0,,,0.0328532824344293,complete_windows,0,001_00,36,"[32, 33, 34, 35, 36]",206,0.982421875,2012,2048,0.9493939798881558,synthetic/pilot_v2_r2/train/001,00000,376552
1,"[0, 0, 0, 0, 0]",,"[0, 0, 0, 0, 0]",,0,0,0,111903,37,0,,0,0,0,,,0,0,,,0.04247667193918125,complete_windows,0,001_00,37,"[33, 34, 35, 36, 37]",206,0.98681640625,2021,2048,0.9197478685540015,synthetic/pilot_v2_r2/train/001,00000,374089
1,"[0, 0, 0, 0, 0]",,"[0, 0, 0, 0, 0]",,0,0,0,111463,38,0,,0,0,0,,,0,0,,,0.050166692315798705,complete_windows,0,001_00,38,"[34, 35, 36, 37, 38]",206,0.9853515625,2018,2048,0.8889324357225504,synthetic/pilot_v2_r2/train/001,00000,373721
0,"[0, 0, 0, 0, 0]",0.0,"[0, 0, 0, 0, 1]",1.0,0,0,1,111237,39,0,0.0,0,0,0,0.0,1.0,0,1,0.0,0.0,0.05603099778786172,complete_windows,0,001_00,39,"[35, 36, 37, 38, 39]",206,0.986328125,2020,2048,0.8459253177967186,synthetic/pilot_v2_r2/train/001,00001,370578
0,"[0, 0, 0, 0, 0]",,"[0, 0, 0, 1, 0]",,0,0,0,110775,40,1,1.0,0,0,1,,1.0,1,1,,,0.061098800648611305,complete_windows,0,001_00,40,"[36, 37, 38, 39, 40]",206,0.98193359375,2011,2048,0.8040898951551883,synthetic/pilot_v2_r2/train/001,00010,371967
0,"[0, 0, 0, 0, 0]",,"[0, 0, 1, 0, 0]",,0,0,0,110498,41,1,1.0,0,0,1,,1.0,1,1,,,0.06373473989761069,complete_windows,0,001_00,41,"[37, 38, 39, 40, 41]",206,0.9931640625,2034,2048,0.749703299373467,synthetic/pilot_v2_r2/train/001,00100,370856
0,"[0, 0, 0, 0, 0]",,"[0, 1, 0, 0, 0]",,0,0,0,110303,42,1,1.0,0,0,1,,1.0,1,1,,,0.06570316066478686,complete_windows,0,001_00,42,"[38, 39, 40, 41, 42]",206,0.9912109375,2030,2048,0.709301516418182,synthetic/pilot_v2_r2/train/001,01000,367578
0,"[0, 0, 0, 0, 0]",,"[1, 0, 0, 0, 0]",,0,0,0,110173,43,1,1.0,0,0,1,,1.0,1,1,,,0.0677637882007117,complete_windows,0,001_00,43,"[39, 40, 41, 42, 43]",206,0.98388671875,2015,2048,0.6770738939445964,synthetic/pilot_v2_r2/train/001,10000,363824
1,"[0, 0, 0, 0, 0]",,"[0, 0, 0, 0, 0]",,0,0,0,109725,44,0,,0,0,0,,,0,0,,,0.07003283303114446,complete_windows,0,001_00,44,"[40, 41, 42, 43, 44]",206,0.97119140625,1989,2048,0.6364341610187706,synthetic/pilot_v2_r2/train/001,00000,362724
0,"[0, 0, 0, 0, 0]",0.0,"[0, 0, 0, 0, 1]",1.0,0,0,1,109644,45,0,0.0,0,0,0,0.0,1.0,0,1,0.0,0.0,0.0722440713428398,complete_windows,0,001_00,45,"[41, 42, 43, 44, 45]",206,0.98291015625,2013,2048,0.6094744252771903,synthetic/pilot_v2_r2/train/001,00001,364051
0,"[0, 0, 0, 0, 0]",0.0,"[0, 0, 0, 1, 2]",1.0,0,0,2,109363,46,1,0.3333333333333333,0,0,1,0.0,1.0,1,3,0.0,0.0,0.07214668610697461,complete_windows,0,001_00,46,"[42, 43, 44, 45, 46]",206,0.990234375,2028,2048,0.5738115087464141,synthetic/pilot_v2_r2/train/001,00011,363398
0,"[0, 0, 0, 0, 0]",,"[0, 0, 1, 2, 0]",,0,0,0,109488,47,3,1.0,0,0,2,,1.0,3,3,,,0.07178911596389481,complete_windows,0,001_00,47,"[43, 44, 45, 46, 47]",206,0.98828125,2024,2048,0.5207793969877293,synthetic/pilot_v2_r2/train/001,00110,363298
0,"[0, 0, 0, 0, 0]",0.0,"[0, 1, 2, 0, 1]",1.0,0,0,1,109083,48,3,0.75,0,0,2,0.0,1.0,3,4,0.0,0.0,0.07108989199842942,complete_windows,0,001_00,48,"[44, 45, 46, 47, 48]",206,0.9775390625,2002,2048,0.5037830773819856,synthetic/pilot_v2_r2/train/001,01101,362567
0,"[0, 0, 0, 0, 0]",,"[1, 2, 0, 1, 0]",,0,0,0,108947,49,4,1.0,0,0,3,,1.0,4,4,,,0.06829188547905071,complete_windows,0,001_00,49,"[45, 46, 47, 48, 49]",206,0.98974609375,2027,2048,0.49971748843274477,synthetic/pilot_v2_r2/train/001,11010,362775
0,"[0, 0, 0, 0, 0]",,"[2, 0, 1, 0, 0]",,0,0,0,108789,50,3,1.0,0,0,2,,1.0,3,3,,,0.06653028183613764,complete_windows,0,001_00,50,"[46, 47, 48, 49, 50]",206,0.9951171875,2038,2048,0.4716485279954426,synthetic/pilot_v2_r2/train/001,10100,365758
0,"[0, 0, 0, 0, 0]",,"[0, 1, 0, 0, 0]",,0,0,0,108400,51,1,1.0,0,0,1,,1.0,1,1,,,0.06355199060457005,complete_windows,0,001_00,51,"[47, 48, 49, 50, 51]",206,0.9892578125,2026,2048,0.4577508936392017,synthetic/pilot_v2_r2/train/001,01000,366827
0,"[0, 0, 0, 0, 0]",,"[1, 0, 0, 0, 0]",,0,0,0,108501,52,1,1.0,0,0,1,,1.0,1,1,,,0.05994903866867166,complete_windows,0,001_00,52,"[48, 49, 50, 51, 52]",206,0.9775390625,2002,2048,0.43941656706315485,synthetic/pilot_v2_r2/train/001,10000,365104
1,"[0, 0, 0, 0, 0]",,"[0, 0, 0, 0, 0]",,0,0,0,108122,53,0,,0,0,0,,,0,0,,,0.0571377359934457,complete_windows,0,001_00,53,"[49, 50, 51, 52, 53]",206,0.9853515625,2018,2048,0.39126477670904347,synthetic/pilot_v2_r2/train/001,00000,364253
1,"[0, 0, 0, 0, 0]",,"[0, 0, 0, 0, 0]",,0,0,0,108186,54,0,,0,0,0,,,0,0,,,0.05454873720674456,complete_windows,0,001_00,54,"[50, 51, 52, 53, 54]",206,0.98974609375,2027,2048,0.3763404730944595,synthetic/pilot_v2_r2/train/001,00000,364069
1,"[0, 0, 0, 0, 0]",,"[0, 0, 0, 0, 0]",,0,0,0,108170,55,0,,0,0,0,,,0,0,,,0.0507297226123068,complete_windows,0,001_00,55,"[51, 52, 53, 54, 55]",206,0.97900390625,2005,2048,0.35575102345730714,synthetic/pilot_v2_r2/train/001,00000,366312
1,"[0, 0, 0, 0, 0]",,"[0, 0, 0, 0, 0]",,0,0,0,108127,56,0,,0,0,0,,,0,0,,,0.04533183491352063,complete_windows,0,001_00,56,"[52, 53, 54, 55, 56]",206,0.98388671875,2015,2048,0.3043452386258871,synthetic/pilot_v2_r2/train/001,00000,365179
1,"[0, 0, 0, 0, 0]",,"[0, 0, 0, 0, 0]",,0,0,0,108221,57,0,,0,0,0,,,0,0,,,0.042699107170941816,complete_windows,0,001_00,57,"[53, 54, 55, 56, 57]",206,0.98486328125,2017,2048,0.28880565726535357,synthetic/pilot_v2_r2/train/001,00000,367217
1,"[0, 0, 0, 0, 0]",,"[0, 0, 0, 0, 0]",,0,0,0,107923,58,0,,0,0,0,,,0,0,,,0.04038448356040951,complete_windows,0,001_00,58,"[54, 55, 56, 57, 58]",206,0.9833984375,2014,2048,0.2582415678622798,synthetic/pilot_v2_r2/train/001,00000,364599
1,"[0, 0, 0, 0, 0]",,"[0, 0, 0, 0, 0]",,0,0,0,107821,59,0,,0,0,0,,,0,0,,,0.03750700176745277,complete_windows,0,001_00,59,"[55, 56, 57, 58, 59]",206,0.98779296875,2023,2048,0.24005138540979684,synthetic/pilot_v2_r2/train/001,00000,358751
1,"[0, 0, 0, 0, 0]",,"[0, 0, 0, 0, 0]",,0,0,0,107981,60,0,,0,0,0,,,0,0,,,0.036917917169632414,complete_windows,0,001_00,60,"[56, 57, 58, 59, 60]",206,0.99365234375,2035,2048,0.23409313734821413,synthetic/pilot_v2_r2/train/001,00000,357713
1,"[0, 0, 0, 0, 0]",,"[0, 0, 0, 0, 0]",,0,0,0,107811,61,0,,0,0,0,,,0,0,,,0.035203620860936355,complete_windows,0,001_00,61,"[57, 58, 59, 60, 61]",206,0.99072265625,2029,2048,0.21871318802559003,synthetic/pilot_v2_r2/train/001,00000,356735
1,"[0, 0, 0, 0, 0]",,"[0, 0, 0, 0, 0]",,0,0,0,107939,62,0,,0,0,0,,,0,0,,,0.03541627835996596,complete_windows,0,001_00,62,"[58, 59, 60, 61, 62]",206,0.98095703125,2009,2048,0.22447292441458191,synthetic/pilot_v2_r2/train/001,00000,354480
1,"[0, 0, 0, 0, 0]",,"[0, 0, 0, 0, 0]",,0,0,0,108110,63,0,,0,0,0,,,0,0,,,0.03609679885023149,complete_windows,0,001_00,63,"[59, 60, 61, 62, 63]",206,0.9892578125,2026,2048,0.20952655988905666,synthetic/pilot_v2_r2/train/001,00000,356554
1,"[0, 0, 0, 0, 0]",,"[0, 0, 0, 0, 0]",,0,0,0,107543,64,0,,0,0,0,,,0,0,,,0.03666494842386361,complete_windows,0,001_00,64,"[60, 61, 62, 63, 64]",206,0.9912109375,2030,2048,0.21315127995256755,synthetic/pilot_v2_r2/train/001,00000,357896
1,"[0, 0, 0, 0, 0]",,"[0, 0, 0, 0, 0]",,0,0,0,107657,65,0,,0,0,0,,,0,0,,,0.03863199891921474,complete_windows,0,001_00,65,"[61, 62, 63, 64, 65]",206,0.9921875,2032,2048,0.22115012408793183,synthetic/pilot_v2_r2/train/001,00000,355972
1,"[0, 0, 0, 0, 0]",,"[0, 0, 0, 0, 0]",,0,0,0,107429,66,0,,0,0,0,,,0,0,,,0.04036150726996175,complete_windows,0,001_00,66,"[62, 63, 64, 65, 66]",206,0.97802734375,2003,2048,0.21411393441762516,synthetic/pilot_v2_r2/train/001,00000,356749
1,"[0, 0, 0, 0, 0]",,"[0, 0, 0, 0, 0]",,0,0,0,107566,67,0,,0,0,0,,,0,0,,,0.044227359307050275,complete_windows,0,001_00,67,"[63, 64, 65, 66, 67]",206,0.984375,2016,2048,0.23977784371759023,synthetic/pilot_v2_r2/train/001,00000,356985
1,"[0, 0, 0, 0, 0]",,"[0, 0, 0, 0, 0]",,0,0,0,107623,68,0,,0,0,0,,,0,0,,,0.05075911603741048,complete_windows,0,001_00,68,"[64, 65, 66, 67, 68]",206,0.98046875,2008,2048,0.2712162314260779,synthetic/pilot_v2_r2/train/001,00000,362491
1,"[0, 0, 0, 0, 0]",,"[0, 0, 0, 0, 0]",,0,0,0,107346,69,0,,0,0,0,,,0,0,,,0.057705852418416616,complete_windows,0,001_00,69,"[65, 66, 67, 68, 69]",206,0.98876953125,2025,2048,0.3139021911202409,synthetic/pilot_v2_r2/train/001,00000,365621
1,"[0, 0, 0, 0, 0]",,"[0, 0, 0, 0, 0]",,0,0,0,107187,70,0,,0,0,0,,,0,0,,,0.06511562702266172,complete_windows,0,001_00,70,"[66, 67, 68, 69, 70]",206,0.984375,2016,2048,0.37783684594707584,synthetic/pilot_v2_r2/train/001,00000,366188
1,"[0, 0, 0, 0, 0]",,"[0, 0, 0, 0, 0]",,0,0,0,107045,71,0,,0,0,0,,,0,0,,,0.07228388435558362,complete_windows,0,001_00,71,"[67, 68, 69, 70, 71]",206,0.97802734375,2003,2048,0.43903866317848755,synthetic/pilot_v2_r2/train/001,00000,367243
1,"[0, 0, 0, 0, 0]",,"[0, 0, 0, 0, 0]",,0,0,0,106704,72,0,,0,0,0,,,0,0,,,0.07978435035699898,complete_windows,0,001_00,72,"[68, 69, 70, 71, 72]",206,0.9814453125,2010,2048,0.48700735799259914,synthetic/pilot_v2_r2/train/001,00000,369331
1,"[0, 0, 0, 0, 0]",,"[0, 0, 0, 0, 0]",,0,0,0,106736,73,0,,0,0,0,,,0,0,,,0.08497569323456262,complete_windows,0,001_00,73,"[69, 70, 71, 72, 73]",206,0.986328125,2020,2048,0.5313787612894113,synthetic/pilot_v2_r2/train/001,00000,371342
1,"[0, 0, 0, 0, 0]",,"[0, 0, 0, 0, 0]",,0,0,0,106630,74,0,,0,0,0,,,0,0,,,0.08801789435651906,complete_windows,0,001_00,74,"[70, 71, 72, 73, 74]",206,0.98974609375,2027,2048,0.5713048105689699,synthetic/pilot_v2_r2/train/001,00000,368803
1,"[0, 0, 0, 0, 0]",,"[0, 0, 0, 0, 0]",,0,0,0,106649,75,0,,0,0,0,,,0,0,,,0.09070992895596772,complete_windows,0,001_00,75,"[71, 72, 73, 74, 75]",206,0.9931640625,2034,2048,0.5964958524119479,synthetic/pilot_v2_r2/train/001,00000,368670
1,"[0, 0, 0, 0, 0]",,"[0, 0, 0, 0, 0]",,0,0,0,106657,76,0,,0,0,0,,,0,0,,,0.09191369306026564,complete_windows,0,001_00,76,"[72, 73, 74, 75, 76]",206,0.9873046875,2022,2048,0.6162269133566959,synthetic/pilot_v2_r2/train/001,00000,366920
1,"[0, 0, 0, 0, 0]",,"[0, 0, 0, 0, 0]",,0,0,0,106399,77,0,,0,0,0,,,0,0,,,0.09373259503343309,complete_windows,0,001_00,77,"[73, 74, 75, 76, 77]",206,0.97021484375,1987,2048,0.6423462176800425,synthetic/pilot_v2_r2/train/001,00000,371092
1,"[0, 0, 0, 0, 0]",,"[0, 0, 0, 0, 0]",,0,0,0,106488,78,0,,0,0,0,,,0,0,,,0.09568140598291455,complete_windows,0,001_00,78,"[74, 75, 76, 77, 78]",206,0.98681640625,2021,2048,0.6354572875585477,synthetic/pilot_v2_r2/train/001,00000,373412
1,"[0, 0, 0, 0, 0]",,"[0, 0, 0, 0, 0]",,0,0,0,106181,79,0,,0,0,0,,,0,0,,,0.09803084654197582,complete_windows,0,001_00,79,"[75, 76, 77, 78, 79]",206,0.9853515625,2018,2048,0.6559113088956695,synthetic/pilot_v2_r2/train/001,00000,379256
1,"[0, 0, 0, 0, 0]",,"[0, 0, 0, 0, 0]",,0,0,0,105924,80,0,,0,0,0,,,0,0,,,0.09715200682854651,complete_windows,0,001_00,80,"[76, 77, 78, 79, 80]",206,0.98583984375,2019,2048,0.6885777827391343,synthetic/pilot_v2_r2/train/001,00000,377841
1,"[0, 0, 0, 0, 0]",,"[0, 0, 0, 0, 0]",,0,0,0,105576,81,0,,0,0,0,,,0,0,,,0.09458538002542806,complete_windows,0,001_00,81,"[77, 78, 79, 80, 81]",206,0.9833984375,2014,2048,0.7117286805584416,synthetic/pilot_v2_r2/train/001,00000,378766
1,"[0, 0, 0, 0, 0]",,"[0, 0, 0, 0, 0]",,0,0,0,105040,82,0,,0,0,0,,,0,0,,,0.09190869403000504,complete_windows,0,001_00,82,"[78, 79, 80, 81, 82]",206,0.9853515625,2018,2048,0.743615738011411,synthetic/pilot_v2_r2/train/001,00000,378605
1,"[0, 0, 0, 0, 0]",,"[0, 0, 0, 0, 0]",,0,0,0,104753,83,0,,0,0,0,,,0,0,,,0.09141191712091401,complete_windows,0,001_00,83,"[79, 80, 81, 82, 83]",206,0.98486328125,2017,2048,0.7724066713763033,synthetic/pilot_v2_r2/train/001,00000,377830
1,"[0, 0, 0, 0, 0]",,"[0, 0, 0, 0, 0]",,0,0,0,104209,84,0,,0,0,0,,,0,0,,,0.09189176364129398,complete_windows,0,001_00,84,"[80, 81, 82, 83, 84]",206,0.98388671875,2015,2048,0.7823093263736703,synthetic/pilot_v2_r2/train/001,00000,372205
1,"[0, 0, 0, 0, 0]",,"[0, 0, 0, 0, 0]",,0,0,0,103650,85,0,,0,0,0,,,0,0,,,0.09143193448828678,complete_windows,0,001_00,85,"[81, 82, 83, 84, 85]",206,0.982421875,2012,2048,0.8019862850472748,synthetic/pilot_v2_r2/train/001,00000,368508
1,"[0, 0, 0, 0, 0]",,"[0, 0, 0, 0, 0]",,0,0,0,102982,86,0,,0,0,0,,,0,0,,,0.09087839284642334,complete_windows,0,001_00,86,"[82, 83, 84, 85, 86]",206,0.984375,2016,2048,0.8299320121081653,synthetic/pilot_v2_r2/train/001,00000,376832
1,"[0, 0, 0, 0, 0]",,"[0, 0, 0, 0, 0]",,0,0,0,102053,87,0,,0,0,0,,,0,0,,,0.08965492704332052,complete_windows,0,001_00,87,"[83, 84, 85, 86, 87]",206,0.98095703125,2009,2048,0.8491778762921323,synthetic/pilot_v2_r2/train/001,00000,378450
1,"[0, 0, 0, 0, 0]",,"[0, 0, 0, 0, 0]",,0,0,0,101168,88,0,,0,0,0,,,0,0,,,0.09089300605332537,complete_windows,0,001_00,88,"[84, 85, 86, 87, 88]",206,0.98388671875,2015,2048,0.8852427781413098,synthetic/pilot_v2_r2/train/001,00000,377981
1,"[0, 0, 0, 0, 0]",,"[0, 0, 0, 0, 0]",,0,0,0,100326,89,0,,0,0,0,,,0,0,,,0.09092462606912396,complete_windows,0,001_00,89,"[85, 86, 87, 88, 89]",206,0.97998046875,2007,2048,0.8988968068329722,synthetic/pilot_v2_r2/train/001,00000,378387
1,"[0, 0, 0, 0, 0]",,"[0, 0, 0, 0, 0]",,0,0,0,99473,90,0,,0,0,0,,,0,0,,,0.08571251872927725,complete_windows,0,001_00,90,"[86, 87, 88, 89, 90]",206,0.98388671875,2015,2048,0.9182936970449606,synthetic/pilot_v2_r2/train/001,00000,379636
1,"[0, 0, 0, 0, 0]",,"[0, 0, 0, 0, 0]",,0,0,0,98614,91,0,,0,0,0,,,0,0,,,0.0782766312634532,complete_windows,0,001_00,91,"[87, 88, 89, 90, 91]",206,0.98388671875,2015,2048,0.9152152782143683,synthetic/pilot_v2_r2/train/001,00000,376497
1,"[0, 0, 0, 0, 0]",,"[0, 0, 0, 0, 0]",,0,0,0,97406,92,0,,0,0,0,,,0,0,,,0.07783397627937616,complete_windows,0,001_00,92,"[88, 89, 90, 91, 92]",206,0.9833984375,2014,2048,0.9076764315769502,synthetic/pilot_v2_r2/train/001,00000,368381
1,"[0, 0, 0, 0, 0]",,"[0, 0, 0, 0, 0]",,0,0,0,96404,93,0,,0,0,0,,,0,0,,,0.07871188399815467,complete_windows,0,001_00,93,"[89, 90, 91, 92, 93]",206,0.98291015625,2013,2048,0.9166182777275792,synthetic/pilot_v2_r2/train/001,00000,352937
1,"[0, 0, 0, 0, 0]",,"[0, 0, 0, 0, 0]",,0,0,0,95243,94,0,,0,0,0,,,0,0,,,0.0722224146525366,complete_windows,0,001_00,94,"[90, 91, 92, 93, 94]",206,0.98681640625,2021,2048,0.9173102889622164,synthetic/pilot_v2_r2/train/001,00000,353596
1,"[0, 0, 0, 0, 0]",,"[0, 0, 0, 0, 0]",,0,0,0,93789,95,0,,0,0,0,,,0,0,,,0.06834630421467641,complete_windows,0,001_00,95,"[91, 92, 93, 94, 95]",206,0.99072265625,2029,2048,0.9355958603826063,synthetic/pilot_v2_r2/train/001,00000,349831
1,"[0, 0, 0, 0, 0]",,"[0, 0, 0, 0, 0]",,0,0,0,92855,96,0,,0,0,0,,,0,0,,,0.06518493191320204,complete_windows,0,001_00,96,"[92, 93, 94, 95, 96]",206,0.9873046875,2022,2048,0.9737733922887181,synthetic/pilot_v2_r2/train/001,00000,345049
1,"[0, 0, 0, 0, 0]",,"[0, 0, 0, 0, 0]",,0,0,0,91874,97,0,,0,0,0,,,0,0,,,0.06236885853625648,complete_windows,0,001_00,97,"[93, 94, 95, 96, 97]",206,0.98583984375,2019,2048,0.9764653122075011,synthetic/pilot_v2_r2/train/001,00000,335639
1,"[0, 0, 0, 0, 0]",,"[0, 0, 0, 0, 0]",,0,0,0,91407,98,0,,0,0,0,,,0,0,,,0.062271644243920114,complete_windows,0,001_00,98,"[94, 95, 96, 97, 98]",206,0.978515625,2004,2048,0.9933156848455372,synthetic/pilot_v2_r2/train/001,00000,333752
1,"[0, 0, 0, 0, 0]",,"[0, 0, 0, 0, 0]",,0,0,0,90961,99,0,,0,0,0,,,0,0,,,0.06474180179887154,complete_windows,0,001_00,99,"[95, 96, 97, 98, 99]",206,0.98046875,2008,2048,1.0154284005010248,synthetic/pilot_v2_r2/train/001,00000,328851
1,"[0, 0, 0, 0, 0]",,"[0, 0, 0, 0, 0]",,0,0,0,90503,100,0,,0,0,0,,,0,0,,,0.06746625223730482,complete_windows,0,001_00,100,"[96, 97, 98, 99, 100]",206,0.97802734375,2003,2048,1.0265636125032958,synthetic/pilot_v2_r2/train/001,00000,328224
1,"[0, 0, 0, 0, 0]",,"[0, 0, 0, 0, 0]",,0,0,0,89860,101,0,,0,0,0,,,0,0,,,0.06514169024674434,complete_windows,0,001_00,101,"[97, 98, 99, 100, 101]",206,0.98974609375,2027,2048,1.073299088189264,synthetic/pilot_v2_r2/train/001,00000,327411
1,"[0, 0, 0, 0, 0]",,"[0, 0, 0, 0, 0]",,0,0,0,89401,102,0,,0,0,0,,,0,0,,,0.05660114382820696,complete_windows,0,001_00,102,"[98, 99, 100, 101, 102]",206,0.98193359375,2011,2048,1.1043443628980318,synthetic/pilot_v2_r2/train/001,00000,325145
1,"[0, 0, 0, 0, 0]",,"[0, 0, 0, 0, 0]",,0,0,0,89165,103,0,,0,0,0,,,0,0,,,0.049796131123151614,complete_windows,0,001_00,103,"[99, 100, 101, 102, 103]",206,0.98486328125,2017,2048,1.1292853533912295,synthetic/pilot_v2_r2/train/001,00000,319098
1,"[0, 0, 0, 0, 0]",,"[0, 0, 0, 0, 0]",,0,0,0,89150,104,0,,0,0,0,,,0,0,,,0.04809787928743685,complete_windows,0,001_00,104,"[100, 101, 102, 103, 104]",206,0.98828125,2024,2048,1.1601215124004183,synthetic/pilot_v2_r2/train/001,00000,312967
1,"[0, 0, 0, 0, 0]",,"[0, 0, 0, 0, 0]",,0,0,0,89403,105,0,,0,0,0,,,0,0,,,0.044215920693529455,complete_windows,0,001_00,105,"[101, 102, 103, 104, 105]",206,0.98583984375,2019,2048,1.1726062334214327,synthetic/pilot_v2_r2/train/001,00000,308888
1,"[0, 0, 0, 0, 0]",,"[0, 0, 0, 0, 0]",,0,0,0,89590,106,0,,0,0,0,,,0,0,,,0.03662125208415674,complete_windows,0,001_00,106,"[102, 103, 104, 105, 106]",206,0.98291015625,2013,2048,1.2022486533304395,synthetic/pilot_v2_r2/train/001,00000,308777
1,"[0, 0, 0, 0, 0]",,"[0, 0, 0, 0, 0]",,0,0,0,89789,107,0,,0,0,0,,,0,0,,,0.027999228457092448,complete_windows,0,001_00,107,"[103, 104, 105, 106, 107]",206,0.98388671875,2015,2048,1.2228712094131804,synthetic/pilot_v2_r2/train/001,00000,309811
1,"[0, 0, 0, 0, 0]",,"[0, 0, 0, 0, 0]",,0,0,0,90061,108,0,,0,0,0,,,0,0,,,0.020318181109520248,complete_windows,0,001_00,108,"[104, 105, 106, 107, 108]",206,0.98974609375,2027,2048,1.224394704382655,synthetic/pilot_v2_r2/train/001,00000,307874
1,"[0, 0, 0, 0, 0]",,"[0, 0, 0, 0, 0]",,0,0,0,90240,109,0,,0,0,0,,,0,0,,,0.01358346379786286,complete_windows,0,001_00,109,"[105, 106, 107, 108, 109]",206,0.99072265625,2029,2048,1.2448921147242307,synthetic/pilot_v2_r2/train/001,00000,305927
1,"[0, 0, 0, 0, 0]",,"[0, 0, 0, 0, 0]",,0,0,0,90669,110,0,,0,0,0,,,0,0,,,0.01096016328779033,complete_windows,0,001_00,110,"[106, 107, 108, 109, 110]",206,0.98974609375,2027,2048,1.2515084710820632,synthetic/pilot_v2_r2/train/001,00000,301692
1,"[0, 0, 0, 0, 0]",,"[0, 0, 0, 0, 0]",,0,0,0,90996,111,0,,0,0,0,,,0,0,,,0.010064155442262253,complete_windows,0,001_00,111,"[107, 108, 109, 110, 111]",206,0.9912109375,2030,2048,1.2557992694995612,synthetic/pilot_v2_r2/train/001,00000,297573
1,"[0, 0, 0, 0, 0]",,"[0, 0, 0, 0, 0]",,0,0,0,91290,112,0,,0,0,0,,,0,0,,,0.010991787374859053,complete_windows,0,001_00,112,"[108, 109, 110, 111, 112]",206,0.99365234375,2035,2048,1.2724023278292884,synthetic/pilot_v2_r2/train/001,00000,297039
1,"[0, 0, 0, 0, 0]",,"[0, 0, 0, 0, 0]",,0,0,0,91828,113,0,,0,0,0,,,0,0,,,0.010916733891739284,complete_windows,0,001_00,113,"[109, 110, 111, 112, 113]",206,0.990234375,2028,2048,1.285047816668655,synthetic/pilot_v2_r2/train/001,00000,296946
1,"[0, 0, 0, 0, 0]",,"[0, 0, 0, 0, 0]",,0,0,0,91845,114,0,,0,0,0,,,0,0,,,0.010015556956106831,complete_windows,0,001_00,114,"[110, 111, 112, 113, 114]",206,0.98828125,2024,2048,1.2913658505535588,synthetic/pilot_v2_r2/train/001,00000,298909
1,"[0, 0, 0, 0, 0]",,"[0, 0, 0, 0, 0]",,0,0,0,91967,115,0,,0,0,0,,,0,0,,,0.010823812437151295,complete_windows,0,001_00,115,"[111, 112, 113, 114, 115]",206,0.98828125,2024,2048,1.3068941187063783,synthetic/pilot_v2_r2/train/001,00000,299602
1,"[0, 0, 0, 0, 0]",,"[0, 0, 0, 0, 0]",,0,0,0,92244,116,0,,0,0,0,,,0,0,,,0.010311908750980047,complete_windows,0,001_00,116,"[112, 113, 114, 115, 116]",206,0.97900390625,2005,2048,1.329730247869663,synthetic/pilot_v2_r2/train/001,00000,300699
1,"[0, 0, 0, 0, 0]",,"[0, 0, 0, 0, 0]",,0,0,0,92314,117,0,,0,0,0,,,0,0,,,0.01108749151567726,complete_windows,0,001_00,117,"[113, 114, 115, 116, 117]",206,0.98583984375,2019,2048,1.3245304869853274,synthetic/pilot_v2_r2/train/001,00000,302321
1,"[0, 0, 0, 0, 0]",,"[0, 0, 0, 0, 0]",,0,0,0,92442,118,0,,0,0,0,,,0,0,,,0.013576063005416215,complete_windows,0,001_00,118,"[114, 115, 116, 117, 118]",206,0.986328125,2020,2048,1.3552199783637409,synthetic/pilot_v2_r2/train/001,00000,302388
1,"[0, 0, 0, 0, 0]",,"[0, 0, 0, 0, 0]",,0,0,0,92709,119,0,,0,0,0,,,0,0,,,0.01489208640722564,complete_windows,0,001_00,119,"[115, 116, 117, 118, 119]",206,0.98974609375,2027,2048,1.375815776465883,synthetic/pilot_v2_r2/train/001,00000,300060
1,"[0, 0, 0, 0, 0]",,"[0, 0, 0, 0, 0]",,0,0,0,92560,120,0,,0,0,0,,,0,0,,,0.01438049222328172,complete_windows,0,001_00,120,"[116, 117, 118, 119, 120]",206,0.98779296875,2023,2048,1.3905977565614833,synthetic/pilot_v2_r2/train/001,00000,304591
1,"[0, 0, 0, 0, 0]",,"[0, 0, 0, 0, 0]",,0,0,0,92487,121,0,,0,0,0,,,0,0,,,0.015970659052479234,complete_windows,0,001_00,121,"[117, 118, 119, 120, 121]",206,0.9853515625,2018,2048,1.4211098174116368,synthetic/pilot_v2_r2/train/001,00000,304148
1,"[0, 0, 0, 0, 0]",,"[0, 0, 0, 0, 0]",,0,0,0,92562,122,0,,0,0,0,,,0,0,,,0.01740149589863265,complete_windows,0,001_00,122,"[118, 119, 120, 121, 122]",206,0.98681640625,2021,2048,1.4298873047701564,synthetic/pilot_v2_r2/train/001,00000,304267
1,"[0, 0, 0, 0, 0]",,"[0, 0, 0, 0, 0]",,0,0,0,92475,123,0,,0,0,0,,,0,0,,,0.01844330496973126,complete_windows,0,001_00,123,"[119, 120, 121, 122, 123]",206,0.98681640625,2021,2048,1.4451678158883188,synthetic/pilot_v2_r2/train/001,00000,305538
1,"[0, 0, 0, 0, 0]",,"[0, 0, 0, 0, 0]",,0,0,0,92257,124,0,,0,0,0,,,0,0,,,0.01685129497236129,complete_windows,0,001_00,124,"[120, 121, 122, 123, 124]",206,0.98388671875,2015,2048,1.4407868195727687,synthetic/pilot_v2_r2/train/001,00000,306669
1,"[0, 0, 0, 0, 0]",,"[0, 0, 0, 0, 0]",,0,0,0,91875,125,0,,0,0,0,,,0,0,,,0.01594834271609033,complete_windows,0,001_00,125,"[121, 122, 123, 124, 125]",206,0.98779296875,2023,2048,1.4662969723386545,synthetic/pilot_v2_r2/train/001,00000,305134
1,"[0, 0, 0, 0, 0]",,"[0, 0, 0, 0, 0]",,0,0,0,91509,126,0,,0,0,0,,,0,0,,,0.01593631131678483,complete_windows,0,001_00,126,"[122, 123, 124, 125, 126]",206,0.97998046875,2007,2048,1.4715918117450362,synthetic/pilot_v2_r2/train/001,00000,306552
1,"[0, 0, 0, 0, 0]",,"[0, 0, 0, 0, 0]",,0,0,0,91039,127,0,,0,0,0,,,0,0,,,0.014599231153696915,complete_windows,0,001_00,127,"[123, 124, 125, 126, 127]",206,0.9775390625,2002,2048,1.4694025469474663,synthetic/pilot_v2_r2/train/001,00000,306474
1,"[0, 0, 0, 0, 0]",,"[0, 0, 0, 0, 0]",,0,0,0,90722,128,0,,0,0,0,,,0,0,,,0.013207518003018608,complete_windows,0,001_00,128,"[124, 125, 126, 127, 128]",206,0.98388671875,2015,2048,1.4825157881755666,synthetic/pilot_v2_r2/train/001,00000,304781
1,"[0, 0, 0, 0, 0]",,"[0, 0, 0, 0, 0]",,0,0,0,90866,129,0,,0,0,0,,,0,0,,,0.012117578436756723,complete_windows,0,001_00,129,"[125, 126, 127, 128, 129]",206,0.9873046875,2022,2048,1.4684432385412673,synthetic/pilot_v2_r2/train/001,00000,302340
1,"[0, 0, 0, 0, 0]",,"[0, 0, 0, 0, 0]",,0,0,0,91125,130,0,,0,0,0,,,0,0,,,0.011090757136313953,complete_windows,0,001_00,130,"[126, 127, 128, 129, 130]",206,0.986328125,2020,2048,1.4519207155996667,synthetic/pilot_v2_r2/train/001,00000,304651
1,"[0, 0, 0, 0, 0]",,"[0, 0, 0, 0, 0]",,0,0,0,91601,131,0,,0,0,0,,,0,0,,,0.009992462708087516,complete_windows,0,001_00,131,"[127, 128, 129, 130, 131]",206,0.9873046875,2022,2048,1.4517803566471494,synthetic/pilot_v2_r2/train/001,00000,304070
1,"[0, 0, 0, 0, 0]",,"[0, 0, 0, 0, 0]",,0,0,0,92223,132,0,,0,0,0,,,0,0,,,0.009204023611203599,complete_windows,0,001_00,132,"[128, 129, 130, 131, 132]",206,0.98681640625,2021,2048,1.43307551013025,synthetic/pilot_v2_r2/train/001,00000,305783
1,"[0, 0, 0, 0, 0]",,"[0, 0, 0, 0, 0]",,0,0,0,92761,133,0,,0,0,0,,,0,0,,,0.009524324006578056,complete_windows,0,001_00,133,"[129, 130, 131, 132, 133]",206,0.9833984375,2014,2048,1.4247533735694469,synthetic/pilot_v2_r2/train/001,00000,306870
1,"[0, 0, 0, 0, 0]",,"[0, 0, 0, 0, 0]",,0,0,0,93137,134,0,,0,0,0,,,0,0,,,0.009431099301316114,complete_windows,0,001_00,134,"[130, 131, 132, 133, 134]",206,0.98388671875,2015,2048,1.4367319191435604,synthetic/pilot_v2_r2/train/001,00000,305734
1,"[0, 0, 0, 0, 0]",,"[0, 0, 0, 0, 0]",,0,0,0,93630,135,0,,0,0,0,,,0,0,,,0.00966972361997325,complete_windows,0,001_00,135,"[131, 132, 133, 134, 135]",206,0.986328125,2020,2048,1.4330246568649414,synthetic/pilot_v2_r2/train/001,00000,308887
1,"[0, 0, 0, 0, 0]",,"[0, 0, 0, 0, 0]",,0,0,0,94036,136,0,,0,0,0,,,0,0,,,0.009429528730906332,complete_windows,0,001_00,136,"[132, 133, 134, 135, 136]",206,0.99072265625,2029,2048,1.4314337295221016,synthetic/pilot_v2_r2/train/001,00000,311557
1,"[0, 0, 0, 0, 0]",,"[0, 0, 0, 0, 0]",,0,0,0,94248,137,0,,0,0,0,,,0,0,,,0.009780692959624495,complete_windows,0,001_00,137,"[133, 134, 135, 136, 137]",206,0.99169921875,2031,2048,1.4325416479612463,synthetic/pilot_v2_r2/train/001,00000,312175
1,"[0, 0, 0, 0, 0]",,"[0, 0, 0, 0, 0]",,0,0,0,94769,138,0,,0,0,0,,,0,0,,,0.011030629569919528,complete_windows,0,001_00,138,"[134, 135, 136, 137, 138]",206,0.984375,2016,2048,1.4263812640506268,synthetic/pilot_v2_r2/train/001,00000,312498
1,"[0, 0, 0, 0, 0]",,"[0, 0, 0, 0, 0]",,0,0,0,95280,139,0,,0,0,0,,,0,0,,,0.011883459127332326,complete_windows,0,001_00,139,"[135, 136, 137, 138, 139]",206,0.98193359375,2011,2048,1.3995039077764793,synthetic/pilot_v2_r2/train/001,00000,314297
1,"[0, 0, 0, 0, 0]",,"[0, 0, 0, 0, 0]",,0,0,0,95649,140,0,,0,0,0,,,0,0,,,0.013304210603469846,complete_windows,0,001_00,140,"[136, 137, 138, 139, 140]",206,0.98828125,2024,2048,1.4119928534232433,synthetic/pilot_v2_r2/train/001,00000,313598
1,"[0, 0, 0, 0, 0]",,"[0, 0, 0, 0, 0]",,0,0,0,95855,141,0,,0,0,0,,,0,0,,,0.016853518823179803,complete_windows,0,001_00,141,"[137, 138, 139, 140, 141]",206,0.9873046875,2022,2048,1.3961186514188033,synthetic/pilot_v2_r2/train/001,00000,314333
1,"[0, 0, 0, 0, 0]",,"[0, 0, 0, 0, 0]",,0,0,0,95786,142,0,,0,0,0,,,0,0,,,0.017632462870071437,complete_windows,0,001_00,142,"[138, 139, 140, 141, 142]",206,0.98876953125,2025,2048,1.3801084482090953,synthetic/pilot_v2_r2/train/001,00000,313684
1,"[0, 0, 0, 0, 0]",,"[0, 0, 0, 0, 0]",,0,0,0,95943,143,0,,0,0,0,,,0,0,,,0.017137237883572874,complete_windows,0,001_00,143,"[139, 140, 141, 142, 143]",206,0.986328125,2020,2048,1.3770780283222535,synthetic/pilot_v2_r2/train/001,00000,315195
1,"[0, 0, 0, 0, 0]",,"[0, 0, 0, 0, 0]",,0,0,0,96049,144,0,,0,0,0,,,0,0,,,0.010453613896442126,complete_windows,0,001_00,144,"[140, 141, 142, 143, 144]",206,0.98193359375,2011,2048,1.35874162657935,synthetic/pilot_v2_r2/train/001,00000,314249
1,"[0, 0, 0, 0, 0]",,"[0, 0, 0, 0, 0]",,0,0,0,95791,145,0,,0,0,0,,,0,0,,,0.005202441828225512,complete_windows,0,001_00,145,"[141, 142, 143, 144, 145]",206,0.9873046875,2022,2048,1.3525349946923708,synthetic/pilot_v2_r2/train/001,00000,314331
1,"[0, 0, 0, 0, 0]",,"[0, 0, 0, 0, 0]",,0,0,0,95614,146,0,,0,0,0,,,0,0,,,0.005350486335695903,complete_windows,0,001_00,146,"[142, 143, 144, 145, 146]",206,0.98583984375,2019,2048,1.3488591376457981,synthetic/pilot_v2_r2/train/001,00000,311923
1,"[0, 0, 0, 0, 0]",,"[0, 0, 0, 0, 0]",,0,0,0,95307,147,0,,0,0,0,,,0,0,,,0.008755407283572434,complete_windows,0,001_00,147,"[143, 144, 145, 146, 147]",206,0.986328125,2020,2048,1.3556628514481717,synthetic/pilot_v2_r2/train/001,00000,314408
1,"[0, 0, 0, 0, 0]",,"[0, 0, 0, 0, 0]",,0,0,0,94779,148,0,,0,0,0,,,0,0,,,0.009862317499918921,complete_windows,0,001_00,148,"[144, 145, 146, 147, 148]",206,0.98388671875,2015,2048,1.3490294935303206,synthetic/pilot_v2_r2/train/001,00000,315826
1,"[0, 0, 0, 0, 0]",,"[0, 0, 0, 0, 0]",,0,0,0,94360,149,0,,0,0,0,,,0,0,,,0.010204760628247909,complete_windows,0,001_00,149,"[145, 146, 147, 148, 149]",206,0.98974609375,2027,2048,1.3378506260747922,synthetic/pilot_v2_r2/train/001,00000,313756
1,"[0, 0, 0, 0, 0]",,"[0, 0, 0, 0, 0]",,0,0,0,93984,150,0,,0,0,0,,,0,0,,,0.007624280538950229,complete_windows,0,001_00,150,"[146, 147, 148, 149, 150]",206,0.98681640625,2021,2048,1.325417456742087,synthetic/pilot_v2_r2/train/001,00000,312329
1,"[0, 0, 0, 0, 0]",,"[0, 0, 0, 0, 0]",,0,0,0,93425,151,0,,0,0,0,,,0,0,,,0.005590556986970922,complete_windows,0,001_00,151,"[147, 148, 149, 150, 151]",206,0.990234375,2028,2048,1.32293080606777,synthetic/pilot_v2_r2/train/001,00000,308750
1,"[0, 0, 0, 0, 0]",,"[0, 0, 0, 0, 0]",,0,0,0,92897,152,0,,0,0,0,,,0,0,,,0.004648658039411499,complete_windows,0,001_00,152,"[148, 149, 150, 151, 152]",206,0.98486328125,2017,2048,1.3159304211464213,synthetic/pilot_v2_r2/train/001,00000,306949
1,"[0, 0, 0, 0, 0]",,"[0, 0, 0, 0, 0]",,0,0,0,92215,153,0,,0,0,0,,,0,0,,,0.0038741487251580686,complete_windows,0,001_00,153,"[149, 150, 151, 152, 153]",206,0.98876953125,2025,2048,1.3121586964760534,synthetic/pilot_v2_r2/train/001,00000,306951
1,"[0, 0, 0, 0, 0]",,"[0, 0, 0, 0, 0]",,0,0,0,91525,154,0,,0,0,0,,,0,0,,,0.004775997618685624,complete_windows,0,001_00,154,"[150, 151, 152, 153, 154]",206,0.98486328125,2017,2048,1.3088648003668333,synthetic/pilot_v2_r2/train/001,00000,309133
1,"[0, 0, 0, 0, 0]",,"[0, 0, 0, 0, 0]",,0,0,0,90862,155,0,,0,0,0,,,0,0,,,0.00978604704325257,complete_windows,0,001_00,155,"[151, 152, 153, 154, 155]",206,0.98974609375,2027,2048,1.3039324899361104,synthetic/pilot_v2_r2/train/001,00000,308843
1,"[0, 0, 0, 0, 0]",,"[0, 0, 0, 0, 0]",,0,0,0,90421,156,0,,0,0,0,,,0,0,,,0.01309588390172509,complete_windows,0,001_00,156,"[152, 153, 154, 155, 156]",206,0.9921875,2032,2048,1.2936993889652215,synthetic/pilot_v2_r2/train/001,00000,309735
1,"[0, 0, 0, 0, 0]",,"[0, 0, 0, 0, 0]",,0,0,0,90312,157,0,,0,0,0,,,0,0,,,0.015377873301447402,complete_windows,0,001_00,157,"[153, 154, 155, 156, 157]",206,0.98583984375,2019,2048,1.2947884188680876,synthetic/pilot_v2_r2/train/001,00000,310876
1,"[0, 0, 0, 0, 0]",,"[0, 0, 0, 0, 0]",,0,0,0,90149,158,0,,0,0,0,,,0,0,,,0.014128500632504884,complete_windows,0,001_00,158,"[154, 155, 156, 157, 158]",206,0.98681640625,2021,2048,1.2618115225458435,synthetic/pilot_v2_r2/train/001,00000,309849
1,"[0, 0, 0, 0, 0]",,"[0, 0, 0, 0, 0]",,0,0,0,90045,159,0,,0,0,0,,,0,0,,,0.013259428256303479,complete_windows,0,001_00,159,"[155, 156, 157, 158, 159]",206,0.9853515625,2018,2048,1.225224058730557,synthetic/pilot_v2_r2/train/001,00000,309730
1,"[0, 0, 0, 0, 0]",,"[0, 0, 0, 0, 0]",,0,0,0,90302,160,0,,0,0,0,,,0,0,,,0.01588464123791401,complete_windows,0,001_00,160,"[156, 157, 158, 159, 160]",206,0.990234375,2028,2048,1.2087363059929803,synthetic/pilot_v2_r2/train/001,00000,308796
1,"[0, 0, 0, 0, 0]",,"[0, 0, 0, 0, 0]",,0,0,0,90278,161,0,,0,0,0,,,0,0,,,0.019582475670346114,complete_windows,0,001_00,161,"[157, 158, 159, 160, 161]",206,0.98779296875,2023,2048,1.178802663648591,synthetic/pilot_v2_r2/train/001,00000,307798
0,"[0, 0, 0, 0, 1]",0.0,"[0, 0, 0, 0, 1]",1.0,0,0,1,90686,162,0,0.0,0,0,0,0.0,1.0,0,1,0.0,0.0,0.02419454822851035,complete_windows,0,001_00,162,"[158, 159, 160, 161, 162]",206,0.9853515625,2018,2048,1.1652997138469754,synthetic/pilot_v2_r2/train/001,00001,309568
0,"[0, 0, 0, 1, 0]",,"[0, 0, 0, 1, 0]",,0,0,0,90950,163,1,1.0,0,0,1,,1.0,1,1,,,0.028614441018653437,complete_windows,0,001_00,163,"[159, 160, 161, 162, 163]",206,0.9853515625,2018,2048,1.1417337304560762,synthetic/pilot_v2_r2/train/001,00010,311740
0,"[0, 0, 1, 0, 0]",,"[0, 0, 1, 0, 0]",,0,0,0,91442,164,1,1.0,0,0,1,,1.0,1,1,,,0.030188649735181424,complete_windows,0,001_00,164,"[160, 161, 162, 163, 164]",206,0.984375,2016,2048,1.0874976159646632,synthetic/pilot_v2_r2/train/001,00100,314431
0,"[0, 1, 0, 0, 2]",0.0,"[0, 1, 0, 0, 2]",1.0,0,0,2,91877,165,1,0.3333333333333333,0,0,1,0.0,1.0,1,3,0.0,0.0,0.032556963882993006,complete_windows,0,001_00,165,"[161, 162, 163, 164, 165]",206,0.9921875,2032,2048,1.0363338583661867,synthetic/pilot_v2_r2/train/001,01001,316551
0,"[1, 0, 0, 2, 1]",0.0,"[1, 0, 0, 2, 1]",1.0,0,0,1,92278,166,3,0.75,0,0,2,0.0,1.0,3,4,0.0,0.0,0.03568469087290255,complete_windows,0,001_00,166,"[162, 163, 164, 165, 166]",206,0.984375,2016,2048,0.9870976838727311,synthetic/pilot_v2_r2/train/001,10011,316403
0,"[0, 0, 2, 1, 1]",0.0,"[0, 0, 2, 1, 1]",1.0,0,0,1,93129,167,3,0.75,0,0,2,0.0,1.0,3,4,0.0,0.0,0.038846153171183034,complete_windows,0,001_00,167,"[163, 164, 165, 166, 167]",206,0.98486328125,2017,2048,0.9583542636280369,synthetic/pilot_v2_r2/train/001,00111,317227
0,"[0, 2, 1, 1, 3]",0.0,"[0, 2, 1, 1, 3]",1.0,0,0,3,93883,168,4,0.5714285714285714,0,0,3,0.0,1.0,4,7,0.0,0.0,0.03974139077686892,complete_windows,0,001_00,168,"[164, 165, 166, 167, 168]",206,0.98486328125,2017,2048,0.9477520131841011,synthetic/pilot_v2_r2/train/001,01111,317193
0,"[2, 1, 1, 3, 1]",0.0,"[2, 1, 1, 3, 1]",1.0,0,0,1,94886,169,7,0.875,0,0,4,0.0,1.0,7,8,0.0,0.0,0.04131501794349031,complete_windows,0,001_00,169,"[165, 166, 167, 168, 169]",206,0.98583984375,2019,2048,0.9483073507481072,synthetic/pilot_v2_r2/train/001,11111,319332
0,"[1, 1, 3, 1, 2]",0.0,"[1, 1, 3, 1, 2]",1.0,0,0,2,95512,170,6,0.75,0,0,4,0.0,1.0,6,8,0.0,0.0,0.04370686312680479,complete_windows,0,001_00,170,"[166, 167, 168, 169, 170]",206,0.982421875,2012,2048,0.9586241145079568,synthetic/pilot_v2_r2/train/001,11111,325988
0,"[1, 3, 1, 2, 3]",0.004029643721878529,"[1, 3, 1, 2, 3]",1.0,0,0,3,96379,171,7,0.7,0,0,4,0.0,1.4285714285714286,4,7,0.0,0.0,0.04599434255254901,complete_windows,0,001_00,171,"[167, 168, 169, 170, 171]",206,0.97998046875,2007,2048,0.9293350585561796,synthetic/pilot_v2_r2/train/001,11111,329980
0,"[3, 1, 2, 3, 2]",0.0,"[3, 1, 2, 3, 2]",1.0,0,0,2,97342,172,9,0.8181818181818182,0,0,4,0.0,1.2222222222222223,7,9,0.0,0.0,0.05137072224909054,complete_windows,0,001_00,172,"[168, 169, 170, 171, 172]",206,0.9814453125,2010,2048,0.9243276346427312,synthetic/pilot_v2_r2/train/001,11111,335212
0,"[1, 2, 3, 2, 2]",0.0,"[1, 2, 3, 2, 2]",1.0,0,0,2,98380,173,8,0.8,0,0,4,0.0,1.4285714285714286,5,7,0.0,0.0,0.056744801095696566,complete_windows,0,001_00,173,"[169, 170, 171, 172, 173]",206,0.9775390625,2002,2048,0.8995100009918289,synthetic/pilot_v2_r2/train/001,11111,340921
0,"[2, 3, 2, 2, 2]",0.0,"[2, 3, 2, 2, 2]",1.0,0,0,2,99581,174,9,0.8181818181818182,0,0,4,0.0,1.1,8,10,0.0,0.0,0.051687258180781064,complete_windows,0,001_00,174,"[170, 171, 172, 173, 174]",206,0.97265625,1992,2048,0.8710687437136708,synthetic/pilot_v2_r2/train/001,11111,342015
0,"[3, 2, 2, 2, 0]",,"[3, 2, 2, 2, 0]",,0,0,0,100769,175,9,1.0,0,0,4,,1.0,9,9,,,0.04393610877502277,complete_windows,0,001_00,175,"[171, 172, 173, 174, 175]",206,0.9775390625,2002,2048,0.8812593393392998,synthetic/pilot_v2_r2/train/001,11110,349234
0,"[2, 2, 2, 0, 2]",0.0,"[2, 2, 2, 0, 2]",1.0,0,0,2,102277,176,6,0.75,0,0,3,0.0,1.0,6,8,0.0,0.0,0.044353092900151936,complete_windows,0,001_00,176,"[172, 173, 174, 175, 176]",206,0.96875,1984,2048,0.8591691102047269,synthetic/pilot_v2_r2/train/001,11101,352359
0,"[2, 2, 0, 2, 2]",0.0,"[2, 2, 0, 2, 2]",1.0,0,0,2,103359,177,6,0.75,0,0,3,0.0,1.1428571428571428,5,7,0.0,0.0,0.04767132045346772,complete_windows,0,001_00,177,"[173, 174, 175, 176, 177]",206,0.9833984375,2014,2048,0.8614292916376449,synthetic/pilot_v2_r2/train/001,11011,360260
0,"[2, 0, 2, 2, 3]",0.0,"[2, 0, 2, 2, 3]",1.0,0,0,3,104248,178,6,0.6666666666666666,0,0,3,0.0,1.125,5,8,0.0,0.0,0.04619761503651395,complete_windows,0,001_00,178,"[174, 175, 176, 177, 178]",206,0.9853515625,2018,2048,0.8396979793675845,synthetic/pilot_v2_r2/train/001,10111,365661
0,"[0, 2, 2, 3, 3]",0.0,"[0, 2, 2, 3, 3]",1.0,0,0,3,104743,179,7,0.7,0,0,3,0.0,1.0,7,10,0.0,0.0,0.04061567506109909,complete_windows,0,001_00,179,"[175, 176, 177, 178, 179]",206,0.9833984375,2014,2048,0.8012862077701803,synthetic/pilot_v2_r2/train/001,01111,365922
0,"[2, 2, 3, 3, 4]",0.0,"[2, 2, 3, 3, 4]",1.0,0,0,4,105257,180,10,0.7142857142857143,0,0,4,0.0,1.0,10,14,0.0,0.0,0.0341635801265787,complete_windows,0,001_00,180,"[176, 177, 178, 179, 180]",206,0.9833984375,2014,2048,0.7705600327795378,synthetic/pilot_v2_r2/train/001,11111,364739
0,"[2, 3, 3, 4, 3]",0.01041903905570507,"[2, 3, 3, 4, 3]",1.0,0,0,3,105797,181,12,0.8,0,0,4,0.0,1.1538461538461537,10,13,0.0,0.0,0.03279512639402517,complete_windows,0,001_00,181,"[177, 178, 179, 180, 181]",206,0.98828125,2024,2048,0.7192626275399896,synthetic/pilot_v2_r2/train/001,11111,359220
0,"[3, 3, 4, 3, 2]",0.0,"[3, 3, 4, 3, 2]",1.0,0,0,2,106224,182,13,0.8666666666666667,0,0,4,0.0,1.0714285714285714,12,14,0.0,0.0,0.03195911901227941,complete_windows,0,001_00,182,"[178, 179, 180, 181, 182]",206,0.9912109375,2030,2048,0.693793678760608,synthetic/pilot_v2_r2/train/001,11111,361416
0,"[3, 4, 3, 2, 1]",0.0,"[3, 4, 3, 2, 1]",1.0,0,0,1,106301,183,12,0.9230769230769231,0,0,4,0.0,1.1818181818181819,10,11,0.0,0.0,0.02885963393954036,complete_windows,0,001_00,183,"[179, 180, 181, 182, 183]",206,0.98974609375,2027,2048,0.6702216026756971,synthetic/pilot_v2_r2/train/001,11111,360108
0,"[4, 3, 2, 1, 1]",0.0,"[4, 3, 2, 1, 1]",1.0,0,0,1,106593,184,10,0.9090909090909091,0,0,4,0.0,1.0,10,11,0.0,0.0,0.02414174900236802,complete_windows,0,001_00,184,"[180, 181, 182, 183, 184]",206,0.990234375,2028,2048,0.6479473468222323,synthetic/pilot_v2_r2/train/001,11111,368178
0,"[3, 2, 1, 1, 1]",0.019500218331813812,"[3, 2, 1, 1, 1]",1.0,0,0,1,106732,185,7,0.875,0,0,4,0.0,1.1428571428571428,6,7,0.0,0.0,0.02467620180349152,complete_windows,0,001_00,185,"[181, 182, 183, 184, 185]",206,0.98388671875,2015,2048,0.633344932295068,synthetic/pilot_v2_r2/train/001,11111,369558
0,"[2, 1, 1, 1, 2]",0.0,"[2, 1, 1, 1, 2]",1.0,0,0,2,106954,186,5,0.7142857142857143,0,0,4,0.0,1.0,5,7,0.0,0.0,0.026691267356262146,complete_windows,0,001_00,186,"[182, 183, 184, 185, 186]",206,0.99169921875,2031,2048,0.6230313405938724,synthetic/pilot_v2_r2/train/001,11111,371198
0,"[1, 1, 1, 2, 2]",0.0,"[1, 1, 1, 2, 2]",1.0,0,0,2,107355,187,5,0.7142857142857143,0,0,4,0.0,1.0,5,7,0.0,0.0,0.02241975845957299,complete_windows,0,001_00,187,"[183, 184, 185, 186, 187]",206,0.98681640625,2021,2048,0.6134739405336608,synthetic/pilot_v2_r2/train/001,11111,377626
0,"[1, 1, 2, 2, 1]",0.0,"[1, 1, 2, 2, 1]",1.0,0,0,1,107437,188,6,0.8571428571428571,0,0,4,0.0,1.0,6,7,0.0,0.0,0.014716149571766509,complete_windows,0,001_00,188,"[184, 185, 186, 187, 188]",206,0.98583984375,2019,2048,0.6128287183117197,synthetic/pilot_v2_r2/train/001,11111,378407
0,"[1, 2, 2, 1, 2]",0.0,"[1, 2, 2, 1, 2]",1.0,0,0,2,107518,189,6,0.75,0,0,4,0.0,1.0,6,8,0.0,0.0,0.015645170580364194,complete_windows,0,001_00,189,"[185, 186, 187, 188, 189]",206,0.990234375,2028,2048,0.6066582159611945,synthetic/pilot_v2_r2/train/001,11111,374629
0,"[2, 2, 1, 2, 0]",,"[2, 2, 1, 2, 0]",,0,0,0,107505,190,7,1.0,0,0,4,,1.0,7,7,,,0.013197036266360953,complete_windows,0,001_00,190,"[186, 187, 188, 189, 190]",206,0.99072265625,2029,2048,0.6097626630252511,synthetic/pilot_v2_r2/train/001,11110,376581
0,"[2, 1, 2, 0, 0]",,"[2, 1, 2, 0, 0]",,0,0,0,107364,191,5,1.0,0,0,3,,1.0,5,5,,,0.017829958837530867,complete_windows,0,001_00,191,"[187, 188, 189, 190, 191]",206,0.9892578125,2026,2048,0.610163519911745,synthetic/pilot_v2_r2/train/001,11100,378194
0,"[1, 2, 0, 0, 0]",,"[1, 2, 0, 0, 0]",,0,0,0,107318,192,3,1.0,0,0,2,,1.0,3,3,,,0.029338745403634917,complete_windows,0,001_00,192,"[188, 189, 190, 191, 192]",206,0.98291015625,2013,2048,0.6019471694562021,synthetic/pilot_v2_r2/train/001,11000,372603
0,"[2, 0, 0, 0, 0]",,"[2, 0, 0, 0, 0]",,0,0,0,107649,193,2,1.0,0,0,1,,1.0,2,2,,,0.026611384176049115,complete_windows,0,001_00,193,"[189, 190, 191, 192, 193]",206,0.99169921875,2031,2048,0.6021946352303983,synthetic/pilot_v2_r2/train/001,10000,374801
1,"[0, 0, 0, 0, 0]",,"[0, 0, 0, 0, 0]",,0,0,0,107459,194,0,,0,0,0,,,0,0,,,0.008772245937460097,complete_windows,0,001_00,194,"[190, 191, 192, 193, 194]",206,0.98583984375,2019,2048,0.5954002221720693,synthetic/pilot_v2_r2/train/001,00000,379209
1,"[0, 0, 0, 0, 0]",,"[0, 0, 0, 0, 0]",,0,0,0,107244,195,0,,0,0,0,,,0,0,,,0.018572293578044765,complete_windows,0,001_00,195,"[191, 192, 193, 194, 195]",206,0.9853515625,2018,2048,0.580847177309576,synthetic/pilot_v2_r2/train/001,00000,374523
1,"[0, 0, 0, 0, 0]",,"[0, 0, 0, 0, 0]",,0,0,0,106959,196,0,,0,0,0,,,0,0,,,0.025675430567276638,complete_windows,0,001_00,196,"[192, 193, 194, 195, 196]",206,0.98779296875,2023,2048,0.5720416492078985,synthetic/pilot_v2_r2/train/001,00000,366944
1,"[0, 0, 0, 0, 0]",,"[0, 0, 0, 0, 0]",,0,0,0,107020,197,0,,0,0,0,,,0,0,,,0.0166080008834546,complete_windows,0,001_00,197,"[193, 194, 195, 196, 197]",206,0.98974609375,2027,2048,0.5638414479997312,synthetic/pilot_v2_r2/train/001,00000,370055
1,"[0, 0, 0, 0, 0]",,"[0, 0, 0, 0, 0]",,0,0,0,107149,198,0,,0,0,0,,,0,0,,,0.005621395977564787,complete_windows,0,001_00,198,"[194, 195, 196, 197, 198]",206,0.990234375,2028,2048,0.5725427366684774,synthetic/pilot_v2_r2/train/001,00000,366119
1,"[0, 0, 0, 0, 0]",,"[0, 0, 0, 0, 0]",,0,0,0,107084,199,0,,0,0,0,,,0,0,,,0.01533624339116506,complete_windows,0,001_00,199,"[195, 196, 197, 198, 199]",206,0.99072265625,2029,2048,0.585347721063509,synthetic/pilot_v2_r2/train/001,00000,359021
1,"[0, 0, 0, 0, 0]",,"[0, 0, 0, 0, 0]",,0,0,0,106947,200,0,,0,0,0,,,0,0,,,0.015162480965745396,complete_windows,0,001_00,200,"[196, 197, 198, 199, 200]",206,0.990234375,2028,2048,0.5836041005533739,synthetic/pilot_v2_r2/train/001,00000,355375
1,"[0, 0, 0, 0, 0]",,"[0, 0, 0, 0, 0]",,0,0,0,106683,201,0,,0,0,0,,,0,0,,,0.009516364513854538,complete_windows,0,001_00,201,"[197, 198, 199, 200, 201]",206,0.98876953125,2025,2048,0.601905147699086,synthetic/pilot_v2_r2/train/001,00000,356999
1,"[0, 0, 0, 0, 0]",,"[0, 0, 0, 0, 0]",,0,0,0,106292,202,0,,0,0,0,,,0,0,,,0.012779698716970945,complete_windows,0,001_00,202,"[198, 199, 200, 201, 202]",206,0.9892578125,2026,2048,0.5955420339586456,synthetic/pilot_v2_r2/train/001,00000,351877
1,"[0, 0, 0, 0, 0]",,"[0, 0, 0, 0, 0]",,0,0,0,105995,203,0,,0,0,0,,,0,0,,,0.014689789411983414,complete_windows,0,001_00,203,"[199, 200, 201, 202, 203]",206,0.9873046875,2022,2048,0.5971349964881765,synthetic/pilot_v2_r2/train/001,00000,353671
1,"[0, 0, 0, 0, 0]",,"[0, 0, 0, 0, 0]",,0,0,0,106003,204,0,,0,0,0,,,0,0,,,0.01603111858470819,complete_windows,0,001_00,204,"[200, 201, 202, 203, 204]",206,0.984375,2016,2048,0.6148883229855112,synthetic/pilot_v2_r2/train/001,00000,355077
1,"[0, 0, 0, 0, 0]",,"[0, 0, 0, 0, 0]",,0,0,0,105602,205,0,,0,0,0,,,0,0,,,0.021064922311676067,complete_windows,0,001_00,205,"[201, 202, 203, 204, 205]",206,0.98681640625,2021,2048,0.6281087370443754,synthetic/pilot_v2_r2/train/001,00000,351898
1,"[0, 0, 0, 0, 0]",,"[0, 0, 0, 0, 0]",,0,0,0,105636,206,0,,0,0,0,,,0,0,,,0.022483395893225955,complete_windows,0,001_00,206,"[202, 203, 204, 205, 206]",206,0.98974609375,2027,2048,0.6567695813176747,synthetic/pilot_v2_r2/train/001,00000,351157
1,"[0, 0, 0, 0, 0]",,"[0, 0, 0, 0, 0]",,0,0,0,105151,207,0,,0,0,0,,,0,0,,,0.023950665662802875,complete_windows,0,001_00,207,"[203, 204, 205, 206, 207]",206,0.99072265625,2029,2048,0.6769944356345333,synthetic/pilot_v2_r2/train/001,00000,347258
1,"[0, 0, 0, 0, 0]",,"[0, 0, 0, 0, 0]",,0,0,0,104634,208,0,,0,0,0,,,0,0,,,0.029153105995706616,complete_windows,0,001_00,208,"[204, 205, 206, 207, 208]",206,0.986328125,2020,2048,0.7089539319018389,synthetic/pilot_v2_r2/train/001,00000,343402
1,"[0, 0, 0, 0, 0]",,"[0, 0, 0, 0, 0]",,0,0,0,104256,209,0,,0,0,0,,,0,0,,,0.033773747166794515,complete_windows,0,001_00,209,"[205, 206, 207, 208, 209]",206,0.984375,2016,2048,0.7309678067900954,synthetic/pilot_v2_r2/train/001,00000,339499
1,"[0, 0, 0, 0, 0]",,"[0, 0, 0, 0, 0]",,0,0,0,104128,210,0,,0,0,0,,,0,0,,,0.03423503385501134,complete_windows,0,001_00,210,"[206, 207, 208, 209, 210]",206,0.9921875,2032,2048,0.7414598891834032,synthetic/pilot_v2_r2/train/001,00000,337781
1,"[0, 0, 0, 0, 0]",,"[0, 0, 0, 0, 0]",,0,0,0,103715,211,0,,0,0,0,,,0,0,,,0.03222473618254729,complete_windows,0,001_00,211,"[207, 208, 209, 210, 211]",206,0.9921875,2032,2048,0.7601726799827874,synthetic/pilot_v2_r2/train/001,00000,343325
1,"[0, 0, 0, 0, 0]",,"[0, 0, 0, 0, 0]",,0,0,0,103323,212,0,,0,0,0,,,0,0,,,0.030740286992438547,complete_windows,0,001_00,212,"[208, 209, 210, 211, 212]",206,0.994140625,2036,2048,0.797918506475757,synthetic/pilot_v2_r2/train/001,00000,341391
1,"[0, 0, 0, 0, 0]",,"[0, 0, 0, 0, 0]",,0,0,0,102602,213,0,,0,0,0,,,0,0,,,0.03238683620816942,complete_windows,0,001_00,213,"[209, 210, 211, 212, 213]",206,0.990234375,2028,2048,0.8272746988469634,synthetic/pilot_v2_r2/train/001,00000,333285
1,"[0, 0, 0, 0, 0]",,"[0, 0, 0, 0, 0]",,0,0,0,102233,214,0,,0,0,0,,,0,0,,,0.03296461841836975,complete_windows,0,001_00,214,"[210, 211, 212, 213, 214]",206,0.9892578125,2026,2048,0.8527311469250569,synthetic/pilot_v2_r2/train/001,00000,326090
1,"[0, 0, 0, 0, 0]",,"[0, 0, 0, 0, 0]",,0,0,0,101456,215,0,,0,0,0,,,0,0,,,0.032009610178446,complete_windows,0,001_00,215,"[211, 212, 213, 214, 215]",206,0.9873046875,2022,2048,0.8874944739282555,synthetic/pilot_v2_r2/train/001,00000,321443
1,"[0, 0, 0, 0, 0]",,"[0, 0, 0, 0, 0]",,0,0,0,100537,216,0,,0,0,0,,,0,0,,,0.032374483598082496,complete_windows,0,001_00,216,"[212, 213, 214, 215, 216]",206,0.990234375,2028,2048,0.8957130206084559,synthetic/pilot_v2_r2/train/001,00000,318591
1,"[0, 0, 0, 0, 0]",,"[0, 0, 0, 0, 0]",,0,0,0,99419,217,0,,0,0,0,,,0,0,,,0.03164409812188922,complete_windows,0,001_00,217,"[213, 214, 215, 216, 217]",206,0.984375,2016,2048,0.9190842825324014,synthetic/pilot_v2_r2/train/001,00000,321996
1,"[0, 0, 0, 0, 0]",,"[0, 0, 0, 0, 0]",,0,0,0,98152,218,0,,0,0,0,,,0,0,,,0.03194822255156579,complete_windows,0,001_00,218,"[214, 215, 216, 217, 218]",206,0.98779296875,2023,2048,0.9337030429833832,synthetic/pilot_v2_r2/train/001,00000,324108
1,"[0, 0, 0, 0, 0]",,"[0, 0, 0, 0, 0]",,0,0,0,96855,219,0,,0,0,0,,,0,0,,,0.03278888211974575,complete_windows,0,001_00,219,"[215, 216, 217, 218, 219]",206,0.99267578125,2033,2048,0.9712269454114666,synthetic/pilot_v2_r2/train/001,00000,320795
1,"[0, 0, 0, 0, 0]",,"[0, 0, 0, 0, 0]",,0,0,0,95601,220,0,,0,0,0,,,0,0,,,0.03336899025810447,complete_windows,0,001_00,220,"[216, 217, 218, 219, 220]",206,0.9931640625,2034,2048,0.9972853531691303,synthetic/pilot_v2_r2/train/001,00000,314785
1,"[0, 0, 0, 0, 0]",,"[0, 0, 0, 0, 0]",,0,0,0,94260,221,0,,0,0,0,,,0,0,,,0.03189998018966394,complete_windows,0,001_00,221,"[217, 218, 219, 220, 221]",206,0.99267578125,2033,2048,1.0277707398295697,synthetic/pilot_v2_r2/train/001,00000,302264
1,"[0, 0, 0, 0, 0]",,"[0, 0, 0, 0, 0]",,0,0,0,92256,222,0,,0,0,0,,,0,0,,,0.028432596140170734,complete_windows,0,001_00,222,"[218, 219, 220, 221, 222]",206,0.9931640625,2034,2048,1.0569604011360527,synthetic/pilot_v2_r2/train/001,00000,298237
1,"[0, 0, 0, 0, 0]",,"[0, 0, 0, 0, 0]",,0,0,0,90354,223,0,,0,0,0,,,0,0,,,0.02872195249819482,complete_windows,0,001_00,223,"[219, 220, 221, 222, 223]",206,0.98974609375,2027,2048,1.0876163127896747,synthetic/pilot_v2_r2/train/001,00000,291274
1,"[0, 0, 0, 0, 0]",,"[0, 0, 0, 0, 0]",,0,0,0,87946,224,0,,0,0,0,,,0,0,,,0.02958333197584879,complete_windows,0,001_00,224,"[220, 221, 222, 223, 224]",206,0.984375,2016,2048,1.1184614730928182,synthetic/pilot_v2_r2/train/001,00000,281519
1,"[0, 0, 0, 0, 0]",,"[0, 0, 0, 0, 0]",,0,0,0,85146,225,0,,0,0,0,,,0,0,,,0.029144908337712792,complete_windows,0,001_00,225,"[221, 222, 223, 224, 225]",206,0.994140625,2036,2048,1.1362439840890755,synthetic/pilot_v2_r2/train/001,00000,276207
1,"[0, 0, 0, 0, 0]",,"[0, 0, 0, 0, 0]",,0,0,0,82764,226,0,,0,0,0,,,0,0,,,0.028279204541867487,complete_windows,0,001_00,226,"[222, 223, 224, 225, 226]",206,0.9892578125,2026,2048,1.1941795403093782,synthetic/pilot_v2_r2/train/001,00000,264334
1,"[0, 0, 0, 0, 0]",,"[0, 0, 0, 0, 0]",,0,0,0,80425,227,0,,0,0,0,,,0,0,,,0.0279233874817287,complete_windows,0,001_00,227,"[223, 224, 225, 226, 227]",206,0.9921875,2032,2048,1.1790023858040255,synthetic/pilot_v2_r2/train/001,00000,263505
1,"[0, 0, 0, 0, 0]",,"[0, 0, 0, 0, 0]",,0,0,0,78339,228,0,,0,0,0,,,0,0,,,0.03036200517270331,complete_windows,0,001_00,228,"[224, 225, 226, 227, 228]",206,0.9912109375,2030,2048,1.2058180424836458,synthetic/pilot_v2_r2/train/001,00000,259307
0,"[0, 0, 0, 0, 1]",0.0,"[0, 0, 0, 0, 1]",1.0,0,0,1,76879,229,0,0.0,0,0,0,0.0,1.0,0,1,0.0,0.0,0.031214493774896206,complete_windows,0,001_00,229,"[225, 226, 227, 228, 229]",206,0.984375,2016,2048,1.2416134735190951,synthetic/pilot_v2_r2/train/001,00001,246580
0,"[0, 0, 0, 1, 0]",,"[0, 0, 0, 1, 0]",,0,0,0,75711,230,1,1.0,0,0,1,,1.0,1,1,,,0.029582467081663382,complete_windows,0,001_00,230,"[226, 227, 228, 229, 230]",206,0.982421875,2012,2048,1.239079011216906,synthetic/pilot_v2_r2/train/001,00010,246866
0,"[0, 0, 1, 0, 0]",,"[0, 0, 1, 0, 0]",,0,0,0,74837,231,1,1.0,0,0,1,,1.0,1,1,,,0.028097792005237023,complete_windows,0,001_00,231,"[227, 228, 229, 230, 231]",206,0.9833984375,2014,2048,1.2907929615341651,synthetic/pilot_v2_r2/train/001,00100,236133
0,"[0, 1, 0, 0, 0]",,"[0, 1, 0, 0, 0]",,0,0,0,74515,232,1,1.0,0,0,1,,1.0,1,1,,,0.027294873333721936,complete_windows,0,001_00,232,"[228, 229, 230, 231, 232]",206,0.98046875,2008,2048,1.3104109985028336,synthetic/pilot_v2_r2/train/001,01000,231509
0,"[1, 0, 0, 0, 0]",,"[1, 0, 0, 0, 0]",,0,0,0,74561,233,1,1.0,0,0,1,,1.0,1,1,,,0.02615807991314817,complete_windows,0,001_00,233,"[229, 230, 231, 232, 233]",206,0.97998046875,2007,2048,1.322782059701654,synthetic/pilot_v2_r2/train/001,10000,225854
1,"[0, 0, 0, 0, 0]",,"[0, 0, 0, 0, 0]",,0,0,0,74615,234,0,,0,0,0,,,0,0,,,0.023422025751969056,complete_windows,0,001_00,234,"[230, 231, 232, 233, 234]",206,0.98095703125,2009,2048,1.3324372254598655,synthetic/pilot_v2_r2/train/001,00000,223294
1,"[0, 0, 0, 0, 0]",,"[0, 0, 0, 0, 0]",,0,0,0,75082,235,0,,0,0,0,,,0,0,,,0.024718892499396024,complete_windows,0,001_00,235,"[231, 232, 233, 234, 235]",206,0.97216796875,1991,2048,1.3383262790864388,synthetic/pilot_v2_r2/train/001,00000,221271
1,"[0, 0, 0, 0, 0]",,"[0, 0, 0, 0, 0]",,0,0,0,75808,236,0,,0,0,0,,,0,0,,,0.025361192733457938,complete_windows,0,001_00,236,"[232, 233, 234, 235, 236]",206,0.982421875,2012,2048,1.3299414908374343,synthetic/pilot_v2_r2/train/001,00000,223204
1,"[0, 0, 0, 0, 0]",,"[0, 0, 0, 0, 0]",,0,0,0,76214,237,0,,0,0,0,,,0,0,,,0.02033683204428852,complete_windows,0,001_00,237,"[233, 234, 235, 236, 237]",206,0.98046875,2008,2048,1.349672262216748,synthetic/pilot_v2_r2/train/001,00000,225148
1,"[0, 0, 0, 0, 0]",,"[0, 0, 0, 0, 0]",,0,0,0,76824,238,0,,0,0,0,,,0,0,,,0.018664418901075102,complete_windows,0,001_00,238,"[234, 235, 236, 237, 238]",206,0.9765625,2000,2048,1.3807848286003848,synthetic/pilot_v2_r2/train/001,00000,221045
1,"[0, 0, 0, 0, 0]",,"[0, 0, 0, 0, 0]",,0,0,0,77334,239,0,,0,0,0,,,0,0,,,0.018386079872154463,complete_windows,0,001_00,239,"[235, 236, 237, 238, 239]",206,0.98876953125,2025,2048,1.3830507686026583,synthetic/pilot_v2_r2/train/001,00000,215352
1,"[0, 0, 0, 0, 0]",,"[0, 0, 0, 0, 0]",,0,0,0,77752,240,0,,0,0,0,,,0,0,,,0.01880181637481512,complete_windows,0,001_00,240,"[236, 237, 238, 239, 240]",206,0.9892578125,2026,2048,1.4164991031913532,synthetic/pilot_v2_r2/train/001,00000,221384
1,"[0, 0, 0, 0, 0]",,"[0, 0, 0, 0, 0]",,0,0,0,77942,241,0,,0,0,0,,,0,0,,,0.01703458614452876,complete_windows,0,001_00,241,"[237, 238, 239, 240, 241]",206,0.9931640625,2034,2048,1.421894663477245,synthetic/pilot_v2_r2/train/001,00000,219903
1,"[0, 0, 0, 0, 0]",,"[0, 0, 0, 0, 0]",,0,0,0,77976,242,0,,0,0,0,,,0,0,,,0.013717097872851126,complete_windows,0,001_00,242,"[238, 239, 240, 241, 242]",206,0.9951171875,2038,2048,1.4179048933438385,synthetic/pilot_v2_r2/train/001,00000,222099
1,"[0, 0, 0, 0, 0]",,"[0, 0, 0, 0, 0]",,0,0,0,77818,243,0,,0,0,0,,,0,0,,,0.012266424761371412,complete_windows,0,001_00,243,"[239, 240, 241, 242, 243]",206,0.99267578125,2033,2048,1.4486056104797032,synthetic/pilot_v2_r2/train/001,00000,220371
1,"[0, 0, 0, 0, 0]",,"[0, 0, 0, 0, 0]",,0,0,0,77464,244,0,,0,0,0,,,0,0,,,0.014649490339272674,complete_windows,0,001_00,244,"[240, 241, 242, 243, 244]",206,0.99462890625,2037,2048,1.4648074914620663,synthetic/pilot_v2_r2/train/001,00000,217376
1,"[0, 0, 0, 0, 0]",,"[0, 0, 0, 0, 0]",,0,0,0,76744,245,0,,0,0,0,,,0,0,,,0.018513531736609346,complete_windows,0,001_00,245,"[241, 242, 243, 244, 245]",206,0.99609375,2040,2048,1.4736096902350935,synthetic/pilot_v2_r2/train/001,00000,214361
1,"[0, 0, 0, 0, 0]",,"[0, 0, 0, 0, 0]",,0,0,0,75949,246,0,,0,0,0,,,0,0,,,0.018287128666108,complete_windows,0,001_00,246,"[242, 243, 244, 245, 246]",206,0.9921875,2032,2048,1.4878670848075208,synthetic/pilot_v2_r2/train/001,00000,210798
1,"[0, 0, 0, 0, 0]",,"[0, 0, 0, 0, 0]",,0,0,0,75137,247,0,,0,0,0,,,0,0,,,0.018007250365973802,complete_windows,0,001_00,247,"[243, 244, 245, 246, 247]",206,0.98876953125,2025,2048,1.4809958929274267,synthetic/pilot_v2_r2/train/001,00000,207146
1,"[0, 0, 0, 0, 0]",,"[0, 0, 0, 0, 0]",,0,0,0,74363,248,0,,0,0,0,,,0,0,,,0.010856401974892911,complete_windows,0,001_00,248,"[244, 245, 246, 247, 248]",206,0.9931640625,2034,2048,1.4657880790755298,synthetic/pilot_v2_r2/train/001,00000,206385
1,"[0, 0, 0, 0, 0]",,"[0, 0, 0, 0, 0]",,0,0,0,73054,249,0,,0,0,0,,,0,0,,,0.00784344596077318,complete_windows,0,001_00,249,"[245, 246, 247, 248, 249]",206,0.98828125,2024,2048,1.4472595134001862,synthetic/pilot_v2_r2/train/001,00000,207797
1,"[0, 0, 0, 0, 0]",,"[0, 0, 0, 0, 0]",,0,0,0,72159,250,0,,0,0,0,,,0,0,,,0.008258634847043958,complete_windows,0,001_00,250,"[246, 247, 248, 249, 250]",206,0.98583984375,2019,2048,1.4299383004757582,synthetic/pilot_v2_r2/train/001,00000,205307
1,"[0, 0, 0, 0, 0]",,"[0, 0, 0, 0, 0]",,0,0,0,71267,251,0,,0,0,0,,,0,0,,,0.009457181945960853,complete_windows,0,001_00,251,"[247, 248, 249, 250, 251]",206,0.99072265625,2029,2048,1.4241496289854907,synthetic/pilot_v2_r2/train/001,00000,210656
1,"[0, 0, 0, 0, 0]",,"[0, 0, 0, 0, 0]",,0,0,0,70802,252,0,,0,0,0,,,0,0,,,0.009995956250386007,complete_windows,0,001_00,252,"[248, 249, 250, 251, 252]",206,0.99169921875,2031,2048,1.3925292747239473,synthetic/pilot_v2_r2/train/001,00000,213406
1,"[0, 0, 0, 0, 0]",,"[0, 0, 0, 0, 0]",,0,0,0,70102,253,0,,0,0,0,,,0,0,,,0.012440726092116595,complete_windows,0,001_00,253,"[249, 250, 251, 252, 253]",206,0.98681640625,2021,2048,1.3949248595963613,synthetic/pilot_v2_r2/train/001,00000,213913
1,"[0, 0, 0, 0, 0]",,"[0, 0, 0, 0, 0]",,0,0,0,69845,254,0,,0,0,0,,,0,0,,,0.012869359086422482,complete_windows,0,001_00,254,"[250, 251, 252, 253, 254]",206,0.98828125,2024,2048,1.395690712588772,synthetic/pilot_v2_r2/train/001,00000,211695
1,"[0, 0, 0, 0, 0]",,"[0, 0, 0, 0, 0]",,0,0,0,69980,255,0,,0,0,0,,,0,0,,,0.011757316145997489,complete_windows,0,001_00,255,"[251, 252, 253, 254, 255]",206,0.9873046875,2022,2048,1.3703920802222453,synthetic/pilot_v2_r2/train/001,00000,208036
1,"[0, 0, 0, 0, 0]",,"[0, 0, 0, 0, 0]",,0,0,0,70656,256,0,,0,0,0,,,0,0,,,0.012452069418464568,complete_windows,0,001_00,256,"[252, 253, 254, 255, 256]",206,0.984375,2016,2048,1.3774523439430366,synthetic/pilot_v2_r2/train/001,00000,212237
1,"[0, 0, 0, 0, 0]",,"[0, 0, 0, 0, 0]",,0,0,0,71460,257,0,,0,0,0,,,0,0,,,0.01798301668147419,complete_windows,0,001_00,257,"[253, 254, 255, 256, 257]",206,0.98193359375,2011,2048,1.3658042974089992,synthetic/pilot_v2_r2/train/001,00000,210842
1,"[0, 0, 0, 0, 0]",,"[0, 0, 0, 0, 0]",,0,0,0,72748,258,0,,0,0,0,,,0,0,,,0.018973510205812748,complete_windows,0,001_00,258,"[254, 255, 256, 257, 258]",206,0.9775390625,2002,2048,1.3341328973622266,synthetic/pilot_v2_r2/train/001,00000,215314
1,"[0, 0, 0, 0, 0]",,"[0, 0, 0, 0, 0]",,0,0,0,74489,259,0,,0,0,0,,,0,0,,,0.01779313172813013,complete_windows,0,001_00,259,"[255, 256, 257, 258, 259]",206,0.98095703125,2009,2048,1.3427393592724137,synthetic/pilot_v2_r2/train/001,00000,218563
1,"[0, 0, 0, 0, 0]",,"[0, 0, 0, 0, 0]",,0,0,0,76246,260,0,,0,0,0,,,0,0,,,0.017022266636128897,complete_windows,0,001_00,260,"[256, 257, 258, 259, 260]",206,0.97802734375,2003,2048,1.3288470915664221,synthetic/pilot_v2_r2/train/001,00000,224778
1,"[0, 0, 0, 0, 0]",,"[0, 0, 0, 0, 0]",,0,0,0,78285,261,0,,0,0,0,,,0,0,,,0.017473427658448414,complete_windows,0,001_00,261,"[257, 258, 259, 260, 261]",206,0.9765625,2000,2048,1.3110111775722821,synthetic/pilot_v2_r2/train/001,00000,231492
1,"[0, 0, 0, 0, 0]",,"[0, 0, 0, 0, 0]",,0,0,0,80986,262,0,,0,0,0,,,0,0,,,0.018548371891233154,complete_windows,0,001_00,262,"[258, 259, 260, 261, 262]",206,0.9755859375,1998,2048,1.3265892396962013,synthetic/pilot_v2_r2/train/001,00000,242404
1,"[0, 0, 0, 0, 0]",,"[0, 0, 0, 0, 0]",,0,0,0,84018,263,0,,0,0,0,,,0,0,,,0.01912823734168658,complete_windows,0,001_00,263,"[259, 260, 261, 262, 263]",206,0.97021484375,1987,2048,1.3056465218853677,synthetic/pilot_v2_r2/train/001,00000,250590
1,"[0, 0, 0, 0, 0]",,"[0, 0, 0, 0, 0]",,0,0,0,87206,264,0,,0,0,0,,,0,0,,,0.019853309279094872,complete_windows,0,001_00,264,"[260, 261, 262, 263, 264]",206,0.96826171875,1983,2048,1.300230569384096,synthetic/pilot_v2_r2/train/001,00000,261508
1,"[0, 0, 0, 0, 0]",,"[0, 0, 0, 0, 0]",,0,0,0,90463,265,0,,0,0,0,,,0,0,,,0.02138235925108123,complete_windows,0,001_00,265,"[261, 262, 263, 264, 265]",206,0.962890625,1972,2048,1.2945402055530026,synthetic/pilot_v2_r2/train/001,00000,277051
1,"[0, 0, 0, 0, 0]",,"[0, 0, 0, 0, 0]",,0,0,0,93728,266,0,,0,0,0,,,0,0,,,0.025454295602437064,complete_windows,0,001_00,266,"[262, 263, 264, 265, 266]",206,0.9638671875,1974,2048,1.2761472053040466,synthetic/pilot_v2_r2/train/001,00000,288260
1,"[0, 0, 0, 0, 0]",,"[0, 0, 0, 0, 0]",,0,0,0,96470,267,0,,0,0,0,,,0,0,,,0.027552464685566526,complete_windows,0,001_00,267,"[263, 264, 265, 266, 267]",206,0.97021484375,1987,2048,1.268828511214552,synthetic/pilot_v2_r2/train/001,00000,301641
1,"[0, 0, 0, 0, 0]",,"[0, 0, 0, 0, 0]",,0,0,0,98452,268,0,,0,0,0,,,0,0,,,0.026565350294847405,complete_windows,0,001_00,268,"[264, 265, 266, 267, 268]",206,0.974609375,1996,2048,1.280176779204354,synthetic/pilot_v2_r2/train/001,00000,314785
1,"[0, 0, 0, 0, 0]",,"[0, 0, 0, 0, 0]",,0,0,0,100155,269,0,,0,0,0,,,0,0,,,0.02283001706221776,complete_windows,0,001_00,269,"[265, 266, 267, 268, 269]",206,0.97509765625,1997,2048,1.28323426734032,synthetic/pilot_v2_r2/train/001,00000,326185
1,"[0, 0, 0, 0, 0]",,"[0, 0, 0, 0, 0]",,0,0,0,101448,270,0,,0,0,0,,,0,0,,,0.02182035358366655,complete_windows,0,001_00,270,"[266, 267, 268, 269, 270]",206,0.98046875,2008,2048,1.2774865898612005,synthetic/pilot_v2_r2/train/001,00000,330233
1,"[0, 0, 0, 0, 0]",,"[0, 0, 0, 0, 0]",,0,0,0,102613,271,0,,0,0,0,,,0,0,,,0.021160777105034792,complete_windows,0,001_00,271,"[267, 268, 269, 270, 271]",206,0.97314453125,1993,2048,1.2635781587029695,synthetic/pilot_v2_r2/train/001,00000,335978
1,"[0, 0, 0, 0, 0]",,"[0, 0, 0, 0, 0]",,0,0,0,103298,272,0,,0,0,0,,,0,0,,,0.021711928352359418,complete_windows,0,001_00,272,"[268, 269, 270, 271, 272]",206,0.98046875,2008,2048,1.2562301235786275,synthetic/pilot_v2_r2/train/001,00000,341053
1,"[0, 0, 0, 0, 0]",,"[0, 0, 0, 0, 0]",,0,0,0,103767,273,0,,0,0,0,,,0,0,,,0.024251900042206644,complete_windows,0,001_00,273,"[269, 270, 271, 272, 273]",206,0.98193359375,2011,2048,1.233206420724831,synthetic/pilot_v2_r2/train/001,00000,344868
1,"[0, 0, 0, 0, 0]",,"[0, 0, 0, 0, 0]",,0,0,0,104166,274,0,,0,0,0,,,0,0,,,0.021109234548532464,complete_windows,0,001_00,274,"[270, 271, 272, 273, 274]",206,0.9892578125,2026,2048,1.2473315653418673,synthetic/pilot_v2_r2/train/001,00000,343484
1,"[0, 0, 0, 0, 0]",,"[0, 0, 0, 0, 0]",,0,0,0,104285,275,0,,0,0,0,,,0,0,,,0.018385793314961235,complete_windows,0,001_00,275,"[271, 272, 273, 274, 275]",206,0.98193359375,2011,2048,1.2604461503095445,synthetic/pilot_v2_r2/train/001,00000,347027
1,"[0, 0, 0, 0, 0]",,"[0, 0, 0, 0, 0]",,0,0,0,104365,276,0,,0,0,0,,,0,0,,,0.017909870083462436,complete_windows,0,001_00,276,"[272, 273, 274, 275, 276]",206,0.98876953125,2025,2048,1.24214347972825,synthetic/pilot_v2_r2/train/001,00000,346409
1,"[0, 0, 0, 0, 0]",,"[0, 0, 0, 0, 0]",,0,0,0,104538,277,0,,0,0,0,,,0,0,,,0.0192066003760577,complete_windows,0,001_00,277,"[273, 274, 275, 276, 277]",206,0.98291015625,2013,2048,1.24197419955604,synthetic/pilot_v2_r2/train/001,00000,344719
1,"[0, 0, 0, 0, 0]",,"[0, 0, 0, 0, 0]",,0,0,0,104488,278,0,,0,0,0,,,0,0,,,0.016821278892655743,complete_windows,0,001_00,278,"[274, 275, 276, 277, 278]",206,0.9921875,2032,2048,1.2085224868994846,synthetic/pilot_v2_r2/train/001,00000,345631
1,"[0, 0, 0, 0, 0]",,"[0, 0, 0, 0, 0]",,0,0,0,104394,279,0,,0,0,0,,,0,0,,,0.01353700737075183,complete_windows,0,001_00,279,"[275, 276, 277, 278, 279]",206,0.99072265625,2029,2048,1.194927754177542,synthetic/pilot_v2_r2/train/001,00000,347743
1,"[0, 0, 0, 0, 0]",,"[0, 0, 0, 0, 0]",,0,0,0,104417,280,0,,0,0,0,,,0,0,,,0.011894120277803162,complete_windows,0,001_00,280,"[276, 277, 278, 279, 280]",206,0.986328125,2020,2048,1.1751544203392066,synthetic/pilot_v2_r2/train/001,00000,346109
1,"[0, 0, 0, 0, 0]",,"[0, 0, 0, 0, 0]",,0,0,0,104297,281,0,,0,0,0,,,0,0,,,0.009962516932343455,complete_windows,0,001_00,281,"[277, 278, 279, 280, 281]",206,0.98974609375,2027,2048,1.1626955315198444,synthetic/pilot_v2_r2/train/001,00000,343277
1,"[0, 0, 0, 0, 0]",,"[0, 0, 0, 0, 0]",,0,0,0,104183,282,0,,0,0,0,,,0,0,,,0.008927196779934279,complete_windows,0,001_00,282,"[278, 279, 280, 281, 282]",206,0.9921875,2032,2048,1.1488635573823232,synthetic/pilot_v2_r2/train/001,00000,343139
1,"[0, 0, 0, 0, 0]",,"[0, 0, 0, 0, 0]",,0,0,0,104049,283,0,,0,0,0,,,0,0,,,0.010600304406704356,complete_windows,0,001_00,283,"[279, 280, 281, 282, 283]",206,0.9912109375,2030,2048,1.127055390539591,synthetic/pilot_v2_r2/train/001,00000,342881
1,"[0, 0, 0, 0, 0]",,"[0, 0, 0, 0, 0]",,0,0,0,104221,284,0,,0,0,0,,,0,0,,,0.01359819565085903,complete_windows,0,001_00,284,"[280, 281, 282, 283, 284]",206,0.98583984375,2019,2048,1.0988197698373592,synthetic/pilot_v2_r2/train/001,00000,341704
1,"[0, 0, 0, 0, 0]",,"[0, 0, 0, 0, 0]",,0,0,0,104265,285,0,,0,0,0,,,0,0,,,0.016918986898154086,complete_windows,0,001_00,285,"[281, 282, 283, 284, 285]",206,0.986328125,2020,2048,1.0686002120979097,synthetic/pilot_v2_r2/train/001,00000,340874
1,"[0, 0, 0, 0, 0]",,"[0, 0, 0, 0, 0]",,0,0,0,104158,286,0,,0,0,0,,,0,0,,,0.01955881603532564,complete_windows,0,001_00,286,"[282, 283, 284, 285, 286]",206,0.99365234375,2035,2048,1.0336724187766753,synthetic/pilot_v2_r2/train/001,00000,336112
1,"[0, 0, 0, 0, 0]",,"[0, 0, 0, 0, 0]",,0,0,0,104307,287,0,,0,0,0,,,0,0,,,0.02180284005963421,complete_windows,0,001_00,287,"[283, 284, 285, 286, 287]",206,0.99267578125,2033,2048,0.999336365002124,synthetic/pilot_v2_r2/train/001,00000,335367
1,"[0, 0, 0, 0, 0]",,"[0, 0, 0, 0, 0]",,0,0,0,104200,288,0,,0,0,0,,,0,0,,,0.02373096654611917,complete_windows,0,001_00,288,"[284, 285, 286, 287, 288]",206,0.998046875,2044,2048,0.9807688723826598,synthetic/pilot_v2_r2/train/001,00000,334315
1,"[0, 0, 0, 0, 0]",,"[0, 0, 0, 0, 0]",,0,0,0,104252,289,0,,0,0,0,,,0,0,,,0.02491916634301199,complete_windows,0,001_00,289,"[285, 286, 287, 288, 289]",206,0.98779296875,2023,2048,0.9424493958916785,synthetic/pilot_v2_r2/train/001,00000,339960
1,"[0, 0, 0, 0, 0]",,"[0, 0, 0, 0, 0]",,0,0,0,104241,290,0,,0,0,0,,,0,0,,,0.024687574788490305,complete_windows,0,001_00,290,"[286, 287, 288, 289, 290]",206,0.98583984375,2019,2048,0.9171947573404686,synthetic/pilot_v2_r2/train/001,00000,342181
1,"[0, 0, 0, 0, 0]",,"[0, 0, 0, 0, 0]",,0,0,0,104204,291,0,,0,0,0,,,0,0,,,0.024339178420553075,complete_windows,0,001_00,291,"[287, 288, 289, 290, 291]",206,0.9912109375,2030,2048,0.8801476015759201,synthetic/pilot_v2_r2/train/001,00000,343451
1,"[0, 0, 0, 0, 0]",,"[0, 0, 0, 0, 0]",,0,0,0,104236,292,0,,0,0,0,,,0,0,,,0.022736923128378512,complete_windows,0,001_00,292,"[288, 289, 290, 291, 292]",206,0.98388671875,2015,2048,0.8265312642680668,synthetic/pilot_v2_r2/train/001,00000,339781
1,"[0, 0, 0, 0, 0]",,"[0, 0, 0, 0, 0]",,0,0,0,104118,293,0,,0,0,0,,,0,0,,,0.019873676365415278,complete_windows,0,001_00,293,"[289, 290, 291, 292, 293]",206,0.98095703125,2009,2048,0.8051253105379336,synthetic/pilot_v2_r2/train/001,00000,337547
1,"[0, 0, 0, 0, 0]",,"[0, 0, 0, 0, 0]",,0,0,0,104366,294,0,,0,0,0,,,0,0,,,0.0182747246034355,complete_windows,0,001_00,294,"[290, 291, 292, 293, 294]",206,0.9873046875,2022,2048,0.7609103347981339,synthetic/pilot_v2_r2/train/001,00000,334777
1,"[0, 0, 0, 0, 0]",,"[0, 0, 0, 0, 0]",,0,0,0,104267,295,0,,0,0,0,,,0,0,,,0.01588019174895897,complete_windows,0,001_00,295,"[291, 292, 293, 294, 295]",206,0.994140625,2036,2048,0.7129361424513928,synthetic/pilot_v2_r2/train/001,00000,330540
1,"[0, 0, 0, 0, 0]",,"[0, 0, 0, 0, 0]",,0,0,0,104490,296,0,,0,0,0,,,0,0,,,0.014395725926220937,complete_windows,0,001_00,296,"[292, 293, 294, 295, 296]",206,0.99560546875,2039,2048,0.6831347526263487,synthetic/pilot_v2_r2/train/001,00000,329413
1,"[0, 0, 0, 0, 0]",,"[0, 0, 0, 0, 0]",,0,0,0,104354,297,0,,0,0,0,,,0,0,,,0.012822554626463057,complete_windows,0,001_00,297,"[293, 294, 295, 296, 297]",206,0.99072265625,2029,2048,0.6413807056821162,synthetic/pilot_v2_r2/train/001,00000,329643
0,"[0, 0, 0, 0, 2]",0.0,"[0, 0, 0, 0, 2]",1.0,0,0,2,104340,298,0,0.0,0,0,0,0.0,1.0,0,2,0.0,0.0,0.013131787400246744,complete_windows,0,001_00,298,"[294, 295, 296, 297, 298]",206,0.98779296875,2023,2048,0.6319067198959666,synthetic/pilot_v2_r2/train/001,00001,333375
0,"[0, 0, 0, 2, 2]",0.0,"[0, 0, 0, 2, 2]",1.0,0,0,2,104473,299,2,0.5,0,0,1,0.0,1.0,2,4,0.0,0.0,0.014363778309355896,complete_windows,0,001_00,299,"[295, 296, 297, 298, 299]",206,0.99072265625,2029,2048,0.6136162703561036,synthetic/pilot_v2_r2/train/001,00011,334521
0,"[0, 0, 2, 2, 2]",0.0,"[0, 0, 2, 2, 2]",1.0,0,0,2,104597,300,4,0.6666666666666666,0,0,2,0.0,1.0,4,6,0.0,0.0,0.013649882815289482,complete_windows,0,001_00,300,"[296, 297, 298, 299, 300]",206,0.98779296875,2023,2048,0.5974051867442726,synthetic/pilot_v2_r2/train/001,00111,343145
0,"[0, 2, 2, 2, 1]",0.01501510851085186,"[0, 2, 2, 2, 1]",1.0,0,0,1,104859,301,6,0.8571428571428571,0,0,3,0.0,1.4,4,5,0.0,0.0,0.0177224045406733,complete_windows,0,001_00,301,"[297, 298, 299, 300, 301]",206,0.98486328125,2017,2048,0.5648593544357072,synthetic/pilot_v2_r2/train/001,01111,347810
0,"[2, 2, 2, 1, 2]",0.0,"[2, 2, 2, 1, 2]",1.0,0,0,2,105206,302,7,0.7777777777777778,0,0,4,0.0,1.2857142857142858,5,7,0.0,0.0,0.028220239981787062,complete_windows,0,001_00,302,"[298, 299, 300, 301, 302]",206,0.99072265625,2029,2048,0.5106304190612372,synthetic/pilot_v2_r2/train/001,11111,349181
0,"[2, 2, 1, 2, 0]",,"[2, 2, 1, 2, 0]",,0,0,0,105427,303,7,1.0,0,0,4,,1.1666666666666667,6,6,,,0.03769960663245993,complete_windows,0,001_00,303,"[299, 300, 301, 302, 303]",206,0.98779296875,2023,2048,0.48862431699951,synthetic/pilot_v2_r2/train/001,11110,349472
0,"[2, 1, 2, 0, 4]",0.0,"[2, 1, 2, 0, 4]",1.0,0,0,4,105500,304,5,0.5555555555555556,0,0,3,0.0,1.2857142857142858,3,7,0.0,0.0,0.03740310464572702,complete_windows,0,001_00,304,"[300, 301, 302, 303, 304]",206,0.9873046875,2022,2048,0.45416070196476727,synthetic/pilot_v2_r2/train/001,11101,347007
0,"[1, 2, 0, 4, 2]",0.008364996872842312,"[1, 2, 0, 4, 2]",1.0,0,0,2,105414,305,7,0.7777777777777778,0,0,3,0.0,1.2857142857142858,5,7,0.0,0.0,0.027390395272705023,complete_windows,0,001_00,305,"[301, 302, 303, 304, 305]",206,0.9921875,2032,2048,0.4458324798832617,synthetic/pilot_v2_r2/train/001,11011,349693
0,"[2, 0, 4, 2, 3]",0.0,"[2, 0, 4, 2, 3]",1.0,0,0,3,105553,306,8,0.7272727272727273,0,0,3,0.0,1.2222222222222223,6,9,0.0,0.0,0.01333397320309418,complete_windows,0,001_00,306,"[302, 303, 304, 305, 306]",206,0.9892578125,2026,2048,0.46343157674338953,synthetic/pilot_v2_r2/train/001,10111,348494
0,"[0, 4, 2, 3, 5]",0.008107197470963001,"[0, 4, 2, 3, 5]",1.0,0,0,5,105604,307,9,0.6428571428571429,0,0,3,0.0,1.4,5,10,0.0,0.0,0.009576586779284735,complete_windows,0,001_00,307,"[303, 304, 305, 306, 307]",206,0.990234375,2028,2048,0.46968968710348014,synthetic/pilot_v2_r2/train/001,01111,346291
0,"[4, 2, 3, 5, 5]",0.0,"[4, 2, 3, 5, 5]",1.0,0,0,5,105684,308,14,0.7368421052631579,0,0,4,0.0,1.4615384615384615,8,13,0.0,0.0,0.01438579487884041,complete_windows,0,001_00,308,"[304, 305, 306, 307, 308]",206,0.99169921875,2031,2048,0.5009522934230904,synthetic/pilot_v2_r2/train/001,11111,343095
0,"[2, 3, 5, 5, 5]",0.00639602355659008,"[2, 3, 5, 5, 5]",1.0,0,0,5,105843,309,15,0.75,0,0,4,0.0,1.5384615384615385,8,13,0.0,0.0,0.0186569479308932,complete_windows,0,001_00,309,"[305, 306, 307, 308, 309]",206,0.98779296875,2023,2048,0.5315846324139211,synthetic/pilot_v2_r2/train/001,11111,344241
0,"[3, 5, 5, 5, 6]",0.0037952717393636703,"[3, 5, 5, 5, 6]",1.0,0,0,6,105766,310,18,0.75,0,0,4,0.0,1.6,9,15,0.0,0.0,0.02273977244152521,complete_windows,0,001_00,310,"[306, 307, 308, 309, 310]",206,0.9912109375,2030,2048,0.5572670650704298,synthetic/pilot_v2_r2/train/001,11111,345641
0,"[5, 5, 5, 6, 8]",0.01439819298684597,"[5, 5, 5, 6, 8]",1.0,0,0,8,105907,311,21,0.7241379310344828,0,0,4,0.0,1.6111111111111112,10,18,0.0,0.0,0.023005573126091573,complete_windows,0,001_00,311,"[307, 308, 309, 310, 311]",206,0.98828125,2024,2048,0.5803950433345607,synthetic/pilot_v2_r2/train/001,11111,348278
0,"[5, 5, 6, 8, 9]",0.0,"[5, 5, 6, 8, 9]",1.0,0,0,9,106205,312,24,0.7272727272727273,0,0,4,0.0,1.434782608695652,14,23,0.0,0.0,0.017673895504945896,complete_windows,0,001_00,312,"[308, 309, 310, 311, 312]",206,0.990234375,2028,2048,0.5776572816085085,synthetic/pilot_v2_r2/train/001,11111,350928
0,"[5, 6, 8, 9, 10]",0.014844445511698723,"[5, 6, 8, 9, 10]",1.0,0,0,10,106395,313,28,0.7368421052631579,0,0,4,0.0,1.4615384615384615,16,26,0.0,0.0,0.010549668519235394,complete_windows,0,001_00,313,"[309, 310, 311, 312, 313]",206,0.9873046875,2022,2048,0.5843355123793273,synthetic/pilot_v2_r2/train/001,11111,349070
0,"[6, 8, 9, 10, 12]",0.013857829384505749,"[6, 8, 9, 10, 12]",1.0,0,0,12,106483,314,33,0.7333333333333333,0,0,4,0.0,1.7307692307692308,14,26,0.0,0.0,0.004449932460946445,complete_windows,0,001_00,314,"[310, 311, 312, 313, 314]",206,0.99365234375,2035,2048,0.5760671244477157,synthetic/pilot_v2_r2/train/001,11111,344367
0,"[8, 9, 10, 12, 16]",0.0050353072583675385,"[8, 9, 10, 12, 16]",1.0,0,0,16,106678,315,39,0.7090909090909091,0,0,4,0.0,1.6176470588235294,18,34,0.0,0.0,0.005266626833291165,complete_windows,0,001_00,315,"[311, 312, 313, 314, 315]",206,0.99267578125,2033,2048,0.5749974273511295,synthetic/pilot_v2_r2/train/001,11111,338186
0,"[9, 10, 12, 16, 16]",0.0033041636925190687,"[9, 10, 12, 16, 16]",1.0,0,0,16,106738,316,47,0.746031746031746,0,0,4,0.0,2.032258064516129,15,31,0.0,0.0,0.004750953724373705,complete_windows,0,001_00,316,"[312, 313, 314, 315, 316]",206,0.994140625,2036,2048,0.6014658718503995,synthetic/pilot_v2_r2/train/001,11111,341279
0,"[10, 12, 16, 16, 20]",0.0073462845757603645,"[10, 12, 16, 16, 20]",1.0,0,0,20,106974,317,54,0.7297297297297297,0,0,4,0.0,2.176470588235294,14,34,0.0,0.0,0.005489503129727938,complete_windows,0,001_00,317,"[313, 314, 315, 316, 317]",206,0.99072265625,2029,2048,0.6075095610053395,synthetic/pilot_v2_r2/train/001,11111,343031
0,"[12, 16, 16, 20, 23]",0.012252955697476864,"[12, 16, 16, 20, 23]",1.0,0,0,23,107361,318,64,0.735632183908046,0,0,4,0.0,2.0232558139534884,20,43,0.0,0.0,0.005357554789918288,complete_windows,0,001_00,318,"[314, 315, 316, 317, 318]",206,0.98291015625,2013,2048,0.6093836639592625,synthetic/pilot_v2_r2/train/001,11111,344304
0,"[16, 16, 20, 23, 24]",0.004974610172212124,"[16, 16, 20, 23, 24]",1.0,0,0,24,107580,319,75,0.7575757575757576,0,0,4,0.0,2.106382978723404,23,47,0.0,0.0,0.004661328301339301,complete_windows,0,001_00,319,"[315, 316, 317, 318, 319]",206,0.9814453125,2010,2048,0.6145934861228743,synthetic/pilot_v2_r2/train/001,11111,346833
0,"[16, 20, 23, 24, 27]",0.008978365920484066,"[16, 20, 23, 24, 27]",1.0,0,0,27,107838,320,83,0.7545454545454545,0,0,4,0.0,2.2,23,50,0.0,0.0,0.004497151451579407,complete_windows,0,001_00,320,"[316, 317, 318, 319, 320]",206,0.994140625,2036,2048,0.6062041021363045,synthetic/pilot_v2_r2/train/001,11111,349427
0,"[20, 23, 24, 27, 29]",0.008997149765491486,"[20, 23, 24, 27, 29]",1.0,0,0,29,108028,321,94,0.7642276422764228,0,0,4,0.0,2.2777777777777777,25,54,0.0,0.0,0.010488144343792397,complete_windows,0,001_00,321,"[317, 318, 319, 320, 321]",206,0.9814453125,2010,2048,0.6091618760802807,synthetic/pilot_v2_r2/train/001,11111,357943
0,"[23, 24, 27, 29, 27]",0.008810744620859623,"[23, 24, 27, 29, 27]",1.0,0,0,27,108026,322,103,0.7923076923076923,0,0,4,0.0,2.1666666666666665,33,60,0.0,0.0,0.022504248394986655,complete_windows,0,001_00,322,"[318, 319, 320, 321, 322]",206,0.98095703125,2009,2048,0.6037811158445279,synthetic/pilot_v2_r2/train/001,11111,364369
0,"[24, 27, 29, 27, 30]",0.0,"[24, 27, 29, 27, 30]",1.0,0,0,30,108211,323,107,0.781021897810219,0,0,4,0.0,2.140625,34,64,0.0,0.0,0.03312849385241347,complete_windows,0,001_00,323,"[319, 320, 321, 322, 323]",206,0.98779296875,2023,2048,0.5912488089586886,synthetic/pilot_v2_r2/train/001,11111,366866
0,"[27, 29, 27, 30, 36]",0.008897981606423855,"[27, 29, 27, 30, 36]",1.0,0,0,36,108495,324,113,0.7583892617449665,0,0,4,0.0,2.292307692307692,29,65,0.0,0.0,0.03510200812068873,complete_windows,0,001_00,324,"[320, 321, 322, 323, 324]",206,0.98583984375,2019,2048,0.5625912684810951,synthetic/pilot_v2_r2/train/001,11111,366917
0,"[29, 27, 30, 36, 34]",0.017878856509923935,"[29, 27, 30, 36, 34]",1.0,0,0,34,108687,325,122,0.782051282051282,0,0,4,0.0,2.108108108108108,40,74,0.0,0.0,0.02555289532564572,complete_windows,0,001_00,325,"[321, 322, 323, 324, 325]",206,0.98779296875,2023,2048,0.5281189754062783,synthetic/pilot_v2_r2/train/001,11111,369722
0,"[27, 30, 36, 34, 38]",0.009812958538532257,"[27, 30, 36, 34, 38]",1.0,0,0,38,109169,326,127,0.7696969696969697,0,0,4,0.0,2.1153846153846154,40,78,0.0,0.0,0.01043497538538106,complete_windows,0,001_00,326,"[322, 323, 324, 325, 326]",206,0.9892578125,2026,2048,0.4985950710311289,synthetic/pilot_v2_r2/train/001,11111,368459
0,"[30, 36, 34, 38, 39]",0.010192072950303555,"[30, 36, 34, 38, 39]",1.0,0,1,39,109372,327,138,0.7796610169491526,1,1,4,0.0,2.1325301204819276,44,83,0.02564102564102564,0.02564102564102564,0.01059452544061387,complete_windows,0,001_00,327,"[323, 324, 325, 326, 327]",206,0.986328125,2020,2048,0.4704840995729619,synthetic/pilot_v2_r2/train/001,11111,365068
0,"[36, 34, 38, 39, 40]",0.011631138622760773,"[36, 34, 38, 39, 40]",1.0,0,0,40,109545,328,147,0.786096256684492,0,0,4,0.0,2.077777777777778,50,90,0.0,0.0,0.019690687891839344,complete_windows,0,001_00,328,"[324, 325, 326, 327, 328]",206,0.9873046875,2022,2048,0.4788143366673339,synthetic/pilot_v2_r2/train/001,11111,365833
0,"[34, 38, 39, 40, 45]",0.010695918463170528,"[34, 38, 39, 40, 45]",1.0,0,0,45,109985,329,151,0.7704081632653061,0,0,4,0.0,2.10752688172043,48,93,0.0,0.0,0.026376272863373233,complete_windows,0,001_00,329,"[325, 326, 327, 328, 329]",206,0.98291015625,2013,2048,0.482649754827757,synthetic/pilot_v2_r2/train/001,11111,365777
0,"[38, 39, 40, 45, 49]",0.010959737934172153,"[38, 39, 40, 45, 49]",1.0,0,1,49,110100,330,162,0.7677725118483413,1,1,4,0.0,2.221052631578947,46,95,0.02040816326530612,0.02040816326530612,0.029150501571356822,complete_windows,0,001_00,330,"[326, 327, 328, 329, 330]",206,0.98095703125,2009,2048,0.49867750422433565,synthetic/pilot_v2_r2/train/001,11111,368610
0,"[39, 40, 45, 49, 45]",0.00794154778122902,"[39, 40, 45, 49, 45]",1.0,0,0,45,110309,331,173,0.7935779816513762,0,0,4,0.0,2.759493670886076,34,79,0.0,0.0,0.025072042546647827,complete_windows,0,001_00,331,"[327, 328, 329, 330, 331]",206,0.97900390625,2005,2048,0.5199514147361499,synthetic/pilot_v2_r2/train/001,11111,372603
0,"[40, 45, 49, 45, 44]",0.00989992544054985,"[40, 45, 49, 45, 44]",1.0,0,0,44,110452,332,179,0.8026905829596412,0,0,4,0.0,2.623529411764706,41,85,0.0,0.0,0.016990627189062683,complete_windows,0,001_00,332,"[328, 329, 330, 331, 332]",206,0.98193359375,2011,2048,0.5439009070833055,synthetic/pilot_v2_r2/train/001,11111,377794
0,"[45, 49, 45, 44, 46]",0.010637346655130386,"[45, 49, 45, 44, 46]",1.0,0,0,46,110860,333,183,0.7991266375545851,0,0,4,0.0,2.3854166666666665,50,96,0.0,0.0,0.007199290489779002,complete_windows,0,001_00,333,"[329, 330, 331, 332, 333]",206,0.98876953125,2025,2048,0.5583812451055699,synthetic/pilot_v2_r2/train/001,11111,379854
0,"[49, 45, 44, 46, 53]",0.012089266441762447,"[49, 45, 44, 46, 53]",1.0,0,0,53,111374,334,184,0.7763713080168776,0,0,4,0.0,2.443298969072165,44,97,0.0,0.0,0.003881942031613293,complete_windows,0,001_00,334,"[330, 331, 332, 333, 334]",206,0.98681640625,2021,2048,0.5624778852733421,synthetic/pilot_v2_r2/train/001,11111,379754
0,"[45, 44, 46, 53, 50]",0.0127620380371809,"[45, 44, 46, 53, 50]",1.0,0,0,50,111489,335,188,0.7899159663865546,0,0,4,0.0,2.5319148936170213,44,94,0.0,0.0,0.004013969620106816,complete_windows,0,001_00,335,"[331, 332, 333, 334, 335]",206,0.97802734375,2003,2048,0.5712487505759544,synthetic/pilot_v2_r2/train/001,11111,377619
0,"[44, 46, 53, 50, 55]",0.014108872972428799,"[44, 46, 53, 50, 55]",1.0,0,0,55,111701,336,193,0.7782258064516129,0,0,4,0.0,2.6382978723404253,39,94,0.0,0.0,0.004244274531605375,complete_windows,0,001_00,336,"[332, 333, 334, 335, 336]",206,0.97900390625,2005,2048,0.5603045557616475,synthetic/pilot_v2_r2/train/001,11111,377072
0,"[46, 53, 50, 55, 58]",0.017786014825105667,"[46, 53, 50, 55, 58]",1.0,0,0,58,111984,337,204,0.7786259541984732,0,0,4,0.0,2.381818181818182,52,110,0.0,0.0,0.007484856529025615,complete_windows,0,001_00,337,"[333, 334, 335, 336, 337]",206,0.986328125,2020,2048,0.5588126647221515,synthetic/pilot_v2_r2/train/001,11111,373795
0,"[53, 50, 55, 58, 61]",0.01773311197757721,"[53, 50, 55, 58, 61]",1.0,0,1,61,112192,338,216,0.779783393501805,1,1,4,0.0,2.4513274336283186,52,113,0.01639344262295082,0.01639344262295082,0.00902450859328236,complete_windows,0,001_00,338,"[334, 335, 336, 337, 338]",206,0.98974609375,2027,2048,0.5761071547252536,synthetic/pilot_v2_r2/train/001,11111,373151
0,"[50, 55, 58, 61, 59]",0.018044395372271538,"[50, 55, 58, 61, 59]",1.0,0,0,59,112511,339,224,0.7915194346289752,0,0,4,0.0,2.3781512605042017,60,119,0.0,0.0,0.008880809810484997,complete_windows,0,001_00,339,"[335, 336, 337, 338, 339]",206,0.9931640625,2034,2048,0.5753518767209831,synthetic/pilot_v2_r2/train/001,11111,374566
0,"[55, 58, 61, 59, 61]",0.01573084108531475,"[55, 58, 61, 59, 61]",1.0,0,0,61,112698,340,233,0.7925170068027211,0,0,4,0.0,2.4705882352941178,58,119,0.0,0.0,0.009492410331554433,complete_windows,0,001_00,340,"[336, 337, 338, 339, 340]",206,0.9892578125,2026,2048,0.588363132974269,synthetic/pilot_v2_r2/train/001,11111,379870
0,"[58, 61, 59, 61, 60]",0.013788308948278427,"[58, 61, 59, 61, 60]",1.0169491525423728,0,0,59,113055,341,239,0.7993311036789298,0,0,4,0.0,2.3359375,69,128,0.0,0.0,0.010199378912365874,complete_windows,0,001_00,341,"[337, 338, 339, 340, 341]",206,0.98779296875,2023,2048,0.5845024878351902,synthetic/pilot_v2_r2/train/001,11111,382776
0,"[61, 59, 61, 60, 62]",0.014640147797763348,"[61, 59, 61, 60, 62]",1.0163934426229508,0,1,61,113142,342,241,0.7953795379537953,1,1,4,0.0,2.3858267716535435,66,127,0.01639344262295082,0.01639344262295082,0.011019172161883788,complete_windows,0,001_00,342,"[338, 339, 340, 341, 342]",206,0.990234375,2028,2048,0.5788319208293202,synthetic/pilot_v2_r2/train/001,11111,383605
0,"[59, 61, 60, 62, 66]",0.015551161952316761,"[59, 61, 60, 62, 66]",1.0,0,0,66,113315,343,242,0.7857142857142857,0,0,4,0.0,2.5245901639344264,56,122,0.0,0.0,0.011890084902513441,complete_windows,0,001_00,343,"[339, 340, 341, 342, 343]",206,0.9931640625,2034,2048,0.5793430360738432,synthetic/pilot_v2_r2/train/001,11111,385312
0,"[61, 60, 62, 66, 66]",0.014773257076740265,"[61, 60, 62, 66, 66]",1.0,0,1,66,113619,344,249,0.7904761904761904,1,1,4,0.0,2.5403225806451615,58,124,0.015151515151515152,0.015151515151515152,0.011944651115047578,complete_windows,0,001_00,344,"[340, 341, 342, 343, 344]",206,0.994140625,2036,2048,0.5653536776556238,synthetic/pilot_v2_r2/train/001,11111,384963
0,"[60, 62, 66, 66, 70]",0.013464832678437233,"[60, 62, 66, 66, 70]",1.0294117647058822,0,0,68,113988,345,254,0.7839506172839507,0,0,4,0.0,2.722689075630252,51,119,0.0,0.0,0.01210184814047557,complete_windows,0,001_00,345,"[341, 342, 343, 344, 345]",206,0.9912109375,2030,2048,0.5791633372962105,synthetic/pilot_v2_r2/train/001,11111,384904
0,"[62, 66, 66, 70, 74]",0.013982887379825115,"[62, 66, 66, 70, 74]",1.0422535211267605,0,1,71,114006,346,264,0.7810650887573964,1,1,4,0.0,2.725806451612903,53,124,0.014084507042253521,0.014084507042253521,0.012438398353230266,complete_windows,0,001_00,346,"[342, 343, 344, 345, 346]",206,0.990234375,2028,2048,0.5805062147430379,synthetic/pilot_v2_r2/train/001,11111,386189
0,"[66, 66, 70, 74, 73]",0.008804766461253166,"[66, 66, 70, 74, 73]",1.0,0,0,73,114337,347,276,0.7908309455587392,0,0,4,0.0,2.982905982905983,44,117,0.0,0.0,0.012403966373165386,complete_windows,0,001_00,347,"[343, 344, 345, 346, 347]",206,0.9931640625,2034,2048,0.5725524728980129,synthetic/pilot_v2_r2/train/001,11111,385575
0,"[66, 70, 74, 73, 75]",0.013406028971076012,"[66, 70, 74, 73, 75]",1.0869565217391304,0,1,69,114633,348,283,0.7905027932960894,1,1,4,0.0,3.3773584905660377,37,106,0.014492753623188406,0.014492753623188406,0.012718904237657156,complete_windows,0,001_00,348,"[344, 345, 346, 347, 348]",206,0.99169921875,2031,2048,0.5809035358261403,synthetic/pilot_v2_r2/train/001,11111,391220
0,"[70, 74, 73, 75, 78]",0.00961022637784481,"[70, 74, 73, 75, 78]",1.0263157894736843,0,0,76,114765,349,292,0.7891891891891892,0,0,4,0.0,3.425925925925926,32,108,0.0,0.0,0.012985891797693402,complete_windows,0,001_00,349,"[345, 346, 347, 348, 349]",206,0.9951171875,2038,2048,0.5754559332540147,synthetic/pilot_v2_r2/train/001,11111,390270
0,"[74, 73, 75, 78, 79]",0.010841677896678448,"[74, 73, 75, 78, 79]",1.0972222222222223,0,0,72,115030,350,300,0.7915567282321899,0,0,4,0.0,3.3839285714285716,40,112,0.0,0.0,0.012234706951628146,complete_windows,0,001_00,350,"[346, 347, 348, 349, 350]",206,0.994140625,2036,2048,0.5751583715519345,synthetic/pilot_v2_r2/train/001,11111,389874
0,"[73, 75, 78, 79, 80]",0.016705378890037537,"[73, 75, 78, 79, 80]",1.0526315789473684,0,0,76,115318,351,305,0.7922077922077922,0,0,4,0.0,3.4070796460176993,37,113,0.0,0.0,0.01243150487036471,complete_windows,0,001_00,351,"[347, 348, 349, 350, 351]",206,0.98828125,2024,2048,0.5886887827183296,synthetic/pilot_v2_r2/train/001,11111,387576
0,"[75, 78, 79, 80, 79]",0.017739469185471535,"[75, 78, 79, 80, 79]",1.0675675675675675,0,1,74,115476,352,312,0.7979539641943734,0,0,4,0.0,3.2049180327868854,48,122,0.0,0.013513513513513514,0.012381514130195042,complete_windows,0,001_00,352,"[348, 349, 350, 351, 352]",206,0.98291015625,2013,2048,0.5919981395924472,synthetic/pilot_v2_r2/train/001,11111,387068
0,"[78, 79, 80, 79, 85]",0.013787062838673592,"[78, 79, 80, 79, 85]",1.0493827160493827,0,1,81,116016,353,316,0.7880299251870324,1,1,4,0.0,3.369747899159664,38,119,0.012345679012345678,0.012345679012345678,0.012459881579628258,complete_windows,0,001_00,353,"[349, 350, 351, 352, 353]",206,0.99169921875,2031,2048,0.6121973240933014,synthetic/pilot_v2_r2/train/001,11111,386190
0,"[79, 80, 79, 85, 86]",0.013651499524712563,"[79, 80, 79, 85, 86]",1.1168831168831168,0,1,77,116115,354,323,0.7897310513447433,0,0,4,0.0,3.3801652892561984,44,121,0.0,0.012987012987012988,0.013476813979044782,complete_windows,0,001_00,354,"[350, 351, 352, 353, 354]",206,0.9921875,2032,2048,0.6351746585404092,synthetic/pilot_v2_r2/train/001,11111,387006
0,"[80, 79, 85, 86, 91]",0.016798347234725952,"[80, 79, 85, 86, 91]",1.2133333333333334,0,0,75,116218,355,330,0.7838479809976246,0,0,4,0.0,3.725663716814159,38,113,0.0,0.0,0.013621785428337925,complete_windows,0,001_00,355,"[351, 352, 353, 354, 355]",206,0.98779296875,2023,2048,0.6558191799318478,synthetic/pilot_v2_r2/train/001,11111,392488
0,"[79, 85, 86, 91, 95]",0.012798050418496132,"[79, 85, 86, 91, 95]",1.130952380952381,0,1,84,116590,356,341,0.7821100917431193,1,1,4,0.0,3.5447154471544717,39,123,0.011904761904761904,0.011904761904761904,0.014489944469371912,complete_windows,0,001_00,356,"[352, 353, 354, 355, 356]",206,0.98974609375,2027,2048,0.6938751306148006,synthetic/pilot_v2_r2/train/001,11111,395929
0,"[85, 86, 91, 95, 98]",0.009928957559168339,"[85, 86, 91, 95, 98]",1.1529411764705881,0,0,85,116787,357,357,0.7846153846153846,0,0,4,0.0,3.9565217391304346,30,115,0.0,0.0,0.015179045318041666,complete_windows,0,001_00,357,"[353, 354, 355, 356, 357]",206,0.98828125,2024,2048,0.7187748835864751,synthetic/pilot_v2_r2/train/001,11111,397245
0,"[86, 91, 95, 98, 101]",0.009810719639062881,"[86, 91, 95, 98, 101]",1.2317073170731707,0,1,82,116737,358,370,0.7855626326963907,0,0,4,0.0,3.6511627906976742,47,129,0.0,0.012195121951219513,0.014902800079266611,complete_windows,0,001_00,358,"[354, 355, 356, 357, 358]",206,0.98095703125,2009,2048,0.7402534944596068,synthetic/pilot_v2_r2/train/001,11111,398688
0,"[91, 95, 98, 101, 101]",0.01346380915492773,"[91, 95, 98, 101, 101]",1.2625,0,2,80,116857,359,385,0.7921810699588477,1,1,4,0.0,3.9193548387096775,44,124,0.0125,0.025,0.015013026104437175,complete_windows,0,001_00,359,"[355, 356, 357, 358, 359]",206,0.9873046875,2022,2048,0.7754752707030276,synthetic/pilot_v2_r2/train/001,11111,397322
0,"[95, 98, 101, 101, 104]",0.01069297268986702,"[95, 98, 101, 101, 104]",1.3506493506493507,0,1,77,116967,360,395,0.7915831663326653,0,0,4,0.0,3.992,48,125,0.0,0.012987012987012988,0.014903136414827472,complete_windows,0,001_00,360,"[356, 357, 358, 359, 360]",206,0.98583984375,2019,2048,0.8036004633366779,synthetic/pilot_v2_r2/train/001,11111,398740
0,"[98, 101, 101, 104, 112]",0.008351045660674572,"[98, 101, 101, 104, 112]",1.3658536585365855,0,1,82,117152,361,404,0.7829457364341085,1,1,4,0.0,4.229508196721311,40,122,0.012195121951219513,0.012195121951219513,0.014151281734834327,complete_windows,0,001_00,361,"[357, 358, 359, 360, 361]",206,0.98876953125,2025,2048,0.8312725274040823,synthetic/pilot_v2_r2/train/001,11111,399588
0,"[101, 101, 104, 112, 117]",0.013233989477157593,"[101, 101, 104, 112, 117]",1.3,0,1,90,117210,362,418,0.7813084112149533,0,0,4,0.0,4.349593495934959,33,123,0.0,0.011111111111111112,0.013381444815018491,complete_windows,0,001_00,362,"[358, 359, 360, 361, 362]",206,0.9853515625,2018,2048,0.8670447239956256,synthetic/pilot_v2_r2/train/001,11111,401053
0,"[101, 104, 112, 117, 124]",0.00846734270453453,"[101, 104, 112, 117, 124]",1.3777777777777778,0,0,90,117539,363,434,0.7777777777777778,0,0,4,0.0,4.359375,38,128,0.0,0.0,0.012747530298274507,complete_windows,0,001_00,363,"[359, 360, 361, 362, 363]",206,0.9892578125,2026,2048,0.9110720695156329,synthetic/pilot_v2_r2/train/001,11111,404117
0,"[104, 112, 117, 124, 123]",0.010613121092319489,"[104, 112, 117, 124, 123]",1.5769230769230769,0,1,78,117540,364,457,0.7879310344827586,1,1,4,0.0,4.264705882352941,58,136,0.01282051282051282,0.01282051282051282,0.011430041660749226,complete_windows,0,001_00,364,"[360, 361, 362, 363, 364]",206,0.98291015625,2013,2048,0.9372030791853933,synthetic/pilot_v2_r2/train/001,11111,405336
0,"[112, 117, 124, 123, 131]",0.01004173792898655,"[112, 117, 124, 123, 131]",1.4395604395604396,0,1,91,117673,365,476,0.7841845140032949,0,0,4,0.0,4.496296296296296,44,135,0.0,0.01098901098901099,0.01032328408647868,complete_windows,0,001_00,365,"[361, 362, 363, 364, 365]",206,0.98583984375,2019,2048,0.9718602712025562,synthetic/pilot_v2_r2/train/001,11111,405723
0,"[117, 124, 123, 131, 137]",0.00905713438987732,"[117, 124, 123, 131, 137]",1.5054945054945055,0,1,91,117828,366,495,0.7832278481012658,1,1,4,0.0,4.681481481481481,44,135,0.01098901098901099,0.01098901098901099,0.009396168403151616,complete_windows,0,001_00,366,"[362, 363, 364, 365, 366]",206,0.98681640625,2021,2048,1.0058080379122567,synthetic/pilot_v2_r2/train/001,11111,407151
0,"[124, 123, 131, 137, 140]",0.007658615242689848,"[124, 123, 131, 137, 140]",1.6867469879518073,0,1,83,118002,367,515,0.7862595419847328,0,0,4,0.0,5.038461538461538,47,130,0.0,0.012048192771084338,0.00804911872269013,complete_windows,0,001_00,367,"[363, 364, 365, 366, 367]",206,0.98388671875,2015,2048,1.0280738673167489,synthetic/pilot_v2_r2/train/001,11111,408250
0,"[123, 131, 137, 140, 146]",0.007188260089606047,"[123, 131, 137, 140, 146]",1.553191489361702,0,0,94,117995,368,531,0.7843426883308715,0,0,4,0.0,5.248062015503876,35,129,0.0,0.0,0.007353095678463237,complete_windows,0,001_00,368,"[364, 365, 366, 367, 368]",206,0.98193359375,2011,2048,1.0639047755464062,synthetic/pilot_v2_r2/train/001,11111,406680
0,"[131, 137, 140, 146, 149]",0.009326214902102947,"[131, 137, 140, 146, 149]",1.7738095238095237,0,1,84,118009,369,554,0.7880512091038406,0,0,4,0.0,5.366412213740458,47,131,0.0,0.011904761904761904,0.006606434965846681,complete_windows,0,001_00,369,"[365, 366, 367, 368, 369]",206,0.98388671875,2015,2048,1.0914385333815355,synthetic/pilot_v2_r2/train/001,11111,407129
0,"[137, 140, 146, 149, 151]",0.007960179820656776,"[137, 140, 146, 149, 151]",1.7976190476190477,0,2,84,117962,370,572,0.7911479944674965,1,1,4,0.0,5.604651162790698,45,129,0.011904761904761904,0.023809523809523808,0.005989570394472258,complete_windows,0,001_00,370,"[366, 367, 368, 369, 370]",206,0.98583984375,2019,2048,1.113440256220968,synthetic/pilot_v2_r2/train/001,11111,409296
0,"[140, 146, 149, 151, 151]",0.006834819912910461,"[140, 146, 149, 151, 151]",1.8875,0,0,80,117842,371,586,0.7951153324287653,0,0,4,0.0,5.803149606299213,47,127,0.0,0.0,0.0065992771578003845,complete_windows,0,001_00,371,"[367, 368, 369, 370, 371]",206,0.98291015625,2013,2048,1.1401810756512147,synthetic/pilot_v2_r2/train/001,11111,409861
0,"[146, 149, 151, 151, 135]",0.005562335718423128,"[146, 149, 151, 151, 135]",2.0454545454545454,0,0,66,117676,372,597,0.8155737704918032,0,0,4,0.0,5.7637795275590555,61,127,0.0,0.0,0.007928366146325225,complete_windows,0,001_00,372,"[368, 369, 370, 371, 372]",206,0.98291015625,2013,2048,1.1586209259673026,synthetic/pilot_v2_r2/train/001,11111,410234
0,"[149, 151, 151, 135, 119]",0.009295856580138206,"[149, 151, 151, 135, 119]",1.9193548387096775,0,0,62,117528,373,586,0.8312056737588652,0,0,4,0.0,5.7317073170731705,61,123,0.0,0.0,0.008219509823043392,complete_windows,0,001_00,373,"[369, 370, 371, 372, 373]",206,0.98388671875,2015,2048,1.170007767325071,synthetic/pilot_v2_r2/train/001,11111,408434
0,"[151, 151, 135, 119, 108]",0.008728867396712303,"[151, 151, 135, 119, 108]",2.0377358490566038,0,0,53,117529,374,556,0.8373493975903614,0,0,4,0.0,5.3983739837398375,70,123,0.0,0.0,0.007385478935270669,complete_windows,0,001_00,374,"[370, 371, 372, 373, 374]",206,0.9833984375,2014,2048,1.1840390443808124,synthetic/pilot_v2_r2/train/001,11111,406433
0,"[151, 135, 119, 108, 91]",0.00765414722263813,"[151, 135, 119, 108, 91]",2.1666666666666665,0,0,42,117300,375,513,0.8493377483443708,0,0,4,0.0,5.298245614035087,72,114,0.0,0.0,0.006162755428425961,complete_windows,0,001_00,375,"[371, 372, 373, 374, 375]",206,0.98046875,2008,2048,1.1824773770611796,synthetic/pilot_v2_r2/train/001,11111,407988
0,"[135, 119, 108, 91, 88]",0.004772224463522434,"[135, 119, 108, 91, 88]",2.3157894736842106,0,0,38,117162,376,453,0.8373382624768947,0,0,4,0.0,5.10377358490566,68,106,0.0,0.0,0.004689479038571667,complete_windows,0,001_00,376,"[372, 373, 374, 375, 376]",206,0.98193359375,2011,2048,1.1855477931312053,synthetic/pilot_v2_r2/train/001,11111,408655
0,"[119, 108, 91, 88, 92]",0.006376767531037331,"[119, 108, 91, 88, 92]",2.1904761904761907,0,0,42,117134,377,406,0.8152610441767069,0,0,4,0.0,5.413043478260869,50,92,0.0,0.0,0.002687353124397738,complete_windows,0,001_00,377,"[373, 374, 375, 376, 377]",206,0.9833984375,2014,2048,1.207543538042578,synthetic/pilot_v2_r2/train/001,11111,405991
0,"[108, 91, 88, 92, 97]",0.006592561490833759,"[108, 91, 88, 92, 97]",2.2045454545454546,0,0,44,116944,378,379,0.7962184873949579,0,0,4,0.0,5.6,41,85,0.0,0.0,0.0014898956103840857,complete_windows,0,001_00,378,"[374, 375, 376, 377, 378]",206,0.990234375,2028,2048,1.2214170744655641,synthetic/pilot_v2_r2/train/001,11111,404052
0,"[91, 88, 92, 97, 108]",0.006392144598066807,"[91, 88, 92, 97, 108]",2.25,0,0,48,116680,379,368,0.773109243697479,0,0,4,0.0,6.611111111111111,24,72,0.0,0.0,0.0028588727201905224,complete_windows,0,001_00,379,"[375, 376, 377, 378, 379]",206,0.9833984375,2014,2048,1.2433775486688663,synthetic/pilot_v2_r2/train/001,11111,402249
0,"[88, 92, 97, 108, 115]",0.005492309108376503,"[88, 92, 97, 108, 115]",2.3,0,1,50,116557,380,385,0.77,2,1,4,0.0,7.352941176470588,18,68,0.02,0.02,0.005963859404741957,complete_windows,0,001_00,380,"[376, 377, 378, 379, 380]",206,0.98583984375,2019,2048,1.2628800247049026,synthetic/pilot_v2_r2/train/001,11111,399980
0,"[92, 97, 108, 115, 125]",0.007296687923371792,"[92, 97, 108, 115, 125]",2.1551724137931036,0,0,58,116191,381,412,0.7672253258845437,0,0,4,0.0,7.563380281690141,13,71,0.0,0.0,0.008838211180119659,complete_windows,0,001_00,381,"[377, 378, 379, 380, 381]",206,0.9814453125,2010,2048,1.2797589287051103,synthetic/pilot_v2_r2/train/001,11111,399237
0,"[97, 108, 115, 125, 138]",0.005817926488816738,"[97, 108, 115, 125, 138]",2.3793103448275863,0,0,58,115792,382,445,0.7632933104631218,0,0,4,0.0,7.773333333333333,17,75,0.0,0.0,0.011967608951750872,complete_windows,0,001_00,382,"[378, 379, 380, 381, 382]",206,0.98291015625,2013,2048,1.2822689395586824,synthetic/pilot_v2_r2/train/001,11111,399429
0,"[108, 115, 125, 138, 154]",0.006365899462252855,"[108, 115, 125, 138, 154]",2.298507462686567,0,0,67,115498,383,486,0.759375,0,0,4,0.0,7.619047619047619,17,84,0.0,0.0,0.015462872497572068,complete_windows,0,001_00,383,"[379, 380, 381, 382, 383]",206,0.97412109375,1995,2048,1.2988789353588213,synthetic/pilot_v2_r2/train/001,11111,400031
0,"[115, 125, 138, 154, 169]",0.005007301457226276,"[115, 125, 138, 154, 169]",2.1948051948051948,0,0,77,115038,384,532,0.7589158345221113,0,0,4,0.0,7.378947368421053,18,95,0.0,0.0,0.017471767214274857,complete_windows,0,001_00,384,"[380, 381, 382, 383, 384]",206,0.98046875,2008,2048,1.3062262650387035,synthetic/pilot_v2_r2/train/001,11111,399756
0,"[125, 138, 154, 169, 181]",0.00808277539908886,"[125, 138, 154, 169, 181]",2.104651162790698,0,0,86,114764,385,586,0.7640156453715776,0,0,4,0.0,7.67,14,100,0.0,0.0,0.019938755564251683,complete_windows,0,001_00,385,"[381, 382, 383, 384, 385]",206,0.984375,2016,2048,1.3020436551013777,synthetic/pilot_v2_r2/train/001,11111,397902
0,"[138, 154, 169, 181, 193]",0.006074237637221813,"[138, 154, 169, 181, 193]",2.0531914893617023,0,0,94,114417,386,642,0.7688622754491018,0,0,4,0.0,8.028846153846153,10,104,0.0,0.0,0.020851111088566705,complete_windows,0,001_00,386,"[382, 383, 384, 385, 386]",206,0.986328125,2020,2048,1.3192689686818118,synthetic/pilot_v2_r2/train/001,11111,393500
0,"[154, 169, 181, 193, 203]",0.00591670349240303,"[154, 169, 181, 193, 203]",1.8796296296296295,0,1,108,113980,387,697,0.7744444444444445,0,0,4,0.0,6.7164179104477615,26,134,0.0,0.009259259259259259,0.020761124390069347,complete_windows,0,001_00,387,"[383, 384, 385, 386, 387]",206,0.9814453125,2010,2048,1.3126215706449558,synthetic/pilot_v2_r2/train/001,11111,390925
0,"[169, 181, 193, 203, 190]",0.007315882947295904,"[169, 181, 193, 203, 190]",1.8446601941747574,0,1,103,113290,388,746,0.7970085470085471,0,0,4,0.0,6.985074626865671,31,134,0.0,0.009708737864077669,0.021951718565706213,complete_windows,0,001_00,388,"[384, 385, 386, 387, 388]",206,0.982421875,2012,2048,1.3052875485647322,synthetic/pilot_v2_r2/train/001,11111,389388
0,"[181, 193, 203, 190, 177]",0.008815920911729336,"[181, 193, 203, 190, 177]",1.7019230769230769,0,2,104,112811,389,767,0.8125,1,1,4,0.0,6.992592592592593,31,135,0.009615384615384616,0.019230769230769232,0.022965797011270647,complete_windows,0,001_00,389,"[385, 386, 387, 388, 389]",206,0.9775390625,2002,2048,1.313427224061095,synthetic/pilot_v2_r2/train/001,11111,386432
0,"[193, 203, 190, 177, 168]",0.007820695638656616,"[193, 203, 190, 177, 168]",1.5555555555555556,0,3,108,112219,390,763,0.8195488721804511,1,1,4,0.0,6.795620437956204,29,137,0.009259259259259259,0.027777777777777776,0.02244563153709309,complete_windows,0,001_00,390,"[386, 387, 388, 389, 390]",206,0.98046875,2008,2048,1.2947163935012391,synthetic/pilot_v2_r2/train/001,11111,383342
0,"[203, 190, 177, 168, 157]",0.007207431830465794,"[203, 190, 177, 168, 157]",1.4811320754716981,0,2,106,111575,391,738,0.8245810055865922,2,2,4,0.0,6.302816901408451,36,142,0.018867924528301886,0.018867924528301886,0.022528384285342748,complete_windows,0,001_00,391,"[387, 388, 389, 390, 391]",206,0.984375,2016,2048,1.2878566812297847,synthetic/pilot_v2_r2/train/001,11111,379432
0,"[190, 177, 168, 157, 143]",0.006895891390740871,"[190, 177, 168, 157, 143]",1.5543478260869565,0,2,92,110972,392,692,0.8287425149700599,2,2,4,0.0,6.626984126984127,34,126,0.021739130434782608,0.021739130434782608,0.02289354986602539,complete_windows,0,001_00,392,"[388, 389, 390, 391, 392]",206,0.98828125,2024,2048,1.2895677938670902,synthetic/pilot_v2_r2/train/001,11111,376933
0,"[177, 168, 157, 143, 134]",0.007111411541700363,"[177, 168, 157, 143, 134]",1.3535353535353536,0,3,99,110371,393,645,0.82798459563543,0,0,4,0.0,5.727941176470588,37,136,0.0,0.030303030303030304,0.024276588341936696,complete_windows,0,001_00,393,"[389, 390, 391, 392, 393]",206,0.9892578125,2026,2048,1.2795421282905588,synthetic/pilot_v2_r2/train/001,11111,374156
0,"[168, 157, 143, 134, 128]",0.009410195052623749,"[168, 157, 143, 134, 128]",1.3473684210526315,0,3,95,109786,394,602,0.8246575342465754,4,3,4,0.0,5.488721804511278,38,133,0.031578947368421054,0.031578947368421054,0.027781287758392396,complete_windows,0,001_00,394,"[390, 391, 392, 393, 394]",206,0.9921875,2032,2048,1.2740342489027967,synthetic/pilot_v2_r2/train/001,11111,368981
0,"[157, 143, 134, 128, 113]",0.010367950424551964,"[157, 143, 134, 128, 113]",1.2696629213483146,0,3,89,109167,395,562,0.8325925925925926,3,3,4,0.0,5.31496062992126,38,127,0.033707865168539325,0.033707865168539325,0.030635788842928044,complete_windows,0,001_00,395,"[391, 392, 393, 394, 395]",206,0.98095703125,2009,2048,1.2649643998291062,synthetic/pilot_v2_r2/train/001,11111,366876
0,"[143, 134, 128, 113, 108]",0.010112402029335499,"[143, 134, 128, 113, 108]",1.1612903225806452,0,2,93,108696,396,518,0.8274760383386581,2,2,4,0.0,5.008,32,125,0.021505376344086023,0.021505376344086023,0.033301157073977586,complete_windows,0,001_00,396,"[392, 393, 394, 395, 396]",206,0.97802734375,2003,2048,1.2352397986245578,synthetic/pilot_v2_r2/train/001,11111,362583
0,"[134, 128, 113, 108, 102]",0.013248546048998833,"[134, 128, 113, 108, 102]",1.2142857142857142,0,2,84,108033,397,483,0.8256410256410256,2,2,4,0.0,4.5703125,44,128,0.023809523809523808,0.023809523809523808,0.03480737718064293,complete_windows,0,001_00,397,"[393, 394, 395, 396, 397]",206,0.9912109375,2030,2048,1.1884000133233548,synthetic/pilot_v2_r2/train/001,11111,359284
0,"[128, 113, 108, 102, 96]",0.012262771837413311,"[128, 113, 108, 102, 96]",1.1162790697674418,0,1,86,107573,398,451,0.8244972577696527,1,1,4,0.0,4.175572519083969,45,131,0.011627906976744186,0.011627906976744186,0.03478882210479759,complete_windows,0,001_00,398,"[394, 395, 396, 397, 398]",206,0.984375,2016,2048,1.160145007218402,synthetic/pilot_v2_r2/train/001,11111,354590
0,"[113, 108, 102, 96, 92]",0.014438715763390064,"[113, 108, 102, 96, 92]",1.0823529411764705,0,3,85,107163,399,419,0.8199608610567515,3,3,4,0.0,3.900763358778626,46,131,0.03529411764705882,0.03529411764705882,0.03415294345233109,complete_windows,0,001_00,399,"[395, 396, 397, 398, 399]",206,0.99072265625,2029,2048,1.0988508033248765,synthetic/pilot_v2_r2/train/001,11111,352097
0,"[108, 102, 96, 92, 85]",0.010859663598239422,"[108, 102, 96, 92, 85]",1.0,0,0,85,106566,400,398,0.8240165631469979,0,0,4,0.0,3.8951612903225805,39,124,0.0,0.0,0.03289217862112589,complete_windows,0,001_00,400,"[396, 397, 398, 399, 400]",206,0.98974609375,2027,2048,1.04959242365135,synthetic/pilot_v2_r2/train/001,11111,348908
0,"[102, 96, 92, 85, 78]",0.011296659708023071,"[102, 96, 92, 85, 78]",1.0,0,1,78,106042,401,375,0.8278145695364238,1,1,4,0.0,3.9051724137931036,38,116,0.01282051282051282,0.01282051282051282,0.03176991607354559,complete_windows,0,001_00,401,"[397, 398, 399, 400, 401]",206,0.99169921875,2031,2048,0.997741020126535,synthetic/pilot_v2_r2/train/001,11111,345387
0,"[96, 92, 85, 78, 80]",0.013745727948844433,"[96, 92, 85, 78, 80]",1.0389610389610389,0,0,77,105528,402,351,0.814385150812065,0,0,4,0.0,3.448,48,125,0.0,0.0,0.031030810787634384,complete_windows,0,001_00,402,"[398, 399, 400, 401, 402]",206,0.99267578125,2033,2048,0.9250714436681605,synthetic/pilot_v2_r2/train/001,11111,343383
0,"[92, 85, 78, 80, 74]",0.01755482703447342,"[92, 85, 78, 80, 74]",1.0136986301369864,0,1,73,105023,403,335,0.8190709046454768,1,1,4,0.0,3.436974789915966,46,119,0.0136986301369863,0.0136986301369863,0.031083653511004058,complete_windows,0,001_00,403,"[399, 400, 401, 402, 403]",206,0.99365234375,2035,2048,0.8585992169698263,synthetic/pilot_v2_r2/train/001,11111,339020
0,"[85, 78, 80, 74, 76]",0.014402603730559349,"[85, 78, 80, 74, 76]",1.0,0,1,76,104545,404,317,0.806615776081425,1,1,4,0.0,3.094488188976378,51,127,0.013157894736842105,0.013157894736842105,0.031179020547614716,complete_windows,0,001_00,404,"[400, 401, 402, 403, 404]",206,0.98779296875,2023,2048,0.7859554832975809,synthetic/pilot_v2_r2/train/001,11111,333413
0,"[78, 80, 74, 76, 67]",0.01367214135825634,"[78, 80, 74, 76, 67]",1.0151515151515151,0,0,66,104040,405,308,0.8213333333333334,0,0,4,0.0,3.2327586206896552,50,116,0.0,0.0,0.03011956482014087,complete_windows,0,001_00,405,"[401, 402, 403, 404, 405]",206,0.97900390625,2005,2048,0.7148813524401506,synthetic/pilot_v2_r2/train/001,11111,330697
0,"[80, 74, 76, 67, 67]",0.015491745434701443,"[80, 74, 76, 67, 67]",1.0151515151515151,0,0,66,103772,406,297,0.8159340659340659,0,0,4,0.0,3.0847457627118646,52,118,0.0,0.0,0.02832262042000843,complete_windows,0,001_00,406,"[402, 403, 404, 405, 406]",206,0.97998046875,2007,2048,0.6423042441695491,synthetic/pilot_v2_r2/train/001,11111,329002
0,"[74, 76, 67, 67, 67]",0.01710636541247368,"[74, 76, 67, 67, 67]",1.0151515151515151,0,1,66,103719,407,284,0.8091168091168092,1,1,4,0.0,3.190909090909091,44,110,0.015151515151515152,0.015151515151515152,0.025579987938641136,complete_windows,0,001_00,407,"[403, 404, 405, 406, 407]",206,0.98876953125,2025,2048,0.5809696129112268,synthetic/pilot_v2_r2/train/001,11111,327510
0,"[76, 67, 67, 67, 65]",0.012285680510103703,"[76, 67, 67, 67, 65]",1.0,0,2,65,103405,408,277,0.8099415204678363,2,2,4,0.0,2.8264462809917354,56,121,0.03076923076923077,0.03076923076923077,0.021486232487672646,complete_windows,0,001_00,408,"[404, 405, 406, 407, 408]",206,0.9931640625,2034,2048,0.5120946470435086,synthetic/pilot_v2_r2/train/001,11111,325745
0,"[67, 67, 67, 65, 67]",0.010328765027225018,"[67, 67, 67, 65, 67]",1.0,0,2,67,103331,409,266,0.7987987987987988,2,2,4,0.0,3.0272727272727273,43,110,0.029850746268656716,0.029850746268656716,0.018404450615655158,complete_windows,0,001_00,409,"[405, 406, 407, 408, 409]",206,0.99365234375,2035,2048,0.43108579943450004,synthetic/pilot_v2_r2/train/001,11111,320878
0,"[67, 67, 65, 67, 64]",0.01909482479095459,"[67, 67, 65, 67, 64]",1.0,0,1,64,103042,410,266,0.806060606060606,1,1,4,0.0,2.8448275862068964,52,116,0.015625,0.015625,0.01458697889915079,complete_windows,0,001_00,410,"[406, 407, 408, 409, 410]",206,0.99755859375,2043,2048,0.35608664149275604,synthetic/pilot_v2_r2/train/001,11111,317518
0,"[67, 65, 67, 64, 64]",0.015173735097050667,"[67, 65, 67, 64, 64]",1.0,0,1,64,102942,411,263,0.8042813455657493,1,1,4,0.0,3.2058823529411766,38,102,0.015625,0.015625,0.010701016881739689,complete_windows,0,001_00,411,"[407, 408, 409, 410, 411]",206,0.9970703125,2042,2048,0.2606401137220358,synthetic/pilot_v2_r2/train/001,11111,310079
0,"[65, 67, 64, 64, 64]",0.009876161813735962,"[65, 67, 64, 64, 64]",1.0,0,0,64,102895,412,260,0.8024691358024691,0,0,4,0.0,2.793103448275862,52,116,0.0,0.0,0.007137594447065906,complete_windows,0,001_00,412,"[408, 409, 410, 411, 412]",206,0.99755859375,2043,2048,0.18669583223176037,synthetic/pilot_v2_r2/train/001,11111,301416
0,"[67, 64, 64, 64, 63]",0.004978368524461985,"[67, 64, 64, 64, 63]",1.0,0,0,63,103021,413,259,0.8043478260869565,0,0,4,0.0,2.9541284403669725,46,109,0.0,0.0,0.003715447963731837,complete_windows,0,001_00,413,"[409, 410, 411, 412, 413]",206,0.99658203125,2041,2048,0.1040479021361182,synthetic/pilot_v2_r2/train/001,11111,282570
0,"[64, 64, 64, 63, 65]",0.010700040496885777,"[64, 64, 64, 63, 65]",1.0,0,0,65,103247,414,255,0.796875,0,0,4,0.0,3.0476190476190474,40,105,0.0,0.0,0.0019930490985187134,complete_windows,0,001_00,414,"[410, 411, 412, 413, 414]",206,0.98828125,2024,2048,0.035160881557703236,synthetic/pilot_v2_r2/train/001,11111,275007
0,"[64, 64, 63, 65, 66]",0.019431661814451218,"[64, 64, 63, 65, 66]",1.0,0,0,66,103254,415,256,0.7950310559006211,0,0,4,0.0,2.875,46,112,0.0,0.0,0.0028974644996378404,complete_windows,0,001_00,415,"[411, 412, 413, 414, 415]",206,0.98388671875,2015,2048,0.014614754465391361,synthetic/pilot_v2_r2/train/001,11111,280792
0,"[64, 63, 65, 66, 64]",0.01206061989068985,"[64, 63, 65, 66, 64]",1.0,0,0,64,103182,416,258,0.8012422360248447,0,0,4,0.0,2.7758620689655173,52,116,0.0,0.0,0.003771408411997601,complete_windows,0,001_00,416,"[412, 413, 414, 415, 416]",206,0.99560546875,2039,2048,0.01674442993520062,synthetic/pilot_v2_r2/train/001,11111,286830
0,"[63, 65, 66, 64, 66]",0.007590641267597675,"[63, 65, 66, 64, 66]",1.0,0,0,66,103175,417,258,0.7962962962962963,0,0,4,0.0,2.793103448275862,50,116,0.0,0.0,0.0039048465646758144,complete_windows,0,001_00,417,"[413, 414, 415, 416, 417]",206,0.9970703125,2042,2048,0.019743715422046556,synthetic/pilot_v2_r2/train/001,11111,282300
0,"[65, 66, 64, 66, 65]",0.004044797271490097,"[65, 66, 64, 66, 65]",1.0,0,0,65,103282,418,261,0.8006134969325154,0,0,4,0.0,3.3958333333333335,31,96,0.0,0.0,0.0029162318418420588,complete_windows,0,001_00,418,"[414, 415, 416, 417, 418]",206,0.998046875,2044,2048,0.012016320233701546,synthetic/pilot_v2_r2/train/001,11111,250870
0,"[66, 64, 66, 65, 64]",0.001279875636100769,"[66, 64, 66, 65, 64]",1.0,0,0,64,103341,419,261,0.803076923076923,0,0,4,0.0,3.735632183908046,23,87,0.0,0.0,0.000904795740409607,complete_windows,0,001_00,419,"[415, 416, 417, 418, 419]",206,0.9990234375,2046,2048,0.005568509490040279,synthetic/pilot_v2_r2/train/001,11111,218292
0,"[64, 66, 65, 64, 65]",0.0078909732401371,"[64, 66, 65, 64, 65]",1.0,0,1,65,103386,420,259,0.7993827160493827,1,1,4,0.0,3.6818181818181817,23,88,0.015384615384615385,0.015384615384615385,0.0005491874082099786,complete_windows,0,001_00,420,"[416, 417, 418, 419, 420]",206,0.998046875,2044,2048,0.006420444862750342,synthetic/pilot_v2_r2/train/001,11111,211975
0,"[66, 65, 64, 65, 66]",0.008341800421476364,"[66, 65, 64, 65, 66]",1.0,0,0,66,103444,421,260,0.7975460122699386,0,0,4,0.0,3.4680851063829787,28,94,0.0,0.0,0.0008854654475042613,complete_windows,0,001_00,421,"[417, 418, 419, 420, 421]",206,0.99951171875,2047,2048,0.012825925408099596,synthetic/pilot_v2_r2/train/001,11111,212969
0,"[65, 64, 65, 66, 65]",0.002177191898226738,"[65, 64, 65, 66, 65]",1.0,0,0,65,103369,422,260,0.8,0,0,4,0.0,3.532608695652174,27,92,0.0,0.0,0.00039067888196422235,complete_windows,0,001_00,422,"[418, 419, 420, 421, 422]",206,1.0,2048,2048,0.004263785516722539,synthetic/pilot_v2_r2/train/001,11111,207221
0,"[64, 65, 66, 65, 64]",0.004760315641760826,"[64, 65, 66, 65, 64]",1.0,0,0,64,103257,423,260,0.8024691358024691,0,0,4,0.0,3.640449438202247,25,89,0.0,0.0,0.00024633827276664073,complete_windows,0,001_00,423,"[419, 420, 421, 422, 423]",206,0.99853515625,2045,2048,0.005217550903415147,synthetic/pilot_v2_r2/train/001,11111,200673
0,"[65, 66, 65, 64, 65]",0.0029318861197680235,"[65, 66, 65, 64, 65]",1.0,0,1,65,103485,424,260,0.8,1,1,4,0.0,3.823529411764706,20,85,0.015384615384615385,0.015384615384615385,0.0002471512288881446,complete_windows,0,001_00,424,"[420, 421, 422, 423, 424]",206,0.99755859375,2043,2048,0.0034367606884920326,synthetic/pilot_v2_r2/train/001,11111,198810
0,"[66, 65, 64, 65, 64]",0.003727613016963005,"[66, 65, 64, 65, 64]",1.0,0,0,64,103302,425,260,0.8024691358024691,0,0,4,0.0,3.5604395604395602,27,91,0.0,0.0,0.0005672818287545799,complete_windows,0,001_00,425,"[421, 422, 423, 424, 425]",206,0.99755859375,2043,2048,0.008876856592162103,synthetic/pilot_v2_r2/train/001,11111,202340
0,"[65, 64, 65, 64, 66]",0.006189296953380108,"[65, 64, 65, 64, 66]",1.0,0,0,66,103252,426,258,0.7962962962962963,0,0,4,0.0,3.375,30,96,0.0,0.0,0.00036559693181648583,complete_windows,0,001_00,426,"[422, 423, 424, 425, 426]",206,0.99560546875,2039,2048,0.007035269282335573,synthetic/pilot_v2_r2/train/001,11111,204167
0,"[64, 65, 64, 66, 67]",0.008986479602754116,"[64, 65, 64, 66, 67]",1.0,0,0,67,103295,427,259,0.7944785276073619,0,0,4,0.0,3.292929292929293,32,99,0.0,0.0,0.000762931243348802,complete_windows,0,001_00,427,"[423, 424, 425, 426, 427]",206,0.99853515625,2045,2048,0.006480630421352014,synthetic/pilot_v2_r2/train/001,11111,210143
0,"[65, 64, 66, 67, 65]",0.0014743112260475755,"[65, 64, 66, 67, 65]",1.0,0,0,65,103362,428,262,0.8012232415902141,0,0,4,0.0,3.237623762376238,36,101,0.0,0.0,0.0006263579885815543,complete_windows,0,001_00,428,"[424, 425, 426, 427, 428]",206,0.99951171875,2047,2048,0.005916897982252785,synthetic/pilot_v2_r2/train/001,11111,205180
0,"[64, 66, 67, 65, 65]",0.006002898793667555,"[64, 66, 67, 65, 65]",1.0,0,0,65,103268,429,262,0.8012232415902141,0,0,4,0.0,3.5161290322580645,28,93,0.0,0.0,0.0006324459043941941,complete_windows,0,001_00,429,"[425, 426, 427, 428, 429]",206,0.998046875,2044,2048,0.00920589638269355,synthetic/pilot_v2_r2/train/001,11111,194162
0,"[66, 67, 65, 65, 66]",0.0011151658836752176,"[66, 67, 65, 65, 66]",1.0,0,0,66,103437,430,263,0.7993920972644377,0,0,4,0.0,3.781609195402299,21,87,0.0,0.0,0.00018570803751331933,complete_windows,0,001_00,430,"[426, 427, 428, 429, 430]",206,0.99853515625,2045,2048,0.005902840125876285,synthetic/pilot_v2_r2/train/001,11111,186830
0,"[67, 65, 65, 66, 67]",0.0034640422090888023,"[67, 65, 65, 66, 67]",1.0,0,0,67,103362,431,263,0.796969696969697,0,0,4,0.0,3.6666666666666665,23,90,0.0,0.0,0.00017072063421045284,complete_windows,0,001_00,431,"[427, 428, 429, 430, 431]",206,0.99951171875,2047,2048,0.004482352433300021,synthetic/pilot_v2_r2/train/001,11111,187826
0,"[65, 65, 66, 67, 65]",0.004167435225099325,"[65, 65, 66, 67, 65]",1.0,0,0,65,103323,432,263,0.801829268292683,0,0,4,0.0,3.5652173913043477,27,92,0.0,0.0,0.0001950277665298198,complete_windows,0,001_00,432,"[428, 429, 430, 431, 432]",206,0.99755859375,2043,2048,0.0042863760819092725,synthetic/pilot_v2_r2/train/001,11111,192366
0,"[65, 66, 67, 65, 64]",0.0050321314483881,"[65, 66, 67, 65, 64]",1.0,0,0,64,103351,433,263,0.8042813455657493,0,0,4,0.0,3.5543478260869565,28,92,0.0,0.0,0.000664608419071227,complete_windows,0,001_00,433,"[429, 430, 431, 432, 433]",206,0.99462890625,2037,2048,0.005342588805341148,synthetic/pilot_v2_r2/train/001,11111,202735
0,"[66, 67, 65, 64, 65]",0.009395726025104523,"[66, 67, 65, 64, 65]",1.0,0,0,65,103367,434,262,0.8012232415902141,0,0,4,0.0,3.336734693877551,33,98,0.0,0.0,0.0006733981912165073,complete_windows,0,001_00,434,"[430, 431, 432, 433, 434]",206,0.99560546875,2039,2048,0.015416926580787397,synthetic/pilot_v2_r2/train/001,11111,214514
0,"[67, 65, 64, 65, 63]",0.01002858392894268,"[67, 65, 64, 65, 63]",1.0,0,0,63,103204,435,261,0.8055555555555556,0,0,4,0.0,3.272727272727273,36,99,0.0,0.0,0.000885699089722379,complete_windows,0,001_00,435,"[431, 432, 433, 434, 435]",206,0.99755859375,2043,2048,0.01939620328444947,synthetic/pilot_v2_r2/train/001,11111,225003
0,"[65, 64, 65, 63, 63]",0.013499613851308823,"[65, 64, 65, 63, 63]",1.0,0,0,63,103391,436,257,0.803125,0,0,4,0.0,2.807017543859649,51,114,0.0,0.0,0.0012400298444350363,complete_windows,0,001_00,436,"[432, 433, 434, 435, 436]",206,0.998046875,2044,2048,0.030689445810950833,synthetic/pilot_v2_r2/train/001,11111,237527
0,"[64, 65, 63, 63, 63]",0.01711207441985607,"[64, 65, 63, 63, 63]",1.0,0,0,63,103439,437,255,0.8018867924528302,0,0,4,0.0,2.8392857142857144,49,112,0.0,0.0,0.0012148132162911214,complete_windows,0,001_00,437,"[433, 434, 435, 436, 437]",206,0.9990234375,2046,2048,0.042562503946110775,synthetic/pilot_v2_r2/train/001,11111,244757
0,"[65, 63, 63, 63, 61]",0.01653437875211239,"[65, 63, 63, 63, 61]",1.0,0,0,61,103441,438,254,0.8063492063492064,0,0,4,0.0,2.8125,51,112,0.0,0.0,0.0016812464960763633,complete_windows,0,001_00,438,"[434, 435, 436, 437, 438]",206,0.994140625,2036,2048,0.04970735576958319,synthetic/pilot_v2_r2/train/001,11111,256015
0,"[63, 63, 63, 61, 68]",0.016185171902179718,"[63, 63, 63, 61, 68]",1.0,0,0,68,103432,439,250,0.7861635220125787,0,0,4,0.0,2.765217391304348,47,115,0.0,0.0,0.0022241656986977743,complete_windows,0,001_00,439,"[435, 436, 437, 438, 439]",206,0.9951171875,2038,2048,0.06905041301874244,synthetic/pilot_v2_r2/train/001,11111,269642
0,"[63, 63, 61, 68, 63]",0.011572375893592834,"[63, 63, 61, 68, 63]",1.0,0,1,63,103440,440,255,0.8018867924528302,1,1,4,0.0,2.789473684210526,51,114,0.015873015873015872,0.015873015873015872,0.003038687889789379,complete_windows,0,001_00,440,"[436, 437, 438, 439, 440]",206,0.998046875,2044,2048,0.09064968517557792,synthetic/pilot_v2_r2/train/001,11111,279784
0,"[63, 61, 68, 63, 63]",0.011853238567709923,"[63, 61, 68, 63, 63]",1.0161290322580645,0,0,62,103626,441,255,0.8018867924528302,0,0,4,0.0,3.0576923076923075,42,104,0.0,0.0,0.0033658866901109864,complete_windows,0,001_00,441,"[437, 438, 439, 440, 441]",206,0.99609375,2040,2048,0.10794510760081369,synthetic/pilot_v2_r2/train/001,11111,286682
0,"[61, 68, 63, 63, 68]",0.01603292115032673,"[61, 68, 63, 63, 68]",1.0149253731343284,0,0,67,103472,442,255,0.7894736842105263,0,0,4,0.0,2.7844827586206895,49,116,0.0,0.0,0.003328294267364316,complete_windows,0,001_00,442,"[438, 439, 440, 441, 442]",206,0.99609375,2040,2048,0.12498576825389081,synthetic/pilot_v2_r2/train/001,11111,293870
0,"[68, 63, 63, 68, 67]",0.013551034033298492,"[68, 63, 63, 68, 67]",1.0151515151515151,0,0,66,103719,443,262,0.7963525835866262,0,0,4,0.0,2.860869565217391,49,115,0.0,0.0,0.0024930703780523477,complete_windows,0,001_00,443,"[439, 440, 441, 442, 443]",206,0.998046875,2044,2048,0.15034847223866057,synthetic/pilot_v2_r2/train/001,11111,297442
0,"[63, 63, 68, 67, 65]",0.018010154366493225,"[63, 63, 68, 67, 65]",1.0,0,1,65,103878,444,261,0.8006134969325154,1,1,4,0.0,2.8849557522123894,48,113,0.015384615384615385,0.015384615384615385,0.0016898683915838307,complete_windows,0,001_00,444,"[440, 441, 442, 443, 444]",206,0.99658203125,2041,2048,0.1673816374807703,synthetic/pilot_v2_r2/train/001,11111,297350
0,"[63, 68, 67, 65, 65]",0.01849021203815937,"[63, 68, 67, 65, 65]",1.0,0,0,65,103909,445,263,0.801829268292683,0,0,4,0.0,2.7563025210084033,54,119,0.0,0.0,0.001401483341461356,complete_windows,0,001_00,445,"[441, 442, 443, 444, 445]",206,0.9970703125,2042,2048,0.19852003962339915,synthetic/pilot_v2_r2/train/001,11111,302486
0,"[68, 67, 65, 65, 68]",0.017734602093696594,"[68, 67, 65, 65, 68]",1.0,0,0,68,104044,446,265,0.7957957957957958,0,0,4,0.0,2.9469026548672566,45,113,0.0,0.0,0.0014860919458639234,complete_windows,0,001_00,446,"[442, 443, 444, 445, 446]",206,0.994140625,2036,2048,0.21712606908791965,synthetic/pilot_v2_r2/train/001,11111,307749
0,"[67, 65, 65, 68, 67]",0.011192575097084045,"[67, 65, 65, 68, 67]",1.0,0,2,67,104143,447,265,0.7981927710843374,1,1,4,0.0,2.721311475409836,55,122,0.014925373134328358,0.029850746268656716,0.002889644915547066,complete_windows,0,001_00,447,"[443, 444, 445, 446, 447]",206,0.994140625,2036,2048,0.23009684059157395,synthetic/pilot_v2_r2/train/001,11111,312912
0,"[65, 65, 68, 67, 71]",0.01745646819472313,"[65, 65, 68, 67, 71]",1.0142857142857142,0,0,70,104439,448,265,0.7886904761904762,0,0,4,0.0,3.0825688073394497,39,109,0.0,0.0,0.003932411652664263,complete_windows,0,001_00,448,"[444, 445, 446, 447, 448]",206,0.9951171875,2038,2048,0.2497798923648445,synthetic/pilot_v2_r2/train/001,11111,321333
1,"[0, 0, 0, 0, 0]",,"[0, 0, 0, 0, 0]",,0,0,0,116583,4,0,,0,0,0,,,0,0,,,0.055882439691468624,complete_windows,0,002_00,4,"[0, 1, 2, 3, 4]",206,0.98388671875,2015,2048,0.9663458588461507,synthetic/pilot_v2_r2/train/002,00000,396511
1,"[0, 0, 0, 0, 0]",,"[0, 0, 0, 0, 0]",,0,0,0,116791,5,0,,0,0,0,,,0,0,,,0.05682964938812921,complete_windows,0,002_00,5,"[1, 2, 3, 4, 5]",206,0.98388671875,2015,2048,0.9417122095308389,synthetic/pilot_v2_r2/train/002,00000,381929
1,"[0, 0, 0, 0, 0]",,"[0, 0, 0, 0, 0]",,0,0,0,117126,6,0,,0,0,0,,,0,0,,,0.058040769637014995,complete_windows,0,002_00,6,"[2, 3, 4, 5, 6]",206,0.98974609375,2027,2048,0.965195888385032,synthetic/pilot_v2_r2/train/002,00000,378259
1,"[0, 0, 0, 0, 0]",,"[0, 0, 0, 0, 0]",,0,0,0,117297,7,0,,0,0,0,,,0,0,,,0.059780262270065714,complete_windows,0,002_00,7,"[3, 4, 5, 6, 7]",206,0.990234375,2028,2048,0.9858028429850648,synthetic/pilot_v2_r2/train/002,00000,375552
1,"[0, 0, 0, 0, 0]",,"[0, 0, 0, 0, 0]",,0,0,0,117491,8,0,,0,0,0,,,0,0,,,0.060236773270322036,complete_windows,0,002_00,8,"[4, 5, 6, 7, 8]",206,0.9912109375,2030,2048,1.005267696927662,synthetic/pilot_v2_r2/train/002,00000,374759
1,"[0, 0, 0, 0, 0]",,"[0, 0, 0, 0, 0]",,0,0,0,117664,9,0,,0,0,0,,,0,0,,,0.061005502645824036,complete_windows,0,002_00,9,"[5, 6, 7, 8, 9]",206,0.98974609375,2027,2048,1.0220813685554533,synthetic/pilot_v2_r2/train/002,00000,380214
1,"[0, 0, 0, 0, 0]",,"[0, 0, 0, 0, 0]",,0,0,0,117816,10,0,,0,0,0,,,0,0,,,0.06305325732861693,complete_windows,0,002_00,10,"[6, 7, 8, 9, 10]",206,0.98828125,2024,2048,1.0224720118001567,synthetic/pilot_v2_r2/train/002,00000,382086
1,"[0, 0, 0, 0, 0]",,"[0, 0, 0, 0, 0]",,0,0,0,117827,11,0,,0,0,0,,,0,0,,,0.06544281322397204,complete_windows,0,002_00,11,"[7, 8, 9, 10, 11]",206,0.98388671875,2015,2048,1.0198269749268534,synthetic/pilot_v2_r2/train/002,00000,384664
1,"[0, 0, 0, 0, 0]",,"[0, 0, 0, 0, 0]",,0,0,0,118124,12,0,,0,0,0,,,0,0,,,0.06496903360013287,complete_windows,0,002_00,12,"[8, 9, 10, 11, 12]",206,0.9873046875,2022,2048,1.0192244990949888,synthetic/pilot_v2_r2/train/002,00000,384934
1,"[0, 0, 0, 0, 0]",,"[0, 0, 0, 0, 0]",,0,0,0,118163,13,0,,0,0,0,,,0,0,,,0.06258064121138437,complete_windows,0,002_00,13,"[9, 10, 11, 12, 13]",206,0.98779296875,2023,2048,1.0290860495002332,synthetic/pilot_v2_r2/train/002,00000,386396
1,"[0, 0, 0, 0, 0]",,"[0, 0, 0, 0, 0]",,0,0,0,118194,14,0,,0,0,0,,,0,0,,,0.06061945466890311,complete_windows,0,002_00,14,"[10, 11, 12, 13, 14]",206,0.9892578125,2026,2048,1.0320936266278606,synthetic/pilot_v2_r2/train/002,00000,382202
1,"[0, 0, 0, 0, 0]",,"[0, 0, 0, 0, 0]",,0,0,0,118212,15,0,,0,0,0,,,0,0,,,0.0600284197313791,complete_windows,0,002_00,15,"[11, 12, 13, 14, 15]",206,0.9814453125,2010,2048,1.0402343316167795,synthetic/pilot_v2_r2/train/002,00000,379140
1,"[0, 0, 0, 0, 0]",,"[0, 0, 0, 0, 0]",,0,0,0,118350,16,0,,0,0,0,,,0,0,,,0.05988758371271035,complete_windows,0,002_00,16,"[12, 13, 14, 15, 16]",206,0.9873046875,2022,2048,1.0357255716496157,synthetic/pilot_v2_r2/train/002,00000,378383
1,"[0, 0, 0, 0, 0]",,"[0, 0, 0, 0, 0]",,0,0,0,118128,17,0,,0,0,0,,,0,0,,,0.05995642280798513,complete_windows,0,002_00,17,"[13, 14, 15, 16, 17]",206,0.99169921875,2031,2048,1.0234080660283624,synthetic/pilot_v2_r2/train/002,00000,377693
1,"[0, 0, 0, 0, 0]",,"[0, 0, 0, 0, 0]",,0,0,0,118359,18,0,,0,0,0,,,0,0,,,0.05981346634662151,complete_windows,0,002_00,18,"[14, 15, 16, 17, 18]",206,0.9833984375,2014,2048,1.0235789177754357,synthetic/pilot_v2_r2/train/002,00000,377379
1,"[0, 0, 0, 0, 0]",,"[0, 0, 0, 0, 0]",,0,0,0,118242,19,0,,0,0,0,,,0,0,,,0.05936968902529027,complete_windows,0,002_00,19,"[15, 16, 17, 18, 19]",206,0.986328125,2020,2048,1.0083338029933215,synthetic/pilot_v2_r2/train/002,00000,380159
1,"[0, 0, 0, 0, 0]",,"[0, 0, 0, 0, 0]",,0,0,0,118458,20,0,,0,0,0,,,0,0,,,0.06003183170788444,complete_windows,0,002_00,20,"[16, 17, 18, 19, 20]",206,0.98583984375,2019,2048,1.0162174134784325,synthetic/pilot_v2_r2/train/002,00000,376706
1,"[0, 0, 0, 0, 0]",,"[0, 0, 0, 0, 0]",,0,0,0,117987,21,0,,0,0,0,,,0,0,,,0.06096073644314156,complete_windows,0,002_00,21,"[17, 18, 19, 20, 21]",206,0.986328125,2020,2048,1.0212284272052636,synthetic/pilot_v2_r2/train/002,00000,375703
1,"[0, 0, 0, 0, 0]",,"[0, 0, 0, 0, 0]",,0,0,0,117656,22,0,,0,0,0,,,0,0,,,0.058726412148327654,complete_windows,0,002_00,22,"[18, 19, 20, 21, 22]",206,0.9873046875,2022,2048,1.0106595945963222,synthetic/pilot_v2_r2/train/002,00000,376537
1,"[0, 0, 0, 0, 0]",,"[0, 0, 0, 0, 0]",,0,0,0,117503,23,0,,0,0,0,,,0,0,,,0.05359509870926982,complete_windows,0,002_00,23,"[19, 20, 21, 22, 23]",206,0.9912109375,2030,2048,1.018705143216683,synthetic/pilot_v2_r2/train/002,00000,377261
1,"[0, 0, 0, 0, 0]",,"[0, 0, 0, 0, 0]",,0,0,0,117221,24,0,,0,0,0,,,0,0,,,0.04736271304000362,complete_windows,0,002_00,24,"[20, 21, 22, 23, 24]",206,0.9892578125,2026,2048,1.0049344826468638,synthetic/pilot_v2_r2/train/002,00000,376024
1,"[0, 0, 0, 0, 0]",,"[0, 0, 0, 0, 0]",,0,0,0,117140,25,0,,0,0,0,,,0,0,,,0.041010165925127864,complete_windows,0,002_00,25,"[21, 22, 23, 24, 25]",206,0.9853515625,2018,2048,0.9917765515177844,synthetic/pilot_v2_r2/train/002,00000,374152
1,"[0, 0, 0, 0, 0]",,"[0, 0, 0, 0, 0]",,0,0,0,116730,26,0,,0,0,0,,,0,0,,,0.034593800329550714,complete_windows,0,002_00,26,"[22, 23, 24, 25, 26]",206,0.98828125,2024,2048,0.994510330458186,synthetic/pilot_v2_r2/train/002,00000,371956
1,"[0, 0, 0, 0, 0]",,"[0, 0, 0, 0, 0]",,0,0,0,116378,27,0,,0,0,0,,,0,0,,,0.028437019363485506,complete_windows,0,002_00,27,"[23, 24, 25, 26, 27]",206,0.98583984375,2019,2048,0.9848248929076272,synthetic/pilot_v2_r2/train/002,00000,377768
1,"[0, 0, 0, 0, 0]",,"[0, 0, 0, 0, 0]",,0,0,0,115958,28,0,,0,0,0,,,0,0,,,0.022481225054801164,complete_windows,0,002_00,28,"[24, 25, 26, 27, 28]",206,0.99267578125,2033,2048,0.986623196857455,synthetic/pilot_v2_r2/train/002,00000,379397
1,"[0, 0, 0, 0, 0]",,"[0, 0, 0, 0, 0]",,0,0,0,115685,29,0,,0,0,0,,,0,0,,,0.015782182807704073,complete_windows,0,002_00,29,"[25, 26, 27, 28, 29]",206,0.9892578125,2026,2048,0.9807528341862736,synthetic/pilot_v2_r2/train/002,00000,379485
1,"[0, 0, 0, 0, 0]",,"[0, 0, 0, 0, 0]",,0,0,0,115336,30,0,,0,0,0,,,0,0,,,0.010502168677713457,complete_windows,0,002_00,30,"[26, 27, 28, 29, 30]",206,0.97607421875,1999,2048,0.9799825494032863,synthetic/pilot_v2_r2/train/002,00000,378743
1,"[0, 0, 0, 0, 0]",,"[0, 0, 0, 0, 0]",,0,0,0,114906,31,0,,0,0,0,,,0,0,,,0.007163441763445441,complete_windows,0,002_00,31,"[27, 28, 29, 30, 31]",206,0.99267578125,2033,2048,0.9841477320765353,synthetic/pilot_v2_r2/train/002,00000,374695
1,"[0, 0, 0, 0, 0]",,"[0, 0, 0, 0, 0]",,0,0,0,114476,32,0,,0,0,0,,,0,0,,,0.006006617286761176,complete_windows,0,002_00,32,"[28, 29, 30, 31, 32]",206,0.982421875,2012,2048,0.9748001265997533,synthetic/pilot_v2_r2/train/002,00000,374611
1,"[0, 0, 0, 0, 0]",,"[0, 0, 0, 0, 0]",,0,0,0,114016,33,0,,0,0,0,,,0,0,,,0.009763584372020259,complete_windows,0,002_00,33,"[29, 30, 31, 32, 33]",206,0.9892578125,2026,2048,0.978659030675048,synthetic/pilot_v2_r2/train/002,00000,376023
1,"[0, 0, 0, 0, 0]",,"[0, 0, 0, 0, 0]",,0,0,0,113447,34,0,,0,0,0,,,0,0,,,0.015579268260661566,complete_windows,0,002_00,34,"[30, 31, 32, 33, 34]",206,0.98291015625,2013,2048,0.9698947174665248,synthetic/pilot_v2_r2/train/002,00000,377372
1,"[0, 0, 0, 0, 0]",,"[0, 0, 0, 0, 0]",,0,0,0,112884,35,0,,0,0,0,,,0,0,,,0.023852822526508947,complete_windows,0,002_00,35,"[31, 32, 33, 34, 35]",206,0.984375,2016,2048,0.9595449170597289,synthetic/pilot_v2_r2/train/002,00000,377463
1,"[0, 0, 0, 0, 0]",,"[0, 0, 0, 0, 0]",,0,0,0,112429,36,0,,0,0,0,,,0,0,,,0.0328532824344293,complete_windows,0,002_00,36,"[32, 33, 34, 35, 36]",206,0.982421875,2012,2048,0.9493939798881558,synthetic/pilot_v2_r2/train/002,00000,376552
0,"[0, 0, 0, 0, 0]",0.0,"[0, 0, 0, 0, 1]",1.0,0,0,1,111904,37,0,0.0,0,0,0,0.0,1.0,0,1,0.0,0.0,0.04247667193918125,complete_windows,0,002_00,37,"[33, 34, 35, 36, 37]",206,0.98681640625,2021,2048,0.9197478685540015,synthetic/pilot_v2_r2/train/002,00001,374090
0,"[0, 0, 0, 0, 0]",,"[0, 0, 0, 1, 0]",,0,0,0,111463,38,1,1.0,0,0,1,,1.0,1,1,,,0.050166692315798705,complete_windows,0,002_00,38,"[34, 35, 36, 37, 38]",206,0.9853515625,2018,2048,0.8889324357225504,synthetic/pilot_v2_r2/train/002,00010,373722
0,"[0, 0, 0, 0, 0]",,"[0, 0, 1, 0, 0]",,0,0,0,111236,39,1,1.0,0,0,1,,1.0,1,1,,,0.05603099778786172,complete_windows,0,002_00,39,"[35, 36, 37, 38, 39]",206,0.986328125,2020,2048,0.8459253177967186,synthetic/pilot_v2_r2/train/002,00100,370578
0,"[0, 0, 0, 0, 0]",,"[0, 1, 0, 0, 0]",,0,0,0,110775,40,1,1.0,0,0,1,,1.0,1,1,,,0.061098800648611305,complete_windows,0,002_00,40,"[36, 37, 38, 39, 40]",206,0.98193359375,2011,2048,0.8040898951551883,synthetic/pilot_v2_r2/train/002,01000,371967
0,"[0, 0, 0, 0, 0]",,"[1, 0, 0, 0, 0]",,0,0,0,110498,41,1,1.0,0,0,1,,1.0,1,1,,,0.06373473989761069,complete_windows,0,002_00,41,"[37, 38, 39, 40, 41]",206,0.9931640625,2034,2048,0.749703299373467,synthetic/pilot_v2_r2/train/002,10000,370856
1,"[0, 0, 0, 0, 0]",,"[0, 0, 0, 0, 0]",,0,0,0,110303,42,0,,0,0,0,,,0,0,,,0.06570316066478686,complete_windows,0,002_00,42,"[38, 39, 40, 41, 42]",206,0.9912109375,2030,2048,0.709301516418182,synthetic/pilot_v2_r2/train/002,00000,367577
1,"[0, 0, 0, 0, 0]",,"[0, 0, 0, 0, 0]",,0,0,0,110173,43,0,,0,0,0,,,0,0,,,0.0677637882007117,complete_windows,0,002_00,43,"[39, 40, 41, 42, 43]",206,0.98388671875,2015,2048,0.6770738939445964,synthetic/pilot_v2_r2/train/002,00000,363823
1,"[0, 0, 0, 0, 0]",,"[0, 0, 0, 0, 0]",,0,0,0,109725,44,0,,0,0,0,,,0,0,,,0.07003283303114446,complete_windows,0,002_00,44,"[40, 41, 42, 43, 44]",206,0.97119140625,1989,2048,0.6364341610187706,synthetic/pilot_v2_r2/train/002,00000,362724
1,"[0, 0, 0, 0, 0]",,"[0, 0, 0, 0, 0]",,0,0,0,109643,45,0,,0,0,0,,,0,0,,,0.0722440713428398,complete_windows,0,002_00,45,"[41, 42, 43, 44, 45]",206,0.98291015625,2013,2048,0.6094744252771903,synthetic/pilot_v2_r2/train/002,00000,364050
1,"[0, 0, 0, 0, 0]",,"[0, 0, 0, 0, 0]",,0,0,0,109361,46,0,,0,0,0,,,0,0,,,0.07214668610697461,complete_windows,0,002_00,46,"[42, 43, 44, 45, 46]",206,0.990234375,2028,2048,0.5738115087464141,synthetic/pilot_v2_r2/train/002,00000,363395
1,"[0, 0, 0, 0, 0]",,"[0, 0, 0, 0, 0]",,0,0,0,109488,47,0,,0,0,0,,,0,0,,,0.07178911596389481,complete_windows,0,002_00,47,"[43, 44, 45, 46, 47]",206,0.98828125,2024,2048,0.5207793969877293,synthetic/pilot_v2_r2/train/002,00000,363295
1,"[0, 0, 0, 0, 0]",,"[0, 0, 0, 0, 0]",,0,0,0,109082,48,0,,0,0,0,,,0,0,,,0.07108989199842942,complete_windows,0,002_00,48,"[44, 45, 46, 47, 48]",206,0.9775390625,2002,2048,0.5037830773819856,synthetic/pilot_v2_r2/train/002,00000,362563
1,"[0, 0, 0, 0, 0]",,"[0, 0, 0, 0, 0]",,0,0,0,108947,49,0,,0,0,0,,,0,0,,,0.06829188547905071,complete_windows,0,002_00,49,"[45, 46, 47, 48, 49]",206,0.98974609375,2027,2048,0.49971748843274477,synthetic/pilot_v2_r2/train/002,00000,362771
1,"[0, 0, 0, 0, 0]",,"[0, 0, 0, 0, 0]",,0,0,0,108789,50,0,,0,0,0,,,0,0,,,0.06653028183613764,complete_windows,0,002_00,50,"[46, 47, 48, 49, 50]",206,0.9951171875,2038,2048,0.4716485279954426,synthetic/pilot_v2_r2/train/002,00000,365755
1,"[0, 0, 0, 0, 0]",,"[0, 0, 0, 0, 0]",,0,0,0,108400,51,0,,0,0,0,,,0,0,,,0.06355199060457005,complete_windows,0,002_00,51,"[47, 48, 49, 50, 51]",206,0.9892578125,2026,2048,0.4577508936392017,synthetic/pilot_v2_r2/train/002,00000,366826
1,"[0, 0, 0, 0, 0]",,"[0, 0, 0, 0, 0]",,0,0,0,108501,52,0,,0,0,0,,,0,0,,,0.05994903866867166,complete_windows,0,002_00,52,"[48, 49, 50, 51, 52]",206,0.9775390625,2002,2048,0.43941656706315485,synthetic/pilot_v2_r2/train/002,00000,365103
1,"[0, 0, 0, 0, 0]",,"[0, 0, 0, 0, 0]",,0,0,0,108122,53,0,,0,0,0,,,0,0,,,0.0571377359934457,complete_windows,0,002_00,53,"[49, 50, 51, 52, 53]",206,0.9853515625,2018,2048,0.39126477670904347,synthetic/pilot_v2_r2/train/002,00000,364253
1,"[0, 0, 0, 0, 0]",,"[0, 0, 0, 0, 0]",,0,0,0,108186,54,0,,0,0,0,,,0,0,,,0.05454873720674456,complete_windows,0,002_00,54,"[50, 51, 52, 53, 54]",206,0.98974609375,2027,2048,0.3763404730944595,synthetic/pilot_v2_r2/train/002,00000,364069
1,"[0, 0, 0, 0, 0]",,"[0, 0, 0, 0, 0]",,0,0,0,108170,55,0,,0,0,0,,,0,0,,,0.0507297226123068,complete_windows,0,002_00,55,"[51, 52, 53, 54, 55]",206,0.97900390625,2005,2048,0.35575102345730714,synthetic/pilot_v2_r2/train/002,00000,366312
1,"[0, 0, 0, 0, 0]",,"[0, 0, 0, 0, 0]",,0,0,0,108127,56,0,,0,0,0,,,0,0,,,0.04533183491352063,complete_windows,0,002_00,56,"[52, 53, 54, 55, 56]",206,0.98388671875,2015,2048,0.3043452386258871,synthetic/pilot_v2_r2/train/002,00000,365179
1,"[0, 0, 0, 0, 0]",,"[0, 0, 0, 0, 0]",,0,0,0,108221,57,0,,0,0,0,,,0,0,,,0.042699107170941816,complete_windows,0,002_00,57,"[53, 54, 55, 56, 57]",206,0.98486328125,2017,2048,0.28880565726535357,synthetic/pilot_v2_r2/train/002,00000,367217
1,"[0, 0, 0, 0, 0]",,"[0, 0, 0, 0, 0]",,0,0,0,107923,58,0,,0,0,0,,,0,0,,,0.04038448356040951,complete_windows,0,002_00,58,"[54, 55, 56, 57, 58]",206,0.9833984375,2014,2048,0.2582415678622798,synthetic/pilot_v2_r2/train/002,00000,364599
1,"[0, 0, 0, 0, 0]",,"[0, 0, 0, 0, 0]",,0,0,0,107821,59,0,,0,0,0,,,0,0,,,0.03750700176745277,complete_windows,0,002_00,59,"[55, 56, 57, 58, 59]",206,0.98779296875,2023,2048,0.24005138540979684,synthetic/pilot_v2_r2/train/002,00000,358751
1,"[0, 0, 0, 0, 0]",,"[0, 0, 0, 0, 0]",,0,0,0,107981,60,0,,0,0,0,,,0,0,,,0.036917917169632414,complete_windows,0,002_00,60,"[56, 57, 58, 59, 60]",206,0.99365234375,2035,2048,0.23409313734821413,synthetic/pilot_v2_r2/train/002,00000,357713
1,"[0, 0, 0, 0, 0]",,"[0, 0, 0, 0, 0]",,0,0,0,107811,61,0,,0,0,0,,,0,0,,,0.035203620860936355,complete_windows,0,002_00,61,"[57, 58, 59, 60, 61]",206,0.99072265625,2029,2048,0.21871318802559003,synthetic/pilot_v2_r2/train/002,00000,356735
1,"[0, 0, 0, 0, 0]",,"[0, 0, 0, 0, 0]",,0,0,0,107939,62,0,,0,0,0,,,0,0,,,0.03541627835996596,complete_windows,0,002_00,62,"[58, 59, 60, 61, 62]",206,0.98095703125,2009,2048,0.22447292441458191,synthetic/pilot_v2_r2/train/002,00000,354480
1,"[0, 0, 0, 0, 0]",,"[0, 0, 0, 0, 0]",,0,0,0,108110,63,0,,0,0,0,,,0,0,,,0.03609679885023149,complete_windows,0,002_00,63,"[59, 60, 61, 62, 63]",206,0.9892578125,2026,2048,0.20952655988905666,synthetic/pilot_v2_r2/train/002,00000,356554
1,"[0, 0, 0, 0, 0]",,"[0, 0, 0, 0, 0]",,0,0,0,107543,64,0,,0,0,0,,,0,0,,,0.03666494842386361,complete_windows,0,002_00,64,"[60, 61, 62, 63, 64]",206,0.9912109375,2030,2048,0.21315127995256755,synthetic/pilot_v2_r2/train/002,00000,357896
1,"[0, 0, 0, 0, 0]",,"[0, 0, 0, 0, 0]",,0,0,0,107657,65,0,,0,0,0,,,0,0,,,0.03863199891921474,complete_windows,0,002_00,65,"[61, 62, 63, 64, 65]",206,0.9921875,2032,2048,0.22115012408793183,synthetic/pilot_v2_r2/train/002,00000,355972
1,"[0, 0, 0, 0, 0]",,"[0, 0, 0, 0, 0]",,0,0,0,107429,66,0,,0,0,0,,,0,0,,,0.04036150726996175,complete_windows,0,002_00,66,"[62, 63, 64, 65, 66]",206,0.97802734375,2003,2048,0.21411393441762516,synthetic/pilot_v2_r2/train/002,00000,356749
1,"[0, 0, 0, 0, 0]",,"[0, 0, 0, 0, 0]",,0,0,0,107566,67,0,,0,0,0,,,0,0,,,0.044227359307050275,complete_windows,0,002_00,67,"[63, 64, 65, 66, 67]",206,0.984375,2016,2048,0.23977784371759023,synthetic/pilot_v2_r2/train/002,00000,356985
1,"[0, 0, 0, 0, 0]",,"[0, 0, 0, 0, 0]",,0,0,0,107623,68,0,,0,0,0,,,0,0,,,0.05075911603741048,complete_windows,0,002_00,68,"[64, 65, 66, 67, 68]",206,0.98046875,2008,2048,0.2712162314260779,synthetic/pilot_v2_r2/train/002,00000,362491
1,"[0, 0, 0, 0, 0]",,"[0, 0, 0, 0, 0]",,0,0,0,107346,69,0,,0,0,0,,,0,0,,,0.057705852418416616,complete_windows,0,002_00,69,"[65, 66, 67, 68, 69]",206,0.98876953125,2025,2048,0.3139021911202409,synthetic/pilot_v2_r2/train/002,00000,365621
1,"[0, 0, 0, 0, 0]",,"[0, 0, 0, 0, 0]",,0,0,0,107187,70,0,,0,0,0,,,0,0,,,0.06511562702266172,complete_windows,0,002_00,70,"[66, 67, 68, 69, 70]",206,0.984375,2016,2048,0.37783684594707584,synthetic/pilot_v2_r2/train/002,00000,366188
1,"[0, 0, 0, 0, 0]",,"[0, 0, 0, 0, 0]",,0,0,0,107045,71,0,,0,0,0,,,0,0,,,0.07228388435558362,complete_windows,0,002_00,71,"[67, 68, 69, 70, 71]",206,0.97802734375,2003,2048,0.43903866317848755,synthetic/pilot_v2_r2/train/002,00000,367243
1,"[0, 0, 0, 0, 0]",,"[0, 0, 0, 0, 0]",,0,0,0,106704,72,0,,0,0,0,,,0,0,,,0.07978435035699898,complete_windows,0,002_00,72,"[68, 69, 70, 71, 72]",206,0.9814453125,2010,2048,0.48700735799259914,synthetic/pilot_v2_r2/train/002,00000,369331
1,"[0, 0, 0, 0, 0]",,"[0, 0, 0, 0, 0]",,0,0,0,106736,73,0,,0,0,0,,,0,0,,,0.08497569323456262,complete_windows,0,002_00,73,"[69, 70, 71, 72, 73]",206,0.986328125,2020,2048,0.5313787612894113,synthetic/pilot_v2_r2/train/002,00000,371342
1,"[0, 0, 0, 0, 0]",,"[0, 0, 0, 0, 0]",,0,0,0,106630,74,0,,0,0,0,,,0,0,,,0.08801789435651906,complete_windows,0,002_00,74,"[70, 71, 72, 73, 74]",206,0.98974609375,2027,2048,0.5713048105689699,synthetic/pilot_v2_r2/train/002,00000,368803
1,"[0, 0, 0, 0, 0]",,"[0, 0, 0, 0, 0]",,0,0,0,106649,75,0,,0,0,0,,,0,0,,,0.09070992895596772,complete_windows,0,002_00,75,"[71, 72, 73, 74, 75]",206,0.9931640625,2034,2048,0.5964958524119479,synthetic/pilot_v2_r2/train/002,00000,368670
1,"[0, 0, 0, 0, 0]",,"[0, 0, 0, 0, 0]",,0,0,0,106657,76,0,,0,0,0,,,0,0,,,0.09191369306026564,complete_windows,0,002_00,76,"[72, 73, 74, 75, 76]",206,0.9873046875,2022,2048,0.6162269133566959,synthetic/pilot_v2_r2/train/002,00000,366920
1,"[0, 0, 0, 0, 0]",,"[0, 0, 0, 0, 0]",,0,0,0,106399,77,0,,0,0,0,,,0,0,,,0.09373259503343309,complete_windows,0,002_00,77,"[73, 74, 75, 76, 77]",206,0.97021484375,1987,2048,0.6423462176800425,synthetic/pilot_v2_r2/train/002,00000,371092
1,"[0, 0, 0, 0, 0]",,"[0, 0, 0, 0, 0]",,0,0,0,106488,78,0,,0,0,0,,,0,0,,,0.09568140598291455,complete_windows,0,002_00,78,"[74, 75, 76, 77, 78]",206,0.98681640625,2021,2048,0.6354572875585477,synthetic/pilot_v2_r2/train/002,00000,373412
1,"[0, 0, 0, 0, 0]",,"[0, 0, 0, 0, 0]",,0,0,0,106181,79,0,,0,0,0,,,0,0,,,0.09803084654197582,complete_windows,0,002_00,79,"[75, 76, 77, 78, 79]",206,0.9853515625,2018,2048,0.6559113088956695,synthetic/pilot_v2_r2/train/002,00000,379256
1,"[0, 0, 0, 0, 0]",,"[0, 0, 0, 0, 0]",,0,0,0,105924,80,0,,0,0,0,,,0,0,,,0.09715200682854651,complete_windows,0,002_00,80,"[76, 77, 78, 79, 80]",206,0.98583984375,2019,2048,0.6885777827391343,synthetic/pilot_v2_r2/train/002,00000,377841
1,"[0, 0, 0, 0, 0]",,"[0, 0, 0, 0, 0]",,0,0,0,105576,81,0,,0,0,0,,,0,0,,,0.09458538002542806,complete_windows,0,002_00,81,"[77, 78, 79, 80, 81]",206,0.9833984375,2014,2048,0.7117286805584416,synthetic/pilot_v2_r2/train/002,00000,378766
1,"[0, 0, 0, 0, 0]",,"[0, 0, 0, 0, 0]",,0,0,0,105040,82,0,,0,0,0,,,0,0,,,0.09190869403000504,complete_windows,0,002_00,82,"[78, 79, 80, 81, 82]",206,0.9853515625,2018,2048,0.743615738011411,synthetic/pilot_v2_r2/train/002,00000,378605
1,"[0, 0, 0, 0, 0]",,"[0, 0, 0, 0, 0]",,0,0,0,104753,83,0,,0,0,0,,,0,0,,,0.09141191712091401,complete_windows,0,002_00,83,"[79, 80, 81, 82, 83]",206,0.98486328125,2017,2048,0.7724066713763033,synthetic/pilot_v2_r2/train/002,00000,377830
1,"[0, 0, 0, 0, 0]",,"[0, 0, 0, 0, 0]",,0,0,0,104209,84,0,,0,0,0,,,0,0,,,0.09189176364129398,complete_windows,0,002_00,84,"[80, 81, 82, 83, 84]",206,0.98388671875,2015,2048,0.7823093263736703,synthetic/pilot_v2_r2/train/002,00000,372205
1,"[0, 0, 0, 0, 0]",,"[0, 0, 0, 0, 0]",,0,0,0,103650,85,0,,0,0,0,,,0,0,,,0.09143193448828678,complete_windows,0,002_00,85,"[81, 82, 83, 84, 85]",206,0.982421875,2012,2048,0.8019862850472748,synthetic/pilot_v2_r2/train/002,00000,368508
1,"[0, 0, 0, 0, 0]",,"[0, 0, 0, 0, 0]",,0,0,0,102982,86,0,,0,0,0,,,0,0,,,0.09087839284642334,complete_windows,0,002_00,86,"[82, 83, 84, 85, 86]",206,0.984375,2016,2048,0.8299320121081653,synthetic/pilot_v2_r2/train/002,00000,376832
0,"[0, 0, 0, 0, 0]",0.0,"[0, 0, 0, 0, 1]",1.0,0,0,1,102053,87,0,0.0,0,0,0,0.0,1.0,0,1,0.0,0.0,0.08965492704332052,complete_windows,0,002_00,87,"[83, 84, 85, 86, 87]",206,0.98095703125,2009,2048,0.8491778762921323,synthetic/pilot_v2_r2/train/002,00001,378450
0,"[0, 0, 0, 0, 0]",,"[0, 0, 0, 1, 0]",,0,0,0,101168,88,1,1.0,0,0,1,,1.0,1,1,,,0.09089300605332537,complete_windows,0,002_00,88,"[84, 85, 86, 87, 88]",206,0.98388671875,2015,2048,0.8852427781413098,synthetic/pilot_v2_r2/train/002,00010,377981
0,"[0, 0, 0, 0, 0]",,"[0, 0, 1, 0, 0]",,0,0,0,100326,89,1,1.0,0,0,1,,1.0,1,1,,,0.09092462606912396,complete_windows,0,002_00,89,"[85, 86, 87, 88, 89]",206,0.97998046875,2007,2048,0.8988968068329722,synthetic/pilot_v2_r2/train/002,00100,378387
0,"[0, 0, 0, 0, 0]",,"[0, 1, 0, 0, 0]",,0,0,0,99473,90,1,1.0,0,0,1,,1.0,1,1,,,0.08571251872927725,complete_windows,0,002_00,90,"[86, 87, 88, 89, 90]",206,0.98388671875,2015,2048,0.9182936970449606,synthetic/pilot_v2_r2/train/002,01000,379636
0,"[0, 0, 0, 0, 0]",0.0,"[1, 0, 0, 0, 1]",1.0,0,0,1,98615,91,1,0.5,0,0,1,0.0,1.0,1,2,0.0,0.0,0.0782766312634532,complete_windows,0,002_00,91,"[87, 88, 89, 90, 91]",206,0.98388671875,2015,2048,0.9152152782143683,synthetic/pilot_v2_r2/train/002,10001,376498
0,"[0, 0, 0, 0, 0]",0.0,"[0, 0, 0, 1, 1]",1.0,0,0,1,97407,92,1,0.5,0,0,1,0.0,1.0,1,2,0.0,0.0,0.07783397627937616,complete_windows,0,002_00,92,"[88, 89, 90, 91, 92]",206,0.9833984375,2014,2048,0.9076764315769502,synthetic/pilot_v2_r2/train/002,00011,368383
0,"[0, 0, 0, 0, 0]",,"[0, 0, 1, 1, 0]",,0,0,0,96404,93,2,1.0,0,0,2,,1.0,2,2,,,0.07871188399815467,complete_windows,0,002_00,93,"[89, 90, 91, 92, 93]",206,0.98291015625,2013,2048,0.9166182777275792,synthetic/pilot_v2_r2/train/002,00110,352939
0,"[0, 0, 0, 0, 0]",,"[0, 1, 1, 0, 0]",,0,0,0,95243,94,2,1.0,0,0,2,,1.0,2,2,,,0.0722224146525366,complete_windows,0,002_00,94,"[90, 91, 92, 93, 94]",206,0.98681640625,2021,2048,0.9173102889622164,synthetic/pilot_v2_r2/train/002,01100,353598
0,"[0, 0, 0, 0, 0]",,"[1, 1, 0, 0, 0]",,0,0,0,93789,95,2,1.0,0,0,2,,1.0,2,2,,,0.06834630421467641,complete_windows,0,002_00,95,"[91, 92, 93, 94, 95]",206,0.99072265625,2029,2048,0.9355958603826063,synthetic/pilot_v2_r2/train/002,11000,349833
0,"[0, 0, 0, 0, 0]",,"[1, 0, 0, 0, 0]",,0,0,0,92855,96,1,1.0,0,0,1,,1.0,1,1,,,0.06518493191320204,complete_windows,0,002_00,96,"[92, 93, 94, 95, 96]",206,0.9873046875,2022,2048,0.9737733922887181,synthetic/pilot_v2_r2/train/002,10000,345050
1,"[0, 0, 0, 0, 0]",,"[0, 0, 0, 0, 0]",,0,0,0,91874,97,0,,0,0,0,,,0,0,,,0.06236885853625648,complete_windows,0,002_00,97,"[93, 94, 95, 96, 97]",206,0.98583984375,2019,2048,0.9764653122075011,synthetic/pilot_v2_r2/train/002,00000,335639
1,"[0, 0, 0, 0, 0]",,"[0, 0, 0, 0, 0]",,0,0,0,91407,98,0,,0,0,0,,,0,0,,,0.062271644243920114,complete_windows,0,002_00,98,"[94, 95, 96, 97, 98]",206,0.978515625,2004,2048,0.9933156848455372,synthetic/pilot_v2_r2/train/002,00000,333752
1,"[0, 0, 0, 0, 0]",,"[0, 0, 0, 0, 0]",,0,0,0,90961,99,0,,0,0,0,,,0,0,,,0.06474180179887154,complete_windows,0,002_00,99,"[95, 96, 97, 98, 99]",206,0.98046875,2008,2048,1.0154284005010248,synthetic/pilot_v2_r2/train/002,00000,328851
0,"[0, 0, 0, 0, 0]",0.0,"[0, 0, 0, 0, 1]",1.0,0,0,1,90503,100,0,0.0,0,0,0,0.0,1.0,0,1,0.0,0.0,0.06746625223730482,complete_windows,0,002_00,100,"[96, 97, 98, 99, 100]",206,0.97802734375,2003,2048,1.0265636125032958,synthetic/pilot_v2_r2/train/002,00001,328224
0,"[0, 0, 0, 0, 0]",,"[0, 0, 0, 1, 0]",,0,0,0,89860,101,1,1.0,0,0,1,,1.0,1,1,,,0.06514169024674434,complete_windows,0,002_00,101,"[97, 98, 99, 100, 101]",206,0.98974609375,2027,2048,1.073299088189264,synthetic/pilot_v2_r2/train/002,00010,327411
0,"[0, 0, 0, 0, 0]",,"[0, 0, 1, 0, 0]",,0,0,0,89401,102,1,1.0,0,0,1,,1.0,1,1,,,0.05660114382820696,complete_windows,0,002_00,102,"[98, 99, 100, 101, 102]",206,0.98193359375,2011,2048,1.1043443628980318,synthetic/pilot_v2_r2/train/002,00100,325145
0,"[0, 0, 0, 0, 0]",0.0,"[0, 1, 0, 0, 1]",1.0,0,0,1,89165,103,1,0.5,0,0,1,0.0,1.0,1,2,0.0,0.0,0.049796131123151614,complete_windows,0,002_00,103,"[99, 100, 101, 102, 103]",206,0.98486328125,2017,2048,1.1292853533912295,synthetic/pilot_v2_r2/train/002,01001,319098
0,"[0, 0, 0, 0, 0]",,"[1, 0, 0, 1, 0]",,0,0,0,89150,104,2,1.0,0,0,2,,1.0,2,2,,,0.04809787928743685,complete_windows,0,002_00,104,"[100, 101, 102, 103, 104]",206,0.98828125,2024,2048,1.1601215124004183,synthetic/pilot_v2_r2/train/002,10010,312967
0,"[0, 0, 0, 0, 0]",,"[0, 0, 1, 0, 0]",,0,0,0,89403,105,1,1.0,0,0,1,,1.0,1,1,,,0.044215920693529455,complete_windows,0,002_00,105,"[101, 102, 103, 104, 105]",206,0.98583984375,2019,2048,1.1726062334214327,synthetic/pilot_v2_r2/train/002,00100,308888
0,"[0, 0, 0, 0, 0]",,"[0, 1, 0, 0, 0]",,0,0,0,89590,106,1,1.0,0,0,1,,1.0,1,1,,,0.03662125208415674,complete_windows,0,002_00,106,"[102, 103, 104, 105, 106]",206,0.98291015625,2013,2048,1.2022486533304395,synthetic/pilot_v2_r2/train/002,01000,308777
0,"[0, 0, 0, 0, 0]",,"[1, 0, 0, 0, 0]",,0,0,0,89789,107,1,1.0,0,0,1,,1.0,1,1,,,0.027999228457092448,complete_windows,0,002_00,107,"[103, 104, 105, 106, 107]",206,0.98388671875,2015,2048,1.2228712094131804,synthetic/pilot_v2_r2/train/002,10000,309811
1,"[0, 0, 0, 0, 0]",,"[0, 0, 0, 0, 0]",,0,0,0,90061,108,0,,0,0,0,,,0,0,,,0.020318181109520248,complete_windows,0,002_00,108,"[104, 105, 106, 107, 108]",206,0.98974609375,2027,2048,1.224394704382655,synthetic/pilot_v2_r2/train/002,00000,307874
1,"[0, 0, 0, 0, 0]",,"[0, 0, 0, 0, 0]",,0,0,0,90240,109,0,,0,0,0,,,0,0,,,0.01358346379786286,complete_windows,0,002_00,109,"[105, 106, 107, 108, 109]",206,0.99072265625,2029,2048,1.2448921147242307,synthetic/pilot_v2_r2/train/002,00000,305927
0,"[0, 0, 0, 0, 0]",0.0,"[0, 0, 0, 0, 1]",1.0,0,0,1,90669,110,0,0.0,0,0,0,0.0,1.0,0,1,0.0,0.0,0.01096016328779033,complete_windows,0,002_00,110,"[106, 107, 108, 109, 110]",206,0.98974609375,2027,2048,1.2515084710820632,synthetic/pilot_v2_r2/train/002,00001,301692
0,"[0, 0, 0, 0, 0]",0.0,"[0, 0, 0, 1, 2]",1.0,0,0,2,90996,111,1,0.3333333333333333,0,0,1,0.0,1.0,1,3,0.0,0.0,0.010064155442262253,complete_windows,0,002_00,111,"[107, 108, 109, 110, 111]",206,0.9912109375,2030,2048,1.2557992694995612,synthetic/pilot_v2_r2/train/002,00011,297573
0,"[0, 0, 0, 0, 0]",0.0,"[0, 0, 1, 2, 1]",1.0,0,0,1,91291,112,3,0.75,0,0,2,0.0,1.0,3,4,0.0,0.0,0.010991787374859053,complete_windows,0,002_00,112,"[108, 109, 110, 111, 112]",206,0.99365234375,2035,2048,1.2724023278292884,synthetic/pilot_v2_r2/train/002,00111,297040
0,"[0, 0, 0, 0, 0]",0.0,"[0, 1, 2, 1, 1]",1.0,0,0,1,91829,113,4,0.8,0,0,3,0.0,1.0,4,5,0.0,0.0,0.010916733891739284,complete_windows,0,002_00,113,"[109, 110, 111, 112, 113]",206,0.990234375,2028,2048,1.285047816668655,synthetic/pilot_v2_r2/train/002,01111,296948
0,"[0, 0, 0, 0, 0]",0.0,"[1, 2, 1, 1, 1]",1.0,0,0,1,91845,114,5,0.8333333333333334,0,0,4,0.0,1.0,5,6,0.0,0.0,0.010015556956106831,complete_windows,0,002_00,114,"[110, 111, 112, 113, 114]",206,0.98828125,2024,2048,1.2913658505535588,synthetic/pilot_v2_r2/train/002,11111,298911
0,"[0, 0, 0, 0, 0]",0.0,"[2, 1, 1, 1, 2]",1.0,0,0,2,91967,115,5,0.7142857142857143,0,0,4,0.0,1.0,5,7,0.0,0.0,0.010823812437151295,complete_windows,0,002_00,115,"[111, 112, 113, 114, 115]",206,0.98828125,2024,2048,1.3068941187063783,synthetic/pilot_v2_r2/train/002,11111,299604
0,"[0, 0, 0, 0, 0]",0.0,"[1, 1, 1, 2, 1]",1.0,0,0,1,92244,116,5,0.8333333333333334,0,0,4,0.0,1.0,5,6,0.0,0.0,0.010311908750980047,complete_windows,0,002_00,116,"[112, 113, 114, 115, 116]",206,0.97900390625,2005,2048,1.329730247869663,synthetic/pilot_v2_r2/train/002,11111,300701
0,"[0, 0, 0, 0, 0]",0.0,"[1, 1, 2, 1, 1]",1.0,0,0,1,92314,117,5,0.8333333333333334,0,0,4,0.0,1.0,5,6,0.0,0.0,0.01108749151567726,complete_windows,0,002_00,117,"[113, 114, 115, 116, 117]",206,0.98583984375,2019,2048,1.3245304869853274,synthetic/pilot_v2_r2/train/002,11111,302322
0,"[0, 0, 0, 0, 0]",0.0,"[1, 2, 1, 1, 1]",1.0,0,0,1,92442,118,5,0.8333333333333334,0,0,4,0.0,1.0,5,6,0.0,0.0,0.013576063005416215,complete_windows,0,002_00,118,"[114, 115, 116, 117, 118]",206,0.986328125,2020,2048,1.3552199783637409,synthetic/pilot_v2_r2/train/002,11111,302388
0,"[0, 0, 0, 0, 0]",0.008646988309919834,"[2, 1, 1, 1, 1]",1.0,0,0,1,92709,119,5,0.8333333333333334,0,0,4,0.0,1.2,4,5,0.0,0.0,0.01489208640722564,complete_windows,0,002_00,119,"[115, 116, 117, 118, 119]",206,0.98974609375,2027,2048,1.375815776465883,synthetic/pilot_v2_r2/train/002,11111,300059
0,"[0, 0, 0, 0, 0]",0.0,"[1, 1, 1, 1, 1]",1.0,0,0,1,92561,120,4,0.8,0,0,4,0.0,1.0,4,5,0.0,0.0,0.01438049222328172,complete_windows,0,002_00,120,"[116, 117, 118, 119, 120]",206,0.98779296875,2023,2048,1.3905977565614833,synthetic/pilot_v2_r2/train/002,11111,304592
0,"[0, 0, 0, 0, 0]",0.0,"[1, 1, 1, 1, 1]",1.0,0,0,1,92487,121,4,0.8,0,0,4,0.0,1.0,4,5,0.0,0.0,0.015970659052479234,complete_windows,0,002_00,121,"[117, 118, 119, 120, 121]",206,0.9853515625,2018,2048,1.4211098174116368,synthetic/pilot_v2_r2/train/002,11111,304149
0,"[0, 0, 0, 0, 0]",0.0,"[1, 1, 1, 1, 1]",1.0,0,0,1,92562,122,4,0.8,0,0,4,0.0,1.0,4,5,0.0,0.0,0.01740149589863265,complete_windows,0,002_00,122,"[118, 119, 120, 121, 122]",206,0.98681640625,2021,2048,1.4298873047701564,synthetic/pilot_v2_r2/train/002,11111,304268
0,"[0, 0, 0, 0, 0]",,"[1, 1, 1, 1, 0]",,0,0,0,92475,123,4,1.0,0,0,4,,1.0,4,4,,,0.01844330496973126,complete_windows,0,002_00,123,"[119, 120, 121, 122, 123]",206,0.98681640625,2021,2048,1.4451678158883188,synthetic/pilot_v2_r2/train/002,11110,305539
0,"[0, 0, 0, 0, 0]",0.0,"[1, 1, 1, 0, 2]",1.0,0,0,2,92258,124,3,0.6,0,0,3,0.0,1.0,3,5,0.0,0.0,0.01685129497236129,complete_windows,0,002_00,124,"[120, 121, 122, 123, 124]",206,0.98388671875,2015,2048,1.4407868195727687,synthetic/pilot_v2_r2/train/002,11101,306671
0,"[0, 0, 0, 0, 0]",0.0,"[1, 1, 0, 2, 1]",1.0,0,0,1,91875,125,4,0.8,0,0,3,0.0,1.0,4,5,0.0,0.0,0.01594834271609033,complete_windows,0,002_00,125,"[121, 122, 123, 124, 125]",206,0.98779296875,2023,2048,1.4662969723386545,synthetic/pilot_v2_r2/train/002,11011,305135
0,"[0, 0, 0, 0, 0]",,"[1, 0, 2, 1, 0]",,0,0,0,91509,126,4,1.0,0,0,3,,1.0,4,4,,,0.01593631131678483,complete_windows,0,002_00,126,"[122, 123, 124, 125, 126]",206,0.97998046875,2007,2048,1.4715918117450362,synthetic/pilot_v2_r2/train/002,10110,306553
0,"[0, 0, 0, 0, 0]",,"[0, 2, 1, 0, 0]",,0,0,0,91039,127,3,1.0,0,0,2,,1.0,3,3,,,0.014599231153696915,complete_windows,0,002_00,127,"[123, 124, 125, 126, 127]",206,0.9775390625,2002,2048,1.4694025469474663,synthetic/pilot_v2_r2/train/002,01100,306475
0,"[0, 0, 0, 0, 0]",,"[2, 1, 0, 0, 0]",,0,0,0,90722,128,3,1.0,0,0,2,,1.0,3,3,,,0.013207518003018608,complete_windows,0,002_00,128,"[124, 125, 126, 127, 128]",206,0.98388671875,2015,2048,1.4825157881755666,synthetic/pilot_v2_r2/train/002,11000,304782
0,"[0, 0, 0, 0, 0]",,"[1, 0, 0, 0, 0]",,0,0,0,90866,129,1,1.0,0,0,1,,1.0,1,1,,,0.012117578436756723,complete_windows,0,002_00,129,"[125, 126, 127, 128, 129]",206,0.9873046875,2022,2048,1.4684432385412673,synthetic/pilot_v2_r2/train/002,10000,302340
1,"[0, 0, 0, 0, 0]",,"[0, 0, 0, 0, 0]",,0,0,0,91125,130,0,,0,0,0,,,0,0,,,0.011090757136313953,complete_windows,0,002_00,130,"[126, 127, 128, 129, 130]",206,0.986328125,2020,2048,1.4519207155996667,synthetic/pilot_v2_r2/train/002,00000,304651
1,"[0, 0, 0, 0, 0]",,"[0, 0, 0, 0, 0]",,0,0,0,91601,131,0,,0,0,0,,,0,0,,,0.009992462708087516,complete_windows,0,002_00,131,"[127, 128, 129, 130, 131]",206,0.9873046875,2022,2048,1.4517803566471494,synthetic/pilot_v2_r2/train/002,00000,304070
1,"[0, 0, 0, 0, 0]",,"[0, 0, 0, 0, 0]",,0,0,0,92223,132,0,,0,0,0,,,0,0,,,0.009204023611203599,complete_windows,0,002_00,132,"[128, 129, 130, 131, 132]",206,0.98681640625,2021,2048,1.43307551013025,synthetic/pilot_v2_r2/train/002,00000,305783
1,"[0, 0, 0, 0, 0]",,"[0, 0, 0, 0, 0]",,0,0,0,92761,133,0,,0,0,0,,,0,0,,,0.009524324006578056,complete_windows,0,002_00,133,"[129, 130, 131, 132, 133]",206,0.9833984375,2014,2048,1.4247533735694469,synthetic/pilot_v2_r2/train/002,00000,306870
1,"[0, 0, 0, 0, 0]",,"[0, 0, 0, 0, 0]",,0,0,0,93137,134,0,,0,0,0,,,0,0,,,0.009431099301316114,complete_windows,0,002_00,134,"[130, 131, 132, 133, 134]",206,0.98388671875,2015,2048,1.4367319191435604,synthetic/pilot_v2_r2/train/002,00000,305734
0,"[0, 0, 0, 0, 0]",0.0,"[0, 0, 0, 0, 1]",1.0,0,0,1,93631,135,0,0.0,0,0,0,0.0,1.0,0,1,0.0,0.0,0.00966972361997325,complete_windows,0,002_00,135,"[131, 132, 133, 134, 135]",206,0.986328125,2020,2048,1.4330246568649414,synthetic/pilot_v2_r2/train/002,00001,308888
0,"[0, 0, 0, 0, 0]",0.0,"[0, 0, 0, 1, 1]",1.0,0,0,1,94037,136,1,0.5,0,0,1,0.0,1.0,1,2,0.0,0.0,0.009429528730906332,complete_windows,0,002_00,136,"[132, 133, 134, 135, 136]",206,0.99072265625,2029,2048,1.4314337295221016,synthetic/pilot_v2_r2/train/002,00011,311559
0,"[0, 0, 0, 0, 0]",0.0,"[0, 0, 1, 1, 1]",1.0,0,0,1,94249,137,2,0.6666666666666666,0,0,2,0.0,1.0,2,3,0.0,0.0,0.009780692959624495,complete_windows,0,002_00,137,"[133, 134, 135, 136, 137]",206,0.99169921875,2031,2048,1.4325416479612463,synthetic/pilot_v2_r2/train/002,00111,312178
0,"[0, 0, 0, 0, 0]",,"[0, 1, 1, 1, 0]",,0,0,0,94769,138,3,1.0,0,0,3,,1.0,3,3,,,0.011030629569919528,complete_windows,0,002_00,138,"[134, 135, 136, 137, 138]",206,0.984375,2016,2048,1.4263812640506268,synthetic/pilot_v2_r2/train/002,01110,312501
0,"[0, 0, 0, 0, 0]",0.0,"[1, 1, 1, 0, 2]",1.0,0,0,2,95282,139,3,0.6,0,0,3,0.0,1.0,3,5,0.0,0.0,0.011883459127332326,complete_windows,0,002_00,139,"[135, 136, 137, 138, 139]",206,0.98193359375,2011,2048,1.3995039077764793,synthetic/pilot_v2_r2/train/002,11101,314302
0,"[0, 0, 0, 0, 0]",0.0,"[1, 1, 0, 2, 1]",1.0,0,0,1,95650,140,4,0.8,0,0,3,0.0,1.0,4,5,0.0,0.0,0.013304210603469846,complete_windows,0,002_00,140,"[136, 137, 138, 139, 140]",206,0.98828125,2024,2048,1.4119928534232433,synthetic/pilot_v2_r2/train/002,11011,313603
0,"[0, 0, 0, 0, 0]",0.0,"[1, 0, 2, 1, 2]",1.0,0,0,2,95856,141,4,0.6666666666666666,0,0,3,0.0,1.0,4,6,0.0,0.0,0.016853518823179803,complete_windows,0,002_00,141,"[137, 138, 139, 140, 141]",206,0.9873046875,2022,2048,1.3961186514188033,synthetic/pilot_v2_r2/train/002,10111,314338
0,"[0, 0, 0, 0, 0]",0.0,"[0, 2, 1, 2, 1]",1.0,0,0,1,95787,142,5,0.8333333333333334,0,0,3,0.0,1.0,5,6,0.0,0.0,0.017632462870071437,complete_windows,0,002_00,142,"[138, 139, 140, 141, 142]",206,0.98876953125,2025,2048,1.3801084482090953,synthetic/pilot_v2_r2/train/002,01111,313689
0,"[0, 0, 0, 0, 0]",,"[2, 1, 2, 1, 0]",,0,0,0,95943,143,6,1.0,0,0,4,,1.0,6,6,,,0.017137237883572874,complete_windows,0,002_00,143,"[139, 140, 141, 142, 143]",206,0.986328125,2020,2048,1.3770780283222535,synthetic/pilot_v2_r2/train/002,11110,315200
0,"[0, 0, 0, 0, 0]",,"[1, 2, 1, 0, 0]",,0,0,0,96049,144,4,1.0,0,0,3,,1.0,4,4,,,0.010453613896442126,complete_windows,0,002_00,144,"[140, 141, 142, 143, 144]",206,0.98193359375,2011,2048,1.35874162657935,synthetic/pilot_v2_r2/train/002,11100,314252
0,"[0, 0, 0, 0, 0]",,"[2, 1, 0, 0, 0]",,0,0,0,95791,145,3,1.0,0,0,2,,1.0,3,3,,,0.005202441828225512,complete_windows,0,002_00,145,"[141, 142, 143, 144, 145]",206,0.9873046875,2022,2048,1.3525349946923708,synthetic/pilot_v2_r2/train/002,11000,314333
0,"[0, 0, 0, 0, 0]",,"[1, 0, 0, 0, 0]",,0,0,0,95614,146,1,1.0,0,0,1,,1.0,1,1,,,0.005350486335695903,complete_windows,0,002_00,146,"[142, 143, 144, 145, 146]",206,0.98583984375,2019,2048,1.3488591376457981,synthetic/pilot_v2_r2/train/002,10000,311924
0,"[0, 0, 0, 0, 0]",0.0,"[0, 0, 0, 0, 1]",1.0,0,0,1,95307,147,0,0.0,0,0,0,0.0,1.0,0,1,0.0,0.0,0.008755407283572434,complete_windows,0,002_00,147,"[143, 144, 145, 146, 147]",206,0.986328125,2020,2048,1.3556628514481717,synthetic/pilot_v2_r2/train/002,00001,314408
0,"[0, 0, 0, 0, 0]",0.0,"[0, 0, 0, 1, 2]",1.0,0,0,2,94780,148,1,0.3333333333333333,0,0,1,0.0,1.0,1,3,0.0,0.0,0.009862317499918921,complete_windows,0,002_00,148,"[144, 145, 146, 147, 148]",206,0.98388671875,2015,2048,1.3490294935303206,synthetic/pilot_v2_r2/train/002,00011,315827
0,"[0, 0, 0, 0, 0]",0.0,"[0, 0, 1, 2, 1]",1.0,0,0,1,94361,149,3,0.75,0,0,2,0.0,1.0,3,4,0.0,0.0,0.010204760628247909,complete_windows,0,002_00,149,"[145, 146, 147, 148, 149]",206,0.98974609375,2027,2048,1.3378506260747922,synthetic/pilot_v2_r2/train/002,00111,313758
0,"[0, 0, 0, 0, 0]",,"[0, 1, 2, 1, 0]",,0,0,0,93984,150,4,1.0,0,0,3,,1.0,4,4,,,0.007624280538950229,complete_windows,0,002_00,150,"[146, 147, 148, 149, 150]",206,0.98681640625,2021,2048,1.325417456742087,synthetic/pilot_v2_r2/train/002,01110,312331
0,"[0, 0, 0, 0, 0]",,"[1, 2, 1, 0, 0]",,0,0,0,93425,151,4,1.0,0,0,3,,1.0,4,4,,,0.005590556986970922,complete_windows,0,002_00,151,"[147, 148, 149, 150, 151]",206,0.990234375,2028,2048,1.32293080606777,synthetic/pilot_v2_r2/train/002,11100,308752
0,"[0, 0, 0, 0, 0]",,"[2, 1, 0, 0, 0]",,0,0,0,92897,152,3,1.0,0,0,2,,1.0,3,3,,,0.004648658039411499,complete_windows,0,002_00,152,"[148, 149, 150, 151, 152]",206,0.98486328125,2017,2048,1.3159304211464213,synthetic/pilot_v2_r2/train/002,11000,306951
0,"[0, 0, 0, 0, 0]",,"[1, 0, 0, 0, 0]",,0,0,0,92215,153,1,1.0,0,0,1,,1.0,1,1,,,0.0038741487251580686,complete_windows,0,002_00,153,"[149, 150, 151, 152, 153]",206,0.98876953125,2025,2048,1.3121586964760534,synthetic/pilot_v2_r2/train/002,10000,306952
0,"[0, 0, 0, 0, 0]",0.0,"[0, 0, 0, 0, 1]",1.0,0,0,1,91525,154,0,0.0,0,0,0,0.0,1.0,0,1,0.0,0.0,0.004775997618685624,complete_windows,0,002_00,154,"[150, 151, 152, 153, 154]",206,0.98486328125,2017,2048,1.3088648003668333,synthetic/pilot_v2_r2/train/002,00001,309133
0,"[0, 0, 0, 0, 0]",,"[0, 0, 0, 1, 0]",,0,0,0,90862,155,1,1.0,0,0,1,,1.0,1,1,,,0.00978604704325257,complete_windows,0,002_00,155,"[151, 152, 153, 154, 155]",206,0.98974609375,2027,2048,1.3039324899361104,synthetic/pilot_v2_r2/train/002,00010,308843
0,"[0, 0, 0, 0, 0]",,"[0, 0, 1, 0, 0]",,0,0,0,90421,156,1,1.0,0,0,1,,1.0,1,1,,,0.01309588390172509,complete_windows,0,002_00,156,"[152, 153, 154, 155, 156]",206,0.9921875,2032,2048,1.2936993889652215,synthetic/pilot_v2_r2/train/002,00100,309735
0,"[0, 0, 0, 0, 0]",,"[0, 1, 0, 0, 0]",,0,0,0,90312,157,1,1.0,0,0,1,,1.0,1,1,,,0.015377873301447402,complete_windows,0,002_00,157,"[153, 154, 155, 156, 157]",206,0.98583984375,2019,2048,1.2947884188680876,synthetic/pilot_v2_r2/train/002,01000,310876
0,"[0, 0, 0, 0, 0]",,"[1, 0, 0, 0, 0]",,0,0,0,90149,158,1,1.0,0,0,1,,1.0,1,1,,,0.014128500632504884,complete_windows,0,002_00,158,"[154, 155, 156, 157, 158]",206,0.98681640625,2021,2048,1.2618115225458435,synthetic/pilot_v2_r2/train/002,10000,309849
1,"[0, 0, 0, 0, 0]",,"[0, 0, 0, 0, 0]",,0,0,0,90045,159,0,,0,0,0,,,0,0,,,0.013259428256303479,complete_windows,0,002_00,159,"[155, 156, 157, 158, 159]",206,0.9853515625,2018,2048,1.225224058730557,synthetic/pilot_v2_r2/train/002,00000,309730
1,"[0, 0, 0, 0, 0]",,"[0, 0, 0, 0, 0]",,0,0,0,90302,160,0,,0,0,0,,,0,0,,,0.01588464123791401,complete_windows,0,002_00,160,"[156, 157, 158, 159, 160]",206,0.990234375,2028,2048,1.2087363059929803,synthetic/pilot_v2_r2/train/002,00000,308796
1,"[0, 0, 0, 0, 0]",,"[0, 0, 0, 0, 0]",,0,0,0,90278,161,0,,0,0,0,,,0,0,,,0.019582475670346114,complete_windows,0,002_00,161,"[157, 158, 159, 160, 161]",206,0.98779296875,2023,2048,1.178802663648591,synthetic/pilot_v2_r2/train/002,00000,307798
1,"[0, 0, 0, 0, 0]",,"[0, 0, 0, 0, 0]",,0,0,0,90685,162,0,,0,0,0,,,0,0,,,0.02419454822851035,complete_windows,0,002_00,162,"[158, 159, 160, 161, 162]",206,0.9853515625,2018,2048,1.1652997138469754,synthetic/pilot_v2_r2/train/002,00000,309567
0,"[0, 0, 0, 0, 0]",0.0,"[0, 0, 0, 0, 1]",1.0,0,0,1,90951,163,0,0.0,0,0,0,0.0,1.0,0,1,0.0,0.0,0.028614441018653437,complete_windows,0,002_00,163,"[159, 160, 161, 162, 163]",206,0.9853515625,2018,2048,1.1417337304560762,synthetic/pilot_v2_r2/train/002,00001,311740
0,"[0, 0, 0, 0, 0]",0.0,"[0, 0, 0, 1, 1]",1.0,0,0,1,91442,164,1,0.5,0,0,1,0.0,1.0,1,2,0.0,0.0,0.030188649735181424,complete_windows,0,002_00,164,"[160, 161, 162, 163, 164]",206,0.984375,2016,2048,1.0874976159646632,synthetic/pilot_v2_r2/train/002,00011,314431
0,"[0, 0, 0, 0, 0]",0.0,"[0, 0, 1, 1, 1]",1.0,0,0,1,91875,165,2,0.6666666666666666,0,0,2,0.0,1.0,2,3,0.0,0.0,0.032556963882993006,complete_windows,0,002_00,165,"[161, 162, 163, 164, 165]",206,0.9921875,2032,2048,1.0363338583661867,synthetic/pilot_v2_r2/train/002,00111,316549
0,"[0, 0, 0, 0, 0]",,"[0, 1, 1, 1, 0]",,0,0,0,92277,166,3,1.0,0,0,3,,1.0,3,3,,,0.03568469087290255,complete_windows,0,002_00,166,"[162, 163, 164, 165, 166]",206,0.984375,2016,2048,0.9870976838727311,synthetic/pilot_v2_r2/train/002,01110,316400
0,"[0, 0, 0, 0, 0]",0.0,"[1, 1, 1, 0, 1]",1.0,0,0,1,93129,167,3,0.75,0,0,3,0.0,1.0,3,4,0.0,0.0,0.038846153171183034,complete_windows,0,002_00,167,"[163, 164, 165, 166, 167]",206,0.98486328125,2017,2048,0.9583542636280369,synthetic/pilot_v2_r2/train/002,11101,317225
0,"[0, 0, 0, 0, 0]",,"[1, 1, 0, 1, 0]",,0,0,0,93880,168,3,1.0,0,0,3,,1.0,3,3,,,0.03974139077686892,complete_windows,0,002_00,168,"[164, 165, 166, 167, 168]",206,0.98486328125,2017,2048,0.9477520131841011,synthetic/pilot_v2_r2/train/002,11010,317187
0,"[0, 0, 0, 0, 0]",,"[1, 0, 1, 0, 0]",,0,0,0,94885,169,2,1.0,0,0,2,,1.0,2,2,,,0.04131501794349031,complete_windows,0,002_00,169,"[165, 166, 167, 168, 169]",206,0.98583984375,2019,2048,0.9483073507481072,synthetic/pilot_v2_r2/train/002,10100,319325
0,"[0, 0, 0, 0, 0]",,"[0, 1, 0, 0, 0]",,0,0,0,95510,170,1,1.0,0,0,1,,1.0,1,1,,,0.04370686312680479,complete_windows,0,002_00,170,"[166, 167, 168, 169, 170]",206,0.982421875,2012,2048,0.9586241145079568,synthetic/pilot_v2_r2/train/002,01000,325981
0,"[0, 0, 0, 0, 0]",,"[1, 0, 0, 0, 0]",,0,0,0,96376,171,1,1.0,0,0,1,,1.0,1,1,,,0.04599434255254901,complete_windows,0,002_00,171,"[167, 168, 169, 170, 171]",206,0.97998046875,2007,2048,0.9293350585561796,synthetic/pilot_v2_r2/train/002,10000,329974
1,"[0, 0, 0, 0, 0]",,"[0, 0, 0, 0, 0]",,0,0,0,97340,172,0,,0,0,0,,,0,0,,,0.05137072224909054,complete_windows,0,002_00,172,"[168, 169, 170, 171, 172]",206,0.9814453125,2010,2048,0.9243276346427312,synthetic/pilot_v2_r2/train/002,00000,335203
1,"[0, 0, 0, 0, 0]",,"[0, 0, 0, 0, 0]",,0,0,0,98378,173,0,,0,0,0,,,0,0,,,0.056744801095696566,complete_windows,0,002_00,173,"[169, 170, 171, 172, 173]",206,0.9775390625,2002,2048,0.8995100009918289,synthetic/pilot_v2_r2/train/002,00000,340914
1,"[0, 0, 0, 0, 0]",,"[0, 0, 0, 0, 0]",,0,0,0,99579,174,0,,0,0,0,,,0,0,,,0.051687258180781064,complete_windows,0,002_00,174,"[170, 171, 172, 173, 174]",206,0.97265625,1992,2048,0.8710687437136708,synthetic/pilot_v2_r2/train/002,00000,342005
1,"[0, 0, 0, 0, 0]",,"[0, 0, 0, 0, 0]",,0,0,0,100769,175,0,,0,0,0,,,0,0,,,0.04393610877502277,complete_windows,0,002_00,175,"[171, 172, 173, 174, 175]",206,0.9775390625,2002,2048,0.8812593393392998,synthetic/pilot_v2_r2/train/002,00000,349225
1,"[0, 0, 0, 0, 0]",,"[0, 0, 0, 0, 0]",,0,0,0,102275,176,0,,0,0,0,,,0,0,,,0.044353092900151936,complete_windows,0,002_00,176,"[172, 173, 174, 175, 176]",206,0.96875,1984,2048,0.8591691102047269,synthetic/pilot_v2_r2/train/002,00000,352351
1,"[0, 0, 0, 0, 0]",,"[0, 0, 0, 0, 0]",,0,0,0,103357,177,0,,0,0,0,,,0,0,,,0.04767132045346772,complete_windows,0,002_00,177,"[173, 174, 175, 176, 177]",206,0.9833984375,2014,2048,0.8614292916376449,synthetic/pilot_v2_r2/train/002,00000,360253
1,"[0, 0, 0, 0, 0]",,"[0, 0, 0, 0, 0]",,0,0,0,104245,178,0,,0,0,0,,,0,0,,,0.04619761503651395,complete_windows,0,002_00,178,"[174, 175, 176, 177, 178]",206,0.9853515625,2018,2048,0.8396979793675845,synthetic/pilot_v2_r2/train/002,00000,365653
1,"[0, 0, 0, 0, 0]",,"[0, 0, 0, 0, 0]",,0,0,0,104740,179,0,,0,0,0,,,0,0,,,0.04061567506109909,complete_windows,0,002_00,179,"[175, 176, 177, 178, 179]",206,0.9833984375,2014,2048,0.8012862077701803,synthetic/pilot_v2_r2/train/002,00000,365912
1,"[0, 0, 0, 0, 0]",,"[0, 0, 0, 0, 0]",,0,0,0,105253,180,0,,0,0,0,,,0,0,,,0.0341635801265787,complete_windows,0,002_00,180,"[176, 177, 178, 179, 180]",206,0.9833984375,2014,2048,0.7705600327795378,synthetic/pilot_v2_r2/train/002,00000,364725
1,"[0, 0, 0, 0, 0]",,"[0, 0, 0, 0, 0]",,0,0,0,105794,181,0,,0,0,0,,,0,0,,,0.03279512639402517,complete_windows,0,002_00,181,"[177, 178, 179, 180, 181]",206,0.98828125,2024,2048,0.7192626275399896,synthetic/pilot_v2_r2/train/002,00000,359207
1,"[0, 0, 0, 0, 0]",,"[0, 0, 0, 0, 0]",,0,0,0,106222,182,0,,0,0,0,,,0,0,,,0.03195911901227941,complete_windows,0,002_00,182,"[178, 179, 180, 181, 182]",206,0.9912109375,2030,2048,0.693793678760608,synthetic/pilot_v2_r2/train/002,00000,361402
1,"[0, 0, 0, 0, 0]",,"[0, 0, 0, 0, 0]",,0,0,0,106300,183,0,,0,0,0,,,0,0,,,0.02885963393954036,complete_windows,0,002_00,183,"[179, 180, 181, 182, 183]",206,0.98974609375,2027,2048,0.6702216026756971,synthetic/pilot_v2_r2/train/002,00000,360097
1,"[0, 0, 0, 0, 0]",,"[0, 0, 0, 0, 0]",,0,0,0,106592,184,0,,0,0,0,,,0,0,,,0.02414174900236802,complete_windows,0,002_00,184,"[180, 181, 182, 183, 184]",206,0.990234375,2028,2048,0.6479473468222323,synthetic/pilot_v2_r2/train/002,00000,368167
1,"[0, 0, 0, 0, 0]",,"[0, 0, 0, 0, 0]",,0,0,0,106731,185,0,,0,0,0,,,0,0,,,0.02467620180349152,complete_windows,0,002_00,185,"[181, 182, 183, 184, 185]",206,0.98388671875,2015,2048,0.633344932295068,synthetic/pilot_v2_r2/train/002,00000,369551
1,"[0, 0, 0, 0, 0]",,"[0, 0, 0, 0, 0]",,0,0,0,106952,186,0,,0,0,0,,,0,0,,,0.026691267356262146,complete_windows,0,002_00,186,"[182, 183, 184, 185, 186]",206,0.99169921875,2031,2048,0.6230313405938724,synthetic/pilot_v2_r2/train/002,00000,371191
1,"[0, 0, 0, 0, 0]",,"[0, 0, 0, 0, 0]",,0,0,0,107353,187,0,,0,0,0,,,0,0,,,0.02241975845957299,complete_windows,0,002_00,187,"[183, 184, 185, 186, 187]",206,0.98681640625,2021,2048,0.6134739405336608,synthetic/pilot_v2_r2/train/002,00000,377619
1,"[0, 0, 0, 0, 0]",,"[0, 0, 0, 0, 0]",,0,0,0,107436,188,0,,0,0,0,,,0,0,,,0.014716149571766509,complete_windows,0,002_00,188,"[184, 185, 186, 187, 188]",206,0.98583984375,2019,2048,0.6128287183117197,synthetic/pilot_v2_r2/train/002,00000,378400
1,"[0, 0, 0, 0, 0]",,"[0, 0, 0, 0, 0]",,0,0,0,107516,189,0,,0,0,0,,,0,0,,,0.015645170580364194,complete_windows,0,002_00,189,"[185, 186, 187, 188, 189]",206,0.990234375,2028,2048,0.6066582159611945,synthetic/pilot_v2_r2/train/002,00000,374621
1,"[0, 0, 0, 0, 0]",,"[0, 0, 0, 0, 0]",,0,0,0,107505,190,0,,0,0,0,,,0,0,,,0.013197036266360953,complete_windows,0,002_00,190,"[186, 187, 188, 189, 190]",206,0.99072265625,2029,2048,0.6097626630252511,synthetic/pilot_v2_r2/train/002,00000,376574
1,"[0, 0, 0, 0, 0]",,"[0, 0, 0, 0, 0]",,0,0,0,107364,191,0,,0,0,0,,,0,0,,,0.017829958837530867,complete_windows,0,002_00,191,"[187, 188, 189, 190, 191]",206,0.9892578125,2026,2048,0.610163519911745,synthetic/pilot_v2_r2/train/002,00000,378189
1,"[0, 0, 0, 0, 0]",,"[0, 0, 0, 0, 0]",,0,0,0,107318,192,0,,0,0,0,,,0,0,,,0.029338745403634917,complete_windows,0,002_00,192,"[188, 189, 190, 191, 192]",206,0.98291015625,2013,2048,0.6019471694562021,synthetic/pilot_v2_r2/train/002,00000,372600
1,"[0, 0, 0, 0, 0]",,"[0, 0, 0, 0, 0]",,0,0,0,107649,193,0,,0,0,0,,,0,0,,,0.026611384176049115,complete_windows,0,002_00,193,"[189, 190, 191, 192, 193]",206,0.99169921875,2031,2048,0.6021946352303983,synthetic/pilot_v2_r2/train/002,00000,374799
1,"[0, 0, 0, 0, 0]",,"[0, 0, 0, 0, 0]",,0,0,0,107459,194,0,,0,0,0,,,0,0,,,0.008772245937460097,complete_windows,0,002_00,194,"[190, 191, 192, 193, 194]",206,0.98583984375,2019,2048,0.5954002221720693,synthetic/pilot_v2_r2/train/002,00000,379209
1,"[0, 0, 0, 0, 0]",,"[0, 0, 0, 0, 0]",,0,0,0,107244,195,0,,0,0,0,,,0,0,,,0.018572293578044765,complete_windows,0,002_00,195,"[191, 192, 193, 194, 195]",206,0.9853515625,2018,2048,0.580847177309576,synthetic/pilot_v2_r2/train/002,00000,374523
0,"[0, 0, 0, 0, 0]",0.0,"[0, 0, 0, 0, 1]",1.0,0,0,1,106960,196,0,0.0,0,0,0,0.0,1.0,0,1,0.0,0.0,0.025675430567276638,complete_windows,0,002_00,196,"[192, 193, 194, 195, 196]",206,0.98779296875,2023,2048,0.5720416492078985,synthetic/pilot_v2_r2/train/002,00001,366945
0,"[0, 0, 0, 0, 0]",,"[0, 0, 0, 1, 0]",,0,0,0,107020,197,1,1.0,0,0,1,,1.0,1,1,,,0.0166080008834546,complete_windows,0,002_00,197,"[193, 194, 195, 196, 197]",206,0.98974609375,2027,2048,0.5638414479997312,synthetic/pilot_v2_r2/train/002,00010,370056
0,"[0, 0, 0, 0, 0]",0.0,"[0, 0, 1, 0, 2]",1.0,0,0,2,107151,198,1,0.3333333333333333,0,0,1,0.0,1.0,1,3,0.0,0.0,0.005621395977564787,complete_windows,0,002_00,198,"[194, 195, 196, 197, 198]",206,0.990234375,2028,2048,0.5725427366684774,synthetic/pilot_v2_r2/train/002,00101,366122
0,"[0, 0, 0, 0, 0]",0.0,"[0, 1, 0, 2, 4]",1.0,0,0,4,107088,199,3,0.42857142857142855,0,0,2,0.0,1.0,3,7,0.0,0.0,0.01533624339116506,complete_windows,0,002_00,199,"[195, 196, 197, 198, 199]",206,0.99072265625,2029,2048,0.585347721063509,synthetic/pilot_v2_r2/train/002,01011,359028
0,"[0, 0, 0, 0, 0]",0.0,"[1, 0, 2, 4, 4]",1.0,0,0,4,106951,200,7,0.6363636363636364,0,0,3,0.0,1.0,7,11,0.0,0.0,0.015162480965745396,complete_windows,0,002_00,200,"[196, 197, 198, 199, 200]",206,0.990234375,2028,2048,0.5836041005533739,synthetic/pilot_v2_r2/train/002,10111,355386
0,"[0, 0, 0, 0, 0]",0.0,"[0, 2, 4, 4, 2]",1.0,0,0,2,106685,201,10,0.8333333333333334,0,0,3,0.0,1.0,10,12,0.0,0.0,0.009516364513854538,complete_windows,0,002_00,201,"[197, 198, 199, 200, 201]",206,0.98876953125,2025,2048,0.601905147699086,synthetic/pilot_v2_r2/train/002,01111,357011
0,"[0, 0, 0, 0, 0]",0.0,"[2, 4, 4, 2, 4]",1.0,0,0,4,106296,202,12,0.75,0,0,4,0.0,1.0,12,16,0.0,0.0,0.012779698716970945,complete_windows,0,002_00,202,"[198, 199, 200, 201, 202]",206,0.9892578125,2026,2048,0.5955420339586456,synthetic/pilot_v2_r2/train/002,11111,351893
0,"[0, 0, 0, 0, 0]",0.0,"[4, 4, 2, 4, 2]",1.0,0,0,2,105997,203,14,0.875,0,0,4,0.0,1.0,14,16,0.0,0.0,0.014689789411983414,complete_windows,0,002_00,203,"[199, 200, 201, 202, 203]",206,0.9873046875,2022,2048,0.5971349964881765,synthetic/pilot_v2_r2/train/002,11111,353687
0,"[0, 0, 0, 0, 0]",0.0,"[4, 2, 4, 2, 6]",1.0,0,0,6,106009,204,12,0.6666666666666666,0,0,4,0.0,1.0,12,18,0.0,0.0,0.01603111858470819,complete_windows,0,002_00,204,"[200, 201, 202, 203, 204]",206,0.984375,2016,2048,0.6148883229855112,synthetic/pilot_v2_r2/train/002,11111,355095
0,"[0, 0, 0, 0, 0]",0.0,"[2, 4, 2, 6, 2]",1.0,0,0,2,105604,205,14,0.875,0,0,4,0.0,1.0,14,16,0.0,0.0,0.021064922311676067,complete_windows,0,002_00,205,"[201, 202, 203, 204, 205]",206,0.98681640625,2021,2048,0.6281087370443754,synthetic/pilot_v2_r2/train/002,11111,351914
0,"[0, 0, 0, 0, 0]",0.0,"[4, 2, 6, 2, 1]",1.0,0,0,1,105637,206,14,0.9333333333333333,0,0,4,0.0,1.0,14,15,0.0,0.0,0.022483395893225955,complete_windows,0,002_00,206,"[202, 203, 204, 205, 206]",206,0.98974609375,2027,2048,0.6567695813176747,synthetic/pilot_v2_r2/train/002,11111,351172
0,"[0, 0, 0, 0, 0]",,"[2, 6, 2, 1, 0]",,0,0,0,105151,207,11,1.0,0,0,4,,1.0,11,11,,,0.023950665662802875,complete_windows,0,002_00,207,"[203, 204, 205, 206, 207]",206,0.99072265625,2029,2048,0.6769944356345333,synthetic/pilot_v2_r2/train/002,11110,347269
0,"[0, 0, 0, 0, 0]",,"[6, 2, 1, 0, 0]",,0,0,0,104634,208,9,1.0,0,0,3,,1.0,9,9,,,0.029153105995706616,complete_windows,0,002_00,208,"[204, 205, 206, 207, 208]",206,0.986328125,2020,2048,0.7089539319018389,synthetic/pilot_v2_r2/train/002,11100,343411
0,"[0, 0, 0, 0, 0]",0.0,"[2, 1, 0, 0, 1]",1.0,0,0,1,104257,209,3,0.75,0,0,2,0.0,1.0,3,4,0.0,0.0,0.033773747166794515,complete_windows,0,002_00,209,"[205, 206, 207, 208, 209]",206,0.984375,2016,2048,0.7309678067900954,synthetic/pilot_v2_r2/train/002,11001,339503
0,"[0, 0, 0, 0, 0]",0.0,"[1, 0, 0, 1, 2]",1.0,0,0,2,104130,210,2,0.5,0,0,2,0.0,1.0,2,4,0.0,0.0,0.03423503385501134,complete_windows,0,002_00,210,"[206, 207, 208, 209, 210]",206,0.9921875,2032,2048,0.7414598891834032,synthetic/pilot_v2_r2/train/002,10011,337785
0,"[0, 0, 0, 0, 0]",,"[0, 0, 1, 2, 0]",,0,0,0,103715,211,3,1.0,0,0,2,,1.0,3,3,,,0.03222473618254729,complete_windows,0,002_00,211,"[207, 208, 209, 210, 211]",206,0.9921875,2032,2048,0.7601726799827874,synthetic/pilot_v2_r2/train/002,00110,343328
0,"[0, 0, 0, 0, 0]",,"[0, 1, 2, 0, 0]",,0,0,0,103323,212,3,1.0,0,0,2,,1.0,3,3,,,0.030740286992438547,complete_windows,0,002_00,212,"[208, 209, 210, 211, 212]",206,0.994140625,2036,2048,0.797918506475757,synthetic/pilot_v2_r2/train/002,01100,341394
0,"[0, 0, 0, 0, 0]",,"[1, 2, 0, 0, 0]",,0,0,0,102602,213,3,1.0,0,0,2,,1.0,3,3,,,0.03238683620816942,complete_windows,0,002_00,213,"[209, 210, 211, 212, 213]",206,0.990234375,2028,2048,0.8272746988469634,synthetic/pilot_v2_r2/train/002,11000,333288
0,"[0, 0, 0, 0, 0]",,"[2, 0, 0, 0, 0]",,0,0,0,102233,214,2,1.0,0,0,1,,1.0,2,2,,,0.03296461841836975,complete_windows,0,002_00,214,"[210, 211, 212, 213, 214]",206,0.9892578125,2026,2048,0.8527311469250569,synthetic/pilot_v2_r2/train/002,10000,326092
1,"[0, 0, 0, 0, 0]",,"[0, 0, 0, 0, 0]",,0,0,0,101456,215,0,,0,0,0,,,0,0,,,0.032009610178446,complete_windows,0,002_00,215,"[211, 212, 213, 214, 215]",206,0.9873046875,2022,2048,0.8874944739282555,synthetic/pilot_v2_r2/train/002,00000,321443
1,"[0, 0, 0, 0, 0]",,"[0, 0, 0, 0, 0]",,0,0,0,100537,216,0,,0,0,0,,,0,0,,,0.032374483598082496,complete_windows,0,002_00,216,"[212, 213, 214, 215, 216]",206,0.990234375,2028,2048,0.8957130206084559,synthetic/pilot_v2_r2/train/002,00000,318591
1,"[0, 0, 0, 0, 0]",,"[0, 0, 0, 0, 0]",,0,0,0,99419,217,0,,0,0,0,,,0,0,,,0.03164409812188922,complete_windows,0,002_00,217,"[213, 214, 215, 216, 217]",206,0.984375,2016,2048,0.9190842825324014,synthetic/pilot_v2_r2/train/002,00000,321996
1,"[0, 0, 0, 0, 0]",,"[0, 0, 0, 0, 0]",,0,0,0,98152,218,0,,0,0,0,,,0,0,,,0.03194822255156579,complete_windows,0,002_00,218,"[214, 215, 216, 217, 218]",206,0.98779296875,2023,2048,0.9337030429833832,synthetic/pilot_v2_r2/train/002,00000,324108
1,"[0, 0, 0, 0, 0]",,"[0, 0, 0, 0, 0]",,0,0,0,96855,219,0,,0,0,0,,,0,0,,,0.03278888211974575,complete_windows,0,002_00,219,"[215, 216, 217, 218, 219]",206,0.99267578125,2033,2048,0.9712269454114666,synthetic/pilot_v2_r2/train/002,00000,320795
1,"[0, 0, 0, 0, 0]",,"[0, 0, 0, 0, 0]",,0,0,0,95601,220,0,,0,0,0,,,0,0,,,0.03336899025810447,complete_windows,0,002_00,220,"[216, 217, 218, 219, 220]",206,0.9931640625,2034,2048,0.9972853531691303,synthetic/pilot_v2_r2/train/002,00000,314785
1,"[0, 0, 0, 0, 0]",,"[0, 0, 0, 0, 0]",,0,0,0,94260,221,0,,0,0,0,,,0,0,,,0.03189998018966394,complete_windows,0,002_00,221,"[217, 218, 219, 220, 221]",206,0.99267578125,2033,2048,1.0277707398295697,synthetic/pilot_v2_r2/train/002,00000,302264
1,"[0, 0, 0, 0, 0]",,"[0, 0, 0, 0, 0]",,0,0,0,92256,222,0,,0,0,0,,,0,0,,,0.028432596140170734,complete_windows,0,002_00,222,"[218, 219, 220, 221, 222]",206,0.9931640625,2034,2048,1.0569604011360527,synthetic/pilot_v2_r2/train/002,00000,298237
1,"[0, 0, 0, 0, 0]",,"[0, 0, 0, 0, 0]",,0,0,0,90354,223,0,,0,0,0,,,0,0,,,0.02872195249819482,complete_windows,0,002_00,223,"[219, 220, 221, 222, 223]",206,0.98974609375,2027,2048,1.0876163127896747,synthetic/pilot_v2_r2/train/002,00000,291274
1,"[0, 0, 0, 0, 0]",,"[0, 0, 0, 0, 0]",,0,0,0,87946,224,0,,0,0,0,,,0,0,,,0.02958333197584879,complete_windows,0,002_00,224,"[220, 221, 222, 223, 224]",206,0.984375,2016,2048,1.1184614730928182,synthetic/pilot_v2_r2/train/002,00000,281519
1,"[0, 0, 0, 0, 0]",,"[0, 0, 0, 0, 0]",,0,0,0,85146,225,0,,0,0,0,,,0,0,,,0.029144908337712792,complete_windows,0,002_00,225,"[221, 222, 223, 224, 225]",206,0.994140625,2036,2048,1.1362439840890755,synthetic/pilot_v2_r2/train/002,00000,276207
1,"[0, 0, 0, 0, 0]",,"[0, 0, 0, 0, 0]",,0,0,0,82764,226,0,,0,0,0,,,0,0,,,0.028279204541867487,complete_windows,0,002_00,226,"[222, 223, 224, 225, 226]",206,0.9892578125,2026,2048,1.1941795403093782,synthetic/pilot_v2_r2/train/002,00000,264334
1,"[0, 0, 0, 0, 0]",,"[0, 0, 0, 0, 0]",,0,0,0,80425,227,0,,0,0,0,,,0,0,,,0.0279233874817287,complete_windows,0,002_00,227,"[223, 224, 225, 226, 227]",206,0.9921875,2032,2048,1.1790023858040255,synthetic/pilot_v2_r2/train/002,00000,263505
1,"[0, 0, 0, 0, 0]",,"[0, 0, 0, 0, 0]",,0,0,0,78339,228,0,,0,0,0,,,0,0,,,0.03036200517270331,complete_windows,0,002_00,228,"[224, 225, 226, 227, 228]",206,0.9912109375,2030,2048,1.2058180424836458,synthetic/pilot_v2_r2/train/002,00000,259307
1,"[0, 0, 0, 0, 0]",,"[0, 0, 0, 0, 0]",,0,0,0,76878,229,0,,0,0,0,,,0,0,,,0.031214493774896206,complete_windows,0,002_00,229,"[225, 226, 227, 228, 229]",206,0.984375,2016,2048,1.2416134735190951,synthetic/pilot_v2_r2/train/002,00000,246579
1,"[0, 0, 0, 0, 0]",,"[0, 0, 0, 0, 0]",,0,0,0,75711,230,0,,0,0,0,,,0,0,,,0.029582467081663382,complete_windows,0,002_00,230,"[226, 227, 228, 229, 230]",206,0.982421875,2012,2048,1.239079011216906,synthetic/pilot_v2_r2/train/002,00000,246865
1,"[0, 0, 0, 0, 0]",,"[0, 0, 0, 0, 0]",,0,0,0,74837,231,0,,0,0,0,,,0,0,,,0.028097792005237023,complete_windows,0,002_00,231,"[227, 228, 229, 230, 231]",206,0.9833984375,2014,2048,1.2907929615341651,synthetic/pilot_v2_r2/train/002,00000,236132
1,"[0, 0, 0, 0, 0]",,"[0, 0, 0, 0, 0]",,0,0,0,74515,232,0,,0,0,0,,,0,0,,,0.027294873333721936,complete_windows,0,002_00,232,"[228, 229, 230, 231, 232]",206,0.98046875,2008,2048,1.3104109985028336,synthetic/pilot_v2_r2/train/002,00000,231508
1,"[0, 0, 0, 0, 0]",,"[0, 0, 0, 0, 0]",,0,0,0,74561,233,0,,0,0,0,,,0,0,,,0.02615807991314817,complete_windows,0,002_00,233,"[229, 230, 231, 232, 233]",206,0.97998046875,2007,2048,1.322782059701654,synthetic/pilot_v2_r2/train/002,00000,225853
1,"[0, 0, 0, 0, 0]",,"[0, 0, 0, 0, 0]",,0,0,0,74615,234,0,,0,0,0,,,0,0,,,0.023422025751969056,complete_windows,0,002_00,234,"[230, 231, 232, 233, 234]",206,0.98095703125,2009,2048,1.3324372254598655,synthetic/pilot_v2_r2/train/002,00000,223294
1,"[0, 0, 0, 0, 0]",,"[0, 0, 0, 0, 0]",,0,0,0,75082,235,0,,0,0,0,,,0,0,,,0.024718892499396024,complete_windows,0,002_00,235,"[231, 232, 233, 234, 235]",206,0.97216796875,1991,2048,1.3383262790864388,synthetic/pilot_v2_r2/train/002,00000,221271
1,"[0, 0, 0, 0, 0]",,"[0, 0, 0, 0, 0]",,0,0,0,75808,236,0,,0,0,0,,,0,0,,,0.025361192733457938,complete_windows,0,002_00,236,"[232, 233, 234, 235, 236]",206,0.982421875,2012,2048,1.3299414908374343,synthetic/pilot_v2_r2/train/002,00000,223204
1,"[0, 0, 0, 0, 0]",,"[0, 0, 0, 0, 0]",,0,0,0,76214,237,0,,0,0,0,,,0,0,,,0.02033683204428852,complete_windows,0,002_00,237,"[233, 234, 235, 236, 237]",206,0.98046875,2008,2048,1.349672262216748,synthetic/pilot_v2_r2/train/002,00000,225148
1,"[0, 0, 0, 0, 0]",,"[0, 0, 0, 0, 0]",,0,0,0,76824,238,0,,0,0,0,,,0,0,,,0.018664418901075102,complete_windows,0,002_00,238,"[234, 235, 236, 237, 238]",206,0.9765625,2000,2048,1.3807848286003848,synthetic/pilot_v2_r2/train/002,00000,221045
1,"[0, 0, 0, 0, 0]",,"[0, 0, 0, 0, 0]",,0,0,0,77334,239,0,,0,0,0,,,0,0,,,0.018386079872154463,complete_windows,0,002_00,239,"[235, 236, 237, 238, 239]",206,0.98876953125,2025,2048,1.3830507686026583,synthetic/pilot_v2_r2/train/002,00000,215352
1,"[0, 0, 0, 0, 0]",,"[0, 0, 0, 0, 0]",,0,0,0,77752,240,0,,0,0,0,,,0,0,,,0.01880181637481512,complete_windows,0,002_00,240,"[236, 237, 238, 239, 240]",206,0.9892578125,2026,2048,1.4164991031913532,synthetic/pilot_v2_r2/train/002,00000,221384
1,"[0, 0, 0, 0, 0]",,"[0, 0, 0, 0, 0]",,0,0,0,77942,241,0,,0,0,0,,,0,0,,,0.01703458614452876,complete_windows,0,002_00,241,"[237, 238, 239, 240, 241]",206,0.9931640625,2034,2048,1.421894663477245,synthetic/pilot_v2_r2/train/002,00000,219903
1,"[0, 0, 0, 0, 0]",,"[0, 0, 0, 0, 0]",,0,0,0,77976,242,0,,0,0,0,,,0,0,,,0.013717097872851126,complete_windows,0,002_00,242,"[238, 239, 240, 241, 242]",206,0.9951171875,2038,2048,1.4179048933438385,synthetic/pilot_v2_r2/train/002,00000,222099
1,"[0, 0, 0, 0, 0]",,"[0, 0, 0, 0, 0]",,0,0,0,77818,243,0,,0,0,0,,,0,0,,,0.012266424761371412,complete_windows,0,002_00,243,"[239, 240, 241, 242, 243]",206,0.99267578125,2033,2048,1.4486056104797032,synthetic/pilot_v2_r2/train/002,00000,220371
1,"[0, 0, 0, 0, 0]",,"[0, 0, 0, 0, 0]",,0,0,0,77464,244,0,,0,0,0,,,0,0,,,0.014649490339272674,complete_windows,0,002_00,244,"[240, 241, 242, 243, 244]",206,0.99462890625,2037,2048,1.4648074914620663,synthetic/pilot_v2_r2/train/002,00000,217376
1,"[0, 0, 0, 0, 0]",,"[0, 0, 0, 0, 0]",,0,0,0,76744,245,0,,0,0,0,,,0,0,,,0.018513531736609346,complete_windows,0,002_00,245,"[241, 242, 243, 244, 245]",206,0.99609375,2040,2048,1.4736096902350935,synthetic/pilot_v2_r2/train/002,00000,214361
1,"[0, 0, 0, 0, 0]",,"[0, 0, 0, 0, 0]",,0,0,0,75949,246,0,,0,0,0,,,0,0,,,0.018287128666108,complete_windows,0,002_00,246,"[242, 243, 244, 245, 246]",206,0.9921875,2032,2048,1.4878670848075208,synthetic/pilot_v2_r2/train/002,00000,210798
1,"[0, 0, 0, 0, 0]",,"[0, 0, 0, 0, 0]",,0,0,0,75137,247,0,,0,0,0,,,0,0,,,0.018007250365973802,complete_windows,0,002_00,247,"[243, 244, 245, 246, 247]",206,0.98876953125,2025,2048,1.4809958929274267,synthetic/pilot_v2_r2/train/002,00000,207146
1,"[0, 0, 0, 0, 0]",,"[0, 0, 0, 0, 0]",,0,0,0,74363,248,0,,0,0,0,,,0,0,,,0.010856401974892911,complete_windows,0,002_00,248,"[244, 245, 246, 247, 248]",206,0.9931640625,2034,2048,1.4657880790755298,synthetic/pilot_v2_r2/train/002,00000,206385
1,"[0, 0, 0, 0, 0]",,"[0, 0, 0, 0, 0]",,0,0,0,73054,249,0,,0,0,0,,,0,0,,,0.00784344596077318,complete_windows,0,002_00,249,"[245, 246, 247, 248, 249]",206,0.98828125,2024,2048,1.4472595134001862,synthetic/pilot_v2_r2/train/002,00000,207797
1,"[0, 0, 0, 0, 0]",,"[0, 0, 0, 0, 0]",,0,0,0,72159,250,0,,0,0,0,,,0,0,,,0.008258634847043958,complete_windows,0,002_00,250,"[246, 247, 248, 249, 250]",206,0.98583984375,2019,2048,1.4299383004757582,synthetic/pilot_v2_r2/train/002,00000,205307
1,"[0, 0, 0, 0, 0]",,"[0, 0, 0, 0, 0]",,0,0,0,71267,251,0,,0,0,0,,,0,0,,,0.009457181945960853,complete_windows,0,002_00,251,"[247, 248, 249, 250, 251]",206,0.99072265625,2029,2048,1.4241496289854907,synthetic/pilot_v2_r2/train/002,00000,210656
1,"[0, 0, 0, 0, 0]",,"[0, 0, 0, 0, 0]",,0,0,0,70802,252,0,,0,0,0,,,0,0,,,0.009995956250386007,complete_windows,0,002_00,252,"[248, 249, 250, 251, 252]",206,0.99169921875,2031,2048,1.3925292747239473,synthetic/pilot_v2_r2/train/002,00000,213406
0,"[0, 0, 0, 0, 1]",0.0,"[0, 0, 0, 0, 1]",1.0,0,0,1,70102,253,0,0.0,0,0,0,0.0,1.0,0,1,0.0,0.0,0.012440726092116595,complete_windows,0,002_00,253,"[249, 250, 251, 252, 253]",206,0.9873046875,2022,2048,1.3949248595963613,synthetic/pilot_v2_r2/train/002,00001,213913
0,"[0, 0, 0, 1, 0]",,"[0, 0, 0, 1, 0]",,0,0,0,69845,254,1,1.0,0,0,1,,1.0,1,1,,,0.012869359086422482,complete_windows,0,002_00,254,"[250, 251, 252, 253, 254]",206,0.98828125,2024,2048,1.395690712588772,synthetic/pilot_v2_r2/train/002,00010,211695
0,"[0, 0, 1, 0, 0]",,"[0, 0, 1, 0, 0]",,0,0,0,69980,255,1,1.0,0,0,1,,1.0,1,1,,,0.011757316145997489,complete_windows,0,002_00,255,"[251, 252, 253, 254, 255]",206,0.9873046875,2022,2048,1.3703920802222453,synthetic/pilot_v2_r2/train/002,00100,208036
0,"[0, 1, 0, 0, 6]",0.0,"[0, 1, 0, 0, 6]",1.0,0,0,6,70656,256,1,0.14285714285714285,0,0,1,0.0,1.0,1,7,0.0,0.0,0.012452069418464568,complete_windows,0,002_00,256,"[252, 253, 254, 255, 256]",206,0.98095703125,2009,2048,1.3774523439430366,synthetic/pilot_v2_r2/train/002,01001,212237
0,"[1, 0, 0, 6, 0]",,"[1, 0, 0, 6, 0]",,0,0,0,71460,257,7,1.0,0,0,2,,1.0,7,7,,,0.01798301668147419,complete_windows,0,002_00,257,"[253, 254, 255, 256, 257]",206,0.98193359375,2011,2048,1.3658042974089992,synthetic/pilot_v2_r2/train/002,10010,210842
0,"[0, 0, 6, 0, 1]",0.0,"[0, 0, 6, 0, 1]",1.0,0,0,1,72748,258,6,0.8571428571428571,0,0,1,0.0,1.0,6,7,0.0,0.0,0.018973510205812748,complete_windows,0,002_00,258,"[254, 255, 256, 257, 258]",206,0.9775390625,2002,2048,1.3341328973622266,synthetic/pilot_v2_r2/train/002,00101,215314
0,"[0, 6, 0, 1, 2]",0.0017144940793514252,"[0, 6, 0, 1, 2]",1.0,0,0,2,74489,259,7,0.7777777777777778,0,0,2,0.0,1.2857142857142858,5,7,0.0,0.0,0.01779313172813013,complete_windows,0,002_00,259,"[255, 256, 257, 258, 259]",206,0.98388671875,2015,2048,1.3427393592724137,synthetic/pilot_v2_r2/train/002,01011,218561
0,"[6, 0, 1, 2, 0]",,"[6, 0, 1, 2, 0]",,0,0,0,76246,260,9,1.0,0,0,3,,1.125,8,8,,,0.017022266636128897,complete_windows,0,002_00,260,"[256, 257, 258, 259, 260]",206,0.97802734375,2003,2048,1.3288470915664221,synthetic/pilot_v2_r2/train/002,10110,224777
0,"[0, 1, 2, 0, 1]",0.0,"[0, 1, 2, 0, 1]",1.0,0,0,1,78285,261,3,0.75,0,0,2,0.0,1.3333333333333333,2,3,0.0,0.0,0.017473427658448414,complete_windows,0,002_00,261,"[257, 258, 259, 260, 261]",206,0.9755859375,1998,2048,1.3110111775722821,synthetic/pilot_v2_r2/train/002,01101,231491
0,"[1, 2, 0, 1, 5]",0.0,"[1, 2, 0, 1, 5]",1.0,0,0,5,80986,262,4,0.4444444444444444,0,0,3,0.0,1.125,3,8,0.0,0.0,0.018548371891233154,complete_windows,0,002_00,262,"[258, 259, 260, 261, 262]",206,0.97265625,1992,2048,1.3265892396962013,synthetic/pilot_v2_r2/train/002,11011,242403
0,"[2, 0, 1, 5, 0]",,"[2, 0, 1, 5, 0]",,0,0,0,84018,263,8,1.0,0,0,3,,1.0,8,8,,,0.01912823734168658,complete_windows,0,002_00,263,"[259, 260, 261, 262, 263]",206,0.97021484375,1987,2048,1.3056465218853677,synthetic/pilot_v2_r2/train/002,10110,250590
0,"[0, 1, 5, 0, 0]",,"[0, 1, 5, 0, 0]",,0,0,0,87206,264,6,1.0,0,0,2,,1.0,6,6,,,0.019853309279094872,complete_windows,0,002_00,264,"[260, 261, 262, 263, 264]",206,0.96826171875,1983,2048,1.300230569384096,synthetic/pilot_v2_r2/train/002,01100,261508
0,"[1, 5, 0, 0, 0]",,"[1, 5, 0, 0, 0]",,0,0,0,90463,265,6,1.0,0,0,2,,1.0,6,6,,,0.02138235925108123,complete_windows,0,002_00,265,"[261, 262, 263, 264, 265]",206,0.962890625,1972,2048,1.2945402055530026,synthetic/pilot_v2_r2/train/002,11000,277051
0,"[5, 0, 0, 0, 1]",0.0,"[5, 0, 0, 0, 1]",1.0,0,0,1,93728,266,5,0.8333333333333334,0,0,1,0.0,1.0,5,6,0.0,0.0,0.025454295602437064,complete_windows,0,002_00,266,"[262, 263, 264, 265, 266]",206,0.9638671875,1974,2048,1.2761472053040466,synthetic/pilot_v2_r2/train/002,10001,288260
0,"[0, 0, 0, 1, 0]",,"[0, 0, 0, 1, 0]",,0,0,0,96470,267,1,1.0,0,0,1,,1.0,1,1,,,0.027552464685566526,complete_windows,0,002_00,267,"[263, 264, 265, 266, 267]",206,0.97021484375,1987,2048,1.268828511214552,synthetic/pilot_v2_r2/train/002,00010,301641
0,"[0, 0, 1, 0, 2]",0.0,"[0, 0, 1, 0, 2]",1.0,0,0,2,98452,268,1,0.3333333333333333,0,0,1,0.0,1.0,1,3,0.0,0.0,0.026565350294847405,complete_windows,0,002_00,268,"[264, 265, 266, 267, 268]",206,0.9775390625,2002,2048,1.280176779204354,synthetic/pilot_v2_r2/train/002,00101,314785
0,"[0, 1, 0, 2, 1]",0.0,"[0, 1, 0, 2, 1]",1.0,0,0,1,100155,269,3,0.75,0,0,2,0.0,1.0,3,4,0.0,0.0,0.02283001706221776,complete_windows,0,002_00,269,"[265, 266, 267, 268, 269]",206,0.9775390625,2002,2048,1.28323426734032,synthetic/pilot_v2_r2/train/002,01011,326185
0,"[1, 0, 2, 1, 3]",0.0,"[1, 0, 2, 1, 3]",1.0,0,0,3,101448,270,4,0.5714285714285714,0,0,3,0.0,1.0,4,7,0.0,0.0,0.02182035358366655,complete_windows,0,002_00,270,"[266, 267, 268, 269, 270]",206,0.98193359375,2011,2048,1.2774865898612005,synthetic/pilot_v2_r2/train/002,10111,330233
0,"[0, 2, 1, 3, 6]",0.0,"[0, 2, 1, 3, 6]",1.0,0,0,6,102613,271,6,0.5,0,0,3,0.0,1.0,6,12,0.0,0.0,0.021160777105034792,complete_windows,0,002_00,271,"[267, 268, 269, 270, 271]",206,0.97607421875,1999,2048,1.2635781587029695,synthetic/pilot_v2_r2/train/002,01111,335978
0,"[2, 1, 3, 6, 4]",0.0,"[2, 1, 3, 6, 4]",1.0,0,0,4,103298,272,12,0.75,0,0,4,0.0,1.0,12,16,0.0,0.0,0.021711928352359418,complete_windows,0,002_00,272,"[268, 269, 270, 271, 272]",206,0.97998046875,2007,2048,1.2562301235786275,synthetic/pilot_v2_r2/train/002,11111,341053
0,"[1, 3, 6, 4, 0]",,"[1, 3, 6, 4, 0]",,0,0,0,103767,273,14,1.0,0,0,4,,1.0,14,14,,,0.024251900042206644,complete_windows,0,002_00,273,"[269, 270, 271, 272, 273]",206,0.98193359375,2011,2048,1.233206420724831,synthetic/pilot_v2_r2/train/002,11110,344868
0,"[3, 6, 4, 0, 1]",0.0,"[3, 6, 4, 0, 1]",1.0,0,0,1,104166,274,13,0.9285714285714286,0,0,3,0.0,1.0,13,14,0.0,0.0,0.021109234548532464,complete_windows,0,002_00,274,"[270, 271, 272, 273, 274]",206,0.99072265625,2029,2048,1.2473315653418673,synthetic/pilot_v2_r2/train/002,11101,343484
0,"[6, 4, 0, 1, 0]",,"[6, 4, 0, 1, 0]",,0,0,0,104285,275,11,1.0,0,0,3,,1.0,11,11,,,0.018385793314961235,complete_windows,0,002_00,275,"[271, 272, 273, 274, 275]",206,0.98193359375,2011,2048,1.2604461503095445,synthetic/pilot_v2_r2/train/002,11010,347027
0,"[4, 0, 1, 0, 0]",,"[4, 0, 1, 0, 0]",,0,0,0,104365,276,5,1.0,0,0,2,,1.0,5,5,,,0.017909870083462436,complete_windows,0,002_00,276,"[272, 273, 274, 275, 276]",206,0.98876953125,2025,2048,1.24214347972825,synthetic/pilot_v2_r2/train/002,10100,346409
0,"[0, 1, 0, 0, 0]",,"[0, 1, 0, 0, 0]",,0,0,0,104538,277,1,1.0,0,0,1,,1.0,1,1,,,0.0192066003760577,complete_windows,0,002_00,277,"[273, 274, 275, 276, 277]",206,0.98291015625,2013,2048,1.24197419955604,synthetic/pilot_v2_r2/train/002,01000,344719
0,"[1, 0, 0, 0, 5]",0.0,"[1, 0, 0, 0, 5]",1.0,0,0,5,104488,278,1,0.16666666666666666,0,0,1,0.0,1.0,1,6,0.0,0.0,0.016821278892655743,complete_windows,0,002_00,278,"[274, 275, 276, 277, 278]",206,0.9892578125,2026,2048,1.2085224868994846,synthetic/pilot_v2_r2/train/002,10001,345631
0,"[0, 0, 0, 5, 4]",0.0,"[0, 0, 0, 5, 4]",1.0,0,0,4,104394,279,5,0.5555555555555556,0,0,1,0.0,1.0,5,9,0.0,0.0,0.01353700737075183,complete_windows,0,002_00,279,"[275, 276, 277, 278, 279]",206,0.9912109375,2030,2048,1.194927754177542,synthetic/pilot_v2_r2/train/002,00011,347743
0,"[0, 0, 5, 4, 6]",0.0,"[0, 0, 5, 4, 6]",1.0,0,0,6,104417,280,9,0.6,0,0,2,0.0,1.0,9,15,0.0,0.0,0.011894120277803162,complete_windows,0,002_00,280,"[276, 277, 278, 279, 280]",206,0.986328125,2020,2048,1.1751544203392066,synthetic/pilot_v2_r2/train/002,00111,346109
0,"[0, 5, 4, 6, 8]",0.0,"[0, 5, 4, 6, 8]",1.0,0,0,8,104297,281,15,0.6521739130434783,0,0,3,0.0,1.0,15,23,0.0,0.0,0.009962516932343455,complete_windows,0,002_00,281,"[277, 278, 279, 280, 281]",206,0.99072265625,2029,2048,1.1626955315198444,synthetic/pilot_v2_r2/train/002,01111,343277
0,"[5, 4, 6, 8, 6]",0.0,"[5, 4, 6, 8, 6]",1.0,0,0,6,104183,282,23,0.7931034482758621,0,0,4,0.0,1.0,23,29,0.0,0.0,0.008927196779934279,complete_windows,0,002_00,282,"[278, 279, 280, 281, 282]",206,0.99072265625,2029,2048,1.1488635573823232,synthetic/pilot_v2_r2/train/002,11111,343140
0,"[4, 6, 8, 6, 6]",0.0,"[4, 6, 8, 6, 6]",1.0,0,0,6,104049,283,24,0.8,0,0,4,0.0,1.0,24,30,0.0,0.0,0.010600304406704356,complete_windows,0,002_00,283,"[279, 280, 281, 282, 283]",206,0.9912109375,2030,2048,1.127055390539591,synthetic/pilot_v2_r2/train/002,11111,342881
0,"[6, 8, 6, 6, 4]",0.002407511929050088,"[6, 8, 6, 6, 4]",1.0,0,0,4,104221,284,26,0.8666666666666667,0,0,4,0.0,1.1111111111111112,23,27,0.0,0.0,0.01359819565085903,complete_windows,0,002_00,284,"[280, 281, 282, 283, 284]",206,0.98828125,2024,2048,1.0988197698373592,synthetic/pilot_v2_r2/train/002,11111,341701
0,"[8, 6, 6, 4, 7]",0.0,"[8, 6, 6, 4, 7]",1.0,0,0,7,104265,285,24,0.7741935483870968,0,0,4,0.0,1.0689655172413792,22,29,0.0,0.0,0.016918986898154086,complete_windows,0,002_00,285,"[281, 282, 283, 284, 285]",206,0.9853515625,2018,2048,1.0686002120979097,synthetic/pilot_v2_r2/train/002,11111,340872
0,"[6, 6, 4, 7, 13]",0.0,"[6, 6, 4, 7, 13]",1.0,0,0,13,104158,286,23,0.6388888888888888,0,0,4,0.0,1.0,23,36,0.0,0.0,0.01955881603532564,complete_windows,0,002_00,286,"[282, 283, 284, 285, 286]",206,0.994140625,2036,2048,1.0336724187766753,synthetic/pilot_v2_r2/train/002,11111,336112
0,"[6, 4, 7, 13, 12]",0.0,"[6, 4, 7, 13, 12]",1.0,0,0,12,104307,287,30,0.7142857142857143,0,0,4,0.0,1.024390243902439,29,41,0.0,0.0,0.02180284005963421,complete_windows,0,002_00,287,"[283, 284, 285, 286, 287]",206,0.99267578125,2033,2048,0.999336365002124,synthetic/pilot_v2_r2/train/002,11111,335366
0,"[4, 7, 13, 12, 10]",0.0,"[4, 7, 13, 12, 10]",1.0,0,0,10,104200,288,36,0.782608695652174,0,0,4,0.0,1.0454545454545454,34,44,0.0,0.0,0.02373096654611917,complete_windows,0,002_00,288,"[284, 285, 286, 287, 288]",206,0.99267578125,2033,2048,0.9807688723826598,synthetic/pilot_v2_r2/train/002,11111,334313
0,"[7, 13, 12, 10, 11]",0.0,"[7, 13, 12, 10, 11]",1.0,0,0,11,104252,289,42,0.7924528301886793,0,0,4,0.0,1.0816326530612246,38,49,0.0,0.0,0.02491916634301199,complete_windows,0,002_00,289,"[285, 286, 287, 288, 289]",206,0.99072265625,2029,2048,0.9424493958916785,synthetic/pilot_v2_r2/train/002,11111,339956
0,"[13, 12, 10, 11, 11]",0.0,"[13, 12, 10, 11, 11]",1.0,0,0,11,104243,290,46,0.8070175438596491,0,0,4,0.0,1.0961538461538463,41,52,0.0,0.0,0.024687574788490305,complete_windows,0,002_00,290,"[286, 287, 288, 289, 290]",206,0.986328125,2020,2048,0.9171947573404686,synthetic/pilot_v2_r2/train/002,11111,342178
0,"[12, 10, 11, 11, 9]",0.0,"[12, 10, 11, 11, 9]",1.0,0,0,9,104207,291,44,0.8301886792452831,0,0,4,0.0,1.06,41,50,0.0,0.0,0.024339178420553075,complete_windows,0,002_00,291,"[287, 288, 289, 290, 291]",206,0.98876953125,2025,2048,0.8801476015759201,synthetic/pilot_v2_r2/train/002,11111,343453
0,"[10, 11, 11, 9, 11]",0.0,"[10, 11, 11, 9, 11]",1.0,0,0,11,104240,292,41,0.7884615384615384,0,0,4,0.0,1.0833333333333333,37,48,0.0,0.0,0.022736923128378512,complete_windows,0,002_00,292,"[288, 289, 290, 291, 292]",206,0.982421875,2012,2048,0.8265312642680668,synthetic/pilot_v2_r2/train/002,11111,339787
0,"[11, 11, 9, 11, 10]",0.0,"[11, 11, 9, 11, 10]",1.0,0,0,10,104124,293,42,0.8076923076923077,0,0,4,0.0,1.04,40,50,0.0,0.0,0.019873676365415278,complete_windows,0,002_00,293,"[289, 290, 291, 292, 293]",206,0.984375,2016,2048,0.8051253105379336,synthetic/pilot_v2_r2/train/002,11111,337560
0,"[11, 9, 11, 10, 12]",0.0,"[11, 9, 11, 10, 12]",1.0,0,0,12,104374,294,41,0.7735849056603774,0,0,4,0.0,1.0816326530612246,37,49,0.0,0.0,0.0182747246034355,complete_windows,0,002_00,294,"[290, 291, 292, 293, 294]",206,0.990234375,2028,2048,0.7609103347981339,synthetic/pilot_v2_r2/train/002,11111,334796
0,"[9, 11, 10, 12, 8]",0.0,"[9, 11, 10, 12, 8]",1.0,0,0,8,104272,295,42,0.84,0,0,4,0.0,1.0416666666666667,40,48,0.0,0.0,0.01588019174895897,complete_windows,0,002_00,295,"[291, 292, 293, 294, 295]",206,0.9951171875,2038,2048,0.7129361424513928,synthetic/pilot_v2_r2/train/002,11111,330564
0,"[11, 10, 12, 8, 5]",0.0,"[11, 10, 12, 8, 5]",1.0,0,0,5,104490,296,41,0.8913043478260869,0,0,4,0.0,1.1219512195121952,36,41,0.0,0.0,0.014395725926220937,complete_windows,0,002_00,296,"[292, 293, 294, 295, 296]",206,0.9951171875,2038,2048,0.6831347526263487,synthetic/pilot_v2_r2/train/002,11111,329431
0,"[10, 12, 8, 5, 6]",0.0,"[10, 12, 8, 5, 6]",1.0,0,0,6,104354,297,35,0.8536585365853658,0,0,4,0.0,1.3666666666666667,24,30,0.0,0.0,0.012822554626463057,complete_windows,0,002_00,297,"[293, 294, 295, 296, 297]",206,0.9912109375,2030,2048,0.6413807056821162,synthetic/pilot_v2_r2/train/002,11111,329651
0,"[12, 8, 5, 6, 5]",0.0,"[12, 8, 5, 6, 5]",1.0,0,0,5,104340,298,31,0.8611111111111112,0,0,4,0.0,1.2413793103448276,24,29,0.0,0.0,0.013131787400246744,complete_windows,0,002_00,298,"[294, 295, 296, 297, 298]",206,0.986328125,2020,2048,0.6319067198959666,synthetic/pilot_v2_r2/train/002,11111,333381
0,"[8, 5, 6, 5, 7]",0.0,"[8, 5, 6, 5, 7]",1.0,0,0,7,104473,299,24,0.7741935483870968,0,0,4,0.0,1.0689655172413792,22,29,0.0,0.0,0.014363778309355896,complete_windows,0,002_00,299,"[295, 296, 297, 298, 299]",206,0.9912109375,2030,2048,0.6136162703561036,synthetic/pilot_v2_r2/train/002,11111,334524
0,"[5, 6, 5, 7, 7]",0.0,"[5, 6, 5, 7, 7]",1.0,0,0,7,104597,300,23,0.7666666666666667,0,0,4,0.0,1.0,23,30,0.0,0.0,0.013649882815289482,complete_windows,0,002_00,300,"[296, 297, 298, 299, 300]",206,0.986328125,2020,2048,0.5974051867442726,synthetic/pilot_v2_r2/train/002,11111,343145
0,"[6, 5, 7, 7, 7]",0.0,"[6, 5, 7, 7, 7]",1.0,0,0,7,104859,301,25,0.78125,0,0,4,0.0,1.0,25,32,0.0,0.0,0.0177224045406733,complete_windows,0,002_00,301,"[297, 298, 299, 300, 301]",206,0.9873046875,2022,2048,0.5648593544357072,synthetic/pilot_v2_r2/train/002,11111,347811
0,"[5, 7, 7, 7, 7]",0.0,"[5, 7, 7, 7, 7]",1.0,0,0,7,105206,302,26,0.7878787878787878,0,0,4,0.0,1.0,26,33,0.0,0.0,0.028220239981787062,complete_windows,0,002_00,302,"[298, 299, 300, 301, 302]",206,0.99072265625,2029,2048,0.5106304190612372,synthetic/pilot_v2_r2/train/002,11111,349181
0,"[7, 7, 7, 7, 9]",0.0,"[7, 7, 7, 7, 9]",1.0,0,0,9,105427,303,28,0.7567567567567568,0,0,4,0.0,1.0,28,37,0.0,0.0,0.03769960663245993,complete_windows,0,002_00,303,"[299, 300, 301, 302, 303]",206,0.98828125,2024,2048,0.48862431699951,synthetic/pilot_v2_r2/train/002,11111,349473
0,"[7, 7, 7, 9, 8]",0.0,"[7, 7, 7, 9, 8]",1.0,0,0,8,105500,304,30,0.7894736842105263,0,0,4,0.0,1.027027027027027,29,37,0.0,0.0,0.03740310464572702,complete_windows,0,002_00,304,"[300, 301, 302, 303, 304]",206,0.98583984375,2019,2048,0.45416070196476727,synthetic/pilot_v2_r2/train/002,11111,347007
0,"[7, 7, 9, 8, 9]",0.0,"[7, 7, 9, 8, 9]",1.0,0,0,9,105414,305,31,0.775,0,0,4,0.0,1.0,31,40,0.0,0.0,0.027390395272705023,complete_windows,0,002_00,305,"[301, 302, 303, 304, 305]",206,0.99462890625,2037,2048,0.4458324798832617,synthetic/pilot_v2_r2/train/002,11111,349694
0,"[7, 9, 8, 9, 10]",0.0,"[7, 9, 8, 9, 10]",1.0,0,0,10,105553,306,33,0.7674418604651163,0,0,4,0.0,1.0,33,43,0.0,0.0,0.01333397320309418,complete_windows,0,002_00,306,"[302, 303, 304, 305, 306]",206,0.986328125,2020,2048,0.46343157674338953,synthetic/pilot_v2_r2/train/002,11111,348496
0,"[9, 8, 9, 10, 8]",0.0,"[9, 8, 9, 10, 8]",1.0,0,0,8,105604,307,36,0.8181818181818182,0,0,4,0.0,1.0476190476190477,34,42,0.0,0.0,0.009576586779284735,complete_windows,0,002_00,307,"[303, 304, 305, 306, 307]",206,0.99169921875,2031,2048,0.46968968710348014,synthetic/pilot_v2_r2/train/002,11111,346293
0,"[8, 9, 10, 8, 4]",0.0,"[8, 9, 10, 8, 4]",1.0,0,0,4,105684,308,35,0.8974358974358975,0,0,4,0.0,1.0833333333333333,32,36,0.0,0.0,0.01438579487884041,complete_windows,0,002_00,308,"[304, 305, 306, 307, 308]",206,0.9912109375,2030,2048,0.5009522934230904,synthetic/pilot_v2_r2/train/002,11111,343098
0,"[9, 10, 8, 4, 5]",0.0,"[9, 10, 8, 4, 5]",1.0,0,0,5,105843,309,31,0.8611111111111112,0,0,4,0.0,1.0909090909090908,28,33,0.0,0.0,0.0186569479308932,complete_windows,0,002_00,309,"[305, 306, 307, 308, 309]",206,0.986328125,2020,2048,0.5315846324139211,synthetic/pilot_v2_r2/train/002,11111,344246
0,"[10, 8, 4, 5, 8]",0.0,"[10, 8, 4, 5, 8]",1.0,0,0,8,105766,310,27,0.7714285714285715,0,0,4,0.0,1.0,27,35,0.0,0.0,0.02273977244152521,complete_windows,0,002_00,310,"[306, 307, 308, 309, 310]",206,0.99072265625,2029,2048,0.5572670650704298,synthetic/pilot_v2_r2/train/002,11111,345649
0,"[8, 4, 5, 8, 8]",0.0,"[8, 4, 5, 8, 8]",1.0,0,0,8,105907,311,25,0.7575757575757576,0,0,4,0.0,1.0,25,33,0.0,0.0,0.023005573126091573,complete_windows,0,002_00,311,"[307, 308, 309, 310, 311]",206,0.98779296875,2023,2048,0.5803950433345607,synthetic/pilot_v2_r2/train/002,11111,348288
0,"[4, 5, 8, 8, 9]",0.0,"[4, 5, 8, 8, 9]",1.0,0,0,9,106205,312,25,0.7352941176470589,0,0,4,0.0,1.0,25,34,0.0,0.0,0.017673895504945896,complete_windows,0,002_00,312,"[308, 309, 310, 311, 312]",206,0.990234375,2028,2048,0.5776572816085085,synthetic/pilot_v2_r2/train/002,11111,350935
0,"[5, 8, 8, 9, 7]",0.007761113345623016,"[5, 8, 8, 9, 7]",1.0,0,0,7,106395,313,30,0.8108108108108109,0,0,4,0.0,1.15625,25,32,0.0,0.0,0.010549668519235394,complete_windows,0,002_00,313,"[309, 310, 311, 312, 313]",206,0.98681640625,2021,2048,0.5843355123793273,synthetic/pilot_v2_r2/train/002,11111,349075
0,"[8, 8, 9, 7, 9]",0.0,"[8, 8, 9, 7, 9]",1.0,0,0,9,106483,314,32,0.7804878048780488,0,0,4,0.0,1.1714285714285715,26,35,0.0,0.0,0.004449932460946445,complete_windows,0,002_00,314,"[310, 311, 312, 313, 314]",206,0.99267578125,2033,2048,0.5760671244477157,synthetic/pilot_v2_r2/train/002,11111,344377
0,"[8, 9, 7, 9, 10]",0.0,"[8, 9, 7, 9, 10]",1.0,0,0,10,106678,315,33,0.7674418604651163,0,0,4,0.0,1.0,33,43,0.0,0.0,0.005266626833291165,complete_windows,0,002_00,315,"[311, 312, 313, 314, 315]",206,0.9921875,2032,2048,0.5749974273511295,synthetic/pilot_v2_r2/train/002,11111,338200
0,"[9, 7, 9, 10, 14]",0.0,"[9, 7, 9, 10, 14]",1.0,0,0,14,106738,316,35,0.7142857142857143,0,0,4,0.0,1.0888888888888888,31,45,0.0,0.0,0.004750953724373705,complete_windows,0,002_00,316,"[312, 313, 314, 315, 316]",206,0.99365234375,2035,2048,0.6014658718503995,synthetic/pilot_v2_r2/train/002,11111,341297
0,"[7, 9, 10, 14, 8]",0.0,"[7, 9, 10, 14, 8]",1.0,0,0,8,106974,317,40,0.8333333333333334,0,0,4,0.0,1.0666666666666667,37,45,0.0,0.0,0.005489503129727938,complete_windows,0,002_00,317,"[313, 314, 315, 316, 317]",206,0.9931640625,2034,2048,0.6075095610053395,synthetic/pilot_v2_r2/train/002,11111,343052
0,"[9, 10, 14, 8, 10]",0.0,"[9, 10, 14, 8, 10]",1.0,0,0,10,107361,318,41,0.803921568627451,0,0,4,0.0,1.0,41,51,0.0,0.0,0.005357554789918288,complete_windows,0,002_00,318,"[314, 315, 316, 317, 318]",206,0.98193359375,2011,2048,0.6093836639592625,synthetic/pilot_v2_r2/train/002,11111,344330
0,"[10, 14, 8, 10, 10]",0.0041199373081326485,"[10, 14, 8, 10, 10]",1.0,0,0,10,107580,319,42,0.8076923076923077,0,0,4,0.0,1.1555555555555554,35,45,0.0,0.0,0.004661328301339301,complete_windows,0,002_00,319,"[315, 316, 317, 318, 319]",206,0.986328125,2020,2048,0.6145934861228743,synthetic/pilot_v2_r2/train/002,11111,346862
0,"[14, 8, 10, 10, 11]",0.0,"[14, 8, 10, 10, 11]",1.0,0,0,11,107838,320,42,0.7924528301886793,0,0,4,0.0,1.0392156862745099,40,51,0.0,0.0,0.004497151451579407,complete_windows,0,002_00,320,"[316, 317, 318, 319, 320]",206,0.9912109375,2030,2048,0.6062041021363045,synthetic/pilot_v2_r2/train/002,11111,349471
0,"[8, 10, 10, 11, 10]",0.0,"[8, 10, 10, 11, 10]",1.0,0,0,10,108028,321,39,0.7959183673469388,0,0,4,0.0,1.0425531914893618,37,47,0.0,0.0,0.010488144343792397,complete_windows,0,002_00,321,"[317, 318, 319, 320, 321]",206,0.984375,2016,2048,0.6091618760802807,synthetic/pilot_v2_r2/train/002,11111,357996
0,"[10, 10, 11, 10, 11]",0.0,"[10, 10, 11, 10, 11]",1.0,0,0,11,108026,322,41,0.7884615384615384,0,0,4,0.0,1.0,41,52,0.0,0.0,0.022504248394986655,complete_windows,0,002_00,322,"[318, 319, 320, 321, 322]",206,0.98388671875,2015,2048,0.6037811158445279,synthetic/pilot_v2_r2/train/002,11111,364424
0,"[10, 11, 10, 11, 11]",0.0,"[10, 11, 10, 11, 11]",1.0,0,0,11,108211,323,42,0.7924528301886793,0,0,4,0.0,1.0192307692307692,41,52,0.0,0.0,0.03312849385241347,complete_windows,0,002_00,323,"[319, 320, 321, 322, 323]",206,0.9873046875,2022,2048,0.5912488089586886,synthetic/pilot_v2_r2/train/002,11111,366917
0,"[11, 10, 11, 11, 12]",0.0,"[11, 10, 11, 11, 12]",1.0,0,0,12,108495,324,43,0.7818181818181819,0,0,4,0.0,1.0,43,55,0.0,0.0,0.03510200812068873,complete_windows,0,002_00,324,"[320, 321, 322, 323, 324]",206,0.98486328125,2017,2048,0.5625912684810951,synthetic/pilot_v2_r2/train/002,11111,366979
0,"[10, 11, 11, 12, 13]",0.0,"[10, 11, 11, 12, 13]",1.0,0,0,13,108687,325,44,0.7719298245614035,0,0,4,0.0,1.0961538461538463,39,52,0.0,0.0,0.02555289532564572,complete_windows,0,002_00,325,"[321, 322, 323, 324, 325]",206,0.986328125,2020,2048,0.5281189754062783,synthetic/pilot_v2_r2/train/002,11111,369780
0,"[11, 11, 12, 13, 13]",0.0,"[11, 11, 12, 13, 13]",1.0,0,0,13,109169,326,47,0.7833333333333333,0,0,4,0.0,1.0909090909090908,42,55,0.0,0.0,0.01043497538538106,complete_windows,0,002_00,326,"[322, 323, 324, 325, 326]",206,0.99072265625,2029,2048,0.4985950710311289,synthetic/pilot_v2_r2/train/002,11111,368523
0,"[11, 12, 13, 13, 10]",0.0,"[11, 12, 13, 13, 10]",1.0,0,0,10,109372,327,49,0.8305084745762712,0,0,4,0.0,1.0172413793103448,48,58,0.0,0.0,0.01059452544061387,complete_windows,0,002_00,327,"[323, 324, 325, 326, 327]",206,0.98681640625,2021,2048,0.4704840995729619,synthetic/pilot_v2_r2/train/002,11111,365138
0,"[12, 13, 13, 10, 11]",0.0,"[12, 13, 13, 10, 11]",1.0,0,0,11,109545,328,48,0.8135593220338984,0,0,4,0.0,1.0727272727272728,44,55,0.0,0.0,0.019690687891839344,complete_windows,0,002_00,328,"[324, 325, 326, 327, 328]",206,0.98828125,2024,2048,0.4788143366673339,synthetic/pilot_v2_r2/train/002,11111,365901
0,"[13, 13, 10, 11, 16]",0.0,"[13, 13, 10, 11, 16]",1.0,0,0,16,109985,329,47,0.746031746031746,0,0,4,0.0,1.0327868852459017,45,61,0.0,0.0,0.026376272863373233,complete_windows,0,002_00,329,"[325, 326, 327, 328, 329]",206,0.98291015625,2013,2048,0.482649754827757,synthetic/pilot_v2_r2/train/002,11111,365850
0,"[13, 10, 11, 16, 14]",0.0,"[13, 10, 11, 16, 14]",1.0,0,0,14,110100,330,50,0.78125,0,0,4,0.0,1.0666666666666667,46,60,0.0,0.0,0.029150501571356822,complete_windows,0,002_00,330,"[326, 327, 328, 329, 330]",206,0.9873046875,2022,2048,0.49867750422433565,synthetic/pilot_v2_r2/train/002,11111,368691
0,"[10, 11, 16, 14, 14]",0.0,"[10, 11, 16, 14, 14]",1.0,0,0,14,110308,331,51,0.7846153846153846,0,0,4,0.0,1.1016949152542372,45,59,0.0,0.0,0.025072042546647827,complete_windows,0,002_00,331,"[327, 328, 329, 330, 331]",206,0.98486328125,2017,2048,0.5199514147361499,synthetic/pilot_v2_r2/train/002,11111,372696
0,"[11, 16, 14, 14, 14]",0.0,"[11, 16, 14, 14, 14]",1.0,0,0,14,110452,332,55,0.7971014492753623,0,0,4,0.0,1.0615384615384615,51,65,0.0,0.0,0.016990627189062683,complete_windows,0,002_00,332,"[328, 329, 330, 331, 332]",206,0.98095703125,2009,2048,0.5439009070833055,synthetic/pilot_v2_r2/train/002,11111,377879
0,"[16, 14, 14, 14, 16]",0.0,"[16, 14, 14, 14, 16]",1.0,0,0,16,110860,333,58,0.7837837837837838,0,0,4,0.0,1.0136986301369864,57,73,0.0,0.0,0.007199290489779002,complete_windows,0,002_00,333,"[329, 330, 331, 332, 333]",206,0.98291015625,2013,2048,0.5583812451055699,synthetic/pilot_v2_r2/train/002,11111,379930
0,"[14, 14, 14, 16, 14]",0.0,"[14, 14, 14, 16, 14]",1.0,0,0,14,111374,334,58,0.8055555555555556,0,0,4,0.0,1.125,50,64,0.0,0.0,0.003881942031613293,complete_windows,0,002_00,334,"[330, 331, 332, 333, 334]",206,0.986328125,2020,2048,0.5624778852733421,synthetic/pilot_v2_r2/train/002,11111,379842
0,"[14, 14, 16, 14, 11]",0.0,"[14, 14, 16, 14, 11]",1.0,0,0,11,111489,335,58,0.8405797101449275,0,0,4,0.0,1.078125,53,64,0.0,0.0,0.004013969620106816,complete_windows,0,002_00,335,"[331, 332, 333, 334, 335]",206,0.9794921875,2006,2048,0.5712487505759544,synthetic/pilot_v2_r2/train/002,11111,377717
0,"[14, 16, 14, 11, 13]",0.0,"[14, 16, 14, 11, 13]",1.0,0,0,13,111701,336,55,0.8088235294117647,0,0,4,0.0,1.096774193548387,49,62,0.0,0.0,0.004244274531605375,complete_windows,0,002_00,336,"[332, 333, 334, 335, 336]",206,0.9814453125,2010,2048,0.5603045557616475,synthetic/pilot_v2_r2/train/002,11111,377165
0,"[16, 14, 11, 13, 12]",0.0,"[16, 14, 11, 13, 12]",1.0,0,0,12,111983,337,54,0.8181818181818182,0,0,4,0.0,1.0153846153846153,53,65,0.0,0.0,0.007484856529025615,complete_windows,0,002_00,337,"[333, 334, 335, 336, 337]",206,0.982421875,2012,2048,0.5588126647221515,synthetic/pilot_v2_r2/train/002,11111,373898
0,"[14, 11, 13, 12, 10]",0.0,"[14, 11, 13, 12, 10]",1.0,0,0,10,112192,338,50,0.8333333333333334,0,0,4,0.0,1.0169491525423728,49,59,0.0,0.0,0.00902450859328236,complete_windows,0,002_00,338,"[334, 335, 336, 337, 338]",206,0.9912109375,2030,2048,0.5761071547252536,synthetic/pilot_v2_r2/train/002,11111,373256
0,"[11, 13, 12, 10, 12]",0.0,"[11, 13, 12, 10, 12]",1.0,0,0,12,112511,339,46,0.7931034482758621,0,0,4,0.0,1.0,46,58,0.0,0.0,0.008880809810484997,complete_windows,0,002_00,339,"[335, 336, 337, 338, 339]",206,0.99365234375,2035,2048,0.5753518767209831,synthetic/pilot_v2_r2/train/002,11111,374680
0,"[13, 12, 10, 12, 14]",0.0,"[13, 12, 10, 12, 14]",1.0,0,0,14,112698,340,47,0.7704918032786885,0,0,4,0.0,1.0701754385964912,43,57,0.0,0.0,0.009492410331554433,complete_windows,0,002_00,340,"[336, 337, 338, 339, 340]",206,0.990234375,2028,2048,0.588363132974269,synthetic/pilot_v2_r2/train/002,11111,379993
0,"[12, 10, 12, 14, 12]",0.0,"[12, 10, 12, 14, 12]",1.0,0,0,12,113056,341,48,0.8,0,0,4,0.0,1.0909090909090908,43,55,0.0,0.0,0.010199378912365874,complete_windows,0,002_00,341,"[337, 338, 339, 340, 341]",206,0.986328125,2020,2048,0.5845024878351902,synthetic/pilot_v2_r2/train/002,11111,382888
0,"[10, 12, 14, 12, 15]",0.0,"[10, 12, 14, 12, 15]",1.0,0,0,15,113143,342,48,0.7619047619047619,0,0,4,0.0,1.0677966101694916,44,59,0.0,0.0,0.011019172161883788,complete_windows,0,002_00,342,"[338, 339, 340, 341, 342]",206,0.98974609375,2027,2048,0.5788319208293202,synthetic/pilot_v2_r2/train/002,11111,383702
0,"[12, 14, 12, 15, 15]",0.0,"[12, 14, 12, 15, 15]",1.0,0,0,15,113315,343,53,0.7794117647058824,0,0,4,0.0,1.0625,49,64,0.0,0.0,0.011890084902513441,complete_windows,0,002_00,343,"[339, 340, 341, 342, 343]",206,0.99365234375,2035,2048,0.5793430360738432,synthetic/pilot_v2_r2/train/002,11111,385418
0,"[14, 12, 15, 15, 13]",0.0,"[14, 12, 15, 15, 13]",1.0,0,0,13,113619,344,56,0.8115942028985508,0,0,4,0.0,1.0952380952380953,50,63,0.0,0.0,0.011944651115047578,complete_windows,0,002_00,344,"[340, 341, 342, 343, 344]",206,0.9951171875,2038,2048,0.5653536776556238,synthetic/pilot_v2_r2/train/002,11111,385077
0,"[12, 15, 15, 13, 15]",0.0,"[12, 15, 15, 13, 15]",1.0,0,0,15,113990,345,55,0.7857142857142857,0,0,4,0.0,1.1864406779661016,44,59,0.0,0.0,0.01210184814047557,complete_windows,0,002_00,345,"[341, 342, 343, 344, 345]",206,0.99462890625,2037,2048,0.5791633372962105,synthetic/pilot_v2_r2/train/002,11111,385034
0,"[15, 15, 13, 15, 16]",0.0,"[15, 15, 13, 15, 16]",1.0,0,0,16,114008,346,58,0.7837837837837838,0,0,4,0.0,1.2131147540983607,45,61,0.0,0.0,0.012438398353230266,complete_windows,0,002_00,346,"[342, 343, 344, 345, 346]",206,0.9951171875,2038,2048,0.5805062147430379,synthetic/pilot_v2_r2/train/002,11111,386322
0,"[15, 13, 15, 16, 15]",0.0,"[15, 13, 15, 16, 15]",1.0,0,0,15,114336,347,59,0.7972972972972973,0,0,4,0.0,1.088235294117647,53,68,0.0,0.0,0.012403966373165386,complete_windows,0,002_00,347,"[343, 344, 345, 346, 347]",206,0.9912109375,2030,2048,0.5725524728980129,synthetic/pilot_v2_r2/train/002,11111,385718
0,"[13, 15, 16, 15, 17]",0.0,"[13, 15, 16, 15, 17]",1.0,0,0,17,114638,348,59,0.7763157894736842,0,0,4,0.0,1.0857142857142856,53,70,0.0,0.0,0.012718904237657156,complete_windows,0,002_00,348,"[344, 345, 346, 347, 348]",206,0.9912109375,2030,2048,0.5809035358261403,synthetic/pilot_v2_r2/train/002,11111,391383
0,"[15, 16, 15, 17, 14]",0.0,"[15, 16, 15, 17, 14]",1.0,0,0,14,114765,349,63,0.8181818181818182,0,0,4,0.0,1.1159420289855073,55,69,0.0,0.0,0.012985891797693402,complete_windows,0,002_00,349,"[345, 346, 347, 348, 349]",206,0.994140625,2036,2048,0.5754559332540147,synthetic/pilot_v2_r2/train/002,11111,390415
0,"[16, 15, 17, 14, 15]",0.0,"[16, 15, 17, 14, 15]",1.0,0,0,15,115036,350,62,0.8051948051948052,0,0,4,0.0,1.1846153846153846,50,65,0.0,0.0,0.012234706951628146,complete_windows,0,002_00,350,"[346, 347, 348, 349, 350]",206,0.99365234375,2035,2048,0.5751583715519345,synthetic/pilot_v2_r2/train/002,11111,390016
0,"[15, 17, 14, 15, 16]",0.0,"[15, 17, 14, 15, 16]",1.0,0,0,16,115320,351,61,0.7922077922077922,0,0,4,0.0,1.1159420289855073,53,69,0.0,0.0,0.01243150487036471,complete_windows,0,002_00,351,"[347, 348, 349, 350, 351]",206,0.98974609375,2027,2048,0.5886887827183296,synthetic/pilot_v2_r2/train/002,11111,387726
0,"[17, 14, 15, 16, 19]",0.0,"[17, 14, 15, 16, 19]",1.0,0,0,19,115479,352,62,0.7654320987654321,0,0,4,0.0,1.1408450704225352,52,71,0.0,0.0,0.012381514130195042,complete_windows,0,002_00,352,"[348, 349, 350, 351, 352]",206,0.98583984375,2019,2048,0.5919981395924472,synthetic/pilot_v2_r2/train/002,11111,387194
0,"[14, 15, 16, 19, 17]",0.0,"[14, 15, 16, 19, 17]",1.0,0,0,17,116018,353,64,0.7901234567901234,0,0,4,0.0,1.051948051948052,60,77,0.0,0.0,0.012459881579628258,complete_windows,0,002_00,353,"[349, 350, 351, 352, 353]",206,0.99365234375,2035,2048,0.6121973240933014,synthetic/pilot_v2_r2/train/002,11111,386341
0,"[15, 16, 19, 17, 16]",0.0,"[15, 16, 19, 17, 16]",1.0,0,0,16,116121,354,67,0.8072289156626506,0,0,4,0.0,1.064102564102564,62,78,0.0,0.0,0.013476813979044782,complete_windows,0,002_00,354,"[350, 351, 352, 353, 354]",206,0.99267578125,2033,2048,0.6351746585404092,synthetic/pilot_v2_r2/train/002,11111,387146
0,"[16, 19, 17, 16, 16]",0.0,"[16, 19, 17, 16, 16]",1.0,0,0,16,116229,355,68,0.8095238095238095,0,0,4,0.0,1.12,59,75,0.0,0.0,0.013621785428337925,complete_windows,0,002_00,355,"[351, 352, 353, 354, 355]",206,0.98681640625,2021,2048,0.6558191799318478,synthetic/pilot_v2_r2/train/002,11111,392636
0,"[19, 17, 16, 16, 18]",0.0,"[19, 17, 16, 16, 18]",1.0,0,0,18,116598,356,68,0.7906976744186046,0,0,4,0.0,1.1025641025641026,60,78,0.0,0.0,0.014489944469371912,complete_windows,0,002_00,356,"[352, 353, 354, 355, 356]",206,0.9873046875,2022,2048,0.6938751306148006,synthetic/pilot_v2_r2/train/002,11111,396050
0,"[17, 16, 16, 18, 17]",0.0,"[17, 16, 16, 18, 17]",1.0,0,0,17,116793,357,67,0.7976190476190477,0,0,4,0.0,1.0769230769230769,61,78,0.0,0.0,0.015179045318041666,complete_windows,0,002_00,357,"[353, 354, 355, 356, 357]",206,0.98583984375,2019,2048,0.7187748835864751,synthetic/pilot_v2_r2/train/002,11111,397381
0,"[16, 16, 18, 17, 14]",0.0,"[16, 16, 18, 17, 14]",1.0,0,0,14,116749,358,67,0.8271604938271605,0,0,4,0.0,1.0945945945945945,60,74,0.0,0.0,0.014902800079266611,complete_windows,0,002_00,358,"[354, 355, 356, 357, 358]",206,0.984375,2016,2048,0.7402534944596068,synthetic/pilot_v2_r2/train/002,11111,398791
0,"[16, 18, 17, 14, 18]",0.0,"[16, 18, 17, 14, 18]",1.0,0,0,18,116873,359,65,0.7831325301204819,0,0,4,0.0,1.0506329113924051,61,79,0.0,0.0,0.015013026104437175,complete_windows,0,002_00,359,"[355, 356, 357, 358, 359]",206,0.986328125,2020,2048,0.7754752707030276,synthetic/pilot_v2_r2/train/002,11111,397431
0,"[18, 17, 14, 18, 19]",0.0,"[18, 17, 14, 18, 19]",1.0,0,0,19,116982,360,67,0.7790697674418605,0,0,4,0.0,1.011764705882353,66,85,0.0,0.0,0.014903136414827472,complete_windows,0,002_00,360,"[356, 357, 358, 359, 360]",206,0.98876953125,2025,2048,0.8036004633366779,synthetic/pilot_v2_r2/train/002,11111,398843
0,"[17, 14, 18, 19, 21]",0.0,"[17, 14, 18, 19, 21]",1.0,0,0,21,117170,361,68,0.7640449438202247,0,0,4,0.0,1.0348837209302326,65,86,0.0,0.0,0.014151281734834327,complete_windows,0,002_00,361,"[357, 358, 359, 360, 361]",206,0.98779296875,2023,2048,0.8312725274040823,synthetic/pilot_v2_r2/train/002,11111,399715
0,"[14, 18, 19, 21, 21]",0.0,"[14, 18, 19, 21, 21]",1.0,0,0,21,117228,362,72,0.7741935483870968,0,0,4,0.0,1.0108695652173914,71,92,0.0,0.0,0.013381444815018491,complete_windows,0,002_00,362,"[358, 359, 360, 361, 362]",206,0.98681640625,2021,2048,0.8670447239956256,synthetic/pilot_v2_r2/train/002,11111,401190
0,"[18, 19, 21, 21, 20]",0.0,"[18, 19, 21, 21, 20]",1.0,0,0,20,117556,363,79,0.797979797979798,0,0,4,0.0,1.0421052631578946,75,95,0.0,0.0,0.012747530298274507,complete_windows,0,002_00,363,"[359, 360, 361, 362, 363]",206,0.98779296875,2023,2048,0.9110720695156329,synthetic/pilot_v2_r2/train/002,11111,404238
0,"[19, 21, 21, 20, 20]",0.0,"[19, 21, 21, 20, 20]",1.0,0,0,20,117572,364,81,0.801980198019802,0,0,4,0.0,1.1348314606741574,69,89,0.0,0.0,0.011430041660749226,complete_windows,0,002_00,364,"[360, 361, 362, 363, 364]",206,0.986328125,2020,2048,0.9372030791853933,synthetic/pilot_v2_r2/train/002,11111,405449
0,"[21, 21, 20, 20, 20]",0.0,"[21, 21, 20, 20, 20]",1.0,0,0,20,117694,365,82,0.803921568627451,0,0,4,0.0,1.2,65,85,0.0,0.0,0.01032328408647868,complete_windows,0,002_00,365,"[361, 362, 363, 364, 365]",206,0.98388671875,2015,2048,0.9718602712025562,synthetic/pilot_v2_r2/train/002,11111,405837
0,"[21, 20, 20, 20, 17]",0.006160931196063757,"[21, 20, 20, 20, 17]",1.0,0,0,17,117855,366,81,0.826530612244898,0,0,4,0.0,1.380281690140845,54,71,0.0,0.0,0.009396168403151616,complete_windows,0,002_00,366,"[362, 363, 364, 365, 366]",206,0.98876953125,2025,2048,1.0058080379122567,synthetic/pilot_v2_r2/train/002,11111,407250
0,"[20, 20, 20, 17, 19]",0.0,"[20, 20, 20, 17, 19]",1.0,0,0,19,118030,367,77,0.8020833333333334,0,0,4,0.0,1.3714285714285714,51,70,0.0,0.0,0.00804911872269013,complete_windows,0,002_00,367,"[363, 364, 365, 366, 367]",206,0.98388671875,2015,2048,1.0280738673167489,synthetic/pilot_v2_r2/train/002,11111,408328
0,"[20, 20, 17, 19, 22]",0.0,"[20, 20, 17, 19, 22]",1.0,0,0,22,118009,368,76,0.7755102040816326,0,0,4,0.0,1.225,58,80,0.0,0.0,0.007353095678463237,complete_windows,0,002_00,368,"[364, 365, 366, 367, 368]",206,0.9833984375,2014,2048,1.0639047755464062,synthetic/pilot_v2_r2/train/002,11111,406766
0,"[20, 17, 19, 22, 20]",0.0,"[20, 17, 19, 22, 20]",1.0,0,0,20,118040,369,78,0.7959183673469388,0,0,4,0.0,1.1666666666666667,64,84,0.0,0.0,0.006606434965846681,complete_windows,0,002_00,369,"[365, 366, 367, 368, 369]",206,0.98291015625,2013,2048,1.0914385333815355,synthetic/pilot_v2_r2/train/002,11111,407212
0,"[17, 19, 22, 20, 23]",0.002467627637088299,"[17, 19, 22, 20, 23]",1.0,0,0,23,117983,370,78,0.7722772277227723,0,0,4,0.0,1.188235294117647,62,85,0.0,0.0,0.005989570394472258,complete_windows,0,002_00,370,"[366, 367, 368, 369, 370]",206,0.984375,2016,2048,1.113440256220968,synthetic/pilot_v2_r2/train/002,11111,409383
0,"[19, 22, 20, 23, 24]",0.0,"[19, 22, 20, 23, 24]",1.0,0,0,24,117864,371,84,0.7777777777777778,0,0,4,0.0,1.148936170212766,70,94,0.0,0.0,0.0065992771578003845,complete_windows,0,002_00,371,"[367, 368, 369, 370, 371]",206,0.9833984375,2014,2048,1.1401810756512147,synthetic/pilot_v2_r2/train/002,11111,409927
0,"[22, 20, 23, 24, 18]",0.0,"[22, 20, 23, 24, 18]",1.0,0,0,18,117701,372,89,0.8317757009345794,0,0,4,0.0,1.0388349514563107,85,103,0.0,0.0,0.007928366146325225,complete_windows,0,002_00,372,"[368, 369, 370, 371, 372]",206,0.98388671875,2015,2048,1.1586209259673026,synthetic/pilot_v2_r2/train/002,11111,410275
0,"[20, 23, 24, 18, 1]",0.0,"[20, 23, 24, 18, 1]",1.0,0,0,1,117547,373,85,0.9883720930232558,0,0,4,0.0,1.011764705882353,84,85,0.0,0.0,0.008219509823043392,complete_windows,0,002_00,373,"[369, 370, 371, 372, 373]",206,0.98388671875,2015,2048,1.170007767325071,synthetic/pilot_v2_r2/train/002,11111,408483
0,"[23, 24, 18, 1, 0]",,"[23, 24, 18, 1, 0]",,0,0,0,117554,374,66,1.0,0,0,4,,1.0,66,66,,,0.007385478935270669,complete_windows,0,002_00,374,"[370, 371, 372, 373, 374]",206,0.97998046875,2007,2048,1.1840390443808124,synthetic/pilot_v2_r2/train/002,11110,406469
0,"[24, 18, 1, 0, 7]",0.0,"[24, 18, 1, 0, 7]",1.0,0,0,7,117325,375,43,0.86,0,0,3,0.0,1.0,43,50,0.0,0.0,0.006162755428425961,complete_windows,0,002_00,375,"[371, 372, 373, 374, 375]",206,0.978515625,2004,2048,1.1824773770611796,synthetic/pilot_v2_r2/train/002,11101,408006
0,"[18, 1, 0, 7, 17]",0.0,"[18, 1, 0, 7, 17]",1.0,0,0,17,117193,376,26,0.6046511627906976,0,0,3,0.0,1.0,26,43,0.0,0.0,0.004689479038571667,complete_windows,0,002_00,376,"[372, 373, 374, 375, 376]",206,0.98779296875,2023,2048,1.1855477931312053,synthetic/pilot_v2_r2/train/002,11011,408665
0,"[1, 0, 7, 17, 2]",0.006449232343584299,"[1, 0, 7, 17, 2]",1.0,0,0,2,117164,377,25,0.9259259259259259,0,0,3,0.0,1.0384615384615385,24,26,0.0,0.0,0.002687353124397738,complete_windows,0,002_00,377,"[373, 374, 375, 376, 377]",206,0.98876953125,2025,2048,1.207543538042578,synthetic/pilot_v2_r2/train/002,10111,406007
0,"[0, 7, 17, 2, 3]",0.0,"[0, 7, 17, 2, 3]",1.0,0,0,3,116984,378,26,0.896551724137931,0,0,3,0.0,1.0,26,29,0.0,0.0,0.0014898956103840857,complete_windows,0,002_00,378,"[374, 375, 376, 377, 378]",206,0.9833984375,2014,2048,1.2214170744655641,synthetic/pilot_v2_r2/train/002,01111,404072
0,"[7, 17, 2, 3, 23]",0.0,"[7, 17, 2, 3, 23]",1.0,0,0,23,116717,379,29,0.5576923076923077,0,0,4,0.0,1.0,29,52,0.0,0.0,0.0028588727201905224,complete_windows,0,002_00,379,"[375, 376, 377, 378, 379]",206,0.98681640625,2021,2048,1.2433775486688663,synthetic/pilot_v2_r2/train/002,11111,402291
0,"[17, 2, 3, 23, 30]",0.0,"[17, 2, 3, 23, 30]",1.0,0,0,30,116603,380,45,0.6,0,0,4,0.0,1.1904761904761905,33,63,0.0,0.0,0.005963859404741957,complete_windows,0,002_00,380,"[376, 377, 378, 379, 380]",206,0.98681640625,2021,2048,1.2628800247049026,synthetic/pilot_v2_r2/train/002,11111,400004
0,"[2, 3, 23, 30, 30]",0.0,"[2, 3, 23, 30, 30]",1.0,0,0,30,116236,381,58,0.6590909090909091,0,0,4,0.0,1.1139240506329113,49,79,0.0,0.0,0.008838211180119659,complete_windows,0,002_00,381,"[377, 378, 379, 380, 381]",206,0.98046875,2008,2048,1.2797589287051103,synthetic/pilot_v2_r2/train/002,11111,399268
0,"[3, 23, 30, 30, 30]",0.0,"[3, 23, 30, 30, 30]",1.0,0,0,30,115849,382,86,0.7413793103448276,0,0,4,0.0,1.1485148514851484,71,101,0.0,0.0,0.011967608951750872,complete_windows,0,002_00,382,"[378, 379, 380, 381, 382]",206,0.97998046875,2007,2048,1.2822689395586824,synthetic/pilot_v2_r2/train/002,11111,399489
0,"[23, 30, 30, 30, 30]",0.0,"[23, 30, 30, 30, 30]",1.0,0,0,30,115559,383,113,0.7902097902097902,0,0,4,0.0,1.144,95,125,0.0,0.0,0.015462872497572068,complete_windows,0,002_00,383,"[379, 380, 381, 382, 383]",206,0.9765625,2000,2048,1.2988789353588213,synthetic/pilot_v2_r2/train/002,11111,400115
0,"[30, 30, 30, 30, 12]",0.0,"[30, 30, 30, 30, 12]",1.0,0,0,12,115100,384,120,0.9090909090909091,0,0,4,0.0,1.11864406779661,106,118,0.0,0.0,0.017471767214274857,complete_windows,0,002_00,384,"[380, 381, 382, 383, 384]",206,0.9794921875,2006,2048,1.3062262650387035,synthetic/pilot_v2_r2/train/002,11111,399836
0,"[30, 30, 30, 12, 26]",0.0,"[30, 30, 30, 12, 26]",1.0,0,0,26,114822,385,102,0.796875,0,0,4,0.0,1.0756302521008403,93,119,0.0,0.0,0.019938755564251683,complete_windows,0,002_00,385,"[381, 382, 383, 384, 385]",206,0.98583984375,2019,2048,1.3020436551013777,synthetic/pilot_v2_r2/train/002,11111,398045
0,"[30, 30, 12, 26, 28]",0.0,"[30, 30, 12, 26, 28]",1.0,0,0,28,114477,386,98,0.7777777777777778,0,0,4,0.0,1.0677966101694916,90,118,0.0,0.0,0.020851111088566705,complete_windows,0,002_00,386,"[382, 383, 384, 385, 386]",206,0.98193359375,2011,2048,1.3192689686818118,synthetic/pilot_v2_r2/train/002,11111,393652
0,"[30, 12, 26, 28, 30]",0.0,"[30, 12, 26, 28, 30]",1.0,0,0,30,114030,387,96,0.7619047619047619,0,0,4,0.0,1.0677966101694916,88,118,0.0,0.0,0.020761124390069347,complete_windows,0,002_00,387,"[383, 384, 385, 386, 387]",206,0.98583984375,2019,2048,1.3126215706449558,synthetic/pilot_v2_r2/train/002,11111,391095
0,"[12, 26, 28, 30, 26]",0.0,"[12, 26, 28, 30, 26]",1.0,0,0,26,113337,388,96,0.7868852459016393,0,0,4,0.0,1.1296296296296295,82,108,0.0,0.0,0.021951718565706213,complete_windows,0,002_00,388,"[384, 385, 386, 387, 388]",206,0.986328125,2020,2048,1.3052875485647322,synthetic/pilot_v2_r2/train/002,11111,389553
0,"[26, 28, 30, 26, 32]",0.0,"[26, 28, 30, 26, 32]",1.0,0,0,32,112858,389,110,0.7746478873239436,0,0,4,0.0,1.1181102362204725,95,127,0.0,0.0,0.022965797011270647,complete_windows,0,002_00,389,"[385, 386, 387, 388, 389]",206,0.98583984375,2019,2048,1.313427224061095,synthetic/pilot_v2_r2/train/002,11111,386617
0,"[28, 30, 26, 32, 31]",0.010027625598013401,"[28, 30, 26, 32, 31]",1.0,0,0,31,112263,390,116,0.7891156462585034,0,0,4,0.0,1.2148760330578512,90,121,0.0,0.0,0.02244563153709309,complete_windows,0,002_00,390,"[386, 387, 388, 389, 390]",206,0.9853515625,2018,2048,1.2947163935012391,synthetic/pilot_v2_r2/train/002,11111,383511
0,"[30, 26, 32, 31, 29]",0.0,"[30, 26, 32, 31, 29]",1.0,0,0,29,111608,391,119,0.8040540540540541,0,0,4,0.0,1.184,96,125,0.0,0.0,0.022528384285342748,complete_windows,0,002_00,391,"[387, 388, 389, 390, 391]",206,0.98291015625,2013,2048,1.2878566812297847,synthetic/pilot_v2_r2/train/002,11111,379604
0,"[26, 32, 31, 29, 31]",0.0,"[26, 32, 31, 29, 31]",1.0,0,0,31,111013,392,118,0.7919463087248322,0,0,4,0.0,1.1732283464566928,96,127,0.0,0.0,0.02289354986602539,complete_windows,0,002_00,392,"[388, 389, 390, 391, 392]",206,0.98974609375,2027,2048,1.2895677938670902,synthetic/pilot_v2_r2/train/002,11111,377159
0,"[32, 31, 29, 31, 25]",0.0,"[32, 31, 29, 31, 25]",1.0,0,0,25,110399,393,123,0.831081081081081,0,0,4,0.0,1.15625,103,128,0.0,0.0,0.024276588341936696,complete_windows,0,002_00,393,"[389, 390, 391, 392, 393]",206,0.9931640625,2034,2048,1.2795421282905588,synthetic/pilot_v2_r2/train/002,11111,374381
0,"[31, 29, 31, 25, 33]",0.0071082343347370625,"[31, 29, 31, 25, 33]",1.0,0,0,33,109812,394,116,0.7785234899328859,0,0,4,0.0,1.2735042735042734,84,117,0.0,0.0,0.027781287758392396,complete_windows,0,002_00,394,"[390, 391, 392, 393, 394]",206,0.9912109375,2030,2048,1.2740342489027967,synthetic/pilot_v2_r2/train/002,11111,369193
0,"[29, 31, 25, 33, 31]",0.005785508081316948,"[29, 31, 25, 33, 31]",1.0,0,0,31,109188,395,118,0.7919463087248322,0,0,4,0.0,1.4607843137254901,71,102,0.0,0.0,0.030635788842928044,complete_windows,0,002_00,395,"[391, 392, 393, 394, 395]",206,0.98291015625,2013,2048,1.2649643998291062,synthetic/pilot_v2_r2/train/002,11111,367078
0,"[31, 25, 33, 31, 31]",0.008009572513401508,"[31, 25, 33, 31, 31]",1.0,0,0,31,108707,396,120,0.7947019867549668,0,0,4,0.0,1.6063829787234043,63,94,0.0,0.0,0.033301157073977586,complete_windows,0,002_00,396,"[392, 393, 394, 395, 396]",206,0.9833984375,2014,2048,1.2352397986245578,synthetic/pilot_v2_r2/train/002,11111,362788
0,"[25, 33, 31, 31, 31]",0.0,"[25, 33, 31, 31, 31]",1.0,0,0,31,108047,397,120,0.7947019867549668,0,0,4,0.0,1.7159090909090908,57,88,0.0,0.0,0.03480737718064293,complete_windows,0,002_00,397,"[393, 394, 395, 396, 397]",206,0.98681640625,2021,2048,1.1884000133233548,synthetic/pilot_v2_r2/train/002,11111,359476
0,"[33, 31, 31, 31, 30]",0.0,"[33, 31, 31, 31, 30]",1.0,0,0,30,107581,398,126,0.8076923076923077,0,0,4,0.0,1.3333333333333333,87,117,0.0,0.0,0.03478882210479759,complete_windows,0,002_00,398,"[394, 395, 396, 397, 398]",206,0.9892578125,2026,2048,1.160145007218402,synthetic/pilot_v2_r2/train/002,11111,354775
0,"[31, 31, 31, 30, 28]",0.0,"[31, 31, 31, 30, 28]",1.0,0,0,28,107168,399,123,0.8145695364238411,0,0,4,0.0,1.3482142857142858,84,112,0.0,0.0,0.03415294345233109,complete_windows,0,002_00,399,"[395, 396, 397, 398, 399]",206,0.990234375,2028,2048,1.0988508033248765,synthetic/pilot_v2_r2/train/002,11111,352275
0,"[31, 31, 30, 28, 28]",0.0,"[31, 31, 30, 28, 28]",1.0,0,0,28,106565,400,120,0.8108108108108109,0,0,4,0.0,1.2982456140350878,86,114,0.0,0.0,0.03289217862112589,complete_windows,0,002_00,400,"[396, 397, 398, 399, 400]",206,0.99267578125,2033,2048,1.04959242365135,synthetic/pilot_v2_r2/train/002,11111,349076
0,"[31, 30, 28, 28, 34]",0.0,"[31, 30, 28, 28, 34]",1.0,0,0,34,106043,401,117,0.7748344370860927,0,0,4,0.0,1.217741935483871,90,124,0.0,0.0,0.03176991607354559,complete_windows,0,002_00,401,"[397, 398, 399, 400, 401]",206,0.99072265625,2029,2048,0.997741020126535,synthetic/pilot_v2_r2/train/002,11111,345574
0,"[30, 28, 28, 34, 32]",0.007395379710942507,"[30, 28, 28, 34, 32]",1.0,0,0,32,105530,402,120,0.7894736842105263,0,0,4,0.0,1.3103448275862069,84,116,0.0,0.0,0.031030810787634384,complete_windows,0,002_00,402,"[398, 399, 400, 401, 402]",206,0.9931640625,2034,2048,0.9250714436681605,synthetic/pilot_v2_r2/train/002,11111,343544
0,"[28, 28, 34, 32, 32]",0.006316998973488808,"[28, 28, 34, 32, 32]",1.0,0,0,32,105024,403,122,0.7922077922077922,0,0,4,0.0,1.5876288659793814,65,97,0.0,0.0,0.031083653511004058,complete_windows,0,002_00,403,"[399, 400, 401, 402, 403]",206,0.99365234375,2035,2048,0.8585992169698263,synthetic/pilot_v2_r2/train/002,11111,339164
0,"[28, 34, 32, 32, 33]",0.009475714527070522,"[28, 34, 32, 32, 33]",1.0,0,0,33,104546,404,126,0.7924528301886793,0,0,4,0.0,2.0384615384615383,45,78,0.0,0.0,0.031179020547614716,complete_windows,0,002_00,404,"[400, 401, 402, 403, 404]",206,0.98681640625,2021,2048,0.7859554832975809,synthetic/pilot_v2_r2/train/002,11111,333525
0,"[34, 32, 32, 33, 30]",0.0,"[34, 32, 32, 33, 30]",1.0,0,0,30,104040,405,131,0.8136645962732919,0,0,4,0.0,1.5631067961165048,73,103,0.0,0.0,0.03011956482014087,complete_windows,0,002_00,405,"[401, 402, 403, 404, 405]",206,0.9755859375,1998,2048,0.7148813524401506,synthetic/pilot_v2_r2/train/002,11111,330838
0,"[32, 32, 33, 30, 28]",0.0,"[32, 32, 33, 30, 28]",1.0,0,0,28,103773,406,127,0.8193548387096774,0,0,4,0.0,1.4351851851851851,80,108,0.0,0.0,0.02832262042000843,complete_windows,0,002_00,406,"[402, 403, 404, 405, 406]",206,0.98193359375,2011,2048,0.6423042441695491,synthetic/pilot_v2_r2/train/002,11111,329137
0,"[32, 33, 30, 28, 35]",0.0,"[32, 33, 30, 28, 35]",1.0,0,0,35,103721,407,123,0.7784810126582279,0,0,4,0.0,1.144927536231884,103,138,0.0,0.0,0.025579987938641136,complete_windows,0,002_00,407,"[403, 404, 405, 406, 407]",206,0.9921875,2032,2048,0.5809696129112268,synthetic/pilot_v2_r2/train/002,11111,327659
0,"[33, 30, 28, 35, 27]",0.0,"[33, 30, 28, 35, 27]",1.0,0,0,27,103410,408,126,0.8235294117647058,0,0,4,0.0,1.1167883211678833,110,137,0.0,0.0,0.021486232487672646,complete_windows,0,002_00,408,"[404, 405, 406, 407, 408]",206,0.99267578125,2033,2048,0.5120946470435086,synthetic/pilot_v2_r2/train/002,11111,325898
0,"[30, 28, 35, 27, 32]",0.009614450857043266,"[30, 28, 35, 27, 32]",1.0,0,0,32,103330,409,120,0.7894736842105263,0,0,4,0.0,1.2459016393442623,90,122,0.0,0.0,0.018404450615655158,complete_windows,0,002_00,409,"[405, 406, 407, 408, 409]",206,0.99658203125,2041,2048,0.43108579943450004,synthetic/pilot_v2_r2/train/002,11111,321005
0,"[28, 35, 27, 32, 28]",0.0063864970579743385,"[28, 35, 27, 32, 28]",1.0,0,0,28,103042,410,122,0.8133333333333334,0,0,4,0.0,1.271186440677966,90,118,0.0,0.0,0.01458697889915079,complete_windows,0,002_00,410,"[406, 407, 408, 409, 410]",206,0.99609375,2040,2048,0.35608664149275604,synthetic/pilot_v2_r2/train/002,11111,317643
0,"[35, 27, 32, 28, 29]",0.0,"[35, 27, 32, 28, 29]",1.0,0,0,29,102947,411,122,0.8079470198675497,0,0,4,0.0,1.3017241379310345,87,116,0.0,0.0,0.010701016881739689,complete_windows,0,002_00,411,"[407, 408, 409, 410, 411]",206,0.99462890625,2037,2048,0.2606401137220358,synthetic/pilot_v2_r2/train/002,11111,310221
0,"[27, 32, 28, 29, 26]",0.0,"[27, 32, 28, 29, 26]",1.0,0,0,26,102896,412,116,0.8169014084507042,0,0,4,0.0,1.3027522935779816,83,109,0.0,0.0,0.007137594447065906,complete_windows,0,002_00,412,"[408, 409, 410, 411, 412]",206,0.99462890625,2037,2048,0.18669583223176037,synthetic/pilot_v2_r2/train/002,11111,301530
0,"[32, 28, 29, 26, 24]",0.007302732206881046,"[32, 28, 29, 26, 24]",1.0,0,0,24,103021,413,115,0.8273381294964028,0,0,4,0.0,1.404040404040404,75,99,0.0,0.0,0.003715447963731837,complete_windows,0,002_00,413,"[409, 410, 411, 412, 413]",206,0.9970703125,2042,2048,0.1040479021361182,synthetic/pilot_v2_r2/train/002,11111,282669
0,"[28, 29, 26, 24, 31]",0.0055935983546078205,"[28, 29, 26, 24, 31]",1.0,0,0,31,103248,414,107,0.7753623188405797,0,0,4,0.0,1.4838709677419355,62,93,0.0,0.0,0.0019930490985187134,complete_windows,0,002_00,414,"[410, 411, 412, 413, 414]",206,0.98486328125,2017,2048,0.035160881557703236,synthetic/pilot_v2_r2/train/002,11111,275101
0,"[29, 26, 24, 31, 29]",0.010969062335789204,"[29, 26, 24, 31, 29]",1.0,0,0,29,103254,415,110,0.7913669064748201,0,0,4,0.0,1.6951219512195121,53,82,0.0,0.0,0.0028974644996378404,complete_windows,0,002_00,415,"[411, 412, 413, 414, 415]",206,0.97900390625,2005,2048,0.014614754465391361,synthetic/pilot_v2_r2/train/002,11111,280867
0,"[26, 24, 31, 29, 29]",0.005491154734045267,"[26, 24, 31, 29, 29]",1.0,0,0,29,103183,416,110,0.7913669064748201,0,0,4,0.0,1.9577464788732395,42,71,0.0,0.0,0.003771408411997601,complete_windows,0,002_00,416,"[412, 413, 414, 415, 416]",206,0.99853515625,2045,2048,0.01674442993520062,synthetic/pilot_v2_r2/train/002,11111,286909
0,"[24, 31, 29, 29, 29]",0.00417435122653842,"[24, 31, 29, 29, 29]",1.0,0,0,29,103177,417,113,0.795774647887324,0,0,4,0.0,2.406779661016949,30,59,0.0,0.0,0.0039048465646758144,complete_windows,0,002_00,417,"[413, 414, 415, 416, 417]",206,0.99609375,2040,2048,0.019743715422046556,synthetic/pilot_v2_r2/train/002,11111,282350
0,"[31, 29, 29, 29, 28]",0.004325983114540577,"[31, 29, 29, 29, 28]",1.0,0,0,28,103284,418,118,0.8082191780821918,0,0,4,0.0,2.92,22,50,0.0,0.0,0.0029162318418420588,complete_windows,0,002_00,418,"[414, 415, 416, 417, 418]",206,0.998046875,2044,2048,0.012016320233701546,synthetic/pilot_v2_r2/train/002,11111,250904
0,"[29, 29, 29, 28, 29]",0.0028548261616379023,"[29, 29, 29, 28, 29]",1.0,0,0,29,103342,419,115,0.7986111111111112,0,0,4,0.0,3.6923076923076925,10,39,0.0,0.0,0.000904795740409607,complete_windows,0,002_00,419,"[415, 416, 417, 418, 419]",206,0.99853515625,2045,2048,0.005568509490040279,synthetic/pilot_v2_r2/train/002,11111,218295
0,"[29, 29, 28, 29, 28]",0.003221869468688965,"[29, 29, 28, 29, 28]",1.0,0,0,28,103384,420,115,0.8041958041958042,0,0,4,0.0,3.4878048780487805,13,41,0.0,0.0,0.0005491874082099786,complete_windows,0,002_00,420,"[416, 417, 418, 419, 420]",206,0.99609375,2040,2048,0.006420444862750342,synthetic/pilot_v2_r2/train/002,11111,211966
0,"[29, 28, 29, 28, 29]",0.0047838022001087666,"[29, 28, 29, 28, 29]",1.0,0,0,29,103443,421,114,0.7972027972027972,0,0,4,0.0,3.1777777777777776,16,45,0.0,0.0,0.0008854654475042613,complete_windows,0,002_00,421,"[417, 418, 419, 420, 421]",206,0.99951171875,2047,2048,0.012825925408099596,synthetic/pilot_v2_r2/train/002,11111,212983
0,"[28, 29, 28, 29, 28]",0.0021177218295633793,"[28, 29, 28, 29, 28]",1.0,0,0,28,103369,422,114,0.8028169014084507,0,0,4,0.0,3.227272727272727,16,44,0.0,0.0,0.00039067888196422235,complete_windows,0,002_00,422,"[418, 419, 420, 421, 422]",206,0.99951171875,2047,2048,0.004263785516722539,synthetic/pilot_v2_r2/train/002,11111,207248
0,"[29, 28, 29, 28, 28]",0.00420064153149724,"[29, 28, 29, 28, 28]",1.0,0,0,28,103257,423,114,0.8028169014084507,0,0,4,0.0,3.021276595744681,19,47,0.0,0.0,0.00024633827276664073,complete_windows,0,002_00,423,"[419, 420, 421, 422, 423]",206,0.99951171875,2047,2048,0.005217550903415147,synthetic/pilot_v2_r2/train/002,11111,200707
0,"[28, 29, 28, 28, 28]",0.002410156186670065,"[28, 29, 28, 28, 28]",1.0,0,0,28,103484,424,113,0.8014184397163121,0,0,4,0.0,3.2045454545454546,16,44,0.0,0.0,0.0002471512288881446,complete_windows,0,002_00,424,"[420, 421, 422, 423, 424]",206,0.9990234375,2046,2048,0.0034367606884920326,synthetic/pilot_v2_r2/train/002,11111,198831
0,"[29, 28, 28, 28, 28]",0.004088062327355146,"[29, 28, 28, 28, 28]",1.0,0,0,28,103301,425,113,0.8014184397163121,0,0,4,0.0,3.4390243902439024,13,41,0.0,0.0,0.0005672818287545799,complete_windows,0,002_00,425,"[421, 422, 423, 424, 425]",206,0.99560546875,2039,2048,0.008876856592162103,synthetic/pilot_v2_r2/train/002,11111,202363
0,"[28, 28, 28, 28, 29]",0.0022746105678379536,"[28, 28, 28, 28, 29]",1.0,0,0,29,103253,426,112,0.7943262411347518,0,0,4,0.0,3.357142857142857,13,42,0.0,0.0,0.00036559693181648583,complete_windows,0,002_00,426,"[422, 423, 424, 425, 426]",206,0.99560546875,2039,2048,0.007035269282335573,synthetic/pilot_v2_r2/train/002,11111,204189
0,"[28, 28, 28, 29, 29]",0.0034232106991112232,"[28, 28, 28, 29, 29]",1.0,0,0,29,103296,427,113,0.795774647887324,0,0,4,0.0,3.302325581395349,14,43,0.0,0.0,0.000762931243348802,complete_windows,0,002_00,427,"[423, 424, 425, 426, 427]",206,0.99951171875,2047,2048,0.006480630421352014,synthetic/pilot_v2_r2/train/002,11111,210183
0,"[28, 28, 29, 29, 29]",0.0016703070141375065,"[28, 28, 29, 29, 29]",1.0,0,0,29,103362,428,114,0.7972027972027972,0,0,4,0.0,3.4047619047619047,13,42,0.0,0.0,0.0006263579885815543,complete_windows,0,002_00,428,"[424, 425, 426, 427, 428]",206,0.99951171875,2047,2048,0.005916897982252785,synthetic/pilot_v2_r2/train/002,11111,205202
0,"[28, 29, 29, 29, 29]",0.00150175706949085,"[28, 29, 29, 29, 29]",1.0,0,0,29,103273,429,115,0.7986111111111112,0,0,4,0.0,3.789473684210526,9,38,0.0,0.0,0.0006324459043941941,complete_windows,0,002_00,429,"[425, 426, 427, 428, 429]",206,0.998046875,2044,2048,0.00920589638269355,synthetic/pilot_v2_r2/train/002,11111,194185
0,"[29, 29, 29, 29, 28]",0.0022923375945538282,"[29, 29, 29, 29, 28]",1.0,0,0,28,103439,430,116,0.8055555555555556,0,0,4,0.0,3.891891891891892,9,37,0.0,0.0,0.00018570803751331933,complete_windows,0,002_00,430,"[426, 427, 428, 429, 430]",206,0.99853515625,2045,2048,0.005902840125876285,synthetic/pilot_v2_r2/train/002,11111,186846
0,"[29, 29, 29, 28, 29]",0.0008436072384938598,"[29, 29, 29, 28, 29]",1.0,0,0,29,103365,431,115,0.7986111111111112,0,0,4,0.0,3.891891891891892,8,37,0.0,0.0,0.00017072063421045284,complete_windows,0,002_00,431,"[427, 428, 429, 430, 431]",206,0.998046875,2044,2048,0.004482352433300021,synthetic/pilot_v2_r2/train/002,11111,187840
0,"[29, 29, 28, 29, 28]",0.0023374014999717474,"[29, 29, 28, 29, 28]",1.0,0,0,28,103326,432,115,0.8041958041958042,0,0,4,0.0,4.205882352941177,6,34,0.0,0.0,0.0001950277665298198,complete_windows,0,002_00,432,"[428, 429, 430, 431, 432]",206,0.99609375,2040,2048,0.0042863760819092725,synthetic/pilot_v2_r2/train/002,11111,192373
0,"[29, 28, 29, 28, 26]",0.005661879666149616,"[29, 28, 29, 28, 26]",1.0,0,0,26,103352,433,114,0.8142857142857143,0,0,4,0.0,3.4146341463414633,15,41,0.0,0.0,0.000664608419071227,complete_windows,0,002_00,433,"[429, 430, 431, 432, 433]",206,0.99658203125,2041,2048,0.005342588805341148,synthetic/pilot_v2_r2/train/002,11111,202773
0,"[28, 29, 28, 26, 28]",0.0,"[28, 29, 28, 26, 28]",1.0,0,0,28,103367,434,111,0.7985611510791367,0,0,4,0.0,2.43859649122807,29,57,0.0,0.0,0.0006733981912165073,complete_windows,0,002_00,434,"[430, 431, 432, 433, 434]",206,0.9970703125,2042,2048,0.015416926580787397,synthetic/pilot_v2_r2/train/002,11111,214567
0,"[29, 28, 26, 28, 28]",0.005976695567369461,"[29, 28, 26, 28, 28]",1.0,0,0,28,103204,435,111,0.7985611510791367,0,0,4,0.0,2.0144927536231885,41,69,0.0,0.0,0.000885699089722379,complete_windows,0,002_00,435,"[431, 432, 433, 434, 435]",206,0.99853515625,2045,2048,0.01939620328444947,synthetic/pilot_v2_r2/train/002,11111,225078
0,"[28, 26, 28, 28, 29]",0.0,"[28, 26, 28, 28, 29]",1.0,0,0,29,103393,436,110,0.7913669064748201,0,0,4,0.0,1.5977011494252873,58,87,0.0,0.0,0.0012400298444350363,complete_windows,0,002_00,436,"[432, 433, 434, 435, 436]",206,0.99853515625,2045,2048,0.030689445810950833,synthetic/pilot_v2_r2/train/002,11111,237602
0,"[26, 28, 28, 29, 27]",0.0,"[26, 28, 28, 29, 27]",1.0,0,0,27,103439,437,111,0.8043478260869565,0,0,4,0.0,1.4680851063829787,67,94,0.0,0.0,0.0012148132162911214,complete_windows,0,002_00,437,"[433, 434, 435, 436, 437]",206,0.9970703125,2042,2048,0.042562503946110775,synthetic/pilot_v2_r2/train/002,11111,244830
0,"[28, 28, 29, 27, 31]",0.0,"[28, 28, 29, 27, 31]",1.0,0,0,31,103440,438,112,0.7832167832167832,0,0,4,0.0,1.4158415841584158,70,101,0.0,0.0,0.0016812464960763633,complete_windows,0,002_00,438,"[434, 435, 436, 437, 438]",206,0.99609375,2040,2048,0.04970735576958319,synthetic/pilot_v2_r2/train/002,11111,256093
0,"[28, 29, 27, 31, 30]",0.0,"[28, 29, 27, 31, 30]",1.0,0,0,30,103431,439,115,0.7931034482758621,0,0,4,0.0,1.355140186915888,77,107,0.0,0.0,0.0022241656986977743,complete_windows,0,002_00,439,"[435, 436, 437, 438, 439]",206,0.99609375,2040,2048,0.06905041301874244,synthetic/pilot_v2_r2/train/002,11111,269742
0,"[29, 27, 31, 30, 32]",0.00977090559899807,"[29, 27, 31, 30, 32]",1.0,0,0,32,103439,440,117,0.785234899328859,0,0,4,0.0,1.4056603773584906,74,106,0.0,0.0,0.003038687889789379,complete_windows,0,002_00,440,"[436, 437, 438, 439, 440]",206,0.99560546875,2039,2048,0.09064968517557792,synthetic/pilot_v2_r2/train/002,11111,279872
0,"[27, 31, 30, 32, 37]",0.0,"[27, 31, 30, 32, 37]",1.0,0,0,37,103631,441,120,0.7643312101910829,0,0,4,0.0,1.2661290322580645,87,124,0.0,0.0,0.0033658866901109864,complete_windows,0,002_00,441,"[437, 438, 439, 440, 441]",206,0.99560546875,2039,2048,0.10794510760081369,synthetic/pilot_v2_r2/train/002,11111,286801
0,"[31, 30, 32, 37, 32]",0.0,"[31, 30, 32, 37, 32]",1.0,0,0,32,103471,442,130,0.8024691358024691,0,0,4,0.0,1.218045112781955,101,133,0.0,0.0,0.003328294267364316,complete_windows,0,002_00,442,"[438, 439, 440, 441, 442]",206,0.99462890625,2037,2048,0.12498576825389081,synthetic/pilot_v2_r2/train/002,11111,293974
0,"[30, 32, 37, 32, 31]",0.0,"[30, 32, 37, 32, 31]",1.0,0,0,31,103718,443,131,0.808641975308642,0,0,4,0.0,1.208955223880597,103,134,0.0,0.0,0.0024930703780523477,complete_windows,0,002_00,443,"[439, 440, 441, 442, 443]",206,0.99609375,2040,2048,0.15034847223866057,synthetic/pilot_v2_r2/train/002,11111,297553
0,"[32, 37, 32, 31, 35]",0.0019899944309145212,"[32, 37, 32, 31, 35]",1.0,0,0,35,103877,444,132,0.7904191616766467,0,0,4,0.0,1.403361344537815,84,119,0.0,0.0,0.0016898683915838307,complete_windows,0,002_00,444,"[440, 441, 442, 443, 444]",206,0.99658203125,2041,2048,0.1673816374807703,synthetic/pilot_v2_r2/train/002,11111,297442
0,"[37, 32, 31, 35, 37]",0.007973447442054749,"[37, 32, 31, 35, 37]",1.0,0,0,37,103907,445,135,0.7848837209302325,0,0,4,0.0,1.5495495495495495,74,111,0.0,0.0,0.001401483341461356,complete_windows,0,002_00,445,"[441, 442, 443, 444, 445]",206,0.99658203125,2041,2048,0.19852003962339915,synthetic/pilot_v2_r2/train/002,11111,302579
0,"[32, 31, 35, 37, 30]",0.0,"[32, 31, 35, 37, 30]",1.0,0,0,30,104043,446,135,0.8181818181818182,0,0,4,0.0,1.3636363636363635,91,121,0.0,0.0,0.0014860919458639234,complete_windows,0,002_00,446,"[442, 443, 444, 445, 446]",206,0.9951171875,2038,2048,0.21712606908791965,synthetic/pilot_v2_r2/train/002,11111,307874
0,"[31, 35, 37, 30, 32]",0.0,"[31, 35, 37, 30, 32]",1.0,0,0,32,104145,447,133,0.806060606060606,0,0,4,0.0,1.1785714285714286,108,140,0.0,0.0,0.002889644915547066,complete_windows,0,002_00,447,"[443, 444, 445, 446, 447]",206,0.9921875,2032,2048,0.23009684059157395,synthetic/pilot_v2_r2/train/002,11111,313026
0,"[35, 37, 30, 32, 32]",0.0,"[35, 37, 30, 32, 32]",1.0,0,0,32,104439,448,134,0.8072289156626506,0,0,4,0.0,1.0849673202614378,121,153,0.0,0.0,0.003932411652664263,complete_windows,0,002_00,448,"[444, 445, 446, 447, 448]",206,0.994140625,2036,2048,0.2497798923648445,synthetic/pilot_v2_r2/train/002,11111,321486
1,"[0, 0, 0, 0, 0]",,"[0, 0, 0, 0, 0]",,0,0,0,116583,4,0,,0,0,0,,,0,0,,,0.055882439691468624,complete_windows,0,003_00,4,"[0, 1, 2, 3, 4]",206,0.98388671875,2015,2048,0.9663458588461507,synthetic/pilot_v2_r2/train/003,00000,396511
1,"[0, 0, 0, 0, 0]",,"[0, 0, 0, 0, 0]",,0,0,0,116791,5,0,,0,0,0,,,0,0,,,0.05682964938812921,complete_windows,0,003_00,5,"[1, 2, 3, 4, 5]",206,0.98388671875,2015,2048,0.9417122095308389,synthetic/pilot_v2_r2/train/003,00000,381929
1,"[0, 0, 0, 0, 0]",,"[0, 0, 0, 0, 0]",,0,0,0,117126,6,0,,0,0,0,,,0,0,,,0.058040769637014995,complete_windows,0,003_00,6,"[2, 3, 4, 5, 6]",206,0.98974609375,2027,2048,0.965195888385032,synthetic/pilot_v2_r2/train/003,00000,378259
1,"[0, 0, 0, 0, 0]",,"[0, 0, 0, 0, 0]",,0,0,0,117297,7,0,,0,0,0,,,0,0,,,0.059780262270065714,complete_windows,0,003_00,7,"[3, 4, 5, 6, 7]",206,0.990234375,2028,2048,0.9858028429850648,synthetic/pilot_v2_r2/train/003,00000,375552
1,"[0, 0, 0, 0, 0]",,"[0, 0, 0, 0, 0]",,0,0,0,117491,8,0,,0,0,0,,,0,0,,,0.060236773270322036,complete_windows,0,003_00,8,"[4, 5, 6, 7, 8]",206,0.9912109375,2030,2048,1.005267696927662,synthetic/pilot_v2_r2/train/003,00000,374759
1,"[0, 0, 0, 0, 0]",,"[0, 0, 0, 0, 0]",,0,0,0,117664,9,0,,0,0,0,,,0,0,,,0.061005502645824036,complete_windows,0,003_00,9,"[5, 6, 7, 8, 9]",206,0.98974609375,2027,2048,1.0220813685554533,synthetic/pilot_v2_r2/train/003,00000,380214
1,"[0, 0, 0, 0, 0]",,"[0, 0, 0, 0, 0]",,0,0,0,117816,10,0,,0,0,0,,,0,0,,,0.06305325732861693,complete_windows,0,003_00,10,"[6, 7, 8, 9, 10]",206,0.98828125,2024,2048,1.0224720118001567,synthetic/pilot_v2_r2/train/003,00000,382086
1,"[0, 0, 0, 0, 0]",,"[0, 0, 0, 0, 0]",,0,0,0,117827,11,0,,0,0,0,,,0,0,,,0.06544281322397204,complete_windows,0,003_00,11,"[7, 8, 9, 10, 11]",206,0.98388671875,2015,2048,1.0198269749268534,synthetic/pilot_v2_r2/train/003,00000,384664
1,"[0, 0, 0, 0, 0]",,"[0, 0, 0, 0, 0]",,0,0,0,118124,12,0,,0,0,0,,,0,0,,,0.06496903360013287,complete_windows,0,003_00,12,"[8, 9, 10, 11, 12]",206,0.9873046875,2022,2048,1.0192244990949888,synthetic/pilot_v2_r2/train/003,00000,384934
1,"[0, 0, 0, 0, 0]",,"[0, 0, 0, 0, 0]",,0,0,0,118163,13,0,,0,0,0,,,0,0,,,0.06258064121138437,complete_windows,0,003_00,13,"[9, 10, 11, 12, 13]",206,0.98779296875,2023,2048,1.0290860495002332,synthetic/pilot_v2_r2/train/003,00000,386396
1,"[0, 0, 0, 0, 0]",,"[0, 0, 0, 0, 0]",,0,0,0,118194,14,0,,0,0,0,,,0,0,,,0.06061945466890311,complete_windows,0,003_00,14,"[10, 11, 12, 13, 14]",206,0.9892578125,2026,2048,1.0320936266278606,synthetic/pilot_v2_r2/train/003,00000,382202
1,"[0, 0, 0, 0, 0]",,"[0, 0, 0, 0, 0]",,0,0,0,118212,15,0,,0,0,0,,,0,0,,,0.0600284197313791,complete_windows,0,003_00,15,"[11, 12, 13, 14, 15]",206,0.9814453125,2010,2048,1.0402343316167795,synthetic/pilot_v2_r2/train/003,00000,379140
1,"[0, 0, 0, 0, 0]",,"[0, 0, 0, 0, 0]",,0,0,0,118350,16,0,,0,0,0,,,0,0,,,0.05988758371271035,complete_windows,0,003_00,16,"[12, 13, 14, 15, 16]",206,0.9873046875,2022,2048,1.0357255716496157,synthetic/pilot_v2_r2/train/003,00000,378383
1,"[0, 0, 0, 0, 0]",,"[0, 0, 0, 0, 0]",,0,0,0,118128,17,0,,0,0,0,,,0,0,,,0.05995642280798513,complete_windows,0,003_00,17,"[13, 14, 15, 16, 17]",206,0.99169921875,2031,2048,1.0234080660283624,synthetic/pilot_v2_r2/train/003,00000,377693
1,"[0, 0, 0, 0, 0]",,"[0, 0, 0, 0, 0]",,0,0,0,118359,18,0,,0,0,0,,,0,0,,,0.05981346634662151,complete_windows,0,003_00,18,"[14, 15, 16, 17, 18]",206,0.9833984375,2014,2048,1.0235789177754357,synthetic/pilot_v2_r2/train/003,00000,377379
1,"[0, 0, 0, 0, 0]",,"[0, 0, 0, 0, 0]",,0,0,0,118242,19,0,,0,0,0,,,0,0,,,0.05936968902529027,complete_windows,0,003_00,19,"[15, 16, 17, 18, 19]",206,0.986328125,2020,2048,1.0083338029933215,synthetic/pilot_v2_r2/train/003,00000,380159
1,"[0, 0, 0, 0, 0]",,"[0, 0, 0, 0, 0]",,0,0,0,118458,20,0,,0,0,0,,,0,0,,,0.06003183170788444,complete_windows,0,003_00,20,"[16, 17, 18, 19, 20]",206,0.98583984375,2019,2048,1.0162174134784325,synthetic/pilot_v2_r2/train/003,00000,376706
1,"[0, 0, 0, 0, 0]",,"[0, 0, 0, 0, 0]",,0,0,0,117987,21,0,,0,0,0,,,0,0,,,0.06096073644314156,complete_windows,0,003_00,21,"[17, 18, 19, 20, 21]",206,0.986328125,2020,2048,1.0212284272052636,synthetic/pilot_v2_r2/train/003,00000,375703
1,"[0, 0, 0, 0, 0]",,"[0, 0, 0, 0, 0]",,0,0,0,117656,22,0,,0,0,0,,,0,0,,,0.058726412148327654,complete_windows,0,003_00,22,"[18, 19, 20, 21, 22]",206,0.9873046875,2022,2048,1.0106595945963222,synthetic/pilot_v2_r2/train/003,00000,376537
1,"[0, 0, 0, 0, 0]",,"[0, 0, 0, 0, 0]",,0,0,0,117503,23,0,,0,0,0,,,0,0,,,0.05359509870926982,complete_windows,0,003_00,23,"[19, 20, 21, 22, 23]",206,0.9912109375,2030,2048,1.018705143216683,synthetic/pilot_v2_r2/train/003,00000,377261
1,"[0, 0, 0, 0, 0]",,"[0, 0, 0, 0, 0]",,0,0,0,117221,24,0,,0,0,0,,,0,0,,,0.04736271304000362,complete_windows,0,003_00,24,"[20, 21, 22, 23, 24]",206,0.9892578125,2026,2048,1.0049344826468638,synthetic/pilot_v2_r2/train/003,00000,376024
1,"[0, 0, 0, 0, 0]",,"[0, 0, 0, 0, 0]",,0,0,0,117140,25,0,,0,0,0,,,0,0,,,0.041010165925127864,complete_windows,0,003_00,25,"[21, 22, 23, 24, 25]",206,0.9853515625,2018,2048,0.9917765515177844,synthetic/pilot_v2_r2/train/003,00000,374152
1,"[0, 0, 0, 0, 0]",,"[0, 0, 0, 0, 0]",,0,0,0,116730,26,0,,0,0,0,,,0,0,,,0.034593800329550714,complete_windows,0,003_00,26,"[22, 23, 24, 25, 26]",206,0.98828125,2024,2048,0.994510330458186,synthetic/pilot_v2_r2/train/003,00000,371956
1,"[0, 0, 0, 0, 0]",,"[0, 0, 0, 0, 0]",,0,0,0,116378,27,0,,0,0,0,,,0,0,,,0.028437019363485506,complete_windows,0,003_00,27,"[23, 24, 25, 26, 27]",206,0.98583984375,2019,2048,0.9848248929076272,synthetic/pilot_v2_r2/train/003,00000,377768
1,"[0, 0, 0, 0, 0]",,"[0, 0, 0, 0, 0]",,0,0,0,115958,28,0,,0,0,0,,,0,0,,,0.022481225054801164,complete_windows,0,003_00,28,"[24, 25, 26, 27, 28]",206,0.99267578125,2033,2048,0.986623196857455,synthetic/pilot_v2_r2/train/003,00000,379397
1,"[0, 0, 0, 0, 0]",,"[0, 0, 0, 0, 0]",,0,0,0,115685,29,0,,0,0,0,,,0,0,,,0.015782182807704073,complete_windows,0,003_00,29,"[25, 26, 27, 28, 29]",206,0.9892578125,2026,2048,0.9807528341862736,synthetic/pilot_v2_r2/train/003,00000,379485
1,"[0, 0, 0, 0, 0]",,"[0, 0, 0, 0, 0]",,0,0,0,115336,30,0,,0,0,0,,,0,0,,,0.010502168677713457,complete_windows,0,003_00,30,"[26, 27, 28, 29, 30]",206,0.97607421875,1999,2048,0.9799825494032863,synthetic/pilot_v2_r2/train/003,00000,378743
1,"[0, 0, 0, 0, 0]",,"[0, 0, 0, 0, 0]",,0,0,0,114906,31,0,,0,0,0,,,0,0,,,0.007163441763445441,complete_windows,0,003_00,31,"[27, 28, 29, 30, 31]",206,0.99267578125,2033,2048,0.9841477320765353,synthetic/pilot_v2_r2/train/003,00000,374695
1,"[0, 0, 0, 0, 0]",,"[0, 0, 0, 0, 0]",,0,0,0,114476,32,0,,0,0,0,,,0,0,,,0.006006617286761176,complete_windows,0,003_00,32,"[28, 29, 30, 31, 32]",206,0.982421875,2012,2048,0.9748001265997533,synthetic/pilot_v2_r2/train/003,00000,374611
1,"[0, 0, 0, 0, 0]",,"[0, 0, 0, 0, 0]",,0,0,0,114016,33,0,,0,0,0,,,0,0,,,0.009763584372020259,complete_windows,0,003_00,33,"[29, 30, 31, 32, 33]",206,0.9892578125,2026,2048,0.978659030675048,synthetic/pilot_v2_r2/train/003,00000,376023
1,"[0, 0, 0, 0, 0]",,"[0, 0, 0, 0, 0]",,0,0,0,113447,34,0,,0,0,0,,,0,0,,,0.015579268260661566,complete_windows,0,003_00,34,"[30, 31, 32, 33, 34]",206,0.98291015625,2013,2048,0.9698947174665248,synthetic/pilot_v2_r2/train/003,00000,377372
1,"[0, 0, 0, 0, 0]",,"[0, 0, 0, 0, 0]",,0,0,0,112884,35,0,,0,0,0,,,0,0,,,0.023852822526508947,complete_windows,0,003_00,35,"[31, 32, 33, 34, 35]",206,0.984375,2016,2048,0.9595449170597289,synthetic/pilot_v2_r2/train/003,00000,377463
1,"[0, 0, 0, 0, 0]",,"[0, 0, 0, 0, 0]",,0,0,0,112429,36,0,,0,0,0,,,0,0,,,0.0328532824344293,complete_windows,0,003_00,36,"[32, 33, 34, 35, 36]",206,0.982421875,2012,2048,0.9493939798881558,synthetic/pilot_v2_r2/train/003,00000,376552
1,"[0, 0, 0, 0, 0]",,"[0, 0, 0, 0, 0]",,0,0,0,111903,37,0,,0,0,0,,,0,0,,,0.04247667193918125,complete_windows,0,003_00,37,"[33, 34, 35, 36, 37]",206,0.98681640625,2021,2048,0.9197478685540015,synthetic/pilot_v2_r2/train/003,00000,374089
1,"[0, 0, 0, 0, 0]",,"[0, 0, 0, 0, 0]",,0,0,0,111463,38,0,,0,0,0,,,0,0,,,0.050166692315798705,complete_windows,0,003_00,38,"[34, 35, 36, 37, 38]",206,0.9853515625,2018,2048,0.8889324357225504,synthetic/pilot_v2_r2/train/003,00000,373721
1,"[0, 0, 0, 0, 0]",,"[0, 0, 0, 0, 0]",,0,0,0,111236,39,0,,0,0,0,,,0,0,,,0.05603099778786172,complete_windows,0,003_00,39,"[35, 36, 37, 38, 39]",206,0.986328125,2020,2048,0.8459253177967186,synthetic/pilot_v2_r2/train/003,00000,370577
1,"[0, 0, 0, 0, 0]",,"[0, 0, 0, 0, 0]",,0,0,0,110775,40,0,,0,0,0,,,0,0,,,0.061098800648611305,complete_windows,0,003_00,40,"[36, 37, 38, 39, 40]",206,0.98193359375,2011,2048,0.8040898951551883,synthetic/pilot_v2_r2/train/003,00000,371966
1,"[0, 0, 0, 0, 0]",,"[0, 0, 0, 0, 0]",,0,0,0,110498,41,0,,0,0,0,,,0,0,,,0.06373473989761069,complete_windows,0,003_00,41,"[37, 38, 39, 40, 41]",206,0.9931640625,2034,2048,0.749703299373467,synthetic/pilot_v2_r2/train/003,00000,370855
1,"[0, 0, 0, 0, 0]",,"[0, 0, 0, 0, 0]",,0,0,0,110303,42,0,,0,0,0,,,0,0,,,0.06570316066478686,complete_windows,0,003_00,42,"[38, 39, 40, 41, 42]",206,0.9912109375,2030,2048,0.709301516418182,synthetic/pilot_v2_r2/train/003,00000,367577
1,"[0, 0, 0, 0, 0]",,"[0, 0, 0, 0, 0]",,0,0,0,110173,43,0,,0,0,0,,,0,0,,,0.0677637882007117,complete_windows,0,003_00,43,"[39, 40, 41, 42, 43]",206,0.98388671875,2015,2048,0.6770738939445964,synthetic/pilot_v2_r2/train/003,00000,363823
1,"[0, 0, 0, 0, 0]",,"[0, 0, 0, 0, 0]",,0,0,0,109725,44,0,,0,0,0,,,0,0,,,0.07003283303114446,complete_windows,0,003_00,44,"[40, 41, 42, 43, 44]",206,0.97119140625,1989,2048,0.6364341610187706,synthetic/pilot_v2_r2/train/003,00000,362724
1,"[0, 0, 0, 0, 0]",,"[0, 0, 0, 0, 0]",,0,0,0,109643,45,0,,0,0,0,,,0,0,,,0.0722440713428398,complete_windows,0,003_00,45,"[41, 42, 43, 44, 45]",206,0.98291015625,2013,2048,0.6094744252771903,synthetic/pilot_v2_r2/train/003,00000,364050
0,"[0, 0, 0, 0, 1]",0.0,"[0, 0, 0, 0, 1]",1.0,0,0,1,109362,46,0,0.0,0,0,0,0.0,1.0,0,1,0.0,0.0,0.07214668610697461,complete_windows,0,003_00,46,"[42, 43, 44, 45, 46]",206,0.990234375,2028,2048,0.5738115087464141,synthetic/pilot_v2_r2/train/003,00001,363396
0,"[0, 0, 0, 1, 1]",0.0,"[0, 0, 0, 1, 1]",1.0,0,0,1,109489,47,1,0.5,0,0,1,0.0,1.0,1,2,0.0,0.0,0.07178911596389481,complete_windows,0,003_00,47,"[43, 44, 45, 46, 47]",206,0.98828125,2024,2048,0.5207793969877293,synthetic/pilot_v2_r2/train/003,00011,363297
0,"[0, 0, 1, 1, 0]",,"[0, 0, 1, 1, 0]",,0,0,0,109082,48,2,1.0,0,0,2,,1.0,2,2,,,0.07108989199842942,complete_windows,0,003_00,48,"[44, 45, 46, 47, 48]",206,0.9775390625,2002,2048,0.5037830773819856,synthetic/pilot_v2_r2/train/003,00110,362565
0,"[0, 1, 1, 0, 0]",,"[0, 1, 1, 0, 0]",,0,0,0,108947,49,2,1.0,0,0,2,,1.0,2,2,,,0.06829188547905071,complete_windows,0,003_00,49,"[45, 46, 47, 48, 49]",206,0.98974609375,2027,2048,0.49971748843274477,synthetic/pilot_v2_r2/train/003,01100,362773
0,"[1, 1, 0, 0, 0]",,"[1, 1, 0, 0, 0]",,0,0,0,108789,50,2,1.0,0,0,2,,1.0,2,2,,,0.06653028183613764,complete_windows,0,003_00,50,"[46, 47, 48, 49, 50]",206,0.9951171875,2038,2048,0.4716485279954426,synthetic/pilot_v2_r2/train/003,11000,365757
0,"[1, 0, 0, 0, 0]",,"[1, 0, 0, 0, 0]",,0,0,0,108400,51,1,1.0,0,0,1,,1.0,1,1,,,0.06355199060457005,complete_windows,0,003_00,51,"[47, 48, 49, 50, 51]",206,0.9892578125,2026,2048,0.4577508936392017,synthetic/pilot_v2_r2/train/003,10000,366827
1,"[0, 0, 0, 0, 0]",,"[0, 0, 0, 0, 0]",,0,0,0,108501,52,0,,0,0,0,,,0,0,,,0.05994903866867166,complete_windows,0,003_00,52,"[48, 49, 50, 51, 52]",206,0.9775390625,2002,2048,0.43941656706315485,synthetic/pilot_v2_r2/train/003,00000,365103
1,"[0, 0, 0, 0, 0]",,"[0, 0, 0, 0, 0]",,0,0,0,108122,53,0,,0,0,0,,,0,0,,,0.0571377359934457,complete_windows,0,003_00,53,"[49, 50, 51, 52, 53]",206,0.9853515625,2018,2048,0.39126477670904347,synthetic/pilot_v2_r2/train/003,00000,364253
1,"[0, 0, 0, 0, 0]",,"[0, 0, 0, 0, 0]",,0,0,0,108186,54,0,,0,0,0,,,0,0,,,0.05454873720674456,complete_windows,0,003_00,54,"[50, 51, 52, 53, 54]",206,0.98974609375,2027,2048,0.3763404730944595,synthetic/pilot_v2_r2/train/003,00000,364069
1,"[0, 0, 0, 0, 0]",,"[0, 0, 0, 0, 0]",,0,0,0,108170,55,0,,0,0,0,,,0,0,,,0.0507297226123068,complete_windows,0,003_00,55,"[51, 52, 53, 54, 55]",206,0.97900390625,2005,2048,0.35575102345730714,synthetic/pilot_v2_r2/train/003,00000,366312
0,"[0, 0, 0, 0, 1]",0.0,"[0, 0, 0, 0, 1]",1.0,0,0,1,108128,56,0,0.0,0,0,0,0.0,1.0,0,1,0.0,0.0,0.04533183491352063,complete_windows,0,003_00,56,"[52, 53, 54, 55, 56]",206,0.98388671875,2015,2048,0.3043452386258871,synthetic/pilot_v2_r2/train/003,00001,365180
0,"[0, 0, 0, 1, 2]",0.0,"[0, 0, 0, 1, 2]",1.0,0,0,2,108223,57,1,0.3333333333333333,0,0,1,0.0,1.0,1,3,0.0,0.0,0.042699107170941816,complete_windows,0,003_00,57,"[53, 54, 55, 56, 57]",206,0.98486328125,2017,2048,0.28880565726535357,synthetic/pilot_v2_r2/train/003,00011,367220
0,"[0, 0, 1, 2, 0]",,"[0, 0, 1, 2, 0]",,0,0,0,107923,58,3,1.0,0,0,2,,1.0,3,3,,,0.04038448356040951,complete_windows,0,003_00,58,"[54, 55, 56, 57, 58]",206,0.9833984375,2014,2048,0.2582415678622798,synthetic/pilot_v2_r2/train/003,00110,364602
0,"[0, 1, 2, 0, 2]",0.0,"[0, 1, 2, 0, 2]",1.0,0,0,2,107823,59,3,0.6,0,0,2,0.0,1.0,3,5,0.0,0.0,0.03750700176745277,complete_windows,0,003_00,59,"[55, 56, 57, 58, 59]",206,0.98779296875,2023,2048,0.24005138540979684,synthetic/pilot_v2_r2/train/003,01101,358756
0,"[1, 2, 0, 2, 1]",0.0,"[1, 2, 0, 2, 1]",1.0,0,0,1,107982,60,5,0.8333333333333334,0,0,3,0.0,1.0,5,6,0.0,0.0,0.036917917169632414,complete_windows,0,003_00,60,"[56, 57, 58, 59, 60]",206,0.99365234375,2035,2048,0.23409313734821413,synthetic/pilot_v2_r2/train/003,11011,357719
0,"[2, 0, 2, 1, 1]",0.0,"[2, 0, 2, 1, 1]",1.0,0,0,1,107812,61,5,0.8333333333333334,0,0,3,0.0,1.0,5,6,0.0,0.0,0.035203620860936355,complete_windows,0,003_00,61,"[57, 58, 59, 60, 61]",206,0.99072265625,2029,2048,0.21871318802559003,synthetic/pilot_v2_r2/train/003,10111,356741
0,"[0, 2, 1, 1, 0]",,"[0, 2, 1, 1, 0]",,0,0,0,107939,62,4,1.0,0,0,3,,1.3333333333333333,3,3,,,0.03541627835996596,complete_windows,0,003_00,62,"[58, 59, 60, 61, 62]",206,0.98095703125,2009,2048,0.22447292441458191,synthetic/pilot_v2_r2/train/003,01110,354483
0,"[2, 1, 1, 0, 0]",,"[2, 1, 1, 0, 0]",,0,0,0,108110,63,4,1.0,0,0,3,,1.0,4,4,,,0.03609679885023149,complete_windows,0,003_00,63,"[59, 60, 61, 62, 63]",206,0.9892578125,2026,2048,0.20952655988905666,synthetic/pilot_v2_r2/train/003,11100,356558
0,"[1, 1, 0, 0, 0]",,"[1, 1, 0, 0, 0]",,0,0,0,107543,64,2,1.0,0,0,2,,1.0,2,2,,,0.03666494842386361,complete_windows,0,003_00,64,"[60, 61, 62, 63, 64]",206,0.9912109375,2030,2048,0.21315127995256755,synthetic/pilot_v2_r2/train/003,11000,357898
0,"[1, 0, 0, 0, 0]",,"[1, 0, 0, 0, 0]",,0,0,0,107657,65,1,1.0,0,0,1,,1.0,1,1,,,0.03863199891921474,complete_windows,0,003_00,65,"[61, 62, 63, 64, 65]",206,0.9921875,2032,2048,0.22115012408793183,synthetic/pilot_v2_r2/train/003,10000,355973
0,"[0, 0, 0, 0, 1]",0.0,"[0, 0, 0, 0, 1]",1.0,0,0,1,107430,66,0,0.0,0,0,0,0.0,1.0,0,1,0.0,0.0,0.04036150726996175,complete_windows,0,003_00,66,"[62, 63, 64, 65, 66]",206,0.97802734375,2003,2048,0.21411393441762516,synthetic/pilot_v2_r2/train/003,00001,356750
0,"[0, 0, 0, 1, 2]",0.0,"[0, 0, 0, 1, 2]",1.0,0,0,2,107568,67,1,0.3333333333333333,0,0,1,0.0,1.0,1,3,0.0,0.0,0.044227359307050275,complete_windows,0,003_00,67,"[63, 64, 65, 66, 67]",206,0.984375,2016,2048,0.23977784371759023,synthetic/pilot_v2_r2/train/003,00011,356988
0,"[0, 0, 1, 2, 0]",,"[0, 0, 1, 2, 0]",,0,0,0,107623,68,3,1.0,0,0,2,,1.0,3,3,,,0.05075911603741048,complete_windows,0,003_00,68,"[64, 65, 66, 67, 68]",206,0.98046875,2008,2048,0.2712162314260779,synthetic/pilot_v2_r2/train/003,00110,362494
0,"[0, 1, 2, 0, 0]",,"[0, 1, 2, 0, 0]",,0,0,0,107346,69,3,1.0,0,0,2,,1.0,3,3,,,0.057705852418416616,complete_windows,0,003_00,69,"[65, 66, 67, 68, 69]",206,0.98876953125,2025,2048,0.3139021911202409,synthetic/pilot_v2_r2/train/003,01100,365624
0,"[1, 2, 0, 0, 0]",,"[1, 2, 0, 0, 0]",,0,0,0,107187,70,3,1.0,0,0,2,,1.0,3,3,,,0.06511562702266172,complete_windows,0,003_00,70,"[66, 67, 68, 69, 70]",206,0.984375,2016,2048,0.37783684594707584,synthetic/pilot_v2_r2/train/003,11000,366191
0,"[2, 0, 0, 0, 0]",,"[2, 0, 0, 0, 0]",,0,0,0,107045,71,2,1.0,0,0,1,,1.0,2,2,,,0.07228388435558362,complete_windows,0,003_00,71,"[67, 68, 69, 70, 71]",206,0.97802734375,2003,2048,0.43903866317848755,synthetic/pilot_v2_r2/train/003,10000,367245
1,"[0, 0, 0, 0, 0]",,"[0, 0, 0, 0, 0]",,0,0,0,106704,72,0,,0,0,0,,,0,0,,,0.07978435035699898,complete_windows,0,003_00,72,"[68, 69, 70, 71, 72]",206,0.9814453125,2010,2048,0.48700735799259914,synthetic/pilot_v2_r2/train/003,00000,369331
1,"[0, 0, 0, 0, 0]",,"[0, 0, 0, 0, 0]",,0,0,0,106736,73,0,,0,0,0,,,0,0,,,0.08497569323456262,complete_windows,0,003_00,73,"[69, 70, 71, 72, 73]",206,0.986328125,2020,2048,0.5313787612894113,synthetic/pilot_v2_r2/train/003,00000,371342
1,"[0, 0, 0, 0, 0]",,"[0, 0, 0, 0, 0]",,0,0,0,106630,74,0,,0,0,0,,,0,0,,,0.08801789435651906,complete_windows,0,003_00,74,"[70, 71, 72, 73, 74]",206,0.98974609375,2027,2048,0.5713048105689699,synthetic/pilot_v2_r2/train/003,00000,368803
1,"[0, 0, 0, 0, 0]",,"[0, 0, 0, 0, 0]",,0,0,0,106649,75,0,,0,0,0,,,0,0,,,0.09070992895596772,complete_windows,0,003_00,75,"[71, 72, 73, 74, 75]",206,0.9931640625,2034,2048,0.5964958524119479,synthetic/pilot_v2_r2/train/003,00000,368670
1,"[0, 0, 0, 0, 0]",,"[0, 0, 0, 0, 0]",,0,0,0,106657,76,0,,0,0,0,,,0,0,,,0.09191369306026564,complete_windows,0,003_00,76,"[72, 73, 74, 75, 76]",206,0.9873046875,2022,2048,0.6162269133566959,synthetic/pilot_v2_r2/train/003,00000,366920
1,"[0, 0, 0, 0, 0]",,"[0, 0, 0, 0, 0]",,0,0,0,106399,77,0,,0,0,0,,,0,0,,,0.09373259503343309,complete_windows,0,003_00,77,"[73, 74, 75, 76, 77]",206,0.97021484375,1987,2048,0.6423462176800425,synthetic/pilot_v2_r2/train/003,00000,371092
1,"[0, 0, 0, 0, 0]",,"[0, 0, 0, 0, 0]",,0,0,0,106488,78,0,,0,0,0,,,0,0,,,0.09568140598291455,complete_windows,0,003_00,78,"[74, 75, 76, 77, 78]",206,0.98681640625,2021,2048,0.6354572875585477,synthetic/pilot_v2_r2/train/003,00000,373412
1,"[0, 0, 0, 0, 0]",,"[0, 0, 0, 0, 0]",,0,0,0,106181,79,0,,0,0,0,,,0,0,,,0.09803084654197582,complete_windows,0,003_00,79,"[75, 76, 77, 78, 79]",206,0.9853515625,2018,2048,0.6559113088956695,synthetic/pilot_v2_r2/train/003,00000,379256
1,"[0, 0, 0, 0, 0]",,"[0, 0, 0, 0, 0]",,0,0,0,105924,80,0,,0,0,0,,,0,0,,,0.09715200682854651,complete_windows,0,003_00,80,"[76, 77, 78, 79, 80]",206,0.98583984375,2019,2048,0.6885777827391343,synthetic/pilot_v2_r2/train/003,00000,377841
1,"[0, 0, 0, 0, 0]",,"[0, 0, 0, 0, 0]",,0,0,0,105576,81,0,,0,0,0,,,0,0,,,0.09458538002542806,complete_windows,0,003_00,81,"[77, 78, 79, 80, 81]",206,0.9833984375,2014,2048,0.7117286805584416,synthetic/pilot_v2_r2/train/003,00000,378766
1,"[0, 0, 0, 0, 0]",,"[0, 0, 0, 0, 0]",,0,0,0,105040,82,0,,0,0,0,,,0,0,,,0.09190869403000504,complete_windows,0,003_00,82,"[78, 79, 80, 81, 82]",206,0.9853515625,2018,2048,0.743615738011411,synthetic/pilot_v2_r2/train/003,00000,378605
1,"[0, 0, 0, 0, 0]",,"[0, 0, 0, 0, 0]",,0,0,0,104753,83,0,,0,0,0,,,0,0,,,0.09141191712091401,complete_windows,0,003_00,83,"[79, 80, 81, 82, 83]",206,0.98486328125,2017,2048,0.7724066713763033,synthetic/pilot_v2_r2/train/003,00000,377830
1,"[0, 0, 0, 0, 0]",,"[0, 0, 0, 0, 0]",,0,0,0,104209,84,0,,0,0,0,,,0,0,,,0.09189176364129398,complete_windows,0,003_00,84,"[80, 81, 82, 83, 84]",206,0.98388671875,2015,2048,0.7823093263736703,synthetic/pilot_v2_r2/train/003,00000,372205
1,"[0, 0, 0, 0, 0]",,"[0, 0, 0, 0, 0]",,0,0,0,103650,85,0,,0,0,0,,,0,0,,,0.09143193448828678,complete_windows,0,003_00,85,"[81, 82, 83, 84, 85]",206,0.982421875,2012,2048,0.8019862850472748,synthetic/pilot_v2_r2/train/003,00000,368508
1,"[0, 0, 0, 0, 0]",,"[0, 0, 0, 0, 0]",,0,0,0,102982,86,0,,0,0,0,,,0,0,,,0.09087839284642334,complete_windows,0,003_00,86,"[82, 83, 84, 85, 86]",206,0.984375,2016,2048,0.8299320121081653,synthetic/pilot_v2_r2/train/003,00000,376832
1,"[0, 0, 0, 0, 0]",,"[0, 0, 0, 0, 0]",,0,0,0,102053,87,0,,0,0,0,,,0,0,,,0.08965492704332052,complete_windows,0,003_00,87,"[83, 84, 85, 86, 87]",206,0.98095703125,2009,2048,0.8491778762921323,synthetic/pilot_v2_r2/train/003,00000,378450
1,"[0, 0, 0, 0, 0]",,"[0, 0, 0, 0, 0]",,0,0,0,101168,88,0,,0,0,0,,,0,0,,,0.09089300605332537,complete_windows,0,003_00,88,"[84, 85, 86, 87, 88]",206,0.98388671875,2015,2048,0.8852427781413098,synthetic/pilot_v2_r2/train/003,00000,377981
1,"[0, 0, 0, 0, 0]",,"[0, 0, 0, 0, 0]",,0,0,0,100326,89,0,,0,0,0,,,0,0,,,0.09092462606912396,complete_windows,0,003_00,89,"[85, 86, 87, 88, 89]",206,0.97998046875,2007,2048,0.8988968068329722,synthetic/pilot_v2_r2/train/003,00000,378387
1,"[0, 0, 0, 0, 0]",,"[0, 0, 0, 0, 0]",,0,0,0,99473,90,0,,0,0,0,,,0,0,,,0.08571251872927725,complete_windows,0,003_00,90,"[86, 87, 88, 89, 90]",206,0.98388671875,2015,2048,0.9182936970449606,synthetic/pilot_v2_r2/train/003,00000,379636
1,"[0, 0, 0, 0, 0]",,"[0, 0, 0, 0, 0]",,0,0,0,98614,91,0,,0,0,0,,,0,0,,,0.0782766312634532,complete_windows,0,003_00,91,"[87, 88, 89, 90, 91]",206,0.98388671875,2015,2048,0.9152152782143683,synthetic/pilot_v2_r2/train/003,00000,376497
1,"[0, 0, 0, 0, 0]",,"[0, 0, 0, 0, 0]",,0,0,0,97406,92,0,,0,0,0,,,0,0,,,0.07783397627937616,complete_windows,0,003_00,92,"[88, 89, 90, 91, 92]",206,0.9833984375,2014,2048,0.9076764315769502,synthetic/pilot_v2_r2/train/003,00000,368381
1,"[0, 0, 0, 0, 0]",,"[0, 0, 0, 0, 0]",,0,0,0,96404,93,0,,0,0,0,,,0,0,,,0.07871188399815467,complete_windows,0,003_00,93,"[89, 90, 91, 92, 93]",206,0.98291015625,2013,2048,0.9166182777275792,synthetic/pilot_v2_r2/train/003,00000,352937
1,"[0, 0, 0, 0, 0]",,"[0, 0, 0, 0, 0]",,0,0,0,95243,94,0,,0,0,0,,,0,0,,,0.0722224146525366,complete_windows,0,003_00,94,"[90, 91, 92, 93, 94]",206,0.98681640625,2021,2048,0.9173102889622164,synthetic/pilot_v2_r2/train/003,00000,353596
1,"[0, 0, 0, 0, 0]",,"[0, 0, 0, 0, 0]",,0,0,0,93789,95,0,,0,0,0,,,0,0,,,0.06834630421467641,complete_windows,0,003_00,95,"[91, 92, 93, 94, 95]",206,0.99072265625,2029,2048,0.9355958603826063,synthetic/pilot_v2_r2/train/003,00000,349831
1,"[0, 0, 0, 0, 0]",,"[0, 0, 0, 0, 0]",,0,0,0,92855,96,0,,0,0,0,,,0,0,,,0.06518493191320204,complete_windows,0,003_00,96,"[92, 93, 94, 95, 96]",206,0.9873046875,2022,2048,0.9737733922887181,synthetic/pilot_v2_r2/train/003,00000,345049
1,"[0, 0, 0, 0, 0]",,"[0, 0, 0, 0, 0]",,0,0,0,91874,97,0,,0,0,0,,,0,0,,,0.06236885853625648,complete_windows,0,003_00,97,"[93, 94, 95, 96, 97]",206,0.98583984375,2019,2048,0.9764653122075011,synthetic/pilot_v2_r2/train/003,00000,335639
1,"[0, 0, 0, 0, 0]",,"[0, 0, 0, 0, 0]",,0,0,0,91407,98,0,,0,0,0,,,0,0,,,0.062271644243920114,complete_windows,0,003_00,98,"[94, 95, 96, 97, 98]",206,0.978515625,2004,2048,0.9933156848455372,synthetic/pilot_v2_r2/train/003,00000,333752
1,"[0, 0, 0, 0, 0]",,"[0, 0, 0, 0, 0]",,0,0,0,90961,99,0,,0,0,0,,,0,0,,,0.06474180179887154,complete_windows,0,003_00,99,"[95, 96, 97, 98, 99]",206,0.98046875,2008,2048,1.0154284005010248,synthetic/pilot_v2_r2/train/003,00000,328851
1,"[0, 0, 0, 0, 0]",,"[0, 0, 0, 0, 0]",,0,0,0,90503,100,0,,0,0,0,,,0,0,,,0.06746625223730482,complete_windows,0,003_00,100,"[96, 97, 98, 99, 100]",206,0.97802734375,2003,2048,1.0265636125032958,synthetic/pilot_v2_r2/train/003,00000,328224
1,"[0, 0, 0, 0, 0]",,"[0, 0, 0, 0, 0]",,0,0,0,89860,101,0,,0,0,0,,,0,0,,,0.06514169024674434,complete_windows,0,003_00,101,"[97, 98, 99, 100, 101]",206,0.98974609375,2027,2048,1.073299088189264,synthetic/pilot_v2_r2/train/003,00000,327411
1,"[0, 0, 0, 0, 0]",,"[0, 0, 0, 0, 0]",,0,0,0,89401,102,0,,0,0,0,,,0,0,,,0.05660114382820696,complete_windows,0,003_00,102,"[98, 99, 100, 101, 102]",206,0.98193359375,2011,2048,1.1043443628980318,synthetic/pilot_v2_r2/train/003,00000,325145
1,"[0, 0, 0, 0, 0]",,"[0, 0, 0, 0, 0]",,0,0,0,89165,103,0,,0,0,0,,,0,0,,,0.049796131123151614,complete_windows,0,003_00,103,"[99, 100, 101, 102, 103]",206,0.98486328125,2017,2048,1.1292853533912295,synthetic/pilot_v2_r2/train/003,00000,319098
1,"[0, 0, 0, 0, 0]",,"[0, 0, 0, 0, 0]",,0,0,0,89150,104,0,,0,0,0,,,0,0,,,0.04809787928743685,complete_windows,0,003_00,104,"[100, 101, 102, 103, 104]",206,0.98828125,2024,2048,1.1601215124004183,synthetic/pilot_v2_r2/train/003,00000,312967
1,"[0, 0, 0, 0, 0]",,"[0, 0, 0, 0, 0]",,0,0,0,89403,105,0,,0,0,0,,,0,0,,,0.044215920693529455,complete_windows,0,003_00,105,"[101, 102, 103, 104, 105]",206,0.98583984375,2019,2048,1.1726062334214327,synthetic/pilot_v2_r2/train/003,00000,308888
1,"[0, 0, 0, 0, 0]",,"[0, 0, 0, 0, 0]",,0,0,0,89590,106,0,,0,0,0,,,0,0,,,0.03662125208415674,complete_windows,0,003_00,106,"[102, 103, 104, 105, 106]",206,0.98291015625,2013,2048,1.2022486533304395,synthetic/pilot_v2_r2/train/003,00000,308777
1,"[0, 0, 0, 0, 0]",,"[0, 0, 0, 0, 0]",,0,0,0,89789,107,0,,0,0,0,,,0,0,,,0.027999228457092448,complete_windows,0,003_00,107,"[103, 104, 105, 106, 107]",206,0.98388671875,2015,2048,1.2228712094131804,synthetic/pilot_v2_r2/train/003,00000,309811
1,"[0, 0, 0, 0, 0]",,"[0, 0, 0, 0, 0]",,0,0,0,90061,108,0,,0,0,0,,,0,0,,,0.020318181109520248,complete_windows,0,003_00,108,"[104, 105, 106, 107, 108]",206,0.98974609375,2027,2048,1.224394704382655,synthetic/pilot_v2_r2/train/003,00000,307874
1,"[0, 0, 0, 0, 0]",,"[0, 0, 0, 0, 0]",,0,0,0,90240,109,0,,0,0,0,,,0,0,,,0.01358346379786286,complete_windows,0,003_00,109,"[105, 106, 107, 108, 109]",206,0.99072265625,2029,2048,1.2448921147242307,synthetic/pilot_v2_r2/train/003,00000,305927
1,"[0, 0, 0, 0, 0]",,"[0, 0, 0, 0, 0]",,0,0,0,90669,110,0,,0,0,0,,,0,0,,,0.01096016328779033,complete_windows,0,003_00,110,"[106, 107, 108, 109, 110]",206,0.98974609375,2027,2048,1.2515084710820632,synthetic/pilot_v2_r2/train/003,00000,301692
1,"[0, 0, 0, 0, 0]",,"[0, 0, 0, 0, 0]",,0,0,0,90996,111,0,,0,0,0,,,0,0,,,0.010064155442262253,complete_windows,0,003_00,111,"[107, 108, 109, 110, 111]",206,0.9912109375,2030,2048,1.2557992694995612,synthetic/pilot_v2_r2/train/003,00000,297573
1,"[0, 0, 0, 0, 0]",,"[0, 0, 0, 0, 0]",,0,0,0,91290,112,0,,0,0,0,,,0,0,,,0.010991787374859053,complete_windows,0,003_00,112,"[108, 109, 110, 111, 112]",206,0.99365234375,2035,2048,1.2724023278292884,synthetic/pilot_v2_r2/train/003,00000,297039
1,"[0, 0, 0, 0, 0]",,"[0, 0, 0, 0, 0]",,0,0,0,91828,113,0,,0,0,0,,,0,0,,,0.010916733891739284,complete_windows,0,003_00,113,"[109, 110, 111, 112, 113]",206,0.990234375,2028,2048,1.285047816668655,synthetic/pilot_v2_r2/train/003,00000,296946
1,"[0, 0, 0, 0, 0]",,"[0, 0, 0, 0, 0]",,0,0,0,91845,114,0,,0,0,0,,,0,0,,,0.010015556956106831,complete_windows,0,003_00,114,"[110, 111, 112, 113, 114]",206,0.98828125,2024,2048,1.2913658505535588,synthetic/pilot_v2_r2/train/003,00000,298909
1,"[0, 0, 0, 0, 0]",,"[0, 0, 0, 0, 0]",,0,0,0,91967,115,0,,0,0,0,,,0,0,,,0.010823812437151295,complete_windows,0,003_00,115,"[111, 112, 113, 114, 115]",206,0.98828125,2024,2048,1.3068941187063783,synthetic/pilot_v2_r2/train/003,00000,299602
1,"[0, 0, 0, 0, 0]",,"[0, 0, 0, 0, 0]",,0,0,0,92244,116,0,,0,0,0,,,0,0,,,0.010311908750980047,complete_windows,0,003_00,116,"[112, 113, 114, 115, 116]",206,0.97900390625,2005,2048,1.329730247869663,synthetic/pilot_v2_r2/train/003,00000,300699
1,"[0, 0, 0, 0, 0]",,"[0, 0, 0, 0, 0]",,0,0,0,92314,117,0,,0,0,0,,,0,0,,,0.01108749151567726,complete_windows,0,003_00,117,"[113, 114, 115, 116, 117]",206,0.98583984375,2019,2048,1.3245304869853274,synthetic/pilot_v2_r2/train/003,00000,302321
1,"[0, 0, 0, 0, 0]",,"[0, 0, 0, 0, 0]",,0,0,0,92442,118,0,,0,0,0,,,0,0,,,0.013576063005416215,complete_windows,0,003_00,118,"[114, 115, 116, 117, 118]",206,0.986328125,2020,2048,1.3552199783637409,synthetic/pilot_v2_r2/train/003,00000,302388
1,"[0, 0, 0, 0, 0]",,"[0, 0, 0, 0, 0]",,0,0,0,92709,119,0,,0,0,0,,,0,0,,,0.01489208640722564,complete_windows,0,003_00,119,"[115, 116, 117, 118, 119]",206,0.98974609375,2027,2048,1.375815776465883,synthetic/pilot_v2_r2/train/003,00000,300060
1,"[0, 0, 0, 0, 0]",,"[0, 0, 0, 0, 0]",,0,0,0,92560,120,0,,0,0,0,,,0,0,,,0.01438049222328172,complete_windows,0,003_00,120,"[116, 117, 118, 119, 120]",206,0.98779296875,2023,2048,1.3905977565614833,synthetic/pilot_v2_r2/train/003,00000,304591
1,"[0, 0, 0, 0, 0]",,"[0, 0, 0, 0, 0]",,0,0,0,92487,121,0,,0,0,0,,,0,0,,,0.015970659052479234,complete_windows,0,003_00,121,"[117, 118, 119, 120, 121]",206,0.9853515625,2018,2048,1.4211098174116368,synthetic/pilot_v2_r2/train/003,00000,304148
1,"[0, 0, 0, 0, 0]",,"[0, 0, 0, 0, 0]",,0,0,0,92562,122,0,,0,0,0,,,0,0,,,0.01740149589863265,complete_windows,0,003_00,122,"[118, 119, 120, 121, 122]",206,0.98681640625,2021,2048,1.4298873047701564,synthetic/pilot_v2_r2/train/003,00000,304267
1,"[0, 0, 0, 0, 0]",,"[0, 0, 0, 0, 0]",,0,0,0,92475,123,0,,0,0,0,,,0,0,,,0.01844330496973126,complete_windows,0,003_00,123,"[119, 120, 121, 122, 123]",206,0.98681640625,2021,2048,1.4451678158883188,synthetic/pilot_v2_r2/train/003,00000,305538
1,"[0, 0, 0, 0, 0]",,"[0, 0, 0, 0, 0]",,0,0,0,92257,124,0,,0,0,0,,,0,0,,,0.01685129497236129,complete_windows,0,003_00,124,"[120, 121, 122, 123, 124]",206,0.98388671875,2015,2048,1.4407868195727687,synthetic/pilot_v2_r2/train/003,00000,306669
1,"[0, 0, 0, 0, 0]",,"[0, 0, 0, 0, 0]",,0,0,0,91875,125,0,,0,0,0,,,0,0,,,0.01594834271609033,complete_windows,0,003_00,125,"[121, 122, 123, 124, 125]",206,0.98779296875,2023,2048,1.4662969723386545,synthetic/pilot_v2_r2/train/003,00000,305134
1,"[0, 0, 0, 0, 0]",,"[0, 0, 0, 0, 0]",,0,0,0,91509,126,0,,0,0,0,,,0,0,,,0.01593631131678483,complete_windows,0,003_00,126,"[122, 123, 124, 125, 126]",206,0.97998046875,2007,2048,1.4715918117450362,synthetic/pilot_v2_r2/train/003,00000,306552
1,"[0, 0, 0, 0, 0]",,"[0, 0, 0, 0, 0]",,0,0,0,91039,127,0,,0,0,0,,,0,0,,,0.014599231153696915,complete_windows,0,003_00,127,"[123, 124, 125, 126, 127]",206,0.9775390625,2002,2048,1.4694025469474663,synthetic/pilot_v2_r2/train/003,00000,306474
1,"[0, 0, 0, 0, 0]",,"[0, 0, 0, 0, 0]",,0,0,0,90722,128,0,,0,0,0,,,0,0,,,0.013207518003018608,complete_windows,0,003_00,128,"[124, 125, 126, 127, 128]",206,0.98388671875,2015,2048,1.4825157881755666,synthetic/pilot_v2_r2/train/003,00000,304781
0,"[0, 0, 0, 0, 3]",0.0,"[0, 0, 0, 0, 3]",1.0,0,0,3,90866,129,0,0.0,0,0,0,0.0,1.0,0,3,0.0,0.0,0.012117578436756723,complete_windows,0,003_00,129,"[125, 126, 127, 128, 129]",206,0.98974609375,2027,2048,1.4684432385412673,synthetic/pilot_v2_r2/train/003,00001,302340
0,"[0, 0, 0, 3, 6]",0.0,"[0, 0, 0, 3, 6]",1.0,0,0,6,91125,130,3,0.3333333333333333,0,0,1,0.0,1.0,3,9,0.0,0.0,0.011090757136313953,complete_windows,0,003_00,130,"[126, 127, 128, 129, 130]",206,0.984375,2016,2048,1.4519207155996667,synthetic/pilot_v2_r2/train/003,00011,304651
0,"[0, 0, 3, 6, 4]",0.0,"[0, 0, 3, 6, 4]",1.0,0,0,4,91601,131,9,0.6923076923076923,0,0,2,0.0,1.0,9,13,0.0,0.0,0.009992462708087516,complete_windows,0,003_00,131,"[127, 128, 129, 130, 131]",206,0.986328125,2020,2048,1.4517803566471494,synthetic/pilot_v2_r2/train/003,00111,304072
0,"[0, 3, 6, 4, 5]",0.0,"[0, 3, 6, 4, 5]",1.0,0,0,5,92223,132,13,0.7222222222222222,0,0,3,0.0,1.0,13,18,0.0,0.0,0.009204023611203599,complete_windows,0,003_00,132,"[128, 129, 130, 131, 132]",206,0.98876953125,2025,2048,1.43307551013025,synthetic/pilot_v2_r2/train/003,01111,305784
0,"[3, 6, 4, 5, 6]",0.0,"[3, 6, 4, 5, 6]",1.0,0,0,6,92761,133,18,0.75,0,0,4,0.0,1.0,18,24,0.0,0.0,0.009524324006578056,complete_windows,0,003_00,133,"[129, 130, 131, 132, 133]",206,0.986328125,2020,2048,1.4247533735694469,synthetic/pilot_v2_r2/train/003,11111,306872
0,"[6, 4, 5, 6, 5]",0.0,"[6, 4, 5, 6, 5]",1.0,0,0,5,93137,134,21,0.8076923076923077,0,0,4,0.0,1.0,21,26,0.0,0.0,0.009431099301316114,complete_windows,0,003_00,134,"[130, 131, 132, 133, 134]",206,0.97900390625,2005,2048,1.4367319191435604,synthetic/pilot_v2_r2/train/003,11111,305734
0,"[4, 5, 6, 5, 4]",0.0,"[4, 5, 6, 5, 4]",1.0,0,0,4,93630,135,20,0.8333333333333334,0,0,4,0.0,1.0,20,24,0.0,0.0,0.00966972361997325,complete_windows,0,003_00,135,"[131, 132, 133, 134, 135]",206,0.9873046875,2022,2048,1.4330246568649414,synthetic/pilot_v2_r2/train/003,11111,308887
0,"[5, 6, 5, 4, 5]",0.0,"[5, 6, 5, 4, 5]",1.0,0,0,5,94036,136,20,0.8,0,0,4,0.0,1.0869565217391304,18,23,0.0,0.0,0.009429528730906332,complete_windows,0,003_00,136,"[132, 133, 134, 135, 136]",206,0.990234375,2028,2048,1.4314337295221016,synthetic/pilot_v2_r2/train/003,11111,311555
0,"[6, 5, 4, 5, 5]",0.005371714010834694,"[6, 5, 4, 5, 5]",1.0,0,0,5,94248,137,20,0.8,0,0,4,0.0,1.25,15,20,0.0,0.0,0.009780692959624495,complete_windows,0,003_00,137,"[133, 134, 135, 136, 137]",206,0.98779296875,2023,2048,1.4325416479612463,synthetic/pilot_v2_r2/train/003,11111,312172
0,"[5, 4, 5, 5, 6]",0.0,"[5, 4, 5, 5, 6]",1.0,0,0,6,94769,138,19,0.76,0,0,4,0.0,1.3157894736842106,13,19,0.0,0.0,0.011030629569919528,complete_windows,0,003_00,138,"[134, 135, 136, 137, 138]",206,0.98876953125,2025,2048,1.4263812640506268,synthetic/pilot_v2_r2/train/003,11111,312492
0,"[4, 5, 5, 6, 5]",0.0,"[4, 5, 5, 6, 5]",1.0,0,0,5,95280,139,20,0.8,0,0,4,0.0,1.25,15,20,0.0,0.0,0.011883459127332326,complete_windows,0,003_00,139,"[135, 136, 137, 138, 139]",206,0.9814453125,2010,2048,1.3995039077764793,synthetic/pilot_v2_r2/train/003,11111,314292
0,"[5, 5, 6, 5, 6]",0.00900857150554657,"[5, 5, 6, 5, 6]",1.0,0,0,6,95649,140,21,0.7777777777777778,0,0,4,0.0,1.4210526315789473,13,19,0.0,0.0,0.013304210603469846,complete_windows,0,003_00,140,"[136, 137, 138, 139, 140]",206,0.98779296875,2023,2048,1.4119928534232433,synthetic/pilot_v2_r2/train/003,11111,313590
0,"[5, 6, 5, 6, 5]",0.0,"[5, 6, 5, 6, 5]",1.0,0,0,5,95855,141,22,0.8148148148148148,0,0,4,0.0,1.2272727272727273,17,22,0.0,0.0,0.016853518823179803,complete_windows,0,003_00,141,"[137, 138, 139, 140, 141]",206,0.98876953125,2025,2048,1.3961186514188033,synthetic/pilot_v2_r2/train/003,11111,314328
0,"[6, 5, 6, 5, 3]",0.0,"[6, 5, 6, 5, 3]",1.0,0,0,3,95786,142,22,0.88,0,0,4,0.0,1.1363636363636365,19,22,0.0,0.0,0.017632462870071437,complete_windows,0,003_00,142,"[138, 139, 140, 141, 142]",206,0.98876953125,2025,2048,1.3801084482090953,synthetic/pilot_v2_r2/train/003,11111,313681
0,"[5, 6, 5, 3, 4]",0.0,"[5, 6, 5, 3, 4]",1.0,0,0,4,95944,143,19,0.8260869565217391,0,0,4,0.0,1.0952380952380953,17,21,0.0,0.0,0.017137237883572874,complete_windows,0,003_00,143,"[139, 140, 141, 142, 143]",206,0.986328125,2020,2048,1.3770780283222535,synthetic/pilot_v2_r2/train/003,11111,315194
0,"[6, 5, 3, 4, 5]",0.0,"[6, 5, 3, 4, 5]",1.0,0,0,5,96049,144,18,0.782608695652174,0,0,4,0.0,1.0952380952380953,16,21,0.0,0.0,0.010453613896442126,complete_windows,0,003_00,144,"[140, 141, 142, 143, 144]",206,0.98291015625,2013,2048,1.35874162657935,synthetic/pilot_v2_r2/train/003,11111,314248
0,"[5, 3, 4, 5, 7]",0.0,"[5, 3, 4, 5, 7]",1.0,0,0,7,95792,145,17,0.7083333333333334,0,0,4,0.0,1.0434782608695652,16,23,0.0,0.0,0.005202441828225512,complete_windows,0,003_00,145,"[141, 142, 143, 144, 145]",206,0.98486328125,2017,2048,1.3525349946923708,synthetic/pilot_v2_r2/train/003,11111,314332
0,"[3, 4, 5, 7, 8]",0.0,"[3, 4, 5, 7, 8]",1.0,0,0,8,95616,146,19,0.7037037037037037,0,0,4,0.0,1.2272727272727273,14,22,0.0,0.0,0.005350486335695903,complete_windows,0,003_00,146,"[142, 143, 144, 145, 146]",206,0.98974609375,2027,2048,1.3488591376457981,synthetic/pilot_v2_r2/train/003,11111,311922
0,"[4, 5, 7, 8, 7]",0.0,"[4, 5, 7, 8, 7]",1.0,0,0,7,95307,147,24,0.7741935483870968,0,0,4,0.0,1.1481481481481481,20,27,0.0,0.0,0.008755407283572434,complete_windows,0,003_00,147,"[143, 144, 145, 146, 147]",206,0.98583984375,2019,2048,1.3556628514481717,synthetic/pilot_v2_r2/train/003,11111,314408
0,"[5, 7, 8, 7, 7]",0.0,"[5, 7, 8, 7, 7]",1.0,0,0,7,94779,148,27,0.7941176470588235,0,0,4,0.0,1.0625,25,32,0.0,0.0,0.009862317499918921,complete_windows,0,003_00,148,"[144, 145, 146, 147, 148]",206,0.98486328125,2017,2048,1.3490294935303206,synthetic/pilot_v2_r2/train/003,11111,315827
0,"[7, 8, 7, 7, 7]",0.0040560211054980755,"[7, 8, 7, 7, 7]",1.0,0,0,7,94360,149,29,0.8055555555555556,0,0,4,0.0,1.44,18,25,0.0,0.0,0.010204760628247909,complete_windows,0,003_00,149,"[145, 146, 147, 148, 149]",206,0.98583984375,2019,2048,1.3378506260747922,synthetic/pilot_v2_r2/train/003,11111,313748
0,"[8, 7, 7, 7, 7]",0.0,"[8, 7, 7, 7, 7]",1.0,0,0,7,93984,150,29,0.8055555555555556,0,0,4,0.0,1.5,17,24,0.0,0.0,0.007624280538950229,complete_windows,0,003_00,150,"[146, 147, 148, 149, 150]",206,0.9912109375,2030,2048,1.325417456742087,synthetic/pilot_v2_r2/train/003,11111,312319
0,"[7, 7, 7, 7, 7]",0.009890373796224594,"[7, 7, 7, 7, 7]",1.0,0,0,7,93427,151,28,0.8,0,0,4,0.0,2.1875,9,16,0.0,0.0,0.005590556986970922,complete_windows,0,003_00,151,"[147, 148, 149, 150, 151]",206,0.986328125,2020,2048,1.32293080606777,synthetic/pilot_v2_r2/train/003,11111,308734
0,"[7, 7, 7, 7, 7]",0.0033923157025128603,"[7, 7, 7, 7, 7]",1.0,0,0,7,92900,152,28,0.8,0,0,4,0.0,2.6923076923076925,6,13,0.0,0.0,0.004648658039411499,complete_windows,0,003_00,152,"[148, 149, 150, 151, 152]",206,0.98681640625,2021,2048,1.3159304211464213,synthetic/pilot_v2_r2/train/003,11111,306933
0,"[7, 7, 7, 7, 4]",0.004756256006658077,"[7, 7, 7, 7, 4]",1.0,0,0,4,92216,153,28,0.875,0,0,4,0.0,1.8823529411764706,13,17,0.0,0.0,0.0038741487251580686,complete_windows,0,003_00,153,"[149, 150, 151, 152, 153]",206,0.98486328125,2017,2048,1.3121586964760534,synthetic/pilot_v2_r2/train/003,11111,306943
0,"[7, 7, 7, 4, 2]",0.0,"[7, 7, 7, 4, 2]",1.0,0,0,2,91525,154,25,0.9259259259259259,0,0,4,0.0,1.588235294117647,15,17,0.0,0.0,0.004775997618685624,complete_windows,0,003_00,154,"[150, 151, 152, 153, 154]",206,0.98876953125,2025,2048,1.3088648003668333,synthetic/pilot_v2_r2/train/003,11111,309129
0,"[7, 7, 4, 2, 3]",0.0,"[7, 7, 4, 2, 3]",1.0,0,0,3,90862,155,20,0.8695652173913043,0,0,4,0.0,1.4375,13,16,0.0,0.0,0.00978604704325257,complete_windows,0,003_00,155,"[151, 152, 153, 154, 155]",206,0.98828125,2024,2048,1.3039324899361104,synthetic/pilot_v2_r2/train/003,11111,308842
0,"[7, 4, 2, 3, 4]",0.0,"[7, 4, 2, 3, 4]",1.0,0,0,4,90421,156,16,0.8,0,0,4,0.0,1.1111111111111112,14,18,0.0,0.0,0.01309588390172509,complete_windows,0,003_00,156,"[152, 153, 154, 155, 156]",206,0.98779296875,2023,2048,1.2936993889652215,synthetic/pilot_v2_r2/train/003,11111,309737
0,"[4, 2, 3, 4, 7]",0.0,"[4, 2, 3, 4, 7]",1.0,0,0,7,90312,157,13,0.65,0,0,4,0.0,1.0,13,20,0.0,0.0,0.015377873301447402,complete_windows,0,003_00,157,"[153, 154, 155, 156, 157]",206,0.986328125,2020,2048,1.2947884188680876,synthetic/pilot_v2_r2/train/003,11111,310877
0,"[2, 3, 4, 7, 6]",0.0,"[2, 3, 4, 7, 6]",1.0,0,0,6,90149,158,16,0.7272727272727273,0,0,4,0.0,1.0,16,22,0.0,0.0,0.014128500632504884,complete_windows,0,003_00,158,"[154, 155, 156, 157, 158]",206,0.986328125,2020,2048,1.2618115225458435,synthetic/pilot_v2_r2/train/003,11111,309849
0,"[3, 4, 7, 6, 6]",0.0,"[3, 4, 7, 6, 6]",1.0,0,0,6,90045,159,20,0.7692307692307693,0,0,4,0.0,1.0,20,26,0.0,0.0,0.013259428256303479,complete_windows,0,003_00,159,"[155, 156, 157, 158, 159]",206,0.984375,2016,2048,1.225224058730557,synthetic/pilot_v2_r2/train/003,11111,309730
0,"[4, 7, 6, 6, 0]",,"[4, 7, 6, 6, 0]",,0,0,0,90302,160,23,1.0,0,0,4,,1.0,23,23,,,0.01588464123791401,complete_windows,0,003_00,160,"[156, 157, 158, 159, 160]",206,0.990234375,2028,2048,1.2087363059929803,synthetic/pilot_v2_r2/train/003,11110,308796
0,"[7, 6, 6, 0, 0]",,"[7, 6, 6, 0, 0]",,0,0,0,90278,161,19,1.0,0,0,3,,1.0,19,19,,,0.019582475670346114,complete_windows,0,003_00,161,"[157, 158, 159, 160, 161]",206,0.98779296875,2023,2048,1.178802663648591,synthetic/pilot_v2_r2/train/003,11100,307798
0,"[6, 6, 0, 0, 0]",,"[6, 6, 0, 0, 0]",,0,0,0,90685,162,12,1.0,0,0,2,,1.0,12,12,,,0.02419454822851035,complete_windows,0,003_00,162,"[158, 159, 160, 161, 162]",206,0.9853515625,2018,2048,1.1652997138469754,synthetic/pilot_v2_r2/train/003,11000,309567
0,"[6, 0, 0, 0, 2]",0.0,"[6, 0, 0, 0, 2]",1.0,0,0,2,90950,163,6,0.75,0,0,1,0.0,1.0,6,8,0.0,0.0,0.028614441018653437,complete_windows,0,003_00,163,"[159, 160, 161, 162, 163]",206,0.98779296875,2023,2048,1.1417337304560762,synthetic/pilot_v2_r2/train/003,10001,311739
0,"[0, 0, 0, 2, 7]",0.0,"[0, 0, 0, 2, 7]",1.0,0,0,7,91442,164,2,0.2222222222222222,0,0,1,0.0,1.0,2,9,0.0,0.0,0.030188649735181424,complete_windows,0,003_00,164,"[160, 161, 162, 163, 164]",206,0.98486328125,2017,2048,1.0874976159646632,synthetic/pilot_v2_r2/train/003,00011,314430
0,"[0, 0, 2, 7, 2]",0.0,"[0, 0, 2, 7, 2]",1.0,0,0,2,91876,165,9,0.8181818181818182,0,0,2,0.0,1.0,9,11,0.0,0.0,0.032556963882993006,complete_windows,0,003_00,165,"[161, 162, 163, 164, 165]",206,0.98876953125,2025,2048,1.0363338583661867,synthetic/pilot_v2_r2/train/003,00111,316549
0,"[0, 2, 7, 2, 4]",0.0,"[0, 2, 7, 2, 4]",1.0,0,0,4,92277,166,11,0.7333333333333333,0,0,3,0.0,1.0,11,15,0.0,0.0,0.03568469087290255,complete_windows,0,003_00,166,"[162, 163, 164, 165, 166]",206,0.9873046875,2022,2048,0.9870976838727311,synthetic/pilot_v2_r2/train/003,01111,316400
0,"[2, 7, 2, 4, 5]",0.0,"[2, 7, 2, 4, 5]",1.0,0,0,5,93128,167,15,0.75,0,0,4,0.0,1.0,15,20,0.0,0.0,0.038846153171183034,complete_windows,0,003_00,167,"[163, 164, 165, 166, 167]",206,0.98681640625,2021,2048,0.9583542636280369,synthetic/pilot_v2_r2/train/003,11111,317224
0,"[7, 2, 4, 5, 4]",0.010582918301224709,"[7, 2, 4, 5, 4]",1.0,0,0,4,93883,168,18,0.8181818181818182,0,0,4,0.0,1.1578947368421053,15,19,0.0,0.0,0.03974139077686892,complete_windows,0,003_00,168,"[164, 165, 166, 167, 168]",206,0.98291015625,2013,2048,0.9477520131841011,synthetic/pilot_v2_r2/train/003,11111,317187
0,"[2, 4, 5, 4, 4]",0.015524065122008324,"[2, 4, 5, 4, 4]",1.0,0,0,4,94885,169,15,0.7894736842105263,0,0,4,0.0,1.7272727272727273,7,11,0.0,0.0,0.04131501794349031,complete_windows,0,003_00,169,"[165, 166, 167, 168, 169]",206,0.984375,2016,2048,0.9483073507481072,synthetic/pilot_v2_r2/train/003,11111,319320
0,"[4, 5, 4, 4, 4]",0.0,"[4, 5, 4, 4, 4]",1.0,0,0,4,95510,170,17,0.8095238095238095,0,0,4,0.0,1.2352941176470589,13,17,0.0,0.0,0.04370686312680479,complete_windows,0,003_00,170,"[166, 167, 168, 169, 170]",206,0.98388671875,2015,2048,0.9586241145079568,synthetic/pilot_v2_r2/train/003,11111,325979
0,"[5, 4, 4, 4, 0]",,"[5, 4, 4, 4, 0]",,0,0,0,96376,171,17,1.0,0,0,4,,1.1333333333333333,15,15,,,0.04599434255254901,complete_windows,0,003_00,171,"[167, 168, 169, 170, 171]",206,0.97998046875,2007,2048,0.9293350585561796,synthetic/pilot_v2_r2/train/003,11110,329974
0,"[4, 4, 4, 0, 1]",0.0,"[4, 4, 4, 0, 1]",1.0,0,0,1,97340,172,12,0.9230769230769231,0,0,3,0.0,1.4444444444444444,8,9,0.0,0.0,0.05137072224909054,complete_windows,0,003_00,172,"[168, 169, 170, 171, 172]",206,0.98193359375,2011,2048,0.9243276346427312,synthetic/pilot_v2_r2/train/003,11101,335202
0,"[4, 4, 0, 1, 0]",,"[4, 4, 0, 1, 0]",,0,0,0,98378,173,9,1.0,0,0,3,,1.0,9,9,,,0.056744801095696566,complete_windows,0,003_00,173,"[169, 170, 171, 172, 173]",206,0.9775390625,2002,2048,0.8995100009918289,synthetic/pilot_v2_r2/train/003,11010,340914
0,"[4, 0, 1, 0, 0]",,"[4, 0, 1, 0, 0]",,0,0,0,99579,174,5,1.0,0,0,2,,1.0,5,5,,,0.051687258180781064,complete_windows,0,003_00,174,"[170, 171, 172, 173, 174]",206,0.97265625,1992,2048,0.8710687437136708,synthetic/pilot_v2_r2/train/003,10100,342005
0,"[0, 1, 0, 0, 0]",,"[0, 1, 0, 0, 0]",,0,0,0,100769,175,1,1.0,0,0,1,,1.0,1,1,,,0.04393610877502277,complete_windows,0,003_00,175,"[171, 172, 173, 174, 175]",206,0.9775390625,2002,2048,0.8812593393392998,synthetic/pilot_v2_r2/train/003,01000,349225
0,"[1, 0, 0, 0, 0]",,"[1, 0, 0, 0, 0]",,0,0,0,102275,176,1,1.0,0,0,1,,1.0,1,1,,,0.044353092900151936,complete_windows,0,003_00,176,"[172, 173, 174, 175, 176]",206,0.96875,1984,2048,0.8591691102047269,synthetic/pilot_v2_r2/train/003,10000,352351
1,"[0, 0, 0, 0, 0]",,"[0, 0, 0, 0, 0]",,0,0,0,103357,177,0,,0,0,0,,,0,0,,,0.04767132045346772,complete_windows,0,003_00,177,"[173, 174, 175, 176, 177]",206,0.9833984375,2014,2048,0.8614292916376449,synthetic/pilot_v2_r2/train/003,00000,360253
1,"[0, 0, 0, 0, 0]",,"[0, 0, 0, 0, 0]",,0,0,0,104245,178,0,,0,0,0,,,0,0,,,0.04619761503651395,complete_windows,0,003_00,178,"[174, 175, 176, 177, 178]",206,0.9853515625,2018,2048,0.8396979793675845,synthetic/pilot_v2_r2/train/003,00000,365653
1,"[0, 0, 0, 0, 0]",,"[0, 0, 0, 0, 0]",,0,0,0,104740,179,0,,0,0,0,,,0,0,,,0.04061567506109909,complete_windows,0,003_00,179,"[175, 176, 177, 178, 179]",206,0.9833984375,2014,2048,0.8012862077701803,synthetic/pilot_v2_r2/train/003,00000,365912
1,"[0, 0, 0, 0, 0]",,"[0, 0, 0, 0, 0]",,0,0,0,105253,180,0,,0,0,0,,,0,0,,,0.0341635801265787,complete_windows,0,003_00,180,"[176, 177, 178, 179, 180]",206,0.9833984375,2014,2048,0.7705600327795378,synthetic/pilot_v2_r2/train/003,00000,364725
1,"[0, 0, 0, 0, 0]",,"[0, 0, 0, 0, 0]",,0,0,0,105794,181,0,,0,0,0,,,0,0,,,0.03279512639402517,complete_windows,0,003_00,181,"[177, 178, 179, 180, 181]",206,0.98828125,2024,2048,0.7192626275399896,synthetic/pilot_v2_r2/train/003,00000,359207
1,"[0, 0, 0, 0, 0]",,"[0, 0, 0, 0, 0]",,0,0,0,106222,182,0,,0,0,0,,,0,0,,,0.03195911901227941,complete_windows,0,003_00,182,"[178, 179, 180, 181, 182]",206,0.9912109375,2030,2048,0.693793678760608,synthetic/pilot_v2_r2/train/003,00000,361402
1,"[0, 0, 0, 0, 0]",,"[0, 0, 0, 0, 0]",,0,0,0,106300,183,0,,0,0,0,,,0,0,,,0.02885963393954036,complete_windows,0,003_00,183,"[179, 180, 181, 182, 183]",206,0.98974609375,2027,2048,0.6702216026756971,synthetic/pilot_v2_r2/train/003,00000,360097
1,"[0, 0, 0, 0, 0]",,"[0, 0, 0, 0, 0]",,0,0,0,106592,184,0,,0,0,0,,,0,0,,,0.02414174900236802,complete_windows,0,003_00,184,"[180, 181, 182, 183, 184]",206,0.990234375,2028,2048,0.6479473468222323,synthetic/pilot_v2_r2/train/003,00000,368167
0,"[0, 0, 0, 0, 2]",0.0,"[0, 0, 0, 0, 2]",1.0,0,0,2,106733,185,0,0.0,0,0,0,0.0,1.0,0,2,0.0,0.0,0.02467620180349152,complete_windows,0,003_00,185,"[181, 182, 183, 184, 185]",206,0.98388671875,2015,2048,0.633344932295068,synthetic/pilot_v2_r2/train/003,00001,369553
0,"[0, 0, 0, 2, 0]",,"[0, 0, 0, 2, 0]",,0,0,0,106952,186,2,1.0,0,0,1,,1.0,2,2,,,0.026691267356262146,complete_windows,0,003_00,186,"[182, 183, 184, 185, 186]",206,0.99169921875,2031,2048,0.6230313405938724,synthetic/pilot_v2_r2/train/003,00010,371193
0,"[0, 0, 2, 0, 0]",,"[0, 0, 2, 0, 0]",,0,0,0,107353,187,2,1.0,0,0,1,,1.0,2,2,,,0.02241975845957299,complete_windows,0,003_00,187,"[183, 184, 185, 186, 187]",206,0.98681640625,2021,2048,0.6134739405336608,synthetic/pilot_v2_r2/train/003,00100,377621
0,"[0, 2, 0, 0, 0]",,"[0, 2, 0, 0, 0]",,0,0,0,107436,188,2,1.0,0,0,1,,1.0,2,2,,,0.014716149571766509,complete_windows,0,003_00,188,"[184, 185, 186, 187, 188]",206,0.98583984375,2019,2048,0.6128287183117197,synthetic/pilot_v2_r2/train/003,01000,378402
0,"[2, 0, 0, 0, 0]",,"[2, 0, 0, 0, 0]",,0,0,0,107516,189,2,1.0,0,0,1,,1.0,2,2,,,0.015645170580364194,complete_windows,0,003_00,189,"[185, 186, 187, 188, 189]",206,0.990234375,2028,2048,0.6066582159611945,synthetic/pilot_v2_r2/train/003,10000,374623
1,"[0, 0, 0, 0, 0]",,"[0, 0, 0, 0, 0]",,0,0,0,107505,190,0,,0,0,0,,,0,0,,,0.013197036266360953,complete_windows,0,003_00,190,"[186, 187, 188, 189, 190]",206,0.99072265625,2029,2048,0.6097626630252511,synthetic/pilot_v2_r2/train/003,00000,376574
1,"[0, 0, 0, 0, 0]",,"[0, 0, 0, 0, 0]",,0,0,0,107364,191,0,,0,0,0,,,0,0,,,0.017829958837530867,complete_windows,0,003_00,191,"[187, 188, 189, 190, 191]",206,0.9892578125,2026,2048,0.610163519911745,synthetic/pilot_v2_r2/train/003,00000,378189
1,"[0, 0, 0, 0, 0]",,"[0, 0, 0, 0, 0]",,0,0,0,107318,192,0,,0,0,0,,,0,0,,,0.029338745403634917,complete_windows,0,003_00,192,"[188, 189, 190, 191, 192]",206,0.98291015625,2013,2048,0.6019471694562021,synthetic/pilot_v2_r2/train/003,00000,372600
1,"[0, 0, 0, 0, 0]",,"[0, 0, 0, 0, 0]",,0,0,0,107649,193,0,,0,0,0,,,0,0,,,0.026611384176049115,complete_windows,0,003_00,193,"[189, 190, 191, 192, 193]",206,0.99169921875,2031,2048,0.6021946352303983,synthetic/pilot_v2_r2/train/003,00000,374799
1,"[0, 0, 0, 0, 0]",,"[0, 0, 0, 0, 0]",,0,0,0,107459,194,0,,0,0,0,,,0,0,,,0.008772245937460097,complete_windows,0,003_00,194,"[190, 191, 192, 193, 194]",206,0.98583984375,2019,2048,0.5954002221720693,synthetic/pilot_v2_r2/train/003,00000,379209
1,"[0, 0, 0, 0, 0]",,"[0, 0, 0, 0, 0]",,0,0,0,107244,195,0,,0,0,0,,,0,0,,,0.018572293578044765,complete_windows,0,003_00,195,"[191, 192, 193, 194, 195]",206,0.9853515625,2018,2048,0.580847177309576,synthetic/pilot_v2_r2/train/003,00000,374523
1,"[0, 0, 0, 0, 0]",,"[0, 0, 0, 0, 0]",,0,0,0,106959,196,0,,0,0,0,,,0,0,,,0.025675430567276638,complete_windows,0,003_00,196,"[192, 193, 194, 195, 196]",206,0.98779296875,2023,2048,0.5720416492078985,synthetic/pilot_v2_r2/train/003,00000,366944
1,"[0, 0, 0, 0, 0]",,"[0, 0, 0, 0, 0]",,0,0,0,107020,197,0,,0,0,0,,,0,0,,,0.0166080008834546,complete_windows,0,003_00,197,"[193, 194, 195, 196, 197]",206,0.98974609375,2027,2048,0.5638414479997312,synthetic/pilot_v2_r2/train/003,00000,370055
1,"[0, 0, 0, 0, 0]",,"[0, 0, 0, 0, 0]",,0,0,0,107149,198,0,,0,0,0,,,0,0,,,0.005621395977564787,complete_windows,0,003_00,198,"[194, 195, 196, 197, 198]",206,0.990234375,2028,2048,0.5725427366684774,synthetic/pilot_v2_r2/train/003,00000,366119
1,"[0, 0, 0, 0, 0]",,"[0, 0, 0, 0, 0]",,0,0,0,107084,199,0,,0,0,0,,,0,0,,,0.01533624339116506,complete_windows,0,003_00,199,"[195, 196, 197, 198, 199]",206,0.99072265625,2029,2048,0.585347721063509,synthetic/pilot_v2_r2/train/003,00000,359021
1,"[0, 0, 0, 0, 0]",,"[0, 0, 0, 0, 0]",,0,0,0,106947,200,0,,0,0,0,,,0,0,,,0.015162480965745396,complete_windows,0,003_00,200,"[196, 197, 198, 199, 200]",206,0.990234375,2028,2048,0.5836041005533739,synthetic/pilot_v2_r2/train/003,00000,355375
1,"[0, 0, 0, 0, 0]",,"[0, 0, 0, 0, 0]",,0,0,0,106683,201,0,,0,0,0,,,0,0,,,0.009516364513854538,complete_windows,0,003_00,201,"[197, 198, 199, 200, 201]",206,0.98876953125,2025,2048,0.601905147699086,synthetic/pilot_v2_r2/train/003,00000,356999
1,"[0, 0, 0, 0, 0]",,"[0, 0, 0, 0, 0]",,0,0,0,106292,202,0,,0,0,0,,,0,0,,,0.012779698716970945,complete_windows,0,003_00,202,"[198, 199, 200, 201, 202]",206,0.9892578125,2026,2048,0.5955420339586456,synthetic/pilot_v2_r2/train/003,00000,351877
1,"[0, 0, 0, 0, 0]",,"[0, 0, 0, 0, 0]",,0,0,0,105995,203,0,,0,0,0,,,0,0,,,0.014689789411983414,complete_windows,0,003_00,203,"[199, 200, 201, 202, 203]",206,0.9873046875,2022,2048,0.5971349964881765,synthetic/pilot_v2_r2/train/003,00000,353671
1,"[0, 0, 0, 0, 0]",,"[0, 0, 0, 0, 0]",,0,0,0,106003,204,0,,0,0,0,,,0,0,,,0.01603111858470819,complete_windows,0,003_00,204,"[200, 201, 202, 203, 204]",206,0.984375,2016,2048,0.6148883229855112,synthetic/pilot_v2_r2/train/003,00000,355077
1,"[0, 0, 0, 0, 0]",,"[0, 0, 0, 0, 0]",,0,0,0,105602,205,0,,0,0,0,,,0,0,,,0.021064922311676067,complete_windows,0,003_00,205,"[201, 202, 203, 204, 205]",206,0.98681640625,2021,2048,0.6281087370443754,synthetic/pilot_v2_r2/train/003,00000,351898
1,"[0, 0, 0, 0, 0]",,"[0, 0, 0, 0, 0]",,0,0,0,105636,206,0,,0,0,0,,,0,0,,,0.022483395893225955,complete_windows,0,003_00,206,"[202, 203, 204, 205, 206]",206,0.98974609375,2027,2048,0.6567695813176747,synthetic/pilot_v2_r2/train/003,00000,351157
1,"[0, 0, 0, 0, 0]",,"[0, 0, 0, 0, 0]",,0,0,0,105151,207,0,,0,0,0,,,0,0,,,0.023950665662802875,complete_windows,0,003_00,207,"[203, 204, 205, 206, 207]",206,0.99072265625,2029,2048,0.6769944356345333,synthetic/pilot_v2_r2/train/003,00000,347258
1,"[0, 0, 0, 0, 0]",,"[0, 0, 0, 0, 0]",,0,0,0,104634,208,0,,0,0,0,,,0,0,,,0.029153105995706616,complete_windows,0,003_00,208,"[204, 205, 206, 207, 208]",206,0.986328125,2020,2048,0.7089539319018389,synthetic/pilot_v2_r2/train/003,00000,343402
1,"[0, 0, 0, 0, 0]",,"[0, 0, 0, 0, 0]",,0,0,0,104256,209,0,,0,0,0,,,0,0,,,0.033773747166794515,complete_windows,0,003_00,209,"[205, 206, 207, 208, 209]",206,0.984375,2016,2048,0.7309678067900954,synthetic/pilot_v2_r2/train/003,00000,339499
1,"[0, 0, 0, 0, 0]",,"[0, 0, 0, 0, 0]",,0,0,0,104128,210,0,,0,0,0,,,0,0,,,0.03423503385501134,complete_windows,0,003_00,210,"[206, 207, 208, 209, 210]",206,0.9921875,2032,2048,0.7414598891834032,synthetic/pilot_v2_r2/train/003,00000,337781
1,"[0, 0, 0, 0, 0]",,"[0, 0, 0, 0, 0]",,0,0,0,103715,211,0,,0,0,0,,,0,0,,,0.03222473618254729,complete_windows,0,003_00,211,"[207, 208, 209, 210, 211]",206,0.9921875,2032,2048,0.7601726799827874,synthetic/pilot_v2_r2/train/003,00000,343325
1,"[0, 0, 0, 0, 0]",,"[0, 0, 0, 0, 0]",,0,0,0,103323,212,0,,0,0,0,,,0,0,,,0.030740286992438547,complete_windows,0,003_00,212,"[208, 209, 210, 211, 212]",206,0.994140625,2036,2048,0.797918506475757,synthetic/pilot_v2_r2/train/003,00000,341391
1,"[0, 0, 0, 0, 0]",,"[0, 0, 0, 0, 0]",,0,0,0,102602,213,0,,0,0,0,,,0,0,,,0.03238683620816942,complete_windows,0,003_00,213,"[209, 210, 211, 212, 213]",206,0.990234375,2028,2048,0.8272746988469634,synthetic/pilot_v2_r2/train/003,00000,333285
1,"[0, 0, 0, 0, 0]",,"[0, 0, 0, 0, 0]",,0,0,0,102233,214,0,,0,0,0,,,0,0,,,0.03296461841836975,complete_windows,0,003_00,214,"[210, 211, 212, 213, 214]",206,0.9892578125,2026,2048,0.8527311469250569,synthetic/pilot_v2_r2/train/003,00000,326090
1,"[0, 0, 0, 0, 0]",,"[0, 0, 0, 0, 0]",,0,0,0,101456,215,0,,0,0,0,,,0,0,,,0.032009610178446,complete_windows,0,003_00,215,"[211, 212, 213, 214, 215]",206,0.9873046875,2022,2048,0.8874944739282555,synthetic/pilot_v2_r2/train/003,00000,321443
1,"[0, 0, 0, 0, 0]",,"[0, 0, 0, 0, 0]",,0,0,0,100537,216,0,,0,0,0,,,0,0,,,0.032374483598082496,complete_windows,0,003_00,216,"[212, 213, 214, 215, 216]",206,0.990234375,2028,2048,0.8957130206084559,synthetic/pilot_v2_r2/train/003,00000,318591
1,"[0, 0, 0, 0, 0]",,"[0, 0, 0, 0, 0]",,0,0,0,99419,217,0,,0,0,0,,,0,0,,,0.03164409812188922,complete_windows,0,003_00,217,"[213, 214, 215, 216, 217]",206,0.984375,2016,2048,0.9190842825324014,synthetic/pilot_v2_r2/train/003,00000,321996
1,"[0, 0, 0, 0, 0]",,"[0, 0, 0, 0, 0]",,0,0,0,98152,218,0,,0,0,0,,,0,0,,,0.03194822255156579,complete_windows,0,003_00,218,"[214, 215, 216, 217, 218]",206,0.98779296875,2023,2048,0.9337030429833832,synthetic/pilot_v2_r2/train/003,00000,324108
1,"[0, 0, 0, 0, 0]",,"[0, 0, 0, 0, 0]",,0,0,0,96855,219,0,,0,0,0,,,0,0,,,0.03278888211974575,complete_windows,0,003_00,219,"[215, 216, 217, 218, 219]",206,0.99267578125,2033,2048,0.9712269454114666,synthetic/pilot_v2_r2/train/003,00000,320795
1,"[0, 0, 0, 0, 0]",,"[0, 0, 0, 0, 0]",,0,0,0,95601,220,0,,0,0,0,,,0,0,,,0.03336899025810447,complete_windows,0,003_00,220,"[216, 217, 218, 219, 220]",206,0.9931640625,2034,2048,0.9972853531691303,synthetic/pilot_v2_r2/train/003,00000,314785
1,"[0, 0, 0, 0, 0]",,"[0, 0, 0, 0, 0]",,0,0,0,94260,221,0,,0,0,0,,,0,0,,,0.03189998018966394,complete_windows,0,003_00,221,"[217, 218, 219, 220, 221]",206,0.99267578125,2033,2048,1.0277707398295697,synthetic/pilot_v2_r2/train/003,00000,302264
1,"[0, 0, 0, 0, 0]",,"[0, 0, 0, 0, 0]",,0,0,0,92256,222,0,,0,0,0,,,0,0,,,0.028432596140170734,complete_windows,0,003_00,222,"[218, 219, 220, 221, 222]",206,0.9931640625,2034,2048,1.0569604011360527,synthetic/pilot_v2_r2/train/003,00000,298237
1,"[0, 0, 0, 0, 0]",,"[0, 0, 0, 0, 0]",,0,0,0,90354,223,0,,0,0,0,,,0,0,,,0.02872195249819482,complete_windows,0,003_00,223,"[219, 220, 221, 222, 223]",206,0.98974609375,2027,2048,1.0876163127896747,synthetic/pilot_v2_r2/train/003,00000,291274
1,"[0, 0, 0, 0, 0]",,"[0, 0, 0, 0, 0]",,0,0,0,87946,224,0,,0,0,0,,,0,0,,,0.02958333197584879,complete_windows,0,003_00,224,"[220, 221, 222, 223, 224]",206,0.984375,2016,2048,1.1184614730928182,synthetic/pilot_v2_r2/train/003,00000,281519
1,"[0, 0, 0, 0, 0]",,"[0, 0, 0, 0, 0]",,0,0,0,85146,225,0,,0,0,0,,,0,0,,,0.029144908337712792,complete_windows,0,003_00,225,"[221, 222, 223, 224, 225]",206,0.994140625,2036,2048,1.1362439840890755,synthetic/pilot_v2_r2/train/003,00000,276207
1,"[0, 0, 0, 0, 0]",,"[0, 0, 0, 0, 0]",,0,0,0,82764,226,0,,0,0,0,,,0,0,,,0.028279204541867487,complete_windows,0,003_00,226,"[222, 223, 224, 225, 226]",206,0.9892578125,2026,2048,1.1941795403093782,synthetic/pilot_v2_r2/train/003,00000,264334
1,"[0, 0, 0, 0, 0]",,"[0, 0, 0, 0, 0]",,0,0,0,80425,227,0,,0,0,0,,,0,0,,,0.0279233874817287,complete_windows,0,003_00,227,"[223, 224, 225, 226, 227]",206,0.9921875,2032,2048,1.1790023858040255,synthetic/pilot_v2_r2/train/003,00000,263505
1,"[0, 0, 0, 0, 0]",,"[0, 0, 0, 0, 0]",,0,0,0,78339,228,0,,0,0,0,,,0,0,,,0.03036200517270331,complete_windows,0,003_00,228,"[224, 225, 226, 227, 228]",206,0.9912109375,2030,2048,1.2058180424836458,synthetic/pilot_v2_r2/train/003,00000,259307
1,"[0, 0, 0, 0, 0]",,"[0, 0, 0, 0, 0]",,0,0,0,76878,229,0,,0,0,0,,,0,0,,,0.031214493774896206,complete_windows,0,003_00,229,"[225, 226, 227, 228, 229]",206,0.984375,2016,2048,1.2416134735190951,synthetic/pilot_v2_r2/train/003,00000,246579
1,"[0, 0, 0, 0, 0]",,"[0, 0, 0, 0, 0]",,0,0,0,75711,230,0,,0,0,0,,,0,0,,,0.029582467081663382,complete_windows,0,003_00,230,"[226, 227, 228, 229, 230]",206,0.982421875,2012,2048,1.239079011216906,synthetic/pilot_v2_r2/train/003,00000,246865
1,"[0, 0, 0, 0, 0]",,"[0, 0, 0, 0, 0]",,0,0,0,74837,231,0,,0,0,0,,,0,0,,,0.028097792005237023,complete_windows,0,003_00,231,"[227, 228, 229, 230, 231]",206,0.9833984375,2014,2048,1.2907929615341651,synthetic/pilot_v2_r2/train/003,00000,236132
1,"[0, 0, 0, 0, 0]",,"[0, 0, 0, 0, 0]",,0,0,0,74515,232,0,,0,0,0,,,0,0,,,0.027294873333721936,complete_windows,0,003_00,232,"[228, 229, 230, 231, 232]",206,0.98046875,2008,2048,1.3104109985028336,synthetic/pilot_v2_r2/train/003,00000,231508
1,"[0, 0, 0, 0, 0]",,"[0, 0, 0, 0, 0]",,0,0,0,74561,233,0,,0,0,0,,,0,0,,,0.02615807991314817,complete_windows,0,003_00,233,"[229, 230, 231, 232, 233]",206,0.97998046875,2007,2048,1.322782059701654,synthetic/pilot_v2_r2/train/003,00000,225853
1,"[0, 0, 0, 0, 0]",,"[0, 0, 0, 0, 0]",,0,0,0,74615,234,0,,0,0,0,,,0,0,,,0.023422025751969056,complete_windows,0,003_00,234,"[230, 231, 232, 233, 234]",206,0.98095703125,2009,2048,1.3324372254598655,synthetic/pilot_v2_r2/train/003,00000,223294
1,"[0, 0, 0, 0, 0]",,"[0, 0, 0, 0, 0]",,0,0,0,75082,235,0,,0,0,0,,,0,0,,,0.024718892499396024,complete_windows,0,003_00,235,"[231, 232, 233, 234, 235]",206,0.97216796875,1991,2048,1.3383262790864388,synthetic/pilot_v2_r2/train/003,00000,221271
1,"[0, 0, 0, 0, 0]",,"[0, 0, 0, 0, 0]",,0,0,0,75808,236,0,,0,0,0,,,0,0,,,0.025361192733457938,complete_windows,0,003_00,236,"[232, 233, 234, 235, 236]",206,0.982421875,2012,2048,1.3299414908374343,synthetic/pilot_v2_r2/train/003,00000,223204
1,"[0, 0, 0, 0, 0]",,"[0, 0, 0, 0, 0]",,0,0,0,76214,237,0,,0,0,0,,,0,0,,,0.02033683204428852,complete_windows,0,003_00,237,"[233, 234, 235, 236, 237]",206,0.98046875,2008,2048,1.349672262216748,synthetic/pilot_v2_r2/train/003,00000,225148
1,"[0, 0, 0, 0, 0]",,"[0, 0, 0, 0, 0]",,0,0,0,76824,238,0,,0,0,0,,,0,0,,,0.018664418901075102,complete_windows,0,003_00,238,"[234, 235, 236, 237, 238]",206,0.9765625,2000,2048,1.3807848286003848,synthetic/pilot_v2_r2/train/003,00000,221045
1,"[0, 0, 0, 0, 0]",,"[0, 0, 0, 0, 0]",,0,0,0,77334,239,0,,0,0,0,,,0,0,,,0.018386079872154463,complete_windows,0,003_00,239,"[235, 236, 237, 238, 239]",206,0.98876953125,2025,2048,1.3830507686026583,synthetic/pilot_v2_r2/train/003,00000,215352
1,"[0, 0, 0, 0, 0]",,"[0, 0, 0, 0, 0]",,0,0,0,77752,240,0,,0,0,0,,,0,0,,,0.01880181637481512,complete_windows,0,003_00,240,"[236, 237, 238, 239, 240]",206,0.9892578125,2026,2048,1.4164991031913532,synthetic/pilot_v2_r2/train/003,00000,221384
1,"[0, 0, 0, 0, 0]",,"[0, 0, 0, 0, 0]",,0,0,0,77942,241,0,,0,0,0,,,0,0,,,0.01703458614452876,complete_windows,0,003_00,241,"[237, 238, 239, 240, 241]",206,0.9931640625,2034,2048,1.421894663477245,synthetic/pilot_v2_r2/train/003,00000,219903
1,"[0, 0, 0, 0, 0]",,"[0, 0, 0, 0, 0]",,0,0,0,77976,242,0,,0,0,0,,,0,0,,,0.013717097872851126,complete_windows,0,003_00,242,"[238, 239, 240, 241, 242]",206,0.9951171875,2038,2048,1.4179048933438385,synthetic/pilot_v2_r2/train/003,00000,222099
1,"[0, 0, 0, 0, 0]",,"[0, 0, 0, 0, 0]",,0,0,0,77818,243,0,,0,0,0,,,0,0,,,0.012266424761371412,complete_windows,0,003_00,243,"[239, 240, 241, 242, 243]",206,0.99267578125,2033,2048,1.4486056104797032,synthetic/pilot_v2_r2/train/003,00000,220371
1,"[0, 0, 0, 0, 0]",,"[0, 0, 0, 0, 0]",,0,0,0,77464,244,0,,0,0,0,,,0,0,,,0.014649490339272674,complete_windows,0,003_00,244,"[240, 241, 242, 243, 244]",206,0.99462890625,2037,2048,1.4648074914620663,synthetic/pilot_v2_r2/train/003,00000,217376
1,"[0, 0, 0, 0, 0]",,"[0, 0, 0, 0, 0]",,0,0,0,76744,245,0,,0,0,0,,,0,0,,,0.018513531736609346,complete_windows,0,003_00,245,"[241, 242, 243, 244, 245]",206,0.99609375,2040,2048,1.4736096902350935,synthetic/pilot_v2_r2/train/003,00000,214361
1,"[0, 0, 0, 0, 0]",,"[0, 0, 0, 0, 0]",,0,0,0,75949,246,0,,0,0,0,,,0,0,,,0.018287128666108,complete_windows,0,003_00,246,"[242, 243, 244, 245, 246]",206,0.9921875,2032,2048,1.4878670848075208,synthetic/pilot_v2_r2/train/003,00000,210798
1,"[0, 0, 0, 0, 0]",,"[0, 0, 0, 0, 0]",,0,0,0,75137,247,0,,0,0,0,,,0,0,,,0.018007250365973802,complete_windows,0,003_00,247,"[243, 244, 245, 246, 247]",206,0.98876953125,2025,2048,1.4809958929274267,synthetic/pilot_v2_r2/train/003,00000,207146
1,"[0, 0, 0, 0, 0]",,"[0, 0, 0, 0, 0]",,0,0,0,74363,248,0,,0,0,0,,,0,0,,,0.010856401974892911,complete_windows,0,003_00,248,"[244, 245, 246, 247, 248]",206,0.9931640625,2034,2048,1.4657880790755298,synthetic/pilot_v2_r2/train/003,00000,206385
1,"[0, 0, 0, 0, 0]",,"[0, 0, 0, 0, 0]",,0,0,0,73054,249,0,,0,0,0,,,0,0,,,0.00784344596077318,complete_windows,0,003_00,249,"[245, 246, 247, 248, 249]",206,0.98828125,2024,2048,1.4472595134001862,synthetic/pilot_v2_r2/train/003,00000,207797
1,"[0, 0, 0, 0, 0]",,"[0, 0, 0, 0, 0]",,0,0,0,72159,250,0,,0,0,0,,,0,0,,,0.008258634847043958,complete_windows,0,003_00,250,"[246, 247, 248, 249, 250]",206,0.98583984375,2019,2048,1.4299383004757582,synthetic/pilot_v2_r2/train/003,00000,205307
1,"[0, 0, 0, 0, 0]",,"[0, 0, 0, 0, 0]",,0,0,0,71267,251,0,,0,0,0,,,0,0,,,0.009457181945960853,complete_windows,0,003_00,251,"[247, 248, 249, 250, 251]",206,0.99072265625,2029,2048,1.4241496289854907,synthetic/pilot_v2_r2/train/003,00000,210656
1,"[0, 0, 0, 0, 0]",,"[0, 0, 0, 0, 0]",,0,0,0,70802,252,0,,0,0,0,,,0,0,,,0.009995956250386007,complete_windows,0,003_00,252,"[248, 249, 250, 251, 252]",206,0.99169921875,2031,2048,1.3925292747239473,synthetic/pilot_v2_r2/train/003,00000,213406
1,"[0, 0, 0, 0, 0]",,"[0, 0, 0, 0, 0]",,0,0,0,70102,253,0,,0,0,0,,,0,0,,,0.012440726092116595,complete_windows,0,003_00,253,"[249, 250, 251, 252, 253]",206,0.98681640625,2021,2048,1.3949248595963613,synthetic/pilot_v2_r2/train/003,00000,213913
1,"[0, 0, 0, 0, 0]",,"[0, 0, 0, 0, 0]",,0,0,0,69845,254,0,,0,0,0,,,0,0,,,0.012869359086422482,complete_windows,0,003_00,254,"[250, 251, 252, 253, 254]",206,0.98828125,2024,2048,1.395690712588772,synthetic/pilot_v2_r2/train/003,00000,211695
1,"[0, 0, 0, 0, 0]",,"[0, 0, 0, 0, 0]",,0,0,0,69980,255,0,,0,0,0,,,0,0,,,0.011757316145997489,complete_windows,0,003_00,255,"[251, 252, 253, 254, 255]",206,0.9873046875,2022,2048,1.3703920802222453,synthetic/pilot_v2_r2/train/003,00000,208036
1,"[0, 0, 0, 0, 0]",,"[0, 0, 0, 0, 0]",,0,0,0,70656,256,0,,0,0,0,,,0,0,,,0.012452069418464568,complete_windows,0,003_00,256,"[252, 253, 254, 255, 256]",206,0.984375,2016,2048,1.3774523439430366,synthetic/pilot_v2_r2/train/003,00000,212237
1,"[0, 0, 0, 0, 0]",,"[0, 0, 0, 0, 0]",,0,0,0,71460,257,0,,0,0,0,,,0,0,,,0.01798301668147419,complete_windows,0,003_00,257,"[253, 254, 255, 256, 257]",206,0.98193359375,2011,2048,1.3658042974089992,synthetic/pilot_v2_r2/train/003,00000,210842
1,"[0, 0, 0, 0, 0]",,"[0, 0, 0, 0, 0]",,0,0,0,72748,258,0,,0,0,0,,,0,0,,,0.018973510205812748,complete_windows,0,003_00,258,"[254, 255, 256, 257, 258]",206,0.9775390625,2002,2048,1.3341328973622266,synthetic/pilot_v2_r2/train/003,00000,215314
1,"[0, 0, 0, 0, 0]",,"[0, 0, 0, 0, 0]",,0,0,0,74489,259,0,,0,0,0,,,0,0,,,0.01779313172813013,complete_windows,0,003_00,259,"[255, 256, 257, 258, 259]",206,0.98095703125,2009,2048,1.3427393592724137,synthetic/pilot_v2_r2/train/003,00000,218563
1,"[0, 0, 0, 0, 0]",,"[0, 0, 0, 0, 0]",,0,0,0,76246,260,0,,0,0,0,,,0,0,,,0.017022266636128897,complete_windows,0,003_00,260,"[256, 257, 258, 259, 260]",206,0.97802734375,2003,2048,1.3288470915664221,synthetic/pilot_v2_r2/train/003,00000,224778
1,"[0, 0, 0, 0, 0]",,"[0, 0, 0, 0, 0]",,0,0,0,78285,261,0,,0,0,0,,,0,0,,,0.017473427658448414,complete_windows,0,003_00,261,"[257, 258, 259, 260, 261]",206,0.9765625,2000,2048,1.3110111775722821,synthetic/pilot_v2_r2/train/003,00000,231492
1,"[0, 0, 0, 0, 0]",,"[0, 0, 0, 0, 0]",,0,0,0,80986,262,0,,0,0,0,,,0,0,,,0.018548371891233154,complete_windows,0,003_00,262,"[258, 259, 260, 261, 262]",206,0.9755859375,1998,2048,1.3265892396962013,synthetic/pilot_v2_r2/train/003,00000,242404
1,"[0, 0, 0, 0, 0]",,"[0, 0, 0, 0, 0]",,0,0,0,84018,263,0,,0,0,0,,,0,0,,,0.01912823734168658,complete_windows,0,003_00,263,"[259, 260, 261, 262, 263]",206,0.97021484375,1987,2048,1.3056465218853677,synthetic/pilot_v2_r2/train/003,00000,250590
1,"[0, 0, 0, 0, 0]",,"[0, 0, 0, 0, 0]",,0,0,0,87206,264,0,,0,0,0,,,0,0,,,0.019853309279094872,complete_windows,0,003_00,264,"[260, 261, 262, 263, 264]",206,0.96826171875,1983,2048,1.300230569384096,synthetic/pilot_v2_r2/train/003,00000,261508
1,"[0, 0, 0, 0, 0]",,"[0, 0, 0, 0, 0]",,0,0,0,90463,265,0,,0,0,0,,,0,0,,,0.02138235925108123,complete_windows,0,003_00,265,"[261, 262, 263, 264, 265]",206,0.962890625,1972,2048,1.2945402055530026,synthetic/pilot_v2_r2/train/003,00000,277051
1,"[0, 0, 0, 0, 0]",,"[0, 0, 0, 0, 0]",,0,0,0,93728,266,0,,0,0,0,,,0,0,,,0.025454295602437064,complete_windows,0,003_00,266,"[262, 263, 264, 265, 266]",206,0.9638671875,1974,2048,1.2761472053040466,synthetic/pilot_v2_r2/train/003,00000,288260
1,"[0, 0, 0, 0, 0]",,"[0, 0, 0, 0, 0]",,0,0,0,96470,267,0,,0,0,0,,,0,0,,,0.027552464685566526,complete_windows,0,003_00,267,"[263, 264, 265, 266, 267]",206,0.97021484375,1987,2048,1.268828511214552,synthetic/pilot_v2_r2/train/003,00000,301641
1,"[0, 0, 0, 0, 0]",,"[0, 0, 0, 0, 0]",,0,0,0,98452,268,0,,0,0,0,,,0,0,,,0.026565350294847405,complete_windows,0,003_00,268,"[264, 265, 266, 267, 268]",206,0.974609375,1996,2048,1.280176779204354,synthetic/pilot_v2_r2/train/003,00000,314785
1,"[0, 0, 0, 0, 0]",,"[0, 0, 0, 0, 0]",,0,0,0,100155,269,0,,0,0,0,,,0,0,,,0.02283001706221776,complete_windows,0,003_00,269,"[265, 266, 267, 268, 269]",206,0.97509765625,1997,2048,1.28323426734032,synthetic/pilot_v2_r2/train/003,00000,326185
1,"[0, 0, 0, 0, 0]",,"[0, 0, 0, 0, 0]",,0,0,0,101448,270,0,,0,0,0,,,0,0,,,0.02182035358366655,complete_windows,0,003_00,270,"[266, 267, 268, 269, 270]",206,0.98046875,2008,2048,1.2774865898612005,synthetic/pilot_v2_r2/train/003,00000,330233
1,"[0, 0, 0, 0, 0]",,"[0, 0, 0, 0, 0]",,0,0,0,102613,271,0,,0,0,0,,,0,0,,,0.021160777105034792,complete_windows,0,003_00,271,"[267, 268, 269, 270, 271]",206,0.97314453125,1993,2048,1.2635781587029695,synthetic/pilot_v2_r2/train/003,00000,335978
1,"[0, 0, 0, 0, 0]",,"[0, 0, 0, 0, 0]",,0,0,0,103298,272,0,,0,0,0,,,0,0,,,0.021711928352359418,complete_windows,0,003_00,272,"[268, 269, 270, 271, 272]",206,0.98046875,2008,2048,1.2562301235786275,synthetic/pilot_v2_r2/train/003,00000,341053
1,"[0, 0, 0, 0, 0]",,"[0, 0, 0, 0, 0]",,0,0,0,103767,273,0,,0,0,0,,,0,0,,,0.024251900042206644,complete_windows,0,003_00,273,"[269, 270, 271, 272, 273]",206,0.98193359375,2011,2048,1.233206420724831,synthetic/pilot_v2_r2/train/003,00000,344868
1,"[0, 0, 0, 0, 0]",,"[0, 0, 0, 0, 0]",,0,0,0,104166,274,0,,0,0,0,,,0,0,,,0.021109234548532464,complete_windows,0,003_00,274,"[270, 271, 272, 273, 274]",206,0.9892578125,2026,2048,1.2473315653418673,synthetic/pilot_v2_r2/train/003,00000,343484
1,"[0, 0, 0, 0, 0]",,"[0, 0, 0, 0, 0]",,0,0,0,104285,275,0,,0,0,0,,,0,0,,,0.018385793314961235,complete_windows,0,003_00,275,"[271, 272, 273, 274, 275]",206,0.98193359375,2011,2048,1.2604461503095445,synthetic/pilot_v2_r2/train/003,00000,347027
1,"[0, 0, 0, 0, 0]",,"[0, 0, 0, 0, 0]",,0,0,0,104365,276,0,,0,0,0,,,0,0,,,0.017909870083462436,complete_windows,0,003_00,276,"[272, 273, 274, 275, 276]",206,0.98876953125,2025,2048,1.24214347972825,synthetic/pilot_v2_r2/train/003,00000,346409
1,"[0, 0, 0, 0, 0]",,"[0, 0, 0, 0, 0]",,0,0,0,104538,277,0,,0,0,0,,,0,0,,,0.0192066003760577,complete_windows,0,003_00,277,"[273, 274, 275, 276, 277]",206,0.98291015625,2013,2048,1.24197419955604,synthetic/pilot_v2_r2/train/003,00000,344719
1,"[0, 0, 0, 0, 0]",,"[0, 0, 0, 0, 0]",,0,0,0,104488,278,0,,0,0,0,,,0,0,,,0.016821278892655743,complete_windows,0,003_00,278,"[274, 275, 276, 277, 278]",206,0.9921875,2032,2048,1.2085224868994846,synthetic/pilot_v2_r2/train/003,00000,345631
1,"[0, 0, 0, 0, 0]",,"[0, 0, 0, 0, 0]",,0,0,0,104394,279,0,,0,0,0,,,0,0,,,0.01353700737075183,complete_windows,0,003_00,279,"[275, 276, 277, 278, 279]",206,0.99072265625,2029,2048,1.194927754177542,synthetic/pilot_v2_r2/train/003,00000,347743
1,"[0, 0, 0, 0, 0]",,"[0, 0, 0, 0, 0]",,0,0,0,104417,280,0,,0,0,0,,,0,0,,,0.011894120277803162,complete_windows,0,003_00,280,"[276, 277, 278, 279, 280]",206,0.986328125,2020,2048,1.1751544203392066,synthetic/pilot_v2_r2/train/003,00000,346109
1,"[0, 0, 0, 0, 0]",,"[0, 0, 0, 0, 0]",,0,0,0,104297,281,0,,0,0,0,,,0,0,,,0.009962516932343455,complete_windows,0,003_00,281,"[277, 278, 279, 280, 281]",206,0.98974609375,2027,2048,1.1626955315198444,synthetic/pilot_v2_r2/train/003,00000,343277
1,"[0, 0, 0, 0, 0]",,"[0, 0, 0, 0, 0]",,0,0,0,104183,282,0,,0,0,0,,,0,0,,,0.008927196779934279,complete_windows,0,003_00,282,"[278, 279, 280, 281, 282]",206,0.9921875,2032,2048,1.1488635573823232,synthetic/pilot_v2_r2/train/003,00000,343139
1,"[0, 0, 0, 0, 0]",,"[0, 0, 0, 0, 0]",,0,0,0,104049,283,0,,0,0,0,,,0,0,,,0.010600304406704356,complete_windows,0,003_00,283,"[279, 280, 281, 282, 283]",206,0.9912109375,2030,2048,1.127055390539591,synthetic/pilot_v2_r2/train/003,00000,342881
1,"[0, 0, 0, 0, 0]",,"[0, 0, 0, 0, 0]",,0,0,0,104221,284,0,,0,0,0,,,0,0,,,0.01359819565085903,complete_windows,0,003_00,284,"[280, 281, 282, 283, 284]",206,0.98583984375,2019,2048,1.0988197698373592,synthetic/pilot_v2_r2/train/003,00000,341704
1,"[0, 0, 0, 0, 0]",,"[0, 0, 0, 0, 0]",,0,0,0,104265,285,0,,0,0,0,,,0,0,,,0.016918986898154086,complete_windows,0,003_00,285,"[281, 282, 283, 284, 285]",206,0.986328125,2020,2048,1.0686002120979097,synthetic/pilot_v2_r2/train/003,00000,340874
1,"[0, 0, 0, 0, 0]",,"[0, 0, 0, 0, 0]",,0,0,0,104158,286,0,,0,0,0,,,0,0,,,0.01955881603532564,complete_windows,0,003_00,286,"[282, 283, 284, 285, 286]",206,0.99365234375,2035,2048,1.0336724187766753,synthetic/pilot_v2_r2/train/003,00000,336112
1,"[0, 0, 0, 0, 0]",,"[0, 0, 0, 0, 0]",,0,0,0,104307,287,0,,0,0,0,,,0,0,,,0.02180284005963421,complete_windows,0,003_00,287,"[283, 284, 285, 286, 287]",206,0.99267578125,2033,2048,0.999336365002124,synthetic/pilot_v2_r2/train/003,00000,335367
1,"[0, 0, 0, 0, 0]",,"[0, 0, 0, 0, 0]",,0,0,0,104200,288,0,,0,0,0,,,0,0,,,0.02373096654611917,complete_windows,0,003_00,288,"[284, 285, 286, 287, 288]",206,0.998046875,2044,2048,0.9807688723826598,synthetic/pilot_v2_r2/train/003,00000,334315
1,"[0, 0, 0, 0, 0]",,"[0, 0, 0, 0, 0]",,0,0,0,104252,289,0,,0,0,0,,,0,0,,,0.02491916634301199,complete_windows,0,003_00,289,"[285, 286, 287, 288, 289]",206,0.98779296875,2023,2048,0.9424493958916785,synthetic/pilot_v2_r2/train/003,00000,339960
1,"[0, 0, 0, 0, 0]",,"[0, 0, 0, 0, 0]",,0,0,0,104241,290,0,,0,0,0,,,0,0,,,0.024687574788490305,complete_windows,0,003_00,290,"[286, 287, 288, 289, 290]",206,0.98583984375,2019,2048,0.9171947573404686,synthetic/pilot_v2_r2/train/003,00000,342181
1,"[0, 0, 0, 0, 0]",,"[0, 0, 0, 0, 0]",,0,0,0,104204,291,0,,0,0,0,,,0,0,,,0.024339178420553075,complete_windows,0,003_00,291,"[287, 288, 289, 290, 291]",206,0.9912109375,2030,2048,0.8801476015759201,synthetic/pilot_v2_r2/train/003,00000,343451
1,"[0, 0, 0, 0, 0]",,"[0, 0, 0, 0, 0]",,0,0,0,104236,292,0,,0,0,0,,,0,0,,,0.022736923128378512,complete_windows,0,003_00,292,"[288, 289, 290, 291, 292]",206,0.98388671875,2015,2048,0.8265312642680668,synthetic/pilot_v2_r2/train/003,00000,339781
1,"[0, 0, 0, 0, 0]",,"[0, 0, 0, 0, 0]",,0,0,0,104118,293,0,,0,0,0,,,0,0,,,0.019873676365415278,complete_windows,0,003_00,293,"[289, 290, 291, 292, 293]",206,0.98095703125,2009,2048,0.8051253105379336,synthetic/pilot_v2_r2/train/003,00000,337547
1,"[0, 0, 0, 0, 0]",,"[0, 0, 0, 0, 0]",,0,0,0,104366,294,0,,0,0,0,,,0,0,,,0.0182747246034355,complete_windows,0,003_00,294,"[290, 291, 292, 293, 294]",206,0.9873046875,2022,2048,0.7609103347981339,synthetic/pilot_v2_r2/train/003,00000,334777
1,"[0, 0, 0, 0, 0]",,"[0, 0, 0, 0, 0]",,0,0,0,104267,295,0,,0,0,0,,,0,0,,,0.01588019174895897,complete_windows,0,003_00,295,"[291, 292, 293, 294, 295]",206,0.994140625,2036,2048,0.7129361424513928,synthetic/pilot_v2_r2/train/003,00000,330540
1,"[0, 0, 0, 0, 0]",,"[0, 0, 0, 0, 0]",,0,0,0,104490,296,0,,0,0,0,,,0,0,,,0.014395725926220937,complete_windows,0,003_00,296,"[292, 293, 294, 295, 296]",206,0.99560546875,2039,2048,0.6831347526263487,synthetic/pilot_v2_r2/train/003,00000,329413
1,"[0, 0, 0, 0, 0]",,"[0, 0, 0, 0, 0]",,0,0,0,104354,297,0,,0,0,0,,,0,0,,,0.012822554626463057,complete_windows,0,003_00,297,"[293, 294, 295, 296, 297]",206,0.99072265625,2029,2048,0.6413807056821162,synthetic/pilot_v2_r2/train/003,00000,329643
1,"[0, 0, 0, 0, 0]",,"[0, 0, 0, 0, 0]",,0,0,0,104340,298,0,,0,0,0,,,0,0,,,0.013131787400246744,complete_windows,0,003_00,298,"[294, 295, 296, 297, 298]",206,0.9892578125,2026,2048,0.6319067198959666,synthetic/pilot_v2_r2/train/003,00000,333375
1,"[0, 0, 0, 0, 0]",,"[0, 0, 0, 0, 0]",,0,0,0,104473,299,0,,0,0,0,,,0,0,,,0.014363778309355896,complete_windows,0,003_00,299,"[295, 296, 297, 298, 299]",206,0.98974609375,2027,2048,0.6136162703561036,synthetic/pilot_v2_r2/train/003,00000,334521
1,"[0, 0, 0, 0, 0]",,"[0, 0, 0, 0, 0]",,0,0,0,104597,300,0,,0,0,0,,,0,0,,,0.013649882815289482,complete_windows,0,003_00,300,"[296, 297, 298, 299, 300]",206,0.9873046875,2022,2048,0.5974051867442726,synthetic/pilot_v2_r2/train/003,00000,343145
1,"[0, 0, 0, 0, 0]",,"[0, 0, 0, 0, 0]",,0,0,0,104859,301,0,,0,0,0,,,0,0,,,0.0177224045406733,complete_windows,0,003_00,301,"[297, 298, 299, 300, 301]",206,0.98681640625,2021,2048,0.5648593544357072,synthetic/pilot_v2_r2/train/003,00000,347811
1,"[0, 0, 0, 0, 0]",,"[0, 0, 0, 0, 0]",,0,0,0,105206,302,0,,0,0,0,,,0,0,,,0.028220239981787062,complete_windows,0,003_00,302,"[298, 299, 300, 301, 302]",206,0.9912109375,2030,2048,0.5106304190612372,synthetic/pilot_v2_r2/train/003,00000,349181
1,"[0, 0, 0, 0, 0]",,"[0, 0, 0, 0, 0]",,0,0,0,105427,303,0,,0,0,0,,,0,0,,,0.03769960663245993,complete_windows,0,003_00,303,"[299, 300, 301, 302, 303]",206,0.98779296875,2023,2048,0.48862431699951,synthetic/pilot_v2_r2/train/003,00000,349473
1,"[0, 0, 0, 0, 0]",,"[0, 0, 0, 0, 0]",,0,0,0,105500,304,0,,0,0,0,,,0,0,,,0.03740310464572702,complete_windows,0,003_00,304,"[300, 301, 302, 303, 304]",206,0.98779296875,2023,2048,0.45416070196476727,synthetic/pilot_v2_r2/train/003,00000,347008
1,"[0, 0, 0, 0, 0]",,"[0, 0, 0, 0, 0]",,0,0,0,105414,305,0,,0,0,0,,,0,0,,,0.027390395272705023,complete_windows,0,003_00,305,"[301, 302, 303, 304, 305]",206,0.99267578125,2033,2048,0.4458324798832617,synthetic/pilot_v2_r2/train/003,00000,349694
1,"[0, 0, 0, 0, 0]",,"[0, 0, 0, 0, 0]",,0,0,0,105553,306,0,,0,0,0,,,0,0,,,0.01333397320309418,complete_windows,0,003_00,306,"[302, 303, 304, 305, 306]",206,0.98876953125,2025,2048,0.46343157674338953,synthetic/pilot_v2_r2/train/003,00000,348496
1,"[0, 0, 0, 0, 0]",,"[0, 0, 0, 0, 0]",,0,0,0,105604,307,0,,0,0,0,,,0,0,,,0.009576586779284735,complete_windows,0,003_00,307,"[303, 304, 305, 306, 307]",206,0.99072265625,2029,2048,0.46968968710348014,synthetic/pilot_v2_r2/train/003,00000,346295
1,"[0, 0, 0, 0, 0]",,"[0, 0, 0, 0, 0]",,0,0,0,105684,308,0,,0,0,0,,,0,0,,,0.01438579487884041,complete_windows,0,003_00,308,"[304, 305, 306, 307, 308]",206,0.990234375,2028,2048,0.5009522934230904,synthetic/pilot_v2_r2/train/003,00000,343100
1,"[0, 0, 0, 0, 0]",,"[0, 0, 0, 0, 0]",,0,0,0,105843,309,0,,0,0,0,,,0,0,,,0.0186569479308932,complete_windows,0,003_00,309,"[305, 306, 307, 308, 309]",206,0.99072265625,2029,2048,0.5315846324139211,synthetic/pilot_v2_r2/train/003,00000,344248
1,"[0, 0, 0, 0, 0]",,"[0, 0, 0, 0, 0]",,0,0,0,105766,310,0,,0,0,0,,,0,0,,,0.02273977244152521,complete_windows,0,003_00,310,"[306, 307, 308, 309, 310]",206,0.9912109375,2030,2048,0.5572670650704298,synthetic/pilot_v2_r2/train/003,00000,345648
1,"[0, 0, 0, 0, 0]",,"[0, 0, 0, 0, 0]",,0,0,0,105907,311,0,,0,0,0,,,0,0,,,0.023005573126091573,complete_windows,0,003_00,311,"[307, 308, 309, 310, 311]",206,0.9873046875,2022,2048,0.5803950433345607,synthetic/pilot_v2_r2/train/003,00000,348288
1,"[0, 0, 0, 0, 0]",,"[0, 0, 0, 0, 0]",,0,0,0,106205,312,0,,0,0,0,,,0,0,,,0.017673895504945896,complete_windows,0,003_00,312,"[308, 309, 310, 311, 312]",206,0.98828125,2024,2048,0.5776572816085085,synthetic/pilot_v2_r2/train/003,00000,350935
1,"[0, 0, 0, 0, 0]",,"[0, 0, 0, 0, 0]",,0,0,0,106395,313,0,,0,0,0,,,0,0,,,0.010549668519235394,complete_windows,0,003_00,313,"[309, 310, 311, 312, 313]",206,0.986328125,2020,2048,0.5843355123793273,synthetic/pilot_v2_r2/train/003,00000,349080
1,"[0, 0, 0, 0, 0]",,"[0, 0, 0, 0, 0]",,0,0,0,106483,314,0,,0,0,0,,,0,0,,,0.004449932460946445,complete_windows,0,003_00,314,"[310, 311, 312, 313, 314]",206,0.9892578125,2026,2048,0.5760671244477157,synthetic/pilot_v2_r2/train/003,00000,344383
1,"[0, 0, 0, 0, 0]",,"[0, 0, 0, 0, 0]",,0,0,0,106678,315,0,,0,0,0,,,0,0,,,0.005266626833291165,complete_windows,0,003_00,315,"[311, 312, 313, 314, 315]",206,0.99072265625,2029,2048,0.5749974273511295,synthetic/pilot_v2_r2/train/003,00000,338200
1,"[0, 0, 0, 0, 0]",,"[0, 0, 0, 0, 0]",,0,0,0,106738,316,0,,0,0,0,,,0,0,,,0.004750953724373705,complete_windows,0,003_00,316,"[312, 313, 314, 315, 316]",206,0.9892578125,2026,2048,0.6014658718503995,synthetic/pilot_v2_r2/train/003,00000,341300
1,"[0, 0, 0, 0, 0]",,"[0, 0, 0, 0, 0]",,0,0,0,106974,317,0,,0,0,0,,,0,0,,,0.005489503129727938,complete_windows,0,003_00,317,"[313, 314, 315, 316, 317]",206,0.98876953125,2025,2048,0.6075095610053395,synthetic/pilot_v2_r2/train/003,00000,343055
1,"[0, 0, 0, 0, 0]",,"[0, 0, 0, 0, 0]",,0,0,0,107361,318,0,,0,0,0,,,0,0,,,0.005357554789918288,complete_windows,0,003_00,318,"[314, 315, 316, 317, 318]",206,0.9833984375,2014,2048,0.6093836639592625,synthetic/pilot_v2_r2/train/003,00000,344330
1,"[0, 0, 0, 0, 0]",,"[0, 0, 0, 0, 0]",,0,0,0,107580,319,0,,0,0,0,,,0,0,,,0.004661328301339301,complete_windows,0,003_00,319,"[315, 316, 317, 318, 319]",206,0.98486328125,2017,2048,0.6145934861228743,synthetic/pilot_v2_r2/train/003,00000,346869
1,"[0, 0, 0, 0, 0]",,"[0, 0, 0, 0, 0]",,0,0,0,107838,320,0,,0,0,0,,,0,0,,,0.004497151451579407,complete_windows,0,003_00,320,"[316, 317, 318, 319, 320]",206,0.99365234375,2035,2048,0.6062041021363045,synthetic/pilot_v2_r2/train/003,00000,349472
1,"[0, 0, 0, 0, 0]",,"[0, 0, 0, 0, 0]",,0,0,0,108028,321,0,,0,0,0,,,0,0,,,0.010488144343792397,complete_windows,0,003_00,321,"[317, 318, 319, 320, 321]",206,0.98828125,2024,2048,0.6091618760802807,synthetic/pilot_v2_r2/train/003,00000,357998
1,"[0, 0, 0, 0, 0]",,"[0, 0, 0, 0, 0]",,0,0,0,108026,322,0,,0,0,0,,,0,0,,,0.022504248394986655,complete_windows,0,003_00,322,"[318, 319, 320, 321, 322]",206,0.984375,2016,2048,0.6037811158445279,synthetic/pilot_v2_r2/train/003,00000,364424
1,"[0, 0, 0, 0, 0]",,"[0, 0, 0, 0, 0]",,0,0,0,108211,323,0,,0,0,0,,,0,0,,,0.03312849385241347,complete_windows,0,003_00,323,"[319, 320, 321, 322, 323]",206,0.98681640625,2021,2048,0.5912488089586886,synthetic/pilot_v2_r2/train/003,00000,366918
1,"[0, 0, 0, 0, 0]",,"[0, 0, 0, 0, 0]",,0,0,0,108495,324,0,,0,0,0,,,0,0,,,0.03510200812068873,complete_windows,0,003_00,324,"[320, 321, 322, 323, 324]",206,0.9814453125,2010,2048,0.5625912684810951,synthetic/pilot_v2_r2/train/003,00000,366979
1,"[0, 0, 0, 0, 0]",,"[0, 0, 0, 0, 0]",,0,0,0,108687,325,0,,0,0,0,,,0,0,,,0.02555289532564572,complete_windows,0,003_00,325,"[321, 322, 323, 324, 325]",206,0.9853515625,2018,2048,0.5281189754062783,synthetic/pilot_v2_r2/train/003,00000,369784
1,"[0, 0, 0, 0, 0]",,"[0, 0, 0, 0, 0]",,0,0,0,109169,326,0,,0,0,0,,,0,0,,,0.01043497538538106,complete_windows,0,003_00,326,"[322, 323, 324, 325, 326]",206,0.99169921875,2031,2048,0.4985950710311289,synthetic/pilot_v2_r2/train/003,00000,368528
1,"[0, 0, 0, 0, 0]",,"[0, 0, 0, 0, 0]",,0,0,0,109372,327,0,,0,0,0,,,0,0,,,0.01059452544061387,complete_windows,0,003_00,327,"[323, 324, 325, 326, 327]",206,0.990234375,2028,2048,0.4704840995729619,synthetic/pilot_v2_r2/train/003,00000,365138
1,"[0, 0, 0, 0, 0]",,"[0, 0, 0, 0, 0]",,0,0,0,109545,328,0,,0,0,0,,,0,0,,,0.019690687891839344,complete_windows,0,003_00,328,"[324, 325, 326, 327, 328]",206,0.9853515625,2018,2048,0.4788143366673339,synthetic/pilot_v2_r2/train/003,00000,365905
1,"[0, 0, 0, 0, 0]",,"[0, 0, 0, 0, 0]",,0,0,0,109985,329,0,,0,0,0,,,0,0,,,0.026376272863373233,complete_windows,0,003_00,329,"[325, 326, 327, 328, 329]",206,0.97412109375,1995,2048,0.482649754827757,synthetic/pilot_v2_r2/train/003,00000,365851
1,"[0, 0, 0, 0, 0]",,"[0, 0, 0, 0, 0]",,0,0,0,110100,330,0,,0,0,0,,,0,0,,,0.029150501571356822,complete_windows,0,003_00,330,"[326, 327, 328, 329, 330]",206,0.98095703125,2009,2048,0.49867750422433565,synthetic/pilot_v2_r2/train/003,00000,368694
1,"[0, 0, 0, 0, 0]",,"[0, 0, 0, 0, 0]",,0,0,0,110308,331,0,,0,0,0,,,0,0,,,0.025072042546647827,complete_windows,0,003_00,331,"[327, 328, 329, 330, 331]",206,0.9853515625,2018,2048,0.5199514147361499,synthetic/pilot_v2_r2/train/003,00000,372701
1,"[0, 0, 0, 0, 0]",,"[0, 0, 0, 0, 0]",,0,0,0,110452,332,0,,0,0,0,,,0,0,,,0.016990627189062683,complete_windows,0,003_00,332,"[328, 329, 330, 331, 332]",206,0.9853515625,2018,2048,0.5439009070833055,synthetic/pilot_v2_r2/train/003,00000,377883
1,"[0, 0, 0, 0, 0]",,"[0, 0, 0, 0, 0]",,0,0,0,110860,333,0,,0,0,0,,,0,0,,,0.007199290489779002,complete_windows,0,003_00,333,"[329, 330, 331, 332, 333]",206,0.98388671875,2015,2048,0.5583812451055699,synthetic/pilot_v2_r2/train/003,00000,379931
1,"[0, 0, 0, 0, 0]",,"[0, 0, 0, 0, 0]",,0,0,0,111374,334,0,,0,0,0,,,0,0,,,0.003881942031613293,complete_windows,0,003_00,334,"[330, 331, 332, 333, 334]",206,0.98974609375,2027,2048,0.5624778852733421,synthetic/pilot_v2_r2/train/003,00000,379850
1,"[0, 0, 0, 0, 0]",,"[0, 0, 0, 0, 0]",,0,0,0,111489,335,0,,0,0,0,,,0,0,,,0.004013969620106816,complete_windows,0,003_00,335,"[331, 332, 333, 334, 335]",206,0.98095703125,2009,2048,0.5712487505759544,synthetic/pilot_v2_r2/train/003,00000,377722
1,"[0, 0, 0, 0, 0]",,"[0, 0, 0, 0, 0]",,0,0,0,111701,336,0,,0,0,0,,,0,0,,,0.004244274531605375,complete_windows,0,003_00,336,"[332, 333, 334, 335, 336]",206,0.982421875,2012,2048,0.5603045557616475,synthetic/pilot_v2_r2/train/003,00000,377171
1,"[0, 0, 0, 0, 0]",,"[0, 0, 0, 0, 0]",,0,0,0,111983,337,0,,0,0,0,,,0,0,,,0.007484856529025615,complete_windows,0,003_00,337,"[333, 334, 335, 336, 337]",206,0.9833984375,2014,2048,0.5588126647221515,synthetic/pilot_v2_r2/train/003,00000,373898
1,"[0, 0, 0, 0, 0]",,"[0, 0, 0, 0, 0]",,0,0,0,112192,338,0,,0,0,0,,,0,0,,,0.00902450859328236,complete_windows,0,003_00,338,"[334, 335, 336, 337, 338]",206,0.9921875,2032,2048,0.5761071547252536,synthetic/pilot_v2_r2/train/003,00000,373257
1,"[0, 0, 0, 0, 0]",,"[0, 0, 0, 0, 0]",,0,0,0,112511,339,0,,0,0,0,,,0,0,,,0.008880809810484997,complete_windows,0,003_00,339,"[335, 336, 337, 338, 339]",206,0.9892578125,2026,2048,0.5753518767209831,synthetic/pilot_v2_r2/train/003,00000,374680
1,"[0, 0, 0, 0, 0]",,"[0, 0, 0, 0, 0]",,0,0,0,112698,340,0,,0,0,0,,,0,0,,,0.009492410331554433,complete_windows,0,003_00,340,"[336, 337, 338, 339, 340]",206,0.98974609375,2027,2048,0.588363132974269,synthetic/pilot_v2_r2/train/003,00000,379995
1,"[0, 0, 0, 0, 0]",,"[0, 0, 0, 0, 0]",,0,0,0,113056,341,0,,0,0,0,,,0,0,,,0.010199378912365874,complete_windows,0,003_00,341,"[337, 338, 339, 340, 341]",206,0.9873046875,2022,2048,0.5845024878351902,synthetic/pilot_v2_r2/train/003,00000,382893
1,"[0, 0, 0, 0, 0]",,"[0, 0, 0, 0, 0]",,0,0,0,113143,342,0,,0,0,0,,,0,0,,,0.011019172161883788,complete_windows,0,003_00,342,"[338, 339, 340, 341, 342]",206,0.99169921875,2031,2048,0.5788319208293202,synthetic/pilot_v2_r2/train/003,00000,383706
1,"[0, 0, 0, 0, 0]",,"[0, 0, 0, 0, 0]",,0,0,0,113315,343,0,,0,0,0,,,0,0,,,0.011890084902513441,complete_windows,0,003_00,343,"[339, 340, 341, 342, 343]",206,0.99609375,2040,2048,0.5793430360738432,synthetic/pilot_v2_r2/train/003,00000,385421
1,"[0, 0, 0, 0, 0]",,"[0, 0, 0, 0, 0]",,0,0,0,113619,344,0,,0,0,0,,,0,0,,,0.011944651115047578,complete_windows,0,003_00,344,"[340, 341, 342, 343, 344]",206,0.994140625,2036,2048,0.5653536776556238,synthetic/pilot_v2_r2/train/003,00000,385081
1,"[0, 0, 0, 0, 0]",,"[0, 0, 0, 0, 0]",,0,0,0,113990,345,0,,0,0,0,,,0,0,,,0.01210184814047557,complete_windows,0,003_00,345,"[341, 342, 343, 344, 345]",206,0.98974609375,2027,2048,0.5791633372962105,synthetic/pilot_v2_r2/train/003,00000,385039
1,"[0, 0, 0, 0, 0]",,"[0, 0, 0, 0, 0]",,0,0,0,114008,346,0,,0,0,0,,,0,0,,,0.012438398353230266,complete_windows,0,003_00,346,"[342, 343, 344, 345, 346]",206,0.99365234375,2035,2048,0.5805062147430379,synthetic/pilot_v2_r2/train/003,00000,386325
0,"[0, 0, 0, 0, 0]",0.0,"[0, 0, 0, 0, 1]",1.0,0,0,1,114337,347,0,0.0,0,0,0,0.0,1.0,0,1,0.0,0.0,0.012403966373165386,complete_windows,0,003_00,347,"[343, 344, 345, 346, 347]",206,0.98876953125,2025,2048,0.5725524728980129,synthetic/pilot_v2_r2/train/003,00001,385724
0,"[0, 0, 0, 0, 0]",,"[0, 0, 0, 1, 0]",,0,0,0,114638,348,1,1.0,0,0,1,,1.0,1,1,,,0.012718904237657156,complete_windows,0,003_00,348,"[344, 345, 346, 347, 348]",206,0.99169921875,2031,2048,0.5809035358261403,synthetic/pilot_v2_r2/train/003,00010,391388
0,"[0, 0, 0, 0, 0]",0.0,"[0, 0, 1, 0, 1]",1.0,0,0,1,114766,349,1,0.5,0,0,1,0.0,1.0,1,2,0.0,0.0,0.012985891797693402,complete_windows,0,003_00,349,"[345, 346, 347, 348, 349]",206,0.99560546875,2039,2048,0.5754559332540147,synthetic/pilot_v2_r2/train/003,00101,390422
0,"[0, 0, 0, 0, 0]",,"[0, 1, 0, 1, 0]",,0,0,0,115036,350,2,1.0,0,0,2,,1.0,2,2,,,0.012234706951628146,complete_windows,0,003_00,350,"[346, 347, 348, 349, 350]",206,0.99072265625,2029,2048,0.5751583715519345,synthetic/pilot_v2_r2/train/003,01010,390026
0,"[0, 0, 0, 0, 0]",,"[1, 0, 1, 0, 0]",,0,0,0,115320,351,2,1.0,0,0,2,,1.0,2,2,,,0.01243150487036471,complete_windows,0,003_00,351,"[347, 348, 349, 350, 351]",206,0.98974609375,2027,2048,0.5886887827183296,synthetic/pilot_v2_r2/train/003,10100,387728
0,"[0, 0, 0, 0, 0]",,"[0, 1, 0, 0, 0]",,0,0,0,115479,352,1,1.0,0,0,1,,1.0,1,1,,,0.012381514130195042,complete_windows,0,003_00,352,"[348, 349, 350, 351, 352]",206,0.9892578125,2026,2048,0.5919981395924472,synthetic/pilot_v2_r2/train/003,01000,387201
0,"[0, 0, 0, 0, 0]",,"[1, 0, 0, 0, 0]",,0,0,0,116018,353,1,1.0,0,0,1,,1.0,1,1,,,0.012459881579628258,complete_windows,0,003_00,353,"[349, 350, 351, 352, 353]",206,0.9912109375,2030,2048,0.6121973240933014,synthetic/pilot_v2_r2/train/003,10000,386340
1,"[0, 0, 0, 0, 0]",,"[0, 0, 0, 0, 0]",,0,0,0,116121,354,0,,0,0,0,,,0,0,,,0.013476813979044782,complete_windows,0,003_00,354,"[350, 351, 352, 353, 354]",206,0.990234375,2028,2048,0.6351746585404092,synthetic/pilot_v2_r2/train/003,00000,387144
1,"[0, 0, 0, 0, 0]",,"[0, 0, 0, 0, 0]",,0,0,0,116229,355,0,,0,0,0,,,0,0,,,0.013621785428337925,complete_windows,0,003_00,355,"[351, 352, 353, 354, 355]",206,0.986328125,2020,2048,0.6558191799318478,synthetic/pilot_v2_r2/train/003,00000,392645
1,"[0, 0, 0, 0, 0]",,"[0, 0, 0, 0, 0]",,0,0,0,116598,356,0,,0,0,0,,,0,0,,,0.014489944469371912,complete_windows,0,003_00,356,"[352, 353, 354, 355, 356]",206,0.98583984375,2019,2048,0.6938751306148006,synthetic/pilot_v2_r2/train/003,00000,396055
1,"[0, 0, 0, 0, 0]",,"[0, 0, 0, 0, 0]",,0,0,0,116793,357,0,,0,0,0,,,0,0,,,0.015179045318041666,complete_windows,0,003_00,357,"[353, 354, 355, 356, 357]",206,0.986328125,2020,2048,0.7187748835864751,synthetic/pilot_v2_r2/train/003,00000,397384
1,"[0, 0, 0, 0, 0]",,"[0, 0, 0, 0, 0]",,0,0,0,116749,358,0,,0,0,0,,,0,0,,,0.014902800079266611,complete_windows,0,003_00,358,"[354, 355, 356, 357, 358]",206,0.9775390625,2002,2048,0.7402534944596068,synthetic/pilot_v2_r2/train/003,00000,398796
1,"[0, 0, 0, 0, 0]",,"[0, 0, 0, 0, 0]",,0,0,0,116873,359,0,,0,0,0,,,0,0,,,0.015013026104437175,complete_windows,0,003_00,359,"[355, 356, 357, 358, 359]",206,0.98486328125,2017,2048,0.7754752707030276,synthetic/pilot_v2_r2/train/003,00000,397432
1,"[0, 0, 0, 0, 0]",,"[0, 0, 0, 0, 0]",,0,0,0,116982,360,0,,0,0,0,,,0,0,,,0.014903136414827472,complete_windows,0,003_00,360,"[356, 357, 358, 359, 360]",206,0.9873046875,2022,2048,0.8036004633366779,synthetic/pilot_v2_r2/train/003,00000,398844
1,"[0, 0, 0, 0, 0]",,"[0, 0, 0, 0, 0]",,0,0,0,117170,361,0,,0,0,0,,,0,0,,,0.014151281734834327,complete_windows,0,003_00,361,"[357, 358, 359, 360, 361]",206,0.9912109375,2030,2048,0.8312725274040823,synthetic/pilot_v2_r2/train/003,00000,399718
1,"[0, 0, 0, 0, 0]",,"[0, 0, 0, 0, 0]",,0,0,0,117228,362,0,,0,0,0,,,0,0,,,0.013381444815018491,complete_windows,0,003_00,362,"[358, 359, 360, 361, 362]",206,0.9873046875,2022,2048,0.8670447239956256,synthetic/pilot_v2_r2/train/003,00000,401191
1,"[0, 0, 0, 0, 0]",,"[0, 0, 0, 0, 0]",,0,0,0,117556,363,0,,0,0,0,,,0,0,,,0.012747530298274507,complete_windows,0,003_00,363,"[359, 360, 361, 362, 363]",206,0.986328125,2020,2048,0.9110720695156329,synthetic/pilot_v2_r2/train/003,00000,404242
1,"[0, 0, 0, 0, 0]",,"[0, 0, 0, 0, 0]",,0,0,0,117572,364,0,,0,0,0,,,0,0,,,0.011430041660749226,complete_windows,0,003_00,364,"[360, 361, 362, 363, 364]",206,0.97998046875,2007,2048,0.9372030791853933,synthetic/pilot_v2_r2/train/003,00000,405459
1,"[0, 0, 0, 0, 0]",,"[0, 0, 0, 0, 0]",,0,0,0,117694,365,0,,0,0,0,,,0,0,,,0.01032328408647868,complete_windows,0,003_00,365,"[361, 362, 363, 364, 365]",206,0.98681640625,2021,2048,0.9718602712025562,synthetic/pilot_v2_r2/train/003,00000,405852
1,"[0, 0, 0, 0, 0]",,"[0, 0, 0, 0, 0]",,0,0,0,117855,366,0,,0,0,0,,,0,0,,,0.009396168403151616,complete_windows,0,003_00,366,"[362, 363, 364, 365, 366]",206,0.98779296875,2023,2048,1.0058080379122567,synthetic/pilot_v2_r2/train/003,00000,407276
1,"[0, 0, 0, 0, 0]",,"[0, 0, 0, 0, 0]",,0,0,0,118030,367,0,,0,0,0,,,0,0,,,0.00804911872269013,complete_windows,0,003_00,367,"[363, 364, 365, 366, 367]",206,0.98486328125,2017,2048,1.0280738673167489,synthetic/pilot_v2_r2/train/003,00000,408353
1,"[0, 0, 0, 0, 0]",,"[0, 0, 0, 0, 0]",,0,0,0,118009,368,0,,0,0,0,,,0,0,,,0.007353095678463237,complete_windows,0,003_00,368,"[364, 365, 366, 367, 368]",206,0.98388671875,2015,2048,1.0639047755464062,synthetic/pilot_v2_r2/train/003,00000,406779
1,"[0, 0, 0, 0, 0]",,"[0, 0, 0, 0, 0]",,0,0,0,118041,369,0,,0,0,0,,,0,0,,,0.006606434965846681,complete_windows,0,003_00,369,"[365, 366, 367, 368, 369]",206,0.98828125,2024,2048,1.0914385333815355,synthetic/pilot_v2_r2/train/003,00000,407219
0,"[0, 0, 0, 0, 0]",0.0,"[0, 0, 0, 0, 1]",1.0,0,0,1,117984,370,0,0.0,0,0,0,0.0,1.0,0,1,0.0,0.0,0.005989570394472258,complete_windows,0,003_00,370,"[366, 367, 368, 369, 370]",206,0.98779296875,2023,2048,1.113440256220968,synthetic/pilot_v2_r2/train/003,00001,409396
0,"[0, 0, 0, 0, 0]",,"[0, 0, 0, 1, 0]",,0,0,0,117864,371,1,1.0,0,0,1,,1.0,1,1,,,0.0065992771578003845,complete_windows,0,003_00,371,"[367, 368, 369, 370, 371]",206,0.984375,2016,2048,1.1401810756512147,synthetic/pilot_v2_r2/train/003,00010,409936
0,"[0, 0, 0, 0, 0]",0.0,"[0, 0, 1, 0, 1]",1.0,0,0,1,117702,372,1,0.5,0,0,1,0.0,1.0,1,2,0.0,0.0,0.007928366146325225,complete_windows,0,003_00,372,"[368, 369, 370, 371, 372]",206,0.98828125,2024,2048,1.1586209259673026,synthetic/pilot_v2_r2/train/003,00101,410280
0,"[0, 0, 0, 0, 0]",,"[0, 1, 0, 1, 0]",,0,0,0,117547,373,2,1.0,0,0,2,,1.0,2,2,,,0.008219509823043392,complete_windows,0,003_00,373,"[369, 370, 371, 372, 373]",206,0.98388671875,2015,2048,1.170007767325071,synthetic/pilot_v2_r2/train/003,01010,408486
0,"[0, 0, 0, 0, 0]",0.0,"[1, 0, 1, 0, 1]",1.0,0,0,1,117555,374,2,0.6666666666666666,0,0,2,0.0,1.0,2,3,0.0,0.0,0.007385478935270669,complete_windows,0,003_00,374,"[370, 371, 372, 373, 374]",206,0.97998046875,2007,2048,1.1840390443808124,synthetic/pilot_v2_r2/train/003,10101,406472
0,"[0, 0, 0, 0, 0]",0.0,"[0, 1, 0, 1, 1]",1.0,0,0,1,117326,375,2,0.6666666666666666,0,0,2,0.0,1.0,2,3,0.0,0.0,0.006162755428425961,complete_windows,0,003_00,375,"[371, 372, 373, 374, 375]",206,0.97705078125,2001,2048,1.1824773770611796,synthetic/pilot_v2_r2/train/003,01011,408009
0,"[0, 0, 0, 0, 0]",0.0,"[1, 0, 1, 1, 1]",1.0,0,0,1,117195,376,3,0.75,0,0,3,0.0,1.0,3,4,0.0,0.0,0.004689479038571667,complete_windows,0,003_00,376,"[372, 373, 374, 375, 376]",206,0.98828125,2024,2048,1.1855477931312053,synthetic/pilot_v2_r2/train/003,10111,408670
0,"[0, 0, 0, 0, 0]",0.0,"[0, 1, 1, 1, 1]",1.0,0,0,1,117165,377,3,0.75,0,0,3,0.0,1.0,3,4,0.0,0.0,0.002687353124397738,complete_windows,0,003_00,377,"[373, 374, 375, 376, 377]",206,0.98828125,2024,2048,1.207543538042578,synthetic/pilot_v2_r2/train/003,01111,406013
0,"[0, 0, 0, 0, 0]",,"[1, 1, 1, 1, 0]",,0,0,0,116984,378,4,1.0,0,0,4,,1.0,4,4,,,0.0014898956103840857,complete_windows,0,003_00,378,"[374, 375, 376, 377, 378]",206,0.9873046875,2022,2048,1.2214170744655641,synthetic/pilot_v2_r2/train/003,11110,404077
0,"[0, 0, 0, 0, 0]",,"[1, 1, 1, 0, 0]",,0,0,0,116717,379,3,1.0,0,0,3,,1.0,3,3,,,0.0028588727201905224,complete_windows,0,003_00,379,"[375, 376, 377, 378, 379]",206,0.9833984375,2014,2048,1.2433775486688663,synthetic/pilot_v2_r2/train/003,11100,402293
0,"[0, 0, 0, 0, 0]",,"[1, 1, 0, 0, 0]",,0,0,0,116603,380,2,1.0,0,0,2,,1.0,2,2,,,0.005963859404741957,complete_windows,0,003_00,380,"[376, 377, 378, 379, 380]",206,0.984375,2016,2048,1.2628800247049026,synthetic/pilot_v2_r2/train/003,11000,400010
0,"[0, 0, 0, 0, 0]",,"[1, 0, 0, 0, 0]",,0,0,0,116236,381,1,1.0,0,0,1,,1.0,1,1,,,0.008838211180119659,complete_windows,0,003_00,381,"[377, 378, 379, 380, 381]",206,0.98095703125,2009,2048,1.2797589287051103,synthetic/pilot_v2_r2/train/003,10000,399272
1,"[0, 0, 0, 0, 0]",,"[0, 0, 0, 0, 0]",,0,0,0,115848,382,0,,0,0,0,,,0,0,,,0.011967608951750872,complete_windows,0,003_00,382,"[378, 379, 380, 381, 382]",206,0.98046875,2008,2048,1.2822689395586824,synthetic/pilot_v2_r2/train/003,00000,399498
1,"[0, 0, 0, 0, 0]",,"[0, 0, 0, 0, 0]",,0,0,0,115558,383,0,,0,0,0,,,0,0,,,0.015462872497572068,complete_windows,0,003_00,383,"[379, 380, 381, 382, 383]",206,0.9755859375,1998,2048,1.2988789353588213,synthetic/pilot_v2_r2/train/003,00000,400123
1,"[0, 0, 0, 0, 0]",,"[0, 0, 0, 0, 0]",,0,0,0,115100,384,0,,0,0,0,,,0,0,,,0.017471767214274857,complete_windows,0,003_00,384,"[380, 381, 382, 383, 384]",206,0.9775390625,2002,2048,1.3062262650387035,synthetic/pilot_v2_r2/train/003,00000,399843
1,"[0, 0, 0, 0, 0]",,"[0, 0, 0, 0, 0]",,0,0,0,114821,385,0,,0,0,0,,,0,0,,,0.019938755564251683,complete_windows,0,003_00,385,"[381, 382, 383, 384, 385]",206,0.984375,2016,2048,1.3020436551013777,synthetic/pilot_v2_r2/train/003,00000,398046
0,"[0, 0, 0, 0, 0]",0.0,"[0, 0, 0, 0, 1]",1.0,0,0,1,114478,386,0,0.0,0,0,0,0.0,1.0,0,1,0.0,0.0,0.020851111088566705,complete_windows,0,003_00,386,"[382, 383, 384, 385, 386]",206,0.9853515625,2018,2048,1.3192689686818118,synthetic/pilot_v2_r2/train/003,00001,393657
0,"[0, 0, 0, 0, 0]",,"[0, 0, 0, 1, 0]",,0,0,0,114029,387,1,1.0,0,0,1,,1.0,1,1,,,0.020761124390069347,complete_windows,0,003_00,387,"[383, 384, 385, 386, 387]",206,0.97900390625,2005,2048,1.3126215706449558,synthetic/pilot_v2_r2/train/003,00010,391097
0,"[0, 0, 0, 0, 0]",,"[0, 0, 1, 0, 0]",,0,0,0,113337,388,1,1.0,0,0,1,,1.0,1,1,,,0.021951718565706213,complete_windows,0,003_00,388,"[384, 385, 386, 387, 388]",206,0.9814453125,2010,2048,1.3052875485647322,synthetic/pilot_v2_r2/train/003,00100,389564
0,"[0, 0, 0, 0, 0]",,"[0, 1, 0, 0, 0]",,0,0,0,112858,389,1,1.0,0,0,1,,1.0,1,1,,,0.022965797011270647,complete_windows,0,003_00,389,"[385, 386, 387, 388, 389]",206,0.98095703125,2009,2048,1.313427224061095,synthetic/pilot_v2_r2/train/003,01000,386630
0,"[0, 0, 0, 0, 0]",,"[1, 0, 0, 0, 0]",,0,0,0,112261,390,1,1.0,0,0,1,,1.0,1,1,,,0.02244563153709309,complete_windows,0,003_00,390,"[386, 387, 388, 389, 390]",206,0.982421875,2012,2048,1.2947163935012391,synthetic/pilot_v2_r2/train/003,10000,383536
1,"[0, 0, 0, 0, 0]",,"[0, 0, 0, 0, 0]",,0,0,0,111608,391,0,,0,0,0,,,0,0,,,0.022528384285342748,complete_windows,0,003_00,391,"[387, 388, 389, 390, 391]",206,0.98291015625,2013,2048,1.2878566812297847,synthetic/pilot_v2_r2/train/003,00000,379619
1,"[0, 0, 0, 0, 0]",,"[0, 0, 0, 0, 0]",,0,0,0,111013,392,0,,0,0,0,,,0,0,,,0.02289354986602539,complete_windows,0,003_00,392,"[388, 389, 390, 391, 392]",206,0.98828125,2024,2048,1.2895677938670902,synthetic/pilot_v2_r2/train/003,00000,377177
1,"[0, 0, 0, 0, 0]",,"[0, 0, 0, 0, 0]",,0,0,0,110399,393,0,,0,0,0,,,0,0,,,0.024276588341936696,complete_windows,0,003_00,393,"[389, 390, 391, 392, 393]",206,0.9873046875,2022,2048,1.2795421282905588,synthetic/pilot_v2_r2/train/003,00000,374393
1,"[0, 0, 0, 0, 0]",,"[0, 0, 0, 0, 0]",,0,0,0,109812,394,0,,0,0,0,,,0,0,,,0.027781287758392396,complete_windows,0,003_00,394,"[390, 391, 392, 393, 394]",206,0.990234375,2028,2048,1.2740342489027967,synthetic/pilot_v2_r2/train/003,00000,369211
1,"[0, 0, 0, 0, 0]",,"[0, 0, 0, 0, 0]",,0,0,0,109188,395,0,,0,0,0,,,0,0,,,0.030635788842928044,complete_windows,0,003_00,395,"[391, 392, 393, 394, 395]",206,0.9853515625,2018,2048,1.2649643998291062,synthetic/pilot_v2_r2/train/003,00000,367116
1,"[0, 0, 0, 0, 0]",,"[0, 0, 0, 0, 0]",,0,0,0,108706,396,0,,0,0,0,,,0,0,,,0.033301157073977586,complete_windows,0,003_00,396,"[392, 393, 394, 395, 396]",206,0.9833984375,2014,2048,1.2352397986245578,synthetic/pilot_v2_r2/train/003,00000,362831
1,"[0, 0, 0, 0, 0]",,"[0, 0, 0, 0, 0]",,0,0,0,108046,397,0,,0,0,0,,,0,0,,,0.03480737718064293,complete_windows,0,003_00,397,"[393, 394, 395, 396, 397]",206,0.98779296875,2023,2048,1.1884000133233548,synthetic/pilot_v2_r2/train/003,00000,359520
1,"[0, 0, 0, 0, 0]",,"[0, 0, 0, 0, 0]",,0,0,0,107581,398,0,,0,0,0,,,0,0,,,0.03478882210479759,complete_windows,0,003_00,398,"[394, 395, 396, 397, 398]",206,0.9912109375,2030,2048,1.160145007218402,synthetic/pilot_v2_r2/train/003,00000,354804
1,"[0, 0, 0, 0, 0]",,"[0, 0, 0, 0, 0]",,0,0,0,107168,399,0,,0,0,0,,,0,0,,,0.03415294345233109,complete_windows,0,003_00,399,"[395, 396, 397, 398, 399]",206,0.9853515625,2018,2048,1.0988508033248765,synthetic/pilot_v2_r2/train/003,00000,352304
1,"[0, 0, 0, 0, 0]",,"[0, 0, 0, 0, 0]",,0,0,0,106565,400,0,,0,0,0,,,0,0,,,0.03289217862112589,complete_windows,0,003_00,400,"[396, 397, 398, 399, 400]",206,0.9921875,2032,2048,1.04959242365135,synthetic/pilot_v2_r2/train/003,00000,349103
1,"[0, 0, 0, 0, 0]",,"[0, 0, 0, 0, 0]",,0,0,0,106042,401,0,,0,0,0,,,0,0,,,0.03176991607354559,complete_windows,0,003_00,401,"[397, 398, 399, 400, 401]",206,0.98974609375,2027,2048,0.997741020126535,synthetic/pilot_v2_r2/train/003,00000,345597
1,"[0, 0, 0, 0, 0]",,"[0, 0, 0, 0, 0]",,0,0,0,105530,402,0,,0,0,0,,,0,0,,,0.031030810787634384,complete_windows,0,003_00,402,"[398, 399, 400, 401, 402]",206,0.990234375,2028,2048,0.9250714436681605,synthetic/pilot_v2_r2/train/003,00000,343573
1,"[0, 0, 0, 0, 0]",,"[0, 0, 0, 0, 0]",,0,0,0,105024,403,0,,0,0,0,,,0,0,,,0.031083653511004058,complete_windows,0,003_00,403,"[399, 400, 401, 402, 403]",206,0.994140625,2036,2048,0.8585992169698263,synthetic/pilot_v2_r2/train/003,00000,339213
1,"[0, 0, 0, 0, 0]",,"[0, 0, 0, 0, 0]",,0,0,0,104545,404,0,,0,0,0,,,0,0,,,0.031179020547614716,complete_windows,0,003_00,404,"[400, 401, 402, 403, 404]",206,0.98486328125,2017,2048,0.7859554832975809,synthetic/pilot_v2_r2/train/003,00000,333591
1,"[0, 0, 0, 0, 0]",,"[0, 0, 0, 0, 0]",,0,0,0,104040,405,0,,0,0,0,,,0,0,,,0.03011956482014087,complete_windows,0,003_00,405,"[401, 402, 403, 404, 405]",206,0.978515625,2004,2048,0.7148813524401506,synthetic/pilot_v2_r2/train/003,00000,330880
1,"[0, 0, 0, 0, 0]",,"[0, 0, 0, 0, 0]",,0,0,0,103773,406,0,,0,0,0,,,0,0,,,0.02832262042000843,complete_windows,0,003_00,406,"[402, 403, 404, 405, 406]",206,0.9775390625,2002,2048,0.6423042441695491,synthetic/pilot_v2_r2/train/003,00000,329175
1,"[0, 0, 0, 0, 0]",,"[0, 0, 0, 0, 0]",,0,0,0,103721,407,0,,0,0,0,,,0,0,,,0.025579987938641136,complete_windows,0,003_00,407,"[403, 404, 405, 406, 407]",206,0.986328125,2020,2048,0.5809696129112268,synthetic/pilot_v2_r2/train/003,00000,327674
1,"[0, 0, 0, 0, 0]",,"[0, 0, 0, 0, 0]",,0,0,0,103405,408,0,,0,0,0,,,0,0,,,0.021486232487672646,complete_windows,0,003_00,408,"[404, 405, 406, 407, 408]",206,0.99462890625,2037,2048,0.5120946470435086,synthetic/pilot_v2_r2/train/003,00000,325902
1,"[0, 0, 0, 0, 0]",,"[0, 0, 0, 0, 0]",,0,0,0,103330,409,0,,0,0,0,,,0,0,,,0.018404450615655158,complete_windows,0,003_00,409,"[405, 406, 407, 408, 409]",206,0.9951171875,2038,2048,0.43108579943450004,synthetic/pilot_v2_r2/train/003,00000,321027
1,"[0, 0, 0, 0, 0]",,"[0, 0, 0, 0, 0]",,0,0,0,103042,410,0,,0,0,0,,,0,0,,,0.01458697889915079,complete_windows,0,003_00,410,"[406, 407, 408, 409, 410]",206,0.998046875,2044,2048,0.35608664149275604,synthetic/pilot_v2_r2/train/003,00000,317662
1,"[0, 0, 0, 0, 0]",,"[0, 0, 0, 0, 0]",,0,0,0,102942,411,0,,0,0,0,,,0,0,,,0.010701016881739689,complete_windows,0,003_00,411,"[407, 408, 409, 410, 411]",206,0.99462890625,2037,2048,0.2606401137220358,synthetic/pilot_v2_r2/train/003,00000,310241
1,"[0, 0, 0, 0, 0]",,"[0, 0, 0, 0, 0]",,0,0,0,102894,412,0,,0,0,0,,,0,0,,,0.007137594447065906,complete_windows,0,003_00,412,"[408, 409, 410, 411, 412]",206,0.994140625,2036,2048,0.18669583223176037,synthetic/pilot_v2_r2/train/003,00000,301545
1,"[0, 0, 0, 0, 0]",,"[0, 0, 0, 0, 0]",,0,0,0,103021,413,0,,0,0,0,,,0,0,,,0.003715447963731837,complete_windows,0,003_00,413,"[409, 410, 411, 412, 413]",206,0.998046875,2044,2048,0.1040479021361182,synthetic/pilot_v2_r2/train/003,00000,282693
1,"[0, 0, 0, 0, 0]",,"[0, 0, 0, 0, 0]",,0,0,0,103247,414,0,,0,0,0,,,0,0,,,0.0019930490985187134,complete_windows,0,003_00,414,"[410, 411, 412, 413, 414]",206,0.98681640625,2021,2048,0.035160881557703236,synthetic/pilot_v2_r2/train/003,00000,275130
1,"[0, 0, 0, 0, 0]",,"[0, 0, 0, 0, 0]",,0,0,0,103253,415,0,,0,0,0,,,0,0,,,0.0028974644996378404,complete_windows,0,003_00,415,"[411, 412, 413, 414, 415]",206,0.98193359375,2011,2048,0.014614754465391361,synthetic/pilot_v2_r2/train/003,00000,280902
1,"[0, 0, 0, 0, 0]",,"[0, 0, 0, 0, 0]",,0,0,0,103182,416,0,,0,0,0,,,0,0,,,0.003771408411997601,complete_windows,0,003_00,416,"[412, 413, 414, 415, 416]",206,0.99462890625,2037,2048,0.01674442993520062,synthetic/pilot_v2_r2/train/003,00000,286948
1,"[0, 0, 0, 0, 0]",,"[0, 0, 0, 0, 0]",,0,0,0,103175,417,0,,0,0,0,,,0,0,,,0.0039048465646758144,complete_windows,0,003_00,417,"[413, 414, 415, 416, 417]",206,0.998046875,2044,2048,0.019743715422046556,synthetic/pilot_v2_r2/train/003,00000,282410
1,"[0, 0, 0, 0, 0]",,"[0, 0, 0, 0, 0]",,0,0,0,103282,418,0,,0,0,0,,,0,0,,,0.0029162318418420588,complete_windows,0,003_00,418,"[414, 415, 416, 417, 418]",206,0.998046875,2044,2048,0.012016320233701546,synthetic/pilot_v2_r2/train/003,00000,250969
1,"[0, 0, 0, 0, 0]",,"[0, 0, 0, 0, 0]",,0,0,0,103341,419,0,,0,0,0,,,0,0,,,0.000904795740409607,complete_windows,0,003_00,419,"[415, 416, 417, 418, 419]",206,0.998046875,2044,2048,0.005568509490040279,synthetic/pilot_v2_r2/train/003,00000,218367
1,"[0, 0, 0, 0, 0]",,"[0, 0, 0, 0, 0]",,0,0,0,103384,420,0,,0,0,0,,,0,0,,,0.0005491874082099786,complete_windows,0,003_00,420,"[416, 417, 418, 419, 420]",206,0.9970703125,2042,2048,0.006420444862750342,synthetic/pilot_v2_r2/train/003,00000,212029
1,"[0, 0, 0, 0, 0]",,"[0, 0, 0, 0, 0]",,0,0,0,103443,421,0,,0,0,0,,,0,0,,,0.0008854654475042613,complete_windows,0,003_00,421,"[417, 418, 419, 420, 421]",206,0.99755859375,2043,2048,0.012825925408099596,synthetic/pilot_v2_r2/train/003,00000,213036
1,"[0, 0, 0, 0, 0]",,"[0, 0, 0, 0, 0]",,0,0,0,103368,422,0,,0,0,0,,,0,0,,,0.00039067888196422235,complete_windows,0,003_00,422,"[418, 419, 420, 421, 422]",206,0.998046875,2044,2048,0.004263785516722539,synthetic/pilot_v2_r2/train/003,00000,207298
1,"[0, 0, 0, 0, 0]",,"[0, 0, 0, 0, 0]",,0,0,0,103256,423,0,,0,0,0,,,0,0,,,0.00024633827276664073,complete_windows,0,003_00,423,"[419, 420, 421, 422, 423]",206,0.9990234375,2046,2048,0.005217550903415147,synthetic/pilot_v2_r2/train/003,00000,200745
1,"[0, 0, 0, 0, 0]",,"[0, 0, 0, 0, 0]",,0,0,0,103484,424,0,,0,0,0,,,0,0,,,0.0002471512288881446,complete_windows,0,003_00,424,"[420, 421, 422, 423, 424]",206,0.99853515625,2045,2048,0.0034367606884920326,synthetic/pilot_v2_r2/train/003,00000,198865
1,"[0, 0, 0, 0, 0]",,"[0, 0, 0, 0, 0]",,0,0,0,103301,425,0,,0,0,0,,,0,0,,,0.0005672818287545799,complete_windows,0,003_00,425,"[421, 422, 423, 424, 425]",206,0.9970703125,2042,2048,0.008876856592162103,synthetic/pilot_v2_r2/train/003,00000,202397
1,"[0, 0, 0, 0, 0]",,"[0, 0, 0, 0, 0]",,0,0,0,103252,426,0,,0,0,0,,,0,0,,,0.00036559693181648583,complete_windows,0,003_00,426,"[422, 423, 424, 425, 426]",206,0.9990234375,2046,2048,0.007035269282335573,synthetic/pilot_v2_r2/train/003,00000,204219
1,"[0, 0, 0, 0, 0]",,"[0, 0, 0, 0, 0]",,0,0,0,103295,427,0,,0,0,0,,,0,0,,,0.000762931243348802,complete_windows,0,003_00,427,"[423, 424, 425, 426, 427]",206,0.99951171875,2047,2048,0.006480630421352014,synthetic/pilot_v2_r2/train/003,00000,210212
1,"[0, 0, 0, 0, 0]",,"[0, 0, 0, 0, 0]",,0,0,0,103361,428,0,,0,0,0,,,0,0,,,0.0006263579885815543,complete_windows,0,003_00,428,"[424, 425, 426, 427, 428]",206,0.99951171875,2047,2048,0.005916897982252785,synthetic/pilot_v2_r2/train/003,00000,205234
1,"[0, 0, 0, 0, 0]",,"[0, 0, 0, 0, 0]",,0,0,0,103268,429,0,,0,0,0,,,0,0,,,0.0006324459043941941,complete_windows,0,003_00,429,"[425, 426, 427, 428, 429]",206,0.9990234375,2046,2048,0.00920589638269355,synthetic/pilot_v2_r2/train/003,00000,194214
1,"[0, 0, 0, 0, 0]",,"[0, 0, 0, 0, 0]",,0,0,0,103437,430,0,,0,0,0,,,0,0,,,0.00018570803751331933,complete_windows,0,003_00,430,"[426, 427, 428, 429, 430]",206,0.99853515625,2045,2048,0.005902840125876285,synthetic/pilot_v2_r2/train/003,00000,186871
1,"[0, 0, 0, 0, 0]",,"[0, 0, 0, 0, 0]",,0,0,0,103361,431,0,,0,0,0,,,0,0,,,0.00017072063421045284,complete_windows,0,003_00,431,"[427, 428, 429, 430, 431]",206,0.99853515625,2045,2048,0.004482352433300021,synthetic/pilot_v2_r2/train/003,00000,187860
1,"[0, 0, 0, 0, 0]",,"[0, 0, 0, 0, 0]",,0,0,0,103322,432,0,,0,0,0,,,0,0,,,0.0001950277665298198,complete_windows,0,003_00,432,"[428, 429, 430, 431, 432]",206,1.0,2048,2048,0.0042863760819092725,synthetic/pilot_v2_r2/train/003,00000,192400
1,"[0, 0, 0, 0, 0]",,"[0, 0, 0, 0, 0]",,0,0,0,103351,433,0,,0,0,0,,,0,0,,,0.000664608419071227,complete_windows,0,003_00,433,"[429, 430, 431, 432, 433]",206,0.9970703125,2042,2048,0.005342588805341148,synthetic/pilot_v2_r2/train/003,00000,202799
1,"[0, 0, 0, 0, 0]",,"[0, 0, 0, 0, 0]",,0,0,0,103367,434,0,,0,0,0,,,0,0,,,0.0006733981912165073,complete_windows,0,003_00,434,"[430, 431, 432, 433, 434]",206,0.99853515625,2045,2048,0.015416926580787397,synthetic/pilot_v2_r2/train/003,00000,214587
1,"[0, 0, 0, 0, 0]",,"[0, 0, 0, 0, 0]",,0,0,0,103204,435,0,,0,0,0,,,0,0,,,0.000885699089722379,complete_windows,0,003_00,435,"[431, 432, 433, 434, 435]",206,0.99560546875,2039,2048,0.01939620328444947,synthetic/pilot_v2_r2/train/003,00000,225084
1,"[0, 0, 0, 0, 0]",,"[0, 0, 0, 0, 0]",,0,0,0,103391,436,0,,0,0,0,,,0,0,,,0.0012400298444350363,complete_windows,0,003_00,436,"[432, 433, 434, 435, 436]",206,0.99609375,2040,2048,0.030689445810950833,synthetic/pilot_v2_r2/train/003,00000,237603
1,"[0, 0, 0, 0, 0]",,"[0, 0, 0, 0, 0]",,0,0,0,103439,437,0,,0,0,0,,,0,0,,,0.0012148132162911214,complete_windows,0,003_00,437,"[433, 434, 435, 436, 437]",206,0.9970703125,2042,2048,0.042562503946110775,synthetic/pilot_v2_r2/train/003,00000,244837
1,"[0, 0, 0, 0, 0]",,"[0, 0, 0, 0, 0]",,0,0,0,103440,438,0,,0,0,0,,,0,0,,,0.0016812464960763633,complete_windows,0,003_00,438,"[434, 435, 436, 437, 438]",206,0.99609375,2040,2048,0.04970735576958319,synthetic/pilot_v2_r2/train/003,00000,256104
1,"[0, 0, 0, 0, 0]",,"[0, 0, 0, 0, 0]",,0,0,0,103431,439,0,,0,0,0,,,0,0,,,0.0022241656986977743,complete_windows,0,003_00,439,"[435, 436, 437, 438, 439]",206,0.99462890625,2037,2048,0.06905041301874244,synthetic/pilot_v2_r2/train/003,00000,269755
1,"[0, 0, 0, 0, 0]",,"[0, 0, 0, 0, 0]",,0,0,0,103439,440,0,,0,0,0,,,0,0,,,0.003038687889789379,complete_windows,0,003_00,440,"[436, 437, 438, 439, 440]",206,0.9921875,2032,2048,0.09064968517557792,synthetic/pilot_v2_r2/train/003,00000,279900
1,"[0, 0, 0, 0, 0]",,"[0, 0, 0, 0, 0]",,0,0,0,103627,441,0,,0,0,0,,,0,0,,,0.0033658866901109864,complete_windows,0,003_00,441,"[437, 438, 439, 440, 441]",206,0.99755859375,2043,2048,0.10794510760081369,synthetic/pilot_v2_r2/train/003,00000,286822
1,"[0, 0, 0, 0, 0]",,"[0, 0, 0, 0, 0]",,0,0,0,103471,442,0,,0,0,0,,,0,0,,,0.003328294267364316,complete_windows,0,003_00,442,"[438, 439, 440, 441, 442]",206,0.9970703125,2042,2048,0.12498576825389081,synthetic/pilot_v2_r2/train/003,00000,293998
1,"[0, 0, 0, 0, 0]",,"[0, 0, 0, 0, 0]",,0,0,0,103718,443,0,,0,0,0,,,0,0,,,0.0024930703780523477,complete_windows,0,003_00,443,"[439, 440, 441, 442, 443]",206,0.9970703125,2042,2048,0.15034847223866057,synthetic/pilot_v2_r2/train/003,00000,297576
1,"[0, 0, 0, 0, 0]",,"[0, 0, 0, 0, 0]",,0,0,0,103877,444,0,,0,0,0,,,0,0,,,0.0016898683915838307,complete_windows,0,003_00,444,"[440, 441, 442, 443, 444]",206,0.99658203125,2041,2048,0.1673816374807703,synthetic/pilot_v2_r2/train/003,00000,297478
1,"[0, 0, 0, 0, 0]",,"[0, 0, 0, 0, 0]",,0,0,0,103907,445,0,,0,0,0,,,0,0,,,0.001401483341461356,complete_windows,0,003_00,445,"[441, 442, 443, 444, 445]",206,1.0,2048,2048,0.19852003962339915,synthetic/pilot_v2_r2/train/003,00000,302619
1,"[0, 0, 0, 0, 0]",,"[0, 0, 0, 0, 0]",,0,0,0,104043,446,0,,0,0,0,,,0,0,,,0.0014860919458639234,complete_windows,0,003_00,446,"[442, 443, 444, 445, 446]",206,0.99755859375,2043,2048,0.21712606908791965,synthetic/pilot_v2_r2/train/003,00000,307905
1,"[0, 0, 0, 0, 0]",,"[0, 0, 0, 0, 0]",,0,0,0,104144,447,0,,0,0,0,,,0,0,,,0.002889644915547066,complete_windows,0,003_00,447,"[443, 444, 445, 446, 447]",206,0.98974609375,2027,2048,0.23009684059157395,synthetic/pilot_v2_r2/train/003,00000,313048
1,"[0, 0, 0, 0, 0]",,"[0, 0, 0, 0, 0]",,0,0,0,104439,448,0,,0,0,0,,,0,0,,,0.003932411652664263,complete_windows,0,003_00,448,"[444, 445, 446, 447, 448]",206,0.99169921875,2031,2048,0.2497798923648445,synthetic/pilot_v2_r2/train/003,00000,321497
