frame,slots,returns_all,empty_slots,empty_nonzero_label,empty_nonzero_intensity,returns_2p5_50m,valid_normal,valid_anomaly,ignored_in_range,returns_below_2p5m,returns_above_50m,native_anomaly_all,normal_without_instance,normal_with_instance,coincident_xyz_extra_records,identical_xyzi_extra_records,range_all_min,range_all_p05,range_all_p25,range_all_median,range_all_p75,range_all_p95,range_all_p99,range_all_max,range_normal_min,range_normal_p05,range_normal_p25,range_normal_median,range_normal_p75,range_normal_p95,range_normal_p99,range_normal_max,intensity_all_min,intensity_all_p05,intensity_all_p25,intensity_all_median,intensity_all_p75,intensity_all_p95,intensity_all_p99,intensity_all_max,intensity_normal_min,intensity_normal_p05,intensity_normal_p25,intensity_normal_median,intensity_normal_p75,intensity_normal_p95,intensity_normal_p99,intensity_normal_max,negative_intensity,zero_intensity,empty_intensity_min,empty_intensity_max,intensity_quantization_residual_max,rays_behind_origin,ray_residual_m_min,ray_residual_m_p05,ray_residual_m_p25,ray_residual_m_median,ray_residual_m_p75,ray_residual_m_p95,ray_residual_m_p99,ray_residual_m_max,horizontal_pairs,horizontal_spacing_m_min,horizontal_spacing_m_p05,horizontal_spacing_m_p25,horizontal_spacing_m_median,horizontal_spacing_m_p75,horizontal_spacing_m_p95,horizontal_spacing_m_p99,horizontal_spacing_m_max,vertical_pairs,vertical_spacing_m_min,vertical_spacing_m_p05,vertical_spacing_m_p25,vertical_spacing_m_median,vertical_spacing_m_p75,vertical_spacing_m_p95,vertical_spacing_m_p99,vertical_spacing_m_max,reused_numeric_instance_ids,sensor_world_x_m,sensor_world_y_m,sensor_world_z_m,travel_from_previous_m
0,131072,123181,7891,0,7891,121163,120809,0,354,87,1931,0,118632,2177,0,0,1.1685383319854736,5.24159574508667,7.219854831695557,10.534062385559082,15.36945629119873,34.66494369506836,54.61016235351562,101.72309112548828,3.275106906890869,5.239500617980958,7.192593097686768,10.463932037353516,14.664780616760254,31.099311828613274,44.01631393432617,49.827369689941406,0.001714285695925355,0.030571429058909416,0.1014285683631897,0.20114286243915558,0.38828572630882263,0.6971428394317627,0.8985714316368103,1.6225714683532715,0.001714285695925355,0.035999998450279236,0.10571428388357162,0.20514285564422607,0.3934285640716553,0.6991428732872009,0.899142861366272,1.6225714683532715,0,0,0.0014285714132711291,1.5240000486373901,0.00020837783813476562,0,1.1997710343083761e-08,1.8343284287551857e-05,0.00010286646100986665,0.0002720965030439897,0.0006649671897689378,0.002519654768754627,0.005476892264513513,0.01259514053661671,119819,0.019967462867498398,0.03364385701715946,0.04825493320822716,0.07152526080608368,0.1350829303264618,2.0574578285217124,13.568899478912316,40.49518966674805,118863,0.015647634863853455,0.04332387745380402,0.06648687273263931,0.10611031949520111,0.22106407582759857,1.6712364673614484,12.522484474182145,40.47715759277344,5;6;7,0.0,0.0,0.0,
1,131072,123237,7835,0,7835,121213,120891,0,322,85,1939,0,118773,2118,0,0,1.179531455039978,5.259616184234619,7.3017258644104,10.436352729797363,15.206828117370605,34.57960815429687,54.80024154663086,98.97309112548828,3.4024229049682617,5.257306098937988,7.277029037475586,10.372377395629883,14.593951225280762,30.94758892059326,44.02002067565924,49.87469482421875,0.001714285695925355,0.030857142060995102,0.1022857129573822,0.20228570699691772,0.3945714235305786,0.7077142596244812,0.904285728931427,1.6257143020629883,0.001714285695925355,0.03628571331501007,0.1071428582072258,0.20628571510314941,0.3994285762310028,0.7097142934799194,0.9057142734527588,1.6257143020629883,0,0,0.001714285695925355,1.5828571319580078,0.0002079010009765625,0,2.6315244613136792e-08,1.825823109701295e-05,0.00010299492985163282,0.0002673345253082725,0.0006558681579422278,0.0025347926463083164,0.00553749692186115,0.012613750494923278,119862,0.020722316578030586,0.033720213919878006,0.048597101122140884,0.07115447521209717,0.13557935878634453,2.157261335849759,13.750091180801391,40.57919692993164,118905,0.017875730991363525,0.043899696320295334,0.06595253944396973,0.10589917004108429,0.2194448858499527,1.65028326511383,12.347116584777806,40.63017272949219,5;6;7,0.2667990303666191,-0.01693039448751893,0.01580511313207355,0.26780246911331645
2,131072,123532,7540,0,7540,121568,121236,0,332,87,1877,0,119112,2124,0,0,1.13156259059906,5.283486461639404,7.4093451499938965,10.364606857299805,15.098000049591064,34.485058021545406,54.74412311553955,98.61021423339844,3.5166728496551514,5.2810797691345215,7.382177233695984,10.305018424987793,14.55378532409668,30.889395713806152,44.19991340637206,49.94486618041992,0.0020000000949949026,0.031142856925725937,0.1022857129573822,0.2029999941587448,0.4000000059604645,0.7128571271896362,0.9197142720222473,1.6317143440246582,0.0020000000949949026,0.03685714304447174,0.10685714334249496,0.20714285969734192,0.404285728931427,0.7154285907745361,0.9203714460134473,1.6317143440246582,0,0,0.0014285714132711291,1.555999994277954,0.00020837783813476562,0,6.785041646589856e-08,1.777779710901219e-05,0.00010419826781796733,0.00026542355856144117,0.0006496129027231862,0.0025410154853097865,0.0054752426942106455,0.012750110840945586,120194,0.021693838760256767,0.0338921694085002,0.04894417058676481,0.0709371268749237,0.13430862501263618,2.1400404334068144,14.53097020149228,40.60720443725586,119209,0.017067067325115204,0.04475119635462761,0.0657767802476883,0.10590226948261261,0.21951083838939667,1.6817563056945772,13.1191831588745,40.650177001953125,5;6;7,0.49156804877515364,0.008816531150345995,0.03449545659439121,0.2270095697429456
3,131072,123876,7196,0,7196,121971,121683,0,288,87,1818,0,119625,2058,0,0,1.1369026899337769,5.294941186904907,7.518577337265015,10.274417877197266,14.90672755241394,34.36473751068115,54.78665065765381,99.05928039550781,3.6471107006073,5.293079376220703,7.498073101043701,10.219834327697754,14.44932746887207,30.839804077148436,44.316514053344726,49.94869613647461,0.0020000000949949026,0.03142857179045677,0.10314285755157471,0.2045714259147644,0.4048571288585663,0.7182857394218445,0.9223571568727493,1.6274285316467285,0.0020000000949949026,0.03685714304447174,0.10771428793668747,0.2085714340209961,0.4091428518295288,0.7205714583396912,0.9228571653366089,1.6274285316467285,0,0,0.0014285714132711291,1.5588570833206177,0.00020837783813476562,0,1.79864823898639e-08,1.6997403598562628e-05,0.00010314815356801083,0.0002610800868683672,0.0006376372224227303,0.0025434710945878053,0.005394981596498196,0.012860258021257936,120619,0.022395655512809753,0.03394028432667255,0.04929415136575699,0.07043242454528809,0.134692020714283,2.1444418191909755,14.913501358032201,43.5111198425293,119663,0.018973303958773613,0.045524681359529494,0.06528304517269135,0.10604041814804077,0.21772196143865585,1.7168036699295037,12.895677795410197,43.453163146972656,5;6;7,0.726882719044945,0.023855496958214116,0.055683114992398836,0.236744760037348
4,131072,124140,6932,0,6932,122340,122059,0,281,83,1717,0,120068,1991,0,0,1.1665396690368652,5.294431066513061,7.587075352668762,10.18801212310791,14.752041339874268,34.2654541015625,54.79394134521485,96.23355865478516,3.8073527812957764,5.292019319534302,7.54878830909729,10.133835792541504,14.37270450592041,30.88848781585692,44.45336959838866,49.9922981262207,0.001714285695925355,0.03171428665518761,0.10371428728103638,0.20571428537368774,0.4108571410179138,0.7211428284645081,0.9245714545249939,1.6285713911056519,0.001714285695925355,0.037114286422729646,0.1080000028014183,0.2094285786151886,0.4148571491241455,0.7228571176528931,0.9248571395874023,1.6285713911056519,0,0,0.001714285695925355,1.5554286241531372,0.00020837783813476562,0,5.010546647927011e-08,1.6780872477485006e-05,0.0001007722163615476,0.00025609327076837624,0.0006244697753619208,0.002546262269359523,0.0053545150756709094,0.012476282270012186,121021,0.023232728242874146,0.033826760947704315,0.04946436360478401,0.0700506791472435,0.13420017063617706,2.252711534500122,15.917955207824729,39.292213439941406,120043,0.019595568999648094,0.04611891359090805,0.06481868028640747,0.10539314150810242,0.21773069351911545,1.7554651737213094,13.394899883270275,40.559226989746094,5;6;7,0.9644431462100328,0.03600446942628705,0.048758740948976406,0.23797163915639657
5,131072,124297,6775,0,6775,122632,122339,0,293,85,1580,0,120385,1954,0,0,1.1715364456176758,5.304498767852783,7.550631523132324,10.09952163696289,14.580109596252441,34.001609039306636,54.66691635131835,99.994384765625,3.942570924758911,5.302829599380494,7.512516021728516,10.0512056350708,14.237733364105225,30.85585041046141,44.61621788024898,49.99580383300781,0.0020000000949949026,0.03257142752408981,0.10428571701049805,0.20714285969734192,0.41257143020629883,0.7248571515083313,0.9297142624855042,1.6237143278121948,0.0020000000949949026,0.037142857909202576,0.10828571766614914,0.21057142317295074,0.4162857234477997,0.7265714406967163,0.9301771318912493,1.6237143278121948,0,0,0.001714285695925355,1.530571460723877,0.00020837783813476562,0,2.9173263570862544e-08,1.711549132555897e-05,9.950858525532737e-05,0.00024862015129017203,0.0006132814508412354,0.002535099093143177,0.005312449847112886,0.012630271052095738,121224,0.024174608290195465,0.03386465441435575,0.049910893663764,0.06977298110723495,0.13427406921982765,2.328751087188719,16.656344928741476,40.80818557739258,120288,0.019559919834136963,0.04677040297538042,0.06441726721823215,0.10518505424261093,0.21734026074409485,1.7866119384765613,13.810943489074793,40.328147888183594,5;6;7,1.2049228469387476,0.05915633466218116,0.04673083069687634,0.24160009881302577
6,131072,124520,6552,0,6552,123038,122777,0,261,86,1396,0,120811,1966,0,0,1.1366777420043945,5.317408323287964,7.545011520385742,10.030029296875,14.433767557144165,33.50668754577634,54.480880661010744,98.77628326416016,4.145255088806152,5.3173041343688965,7.509788513183594,9.981184005737305,14.18118667602539,30.898411178588866,44.68997695922853,49.997432708740234,0.0014285714132711291,0.03371428698301315,0.10514285415410995,0.20971427857875824,0.415714293718338,0.727142870426178,0.9279999732971191,1.6257143020629883,0.0014285714132711291,0.03771428391337395,0.10857142508029938,0.21285714209079742,0.41914284229278564,0.728857159614563,0.9282857179641724,1.6257143020629883,0,0,0.001714285695925355,1.5317143201828003,0.0002079010009765625,0,3.7018595177313757e-08,1.7297105066499873e-05,9.883305106317908e-05,0.00024364786352481762,0.0006006307095035095,0.0025185701031859627,0.005219654772115729,0.012758959932068355,121764,0.025286074727773666,0.033884520269930364,0.05053522624075413,0.06945377588272095,0.13490014523267746,2.387795996665954,17.435180377960098,43.126155853271484,120801,0.01960374042391777,0.04733071103692055,0.064101941883564,0.10451683402061462,0.21667589247226715,1.832037091255188,14.545174598693848,43.369178771972656,5;6;7,1.453264235819585,0.08591082879485351,0.06278001157184698,0.2502934769312138
7,131072,124560,6512,0,6512,123209,122945,0,264,85,1266,0,121048,1897,0,0,1.0667277574539185,5.333747172355652,7.548082947731018,9.961533546447754,14.309494733810425,32.944910430908145,50.718708496094095,96.78556060791016,4.270286560058594,5.334161567687988,7.514540672302246,9.914793968200684,14.073382377624512,30.60924224853514,44.53241455078125,49.998939514160156,0.0014285714132711291,0.034285712987184525,0.10542856901884079,0.21142856776714325,0.4188571572303772,0.7274285554885864,0.916857123374939,1.6268571615219116,0.0014285714132711291,0.03828571364283562,0.10857142508029938,0.2142857164144516,0.42171427607536316,0.7290857076644864,0.9177142977714539,1.6268571615219116,0,0,0.001714285695925355,1.5477142333984375,0.00020837783813476562,0,6.608333374640314e-08,1.6641269822124725e-05,9.71651224007645e-05,0.00024174961368064388,0.0005915059450301889,0.002497174209149953,0.0051109503615035575,0.012851116086136032,121926,0.02583000622689724,0.033904097974300385,0.0513381278142333,0.06910265982151031,0.13408398255705833,2.4335464239120483,17.367069244384766,41.83919143676758,120992,0.019511757418513298,0.04795795064419508,0.06377753056585789,0.10451234132051468,0.21613923460245132,1.8272963047027582,14.57024648666377,41.85319519042969,5;6;7,1.7081154875174882,0.11557861375489767,0.07969080455733685,0.2571289810111289
8,131072,124659,6413,0,6413,123440,123184,0,256,88,1131,0,121359,1825,0,0,1.174534559249878,5.353065395355225,7.525679111480713,9.888908386230469,14.205137729644775,32.67116203308105,48.67322952270507,96.11929321289062,4.347802639007568,5.35410737991333,7.496788501739502,9.853031158447266,13.986872911453247,30.59675607681271,44.25524295806882,49.99293518066406,0.0020000000949949026,0.03514285758137703,0.10571428388357162,0.21457143127918243,0.42171427607536316,0.7265714406967163,0.907834295034408,1.6308571100234985,0.0020000000949949026,0.03857142850756645,0.10857142508029938,0.21714285016059875,0.4242857098579407,0.7277143001556396,0.9074285626411438,1.6308571100234985,0,0,0.001714285695925355,1.5434285402297974,0.0002079010009765625,0,3.629264364425243e-08,1.6061976904896533e-05,9.57095977382754e-05,0.00023869495190619557,0.0005831659520478482,0.002507173541148663,0.005015166115356819,0.01294424303553623,122159,0.02526613138616085,0.033975359797477726,0.05219610407948494,0.06885379552841187,0.13418173044919968,2.5348509550094565,17.725544929504384,41.74117660522461,121224,0.0197073332965374,0.048483639024198055,0.06365463696420193,0.10381516814231873,0.21551866829395294,1.855548971891403,14.555201425552372,42.32616424560547,5;6;7,1.9616821917624736,0.16115666165803116,0.06911450896425346,0.2578474160832264
9,131072,124741,6331,0,6331,123620,123341,0,279,88,1033,0,121566,1775,0,0,1.161761999130249,5.402923583984375,7.503012180328369,9.843838691711426,14.126197814941406,32.30337905883789,48.250611877441436,96.12179565429688,4.117543697357178,5.4044084548950195,7.479788780212402,9.811209678649902,13.831924438476562,30.456523895263672,44.05723953247072,49.95693588256836,0.0020000000949949026,0.035428572446107864,0.10514285415410995,0.21485714614391327,0.423714280128479,0.7239999771118164,0.9178857088089006,1.6265714168548584,0.0020000000949949026,0.03857142850756645,0.1080000028014183,0.21714285016059875,0.42571428418159485,0.7251428365707397,0.9177142977714539,1.6265714168548584,0,0,0.001714285695925355,1.5088571310043335,0.00020837783813476562,0,6.641497320616506e-08,1.6846485923060464e-05,9.600753565779376e-05,0.00023385714954211466,0.0005711320884184326,0.0025158750735828532,0.005007770897166552,0.012981281304225123,122328,0.02367156557738781,0.03402090258896351,0.053030832670629025,0.06873885542154312,0.13604827970266342,2.6196452379226662,18.248806896209704,41.539180755615234,121342,0.019459128379821777,0.04891780186444521,0.06341577880084515,0.1041552871465683,0.2158430702984333,1.8849845886230459,15.07525488853453,39.37813949584961,5;6,2.217444146824991,0.19576602878276356,0.0748152159873184,0.258155929644737
10,131072,124746,6326,0,6326,123744,123524,0,220,90,912,0,121851,1673,0,0,1.1396758556365967,5.435174465179443,7.474300265312195,9.802627563476562,13.942314624786377,32.20958137512207,47.392834472656276,96.11013793945312,4.1680707931518555,5.436256170272827,7.453154444694519,9.774494171142578,13.686447620391846,30.627483654022186,43.62309524536134,49.94656753540039,0.0020000000949949026,0.0357142873108387,0.10542856901884079,0.2174285650253296,0.4259999990463257,0.722000002861023,0.9135857045650491,1.6305714845657349,0.0020000000949949026,0.03828571364283562,0.1080000028014183,0.21971428394317627,0.42828571796417236,0.7228571176528931,0.9133628374338162,1.6305714845657349,0,0,0.001714285695925355,1.361142873764038,0.00020837783813476562,0,4.569727183437031e-08,1.7976998248503043e-05,9.610184275423603e-05,0.00022803061665401564,0.0005660166037231981,0.002526923487242806,0.004937630147638908,0.012994065030960298,122484,0.024075565859675407,0.03413252867758274,0.05299520958214998,0.06846600770950317,0.13738302141427994,2.6621672034263564,18.645143432617182,41.167179107666016,121546,0.018172329291701317,0.04899332858622074,0.06316569820046425,0.10472920536994934,0.21610086411237717,1.9024739265441895,15.052229833602945,40.29019546508789,5;6,2.4670687101998006,0.2161615794938846,0.08893808076003878,0.2508542533788552
11,131072,124827,6245,0,6245,123909,123646,0,263,85,833,0,121971,1675,0,0,1.1605433225631714,5.4590744972229,7.475193977355957,9.806145668029785,13.79150915145874,31.989907455444335,46.944045639038094,98.15155029296875,4.221540927886963,5.460667252540588,7.455945730209351,9.781654357910156,13.553695440292358,30.547266483306885,43.35982398986818,49.96462631225586,0.001714285695925355,0.03628571331501007,0.10542856901884079,0.21971428394317627,0.43057143688201904,0.7200000286102295,0.9099257326126113,1.6302857398986816,0.0022857142612338066,0.03857142850756645,0.10771428793668747,0.22171428799629211,0.43228572607040405,0.7205714583396912,0.9088571667671204,1.6302857398986816,0,0,0.0014285714132711291,1.5522856712341309,0.00020837783813476562,0,6.676613644177289e-08,1.820027750990223e-05,9.639378955664327e-05,0.00022544680532563818,0.0005636452152716538,0.002498748736113887,0.004841239788420182,0.013093281619059661,122571,0.024235563352704048,0.03423848748207092,0.05308927223086357,0.06850501894950867,0.13821293413639069,2.7729259729385376,19.187726402282717,41.795143127441406,121569,0.01900993287563324,0.04880411103367806,0.06301490217447281,0.10432258993387222,0.21398794651031494,1.9137277841567968,15.915486831665016,41.75017166137695,6,2.7196421721082427,0.23889452542936757,0.12036033955819955,0.2555337528376622
12,131072,124934,6138,0,6138,124113,123869,0,244,87,734,0,122221,1648,0,0,1.17753267288208,5.492763209342956,7.497027397155762,9.833820343017578,13.645156621932983,31.792151260375967,46.69000926971435,95.95536041259766,4.259422302246094,5.494460201263427,7.481182098388672,9.815265655517578,13.465710639953613,30.59978828430174,43.38906555175781,49.969730377197266,0.001714285695925355,0.036571428179740906,0.10457143187522888,0.22142857313156128,0.4308571517467499,0.7179999947547913,0.8910485690832133,1.628000020980835,0.001714285695925355,0.03857142850756645,0.10657142847776413,0.22342857718467712,0.43228572607040405,0.7188571691513062,0.8899999856948853,1.628000020980835,0,0,0.001714285695925355,1.5285714864730835,0.0002079010009765625,0,7.90806060606158e-08,1.8553628005597703e-05,9.7686354803697e-05,0.00022589252921129582,0.000562331800010722,0.0024933349711060804,0.004821584206663249,0.013084979030705187,122839,0.024775680154561996,0.03431390039622784,0.05288050137460232,0.06839053332805634,0.13977700471878052,2.8816754341125455,19.518956451415995,42.58815383911133,121952,0.01940709725022316,0.048457922972738744,0.06303831189870834,0.10531618446111679,0.21742113679647446,1.99389120340347,16.227983455657995,41.76618194580078,5;6,2.9688994316885986,0.29563102929045243,0.14816294728462479,0.25714042334933906
13,131072,124959,6113,0,6113,124213,123974,0,239,91,655,0,122370,1604,0,0,1.1599957942962646,5.525752973556519,7.508598566055298,9.86314582824707,13.48632001876831,31.547905731201165,46.561130905151366,96.37286376953125,4.326066493988037,5.528997230529785,7.495240330696106,9.850029945373535,13.337095022201538,30.530801963806137,43.21109714508058,49.98263931274414,0.0020000000949949026,0.036571428179740906,0.10514285415410995,0.22428570687770844,0.43457141518592834,0.7177143096923828,0.8854285478591919,1.6285713911056519,0.0020000000949949026,0.03828571364283562,0.1071428582072258,0.22599999606609344,0.43628570437431335,0.7182857394218445,0.8848571181297302,1.6285713911056519,0,0,0.001714285695925355,1.5302857160568237,0.0002079010009765625,0,3.9639085477836755e-08,1.8620318025293598e-05,9.899469582405076e-05,0.00022893971150051703,0.0005629874084604886,0.002473805648268377,0.004736459049511242,0.013138065177416863,122886,0.02530335634946823,0.03449346870183945,0.052321190014481544,0.06845012307167053,0.140620619058609,2.9633560180664062,19.938787746429433,41.04914474487305,122011,0.01937646046280861,0.04801512509584427,0.06308354064822197,0.10462108254432678,0.2162998542189598,1.9943363666534424,16.259990882873502,41.54617691040039,5;6;7,3.23042656590019,0.35214598584056467,0.16663038331360164,0.26820035129781816
14,131072,125072,6000,0,6000,124411,124156,0,255,88,573,0,122568,1588,0,0,1.165540337562561,5.538018035888672,7.493738055229187,9.902308464050293,13.351200342178345,31.21171884536743,45.809074134826645,95.29736328125,4.435800552368164,5.540607452392578,7.48313045501709,9.891569137573242,13.225571393966675,30.415682792663574,43.101376342773435,49.969364166259766,0.001714285695925355,0.036571428179740906,0.10457143187522888,0.2248571366071701,0.436857134103775,0.7165714502334595,0.8845714330673218,1.6262856721878052,0.001714285695925355,0.03799999877810478,0.1062857136130333,0.22657142579555511,0.4382857084274292,0.7168571352958679,0.8834285736083984,1.6251428127288818,0,0,0.0011428571306169033,1.4442857503890991,0.00020837783813476562,0,4.677665659886997e-08,1.796047964197174e-05,9.819002843783667e-05,0.00022693440454491838,0.0005619716482154068,0.0024255961353802707,0.0046477376033305,0.013114087529335065,123115,0.025831276550889015,0.03441495150327683,0.05176486261188984,0.0683460608124733,0.14053832739591599,2.960479807853687,20.045847740173347,41.20711898803711,122200,0.019912533462047577,0.0479238199070096,0.06335482932627201,0.10483293980360031,0.21618099138140678,2.0337877154350217,16.505989151000815,41.24613952636719,5;6;7,3.476473295233295,0.41678771932240233,0.16684051882661086,0.2543965229321916
15,131072,125019,6053,0,6053,124445,124193,0,252,92,482,0,122639,1554,0,0,1.1645408868789673,5.559289979934692,7.4832117557525635,9.945943832397461,13.242569923400879,31.139608001708982,45.21305290222166,95.89543151855469,4.4884443283081055,5.561606693267822,7.474240779876709,9.919264793395996,13.14074420928955,30.468963623046854,43.03281173706056,49.99480438232422,0.001714285695925355,0.03628571331501007,0.10485713928937912,0.2257142812013626,0.44028571248054504,0.7137143015861511,0.8822857141494751,1.6302857398986816,0.001714285695925355,0.03742857277393341,0.1062857136130333,0.22714285552501678,0.4417142868041992,0.7139999866485596,0.881428599357605,1.6302857398986816,0,0,0.001714285695925355,1.4354286193847656,0.00020837783813476562,0,6.622596158252095e-08,1.8007503391188456e-05,9.680037731767947e-05,0.00022459532492726742,0.0005581073033821963,0.0024047551427849906,0.004632121900605598,0.013145130279526875,123066,0.026060231029987335,0.03437856398522854,0.05114525370299816,0.06830049306154251,0.14218291640281677,3.0594935417175293,20.395677089691166,40.521148681640625,122182,0.020027603954076767,0.04744096249341965,0.06376037374138832,0.10482396930456161,0.2156963273882866,2.0362721443176253,16.27542877197267,40.795188903808594,5;6;7,3.7309431141453873,0.4763323494524618,0.1749602391201222,0.2614696570773049
16,131072,125145,5927,0,5927,124612,124383,0,229,92,441,0,122765,1618,0,0,1.125685214996338,5.57751235961914,7.502511978149414,9.879106521606445,13.17654037475586,30.98070755004882,44.83020309448242,95.7176284790039,4.571285724639893,5.583414077758789,7.495846748352051,9.853802680969238,13.102839469909668,30.447730445861808,43.11157768249509,49.978477478027344,0.001714285695925355,0.03514285758137703,0.10342857241630554,0.22685714066028595,0.4422857165336609,0.7105142712593046,0.8782857060432434,1.6242856979370117,0.001714285695925355,0.03628571331501007,0.10514285415410995,0.2280000001192093,0.44342857599258423,0.7108571529388428,0.8771942806243876,1.6239999532699585,0,0,0.0014285714132711291,1.559142827987671,0.0002079010009765625,0,9.143073674819794e-08,1.824029383902239e-05,9.549820947291072e-05,0.00022351572581903303,0.0005567259980193266,0.0023936021830254194,0.004628577366017688,0.013122194842023508,123304,0.026606770232319832,0.03462147582322359,0.05070330388844013,0.0684877559542656,0.1431986466050148,3.3053130269050386,20.60435060501099,40.701194763183594,122395,0.020278673619031906,0.04728863686323166,0.06424389779567719,0.10506126284599304,0.21721074730157852,2.1339909315109242,16.823575019836415,40.65617752075195,5;6;7,3.9770571182700025,0.5271704694417556,0.2004604272447171,0.2526002317193844
17,131072,124978,6094,0,6094,124511,124258,0,253,89,378,0,122708,1550,0,0,1.1715364456176758,5.597169876098633,7.533895969390869,9.806909561157227,13.124746322631836,30.931734561920152,44.48599704742431,98.15113830566406,4.660795211791992,5.601053762435913,7.526679873466492,9.782637596130371,13.074673652648926,30.489366817474362,43.19878925323484,49.916568756103516,0.0020000000949949026,0.034857142716646194,0.10342857241630554,0.22828571498394012,0.44457143545150757,0.7117571294307692,0.8843514096736896,1.6294286251068115,0.0020000000949949026,0.0357142873108387,0.10457143187522888,0.2297142893075943,0.44600000977516174,0.7122856974601746,0.8834285736083984,1.6294286251068115,0,0,0.0014285714132711291,1.4648571014404297,0.00020837783813476562,0,9.670192323061987e-08,1.877205668826639e-05,9.452916502910775e-05,0.0002228110409971974,0.0005586503687349491,0.0023806628629472145,0.004593027893251999,0.01307426176736969,123156,0.027053628116846085,0.03465040307492018,0.050289981067180634,0.0688718855381012,0.14405494183301926,3.2553818225860596,20.90719537734975,43.35713577270508,122239,0.02052105776965618,0.04691174998879433,0.06460331380367279,0.10459332913160324,0.21705719828605652,2.145988512039184,17.665912361145,43.351139068603516,5;6;7,4.221570309154114,0.6032116633814602,0.21094940159519315,0.2562791101026974
18,131072,125095,5977,0,5977,124607,124386,0,221,90,398,0,122867,1519,0,0,1.1734274625778198,5.6332275390625,7.5883190631866455,9.791743278503418,13.11372423171997,31.049059295654295,44.280201492309565,93.56892395019531,4.734793186187744,5.636969089508057,7.5794312953948975,9.766803741455078,13.057678699493408,30.502024173736572,43.047351646423316,49.99629592895508,0.001714285695925355,0.034857142716646194,0.10371428728103638,0.2297142893075943,0.44285714626312256,0.7082856893539429,0.8931428790092468,1.631428599357605,0.001714285695925355,0.0357142873108387,0.10514285415410995,0.23114286363124847,0.4440000057220459,0.7088571190834045,0.8926143020391447,1.631428599357605,0,0,0.0014285714132711291,1.3597142696380615,0.00020837783813476562,0,2.7013650852571395e-08,1.947933554239372e-05,9.487548142142019e-05,0.00022547273943310687,0.0005664149142415283,0.002428988908240678,0.0046100433132797445,0.01317019326973791,123371,0.02744915522634983,0.03499072045087814,0.05005388893187046,0.06921901553869247,0.1449826955795288,3.1983524560928345,20.79335994720462,43.732120513916016,122432,0.020907370373606682,0.046719957143068314,0.06499660760164261,0.10456050932407379,0.2172304093837738,2.13130487203598,17.57369953155521,43.701133728027344,5;6;7,4.4628092528822645,0.6829212086238302,0.23030819119034868,0.2548030657358911
19,131072,125190,5882,0,5882,124708,124503,0,205,89,393,0,122937,1566,0,0,1.1695376634597778,5.647791266441345,7.62423849105835,9.721831321716309,13.075269937515259,31.143563842773425,44.25146183013918,95.27291870117188,4.785528659820557,5.651181411743164,7.616049766540527,9.701051712036133,13.025129795074463,30.602365112304682,42.91304649353027,49.996734619140625,0.001714285695925355,0.034285712987184525,0.10400000214576721,0.2305714339017868,0.4474285840988159,0.7091428637504578,0.8968885678052904,1.6294286251068115,0.001714285695925355,0.035428572446107864,0.10542856901884079,0.23199999332427979,0.44857141375541687,0.7094285488128662,0.8965714573860168,1.6294286251068115,0,0,0.0014285714132711291,1.4171428680419922,0.00020837783813476562,0,7.900312076584068e-08,1.882712085001665e-05,9.277247272063236e-05,0.00022465023226474873,0.000567759472283171,0.0024279695806141512,0.004588631391001492,0.013246643836149232,123457,0.027858663350343704,0.03510265424847603,0.049867577850818634,0.06973851472139359,0.14727523922920227,3.5859816074371333,21.335232925415045,42.23114776611328,122509,0.0217283982783556,0.04654671773314476,0.06530507653951645,0.10406896471977234,0.2173784375190735,2.2093401432037343,17.567711639404287,42.282135009765625,5;6,4.694735741782424,0.7643739598188486,0.24476611186024952,0.24623866146665585
20,131072,125207,5865,0,5865,124667,124468,0,199,89,451,0,122840,1628,0,0,1.1505498886108398,5.65980896949768,7.6640706062316895,9.683975219726562,13.059484004974365,31.24883193969726,44.28694946289064,93.00425720214844,4.849527359008789,5.663886260986328,7.6576762199401855,9.660371780395508,13.014155149459839,30.637542819976805,42.721565322875975,49.882808685302734,0.001714285695925355,0.034371427446603826,0.10428571701049805,0.23028571903705597,0.44771429896354675,0.7062857151031494,0.8971428275108337,1.6291428804397583,0.001714285695925355,0.035428572446107864,0.10571428388357162,0.23199999332427979,0.44914284348487854,0.7068571448326111,0.8968571424484253,1.6291428804397583,0,0,0.0011428571306169033,1.273714303970337,0.00020694732666015625,0,9.83139007054214e-08,1.7796861481242178e-05,9.18171540993998e-05,0.00022714852419037032,0.0005723400645768482,0.0024254319486502417,0.0045749418606899316,0.013334699272631968,123392,0.02841234765946865,0.03523423094302416,0.04967149626463652,0.07061099261045456,0.1480228491127491,3.597390818595886,21.160734729766755,43.175148010253906,122488,0.021630967035889626,0.04645172618329525,0.06584517285227776,0.10406032204627991,0.21930624544620514,2.302795302867886,18.319610500335735,41.98214340209961,5;6,4.939581396362876,0.8482734015624173,0.2564760725779579,0.2590861518333682
21,131072,125004,6068,0,6068,124481,124291,0,190,85,438,0,122682,1609,0,0,1.1345605850219727,5.650123023986817,7.6413493156433105,9.636993408203125,13.036697387695312,31.17947559356687,44.0136047744751,94.14714050292969,4.9109721183776855,5.65496826171875,7.635538578033447,9.605270385742188,12.98878812789917,30.547356605529785,42.382774353027344,49.949886322021484,0.0020000000949949026,0.034285712987184525,0.10285714268684387,0.2314285784959793,0.4480000138282776,0.7051428556442261,0.900857150554657,1.6334285736083984,0.0020000000949949026,0.03514285758137703,0.10428571701049805,0.23314285278320312,0.44914284348487854,0.7057142853736877,0.9005714058876038,1.6334285736083984,0,0,0.0014285714132711291,1.5682857036590576,0.00020837783813476562,0,9.108654290306159e-08,1.6905280707442007e-05,8.953846464417624e-05,0.00022359411031302589,0.0005700357540965211,0.002379539375506948,0.004523888641544507,0.013314955533469522,123212,0.028168944641947746,0.03524330612272024,0.04933836404234171,0.07155530154705048,0.14798522368073463,3.76671415567398,21.84393146514892,42.041160583496094,122251,0.021900534629821777,0.04622856341302395,0.06606688350439072,0.10337259620428085,0.21870912611484528,2.309068202972412,18.82432270050049,41.9681282043457,5;6;7,5.184294305529401,0.9399073589240289,0.2629687820070772,0.26138734730323987
22,131072,124779,6293,0,6293,124241,124070,0,171,92,446,0,122470,1600,0,0,1.168990135192871,5.655968189239502,7.622611999511719,9.601546287536621,13.015273094177246,31.154159355163543,43.75758514404297,93.05210876464844,4.902972221374512,5.6607489585876465,7.617856502532959,9.572956085205078,12.963603973388672,30.527924156188963,42.09193458557127,49.911991119384766,0.0020000000949949026,0.03400000184774399,0.10285714268684387,0.2314285784959793,0.4502857029438019,0.7062857151031494,0.9082857370376587,1.6308571100234985,0.0020000000949949026,0.03514285758137703,0.10400000214576721,0.2328571379184723,0.4511428475379944,0.7067285597324338,0.907714307308197,1.6308571100234985,0,0,0.0014285714132711291,1.3525714874267578,0.00020837783813476562,0,3.092707168465505e-08,1.6676013098367806e-05,8.907487719183243e-05,0.00022136349022863893,0.0005642057195563154,0.0023486035294313307,0.004459400992833665,0.013247134589156188,122968,0.028254739940166473,0.03519775755703449,0.04901815392076969,0.07264073193073273,0.14756781607866287,3.7534565687179544,21.790635662078873,42.525150299072266,122023,0.022601481527090073,0.04577052854001522,0.06607415899634361,0.10350122302770615,0.21801795065402985,2.278140377998352,18.087180404663084,42.42515563964844,5;6;7,5.414837742979072,1.0179226260018823,0.28368066113778867,0.24426551206722658
23,131072,124655,6417,0,6417,124140,123962,0,178,92,423,0,122255,1707,0,0,1.1635414361953735,5.683199882507324,7.588372468948364,9.589494705200195,13.042933464050293,31.246706962585442,43.382212753295896,92.5431137084961,4.895972728729248,5.687749433517456,7.58452308177948,9.565330505371094,12.998234272003174,30.64054164886474,41.94884292602539,49.924015045166016,0.0020000000949949026,0.03342857211828232,0.10199999809265137,0.23171427845954895,0.4514285624027252,0.7039999961853027,0.9147028470039344,1.6297142505645752,0.0020000000949949026,0.034285712987184525,0.10314285755157471,0.23314285278320312,0.45257142186164856,0.704285740852356,0.9138257068395613,1.6297142505645752,0,0,0.0014285714132711291,1.462571382522583,0.00020837783813476562,0,4.848708658810103e-08,1.6617959435757676e-05,8.89764803609663e-05,0.00022100678785618778,0.0005663326774085945,0.0023607277270356864,0.004455170599944961,0.013151723567467905,122880,0.02821209654211998,0.035266831144690515,0.04864508658647537,0.07384801656007767,0.1516457125544548,3.8909859657287518,21.78028377532959,41.58515930175781,121933,0.021882692351937294,0.045511217415332796,0.06611013412475586,0.10341587662696838,0.22007982432842255,2.362241506576536,18.63220764160143,41.54011154174805,5;6;7,5.654734357506286,1.1001413132185502,0.3032734705030165,0.2543504990521408
24,131072,124442,6630,0,6630,123887,123673,0,214,92,463,0,121987,1686,0,0,1.0734962224960327,5.708297848701477,7.537781119346619,9.556109428405762,13.064677238464355,31.3227445602417,43.36731822967527,95.24791717529297,4.890973091125488,5.7121271133422855,7.534087181091309,9.53038501739502,13.026897430419922,30.699307250976553,41.93405395507812,49.97264099121094,0.0020000000949949026,0.03371428698301315,0.1022857129573822,0.23171427845954895,0.45085713267326355,0.7048571705818176,0.9079999923706055,1.632285714149475,0.0020000000949949026,0.034857142716646194,0.10342857241630554,0.23342856764793396,0.4519999921321869,0.7051428556442261,0.9075085711479184,1.632285714149475,0,0,0.0014285714132711291,1.5674285888671875,0.00020837783813476562,0,1.9777441788470503e-08,1.6235368980452003e-05,8.863232864455076e-05,0.00021965723960327312,0.0005603456590888077,0.0023668814835301646,0.0044665344765150265,0.013159941759052255,122549,0.028428560122847557,0.035287597030401234,0.04838375002145767,0.07483090460300446,0.153725728392601,4.027581310272206,21.62994712829591,42.04214859008789,121602,0.02321740612387657,0.045144267939031126,0.06592624261975288,0.10290879756212234,0.2199009694159031,2.3236350536346433,18.178387851715122,41.98110580444336,5;6;7,5.8849346274134,1.1843848981170861,0.3133060368471549,0.24533609243100427
25,131072,124400,6672,0,6672,123834,123641,0,193,86,480,0,121876,1765,0,0,1.1755338907241821,5.713840460777282,7.495950698852539,9.511892318725586,13.14827275276184,31.287348461151115,43.43740676879882,92.63311004638672,4.944970607757568,5.715966701507568,7.4924774169921875,9.485705375671387,13.10464096069336,30.74034881591797,42.02965316772462,49.97743225097656,0.0014285714132711291,0.03371428698301315,0.10114285349845886,0.23114286363124847,0.4511428475379944,0.7048571705818176,0.9162856936454773,1.632857084274292,0.0014285714132711291,0.03457142785191536,0.10285714268684387,0.2328571379184723,0.4522857069969177,0.7054286003112793,0.9160000085830688,1.632857084274292,0,0,0.0014285714132711291,1.3585714101791382,0.00020837783813476562,0,3.7419341473712e-08,1.6169404699395764e-05,8.820851315863774e-05,0.00021648296138660394,0.0005557034376476773,0.0023670786057625607,0.004462447973321162,0.01315495884273149,122526,0.028491849079728127,0.03533272352069616,0.048100787214934826,0.07586431503295898,0.15578878298401833,4.203484892845154,21.950302124023438,41.797157287597656,121563,0.024004409089684486,0.04481398910284042,0.06584595888853073,0.10321856290102005,0.22085867077112198,2.391560411453243,18.467503356933644,41.83519744873047,5;6;7,6.119501056849402,1.2638191243806327,0.32692367724415183,0.24802549516214117
26,131072,124146,6926,0,6926,123558,123366,0,192,86,502,0,121557,1809,0,0,1.1232229471206665,5.721849799156189,7.451760292053223,9.446035385131836,13.247015953063965,31.34371566772461,43.44217414855957,93.339111328125,4.984969615936279,5.724998831748962,7.448400974273682,9.424697875976562,13.195620059967041,30.87310791015625,41.852212333679205,49.6999397277832,0.0020000000949949026,0.03314285725355148,0.10057143121957779,0.2305714339017868,0.45314285159111023,0.7080000042915344,0.921871432662011,1.6282857656478882,0.0020000000949949026,0.034285712987184525,0.10199999809265137,0.23257142305374146,0.45428571105003357,0.7085714340209961,0.9221000015735643,1.6282857656478882,0,0,0.001714285695925355,1.3837143182754517,0.00020837783813476562,0,2.4581289885763236e-09,1.635031141990943e-05,8.846116145067998e-05,0.00021487676447125596,0.0005580043365269818,0.0023801040804625802,0.004456896717938837,0.013178252176571181,122168,0.028765957802534103,0.03547205440700054,0.0477879885584116,0.07636173069477081,0.15864155814051628,4.532265400886531,22.202587566375744,41.89916229248047,121195,0.023949215188622475,0.044384758174419406,0.0657159835100174,0.10350453853607178,0.22368446737527847,2.535221147537229,18.315762634277345,41.73214340209961,5;6;7;8,6.353864012542995,1.340478036370345,0.34058821510865167,0.24696012508891732
27,131072,123920,7152,0,7152,123286,123063,0,223,89,545,0,121249,1814,0,0,1.0909347534179688,5.76416540145874,7.422227382659912,9.425420761108398,13.305504560470581,31.355675601959213,43.44372741699219,95.03666687011719,5.020968437194824,5.768177700042725,7.417670011520386,9.402807235717773,13.24734354019165,30.836152839660635,41.8812117767334,49.9148063659668,0.0020000000949949026,0.03285714238882065,0.09971428662538528,0.2305714339017868,0.45342856645584106,0.7048571705818176,0.9262857437133789,1.6262856721878052,0.0020000000949949026,0.03400000184774399,0.1014285683631897,0.2328571379184723,0.45485714077949524,0.7054286003112793,0.9259999990463257,1.6262856721878052,0,0,0.0014285714132711291,1.5402857065200806,0.00020837783813476562,0,7.793369355316813e-08,1.645050192906632e-05,8.866020734834925e-05,0.00021469881029244646,0.000551779606954356,0.0023903905298694977,0.004469378812095381,0.013712530418017886,121873,0.02888869121670723,0.035643690079450605,0.047581713646650314,0.07645656913518906,0.16085776686668396,4.899981689453088,22.486862411499022,41.56516647338867,120890,0.022588718682527542,0.0440454788506031,0.0653754323720932,0.10313508659601212,0.22582262009382248,2.528383409976957,18.136175556182867,42.00210952758789,5;6;7,6.589085819350856,1.406361826218125,0.35891889131830446,0.2449611925447876
28,131072,123598,7474,0,7474,122980,122783,0,197,93,525,0,120918,1865,0,0,1.1705371141433716,5.768066263198852,7.375091075897217,9.380996704101562,13.404857635498047,31.426254272460934,43.43329010009765,94.38691711425781,5.019968509674072,5.774531364440918,7.371170997619629,9.3624906539917,13.355033874511719,30.83556880950927,41.86631431579589,49.96321487426758,0.0022857142612338066,0.03314285725355148,0.09914285689592361,0.23028571903705597,0.45342856645584106,0.7068571448326111,0.9325799834728238,1.6268571615219116,0.0022857142612338066,0.034285712987184525,0.10057143121957779,0.23257142305374146,0.45485714077949524,0.7074285745620728,0.9319999814033508,1.6268571615219116,0,0,0.001714285695925355,1.4082857370376587,0.0002079010009765625,0,4.498477597395471e-08,1.6338366289563268e-05,8.781505781642359e-05,0.00021308913988703042,0.000542999942136196,0.0023787582248301605,0.004471648982813541,0.013558467896285975,121558,0.02880285680294037,0.035716028325259684,0.047303058207035065,0.0764540582895279,0.16053861007094383,4.646573948860164,22.40799770355222,41.70817184448242,120593,0.02243213728070259,0.04354000836610794,0.06509178131818771,0.10309556871652603,0.22654154896736145,2.557117271423334,18.130345001220704,42.08011245727539,5;6;7;8,6.819269194925604,1.4956741046651352,0.3728314802784525,0.24729462105746577
29,131072,123444,7628,0,7628,122827,122622,0,205,92,525,0,120729,1893,0,0,1.1655402183532715,5.780838561058045,7.340991377830505,9.350700378417969,13.50978422164917,31.405951595306394,43.79567680358884,93.55792236328125,4.944971084594727,5.78797481060028,7.337002396583557,9.331180572509766,13.477149486541748,30.775980567932123,41.808665428161596,49.941688537597656,0.0014285714132711291,0.03228571265935898,0.09885714203119278,0.2305714339017868,0.4511428475379944,0.7099999785423279,0.928857147693634,1.6291428804397583,0.0014285714132711291,0.03314285725355148,0.10057143121957779,0.23257142305374146,0.4528571367263794,0.7105714082717896,0.9282857179641724,1.6291428804397583,0,0,0.001714285695925355,1.3457143306732178,0.00020837783813476562,0,4.831769540775393e-08,1.6200103378347228e-05,8.585785282171635e-05,0.0002127827033076635,0.0005421308612087864,0.0023633628368708768,0.004454560563555759,0.01330005375154855,121431,0.028391722589731216,0.035789454355835915,0.047178929671645164,0.07668420672416687,0.16329453885555267,4.920661926269531,22.56828022003172,41.99417495727539,120381,0.021800125017762184,0.043194908648729324,0.06496068835258484,0.10319920629262924,0.2278832644224167,2.60434627532959,18.443402481079087,42.23511505126953,5;6;7,7.041517023068739,1.5904107486835757,0.39834209739047927,0.24294015810411737
30,131072,123290,7782,0,7782,122693,122492,0,201,92,505,0,120517,1975,0,0,1.1276838779449463,5.759447598457337,7.29009485244751,9.2982759475708,13.650130271911621,31.492061328887935,43.69827732086183,97.93547821044922,4.82597541809082,5.765822172164917,7.28593897819519,9.274076461791992,13.619884490966797,30.930074596405028,41.91474933624265,49.927101135253906,0.0020000000949949026,0.03200000151991844,0.09771428257226944,0.23000000417232513,0.44914284348487854,0.7117142677307129,0.9248571395874023,1.6291428804397583,0.0020000000949949026,0.03285714238882065,0.09914285689592361,0.23199999332427979,0.4502857029438019,0.7122856974601746,0.9248571395874023,1.6291428804397583,0,0,0.0014285714132711291,1.5051428079605103,0.00020837783813476562,0,3.901975059699239e-08,1.5797428734046256e-05,8.407992133938917e-05,0.00020966345114479824,0.0005373098034267577,0.0023742542871633757,0.004501019204919313,0.01405987242960962,121308,0.027689574286341667,0.03571097459644079,0.04687147308140993,0.07695569097995758,0.16639085114002228,5.3924918889999365,22.46571849822994,42.18817138671875,120294,0.021387364715337753,0.04289333503693342,0.06469033658504486,0.10382124036550522,0.23115210980176926,2.6624920129775984,19.016996250152513,42.091121673583984,5;6;7;8,7.274951225033705,1.6710067776022126,0.3926928726810455,0.2470205664803888
31,131072,122915,8157,0,8157,122318,122115,0,203,86,511,0,120119,1996,0,0,1.1460049152374268,5.755800008773804,7.255109786987305,9.25094985961914,13.82552433013916,31.58838596343994,43.66499984741211,96.87366485595703,4.713864326477051,5.759965419769287,7.250429391860962,9.226941108703613,13.792723655700684,31.02562847137451,42.00108215332031,49.89449691772461,0.0020000000949949026,0.03200000151991844,0.09714286029338837,0.22942857444286346,0.4457142949104309,0.7102857232093811,0.92567430973053,1.6234285831451416,0.0020000000949949026,0.03314285725355148,0.09857142716646194,0.23114286363124847,0.4471428692340851,0.7108571529388428,0.9259600031375886,1.6234285831451416,0,0,0.0014285714132711291,1.5891427993774414,0.00020837783813476562,0,2.9549219070523797e-08,1.5317868254084457e-05,8.293430995256359e-05,0.00020754289942147712,0.000534832387618121,0.00235427020037444,0.004488494501146035,0.014000718473680996,120858,0.027415284886956215,0.035629983991384506,0.04662941675633192,0.07666078209877014,0.16774998605251312,5.569305372238159,23.05161102294921,42.16816711425781,119822,0.021687587723135948,0.04263272322714329,0.06485157459974289,0.10340147465467453,0.23286443203687668,2.6766275286674492,18.40016033172597,41.857200622558594,5;6;7;8,7.511129911727151,1.7466947102175272,0.40946568482702467,0.24857667311939305
32,131072,122636,8436,0,8436,122000,121794,0,206,93,543,0,119795,1999,0,0,1.1455532312393188,5.7309664487838745,7.231110334396362,9.230234146118164,14.001033067703247,31.468613147735596,43.89695510864256,97.60747528076172,4.596868515014648,5.735959196090699,7.226958394050598,9.201821327209473,13.872107744216919,30.944176578521724,41.843217239379875,49.985145568847656,0.001714285695925355,0.03142857179045677,0.09571428596973419,0.22842857241630554,0.44342857599258423,0.7071428298950195,0.9240000247955322,1.6302857398986816,0.001714285695925355,0.03257142752408981,0.0974285677075386,0.2305714339017868,0.4448571503162384,0.7077142596244812,0.9242857098579407,1.6302857398986816,0,0,0.0014285714132711291,1.5514285564422607,0.00020837783813476562,0,1.7166621444982538e-08,1.4646091548524055e-05,8.153965182203006e-05,0.00020369089305012942,0.0005272900163762754,0.0023178673566041155,0.004460827230416992,0.014053724032376034,120515,0.027516283094882965,0.03556341007351876,0.046536603942513466,0.0767691507935524,0.1713230088353157,6.336521291732767,22.92632339477539,42.02014923095703,119400,0.02163659781217575,0.04216580074280501,0.06453850120306015,0.10297888517379761,0.23409079015254974,2.723654949665063,18.107227592468263,41.527122497558594,5;6;7;8,7.72959891477627,1.8414273084139583,0.41743876749621883,0.23825729894710934
33,131072,122335,8737,0,8737,121667,121498,0,169,87,581,0,119479,2019,0,0,1.141555905342102,5.717037057876587,7.222777843475342,9.200453758239746,14.197164058685303,31.485294914245596,44.06787185668951,97.8564682006836,4.53176212310791,5.7209473848342896,7.217545390129089,9.171452522277832,13.9128897190094,30.991524600982665,41.73006004333496,49.95056915283203,0.0020000000949949026,0.030857142060995102,0.09514285624027252,0.22828571498394012,0.4397142827510834,0.7063714206218686,0.9300000071525574,1.6299999952316284,0.0020000000949949026,0.03200000151991844,0.09685714542865753,0.2305714339017868,0.44114285707473755,0.7074285745620728,0.9302856922149658,1.6299999952316284,0,0,0.0014285714132711291,1.5937142372131348,0.00020837783813476562,0,3.17048038011637e-08,1.4190665723161416e-05,8.040344463641094e-05,0.00020245028571476534,0.0005303504135272794,0.0023251422275883155,0.00446369321956099,0.013917743927102705,120182,0.027385583147406578,0.035524781234562396,0.04644217249006033,0.07700051367282867,0.17270486056804657,5.9685087203979315,23.0228545188904,41.67416000366211,119090,0.021562477573752403,0.0417915778234601,0.06474933959543705,0.10407155752182007,0.23798755183815956,2.877740454673747,17.904570102691654,41.690147399902344,5;6;7;8,7.965524555361568,1.9112600035808636,0.4305808042472659,0.24639445271722904
34,131072,121887,9185,0,9185,121206,121029,0,177,84,597,0,118915,2114,0,0,1.0942432880401611,5.692909145355225,7.2254722118377686,9.173453330993652,14.120733261108398,31.593955612182615,44.5546614074707,97.58847045898438,4.472133159637451,5.699007225036621,7.218421936035156,9.146385192871094,13.882406234741211,31.003802490234374,41.72702270507813,49.969295501708984,0.001714285695925355,0.030857142060995102,0.09457142651081085,0.22771428525447845,0.4382857084274292,0.7059999704360962,0.9323257219791411,1.6294286251068115,0.001714285695925355,0.03228571265935898,0.09628571569919586,0.23000000417232513,0.43942856788635254,0.7065714001655579,0.9319999814033508,1.6294286251068115,0,0,0.001714285695925355,1.4859999418258667,0.00020837783813476562,0,1.1659355304239391e-08,1.364641388299505e-05,7.860535980013384e-05,0.00020006070529206106,0.0005286380250858131,0.0023227205269522907,0.004453093855247523,0.01396972582494435,119701,0.027219517156481743,0.0353439636528492,0.04646632447838783,0.07712796330451965,0.17583030462265015,6.311951160430908,22.484249114990234,42.13616943359375,118539,0.021528122946619987,0.04135993346571922,0.06457079201936722,0.10444185882806778,0.23973467200994492,2.924064016342146,18.332872657775876,42.02914047241211,5;6;7;8,8.190527798251534,1.9861180941562873,0.44855126259452033,0.23780902087349373
35,131072,121487,9585,0,9585,120739,120561,0,178,88,660,0,118362,2199,0,0,1.142898678779602,5.664998531341553,7.204383134841919,9.163941383361816,14.168432235717773,31.763188171386716,45.547193832397454,97.87847137451172,4.38313627243042,5.66874885559082,7.1964216232299805,9.13670825958252,13.89795970916748,31.056785583496094,41.69162063598631,49.997802734375,0.001714285695925355,0.030571429058909416,0.09399999678134918,0.22714285552501678,0.43628570437431335,0.7074285745620728,0.9402857422828674,1.6337143182754517,0.001714285695925355,0.03200000151991844,0.09571428596973419,0.2297142893075943,0.43799999356269836,0.7085714340209961,0.9406857252120955,1.6337143182754517,0,0,0.001714285695925355,1.4465714693069458,0.00020837783813476562,0,6.6799397314120596e-09,1.3374128115855902e-05,7.75913053890682e-05,0.000198919547454948,0.000530436286447095,0.002330605094912069,0.004506939378674238,0.013911552347644423,119076,0.02707744762301445,0.03529017325490713,0.04659634456038475,0.07746891677379608,0.17844025418162346,6.593165040016174,22.84123992919922,41.62217712402344,117917,0.021310606971383095,0.041037296503782274,0.06410735100507736,0.10433749109506607,0.2409369796514511,3.005872106552121,18.06611877441406,41.310184478759766,5;6;7,8.413600191446942,2.0699887166414253,0.4513563459345732,0.23833472767206265
36,131072,121215,9857,0,9857,120397,120221,0,176,90,728,0,117982,2239,0,0,1.1655402183532715,5.629131603240967,7.16594934463501,9.140844345092773,14.204498291015625,32.009305191040006,46.28066268920899,105.84563446044922,4.352536678314209,5.632750034332275,7.156402111053467,9.11066722869873,13.923027992248535,31.16208267211914,41.83173294067383,49.997371673583984,0.001714285695925355,0.029999999329447746,0.0925714299082756,0.22457142174243927,0.43314287066459656,0.7082856893539429,0.9348571300506592,1.6217142343521118,0.001714285695925355,0.03171428665518761,0.09457142651081085,0.22714285552501678,0.4348571300506592,0.7091428637504578,0.9351428747177124,1.6217142343521118,0,0,0.0014285714132711291,1.5731428861618042,0.0002079010009765625,0,6.92984624720709e-08,1.3430379347770885e-05,7.665353680415187e-05,0.0001972463462143996,0.0005361325843561834,0.0023616815683515286,0.004521851780229089,0.013906632333881867,118808,0.026833051815629005,0.03520318325608969,0.04636604618281126,0.07764755189418793,0.18117651343345642,7.034491181373579,22.898002967834397,42.665138244628906,117585,0.021076137199997902,0.040630391985178,0.06383340805768967,0.10431903600692749,0.24331897497177124,3.1618907928466764,19.24176986694339,41.688114166259766,5;6,8.630865581040114,2.1369046800512037,0.4593964626173005,0.22747887627294805
37,131072,120673,10399,0,10399,119725,119554,0,171,88,860,0,117166,2388,0,0,1.153548002243042,5.609605312347412,7.144160747528076,9.130216598510742,14.248987197875977,32.26881484985351,47.11158615112304,102.369384765625,4.320915699005127,5.615558075904847,7.128934025764465,9.09915542602539,13.907563209533691,31.128333187103262,41.72339675903321,49.984214782714844,0.0022857142612338066,0.029999999329447746,0.09142857044935226,0.2231428623199463,0.43057143688201904,0.7085714340209961,0.9297942709922787,1.6319999694824219,0.0022857142612338066,0.03171428665518761,0.09371428936719894,0.22628571093082428,0.4325714409351349,0.7097142934799194,0.9297142624855042,1.6319999694824219,0,0,0.0014285714132711291,1.4351428747177124,0.00020837783813476562,0,1.9781732731198844e-08,1.3444054352579107e-05,7.637207317518728e-05,0.0001978146559803808,0.0005409750494267848,0.0023709192878818195,0.004514197124300861,0.013733409276565259,118119,0.026957105845212936,0.035151169449090955,0.04646829888224602,0.07782282680273056,0.18450354784727097,7.557601165771463,22.878150329589797,42.57815170288086,116815,0.02130899578332901,0.04031288661062717,0.0639059990644455,0.10511261969804764,0.24668966978788376,3.21361949443817,18.260179138183595,42.856197357177734,5;6;7,8.842468195437243,2.1871534636001666,0.4586662552678427,0.2174882522588843
38,131072,120513,10559,0,10559,119461,119296,0,165,88,964,0,116814,2482,0,0,1.1556652784347534,5.619634532928467,7.071302890777588,9.126792907714844,14.276985168457031,32.56371612548828,48.11004104614258,103.91637420654297,4.290879726409912,5.621969223022461,7.057685375213623,9.091409683227539,13.89024829864502,31.208101749420166,41.470050811767585,49.988800048828125,0.0014285714132711291,0.02971428632736206,0.09057142585515976,0.22057142853736877,0.4277142882347107,0.7082856893539429,0.9333942961692824,1.6291428804397583,0.0014285714132711291,0.03200000151991844,0.09314285963773727,0.22428570687770844,0.4294285774230957,0.7094999849796295,0.9337285578250893,1.6291428804397583,0,0,0.0014285714132711291,1.5714285373687744,0.00020837783813476562,0,3.904570926048044e-08,1.338622550288129e-05,7.566219395503615e-05,0.00020008710857488443,0.0005480369131385842,0.0023807729684050313,0.0045233691798396,0.013957381612516952,117748,0.02719860151410103,0.03515127878636122,0.04635101370513439,0.07772891223430634,0.18349378556013107,6.96852948665618,23.005781230926512,42.909149169921875,116571,0.021123811602592468,0.03981534764170647,0.06359164044260979,0.10541493445634842,0.24943915754556656,3.2695302963256836,18.666606330871613,42.930118560791016,5;6;7,9.042785507010226,2.2376868174735214,0.4724437423643116,0.2070518396928906
39,131072,120196,10876,0,10876,119049,118866,0,183,86,1061,0,116279,2587,0,0,1.1488946676254272,5.626969337463379,7.0087292194366455,9.116947174072266,14.41648006439209,32.80421161651611,49.143099021911624,98.22550964355469,4.317138195037842,5.6290271282196045,6.993753433227539,9.070371627807617,13.90216875076294,31.3060245513916,41.457103538513216,49.995296478271484,0.0020000000949949026,0.02914285659790039,0.08942857384681702,0.21885713934898376,0.42257142066955566,0.7082856893539429,0.934299987554551,1.6302857398986816,0.0020000000949949026,0.03142857179045677,0.09228571504354477,0.22228571772575378,0.42485713958740234,0.7094285488128662,0.9348571300506592,1.6302857398986816,0,0,0.0014285714132711291,1.570285677909851,0.00020837783813476562,0,2.4070880385132225e-08,1.3308181718830955e-05,7.605988854670836e-05,0.00020281114098675342,0.0005517270447634689,0.0024465158467235812,0.004565910633097218,0.012906124575252633,117373,0.027238503098487854,0.03511388748884201,0.0466318316757679,0.07820514589548111,0.18691478669643402,7.972037029266277,23.531652526855463,42.76115036010742,116045,0.02109144628047943,0.039522673934698105,0.06381189823150635,0.10618648678064346,0.2526450753211975,3.3571868896484163,18.273323364257788,42.83018493652344,5;6;7,9.23170029572617,2.28113445948355,0.4928212461206792,0.19491469326647073
40,131072,120061,11011,0,11011,118823,118644,0,179,87,1151,0,116020,2624,0,0,1.1495505571365356,5.651968479156494,6.949940204620361,9.100385665893555,14.380889892578125,32.8741569519043,49.653820037841754,98.08177185058594,4.346876621246338,5.653003239631653,6.932706952095032,9.048249244689941,13.828681707382202,31.04289407730101,41.1422066497801,49.97529983520508,0.0020000000949949026,0.028857143595814705,0.08857142925262451,0.21571429073810577,0.41914284229278564,0.7051428556442261,0.930571436882019,1.6294286251068115,0.0020000000949949026,0.031142856925725937,0.09142857044935226,0.21971428394317627,0.4211428463459015,0.7065714001655579,0.9307342773675897,1.6294286251068115,0,0,0.001714285695925355,1.3960000276565552,0.00020837783813476562,0,3.675912289662477e-08,1.3289705587129904e-05,7.673194596335263e-05,0.0002046575233603997,0.0005520155490034101,0.0024592199808905145,0.004549285173457186,0.012872464869966356,117113,0.02765990048646927,0.035182566940784456,0.04663235321640968,0.07893944531679153,0.1906575709581375,8.320437431335447,23.46713447570801,42.74114227294922,115786,0.021721677854657173,0.0389423631131649,0.06363442167639732,0.10637146234512329,0.25355425477027893,3.374860465526581,18.50893926620481,42.818111419677734,5;6;7,9.412798062234431,2.3150642334955154,0.5177173667641322,0.1859232299145992
41,131072,119872,11200,0,11200,118563,118385,0,178,88,1221,0,115643,2742,0,0,1.1659919023513794,5.64472029209137,6.906569719314575,9.09488296508789,14.452526330947876,33.09104022979736,50.20122173309323,105.30814361572266,4.370224475860596,5.646633148193359,6.887526512145996,9.045316696166992,13.863828659057617,31.09831962585447,41.19013916015626,49.99226760864258,0.0020000000949949026,0.02857142873108387,0.08742856979370117,0.2142857164144516,0.41371428966522217,0.7034285664558411,0.9328571557998657,1.6342856884002686,0.0020000000949949026,0.03142857179045677,0.09057142585515976,0.21799999475479126,0.4165714383125305,0.7051428556442261,0.9340000152587891,1.6342856884002686,0,0,0.0014285714132711291,1.5548571348190308,0.00020837783813476562,0,2.2577550358549388e-08,1.3408148544826333e-05,7.682579822310275e-05,0.00020675936409830494,0.0005607784833896368,0.002487107995165379,0.0045673647378282785,0.012879739519202613,116866,0.02762966975569725,0.0350940665230155,0.04688598774373531,0.07946118712425232,0.1904922090470791,8.219740390777588,23.697546863555914,42.98515701293945,115516,0.021096091717481613,0.038554053753614426,0.0633624866604805,0.10692957043647766,0.2582835704088211,3.4275895953178406,18.836413478851355,42.788108825683594,5;6;7,9.572391086429011,2.3446657675067373,0.5254306500881823,0.16249824284288839
42,131072,119619,11453,0,11453,118186,118014,0,172,86,1347,0,115218,2796,0,0,1.163196325302124,5.615749835968018,6.872570991516113,9.097140312194824,14.544661521911621,33.33720054626465,51.03722785949704,99.78563690185547,4.399875640869141,5.6161376476287845,6.846147060394287,9.039946556091309,13.953717231750488,30.914510631561274,40.94805473327628,49.99226760864258,0.0022857142612338066,0.02800000086426735,0.08628571778535843,0.21114285290241241,0.4097142815589905,0.701714277267456,0.9285714030265808,1.6339999437332153,0.0022857142612338066,0.030857142060995102,0.08942857384681702,0.21542857587337494,0.412285715341568,0.7034285664558411,0.9302485531568514,1.6339999437332153,0,0,0.0014285714132711291,1.5800000429153442,0.0002079010009765625,0,2.4070880385132225e-08,1.3341603821045383e-05,7.633721658404101e-05,0.00020893039141212344,0.0005669311033163,0.002499531718558691,0.004599510088043149,0.012860508330427975,116542,0.02789897285401821,0.03507300447672605,0.04689359571784735,0.07975184172391891,0.19234097003936768,8.033175230026243,23.21894546508788,43.37113571166992,115051,0.021408075466752052,0.03827609494328499,0.06335929781198502,0.10770653188228607,0.26344673335552216,3.482815146446228,18.74369716644287,43.16007614135742,5;6;7;8,9.735671669602546,2.3818549737522994,0.5196978384449538,0.16756029073739775
43,131072,119683,11389,0,11389,118230,118046,0,184,85,1368,0,115136,2910,0,0,1.153548002243042,5.59808382987976,6.821977615356445,9.094942092895508,14.472602844238281,33.4847110748291,51.216693496704046,103.03742218017578,4.435620307922363,5.59857177734375,6.791792273521423,9.030661582946777,13.941591024398804,30.974437713623047,40.82339668273928,49.99480438232422,0.001714285695925355,0.02800000086426735,0.08628571778535843,0.20999999344348907,0.40685713291168213,0.6968571543693542,0.921999990940094,1.6319999694824219,0.001714285695925355,0.030857142060995102,0.08942857384681702,0.21457143127918243,0.4099999964237213,0.6985714435577393,0.9225714206695557,1.6319999694824219,0,0,0.0014285714132711291,1.5720000267028809,0.0002079010009765625,0,1.7549081540912576e-08,1.3329066325146632e-05,7.722861374249675e-05,0.00021117731370312264,0.0005682426504926882,0.002493276514146674,0.004607880958287367,0.013431735043594557,116484,0.027877984568476677,0.034971187449991704,0.046833040192723274,0.07981182634830475,0.1935104951262474,8.292693233489945,23.579780960083006,42.8011474609375,115048,0.02113015204668045,0.037846334464848044,0.062916599214077,0.10743311047554016,0.2614704743027687,3.4776621103286733,18.522918109893794,42.825096130371094,5;6;7;8,9.895914232790789,2.4046260212770134,0.5375284920236336,0.16283160586800616
44,131072,119402,11670,0,11670,117882,117694,0,188,87,1433,0,114705,2989,0,0,1.1625421047210693,5.568239283561707,6.799547791481018,9.1082763671875,14.459190845489502,33.65794410705566,52.112866477966314,99.14813232421875,4.465220928192139,5.568415808677673,6.769877076148987,9.04800033569336,13.915828227996826,30.900529956817614,40.619790687560936,49.99414825439453,0.0020000000949949026,0.02742857113480568,0.08542857319116592,0.20800000429153442,0.4028571546077728,0.6940000057220459,0.9194285869598389,1.6305714845657349,0.0020000000949949026,0.03028571419417858,0.08885714411735535,0.21199999749660492,0.4059999883174896,0.6962857246398926,0.9200000166893005,1.6305714845657349,0,0,0.0014285714132711291,1.6014286279678345,0.0002079010009765625,0,4.078261529812869e-08,1.3836673357252373e-05,7.740645307666703e-05,0.00021296039527274297,0.0005675468879197295,0.0025189083038319156,0.0046539324049907444,0.012830768847419358,116120,0.027454843744635582,0.034678201749920846,0.04701202642172575,0.08048851042985916,0.1958792395889759,8.649586153030384,23.22534208297727,43.93212127685547,114717,0.020981406792998314,0.03748611733317375,0.06283517181873322,0.10827499628067017,0.2640308737754822,3.457426071166992,18.464505844116193,42.15309524536133,5;6;7;8,10.039147436569333,2.424592029746673,0.5448939086763275,0.1448055300095421
45,131072,119422,11650,0,11650,117855,117685,0,170,86,1481,0,114624,3061,0,0,1.1249107122421265,5.528216123580933,6.786271572113037,9.138731002807617,14.568822860717773,33.80383472442627,52.61838405609125,107.0091323852539,4.483410358428955,5.52817850112915,6.7557244300842285,9.080951690673828,13.985029220581055,30.95753669738769,40.67368637084963,49.985076904296875,0.0014285714132711291,0.027142856270074844,0.08514285832643509,0.20800000429153442,0.3994285762310028,0.6911428570747375,0.9181657272577249,1.6305714845657349,0.0014285714132711291,0.03028571419417858,0.08857142925262451,0.21199999749660492,0.402571439743042,0.6925714015960693,0.918571412563324,1.6305714845657349,0,0,0.001714285695925355,1.5839999914169312,0.0002079010009765625,0,4.965498082624131e-08,1.3960716998246801e-05,7.804108367790818e-05,0.00021609549007641044,0.0005716232895584564,0.002512695138381252,0.00471474549262353,0.012164287632525337,116101,0.027050605043768883,0.034294236451387405,0.04680252447724342,0.08064453303813934,0.1947585791349411,8.065483093261719,23.27419090270996,43.73112487792969,114595,0.020543484017252922,0.03705118037760258,0.06269458308815956,0.10847101360559464,0.2656780332326889,3.467851662635796,18.33043014526366,41.70815658569336,5;6;7;8,10.172846334070341,2.4481678469649415,0.5395689029780125,0.13586600029507465
46,131072,119197,11875,0,11875,117639,117468,0,171,86,1472,0,114281,3187,0,0,1.170536994934082,5.49349365234375,6.7712297439575195,9.170167922973633,14.565423011779785,33.887115478515604,52.612848052978435,104.37163543701172,4.4246649742126465,5.493444514274597,6.742871403694153,9.112642288208008,14.013448238372803,30.931306171417237,40.575265007019055,49.9892692565918,0.0020000000949949026,0.02685714326798916,0.08485714346170425,0.20628571510314941,0.39742857217788696,0.6911428570747375,0.9214399909973127,1.631428599357605,0.0020000000949949026,0.029999999329447746,0.08828571438789368,0.21057142317295074,0.4002857208251953,0.6927571356296522,0.9218085819482809,1.631428599357605,0,0,0.0014285714132711291,1.5997142791748047,0.00020837783813476562,0,3.290421406888031e-08,1.4087005145176156e-05,7.939389735577534e-05,0.00021934019685794037,0.0005747237808081758,0.0025099675011087267,0.004705975800353141,0.012791778489939745,115789,0.026530440896749496,0.034037483483552934,0.04696313291788101,0.08084003627300262,0.19497059285640717,7.765896987915034,22.59016105651848,43.664127349853516,114384,0.020290357992053032,0.03683856502175331,0.0623242799192667,0.10876616835594177,0.26631230115890503,3.451368820667256,18.32005905151367,43.66511917114258,5;6;7;8,10.302721032180058,2.4648649324743848,0.5484034950866663,0.1312413040598348
47,131072,119279,11793,0,11793,117711,117512,0,199,87,1481,0,114303,3209,0,0,1.1845283508300781,5.463754653930664,6.745789289474487,9.186484336853027,14.664984226226807,34.05022201538085,53.28554481506353,105.33313751220703,4.345160961151123,5.463754653930664,6.718969821929932,9.132485389709473,14.081421613693237,30.99022359848022,40.530075988769525,49.989803314208984,0.0020000000949949026,0.02628571353852749,0.08457142859697342,0.20514285564422607,0.39314284920692444,0.6894571423530553,0.9165714383125305,1.628857135772705,0.0020000000949949026,0.029428571462631226,0.08799999952316284,0.20914286375045776,0.3962857127189636,0.691428542137146,0.916857123374939,1.628857135772705,0,0,0.001714285695925355,1.6022857427597046,0.0002079010009765625,0,1.2332197760222313e-08,1.4294346525127343e-05,8.046679689794578e-05,0.00022213116490933535,0.0005830402454867854,0.002512227511586231,0.0046889263555366925,0.012713382555478847,115723,0.026188142597675323,0.03382587619125843,0.04698024317622185,0.08121935278177261,0.1970045268535614,8.169155025482155,22.996674003601065,42.40712356567383,114358,0.019853591918945312,0.03648869376629591,0.0623352937400341,0.10984764993190765,0.27215126901865005,3.543456363677973,17.956021595001143,43.29611587524414,5;6;7,10.413400592316375,2.4622453862205496,0.5474812210646693,0.11071439673283806
48,131072,119175,11897,0,11897,117621,117428,0,193,87,1467,0,114105,3323,0,0,1.1695376634597778,5.4265077114105225,6.709745407104492,9.206438064575195,14.716970443725586,34.07596740722655,53.351342391967215,102.83737182617188,4.298418045043945,5.426496863365173,6.685165762901306,9.155633926391602,14.11649489402771,31.00135297775267,40.56134437561033,49.91056442260742,0.0014285714132711291,0.02628571353852749,0.08485714346170425,0.20428571105003357,0.38828572630882263,0.6865714192390442,0.9080742859840378,1.6251428127288818,0.0014285714132711291,0.02914285659790039,0.08828571438789368,0.20800000429153442,0.3912142738699913,0.6882857084274292,0.9082085859775532,1.6251428127288818,0,0,0.0014285714132711291,1.5920000076293945,0.00020837783813476562,0,3.4312258180709396e-08,1.4333508960984762e-05,8.281450070862456e-05,0.00022636042435398427,0.0005881856232093265,0.002505459529441241,0.004706077441479313,0.013795945231366156,115648,0.025860538706183434,0.03358530234545469,0.04684996511787176,0.08177970349788666,0.19780075550079346,8.044658756256094,23.13333808898925,43.899112701416016,114207,0.019753040745854378,0.035993239656090734,0.06235087849199772,0.11038757115602493,0.27443699538707733,3.5250512361526467,18.371216506958014,42.48716735839844,5;6;7;8,10.54147220101634,2.4616313653692177,0.5546564747511262,0.1282739187912645
49,131072,119087,11985,0,11985,117488,117301,0,187,90,1509,0,113945,3356,0,0,1.1525486707687378,5.395301818847656,6.6962621212005615,9.251189231872559,14.804672241210938,34.2608943939209,53.94500625610351,105.0643539428711,4.248453617095947,5.395301818847656,6.670082092285156,9.183113098144531,14.14499282836914,31.09502410888672,40.445396423339844,49.990623474121094,0.0020000000949949026,0.026000000536441803,0.08428571373224258,0.20200000703334808,0.38514286279678345,0.6828571557998657,0.904285728931427,1.6325714588165283,0.0020000000949949026,0.028857143595814705,0.08799999952316284,0.20600000023841858,0.38828572630882263,0.6845714449882507,0.9048571586608887,1.6325714588165283,0,0,0.001714285695925355,1.6319999694824219,0.00020837783813476562,0,2.9118965952421537e-08,1.4338090985559568e-05,8.447514755276201e-05,0.00022942110375000782,0.0005919433607175797,0.002511595642959099,0.00469554456940875,0.013368676489810648,115485,0.025443917140364647,0.03341207429766655,0.047001007944345474,0.08248485624790192,0.20248284935951233,8.269310760498032,23.323572463989287,43.48113250732422,114171,0.019441192969679832,0.0355870109051466,0.06234947219491005,0.11086414009332657,0.2793734222650528,3.62653911113739,18.613717269897474,42.31211471557617,5;6,10.672039536236083,2.457760781078122,0.5603460724710629,0.13074854481543516
50,131072,118777,12295,0,12295,117157,116971,0,186,88,1532,0,113531,3440,0,0,1.1621019840240479,5.3642964363098145,6.6656928062438965,9.251564025878906,14.826984405517578,34.27717666625976,54.26545425415044,105.05636596679688,4.178952217102051,5.364270925521851,6.636211156845093,9.187457084655762,14.134966373443604,31.10385227203369,40.52598304748538,49.99269104003906,0.0014285714132711291,0.025714285671710968,0.08485714346170425,0.20085714757442474,0.3837142884731293,0.680571436882019,0.904068562984468,1.628857135772705,0.0014285714132711291,0.02857142873108387,0.08857142925262451,0.2045714259147644,0.3874285817146301,0.6828571557998657,0.904285728931427,1.628857135772705,0,0,0.0008571428479626775,1.6039999723434448,0.0002079010009765625,0,6.654589956166205e-08,1.4685181455160306e-05,8.596351487381294e-05,0.00023224765265944885,0.0005965102111996306,0.002499723516354817,0.00473166044649939,0.013332224899536511,115187,0.025143412873148918,0.033224237337708476,0.04708844795823097,0.08251284062862396,0.20339322835206985,8.106082534790024,23.66718376159668,43.54511642456055,113736,0.01916016824543476,0.03552397899329662,0.062062086537480354,0.1113397628068924,0.2797122523188591,3.5729098320007324,18.4805227279663,42.092105865478516,5;6,10.773714111886008,2.4678385948004546,0.5730816263315899,0.10296346922646285
51,131072,118858,12214,0,12214,117224,117031,0,193,92,1542,0,113448,3583,0,0,1.1605435609817505,5.323292183876037,6.629852056503296,9.247638702392578,14.840983152389526,34.299911689758304,53.83852218627929,102.68037414550781,4.138953685760498,5.323397874832153,6.601119756698608,9.183308601379395,14.108756065368652,31.109289169311523,40.472749328613276,49.99415588378906,0.0014285714132711291,0.025714285671710968,0.08457142859697342,0.19914285838603973,0.38028571009635925,0.6757143139839172,0.8982856869697571,1.6297142505645752,0.0014285714132711291,0.028285713866353035,0.08828571438789368,0.20314285159111023,0.3837142884731293,0.6779999732971191,0.8988571166992188,1.6297142505645752,0,0,0.0014285714132711291,1.6054285764694214,0.00020837783813476562,0,2.998385488665363e-08,1.498996152234701e-05,8.708946583044894e-05,0.00023532141981882855,0.0006002474561144103,0.0024960261864794865,0.004716750764269423,0.013776532330752623,115178,0.024800773710012436,0.0330814765766263,0.04699814040213823,0.08283846080303192,0.20325330644845963,8.050739860534662,23.475463352203366,43.39912796020508,113726,0.019073592498898506,0.035234855487942696,0.0618466641753912,0.11124441027641296,0.2768844813108444,3.6183428168296814,18.374715328216553,43.36516189575195,5;6,10.870413841210466,2.464955750091373,0.5733157888071903,0.09674297533725675
52,131072,118917,12155,0,12155,117321,117137,0,184,89,1507,0,113518,3619,0,0,1.1735351085662842,5.293734741210938,6.589482307434082,9.231630325317383,14.771601676940918,34.252885437011706,53.892178039550764,167.85887145996094,4.097460746765137,5.293932151794434,6.560821056365967,9.174978256225586,14.063536643981934,31.085834121704096,40.650107574462886,49.99673080444336,0.001714285695925355,0.025428570806980133,0.08485714346170425,0.19685713946819305,0.3782857060432434,0.6731999993324271,0.893668589591979,1.6268571615219116,0.001714285695925355,0.028285713866353035,0.08885714411735535,0.20114286243915558,0.3814285695552826,0.6748571395874023,0.8942857384681702,1.6268571615219116,0,0,0.0014285714132711291,1.5937142372131348,0.00020837783813476562,0,6.639104700305926e-08,1.557202504792419e-05,8.75884955513389e-05,0.00023728293472541535,0.0005997786354542515,0.0024883784398641398,0.004698934300985317,0.012425541023486017,115326,0.02450391836464405,0.032842461951076984,0.04700424149632454,0.08347375690937042,0.2076210081577301,8.20571494102478,23.52920150756836,43.519126892089844,113943,0.018542233854532242,0.034870836138725284,0.061411041766405106,0.1112135574221611,0.28000789880752563,3.6486074209213237,18.583348655700686,43.51109313964844,5;6,10.979876794298761,2.4791091362487556,0.5787989585405927,0.11051027820458871
53,131072,118959,12113,0,12113,117357,117162,0,195,88,1514,0,113461,3701,0,0,1.1475518941879272,5.2649498462677,6.586535692214966,9.236798286437988,14.83254098892212,34.317689895629876,53.65853713989256,101.45264434814453,4.057957649230957,5.264957785606384,6.557614684104919,9.181512832641602,14.120572805404663,31.194298362731924,40.53208106994629,49.976497650146484,0.001714285695925355,0.025142857804894447,0.08514285832643509,0.19628570973873138,0.37542855739593506,0.6708571314811707,0.8917142748832703,1.6305714845657349,0.001714285695925355,0.027714285999536514,0.08857142925262451,0.20028571784496307,0.37857142090797424,0.6725714206695557,0.8917142748832703,1.6305714845657349,0,0,0.001714285695925355,1.6028571128845215,0.00020837783813476562,0,4.8883363190400455e-08,1.5845649359139303e-05,8.904343455323807e-05,0.00024043599530411118,0.000602074335646558,0.0025022697814550375,0.004728746252838932,0.013531109932658703,115318,0.02428518794476986,0.032672629505395887,0.04689421784132719,0.08361167460680008,0.21034301072359085,7.767925882339462,23.263684864044215,43.625118255615234,114060,0.018441172316670418,0.03443122580647469,0.06128704268485308,0.11123719811439514,0.28067100048065186,3.6786507368087205,18.607622642517093,44.164085388183594,5;6,11.061363790109226,2.48376573163609,0.589302822733755,0.0822930466674099
54,131072,118901,12171,0,12171,117348,117162,0,186,89,1464,0,113346,3816,0,0,1.1207892894744873,5.242526531219482,6.571030616760254,9.223686218261719,14.797027587890625,34.28600311279297,52.92656326293945,98.56055450439453,4.028464317321777,5.242771124839782,6.547854065895081,9.1779146194458,14.13794207572937,31.273088741302487,40.67394950866699,49.97856903076172,0.001714285695925355,0.024857142940163612,0.08542857319116592,0.19542856514453888,0.37285715341567993,0.6679999828338623,0.8888571262359619,1.6262856721878052,0.001714285695925355,0.027142856270074844,0.08914285898208618,0.19914285838603973,0.37599998712539673,0.6697142720222473,0.8888571262359619,1.6262856721878052,0,0,0.001714285695925355,1.6059999465942383,0.00020599365234375,0,2.6184741448123217e-08,1.57388448611004e-05,8.983598292544856e-05,0.00024122549159991138,0.000602066928441384,0.002482185016347981,0.004731045520904334,0.013125284389263137,115294,0.024032119661569595,0.03251132164150476,0.04709189385175705,0.08457031100988388,0.21202414110302925,8.067679309844959,23.33336914062499,44.412113189697266,114010,0.01820099912583828,0.03425056580454111,0.061096169985830784,0.11139585077762604,0.2813556343317032,3.673604226112366,18.650999755859424,44.392154693603516,5;6,11.149716199831193,2.473943595171544,0.5878230821718802,0.08890901135732504
55,131072,118928,12144,0,12144,117385,117197,0,188,88,1455,0,113350,3847,0,0,1.1715364456176758,5.218428301811218,6.551008343696594,9.209650039672852,14.706983804702759,34.25506324768066,52.8145124053952,104.7443618774414,3.982232093811035,5.218525791168213,6.524728775024414,9.162384986877441,14.061027526855469,31.242736053466796,40.69665145874015,49.99843215942383,0.0020000000949949026,0.024571428075432777,0.08628571778535843,0.19514285027980804,0.3702857196331024,0.6631428599357605,0.8891428709030151,1.6268571615219116,0.0020000000949949026,0.02685714326798916,0.08971428871154785,0.19857142865657806,0.3734285831451416,0.6645714044570923,0.8891428709030151,1.6268571615219116,0,0,0.001714285695925355,1.5971428155899048,0.00020837783813476562,0,4.327037239197004e-08,1.5757704626701637e-05,9.095448729643722e-05,0.0002415292414966853,0.0006005797373933298,0.0024732586272023433,0.004769162016458387,0.012908591805327732,115151,0.02373906783759594,0.03245006315410137,0.04721863381564617,0.08430611342191696,0.21354400366544724,8.090875148773193,23.54915714263916,44.443111419677734,113935,0.018071075901389122,0.03401773869991303,0.06090526282787323,0.11171983182430267,0.27927012741565704,3.5703106880187967,18.359048690795902,44.48915100097656,5;6,11.225967571880858,2.4758628913187293,0.5779385117637327,0.0769133289444076
56,131072,118884,12188,0,12188,117346,117171,0,175,92,1446,0,113326,3845,0,0,1.151667833328247,5.199085307121277,6.546992182731628,9.226421356201172,14.832023859024048,34.31226787567138,53.04245723724363,98.30656433105469,3.913235664367676,5.199378490447998,6.522289276123047,9.173949241638184,14.16118574142456,31.53415298461914,40.797740173339854,49.98347473144531,0.001714285695925355,0.024000000208616257,0.08628571778535843,0.19371429085731506,0.36971428990364075,0.6614285707473755,0.8909057265520091,1.6368571519851685,0.001714285695925355,0.026571428403258324,0.08971428871154785,0.1971428543329239,0.3725714385509491,0.6631428599357605,0.8902857303619385,1.6368571519851685,0,0,0.0014285714132711291,1.5931428670883179,0.00020837783813476562,0,3.5226818603444203e-09,1.591649965864117e-05,9.301965711957834e-05,0.00024461752372212527,0.0006039589068772022,0.0024769671442049996,0.004720234977597185,0.01284034274989277,115142,0.02360459603369236,0.03242707531899214,0.047273751348257065,0.0851961001753807,0.21721025928854942,8.158373546600341,23.31388607025145,44.28511428833008,113931,0.017864122986793518,0.0337847676128149,0.06099863722920418,0.11210881918668747,0.28244027495384216,3.6973302364349365,18.473611450195307,43.524105072021484,5;6;7,11.283734180299783,2.462191781972109,0.5820418540294187,0.059503930094927576
57,131072,119036,12036,0,12036,117517,117330,0,187,89,1430,0,113354,3976,0,0,1.1405565738677979,5.1825337409973145,6.5345470905303955,9.21719741821289,14.782827377319336,34.18741035461426,52.49922065734862,104.65736389160156,3.928234815597534,5.182984638214111,6.514569878578186,9.162096977233887,14.137221574783325,31.287705707550046,40.621303634643525,49.97064208984375,0.001714285695925355,0.024000000208616257,0.0868571400642395,0.19371429085731506,0.3677142858505249,0.6602857112884521,0.8834285736083984,1.6345714330673218,0.001714285695925355,0.026571428403258324,0.09057142585515976,0.1971428543329239,0.37057143449783325,0.6614285707473755,0.8828571438789368,1.6345714330673218,0,0,0.0014285714132711291,1.6037142276763916,0.0002079010009765625,0,8.567934587297717e-08,1.6349335442917762e-05,9.451706063578044e-05,0.0002468466328489489,0.0006046842233274714,0.0024523390272824614,0.00467153757537209,0.012854314537926206,115436,0.023373760282993317,0.03233857825398445,0.047243086621165276,0.08487527072429657,0.21831296384334564,8.12406849861145,23.51047925949094,43.55810546875,114168,0.017909498885273933,0.03351396042853594,0.06075464468449354,0.11238787323236465,0.2837294787168503,3.6642957925796504,18.27655225753788,43.92111587524414,5;6;7,11.348112294293996,2.450447333866297,0.5807070454958035,0.06545422321426925
58,131072,118959,12113,0,12113,117447,117244,0,203,89,1423,0,113265,3979,0,0,1.1456719636917114,5.166618347167969,6.528767347335815,9.221456527709961,14.867917537689209,34.18304748535156,52.50220245361327,98.2005615234375,3.897782564163208,5.167083740234375,6.507050037384033,9.15958023071289,14.1722092628479,31.251045989990214,40.703100433349576,49.98487854003906,0.001714285695925355,0.024000000208616257,0.08714285492897034,0.19371429085731506,0.3659999966621399,0.6571428775787354,0.8794285655021667,1.6317143440246582,0.001714285695925355,0.026571428403258324,0.0908571407198906,0.1971428543329239,0.3691428601741791,0.6588571667671204,0.8794285655021667,1.6317143440246582,0,0,0.0014285714132711291,1.5977143049240112,0.0002079010009765625,0,1.8839269036050242e-08,1.6928512083116096e-05,9.580037863990414e-05,0.00024939706943171336,0.0006101766369141963,0.0024652323887386566,0.004680591309652294,0.012863918722964662,115249,0.023190785199403763,0.03232892751693726,0.047486063092947006,0.08527924120426178,0.218457892537117,8.02130794525142,23.454860458374068,43.78812789916992,113950,0.017667248845100403,0.03343094363808632,0.0607189005240798,0.11247943341732025,0.28334181755781174,3.63277209997177,18.138152141571034,43.251121520996094,5;6;7,11.406877091825148,2.4512545274872957,0.59431840421635,0.060325965194421016
59,131072,119008,12064,0,12064,117471,117295,0,176,88,1449,0,113262,4033,0,0,1.1475518941879272,5.142960786819458,6.507849454879761,9.200380325317383,14.735698461532593,34.18711700439453,52.65919452667236,158.53955078125,3.8752377033233643,5.143215465545654,6.485491037368774,9.14116096496582,14.109684944152832,31.29026393890379,40.62846252441403,49.99321365356445,0.001714285695925355,0.023714285343885422,0.08714285492897034,0.19342857599258423,0.3651428520679474,0.6562857031822205,0.8751428723335266,1.628857135772705,0.001714285695925355,0.026000000536441803,0.0908571407198906,0.19685713946819305,0.36800000071525574,0.6579999923706055,0.8751428723335266,1.628857135772705,0,0,0.0014285714132711291,1.583714246749878,0.00020837783813476562,0,6.407261941918508e-08,1.723311940847108e-05,9.665442374413628e-05,0.00025031146359117984,0.0006084133699465763,0.002469368259902294,0.004682893770448502,0.019606171899280517,115322,0.0230274461209774,0.03229257930070162,0.047438266687095165,0.08556152880191803,0.22110293433070183,8.13948574066162,23.4173317146301,44.360103607177734,114051,0.01746605522930622,0.03311717323958874,0.060396282002329826,0.11263615638017654,0.2830091714859009,3.6368645429611206,18.272669792175293,43.70215606689453,5;6;7,11.46221575682674,2.435743115925325,0.5921464802786947,0.057512511563956786
60,131072,118925,12147,0,12147,117355,117183,0,172,90,1480,0,113103,4080,0,0,1.148206114768982,5.129796409606934,6.50255823135376,9.204730987548828,14.796477317810059,34.227841186523435,53.43763885498045,104.59713745117188,3.8527848720550537,5.1299961566925045,6.47978138923645,9.145574569702148,14.129851341247559,31.221576309204096,40.566583709716795,49.933692932128906,0.0020000000949949026,0.023428572341799736,0.08714285492897034,0.1931428611278534,0.3628571331501007,0.6545714139938354,0.8759999871253967,1.6291428804397583,0.0020000000949949026,0.025714285671710968,0.0908571407198906,0.19657142460346222,0.3659999966621399,0.6562857031822205,0.8757657253742198,1.6291428804397583,0,0,0.0014285714132711291,1.5945714712142944,0.00020837783813476562,0,7.853525053825946e-08,1.740489840867116e-05,9.765781425168809e-05,0.00025254936971899584,0.0006106542990818664,0.002476141529625035,0.004725814210718357,0.012879974594400176,115160,0.02286551520228386,0.03225645460188389,0.04757468495517969,0.08593305945396423,0.2215639017522335,8.074691438674908,23.237927570343032,43.58110427856445,113917,0.017442243173718452,0.03307051062583923,0.06076899915933609,0.11268536001443863,0.2874511480331421,3.7044026851654026,18.393921432495112,43.573116302490234,5;6;7,11.5159999709811,2.4370480095682514,0.5968739186872826,0.05400734314450613
61,131072,118879,12193,0,12193,117336,117155,0,181,91,1452,0,112963,4192,0,0,1.135903239250183,5.118840026855469,6.500986576080322,9.204251289367676,14.88939905166626,34.200383377075184,53.19511878967287,104.45713806152344,3.820525646209717,5.1190649509429935,6.478782415390015,9.144706726074219,14.18371295928955,31.257780265808087,40.50759643554687,49.958072662353516,0.0020000000949949026,0.0231428574770689,0.08714285492897034,0.19285714626312256,0.36171427369117737,0.6528571248054504,0.8789199995994571,1.6277142763137817,0.0020000000949949026,0.025428570806980133,0.0908571407198906,0.19657142460346222,0.3642857074737549,0.6545714139938354,0.8789885783195472,1.6277142763137817,0,0,0.0014285714132711291,1.6054285764694214,0.00020837783813476562,0,4.247987404154896e-08,1.78064536708364e-05,9.860190934866513e-05,0.00025544528233778144,0.0006154303961464374,0.002479617417750679,0.0047310234490649215,0.012982037388459577,115172,0.0227750726044178,0.03223405554890633,0.04782878793776035,0.08674003928899765,0.22360989823937416,7.95767910480499,23.371145019531205,43.8341178894043,113903,0.017241360619664192,0.03299661241471767,0.060751862823963165,0.11318767070770264,0.2869506925344467,3.6900379896163886,18.18217285156246,44.518150329589844,5;6;7,11.563181459401196,2.413617751202706,0.5956835162827979,0.052692380042055634
62,131072,118827,12245,0,12245,117321,117124,0,197,88,1418,0,112912,4212,0,0,1.1675388813018799,5.101178169250488,6.490314483642578,9.194433212280273,14.883635520935059,34.15507850646973,52.5401006317139,104.44735717773438,3.794788360595703,5.101620674133301,6.468054890632629,9.13606071472168,14.192167520523071,31.37519912719726,40.74611484527589,49.97107696533203,0.0014285714132711291,0.022857142612338066,0.08742856979370117,0.19285714626312256,0.36057141423225403,0.6531428694725037,0.8808571696281433,1.6274285316467285,0.0014285714132711291,0.025142857804894447,0.0908571407198906,0.1964285671710968,0.3634285628795624,0.6545714139938354,0.8807914483547222,1.6274285316467285,0,0,0.001714285695925355,1.6011428833007812,0.00020837783813476562,0,3.3085977428786645e-08,1.815256494293622e-05,0.00010044918210944267,0.00025691248643393283,0.0006174671578965687,0.0024770579272124435,0.004737289861201916,0.014212525357610674,115140,0.02257438562810421,0.03223099671304226,0.047813610173761845,0.08698581159114838,0.22545936703681946,8.077734041213967,23.465405883789064,44.325103759765625,113826,0.017089860513806343,0.03285383712500334,0.060422955080866814,0.1131226047873497,0.2846629098057747,3.6612358689308167,17.765063285827637,43.61515426635742,5;6;7,11.627338251069071,2.409438516409846,0.6003510054489299,0.06446196844407495
63,131072,118849,12223,0,12223,117346,117141,0,205,90,1413,0,112890,4251,0,0,1.1655402183532715,5.083299350738526,6.4730305671691895,9.178396224975586,14.825724601745605,34.06703796386717,52.34801330566408,110.87487030029297,3.7587904930114746,5.083794116973877,6.450987339019775,9.119834899902344,14.149337768554688,31.188505172729492,40.67241973876957,49.993568420410156,0.0014285714132711291,0.022857142612338066,0.08742856979370117,0.19257143139839172,0.35857143998146057,0.6502857208251953,0.8824342703819287,1.632285714149475,0.0014285714132711291,0.024857142940163612,0.09114285558462143,0.19571428000926971,0.36142855882644653,0.6517142653465271,0.8817142844200134,1.632285714149475,0,0,0.0014285714132711291,1.5959999561309814,0.00020837783813476562,0,6.666959798359919e-08,1.8389131847136714e-05,0.00010184380065472978,0.0002585375729453457,0.000616467943810942,0.002480716733224122,0.004745590204581297,0.01495314398612086,115031,0.02239658311009407,0.03219507448375225,0.04790494404733181,0.08695649355649948,0.22599326074123383,7.7515459060668945,23.61464576721188,43.34410095214844,113780,0.017087645828723907,0.03274196609854698,0.06045897863805294,0.11291012167930603,0.28473447263240814,3.683301210403431,18.374635066986045,42.62715148925781,5;6;7,11.668110790107887,2.3975961568988953,0.5994556584906682,0.042466964391560176
64,131072,118755,12317,0,12317,117244,117037,0,207,88,1423,0,112712,4325,0,0,1.1609951257705688,5.06618595123291,6.467713356018066,9.17616081237793,14.839242458343506,34.1079090118408,52.55392601013178,101.4356689453125,3.7315313816070557,5.066510391235352,6.445517539978027,9.117793083190918,14.195334434509277,31.22194023132323,40.6778823852539,49.99687576293945,0.0014285714132711291,0.02257142774760723,0.08742856979370117,0.1922857165336609,0.35685715079307556,0.6488571166992188,0.8812742972373939,1.6334285736083984,0.0014285714132711291,0.025142857804894447,0.0908571407198906,0.19542856514453888,0.3597142994403839,0.6499999761581421,0.87971431016922,1.6334285736083984,0,0,0.0014285714132711291,1.591428518295288,0.00020837783813476562,0,2.311012471463611e-08,1.891889517910293e-05,0.00010310615529829451,0.0002604728324690224,0.0006202838640102454,0.002480099590458812,0.0047503958625122475,0.014289389895736443,114969,0.022232044488191605,0.03216583505272865,0.04799327626824379,0.0874067172408104,0.22694359719753265,7.491809654235821,23.052511062622063,44.40311050415039,113648,0.016991354525089264,0.032558228448033334,0.06031565647572279,0.11331959813833237,0.2862577438354492,3.6538889408111515,17.98616331100462,44.44913864135742,5;6;7,11.72188566116608,2.3824227081453913,0.6046602635893867,0.0561164701191561
65,131072,118828,12244,0,12244,117297,117092,0,205,88,1443,0,112733,4359,0,0,1.172190546989441,5.05048131942749,6.4545592069625854,9.184188842773438,14.912671327590942,34.18789806365966,52.95602153778075,101.47067260742188,3.6982481479644775,5.050580406188965,6.431108474731445,9.120442390441895,14.232701063156128,31.358818626403806,40.69812999725342,49.99480056762695,0.001714285695925355,0.022285714745521545,0.08657142519950867,0.1922857165336609,0.3554285764694214,0.6482856869697571,0.8750657212734211,1.632857084274292,0.001714285695925355,0.024571428075432777,0.09028571099042892,0.19542856514453888,0.35857143998146057,0.6497142910957336,0.8748828446865072,1.632857084274292,0,0,0.0014285714132711291,1.5854285955429077,0.00020742416381835938,0,1.6324369740730312e-08,1.9283045171763955e-05,0.0001046005802441649,0.0002634234135051446,0.0006235084953765873,0.002486560817041899,0.004766490288948559,0.014336998898208287,115032,0.022064965218305588,0.03215540423989296,0.0482107512652874,0.08810955286026001,0.2292923592031002,7.280054569244384,23.47230236053468,44.11410903930664,113736,0.0168413445353508,0.032346331514418125,0.06023204140365124,0.11354207992553711,0.2871958538889885,3.761240839958191,18.073283386230386,44.54014205932617,5;6;7,11.781547240008145,2.3804121557635884,0.6066904084672569,0.059729957299775156
66,131072,118740,12332,0,12332,117240,117049,0,191,88,1412,0,112736,4313,0,0,1.1735351085662842,5.021987891197204,6.421074390411377,9.161186218261719,14.8892183303833,34.07652206420897,52.517881393432624,100.59989166259766,3.672534942626953,5.022223567962646,6.401266574859619,9.097537994384766,14.271841049194336,31.236033248901325,40.60775146484377,49.994564056396484,0.0020000000949949026,0.02199999988079071,0.0868571400642395,0.19171428680419922,0.3540000021457672,0.6482856869697571,0.8768571615219116,1.6274285316467285,0.0020000000949949026,0.024000000208616257,0.09028571099042892,0.1948571354150772,0.35685715079307556,0.6497142910957336,0.8768571615219116,1.6274285316467285,0,0,0.0011428571306169033,1.590000033378601,0.00020837783813476562,0,2.4496737760868034e-08,1.9760581555864067e-05,0.00010589640344981355,0.00026537708709830233,0.0006231092062525948,0.002474969574855706,0.004782513274821979,0.01432939147852616,114905,0.021852632984519005,0.03212706372141838,0.048175398260354996,0.08886156976222992,0.2348473221063614,8.04179515838621,23.358008651733364,42.70314025878906,113648,0.016694681718945503,0.032181779853999615,0.059733166359364986,0.11340130120515823,0.2853555604815483,3.6444896578788737,17.482756156921372,42.30110549926758,5;6;7,11.835805350538678,2.36080494436684,0.6049358741342238,0.05771883304283024
67,131072,118646,12426,0,12426,117134,116953,0,181,90,1422,0,112544,4409,0,0,1.1756526231765747,4.997093200683594,6.405535459518433,9.152060508728027,14.921647071838379,34.05459690093994,52.53909645080569,97.76736450195312,3.6263022422790527,4.997292327880859,6.384557247161865,9.079668998718262,14.28360366821289,31.182146453857406,40.51824096679685,49.993568420410156,0.0020000000949949026,0.021714285016059875,0.0868571400642395,0.19028571248054504,0.3499999940395355,0.6454285979270935,0.8804428666830071,1.6291428804397583,0.0020000000949949026,0.023714285343885422,0.09057142585515976,0.19342857599258423,0.35285714268684387,0.6468571424484253,0.8811428546905518,1.628857135772705,0,0,0.001714285695925355,1.6028571128845215,0.00020837783813476562,0,4.592185774592454e-08,2.065223933595302e-05,0.00010772193730939753,0.0002696454891639689,0.0006242461492070065,0.002455874293145284,0.004732546013672298,0.012937591881596369,114858,0.021623823791742325,0.032196592167019845,0.04844347108155489,0.08989638090133667,0.2353043146431446,7.609234762191773,23.300605506896964,43.69510269165039,113556,0.016521146520972252,0.03215877804905176,0.060044512152671814,0.1140766367316246,0.2900342494249344,3.6858246326446533,17.15281124114988,41.91916275024414,5;6;7,11.90098423653645,2.3409590793342967,0.6069131199409259,0.06816197649555557
68,131072,118716,12356,0,12356,117225,117028,0,197,95,1396,0,112444,4584,0,0,1.08893620967865,4.966189742088318,6.389996647834778,9.146389961242676,14.918831586837769,33.94853115081787,52.49510231018075,97.9423599243164,3.5793051719665527,4.966687893867492,6.3680641651153564,9.070438385009766,14.3079354763031,31.25189933776854,40.55639671325682,49.996437072753906,0.001714285695925355,0.02142857201397419,0.08628571778535843,0.18971428275108337,0.3474999889731407,0.6420000195503235,0.8765714168548584,1.6271429061889648,0.001714285695925355,0.023714285343885422,0.08971428871154785,0.19285714626312256,0.35028570890426636,0.6437143087387085,0.8765714168548584,1.6271429061889648,0,0,0.0014285714132711291,1.6045714616775513,0.00020837783813476562,0,5.692924954555603e-08,2.1287818504905436e-05,0.00010991257571523671,0.00027352251543448004,0.0006267626735465102,0.002455833285671178,0.00468025181851805,0.013004687142189508,114990,0.021305136382579803,0.03224942162632942,0.048644871450960636,0.09053022414445877,0.2366679422557354,7.794011688232413,23.598946418762218,43.14315414428711,113688,0.01619766093790531,0.03200675118714571,0.06026475038379431,0.11433245241641998,0.2916378006339073,3.786857497692103,18.028609104156548,43.205108642578125,5;6;7,11.984602554241535,2.3150583139901193,0.6050018508201862,0.08755869831658386
69,131072,118560,12512,0,12512,117035,116859,0,176,90,1435,0,112165,4694,0,0,1.1665396690368652,4.9225335121154785,6.375316619873047,9.136035919189453,14.96383786201477,34.00119247436521,52.73199398040773,101.44466400146484,3.5548505783081055,4.922825193405151,6.3505964279174805,9.061949729919434,14.39252233505249,31.210566520690893,40.48431411743163,49.97980880737305,0.001714285695925355,0.021142857149243355,0.08571428805589676,0.18885713815689087,0.34628570079803467,0.6388571262359619,0.871999979019165,1.6308571100234985,0.001714285695925355,0.0231428574770689,0.08914285898208618,0.19200000166893005,0.3488571345806122,0.6405714154243469,0.871999979019165,1.6308571100234985,0,0,0.0014285714132711291,1.6057143211364746,0.00020742416381835938,0,7.450243972588699e-08,2.1575093233528586e-05,0.00011197311196627952,0.00027738369497168455,0.000633122842154275,0.0024664515956820485,0.004710449169980558,0.014456561604063908,114716,0.02104596234858036,0.03236920386552811,0.048998765647411346,0.09153454005718231,0.23703987151384354,7.733471870422363,23.414016628265387,43.25914764404297,113434,0.01598343439400196,0.0317847928032279,0.059805464930832386,0.11449551582336426,0.2935168966650963,3.885619390010826,17.912859249114945,42.97411346435547,5;6;7,12.080238783286855,2.284592447211515,0.6183750572366936,0.10125857985592705
70,131072,118479,12593,0,12593,117029,116852,0,177,87,1363,0,112085,4767,0,0,1.1555466651916504,4.854624700546265,6.341869831085205,9.120731353759766,14.880194187164307,33.701425552368136,52.265010299682615,101.53666687011719,3.4976069927215576,4.854973793029785,6.322110652923584,9.041627883911133,14.35283374786377,31.10204973220825,40.562621841430676,49.9912109375,0.001714285695925355,0.02085714228451252,0.08571428805589676,0.18685714900493622,0.34285715222358704,0.6359999775886536,0.8772057104110721,1.6334285736083984,0.001714285695925355,0.02257142774760723,0.08914285898208618,0.18971428275108337,0.34542858600616455,0.6374285817146301,0.8754285573959351,1.6334285736083984,0,0,0.001714285695925355,1.6011428833007812,0.00020837783813476562,0,7.032612096347794e-08,2.233791834006533e-05,0.00011331552918526922,0.000281175257860522,0.0006343407345772434,0.0024540792516084325,0.004672103472412698,0.01446900541218012,114761,0.02067907527089119,0.03213867172598839,0.04895106703042984,0.09160958230495453,0.23614241182804108,7.737177848815918,23.475122451782227,42.60115051269531,113487,0.015743575990200043,0.03139620050787926,0.05948637053370476,0.11427396535873413,0.2906543165445328,3.827978968620299,17.48699729919433,42.68316650390625,5;6;7,12.203375908776282,2.2742137020740594,0.6173666275435771,0.12357785786650062
71,131072,118260,12812,0,12812,116762,116578,0,184,89,1409,0,111732,4846,0,0,1.1704292297363281,4.804716420173645,6.337497234344482,9.117634773254395,14.961256265640259,33.77249584197997,52.725768013000526,165.0797882080078,3.4448580741882324,4.805192947387695,6.314593076705933,9.03359603881836,14.452024459838867,31.089736843109115,40.35244079589843,49.94980239868164,0.001714285695925355,0.020571429282426834,0.0860000029206276,0.18657143414020538,0.3417142927646637,0.6328571438789368,0.8862857222557068,1.631428599357605,0.001714285695925355,0.022285714745521545,0.08942857384681702,0.18942856788635254,0.3442857265472412,0.6340000033378601,0.8845714330673218,1.631428599357605,0,0,0.0014285714132711291,1.5877143144607544,0.00020837783813476562,0,8.316003876688795e-08,2.2916149556632675e-05,0.00011486461301045722,0.0002858352324456534,0.0006420218144410488,0.002463032116157806,0.0046393226674163075,0.02456458372268323,114357,0.02035944163799286,0.03218757659196854,0.049353811889886856,0.09353659301996231,0.2374459207057953,7.305226993560791,23.515582046508797,43.693092346191406,113232,0.015478145331144333,0.03107242165133357,0.059090783819556236,0.11473643779754639,0.29338230192661285,3.8856250166892954,17.964357910156288,43.10310745239258,5;6;7,12.327400424040817,2.2383148414032856,0.6266195457801915,0.12944661092495266
72,131072,118223,12849,0,12849,116732,116562,0,170,88,1403,0,111616,4946,0,0,1.156765103340149,4.735423469543457,6.318459987640381,9.104616165161133,15.005666255950928,33.6234924316406,52.70884498596191,124.45287322998047,3.3713796138763428,4.735647082328796,6.299111008644104,9.027673721313477,14.472999095916748,30.970500183105468,40.34941608428955,49.99280548095703,0.001714285695925355,0.020285714417696,0.08571428805589676,0.18457143008708954,0.33885714411735535,0.6285714507102966,0.8928571343421936,1.6297142505645752,0.001714285695925355,0.02199999988079071,0.08914285898208618,0.18771427869796753,0.34142857789993286,0.6299999952316284,0.8923971450328825,1.6297142505645752,0,0,0.0014285714132711291,1.5928571224212646,0.00020837783813476562,0,6.224007436130968e-08,2.29010981002803e-05,0.00011679108529692142,0.0002911794281072947,0.0006464587085247365,0.0024502116511171583,0.0046624404568184384,0.016937440959253935,114290,0.020070496946573257,0.03205621615052223,0.04937200527638197,0.09480101615190506,0.23884045332670212,7.404377913475016,23.363374176025392,45.084102630615234,113167,0.015340923331677914,0.030733679607510566,0.05861065350472927,0.11450697481632233,0.29146528244018555,3.9140015840530378,18.07254013061521,43.64617156982422,5;6;7,12.461235632419314,2.2169466249016194,0.6242676752227116,0.13555070996972576
73,131072,118349,12723,0,12723,116856,116706,0,150,91,1402,0,111648,5058,0,0,1.1445538997650146,4.668638515472412,6.296425819396973,9.087812423706055,14.992633819580078,33.557532501220706,52.742532348632814,158.76856994628906,3.342931032180786,4.669414281845093,6.275875926017761,9.009641647338867,14.48347020149231,30.933624744415283,40.33741455078125,49.99114990234375,0.001714285695925355,0.01971428655087948,0.08514285832643509,0.18285714089870453,0.33485713601112366,0.6254285573959351,0.8941485810279858,1.6299999952316284,0.001714285695925355,0.02142857201397419,0.08857142925262451,0.18571428954601288,0.33714285492897034,0.6268571615219116,0.8942714512348167,1.6299999952316284,0,0,0.001714285695925355,1.604857087135315,0.00020837783813476562,0,4.415009235111862e-08,2.3525113927984145e-05,0.0001198013371566521,0.0002966432185875659,0.0006480461620803438,0.002435892926618843,0.00463348569679247,0.019633684905561753,114438,0.019697031006217003,0.03201811239123344,0.049552625976502895,0.09523458778858185,0.23861149698495865,7.136875247955278,23.978255405426026,44.044097900390625,113430,0.015050056390464306,0.030333246290683746,0.05828133039176464,0.11456568539142609,0.292367659509182,4.025911331176751,18.015329322814917,42.69716262817383,5;6;7,12.600149982005696,2.1749340385744698,0.6239218411155824,0.1451288170286439
74,131072,118138,12934,0,12934,116700,116550,0,150,90,1348,0,111276,5274,0,0,1.1605435609817505,4.622687435150146,6.295093536376953,9.116840362548828,15.115548372268677,33.39409942626953,52.24591827392592,185.0604705810547,3.279935359954834,4.623244118690491,6.273787617683411,9.035456657409668,14.605026245117188,30.929256725311244,40.4222608566284,49.99343490600586,0.0014285714132711291,0.01971428655087948,0.08485714346170425,0.18142856657505035,0.332571417093277,0.6228571534156799,0.9031428694725037,1.6282857656478882,0.0014285714132711291,0.021142857149243355,0.08828571438789368,0.1842857152223587,0.3351428508758545,0.6240000128746033,0.9031428694725037,1.6282857656478882,0,0,0.001714285695925355,1.6028571128845215,0.00020837783813476562,0,1.1002964536673023e-07,2.4287755151377556e-05,0.00012306413887784243,0.0003033442606681509,0.0006542945591275347,0.002441419564556116,0.004628959330875738,0.0255500430258587,114308,0.019416216760873795,0.032135746255517,0.050115146674215794,0.09679563343524933,0.24247587472200394,7.359515166282643,24.013941364288304,44.1050910949707,113373,0.014753014780580997,0.03012751415371895,0.05835995078086853,0.115141861140728,0.2963176369667053,4.025410270690917,17.737777328491205,42.896087646484375,5;6;7,12.753650957906915,2.121226149327966,0.630833831718444,0.16277242574845188
75,131072,118322,12750,0,12750,116886,116734,0,152,87,1349,0,111381,5353,0,0,1.156765103340149,4.533040237426758,6.267173171043396,9.08496379852295,15.106445550918579,33.330409049987786,52.151255531310746,151.43113708496094,3.2289395332336426,4.5334391593933105,6.2453659772872925,9.00257396697998,14.607134342193604,30.941355991363523,40.25906066894531,49.9705696105957,0.001714285695925355,0.019428571686148643,0.08457142859697342,0.18085713684558868,0.3305714428424835,0.6214285492897034,0.9041657286882364,1.6271429061889648,0.001714285695925355,0.02085714228451252,0.08799999952316284,0.18371428549289703,0.33314284682273865,0.6229571431875204,0.9031428694725037,1.6271429061889648,0,0,0.001714285695925355,1.6080000400543213,0.00020837783813476562,0,1.9074085261511804e-08,2.486874605382591e-05,0.00012625795409263046,0.0003074640478224089,0.0006594068594154744,0.0024444429683194127,0.0046484838608676195,0.014003625277279429,114338,0.01901024580001831,0.032195784710347654,0.05026502162218094,0.09663252532482147,0.2405557781457901,7.185620498657216,23.49155939102176,43.975093841552734,113455,0.014474853873252869,0.029857811331748963,0.05776292271912098,0.11540687829256058,0.29827679693698883,4.089432144165038,18.27741813659654,42.96906280517578,5;6;7,12.895700119718171,2.057413210225909,0.6374527205247801,0.15586489424226957
76,131072,118439,12633,0,12633,117021,116866,0,155,87,1331,0,111427,5439,0,0,1.1485512256622314,4.444650173187256,6.245749473571777,9.069845199584961,15.18527603149414,33.233620071411124,51.79839859008787,158.37156677246094,3.1444547176361084,4.445162773132324,6.222602486610413,8.998458862304688,14.643697738647461,30.909080982208252,40.20369491577149,49.97407150268555,0.001714285695925355,0.01914285682141781,0.08457142859697342,0.1794285774230957,0.3285714387893677,0.6211428642272949,0.9117143154144287,1.632857084274292,0.001714285695925355,0.020571429282426834,0.08799999952316284,0.18228571116924286,0.3311428427696228,0.6224999874830246,0.9118143051862734,1.632857084274292,0,0,0.0014285714132711291,1.5962857007980347,0.00020837783813476562,0,7.368350409409031e-08,2.582518560983794e-05,0.00012879934899644207,0.0003126635288660339,0.0006625850647716033,0.0024342402789337314,0.004606786728796643,0.021208515001972992,114617,0.01875399984419346,0.03213310688734055,0.050575025379657745,0.09715729206800461,0.2447437345981598,7.366481876373289,23.706862106323236,44.27309799194336,113616,0.014203548431396484,0.029220880940556526,0.057018818333745,0.11554569005966187,0.2970837503671646,4.204402685165405,18.291906452179003,42.9760627746582,5;6;7,13.040975707683721,2.009874704612402,0.6518044452816193,0.15352810159119962
77,131072,118523,12549,0,12549,117148,116995,0,153,91,1284,0,111361,5634,0,0,1.1485512256622314,4.3662786960601805,6.210545539855957,9.052530288696289,15.140715599060059,33.04658966064453,51.457694091796846,158.20155334472656,3.1430089473724365,4.367425775527954,6.183615684509277,8.966617584228516,14.664654731750488,30.744985961913958,40.14889518737791,49.99662399291992,0.0014285714132711291,0.01914285682141781,0.08457142859697342,0.17828571796417236,0.32600000500679016,0.6191428303718567,0.9245085906982419,1.6265714168548584,0.0014285714132711291,0.020571429282426834,0.087714284658432,0.18085713684558868,0.328000009059906,0.6208571195602417,0.9231942808628062,1.6265714168548584,0,0,0.0014285714132711291,1.597428560256958,0.00020837783813476562,0,7.80881539090626e-08,2.6883073904230947e-05,0.00013105702425973893,0.0003134575649487378,0.0006641265577181937,0.0024234878227860314,0.004586356784168116,0.020833762268815385,114695,0.018412578850984573,0.032195243239402774,0.05081271380186081,0.09684238582849503,0.2431841865181923,7.368581485748278,23.845155410766598,43.142093658447266,113796,0.01416412927210331,0.02881942829117179,0.056677485816180706,0.11523644626140594,0.29453734308481216,4.1798577308654785,17.416845607757605,43.21012878417969,5;6;7,13.209010547514938,1.971164310041835,0.6432963829000758,0.17264584898108568
78,131072,118669,12403,0,12403,117268,117128,0,140,91,1310,0,111375,5753,0,0,1.1755338907241821,4.258597946166992,6.169321060180664,9.020161628723145,15.074333190917969,33.00840530395506,51.836508941650386,150.98114013671875,3.0139763355255127,4.259673237800598,6.142045855522156,8.943562507629395,14.650721549987793,30.777325916290277,40.156512489318835,49.98280334472656,0.001714285695925355,0.018857141956686974,0.08485714346170425,0.1777142882347107,0.3248571455478668,0.618571400642395,0.9255200076103188,1.6274285316467285,0.001714285695925355,0.019999999552965164,0.087714284658432,0.18028570711612701,0.32742857933044434,0.6200000047683716,0.9257143139839172,1.6274285316467285,0,0,0.0014285714132711291,1.6014286279678345,0.00020837783813476562,0,3.505076174731004e-08,2.823530510241961e-05,0.00013466778612667178,0.0003145772094818042,0.0006751656223565405,0.0024189849050722232,0.004627406120910332,0.02081120842230199,114729,0.018155625090003014,0.03251139596104622,0.0511171855032444,0.09712744504213333,0.24888716638088226,7.462619686126701,23.949084091186528,43.173152923583984,113907,0.013770799152553082,0.028099261969327927,0.05620979517698288,0.11551585793495178,0.29419080913066864,4.212140798568726,17.63329025268558,42.966129302978516,5;6,13.348451482918192,1.8977602127656379,0.6398490939941586,0.15761922396671263
79,131072,118869,12203,0,12203,117473,117323,0,150,88,1308,0,111528,5795,0,0,1.1625419855117798,4.149470615386963,6.12740421295166,9.025348663330078,15.027116775512695,32.9313980102539,51.80441696166991,157.82479858398438,3.0442564487457275,4.150544786453247,6.101564884185791,8.941950798034668,14.672800064086914,30.701479721069333,40.3523378753662,49.99799728393555,0.001714285695925355,0.01914285682141781,0.08485714346170425,0.1768571436405182,0.32342857122421265,0.6168571710586548,0.930091426372526,1.6294286251068115,0.001714285695925355,0.020571429282426834,0.08799999952316284,0.1794285774230957,0.3257142901420593,0.6179999709129333,0.9308571219444275,1.6294286251068115,0,0,0.0014285714132711291,1.5920000076293945,0.00020837783813476562,0,7.368981083876322e-08,3.0460367246920086e-05,0.00013827261312709672,0.00032053371811330907,0.0006827311241867005,0.0024227790900333518,0.004616493587332476,0.021139862069678026,114997,0.017861053347587585,0.03263493478298187,0.05115923285484314,0.09748037904500961,0.24962115287780762,7.439147853851319,24.02339271545407,43.574092864990234,114290,0.013547915033996105,0.027225431613624097,0.05552500952035189,0.1150193139910698,0.29455145448446274,4.268236351013161,18.040374183654787,44.63911437988281,5;6,13.510110737234697,1.8279172007966924,0.6445815266138767,0.1761651405515948
80,131072,118625,12447,0,12447,117215,117078,0,137,90,1320,0,111297,5781,0,0,1.1615428924560547,4.061300754547119,6.099947452545166,9.050835609436035,15.015495300292969,33.105038452148435,51.788449859619085,150.63235473632812,2.8891143798828125,4.062635278701782,6.0735169649124146,8.973505020141602,14.747111320495605,30.908681964874255,40.51998432159424,49.89647674560547,0.001714285695925355,0.019428571686148643,0.08542857319116592,0.17657142877578735,0.3214285671710968,0.6194285750389099,0.9297142624855042,1.6285713911056519,0.001714285695925355,0.02085714228451252,0.08828571438789368,0.17914286255836487,0.3237142860889435,0.6208571195602417,0.9294942849874485,1.6285713911056519,0,0,0.0011428571306169033,1.5997142791748047,0.00020837783813476562,0,6.27405977775804e-08,3.262302805627124e-05,0.0001420316052452733,0.00032901777848191036,0.0006919000008514955,0.0024000121901074536,0.0046269165591418145,0.014254668439922045,114698,0.017607565969228745,0.03282094392925501,0.0515496963635087,0.09794530272483826,0.2536858171224594,7.436710214614852,23.979589824676495,46.04207992553711,113923,0.01339795719832182,0.026732912100851536,0.055302759632468224,0.11569015681743622,0.2908243238925934,4.2776002883911115,18.378557739257808,43.38408279418945,5;6,13.662819701407848,1.7143614290876121,0.6628187241858007,0.1911740997168779
81,131072,118880,12192,0,12192,117453,117310,0,143,91,1336,0,111634,5676,0,0,1.1605433225631714,3.926457405090332,6.039968848228455,9.018951416015625,14.98862624168396,32.989779472351024,51.78330883026118,150.4735565185547,2.9760241508483887,3.927638864517212,6.01630973815918,8.941988945007324,14.76626968383789,30.675333023071236,40.67442516326904,49.983299255371094,0.0011428571306169033,0.019428571686148643,0.0860000029206276,0.17599999904632568,0.322857141494751,0.6225714087486267,0.929774268865583,1.6271429061889648,0.0011428571306169033,0.02085714228451252,0.08914285898208618,0.17885714769363403,0.3254285752773285,0.6242856979370117,0.9308571219444275,1.6271429061889648,0,0,0.0011428571306169033,1.5980000495910645,0.00020837783813476562,0,2.6096222805715466e-08,3.4568653190398707e-05,0.00014719072177188464,0.00033654868177845606,0.0007029412203149133,0.0024120841611593316,0.004713309549615551,0.018542649658918227,114955,0.017436301335692406,0.0325593750923872,0.05145307444036007,0.09804390370845795,0.2525900900363922,7.47018527984619,24.034175720214755,43.653106689453125,114218,0.013311891816556454,0.025566079001873732,0.05357145890593529,0.11501045525074005,0.2884516417980194,4.2825690269470105,18.51989450454712,45.836090087890625,5;6;7,13.833314054613822,1.633999854952979,0.6991799760032855,0.19195949496248998
82,131072,118843,12229,0,12229,117397,117255,0,142,88,1358,0,111519,5736,0,0,1.147895336151123,3.8221456527709963,6.015628099441528,9.02307415008545,15.042226314544678,32.851156234741204,51.90641189575205,183.9741973876953,2.967106342315674,3.8224629402160644,5.989904403686523,8.939785957336426,14.73281192779541,30.43759002685546,40.571204452514465,49.96339416503906,0.001714285695925355,0.01971428655087948,0.08628571778535843,0.17571428418159485,0.3214285671710968,0.6188571453094482,0.9257143139839172,1.6311428546905518,0.001714285695925355,0.02142857201397419,0.08942857384681702,0.17828571796417236,0.3240000009536743,0.6208571195602417,0.9267028439044929,1.6311428546905518,0,0,0.0014285714132711291,1.5911428928375244,0.00020837783813476562,0,2.689905965360169e-08,3.503630293582719e-05,0.00015109034454023878,0.00034396923849935824,0.0007086267003960404,0.002388970343346074,0.004729905239814503,0.018524938441978517,114938,0.017346100881695747,0.032490740343928334,0.051260351203382015,0.09766139090061188,0.2507748156785965,7.17630352973938,24.146393394470223,43.54110336303711,114242,0.013274543918669224,0.024760691542178394,0.05261985398828983,0.11509115993976593,0.28859568387269974,4.197036027908318,18.015047283172592,43.703060150146484,5;6;7,14.00874240635532,1.563833335995611,0.7138295185361452,0.1895074037439055
83,131072,119059,12013,0,12013,117683,117538,0,145,91,1285,0,111775,5763,0,0,1.1435545682907104,3.684415078163147,5.9612202644348145,9.009845733642578,15.0802001953125,32.66415176391601,51.308110580444335,150.109375,2.906937599182129,3.6849560737609863,5.931086540222168,8.910882949829102,14.729956865310669,30.563502788543694,40.57181034088136,49.986392974853516,0.0020000000949949026,0.019999999552965164,0.08714285492897034,0.17628571391105652,0.32114285230636597,0.6240000128746033,0.9326914238929743,1.6262856721878052,0.0020000000949949026,0.02199999988079071,0.09000000357627869,0.17885714769363403,0.3237142860889435,0.6257143020629883,0.9325714111328125,1.6262856721878052,0,0,0.0014285714132711291,1.5854285955429077,0.00020837783813476562,0,1.1849083924285342e-07,3.57701862621619e-05,0.0001545703602475779,0.0003486537650858366,0.0007143344337046185,0.0023572938899381907,0.004587293621919266,0.014018447253154306,115117,0.017305022105574608,0.03208248764276504,0.05099502578377724,0.09782779961824417,0.2503269612789154,7.219577026367183,23.971824188232414,43.7411003112793,114448,0.013209194876253605,0.023873239010572433,0.05115791317075491,0.11449938267469406,0.28410961478948593,4.253379702568053,18.679006729125973,44.5490837097168,5;6;7,14.194376009781033,1.4775002430354587,0.7194217463294069,0.20480359047773702
84,131072,119136,11936,0,11936,117761,116851,0,910,91,1284,0,111161,5690,0,0,1.1017019748687744,3.568757951259613,5.889086604118347,8.987760543823242,15.119878053665161,32.54641056060791,51.07788906097409,157.07728576660156,2.8175206184387207,3.605555772781372,5.917009353637695,8.947890281677246,14.830775260925293,30.50115394592285,40.698495864868164,49.993804931640625,0.0014285714132711291,0.021142857149243355,0.087714284658432,0.1768571436405182,0.32171428203582764,0.6302857398986816,0.9334285855293274,1.6262856721878052,0.0014285714132711291,0.022857142612338066,0.09000000357627869,0.17828571796417236,0.3214285671710968,0.6285714507102966,0.9337142705917358,1.6262856721878052,0,0,0.0014285714132711291,1.5997142791748047,0.0002079010009765625,0,1.1355074473575217e-07,3.608262000544909e-05,0.00015708135407586509,0.00035238205734530156,0.0007191566225329634,0.0023449508305555837,0.004567794965598502,0.018461138533811434,114361,0.017116772010922432,0.03186432644724846,0.05096883326768875,0.09770933538675308,0.247276172041893,7.204910755157471,23.97971343994138,45.34206771850586,113772,0.013078355230391026,0.023515247087925673,0.051255740225315094,0.1152510792016983,0.2861281931400299,4.267112922668451,18.94784454345699,45.37110137939453,5;6;7,14.367273354458128,1.3772338437308733,0.7086218248109593,0.20015863941059672
85,131072,119474,11598,0,11598,118117,117155,0,962,88,1269,0,111371,5784,0,0,1.1821842193603516,3.423304259777069,5.782117962837219,8.926254272460938,15.115869760513306,32.2573101043701,50.84918155670167,208.5501708984375,2.7229549884796143,3.4607633829116824,5.80519962310791,8.895660400390625,14.832530975341797,30.38432846069335,40.599258499145506,49.997806549072266,0.001714285695925355,0.021714285016059875,0.08828571438789368,0.17800000309944153,0.3222857117652893,0.6278142869472478,0.9380771583318722,1.6294286251068115,0.001714285695925355,0.023428572341799736,0.09057142585515976,0.1794285774230957,0.32199999690055847,0.6234285831451416,0.9412742722034431,1.6294286251068115,0,0,0.0014285714132711291,1.572285771369934,0.0002079010009765625,0,6.260902770502608e-08,3.7872218051990275e-05,0.00016017089332753446,0.0003558160505501279,0.0007307135715806443,0.002344043798325667,0.004548989394091869,0.02002626983202805,114613,0.01664235070347786,0.030853426456451415,0.05043740198016167,0.09773416817188263,0.24909113347530365,7.132629394531243,23.62184478759767,46.27106857299805,113998,0.012643249705433846,0.02263800771906972,0.04998726397752762,0.11430962383747101,0.2839762717485428,4.326078033447265,18.57342529296874,46.21211242675781,5;6;7,14.546257725417988,1.2668037206486944,0.7069467395636033,0.2103164830497787
86,131072,119699,11373,0,11373,118323,117136,0,1187,89,1287,0,111363,5773,0,0,1.1574375629425049,3.287754344940186,5.685592889785767,8.905190467834473,15.225160598754883,32.222381591796854,50.9842765808106,149.48878479003906,2.656961679458618,3.3304993510246277,5.725174188613892,8.885459899902344,14.997289180755615,30.394476890563965,40.63224391937244,49.8276252746582,0.001714285695925355,0.02199999988079071,0.08857142925262451,0.17914286255836487,0.322857141494751,0.6294285655021667,0.9282914316654217,1.6302857398986816,0.001714285695925355,0.02428571507334709,0.0908571407198906,0.18142856657505035,0.324571430683136,0.6265714168548584,0.9265714287757874,1.6291428804397583,0,0,0.0014285714132711291,1.569428563117981,0.00020837783813476562,0,4.4598217416963965e-08,3.922273188096347e-05,0.00016469922447506219,0.00036571593670073956,0.0007474364523557158,0.002377647474143938,0.004551667527037224,0.019948785135047623,114608,0.01612522266805172,0.029439372289925814,0.04981125611811876,0.09700602293014526,0.24983160197734833,7.185785722732539,23.67348602294914,46.49105453491211,114024,0.012324124574661255,0.021588284615427257,0.047973512671887875,0.11372028291225433,0.28614499419927597,4.120140504837029,17.50876123428358,43.835147857666016,5;6;7,14.720797405654757,1.1410484327309192,0.7687635541247579,0.2238298706136525
87,131072,119567,11505,0,11505,118150,117218,0,932,96,1321,0,111311,5907,0,0,1.168538212776184,3.1729146242141724,5.585521697998047,8.884279251098633,15.358762741088867,32.129066848754874,51.23680648803708,156.407470703125,2.6125781536102295,3.210287141799927,5.605556488037109,8.842578887939453,15.090680837631226,30.241505908966065,40.75108299255373,49.99151611328125,0.001714285695925355,0.02257142774760723,0.08857142925262451,0.1794285774230957,0.3237142860889435,0.6208571195602417,0.9422857165336609,1.628857135772705,0.001714285695925355,0.024857142940163612,0.0908571407198906,0.18199999630451202,0.3257142901420593,0.6208571195602417,0.9441885477304469,1.628857135772705,0,0,0.0014285714132711291,1.540857195854187,0.00020837783813476562,0,6.778494798028143e-08,3.6672926175763636e-05,0.00016589781643383406,0.00036767423159878113,0.0007569507300665773,0.0023739038692567843,0.0046126679948034835,0.019936591097035355,115012,0.015811895951628685,0.027337055560201405,0.04928259365260601,0.09627440571784973,0.2479148842394352,7.229503488540648,23.412614498138414,47.00105285644531,114411,0.012089351192116737,0.020640676841139793,0.0458298996090889,0.11230762302875519,0.28124840557575226,4.1744065284729,17.997472190856897,45.27805709838867,5;6;7,14.926944699056705,1.050884559626351,0.7688711118088123,0.22500276033600297
88,131072,119294,11778,0,11778,117877,117112,0,765,88,1329,0,111059,6053,0,0,1.1264582872390747,3.10739985704422,5.530428051948547,8.859512329101562,15.519017219543457,32.06411781311034,51.39672245025633,156.21246337890625,2.5882105827331543,3.1433431625366213,5.544509053230286,8.79355239868164,15.256383657455444,30.121298122405996,40.917439880371084,49.98739242553711,0.001714285695925355,0.022857142612338066,0.08799999952316284,0.1794285774230957,0.3231428563594818,0.6141000121831869,0.9731428623199463,1.628000020980835,0.001714285695925355,0.025428570806980133,0.09057142585515976,0.18199999630451202,0.32514286041259766,0.6151428818702698,0.9739999771118164,1.628000020980835,0,0,0.001714285695925355,1.4991428852081299,0.0002079010009765625,0,9.25334074580342e-08,3.410949324079424e-05,0.00016746591997624156,0.0003718616067262859,0.0007692635090863015,0.0023956392629279244,0.004668237731315162,0.019899128995476734,115054,0.015616118907928467,0.025589994434267283,0.04901841003447771,0.0960092544555664,0.25134536623954773,7.2541448831558215,23.733905849456796,44.8390998840332,114312,0.011808673851191998,0.02025038078427315,0.04539917502552271,0.11242809891700745,0.2816157713532448,4.100294685363767,17.700908126831052,44.923133850097656,5;6;7,15.139927185548942,0.9496211551319694,0.7703326188526183,0.2358345874655533
89,131072,119522,11550,0,11550,118153,117590,0,563,84,1285,0,111428,6162,0,0,1.1574375629425049,3.024535965919495,5.424061298370361,8.744710922241211,15.523296117782593,31.925158214569084,51.22471244812011,156.05548095703125,2.5540807247161865,3.0511857151985167,5.426432132720947,8.662363052368164,15.3252112865448,29.908401107788084,41.066194458007814,49.99999237060547,0.0020000000949949026,0.024000000208616257,0.08885714411735535,0.18085713684558868,0.3240000009536743,0.6114285588264465,0.997082857489584,1.6268571615219116,0.0020000000949949026,0.026571428403258324,0.09142857044935226,0.18314285576343536,0.326285719871521,0.6134285926818848,0.9991428852081299,1.621142864227295,0,0,0.0014285714132711291,1.4608571529388428,0.00020837783813476562,0,1.0710270763554052e-07,3.298270210116218e-05,0.00016957440118747538,0.00037264716787351493,0.000775606244145835,0.002376445694482389,0.004668199537074564,0.019867587124725465,115790,0.01534294430166483,0.023175510670989753,0.04782544821500778,0.09530039131641388,0.25144216418266296,7.152739286422716,23.25768524169922,44.62511444091797,114969,0.01166016049683094,0.019469952583312987,0.043890710920095444,0.1106429174542427,0.2763690948486328,4.02414903640747,17.905289840698156,44.643096923828125,6;7,15.328804462836885,0.8248172595462139,0.7238002641700646,0.2311187968586498
90,131072,119899,11173,0,11173,118512,118019,0,493,97,1290,0,111983,6036,0,0,1.1369026899337769,2.9479501008987428,5.280787229537964,8.640524864196777,15.487819194793701,31.841950798034617,51.09436195373538,148.63604736328125,2.501086950302124,2.969466948509216,5.279733180999756,8.568601608276367,15.29577922821045,29.77635803222656,41.193833694457986,49.997779846191406,0.001714285695925355,0.024571428075432777,0.08971428871154785,0.1842857152223587,0.328000009059906,0.6145714521408081,1.0065771269798292,1.6180000305175781,0.0020000000949949026,0.027142856270074844,0.0925714299082756,0.18685714900493622,0.3305714428424835,0.6162857413291931,1.0077142715454102,1.6180000305175781,0,0,0.0014285714132711291,1.1142857074737549,0.00020837783813476562,0,5.373276250374221e-08,3.4070913534258904e-05,0.00017400279142950042,0.00037880251248722564,0.0007835351448686059,0.0023814960924203724,0.004682805127681304,0.014175745191227348,116306,0.015031823888421059,0.021068481728434563,0.046454865485429764,0.0942225307226181,0.2522834315896034,7.1862101554870605,22.6319236755371,43.922096252441406,115511,0.01133437268435955,0.018794680945575237,0.04250497557222843,0.11006490886211395,0.2727101147174835,3.9483132362365723,17.66567134857172,44.25814437866211,5;6,15.505777922031093,0.6675339106528718,0.7153510057561039,0.2369156961157592
91,131072,120216,10856,0,10856,118268,117892,0,376,636,1312,0,111904,5988,0,0,1.0999282598495483,2.8809096217155457,5.174614191055298,8.563836097717285,15.410338640213013,31.771559238433838,51.51955146789562,155.6302032470703,2.5001044273376465,2.9175201416015626,5.195338606834412,8.523039817810059,15.267756462097168,29.823396587371814,41.47887477874755,49.96451187133789,0.001714285695925355,0.025142857804894447,0.0908571407198906,0.18971428275108337,0.3351428508758545,0.6177142858505249,1.0062428236007708,1.6225714683532715,0.001714285695925355,0.027714285999536514,0.09342857450246811,0.19114285707473755,0.3351428508758545,0.6094285845756531,0.9582856893539429,1.6225714683532715,0,0,0.0014285714132711291,0.7754285931587219,0.00020837783813476562,0,3.120511153078154e-08,3.634989767471546e-05,0.00017948808809795433,0.00038794032203126,0.00079259733761768,0.0023564786487388937,0.004668914235122451,0.018373570312555588,116230,0.014563380740582943,0.019700446631759405,0.044972676783800125,0.09219706058502197,0.24664821848273277,7.338175916671752,22.52706186294544,44.1160774230957,115402,0.010968001559376717,0.018264675606042148,0.04115981888025999,0.1092059314250946,0.2717955932021141,3.9891639471054074,17.347560863494916,44.097103118896484,5;7,15.672908206823983,0.5218302584448368,0.7333887646784586,0.22245774229874204
92,131072,120237,10835,0,10835,117791,117635,0,156,1145,1301,0,111693,5942,0,0,1.1787512302398682,2.8382097244262696,5.087186336517334,8.49698543548584,15.422954559326172,31.627496337890623,51.276488037109374,155.3802032470703,2.500154733657837,2.8862802982330322,5.121176481246948,8.472367286682129,15.287714004516602,29.80990467071533,41.530301284790056,49.96538162231445,0.0020000000949949026,0.025714285671710968,0.09342857450246811,0.1948571354150772,0.33971428871154785,0.6179999709129333,1.0099999904632568,1.6248571872711182,0.0020000000949949026,0.028285713866353035,0.09571428596973419,0.19599999487400055,0.3385714292526245,0.6037142872810364,0.9234285950660706,1.6248571872711182,0,0,0.0014285714132711291,1.3300000429153442,0.00020837783813476562,0,3.0363805970429416e-08,3.708150235323269e-05,0.00018295985924853952,0.000396250451781262,0.0007992643499611672,0.002388692710798485,0.004725675565940839,0.018347240601002377,115861,0.014904176816344261,0.018636759370565414,0.04336267709732056,0.08980384469032288,0.24480558931827545,7.191436767578125,21.77190704345693,44.062068939208984,115115,0.010828462429344654,0.01788137573748827,0.03982600383460522,0.10942166298627853,0.27163662016391754,3.8970077753066668,17.16633186340332,43.92802047729492,5;7,15.837839607292608,0.3698681857180782,0.744231843539753,0.2245270824803697
93,131072,120515,10557,0,10557,117987,117858,0,129,1255,1273,0,111834,6024,0,0,1.1369026899337769,2.816495084762573,4.995247840881348,8.457698822021484,15.452284812927246,31.652127075195235,50.87115928649903,147.9582977294922,2.500079393386841,2.8596826434135436,5.038624882698059,8.448681831359863,15.297779083251953,29.875281238555896,41.475685462951624,49.997283935546875,0.001714285695925355,0.02628571353852749,0.09542857110500336,0.19771428406238556,0.34371429681777954,0.6197142601013184,0.9896342647075657,1.6237143278121948,0.001714285695925355,0.02914285659790039,0.09771428257226944,0.19857142865657806,0.34200000762939453,0.604285717010498,0.8901228559017161,1.6237143278121948,0,0,0.0014285714132711291,1.2428570985794067,0.00020837783813476562,0,6.577877496098758e-08,3.9063846146881696e-05,0.00018704431734860647,0.00040337917534500695,0.000806377128011393,0.002400669592135063,0.004692175709635198,0.014256410721667341,116231,0.014544262550771236,0.017922954633831978,0.041944194585084915,0.08755917102098465,0.23048419505357742,7.169749975204468,21.79649810791015,44.71110153198242,115436,0.011144694872200489,0.017632841132581234,0.038142792880535126,0.1091236099600792,0.2724335789680481,4.007426500320435,17.3562780380249,42.29620361328125,6;7,16.01723240565731,0.22165156453899093,0.7732692339871446,0.23450610427632387
94,131072,120937,10135,0,10135,118259,118136,0,123,1353,1325,0,112173,5963,0,0,1.127457618713379,2.8220643997192383,4.8213605880737305,8.22392749786377,15.264302253723145,31.62471885681152,51.524254608154294,154.9722137451172,2.502035140991211,2.855095684528351,4.872858285903931,8.217422485351562,15.112076044082642,29.715464115142822,41.46322765350333,49.999000549316406,0.0020000000949949026,0.026000000536441803,0.09600000083446503,0.19914285838603973,0.3482857048511505,0.6245714426040649,0.9854285717010498,1.6217142343521118,0.0020000000949949026,0.02914285659790039,0.09857142716646194,0.20000000298023224,0.34628570079803467,0.6074285507202148,0.8785714507102966,1.6217142343521118,0,0,0.0014285714132711291,1.0574285984039307,0.00020837783813476562,0,9.676125217334406e-08,3.913874776444345e-05,0.00018698895122095326,0.00039743831528297335,0.0007986548692131268,0.002399226784704061,0.00471791704981319,0.01659490321463864,116599,0.014473370276391506,0.01756941694766283,0.04023456387221813,0.08560648560523987,0.22853140532970428,7.25540032386778,21.126166343688986,44.759090423583984,115768,0.011246921494603157,0.017515754234045743,0.03530160337686539,0.10311736911535263,0.26561085879802704,3.8962311744689933,16.990673389434818,43.46816635131836,5;6;7,16.209413860721664,0.0831130494504648,0.7846827373832299,0.23718537031899442
95,131072,121236,9836,0,9836,118516,118388,0,128,1383,1337,0,112453,5935,0,0,1.1475518941879272,2.839484214782715,4.631829500198364,8.024801254272461,15.126943826675415,31.539152145385742,51.9061782836909,147.56028747558594,2.5005948543548584,2.8670650482177735,4.688696503639221,8.021175384521484,14.944849491119385,29.542844295501702,41.49061809539796,49.977500915527344,0.0020000000949949026,0.026000000536441803,0.09714286029338837,0.20228570699691772,0.3505714237689972,0.6174286007881165,0.9585714340209961,1.624571442604065,0.0020000000949949026,0.02914285659790039,0.09971428662538528,0.20314285159111023,0.34857141971588135,0.6005714535713196,0.8557142615318298,1.624571442604065,0,0,0.0014285714132711291,0.8105714321136475,0.00020837783813476562,0,1.497821108447049e-08,3.8492074660971636e-05,0.0001873679930231781,0.0003928171348325581,0.0007938906654108235,0.002403453871450857,0.004762754496475989,0.014590706048943332,116888,0.014395254664123058,0.01755478624254465,0.03843981306999922,0.08344826102256775,0.22933494299650192,7.125232481956481,21.366781558990557,44.76410675048828,116068,0.011000578291714191,0.017528530675917864,0.03252606187015772,0.09764939546585083,0.25710712373256683,3.9455648899078275,17.6139016723633,44.185062408447266,5;7,16.385229490581004,-0.08240210122835642,0.7866922185588837,0.2414755449764315
96,131072,121661,9411,0,9411,118941,118795,0,146,1412,1308,0,112815,5980,0,0,1.1488946676254272,2.867424249649048,4.451133728027344,7.869362831115723,15.029046058654785,31.361717224121094,51.24481506347641,147.33230590820312,2.501035451889038,2.8862209796905516,4.538447618484497,7.867372989654541,14.855061054229736,29.448917579650857,41.500921478271486,49.993282318115234,0.0014285714132711291,0.02628571353852749,0.09828571230173111,0.20399999618530273,0.35114285349845886,0.6122857332229614,0.9530857086181608,1.6325714588165283,0.0014285714132711291,0.02914285659790039,0.10085714608430862,0.20485714077949524,0.34928570687770844,0.5971428751945496,0.8474457049369806,1.6325714588165283,0,0,0.0014285714132711291,0.8277142643928528,0.00020837783813476562,0,2.0320254488885094e-08,3.766777491773264e-05,0.00018697051629999875,0.0003886178754237622,0.000788922340569677,0.002382159217457384,0.00473368565003168,0.015285622651691292,117307,0.014494851231575012,0.017701760120689868,0.036593543365597725,0.08028996735811234,0.22561076283454895,6.9815978050231875,21.15199287414551,45.25209426879883,116467,0.011074939742684364,0.01750072743743658,0.030408787541091442,0.09327013045549393,0.2551460564136505,3.840615415573119,17.127426910400388,44.15810012817383,5;6;7,16.583909696908464,-0.2551703635805163,0.774905167467476,0.2635557463534766
97,131072,122012,9060,0,9060,119305,119165,0,140,1369,1338,0,113202,5963,0,0,1.1179156303405762,2.901329052448273,4.226030588150024,7.708347797393799,14.831003427505493,31.229508590698238,51.59684089660643,154.16297912597656,2.5005226135253906,2.918194627761841,4.327835559844971,7.70313024520874,14.656133651733398,29.37045555114743,41.4656233215332,49.984771728515625,0.001714285695925355,0.025714285671710968,0.09914285689592361,0.20514285564422607,0.3531428575515747,0.6118428617715828,0.9190485596656794,1.6242856979370117,0.001714285695925355,0.028857143595814705,0.10171428322792053,0.20600000023841858,0.35114285349845886,0.5962285637855497,0.8403885650634767,1.6200000047683716,0,0,0.0014285714132711291,0.8551428318023682,0.00020837783813476562,0,4.996650498068621e-08,3.706737088646253e-05,0.00018614418759114345,0.0003832219910755491,0.0007815620545210334,0.002366396350971982,0.004748393790722041,0.014622502349556376,117672,0.014721952378749847,0.017919859755784272,0.03485208470374346,0.0767027884721756,0.21764444559812546,6.715910601615902,21.025357074737542,45.14908981323242,116841,0.010842960327863693,0.01755310781300068,0.028827322646975517,0.08851207792758942,0.2481890469789505,3.7784526348114014,16.813403320312542,43.23613357543945,5;6;7,16.76568060575897,-0.4054293903461813,0.7821728135692724,0.2359475727969347
98,131072,122505,8567,0,8567,120087,119955,0,132,1102,1316,0,113914,6041,0,0,1.1585447788238525,2.9374991416931153,4.073773384094238,7.590295791625977,14.737735748291016,30.99735908508301,51.10256515502927,153.84146118164062,2.5000557899475098,2.951987314224243,4.137718439102173,7.5718488693237305,14.552633285522461,29.26542720794675,41.50727554321283,49.99664306640625,0.001714285695925355,0.026000000536441803,0.09942857176065445,0.20314285159111023,0.349142849445343,0.6034285426139832,0.8808457398414589,1.6214286088943481,0.001714285695925355,0.028857143595814705,0.10171428322792053,0.2045714259147644,0.3479999899864197,0.5903714239597287,0.8360000252723694,1.6180000305175781,0,0,0.001714285695925355,0.547428548336029,0.00020837783813476562,0,5.204219520523748e-08,3.812108637552493e-05,0.00018477866738189806,0.00037298457686827936,0.0007742574026033436,0.0023276059271344247,0.004699863058492048,0.019575265459678796,118509,0.014502192847430706,0.018204957246780396,0.033451881259679794,0.07442746311426163,0.21716833114624023,6.822760486602774,20.9218859863281,43.842105865478516,117605,0.01123710535466671,0.01765788458287716,0.027576951310038567,0.08494602143764496,0.24204786121845245,3.7085373878478913,16.908992004394516,43.14613342285156,5;6;7,16.9580971460129,-0.5696743785965216,0.7804445928036805,0.2529891852938805
99,131072,123039,8033,0,8033,121305,121159,0,146,418,1316,0,115096,6063,0,0,1.144553780555725,2.9733016014099123,3.9322855472564697,7.453725814819336,14.574063777923584,30.73833389282226,50.51614837646483,153.7004852294922,2.5008840560913086,2.978871393203735,3.9270381927490234,7.388380527496338,14.276315689086914,29.052854537963857,41.51222564697264,49.995548248291016,0.001714285695925355,0.026571428403258324,0.09971428662538528,0.20257142186164856,0.3442857265472412,0.5920000076293945,0.8782857060432434,1.6174285411834717,0.001714285695925355,0.029428571462631226,0.10285714268684387,0.20514285564422607,0.34542858600616455,0.5928571224212646,0.8772628593444819,1.6037142276763916,0,0,0.0014285714132711291,0.7522857189178467,0.00020837783813476562,0,6.814399447012766e-08,3.6537138868238976e-05,0.0001816038010570226,0.0003627885818209471,0.0007626913070944426,0.0022892508641781505,0.0047016194500328744,0.01907401538451599,119815,0.015037178061902523,0.01842506807297468,0.03187077306210995,0.07169826328754425,0.21255909651517868,6.638139915466308,20.592752418518067,46.17706298828125,118872,0.011308055371046066,0.017750731855630874,0.02634548908099532,0.0813475027680397,0.23277533054351807,3.7418585538864124,16.715378780364972,44.86402893066406,5;6;7,17.164011109593748,-0.7340108802187583,0.7865322979815103,0.26352249679551515
100,131072,123500,7572,0,7572,121789,121638,0,151,396,1315,0,115524,6114,0,0,1.1345605850219727,2.999074101448059,3.7992743253707886,7.304720878601074,14.27064561843872,30.42935209274289,50.48806293487538,153.29507446289062,2.52362322807312,3.0037922501564025,3.7915314435958862,7.245134353637695,14.019963264465332,28.824751567840565,41.46647483825685,49.993995666503906,0.0014285714132711291,0.02628571353852749,0.10057143121957779,0.20228570699691772,0.34057143330574036,0.5842857360839844,0.8822885710000977,1.610285758972168,0.0014285714132711291,0.029428571462631226,0.10371428728103638,0.20485714077949524,0.34200000762939453,0.5851428508758545,0.8825713992118835,1.6062856912612915,0,0,0.001714285695925355,0.7754285931587219,0.0002079010009765625,0,5.599951230833978e-08,3.452884168525615e-05,0.00017820143825936148,0.00035205369491935054,0.0007507076071635711,0.0022295721202661837,0.004727240936632904,0.014263438111989938,120355,0.015405068174004555,0.018652549386024474,0.03076583705842495,0.06930019706487656,0.20754966139793396,6.692469787597645,20.99500736236569,45.12305450439453,119400,0.011849167756736279,0.017930278461426495,0.025639279279857874,0.07730051875114441,0.22387759760022163,3.6212615728378275,16.691168613433817,44.85505294799805,5;6;7,17.377789718484767,-0.9060062487229784,0.7747935043332064,0.27462975017757857
101,131072,123835,7237,0,7237,122095,121962,0,133,492,1248,0,115921,6041,0,0,1.1804230213165283,3.012096810340881,3.732512354850769,7.22348165512085,14.115139961242676,29.924483108520484,50.08514442443859,179.5419158935547,2.5000267028808594,3.0186468362808228,3.734947919845581,7.164793014526367,13.838884353637695,28.341213798522947,40.82406986236572,49.98721694946289,0.001714285695925355,0.02685714326798916,0.10314285755157471,0.2028571367263794,0.335999995470047,0.5777142643928528,0.87971431016922,1.6231428384780884,0.001714285695925355,0.029999999329447746,0.10571428388357162,0.20485714077949524,0.3368571400642395,0.5777142643928528,0.8766828572750089,1.6194285154342651,0,0,0.0014285714132711291,0.7174285650253296,0.00020837783813476562,0,7.80881539090626e-08,3.357636523055475e-05,0.00017727873937853098,0.0003484480488312337,0.0007427163216954487,0.0021580153580469694,0.004628248952339843,0.02587731671178601,120583,0.014953400939702988,0.018764300830662252,0.029869617894291878,0.0672546774148941,0.20058462768793106,6.6726344108581515,21.228102340698182,46.23808288574219,119686,0.011387350969016552,0.01802448509261012,0.02506565349176526,0.07423815131187439,0.21619122102856636,3.646014451980591,16.831061077117905,47.179054260253906,6;7,17.57200875044747,-1.113316619567389,0.7556864680943143,0.2847168787936726
102,131072,124164,6908,0,6908,122198,121808,0,390,700,1266,0,115743,6065,0,0,1.1765332221984863,3.026947855949402,3.7301218509674072,7.136810302734375,13.86046314239502,29.31102180480956,50.37370536804198,152.87728881835938,2.5001449584960938,3.0398526549339295,3.7479373812675476,7.110274791717529,13.626113176345825,28.002407646179194,39.10523456573484,49.987213134765625,0.0014285714132711291,0.027142856270074844,0.10428571701049805,0.20342856645584106,0.3319999873638153,0.567714273929596,0.8434285521507263,1.6165714263916016,0.0014285714132711291,0.03028571419417858,0.10685714334249496,0.2045714259147644,0.3317142724990845,0.5591428279876709,0.7960000038146973,1.6154285669326782,0,0,0.001714285695925355,0.7148571610450745,0.0002079010009765625,0,4.00086930755836e-08,3.425401746973644e-05,0.00017600302434304417,0.0003460493928193905,0.0007356474376627703,0.002120803400638866,0.004464041489122264,0.01791892346982716,120385,0.014757960103452206,0.018886858969926833,0.02952169068157673,0.06539332866668701,0.19518490135669708,6.423671627044644,20.549963607788147,45.79905700683594,119515,0.01194407232105732,0.018253145553171635,0.024887501262128353,0.07178220897912979,0.2101736217737198,3.482958102226255,16.50413623809815,44.294029235839844,5;7,17.762272561662083,-1.3262852625097739,0.7599911560720619,0.2856124840990269
103,131072,124469,6603,0,6603,122595,122073,0,522,626,1248,0,115895,6178,0,0,1.1595439910888672,3.04140625,3.775560140609741,7.095731735229492,13.76411247253418,29.03238143920898,50.041448974609196,180.11766052246094,2.500034809112549,3.0571734428405763,3.7993175983428955,7.068642616271973,13.509662628173828,27.790104675292948,38.54071411132812,49.99972915649414,0.001714285695925355,0.02742857113480568,0.1062857136130333,0.20342856645584106,0.3302857279777527,0.5657142996788025,0.836571455001831,1.6157143115997314,0.001714285695925355,0.030571429058909416,0.10885713994503021,0.20485714077949524,0.329714298248291,0.5565714240074158,0.7837942862510677,1.6119999885559082,0,0,0.001714285695925355,0.5834285616874695,0.00020837783813476562,0,5.949866683680619e-08,3.4502965582897495e-05,0.0001751855429801892,0.0003455643354096991,0.0007289951875385184,0.0020923607948026644,0.0043500926315286695,0.02369094292013276,120670,0.014905842021107674,0.018938222620636224,0.029479811899363995,0.06387379765510559,0.19129467010498047,6.517703509330738,20.301741504669156,44.35306167602539,119775,0.012017820961773396,0.018308667279779912,0.02482607588171959,0.06989071518182755,0.20438417047262192,3.3889324426650993,16.681516304016068,44.6700553894043,7,17.954500962438555,-1.5404522653846817,0.7785639716190073,0.28838206023059315
104,131072,124742,6330,0,6330,123133,122908,0,225,291,1318,0,116682,6226,0,0,1.17887544631958,3.052954912185669,3.7865850925445557,7.0190110206604,13.776103019714355,28.81024770736694,51.07654666900634,152.3154754638672,2.5000925064086914,3.0575119256973267,3.7812739610671997,6.954829216003418,13.465871572494507,27.311255741119382,37.86881576538085,49.94277572631836,0.001714285695925355,0.027142856270074844,0.10742857307195663,0.20114286243915558,0.3257142901420593,0.5562857389450073,0.8327400010824193,1.621999979019165,0.001714285695925355,0.030571429058909416,0.11057142913341522,0.2028571367263794,0.32685714960098267,0.5537142753601074,0.8097142577171326,1.6168571710586548,0,0,0.0014285714132711291,0.6734285950660706,0.00020742416381835938,0,6.713868806006203e-08,3.4118574548239776e-05,0.00017384935279198885,0.0003443598562400384,0.0007248066621600234,0.002074673990224507,0.004286385086182982,0.02046835977866199,121510,0.014938609674572945,0.018962262943387032,0.029482258018106222,0.0627971887588501,0.18934731930494308,6.323893070220942,19.963610076904313,44.86205291748047,120588,0.01198254618793726,0.018347104359418154,0.024807497393339872,0.06755127012729645,0.20153040438890457,3.371636986732482,16.60223691940312,44.89710235595703,5;6;7,18.156166306877587,-1.7658883622711818,0.7995838447112884,0.303203199178288
105,131072,125092,5980,0,5980,123716,123556,0,160,94,1282,0,117381,6175,0,0,1.1694300174713135,3.0714612007141113,3.8144498467445374,6.944099426269531,13.71142864227295,28.636677837371824,50.645152740478366,151.97572326660156,2.5007307529449463,3.071858525276184,3.797349691390991,6.8538665771484375,13.358829975128174,26.943678855895996,37.73132820129394,49.992645263671875,0.001714285695925355,0.027142856270074844,0.10885713994503021,0.20085714757442474,0.3240000009536743,0.5580000281333923,0.8317399895191183,1.6165714263916016,0.001714285695925355,0.030571429058909416,0.1120000034570694,0.20314285159111023,0.32600000500679016,0.5591428279876709,0.8322857022285461,1.6165714263916016,0,0,0.0014285714132711291,1.3300000429153442,0.00020837783813476562,0,2.1114326796637638e-08,3.401976341549751e-05,0.00017165667487725026,0.00034334247727552743,0.0007188676708885538,0.0020599309976509087,0.004208941048257123,0.020426315901720397,122232,0.015287543646991253,0.018993094377219678,0.029698911122977734,0.0618797242641449,0.18648747727274895,6.263607883453367,19.77844903945925,44.78506851196289,121347,0.012243702076375484,0.018362865224480628,0.02494764793664217,0.06563961505889893,0.2000487670302391,3.3438194751739476,16.57689094543453,45.56209945678711,5;6;7,18.3711981684758,-1.9707852930678558,0.7880766940226178,0.29724378592203027
106,131072,125338,5734,0,5734,123983,123808,0,175,87,1268,0,117622,6186,0,0,1.1345605850219727,3.0841757893562316,3.862969994544983,6.860057353973389,13.556130647659302,28.475607204437253,50.457482337952044,151.63345336914062,2.5552055835723877,3.0845764517784118,3.847186028957367,6.770465850830078,13.215791940689087,26.730492687225336,37.800451812744136,49.9860954284668,0.001714285695925355,0.027142856270074844,0.10971428453922272,0.20028571784496307,0.32199999690055847,0.5600000023841858,0.8311428427696228,1.6311428546905518,0.001714285695925355,0.030857142060995102,0.1128571406006813,0.20257142186164856,0.3237142860889435,0.5614285469055176,0.8311428427696228,1.6157143115997314,0,0,0.0014285714132711291,0.5431428551673889,0.00020742416381835938,0,6.919853531391346e-08,3.4838000022072467e-05,0.00017064234437657393,0.0003428773960043811,0.0007134895680458642,0.0020477925696575066,0.004237415883153756,0.02037139055449607,122447,0.015706486999988556,0.019063447788357734,0.030026345513761044,0.06116703525185585,0.18258295953273773,6.234112119674682,20.195460968017528,44.27206802368164,121558,0.012773308902978897,0.01843827636912465,0.025135102216154337,0.06403473019599915,0.19549734517931938,3.293291795253753,16.666280422210683,42.37416076660156,5;7,18.569321469762063,-2.2166107869929492,0.79733208299213,0.3158618023773376
107,131072,125670,5402,0,5402,124332,124141,0,191,96,1242,0,117927,6214,0,0,1.1735351085662842,3.0947375655174256,3.8876858949661255,6.78624153137207,13.44979739189148,28.08486766815184,49.54685855865478,144.3440704345703,2.5882458686828613,3.0953047275543213,3.8710386753082275,6.706331253051758,13.059529304504395,26.456523895263672,37.75372467041016,49.99710464477539,0.001714285695925355,0.02742857113480568,0.11028571426868439,0.1997142881155014,0.31857141852378845,0.5597142577171326,0.8203742998838418,1.6160000562667847,0.001714285695925355,0.030857142060995102,0.11314285546541214,0.20200000703334808,0.32028570771217346,0.5611428618431091,0.8204571485519426,1.6142857074737549,0,0,0.0011428571306169033,0.9037142992019653,0.00020742416381835938,0,8.139618808847817e-08,3.4425837130778356e-05,0.0001686831853041302,0.00033976771577881506,0.0007084785602661976,0.0020418303490958405,0.004206892894261353,0.01920928280516197,122740,0.016114072874188423,0.019149477407336236,0.030288723297417164,0.061010852456092834,0.18217676877975464,6.323138332366938,20.83035385131836,44.58306884765625,121876,0.01266445778310299,0.018507066182792187,0.025374552700668573,0.0632295161485672,0.19445210695266724,3.4059388637542725,16.956844329833984,44.414066314697266,5;7,18.785072366178962,-2.4373391544110117,0.8126087420400715,0.309035334224755
108,131072,125991,5081,0,5081,124703,124501,0,202,93,1195,0,118363,6138,0,0,1.1402113437652588,3.1091161966323853,3.925837993621826,6.727788925170898,13.288614749908447,27.724453926086426,48.533861923217785,150.97271728515625,2.594322443008423,3.1095409393310547,3.91048002243042,6.658094882965088,12.925481796264648,26.201688766479492,37.82052993774414,49.945396423339844,0.0014285714132711291,0.027142856270074844,0.10971428453922272,0.19828571379184723,0.3174285590648651,0.5625714063644409,0.8091428279876709,1.6217142343521118,0.0014285714132711291,0.030571429058909416,0.11257142573595047,0.20028571784496307,0.3188571333885193,0.5640000104904175,0.8088571429252625,1.6217142343521118,0,0,0.0011428571306169033,0.6797142624855042,0.0002079010009765625,0,7.34389360539667e-08,3.377500967078679e-05,0.0001673294867934305,0.0003368212332119591,0.0007037974795664646,0.0020149456260328625,0.004211331915137797,0.020281370520220155,123176,0.01602260395884514,0.01926032453775406,0.030504062306135893,0.06078173220157623,0.18093569204211235,6.255449295043945,20.759416580200195,44.28411102294922,122236,0.01250936184078455,0.018608716316521168,0.02554514305666089,0.061760738492012024,0.19139550253748894,3.2077401280403137,16.85100955963131,44.26911544799805,5;7,18.99726133090614,-2.6554072108700257,0.8209794204706278,0.30438117920987107
109,131072,126161,4911,0,4911,124883,124678,0,205,93,1185,0,118728,5950,0,0,1.1435545682907104,3.1254565715789795,3.959578514099121,6.6513991355896,13.146711349487305,27.284648895263672,47.649825286865024,150.67471313476562,2.5574116706848145,3.125973665714264,3.941468060016632,6.593228340148926,12.76807689666748,25.757453632354732,37.00316440582272,49.9637336730957,0.001714285695925355,0.027142856270074844,0.11057142913341522,0.19771428406238556,0.31857141852378845,0.569428563117981,0.8222857117652893,1.6265714168548584,0.001714285695925355,0.030857142060995102,0.11342857033014297,0.1997142881155014,0.32028570771217346,0.571142852306366,0.8231428861618042,1.6265714168548584,0,0,0.0014285714132711291,0.9351428747177124,0.0002079010009765625,0,2.890253375279991e-08,3.4154718308050354e-05,0.0001662631533416558,0.0003315166890523614,0.0006985484922699731,0.0020151937630602827,0.004143354899116013,0.020238037018924446,123333,0.015925167128443718,0.019366472214460372,0.030622713267803192,0.06016157940030098,0.1758478283882141,6.288776874542204,21.02580291748044,44.88605499267578,122328,0.01250298973172903,0.01869762884452939,0.02573367301374674,0.06007479503750801,0.1890953928232193,3.358814334869376,16.81679582595825,45.032066345214844,5;7,19.215966545118945,-2.884072008452748,0.8331337980989316,0.316650105436501
110,131072,126208,4864,0,4864,124955,124779,0,176,93,1160,0,119039,5740,0,0,1.1648844480514526,3.1431711435317995,3.988959014415741,6.651451110839844,13.138774394989014,26.905817699432372,47.23554889678952,182.21925354003906,2.5579729080200195,3.1434547901153564,3.9718523025512695,6.583940505981445,12.71690559387207,25.42670726776123,36.713780899047855,49.99054718017578,0.0011428571306169033,0.02800000086426735,0.11085714399814606,0.19685713946819305,0.3188571333885193,0.5757142901420593,0.843999981880188,1.615142822265625,0.0011428571306169033,0.03140000030398384,0.11342857033014297,0.1988571435213089,0.32028570771217346,0.5774285793304443,0.845777134895325,1.615142822265625,0,0,0.001714285695925355,0.943142831325531,0.0002079010009765625,0,6.012974312901544e-08,3.4776666633604025e-05,0.00016453364667511853,0.0003258989539346131,0.0006956653957496869,0.0020107928552705956,0.0041110439587595075,0.02020487340481144,123526,0.01586432009935379,0.019451278261840343,0.03097176505252719,0.05984697490930557,0.17550057172775269,6.355609655380249,20.496639728546143,43.133052825927734,122488,0.012049034237861633,0.018778492137789725,0.026043322402983904,0.05954588204622269,0.1865788996219635,3.4253352284431444,16.512243633270305,43.10808181762695,5;7,19.43122648578709,-3.123223289278925,0.8353711055849854,0.3217688342926347
111,131072,126170,4902,0,4902,124903,124721,0,182,90,1177,0,119119,5602,0,0,1.1595441102981567,3.155396807193756,4.013281345367432,6.599244117736816,13.137877702713013,26.724020576477034,47.53108501434325,150.1562042236328,2.520416259765625,3.1556334495544434,3.996281862258911,6.536947727203369,12.659088134765625,25.20700454711914,36.95080413818362,49.977081298828125,0.001714285695925355,0.027714285999536514,0.10914285480976105,0.19514285027980804,0.3174285590648651,0.5820000171661377,0.8625714182853699,1.6297142505645752,0.001714285695925355,0.030857142060995102,0.1120000034570694,0.1971428543329239,0.3191428482532501,0.5839999914169312,0.8639428734779366,1.6297142505645752,0,0,0.0014285714132711291,1.0048571825027466,0.00020742416381835938,0,3.551433888954097e-08,3.449090105351328e-05,0.00016266562360182563,0.00032188396851406086,0.0006941312887730232,0.0020241410372184984,0.004159104942784256,0.020152203295003973,123469,0.015630092471837997,0.019525324925780296,0.03144511952996254,0.0598750077188015,0.17510724067687988,6.157230281829832,20.506714706420883,39.60413360595703,122445,0.011723602190613747,0.01887153796851635,0.026197277009487152,0.058966442942619324,0.1843419075012207,3.446241283416721,16.78561729431152,40.211219787597656,5;7,19.647815011445903,-3.3493156904644996,0.8443220042708015,0.3132227352990221
112,131072,126353,4719,0,4719,125092,124922,0,170,86,1175,0,119273,5649,0,0,1.170191764831543,3.1688756942749023,4.041815757751465,6.582179069519043,13.091320991516113,26.36283493041992,47.27300704956048,149.7981719970703,2.516085386276245,3.1691439270973207,4.0234614610672,6.523246765136719,12.634807348251343,24.969847488403317,37.04276981353755,49.90754699707031,0.0014285714132711291,0.027714285999536514,0.10885713994503021,0.1948571354150772,0.31685712933540344,0.5894285440444946,0.8774285912513733,1.6057143211364746,0.001714285695925355,0.031142856925725937,0.11171428859233856,0.19685713946819305,0.3182857036590576,0.5917142629623413,0.8785714507102966,1.6057143211364746,0,0,0.0014285714132711291,1.0014286041259766,0.00020837783813476562,0,5.34818067122058e-08,3.373020600456239e-05,0.0001596867335259363,0.0003163623401126351,0.0006912536709358306,0.00203959681604833,0.004141706698884702,0.01218980243725871,123697,0.01516130194067955,0.01961471475660801,0.0319514125585556,0.05980297178030014,0.17308583855628967,6.298105525970459,20.314777908325155,42.28112030029297,122717,0.011655817739665508,0.018960721045732497,0.026614394038915634,0.05770726874470711,0.18246471881866455,3.4760935306549072,16.548989181518508,42.33613586425781,5;7,19.865341868087135,-3.5853769228867733,0.8454783911516035,0.32100494707022187
113,131072,126458,4614,0,4614,125132,124963,0,169,90,1236,0,119391,5572,0,0,1.0944807529449463,3.174490416049957,4.106370568275452,6.583956718444824,13.047165632247925,26.155824089050284,48.87503917694087,149.48272705078125,2.510590076446533,3.174839735031128,4.079622507095337,6.536160945892334,12.601758003234863,24.817849922180173,37.309295425415044,49.9975700378418,0.001714285695925355,0.028285713866353035,0.1071428582072258,0.1940000057220459,0.3165714144706726,0.5920000076293945,0.8908571600914001,1.6225714683532715,0.001714285695925355,0.03200000151991844,0.10999999940395355,0.19657142460346222,0.31857141852378845,0.5937142968177795,0.8922857046127319,1.6225714683532715,0,0,0.0014285714132711291,0.9874285459518433,0.00020837783813476562,0,3.0608709483495674e-08,3.2620268733699535e-05,0.00015799064691622084,0.00031369009783084167,0.0006892290492468958,0.0020428288707651583,0.004191544994645709,0.020071223267751404,123683,0.015464408323168755,0.019650787487626074,0.03267664276063442,0.05967472866177559,0.16966728121042252,6.361889791488642,20.78726341247558,43.61313247680664,122668,0.011561117134988308,0.018978091701865197,0.02717264136299491,0.057104215025901794,0.1807379573583603,3.517243242263791,16.391989917755147,43.61114501953125,5;7,20.087565277831466,-3.828159663654523,0.8521611351281697,0.32919805910751265
114,131072,126476,4596,0,4596,125159,124997,0,162,88,1229,0,119479,5518,0,0,1.1625421047210693,3.1753474473953247,4.245978951454163,6.632915496826172,12.957156896591187,25.844088077545166,48.424254417419434,149.0819854736328,2.521415948867798,3.175560235977173,4.220300674438477,6.587754726409912,12.572236061096191,24.58694038391113,37.38044326782226,49.954620361328125,0.001714285695925355,0.02857142873108387,0.10514285415410995,0.19285714626312256,0.3160000145435333,0.5877143144607544,0.8877857029438019,1.6097142696380615,0.001714285695925355,0.03228571265935898,0.10771428793668747,0.19514285027980804,0.31771427392959595,0.5897142887115479,0.8891542983055096,1.6097142696380615,0,0,0.0011428571306169033,1.0648571252822876,0.00020742416381835938,0,5.6065356896132966e-08,3.1751463551958776e-05,0.00015508052142364928,0.0003087455978731038,0.0006866284661898847,0.0020357630458904966,0.004164703991524382,0.020013238229623545,123674,0.015447035431861877,0.01965399580076337,0.0330918300896883,0.059400156140327454,0.16655365750193596,6.407235240936279,20.256174011230485,42.7801513671875,122718,0.012128498405218124,0.018972238060086966,0.02745850058272481,0.05612575262784958,0.17837649583816528,3.5044286847114448,16.22472257614136,42.520198822021484,7,20.307666341371924,-4.071594316389621,0.8438170783146762,0.32829031604359776
115,131072,126508,4564,0,4564,125244,125078,0,166,91,1173,0,119593,5485,0,0,1.1444461345672607,3.1801742792129515,4.276055216789246,6.6613874435424805,12.910719871520996,25.586467170715316,47.43492923736518,148.8302001953125,2.5033798217773438,3.1803512573242188,4.257018566131592,6.616635799407959,12.594159841537476,24.468138504028317,37.83204673767087,49.95762634277344,0.001714285695925355,0.02857142873108387,0.10199999809265137,0.18971428275108337,0.3151428699493408,0.5857142806053162,0.8945714235305786,1.603428602218628,0.001714285695925355,0.03200000151991844,0.10428571701049805,0.19200000166893005,0.31685712933540344,0.5877143144607544,0.8962857127189636,1.603428602218628,0,0,0.0014285714132711291,1.0437142848968506,0.00020837783813476562,0,5.21624597976015e-08,3.142781041794815e-05,0.00015204911222711266,0.0003059070398865585,0.0006834393323784209,0.002019518990648854,0.004178675761414245,0.011643989128197443,123742,0.015325834974646568,0.019685939140617847,0.033307657577097416,0.05935002118349075,0.16471104323863983,6.380187988281244,20.154647979736325,41.301055908203125,122774,0.01192825473845005,0.01905792374163866,0.02763402182608843,0.05573560297489166,0.17839574813842773,3.562369441986077,16.37472940444952,41.21102523803711,7,20.518780575940923,-4.3235784882790815,0.8585776616633901,0.3290640024999176
116,131072,126483,4589,0,4589,125258,125097,0,161,90,1135,0,119667,5430,0,0,1.1651948690414429,3.194362187385559,4.296438455581665,6.671431541442871,12.946191787719727,25.487774085998534,47.54965087890621,148.56919860839844,2.5042781829833984,3.1946512699127196,4.277249813079834,6.610804080963135,12.619925498962402,24.493472671508787,37.939160461425736,49.99620819091797,0.001714285695925355,0.028857143595814705,0.09942857176065445,0.18485714495182037,0.31200000643730164,0.5816857039928419,0.8828571438789368,1.6134285926818848,0.001714285695925355,0.03228571265935898,0.10199999809265137,0.18714286386966705,0.31371429562568665,0.5834285616874695,0.8854399776458722,1.6134285926818848,0,0,0.0014285714132711291,1.0522856712341309,0.0002079010009765625,0,3.120511153078154e-08,3.099804007945063e-05,0.00015007249862761956,0.0003014933978146896,0.0006804888121393468,0.0020313297493573124,0.00417998575865883,0.013348257632514154,123784,0.01544551458209753,0.019807270541787148,0.03337604645639658,0.05939847230911255,0.1669926457107067,6.442988514900198,20.04555904388427,41.642147064208984,122776,0.011973865330219269,0.0191912897862494,0.027813218533992767,0.05549323931336403,0.1768130399286747,3.678349554538727,16.162346839904785,41.37911605834961,,20.754495461564964,-4.574033209277379,0.8576096188435175,0.343933150018999
117,131072,126466,4606,0,4606,125247,125090,0,157,101,1118,0,119554,5536,0,0,1.1572000980377197,3.2060189247131348,4.306563854217529,6.6968817710876465,12.965513229370117,25.503095149993896,47.27189254760753,148.14871215820312,2.5057835578918457,3.2065969109535217,4.289479374885559,6.641280174255371,12.62205958366394,24.478800392150877,38.44468700408936,49.99177551269531,0.001714285695925355,0.02914285659790039,0.0965714305639267,0.17914286255836487,0.3074285686016083,0.5754285454750061,0.8965714573860168,1.6297142505645752,0.001714285695925355,0.03200000151991844,0.09885714203119278,0.18114285171031952,0.3091428577899933,0.5771428346633911,0.8988571166992188,1.6297142505645752,0,0,0.001714285695925355,1.0131428241729736,0.00020837783813476562,0,7.369421101123053e-08,2.92327817069525e-05,0.00014831242481360828,0.00029726097413807623,0.0006772167948872216,0.0020361780298053496,0.004202139426424714,0.019879696629819213,123744,0.015342148020863533,0.019895600341260433,0.03333198744803667,0.05959325283765793,0.16639180108904839,6.459487891197201,20.16565914154052,40.51616287231445,122793,0.011945635080337524,0.01930377408862114,0.02786250039935112,0.05539102852344513,0.17552386224269867,3.592920160293578,16.21350555419923,41.80708312988281,5,20.97314287067049,-4.812859753237572,0.8745010453823052,0.3242377644554134
118,131072,126431,4641,0,4641,125237,125091,0,146,103,1091,0,119611,5480,0,0,1.160543441772461,3.2137316465377808,4.289281129837036,6.759145259857178,12.980550765991211,25.61515235900879,47.21525421142578,147.7917022705078,2.5016865730285645,3.2145676612854004,4.2736289501190186,6.704529762268066,12.663397789001465,24.520145416259766,38.72901115417488,49.93339157104492,0.0014285714132711291,0.02914285659790039,0.09428571164608002,0.17428570985794067,0.30142858624458313,0.5662857294082642,0.87971431016922,1.6205713748931885,0.0014285714132711291,0.03200000151991844,0.0965714305639267,0.17628571391105652,0.30314284563064575,0.5680000185966492,0.8817142844200134,1.6205713748931885,0,0,0.0014285714132711291,1.1208571195602417,0.00020837783813476562,0,1.5120299576587728e-07,2.9362256929630418e-05,0.00014843353330577227,0.0002978346727644903,0.0006748779087277862,0.002053292571020169,0.004224345971276621,0.019826958986568655,123722,0.015123846009373665,0.019985624682158233,0.0332296984270215,0.05989809334278107,0.1653885394334793,6.501406025886534,20.22985492706295,43.116065979003906,122755,0.011910725384950638,0.019450676068663596,0.02793250512331724,0.05584944039583206,0.1768394336104393,3.7598527908325146,16.299440612792946,43.31708908081055,7,21.21790573164312,-5.075165293931984,0.8743250312057487,0.35876605994921773
119,131072,126576,4496,0,4496,125376,125221,0,155,117,1083,0,119708,5513,0,0,1.1615427732467651,3.2348647713661194,4.280141353607178,6.84300422668457,12.991796493530273,25.885162353515625,47.08132266998291,185.27024841308594,2.500380039215088,3.236055612564087,4.26453971862793,6.798818111419678,12.68896198272705,24.84258270263672,38.92977981567386,49.96151351928711,0.0014285714132711291,0.02914285659790039,0.09200000017881393,0.17085714638233185,0.29571428894996643,0.5614285469055176,0.8918571323156357,1.6182856559753418,0.0014285714132711291,0.03200000151991844,0.09399999678134918,0.17257143557071686,0.29742857813835144,0.5631428360939026,0.8956571459770211,1.6182856559753418,0,0,0.0014285714132711291,1.1299999952316284,0.00020742416381835938,0,7.640760776730443e-08,2.822293820565619e-05,0.0001474329561218809,0.0002977591431814408,0.000674504663276184,0.002057439566715279,0.0042704124542263435,0.013227264407600465,123882,0.014675421640276909,0.020313020050525665,0.033015720546245575,0.060461681336164474,0.16597741842269897,6.582010245323178,20.20508846282959,41.37908935546875,122930,0.012133846059441566,0.019671935215592386,0.027915334329009056,0.056566618382930756,0.17559070512652397,3.7148173689842077,16.13655239105223,43.974063873291016,5,21.446908609451512,-5.33894068842825,0.8806458897849766,0.34937047677124133
120,131072,126471,4601,0,4601,125278,125126,0,152,127,1066,0,119669,5457,0,0,1.1581995487213135,3.2883639335632324,4.25925612449646,6.919098377227783,13.00867748260498,26.035062789916992,47.225474548339854,147.0419921875,2.500087261199951,3.2902052998542786,4.2469178438186646,6.876665115356445,12.711867570877075,25.0518479347229,39.33922004699707,49.97862243652344,0.001714285695925355,0.029428571462631226,0.08914285898208618,0.168857142329216,0.2891428470611572,0.5505714416503906,0.8683714210987099,1.6277142763137817,0.001714285695925355,0.03228571265935898,0.09114285558462143,0.170571431517601,0.29085713624954224,0.5522857308387756,0.8699285686016083,1.6277142763137817,0,0,0.0014285714132711291,1.0982856750488281,0.00020837783813476562,0,2.9101955383599772e-08,2.6894326484089218e-05,0.00014704450202624152,0.0002995612941445052,0.0006740870886669355,0.0020736362953628117,0.004307270474076126,0.019719858541464262,123713,0.014723279513418674,0.021036236733198165,0.03272894397377968,0.06094904616475105,0.16667944192886353,6.682088184356688,20.29184951782229,40.764060974121094,122790,0.01134237926453352,0.019981910940259695,0.02781118405982852,0.05675748735666275,0.1783307008445263,3.829986333847045,16.076502265930177,43.77106475830078,5,21.67079764906634,-5.619956750686154,0.8716227291671482,0.35941305865831236
121,131072,126526,4546,0,4546,125360,125210,0,150,119,1047,0,119848,5362,0,0,1.1579970121383667,3.3555060029029846,4.207330822944641,6.921792984008789,13.0099515914917,26.001361846923828,46.97389793395996,146.697998046875,2.500034809112549,3.3577916502952574,4.195886015892029,6.86946964263916,12.705137491226196,25.233895111083974,39.500499801635755,49.9539909362793,0.0014285714132711291,0.02914285659790039,0.08657142519950867,0.16657142341136932,0.2831428647041321,0.5451428294181824,0.874714270234108,1.6188571453094482,0.0014285714132711291,0.03171428665518761,0.08857142925262451,0.1679999977350235,0.28457143902778625,0.5465714335441589,0.8771171349287044,1.6188571453094482,0,0,0.0008571428479626775,1.138857126235962,0.00020837783813476562,0,8.917599233648139e-08,2.722517816234301e-05,0.00014629843687091835,0.0002993742503986819,0.0006707221519294652,0.0020839293086676713,0.004328133556277252,0.019666705877638937,123812,0.015230987221002579,0.021338984463363887,0.032455035485327244,0.06110794097185135,0.16649050265550613,6.709521627426146,20.630621337890624,41.46407699584961,122866,0.01159134041517973,0.02018732577562332,0.027644033543765545,0.05722390487790108,0.17609331384301186,3.883546233177185,16.345447444915795,40.64311599731445,5;7,21.909647174378218,-5.881680746950299,0.8860978414734598,0.3546238497880025
122,131072,126693,4379,0,4379,125509,125377,0,132,117,1067,0,120141,5236,0,0,1.172428011894226,3.444864559173584,4.175604820251465,6.877917766571045,13.049817085266113,25.838367843627925,47.16199493408203,146.40821838378906,2.500380039215088,3.446633768081665,4.1637139320373535,6.828980445861816,12.738682746887207,25.18882942199707,39.723176422119145,49.976776123046875,0.001714285695925355,0.02914285659790039,0.08571428805589676,0.164000004529953,0.27542856335639954,0.5354285836219788,0.8562856912612915,1.6202857494354248,0.001714285695925355,0.03171428665518761,0.08742856979370117,0.16571427881717682,0.2768571376800537,0.5365714430809021,0.858708553314212,1.6202857494354248,0,0,0.0014285714132711291,0.9120000004768372,0.00020837783813476562,0,4.4519029624696985e-08,2.8617406853229997e-05,0.00014957310483445466,0.00030264503501744867,0.000671061695175258,0.0020844003999005503,0.004410170900592614,0.013400209251495028,123994,0.01528320275247097,0.021556696761399506,0.0320159699767828,0.06130217760801315,0.1679721400141716,6.556155276298523,20.35436426162717,40.60612106323242,123074,0.011996620334684849,0.020370246842503548,0.02731859963387251,0.05771607160568237,0.17609256133437157,3.8634414434432895,16.57157190322878,41.123077392578125,5;7,22.144885885992817,-6.163858745680062,0.8799877077405756,0.36742211166921385
123,131072,126749,4323,0,4323,125585,125478,0,107,107,1057,0,120235,5243,0,0,1.1485512256622314,3.474706220626831,4.137885570526123,6.857689380645752,13.043289184570312,25.548900222778318,47.01400695800782,138.84104919433594,2.500379800796509,3.4754582405090333,4.1288851499557495,6.7965826988220215,12.75515604019165,24.989717292785645,39.93142841339104,49.98221206665039,0.0014285714132711291,0.028857143595814705,0.08514285832643509,0.1599999964237213,0.2711428701877594,0.526285707950592,0.833142876625061,1.6331428289413452,0.0014285714132711291,0.03142857179045677,0.0868571400642395,0.16171428561210632,0.272857129573822,0.5277143120765686,0.8337800139188755,1.6331428289413452,0,0,0.0014285714132711291,0.8534285426139832,0.00020837783813476562,0,3.119165597486448e-08,3.04019674878237e-05,0.00015368452344805033,0.0003071771707260628,0.0006701225503567957,0.0020763892788963297,0.004393456482371125,0.013567123940718108,124156,0.015271730720996857,0.021681512240320444,0.03175620175898075,0.06154264137148857,0.17091987282037735,6.508336186408997,20.137035369873047,41.34711837768555,123216,0.011867262423038483,0.020516637712717056,0.026964014396071434,0.05883302167057991,0.17421410977840424,3.9589038491249084,16.463990402221683,41.28413772583008,5;7,22.377057596445997,-6.444952664527836,0.8890355737388288,0.36469077069083694
124,131072,126700,4372,0,4372,125519,125415,0,104,117,1064,0,120085,5330,0,0,1.1426738500595093,3.4917147159576416,4.066519260406494,6.844326496124268,12.876280546188354,25.518294048309322,47.066280288696255,145.6259765625,2.500333547592163,3.492586779594421,4.060486078262329,6.772489547729492,12.564810276031494,24.81392021179198,40.154569396972654,49.97662353515625,0.001714285695925355,0.02857142873108387,0.08457142859697342,0.15571428835391998,0.2694285809993744,0.521142840385437,0.8268600064516053,1.6308571100234985,0.001714285695925355,0.030857142060995102,0.08628571778535843,0.15714286267757416,0.27085715532302856,0.5225714445114136,0.8285714387893677,1.6308571100234985,0,0,0.0014285714132711291,1.5485714673995972,0.00020837783813476562,0,1.031538000330073e-07,3.15226564279932e-05,0.00015682781968666008,0.00030839633033779857,0.0006706095785648033,0.0020599889123673943,0.004428001943867169,0.013730902226229273,124048,0.015289315953850746,0.02175332810729742,0.03154132794588804,0.061349958181381226,0.16990811377763748,6.438124775886528,19.79587379455566,42.878074645996094,123114,0.012090764939785004,0.020607516448944808,0.026673053856939077,0.05921895056962967,0.17030111327767372,3.9113799095153747,16.65636604309076,45.03511047363281,5;7,22.61529378083485,-6.707274790541352,0.9107787853321156,0.3550241465010531
125,131072,126725,4347,0,4347,125557,125434,0,123,127,1041,0,120138,5296,0,0,1.1302180290222168,3.4764882564544677,3.989220380783081,6.762028694152832,12.62965202331543,25.477217864990216,46.70210769653318,145.2592010498047,2.50018310546875,3.4777561902999876,3.983605980873108,6.691691875457764,12.464555501937866,24.70270948410034,40.15638286590576,49.998939514160156,0.0014285714132711291,0.02800000086426735,0.08514285832643509,0.1508571356534958,0.26514285802841187,0.522857129573822,0.8199314284324631,1.621142864227295,0.0014285714132711291,0.03028571419417858,0.0868571400642395,0.15228570997714996,0.26657143235206604,0.5242857336997986,0.8215257102251042,1.621142864227295,0,0,0.0011428571306169033,1.156000018119812,0.0002079010009765625,0,8.42025332906108e-08,3.2189527114282615e-05,0.00016091086017415557,0.0003124143476233753,0.0006746697194371204,0.002078143364210621,0.004413466181627114,0.013207183681374234,124074,0.014984330162405968,0.021731799561530353,0.03113004844635725,0.06151481717824936,0.16882695630192757,6.316101694107055,19.83671627044679,41.630123138427734,123132,0.011319424025714397,0.02058755438774824,0.026403268799185753,0.059188321232795715,0.16647043079137802,3.6496336221694925,16.323198566436776,44.83011245727539,5;7,22.86303255745947,-6.995392059649017,0.913120690757526,0.37998887710371587
126,131072,126736,4336,0,4336,125559,125421,0,138,118,1059,0,120007,5414,0,0,1.1369026899337769,3.459831655025482,3.978133201599121,6.6949028968811035,12.564549684524536,25.694064140319824,47.06996479034424,144.9471893310547,2.5006399154663086,3.460505962371826,3.97179913520813,6.635027885437012,12.338472366333008,24.96044921875,40.13527145385746,49.94377899169922,0.0014285714132711291,0.02742857113480568,0.08514285832643509,0.14800000190734863,0.25942856073379517,0.5226428657770157,0.8128571510314941,1.621999979019165,0.0014285714132711291,0.02971428632736206,0.0868571400642395,0.1494285762310028,0.26085713505744934,0.5239999890327454,0.8147999882698067,1.621999979019165,0,0,0.0014285714132711291,1.1394286155700684,0.0002079010009765625,0,4.364407974735702e-08,3.4008505107953135e-05,0.00016454124484336117,0.00032050492123481065,0.0006820079961893543,0.002103386062732852,0.00438785836116048,0.019412497095414573,124069,0.01466400921344757,0.021640075743198393,0.030587468296289444,0.06162229925394058,0.17143714427947998,6.19610595703125,19.781733398437485,42.3250732421875,123109,0.011250853538513184,0.020422624424099922,0.02620932087302208,0.05960829555988312,0.16546902060508728,3.560530376434313,15.85288467407226,41.8591423034668,5;7,23.10416013781282,-7.279301699334425,0.9140815097144209,0.3724890826405889
127,131072,126672,4400,0,4400,125507,125353,0,154,101,1064,0,119921,5432,0,0,1.0739473104476929,3.429274547100067,3.9538440704345703,6.603501796722412,12.496515035629272,26.085815620422363,47.32721946716285,188.17498779296875,2.50018310546875,3.4305881023406983,3.9431512355804443,6.550102233886719,12.231038093566895,25.159009170532222,40.183096771240066,49.937103271484375,0.001714285695925355,0.02685714326798916,0.08399999886751175,0.14628571271896362,0.2571428716182709,0.5257142782211304,0.8062857389450073,1.634857177734375,0.001714285695925355,0.02914285659790039,0.08571428805589676,0.1477142870426178,0.2588571310043335,0.5271428823471069,0.8084228706359852,1.634857177734375,0,0,0.0014285714132711291,1.1945713758468628,0.00020694732666015625,0,8.783843847486386e-08,3.585837799539074e-05,0.00016802133762248175,0.00032501758534198466,0.0006884545435213694,0.002128254992702889,0.004368896871809986,0.028423269728947702,123943,0.014948543161153793,0.021506437472999095,0.030240699648857117,0.06158292293548584,0.1720864549279213,6.094975948333735,19.29226886749268,42.046146392822266,123052,0.011319361627101898,0.020198302716016768,0.02611426915973425,0.05954945087432861,0.16436968743801117,3.250453901290885,15.74203063964846,42.66813278198242,5;7,23.322352304478954,-7.569348372781257,0.9250362848689138,0.3631183023075553
128,131072,126651,4421,0,4421,125514,125368,0,146,91,1046,0,119901,5467,0,0,1.1497697830200195,3.353830575942993,3.9232746362686157,6.535706996917725,12.514886379241943,26.21992301940918,47.20064163208008,188.49998474121094,2.5040342807769775,3.3544297575950623,3.9134724140167236,6.491898059844971,12.208211421966553,25.375472068786614,40.82037265777588,49.96199035644531,0.001714285695925355,0.025428570806980133,0.08314285427331924,0.14657142758369446,0.26342856884002686,0.5237143039703369,0.7968571484088898,1.6239999532699585,0.001714285695925355,0.02742857113480568,0.08485714346170425,0.1477142870426178,0.26485714316368103,0.5254285931587219,0.7983799988031393,1.6239999532699585,0,0,0.0014285714132711291,1.3008571863174438,0.00020837783813476562,0,1.0209625521188048e-07,3.845652443896979e-05,0.00017057830829375885,0.0003271763227975676,0.0006924521377415387,0.0021229824075262,0.0044300436290679816,0.028475345867805705,123994,0.015244045294821262,0.02123483382165432,0.03005805192515254,0.062153298407793045,0.17446362972259521,6.085318422317499,19.29513959884643,42.06207275390625,123083,0.011978200636804104,0.019927334599196912,0.026065627112984657,0.05953781679272652,0.16558937728405,3.2251303911209064,15.818736152648855,42.255088806152344,5;7,23.561523897684907,-7.848473774508107,0.9236825502475585,0.36758111143429817
129,131072,126627,4445,0,4445,125447,125296,0,151,89,1091,0,119820,5476,0,0,1.17753267288208,3.269838261604309,3.9086110591888428,6.492031097412109,12.659396648406982,26.607079315185548,47.811314773559594,143.73898315429688,2.504639148712158,3.2707132697105408,3.898575007915497,6.450096130371094,12.282538175582886,25.574030876159668,40.7302309036255,49.992435455322266,0.0014285714132711291,0.024000000208616257,0.08142857253551483,0.14800000190734863,0.2685714364051819,0.5237143039703369,0.7816399824619308,1.6134285926818848,0.0014285714132711291,0.025714285671710968,0.08342856913805008,0.1494285762310028,0.2702857255935669,0.5251428484916687,0.7828571200370789,1.6134285926818848,0,0,0.0014285714132711291,1.4245713949203491,0.00020837783813476562,0,5.9361901600015214e-08,4.062822295736902e-05,0.00017407942198074125,0.0003329925518828917,0.0006989155596691761,0.0021397176793289557,0.004496318925162004,0.014524647391658183,123934,0.01538123656064272,0.020934881828725337,0.030032965820282698,0.06313750147819519,0.17444408684968948,6.060547566413872,19.203762531280507,43.902069091796875,123019,0.011983382515609264,0.01965361591428518,0.026056384667754173,0.060747258365154266,0.1688942015171051,3.3277407884597614,15.601800727844186,46.06608200073242,5;7,23.7939126043826,-8.13091169705722,0.9326919993061114,0.3658645395044793
130,131072,126544,4528,0,4528,125367,125217,0,150,87,1090,0,119647,5570,0,0,1.0335274934768677,3.2175676345825197,3.9120466709136963,6.465415954589844,12.604347705841064,26.96832447052,47.81785408020019,189.31297302246094,2.5176377296447754,3.218179988861084,3.9010183811187744,6.426187992095947,12.302899360656738,25.798502731323243,40.951916656494134,49.96229934692383,0.0011428571306169033,0.0231428574770689,0.07999999821186066,0.1494285762310028,0.27571427822113037,0.5222856998443604,0.7738771444559076,1.6271429061889648,0.0011428571306169033,0.024857142940163612,0.08171428740024567,0.15114285051822662,0.2774285674095154,0.5237143039703369,0.7751428484916687,1.6271429061889648,0,0,0.0011428571306169033,1.5640000104904175,0.00020837783813476562,0,6.473720817248793e-08,4.066690182352419e-05,0.00017394634175611943,0.0003360769084208507,0.0007007239640341655,0.0021497287016002935,0.004532586499986957,0.02860229941521692,123861,0.015545480884611607,0.020543420687317848,0.03026106208562851,0.06414909660816193,0.17779409885406494,6.104095458984375,19.06129951477049,42.333072662353516,122956,0.01194414496421814,0.019454733934253454,0.026209725998342037,0.06177385896444321,0.17240624502301216,3.3598141074180603,15.388873386383056,46.016082763671875,5;7,24.007404521914758,-8.41568927837827,0.9431781963063282,0.3560716641382064
131,131072,126490,4582,0,4582,125317,125155,0,162,92,1081,0,119599,5556,0,0,1.1417750120162964,3.17310631275177,3.9040788412094116,6.48158073425293,12.575045824050903,27.25597877502438,47.706620407104495,189.59397888183594,2.512378215789795,3.173706603050232,3.8928945064544678,6.43422269821167,12.314019680023193,26.107743835449185,41.050880813598624,49.97177505493164,0.001714285695925355,0.022285714745521545,0.07857143133878708,0.1517142802476883,0.2834285795688629,0.5205714106559753,0.7586028712987901,1.6271429061889648,0.001714285695925355,0.023428572341799736,0.08028571307659149,0.15371428430080414,0.2851428687572479,0.5220000147819519,0.7594285607337952,1.6271429061889648,0,0,0.0014285714132711291,1.5754286050796509,0.00020742416381835938,0,8.582713292936057e-08,4.0876332581967615e-05,0.0001733821219385335,0.0003393891790097592,0.0007032344987408746,0.002148840547076715,0.004562402787004949,0.02864731701066294,123751,0.01546292845159769,0.019884913228452206,0.030677721835672855,0.06485715508460999,0.17952852696180344,6.167158842086792,18.917728424072266,42.82508850097656,122859,0.011790992692112923,0.019296622090041637,0.026655315421521664,0.06292074173688889,0.17547821253538132,3.5836277961730914,15.672976589202877,46.0180778503418,5;7,24.24102588658821,-8.693122029080325,0.9539814552653711,0.36285614725140203
132,131072,126544,4528,0,4528,125382,125218,0,164,89,1073,0,119594,5624,0,0,1.1099210977554321,3.152713942527771,3.946940243244171,6.533751487731934,12.627415895462036,27.3698899269104,47.66278205871581,189.9859619140625,2.5333759784698486,3.15306441783905,3.932664394378662,6.476269721984863,12.4030921459198,26.226660537719717,41.237620010375984,49.94137954711914,0.001714285695925355,0.02142857201397419,0.0771428570151329,0.1534285694360733,0.29085713624954224,0.5154285430908203,0.7510199892520882,1.6217142343521118,0.001714285695925355,0.02257142774760723,0.07914285361766815,0.15542857348918915,0.29257142543792725,0.5168571472167969,0.7539514315128332,1.6217142343521118,0,0,0.0014285714132711291,1.6097142696380615,0.00020837783813476562,0,6.331371025253227e-08,4.080003306678833e-05,0.00017321041544609894,0.0003415909682961973,0.0007026422654877435,0.0021220278415601816,0.004597257875005198,0.028707821106755543,123873,0.015054482966661453,0.0194975171238184,0.03131440654397011,0.06577220559120178,0.18419933319091797,6.246558761596674,18.657395172119138,43.398075103759766,122944,0.01200845092535019,0.01907102782279253,0.02720999112352729,0.06430192291736603,0.17998980730772018,3.541093647480011,15.941437454223587,42.8580436706543,5;7,24.460001337848613,-8.964789634260752,0.9404935144277113,0.34919258369444994
133,131072,126623,4449,0,4449,125406,125259,0,147,86,1131,0,119579,5680,0,0,1.1835289001464844,3.140371084213257,4.014478445053101,6.557805061340332,12.729248046875,27.64351959228515,48.388185729980464,190.31997680664062,2.534459352493286,3.140781283378601,4.0006561279296875,6.497435092926025,12.503572940826416,26.35613842010498,41.20353897094725,49.998470306396484,0.001714285695925355,0.02085714228451252,0.0754285678267479,0.15457142889499664,0.2977142930030823,0.5151428580284119,0.751651425361633,1.6202857494354248,0.001714285695925355,0.02199999988079071,0.07742857187986374,0.15685714781284332,0.2994285821914673,0.5165714025497437,0.7525714039802551,1.6202857494354248,0,0,0.0014285714132711291,1.590571403503418,0.00020837783813476562,0,3.013449631112519e-08,4.0470720294897455e-05,0.00017205140584869953,0.00034258278402753026,0.0007011786872667836,0.0021093825815518717,0.004653423213866902,0.028762118763678575,123927,0.015061573125422001,0.019385358504951,0.03186654485762119,0.0664568543434143,0.18674182891845703,6.280793237686154,18.72656978607179,43.124080657958984,123033,0.011944232508540154,0.018937110528349878,0.02781820483505726,0.0651363655924797,0.18383730947971344,3.5992725372314407,15.856071319580078,43.102046966552734,5;7,24.68389664058469,-9.243242769652447,0.9565703523085927,0.357664255850361
134,131072,126549,4523,0,4523,125290,125128,0,162,88,1171,0,119400,5728,0,0,1.102237582206726,3.131042146682739,4.091257095336914,6.564383506774902,12.798907279968262,28.02862663269039,48.78954879760749,134.9652862548828,2.5205888748168945,3.131466233730316,4.077989935874939,6.498105525970459,12.574936389923096,26.527064704895018,41.500839462280275,49.99699783325195,0.0014285714132711291,0.02142857201397419,0.07485714554786682,0.15485714375972748,0.29657143354415894,0.5088571310043335,0.7571428418159485,1.6234285831451416,0.0014285714132711291,0.02257142774760723,0.07657142728567123,0.15714286267757416,0.2985714375972748,0.5102857351303101,0.7580000162124634,1.6234285831451416,0,0,0.0014285714132711291,1.596571445465088,0.00020837783813476562,0,4.967918806565185e-08,3.9772495935755703e-05,0.0001704524080321436,0.0003420686611294984,0.0006994549756934065,0.0021111236902332914,0.004733573671771192,0.01658626641626639,123706,0.015312914736568928,0.019310484174638987,0.03267976641654968,0.06802289187908173,0.19138163328170776,6.26110565662384,18.78934803009033,43.32609176635742,122852,0.011655694805085659,0.018873571883887053,0.028455681167542934,0.06586562842130661,0.1841198354959488,3.4028197884559623,15.609103326797495,43.307098388671875,5;7,24.911013388489543,-9.53245299208219,0.966165834018943,0.36785410587078193
135,131072,126529,4543,0,4543,125260,125095,0,165,91,1178,0,119386,5709,0,0,1.17253577709198,3.115787076950073,4.1711273193359375,6.620089054107666,12.969378471374512,28.119305038452108,48.7110678100586,134.51028442382812,2.53985333442688,3.1160455465316774,4.154223442077637,6.547728061676025,12.734725952148438,26.58870811462402,40.91382759094233,49.9869384765625,0.001714285695925355,0.021714285016059875,0.07485714554786682,0.15485714375972748,0.29428571462631226,0.5102857351303101,0.7617142796516418,1.6202857494354248,0.001714285695925355,0.022857142612338066,0.07657142728567123,0.15714286267757416,0.29600000381469727,0.5117142796516418,0.7634285688400269,1.6202857494354248,0,0,0.0014285714132711291,1.6059999465942383,0.00020837783813476562,0,9.720393877526963e-08,3.921137555103571e-05,0.000170151517538135,0.0003435620381785797,0.0007003601498901033,0.002109178383300527,0.004743774559271048,0.016535447934474992,123655,0.01576375961303711,0.01923261899501085,0.03311861306428909,0.06912387907505035,0.19477809965610504,6.272816133499134,18.342946014404266,43.649085998535156,122763,0.012503648176789284,0.01884278003126383,0.028970003128051758,0.06633131206035614,0.18710392713546753,3.5440058708190874,15.672620201110895,43.40109634399414,5,25.13959130343473,-9.809125171652159,0.9799976925054851,0.35914715432240085
136,131072,126462,4610,0,4610,125217,125060,0,157,89,1156,0,119281,5779,0,0,1.090709924697876,3.094727039337158,4.179330825805664,6.722899436950684,13.13297152519226,28.1065523147583,48.530060310363766,191.7327117919922,2.5698282718658447,3.0951492190361023,4.160095572471619,6.6569623947143555,12.900183200836182,26.561367511749264,40.536625900268575,49.998497009277344,0.001714285695925355,0.02142857201397419,0.07571428269147873,0.15457142889499664,0.28857141733169556,0.5142857432365417,0.7680000066757202,1.625428557395935,0.001714285695925355,0.022857142612338066,0.07771428674459457,0.15685714781284332,0.29028570652008057,0.5154285430908203,0.7692599970102321,1.625428557395935,0,0,0.0014285714132711291,1.5911428928375244,0.00020837783813476562,0,1.5890224296372265e-07,3.7478694325421244e-05,0.00016944674024643028,0.0003442742389990227,0.0007037278490500482,0.0021081197355035278,0.004679482022582648,0.02663908967102676,123594,0.015824545174837112,0.01924071554094553,0.03369984216988087,0.06984968483448029,0.19500146806240082,6.274357914924616,17.99140714645382,43.8140869140625,122757,0.012397253885865211,0.018882974237203597,0.029655281454324722,0.06656570732593536,0.18514597415924072,3.4409261226654038,15.630064125061036,43.641090393066406,5;7,25.363030551167814,-10.07490660315789,0.9748603192297292,0.34726252225792537
137,131072,126369,4703,0,4703,125140,124987,0,153,85,1144,0,119078,5909,0,0,1.1435546875,3.0812949657440187,4.1476569175720215,6.819942474365234,13.438786506652832,28.3123123168945,48.65338302612299,140.9333953857422,2.516085624694824,3.0816662311553955,4.12942910194397,6.744391441345215,13.169234275817871,26.722641754150374,40.99216400146484,49.997806549072266,0.001714285695925355,0.02142857201397419,0.0754285678267479,0.15228570997714996,0.28057143092155457,0.524571418762207,0.777999997138977,1.6282857656478882,0.001714285695925355,0.02257142774760723,0.0771428570151329,0.1542857140302658,0.2822857201099396,0.526285707950592,0.7794285416603088,1.6282857656478882,0,0,0.001714285695925355,1.590000033378601,0.0002079010009765625,0,7.609941503143745e-08,3.629313871732636e-05,0.00016915839841696444,0.00034847812060452555,0.0007074061706498626,0.002106373103550415,0.00468941476921586,0.017835470753543255,123443,0.015861015766859055,0.019390240684151648,0.03401567600667477,0.07062231749296188,0.19676243513822556,6.295427751541136,18.264385910034186,44.037086486816406,122603,0.01246399525552988,0.018950829468667506,0.030411277897655964,0.06669621914625168,0.185956671833992,3.378124856948851,15.588979911804177,43.745052337646484,5;7,25.590146756004017,-10.352627519784123,0.9688901583647642,0.3588123755553438
138,131072,126326,4746,0,4746,125099,124942,0,157,90,1137,0,118869,6073,0,0,1.1418993473052979,3.068553924560547,4.152546167373657,6.897978782653809,13.711366653442383,28.377341270446777,48.659067153930664,140.72061157226562,2.518554210662842,3.069293940067291,4.129690170288086,6.812729835510254,13.433368444442749,26.852915382385238,41.178669319152824,49.987388610839844,0.0014285714132711291,0.021142857149243355,0.07485714554786682,0.1502857208251953,0.27228569984436035,0.5285714268684387,0.7902142852544785,1.6291428804397583,0.0014285714132711291,0.022285714745521545,0.07685714215040207,0.15228570997714996,0.2737142741680145,0.5299999713897705,0.792168585062026,1.6291428804397583,0,0,0.0011428571306169033,1.5597143173217773,0.00020837783813476562,0,7.47965373263017e-08,3.43078373545632e-05,0.0001666188877860865,0.00034943036851390686,0.0007113540197638264,0.0021195847916843143,0.004654226848559993,0.01889198015999363,123418,0.015883788466453552,0.019539345894008874,0.03444015234708786,0.0715261697769165,0.20072168484330177,6.389229035377499,18.106449012756354,44.565086364746094,122585,0.012138192541897297,0.01906331554055214,0.030993271619081497,0.0672437846660614,0.18800458312034607,3.46893377304077,15.572704048156751,44.65105056762695,5;7,25.81452323124281,-10.636106376579729,0.9796818012346777,0.3616925827917396
139,131072,126461,4611,0,4611,125197,125033,0,164,88,1176,0,118925,6108,0,0,1.1728793382644653,3.0567805767059326,4.1659064292907715,6.9749956130981445,13.950112342834473,28.482707977294922,48.754506683349554,163.356201171875,2.5690789222717285,3.057058095932007,4.14164400100708,6.891798496246338,13.71182918548584,26.816461181640612,41.41342727661133,49.90922546386719,0.0014285714132711291,0.020285714417696,0.07457143068313599,0.14828571677207947,0.26342856884002686,0.5311428308486938,0.8092571258544905,1.6162856817245483,0.0014285714132711291,0.02142857201397419,0.07657142728567123,0.15000000596046448,0.26514285802841187,0.5328571200370789,0.8108571171760559,1.6162856817245483,0,0,0.0014285714132711291,1.6271429061889648,0.00020837783813476562,0,5.308980017336371e-08,3.1836357449154414e-05,0.00016494482126106077,0.0003475850303665336,0.0007132606119974741,0.002124977318156223,0.004709354416784244,0.025308412011654114,123561,0.01537611335515976,0.019801218062639236,0.03516000881791115,0.0724504142999649,0.20058228075504303,6.403509140014648,17.99848899841308,44.48408126831055,122691,0.011775852181017399,0.019210385158658028,0.031570686027407646,0.06799659878015518,0.1895916908979416,3.6586378812789917,15.620260429382336,44.173099517822266,5;7,26.02328264840094,-10.894344273499033,0.9805414756550479,0.3320663257507705
140,131072,126447,4625,0,4625,125161,124995,0,166,91,1195,0,118784,6211,0,0,1.1360116004943848,3.060594391822815,4.211876630783081,7.0018720626831055,14.185450553894043,28.555290794372556,48.96246566772457,192.77052307128906,2.5610272884368896,3.0610976219177246,4.190518379211426,6.933978080749512,13.906445980072021,26.747081565856877,41.66876091003418,49.95098876953125,0.001714285695925355,0.01971428655087948,0.07257142663002014,0.14628571271896362,0.25942856073379517,0.5379999876022339,0.826022862195965,1.6182856559753418,0.001714285695925355,0.020571429282426834,0.0747142881155014,0.14800000190734863,0.2611428499221802,0.5395142972469297,0.8277142643928528,1.6182856559753418,0,0,0.0014285714132711291,1.6114286184310913,0.0002079010009765625,0,3.120511153078154e-08,3.068653082400192e-05,0.00016456869558218986,0.00034573653520126685,0.0007126030557018549,0.002117239773036404,0.004750185920156973,0.017689348853286234,123488,0.01527978666126728,0.019943191111087798,0.036013263277709484,0.07238586246967316,0.19794737920165062,6.3906098842620835,17.75346292495729,44.89608383178711,122587,0.012474440038204193,0.019406274519860746,0.031717319041490555,0.06773612648248672,0.18783263117074966,3.620610928535457,15.625382747650145,45.101051330566406,5;7,26.261835272760262,-11.16382995194962,0.9858070547083693,0.3599411226873905
141,131072,126468,4604,0,4604,125145,124975,0,170,94,1229,0,118697,6278,0,0,1.17253577709198,3.065301167964935,4.179271221160889,7.036375999450684,14.344069719314575,28.923292636871334,49.41809566497805,139.505615234375,2.568040370941162,3.0657875537872314,4.1630003452301025,6.969919204711914,14.025984287261963,26.91863346099849,41.581690216064416,49.97113800048828,0.0011428571306169033,0.018571428954601288,0.07085714489221573,0.14300000667572021,0.25514286756515503,0.5422857403755188,0.8406656992435461,1.6260000467300415,0.0011428571306169033,0.019428571686148643,0.07285714149475098,0.14485713839530945,0.2571428716182709,0.5445713996887207,0.8428571224212646,1.6260000467300415,0,0,0.0011428571306169033,1.6319999694824219,0.00020837783813476562,0,6.334020109104953e-08,2.99949208120805e-05,0.00016480551319725565,0.00034397181341451466,0.000713175723312092,0.002132443817662955,0.004735648134701365,0.01871833215851597,123461,0.015909522771835327,0.01993659883737564,0.03655662015080452,0.07257271558046341,0.19934913516044617,6.323530673980713,17.405478286743158,45.05109405517578,122567,0.012630017474293709,0.019525435380637647,0.03182560205459595,0.06810309737920761,0.18852612376213074,3.6353000164031974,15.454793720245343,45.14305114746094,5;7,26.480409289128442,-11.427826544251323,0.9918459580486073,0.3427904166276851
142,131072,126467,4605,0,4605,125099,124928,0,171,94,1274,0,118711,6217,0,0,1.1488946676254272,3.069358801841736,4.142176389694214,7.0537190437316895,14.5289945602417,29.321641731262204,50.14483993530269,139.15988159179688,2.525588035583496,3.0697474479675293,4.12511134147644,6.988617897033691,14.125541925430298,27.20452852249145,41.499611892700194,49.969268798828125,0.0014285714132711291,0.017999999225139618,0.06971428543329239,0.1420000046491623,0.2548571527004242,0.5451428294181824,0.8649542903900137,1.6297142505645752,0.0014285714132711291,0.018857141956686974,0.07171428203582764,0.1437142789363861,0.25685715675354004,0.547428548336029,0.8659228616952884,1.6297142505645752,0,0,0.0011428571306169033,1.6122857332229614,0.00020837783813476562,0,1.815525246354776e-08,2.9868254510664388e-05,0.00016475732792572167,0.00034457002045840064,0.0007142015925530256,0.0021605062035574014,0.004736360068803321,0.018667974195008086,123418,0.01593930460512638,0.019902459159493447,0.036943268962204456,0.07309749722480774,0.20363041013479233,6.380376982688904,17.263217487335215,45.28709030151367,122481,0.01229942962527275,0.01957402192056179,0.03179397061467171,0.06869938969612122,0.19050469994544983,3.6131527423858643,15.27522716522215,44.779056549072266,5;7,26.70415133303016,-11.691192490281681,0.987061638744628,0.34560817908288416
143,131072,126420,4652,0,4652,125050,124859,0,191,90,1280,0,118636,6223,0,0,1.1665396690368652,3.0686848044395445,4.132322669029236,7.058405876159668,14.667090892791748,29.493402194976802,50.15805400848388,131.8099822998047,2.50555419921875,3.068972659111023,4.111923933029175,7.007548809051514,14.26071310043335,27.47149085998534,41.18927284240722,49.99387741088867,0.0011428571306169033,0.017999999225139618,0.06942857056856155,0.14171428978443146,0.25457143783569336,0.5540000200271606,0.8694285750389099,1.6162856817245483,0.0011428571306169033,0.018571428954601288,0.0714285746216774,0.1437142789363861,0.25628572702407837,0.556857168674469,0.8708571195602417,1.6162856817245483,0,0,0.0011428571306169033,1.610285758972168,0.0002079010009765625,0,1.3353499997737975e-08,2.937905317021832e-05,0.00016495831390102718,0.0003427660677161186,0.0007168000968938636,0.0021849879206526776,0.00466024966825373,0.012996420897934463,123298,0.016011828556656837,0.01989467293024063,0.037167495116591454,0.07318343967199326,0.20752104371786118,6.3856637239456076,17.29907470703125,44.816097259521484,122400,0.012498866766691208,0.01955271316692233,0.031936136074364185,0.0695342943072319,0.19330254942178726,3.6391616225242602,15.342127008438089,43.309120178222656,5,26.911334560403564,-11.946819479374714,0.9824490115848225,0.32907647072822427
144,131072,126397,4675,0,4675,125022,124851,0,171,90,1285,0,118648,6203,0,0,1.1144630908966064,3.058501386642456,4.1349992752075195,7.051761150360107,14.723459243774414,29.457644271850583,50.5552635192871,138.4566192626953,2.6072440147399902,3.0587072372436523,4.117023229598999,6.999812602996826,14.367562770843506,27.600698471069336,40.584442138671875,49.9019889831543,0.0014285714132711291,0.017714286223053932,0.06942857056856155,0.1437142789363861,0.2557142972946167,0.5614285469055176,0.8831542587280256,1.621142864227295,0.0014285714132711291,0.018571428954601288,0.0714285746216774,0.14571428298950195,0.2574285566806793,0.5637142658233643,0.8848571181297302,1.621142864227295,0,0,0.0011428571306169033,1.6011428833007812,0.00020694732666015625,0,3.419382484794475e-08,2.9924343680247022e-05,0.00016576920062684586,0.00034286508034119786,0.0007194166328845903,0.002204044693813952,0.004600379283550636,0.01856787065747777,123304,0.01610155776143074,0.01984257660806179,0.037375724874436855,0.07361775636672974,0.21281098201870918,6.334961009025568,17.152022933959962,43.52311325073242,122415,0.012522502802312374,0.019515812583267688,0.032139139249920845,0.07025402039289474,0.19505010545253754,3.7035361289977735,14.934473037719732,43.59710693359375,,27.12679228021443,-12.211678527591266,0.9793614685296375,0.3414408841518452
145,131072,126361,4711,0,4711,124950,124756,0,194,90,1321,0,118446,6310,0,0,1.1659919023513794,3.03922438621521,4.1388444900512695,7.038254737854004,14.801956176757812,29.51378631591797,51.81824569702142,138.1666259765625,2.5223307609558105,3.0393707752227783,4.121431946754456,6.980436325073242,14.381118059158325,27.628917694091797,40.240741348266596,49.99021530151367,0.0014285714132711291,0.017714286223053932,0.07000000029802322,0.14542856812477112,0.25914284586906433,0.5619999766349792,0.8857142925262451,1.6308571100234985,0.0014285714132711291,0.018571428954601288,0.07199999690055847,0.14714285731315613,0.26085713505744934,0.5645714402198792,0.8868571519851685,1.6308571100234985,0,0,0.0011428571306169033,1.615142822265625,0.0002079010009765625,0,4.392802791793471e-08,3.1015476691371855e-05,0.00016578167893920373,0.0003425768126175417,0.000720888765911435,0.002210834921607886,0.004561821779730444,0.018526508405086697,123199,0.016142845153808594,0.019765297509729864,0.0374311488121748,0.07372055947780609,0.2203877940773964,6.343788766860956,17.192066917419435,43.39313507080078,122334,0.012634498067200184,0.019470110721886157,0.031983159482479095,0.07070636749267578,0.1963997483253479,3.642486524581899,15.239798202514642,43.30617904663086,7,27.339119773027726,-12.472792471007162,0.9881814487682358,0.33666191899588044
146,131072,126220,4852,0,4852,124857,124652,0,205,92,1271,0,118260,6392,0,0,1.1565461158752441,3.0241974472999575,4.168730735778809,7.003501892089844,14.798828125,29.337041854858377,50.39593788146966,137.83460998535156,2.5955801010131836,3.0246435523033144,4.150221109390259,6.943924903869629,14.345227718353271,27.721852684020995,39.759284133911144,49.998390197753906,0.0014285714132711291,0.017999999225139618,0.07114285975694656,0.14742857217788696,0.26257142424583435,0.5559999942779541,0.8890342992544161,1.614571452140808,0.0014285714132711291,0.018857141956686974,0.07342857122421265,0.14914286136627197,0.26428571343421936,0.5577142834663391,0.8905714154243469,1.614571452140808,0,0,0.0011428571306169033,1.6228570938110352,0.00020837783813476562,0,8.865507945219411e-08,3.154762154023647e-05,0.00016648875606765074,0.00034211705199596175,0.0007237008500234057,0.002206816093811492,0.004456285298329764,0.018478530131798898,123104,0.01589091122150421,0.019904845301061867,0.03714608680456877,0.07336093485355377,0.22401472181081772,6.333053374290467,17.069981098175052,42.75311279296875,122174,0.012069578282535076,0.019279482122510672,0.032043284736573696,0.0710894763469696,0.19775499403476715,3.4986429452896077,14.939073705673218,42.687129974365234,,27.550588497488963,-12.74140200867856,0.9820549130553533,0.3419175918158447
147,131072,126221,4851,0,4851,124810,124628,0,182,96,1315,0,118096,6532,0,0,1.1366777420043945,3.0106446743011475,4.125808238983154,6.921041011810303,14.83297348022461,29.497087478637695,51.59324951171878,137.494384765625,2.616034507751465,3.0112508058547975,4.105053901672363,6.858918190002441,14.334791421890259,27.69351034164427,39.41024875640868,49.95499038696289,0.0014285714132711291,0.018285714089870453,0.07257142663002014,0.14885714650154114,0.26742857694625854,0.5508571267127991,0.8842856884002686,1.6260000467300415,0.0014285714132711291,0.019428571686148643,0.07485714554786682,0.1508571356534958,0.26914286613464355,0.5525714159011841,0.8853514128923404,1.6260000467300415,0,0,0.0011428571306169033,1.6214286088943481,0.00020837783813476562,0,3.844869165574174e-08,3.2185188321852e-05,0.00016821631272089421,0.0003463198335863205,0.0007272001953820632,0.0022415620775513697,0.004432675747054819,0.017341706513913292,123105,0.015675989910960197,0.019569621607661247,0.03627894073724747,0.07308825850486755,0.22628448903560638,6.439799594879148,17.03450088500965,44.2100944519043,122180,0.012772837653756142,0.018973833974450828,0.031702907755970955,0.07168643176555634,0.20107589662075043,3.556538307666761,15.010302238464348,42.65212631225586,,27.75662223549033,-13.006558315884835,0.9987005202896009,0.3362065506296396
148,131072,126033,5039,0,5039,124640,124418,0,222,94,1299,0,117728,6690,0,0,1.1715364456176758,3.0071380138397217,4.0999650955200195,6.901427268981934,14.804194450378418,29.4768714904785,51.390480346679524,137.27740478515625,2.540722131729126,3.0073628425598145,4.074035406112671,6.846993446350098,14.330511808395386,27.709111022949216,39.09757915496827,49.9967041015625,0.0014285714132711291,0.018285714089870453,0.07342857122421265,0.15199999511241913,0.2759999930858612,0.545714259147644,0.8777142763137817,1.624571442604065,0.0014285714132711291,0.019428571686148643,0.07571428269147873,0.15399999916553497,0.2777142822742462,0.5477142930030823,0.8791428804397583,1.624571442604065,0,0,0.0014285714132711291,1.6337143182754517,0.00020837783813476562,0,2.7789885641128498e-08,3.282165883324966e-05,0.0001692385026097187,0.0003513053010351528,0.0007297697398346851,0.002251125843248974,0.00439444076815387,0.01839232542060077,122772,0.015939529985189438,0.019129453133791684,0.035199872218072414,0.07160909473896027,0.21816733106970787,6.32613005638122,16.97845470428466,42.74212646484375,121870,0.012867780402302742,0.018679702747613193,0.03129437565803528,0.07169254124164581,0.20145979523658752,3.691710960865009,14.970335140228261,42.39206314086914,,27.963277116716778,-13.269873150449182,0.9993072167207694,0.33472572371559217
149,131072,126054,5018,0,5018,124657,124441,0,216,91,1306,0,117700,6741,0,0,1.1152284145355225,2.9980278968811036,4.062308669090271,6.862806797027588,14.884786605834961,29.556614875793446,51.219973220825196,136.8172149658203,2.631751298904419,2.998213768005371,4.033468723297119,6.784942626953125,14.31547737121582,27.746816635131836,38.81048965454102,49.91399002075195,0.0014285714132711291,0.018285714089870453,0.07400000095367432,0.15457142889499664,0.2840000092983246,0.5382857322692871,0.8561342781782154,1.6311428546905518,0.0014285714132711291,0.01914285682141781,0.0762857124209404,0.1565714329481125,0.2857142984867096,0.5402857065200806,0.8584571361541765,1.6311428546905518,0,0,0.0011428571306169033,1.6094285249710083,0.00020837783813476562,0,4.9699929786990476e-08,3.3875761761728705e-05,0.00017101893681555872,0.0003561094437973311,0.0007336619329023757,0.0022622513761968014,0.004386690307643387,0.01747631644864636,122892,0.016332071274518967,0.01880700998008251,0.034444368444383144,0.07148008048534393,0.21652723103761673,6.436114954948425,16.834065437316895,42.50109100341797,121957,0.013040817342698574,0.018508780002593993,0.030705144628882408,0.0720595195889473,0.20197120308876038,3.782416677474971,14.797765274047856,42.340087890625,,28.170638580259986,-13.520835810357475,0.9932735751617219,0.3256031911107286
150,131072,125993,5079,0,5079,124592,124374,0,218,92,1309,0,117532,6842,0,0,1.153440237045288,2.9925832748413086,4.061664581298828,6.804329872131348,14.97791576385498,29.53583526611327,51.04167480468751,222.8919677734375,2.630263090133667,2.992772114276886,4.03748631477356,6.73738431930542,14.35677456855774,27.740612030029283,38.63164249420168,49.96270751953125,0.001714285695925355,0.018285714089870453,0.07400000095367432,0.15857142210006714,0.2939999997615814,0.5385714173316956,0.8302857279777527,1.6302857398986816,0.001714285695925355,0.019428571686148643,0.07657142728567123,0.16085714101791382,0.2962857186794281,0.5400000214576721,0.8320771521329892,1.6302857398986816,0,0,0.0011428571306169033,1.6202857494354248,0.00020837783813476562,0,6.465110476245171e-08,3.520250202282434e-05,0.0001730363105866653,0.0003615758562238671,0.000736069513615989,0.0022576781923770136,0.004385400252133485,0.03389423300879007,122788,0.016454171389341354,0.01856052903458476,0.03381486143916845,0.07085905224084854,0.21490369364619255,6.4001554250717065,16.971372509002695,43.29410171508789,121872,0.012705336324870586,0.01834813104942441,0.03015401726588607,0.07255895435810089,0.20144147798419,3.7706902742385844,14.794327411651592,42.339149475097656,,28.372768902501946,-13.780826148227028,1.0007170236883611,0.32940407994002063
151,131072,126001,5071,0,5071,124583,124324,0,259,91,1327,0,117478,6846,0,0,1.1765332221984863,2.987104892730713,4.06099796295166,6.7613701820373535,15.155900955200195,29.425146102905273,51.128929138183594,136.15420532226562,2.64516544342041,2.987203598022461,4.032608151435852,6.6959357261657715,14.46808409690857,27.853534889221176,38.427551155090335,49.99026107788086,0.0011428571306169033,0.017999999225139618,0.0754285678267479,0.164000004529953,0.3042857050895691,0.5388571619987488,0.8148571252822876,1.6319999694824219,0.0011428571306169033,0.01914285682141781,0.07800000160932541,0.1662857085466385,0.30628570914268494,0.5402857065200806,0.8171428442001343,1.6319999694824219,0,0,0.0011428571306169033,1.628000020980835,0.0002079010009765625,0,1.4720756156369045e-07,3.7003544022642274e-05,0.00017443517613133276,0.00036532421411505667,0.0007394816962802728,0.0022747992893768568,0.004395231762072172,0.015831447901086,122717,0.016548901796340942,0.018440334498882292,0.033253300935029984,0.06970809400081635,0.21221552789211273,6.290625381469721,16.8463482666015,43.741092681884766,121800,0.012953430414199829,0.018177528399974108,0.029601803049445152,0.07324524223804474,0.19990282133221626,3.7841181755065847,14.662348356246927,43.67710494995117,,28.585879132359175,-14.037315973330939,0.9945090700861228,0.33352891799597095
152,131072,125954,5118,0,5118,124532,124276,0,256,87,1335,0,117446,6830,0,0,1.173754334449768,2.980423963069916,4.052956581115723,6.726446628570557,15.09047532081604,29.24756050109863,50.88453315734864,128.82846069335938,2.600170612335205,2.980536699295044,4.0259000062942505,6.658329963684082,14.582908153533936,27.91974401473999,38.16801452636719,49.97614669799805,0.0014285714132711291,0.017999999225139618,0.07857143133878708,0.17085714638233185,0.3108571469783783,0.5380999982357,0.799948553442957,1.6239999532699585,0.0014285714132711291,0.018857141956686974,0.08142857253551483,0.1728571355342865,0.3134285807609558,0.5400000214576721,0.8035000115633011,1.6239999532699585,0,0,0.0014285714132711291,1.6194285154342651,0.00020837783813476562,0,6.379656054014278e-08,3.7793661337286944e-05,0.0001763655080627168,0.0003664846796043043,0.000742328315834067,0.002278686599950388,0.00439754813637784,0.015788378236329885,122638,0.016591593623161316,0.018377057556062937,0.032327803783118725,0.0671674907207489,0.20587576553225517,6.196631455421424,16.882078323364258,44.03310012817383,121734,0.013132677413523197,0.018018711172044278,0.02892755577340722,0.07299673557281494,0.19502627104520798,3.6663035392760985,14.703184537887562,44.00811767578125,5,28.79286877953763,-14.291353862581753,0.9940440410755444,0.3276891506688181
153,131072,125916,5156,0,5156,124468,124196,0,272,92,1356,0,117346,6850,0,0,1.1705371141433716,2.9661068320274353,3.988886773586273,6.697004795074463,14.880869626998901,29.105258464813232,51.03893699646006,128.39947509765625,2.6362853050231934,2.9662105441093445,3.9625614881515503,6.625062942504883,14.677907705307007,27.853458404541016,37.87241535186769,49.999122619628906,0.0014285714132711291,0.018857141956686974,0.08228571712970734,0.17714285850524902,0.3171428442001343,0.5337142944335938,0.7968571186065674,1.6277142763137817,0.0014285714132711291,0.01971428655087948,0.08571428805589676,0.1794285774230957,0.31942856311798096,0.5351428389549255,0.7985856950283059,1.6277142763137817,0,0,0.0011428571306169033,1.6105713844299316,0.00020742416381835938,0,6.559444553418343e-08,3.9867571427481846e-05,0.00018004048515858346,0.0003687557482062131,0.000745304434302149,0.00228598660707154,0.004375422414384702,0.015731346546647044,122606,0.01659688539803028,0.018270596861839294,0.03167275991290808,0.06549304723739624,0.20270219817757607,6.054847836494446,17.051801967620833,44.82710266113281,121624,0.013080175966024399,0.017886402923613785,0.028090205509215593,0.07227741181850433,0.18982508406043053,3.6379194021224954,14.628998441696172,43.36111068725586,5,28.991793158885258,-14.544285179092618,0.9973957561527175,0.32180179235783773
154,131072,125785,5287,0,5287,124333,124059,0,274,93,1359,0,117301,6758,0,0,1.1651949882507324,2.949859619140625,3.888676643371582,6.715407371520996,14.748477935791016,29.010322570800767,51.021491394043046,135.18922424316406,2.6738736629486084,2.9499879837036134,3.859973192214966,6.633727073669434,14.457571029663086,27.801778793334957,37.61490531921386,49.99664306640625,0.001714285695925355,0.018857141956686974,0.08714285492897034,0.1825714260339737,0.32257142663002014,0.5354285836219788,0.7960000038146973,1.6268571615219116,0.001714285695925355,0.020285714417696,0.09028571099042892,0.1851428598165512,0.3248571455478668,0.5365714430809021,0.7977142930030823,1.6268571615219116,0,0,0.0014285714132711291,1.600857138633728,0.00020837783813476562,0,1.4585870890488208e-07,4.235383776732577e-05,0.00018348869426895528,0.00037187105141010986,0.0007489703235700178,0.002286054334675383,0.00439961042975149,0.01730144868641464,122376,0.01645641028881073,0.018142196349799633,0.031219729222357273,0.0643165335059166,0.19891845434904099,5.98324179649353,16.976897716522217,44.08510971069336,121431,0.012906727381050587,0.017773522064089775,0.027246709913015366,0.07209315150976181,0.18629848212003708,3.5983519554138184,14.276506233215326,43.74711990356445,,29.187533976023246,-14.805105758750432,1.01238835930871,0.3264454325247613
155,131072,125669,5403,0,5403,124210,123926,0,284,91,1368,0,117233,6693,0,0,1.1586633920669556,2.9305579662323,3.8145737648010254,6.746817588806152,14.664497375488281,29.01620712280271,51.08173553466794,134.8632049560547,2.6945693492889404,2.930652618408203,3.7839227318763733,6.661842346191406,14.238245964050293,27.795368194580078,37.82706260681152,49.994117736816406,0.001714285695925355,0.01971428655087948,0.09057142585515976,0.18714286386966705,0.324571430683136,0.5374285578727722,0.8023771500587442,1.6251428127288818,0.001714285695925355,0.02085714228451252,0.09371428936719894,0.18971428275108337,0.32657143473625183,0.5388571619987488,0.8048571348190308,1.6251428127288818,0,0,0.0014285714132711291,1.582285761833191,0.0002079010009765625,0,6.18224104846515e-08,4.3784429966463895e-05,0.00018649116056418827,0.0003769870100641524,0.000752781687670772,0.0022660342287145006,0.004441002408520079,0.015651525648636873,122190,0.016567450016736984,0.017980202566832304,0.030721114948391914,0.06322143971920013,0.1945909596979618,5.972690272331226,17.02880298614502,44.32910919189453,121240,0.012905298732221127,0.01761911865323782,0.026081941090524197,0.07139822840690613,0.1845010332763195,3.6601653575897104,14.342077255249023,43.838104248046875,5,29.384753745837163,-15.06764936285436,1.0157786889014848,0.3283843418862739
156,131072,125668,5404,0,5404,124191,123911,0,280,91,1386,0,117322,6589,0,0,1.1189148426055908,2.9141977310180662,3.7504167556762695,6.840770721435547,14.564987182617188,29.120155811309797,51.13630523681641,127.38445281982422,2.7398667335510254,2.914217948913574,3.7243021726608276,6.747143268585205,14.149792194366455,27.790501594543457,38.0224456787109,49.998653411865234,0.001714285695925355,0.020285714417696,0.09314285963773727,0.18942856788635254,0.3285714387893677,0.5397142767906189,0.8094285726547241,1.6285713911056519,0.001714285695925355,0.021714285016059875,0.0965714305639267,0.19200000166893005,0.3305714428424835,0.5408571362495422,0.8116571485996213,1.6285713911056519,0,0,0.0014285714132711291,1.5945714712142944,0.00020837783813476562,0,6.261911918926996e-08,4.220192329192226e-05,0.00018762260595897115,0.0003799105161505176,0.0007544242908879123,0.0022601023787594595,0.004460375122261361,0.015597937538012129,122097,0.01680714078247547,0.017858944088220596,0.030155764892697334,0.06250574439764023,0.1908993273973465,5.900494003295895,16.922187118530253,44.59611892700195,121219,0.012843058444559574,0.01752277109771967,0.02529281284660101,0.07116643339395523,0.18204252421855927,3.579281497001646,14.231297550201415,44.405059814453125,5,29.577435956830023,-15.319798930030618,1.0143712780870422,0.31734495342682295
157,131072,125809,5263,0,5263,124280,123991,0,289,93,1436,0,117352,6639,0,0,1.1309067010879517,2.904856538772583,3.7439329624176025,6.94517183303833,14.524826049804688,29.307930755615207,51.560331573486316,134.17138671875,2.7710046768188477,2.9048867225646973,3.7183194160461426,6.834577560424805,14.143576622009277,27.76145362854004,37.820894241333015,49.9949951171875,0.0014285714132711291,0.021257143095135846,0.09485714137554169,0.19028571248054504,0.33000001311302185,0.5460000038146973,0.8182628488540644,1.6339999437332153,0.0014285714132711291,0.022857142612338066,0.09828571230173111,0.19257143139839172,0.33228570222854614,0.5471428632736206,0.821142852306366,1.6339999437332153,0,0,0.0014285714132711291,1.582285761833191,0.00020837783813476562,0,9.81045712151914e-08,3.880390958798065e-05,0.0001879477309825153,0.000378979280039924,0.0007566885825861817,0.0022619859897230333,0.004497466118172537,0.016882406362174373,122248,0.01672269217669964,0.017786443792283536,0.029857387766242027,0.06191173940896988,0.18894411250948906,5.943758916854853,17.266442623138424,44.56112289428711,121369,0.012752508744597435,0.017438875138759614,0.024653330445289612,0.07128956913948059,0.1798606812953949,3.5303888320922834,14.239250183105447,44.34712600708008,5,29.77048635549066,-15.578420735342565,1.0234266319544745,0.3228555312202444
158,131072,125946,5126,0,5126,124411,124091,0,320,92,1443,0,117542,6549,0,0,1.1319060325622559,2.8967204689979553,3.734175443649292,7.042499542236328,14.558452606201172,29.303081512451172,51.68150787353517,133.8511962890625,2.7871901988983154,2.896711826324463,3.7094699144363403,6.9451398849487305,14.195371150970459,27.664180755615234,37.94768371582034,49.984771728515625,0.0014285714132711291,0.02199999988079071,0.09600000083446503,0.1899999976158142,0.3294285833835602,0.550000011920929,0.8215857237577446,1.6294286251068115,0.0014285714132711291,0.023714285343885422,0.09942857176065445,0.1922857165336609,0.3317142724990845,0.5514285564422607,0.8231428861618042,1.6294286251068115,0,0,0.0014285714132711291,1.576285719871521,0.00020837783813476562,0,1.621005844073079e-08,3.700027583081837e-05,0.0001871400953047365,0.0003791936806989571,0.000756992424630948,0.0022598489692944013,0.004499532935979001,0.0168336406708919,122285,0.016671329736709595,0.01774962730705738,0.029718011617660522,0.06160491704940796,0.18633154034614563,5.918962669372552,17.517670898437512,44.20309829711914,121465,0.012704376131296158,0.017395853623747827,0.024466712027788162,0.07146400213241577,0.17742404341697693,3.4448598861694295,14.154620552062989,43.05506896972656,,29.95511034262762,-15.806481595087476,1.0279213648185614,0.29345864273770417
159,131072,125986,5086,0,5086,124493,124140,0,353,91,1402,0,117687,6453,0,0,1.1386765241622925,2.8809943199157715,3.7125503420829773,7.13289213180542,14.583998441696167,28.90988254547119,51.338434791564815,133.609619140625,2.7663497924804688,2.8809919238090513,3.689022421836853,7.0473809242248535,14.228862762451172,27.36553230285644,37.72281631469727,49.98851776123047,0.001714285695925355,0.02257142774760723,0.09885714203119278,0.19200000166893005,0.3319999873638153,0.5537142753601074,0.8177571356296522,1.6311428546905518,0.001714285695925355,0.024571428075432777,0.10199999809265137,0.19428572058677673,0.33399999141693115,0.555142879486084,0.8191428780555725,1.6311428546905518,0,0,0.0014285714132711291,1.5528571605682373,0.00020837783813476562,0,7.00578267648413e-08,3.545559908497261e-05,0.0001867416352037587,0.0003756062215872578,0.0007562954576545615,0.0022114652335863847,0.004461683396109948,0.017874880898358703,122275,0.016568565741181374,0.017639563232660294,0.02976230625063181,0.06120121479034424,0.18272538483142853,5.809138202667236,17.534144630432095,44.16611099243164,121535,0.012612525373697281,0.017333414405584335,0.024298283271491528,0.07226314395666122,0.17382584512233734,3.4081180095672443,14.204286727905316,44.17311477661133,5,30.13136877280123,-16.039073888686058,1.0244034333191405,0.2918537049460731
160,131072,126124,4948,0,4948,124704,124345,0,359,93,1327,0,117842,6503,0,0,1.0810503959655762,2.8527234554290772,3.687026262283325,7.216075897216797,14.672486305236816,28.304762840270953,50.618733024597184,199.91671752929688,2.7378671169281006,2.8528136730194094,3.6654932498931885,7.16291618347168,14.312283515930176,26.905753326416008,37.50417709350585,49.9793701171875,0.0014285714132711291,0.023428572341799736,0.1014285683631897,0.19514285027980804,0.33885714411735535,0.5628571510314941,0.8187914258241665,1.6299999952316284,0.0014285714132711291,0.025428570806980133,0.10457143187522888,0.1971428543329239,0.3408571481704712,0.5640000104904175,0.8199999928474426,1.6299999952316284,0,0,0.0014285714132711291,1.4851428270339966,0.00020837783813476562,0,1.270835469307933e-07,3.472993603285121e-05,0.00018789810365060758,0.00037582938216327037,0.0007586352043602344,0.002190286868149328,0.004336889226736805,0.02782787775837568,122536,0.01639728620648384,0.01746645988896489,0.02968290727585554,0.061804868280887604,0.17821519821882248,5.793416976928711,17.213502502441376,44.604103088378906,121757,0.01252523809671402,0.017173851281404494,0.02411402203142643,0.07338234037160873,0.17130792140960693,3.2298240661621,13.9993203353882,43.29405975341797,5,30.305988162153007,-16.284232522575252,1.0254612337237836,0.3009913717196868
161,131072,126132,4940,0,4940,124785,124406,0,379,93,1254,0,117750,6656,0,0,1.1156922578811646,2.828724277019501,3.6644370555877686,7.285114288330078,14.636217832565308,28.036613368988036,49.87364749908452,125.89570617675781,2.6637654304504395,2.8288673162460327,3.6446606516838074,7.232417583465576,14.376100063323975,26.671051025390625,37.29093093872069,49.996864318847656,0.001714285695925355,0.024000000208616257,0.10371428728103638,0.20028571784496307,0.345714271068573,0.5759999752044678,0.8214285969734192,1.632857084274292,0.001714285695925355,0.02628571353852749,0.10657142847776413,0.20257142186164856,0.347428560256958,0.577071413397789,0.824571430683136,1.632857084274292,0,0,0.0014285714132711291,1.4980000257492065,0.00020837783813476562,0,2.27814928409862e-08,3.4076080132937995e-05,0.0001884186239857429,0.0003755835288737377,0.0007598607774082846,0.002146892896780719,0.004236121192482155,0.0167084786749661,122618,0.016243165358901024,0.017372382525354623,0.029525037854909897,0.06248297542333603,0.17660030722618103,5.829339647293085,17.660904350280763,43.119110107421875,121788,0.012420921586453915,0.017008371464908124,0.023929051123559475,0.07390080392360687,0.16802970319986343,3.279541838169087,14.415851030349755,43.1270751953125,5,30.47892486364676,-16.520582130895832,1.0186827184118328,0.29294058842479603
162,131072,126280,4792,0,4792,124883,124458,0,425,90,1307,0,117979,6479,0,0,1.1306818723678589,2.798624038696289,3.636081337928772,7.398358345031738,14.661484003067017,27.690812778472864,50.58859905242918,129.5072784423828,2.6113662719726562,2.798621356487274,3.612663745880127,7.330010414123535,14.384729623794556,26.352560997009274,36.86126373291012,49.9771614074707,0.001714285695925355,0.024571428075432777,0.1071428582072258,0.2045714259147644,0.35342857241630554,0.5874428570270505,0.8371428847312927,1.6305714845657349,0.001714285695925355,0.027142856270074844,0.11057142913341522,0.20685714483261108,0.3557142913341522,0.5891428589820862,0.8392657035589198,1.6305714845657349,0,0,0.0014285714132711291,1.4328571557998657,0.00020837783813476562,0,5.382360770886723e-09,3.3770478603402966e-05,0.00018896325266678528,0.0003750032383077675,0.0007631771808877941,0.0021313570702393603,0.0041655236280799405,0.016680873121132606,122632,0.015974275767803192,0.017195367254316807,0.029405190609395504,0.06338626146316528,0.17322780191898346,5.891453433036802,17.52175714492798,43.684104919433594,121859,0.012245547026395798,0.01682444605976343,0.02376607619225979,0.07428533583879471,0.16573742777109146,3.135280656814526,14.157293472290018,43.40012741088867,5,30.63021312017649,-16.756290196946168,1.0230961526083926,0.28011766700156854
163,131072,126263,4809,0,4809,124790,124318,0,472,88,1385,0,117918,6400,0,0,1.0767202377319336,2.776323938369751,3.6051595211029053,7.495697498321533,14.662009239196777,27.990527534484844,51.94904350280763,132.5952606201172,2.5813701152801514,2.776116728782654,3.5812886357307434,7.431455612182617,14.394707202911377,26.50650701522827,36.96081134796143,49.99699783325195,0.001714285695925355,0.025142857804894447,0.10685714334249496,0.20685714483261108,0.3594285845756531,0.5920000076293945,0.8458628726005607,1.628857135772705,0.001714285695925355,0.02742857113480568,0.11028571426868439,0.20914286375045776,0.36171427369117737,0.5937142968177795,0.8485228532552724,1.628857135772705,0,0,0.0014285714132711291,1.3765714168548584,0.00020837783813476562,0,5.300943159719774e-08,3.4430927761379664e-05,0.00018935662837862844,0.00037351324450471423,0.0007668776416371884,0.0021552120384279827,0.0042743444833374,0.017710752917456857,122521,0.01592162996530533,0.017046036198735237,0.02930445782840252,0.06472746282815933,0.17170169949531555,5.873808860778809,17.717538070678717,42.31512451171875,121738,0.012088170275092125,0.01668810360133648,0.023626917507499456,0.07467152923345566,0.16839637234807014,3.225412535667418,14.465177097320558,42.2620849609375,,30.79382025409306,-16.96889226490596,1.036721446113207,0.26861232695516324
164,131072,126198,4874,0,4874,124697,124165,0,532,94,1407,0,117725,6440,0,0,1.155665397644043,2.7532267451286314,3.572417378425598,7.585083484649658,14.606106281280518,28.309406757354733,52.17809368133545,132.27236938476562,2.6324479579925537,2.7530939102172853,3.5478763580322266,7.509296417236328,14.337648391723633,26.627330780029283,37.65642532348633,49.98047637939453,0.0014285714132711291,0.025142857804894447,0.10742857307195663,0.20742857456207275,0.3659999966621399,0.6017143130302429,0.8611428737640381,1.632857084274292,0.0014285714132711291,0.02742857113480568,0.11114285886287689,0.20971427857875824,0.3685714304447174,0.6036571383476224,0.8654285669326782,1.632857084274292,0,0,0.0014285714132711291,1.3088570833206177,0.00020837783813476562,0,5.4811503955113516e-08,3.500361437496911e-05,0.000189104007816118,0.00036922542351771134,0.000769921435748083,0.0021812310419180502,0.004410270060203581,0.01663429599389153,122335,0.015847764909267426,0.016855763271450996,0.029303262941539288,0.06546728312969208,0.17057187855243683,5.759472608566273,17.70139595031739,44.045127868652344,121540,0.012088232673704624,0.016574646532535552,0.023738043382763863,0.07489408552646637,0.16813823580741882,3.120134878158562,13.70743613243104,44.09006881713867,5,30.931547669749957,-17.173211640176827,1.057748934976909,0.24730022932160442
165,131072,126137,4935,0,4935,124641,124039,0,602,90,1406,0,117692,6347,0,0,1.1122305393218994,2.723538637161255,3.5491650104522705,7.692127227783203,14.635061264038086,28.529179382324216,52.04599609375,131.99220275878906,2.6253185272216797,2.7232885122299195,3.5152398347854614,7.617029666900635,14.405374526977539,26.704291915893553,38.161150970458976,49.99069595336914,0.0014285714132711291,0.02428571507334709,0.1062857136130333,0.20885714888572693,0.3751428425312042,0.6128571629524231,0.8573257040977477,1.6325714588165283,0.0014285714132711291,0.02685714326798916,0.10999999940395355,0.21142856776714325,0.37771427631378174,0.6145714521408081,0.8614285588264465,1.6325714588165283,0,0,0.0014285714132711291,1.2714285850524902,0.00020837783813476562,0,6.956782248666954e-08,3.6413734953402694e-05,0.00018995018304456291,0.00036829463741792776,0.0007752996508107745,0.002205088228012305,0.004473248439473652,0.016559701613428755,122237,0.01567796804010868,0.016664035245776178,0.029803840443491936,0.0675155520439148,0.17279919981956482,5.826460361480712,17.615646743774413,43.96013641357422,121445,0.011974699795246124,0.01638176217675209,0.02389400266110897,0.0753861516714096,0.1687772125005722,3.212495613098132,13.892230682373043,43.906070709228516,5,31.065250740308088,-17.374309732797734,1.055547526892238,0.24149906859032477
166,131072,126097,4975,0,4975,124571,123893,0,678,92,1434,0,117568,6325,0,0,1.141555905342102,2.6949265956878663,3.5875701904296875,7.799197673797607,14.642868995666504,28.36479492187497,52.09075592041012,131.85562133789062,2.5912675857543945,2.694532871246338,3.5361695289611816,7.711699485778809,14.396153450012207,26.644536209106445,38.35601135253908,49.98951721191406,0.0014285714132711291,0.023714285343885422,0.1062857136130333,0.20999999344348907,0.3840000033378601,0.6259999871253967,0.8645714521408081,1.624571442604065,0.0014285714132711291,0.02628571353852749,0.10971428453922272,0.2125714272260666,0.3871428668498993,0.628000020980835,0.8679999709129333,1.624571442604065,0,0,0.0011428571306169033,1.1799999475479126,0.00020837783813476562,0,4.622858102875247e-08,3.6228064844295826e-05,0.00018879240550731045,0.0003629917415608038,0.0007809428642901761,0.0022353868728405652,0.004605793320256897,0.01762385571817563,121974,0.015472415834665298,0.016460496094077827,0.030705749988555908,0.06799102574586868,0.17125092074275017,5.714600133895862,17.577646503448495,44.016136169433594,121065,0.01182614080607891,0.016248644888401033,0.024284787476062775,0.07624378055334091,0.16861680150032043,3.134758329391471,13.940648460388184,43.924072265625,5,31.199970325998013,-17.562146226598248,1.0413888668615792,0.23158666374728823
167,131072,126452,4620,0,4620,124834,124056,0,778,92,1526,0,117814,6242,0,0,1.151667833328247,2.6592514514923096,3.6828503012657166,7.8911871910095215,14.658774137496948,28.301547718048088,52.61578491210946,227.95098876953125,2.555373191833496,2.6589117646217346,3.6184099316596985,7.799986839294434,14.403334617614746,26.410284996032715,38.254386138916,49.98828887939453,0.0014285714132711291,0.023714285343885422,0.10571428388357162,0.21057142317295074,0.39228570461273193,0.6385714411735535,0.8741399985551849,1.6251428127288818,0.0014285714132711291,0.026000000536441803,0.10971428453922272,0.2134285718202591,0.3959999978542328,0.6408571600914001,0.8769857197999946,1.6251428127288818,0,0,0.0014285714132711291,1.2979999780654907,0.00020837783813476562,0,3.2351753648215456e-08,3.5439206722665886e-05,0.00018759938960451964,0.0003610870021176239,0.0007860482268343433,0.0022365745726726782,0.004594103373325762,0.034692649428771,122228,0.01525550615042448,0.01625057840719819,0.031730915419757366,0.06854110956192017,0.17047400772571564,5.860393238067626,17.544730682373025,42.18714904785156,121284,0.011668895371258259,0.01603632150217891,0.024881733115762472,0.07631336152553558,0.16824795305728912,3.0797875165939312,14.028071041107166,42.14615249633789,5,31.32772613833674,-17.764743830836757,1.039493879975384,0.23952229083074975
168,131072,126692,4380,0,4380,124989,124120,0,869,90,1613,0,118051,6069,0,0,1.17753267288208,2.6243577122688295,3.788629651069641,8.030036926269531,14.737388372421265,28.172737026214595,52.6922467803955,131.3525390625,2.5212185382843018,2.623793125152588,3.733776807785034,7.920445919036865,14.466900110244751,26.264531230926504,38.126959114074694,49.98769760131836,0.001714285695925355,0.02257142774760723,0.10514285415410995,0.21057142317295074,0.3977142870426178,0.6468571424484253,0.8697399771213522,1.6257143020629883,0.001714285695925355,0.024857142940163612,0.10914285480976105,0.21400000154972076,0.4017142951488495,0.6494285464286804,0.8717142939567566,1.6257143020629883,0,0,0.0011428571306169033,1.2885714769363403,0.00020837783813476562,0,3.082237883909564e-08,3.434072145771116e-05,0.00018557232486233238,0.0003596846702249619,0.000790665329388235,0.0022485924196983757,0.004673216165619274,0.016623438149677653,122458,0.015084218233823776,0.01603903528302908,0.03290430549532175,0.0707395076751709,0.1720820963382721,5.671302366256708,17.282791957855196,41.78414535522461,121497,0.011511611752212048,0.01587810441851616,0.02591356821358204,0.07756084948778152,0.16834725439548492,3.0191994190216063,13.963745384216292,41.7751579284668,5,31.4494903870446,-17.966769234826852,1.0424008383776575,0.23590092523749018
169,131072,126904,4168,0,4168,124898,123941,0,957,385,1621,0,117937,6004,0,0,1.1805307865142822,2.5871387362480163,3.9664257168769836,8.196455001831055,14.872712135314941,28.074855041503874,52.58979137420655,131.14488220214844,2.5000345706939697,2.590513229370117,3.9698925018310547,8.131627082824707,14.599217414855957,26.18438148498535,38.32882843017581,49.98899841308594,0.001714285695925355,0.02199999988079071,0.10571428388357162,0.21142856776714325,0.4028571546077728,0.6571428775787354,0.8791428804397583,1.617714285850525,0.001714285695925355,0.024571428075432777,0.10971428453922272,0.21457143127918243,0.4059999883174896,0.6602857112884521,0.8824571251869219,1.617714285850525,0,0,0.0014285714132711291,1.1282857656478882,0.0002079010009765625,0,1.0881307369260491e-07,3.301000553499571e-05,0.0001836593354347837,0.0003591988409345032,0.000795159788445067,0.0022527244196823876,0.0047065278028837485,0.017510130314322876,122227,0.014892795123159885,0.015850508585572243,0.034242287278175354,0.07272148132324219,0.17078302055597305,5.534146308898926,17.345166511535645,43.859127044677734,121205,0.01133244950324297,0.015671402961015702,0.02786479890346527,0.07943303883075714,0.1690458059310913,3.0064140796661354,13.803983001708959,42.559146881103516,5,31.57323575912559,-18.175082646443922,1.0546570716846384,0.24260587343648635
170,131072,126744,4328,0,4328,120921,119873,0,1048,4317,1506,0,113861,6012,0,0,1.1749861240386963,2.528641736507416,4.182668447494507,8.317532539367676,15.13384222984314,28.101325225830003,52.13511997222897,202.11073303222656,2.500016927719116,2.5931259632110595,4.809077739715576,8.530354499816895,15.195645332336426,26.56476211547851,38.79834564208984,49.97303771972656,0.0014285714132711291,0.02257142774760723,0.10485713928937912,0.20971427857875824,0.40228572487831116,0.6622428327798818,0.8808571696281433,1.6299999952316284,0.0014285714132711291,0.02428571507334709,0.10542856901884079,0.2054285705089569,0.3822857141494751,0.657714307308197,0.8868571519851685,1.6299999952316284,0,0,0.0014285714132711291,1.3274285793304443,0.00020837783813476562,0,6.577877496098758e-08,3.2473883047371694e-05,0.000181142644395044,0.0003581651529839465,0.0008026436948701182,0.002252373800526562,0.00463832840038896,0.028148180781957778,118157,0.014578542672097683,0.015999457612633706,0.03823161497712135,0.08018060773611069,0.18089808523654938,5.844394683837882,18.086402740478523,42.742130279541016,117161,0.011118517257273197,0.015872303396463394,0.03344270586967468,0.08495048433542252,0.17848317325115204,3.181581497192383,14.561421394348077,41.19218826293945,5,31.701060900179034,-18.379230509269696,1.0258420217031756,0.24258178762449947
171,131072,126721,4351,0,4351,116054,114948,0,1106,9201,1466,0,109020,5928,0,0,1.112694263458252,2.4598641395568848,4.430798530578613,8.481711387634277,15.426504135131836,28.149877548217773,51.864646911621115,130.61561584472656,2.500034809112549,2.6201236605644227,5.424632668495178,9.107423782348633,15.870991468429565,27.02735090255737,39.81670574188232,49.97246170043945,0.001714285695925355,0.02257142774760723,0.10400000214576721,0.20999999344348907,0.40714284777641296,0.6660000085830688,0.8911428451538086,1.628857135772705,0.001714285695925355,0.023428572341799736,0.10085714608430862,0.19571428000926971,0.3597142994403839,0.6517142653465271,0.9034285545349121,1.628857135772705,0,0,0.0014285714132711291,1.24399995803833,0.00020837783813476562,0,6.37445388360874e-08,3.3861805813236104e-05,0.00018068682918287614,0.00036274672495911135,0.0008109503045634406,0.0022536085348552073,0.0046857991327225405,0.017446619943949998,113218,0.01442692056298256,0.01691926708444953,0.04237342718988657,0.08893434703350067,0.1964714489877224,6.085915231704678,18.42175647735596,43.00414276123047,112388,0.011039701290428638,0.016492934711277486,0.04065829422324896,0.09201875329017639,0.19198473915457726,3.5318763017654327,14.965722541809132,42.70009231567383,,31.779084054584864,-18.577032858809012,1.0282592220960762,0.21264812476118666
172,131072,126692,4380,0,4380,113070,112020,0,1050,12202,1420,0,106030,5990,0,0,1.1585447788238525,2.3962172985076906,4.689011096954346,8.656009674072266,15.700369834899902,28.400727272033684,51.55825527191159,130.48263549804688,2.5000064373016357,2.7980485916137696,5.933194398880005,9.65353012084961,16.362066745758057,27.426709556579574,40.438433303832994,49.98762130737305,0.001714285695925355,0.0231428574770689,0.10199999809265137,0.2085714340209961,0.40714284777641296,0.6691428422927856,0.9005971229076376,1.6305714845657349,0.001714285695925355,0.0231428574770689,0.0965714305639267,0.18857142329216003,0.34542858600616455,0.6551428437232971,0.918571412563324,1.6305714845657349,0,0,0.0014285714132711291,1.3157142400741577,0.00020837783813476562,0,1.0562197951539371e-07,3.575166386672128e-05,0.00018000385817895556,0.00036528496390523895,0.00082159554623298,0.0022827617514410907,0.004838505215894106,0.01742645196761905,110237,0.014316788874566555,0.019799529761075973,0.04532903805375099,0.09507962316274643,0.20892415940761566,6.177696037292475,18.718281784057613,43.28012466430664,109448,0.01084603276103735,0.017813341319561006,0.04624402429908514,0.09840820729732513,0.20294422656297684,3.656832683086388,15.222979049682607,42.94314193725586,5,31.875874538380877,-18.786871039073965,1.0390598319263118,0.23133765975966408
173,131072,126678,4394,0,4394,112950,111965,0,985,12338,1390,0,106042,5923,0,0,1.1655402183532715,2.3501830101013184,4.865749478340149,8.87430191040039,15.95389461517334,29.277663040161094,51.36127773284912,130.21238708496094,2.500049114227295,2.905971622467041,6.109057903289795,9.689804077148438,16.63823127746582,28.026624679565423,40.35280990600586,49.980594635009766,0.001714285695925355,0.023714285343885422,0.09885714203119278,0.20628571510314941,0.40057143568992615,0.6679999828338623,0.9037800067663181,1.628857135772705,0.001714285695925355,0.024000000208616257,0.09314285963773727,0.1860000044107437,0.3425714373588562,0.6562857031822205,0.9221028590202334,1.628857135772705,0,0,0.0014285714132711291,1.3425713777542114,0.00020837783813476562,0,6.808715259365334e-08,3.458743414743361e-05,0.00017709716497236186,0.00036613826613983045,0.0008291734701999948,0.00234209349817271,0.00490224895238019,0.016122751780317784,110173,0.01432072650641203,0.02128857485949993,0.04669816792011261,0.09735870361328125,0.21746446192264557,6.299709796905513,18.780906753540037,42.9621467590332,109684,0.010828481987118721,0.0183829908259213,0.048342873342335224,0.10022170841693878,0.20864630863070488,3.7469792246818354,15.420485677719112,42.4501838684082,,31.976669217405863,-18.97902828347952,1.060233747734642,0.2180190556074029
174,131072,126614,4458,0,4458,113720,112833,0,887,11477,1417,0,106918,5915,0,0,1.1559983491897583,2.3269285321235658,5.0279810428619385,9.017127990722656,16.180331230163574,32.21968021392821,51.29189617156981,202.94300842285156,2.500049114227295,2.950163984298706,6.178314685821533,9.656757354736328,16.980419158935547,29.898329162597655,40.28752822875977,49.99885940551758,0.001714285695925355,0.024000000208616257,0.09828571230173111,0.20485714077949524,0.39657142758369446,0.6717143058776855,0.920285701751709,1.6308571100234985,0.001714285695925355,0.02428571507334709,0.09342857450246811,0.1860000044107437,0.3434285819530487,0.6660000085830688,0.9344800066947917,1.6308571100234985,0,0,0.0014285714132711291,1.2234286069869995,0.0002079010009765625,0,2.4596837125172666e-08,3.310695845148471e-05,0.0001730319018057559,0.0003667594986303416,0.0008369428576164774,0.002415242541775328,0.004957457995965429,0.03074848375731447,111031,0.014373986050486565,0.022380332462489605,0.04709807224571705,0.09916330128908157,0.21966229379177094,6.258051872253418,18.539123916625947,44.38912582397461,110410,0.010977454483509064,0.01880159927532077,0.049128043465316296,0.10144522786140442,0.21125506237149239,3.6976629018783513,15.233526411056623,42.06415939331055,,32.08134157454268,-19.16232123020994,1.0561122671222056,0.2111151185304751
175,131072,126875,4197,0,4197,114975,114067,0,908,10432,1468,0,108144,5923,0,0,1.1585447788238525,2.3271392822265624,5.161195993423462,9.109942436218262,16.433810234069824,33.73454551696777,51.192492446899394,203.16673278808594,2.5001044273376465,2.990744924545288,6.173672914505005,9.624163627624512,17.26133441925049,32.434349060058594,40.354514694213854,49.999454498291016,0.001714285695925355,0.023428572341799736,0.09399999678134918,0.1979999989271164,0.3848571479320526,0.666857123374939,0.918571412563324,1.628857135772705,0.001714285695925355,0.023714285343885422,0.09028571099042892,0.18142856657505035,0.337714284658432,0.6620000004768372,0.9345714449882507,1.628857135772705,0,0,0.0014285714132711291,1.4131428003311157,0.00020837783813476562,0,7.337262723295059e-08,3.2665050370044087e-05,0.0001674859404947455,0.0003681090838006118,0.0008426855895515403,0.002509611622620698,0.005067939193972206,0.02830088239996085,112240,0.014472928829491138,0.02334515601396561,0.0475026722997427,0.099335215985775,0.21703734621405602,5.978450155258175,18.5505454826355,44.09710693359375,111624,0.010987618938088417,0.01907884068787098,0.049629718996584415,0.10166561603546143,0.21305091679096222,3.689053356647485,15.03230315208442,41.74320983886719,5;9,32.18457261511398,-19.35928057085381,1.0451579632756303,0.22264237327396652
176,131072,127058,4014,0,4014,116340,115443,0,897,9249,1469,0,109560,5883,0,0,1.160543441772461,2.352908957004547,5.2726428508758545,9.073110580444336,16.608699321746826,33.96548805236815,51.06543148040772,129.55886840820312,2.500077247619629,3.008590078353882,6.131491422653198,9.536789894104004,17.248297691345215,33.22632675170898,40.49034255981446,49.98836898803711,0.001714285695925355,0.024000000208616257,0.09114285558462143,0.19200000166893005,0.3748571574687958,0.6677142977714539,0.9222857356071472,1.6265714168548584,0.001714285695925355,0.024857142940163612,0.08857142925262451,0.17885714769363403,0.3337142765522003,0.6639999747276306,0.9365714192390442,1.6265714168548584,0,0,0.0014285714132711291,1.2417142391204834,0.00020837783813476562,0,7.79429809647715e-08,2.97500248717681e-05,0.00016171610710491427,0.0003665460184693128,0.0008462119688305053,0.002551004828046057,0.005113394494710212,0.017291389998376788,113656,0.014440194703638554,0.024429962504655123,0.04804205056279898,0.10061278939247131,0.2190428115427494,5.923274993896484,18.78689670562743,44.326114654541016,112969,0.011000498197972775,0.01935630552470684,0.04976910725235939,0.10176323354244232,0.21416491270065308,3.5929221630096424,14.927673721313466,44.578102111816406,5;9,32.293644715161776,-19.537513742030438,1.0522950810977534,0.20908066569465725
177,131072,127087,3985,0,3985,117410,116524,0,886,8187,1490,0,110652,5872,0,0,1.1609951257705688,2.3965736389160157,5.31524920463562,9.014019966125488,16.725672721862793,34.11163368225097,50.91088790893554,203.56126403808594,2.500035524368286,3.015841567516327,6.051917791366577,9.446329116821289,17.215826988220215,33.42535343170166,40.00575439453126,49.99639129638672,0.001714285695925355,0.024571428075432777,0.08971428871154785,0.1882857084274292,0.36800000071525574,0.6674285531044006,0.9172228682041165,1.6239999532699585,0.001714285695925355,0.025428570806980133,0.087714284658432,0.17714285850524902,0.3328571319580078,0.6642857193946838,0.9291428327560425,1.6239999532699585,0,0,0.0014285714132711291,1.3562856912612915,0.00020837783813476562,0,3.0098313135024423e-08,2.813493479697755e-05,0.00015802993108244515,0.0003649859003688514,0.0008423335403923867,0.0025756962039769774,0.005130757538350268,0.017393772747984086,114710,0.01452665776014328,0.025567239988595246,0.04860335402190685,0.10250164568424225,0.2176608070731163,5.830030274391172,19.051514225006212,46.72205352783203,114062,0.011003517545759678,0.019615860003978015,0.04946565721184015,0.10032104700803757,0.21170702576637268,3.5181081295013388,14.350207328796381,46.70106887817383,5;9,32.42143878156006,-19.71674294700298,1.0560463241972644,0.22015563391948764
178,131072,127174,3898,0,3898,118265,117476,0,789,7421,1488,0,111738,5738,0,0,1.1286832094192505,2.435668647289276,5.370228171348572,8.945268630981445,16.632083892822266,34.20098915100097,50.787714691162115,129.23226928710938,2.5001449584960938,3.0282655358314514,6.005574822425842,9.345146179199219,17.039520740509033,33.5086669921875,40.275818824768066,49.994300842285156,0.0014285714132711291,0.02428571507334709,0.08885714411735535,0.18400000035762787,0.36000001430511475,0.668571412563324,0.9268571138381958,1.6260000467300415,0.0014285714132711291,0.025714285671710968,0.087714284658432,0.17514285445213318,0.3285714387893677,0.666857123374939,0.9380714446306229,1.6260000467300415,0,0,0.0011428571306169033,1.2825714349746704,0.00020837783813476562,0,7.13116963443295e-08,2.7092569851728794e-05,0.00015369670308804288,0.00036090077489844526,0.0008362635673903403,0.0025831178615037774,0.005135150200125254,0.017364670124859562,115770,0.014409139752388,0.026551820803433657,0.049157279543578625,0.10220318287611008,0.21537119522690773,5.702275872230489,18.76279260635376,43.79013442993164,114996,0.010880849324166775,0.019942485727369785,0.04939693491905928,0.09889264404773712,0.20905232429504395,3.2627100348472595,14.19467792510989,44.19912338256836,9,32.50793608506751,-19.885537419816444,1.0478561642202069,0.18984318867656183
179,131072,127009,4063,0,4063,118749,118080,0,669,6790,1470,0,112382,5698,0,0,1.168538212776184,2.474517822265625,5.429955005645752,8.910669326782227,16.698823928833008,34.24588317871094,50.60755676269531,203.9905242919922,2.5001320838928223,3.0385088324546814,5.987359046936035,9.271049499511719,16.963845252990723,33.50486049652099,40.41433036804192,49.9999885559082,0.0014285714132711291,0.02428571507334709,0.08828571438789368,0.18114285171031952,0.3537142872810364,0.6665714383125305,0.9245485949516291,1.6317143440246582,0.0014285714132711291,0.025714285671710968,0.08799999952316284,0.173714280128479,0.3254285752773285,0.665142834186554,0.9346314388513541,1.6317143440246582,0,0,0.0014285714132711291,1.4225714206695557,0.00020837783813476562,0,8.986553777425553e-08,2.6845946398263425e-05,0.0001512326889232923,0.00035822989190292424,0.0008333476551962823,0.0025864001358629225,0.005103840555818065,0.020918910353641965,116420,0.014402779750525951,0.027435981016606093,0.04946409445255995,0.10202258825302124,0.21440331637859344,5.605914592742913,18.596210765838624,43.9591178894043,115681,0.010940950363874435,0.020147548988461494,0.04928859695792198,0.09823302924633026,0.2095481902360916,3.388439416885376,15.089799690246572,44.138126373291016,5;9,32.57917723029184,-20.05663206571179,1.052062821159588,0.18538169971583668
180,131072,126946,4126,0,4126,119394,118791,0,603,6122,1430,0,113220,5571,0,0,1.17387855052948,2.5154654383659363,5.45411217212677,8.845495223999023,16.63691282272339,34.19864273071289,50.39430541992188,128.92987060546875,2.5001044273376465,3.0471001863479614,5.974239349365234,9.16761589050293,16.833921432495117,33.47595977783203,40.702516174316415,49.99247360229492,0.001714285695925355,0.024857142940163612,0.08857142925262451,0.17885714769363403,0.34857141971588135,0.668571412563324,0.9251428842544556,1.6239999532699585,0.001714285695925355,0.026571428403258324,0.08857142925262451,0.17228572070598602,0.32428571581840515,0.666857123374939,0.9337142705917358,1.6239999532699585,0,0,0.001714285695925355,1.3837143182754517,0.00020837783813476562,0,5.417039401267813e-08,2.6432550324063013e-05,0.00014737599962199948,0.0003523972300462551,0.00082706844610886,0.0025650779416254224,0.005092403130142871,0.017189056491406923,117135,0.014523208141326904,0.027828028053045274,0.04972054436802864,0.10137148201465607,0.21348798274993896,5.535487604141225,18.648097305297853,43.94013595581055,116320,0.010828515514731407,0.020249157026410104,0.048874953761696815,0.09714861214160919,0.20875152572989464,3.229623162746429,15.02282121658325,43.841087341308594,5;9,32.64341468087833,-20.224095836495017,1.0469319886636912,0.17943491863316474
181,131072,126919,4153,0,4153,120256,119695,0,561,5310,1353,0,114158,5537,0,0,1.1465526819229126,2.5728127479553224,5.470974922180176,8.799310684204102,16.62904930114746,34.208341217040996,50.215309143066385,128.7510986328125,2.500048875808716,3.0485860586166385,5.933408975601196,9.068161964416504,16.73784828186035,33.46171989440917,41.083381729125975,49.999393463134766,0.001714285695925355,0.025142857804894447,0.08828571438789368,0.17714285850524902,0.34542858600616455,0.6682857275009155,0.928857147693634,1.6200000047683716,0.001714285695925355,0.02685714326798916,0.08857142925262451,0.17171429097652435,0.32428571581840515,0.6648571491241455,0.9354285597801208,1.6200000047683716,0,0,0.0011428571306169033,1.3831428289413452,0.00020837783813476562,0,6.05037492973492e-08,2.6662496661230433e-05,0.00014640570898813,0.00034857027922533966,0.0008226822499513161,0.0025469962305909874,0.0050520809404523805,0.01715696418815801,118079,0.01450230274349451,0.028073865734040738,0.04971712827682495,0.10062438249588013,0.21384768187999725,5.454288673400853,18.3763196182251,43.85013198852539,117294,0.011116727255284786,0.020222373958677056,0.04857334028929472,0.09607367217540741,0.20751690492033958,3.2630869269370986,14.789322547912404,43.79908752441406,5;9,32.716563651983556,-20.37266934386303,1.0552716401083797,0.16581438071411417
182,131072,127018,4054,0,4054,121172,120612,0,560,4439,1407,0,115174,5438,0,0,1.1444461345672607,2.637549030780792,5.518297553062439,8.790953636169434,16.624587059020996,34.21874256134033,50.48206111907959,136.5575408935547,2.5001425743103027,3.0420866131782534,5.89839506149292,8.952431678771973,16.648385047912598,33.40910358428955,41.33793327331543,49.997161865234375,0.0014285714132711291,0.025714285671710968,0.08857142925262451,0.17571428418159485,0.3425714373588562,0.6742857098579407,0.9319514149427419,1.6257143020629883,0.0014285714132711291,0.027714285999536514,0.08942857384681702,0.1720000058412552,0.3248571455478668,0.6694285869598389,0.9376828533411025,1.6257143020629883,0,0,0.0014285714132711291,1.4354286193847656,0.00020837783813476562,0,4.0348011027612664e-08,2.6527873998829637e-05,0.00014365244438779655,0.00034354198429457623,0.0008147138653928405,0.002554354640315334,0.005082499881373461,0.01713822183685898,118961,0.014559316448867321,0.0282332431524992,0.049659520387649536,0.0991479828953743,0.2106269896030426,5.322247505187988,18.50455284118652,43.6351318359375,118078,0.01092965342104435,0.020078349951654674,0.048049901612102985,0.09497882425785065,0.2051793970167637,3.1345736622810363,14.349040422439563,43.69710922241211,5;9,32.78748197617182,-20.52039747395106,1.0603651657422208,0.16394801959267466
183,131072,126803,4269,0,4269,122007,121430,0,577,3533,1263,0,116067,5363,0,0,1.1295639276504517,2.7048218488693236,5.546919584274292,8.806191444396973,16.59718608856201,34.147512435913086,49.98220527648923,204.61773681640625,2.5000791549682617,3.0298490285873414,5.850862383842468,8.91899585723877,16.592639923095703,33.37813663482666,41.49804679870601,49.99264907836914,0.0014285714132711291,0.02628571353852749,0.08857142925262451,0.17399999499320984,0.33742856979370117,0.673714280128479,0.9294285774230957,1.6234285831451416,0.0014285714132711291,0.028285713866353035,0.08971428871154785,0.17142857611179352,0.3237142860889435,0.6679999828338623,0.9340000152587891,1.6234285831451416,0,0,0.0014285714132711291,1.5119999647140503,0.00020837783813476562,0,5.160737037017916e-08,2.6494795753140272e-05,0.00014238710441049864,0.0003384369192322116,0.0008062699936898434,0.0025438685195024874,0.005036401607923728,0.028511187133578957,119827,0.014751849696040154,0.02817997559905052,0.04942619241774082,0.09810244292020798,0.21036531031131744,5.334719324111935,18.55847923278816,43.739131927490234,118946,0.010850331746041775,0.02000986784696579,0.04748903959989548,0.09351977705955505,0.20372146368026733,3.124053716659546,14.537230491638203,43.73210906982422,9,32.851198928710396,-20.66914105277608,1.0578880291501742,0.16183522017216698
184,131072,126876,4196,0,4196,122865,122287,0,578,2790,1221,0,117034,5253,0,0,1.1674312353134155,2.757982611656189,5.565691709518433,8.778870582580566,16.519833087921143,34.042104721069336,49.82038116455078,204.7267303466797,2.5000267028808594,3.017246150970459,5.789773225784302,8.873979568481445,16.47987937927246,33.291239166259764,41.71046203613281,49.990081787109375,0.0014285714132711291,0.02628571353852749,0.08828571438789368,0.173714280128479,0.33657142519950867,0.6791428327560425,0.9419999718666077,1.6282857656478882,0.0014285714132711291,0.02857142873108387,0.08971428871154785,0.17228572070598602,0.32514286041259766,0.6725714206695557,0.9411428570747375,1.6282857656478882,0,0,0.0014285714132711291,1.4002857208251953,0.00020837783813476562,0,1.242468784329607e-07,2.6302787214161713e-05,0.0001387133277166082,0.0003296093895373422,0.0007969239243790352,0.0025239559612560978,0.005010795096890336,0.028527528384559735,120713,0.014446568675339222,0.02803855426609516,0.048933688551187515,0.09647170454263687,0.208577498793602,5.360169887542725,18.44754135131838,45.963069915771484,119837,0.010938405990600586,0.019912348687648775,0.04697105661034584,0.09207095950841904,0.20204566419124603,3.0013104915618887,14.341403388977048,45.961090087890625,9,32.9124625395784,-20.813224132010035,1.0275189670944118,0.15948493241767694
185,131072,126702,4370,0,4370,123461,122887,0,574,2056,1185,0,117734,5153,0,0,1.1035821437835693,2.8169079542160036,5.602071523666382,8.778820037841797,16.506868839263916,33.86950397491455,49.645372047424324,204.88174438476562,2.500035285949707,3.007521057128906,5.7558393478393555,8.854164123535156,16.424772262573242,33.1465461730957,41.80041610717773,49.995296478271484,0.001714285695925355,0.027142856270074844,0.08828571438789368,0.17257143557071686,0.33228570222854614,0.6794285774230957,0.9440000057220459,1.6257143020629883,0.001714285695925355,0.029428571462631226,0.09000000357627869,0.17228572070598602,0.32428571581840515,0.673714280128479,0.9405714273452759,1.6257143020629883,0,0,0.0014285714132711291,1.4174286127090454,0.00020837783813476562,0,2.171706446684441e-08,2.5815927466849265e-05,0.00013674450011452125,0.00032659151897397967,0.0007935952886790995,0.0025406820223750483,0.005031092976699197,0.028552694033772235,121293,0.014573856256902218,0.02775285318493843,0.04869912564754486,0.09548734873533249,0.2078569382429123,5.299472141265862,18.576427459716804,43.39913558959961,120436,0.011108123697340488,0.019723385106772184,0.04642595537006855,0.09044617414474487,0.1991245597600937,2.9661895036697388,14.19250202178952,43.0881233215332,9,32.94921148496561,-20.960969808617595,1.0252158213345657,0.15226481676240525
186,131072,126888,4184,0,4184,124806,124170,0,636,952,1130,0,119206,4964,0,0,1.154999017715454,2.899622392654419,5.6284626722335815,8.778036117553711,16.47996234893799,33.79989204406738,49.43556316375733,137.10353088378906,2.500016927719116,2.99649258852005,5.687501072883606,8.791285514831543,16.354835033416748,33.04591674804688,41.77940818786621,49.99311828613281,0.001714285695925355,0.027142856270074844,0.087714284658432,0.1720000058412552,0.3302857279777527,0.6777142882347107,0.949999988079071,1.6345714330673218,0.001714285695925355,0.02971428632736206,0.08971428871154785,0.1728571355342865,0.32771429419517517,0.675428569316864,0.9508571624755859,1.6345714330673218,0,0,0.0014285714132711291,1.4494285583496094,0.00020837783813476562,0,4.248495608065424e-08,2.4507658161415573e-05,0.00013491841809709824,0.00032170694012420445,0.0007849549831027762,0.0025214642675386472,0.004969500548734087,0.017064363196212438,122645,0.01469278521835804,0.027158959582448006,0.04826439172029495,0.09391220659017563,0.2066241204738617,5.206340408325192,18.26380226135252,45.64308547973633,121767,0.011188234202563763,0.01951879486441612,0.04566452465951443,0.08893628418445587,0.19814638793468475,2.965599465370177,14.504368076324422,45.5430793762207,9,32.98936912138718,-21.109808968050125,1.05843576612192,0.15770001862784874
187,131072,126782,4290,0,4290,125612,124905,0,707,89,1081,0,120013,4892,0,0,1.1276838779449463,3.003121495246887,5.6549683809280396,8.778661727905273,16.468605518341064,33.76385917663574,49.29078392028809,136.98927307128906,2.511276960372925,3.029580593109131,5.64394474029541,8.752440452575684,16.316452026367188,33.0050338745117,41.868057861328104,49.993255615234375,0.0020000000949949026,0.02742857113480568,0.08742856979370117,0.170571431517601,0.32514286041259766,0.6742857098579407,0.9508571624755859,1.6302857398986816,0.0020000000949949026,0.03028571419417858,0.09000000357627869,0.1728571355342865,0.32742857933044434,0.6759999990463257,0.9517028498649573,1.6260000467300415,0,0,0.0014285714132711291,1.3751428127288818,0.00020837783813476562,0,8.557726304105987e-08,2.4418702006334227e-05,0.00013380371001783456,0.00031968218193214736,0.000776035192105736,0.0025257920602970736,0.004941984595041319,0.01703420085347666,123510,0.015213105827569962,0.0266306116245687,0.04798118397593498,0.09293781220912933,0.20682457834482193,5.187284493446328,18.364438953399723,45.340091705322266,122516,0.011577213183045387,0.019536747131496668,0.045059346593916416,0.08761639147996902,0.19705411419272423,2.864870548248291,14.113954973220832,45.39508056640625,9,33.05820312924433,-21.245651068146785,1.0915887539565006,0.1558535126287176
188,131072,126922,4150,0,4150,125746,124941,0,805,91,1085,0,120224,4717,0,0,1.1574375629425049,3.1102670192718507,5.649055004119873,8.72111701965332,16.42198896408081,33.80003967285156,49.2451191329956,137.603271484375,2.6079671382904053,3.1421825885772705,5.64509391784668,8.700532913208008,16.27151870727539,33.042484283447266,41.90823898315434,49.99320602416992,0.001714285695925355,0.02742857113480568,0.08714285492897034,0.168857142329216,0.32085713744163513,0.6742857098579407,0.9559999704360962,1.6294286251068115,0.0020000000949949026,0.03028571419417858,0.08971428871154785,0.17085714638233185,0.32342857122421265,0.6762857437133789,0.9574285745620728,1.6294286251068115,0,0,0.001714285695925355,1.4877142906188965,0.00020837783813476562,0,7.188692997013822e-08,2.386672235890568e-05,0.00013219579392579754,0.0003158776379304883,0.000764749741201896,0.0025323892169458566,0.004987392927691124,0.021133230529231856,123534,0.015744898468255997,0.02675264421850443,0.04802699200809002,0.09270000457763672,0.20587650313973427,5.128956556320173,18.404133129119863,45.49909973144531,122618,0.012028729543089867,0.020011162012815477,0.044874707236886024,0.08596587181091309,0.19490893930196762,2.8721964120864762,13.91657832145691,44.85008239746094,9,33.14963496841583,-21.376095094058417,1.0773642985675147,0.1599304856537074
189,131072,126976,4096,0,4096,125811,125017,0,794,91,1074,0,120454,4563,0,0,1.16176176071167,3.1971055269241333,5.625354766845703,8.679710388183594,16.38056755065918,33.70535087585449,49.19284248352051,137.32904052734375,2.696256160736084,3.2231119155883787,5.621949672698975,8.660239219665527,16.21772003173828,32.97061004638672,41.91338088989256,49.987457275390625,0.0020000000949949026,0.02742857113480568,0.08714285492897034,0.16857142746448517,0.3188571333885193,0.6725714206695557,0.9508571624755859,1.632857084274292,0.0020000000949949026,0.030571429058909416,0.08942857384681702,0.17085714638233185,0.32114285230636597,0.6742857098579407,0.9522857069969177,1.632857084274292,0,0,0.0014285714132711291,1.3728570938110352,0.0002079010009765625,0,4.8702966717568076e-08,2.3147484323717854e-05,0.0001288074230152212,0.0003102869298803032,0.0007538752677731598,0.0025269906186331332,0.0050205430173584226,0.02116787697058259,123597,0.01628194935619831,0.02669244706630707,0.04774460569024086,0.0919976606965065,0.2060249149799347,5.1411578178405755,18.057713851928632,45.38108444213867,122713,0.01243345532566309,0.02040141001343727,0.0445229597389698,0.08537376672029495,0.1943778395652771,2.8262326240539375,14.070026092529302,45.44905090332031,9,33.206305250848146,-21.510039294688028,1.046656110602846,0.14864576213715952
190,131072,126888,4184,0,4184,125743,124919,0,824,92,1053,0,120499,4420,0,0,1.1728792190551758,3.2625835299491883,5.599272608757019,8.64103889465332,16.310136795043945,33.501694679260254,49.11322601318361,137.9803009033203,2.777949571609497,3.291324234008789,5.60166335105896,8.629312515258789,16.1019926071167,32.81252098083496,41.92215126037597,49.99787521362305,0.0014285714132711291,0.02800000086426735,0.08714285492897034,0.16857142746448517,0.317214272916317,0.672471430897711,0.9434657150506987,1.631428599357605,0.0014285714132711291,0.031142856925725937,0.08942857384681702,0.17085714638233185,0.3199999928474426,0.6742857098579407,0.9441828334331469,1.631428599357605,0,0,0.001714285695925355,1.406571388244629,0.00020837783813476562,0,5.828548454906813e-08,2.2211366231330647e-05,0.00012556997265496277,0.0003046525431899663,0.0007443301496395487,0.002503183819262413,0.0049240971815338605,0.021191160119772977,123599,0.016815679147839546,0.026494340784847737,0.047464579343795776,0.09109050035476685,0.20419815927743912,5.148565387725824,17.919174575805677,43.164146423339844,122577,0.01280385535210371,0.0207815270870924,0.04440958425402641,0.08474626392126083,0.1924990713596344,2.9402736186981113,14.237960624694908,42.525115966796875,9,33.25017543163492,-21.659113038176514,1.0130969053379533,0.1589773380640984
191,131072,126898,4174,0,4174,125803,124972,0,831,89,1006,0,120754,4218,0,0,1.1510016918182373,3.3302586913108825,5.6044557094573975,8.645703315734863,16.171992301940918,33.26015796661377,48.86064250946045,137.5350341796875,2.843747854232788,3.3553102254867553,5.60710608959198,8.634366035461426,16.00822162628174,32.66938667297363,41.94844284057613,49.985008239746094,0.001714285695925355,0.028285713866353035,0.08742856979370117,0.16914285719394684,0.3179999887943268,0.6679999828338623,0.9425714015960693,1.632857084274292,0.001714285695925355,0.03171428665518761,0.09000000357627869,0.17114286124706268,0.3205714225769043,0.670285701751709,0.9437971270084363,1.632857084274292,0,0,0.0014285714132711291,1.335714340209961,0.00020837783813476562,0,1.601674625927847e-08,2.1115082945207218e-05,0.00012196447405005481,0.0003000659392112698,0.000732580689896238,0.002475054394850366,0.004886085308396856,0.021197318107293216,123669,0.017336612567305565,0.026422173529863358,0.04699476435780525,0.09012315422296524,0.20396560430526733,5.067651081085194,17.796949462890463,43.04215621948242,122597,0.013283330015838146,0.0211630254983902,0.044084582477808,0.08383387327194214,0.19213777780532837,2.871248340606689,14.333194808959954,42.49110794067383,9,33.28929340357508,-21.806066675183413,1.022082254040308,0.15233621909962586
192,131072,126820,4252,0,4252,125660,124773,0,887,89,1071,0,120684,4089,0,0,1.1249107122421265,3.3999223947525024,5.6608439683914185,8.642181396484375,16.1756649017334,33.31409606933593,49.0061967086792,137.80230712890625,2.951876640319824,3.427662658691406,5.6612043380737305,8.630143165588379,15.977181434631348,32.59968719482421,42.07058868408203,49.968929290771484,0.001714285695925355,0.028857143595814705,0.08799999952316284,0.1697142869234085,0.3174285590648651,0.6671428680419922,0.9233743035793298,1.6317143440246582,0.001714285695925355,0.03228571265935898,0.09057142585515976,0.1720000058412552,0.3199999928474426,0.6688571572303772,0.9240000247955322,1.6317143440246582,0,0,0.0014285714132711291,1.427142858505249,0.00020837783813476562,0,1.6637546178480123e-08,2.0695827665394734e-05,0.0001201091123466505,0.0002973364033860124,0.0007281513097076483,0.002483800923608137,0.0049194842128618774,0.016927426739864252,123392,0.01786438375711441,0.02631150195375085,0.04680851008743048,0.08982928097248077,0.20362553000450134,5.119830894470215,18.25951633453368,43.02415084838867,122380,0.013639613054692745,0.021553741488605737,0.04392363503575325,0.08372022956609726,0.1919866017997265,2.9265042424201897,14.241920194625822,43.02212142944336,9,33.337730605140585,-21.94761310991729,1.059265022057699,0.15415613487242338
193,131072,126751,4321,0,4321,125569,124611,0,958,91,1091,0,120670,3941,0,0,1.1588881015777588,3.4767301082611084,5.724920034408569,8.625893592834473,16.127575874328613,33.384681701660156,48.95537757873535,137.90530395507812,3.058924436569214,3.5082526206970215,5.731198310852051,8.612112998962402,15.917337417602539,32.627342224121094,42.17508392333978,49.93693161010742,0.001714285695925355,0.028857143595814705,0.08857142925262451,0.17028571665287018,0.3174285590648651,0.6622856855392456,0.9091428518295288,1.6294286251068115,0.001714285695925355,0.03285714238882065,0.09114285558462143,0.17257143557071686,0.32028570771217346,0.6642857193946838,0.9102857112884521,1.6294286251068115,0,0,0.0011428571306169033,1.4371428489685059,0.00020837783813476562,0,9.824393802083082e-08,2.1774179343764813e-05,0.00012166968782469168,0.00029677677166341975,0.0007208926774009346,0.0024985328872478424,0.004936786439460491,0.0169098183913306,123214,0.01856403984129429,0.026334807183593514,0.04679781477898359,0.09001818299293518,0.20431042462587357,5.106187701225268,18.256941661834674,43.07815170288086,122162,0.014089996926486492,0.022031193226575853,0.04370368551462889,0.0832173228263855,0.19222958013415337,2.8343563318252536,14.24869484901428,42.65812683105469,5;9,33.397749662711384,-22.079545233303758,1.0872812475014113,0.1476254765989309
194,131072,126624,4448,0,4448,125408,124393,0,1015,93,1123,0,120551,3842,0,0,1.1214617490768433,3.5611382365226745,5.789169192314148,8.607168197631836,16.149147510528564,33.535444259643555,48.992014274597196,138.27053833007812,3.1862130165100098,3.592547607421875,5.793196678161621,8.594710350036621,15.91077709197998,32.68449172973633,42.33321060180664,49.951473236083984,0.0014285714132711291,0.02914285659790039,0.09000000357627869,0.1720000058412552,0.3188571333885193,0.6588571667671204,0.8962200051546109,1.6268571615219116,0.0014285714132711291,0.03285714238882065,0.09285714477300644,0.17428570985794067,0.32199999690055847,0.6608571410179138,0.8965714573860168,1.6268571615219116,0,0,0.0014285714132711291,1.392285704612732,0.00020837783813476562,0,3.156062389182152e-08,2.3619747591962344e-05,0.00012431890736417446,0.00029877593970381903,0.0007130012470253311,0.002528716682906614,0.0049429979836688055,0.016889136372390215,123000,0.01920890435576439,0.02637016624212265,0.046634708531200886,0.08984093368053436,0.20340047776699066,5.005236220359799,17.401254062652548,44.34710693359375,121909,0.014658384025096893,0.022494635730981826,0.0434114933013916,0.08270993083715439,0.19038645923137665,2.969643878936766,14.365106887817378,42.14511489868164,9,33.479240543362344,-22.202766002172687,1.0935459817157103,0.14786266737988674
195,131072,126549,4523,0,4523,125321,124288,0,1033,89,1139,0,120612,3676,0,0,1.112135410308838,3.635675954818726,5.802745342254639,8.533919334411621,16.06028175354004,33.58789672851561,48.92614181518555,138.17752075195312,3.2085683345794678,3.6675101280212403,5.807415246963501,8.519432067871094,15.821685552597046,32.682014083862306,42.402543144226144,49.99715042114258,0.001714285695925355,0.029428571462631226,0.0908571407198906,0.17342856526374817,0.32114285230636597,0.6548571586608887,0.8825713992118835,1.6342856884002686,0.001714285695925355,0.03342857211828232,0.09371428936719894,0.17599999904632568,0.32428571581840515,0.6568571329116821,0.8840371423959745,1.6342856884002686,0,0,0.0014285714132711291,1.4037142992019653,0.00020837783813476562,0,3.838559101375118e-08,2.440365078843403e-05,0.00012381498521695487,0.0002954666445696359,0.000701936010927085,0.002523574888748667,0.005020339365903893,0.016881772407485746,122823,0.01919170282781124,0.026151537336409094,0.046028124168515205,0.08893058449029922,0.20297612249851227,4.784970760345447,17.32756420135497,43.17913818359375,121801,0.014831564389169216,0.022788912057876587,0.042813677340745926,0.08103751391172409,0.1900247037410736,2.8575258255004883,14.192544937133789,43.307186126708984,9,33.564319262549795,-22.31510908104575,1.0732686713559307,0.1423745944495831
196,131072,126424,4648,0,4648,125198,124175,0,1023,90,1136,0,120581,3594,0,0,1.1565459966659546,3.7036339402198792,5.808497905731201,8.476524353027344,15.958362340927124,33.535311126708976,48.812282066345254,138.5595245361328,3.2305665016174316,3.7297218799591065,5.811305522918701,8.462418556213379,15.763864040374756,32.630816268920896,42.342997360229475,49.962928771972656,0.0022857142612338066,0.02971428632736206,0.09142857044935226,0.1745714247226715,0.32514286041259766,0.6485714316368103,0.868571400642395,1.6339999437332153,0.0022857142612338066,0.03371428698301315,0.09428571164608002,0.17742857336997986,0.32828572392463684,0.650857150554657,0.8700000047683716,1.6339999437332153,0,0,0.0014285714132711291,1.4768571853637695,0.00020837783813476562,0,7.13355727736169e-08,2.433220701271996e-05,0.00012215859466851024,0.00029132652133440735,0.000690198226742873,0.002513375447779493,0.004959285376450677,0.016862414801094284,122734,0.01942167431116104,0.02622429244220257,0.04542392399162054,0.08778728544712067,0.20199313387274742,4.695864605903625,17.365591888427726,42.39115905761719,121600,0.014942524954676628,0.023194220755249264,0.04263194091618061,0.08071167767047882,0.18842028081417084,2.8281456112861623,14.446116895675639,42.432186126708984,9,33.61740181338741,-22.446127473965284,1.036924642829089,0.14596049087408866
197,131072,126419,4653,0,4653,125184,124166,0,1018,89,1146,0,120751,3415,0,0,1.1145743131637573,3.7676569700241087,5.796741724014282,8.398736000061035,15.891369342803955,33.388844299316396,48.69057243347167,138.69552612304688,3.2765121459960938,3.787168025970459,5.79783821105957,8.385211944580078,15.655903339385986,32.52838325500488,42.42321548461914,49.91545486450195,0.001714285695925355,0.029971428029239335,0.09200000017881393,0.17628571391105652,0.3288571536540985,0.6431428790092468,0.8619999885559082,1.6271429061889648,0.001714285695925355,0.03400000184774399,0.09514285624027252,0.17914286255836487,0.3319999873638153,0.6448571681976318,0.8636285930871996,1.6271429061889648,0,0,0.0014285714132711291,1.496000051498413,0.0002079010009765625,0,5.96917467627173e-08,2.357027707874965e-05,0.00012066109438604937,0.0002891434960579461,0.000682075517677942,0.0025158208920437594,0.00494252015246681,0.016844543693023285,122713,0.019660519436001778,0.02634844072163105,0.044840145856142044,0.08705001324415207,0.20168106257915497,4.862080574035644,17.654690704345757,42.356143951416016,121607,0.015156791545450687,0.023589613661170006,0.0422517117112875,0.07967556267976761,0.1871141493320465,2.782376718521118,14.217865428924572,40.462135314941406,9,33.65568264022287,-22.577685794793773,1.0303274188952074,0.1371733824254983
198,131072,126686,4386,0,4386,125422,124389,0,1033,91,1173,0,121116,3273,0,0,1.1769850254058838,3.834395706653595,5.794074296951294,8.311990737915039,15.799658060073853,33.26925849914551,48.64201202392574,139.0145263671875,3.3282735347747803,3.8532392978668213,5.795838356018066,8.294853210449219,15.549357414245605,32.42088088989257,42.22506088256836,49.96921157836914,0.001714285695925355,0.030571429058909416,0.0925714299082756,0.17914286255836487,0.332571417093277,0.6385714411735535,0.8468999922275526,1.6305714845657349,0.001714285695925355,0.034857142716646194,0.09600000083446503,0.18199999630451202,0.33571428060531616,0.6405714154243469,0.8486057090759264,1.6305714845657349,0,0,0.0014285714132711291,1.4188570976257324,0.0002079010009765625,0,3.310806431361452e-08,2.2889214871424768e-05,0.0001189558549272147,0.0002858102128828749,0.0006735520134935748,0.0025052885959447463,0.004909410432992218,0.01681184157442486,122919,0.02002021297812462,0.02660979088395834,0.04434233717620373,0.08622574061155319,0.2007153406739235,4.866260957717887,17.23993881225585,42.31016540527344,121663,0.015397418290376663,0.024055750109255314,0.04187396727502346,0.0785529613494873,0.18636786192655563,2.728208398818958,14.715085468292244,41.71011734008789,9,33.71227077696864,-22.72362952332869,1.046606788431113,0.15737473428577284
199,131072,126735,4337,0,4337,125478,124432,0,1046,88,1169,0,121343,3089,0,0,1.1355597972869873,3.901178073883057,5.7763590812683105,8.238779067993164,15.61385202407837,33.22068939208984,48.50636428833008,139.10655212402344,3.3500468730926514,3.920927095413208,5.781449556350708,8.224491119384766,15.418331384658813,32.38308334350586,42.26737281799317,49.94986343383789,0.0014285714132711291,0.030857142060995102,0.09399999678134918,0.1825714260339737,0.3375714272260666,0.630085718631741,0.8334285616874695,1.6285713911056519,0.0014285714132711291,0.035428572446107864,0.0974285677075386,0.18542857468128204,0.34057143330574036,0.6317142844200134,0.8351428508758545,1.6285713911056519,0,0,0.001714285695925355,1.551714301109314,0.00020837783813476562,0,4.681222635828818e-08,2.2854053707986458e-05,0.0001177895911490406,0.00028223943600006146,0.0006614431155877946,0.002503206880810208,0.0048919616020425966,0.016794180155765455,122985,0.02033795416355133,0.02687221728265286,0.04388931393623352,0.08526957780122757,0.20072370767593384,4.783174896240234,17.935768127441413,42.84314727783203,121762,0.015582210384309292,0.024467184115201233,0.041566758416593075,0.07767936587333679,0.18659833818674088,2.920848834514608,14.534168004989622,42.7921257019043,5;9,33.78043710087515,-22.859033394063225,1.064820226511452,0.1526845940215592
200,131072,126771,4301,0,4301,125507,124437,0,1070,90,1174,0,121423,3014,0,0,1.1416743993759155,3.9720910787582397,5.740600347518921,8.184715270996094,15.559284687042236,33.21385383605957,48.422999191284184,139.2355499267578,3.270278215408325,3.9946435928344726,5.7536139488220215,8.168878555297852,15.361376762390137,32.36491165161133,42.336515502929686,49.98134231567383,0.001714285695925355,0.030857142060995102,0.09514285624027252,0.18657143414020538,0.34200000762939453,0.6231428384780884,0.8294285535812378,1.628857135772705,0.001714285695925355,0.035428572446107864,0.09857142716646194,0.18942856788635254,0.34542858600616455,0.6248571276664734,0.8305714130401611,1.628857135772705,0,0,0.0014285714132711291,1.4811428785324097,0.0002079010009765625,0,5.935212119888789e-08,2.3450232718537313e-05,0.00011789933114326974,0.00028165202517261347,0.0006521545130199727,0.002501354659386599,0.004942945307837989,0.016778019634153606,123060,0.02002425491809845,0.027077203150838614,0.04350839741528034,0.0842893198132515,0.20040085911750793,4.71311900615692,17.48382648468019,42.541141510009766,121656,0.015366721898317337,0.024929305538535118,0.04120959714055061,0.07727787643671036,0.18572457507252693,2.7459566593170166,14.63958849906921,42.64712905883789,9,33.84818146311503,-22.981042371972386,1.0715736160369975,0.1397179214553762
201,131072,126804,4268,0,4268,125549,124479,0,1070,92,1163,0,121615,2864,0,0,1.1774247884750366,4.043854665756226,5.700078248977661,8.075700759887695,15.481679201126099,33.21050224304198,48.231619682312015,138.98654174804688,3.233055591583252,4.063599967956543,5.71534538269043,8.059913635253906,15.299179077148438,32.353481674194335,42.4838671875,49.95634460449219,0.0020000000949949026,0.03142857179045677,0.0965714305639267,0.1891428530216217,0.34599998593330383,0.6211428642272949,0.8274285793304443,1.6342856884002686,0.0022857142612338066,0.035428572446107864,0.10028571635484695,0.19200000166893005,0.349142849445343,0.6228571534156799,0.8289199876785281,1.6342856884002686,0,0,0.001714285695925355,1.4794285297393799,0.00020837783813476562,0,1.815525246354776e-08,2.3526705560858976e-05,0.00011782001953275957,0.00028219992091980955,0.0006413511346296712,0.0025001407560750776,0.00494925535805417,0.01674784692194622,123123,0.01975218765437603,0.02722883839160204,0.04302224516868591,0.08269312977790833,0.19987335801124573,4.651079893112181,17.16109439849853,41.689151763916016,121751,0.015265791676938534,0.025269214063882828,0.04075929522514343,0.07635558396577835,0.18505597859621048,2.85612416267395,14.735223770141602,41.68513107299805,9,33.90914802035644,-23.121973034021234,1.0727126653207681,0.15355673231958095
202,131072,126677,4395,0,4395,125454,124345,0,1109,90,1133,0,121573,2772,0,0,1.154999017715454,4.0469144821167,5.666624069213867,7.991065979003906,15.362701416015625,33.11918716430664,47.995570220947265,139.5745391845703,3.1705713272094727,4.080578136444092,5.684864044189453,7.983717441558838,15.206910133361816,32.294561767578124,42.38029022216795,49.8873405456543,0.001714285695925355,0.03200000151991844,0.09771428257226944,0.19342857599258423,0.3499999940395355,0.6177142858505249,0.8223542904853836,1.6294286251068115,0.001714285695925355,0.036571428179740906,0.1014285683631897,0.19685713946819305,0.3531428575515747,0.6194285750389099,0.8233028697967523,1.6294286251068115,0,0,0.0014285714132711291,1.476285696029663,0.0002079010009765625,0,2.8303991408844212e-08,2.3538518479934334e-05,0.00011710324935852613,0.00028105846108887833,0.0006313035541985803,0.002484258162411101,0.004874852582613082,0.016726619138705136,122920,0.019173379987478256,0.027501959819346666,0.042763758450746536,0.08201591670513153,0.19990073516964912,4.664271020889281,16.870827445983885,41.60914993286133,121754,0.01511411089450121,0.02568957982584834,0.040346838533878326,0.07540435343980789,0.18265487998723984,2.7700910329818695,14.486910743713388,41.026145935058594,9,33.98271246663775,-23.253578768582337,1.0727870129449373,0.15077069560631542
203,131072,126363,4709,0,4709,125122,123994,0,1128,93,1148,0,121310,2684,0,0,1.166883111000061,4.035345649719238,5.633291244506836,7.909589767456055,15.287352561950684,33.0483512878418,47.957505340576176,139.28028869628906,3.1385741233825684,4.0374627113342285,5.6522239446640015,7.900173187255859,15.129298448562622,32.23695316314697,42.340219230651826,49.993072509765625,0.0020000000949949026,0.03228571265935898,0.09857142716646194,0.19657142460346222,0.35257142782211304,0.6148571372032166,0.8214285969734192,1.6282857656478882,0.0020000000949949026,0.03685714304447174,0.10257142782211304,0.20028571784496307,0.3557142913341522,0.6165714263916016,0.8217142820358276,1.6282857656478882,0,0,0.0014285714132711291,1.4808571338653564,0.00020837783813476562,0,7.482197652547307e-08,2.3569270979602856e-05,0.00011579444040361078,0.00027688822426179743,0.0006231444655284361,0.0024856412504456775,0.004864135814901319,0.016715656436636105,122594,0.018834291025996208,0.027838418912142514,0.04240055847913027,0.08021671324968338,0.19912569597363472,4.628485155105586,17.149592552184945,41.600154876708984,121312,0.014692769385874271,0.026033420115709305,0.040211960673332214,0.07506977021694183,0.18171127140522003,2.6790568113327002,14.025613155364988,40.63618469238281,9,34.04389210739007,-23.394406421696285,1.0416386636614607,0.15667034176017866
204,131072,126535,4537,0,4537,125303,124126,0,1177,90,1142,0,121514,2612,0,0,1.1366777420043945,4.023861265182495,5.596610069274902,7.800720691680908,15.186398029327393,32.82557678222656,47.76828575134279,139.42127990722656,3.1168837547302246,4.019614815711975,5.615681171417236,7.793415069580078,15.01923131942749,32.10931396484375,42.337700843811035,49.93561935424805,0.001714285695925355,0.03285714238882065,0.09942857176065445,0.1997142881155014,0.35514286160469055,0.6148571372032166,0.8079028749465952,1.6317143440246582,0.001714285695925355,0.03771428391337395,0.10342857241630554,0.20342856645584106,0.35828572511672974,0.6165714263916016,0.808571457862854,1.6317143440246582,0,0,0.001714285695925355,1.4839999675750732,0.0002079010009765625,0,1.762890989094649e-08,2.252917227087012e-05,0.00011430826901761991,0.0002705182799552031,0.0006126736302331775,0.0024874348503272827,0.0048646249789362096,0.01667951834788836,122722,0.018575387075543404,0.028334501292556526,0.041937767527997494,0.07881902158260345,0.1984591707587242,4.456230878829953,16.464143524169888,40.8361701965332,121444,0.014439726248383522,0.02650174032896757,0.040037939324975014,0.07452742010354996,0.18014061450958252,2.732686042785644,13.96263072013854,40.74612808227539,9,34.10866478871305,-23.53723374887852,1.0417870572462042,0.1568284657083829
205,131072,126405,4667,0,4667,125154,124002,0,1152,89,1162,0,121495,2507,0,0,1.1382126808166504,3.989153003692627,5.585482120513916,7.71672248840332,15.112632751464844,32.73542175292968,47.725155487060526,125.3200912475586,3.0828871726989746,3.9852656006813048,5.602954983711243,7.709576606750488,14.911229610443115,31.933910274505614,42.06812622070317,49.89947509765625,0.001714285695925355,0.03285714238882065,0.10028571635484695,0.20228570699691772,0.35685715079307556,0.6168571710586548,0.8091428279876709,1.631428599357605,0.001714285695925355,0.03771428391337395,0.10428571701049805,0.20600000023841858,0.36000001430511475,0.618571400642395,0.8100000023841858,1.631428599357605,0,0,0.0014285714132711291,1.3325713872909546,0.00020837783813476562,0,4.0226517805990166e-08,2.2319016551799225e-05,0.0001126452527519172,0.0002681778137669295,0.0006048348854831494,0.0024567542963090617,0.004859695332040369,0.01666785189281689,122654,0.0184459388256073,0.02876794394105673,0.04159290809184313,0.07773196697235107,0.19774970784783363,4.50258653163909,16.892082595825197,40.579166412353516,121427,0.014295512810349464,0.026712936721742152,0.039859650656580925,0.07406509667634964,0.17790356278419495,2.6857111930847153,14.181449737548865,40.31012725830078,9,34.17634155008254,-23.69027475277882,1.0600099222646273,0.16832636666236783
206,131072,126539,4533,0,4533,125271,124085,0,1186,94,1174,0,121660,2425,0,0,1.123222827911377,3.9754555463790893,5.580418109893799,7.6476335525512695,15.040442943572998,32.75868225097656,47.659913482666006,139.925537109375,3.048642873764038,3.9732649326324463,5.594758987426758,7.640010356903076,14.749237060546875,32.04923171997062,42.312893829345754,49.89064407348633,0.001714285695925355,0.03314285725355148,0.1022857129573822,0.2045714259147644,0.35828572511672974,0.617171430587766,0.8094285726547241,1.631428599357605,0.001714285695925355,0.03828571364283562,0.1062857136130333,0.2085714340209961,0.3619999885559082,0.6191428303718567,0.8105714321136475,1.631428599357605,0,0,0.0014285714132711291,1.461142897605896,0.0002079010009765625,0,3.178039650367948e-08,2.2672997631740607e-05,0.00011291671531731599,0.00026643289163817355,0.0006000382702568841,0.0024404832128126015,0.004843557022294194,0.016648415669033027,122660,0.018148193135857582,0.028971609938889743,0.04118426237255335,0.07634805887937546,0.1974218189716339,4.346255660057052,16.68955396652222,40.99717330932617,121368,0.014142385683953762,0.026919467095285653,0.03964575286954641,0.07365559786558151,0.1756516583263874,2.678872358798979,13.967612199783327,40.37019348144531,9,34.274084216843676,-23.8421348570328,1.0656794905905105,0.18068553947289223
207,131072,126326,4746,0,4746,125064,123856,0,1208,88,1174,0,121596,2260,0,0,1.1699893474578857,3.980013370513916,5.5837562084198,7.595855712890625,14.961558818817139,32.81646919250488,47.69312572479248,140.02474975585938,3.0088937282562256,3.9776687622070312,5.599750518798828,7.589235305786133,14.663828611373901,32.017513275146484,42.027219581604,49.935455322265625,0.001714285695925355,0.03371428698301315,0.10257142782211304,0.20600000023841858,0.3580000102519989,0.6245714426040649,0.8205714225769043,1.6291428804397583,0.001714285695925355,0.03885714337229729,0.10657142847776413,0.20971427857875824,0.36142855882644653,0.6263571530580521,0.822857141494751,1.6291428804397583,0,0,0.0014285714132711291,1.4088571071624756,0.00020837783813476562,0,5.664355145019955e-08,2.3241866065692022e-05,0.00011262367098746406,0.00026480548168562705,0.0005990664724578661,0.0024677812200339768,0.004795779506312754,0.01912402266527722,122498,0.017970586195588112,0.028472264017909765,0.04080966301262379,0.07497774064540863,0.19569675996899605,4.202727937698354,16.52016008377075,40.06419372558594,121146,0.014015594497323036,0.026617028284817934,0.03935748524963856,0.07281039655208588,0.17271045595407486,2.581157088279724,13.808979701995922,39.26020431518555,,34.3628379766829,-23.99147605243075,1.0517803792847062,0.1742791089705778
208,131072,126182,4890,0,4890,124932,123714,0,1218,89,1161,0,121555,2159,0,0,1.126684546470642,4.015190815925598,5.586851358413696,7.5175981521606445,14.814633846282959,32.72138862609862,47.54822013854986,140.66824340820312,3.0016472339630127,4.012262487411499,5.600691199302673,7.513379096984863,14.491402387619019,31.877702617645262,41.81156997680659,49.902339935302734,0.0022857142612338066,0.03400000184774399,0.10314285755157471,0.20571428537368774,0.35600000619888306,0.6277142763137817,0.8202857375144958,1.628857135772705,0.0022857142612338066,0.03885714337229729,0.1071428582072258,0.20971427857875824,0.3594285845756531,0.6299999952316284,0.821142852306366,1.628857135772705,0,0,0.001714285695925355,1.3717142343521118,0.00020837783813476562,0,4.417245838512439e-08,2.4448621222702366e-05,0.00011277152821082912,0.00026009831213062414,0.0005945599199893157,0.002426236197285411,0.00480259671272518,0.020861236242905222,122355,0.018092555925250053,0.027988433651626114,0.04051068611443043,0.0745750218629837,0.19115014374256134,4.116487646102905,16.68281688690179,40.502193450927734,121077,0.013915030285716057,0.026399926096200944,0.03909331560134888,0.07217144221067429,0.1707540899515152,2.5277951240539536,13.922486953735367,40.57914352416992,,34.44663819874317,-24.160442834764496,1.0420819146257703,0.1888552645978156
209,131072,126070,5002,0,5002,124792,123608,0,1184,90,1188,0,121534,2074,0,0,1.1409000158309937,4.068791937828064,5.6014697551727295,7.485848426818848,14.685205698013306,32.707675743103,47.985180511474574,140.2749786376953,3.004410743713379,4.066841650009155,5.6152859926223755,7.479524612426758,14.333530187606812,31.93584270477295,41.80400859832761,49.94301223754883,0.0020000000949949026,0.03371428698301315,0.10400000214576721,0.20485714077949524,0.35514286160469055,0.6294285655021667,0.8243742668628686,1.6305714845657349,0.0020000000949949026,0.03885714337229729,0.1080000028014183,0.20800000429153442,0.35857143998146057,0.631428599357605,0.825674290060993,1.6305714845657349,0,0,0.0014285714132711291,1.2137142419815063,0.00020837783813476562,0,7.435177589202925e-08,2.4425426981756288e-05,0.00011188888860928384,0.0002551346088255107,0.0005936366349956995,0.002425757339483388,0.004849077847654673,0.020873104333294548,122275,0.017952335998415947,0.027416117675602435,0.040189413353800774,0.07472602277994156,0.18737094104290009,4.011631202697751,16.63013870239258,41.5181770324707,120993,0.013915067538619041,0.026219290122389795,0.03904347121715546,0.07201222330331802,0.16898763179779053,2.3869544982910154,13.416448783874518,40.444210052490234,,34.533542274023674,-24.327711386383783,1.0401072712394235,0.18850725683027766
210,131072,126057,5015,0,5015,124757,123610,0,1147,90,1210,0,121571,2039,0,0,1.1527676582336426,4.055161762237549,5.623483180999756,7.462380409240723,14.466109275817871,32.630662536621095,48.34560836791993,141.09425354003906,3.0206453800201416,4.0527300357818605,5.635987997055054,7.451846122741699,14.130377769470215,31.527658176422115,41.41748569488534,49.878929138183594,0.0011428571306169033,0.03371428698301315,0.10457143187522888,0.2037142813205719,0.35428571701049805,0.6351428627967834,0.8379999995231628,1.6317143440246582,0.0011428571306169033,0.03885714337229729,0.10857142508029938,0.20685714483261108,0.35771429538726807,0.6374285817146301,0.8394028323888789,1.6317143440246582,0,0,0.001714285695925355,1.2122857570648193,0.00020837783813476562,0,2.9020020462115964e-08,2.4046542442534477e-05,0.00011181739144822503,0.0002547890869593062,0.0005940954672416193,0.0024201307682882953,0.0048491701729633215,0.020931854258734634,122215,0.017982667312026024,0.02740823645144701,0.03997221402823925,0.07378017902374268,0.1822573021054268,3.781303548812863,16.386858291625977,43.87311553955078,121000,0.013995036482810974,0.025844066683202983,0.03896657098084688,0.07177000492811203,0.1678282804787159,2.3787239670753397,13.906823987960799,40.105072021484375,,34.618088221422234,-24.498739487055442,1.0485222199856628,0.19096973530713468
211,131072,126037,5035,0,5035,124715,123633,0,1082,86,1236,0,121743,1890,0,0,1.1455533504486084,4.04632568359375,5.6409912109375,7.437541484832764,14.388484954833984,32.69529495239257,49.10803359985351,140.63473510742188,3.0491788387298584,4.043764591217041,5.6593337059021,7.420521259307861,13.984914779663086,31.838566970825195,41.369290618896265,49.99464416503906,0.001714285695925355,0.03342857211828232,0.10485713928937912,0.20257142186164856,0.3522857129573822,0.6388571262359619,0.8492228794097897,1.6299999952316284,0.001714285695925355,0.03885714337229729,0.10885713994503021,0.20600000023841858,0.3557142913341522,0.6411428451538086,0.8511428833007812,1.6299999952316284,0,0,0.0014285714132711291,1.399142861366272,0.00020742416381835938,0,5.858797263374404e-08,2.3933301352809612e-05,0.0001123175172506797,0.00025600474023048167,0.0005982895857180992,0.00241562235155949,0.004861083303304387,0.02092925960944025,122278,0.01809479296207428,0.027302113920450212,0.04001433961093426,0.07215432822704315,0.18003373965620995,3.8057652950286767,16.45382078170775,40.829185485839844,121072,0.013980555348098278,0.025451917108148335,0.03885577525943518,0.07087723910808563,0.16532248258590698,2.1941874027252184,13.205271081924437,40.749202728271484,,34.715813106574345,-24.664656118291656,1.0617633647016929,0.19301245973293582
212,131072,126197,4875,0,4875,124879,123800,0,1079,92,1226,0,122061,1739,0,0,1.1766518354415894,3.9607046604156495,5.544116020202637,7.397592067718506,14.148896217346191,32.77524185180664,48.89700942993155,141.44497680664062,3.06864070892334,3.9557945251464846,5.552670001983643,7.380184173583984,13.781080484390259,31.87688446044922,41.76917793273916,49.95956802368164,0.0020000000949949026,0.03342857211828232,0.10542856901884079,0.2014285773038864,0.350857138633728,0.6425714492797852,0.8602856993675232,1.6271429061889648,0.0020000000949949026,0.03828571364283562,0.10971428453922272,0.20485714077949524,0.3545714318752289,0.6451428532600403,0.8611457306146607,1.6271429061889648,0,0,0.0014285714132711291,1.3345714807510376,0.0002079010009765625,0,5.6069599283187155e-08,2.332217527067809e-05,0.00011343112212936358,0.00025655799654279287,0.0006047974993753639,0.002415075362747259,0.004826750018259053,0.02105890080344925,122491,0.01826302707195282,0.026879864744842052,0.03985095024108887,0.06993498653173447,0.17378532141447067,3.604233741760254,16.415294075012213,40.89218521118164,121176,0.014085625298321247,0.024872691836208105,0.038744982331991196,0.06998516619205475,0.1634739227592945,2.1086230874061584,13.049408912658691,40.73520278930664,,34.840616746563654,-24.853678676304934,1.0717284125215716,0.2267262185335358
213,131072,126275,4797,0,4797,124979,123959,0,1020,91,1205,0,122360,1599,0,0,1.0769449472427368,3.7874090433120733,5.4378838539123535,7.367454528808594,14.019968032836914,32.752554702758786,48.97897476196288,141.53598022460938,3.087639331817627,3.783464598655701,5.43940806388855,7.354323863983154,13.773178577423096,31.873099708557124,42.13072875976562,49.92299270629883,0.0020000000949949026,0.03314285725355148,0.10542856901884079,0.1997142881155014,0.3514285683631897,0.6485714316368103,0.8742856979370117,1.6271429061889648,0.0020000000949949026,0.03771428391337395,0.10914285480976105,0.20314285159111023,0.35514286160469055,0.650857150554657,0.8758342897891993,1.6271429061889648,0,0,0.0014285714132711291,1.3908571004867554,0.00020837783813476562,0,3.279209476023175e-08,2.3065502798975046e-05,0.00011418763242770916,0.0002555927671040883,0.0006098962604487991,0.0024113820342081174,0.004861725492249828,0.02107370155528934,122746,0.018389955163002014,0.026640937197953463,0.03983793314546347,0.067795030772686,0.16988066583871841,3.5019413828849792,16.30968770980835,41.016204833984375,121408,0.014238562434911728,0.0242508664727211,0.038581401109695435,0.06907123327255249,0.16167116537690163,2.0642081618308974,13.047018718719476,42.44112777709961,,34.94908338210764,-25.04241226281469,1.0703011791278234,0.21768650554921165
214,131072,126264,4808,0,4808,124940,123984,0,956,92,1232,0,122456,1528,0,0,1.1312174797058105,3.6189470767974856,5.315403938293457,7.347542762756348,13.95173978805542,32.72187786102294,49.43425140380852,123.46160888671875,3.055889368057251,3.6147398948669434,5.316485047340393,7.330111503601074,13.710964679718018,31.861490249633775,41.662545890808104,49.932743072509766,0.0014285714132711291,0.03371428698301315,0.10571428388357162,0.19942857325077057,0.3506428524851799,0.6502857208251953,0.8749628531932817,1.6294286251068115,0.0014285714132711291,0.03828571364283562,0.10971428453922272,0.2028571367263794,0.35428571701049805,0.652571439743042,0.8774285912513733,1.6294286251068115,0,0,0.0014285714132711291,1.4145714044570923,0.00020837783813476562,0,3.50344930248431e-08,2.2600706253530715e-05,0.00011444160073995889,0.00025485252784829846,0.000612159211165153,0.002387164896499855,0.004858544888738173,0.01642563568440515,122683,0.018230725079774857,0.02634620014578104,0.03986281156539917,0.06539425998926163,0.16303116083145142,3.3445791959762516,16.36871166229246,42.64614486694336,121421,0.014116242527961731,0.02357211895287037,0.03832164779305458,0.06809671223163605,0.1592029184103012,1.8051527738571167,12.654541015625009,42.49712371826172,,35.061901331316214,-25.226736367893658,1.0626952193923487,0.21624318717658825
215,131072,126421,4651,0,4651,125065,124180,0,885,91,1265,0,122785,1395,0,0,1.1760931015014648,3.460845947265625,5.182415008544922,7.35602331161499,13.932778358459473,32.776145935058594,50.01193008422859,123.27161407470703,3.044642686843872,3.456458270549774,5.179872632026672,7.3377275466918945,13.728010416030884,31.8717059135437,41.52279949188211,49.992435455322266,0.0020000000949949026,0.03371428698301315,0.1062857136130333,0.20028571784496307,0.35171428322792053,0.6520000100135803,0.8782857060432434,1.6294286251068115,0.0022857142612338066,0.03857142850756645,0.10999999940395355,0.2037142813205719,0.3554285764694214,0.6539999842643738,0.8802857398986816,1.6294286251068115,0,0,0.001714285695925355,1.4351428747177124,0.00020837783813476562,0,4.051603467684684e-08,2.2259744391972238e-05,0.0001160143165851928,0.00025571634859729764,0.0006176385109168411,0.0023912447160574,0.004918473171434526,0.016396505603547707,122894,0.018141021952033043,0.025930243637412788,0.0400372538715601,0.06310924887657166,0.15300393849611282,2.917657780647273,16.0462409210205,42.07914733886719,121627,0.013976319693028927,0.022827091999351977,0.03739272058010101,0.06678453087806702,0.1576015129685402,1.7811436533927887,12.6387773704529,42.04920196533203,,35.183200622065364,-25.419100556047322,1.0647536750280617,0.227424132536258
216,131072,126468,4604,0,4604,125133,124303,0,830,87,1248,0,123029,1274,0,0,1.1627613306045532,3.363929033279419,5.070186138153076,7.385947227478027,13.937708854675293,32.852501296997055,49.667747497558594,189.45126342773438,2.881181478500366,3.362853503227234,5.067058801651001,7.369298934936523,13.576271057128906,31.936808013916007,41.72649307250971,49.97587966918945,0.0014285714132711291,0.034285712987184525,0.1080000028014183,0.20228570699691772,0.3545714318752289,0.6565714478492737,0.8805714249610901,1.6291428804397583,0.0014285714132711291,0.03914285823702812,0.11171428859233856,0.20571428537368774,0.35828572511672974,0.6588571667671204,0.8825713992118835,1.6291428804397583,0,0,0.0014285714132711291,1.434571385383606,0.00020837783813476562,0,5.0686101133085384e-08,2.270073367878249e-05,0.00011824698366536503,0.0002588216304702424,0.0006243488549713761,0.002371081465356332,0.004982884444915529,0.015161156683781124,123035,0.017472200095653534,0.025478846579790115,0.03928808867931366,0.061640117317438126,0.1469661071896553,2.819207692146296,16.159799003601087,42.40915298461914,121815,0.013352006673812866,0.021853858791291713,0.03628426603972912,0.0652226060628891,0.15725301206111908,1.6914810419082624,12.904598407745363,40.368167877197266,,35.3053586222107,-25.619224861770288,1.0877234813563508,0.2355842243091957
217,131072,126594,4478,0,4478,125239,124441,0,798,90,1265,0,123196,1245,0,0,1.1435545682907104,3.2753098487854,4.916307806968689,7.418459415435791,13.552540063858032,32.77994899749755,49.94903171539306,122.80638885498047,2.7149739265441895,3.273953437805176,4.91040563583374,7.400183200836182,13.161429405212402,31.85648536682129,42.015959167480474,49.94963836669922,0.0020000000949949026,0.034857142716646194,0.10999999940395355,0.20342856645584106,0.3557142913341522,0.6617143154144287,0.8834485715627649,1.6294286251068115,0.0020000000949949026,0.03999999910593033,0.11371428519487381,0.20657142996788025,0.35914286971092224,0.6639999747276306,0.8853142738342302,1.6294286251068115,0,0,0.001714285695925355,1.2634285688400269,0.00020837783813476562,0,2.118287776402402e-08,2.377830097632426e-05,0.00011968546605284569,0.00025932489260319146,0.0006276259016350954,0.0023380791519751237,0.0049956913863856275,0.01632468764523045,122995,0.01643168367445469,0.02504574749618769,0.03815045952796936,0.05969911813735962,0.14104580879211426,2.5694281339645384,16.067314186096183,43.378116607666016,121927,0.012883531861007214,0.021070783212780952,0.03490194492042065,0.06360704451799393,0.15118639916181564,1.5803092122077942,12.507875270843535,42.86614227294922,,35.447640184530066,-25.814246493862075,1.0495900000235654,0.24440057765550133
218,131072,126833,4239,0,4239,125475,124756,0,719,90,1268,0,123550,1206,0,0,1.1705371141433716,3.154122829437256,4.738354682922363,7.457170486450195,13.018370628356934,32.55571746826171,49.98467056274384,122.54838562011719,2.56321382522583,3.1534289717674255,4.735355377197266,7.438396453857422,12.751972913742065,31.279964923858643,41.71203804016112,49.99869155883789,0.0020000000949949026,0.0357142873108387,0.1120000034570694,0.20399999618530273,0.3580000102519989,0.6631428599357605,0.8837142586708069,1.6317143440246582,0.0020000000949949026,0.040571428835392,0.11599999666213989,0.20714285969734192,0.3619999885559082,0.665142834186554,0.8859999775886536,1.6317143440246582,0,0,0.001714285695925355,1.4017143249511719,0.00020837783813476562,0,1.0695403853463555e-07,2.4435417731158975e-05,0.00011969487925216593,0.0002594327567087506,0.0006271477530739514,0.00227250510620687,0.004934516819405722,0.016228400083780604,123525,0.015586855821311474,0.02454858273267746,0.036870937794446945,0.05789807438850403,0.13512906432151794,2.3260222911834707,15.948461952209437,40.239227294921875,122439,0.011962931603193283,0.0202330244705081,0.033148303627967834,0.06127551198005676,0.14444899559020996,1.456241941452013,11.994479999542127,40.072242736816406,,35.554998631101824,-26.019515169567022,1.050117578997088,0.2316491822034711
219,131072,127272,3800,0,3800,125318,124643,0,675,668,1286,0,123466,1177,0,0,1.1555466651916504,3.0465015530586244,4.507771134376526,7.479345321655273,12.46941328048706,32.225930786132814,50.149737663268944,122.27438354492188,2.5001137256622314,3.0878997564315798,4.537007808685303,7.473241329193115,12.156805038452148,29.968564796447744,41.67482696533205,49.98809814453125,0.0020000000949949026,0.037142857909202576,0.11599999666213989,0.20428571105003357,0.3545714318752289,0.6648571491241455,0.8874285817146301,1.6337143182754517,0.0020000000949949026,0.04228571429848671,0.11914286017417908,0.20600000023841858,0.3548571467399597,0.6614285707473755,0.8884514284133916,1.6277142763137817,0,0,0.0014285714132711291,1.2777142524719238,0.00020837783813476562,0,5.535939487328778e-08,2.451626339217698e-05,0.00012075969827628506,0.00025852903914017533,0.0006246677955426784,0.002169773755037871,0.004934694029622062,0.016181585904576412,123359,0.014805790968239307,0.024302339553833006,0.035749075934290886,0.05659261718392372,0.13005415350198746,1.9843222737312287,15.721307182312003,42.0900764465332,122386,0.011220897547900677,0.019776267930865288,0.03164917603135109,0.059691011905670166,0.14114434272050858,1.410889983177185,11.688787031173689,38.394222259521484,,35.690639593040956,-26.247055082481413,1.0480571967817947,0.26490965950628304
220,131072,127810,3262,0,3262,123793,123197,0,596,2743,1274,0,122027,1170,0,0,1.1601033210754395,2.8172404766082764,4.29035222530365,7.293337821960449,11.895440578460693,31.085994720458945,49.88277854919436,122.036376953125,2.500035524368286,3.0740637302398683,4.4123663902282715,7.405292510986328,11.84813117980957,28.668377685546876,41.719611663818355,49.98798751831055,0.0022857142612338066,0.03942857310175896,0.11971428245306015,0.20571428537368774,0.3562857210636139,0.6642857193946838,0.8854285478591919,1.6268571615219116,0.0028571428265422583,0.04399999976158142,0.12142857164144516,0.20428571105003357,0.34599998593330383,0.6531428694725037,0.8842856884002686,1.6268571615219116,0,0,0.0014285714132711291,1.186571478843689,0.00020837783813476562,0,4.4411745975852665e-08,2.5601598537160753e-05,0.0001250277045475763,0.00026379750317778863,0.0006268358782418865,0.0020795423840860214,0.004932251330176163,0.016143544012400736,122017,0.01454676128923893,0.02414461225271225,0.03525542467832565,0.056226324290037155,0.12816141545772552,1.8807627916336012,15.840165824890137,39.3232307434082,121107,0.011227652430534363,0.01985947471112013,0.030852516181766987,0.058992888778448105,0.1390083208680153,1.3596479177474976,11.951640701293964,39.6231803894043,,35.820551706787356,-26.47278451603084,1.0634319629053568,0.260897140463356
221,131072,128343,2729,0,2729,122104,121554,0,550,4927,1312,0,120345,1209,0,0,1.1645407676696777,2.615744471549988,4.163306474685669,7.07694149017334,11.51820421218872,29.746562957763665,50.32911056518555,121.73420715332031,2.500048875808716,3.0617477893829346,4.307971477508545,7.317532539367676,11.631082534790039,27.674398040771482,41.77837989807129,49.99864959716797,0.001714285695925355,0.041428569704294205,0.12457142770290375,0.2085714340209961,0.3548571467399597,0.6617143154144287,0.881428599357605,1.6285713911056519,0.001714285695925355,0.04657142981886864,0.12485714256763458,0.2054285705089569,0.3408571481704712,0.6465714573860168,0.8732771384716037,1.6285713911056519,0,0,0.0014285714132711291,1.1591428518295288,0.00020837783813476562,0,6.922548896177929e-08,2.6754951459509678e-05,0.00013033209566839198,0.00027079598675024824,0.0006288643553705563,0.002007675090602595,0.00493646564601655,0.016174119627904302,120573,0.014593220315873623,0.024009937420487404,0.034489527344703674,0.05572153627872467,0.1268462836742401,1.6150160551071144,15.564530525207514,37.62526321411133,119581,0.010972429066896439,0.020077206194400787,0.02988819032907486,0.05829989165067673,0.1355958878993988,1.2907044887542725,11.493441772460848,39.67020034790039,,35.98093542360279,-26.69221897372075,1.0823498266870997,0.2724560577620953
222,131072,128342,2730,0,2730,119982,119425,0,557,7073,1287,0,118271,1154,0,0,1.150442123413086,2.4530999302864074,4.105613350868225,6.898860454559326,11.19248104095459,28.926242446899412,50.045068244933965,121.52619934082031,2.5000555515289307,3.0838410377502443,4.250560760498047,7.266130447387695,11.449912071228027,26.885377120971672,42.199399871826124,49.96038055419922,0.0022857142612338066,0.04399999976158142,0.1291428506374359,0.21085713803768158,0.3514285683631897,0.6539999842643738,0.8697142601013184,1.6285713911056519,0.0022857142612338066,0.04885714128613472,0.12771429121494293,0.20600000023841858,0.33714285492897034,0.6420000195503235,0.8656457328796372,1.628000020980835,0,0,0.0014285714132711291,1.2525714635849,0.0002079010009765625,0,1.8523918760241486e-08,2.7995881905877175e-05,0.00013618595854109742,0.00027717646791245603,0.0006268070937761129,0.0019157682954401747,0.0049563087434981,0.01613954968616015,118485,0.014713864773511887,0.02388259768486023,0.033563632518053055,0.05549681559205055,0.12357605993747711,1.5188183784484837,15.585289649963382,39.600250244140625,117477,0.011301946826279163,0.02021813318133354,0.029167355969548225,0.057881638407707214,0.13219447433948517,1.1769895076751702,10.955338249206568,38.06924057006836,,36.13015479230378,-26.904992756632616,1.097972804475476,0.260352031152293
223,131072,128386,2686,0,2686,117930,117425,0,505,9137,1319,0,116514,911,0,0,1.1455532312393188,2.318161427974701,4.066928029060364,6.719534873962402,10.956983089447021,28.40410327911377,50.194537353515614,121.17562103271484,2.5000064373016357,3.128271150588989,4.223909854888916,7.189094066619873,11.32571792602539,26.39068069458002,42.313838348388664,49.97386169433594,0.0020000000949949026,0.0462857149541378,0.13371428847312927,0.21285714209079742,0.34771427512168884,0.6460000276565552,0.8531857103109343,1.6331428289413452,0.0020000000949949026,0.05057142674922943,0.13114285469055176,0.20685714483261108,0.33571428060531616,0.6368571519851685,0.8599314355850205,1.6331428289413452,0,0,0.0014285714132711291,1.0805714130401611,0.0002079010009765625,0,1.0702260231937552e-08,2.9245418724978585e-05,0.00014059658491873435,0.0002817686104982094,0.0006283298673829487,0.001851205266897501,0.004992646981500234,0.01609645788813801,116472,0.014580033719539642,0.023724280763417482,0.03238845895975828,0.05514577776193619,0.12143852189183235,1.5190614640712732,15.638291606903051,39.27225112915039,115470,0.011149059981107712,0.02030214238911867,0.028433359693735838,0.05801142007112503,0.1300388164818287,1.1637434303760494,10.835479288101194,39.052207946777344,,36.30361506647047,-27.144635862286872,1.0870322727139776,0.29603543713012753
224,131072,128389,2683,0,2683,115922,115442,0,480,11158,1309,0,114665,777,0,0,1.141555905342102,2.2166796684265138,4.020382881164551,6.5565032958984375,10.759061813354492,28.046981048583927,50.105418395996075,120.87361907958984,2.500035524368286,3.164495420455933,4.220525145530701,7.123027801513672,11.174774169921875,25.488378620147703,42.19217796325683,49.99772644042969,0.0020000000949949026,0.04800000041723251,0.1379999965429306,0.21657143533229828,0.349142849445343,0.6437143087387085,0.8583200073242174,1.6291428804397583,0.0022857142612338066,0.052000001072883606,0.13428571820259094,0.20999999344348907,0.3385714292526245,0.6328571438789368,0.8678828400373448,1.6291428804397583,0,0,0.001714285695925355,1.4028571844100952,0.0002079010009765625,0,6.268647093930144e-08,2.9587064680147058e-05,0.00014450197846560577,0.00028576669257359815,0.0006299639827955304,0.0018008593781275884,0.004981784274239523,0.01605352478974407,114495,0.014415851794183254,0.023536356911063195,0.03125644661486149,0.054964449256658554,0.11351072043180466,1.4328490138053853,15.4341428565979,38.85724639892578,113504,0.01086024846881628,0.02028079340234399,0.027776000555604696,0.05823074281215668,0.1289120949804783,1.2126391828060097,10.911146860122681,38.782249450683594,,36.47153436136788,-27.382045146826698,1.0839929821638012,0.29080800413950686
225,131072,128506,2566,0,2566,113974,113550,0,424,13280,1252,0,112996,554,0,0,1.165540099143982,2.1583900451660156,3.9557250142097473,6.29378604888916,10.578861713409424,27.346152305603027,49.83660888671874,120.59761047363281,2.500006675720215,3.155408048629761,4.1961060762405396,7.057243347167969,11.051924228668213,25.22999286651606,42.22005126953121,49.999000549316406,0.001714285695925355,0.051428571343421936,0.14228571951389313,0.22371429204940796,0.36085712909698486,0.6454285979270935,0.8725571244955055,1.6242856979370117,0.001714285695925355,0.054571427404880524,0.13742856681346893,0.21457143127918243,0.3479999899864197,0.6294285655021667,0.8815742987394318,1.6242856979370117,0,0,0.001714285695925355,1.2114285230636597,0.0002079010009765625,0,1.8686114392046188e-08,2.9499297399775166e-05,0.00014829296135969843,0.0002887523656270014,0.0006326283979581256,0.0017031097116763808,0.004910261026081478,0.0160145864647103,112697,0.014458579011261463,0.023320218548178673,0.030456960201263428,0.05302294343709946,0.10520961135625839,1.3365849494934054,14.9811882781981,39.02824783325195,111650,0.011207584291696548,0.020129862613976004,0.02708348399028182,0.057713545858860016,0.12373880110681057,1.0883966684341373,10.202081775665267,38.78624725341797,,36.63440835472874,-27.621740050104492,1.0861032548131726,0.28980344653112666
226,131072,128687,2385,0,2385,111926,111703,0,223,15489,1272,0,111181,522,0,0,1.179186224937439,2.148965907096863,3.8893693685531616,5.967754364013672,10.42233943939209,26.416117095947257,49.82644828796386,129.25807189941406,2.500049114227295,3.1145209074020386,4.150017023086548,6.986299514770508,10.924675941467285,25.157659149169913,42.075605010986315,49.99378204345703,0.0025714286603033543,0.05371428653597832,0.1468571424484253,0.23171427845954895,0.37685713171958923,0.6602857112884521,0.9031828653812407,1.6305714845657349,0.0025714286603033543,0.056285712867975235,0.14028571546077728,0.21942856907844543,0.3562857210636139,0.6317142844200134,0.8871371233463275,1.6305714845657349,0,0,0.001714285695925355,1.437428593635559,0.00020837783813476562,0,6.84482332996766e-08,3.0104279550754854e-05,0.00015249348520381318,0.0002902589693277317,0.0006386439748246224,0.001626636302447109,0.004815539832256914,0.01597375366011033,110918,0.014554397203028202,0.02312890887260437,0.029998397920280695,0.05068891867995262,0.1018537599593401,1.3034714102745049,15.371115894317668,38.21126174926758,109865,0.011199493892490864,0.019827307760715486,0.026663314551115036,0.056615833193063736,0.11680285632610321,1.0709509134292532,10.070465240478518,38.92329788208008,,36.81005212292581,-27.886696715981962,1.0901159282278736,0.31791330523792855
227,131072,128860,2212,0,2212,110108,110028,0,80,17478,1274,0,109734,294,0,0,1.1829813718795776,2.174067974090576,3.826314330101013,5.600202560424805,10.34604549407959,26.417350482940613,49.92770954132082,120.44879150390625,2.500081777572632,3.057012474536896,4.114115238189697,6.827733993530273,10.880346775054932,25.422737979888897,42.14503181457519,49.998985290527344,0.0025714286603033543,0.055714286863803864,0.1502857208251953,0.238571435213089,0.3928571343421936,0.6777142882347107,0.9337142705917358,1.6262856721878052,0.0028571428265422583,0.05771428719162941,0.1420000046491623,0.2240000069141388,0.3677142858505249,0.6414285898208618,0.902779989838599,1.6234285831451416,0,0,0.0014285714132711291,1.3808571100234985,0.00020837783813476562,0,2.5783512676732177e-08,3.154650325907844e-05,0.00015734058824059925,0.00029095334870792814,0.0006471188756340488,0.0015599619305151874,0.004785253776143461,0.01592061421186312,109267,0.014574838802218437,0.022887287102639674,0.029535054229199886,0.04885469004511833,0.09850119426846504,1.0863619804382312,12.985373363494851,36.625328063964844,108167,0.011083565652370453,0.019407900236546993,0.02621152251958847,0.05453231930732727,0.11103815957903862,0.9910591304302214,9.115983219146726,37.10234451293945,,36.96904623693186,-28.117821509214064,1.0995893314808942,0.2806911892175181
228,131072,128838,2234,0,2234,108045,107974,0,71,19585,1208,0,107794,180,0,0,1.151203989982605,2.207174873352051,3.7554460167884827,5.3140788078308105,10.427273511886597,26.104009246826173,49.69582645416262,119.6288070678711,2.5001044273376465,3.035710871219635,4.108694076538086,6.636171340942383,10.973005533218384,25.655443954467767,42.23604755401613,49.997100830078125,0.0028571428265422583,0.05771428719162941,0.1534285694360733,0.24542857706546783,0.40314286947250366,0.6802856922149658,0.9362857341766357,1.6251428127288818,0.00342857139185071,0.05885714292526245,0.14342856407165527,0.22628571093082428,0.3700000047683716,0.6278142869472478,0.8619999885559082,1.6251428127288818,0,0,0.0014285714132711291,1.0880000591278076,0.00020837783813476562,0,5.7680302184297887e-08,3.505917231596568e-05,0.0001636934476126775,0.00029349476037617353,0.000655621763700944,0.0015305724456520656,0.004785776073417916,0.01572220240023601,107176,0.014512571506202221,0.022698575165122747,0.029190827161073685,0.047338441014289856,0.09575139917433262,1.0397316813468933,13.964934349060059,39.4332389831543,106120,0.010847178287804127,0.019182854052633046,0.02599381236359477,0.052199650555849075,0.10842922329902649,0.9522381931543339,9.117456340789776,41.455204010009766,,37.16039388729368,-28.3708878387452,1.1247340641294177,0.3182589323511864
229,131072,128861,2211,0,2211,107630,107557,0,73,20004,1227,0,107442,115,0,0,1.1737542152404785,2.2341716289520264,3.6950597763061523,5.187618255615234,10.5826997756958,26.41270637512207,49.73131866455071,119.7675552368164,2.500016927719116,2.852819061279297,4.0714616775512695,6.368606090545654,11.07337760925293,25.998186874389642,42.06109497070314,49.998565673828125,0.0028571428265422583,0.05771428719162941,0.15600000321865082,0.2514285743236542,0.41114285588264465,0.6825714111328125,0.9228571653366089,1.6337143182754517,0.0028571428265422583,0.05885714292526245,0.14571428298950195,0.22914285957813263,0.37542855739593506,0.6268571615219116,0.8246971321105964,1.6337143182754517,0,0,0.0014285714132711291,0.9034285545349121,0.00020837783813476562,0,5.692565915698592e-08,3.912992290657475e-05,0.00016902569359805052,0.00029532431484978857,0.0006643830387341924,0.001526703249795057,0.004798050999309347,0.015838498407885482,106763,0.014395340345799923,0.02238737791776657,0.028269609436392784,0.04600422829389572,0.09345855563879013,0.9488518178462956,12.383407783508385,41.459171295166016,105679,0.010828529484570026,0.018276005052030087,0.025619694963097572,0.04864862933754921,0.10598737746477127,0.9300738573074273,8.69394258499146,39.023311614990234,,37.344516116118506,-28.639720458757058,1.1187662681113884,0.3258950556838409
230,131072,128900,2172,0,2172,108370,108288,0,82,19313,1217,0,108219,69,0,0,1.1445538997650146,2.2528815150260924,3.6639742851257324,5.143815994262695,10.604475021362305,26.136939525604237,49.62624343872069,118.9723892211914,2.500035047531128,2.697744846343994,4.012722611427307,6.0975799560546875,11.132419109344482,25.815681171417232,42.15528244018557,49.99973678588867,0.0025714286603033543,0.057999998331069946,0.15714286267757416,0.2525714337825775,0.4211428463459015,0.6842857003211975,0.8988571166992188,1.6334285736083984,0.0025714286603033543,0.059142857789993286,0.14714285731315613,0.23085714876651764,0.37771427631378174,0.6231428384780884,0.7777143120765686,1.6239999532699585,0,0,0.001714285695925355,1.0042856931686401,0.00020837783813476562,0,8.46132719535898e-08,4.046919060065406e-05,0.0001725107870744159,0.0002972383397810565,0.0006687302332674351,0.0015119510240474824,0.00480182445102261,0.014624593226523642,107515,0.014351120218634605,0.01978523712605238,0.02722309809178114,0.044641606509685516,0.08924759179353714,0.8241902410984008,10.04987163543703,37.304298400878906,106424,0.010933228768408298,0.01742604887112975,0.025287918746471405,0.04511177912354469,0.10139577090740204,0.8659786105155931,7.921831884384156,37.34927749633789,,37.5263648972627,-28.89759481951416,1.1073736695360472,0.3157498320535003
231,131072,129075,1997,0,1997,108746,108651,0,95,19160,1169,0,108594,57,0,0,1.1615428924560547,2.2664063692092897,3.6414308547973633,5.120021820068359,10.043468475341797,25.51965484619138,49.29346572875974,118.72298431396484,2.5000860691070557,2.696824550628662,3.9796831607818604,5.891674518585205,11.26838493347168,25.244315147399902,42.40517044067383,49.998992919921875,0.0028571428265422583,0.05714285746216774,0.15771429240703583,0.2522857189178467,0.425428569316864,0.6911428570747375,0.889502849578856,1.628000020980835,0.0028571428265422583,0.057999998331069946,0.14742857217788696,0.22857142984867096,0.37400001287460327,0.6105714440345764,0.770714282989502,1.628000020980835,0,0,0.001714285695925355,1.2954285144805908,0.0002079010009765625,0,4.401918926670523e-08,3.932216165547765e-05,0.00017365690846227584,0.00029752535215163986,0.000669970987944134,0.0014808009957628264,0.004750480330689692,0.015733734261106674,107892,0.014385588467121124,0.01929785180836916,0.02659419411793351,0.043865568935871124,0.08606432750821114,0.7437440961599342,9.327712087631221,36.990325927734375,106864,0.010845978744328022,0.017165860254317523,0.025176914408802986,0.04281286150217056,0.09739010222256184,0.7982202976942061,7.418551445007312,36.505279541015625,,37.740479044916555,-29.152588876774633,1.1167470511071296,0.3330986306573017
232,131072,129114,1958,0,1958,109318,109223,0,95,18719,1077,0,109168,55,0,0,1.17253577709198,2.280383026599884,3.6315976977348328,5.141290664672852,9.415118932723999,24.3001567840576,48.7902512359619,128.6284637451172,2.500048875808716,2.691707992553711,3.959112286567688,5.747097969055176,11.249804496765137,24.02027664184563,42.519743881225565,49.991207122802734,0.001714285695925355,0.056857142597436905,0.15714286267757416,0.25200000405311584,0.4251428544521332,0.6974285840988159,0.8539999723434448,1.6188571453094482,0.001714285695925355,0.057428572326898575,0.14628571271896362,0.22628571093082428,0.3654285669326782,0.6051428318023682,0.7648571133613586,1.6188571453094482,0,0,0.001714285695925355,1.2988570928573608,0.00020837783813476562,0,6.837257773088018e-08,3.749755397413784e-05,0.00017220707073431339,0.00029643367284586184,0.0006659562742582744,0.001437597009288796,0.004685568395447751,0.015761070941290502,108457,0.014448955655097961,0.019279075786471367,0.026472989469766617,0.04366559162735939,0.0843944400548935,0.6461478114128096,8.742249603271487,35.914310455322266,107447,0.010849869810044765,0.017109871283173563,0.025068610906600952,0.04140426963567734,0.09333138167858124,0.7125954151153553,6.572356348037684,35.80033874511719,,37.95512133230232,-29.412800411907604,1.126594986840082,0.3374586439678954
233,131072,129167,1905,0,1905,110113,110009,0,104,18020,1034,0,109951,58,0,0,1.1728793382644653,2.301029109954834,3.6283445358276367,5.168618202209473,9.070847988128662,23.16834659576414,48.51822669982908,118.07860565185547,2.500035524368286,2.6821999073028566,3.9449281692504883,5.646509647369385,10.573992729187012,22.94422416687011,43.019102478027335,49.99592590332031,0.0028571428265422583,0.055714286863803864,0.15371428430080414,0.24857142567634583,0.425428569316864,0.7057142853736877,0.8552399849891653,1.6308571100234985,0.0028571428265422583,0.0560000017285347,0.1428571492433548,0.22371429204940796,0.3545714318752289,0.5945714116096497,0.7580000162124634,1.6308571100234985,0,0,0.001714285695925355,0.8874285817146301,0.00020837783813476562,0,8.549348098993532e-08,3.715257011973206e-05,0.00017037382452848995,0.0002952062509893478,0.0006614360343233584,0.0014067114860368164,0.004668836570387951,0.015653559049700262,109294,0.014500144869089127,0.019262284692376855,0.02687481977045536,0.04364999383687973,0.08321220614016056,0.5805577784776658,7.953576884269692,35.76622009277344,108306,0.010849887505173683,0.017334335949271917,0.025122870691120625,0.04042546823620796,0.0910201258957386,0.6837884336709976,6.154201030731188,35.75718688964844,,38.16857378356164,-29.674440974222417,1.1246648333478975,0.33767063581177464
234,131072,129141,1931,0,1931,110964,110862,0,102,17178,999,0,110795,67,0,0,1.1615427732467651,2.321098566055298,3.64190411567688,5.117904186248779,8.709917068481445,22.905820846557617,48.22387924194337,117.71460723876953,2.500016927719116,2.747648763656616,3.9383062720298767,5.574379920959473,9.933457374572754,22.590117168426495,43.51873050689697,49.99314880371094,0.0020000000949949026,0.05314285680651665,0.1494285762310028,0.245142862200737,0.4228571355342865,0.7139999866485596,0.8522857427597046,1.6331428289413452,0.0020000000949949026,0.05371428653597832,0.1388571411371231,0.21971428394317627,0.3417142927646637,0.5702857375144958,0.728857159614563,1.6331428289413452,0,0,0.0014285714132711291,1.412857174873352,0.00020837783813476562,0,7.085219609499348e-08,3.967768384831737e-05,0.0001681557620529265,0.0002924632722575532,0.0006547359459854337,0.0013990200083644781,0.0047097005239333705,0.015601577541944842,110152,0.014456122182309628,0.020444905757904055,0.02748754294589162,0.04370727390050888,0.08223970048129559,0.5549603432416906,7.295843191146907,40.75907516479492,109155,0.011004790663719177,0.017881336249411107,0.02514788694679737,0.039676181972026825,0.08953927457332611,0.6675463795661886,6.2236187171934505,35.89122009277344,,38.359562198698235,-29.936749576676444,1.1438237359110133,0.3250375996484036
235,131072,129068,2004,0,2004,112653,112560,0,93,15429,986,0,112509,51,0,0,1.1734273433685303,2.3511205554008483,3.6755840182304382,5.081651210784912,8.355413913726807,22.7410189628601,48.21194446563722,127.69506072998047,2.5000557899475098,2.8644323706626893,3.9380908608436584,5.500063896179199,9.435667276382446,22.482400417327874,43.494576225280774,49.996498107910156,0.0020000000949949026,0.049714285880327225,0.14542856812477112,0.2411428540945053,0.41371428966522217,0.7142857313156128,0.8552371275424963,1.6260000467300415,0.0025714286603033543,0.050285715609788895,0.13657142221927643,0.21799999475479126,0.33799999952316284,0.5699999928474426,0.7300000190734863,1.6139999628067017,0,0,0.0014285714132711291,0.941428542137146,0.00020837783813476562,0,1.128092562398914e-07,4.1333801940548295e-05,0.0001660082043974982,0.0002896654799256568,0.0006471829048543676,0.001412396674407106,0.004670788244984526,0.015475536336256203,111824,0.014383501373231411,0.02171925539150834,0.027997061144560575,0.04315786808729172,0.08127610757946968,0.5017172992229462,6.898566169738772,35.42325210571289,110886,0.01080236304551363,0.018240127246826887,0.02513040602207184,0.038575515151023865,0.08837429247796535,0.6366403847932816,5.584027981758117,36.19233322143555,,38.54112519481139,-30.224597509415233,1.1464196562499662,0.3403355590325332
236,131072,129103,1969,0,1969,115709,115602,0,107,12467,927,0,115554,48,0,0,1.1665394306182861,2.3723758935928343,3.722586154937744,5.0677876472473145,8.023341655731201,22.73349094390867,47.84341690063466,117.02161407470703,2.5001137256622314,2.888145852088928,3.9481995701789856,5.401418685913086,8.827389478683472,22.2412052154541,43.339122505188016,49.99543380737305,0.0022857142612338066,0.0462857149541378,0.1420000046491623,0.2362857162952423,0.4017142951488495,0.701714277267456,0.8451428413391113,1.6291428804397583,0.0022857142612338066,0.04714285582304001,0.13542857766151428,0.21857142448425293,0.34228572249412537,0.5820000171661377,0.7514285445213318,1.6291428804397583,0,0,0.0020000000949949026,1.2308571338653564,0.0002079010009765625,0,8.46132719535898e-08,4.088329283059999e-05,0.00016288041352855836,0.0002871342216937457,0.00063615326398542,0.0014166774738994588,0.004664782177500068,0.01550252501644423,114890,0.014429640956223011,0.021668780129402876,0.02812234777957201,0.042345236986875534,0.08069444820284843,0.43739386051893203,6.276840052604676,35.78526306152344,113953,0.010920152999460697,0.01821831688284874,0.02497982047498226,0.03733120486140251,0.08630470186471939,0.5749095916748044,4.98537891387936,35.73727035522461,,38.75063987127568,-30.47858370206996,1.1273706228774736,0.3298003204752939
237,131072,129060,2012,0,2012,119012,118894,0,118,9236,812,0,118837,57,0,0,1.1615427732467651,2.4215073585510254,3.779248058795929,5.077823638916016,7.780814528465271,22.816059684753405,47.51434272766114,147.9112548828125,2.5001275539398193,2.89549697637558,3.964573562145233,5.320843696594238,8.248493194580078,22.00599040985106,43.39379920959467,49.99550247192383,0.0025714286603033543,0.043714284896850586,0.13942857086658478,0.23257142305374146,0.3854285776615143,0.6828571557998657,0.8291428685188293,1.6305714845657349,0.0025714286603033543,0.04457142949104309,0.13457143306732178,0.21971428394317627,0.3440000116825104,0.5817142724990845,0.7460199940204598,1.6305714845657349,0,0,0.0014285714132711291,0.6125714182853699,0.00020837783813476562,0,1.0863685726969163e-08,3.9411230162588206e-05,0.00015969737616821917,0.000282571426164908,0.0006252523279721033,0.0014100156072519904,0.00458158155347136,0.015450021291163112,118183,0.014316747896373272,0.021367023326456548,0.028118071146309376,0.04156067594885826,0.08130254223942757,0.4069949984550473,5.8173609161375595,36.732276916503906,117204,0.010916693136096,0.018203873839229345,0.024820344522595406,0.036286599934101105,0.08497179485857487,0.5350528389215468,4.8693878364562995,36.627235412597656,,38.973170792429606,-30.757995310085747,1.1368660607358576,0.35732481148627737
238,131072,129022,2050,0,2050,122156,122015,0,141,6137,729,0,121958,57,0,0,1.184183120727539,2.5130343198776246,3.817150354385376,5.069395065307617,7.57524311542511,22.9362480163574,47.044999732971185,148.8972625732422,2.500016927719116,2.8982456207275393,3.914801836013794,5.220617294311523,7.772404193878174,21.6440065383911,43.61324615478516,49.994808197021484,0.0025714286603033543,0.041428569704294205,0.13828571140766144,0.22828571498394012,0.36657142639160156,0.6488571166992188,0.8080000281333923,1.6265714168548584,0.0025714286603033543,0.04285714402794838,0.13571429252624512,0.22057142853736877,0.34228572249412537,0.5811428427696228,0.730571448802948,1.6257143020629883,0,0,0.0011428571306169033,1.3339999914169312,0.00020837783813476562,0,5.7731770851815325e-08,3.767401050479951e-05,0.00015767959779045159,0.0002761696164919362,0.0006173950010954729,0.0013944163504287762,0.004569582248046358,0.015395234603802254,121252,0.014350967481732368,0.021491335332393648,0.02811340894550085,0.04089920222759247,0.0813425425440073,0.4079602912068363,5.257192769050611,43.09410858154297,120266,0.010886359959840775,0.018213531468063593,0.024580443743616343,0.03540382161736488,0.08400280214846134,0.5095079094171524,4.350962448120121,36.96025848388672,,39.21347837880756,-31.02171037300346,1.1597601932942676,0.35751575040282246
239,131072,128973,2099,0,2099,125178,124916,0,262,3094,701,0,124865,51,0,0,1.1594363451004028,2.6655084133148192,3.804264545440674,5.058966636657715,7.4630937576293945,23.07625236511229,46.935096893310536,149.3512725830078,2.500049114227295,2.871820569038391,3.8461174964904785,5.113293647766113,7.500553727149963,21.39039134979248,43.29137172698983,49.98880386352539,0.0022857142612338066,0.03942857310175896,0.13685713708400726,0.22542856633663177,0.35114285349845886,0.6154285669326782,0.7620000243186951,1.6265714168548584,0.0022857142612338066,0.04171428456902504,0.13657142221927643,0.22228571772575378,0.3400714322924614,0.5757142901420593,0.7217142581939697,1.6265714168548584,0,0,0.0014285714132711291,1.3688571453094482,0.00020694732666015625,0,4.538438750531268e-09,3.7737199994118835e-05,0.00015719203503301862,0.0002704297637033462,0.0006142352980603479,0.001393739868443806,0.004558512068341935,0.015353865361854844,124095,0.01437407173216343,0.02150910720229149,0.028175318613648415,0.04063497111201286,0.0824510008096695,0.3759938925504664,4.955406780242918,42.102108001708984,123131,0.010854782536625862,0.018086030147969723,0.024195950478315353,0.034579984843730927,0.08246404677629471,0.482230082154274,4.096971559524535,38.45319747924805,,39.427610682974155,-31.28555555491163,1.1830384151813718,0.34060064491729414
240,131072,129003,2069,0,2069,127749,127496,0,253,643,611,0,127445,51,0,0,1.170536994934082,2.8550401449203493,3.7929272651672363,5.04079532623291,7.356455564498901,23.284670066833456,46.881658172607416,148.87124633789062,2.500048875808716,2.89848130941391,3.798258066177368,5.035627841949463,7.282829999923706,21.738243103027344,44.18222198486328,49.968101501464844,0.001714285695925355,0.03771428391337395,0.13542857766151428,0.22171428799629211,0.3408571481704712,0.5825714468955994,0.7279999852180481,1.6188571453094482,0.0022857142612338066,0.04028571397066116,0.13685713708400726,0.22200000286102295,0.339428573846817,0.5754285454750061,0.7177143096923828,1.6188571453094482,0,0,0.001714285695925355,0.8119999766349792,0.0002079010009765625,0,2.908156561766105e-08,3.723997665341929e-05,0.00015612196675884329,0.000266819534256162,0.0006096591149996767,0.0013985525083537785,0.004587635656727898,0.015315261707140197,126770,0.014960424043238163,0.021616569068282843,0.028304236009716988,0.04036949574947357,0.08179107308387756,0.3449125707149489,4.660710806846605,38.33121871948242,125718,0.011441726237535477,0.01814737552776933,0.023901474196463823,0.03403855115175247,0.0796697549521923,0.4637914970517156,3.6909940171241953,38.152095794677734,,39.64170405344787,-31.577970339913687,1.189203891611936,0.36246433047709437
241,131072,128959,2113,0,2113,128294,128031,0,263,91,574,0,127999,32,0,0,1.1284568309783936,3.0330495595932008,3.780243754386902,5.029930591583252,7.265860319137573,23.309953498840304,46.501578903198244,115.27288818359375,2.591067314147949,3.035094141960144,3.777862548828125,5.009402751922607,7.180534839630127,22.067801475524902,43.96868667602538,49.930870056152344,0.0020000000949949026,0.037142857909202576,0.1348571479320526,0.21971428394317627,0.335999995470047,0.5597142577171326,0.6988571286201477,1.621142864227295,0.0022857142612338066,0.03942857310175896,0.1362857073545456,0.2208571434020996,0.3368571400642395,0.5600000023841858,0.698285698890686,1.621142864227295,0,0,0.001714285695925355,0.868571400642395,0.00020647048950195312,0,7.729570227496236e-08,3.714204910376621e-05,0.00015520365592999085,0.0002645232175746284,0.0006071070991373243,0.0014104955692661697,0.0045294450499251265,0.015249382943408657,127330,0.015893658623099327,0.0217199195176363,0.02867374150082469,0.04030235484242439,0.08163498900830746,0.3336924031376835,4.344804992675756,42.206119537353516,126290,0.012127489782869816,0.01854148069396615,0.023772794753313065,0.03369957208633423,0.07736961916089058,0.4684914618730532,3.6748067450523414,37.27424240112305,,39.88100689016852,-31.851200712135405,1.1870656881916095,0.36321516471760557
242,131072,128898,2174,0,2174,128225,127921,0,304,91,582,0,127880,41,0,0,1.0677270889282227,3.044218349456787,3.771409571170807,5.027591228485107,7.205125093460083,23.81678094863886,46.247381286621085,150.1192626953125,2.7511277198791504,3.04585599899292,3.7684621810913086,5.0081892013549805,7.127341270446777,22.35094451904297,43.80285949707036,49.96333312988281,0.0020000000949949026,0.03799999877810478,0.13457143306732178,0.2191428542137146,0.3334285616874695,0.551714301109314,0.7137143015861511,1.618571400642395,0.0020000000949949026,0.04085714370012283,0.1362857073545456,0.22028571367263794,0.334285706281662,0.5519999861717224,0.7137143015861511,1.618571400642395,0,0,0.001714285695925355,1.0122857093811035,0.00020742416381835938,0,2.3338448821830108e-08,3.74245750098736e-05,0.00015456884311629233,0.0002641055374655085,0.0006044837027228712,0.0014254794227435829,0.0045470099510044465,0.022373682847503032,127272,0.016705205664038658,0.02170819165185094,0.0287361154332757,0.040202729403972626,0.08154214918613434,0.33541983813047394,4.265435624122598,42.586124420166016,126196,0.012743543833494186,0.018698150757700205,0.023761616088449955,0.03359612822532654,0.07538235560059547,0.47428882867097855,3.5769237279892065,37.739261627197266,,40.10853512361103,-32.12139080667913,1.1542235931566112,0.3547539815270611
243,131072,128777,2295,0,2295,128144,127782,0,362,92,541,0,127750,32,0,0,1.169429898262024,3.0510048866271973,3.7661619186401367,5.028887748718262,7.164794445037842,23.792797470092772,45.76734527587891,150.09097290039062,2.5862112045288086,3.053348922729492,3.76293808221817,5.008884429931641,7.075563669204712,22.607382297515866,43.471691627502445,49.994163513183594,0.0020000000949949026,0.03942857310175896,0.13685713708400726,0.2191428542137146,0.3354285657405853,0.5688571333885193,0.7411428689956665,1.6248571872711182,0.0020000000949949026,0.042571429163217545,0.1379999965429306,0.2199999988079071,0.335999995470047,0.5691428780555725,0.7406257194280631,1.6248571872711182,0,0,0.001714285695925355,1.0505714416503906,0.00020837783813476562,0,5.4224185662652025e-08,3.665086655101955e-05,0.00015260922706524622,0.000264242610534025,0.0006022762208868415,0.00143549636652348,0.004500553878689579,0.022421136268461445,127055,0.015743006020784378,0.021543697454035282,0.028564383275806904,0.0401434525847435,0.08084326237440109,0.32822015285491674,4.001056251525873,41.508140563964844,126032,0.012022529728710651,0.018588564544916152,0.023679325357079506,0.033443138003349304,0.07344991900026798,0.48487105965614224,3.721080634593973,36.618263244628906,,40.3290467230298,-32.419388229015,1.165870202179722,0.37089550104953195
244,131072,128785,2287,0,2287,127745,127356,0,389,487,553,0,127325,31,0,0,1.1500022411346436,2.8492022514343263,3.771244764328003,5.032007694244385,7.155187129974365,24.13805274963378,45.7561962890625,150.54873657226562,2.500077247619629,2.8810755014419556,3.773654520511627,5.020421028137207,7.058607816696167,23.03719997406006,43.28321151733398,49.981266021728516,0.0022857142612338066,0.04228571429848671,0.13828571140766144,0.22114285826683044,0.341142863035202,0.5971428751945496,0.7888571619987488,1.6225714683532715,0.0022857142612338066,0.04514285549521446,0.13914285600185394,0.2215714305639267,0.3402857184410095,0.5911428332328796,0.7761285811662666,1.6225714683532715,0,0,0.001714285695925355,1.3597142696380615,0.00020837783813476562,0,7.749252776922267e-08,3.517568537864325e-05,0.00015234957018387651,0.0002655927164454147,0.0006023786118597554,0.0014762814743730008,0.004490946814490953,0.020650986707732855,126632,0.014930467121303082,0.02135813320055604,0.028056513983756304,0.04003557562828064,0.08059440366923809,0.3425987794995296,4.617270436286939,38.702144622802734,125576,0.011295117437839508,0.018104689195752144,0.023692806251347065,0.033460766077041626,0.07232264243066311,0.49132169783115387,3.7712796926498413,37.33517074584961,,40.56490059926464,-32.71522963403342,1.192432323690782,0.37928186637043715
245,131072,128673,2399,0,2399,125250,124886,0,364,2907,516,0,124866,20,0,0,1.1508934497833252,2.658196449279785,3.787353992462158,5.033402442932129,7.138422966003418,24.370820236206033,45.25679443359375,150.95352172851562,2.500082015991211,2.840384364128113,3.829048812389374,5.083901405334473,7.156506538391113,23.42264413833618,43.069933128356894,49.95968246459961,0.0025714286603033543,0.04657142981886864,0.14085714519023895,0.2257142812013626,0.3540000021457672,0.6359999775886536,0.8305714130401611,1.618571400642395,0.0025714286603033543,0.04885714128613472,0.14057143032550812,0.22257143259048462,0.3434285819530487,0.5994285941123962,0.7602857351303101,1.618571400642395,0,0,0.0014285714132711291,1.1508570909500122,0.0002079010009765625,0,1.0932652392683424e-07,3.3660928376371905e-05,0.0001522627583357022,0.0002678925959531398,0.0006028560459837249,0.0014946347896315328,0.004452214964763491,0.020679389008283693,124128,0.014385624788701534,0.020860618259757758,0.027703582774847746,0.040296852588653564,0.07965123280882835,0.3608561396598815,4.5436908674240035,36.42524337768555,123078,0.010872142389416695,0.017940163146704435,0.02397898817434907,0.033852092921733856,0.07352137006819248,0.486605493724346,3.740992684364277,36.44710922241211,,40.81808176921936,-32.98842905844687,1.1983740281364417,0.3725237363862884
246,131072,128666,2406,0,2406,122215,121896,0,319,5904,547,0,121872,24,0,0,1.141555905342102,2.5156409740448,3.7852737307548523,5.039187431335449,7.1684101819992065,25.069119453430176,45.057136344909686,151.29151916503906,2.5000064373016357,2.848017990589142,3.8935117721557617,5.173633098602295,7.34063458442688,24.098960399627686,42.90909404754639,49.9849967956543,0.0025714286603033543,0.049714285880327225,0.1445714235305786,0.23171427845954895,0.37142857909202576,0.6759999990463257,0.8755428731441565,1.6197142601013184,0.0025714286603033543,0.0511428564786911,0.14228571951389313,0.22371429204940796,0.34685713052749634,0.6108571290969849,0.7577142715454102,1.6197142601013184,0,0,0.001714285695925355,1.0194286108016968,0.00020837783813476562,0,5.2427739317284175e-09,3.294540690000955e-05,0.0001533209446849351,0.0002717979075125452,0.0006078865579185683,0.0015491108186891011,0.004459167019442366,0.01508821102249931,121145,0.014371166005730629,0.02035007104277611,0.027450338006019592,0.04061122238636017,0.07756674289703369,0.36196077466010956,5.077581825256323,36.705230712890625,120100,0.010815427638590336,0.017882113065570592,0.024243176449090242,0.0342063382267952,0.07546302489936352,0.5165305048227306,4.113248810768127,36.697269439697266,,41.05334365821873,-33.26952009740208,1.2079304527752055,0.3666764975401982
247,131072,128587,2485,0,2485,119217,118891,0,326,8842,528,0,118866,25,0,0,1.173754334449768,2.4505982398986816,3.715265989303589,4.994258403778076,7.287233114242554,25.232447242736814,44.860101242065426,152.05752563476562,2.5000267028808594,2.826555371284485,3.883761167526245,5.20522928237915,7.706254005432129,25.130589485168457,43.18572425842285,49.97711944580078,0.0020000000949949026,0.05171428620815277,0.1477142870426178,0.23800000548362732,0.38600000739097595,0.7074285745620728,0.9100000262260437,1.6157143115997314,0.0020000000949949026,0.05228571593761444,0.14314286410808563,0.22628571093082428,0.347428560256958,0.6192857027053833,0.780885714292528,1.6157143115997314,0,0,0.001714285695925355,0.9582856893539429,0.00020837783813476562,0,9.775688515269668e-08,3.333289159391671e-05,0.00015615712107546517,0.00027801030922615784,0.0006178957561639614,0.001575647403969417,0.004485630762880113,0.015032072935002345,118136,0.01433974876999855,0.019933910574764013,0.02722787531092763,0.04146425426006317,0.0789401363581419,0.36276809126138687,5.095032858848507,38.70220947265625,117071,0.010978983715176582,0.017739029601216316,0.024270466528832912,0.03458322584629059,0.07868122309446335,0.5423127114772797,4.26678404808047,36.718177795410156,,41.291872025788514,-33.543136997414976,1.2250730463264323,0.36339490725908163
248,131072,128511,2561,0,2561,117207,116857,0,350,10812,492,0,116828,29,0,0,1.1665396690368652,2.433115839958191,3.6530518531799316,4.953908920288086,7.428100109100342,25.43156909942627,44.47686576843262,152.44752502441406,2.500035524368286,2.7287550926208497,3.8325765132904053,5.210961818695068,7.99962854385376,25.74974136352537,43.03253082275392,49.96599578857422,0.0025714286603033543,0.05342857167124748,0.1508571356534958,0.24400000274181366,0.4034285843372345,0.7319999933242798,0.932257151603697,1.610285758972168,0.0025714286603033543,0.05342857167124748,0.1445714235305786,0.22857142984867096,0.3497142791748047,0.6286285877227775,0.7921257233619696,1.610285758972168,0,0,0.001714285695925355,1.0331428050994873,0.00020837783813476562,0,2.0704070490247126e-08,3.484652360218389e-05,0.0001597191787783244,0.0002820493708985654,0.0006317057982922242,0.0015867651022038074,0.004442808382202237,0.01486415337174637,116069,0.014282390475273132,0.018762312829494476,0.026574453338980675,0.04211386293172836,0.079755038022995,0.37376360893249505,5.660454177856401,40.207191467285156,114978,0.0108546894043684,0.017265812680125236,0.023974325973540545,0.034527577459812164,0.08166480995714664,0.5533953338861439,4.564854769706712,38.50410079956055,,41.51715302101882,-33.82854137765301,1.2402546985996126,0.36391986705421553
249,131072,128734,2338,0,2338,117129,116782,0,347,11074,531,0,116751,31,0,0,1.1595441102981567,2.43971244096756,3.597626745700836,4.946614742279053,7.591013073921204,26.115831851959197,44.403903312683106,112.33750915527344,2.500016689300537,2.6144505858421327,3.760483205318451,5.190771102905273,8.223500490188599,26.24421997070312,42.885606994628915,49.98520278930664,0.001714285695925355,0.05400000140070915,0.1534285694360733,0.248285710811615,0.4145714342594147,0.7454285621643066,0.9397143125534058,1.6294286251068115,0.001714285695925355,0.05428571254014969,0.1468571424484253,0.23199999332427979,0.3562857210636139,0.6480000019073486,0.8185714483261108,1.6294286251068115,0,0,0.0014285714132711291,1.0868571996688843,0.00020837783813476562,0,9.29892090815075e-08,3.602966740633088e-05,0.0001639014607333087,0.00028506037769603337,0.0006467649892006719,0.001617813545842061,0.00445277958960675,0.014933666322182846,115988,0.014282392337918282,0.017135474551469087,0.025519447401165962,0.04191265627741814,0.08092954382300377,0.38734981119632605,5.862491245269776,41.288116455078125,114839,0.010815584100782871,0.016538577899336816,0.023467594757676125,0.034132760018110275,0.08363175764679909,0.5642834186553953,4.776701517105072,40.86519241333008,,41.756957994507566,-34.08906334898103,1.2393092356759,0.35408899552896916
250,131072,128890,2182,0,2182,117409,116869,0,540,10957,524,0,116837,32,0,0,1.1615428924560547,2.4407358527183534,3.552173137664795,4.871674060821533,7.77821671962738,26.55371685028073,44.307446517944335,152.76254272460938,2.500006675720215,2.6209521293640137,3.7027523517608643,5.1750030517578125,8.39306926727295,26.732532119750918,42.81841217041014,49.99287414550781,0.0020000000949949026,0.054571427404880524,0.1542857140302658,0.25057142972946167,0.42342856526374817,0.7462857365608215,0.9514285922050476,1.6225714683532715,0.0020000000949949026,0.054571427404880524,0.14714285731315613,0.23399999737739563,0.3619999885559082,0.657714307308197,0.8694285750389099,1.6225714683532715,0,0,0.001714285695925355,1.0611428022384644,0.00020837783813476562,0,9.443908322721117e-08,3.736406217592585e-05,0.00016867126183727404,0.0002874152052600861,0.0006599335018618838,0.0016345041589055584,0.004478958277708378,0.014884059955421962,116046,0.014311767183244228,0.016920312773436308,0.024506967049092054,0.040610700845718384,0.08121819607913494,0.4039667919278145,6.11523652076723,42.23910903930664,114905,0.010841600596904755,0.01625216156244278,0.022984564304351807,0.03356908634305,0.08502808958292007,0.5798574686050408,4.940317745208697,39.59507751464844,,41.97609220485897,-34.36137240487412,1.2413550172271253,0.34953713578084256
251,131072,128854,2218,0,2218,117665,117105,0,560,10652,537,0,117056,49,0,0,1.1748780012130737,2.439086389541626,3.5142902135849,4.69537353515625,7.930647611618042,27.123442363739006,44.122679557800296,153.07952880859375,2.500016927719116,2.61407675743103,3.660499095916748,5.05812406539917,8.456000328063965,27.237546157836874,42.7509800720214,49.96675109863281,0.0022857142612338066,0.05400000140070915,0.1542857140302658,0.25200000405311584,0.4320000112056732,0.7445714473724365,0.9319999814033508,1.6271429061889648,0.0022857142612338066,0.05428571254014969,0.14800000190734863,0.23600000143051147,0.3691428601741791,0.6637142896652222,0.8522857427597046,1.6271429061889648,0,0,0.001714285695925355,1.059142827987671,0.00020837783813476562,0,8.30157863950671e-08,3.781201790862929e-05,0.00017244692191232424,0.00029021715827502303,0.000670820979294525,0.0016580697874408147,0.0044646772315380945,0.01482772711967761,116327,0.014299599453806877,0.016869262792170048,0.02379265148192644,0.03938449174165726,0.08127055689692497,0.3957006573677059,6.302784519195599,40.53016662597656,115198,0.010815467685461044,0.01607815632596612,0.022546309046447277,0.03308149799704552,0.08680061437189579,0.5769730776548377,4.745106716156005,40.53022384643555,,42.193103277488184,-34.645821457019004,1.2335216703047238,0.35786370343164464
252,131072,128801,2271,0,2271,117066,116384,0,682,11180,555,0,116287,97,0,0,1.1824218034744263,2.4361326694488525,3.487468957901001,4.5645928382873535,8.041399002075195,27.72688865661621,44.0301513671875,153.9057159423828,2.500035524368286,2.6183455348014832,3.6422362327575684,4.950206756591797,8.611916780471802,27.84444942474365,42.81238674163817,49.997169494628906,0.0022857142612338066,0.05314285680651665,0.1542857140302658,0.25285714864730835,0.43514284491539,0.7442857027053833,0.9100000262260437,1.6174285411834717,0.003142857225611806,0.05314285680651665,0.14714285731315613,0.23571428656578064,0.3685714304447174,0.6574285626411438,0.8302857279777527,1.6174285411834717,0,0,0.001714285695925355,1.055142879486084,0.00020647048950195312,0,1.0103421043092498e-07,4.0559840084284014e-05,0.00017634762424474423,0.0002926137906757398,0.0006818691569688347,0.001682046903480688,0.004509213123264286,0.02114079348041957,115602,0.014276674017310143,0.016985290311276914,0.02363271825015545,0.03862357884645462,0.08314502984285355,0.40485910028219213,6.514064054489143,44.32110595703125,114484,0.011026211082935333,0.016058247536420822,0.02231772942468524,0.032483797520399094,0.08979744091629982,0.5865203082561474,4.872438230514525,41.822166442871094,,42.41824802380096,-34.89021282963944,1.244648439747655,0.33247722448580097
253,131072,128784,2288,0,2288,116159,115401,0,758,12086,539,0,115240,161,0,0,1.1595441102981567,2.4224743843078613,3.3235658407211304,4.4582037925720215,8.163942575454712,28.158628463745117,43.92168243408203,153.54574584960938,2.5000064373016357,2.627394199371338,3.6282527446746826,4.866027355194092,8.734742164611816,28.335350036621094,42.795753479003906,49.98949432373047,0.0025714286603033543,0.052000001072883606,0.15314285457134247,0.25200000405311584,0.43628570437431335,0.7445714473724365,0.8922857046127319,1.6205713748931885,0.0025714286603033543,0.05171428620815277,0.14571428298950195,0.23314285278320312,0.3651428520679474,0.6539999842643738,0.8222857117652893,1.6205713748931885,0,0,0.001714285695925355,1.034000039100647,0.0002079010009765625,0,4.726590188255788e-08,4.09829456263261e-05,0.00017943471649379487,0.0002942809720776266,0.0006910169271672848,0.0017028571672034526,0.004539794630613151,0.02108579572835798,114548,0.014327979646623135,0.017228770721703767,0.02371311094611883,0.03811530023813248,0.08585247583687305,0.39536423087120043,6.221150498390191,42.27815246582031,113443,0.01087645348161459,0.016146355681121348,0.022220472805202007,0.03212403878569603,0.09511212632060051,0.5892486155033106,4.649810409545927,42.28912353515625,,42.66193084327899,-35.1505659036425,1.2321096972441161,0.3568224484462466
254,131072,128754,2318,0,2318,115967,115064,0,903,12227,560,0,114836,228,0,0,1.1687575578689575,2.417954456806183,3.3202507495880127,4.371691703796387,8.33542275428772,28.55663518905636,43.77623249053955,154.3167266845703,2.5000061988830566,2.628153395652771,3.6110545992851257,4.793694496154785,8.774038076400757,28.771333885192824,42.64514545440674,49.96067428588867,0.0022857142612338066,0.050857141613960266,0.1517142802476883,0.2508571445941925,0.4334285855293274,0.7422857284545898,0.8977142572402954,1.6200000047683716,0.0022857142612338066,0.05057142674922943,0.14428570866584778,0.23185713589191437,0.3634285628795624,0.6511428356170654,0.8248571157455444,1.6200000047683716,0,0,0.001714285695925355,1.1657142639160156,0.00020742416381835938,0,5.2956493624970266e-08,4.091341382566527e-05,0.0001820489944077762,0.00029536648813261444,0.0006983726911263889,0.001748214569337253,0.004588386416761006,0.021198226316010822,114180,0.014331186190247536,0.017199372686445714,0.023696121759712696,0.037396155297756195,0.08982848562300205,0.40693098157644253,6.826834921836747,45.28608703613281,113088,0.010811135172843933,0.01613676333799958,0.022067660465836525,0.03165978938341141,0.09890688583254814,0.5990840613842008,4.912145166397158,42.406131744384766,,42.893400420904086,-35.413133632359624,1.2241351931617517,0.35011936570971025
255,131072,128668,2404,0,2404,115521,114305,0,1216,12577,570,0,114025,280,0,0,1.1422100067138672,2.4106549501419066,3.316658914089203,4.316856384277344,8.3948392868042,29.1290431022644,43.79203125,154.86273193359375,2.500006675720215,2.6344481468200684,3.612025737762451,4.768121719360352,9.004705429077148,29.337192535400373,42.57652389526367,49.977455139160156,0.0022857142612338066,0.049142856150865555,0.1502857208251953,0.25,0.4339999854564667,0.7419999837875366,0.8954285979270935,1.6274285316467285,0.0022857142612338066,0.04857143014669418,0.1428571492433548,0.2305714339017868,0.36142855882644653,0.643942856788632,0.8108571171760559,1.6274285316467285,0,0,0.0014285714132711291,0.9959999918937683,0.00020837783813476562,0,6.240331722603992e-08,4.0917956724526514e-05,0.00018307225166026795,0.0002966024103724862,0.0007041044287714679,0.0017927191703308366,0.00465854030117587,0.021278001271742453,113388,0.014316748827695847,0.0173032833263278,0.023765817284584045,0.03706279397010803,0.09483514726161957,0.42982902675867,6.993796176910415,45.37008285522461,112280,0.010880878195166588,0.01617110976949334,0.022028318606317043,0.03182704746723175,0.10417841747403145,0.6375349551439274,5.469374446868861,42.8551139831543,,43.11212875017013,-35.66235816686353,1.2290773890264406,0.3316313856108406
256,131072,128586,2486,0,2486,115248,113704,0,1544,12753,585,0,113371,333,0,0,1.147895336151123,2.4150978326797485,3.3167688846588135,4.314267158508301,8.666229248046875,29.802684783935547,44.084381675720216,154.8545379638672,2.5000064373016357,2.6339003443717957,3.6113030910491943,4.843353271484375,9.320764303207397,30.167666149139404,42.8281326675415,49.99567794799805,0.003142857225611806,0.047428570687770844,0.14800000190734863,0.24971428513526917,0.4317142963409424,0.7428571581840515,0.8982856869697571,1.6142857074737549,0.003142857225611806,0.04685714468359947,0.14057143032550812,0.2297142893075943,0.36057141423225403,0.6408571600914001,0.803428590297699,1.6142857074737549,0,0,0.001714285695925355,0.8980000019073486,0.00020837783813476562,0,1.2119502251320532e-07,3.859896516443061e-05,0.000183303880761987,0.0002984217962315993,0.000708943492140069,0.0018530672520756597,0.004777792332767693,0.014588630890985006,112708,0.014282383024692535,0.017267741821706296,0.023831238970160484,0.03723680227994919,0.10056162625551224,0.4601093932986255,7.236640243530267,46.04008102416992,111662,0.010894965380430222,0.01618688851594925,0.022055509965866804,0.03250115364789963,0.11092033982276917,0.7136817306280122,6.2274935102462745,43.208133697509766,,43.338533178342416,-35.91505261238241,1.2322543334018772,0.3392986013346965
257,131072,128525,2547,0,2547,115347,113318,0,2029,12537,641,0,112953,365,0,0,1.1745344400405884,2.4163653373718263,3.3033409118652344,4.3750481605529785,9.022062301635742,30.421195220947254,44.627259216308595,155.1182861328125,2.5000064373016357,2.6196274399757384,3.607818305492401,4.994969367980957,9.509921312332153,30.582367515563966,42.744707832336424,49.994266510009766,0.0025714286603033543,0.04600000008940697,0.14628571271896362,0.24885714054107666,0.4328571557998657,0.7425714135169983,0.8868571519851685,1.6268571615219116,0.0025714286603033543,0.0454285703599453,0.13942857086658478,0.2297142893075943,0.3645714223384857,0.6537142992019653,0.8259999752044678,1.6268571615219116,0,0,0.0014285714132711291,1.0260000228881836,0.00020837783813476562,0,5.062868621012484e-08,3.569856277262656e-05,0.00018241222158109566,0.00030034638600288195,0.0007164019391625382,0.0019295939217034638,0.00485820590163523,0.014604934161574972,112286,0.014319703914225101,0.017194109968841076,0.023722533136606216,0.03831407427787781,0.10488785617053509,0.5198189318180084,8.205412530899045,43.33012390136719,111194,0.010815408080816269,0.01612267391756177,0.022089137695729733,0.03364179655909538,0.11720492877066135,0.7376797258853903,6.350919408798182,43.324092864990234,,43.56207032629111,-36.177606947837454,1.251003703766347,0.3453334250667622
258,131072,128450,2622,0,2622,114902,112433,0,2469,12889,659,0,112053,380,0,0,1.1625421047210693,2.4096992015838623,3.292654573917389,4.568167686462402,9.310390710830688,30.48584680557251,44.70707172393795,155.52328491210938,2.500016927719116,2.6324870109558107,3.6315982341766357,5.200082302093506,9.834793090820312,30.583728790283203,42.5018237304687,49.997806549072266,0.001714285695925355,0.04457142949104309,0.14428570866584778,0.24885714054107666,0.43628570437431335,0.7408571243286133,0.8799999952316284,1.6299999952316284,0.001714285695925355,0.044285714626312256,0.1371428519487381,0.22914285957813263,0.36485713720321655,0.6537142992019653,0.8150514316558818,1.6299999952316284,0,0,0.001714285695925355,1.1277142763137817,0.00020837783813476562,0,5.4811504740626156e-08,3.5195932785676964e-05,0.00018058465913290986,0.00030134418301426254,0.0007220306580533284,0.0020153985194655438,0.004855221312649176,0.014646131107667508,111342,0.01431676559150219,0.017283379938453435,0.02372830593958497,0.04019010812044144,0.1102057546377182,0.6079600900411606,9.193117465972877,42.678131103515625,110278,0.010868880897760391,0.0161776689812541,0.022257909178733826,0.0362672433257103,0.12424339354038239,0.7954733580350848,6.7108927917480345,42.85310745239258,,43.776478892095376,-36.41254300007274,1.259686807328374,0.3181845031072535
259,131072,128407,2665,0,2665,114245,111298,0,2947,13512,650,0,110877,421,0,0,1.1715363264083862,2.3991556406021117,3.352792739868164,4.9119720458984375,9.601967334747314,30.60557823181152,44.93356422424317,156.2465362548828,2.5001044273376465,2.6375164270401,3.674832582473755,5.507862567901611,10.33872652053833,30.769454383850096,42.35219970703125,49.960453033447266,0.0022857142612338066,0.043142858892679214,0.14085714519023895,0.24771428108215332,0.4399999976158142,0.7365714311599731,0.87628573179245,1.6125714778900146,0.0025714286603033543,0.043142858892679214,0.13428571820259094,0.2280000001192093,0.36399999260902405,0.6485714316368103,0.7934285998344421,1.6125714778900146,0,0,0.001714285695925355,1.187999963760376,0.0002079010009765625,0,4.529135914300593e-08,3.4329731702475095e-05,0.00017835946041684344,0.0003025175240150529,0.0007289354660159838,0.0021274759357979354,0.004834136031638476,0.014698966747730418,110190,0.014316782355308533,0.017459546495229007,0.023862626869231462,0.04277750104665756,0.11755196750164032,0.7763131946325281,10.456759843826303,43.72011184692383,109161,0.010888910852372646,0.01621640846133232,0.022573187947273254,0.04036107659339905,0.13222651183605194,0.8865306377410889,7.052947711944505,43.77910232543945,,44.00727853336044,-36.662748925236215,1.2586439775369294,0.3404005976624725
260,131072,128301,2771,0,2771,113267,109554,0,3713,14390,644,0,109097,457,0,0,1.139557123184204,2.3821375370025635,3.540189027786255,5.191339492797852,10.002493858337402,30.762645721435547,45.126991271972656,156.56854248046875,2.5000064373016357,2.6441545844078065,3.7293559908866882,5.859529495239258,10.924045085906982,31.03074312210083,42.35619964599609,49.997318267822266,0.0022857142612338066,0.041999999433755875,0.13771428167819977,0.24657142162322998,0.4474285840988159,0.7360000014305115,0.87371426820755,1.6165714263916016,0.0022857142612338066,0.041999999433755875,0.13085713982582092,0.22514285147190094,0.3594285845756531,0.6405714154243469,0.7855628556013111,1.6165714263916016,0,0,0.0014285714132711291,1.2154285907745361,0.00020837783813476562,0,1.4216328638455434e-07,3.3289914558595745e-05,0.00017412794146194177,0.0003026590541607216,0.0007333159332754258,0.002244533830133779,0.004833327422278958,0.014391281075234531,108363,0.01435764878988266,0.017642204649746418,0.024373854510486126,0.04524372145533562,0.1254589706659317,0.9006745040416708,10.974432697296155,42.88810729980469,107365,0.010868911631405354,0.01631069853901863,0.023076562210917473,0.04365239664912224,0.140110045671463,0.9629031538963311,7.742726097106934,43.7620964050293,,44.23331390955259,-36.89740581880048,1.2458268666830044,0.3260676729119265
261,131072,128279,2793,0,2793,112457,108023,0,4434,15237,585,0,107535,488,0,0,1.142898678779602,2.3632698535919188,3.5847764015197754,5.492753505706787,10.30774450302124,30.90242729187011,44.84290557861328,156.51028442382812,2.500006675720215,2.6490928411483763,3.7924777269363403,6.234812259674072,11.276803016662598,31.18533649444579,42.2434969329834,49.991703033447266,0.0028571428265422583,0.04171428456902504,0.1348571479320526,0.24457143247127533,0.4471428692340851,0.7434285879135132,0.8765714168548584,1.6197142601013184,0.0028571428265422583,0.04171428456902504,0.1274285763502121,0.22171428799629211,0.35685715079307556,0.6391428709030151,0.7955885446071618,1.6197142601013184,0,0,0.001714285695925355,1.1277142763137817,0.00020837783813476562,0,7.624748122022735e-08,3.0472640887986915e-05,0.0001666935979053184,0.00030089699928649306,0.0007340870275366837,0.0022926442872696295,0.004785873609915197,0.0148076226114296,106854,0.014331186190247536,0.017859345395118,0.02572727808728814,0.0483715794980526,0.13138237223029137,1.0931371092796278,11.98615583419801,39.68309020996094,105907,0.010867739096283913,0.016553819365799426,0.02377521898597479,0.04768642783164978,0.14789803326129913,1.03036390542984,8.043530578613282,39.7262077331543,,44.45347960871239,-37.13892011544187,1.2469058112560067,0.32680767232441316
262,131072,128370,2702,0,2702,111869,106793,0,5076,15925,576,0,106018,775,0,0,1.1734273433685303,2.3488800525665283,3.63494610786438,5.863471031188965,10.893860101699829,31.203415584564187,44.600170593261716,156.9432830810547,2.5000267028808594,2.7057219982147216,3.901285171508789,6.433559894561768,11.912692070007324,31.60954399108886,42.05748703002931,49.9266242980957,0.0020000000949949026,0.03971428424119949,0.12971428036689758,0.23985713720321655,0.4408571422100067,0.7457143068313599,0.8822857141494751,1.6162856817245483,0.0020000000949949026,0.03999999910593033,0.12228571623563766,0.21628572046756744,0.3482857048511505,0.6274285912513733,0.8128800058364873,1.6162856817245483,0,0,0.0014285714132711291,1.2862857580184937,0.00020837783813476562,0,5.9072365721195445e-08,2.7172631521154784e-05,0.0001604075586196947,0.00030097914696317036,0.000740168809834603,0.002371359334889832,0.004757632786319382,0.014298459515233354,105635,0.014410590752959251,0.019277396984398367,0.02863380406051874,0.05210930481553078,0.13719692826271057,1.4148089885711628,12.917260456085216,38.40623092651367,104799,0.010854782536625862,0.0171770341694355,0.024956561625003815,0.05221444368362427,0.15948166698217392,1.183092939853667,9.424661712646497,39.441184997558594,,44.674170801980424,-37.38926064738855,1.2563878337642518,0.3338635851246125
263,131072,128396,2676,0,2676,112332,106571,0,5761,15531,533,0,105629,942,0,0,1.153202772140503,2.337314248085022,3.7123814821243286,6.101015567779541,11.53440546989441,31.856327533721924,44.38230381011964,156.98829650878906,2.500035285949707,2.8667455911636353,4.128865480422974,6.593740940093994,12.861852645874023,32.33306694030762,41.783352279663085,49.993804931640625,0.001714285695925355,0.03771428391337395,0.12228571623563766,0.23085714876651764,0.41914284229278564,0.7260000109672546,0.8608714163303384,1.6188571453094482,0.001714285695925355,0.03885714337229729,0.11628571152687073,0.20714285969734192,0.3385714292526245,0.6082857251167297,0.7825714349746704,1.6188571453094482,0,0,0.0014285714132711291,1.1180000305175781,0.0002079010009765625,0,1.6051347303249208e-08,2.5704897902281153e-05,0.00015516370161021574,0.00030197720444161006,0.000746476092059755,0.0024257081969635335,0.004714342923674654,0.024368972123486748,105452,0.014282505959272385,0.021563500072807076,0.031178798526525497,0.05585393309593201,0.1428317427635193,1.6354497551917997,13.25783361434938,38.570220947265625,104673,0.010802391916513443,0.017970701679587364,0.026433851569890976,0.05631948262453079,0.16920487582683563,1.2758678674697848,10.327744522094726,39.2951774597168,,44.89723685159878,-37.61809522197577,1.257947403230227,0.3195718342967243
264,131072,128331,2741,0,2741,114225,107814,0,6411,13580,526,0,106469,1345,0,0,1.1749862432479858,2.3196316957473755,3.842267632484436,6.307278633117676,12.48454475402832,31.999749183654785,44.020669937133775,157.7922821044922,2.500049114227295,2.9163527488708496,4.376760125160217,6.751224040985107,13.80566954612732,32.38006591796875,41.43209774017334,49.971805572509766,0.0020000000949949026,0.035428572446107864,0.11571428924798965,0.22114285826683044,0.400857150554657,0.7157142758369446,0.8505714535713196,1.6277142763137817,0.0020000000949949026,0.037142857909202576,0.11142857372760773,0.20257142186164856,0.3351428508758545,0.6088571548461914,0.7717142701148987,1.6277142763137817,0,0,0.001714285695925355,1.4914286136627197,0.00020647048950195312,0,6.072851390198042e-08,2.5165924046529967e-05,0.00015083647095389497,0.0003039101999784263,0.0007492664196802371,0.0024863391288780885,0.004657137967176965,0.024425446557930254,106666,0.014417250640690327,0.021952242124825716,0.033002955839037895,0.058701518923044205,0.14885343983769417,1.8229120969772339,13.412559318542502,39.056251525878906,105888,0.010894960723817348,0.018307763431221247,0.028011644259095192,0.05951867997646332,0.1756283864378929,1.4290662527084261,11.517329034805302,39.0962028503418,,45.11894944692599,-37.84911888782045,1.267995826036232,0.32035820561978906
265,131072,128287,2785,0,2785,116290,109504,0,6786,11447,550,0,107629,1875,0,0,1.1515493392944336,2.3221567630767823,4.085618257522583,6.5894927978515625,13.48873233795166,32.21064567565918,43.6652252960205,157.94529724121094,2.500016927719116,2.9569629073143004,4.676964521408081,6.944917678833008,14.394453287124634,32.4644706726074,41.00834712982178,49.988162994384766,0.001714285695925355,0.03400000184774399,0.10914285480976105,0.21199999749660492,0.3871428668498993,0.6980000138282776,0.836571455001831,1.6088571548461914,0.001714285695925355,0.035999998450279236,0.1062857136130333,0.19628570973873138,0.3328571319580078,0.6028571724891663,0.7625628817081455,1.6088571548461914,0,0,0.0011428571306169033,1.124571442604065,0.0002079010009765625,0,8.162558092558661e-08,2.635457661220441e-05,0.0001485307149753907,0.00030861359739724133,0.0007613481153317047,0.0025796425712403346,0.0046251826309753035,0.015019418735581724,108368,0.014443210326135159,0.022310884110629557,0.03456200286746025,0.06138628348708153,0.15612949058413506,2.0643745303153946,13.815603418350221,39.84420394897461,107606,0.010906967334449291,0.01866061892360449,0.030102836433798075,0.06264635920524597,0.1810850352048874,1.5429803729057312,11.719073581695548,39.35517883300781,,45.35122113086248,-38.07025926118106,1.296924795797832,0.3220094488989839
266,131072,128254,2818,0,2818,118485,111226,0,7259,9250,519,0,108963,2263,0,0,1.1839807033538818,2.3651400566101075,4.418705701828003,6.88265323638916,14.167828798294067,32.307913208007804,43.38684234619141,158.2575225830078,2.500049352645874,2.992143750190735,4.957067847251892,7.105125427246094,14.715734720230103,32.58814239501953,40.794426918029785,49.989288330078125,0.0014285714132711291,0.03285714238882065,0.10257142782211304,0.2028571367263794,0.37314286828041077,0.678857147693634,0.8157142996788025,1.6202857494354248,0.0014285714132711291,0.03457142785191536,0.10114285349845886,0.19057142734527588,0.3294285833835602,0.5954285860061646,0.7457143068313599,1.6202857494354248,0,0,0.001714285695925355,1.1931428909301758,0.00020647048950195312,0,4.5180497544619356e-08,2.8791928066712814e-05,0.00014518076620983203,0.0003094266565933036,0.0007666186076211255,0.0026542652440625088,0.004564289586155084,0.014370602960310225,110039,0.014557045884430408,0.022910009324550628,0.035976966843008995,0.06415320187807083,0.16421618312597275,2.395832753181452,14.795487346649123,38.33721160888672,109280,0.011013584211468697,0.019031030125916004,0.03191723860800266,0.06552645564079285,0.18882249295711517,1.670819526910773,12.163967494964579,39.40817642211914,,45.57878006409648,-38.28884348868148,1.2877643241751051,0.3156676208401858
267,131072,128299,2773,0,2773,120701,112715,0,7986,7066,532,0,110259,2456,0,0,1.1805307865142822,2.4642504692077636,4.727844715118408,7.105691909790039,14.478150367736816,32.258596420288086,43.31540924072266,158.7697296142578,2.500016927719116,2.970599389076233,5.0149314403533936,7.162652969360352,14.830163478851318,32.46018638610838,40.483975372314454,49.99839401245117,0.001714285695925355,0.03200000151991844,0.09799999743700027,0.19599999487400055,0.3562857210636139,0.6551428437232971,0.7997142672538757,1.617142915725708,0.0020000000949949026,0.03371428698301315,0.09828571230173111,0.18799999356269836,0.32657143473625183,0.590571403503418,0.7365714311599731,1.617142915725708,0,0,0.0014285714132711291,1.393142819404602,0.00020742416381835938,0,5.966357680319212e-08,2.824997138668795e-05,0.00014263998064681382,0.0003083549636447644,0.0007635800317749165,0.002680453589445326,0.004554442448195755,0.021846700873541687,111472,0.014402973465621471,0.023607851192355155,0.03733845055103302,0.06675316393375397,0.16927238553762436,2.4799112677574136,14.769161090850812,38.30118942260742,110715,0.010898196138441563,0.01917210649698973,0.03261401504278183,0.06665253639221191,0.1910267397761345,1.6855843544006341,12.225614624023441,39.507171630859375,,45.79640059017557,-38.51331049516785,1.2624169382365569,0.31366641571231757
268,131072,128176,2896,0,2896,122991,114284,0,8707,4632,553,0,111607,2677,0,0,1.0857136249542236,2.611979305744171,4.918492674827576,7.241897106170654,14.727022171020508,32.09514617919922,42.9122314453125,159.1117401123047,2.5000555515289307,2.9471617460250856,4.988421559333801,7.161186695098877,14.844822883605957,32.1179899215698,40.0949970626831,49.99080276489258,0.0011428571306169033,0.03142857179045677,0.09485714137554169,0.1908571422100067,0.34371429681777954,0.6291428804397583,0.7748571634292603,1.6299999952316284,0.0014285714132711291,0.03314285725355148,0.09628571569919586,0.18628571927547455,0.32600000500679016,0.586571455001831,0.732285737991333,1.618571400642395,0,0,0.0014285714132711291,1.2234286069869995,0.00020694732666015625,0,3.6979749730496626e-08,2.6273742644935867e-05,0.0001374896084324894,0.00030466714633246747,0.0007576178212344554,0.0026772445590611304,0.004523517618786634,0.021897752109277642,112947,0.014457905665040016,0.024467581883072853,0.038396500051021576,0.06854669749736786,0.16582967340946198,2.593011379241937,14.38175683975219,38.04819107055664,112232,0.010806781239807606,0.019181404169648884,0.03276035189628601,0.06667875498533249,0.19199878722429276,1.7885002374649037,12.158375501632696,39.201171875,,46.02353131313081,-38.75494387685516,1.259913587007892,0.33163432153983574
269,131072,128049,3023,0,3023,125383,116278,0,9105,2126,540,0,113327,2951,0,0,1.1389013528823853,2.7870097160339355,4.993534088134766,7.3518524169921875,14.91082763671875,31.976839065551747,42.657131042480486,124.17149353027344,2.500049114227295,2.9244871139526367,4.951656937599182,7.134216785430908,14.78491473197937,31.818653583526604,39.771822929382324,49.99619674682617,0.001714285695925355,0.030857142060995102,0.09228571504354477,0.1860000044107437,0.3354285657405853,0.6079999804496765,0.7557142972946167,1.6268571615219116,0.001714285695925355,0.03257142752408981,0.09514285624027252,0.18542857468128204,0.32657143473625183,0.5825714468955994,0.727142870426178,1.6268571615219116,0,0,0.0014285714132711291,1.0922857522964478,0.00020742416381835938,0,6.91867827830037e-08,2.4374462942178123e-05,0.00013305805295947543,0.00030127788545036415,0.0007470086260817906,0.0026709203742048306,0.004483366233248132,0.014238794423392171,114946,0.014340442605316639,0.02534385910257697,0.038723284378647804,0.06879520416259766,0.1628817357122898,2.537516951560974,14.821043539047249,37.7462043762207,114128,0.011086037382483482,0.019054366555064917,0.03272029757499695,0.06634834408760071,0.1903969943523407,1.7131960749626145,12.067211580276474,38.73816680908203,,46.2483717164237,-38.98694007869597,1.2581009564229308,0.3230769726413659
270,131072,127932,3140,0,3140,127170,117943,0,9227,229,533,0,114836,3107,0,0,1.1595441102981567,2.978088366985321,5.0628238916397095,7.444908618927002,15.085190773010254,31.896867275238037,42.25139263153077,172.20799255371094,2.5000345706939697,2.9537307977676392,4.94512152671814,7.121384620666504,14.790489196777344,31.61307849884033,39.211723709106465,49.926151275634766,0.001714285695925355,0.031142856925725937,0.09142857044935226,0.18000000715255737,0.33142855763435364,0.5861285835504524,0.7394285798072815,1.6180000305175781,0.001714285695925355,0.03257142752408981,0.09485714137554169,0.1817142814397812,0.3302857279777527,0.5748571157455444,0.7148571610450745,1.6180000305175781,0,0,0.0011428571306169033,1.1562857627868652,0.0002079010009765625,0,9.836709952271785e-08,2.4187368245344906e-05,0.0001302435000417845,0.0002982972525135087,0.0007351500144955793,0.00265940399689911,0.0044513973643060456,0.025908837568020888,116671,0.015162505209445953,0.026333064772188663,0.03884976729750633,0.06878343224525452,0.1621944084763527,2.5876513719558716,14.159104347229013,38.0491943359375,115869,0.011520670726895332,0.019221783056855204,0.03263898193836212,0.06587547808885574,0.1878543496131897,1.7307185649871812,11.900315628051738,39.221160888671875,,46.483964472621444,-39.190257391957275,1.2796311317166345,0.3119381751129905
271,131072,127928,3144,0,3144,127272,117847,0,9425,88,568,0,114503,3344,0,0,1.175877332687378,3.1833076238632203,5.135605692863464,7.519526481628418,15.257148504257202,31.944855213165276,42.14257938385006,172.12974548339844,2.625206708908081,3.141238641738892,5.01580286026001,7.212925434112549,14.954212665557861,31.698149299621583,38.87874259948729,49.98187255859375,0.0014285714132711291,0.030857142060995102,0.09114285558462143,0.17657142877578735,0.3248571455478668,0.5751428604125977,0.7348571419715881,1.6180000305175781,0.001714285695925355,0.03228571265935898,0.09428571164608002,0.17742857336997986,0.32199999690055847,0.5594285726547241,0.6988571286201477,1.6180000305175781,0,0,0.0011428571306169033,1.0494285821914673,0.00020647048950195312,0,4.763425615421614e-08,2.4896410690092994e-05,0.00012858435712356363,0.00029710544057347964,0.000727864522986569,0.0026338679456513673,0.004410451342223837,0.023784841036945677,116586,0.016054801642894745,0.027702424209564924,0.03954773861914873,0.06917969137430191,0.1626291237771511,2.8283790349960327,14.290637779235823,37.56019973754883,115785,0.012168430723249912,0.02023814953863621,0.03318970650434494,0.06738270074129105,0.18903130292892456,1.8487370252609203,11.955537910461432,40.01314926147461,,46.70716776637449,-39.38891059719753,1.2838032711484952,0.2988314124081902
272,131072,127895,3177,0,3177,127231,117763,0,9468,90,574,0,114204,3559,0,0,1.1664319038391113,3.405947828292847,5.220616817474365,7.5624165534973145,15.478926658630371,32.07415313720703,41.73841209411617,113.77156066894531,2.79231595993042,3.3606950759887697,5.090424537658691,7.312962055206299,15.1420316696167,31.876037216186518,38.88663047790528,49.85143280029297,0.0020000000949949026,0.030857142060995102,0.0917142853140831,0.17485713958740234,0.3160000145435333,0.5734285712242126,0.7474285960197449,1.621142864227295,0.0020000000949949026,0.03228571265935898,0.09457142651081085,0.17514285445213318,0.31114286184310913,0.5514285564422607,0.701251430511476,1.621142864227295,0,0,0.001714285695925355,0.9817143082618713,0.00020837783813476562,0,6.528435975848367e-08,2.5065484000421574e-05,0.00012679061042116852,0.00029640790112354985,0.0007191315411431444,0.00263509167165145,0.00444252987128298,0.014098479832368744,116543,0.017116960138082504,0.028531247191131117,0.039992306381464005,0.06976929306983948,0.16358131170272827,3.0493191242217965,14.24182535171509,37.10221481323242,115643,0.012953002005815506,0.021318033523857593,0.033842822536826134,0.06951848417520523,0.19262969493865967,1.906603014469143,11.8916152381897,38.98115158081055,,46.938866691490226,-39.614965059736434,1.2851887429022706,0.32370809607657514
273,131072,127728,3344,0,3344,127042,117650,0,9392,87,599,0,114083,3567,0,0,1.172987461090088,3.6414941549301147,5.279166221618652,7.593189239501953,15.66590166091919,32.15918159484863,41.4465383529663,114.12255859375,2.9898734092712402,3.593499505519867,5.164037227630615,7.382960796356201,15.415339469909668,31.794433879852296,38.58792087554931,49.93699264526367,0.0020000000949949026,0.03171428665518761,0.0925714299082756,0.173714280128479,0.3085714280605316,0.5817142724990845,0.7680000066757202,1.6148571968078613,0.0020000000949949026,0.03314285725355148,0.09485714137554169,0.17314285039901733,0.3025714159011841,0.553428590297699,0.7054286003112793,1.6148571968078613,0,0,0.0014285714132711291,1.3940000534057617,0.00020694732666015625,0,5.2680779056092764e-08,2.408005809317832e-05,0.0001249760187164038,0.000295026176290339,0.0007064137993683251,0.002605410078992749,0.004411406276846688,0.014430494708080934,116385,0.018325621262192726,0.028674809262156487,0.040255025029182434,0.07025429606437683,0.16387134790420532,3.2481410980224577,14.547404212951664,37.46818161010742,115431,0.013910457491874695,0.02229200303554535,0.034397078678011894,0.07026513665914536,0.19133591651916504,1.9246633052825928,11.948506832122801,37.85916519165039,,47.16555679923188,-39.81118162783007,1.272081967549197,0.3001018728740649
274,131072,127626,3446,0,3446,126953,117764,0,9189,88,585,0,114135,3629,0,0,1.1296825408935547,3.8771849870681763,5.325837969779968,7.649076461791992,15.792337417602539,32.06744861602783,41.15322971343994,173.0542449951172,3.1999142169952393,3.8308233857154845,5.223961234092712,7.3940629959106445,15.674775838851929,31.466031169891348,38.36959911346435,49.95470428466797,0.0014285714132711291,0.03200000151991844,0.09399999678134918,0.173714280128479,0.3068571388721466,0.588857114315033,0.7868571281433105,1.6285713911056519,0.001714285695925355,0.03342857211828232,0.09600000083446503,0.1728571355342865,0.2985714375972748,0.5559571415185903,0.7091428637504578,1.6022857427597046,0,0,0.0014285714132711291,1.590571403503418,0.0002079010009765625,0,5.061017382300831e-08,2.350394303633037e-05,0.00012269815401698677,0.00029351720993260556,0.0006896974825855548,0.0025672080704442425,0.004366176503046828,0.014477194410618127,116488,0.01962895877659321,0.028149212710559368,0.04025755450129509,0.07091562449932098,0.16435450315475464,3.4979163885116518,14.75609813690192,37.27018356323242,115537,0.014938133768737316,0.023380066826939584,0.034804221242666245,0.0710071250796318,0.18919077515602112,1.9723125696182247,11.92426494598388,38.725135803222656,,47.402844382498536,-40.033728029952066,1.2723491015651536,0.3253188737693519
275,131072,127491,3581,0,3581,126843,117917,0,8926,89,559,0,114282,3635,0,0,1.172654390335083,4.065648317337036,5.373210906982422,7.691086292266846,15.826673030853271,31.839004516601562,40.13667640686036,114.75736236572266,3.4298980236053467,4.044123363494873,5.285272598266602,7.449542045593262,15.859187126159668,30.955418395996094,37.98447448730468,49.993343353271484,0.001714285695925355,0.03257142752408981,0.09542857110500336,0.17399999499320984,0.30885714292526245,0.595714271068573,0.8108571171760559,1.6234285831451416,0.001714285695925355,0.03400000184774399,0.09771428257226944,0.1728571355342865,0.2997142970561981,0.5600000023841858,0.71309715270996,1.6234285831451416,0,0,0.0014285714132711291,1.375428557395935,0.00020837783813476562,0,2.0704070490247126e-08,2.2280552621495002e-05,0.00012036172139185364,0.00029069333160197387,0.0006758526643029479,0.0025342955686868977,0.004267469551263821,0.013721286878147694,116595,0.0210722703486681,0.027583239227533342,0.03995095007121563,0.07151351869106293,0.16506514698266983,3.6055627822875858,15.073360424041738,37.45330047607422,115629,0.016115231439471245,0.02416090965270996,0.03512609750032425,0.0714460238814354,0.18859748542308807,2.066390371322632,12.128013763427742,37.582149505615234,,47.62769995596088,-40.24984718138274,1.2722627435641392,0.31187741821090254
276,131072,127329,3743,0,3743,126691,118226,0,8465,86,552,0,114510,3716,0,0,1.1755338907241821,4.127144718170166,5.443166255950928,7.742364406585693,16.032703399658203,31.70949363708495,39.91898605346681,105.78797912597656,3.398517370223999,4.115311861038208,5.354131102561951,7.534989356994629,16.10670757293701,30.644153594970703,37.73552131652832,49.996803283691406,0.001714285695925355,0.03285714238882065,0.0974285677075386,0.17485713958740234,0.313142865896225,0.6031428575515747,0.8251428604125977,1.6191428899765015,0.001714285695925355,0.034285712987184525,0.09885714203119278,0.173714280128479,0.30399999022483826,0.5600000023841858,0.7188571691513062,1.6191428899765015,0,0,0.0011428571306169033,1.5242856740951538,0.00020837783813476562,0,1.1133170168572484e-08,2.2251380843605273e-05,0.00011839926516762767,0.000286214582108757,0.0006682358300117001,0.002500787011709674,0.004246863165399807,0.014578202684425823,116896,0.02049613744020462,0.027103842701762915,0.03948098886758089,0.07194903492927551,0.16731515526771545,3.673528492450714,15.638231706619267,36.67717742919922,115940,0.01568705588579178,0.024771124962717293,0.035551467910408974,0.0730162039399147,0.18945764750242233,2.069229340553283,12.1985252571106,37.792144775390625,,47.844363207692844,-40.46511912719808,1.2698738823162494,0.30543523366542497
277,131072,127379,3693,0,3693,126733,118900,0,7833,89,557,0,115083,3817,0,0,1.147895336151123,4.190908527374267,5.499753475189209,7.791903972625732,16.196553230285645,31.7031156539917,40.00624465942383,126.3534927368164,3.4143006801605225,4.180456566810608,5.405037760734558,7.6283464431762695,16.365810871124268,30.510763072967517,37.52516738891601,49.85893249511719,0.0014285714132711291,0.03285714238882065,0.09799999743700027,0.17742857336997986,0.3174285590648651,0.6068571209907532,0.8421257221698768,1.6214286088943481,0.0014285714132711291,0.03457142785191536,0.09942857176065445,0.17714285850524902,0.30885714292526245,0.5668571591377258,0.7279999852180481,1.6214286088943481,0,0,0.0014285714132711291,1.437999963760376,0.00020742416381835938,0,2.2781492746719734e-08,2.2649553133367495e-05,0.0001178335809577541,0.00028318228402262095,0.0006650995092781617,0.0025000253153444575,0.004230933741289153,0.014629559490778838,117615,0.019984593614935875,0.02665766328573227,0.03908299840986729,0.07262454181909561,0.16879510879516602,3.7875588655471684,15.919868507385257,35.627166748046875,116635,0.01528023462742567,0.025287154503166674,0.03598550334572792,0.07427258044481277,0.19319861382246017,2.153259563446042,12.658140563964844,37.136165618896484,,48.0562851761232,-40.67628183911101,1.298624299871157,0.3005448354495578
278,131072,127350,3722,0,3722,126654,119343,0,7311,89,607,0,115509,3834,0,0,1.1664319038391113,4.249513053894043,5.523491382598877,7.816479682922363,16.311232566833496,31.551598834991434,40.284592094421384,116.84591674804688,3.3347599506378174,4.239383268356323,5.4315338134765625,7.65802001953125,16.6031551361084,30.327630615234362,37.4127799987793,49.972877502441406,0.001714285695925355,0.03314285725355148,0.09857142716646194,0.1794285774230957,0.322857141494751,0.6151428818702698,0.8612885731458649,1.611714243888855,0.001714285695925355,0.034857142716646194,0.10028571635484695,0.17914286255836487,0.31457144021987915,0.5751428604125977,0.7354285717010498,1.611714243888855,0,0,0.001714285695925355,1.549142837524414,0.00020837783813476562,0,6.040039316517437e-08,2.2640939211896183e-05,0.00011636502820221486,0.0002775516233787594,0.0006608839449213362,0.00248782620130161,0.004241625572875634,0.01640989734189946,118148,0.01967521570622921,0.0263217949308455,0.03862046077847481,0.07286359369754791,0.17217515036463737,3.876262927055359,16.098048133850096,40.38522720336914,117137,0.014932063408195972,0.02557285614311695,0.03634840250015259,0.07572712749242783,0.19382797181606293,2.250701856613159,12.843793220520018,37.44314956665039,,48.27359144560489,-40.87137493585612,1.2983070379764092,0.29203327174956645
279,131072,127302,3770,0,3770,126626,119786,0,6840,92,584,0,115821,3965,0,0,1.1695376634597778,4.269763875007629,5.531962156295776,7.8358683586120605,16.3425555229187,31.12106142044067,40.00433135986334,126.88468170166016,3.3628532886505127,4.259967088699341,5.4557061195373535,7.671291351318359,16.716617107391357,30.182499408721924,37.464377021789545,49.96369934082031,0.001714285695925355,0.03314285725355148,0.10000000149011612,0.1817142814397812,0.328000009059906,0.6262714445590964,0.8745685851573959,1.618571400642395,0.001714285695925355,0.03514285758137703,0.1014285683631897,0.18142856657505035,0.3197142779827118,0.5854285955429077,0.7503285467624647,1.618571400642395,0,0,0.0014285714132711291,1.0440000295639038,0.00020837783813476562,0,5.4952845381097893e-08,2.217590775431894e-05,0.00011505156869665661,0.0002758552730949637,0.0006523818588772441,0.0024673326847839943,0.004208890871262313,0.016323438554043765,118553,0.01957429014146328,0.026198889315128326,0.03827675059437752,0.0724596157670021,0.17421115934848785,3.950249195098877,16.51518569946282,36.10516357421875,117560,0.014894424006342888,0.025778491329401732,0.03667019587010145,0.0759640485048294,0.1947542354464531,2.2173322200774903,13.022626333236698,40.8581657409668,,48.49909163510499,-41.066792163184566,1.3058748832020655,0.2984886940617302
280,131072,127298,3774,0,3774,126598,120202,0,6396,92,608,0,116103,4099,0,0,1.1741893291473389,4.286109972000122,5.54475212097168,7.834354400634766,16.312830924987793,30.68008594512939,40.11899520874023,105.15972137451172,3.368272542953491,4.276993942260742,5.478408098220825,7.658173561096191,16.759075164794922,29.943675994873047,37.60614883422852,49.97023010253906,0.001714285695925355,0.03342857211828232,0.10114285349845886,0.18285714089870453,0.33314284682273865,0.6320000290870667,0.8891428709030151,1.6128571033477783,0.001714285695925355,0.03514285758137703,0.1022857129573822,0.18242856860160828,0.3240000009536743,0.5894285440444946,0.7614285945892334,1.6128571033477783,0,0,0.0014285714132711291,1.4351428747177124,0.0002079010009765625,0,2.9842951390593017e-08,2.128333433755007e-05,0.00011238885525777254,0.00027075094270018267,0.0006475842147376674,0.002457040283789972,0.004192724146502508,0.01375336701538635,118965,0.019423453137278557,0.026177961751818656,0.03805310279130936,0.07156707346439362,0.1763950139284134,4.0200914382934485,16.363539962768556,39.88621520996094,117998,0.015333937481045723,0.025920822843909265,0.03702311310917139,0.07585068047046661,0.19518596306443214,2.2607217907905572,13.147179851531982,39.59423065185547,,48.71573636884611,-41.25314414997222,1.2965813559212995,0.28591672439153654
281,131072,127184,3888,0,3888,126493,120572,0,5921,87,604,0,116402,4170,0,0,1.1697567701339722,4.306547474861145,5.5748443603515625,7.828619480133057,16.341678142547607,30.26681861877441,40.092029418945295,117.68391418457031,3.385051727294922,4.299586081504822,5.512814283370972,7.66314697265625,16.855163097381592,29.74064321517944,37.670538177490165,49.98280715942383,0.0020000000949949026,0.03314285725355148,0.1022857129573822,0.18371428549289703,0.335999995470047,0.6396714389324163,0.8905714154243469,1.6268571615219116,0.0020000000949949026,0.034857142716646194,0.10314285755157471,0.18314285576343536,0.32657143473625183,0.597428560256958,0.771142840385437,1.6268571615219116,0,0,0.0014285714132711291,1.4160000085830688,0.0002079010009765625,0,4.123142935029689e-08,2.0886326831896815e-05,0.00011028177043580746,0.00026802163243723053,0.0006435813591872338,0.002460837337077281,0.004165740728563037,0.016535190231878587,119293,0.01991589553654194,0.02632458955049515,0.037896689027547836,0.07062003016471863,0.18161197006702423,4.126758956909172,16.66264778137208,39.75423812866211,118308,0.015163236297667027,0.02605051249265671,0.03733873646706343,0.07600940763950348,0.19453689083456993,2.2201505303382834,12.623034257888772,39.61726379394531,,48.92810018418534,-41.445547146123296,1.2931126611760244,0.2865821607088985
282,131072,127031,4041,0,4041,126388,120793,0,5595,90,553,0,116555,4238,0,0,1.1727548837661743,4.331552505493164,5.620423316955566,7.8574724197387695,16.302772521972656,29.8369083404541,39.5949291229248,104.56999206542969,3.488389492034912,4.325599670410156,5.560751438140869,7.665179252624512,16.885108947753906,29.473082733154293,37.89494522094728,49.977806091308594,0.0020000000949949026,0.03314285725355148,0.10342857241630554,0.18485714495182037,0.3368571400642395,0.6480000019073486,0.8925714492797852,1.617142915725708,0.0020000000949949026,0.03514285758137703,0.10400000214576721,0.1842857152223587,0.32742857933044434,0.6062856912612915,0.7808800005912786,1.617142915725708,0,0,0.0014285714132711291,1.5791428089141846,0.00020837783813476562,0,2.8782375902474287e-08,2.001759558038536e-05,0.00010807159425318425,0.00026486686937761454,0.0006386076138480555,0.0024431457252870967,0.004133206351286407,0.013144865784643661,119521,0.02026483230292797,0.026487823575735092,0.03764661028981209,0.06962261348962784,0.18262791633605957,4.103394508361816,16.617782211303744,39.98020935058594,118503,0.01579488441348076,0.02611921951174736,0.0376804955303669,0.07642782479524612,0.1936887949705124,2.294480943679804,12.786080245971663,40.6932258605957,,49.12672958819294,-41.64079266555651,1.292050811855519,0.27852393168117284
283,131072,126944,4128,0,4128,126280,121016,0,5264,89,575,0,116708,4308,0,0,1.1691925525665283,4.356207847595215,5.683389067649841,7.87098503112793,16.297019004821777,29.842407321929883,39.932311668395876,104.41397857666016,3.518603563308716,4.351008772850037,5.622814893722534,7.667078018188477,16.865527629852295,29.384037494659424,38.02030200958257,49.964073181152344,0.001714285695925355,0.03314285725355148,0.10514285415410995,0.1860000044107437,0.3382857143878937,0.6562857031822205,0.9015914207696893,1.6234285831451416,0.001714285695925355,0.034857142716646194,0.10514285415410995,0.1851428598165512,0.32914286851882935,0.6128571629524231,0.7985714077949524,1.6234285831451416,0,0,0.0014285714132711291,1.527142882347107,0.00020837783813476562,0,2.647434298425536e-08,1.9561881821734348e-05,0.00010682179838657278,0.0002617149426418533,0.000634582056951023,0.0024261931383289578,0.004129213667176632,0.013391406667630598,119729,0.02049955725669861,0.02661292441189289,0.037534572184085846,0.0682777464389801,0.18253040313720703,4.185324764251702,16.908040618896486,40.96519470214844,118715,0.015897151082754135,0.026211707666516305,0.03796682134270668,0.07635680586099625,0.19465699791908264,2.374653553962706,13.278278465270997,39.643218994140625,,49.319666020682696,-41.83939062594184,1.3041010672033804,0.27714766011106134
284,131072,126997,4075,0,4075,126329,121354,0,4975,90,578,0,117001,4353,0,0,1.1675390005111694,4.379431819915771,5.727549076080322,7.892756462097168,16.37540626525879,29.931520843505854,39.81481506347651,103.5379867553711,3.593836545944214,4.3746493577957155,5.6510268449783325,7.682538032531738,16.859461784362793,29.457102394103995,38.07849506378174,49.99507522583008,0.001714285695925355,0.03257142752408981,0.1062857136130333,0.1874285787343979,0.339428573846817,0.6608571410179138,0.904285728931427,1.621999979019165,0.001714285695925355,0.03400000184774399,0.10599999874830246,0.18628571927547455,0.3305714428424835,0.6177142858505249,0.8094285726547241,1.621999979019165,0,0,0.0014285714132711291,1.563428521156311,0.00020837783813476562,0,8.92116366838016e-08,1.971194602482923e-05,0.00010594355959663091,0.00026009710646622,0.0006320455537797843,0.0024292776208496535,0.0041113969964268445,0.013063729482021617,120070,0.021045463159680367,0.026762523129582404,0.03756777290254831,0.06737472862005234,0.18512073531746864,4.225892329215991,16.992788562774653,41.02519226074219,119057,0.01614251360297203,0.026304493844509124,0.03828813508152962,0.07672295719385147,0.19299563765525818,2.428464269638061,13.379025039672857,40.721221923828125,,49.50211390933283,-42.02060045047661,1.301687941824932,0.25715764766948757
285,131072,126997,4075,0,4075,126361,121704,0,4657,89,547,0,117342,4362,0,0,1.1595441102981567,4.400792026519776,5.692549705505371,7.907534599304199,16.4559383392334,29.80998764038086,39.77154571533197,118.72693634033203,3.695375680923462,4.397226071357727,5.606831789016724,7.704777717590332,16.796262741088867,29.462469577789303,38.22522632598877,49.962806701660156,0.001714285695925355,0.03228571265935898,0.1062857136130333,0.18885713815689087,0.3408571481704712,0.6688571572303772,0.9102857112884521,1.6308571100234985,0.001714285695925355,0.03400000184774399,0.10599999874830246,0.1874285787343979,0.33228570222854614,0.6245714426040649,0.8199999928474426,1.6308571100234985,0,0,0.0014285714132711291,1.4782856702804565,0.00020837783813476562,0,5.378276260524414e-08,1.9483415960102144e-05,0.00010559415991643101,0.00025706507423677873,0.0006300886867159803,0.0024219551276740323,0.004087905823196337,0.0166968169774889,120410,0.02171001024544239,0.026878570206463337,0.03755172062665224,0.06640578806400299,0.1860491894185543,4.31033463478086,16.955420513153104,41.0031852722168,119410,0.016494078561663628,0.026389351580291986,0.03856533393263817,0.07756821811199188,0.19374863803386688,2.4682379841804494,13.459075288772583,40.614227294921875,,49.68337441204613,-42.20138508466301,1.3063891324323569,0.2560479544829775
286,131072,127016,4056,0,4056,126355,122007,0,4348,88,573,0,117505,4502,0,0,1.151667833328247,4.419844627380371,5.6347514390945435,7.928964614868164,16.41745615005493,29.775628089904785,39.97345867156984,103.0679931640625,3.7819626331329346,4.415986061096191,5.55431056022644,7.750009059906006,16.649415969848633,29.53371124267578,38.40522438049317,49.996280670166016,0.001714285695925355,0.03192857280373573,0.10742857307195663,0.1891428530216217,0.34228572249412537,0.6700000166893005,0.9108571410179138,1.6277142763137817,0.001714285695925355,0.03342857211828232,0.10742857307195663,0.18771427869796753,0.3328571319580078,0.6294285655021667,0.834857165813446,1.6277142763137817,0,0,0.001714285695925355,1.5294286012649536,0.0002079010009765625,0,2.143576742458578e-08,1.922803069236092e-05,0.00010504712421324498,0.00025438921865728113,0.0006271576246661568,0.00243625639961115,0.004100279122735274,0.013284175530240043,120694,0.022217439487576485,0.026988644059747456,0.03744206111878157,0.06581075489521027,0.18565066158771515,4.343630242347709,17.009335708618142,41.01618194580078,119689,0.01688004657626152,0.026467689499258994,0.03874751925468445,0.0785413384437561,0.19321419298648834,2.483151626586911,13.844947471618651,41.05221176147461,,49.86112522978886,-42.36815338833415,1.301436434099635,0.2437858682088347
287,131072,127001,4071,0,4071,126381,122279,0,4102,87,533,0,117746,4533,0,0,1.1715364456176758,4.439586162567139,5.594420433044434,7.945782661437988,16.363298416137695,29.757015228271484,39.95201873779297,102.79999542236328,3.907721996307373,4.435463285446167,5.5137529373168945,7.7947845458984375,16.574435234069824,29.607133674621583,38.616001739501954,49.995731353759766,0.0020000000949949026,0.03257142752408981,0.1080000028014183,0.19028571248054504,0.34228572249412537,0.6759999990463257,0.9154285788536072,1.6237143278121948,0.0020000000949949026,0.03400000184774399,0.10771428793668747,0.18857142329216003,0.33314284682273865,0.6342856884002686,0.8428571224212646,1.6237143278121948,0,0,0.0014285714132711291,1.569428563117981,0.00020837783813476562,0,1.6051347303249208e-08,1.9003045394078027e-05,0.00010435666996135155,0.00025344987908398675,0.000624156829395908,0.0024174267722697337,0.004052342534262414,0.013264045207490966,120999,0.02291133627295494,0.02709884215146303,0.03738081641495228,0.06518250703811646,0.18573225289583206,4.331940126419064,16.959177055358897,40.979164123535156,120038,0.01751495525240898,0.026583081297576427,0.0388112785294652,0.08014704287052155,0.19379936531186104,2.546076488494873,14.313205881118787,42.89312744140625,,50.021544913066386,-42.55073936029507,1.308809461405317,0.24315935818188217
288,131072,126915,4157,0,4157,126284,122431,0,3853,91,540,0,117835,4596,0,0,1.1675388813018799,4.454411506652832,5.550586462020874,7.978857040405273,16.294066429138184,29.843006896972646,40.1365210723877,103.14998626708984,4.009950160980225,4.4502763748168945,5.478754043579102,7.807673931121826,16.450121879577637,29.68866539001465,38.81044158935546,49.997779846191406,0.001714285695925355,0.03285714238882065,0.10885713994503021,0.19057142734527588,0.3425714373588562,0.677142858505249,0.9174285531044006,1.6282857656478882,0.001714285695925355,0.034285712987184525,0.10857142508029938,0.1891428530216217,0.3337142765522003,0.6362857222557068,0.8471428751945496,1.6282857656478882,0,0,0.0011428571306169033,1.5922857522964478,0.00020837783813476562,0,5.180143698995161e-08,1.8648564618480227e-05,0.00010323926366932247,0.0002510049441973972,0.0006216253485446283,0.00240487938550452,0.0040404441231723645,0.013209699007694633,121081,0.023635603487491608,0.027187418192625046,0.03716347739100456,0.06447938829660416,0.1861390620470047,4.401317596435547,17.26774787902831,40.71420669555664,120137,0.018308719620108604,0.026650707796216012,0.03886004537343979,0.0813840702176094,0.19341467320919037,2.55733299255371,14.036424102783197,40.876216888427734,,50.196327572302714,-42.713399824081755,1.303687720057893,0.23881716161836483
289,131072,126778,4294,0,4294,126176,122611,0,3565,89,513,0,118020,4591,0,0,1.1715364456176758,4.464496541023254,5.523061275482178,7.987566947937012,16.281062602996826,30.009597587585446,40.22778789520263,104.2142562866211,4.153181552886963,4.461144685745239,5.462992429733276,7.842471599578857,16.425125122070312,29.81891441345215,39.099692153930654,49.97847366333008,0.001714285695925355,0.03314285725355148,0.10857142508029938,0.1908571422100067,0.34371429681777954,0.6794285774230957,0.9231428503990173,1.6222857236862183,0.001714285695925355,0.034285712987184525,0.10828571766614914,0.18942856788635254,0.3351428508758545,0.6402857303619385,0.8577142953872681,1.6222857236862183,0,0,0.0014285714132711291,1.5182857513427734,0.00020837783813476562,0,8.28790863224591e-08,1.8405568046104194e-05,0.00010213844650884082,0.0002514676456701546,0.0006226354270910664,0.0024120517267346444,0.004086763391903838,0.013186747363420119,121271,0.024293145164847374,0.027264774776995182,0.037210261449217796,0.06407327204942703,0.18754882365465164,4.3794872760772705,17.05566043853761,41.4761848449707,120289,0.01848626136779785,0.026704766601324082,0.03881686180830002,0.08249311149120331,0.19379766285419464,2.5463353633880614,14.036539077758775,41.52119445800781,,50.35628028175167,-42.86122749258007,1.3104574301859648,0.21790759006727847
290,131072,126785,4287,0,4287,126185,122791,0,3394,90,510,0,118124,4667,0,0,1.1675390005111694,4.472800159454346,5.501891613006592,8.00206470489502,16.193803787231445,30.13094749450681,40.41720779418946,162.58453369140625,4.252384185791016,4.470058917999268,5.447477102279663,7.877544403076172,16.33016014099121,29.95689296722412,39.17771148681643,49.92947769165039,0.001714285695925355,0.03285714238882065,0.10857142508029938,0.19171428680419922,0.34371429681777954,0.6782857179641724,0.9268571138381958,1.6231428384780884,0.001714285695925355,0.03400000184774399,0.10828571766614914,0.18971428275108337,0.3354285657405853,0.6397143006324768,0.8637428522110002,1.6231428384780884,0,0,0.0014285714132711291,1.4217143058776855,0.00020837783813476562,0,3.641659173352431e-08,1.8216472720896125e-05,0.0001014110875755432,0.00025161368739344954,0.0006213251461329262,0.0023978574021215897,0.004063357960367164,0.013149159610822723,121436,0.025046464055776596,0.027315343730151653,0.03715167287737131,0.06357230246067047,0.18742719292640686,4.3751150369644165,17.144848537445064,41.58317184448242,120453,0.019010351970791817,0.02677128352224827,0.03868378326296806,0.08407241106033325,0.1938890516757965,2.5788985252380336,14.549645881652811,42.201210021972656,,50.50273748382877,-43.02357065063874,1.2985815029583567,0.2189658664180974
291,131072,126626,4446,0,4446,126019,122768,0,3251,89,518,0,118067,4701,0,0,1.0339784622192383,4.481693387031555,5.496999263763428,8.028584480285645,16.117794513702393,30.218061923980713,40.43590259552002,102.48438262939453,4.312150955200195,4.478757691383362,5.446048855781555,7.91337776184082,16.260337352752686,30.06117649078369,39.28918087005616,49.99247360229492,0.0020000000949949026,0.03342857211828232,0.10857142508029938,0.1922857165336609,0.34371429681777954,0.6819999814033508,0.9284999817609787,1.6237143278121948,0.0020000000949949026,0.034857142716646194,0.10828571766614914,0.19057142734527588,0.33571428060531616,0.6451428532600403,0.8692371261119848,1.6237143278121948,0,0,0.0014285714132711291,1.4620000123977661,0.00020837783813476562,0,3.3085977428786645e-08,1.757047583088253e-05,0.00010125062716922096,0.0002532837780478581,0.0006204950061684,0.002382552130014526,0.004063965192065601,0.013113854588502795,121362,0.0257665254175663,0.027373233065009116,0.037238383665680885,0.06327225267887115,0.18812445551156998,4.353258728981015,17.017340297698972,40.51017761230469,120397,0.019582461565732956,0.026841193437576294,0.038433194160461426,0.08505011349916458,0.19576431810855865,2.588749504089347,14.554281158447258,40.387176513671875,,50.64045018156237,-43.176530232277706,1.310170979292129,0.20614494098552635
292,131072,126598,4474,0,4474,125989,122866,0,3123,89,520,0,118173,4693,0,0,1.0907100439071655,4.492519998550415,5.494044899940491,8.050216674804688,16.016222953796387,30.31180839538574,40.51254825592041,102.24038696289062,4.318150043487549,4.489508271217346,5.448974132537842,7.946962356567383,16.142061710357666,30.122379302978516,39.395129585266126,49.99847412109375,0.001714285695925355,0.03342857211828232,0.10885713994503021,0.19285714626312256,0.3440000116825104,0.6811428666114807,0.9282857179641724,1.6200000047683716,0.001714285695925355,0.034857142716646194,0.10857142508029938,0.19114285707473755,0.335999995470047,0.6439285725355148,0.8742856979370117,1.6200000047683716,0,0,0.0014285714132711291,1.4119999408721924,0.00020837783813476562,0,2.9773132510488057e-08,1.7586713185774008e-05,0.00010092513788624904,0.00025487102205526315,0.0006182201966385921,0.0023738276364502326,0.004082119927546623,0.013087943026066728,121478,0.026096273213624954,0.027417000941932203,0.03717211075127125,0.06253034621477127,0.1890036091208458,4.42849903106689,17.37641687393188,41.29115295410156,120515,0.019784778356552124,0.02682659067213535,0.03819608315825462,0.08537760376930237,0.1945515125989914,2.567775988578792,14.83187957763672,40.301231384277344,,50.76469860526585,-43.31311287992634,1.3249609509019467,0.18523291740867223
293,131072,126565,4507,0,4507,125982,123022,0,2960,89,494,0,118376,4646,0,0,1.0822521448135376,4.499517440795898,5.502518177032471,8.090072631835938,15.960597038269043,30.375857925415037,40.60932205200196,163.13352966308594,4.322149753570557,4.497165250778198,5.460132479667664,7.985822677612305,16.08522605895996,30.12425184249878,39.525095520019526,49.995304107666016,0.001714285695925355,0.034285712987184525,0.10857142508029938,0.19257143139839172,0.3442857265472412,0.6797142624855042,0.9321028494834902,1.6217142343521118,0.001714285695925355,0.035428572446107864,0.10828571766614914,0.19114285707473755,0.335999995470047,0.6439999938011169,0.881428599357605,1.6217142343521118,0,0,0.001714285695925355,1.3694285154342651,0.00020837783813476562,0,5.805325519419007e-08,1.783009556379882e-05,0.0001011191477150539,0.0002565155753505088,0.0006168114929214288,0.002369509230822878,0.0040836405484273,0.013059079709168584,121644,0.026176730170845985,0.02746607307344675,0.037192726507782936,0.06224944442510605,0.18795184046030045,4.311537027359006,17.377757968902582,40.39919662475586,120664,0.01986348070204258,0.02688443260267377,0.038145349361002445,0.08584260940551758,0.19567223265767097,2.5613173604011528,15.14719994544983,39.7972412109375,,50.90124983061197,-43.45386931262302,1.313717739984363,0.19643070096285728
294,131072,126620,4452,0,4452,126023,123181,0,2842,90,507,0,118562,4619,0,0,1.1445538997650146,4.505044269561767,5.505718946456909,8.128814697265625,15.903623580932617,30.466969013214086,40.75680603027343,163.3235321044922,4.328095436096191,4.503296375274658,5.465622425079346,8.02901840209961,16.00891876220703,30.103809356689453,39.61405868530273,49.920475006103516,0.0014285714132711291,0.03457142785191536,0.10857142508029938,0.19371429085731506,0.3440000116825104,0.6791428327560425,0.9331428408622742,1.6217142343521118,0.0014285714132711291,0.0357142873108387,0.10828571766614914,0.19171428680419922,0.33628571033477783,0.6445714235305786,0.8837142586708069,1.6217142343521118,0,0,0.001714285695925355,1.4254286289215088,0.00020742416381835938,0,2.6184504646297494e-08,1.8158238715421394e-05,0.0001012815647004095,0.00025885561752178425,0.0006170226267340358,0.0023585926302406406,0.004106856627340724,0.013040205161256082,121783,0.026210928335785866,0.027508566714823247,0.03724341839551926,0.062048569321632385,0.18975018709897995,4.357156372070307,17.4604668426512,40.20016098022461,120841,0.01989326812326908,0.026901790872216225,0.03802860528230667,0.08681827038526535,0.19509035348892212,2.5685086250305176,15.168807601928718,40.25117874145508,,51.01832204176587,-43.58298278669417,1.3132499470932888,0.17428829748831065
295,131072,126604,4468,0,4468,126021,123296,0,2725,89,494,0,118684,4612,0,0,1.1565459966659546,4.510144996643066,5.51596999168396,8.183183670043945,15.856579303741455,30.513417816162086,40.87363887786865,163.49853515625,4.335149765014648,4.508044242858887,5.47597348690033,8.09018325805664,15.950624704360962,30.07786989212036,39.760450553894046,49.99847412109375,0.0020000000949949026,0.03457142785191536,0.10828571766614914,0.1931428611278534,0.34457144141197205,0.6802856922149658,0.9325628405809406,1.6260000467300415,0.0020000000949949026,0.035999998450279236,0.1080000028014183,0.19142857193946838,0.33714285492897034,0.6442857384681702,0.8931714504957216,1.6260000467300415,0,0,0.0014285714132711291,1.3459999561309814,0.00020837783813476562,0,2.8970097262514812e-08,1.808942549942116e-05,0.00010162910314895858,0.00026092972025898176,0.0006178965295687602,0.0023569245312593723,0.004118308081694708,0.013012131786160997,121896,0.02623836323618889,0.027531065046787262,0.0372973270714283,0.06177334487438202,0.1891382448375225,4.345303893089294,17.514799213409457,41.73114013671875,120941,0.019875625148415565,0.026971381157636642,0.03803141787648201,0.08692802488803864,0.19589488208293915,2.5614495277404785,15.33523311614999,40.23212814331055,,51.12663614160714,-43.69794398765633,1.3155423078792083,0.15796606239651925
296,131072,126650,4422,0,4422,126035,123417,0,2618,90,525,0,118775,4642,0,0,1.090246319770813,4.517812037467957,5.522140741348267,8.232650756835938,15.792545080184937,30.50967969894409,41.063349685668925,163.68751525878906,4.343656063079834,4.516252136230468,5.483985424041748,8.144984245300293,15.862836837768555,29.955042648315427,39.81608795166015,49.84807586669922,0.0020000000949949026,0.034857142716646194,0.10828571766614914,0.19371429085731506,0.3451428711414337,0.6774285435676575,0.9319999814033508,1.6242856979370117,0.0020000000949949026,0.035999998450279236,0.1080000028014183,0.19200000166893005,0.33799999952316284,0.6451428532600403,0.8968114328384389,1.6242856979370117,0,0,0.0014285714132711291,1.5705714225769043,0.00020837783813476562,0,4.4720111897064747e-08,1.8532579923514363e-05,0.00010187863080213708,0.0002623846018287955,0.0006174567812520537,0.0023498605286058813,0.004128633322769811,0.01299215744268992,122067,0.02628910169005394,0.027588069066405298,0.03734266199171543,0.06193462014198303,0.18950260430574417,4.406272315979003,17.65442878723141,40.23615264892578,121081,0.019927769899368286,0.02701987512409687,0.03792254254221916,0.0871916338801384,0.19689925014972687,2.5817043781280518,15.584854698181132,39.91511535644531,,51.23075874699353,-43.81240209202258,1.3118721303680692,0.15477611188593604
297,131072,126532,4540,0,4540,125956,123481,0,2475,86,490,0,118834,4647,0,0,1.1690975427627563,4.528487944602967,5.525458335876465,8.273195266723633,15.752236366271973,30.550419998168916,41.075764999389655,163.8075408935547,4.348094463348389,4.526238441467285,5.4900736808776855,8.165327072143555,15.82042121887207,29.868898391723633,39.977989959716794,49.915283203125,0.001714285695925355,0.035428572446107864,0.10828571766614914,0.1940000057220459,0.3440000116825104,0.6751428842544556,0.9351428747177124,1.6214286088943481,0.001714285695925355,0.036571428179740906,0.10828571766614914,0.19285714626312256,0.33742856979370117,0.6442857384681702,0.9017714142799369,1.6214286088943481,0,0,0.0014285714132711291,1.5274286270141602,0.00020837783813476562,0,5.083095214538137e-08,1.811621914953138e-05,0.00010211312605152069,0.00026294671848735556,0.0006192605097250128,0.0023407572902609712,0.00410203487343166,0.012869640845059312,122052,0.02629091776907444,0.027671132981777192,0.03737614769488573,0.06226956844329834,0.18833091482520103,4.369578933715818,18.019503002166772,40.022159576416016,121108,0.019968420267105103,0.02710232576355338,0.03798804059624672,0.08733248710632324,0.19708752632141113,2.5353571653366,15.270657854080145,39.96822738647461,,51.33576040890627,-43.925481471003735,1.3260359800833013,0.15496099378216502
298,131072,126516,4556,0,4556,125914,123538,0,2376,91,511,0,118933,4605,0,0,1.1715364456176758,4.54058301448822,5.52681040763855,8.290960311889648,15.729825258255005,30.73514986038208,41.26391487121588,119.99120330810547,4.364245414733887,4.539094400405884,5.489180564880371,8.17901611328125,15.777565717697144,29.9361018180847,40.0931848907471,49.9891357421875,0.001714285695925355,0.034857142716646194,0.10828571766614914,0.19428572058677673,0.3442857265472412,0.6708571314811707,0.9294285774230957,1.6208571195602417,0.001714285695925355,0.03628571331501007,0.1080000028014183,0.1931428611278534,0.33799999952316284,0.642042872309683,0.9044657105207456,1.6208571195602417,0,0,0.0014285714132711291,1.5168571472167969,0.00020837783813476562,0,2.7781256826853993e-08,1.815863171836222e-05,0.00010187304093604979,0.0002642323657236249,0.0006223643981040311,0.0023448031265741877,0.004122700326328232,0.01303386622999164,122092,0.02635817602276802,0.027730750385671854,0.037517896853387356,0.06251643598079681,0.18980911374092102,4.459646821022031,18.100428047180166,39.9001579284668,121074,0.02000797726213932,0.02715925993397832,0.03805387206375599,0.0877169743180275,0.19754328951239586,2.5044983863830526,15.758618459701596,41.612117767333984,,51.45368520663421,-44.04071337684618,1.328989202621658,0.16490412840987095
299,131072,126555,4517,0,4517,125965,123691,0,2274,84,506,0,119047,4644,0,0,1.1257858276367188,4.548647546768189,5.526562690734863,8.29093074798584,15.708598136901855,30.797322463989236,41.39834144592283,129.5857391357422,4.372425079345703,4.547197580337524,5.493580341339111,8.205843925476074,15.748409748077393,29.945802688598633,40.27067260742188,49.91728591918945,0.001714285695925355,0.035428572446107864,0.10828571766614914,0.19457143545150757,0.3442857265472412,0.6717143058776855,0.9328571557998657,1.6305714845657349,0.001714285695925355,0.036571428179740906,0.10828571766614914,0.1931428611278534,0.3382857143878937,0.6431428790092468,0.9111714541912096,1.6305714845657349,0,0,0.0014285714132711291,1.3837143182754517,0.00020837783813476562,0,2.6750265535029092e-08,1.8533263619446463e-05,0.0001019243011394355,0.00026556233736361003,0.0006214328468065265,0.0023403778842985843,0.0041408768882510195,0.017603979426903827,122214,0.026392119005322456,0.027773939166218044,0.03748004883527756,0.06260554492473602,0.1868971399962902,4.391019296646102,18.189221458435057,39.90415573120117,121259,0.019981682300567627,0.02722868323326111,0.03804352693259716,0.08783742785453796,0.1984870731830597,2.5031828641891463,15.754092464447016,40.22312927246094,,51.55175148542634,-44.14030258461968,1.326530637499435,0.13978930532608455
300,131072,126774,4298,0,4298,126181,124024,0,2157,87,506,0,119350,4674,0,0,1.1219127178192139,4.555684566497803,5.543093681335449,8.309743881225586,15.69684386253357,30.68558731079101,41.47219955444338,120.25019836425781,4.380147457122803,4.554004740715027,5.51282799243927,8.197423934936523,15.737197399139404,29.76963062286377,40.309365882873536,49.961097717285156,0.0011428571306169033,0.035428572446107864,0.10828571766614914,0.19428572058677673,0.34599998593330383,0.6691428422927856,0.9348571300506592,1.6248571872711182,0.0011428571306169033,0.03685714304447174,0.10828571766614914,0.1931428611278534,0.3400000035762787,0.6439999938011169,0.913428544998169,1.6248571872711182,0,0,0.001714285695925355,1.5611428022384644,0.00020837783813476562,0,4.719168653595274e-08,1.9319713444152456e-05,0.00010423761461767763,0.0002676118613032885,0.0006193300408861464,0.002324180845777812,0.004130560853680865,0.013093375210587323,122592,0.026404358446598053,0.02784942975267768,0.037478660233318806,0.06288480758666992,0.1859283372759819,4.361927342414852,18.258245353698726,40.08314514160156,121661,0.020033113658428192,0.027245154604315758,0.03811219707131386,0.08836626261472702,0.1978427916765213,2.4930951595306396,16.163345336914062,40.367130279541016,,51.65586857729866,-44.23177720615271,1.3291667241837186,0.13861790705954
301,131072,126834,4238,0,4238,126230,124116,0,2114,87,517,0,119421,4695,0,0,1.1769849061965942,4.555593013763428,5.577512741088867,8.349285125732422,15.795811653137207,30.75648832321164,41.6165761566162,100.86698150634766,4.378148078918457,4.5541603565216064,5.5468281507492065,8.22669506072998,15.826751708984375,29.83034658432007,40.347547149658205,49.77662658691406,0.0014285714132711291,0.035428572446107864,0.10857142508029938,0.19371429085731506,0.34314286708831787,0.6697142720222473,0.933905719518661,1.6285713911056519,0.0014285714132711291,0.036571428179740906,0.10885713994503021,0.19285714626312256,0.3377857133746147,0.6434285640716553,0.9105714559555054,1.6285713911056519,0,0,0.0014285714132711291,1.4017143249511719,0.00020837783813476562,0,3.250595334791319e-08,2.1492765014822266e-05,0.00010957091635794747,0.00027126433625447707,0.000624851874449725,0.0023393178600257776,0.004168828451441154,0.013118358520620784,122674,0.02641521580517292,0.027855865191668272,0.03771317936480045,0.06349556893110275,0.187726229429245,4.392915248870842,18.310026626586925,40.016151428222656,121675,0.020041698589920998,0.02725156731903553,0.03814108297228813,0.0896710604429245,0.19944311678409576,2.517353320121765,16.337188682556132,40.12110900878906,,51.72844395335532,-44.33011152986942,1.359803415206787,0.12599774310451436
302,131072,126939,4133,0,4133,126327,124290,0,2037,85,527,0,119624,4666,0,0,1.1486698389053345,4.550691080093384,5.6133713722229,8.400077819824219,15.953425407409668,30.745911407470686,41.73219184875488,100.77446746826172,4.372425079345703,4.549652695655823,5.585667848587036,8.279723167419434,15.984189510345459,29.873128128051754,40.40469985961914,49.994991302490234,0.0014285714132711291,0.035428572446107864,0.10942856967449188,0.1940000057220459,0.34457144141197205,0.670285701751709,0.9301771318912493,1.6297142505645752,0.0014285714132711291,0.03685714304447174,0.10971428453922272,0.1931428611278534,0.3391428589820862,0.6437143087387085,0.9068885648250582,1.6297142505645752,0,0,0.0011428571306169033,1.299142837524414,0.00020837783813476562,0,1.6074956521651712e-09,2.376982479247063e-05,0.000114904791563736,0.000275792088251035,0.000636558900007407,0.0023432473549642955,0.004181739945319396,0.012717640564972219,122796,0.026393678039312363,0.027797401417046785,0.037923673167824745,0.0641428530216217,0.18742966279387474,4.384371042251587,18.48124542236328,39.3111686706543,121827,0.020021088421344757,0.02720822226256132,0.038262899965047836,0.09074917435646057,0.1991538405418396,2.514454627037048,16.275962448120122,39.1061897277832,,51.79856828558384,-44.415887974390834,1.361286386432042,0.11080261553269662
303,131072,127057,4015,0,4015,126441,124462,0,1979,90,526,0,119817,4645,0,0,1.0787187814712524,4.544925212860107,5.6306047439575195,8.44186782836914,16.053560256958008,30.698891448974607,41.72710113525392,100.69207000732422,4.366148471832275,4.544043064117432,5.605070114135742,8.31723690032959,16.06855297088623,29.883951377868648,40.305328598022456,49.976627349853516,0.001714285695925355,0.035999998450279236,0.10999999940395355,0.19371429085731506,0.34285715222358704,0.6689142942428581,0.9351428747177124,1.6208571195602417,0.001714285695925355,0.037142857909202576,0.11028571426868439,0.19285714626312256,0.3382857143878937,0.6422714203596107,0.9105085688829418,1.6208571195602417,0,0,0.0014285714132711291,1.4922857284545898,0.00020837783813476562,0,6.787158354063393e-08,2.5082725584383912e-05,0.00011811174942235235,0.00027884354561150544,0.0006410025337675957,0.0023734152559452904,0.004180512127005889,0.012968439500977534,122963,0.026456478983163834,0.02774940337985754,0.03799656964838505,0.06426989287137985,0.18732312321662903,4.285192680358886,18.12313804626465,39.213157653808594,122040,0.02006024867296219,0.027213426120579243,0.03826472721993923,0.09098167717456818,0.20143314823508263,2.5426502704620315,16.71661891937256,39.33125305175781,,51.870945464719796,-44.50902632467727,1.3567255089841745,0.11804240745110131
304,131072,127099,3973,0,3973,126505,124620,0,1885,92,502,0,120062,4558,0,0,1.156997799873352,4.540688228607178,5.645226001739502,8.447674751281738,16.104701042175293,30.6576040267944,41.78745918273926,100.53307342529297,4.361425399780273,4.539923691749573,5.619385242462158,8.346765518188477,16.121325969696045,29.921959304809548,40.42712810516357,49.96525955200195,0.0020000000949949026,0.03514285758137703,0.10999999940395355,0.19371429085731506,0.3434285819530487,0.6671428680419922,0.930291407108308,1.632285714149475,0.0020000000949949026,0.036571428179740906,0.11028571426868439,0.19257143139839172,0.3385714292526245,0.6434285640716553,0.9105171644687646,1.632285714149475,0,0,0.001714285695925355,1.4028571844100952,0.00020837783813476562,0,5.768586771563281e-08,2.5753433215077844e-05,0.00011988114161558098,0.0002827519178996508,0.0006434646202663795,0.002366826209678206,0.004247467939938338,0.013008149040086998,123162,0.02643226459622383,0.027716620545834302,0.038145193830132484,0.06529612839221954,0.19024138897657394,4.602271461486816,18.637146034240722,39.36615753173828,122190,0.02005591243505478,0.02719324817880988,0.03843696229159832,0.09156349301338196,0.20172827318310738,2.43481591939925,16.221981830596935,38.88913345336914,,51.93346809156408,-44.58984364403835,1.3606131699067978,0.1022527842343177
305,131072,127061,4011,0,4011,126483,124680,0,1803,89,489,0,120133,4547,0,0,1.1506686210632324,4.541924953460693,5.643327713012695,8.456488609313965,16.121356964111328,30.611751556396484,41.83398590087888,99.95606231689453,4.363852024078369,4.541006660461425,5.617169380187988,8.347183227539062,16.13395404815674,29.79003934860228,40.39504611968984,49.96139144897461,0.0020000000949949026,0.035428572446107864,0.11028571426868439,0.1940000057220459,0.34228572249412537,0.6671428680419922,0.9240000247955322,1.6271429061889648,0.0020000000949949026,0.03685714304447174,0.11057142913341522,0.1931428611278534,0.337714284658432,0.6445714235305786,0.9011428356170654,1.6271429061889648,0,0,0.0014285714132711291,1.1448571681976318,0.00020837783813476562,0,6.479252962247389e-08,2.6011694854791068e-05,0.0001212210707645585,0.0002835259185460262,0.0006443625747832983,0.0023667294205867006,0.004238599202425656,0.01292989791156015,123179,0.026427922770380974,0.02774216830730438,0.03818947449326515,0.06582629680633545,0.1903894692659378,4.514071559906004,18.946135520935062,39.7932243347168,122213,0.020047372207045555,0.027181390672922134,0.03851538151502609,0.09197556227445602,0.2026342898607254,2.509456920623777,16.253002471923832,38.33417892456055,,52.00926282189067,-44.6760758778295,1.3451053495537526,0.11585047165201191
306,131072,127200,3872,0,3872,126584,124839,0,1745,90,526,0,120253,4586,0,0,1.1615428924560547,4.544924736022949,5.63157320022583,8.44677734375,16.070366859436035,30.557764816284166,42.17168666839597,100.53328704833984,4.369093418121338,4.54412202835083,5.608292102813721,8.33517074584961,16.07098388671875,29.726048660278312,40.590983886718746,49.95388412475586,0.0020000000949949026,0.035999998450279236,0.10999999940395355,0.19457143545150757,0.34228572249412537,0.6625714302062988,0.9154285788536072,1.6282857656478882,0.0020000000949949026,0.037142857909202576,0.11057142913341522,0.1940000057220459,0.337714284658432,0.6408571600914001,0.8994285464286804,1.6282857656478882,0,0,0.001714285695925355,0.9574285745620728,0.00020837783813476562,0,4.095970308564064e-08,2.5634587365796557e-05,0.00012108410320305947,0.00028320527903378406,0.0006421600257605461,0.00235383395636791,0.00424682048969359,0.012891061958344897,123430,0.026439348235726357,0.02777316179126501,0.038169207982718945,0.06605228781700134,0.18882739171385765,4.4851815700531,19.020889511108333,40.65915298461914,122515,0.020007789134979248,0.027224808931350708,0.03858824819326401,0.09174193441867828,0.2022574469447136,2.4775733232498056,16.370801887512208,38.772220611572266,,52.094673294156216,-44.77157616344909,1.3372746729223686,0.12836110323050504
307,131072,127134,3938,0,3938,126500,124810,0,1690,93,541,0,120169,4641,0,0,1.1548906564712524,4.54506516456604,5.617595911026001,8.473340034484863,16.056704998016357,30.52213268280029,42.34972995758056,99.83729553222656,4.367093563079834,4.54437038898468,5.595533847808838,8.357436180114746,16.04810667037964,29.654087448120098,40.53775127410891,49.82473373413086,0.001714285695925355,0.0357142873108387,0.10942856967449188,0.19428572058677673,0.3402857184410095,0.6628571152687073,0.9162856936454773,1.6260000467300415,0.001714285695925355,0.03742857277393341,0.10999999940395355,0.19371429085731506,0.335999995470047,0.6411428451538086,0.9030914407968541,1.6260000467300415,0,0,0.0014285714132711291,0.925428569316864,0.00020837783813476562,0,4.444464050095822e-08,2.5128353033988155e-05,0.00012133500316142508,0.00028446697855332294,0.0006472203118163001,0.002351998042947864,0.004226271455844998,0.01265512630454861,123316,0.02647739090025425,0.027746531646698713,0.038044920191168785,0.06624133884906769,0.18651030585169792,4.246045827865601,18.752187061309854,40.84116744995117,122382,0.020050644874572754,0.027232848480343817,0.038742292672395706,0.09213417768478394,0.2037832997739315,2.520309770107269,16.32221551895144,38.72121810913086,,52.17902548657413,-44.86257400287688,1.330284224120206,0.12427697099902034
308,131072,127199,3873,0,3873,126589,124957,0,1632,93,517,0,120386,4571,0,0,1.1054729223251343,4.544918584823608,5.59340238571167,8.483168601989746,15.98520803451538,30.22457847595211,42.406872329711916,99.6874771118164,4.364851474761963,4.544525814056397,5.572962284088135,8.372170448303223,15.977559089660645,29.29236640930175,40.480981597900396,49.9119873046875,0.0014285714132711291,0.0357142873108387,0.10971428453922272,0.19428572058677673,0.3385714292526245,0.661142885684967,0.9105714559555054,1.6294286251068115,0.0014285714132711291,0.03685714304447174,0.10999999940395355,0.19371429085731506,0.33485713601112366,0.6417142748832703,0.895714282989502,1.6294286251068115,0,0,0.001714285695925355,1.2680000066757202,0.00020837783813476562,0,3.1844156145820276e-08,2.423978866892549e-05,0.00012081789661974997,0.0002854215875958546,0.0006439925443629145,0.002337214626487799,0.004148714055173737,0.012781686851903435,123565,0.026479320600628853,0.027773597463965415,0.03793146461248398,0.06676160544157028,0.1878371238708496,4.413035297393788,19.129255371093752,40.9041633605957,122585,0.02006465196609497,0.02722545824944973,0.03905733674764633,0.09169130027294159,0.20308612287044525,2.4251684188842697,16.207500228881845,38.87517166137695,,52.26308272313515,-44.96557999636298,1.3270038187990074,0.13299103267290013
309,131072,127241,3831,0,3831,126637,125069,0,1568,90,514,0,120534,4535,0,0,1.1394494771957397,4.545896530151367,5.571321964263916,8.517849922180176,15.940025329589844,30.294170379638672,42.57392654418953,122.68643188476562,4.36409330368042,4.545253467559815,5.548117160797119,8.406986236572266,15.920912742614746,29.48162498474116,40.540327606200954,49.87321472167969,0.001714285695925355,0.0357142873108387,0.10914285480976105,0.19457143545150757,0.3382857143878937,0.6597142815589905,0.9097142815589905,1.6225714683532715,0.001714285695925355,0.037142857909202576,0.10971428453922272,0.1940000057220459,0.3345714211463928,0.6422857046127319,0.8984685444831805,1.6225714683532715,0,0,0.0014285714132711291,1.01714289188385,0.00020837783813476562,0,6.757431570199183e-08,2.3090097967533504e-05,0.00012054078841301027,0.0002862468196339242,0.0006434414106858661,0.002345937530449655,0.00423176347378614,0.012933518464182728,123684,0.026479335501790047,0.027761626057326794,0.03780848439782858,0.06730133295059204,0.1880197785794735,4.389975929260232,19.425736560821527,40.83015441894531,122716,0.02007240615785122,0.027243028860539198,0.039375316351652145,0.09167720377445221,0.20415813848376274,2.496810257434845,16.220662117004398,40.84611892700195,,52.35970896701772,-45.073242644828404,1.3000689201228013,0.14715082618911757
310,131072,127188,3884,0,3884,126567,125052,0,1515,91,530,0,120535,4517,0,0,1.0879368782043457,4.547889494895935,5.550044417381287,8.544658660888672,15.913830757141113,30.13920497894287,42.734096183776856,99.65238189697266,4.368851661682129,4.547409462928772,5.527072429656982,8.423927307128906,15.892171859741211,29.332755470275877,40.51902317047119,49.883514404296875,0.001714285695925355,0.035428572446107864,0.1080000028014183,0.1940000057220459,0.33657142519950867,0.6582857370376587,0.9114657175540938,1.6302857398986816,0.001714285695925355,0.03685714304447174,0.10857142508029938,0.19371429085731506,0.3334285616874695,0.6399999856948853,0.8971428275108337,1.6302857398986816,0,0,0.0014285714132711291,1.1482857465744019,0.0002079010009765625,0,1.0858928885454611e-07,2.1232970882812733e-05,0.00011874752421892705,0.00028781005773547265,0.0006442511594630194,0.002325546783900141,0.004256640184477119,0.012736895774490808,123624,0.026439370587468147,0.027766992431133987,0.037685033865273,0.06795583665370941,0.187832809984684,4.322354960441588,19.28592515945435,38.991146087646484,122635,0.02010427787899971,0.027243133634328842,0.03973011486232281,0.09177134186029434,0.2047930583357811,2.4808991193771304,16.754219665527355,39.096187591552734,,52.45636982194651,-45.19364751331197,1.2975508863257461,0.15442471863116214
311,131072,127252,3820,0,3820,126668,125208,0,1460,92,492,0,120658,4550,0,0,1.090709924697876,4.547567844390869,5.546377539634705,8.541227340698242,15.847869157791138,30.034767723083494,42.737309303283716,99.22998046875,4.371148109436035,4.547355484962464,5.520593166351318,8.440502166748047,15.836827516555786,29.432561969757078,40.503939056396476,49.9168586730957,0.0020000000949949026,0.03514285758137703,0.1080000028014183,0.19371429085731506,0.33657142519950867,0.6565714478492737,0.900857150554657,1.6265714168548584,0.0020000000949949026,0.03628571331501007,0.10857142508029938,0.19342857599258423,0.33314284682273865,0.6394285559654236,0.8894285559654236,1.6265714168548584,0,0,0.0014285714132711291,1.2188571691513062,0.00020837783813476562,0,4.110365431378863e-08,2.087227452758321e-05,0.00011835228658177394,0.00028852886084722464,0.0006464875348622066,0.002332310658932262,0.004242699313355068,0.012629401232324618,123839,0.02647787146270275,0.02776714824140072,0.03779282793402672,0.06879215687513351,0.1877736672759056,4.376474380493157,19.620728454589837,38.81715393066406,122855,0.020098760724067688,0.027243356965482236,0.040071381255984306,0.09236587584018707,0.20662059634923935,2.494188046455382,16.959109916686785,38.810176849365234,,52.55430452719915,-45.305184244873416,1.3193196596215921,0.15001842710526284
312,131072,127340,3732,0,3732,126713,125299,0,1414,89,538,0,120757,4542,0,0,1.0897107124328613,4.550237703323364,5.565967559814453,8.569390296936035,15.865751504898071,30.00001716613769,42.88649715423584,99.10520935058594,4.3770928382873535,4.5499485492706295,5.5411765575408936,8.476240158081055,15.843272686004639,29.367049789428705,40.54900856018069,49.860042572021484,0.001714285695925355,0.034857142716646194,0.10742857307195663,0.19371429085731506,0.33628571033477783,0.6568571329116821,0.8948571681976318,1.632857084274292,0.001714285695925355,0.03628571331501007,0.10828571766614914,0.19342857599258423,0.3334285616874695,0.6422857046127319,0.8820228850841568,1.632857084274292,0,0,0.0014285714132711291,1.1685714721679688,0.00020837783813476562,0,1.7933925827719017e-08,2.1540800655767682e-05,0.0001201791484357188,0.00029092430588145745,0.0006500761877454201,0.0023448180923120693,0.00425957728382259,0.012690150979927445,123957,0.02648502215743065,0.027773062884807586,0.037911489605903625,0.06985559314489365,0.1891023963689804,4.3502197265625,19.745380935668948,40.174163818359375,122923,0.020111242309212685,0.02727815117686987,0.04052499867975712,0.09275378286838531,0.20703641325235367,2.4982056617736776,16.790191383361815,40.161190032958984,,52.641759685376,-45.40178390722574,1.3312277282924927,0.13084991997625464
313,131072,127412,3660,0,3660,126787,125422,0,1365,90,535,0,120917,4505,0,0,1.148443579673767,4.55299596786499,5.589432954788208,8.57489013671875,15.89281177520752,29.945645427703855,43.099057083129885,98.89698028564453,4.368093013763428,4.552755451202392,5.563979983329773,8.505866050720215,15.857617616653442,29.366603088378902,40.67732788085933,49.86539077758789,0.001714285695925355,0.03457142785191536,0.10771428793668747,0.19371429085731506,0.3368571400642395,0.6562857031822205,0.8945399981737135,1.6174285411834717,0.001714285695925355,0.0357142873108387,0.10857142508029938,0.19371429085731506,0.334285706281662,0.6414285898208618,0.8854285478591919,1.6174285411834717,0,0,0.001714285695925355,0.8822857141494751,0.0002079010009765625,0,4.4720111897064747e-08,2.2337489592608452e-05,0.00012195175525786268,0.00029449478195620244,0.000653944988867762,0.0023438381761774064,0.004260292992640229,0.012668100455969823,124098,0.02653435431420803,0.027798917796462774,0.038159278221428394,0.07057711482048035,0.19054634124040604,4.502515888214099,19.945296020507808,40.16815948486328,123120,0.020108506083488464,0.027268805727362632,0.04100038018077612,0.09329316765069962,0.20839688181877136,2.5283738255500716,17.164220161437957,40.1801872253418,,52.74065325100719,-45.51565854887789,1.3245150111692487,0.15097162616144502
314,131072,127406,3666,0,3666,126765,125507,0,1258,89,552,0,121059,4448,0,0,1.090709924697876,4.556514024734497,5.606503844261169,8.576800346374512,15.877360343933105,29.994946002960205,43.36081275939938,98.74098205566406,4.379850387573242,4.556394577026367,5.581751108169556,8.504067420959473,15.843728065490723,29.374319076538086,40.85211036682129,49.88799285888672,0.001714285695925355,0.034285712987184525,0.10771428793668747,0.19285714626312256,0.3368571400642395,0.656000018119812,0.889985701441764,1.6302857398986816,0.001714285695925355,0.0357142873108387,0.10857142508029938,0.19285714626312256,0.334285706281662,0.6420000195503235,0.8819828844070441,1.6302857398986816,0,0,0.001714285695925355,1.0357142686843872,0.00020837783813476562,0,4.2189780086411355e-08,2.2645825659888625e-05,0.0001225174069903434,0.0002963886910154007,0.0006568319237168208,0.002343992148401467,0.004300113604527806,0.012546670781556482,124224,0.026546427980065346,0.027835525386035443,0.03833683580160141,0.07140907645225525,0.1907888762652874,4.409932422637922,20.049311828613313,40.259159088134766,123242,0.020120415836572647,0.027295199874788522,0.04131436347961426,0.09387996047735214,0.20835258066654205,2.4896893739700303,17.377492141723625,40.164188385009766,,52.84124111231874,-45.62125606769608,1.3271877878880582,0.1458625982189384
315,131072,127295,3777,0,3777,126665,125453,0,1212,88,542,0,121016,4437,0,0,1.1565461158752441,4.556567192077637,5.62457013130188,8.595711708068848,15.828143119812012,29.808772277832,43.3010400390625,123.52767944335938,4.377147674560547,4.55650110244751,5.603950023651123,8.53132152557373,15.784375190734863,29.214489364624022,40.85527603149408,49.99799728393555,0.0020000000949949026,0.03400000184774399,0.1071428582072258,0.19285714626312256,0.33657142519950867,0.6537142992019653,0.8857142925262451,1.6305714845657349,0.0020000000949949026,0.03514285758137703,0.1080000028014183,0.19285714626312256,0.334285706281662,0.6408571600914001,0.8795657229423511,1.6305714845657349,0,0,0.001714285695925355,1.3514286279678345,0.0002079010009765625,0,4.4720111897064747e-08,2.2900640857440212e-05,0.00012259571079364877,0.0002979770546851903,0.0006592854353662678,0.0023440141419680174,0.004256307127564323,0.015858940863718595,124140,0.026530686765909195,0.027828909829258917,0.03859196789562702,0.07201196998357773,0.191106129437685,4.378249239921563,19.969698619842532,39.31013107299805,123163,0.020195912569761276,0.02730321604758501,0.04191135987639427,0.09416865557432175,0.20799189060926437,2.4812839746475217,17.110645675659185,39.399173736572266,,52.94032156283338,-45.73133542144296,1.3221594428828152,0.14818800237875512
316,131072,127248,3824,0,3824,126652,125457,0,1195,86,510,0,121097,4360,0,0,1.0879368782043457,4.5545501708984375,5.644107103347778,8.61345100402832,15.87183928489685,29.772643470764148,43.3913529586792,98.47821044921875,4.379953861236572,4.554452133178711,5.621703624725342,8.545464515686035,15.82310676574707,29.207027435302734,41.070570678710965,49.99947738647461,0.001714285695925355,0.03371428698301315,0.10657142847776413,0.19285714626312256,0.33714285492897034,0.6531428694725037,0.8891428709030151,1.6274285316467285,0.001714285695925355,0.034857142716646194,0.10742857307195663,0.19285714626312256,0.33485713601112366,0.6405714154243469,0.8837142586708069,1.6274285316467285,0,0,0.001714285695925355,1.50600004196167,0.00020837783813476562,0,4.3656819986081754e-08,2.2739528954476456e-05,0.00012282399956742366,0.00029946936764131747,0.0006643342665242889,0.002347426611092956,0.004250351994643837,0.012424130214967782,124131,0.02652929723262787,0.027802609838545322,0.038753217086195946,0.07321783155202866,0.1934504359960556,4.4422149658203125,20.20485858917236,38.93315124511719,123129,0.0200778990983963,0.02728225886821747,0.042457424104213715,0.09504546225070953,0.2101740688085556,2.5192751407623293,17.079660110473636,38.80717468261719,,53.04148530308482,-45.851087163652956,1.3208735353264227,0.15676809516682227
317,131072,127247,3825,0,3825,126652,125505,0,1147,90,505,0,121127,4378,0,0,1.151667833328247,4.551862525939941,5.678737640380859,8.643710136413574,15.880361080169678,29.79457168579101,43.50306472778319,96.05415344238281,4.304076671600342,4.551913166046143,5.658200263977051,8.580501556396484,15.836339950561523,29.16686515808103,41.23003982543943,49.96873092651367,0.001714285695925355,0.03342857211828232,0.10657142847776413,0.19257143139839172,0.337714284658432,0.6514285802841187,0.8825713992118835,1.6294286251068115,0.001714285695925355,0.03457142785191536,0.10742857307195663,0.19257143139839172,0.3354285657405853,0.6399999856948853,0.8794285655021667,1.6294286251068115,0,0,0.001714285695925355,1.0379999876022339,0.00020837783813476562,0,4.4720111897064747e-08,2.2611008926555073e-05,0.00012343620519240125,0.0003013123419238539,0.000668741029959495,0.0023567385077258277,0.004267950424329189,0.012491622914275266,124187,0.02633717656135559,0.027810095250606535,0.03901749476790428,0.07411811500787735,0.19550885260105133,4.47787137031555,20.206296577453614,39.44813537597656,123171,0.020146729424595833,0.027303350158035755,0.0430881567299366,0.09545468538999557,0.21124367415905,2.528925895690918,17.306127929687502,39.04213333129883,,53.14617305586427,-45.968003643590485,1.3221762356275963,0.15694166397444692
318,131072,127400,3672,0,3672,126806,125686,0,1120,87,507,0,121344,4342,0,0,1.135903239250183,4.549151182174683,5.704191207885742,8.655840873718262,15.896291732788086,29.779222202301014,43.65251018524168,95.89816284179688,4.191874980926514,4.549163341522217,5.684809565544128,8.602560043334961,15.849028825759888,29.091320514678955,41.451132202148415,49.966678619384766,0.0014285714132711291,0.03314285725355148,0.10599999874830246,0.19200000166893005,0.339428573846817,0.6502857208251953,0.8825713992118835,1.617142915725708,0.0014285714132711291,0.034285712987184525,0.10685714334249496,0.1922857165336609,0.33742856979370117,0.6396428644657135,0.87971431016922,1.617142915725708,0,0,0.0014285714132711291,1.1611428260803223,0.00020837783813476562,0,5.6065356896132966e-08,2.2953156822579627e-05,0.00012478457274694152,0.0003034895068603808,0.000673550682128434,0.0023719585677713035,0.004246990581164697,0.01246210699877908,124379,0.025814227759838104,0.02784223761409521,0.03927137516438961,0.075099416077137,0.1961674913764,4.453282833099361,20.333801155090345,39.47913360595703,123462,0.020121540874242783,0.027332067769020797,0.04358952585607767,0.09597733616828918,0.21129655465483665,2.544185435771942,17.520346889495848,39.449161529541016,,53.241651308227055,-46.080613956471026,1.3304211968153679,0.1478687209192449
319,131072,127530,3542,0,3542,126936,125831,0,1105,84,510,0,121525,4306,0,0,1.1805306673049927,4.545062255859375,5.72735857963562,8.676448822021484,15.929126977920532,29.76556558609008,43.74497070312499,95.82915496826172,4.110639572143555,4.545016050338745,5.7120301723480225,8.616734504699707,15.875343322753906,29.107516288757324,41.490112686157225,49.97768020629883,0.0020000000949949026,0.03314285725355148,0.10457143187522888,0.19114285707473755,0.33799999952316284,0.648442846536633,0.8776314276456809,1.6262856721878052,0.0020000000949949026,0.03400000184774399,0.10571428388357162,0.19142857193946838,0.3361428529024124,0.6377142667770386,0.8748571276664734,1.6262856721878052,0,0,0.001714285695925355,1.2428570985794067,0.00020837783813476562,0,4.4720111897064747e-08,2.295761403905569e-05,0.0001253816494450264,0.0003041996419281399,0.000678252584717063,0.0023822544292457296,0.004252327731438842,0.012444480022106262,124645,0.02522912435233593,0.027850988134741784,0.03940196707844734,0.07594460994005203,0.1985870599746704,4.47688941955564,20.52553688049315,39.40413284301758,123700,0.019685840234160423,0.027329920418560506,0.04411678109318018,0.09627439081668854,0.21159489825367928,2.519709408283229,17.477201042175274,39.43012619018555,,53.34513745536267,-46.19363846825249,1.333346008530264,0.15327255930524164
320,131072,127435,3637,0,3637,126844,125812,0,1032,89,502,0,121511,4301,0,0,1.1755338907241821,4.5391871452331545,5.758229732513428,8.729711532592773,15.99831485748291,29.751738739013664,44.054607925415056,95.59999084472656,4.055384159088135,4.539340448379517,5.740292072296143,8.6668701171875,15.921581268310547,29.20274124145507,41.79089874267578,49.95848083496094,0.001714285695925355,0.03285714238882065,0.10428571701049805,0.19114285707473755,0.33885714411735535,0.6448571681976318,0.8681885623931894,1.6260000467300415,0.001714285695925355,0.03400000184774399,0.10542856901884079,0.19114285707473755,0.33714285492897034,0.6345714330673218,0.8659999966621399,1.6260000467300415,0,0,0.0014285714132711291,1.2928571701049805,0.0002079010009765625,0,1.3957132198572685e-08,2.3214164115866423e-05,0.00012613050663127959,0.0003089849039924539,0.0006884502750090606,0.002397068790747816,0.0042823948313869846,0.0124302686566197,124625,0.024704894050955772,0.02785191163420677,0.03981037065386772,0.07694806903600693,0.20221734046936035,4.596125698089587,20.6256700134277,40.01511764526367,123667,0.019792424514889717,0.027394575625658037,0.04482712410390377,0.09679567813873291,0.21315626055002213,2.5776533603668206,17.60767013549799,40.153175354003906,,53.447442122196435,-46.301198701234306,1.3299332372985222,0.14848264404485556
321,131072,127416,3656,0,3656,126818,125850,0,968,89,509,0,121515,4335,0,0,1.1655402183532715,4.533847093582153,5.770963549613953,8.783881187438965,15.980161905288696,29.66823959350586,44.083239936828626,95.56465148925781,3.9613890647888184,4.534087181091309,5.754599571228027,8.710577011108398,15.90709400177002,29.130357074737518,41.797847213745115,49.955078125,0.0020000000949949026,0.03314285725355148,0.10371428728103638,0.19142857193946838,0.33971428871154785,0.6411428451538086,0.8673857390880602,1.6239999532699585,0.0020000000949949026,0.034285712987184525,0.10457143187522888,0.19142857193946838,0.33799999952316284,0.6325713992118835,0.864717151522635,1.6239999532699585,0,0,0.001714285695925355,1.1405714750289917,0.0002079010009765625,0,3.310806431361452e-08,2.2543541790932306e-05,0.0001261230609818267,0.0003113938989087651,0.0006912649544549187,0.002418744208861248,0.0042998442516063275,0.0127142266550447,124724,0.02432064712047577,0.02785505661740899,0.04021115228533745,0.07822120934724808,0.2041991949081421,4.541539096832275,20.500482425689707,40.06912612915039,123780,0.01937766559422016,0.02731186794117093,0.045070658437907696,0.09678032994270325,0.21508973464369774,2.579687476158141,17.464036521911556,39.75718307495117,,53.552318947693365,-46.42183490069051,1.3348607103506172,0.1599266117199715
322,131072,127177,3895,0,3895,126606,125626,0,980,88,483,0,121247,4379,0,0,1.175877332687378,4.527711296081543,5.786745548248291,8.860994338989258,16.003597259521484,29.581480407714835,44.185023193359385,95.3018569946289,3.895392417907715,4.527907133102417,5.771440863609314,8.789653778076172,15.932366847991943,29.153557300567627,42.04631042480469,49.98373031616211,0.001714285695925355,0.03342857211828232,0.10342857241630554,0.19200000166893005,0.3408571481704712,0.6408571600914001,0.8617143034934998,1.6297142505645752,0.001714285695925355,0.034285712987184525,0.10428571701049805,0.1922857165336609,0.33964285999536514,0.6328571438789368,0.8605714440345764,1.6297142505645752,0,0,0.0014285714132711291,0.7608571648597717,0.00020837783813476562,0,6.470330272572616e-08,2.2588708389381965e-05,0.0001265285663109647,0.00031507760717072866,0.0006974683264786449,0.002431691834904419,0.004278874926248572,0.012760302644184165,124488,0.023608185350894928,0.027815541345626117,0.04070498235523701,0.07899487018585205,0.2039189636707306,4.355279231071472,20.120376033782968,40.64112091064453,123577,0.0185911413282156,0.027319309115409852,0.045821890234947205,0.09679403901100159,0.217295303940773,2.593152046203613,17.362991714477577,40.05415344238281,,53.63833722912544,-46.534377735352734,1.3663426247723414,0.14510735787682363
323,131072,126940,4132,0,4132,126357,125435,0,922,88,495,0,121074,4361,0,0,1.1142290830612183,4.519799709320068,5.793774247169495,8.93549919128418,15.987626075744629,29.747078800201407,44.19490131378174,95.16900634765625,3.8359341621398926,4.520138788223266,5.779953241348267,8.867812156677246,15.906208515167236,29.343599891662596,41.95949546813966,49.99665069580078,0.001714285695925355,0.03342857211828232,0.1022857129573822,0.19200000166893005,0.34200000762939453,0.6359999775886536,0.855031414628029,1.6242856979370117,0.001714285695925355,0.03457142785191536,0.10314285755157471,0.1922857165336609,0.3408571481704712,0.6291428804397583,0.8551428318023682,1.6242856979370117,0,0,0.001714285695925355,0.8240000009536743,0.00020837783813476562,0,8.033732759734486e-08,2.307927590680239e-05,0.0001276850845698464,0.0003159343425267021,0.0007028553977159038,0.0024597195358677733,0.0043047095566286124,0.012959491733324972,124248,0.02325456216931343,0.027773522213101386,0.04119852092117071,0.08027790486812592,0.21092743054032326,4.466670298576345,20.26751554489135,39.78612518310547,123398,0.018358264118433,0.02734606107696891,0.0463921632617712,0.0969841480255127,0.21823615953326225,2.559663450717926,17.13719383239746,39.872161865234375,,53.72838036043661,-46.640016302191206,1.3920559665760945,0.14116815592308166
324,131072,126917,4155,0,4155,126338,125440,0,898,91,488,0,121025,4415,0,0,1.100927472114563,4.512139987945557,5.821329593658447,9.03011417388916,16.041418075561523,30.038772583007805,44.24991333007812,95.04801177978516,3.7904441356658936,4.5126214027404785,5.802284121513367,8.962774276733398,15.960179328918457,29.491485977172847,42.02823570251465,49.981014251708984,0.0014285714132711291,0.03342857211828232,0.1014285683631897,0.19171428680419922,0.34228572249412537,0.6328571438789368,0.852571427822113,1.6237143278121948,0.0014285714132711291,0.03457142785191536,0.1022857129573822,0.19200000166893005,0.341142863035202,0.6268571615219116,0.852571427822113,1.6237143278121948,0,0,0.001714285695925355,0.8711428642272949,0.00020837783813476562,0,3.291534223872893e-09,2.3328833544461865e-05,0.00012798229111791673,0.00031715486310448024,0.0007134178141072474,0.002495180277754181,0.004311335771343655,0.012940301777577833,124284,0.022929249331355095,0.02772961026057601,0.04162544384598732,0.0815260261297226,0.21283187717199326,4.380977606773349,20.171016521453847,39.760128021240234,123407,0.018274011090397835,0.027402907982468604,0.047392915934324265,0.09773168712854385,0.22338149696588516,2.5942342281341553,17.46690925598146,39.71212387084961,,53.80111508557237,-46.731153767008934,1.4109456546354542,0.118123655755132
325,131072,126821,4251,0,4251,126228,125349,0,879,92,501,0,120919,4430,0,0,1.1386765241622925,4.5070085525512695,5.848882675170898,9.097189903259277,16.161529541015625,30.672576904296875,44.35317840576172,95.01448059082031,3.7481918334960938,4.507351398468018,5.833039283752441,9.041769027709961,16.08172607421875,29.797815322875973,42.17401321411135,49.99137878417969,0.0020000000949949026,0.03314285725355148,0.10057143121957779,0.19114285707473755,0.3417142927646637,0.6322857141494751,0.8460000157356262,1.6291428804397583,0.0020000000949949026,0.034285712987184525,0.10171428322792053,0.19142857193946838,0.34057143330574036,0.6257143020629883,0.8460000157356262,1.6291428804397583,0,0,0.001714285695925355,0.9902856945991516,0.00020837783813476562,0,1.2897241512732686e-08,2.384074566791859e-05,0.0001293251427282604,0.0003207700158129918,0.0007213239300185005,0.0025281710955133915,0.004330475439798567,0.012924069199424185,124131,0.02264607697725296,0.027682671323418617,0.04186107777059078,0.08249304443597794,0.21353572607040405,4.340505123138428,20.30358505249017,42.232147216796875,123317,0.017787298187613487,0.027408572658896447,0.04807848855853081,0.09809229522943497,0.22194060683250427,2.613342666625975,17.541632232666,40.47614669799805,,53.872907405325996,-46.832910539498606,1.4194154984789251,0.12482113674315999
326,131072,127021,4051,0,4051,126395,125569,0,826,88,538,0,121105,4464,0,0,1.1691924333572388,4.505040168762207,5.868195056915283,9.155829429626465,16.209823608398438,31.2022762298584,44.433755493164064,94.9498519897461,3.6871955394744873,4.505516529083252,5.8521952629089355,9.091387748718262,16.13210678100586,30.339276885986294,42.30847106933594,49.997859954833984,0.0014285714132711291,0.03314285725355148,0.09942857176065445,0.1899999976158142,0.34142857789993286,0.6342856884002686,0.8434285521507263,1.6242856979370117,0.0014285714132711291,0.03457142785191536,0.10057143121957779,0.19028571248054504,0.34057143330574036,0.6290285825729345,0.8432342863082865,1.6242856979370117,0,0,0.0014285714132711291,0.9319999814033508,0.00020837783813476562,0,1.6270408141566377e-07,2.33190680757596e-05,0.00012988541316943353,0.0003239114697629089,0.0007248436101660447,0.002555132790006565,0.004389996513977348,0.012914859230965983,124409,0.022705011069774628,0.02769471928477287,0.042127180844545364,0.08323858678340912,0.21464067697525024,4.382514381408686,20.23835350036619,40.21013259887695,123592,0.017957566305994987,0.027473873272538186,0.04845915827900171,0.09913408756256104,0.22429072484374046,2.5832085490226744,17.25574758529661,43.886138916015625,,53.95257711562362,-46.91847726364528,1.4144871047839263,0.11701801606809477
327,131072,127127,3945,0,3945,126538,125759,0,779,90,499,0,121302,4457,0,0,1.1445538997650146,4.504829931259155,5.884256601333618,9.198219299316406,16.246543884277344,31.610083389282224,44.363138656616215,95.02464294433594,3.6581971645355225,4.50557508468628,5.870436429977417,9.131913185119629,16.1674861907959,30.821451759338377,42.38560493469238,49.94762420654297,0.001714285695925355,0.03342857211828232,0.09885714203119278,0.1891428530216217,0.341142863035202,0.6328571438789368,0.8434285521507263,1.6305714845657349,0.001714285695925355,0.03457142785191536,0.09971428662538528,0.18942856788635254,0.3402857184410095,0.6265714168548584,0.8429771351814265,1.6305714845657349,0,0,0.0014285714132711291,1.1017142534255981,0.00020837783813476562,0,3.017125696606668e-08,2.404503930535704e-05,0.00013070524584668774,0.000325722838893714,0.0007257808757374352,0.002571888259666365,0.004363873459569611,0.012846900266010429,124652,0.022138260304927826,0.02769617913290858,0.04215481225401163,0.08310538530349731,0.21425502002239227,4.389393401145934,20.311822948455816,40.207115173339844,123817,0.017295483499765396,0.027535106986761093,0.048952408134937286,0.09959594905376434,0.22423473000526428,2.6187278270721417,17.43290550231933,40.167076110839844,,54.02714623104764,-47.003353075296246,1.4010354887592542,0.11377786406945047
328,131072,127111,3961,0,3961,126514,125735,0,779,87,510,0,121219,4516,0,0,1.1609951257705688,4.513276100158691,5.920156717300415,9.288887023925781,16.36376190185547,32.08486557006836,44.52816314697265,94.63436889648438,3.6339821815490723,4.513647651672363,5.903409957885742,9.215913772583008,16.28488540649414,31.36468582153319,42.512163848876966,49.92965316772461,0.0020000000949949026,0.03342857211828232,0.09799999743700027,0.18857142329216003,0.34057143330574036,0.6302857398986816,0.8414285778999329,1.6265714168548584,0.0020000000949949026,0.034857142716646194,0.09914285689592361,0.18885713815689087,0.33971428871154785,0.6240000128746033,0.8402857184410095,1.6265714168548584,0,0,0.0011428571306169033,0.9334285855293274,0.0002079010009765625,0,7.37495452201898e-08,2.462701023512047e-05,0.00013288041560765917,0.0003289960923851558,0.0007372401526952784,0.002592966365979182,0.004386350376811168,0.012875737591556335,124556,0.022022295743227005,0.027743718586862087,0.04248237796127796,0.08462205529212952,0.21275724098086357,4.338550806045532,20.402118968963613,39.1371955871582,123750,0.017415644600987434,0.027599280513823033,0.05018544849008322,0.1009426862001419,0.2265157774090767,2.678661906719204,17.654623928070066,39.600189208984375,,54.10126686812981,-47.103619813416174,1.3899427810342213,0.1251812117665846
329,131072,127193,3879,0,3879,126578,125832,0,746,89,526,0,121364,4468,0,0,1.174653172492981,4.524616050720215,5.930502891540527,9.358159065246582,16.416139602661133,32.34992904663085,44.62658676147461,135.3289794921875,3.5864899158477783,4.525478196144104,5.916476607322693,9.291004180908203,16.33739471435547,31.579950809478742,42.68337131500244,49.99101257324219,0.0020000000949949026,0.03314285725355148,0.0974285677075386,0.18714286386966705,0.34142857789993286,0.6320000290870667,0.8408571481704712,1.6302857398986816,0.0020000000949949026,0.03400000184774399,0.09828571230173111,0.1874285787343979,0.34057143330574036,0.62628573179245,0.8408571481704712,1.6302857398986816,0,0,0.0014285714132711291,1.2477142810821533,0.00020742416381835938,0,1.0129639527879894e-07,2.6475134002153046e-05,0.00013404090424914272,0.0003296678782593886,0.0007407698464616834,0.002646799397457637,0.004384539583546172,0.020094544394169606,124694,0.021633120253682137,0.027831222396343946,0.042628043331205845,0.08525609970092773,0.21660275757312775,4.4405565738677835,20.388500804901085,40.22209930419922,123776,0.01686244271695614,0.02769594406709075,0.050936587154865265,0.10164327919483185,0.2268105149269104,2.642557680606842,17.07802963256836,39.87022399902344,,54.18532690201065,-47.197359776346296,1.3691999860575632,0.12760694922155358
330,131072,127114,3958,0,3958,126487,125789,0,698,92,535,0,121323,4466,0,0,1.1244596242904663,4.538687705993652,5.938421249389648,9.438133239746094,16.482158184051514,32.617784881591795,44.65504024505615,125.10303497314453,3.5624914169311523,4.5397978782653805,5.928646087646484,9.369922637939453,16.39110565185547,32.17716369628906,42.75615295410156,49.972015380859375,0.0020000000949949026,0.03285714238882065,0.09600000083446503,0.18657143414020538,0.3400000035762787,0.6328571438789368,0.8351057118177401,1.6294286251068115,0.0020000000949949026,0.03400000184774399,0.09685714542865753,0.18685714900493622,0.339428573846817,0.6268571615219116,0.8342857360839844,1.6294286251068115,0,0,0.0011428571306169033,0.9488571286201477,0.00020837783813476562,0,6.713274198216405e-08,2.923347849592946e-05,0.00013434460041577404,0.0003273240140191172,0.0007436943839546567,0.0026682267001008073,0.004406824461005039,0.01251477458844626,124592,0.021494360640645027,0.027964960690587758,0.042855204083025455,0.08601007610559464,0.21702191606163979,4.6074131011962836,20.939160785675046,40.3870964050293,123781,0.016776351258158684,0.027809299528598785,0.05167102813720703,0.10218128561973572,0.22730104625225067,2.7416136264801025,17.31625938415526,39.854248046875,,54.27265803035281,-47.29478951486156,1.3465419001697518,0.13278805963175683
331,131072,127182,3890,0,3890,126532,125823,0,709,89,561,0,121390,4433,0,0,1.0677270889282227,4.551690578460693,5.946077227592468,9.537672996520996,16.532548904418945,32.7776741027832,44.863062133789064,94.17898559570312,3.525761365890503,4.552550792694092,5.93382716178894,9.457225799560547,16.42269802093506,32.37887382507324,42.940851516723626,49.990230560302734,0.001714285695925355,0.03285714238882065,0.09542857110500336,0.18628571927547455,0.3402857184410095,0.6302857398986816,0.831428587436676,1.6239999532699585,0.001714285695925355,0.03400000184774399,0.0965714305639267,0.18657143414020538,0.33971428871154785,0.6242856979370117,0.8316514217853542,1.6239999532699585,0,0,0.0014285714132711291,1.184000015258789,0.00020837783813476562,0,1.553799652966961e-07,3.053629389520399e-05,0.0001353288343104916,0.00032813157507328983,0.0007526683498808432,0.002698016144524812,0.004433638112558214,0.01247379879408567,124658,0.021186310797929764,0.028117924463003874,0.04323200602084398,0.08665506541728973,0.21784301474690437,4.618698287010183,20.986375408172606,39.94320297241211,123852,0.016681484878063202,0.0279064672999084,0.052550800144672394,0.10296015441417694,0.22954747825860977,2.7222118973731977,17.67160188674938,39.90717697143555,,54.35324415615636,-47.40380564930716,1.34064217047026,0.1356961607858265
332,131072,126854,4218,0,4218,126177,125488,0,689,89,588,0,121087,4401,0,0,1.1785318851470947,4.578741455078125,5.967981696128845,9.643458366394043,16.537315845489502,32.909494590759266,45.066112518310554,94.08137512207031,3.500261068344116,4.579841542243957,5.95834481716156,9.568033218383789,16.42367649078369,32.525878715515134,43.07604019165043,49.985076904296875,0.001714285695925355,0.03285714238882065,0.09428571164608002,0.18542857468128204,0.34142857789993286,0.6305714249610901,0.8308571577072144,1.6239999532699585,0.001714285695925355,0.03400000184774399,0.09542857110500336,0.1860000044107437,0.3408571481704712,0.6265714168548584,0.8314657264947904,1.6239999532699585,0,0,0.001714285695925355,1.2148571014404297,0.00020742416381835938,0,1.6121045466146066e-07,3.0045196673656373e-05,0.00013528077993270847,0.00033053872999632913,0.0007585284430703778,0.002736625980096084,0.004454016490307483,0.012519546736987307,124250,0.021114453673362732,0.028431713860481978,0.043627314269542694,0.0878993570804596,0.21944942325353622,4.507452845573422,21.03919380187986,39.14521026611328,123421,0.01643817126750946,0.028115596622228622,0.05393665283918381,0.10407451540231705,0.23176893591880798,2.777681827545166,17.69371337890626,39.09318161010742,,54.445883487274386,-47.521901697181434,1.3440314725232265,0.15013397204472104
333,131072,126901,4171,0,4171,126235,125571,0,664,83,583,0,121243,4328,0,0,1.1735351085662842,4.595831394195557,5.994363784790039,9.738839149475098,16.571500778198242,33.00634765625,45.20123291015625,136.0284881591797,3.477262496948242,4.596546411514282,5.9826202392578125,9.671704292297363,16.460686683654785,32.68145942687988,43.20547752380374,49.91999816894531,0.0014285714132711291,0.03257142752408981,0.09399999678134918,0.18542857468128204,0.34228572249412537,0.6311428546905518,0.8268571496009827,1.6271429061889648,0.0014285714132711291,0.03400000184774399,0.09485714137554169,0.18628571927547455,0.34200000762939453,0.6274285912513733,0.826942855119706,1.6271429061889648,0,0,0.0014285714132711291,1.2434285879135132,0.0002079010009765625,0,4.7540669256323485e-08,2.958963590445921e-05,0.00013520444871792034,0.0003328370527085706,0.0007687410368161279,0.00277220049783475,0.004464540235645166,0.014144453435741309,124415,0.020949633792042732,0.028620909340679644,0.044024789705872536,0.08854863792657852,0.21960902959108353,4.6059435844421355,20.88961051940918,39.751216888427734,123525,0.016324283555150032,0.028252901136875154,0.054639507085084915,0.10439334809780121,0.233531191945076,2.8375846385955765,17.431921157836904,39.694236755371094,,54.53724049234188,-47.63071255663012,1.3568789615014045,0.14265680313924264
334,131072,127014,4058,0,4058,126341,125701,0,640,82,591,0,121381,4320,0,0,1.1715363264083862,4.619305920600891,6.02560818195343,9.827308654785156,16.52056884765625,33.03034420013427,45.27890701293945,111.11549377441406,3.4722628593444824,4.619987487792969,6.013878345489502,9.750450134277344,16.404071807861328,32.706871032714844,43.38336944580078,49.993473052978516,0.0020000000949949026,0.03171428665518761,0.09314285963773727,0.18457143008708954,0.34228572249412537,0.6308571696281433,0.826285719871521,1.632285714149475,0.0020000000949949026,0.03285714238882065,0.09399999678134918,0.18542857468128204,0.34200000762939453,0.6271428465843201,0.8265714049339294,1.632285714149475,0,0,0.0014285714132711291,1.4462857246398926,0.0002079010009765625,0,2.6206717301178433e-08,2.9861105597763014e-05,0.0001352877532350048,0.0003334559870444716,0.0007709823393065329,0.0027846431999358277,0.004478127358312312,0.012603402015134282,124609,0.020909013226628304,0.028930319100618364,0.044476497918367386,0.08985159546136856,0.22261694073677063,4.626654243469236,21.063066253662107,42.13912582397461,123685,0.016289861872792244,0.028443824499845505,0.05567182973027229,0.10516376793384552,0.23747627437114716,2.8300360679626415,17.340649642944342,42.071109771728516,,54.62899716828208,-47.72988881079069,1.3561540218595922,0.1351138131591341
335,131072,126908,4164,0,4164,126216,125579,0,637,90,602,0,121374,4205,0,0,1.1239113807678223,4.637979865074158,6.048687100410461,9.87777328491211,16.42902708053589,32.98100605010986,45.3483367538452,136.37547302246094,3.4520394802093506,4.6389728546142575,6.037712574005127,9.816107749938965,16.31103801727295,32.647084045410146,43.351256179809575,49.97529602050781,0.0020000000949949026,0.03171428665518761,0.09228571504354477,0.18400000035762787,0.34457144141197205,0.6301857292652113,0.8225514543056468,1.6239999532699585,0.0020000000949949026,0.03285714238882065,0.09314285963773727,0.18485714495182037,0.3442857265472412,0.6268571615219116,0.822920005321503,1.6239999532699585,0,0,0.0011428571306169033,1.0577143430709839,0.00020694732666015625,0,2.6952674911052067e-08,3.0226067306807746e-05,0.00013486046495837453,0.00033112692171500147,0.0007682336022638449,0.0027881528376196034,0.004482677194569242,0.012545730736809334,124436,0.02075687237083912,0.029183082282543182,0.04473249241709709,0.09061304479837418,0.22473429515957832,4.670361876487732,21.017160701751692,39.66519546508789,123576,0.01603180170059204,0.02869656402617693,0.05602125730365515,0.10474950075149536,0.2360839694738388,2.81914621591568,17.316660404205322,39.876220703125,,54.72254470386599,-47.83936282793689,1.3558797765838073,0.14399922588132202
336,131072,126873,4199,0,4199,126216,125568,0,648,86,571,0,121391,4177,0,0,1.1711912155151367,4.656215953826904,6.065610885620117,9.932272911071777,16.41042137145996,32.93454971313476,45.33329177856445,93.51914978027344,3.440264940261841,4.6570977687835695,6.057373046875,9.881963729858398,16.303061962127686,32.63431968688965,43.37580818176271,49.99729919433594,0.0014285714132711291,0.03142857179045677,0.09142857044935226,0.1834285706281662,0.3440000116825104,0.6305714249610901,0.8240000009536743,1.6282857656478882,0.0014285714132711291,0.03257142752408981,0.0925714299082756,0.18400000035762787,0.3440000116825104,0.6276142865419371,0.825237136483193,1.6282857656478882,0,0,0.0014285714132711291,1.0682857036590576,0.0002079010009765625,0,1.4123670042639324e-07,3.0630389783483e-05,0.000135539189881677,0.0003308221906923699,0.0007686835792479475,0.0027801282044114853,0.0044652519643336224,0.01257617720430447,124434,0.020715385675430298,0.029552643839269876,0.04516794066876173,0.09175848960876465,0.22748057916760445,4.572127127647372,20.81514282226562,39.441226959228516,123532,0.016031799837946892,0.02883120309561491,0.05690841842442751,0.10506229102611542,0.2373371198773384,2.8927728295326203,17.635955562591555,40.21416091918945,,54.81513016505749,-47.94331176072944,1.3474438754675058,0.13945828293937002
337,131072,126792,4280,0,4280,126125,125511,0,614,88,579,0,121474,4037,0,0,1.15399968624115,4.670982742309571,6.091735363006592,9.95186996459961,16.32723379135132,32.95128555297851,45.46271793365477,95.75326538085938,3.4448108673095703,4.672059535980225,6.084323406219482,9.890802383422852,16.225844383239746,32.641408920288086,43.41270065307615,49.99464797973633,0.001714285695925355,0.031142856925725937,0.09114285558462143,0.1825714260339737,0.3448571562767029,0.62971431016922,0.8237142562866211,1.6325714588165283,0.001714285695925355,0.03228571265935898,0.09200000017881393,0.18371428549289703,0.34471429884433746,0.6277142763137817,0.8242856860160828,1.6325714588165283,0,0,0.0014285714132711291,1.132857084274292,0.00020837783813476562,0,3.558583371656646e-08,3.0238626718614184e-05,0.00013465231455354028,0.0003297758418768414,0.0007686408105879537,0.0027960977029529025,0.004483174176907275,0.012577343834442787,124334,0.020604640245437622,0.029946229699999095,0.045556195080280304,0.09270632266998291,0.23011957108974457,4.692201805114744,20.94404815673827,39.44622802734375,123457,0.016049696132540703,0.02909444086253643,0.05752067267894745,0.10533106327056885,0.23679673671722412,2.836399841308593,17.005246505737325,39.809226989746094,,54.911320236025354,-48.045808887102105,1.351313348483711,0.14061708107082596
338,131072,126694,4378,0,4378,126003,125426,0,577,88,603,0,121436,3990,0,0,1.1514415740966797,4.694199872016907,6.120071887969971,9.98410415649414,16.3375186920166,32.9149881362915,45.520733222961404,93.254150390625,3.4448111057281494,4.695359230041504,6.1106425523757935,9.9157133102417,16.23046064376831,32.60410022735596,43.22050952911377,49.984703063964844,0.001714285695925355,0.031142856925725937,0.09057142585515976,0.18228571116924286,0.34457144141197205,0.6291428804397583,0.8248571157455444,1.632857084274292,0.001714285695925355,0.03228571265935898,0.09142857044935226,0.18314285576343536,0.3448571562767029,0.6268571615219116,0.8262142837047577,1.632857084274292,0,0,0.0014285714132711291,1.0851428508758545,0.00020599365234375,0,3.6651514020807186e-08,2.9962502186956382e-05,0.00013408673194538197,0.00032962808730932155,0.0007723684925704969,0.0028070911460486778,0.004461663121648063,0.012623017358179866,124279,0.0206857081502676,0.030246861465275287,0.04603574983775616,0.09391991049051285,0.23073619604110718,4.559855270385727,21.064397010803233,39.462242126464844,123396,0.016019010916352272,0.029321955982595682,0.0582483159378171,0.10545336455106735,0.2373620644211769,2.8974181413650513,17.250630474090595,39.218238830566406,,55.01267622889335,-48.15952942132838,1.3462153121405702,0.15241846072415935
339,131072,126680,4392,0,4392,126008,125451,0,557,88,584,0,121620,3831,0,0,1.162660837173462,4.716098308563232,6.144749402999878,9.993888854980469,16.252102851867676,32.878553581237774,45.61867046356193,96.1392593383789,3.448810577392578,4.717998504638672,6.1364500522613525,9.935880661010742,16.139342308044434,32.58544731140137,43.08980751037598,49.99001693725586,0.0022857142612338066,0.030857142060995102,0.09028571099042892,0.18199999630451202,0.3465714156627655,0.6302857398986816,0.8214285969734192,1.6271429061889648,0.0022857142612338066,0.03171428665518761,0.09114285558462143,0.18285714089870453,0.34685713052749634,0.628000020980835,0.8220000267028809,1.6271429061889648,0,0,0.001714285695925355,1.421142816543579,0.00020837783813476562,0,5.47775812215155e-08,2.926000893633596e-05,0.00013264757945661036,0.000328136207898133,0.0007731327583086477,0.0028090108072435544,0.004440467544494383,0.012628718208927771,124304,0.02062850631773472,0.03057437427341938,0.04644354339689016,0.09430712461471558,0.2309044823050499,4.593104386329645,21.043572578430197,39.496246337890625,123450,0.016018765047192574,0.029646265506744384,0.05875025410205126,0.10534544289112091,0.23583794757723808,2.880992019176477,17.311541099548275,42.690086364746094,,55.107861131775046,-48.266540843168585,1.3469368613726458,0.14322056686857157
340,131072,126549,4523,0,4523,125871,125343,0,528,85,593,0,121591,3752,0,0,1.1676576137542725,4.7354765892028805,6.1616597175598145,10.006512641906738,16.167417526245117,32.86563110351562,45.756750946044974,127.0589370727539,3.4478108882904053,4.737747764587402,6.152660608291626,9.937895774841309,16.079086303710938,32.554095840454096,42.94585655212403,49.999515533447266,0.001714285695925355,0.030571429058909416,0.09000000357627869,0.18285714089870453,0.3479999899864197,0.6299999952316284,0.8181485748291027,1.6351428031921387,0.001714285695925355,0.03142857179045677,0.09114285558462143,0.18371428549289703,0.3479999899864197,0.6274285912513733,0.8191428780555725,1.6351428031921387,0,0,0.0014285714132711291,0.9365714192390442,0.00020742416381835938,0,6.757431570199183e-08,2.924699746136219e-05,0.0001325410876804712,0.0003287615446316355,0.0007747165131539118,0.0028157626405840375,0.004439251134816839,0.0179541387339578,124213,0.020640429109334946,0.030823012068867683,0.047017864882946014,0.09454593807458878,0.23163610696792603,4.513393497467037,20.69190139770508,39.62916564941406,123361,0.016018301248550415,0.029860248789191246,0.05876024812459946,0.10543909668922424,0.23591762781143188,2.802396059036255,16.914832687377924,39.661190032958984,,55.212806742172354,-48.37690020997606,1.352500844661035,0.15239333612019706
341,131072,126610,4462,0,4462,125920,125405,0,515,88,602,0,121792,3613,0,0,1.174534559249878,4.756098508834839,6.168413281440735,10.008283615112305,16.137522220611572,32.869324684143066,46.03199954986572,92.86937713623047,3.4448108673095703,4.757692432403564,6.158829689025879,9.936448097229004,16.044836044311523,32.55871276855467,42.893630828857404,49.99151611328125,0.0020000000949949026,0.029999999329447746,0.08914285898208618,0.18285714089870453,0.34771427512168884,0.6299999952316284,0.8125714063644409,1.6291428804397583,0.0020000000949949026,0.030857142060995102,0.09000000357627869,0.18371428549289703,0.34771427512168884,0.6287999987602201,0.8137028384208655,1.6291428804397583,0,0,0.0014285714132711291,1.4137142896652222,0.00020837783813476562,0,6.819737482316538e-08,2.8440247483505364e-05,0.00013158675112432484,0.00032818800988391105,0.0007760984972365025,0.002831617697401457,0.004437347444476004,0.012602970899648272,124332,0.020685721188783646,0.031119919009506704,0.04741089232265949,0.09555058181285858,0.2328277826309204,4.764226388931274,20.99671977996828,39.683170318603516,123448,0.016005171462893486,0.03013715771958232,0.059181190095841885,0.10590508580207825,0.23675347119569778,2.8139514684677107,17.26078866958618,40.4830436706543,,55.303858150784414,-48.47887703890172,1.3543332257975411,0.13672231079309624
342,131072,126310,4762,0,4762,125621,125131,0,490,86,603,0,121642,3489,0,0,1.146552562713623,4.787483382225036,6.202749848365784,10.040359497070312,16.11370277404785,32.81971988677978,45.96825901031496,92.63914489746094,3.4215011596679688,4.789432048797607,6.191318035125732,9.96679401397705,15.99290657043457,32.51344299316406,42.722235107421874,49.94428253173828,0.0020000000949949026,0.02971428632736206,0.08914285898208618,0.18285714089870453,0.3497142791748047,0.6302857398986816,0.8154285550117493,1.6268571615219116,0.0020000000949949026,0.030857142060995102,0.09000000357627869,0.18371428549289703,0.3499999940395355,0.6291428804397583,0.8165714144706726,1.6268571615219116,0,0,0.0014285714132711291,1.521142840385437,0.0002079010009765625,0,8.783396756480914e-08,2.790527755168086e-05,0.00013065001622135423,0.0003277465644339417,0.0007765569888287318,0.0028303713833281183,0.004432509727483358,0.012697218973978302,123886,0.02067026123404503,0.0314416503533721,0.04789747204631567,0.09637778997421265,0.23202690482139587,4.498490810394287,20.885157203674318,40.65913391113281,123048,0.01597931608557701,0.030533189792186024,0.059496146626770496,0.10660716891288757,0.23667486384510994,2.8051513791084286,16.6440061187744,40.98910903930664,,55.40136351676303,-48.588369483995066,1.3542642543998376,0.1466147901277222
343,131072,126395,4677,0,4677,125706,125274,0,432,88,601,0,121860,3414,0,0,1.148551344871521,4.796710777282715,6.219319581985474,10.041606903076172,16.094046592712402,32.851141357421874,46.18299911499022,92.52015686035156,3.4408113956451416,4.799546337127686,6.207950949668884,9.971721649169922,15.931016206741333,32.54139766693115,42.62202507019043,49.97349166870117,0.0014285714132711291,0.029428571462631226,0.08857142925262451,0.1834285706281662,0.350857138633728,0.6317142844200134,0.8117142915725708,1.6282857656478882,0.0014285714132711291,0.03028571419417858,0.08942857384681702,0.18457143008708954,0.35114285349845886,0.6308571696281433,0.8126485574245464,1.6282857656478882,0,0,0.001714285695925355,1.3028571605682373,0.00020837783813476562,0,7.838792497010674e-08,2.785354082629896e-05,0.00012984114546306694,0.00032661184176585524,0.000775534281918175,0.002837475296507889,0.004457085291602863,0.012706291279143557,124104,0.020586738362908363,0.03157558906823397,0.04826179426163435,0.09640748798847198,0.23107801377773285,4.527248740196228,20.582061519622805,38.05012512207031,123334,0.01611923612654209,0.030702684726566076,0.059461504220962524,0.10571227967739105,0.23637783154845238,2.7698042988777134,16.819008350372307,38.64124298095703,,55.504516340156385,-48.688717054496024,1.3553181321857029,0.14391403871010516
344,131072,126404,4668,0,4668,125696,125280,0,416,89,619,0,121993,3287,0,0,1.1675388813018799,4.804354405403137,6.237000226974487,10.056526184082031,16.124156951904297,32.8371202468872,46.23500484466554,92.33338165283203,3.434265375137329,4.80618269443512,6.22597074508667,9.978833198547363,15.925597429275513,32.50074424743652,42.48415039062497,49.99949264526367,0.001714285695925355,0.029428571462631226,0.087714284658432,0.1834285706281662,0.3522857129573822,0.631428599357605,0.8125714063644409,1.6325714588165283,0.001714285695925355,0.03028571419417858,0.08857142925262451,0.18457143008708954,0.35285714268684387,0.6308571696281433,0.8131428360939026,1.6325714588165283,0,0,0.0011428571306169033,1.514285683631897,0.00020599365234375,0,9.506116464765017e-08,2.7506724474407102e-05,0.00012960261725990151,0.000325232972602717,0.000776631843767108,0.0028562072330750566,0.004457772896076739,0.012605959105980172,124118,0.020586751401424408,0.03175140433013439,0.04869129601866007,0.09728559851646423,0.2315662018954754,4.608671760559071,20.8371848678589,37.18532180786133,123323,0.015918325632810593,0.030932521633803844,0.05969086289405823,0.10613526403903961,0.23693200200796127,2.8828070878982532,17.541950607299803,38.0740966796875,,55.598047553794686,-48.790628640387716,1.3590646673585334,0.13837664466742336
345,131072,126451,4621,0,4621,125728,125307,0,421,90,633,0,122075,3232,0,0,1.1306818723678589,4.809590101242065,6.267031908035278,10.060246467590332,16.143654823303223,32.80039596557617,46.2960090637207,92.20215606689453,3.4388115406036377,4.812410879135132,6.256731748580933,9.978608131408691,15.929253101348877,32.455224609375,42.42452140808106,49.98839569091797,0.0014285714132711291,0.028857143595814705,0.08714285492897034,0.1834285706281662,0.35342857241630554,0.6331428289413452,0.8119999766349792,1.632285714149475,0.0014285714132711291,0.029999999329447746,0.08828571438789368,0.18457143008708954,0.3540000021457672,0.6322857141494751,0.8131428360939026,1.632285714149475,0,0,0.001714285695925355,1.3580000400543213,0.00020837783813476562,0,2.6651823058236446e-08,2.7271491927942835e-05,0.00012877945661554055,0.0003235597347019983,0.0007777483078688409,0.002859008697043983,0.004467486925524642,0.012749325618792318,124145,0.020596249029040337,0.03190275356173515,0.0490344874560833,0.09717662632465363,0.2323995977640152,4.749273014068564,20.923802719116193,36.66815185546875,123334,0.016049331054091454,0.03119956823065877,0.0595304761081934,0.10588632524013519,0.23590818047523499,2.8125980257987906,16.83368875503537,37.80331039428711,,55.70009126146257,-48.90127873618047,1.3518233639601531,0.15069438758116274
346,131072,126298,4774,0,4774,125592,125175,0,417,89,617,0,122035,3140,0,0,1.1615428924560547,4.794943571090698,6.291989803314209,10.047819137573242,16.071503162384033,32.795194625854485,46.1135774230957,92.07597351074219,3.427812337875366,4.798857879638672,6.282402038574219,9.982696533203125,15.872784614562988,32.464795303344715,42.28319450378416,49.97539520263672,0.001714285695925355,0.028857143595814705,0.0868571400642395,0.1834285706281662,0.3557142913341522,0.6368571519851685,0.8142942678928372,1.6265714168548584,0.001714285695925355,0.02971428632736206,0.08799999952316284,0.1842857152223587,0.3562857210636139,0.6368571519851685,0.8151428699493408,1.6265714168548584,0,0,0.0014285714132711291,1.4342857599258423,0.0002079010009765625,0,6.427538150027683e-08,2.690644109226653e-05,0.00012802335341055316,0.0003210367674529235,0.0007757230202894415,0.002867453268262171,0.004466181514212517,0.012682002196163398,123901,0.02071542479097843,0.032010458409786224,0.049465473741292953,0.09712778031826019,0.2310212403535843,4.66727352142334,20.434125900268555,37.39411163330078,123149,0.016086604446172714,0.031535957008600235,0.059746429324150085,0.10590501129627228,0.23338936269283295,2.8022634029388427,16.894338226318382,37.47830581665039,,55.80571293859137,-49.00488895657753,1.3549986807125312,0.14799019929274337
347,131072,126438,4634,0,4634,125706,125292,0,414,92,640,0,122194,3098,0,0,1.079717993736267,4.757504463195801,6.323147654533386,10.049484252929688,16.128032684326172,32.8602949142456,46.20712326049806,112.9734878540039,3.4428112506866455,4.76334822177887,6.315002202987671,9.994335174560547,15.92778468132019,32.495116233825684,42.261354980468745,49.98310089111328,0.001714285695925355,0.02857142873108387,0.0860000029206276,0.18400000035762787,0.3580000102519989,0.6362857222557068,0.8130371326208128,1.6285713911056519,0.001714285695925355,0.02971428632736206,0.08742856979370117,0.18542857468128204,0.35857143998146057,0.6359999775886536,0.8137142658233643,1.6285713911056519,0,0,0.0014285714132711291,1.5705714225769043,0.0002079010009765625,0,3.0366957016482705e-08,2.6602389872993597e-05,0.00012703652458411507,0.0003193704504289104,0.0007801855744490367,0.002879381464508246,0.004484814193059597,0.012898457317032989,124086,0.0207306370139122,0.032109557650983334,0.049979071132838726,0.09734008461236954,0.22965273261070251,4.650274991989136,20.690123748779296,36.8061637878418,123263,0.016112657263875008,0.03173525333404541,0.05981538072228432,0.10629414767026901,0.23468153923749924,2.8599004983901968,17.1817488861084,38.03412628173828,,55.895814101438525,-49.10669117274382,1.355137267073843,0.1359482621034833
348,131072,126443,4629,0,4629,125710,125250,0,460,89,644,0,122140,3110,0,0,1.1448973417282104,4.7215312957763675,6.36345911026001,10.04660701751709,16.134708404541016,32.84187469482422,46.05501403808595,91.79338073730469,3.46980881690979,4.727574682235717,6.352096438407898,9.982705116271973,15.941016674041748,32.46593112945556,42.11875427246092,49.86786651611328,0.001714285695925355,0.02800000086426735,0.08542857319116592,0.18400000035762787,0.3588571548461914,0.6377142667770386,0.8147371375560766,1.6302857398986816,0.001714285695925355,0.02914285659790039,0.0868571400642395,0.18542857468128204,0.3597142994403839,0.6377142667770386,0.8151428699493408,1.6302857398986816,0,0,0.001714285695925355,1.4022856950759888,0.0002079010009765625,0,6.564477865359355e-08,2.6517532832738764e-05,0.000126351551266972,0.00031703444342414045,0.0007805403257923839,0.002886273465218062,0.004496431622661171,0.012913002698970636,124008,0.020855877548456192,0.03219435326755047,0.050350732170045376,0.09808486700057983,0.23310436680912971,4.661574077606199,21.19047733306874,36.808143615722656,123170,0.016131911426782608,0.03202759213745594,0.060009741224348545,0.10666084289550781,0.23390880599617958,2.786129713058468,16.80810758590697,37.538330078125,,55.99310336200845,-49.216278808477455,1.3448604166899187,0.14690222524435498
349,131072,126430,4642,0,4642,125686,125225,0,461,88,656,0,122197,3028,0,0,1.163541555404663,4.699637937545776,6.416812777519226,10.040547370910645,16.163121223449707,32.833374595642084,46.15985885620117,113.15949249267578,3.479808807373047,4.707236957550049,6.40441370010376,9.975804328918457,15.926328659057617,32.44102401733398,42.037291564941405,49.989864349365234,0.0014285714132711291,0.02800000086426735,0.08485714346170425,0.18400000035762787,0.3625714182853699,0.6405714154243469,0.8185714483261108,1.632285714149475,0.0014285714132711291,0.028857143595814705,0.0860000029206276,0.18542857468128204,0.36314284801483154,0.6408571600914001,0.819428563117981,1.632285714149475,0,0,0.0011428571306169033,1.2580000162124634,0.00020837783813476562,0,8.255907953203839e-08,2.576836327498504e-05,0.00012550386567058449,0.00031502798955519696,0.0007796971710061181,0.002888425793711526,0.004474693091358861,0.012933087697195571,123943,0.020951664075255394,0.03210733011364937,0.050830284133553505,0.09786408394575119,0.23085712641477585,4.518090248107906,20.9767472457886,39.77010726928711,123115,0.016411051154136658,0.0323416568338871,0.060094090178608894,0.10675422102212906,0.2342785894870758,2.7951742410659697,16.96248905181885,37.646339416503906,,56.096579855963455,-49.31834604928642,1.3507362179031226,0.1454635056894778
350,131072,126499,4573,0,4573,125757,125345,0,412,94,648,0,122212,3133,0,0,1.1765333414077759,4.694009733200073,6.455240726470947,10.022663116455078,16.180336952209473,32.81770324707031,46.02253479003909,91.52115631103516,3.503260850906372,4.703071212768555,6.443559646606445,9.958488464355469,15.953866004943848,32.43125839233398,42.11475326538085,49.962772369384766,0.0020000000949949026,0.027142856270074844,0.08457142859697342,0.18457143008708954,0.3645714223384857,0.6437143087387085,0.8225714564323425,1.6285713911056519,0.0020000000949949026,0.028285713866353035,0.0860000029206276,0.18571428954601288,0.3651428520679474,0.6445142865180936,0.8237142562866211,1.6285713911056519,0,0,0.0014285714132711291,1.5708571672439575,0.0002079010009765625,0,7.802141006937e-08,2.6010183036558752e-05,0.00012459669961607502,0.0003141834747488729,0.000780230343184814,0.0028872138519392314,0.0044735866670923856,0.01297019037840164,124098,0.021273808553814888,0.0321535250172019,0.05116409994661808,0.09823983907699585,0.23136569187045097,4.4881930112838475,20.762284412384027,38.53609848022461,123284,0.016661208122968674,0.03253135569393635,0.06018166523426771,0.1066315695643425,0.23360652476549149,2.7834718585014326,16.816221466064448,38.456085205078125,,56.205107119451405,-49.41866227744849,1.3458838797359047,0.14786837977923759
351,131072,126612,4460,0,4460,125821,125376,0,445,94,697,0,122159,3217,0,0,1.1794236898422241,4.701599144935608,6.5079522132873535,10.029327392578125,16.3162522315979,32.87698173522949,46.40259017944335,91.39514923095703,3.542804479598999,4.710623025894165,6.49583101272583,9.948862075805664,16.06701898574829,32.447569847106934,41.89369869232178,49.99789047241211,0.001714285695925355,0.02685714326798916,0.08399999886751175,0.1842857152223587,0.3654285669326782,0.6468571424484253,0.8342543041706083,1.6294286251068115,0.001714285695925355,0.02800000086426735,0.08571428805589676,0.1860000044107437,0.36657142639160156,0.6480000019073486,0.8354285955429077,1.6294286251068115,0,0,0.0014285714132711291,1.5731428861618042,0.00020837783813476562,0,9.108376538121638e-08,2.5615598451452474e-05,0.0001239310308040805,0.0003129564304163465,0.0007840275394393401,0.0029040996818856554,0.0044998866072276,0.012986449465840579,124105,0.02126777358353138,0.032172612845897675,0.051527801901102066,0.09891772270202637,0.23258011043071747,4.495236206054686,20.96284103393549,36.428138732910156,123307,0.016477074474096298,0.03287960179150105,0.06031694635748863,0.10688423365354538,0.233892560005188,2.7676244497299134,17.061828918457046,37.840335845947266,,56.30370175182557,-49.531003385948694,1.3432505818630927,0.14949368030033344
352,131072,126619,4453,0,4453,125857,125427,0,430,91,671,0,122135,3292,0,0,1.174653172492981,4.718515253067017,6.555625915527344,10.030132293701172,16.347774505615234,32.86107597351072,46.3504220581054,91.27637481689453,3.56925630569458,4.727151203155517,6.544039726257324,9.941882133483887,16.120140075683594,32.4558048248291,41.950438842773465,49.914894104003906,0.001714285695925355,0.027142856270074844,0.08428571373224258,0.18485714495182037,0.36657142639160156,0.650857150554657,0.844519988298414,1.631428599357605,0.001714285695925355,0.02800000086426735,0.08571428805589676,0.18657143414020538,0.36742857098579407,0.6520000100135803,0.8456399929523483,1.631428599357605,0,0,0.0014285714132711291,1.4394285678863525,0.0002079010009765625,0,5.90613740163817e-08,2.5153584359507978e-05,0.00012352330778670964,0.00031083100862363666,0.0007835934191739952,0.002895662149902048,0.004488815878740283,0.013012246146694478,124158,0.021572373807430267,0.03212109636515379,0.051521290093660355,0.09884347021579742,0.23060749843716621,4.35423982143402,20.981686038970878,37.61225891113281,123359,0.016634592786431313,0.03302401602268219,0.06040997989475727,0.1069653108716011,0.2333797961473465,2.668631386756895,16.3841275024414,37.63426971435547,,56.41120541323748,-49.63534535317436,1.3508356283834952,0.15000605411850962
353,131072,126602,4470,0,4470,125821,125407,0,414,91,690,0,121937,3470,0,0,1.1344528198242188,4.7098936319351195,6.6350274085998535,10.060564041137695,16.53257179260254,32.890478515625,46.325037879943885,91.06814575195312,3.5948479175567627,4.716346979141235,6.620923042297363,9.981863021850586,16.278024673461914,32.48465347290039,41.61641159057618,49.99420928955078,0.001714285695925355,0.02685714326798916,0.08342856913805008,0.1851428598165512,0.3691428601741791,0.656000018119812,0.850857138633728,1.628857135772705,0.001714285695925355,0.027714285999536514,0.08485714346170425,0.18657143414020538,0.3702857196331024,0.6571428775787354,0.852268598079682,1.628857135772705,0,0,0.001714285695925355,1.551714301109314,0.0002079010009765625,0,4.837409248066773e-08,2.516093494339223e-05,0.00012323889764921623,0.00031058840265605725,0.0007874506197523618,0.0029091168072163305,0.00448466247289494,0.012811709514918822,124076,0.021328533068299294,0.032253991812467575,0.051931275986135006,0.09961578249931335,0.23139074444770813,4.245646357536316,20.664666652679443,35.917293548583984,123244,0.016542963683605194,0.03345431461930275,0.06082315184175968,0.10789015889167786,0.2339620478451252,2.758472609519958,16.6905468559265,38.11233139038086,,56.52717518099908,-49.75350170848314,1.3471610320992577,0.16560016302041117
354,131072,126611,4461,0,4461,125824,125398,0,426,90,697,0,121877,3521,0,0,1.1488946676254272,4.678748607635498,6.691645622253418,10.056913375854492,16.611218452453613,33.00038719177246,46.6614738464355,90.8843765258789,3.553603172302246,4.687259316444397,6.681552052497864,9.994688034057617,16.407684326171875,32.54187355041504,41.870369338989256,49.96501541137695,0.001714285695925355,0.026571428403258324,0.08314285427331924,0.1851428598165512,0.37057143449783325,0.6597142815589905,0.8571142911910994,1.6239999532699585,0.001714285695925355,0.02742857113480568,0.08457142859697342,0.18657143414020538,0.37142857909202576,0.6608571410179138,0.8582857251167297,1.6239999532699585,0,0,0.0014285714132711291,1.2137142419815063,0.00020837783813476562,0,4.019216481658951e-08,2.4474269910493637e-05,0.00012182578956122458,0.0003082262919522086,0.0007885271475165702,0.0029228853565709304,0.004543459425126528,0.013060691874132486,124018,0.021281367167830467,0.03225212562829256,0.05208316445350647,0.09988328814506531,0.2323615550994873,4.340228390693656,20.655937805175803,36.27214050292969,123246,0.01654692180454731,0.03383950609713793,0.061127073131501675,0.10821473598480225,0.2358023077249527,2.776669502258301,16.52156524658207,37.9083366394043,,56.64834529982442,-49.873599538858656,1.3502255950830133,0.1706314100725129
355,131072,126495,4577,0,4577,125689,125287,0,402,89,717,0,121697,3590,0,0,1.168538212776184,4.653997135162354,6.756730794906616,10.101758003234863,16.692091941833496,33.01189422607422,46.705315856933574,90.8869400024414,3.533604383468628,4.657867336273194,6.7437169551849365,10.02268123626709,16.520153045654297,32.54581832885742,41.52284408569336,49.99623107910156,0.001714285695925355,0.026000000536441803,0.08285713940858841,0.18542857468128204,0.37285715341567993,0.6631428599357605,0.8671771419048296,1.6325714588165283,0.001714285695925355,0.027142856270074844,0.08457142859697342,0.18714286386966705,0.37400001287460327,0.6639999747276306,0.8688571453094482,1.6325714588165283,0,0,0.0014285714132711291,1.5499999523162842,0.00020742416381835938,0,2.2242379989036807e-08,2.3918026541274858e-05,0.00012075248577022264,0.00030753422602181085,0.0007921399933640399,0.002925631106618035,0.004526061427112924,0.013087009687095325,123857,0.02121245674788952,0.03232555165886879,0.05217630788683891,0.10006476193666458,0.23032742738723755,4.239402961730952,20.2450720214844,36.857269287109375,123081,0.01649499498307705,0.034224677830934525,0.06123859062790871,0.1085289940237999,0.2361048460006714,2.7478835582733154,16.225527572631815,37.63233184814453,,56.772107843946074,-49.990005392731774,1.3466692658178745,0.16994157119797418
356,131072,126593,4479,0,4479,125789,125395,0,394,86,718,0,121702,3693,0,0,1.1505498886108398,4.621439456939697,6.822861194610596,10.104827880859375,16.755773544311523,33.07612152099609,46.825061340332034,91.08798217773438,3.5073697566986084,4.6243654727935795,6.8071513175964355,10.037605285644531,16.60513401031494,32.59421195983886,41.52105155944824,49.9996223449707,0.0022857142612338066,0.025428570806980133,0.08257143199443817,0.18542857468128204,0.3734285831451416,0.6631428599357605,0.8717142939567566,1.6271429061889648,0.0022857142612338066,0.026571428403258324,0.08399999886751175,0.18685714900493622,0.37457144260406494,0.6642857193946838,0.8734285831451416,1.6271429061889648,0,0,0.0014285714132711291,1.3320000171661377,0.0002079010009765625,0,5.0408787249800875e-08,2.300327953181498e-05,0.0001200943981748686,0.00030689171161514897,0.0007951239043044828,0.002934911845188333,0.00454468074331559,0.013122379376293172,123984,0.021024728193879128,0.03231406938284636,0.05245274305343628,0.10046538710594177,0.23150479421019554,4.354858493804927,20.164503574371327,36.39512252807617,123179,0.016259215772151947,0.03460061475634575,0.06142487935721874,0.10855700075626373,0.23767036199569702,2.7867696046829113,16.449351615905766,37.81832504272461,,56.90556036859293,-50.12213621007664,1.340321987834743,0.18790534096889602
357,131072,126637,4435,0,4435,125793,125428,0,365,84,760,0,121603,3825,0,0,1.1566646099090576,4.611682415008545,6.9039788246154785,10.110262870788574,16.848127365112305,33.202246856689456,47.26584701538086,128.39520263671875,3.497370719909668,4.614599823951721,6.891711473464966,10.037811279296875,16.70633840560913,32.69318733215332,41.6648333740234,49.9781608581543,0.0022857142612338066,0.025142857804894447,0.08228571712970734,0.1851428598165512,0.3748571574687958,0.6654285788536072,0.8760800170898434,1.6271429061889648,0.0022857142612338066,0.026571428403258324,0.08399999886751175,0.18685714900493622,0.37599998712539673,0.666857123374939,0.8774285912513733,1.6271429061889648,0,0,0.0014285714132711291,1.1125714778900146,0.00020837783813476562,0,7.517675998977348e-08,2.292327905183673e-05,0.00011975477173970821,0.0003061339666570226,0.0007991296598104403,0.0029584727891103987,0.004582270494222009,0.01314582260028801,124021,0.020849809050559998,0.03237121179699898,0.052509136497974396,0.1006956622004509,0.23365093767642975,4.46612024307251,20.82688217163088,41.79014587402344,123208,0.01620648428797722,0.03519841190427542,0.06178907956928015,0.10929857939481735,0.241285040974617,2.8865538597106837,16.29348674774169,41.311134338378906,,57.042793508160294,-50.25424154366299,1.353050975585509,0.190910400153151
358,131072,126460,4612,0,4612,125628,125277,0,351,85,747,0,121336,3941,0,0,1.1615427732467651,4.636294174194336,6.99371063709259,10.12855339050293,16.92818832397461,33.20118122100829,47.22020339965821,91.45198822021484,3.5061423778533936,4.639749240875244,6.979858875274658,10.05893611907959,16.7178897857666,32.71022033691406,41.521289672851566,49.99345016479492,0.001714285695925355,0.025714285671710968,0.08285713940858841,0.1851428598165512,0.3757142722606659,0.6679999828338623,0.8781171518564235,1.6305714845657349,0.001714285695925355,0.027142856270074844,0.08428571373224258,0.18685714900493622,0.37685713171958923,0.6694285869598389,0.8791428804397583,1.6305714845657349,0,0,0.001714285695925355,1.5631428956985474,0.0002079010009765625,0,8.269948907134777e-08,2.2930873955909767e-05,0.00011911180400563685,0.0003057518468517447,0.0007989366709980237,0.0029527044431031917,0.004586014306564749,0.013180544770732478,123806,0.02090952731668949,0.03241965640336275,0.05266805086284876,0.10069945454597473,0.23208216950297356,4.4228962659835815,20.4955624580383,37.54025650024414,122958,0.016149649396538734,0.03577198255807162,0.06216437462717295,0.10983555018901825,0.24136285856366158,2.815397489070887,16.016439628601052,40.26609802246094,,57.17673632567711,-50.39203593224242,1.351591564781501,0.19217206292335334
359,131072,126346,4726,0,4726,125478,125147,0,331,91,777,0,121305,3842,0,0,1.1671936511993408,4.679617762565613,7.068521976470947,10.1480712890625,17.062119483947754,33.27118396759033,47.47027530670168,91.67597198486328,3.5041425228118896,4.6851095199584964,7.055795907974243,10.081758499145508,16.749937057495117,32.786367416381836,41.44903060913086,49.99847412109375,0.0020000000949949026,0.026000000536441803,0.08314285427331924,0.18542857468128204,0.37628570199012756,0.666857123374939,0.8782857060432434,1.6317143440246582,0.0020000000949949026,0.02742857113480568,0.08485714346170425,0.18714286386966705,0.37771427631378174,0.6677142977714539,0.880725727081297,1.6317143440246582,0,0,0.0020000000949949026,1.1545714139938354,0.00020837783813476562,0,8.36165105640805e-08,2.2877060515532545e-05,0.00011866996652575336,0.00030466282873924415,0.0008054511975925983,0.0029651298892168767,0.0046035899348423875,0.013214595479795178,123526,0.020883221179246902,0.03247909992933273,0.0528405886143446,0.10104786604642868,0.2309996671974659,4.339477777481079,20.18712282180786,40.206092834472656,122727,0.016149617731571198,0.03635910525918007,0.06255504488945007,0.11026158183813095,0.2430134415626526,2.8781363964080793,16.026956291198744,37.46312713623047,,57.32177240308611,-50.53696865297403,1.3545407232745665,0.20506012490163067
360,131072,126381,4691,0,4691,125521,125175,0,346,88,772,0,121211,3964,0,0,1.1475518941879272,4.741445541381836,7.15481424331665,10.14233684539795,17.081724166870117,33.30248260498047,47.557875823974605,91.8702621459961,3.5051422119140625,4.744691467285157,7.143730163574219,10.08584213256836,16.77182960510254,32.848791885375974,41.49256652832031,49.99125671386719,0.001714285695925355,0.02628571353852749,0.08342856913805008,0.1842857152223587,0.3765714168548584,0.6674285531044006,0.8817142844200134,1.6274285316467285,0.001714285695925355,0.02742857113480568,0.08485714346170425,0.18571428954601288,0.37771427631378174,0.668571412563324,0.8831428289413452,1.6274285316467285,0,0,0.0014285714132711291,1.3254286050796509,0.00020837783813476562,0,5.606535719538095e-08,2.228650364120462e-05,0.00011762414794935102,0.00030358152651293994,0.0008105516185245993,0.0029639759403417864,0.004624438996243852,0.013019251671262574,123565,0.02078031376004219,0.032567521929740904,0.053054988384246826,0.10131222754716873,0.2321486920118332,4.373883247375461,20.532514572143555,37.31010818481445,122811,0.016184918582439423,0.03713971935212612,0.06291443109512329,0.11104713380336761,0.2445269525051117,2.879183530807495,16.224185752868614,37.329315185546875,,57.47401288200875,-50.68991413571955,1.3565599624253244,0.2158090856326544
361,131072,126380,4692,0,4692,125507,125138,0,369,91,782,0,121228,3910,0,0,1.1704293489456177,4.80604248046875,7.247010707855225,10.142606735229492,17.112914562225342,33.33660259246825,47.5363701248169,92.08692932128906,3.515141725540161,4.809518241882325,7.233253002166748,10.084026336669922,16.87925148010254,32.88211193084716,41.309647254943854,49.993255615234375,0.0020000000949949026,0.02628571353852749,0.08342856913805008,0.18371428549289703,0.3742857277393341,0.6714285612106323,0.8808571696281433,1.6297142505645752,0.0020000000949949026,0.02742857113480568,0.08485714346170425,0.18542857468128204,0.3757142722606659,0.6725714206695557,0.8822857141494751,1.6297142505645752,0,0,0.001714285695925355,1.4914286136627197,0.00020837783813476562,0,3.6535571082636994e-08,2.2225758736341633e-05,0.00011719373868149138,0.00030324168843092494,0.0008110247405172027,0.002960657482548892,0.0046306897775362,0.013069708721447106,123530,0.020839529111981392,0.0326755877584219,0.05314221978187561,0.10180339217185974,0.23093049600720406,4.428699302673305,20.324539947509717,38.132225036621094,122742,0.01628984324634075,0.03754785973578691,0.06311199441552162,0.11170805245637894,0.24691623076796532,2.928261756896972,16.450271854400636,38.51025390625,,57.63188258449363,-50.84074496865144,1.351706565559187,0.21839491428770547
362,131072,126269,4803,0,4803,125369,125020,0,349,91,809,0,121206,3814,0,0,1.115692138671875,4.880690002441407,7.250726222991943,10.141447067260742,17.090450286865234,33.4303726196289,47.68694747924804,92.31149291992188,3.557138681411743,4.884341073036194,7.245197057723999,10.091911315917969,16.89476442337036,32.93070583343504,41.11917140960693,49.988525390625,0.0020000000949949026,0.02685714326798916,0.08399999886751175,0.18285714089870453,0.3748571574687958,0.671999990940094,0.8842856884002686,1.6294286251068115,0.0020000000949949026,0.028285713866353035,0.08571428805589676,0.18457143008708954,0.3765714168548584,0.6731571376323666,0.8859456974267953,1.6294286251068115,0,0,0.0014285714132711291,1.4700000286102295,0.00020837783813476562,0,6.206275113813632e-08,2.228567364505935e-05,0.0001170608379930421,0.0003041661843572899,0.0008169657294433833,0.002963135819422636,0.004623077663680055,0.013175517742270649,123372,0.02111903205513954,0.03270801492035389,0.053482270799577236,0.10201302170753479,0.23467940464615822,4.776629352569578,20.748868103027306,37.60216522216797,122571,0.016346167773008347,0.03818490356206894,0.06323891505599022,0.11226733773946762,0.2492101863026619,2.953259825706482,16.513320541381855,37.49114990234375,,57.79667735169096,-50.99820317983878,1.3525639921542458,0.22792792445486898
363,131072,126366,4706,0,4706,125410,125063,0,347,88,868,0,121234,3829,0,0,1.1665396690368652,4.954863667488098,7.224093437194824,10.135393142700195,17.04787826538086,33.53682994842529,47.869976806640636,92.54691314697266,3.56266713142395,4.957825422286987,7.217616558074951,10.082447052001953,16.84913158416748,32.98936233520507,41.22992309570313,49.996524810791016,0.001714285695925355,0.02742857113480568,0.08428571373224258,0.1825714260339737,0.3742857277393341,0.6734285950660706,0.8885714411735535,1.6297142505645752,0.001714285695925355,0.02857142873108387,0.0860000029206276,0.1842857152223587,0.37599998712539673,0.6748571395874023,0.8918228578567519,1.6297142505645752,0,0,0.001714285695925355,1.5885714292526245,0.00020837783813476562,0,1.112534369337857e-08,2.205085304244651e-05,0.00011632650848134237,0.0003040000382428862,0.0008184214127105715,0.002945008396237211,0.004644209696471523,0.013207410817467369,123424,0.021127860993146896,0.03283465653657913,0.0535885663703084,0.1019303947687149,0.23381591215729713,4.684937286376947,21.070464248657228,38.27428436279297,122572,0.016319964081048965,0.03883058782666922,0.06333925388753414,0.1126074492931366,0.24920446425676346,2.939377260208129,16.36767522811883,38.13928985595703,,57.9810921627208,-51.16573254341444,1.3521447923532373,0.24914872248460398
364,131072,126397,4675,0,4675,125481,125122,0,359,88,828,0,121158,3964,0,0,1.1765332221984863,5.009173583984375,7.213783264160156,10.148103713989258,17.053695678710938,33.532982635498044,47.72182861328086,92.78020477294922,3.510309934616089,5.0119699239730835,7.206745386123657,10.098076820373535,16.84684181213379,33.01531524658203,41.37305511474607,49.998382568359375,0.001714285695925355,0.02685714326798916,0.08485714346170425,0.18199999630451202,0.37542855739593506,0.6740000247955322,0.8988799738883936,1.631428599357605,0.001714285695925355,0.02800000086426735,0.08628571778535843,0.18371428549289703,0.37714284658432007,0.675428569316864,0.9002857208251953,1.631428599357605,0,0,0.001714285695925355,1.5971428155899048,0.00020837783813476562,0,7.33776621325805e-08,2.1862127654704415e-05,0.00011619578563201025,0.0003054285712190637,0.0008185923204289765,0.002945808249142463,0.004645788546686925,0.013236530526602057,123487,0.020980939269065857,0.0329574778676033,0.05381395295262337,0.10179439187049866,0.23396454751491547,4.514335060119624,20.530923652648923,38.2542610168457,122644,0.016298426315188408,0.03909352067857981,0.06352305971086025,0.11317611485719681,0.25130172818899155,3.0442604899406276,16.886289672851547,38.1562385559082,,58.156540646235534,-51.33217439236286,1.3592479785453442,0.2419411389223988
365,131072,126534,4538,0,4538,125612,125247,0,365,89,833,0,121345,3902,0,0,1.123568058013916,5.065337109565735,7.218745470046997,10.12915325164795,16.992737293243408,33.47630786895752,46.9402866363525,93.06121063232422,3.4048609733581543,5.068991184234619,7.204301357269287,10.078263282775879,16.821203231811523,32.95237655639647,41.51987411499022,49.994625091552734,0.0022857142612338066,0.027142856270074844,0.08514285832643509,0.18199999630451202,0.37714284658432007,0.677142858505249,0.9024771440029139,1.634857177734375,0.0022857142612338066,0.028285713866353035,0.0868571400642395,0.18400000035762787,0.3788571357727051,0.6785714030265808,0.9044399988651257,1.634857177734375,0,0,0.001714285695925355,1.582285761833191,0.00020837783813476562,0,7.1379519661005e-08,2.1513672970625975e-05,0.00011545835889843672,0.00030586550136335827,0.0008144142555472464,0.0029182828441066187,0.004664315421251746,0.013288176328622288,123585,0.020469291135668755,0.03306301459670067,0.054043591022491455,0.10198085755109787,0.23265071213245392,4.623150253295898,20.513709716796885,38.1242561340332,122790,0.015940137207508087,0.038769562169909476,0.06328802555799484,0.11354298889636993,0.24927009269595146,3.025741934776293,16.778580532073974,38.05023956298828,,58.337681251018,-51.5087923410098,1.3602702890164164,0.25299577783810917
366,131072,126596,4476,0,4476,125635,125297,0,338,91,870,0,121314,3983,0,0,1.1525486707687378,5.092185020446777,7.2106850147247314,10.14168930053711,16.970720767974854,33.563446044921875,47.335330963134865,96.64026641845703,3.341618299484253,5.097418308258057,7.193883895874023,10.085184097290039,16.79718780517578,32.98746032714843,41.74999588012695,49.99962615966797,0.001714285695925355,0.02685714326798916,0.08542857319116592,0.18057142198085785,0.3779999911785126,0.6782857179641724,0.9028571248054504,1.6297142505645752,0.001714285695925355,0.02800000086426735,0.08714285492897034,0.1825714260339737,0.37942856550216675,0.6797142624855042,0.9040114140510541,1.6297142505645752,0,0,0.001714285695925355,1.5140000581741333,0.00020837783813476562,0,5.210223654078172e-08,2.128471742676825e-05,0.000114581454982182,0.00030713870609550735,0.0008162161334228058,0.0029322596717315887,0.004692611012159553,0.013330113875471056,123690,0.019957853481173515,0.03317472767084837,0.05415036529302597,0.10192713141441345,0.23109424114227295,4.604158782958984,20.679997577667244,38.2782096862793,122945,0.015673819929361343,0.03853969871997833,0.0635075494647026,0.11373243480920792,0.2513868808746338,3.0268278598785345,16.66385604858398,37.38022232055664,,58.53004333348806,-51.68650709828369,1.3604292146578516,0.2618887759765508
367,131072,126678,4394,0,4394,125724,125433,0,291,90,864,0,121481,3952,0,0,1.1824218034744263,5.099417686462402,7.211557865142822,10.122322082519531,16.936349868774414,33.581969261169434,46.92067390441885,93.56148529052734,3.303384780883789,5.103184986114502,7.187509059906006,10.073105812072754,16.78936195373535,32.97080612182614,41.92100814819336,49.9862174987793,0.0014285714132711291,0.02628571353852749,0.08514285832643509,0.18028570711612701,0.37685713171958923,0.6828571557998657,0.8952742820978141,1.631428599357605,0.001714285695925355,0.027714285999536514,0.0868571400642395,0.18228571116924286,0.37857142090797424,0.6840000152587891,0.8971428275108337,1.631428599357605,0,0,0.001714285695925355,1.4634286165237427,0.00020837783813476562,0,7.182587563827586e-08,2.1575899277492332e-05,0.0001139192214946359,0.00030635890192191206,0.0008133289262652379,0.002922976804592888,0.0046984588715838875,0.013370442739848493,123855,0.019608283415436745,0.03326393738389015,0.05431556701660156,0.10180307179689407,0.22955168783664703,4.802125072479214,20.754357490539547,40.298099517822266,123107,0.015301039442420006,0.03828912749886513,0.06364696100354195,0.11414247006177902,0.24996843934059143,3.074110460281369,16.143191566467326,36.4021110534668,,58.72778147486432,-51.87228572847515,1.365318420206208,0.2713631815881573
368,131072,126566,4506,0,4506,125606,125315,0,291,90,870,0,121463,3852,0,0,1.170536994934082,5.106680274009705,7.214969635009766,10.114057540893555,16.92962074279785,33.62993144989014,46.95196514129642,93.8412094116211,3.2339394092559814,5.111412143707275,7.194026708602905,10.06457233428955,16.79552459716797,32.98947715759277,42.10614379882813,49.97137451171875,0.0014285714132711291,0.02628571353852749,0.08514285832643509,0.18000000715255737,0.37685713171958923,0.6842857003211975,0.9035285651683824,1.628857135772705,0.0014285714132711291,0.02742857113480568,0.0868571400642395,0.18199999630451202,0.3788571357727051,0.6857143044471741,0.9051028478145601,1.628857135772705,0,0,0.001714285695925355,1.5868571996688843,0.0002079010009765625,0,4.623086872165924e-08,2.137271705690479e-05,0.00011322274073716549,0.00030508069828208883,0.0008112209013941425,0.002904438668044492,0.004697958582220812,0.013408818924421752,123757,0.019260330125689507,0.033333738893270494,0.05428715795278549,0.10187485069036484,0.22953423857688904,4.848278141021726,20.671955032348666,40.66522216796875,123003,0.015025662258267403,0.038241658732295035,0.06367969512939453,0.11468058079481125,0.24960609525442123,3.1056912660598743,16.666432418823234,38.419288635253906,,58.929469859427854,-52.063235109946795,1.3641500219986067,0.2777431113576415
369,131072,126519,4553,0,4553,125556,125267,0,289,86,877,0,121371,3896,0,0,1.1685383319854736,5.134954357147217,7.221060514450073,10.106307029724121,16.913686752319336,33.72024726867675,46.893554992675774,94.11650085449219,3.185943126678467,5.136799097061157,7.196889877319336,10.061448097229004,16.78662872314453,33.07328071594238,42.218436050415036,49.98829650878906,0.0014285714132711291,0.02628571353852749,0.08514285832643509,0.17800000309944153,0.37685713171958923,0.6859999895095825,0.906000018119812,1.6311428546905518,0.0014285714132711291,0.02742857113480568,0.0868571400642395,0.18000000715255737,0.37857142090797424,0.6874285936355591,0.9071428775787354,1.6311428546905518,0,0,0.0014285714132711291,1.5808571577072144,0.00020837783813476562,0,1.1649766051484327e-08,2.0856386160775728e-05,0.00011289165056325191,0.0003043105826639569,0.0008099935095819234,0.0028884205954963363,0.004725482644117607,0.01297169488468639,123727,0.01884165033698082,0.03349715694785118,0.0542202889919281,0.10114987194538116,0.22897644340991974,4.907141399383543,20.67238647460941,39.39323043823242,122975,0.01485510729253292,0.03810816332697868,0.0637633316218853,0.11564648151397705,0.2503550499677658,3.1422153234481813,16.916149940490715,38.24128341674805,,59.133704072343996,-52.255478820171255,1.366981616434052,0.280494698298183
370,131072,126533,4539,0,4539,125565,125284,0,281,88,880,0,121380,3904,0,0,1.1767523288726807,5.181165313720703,7.206558704376221,10.100104331970215,16.901241302490234,33.77306518554687,46.76217712402342,97.62226104736328,3.172696828842163,5.183706951141358,7.18513822555542,10.050087928771973,16.759132862091064,33.098975753784174,42.12054145812988,49.997100830078125,0.001714285695925355,0.025714285671710968,0.08457142859697342,0.1768571436405182,0.3757142722606659,0.6865714192390442,0.9084800028800945,1.6325714588165283,0.001714285695925355,0.02685714326798916,0.0860000029206276,0.17885714769363403,0.3779999911785126,0.6882857084274292,0.9094771629571909,1.6325714588165283,0,0,0.001714285695925355,1.565428614616394,0.00020837783813476562,0,6.97693332591464e-08,2.061374075703539e-05,0.00011220565316486013,0.00030487250625477023,0.0008090213791060216,0.0028763095402369403,0.0047198633946983065,0.013503422198860611,123756,0.019096126779913902,0.03379127662628889,0.054186456836760044,0.10103842616081238,0.22880682721734047,4.977195858955383,20.986626720428465,38.47819137573242,122982,0.014986595138907433,0.03782188408076763,0.06378101371228695,0.1161380261182785,0.2507724389433861,3.167547452449798,16.686745586395293,38.519309997558594,,59.33721255311977,-52.45333416675857,1.3746876194350106,0.2839398217987431
371,131072,126411,4661,0,4661,125378,125102,0,276,86,947,0,121106,3996,0,0,1.1389013528823853,5.226854562759399,7.194301605224609,10.093263626098633,16.94491672515869,33.849300384521484,46.9157630920409,94.66748809814453,3.174696445465088,5.229854583740234,7.178186416625977,10.038849830627441,16.76139736175537,33.11962127685547,41.75815181732181,49.999210357666016,0.0014285714132711291,0.025428570806980133,0.08371428400278091,0.17599999904632568,0.37542855739593506,0.6908571720123291,0.9145428359508497,1.6257143020629883,0.0014285714132711291,0.02685714326798916,0.08542857319116592,0.17828571796417236,0.37771427631378174,0.6928571462631226,0.9165714383125305,1.6257143020629883,0,0,0.0014285714132711291,1.5071429014205933,0.00020837783813476562,0,4.2947351783905524e-08,2.0199093954046384e-05,0.00010980666656379513,0.0003043256523471442,0.0008100609100833876,0.002852851165542852,0.004745593871673345,0.013060095476643113,123567,0.01933140493929386,0.03399012535810471,0.054099952802062035,0.10020558536052704,0.2258816659450531,5.063841438293454,21.15295551300046,41.66710662841797,122821,0.014844764024019241,0.03758133947849274,0.06354182213544846,0.11560019105672836,0.2479885071516037,3.172447681427002,16.737960052490287,38.41630554199219,,59.55750061715054,-52.65427465935863,1.3738238404032193,0.2981688428306889
372,131072,126232,4840,0,4840,125119,124869,0,250,85,1028,0,120805,4064,0,0,1.1655402183532715,5.235460352897644,7.216163396835327,10.098209381103516,16.98705768585205,33.9663179397583,46.99142349243168,94.95220184326172,3.214448928833008,5.238494396209717,7.193700313568115,10.03987979888916,16.789297103881836,33.125240325927734,41.35889419555657,49.911380767822266,0.0020000000949949026,0.025428570806980133,0.08257143199443817,0.1745714247226715,0.37628570199012756,0.6922857165336609,0.9160000085830688,1.6260000467300415,0.0020000000949949026,0.02628571353852749,0.08457142859697342,0.1768571436405182,0.3791428506374359,0.6945714354515076,0.9166628575324991,1.6260000467300415,0,0,0.001714285695925355,1.5908571481704712,0.00020837783813476562,0,2.9874655002817874e-08,1.975952532096513e-05,0.0001083121780417177,0.00030283848902901167,0.0008063060250004241,0.0028233126692666,0.004773635404161428,0.013598330707726364,123310,0.019378434866666794,0.0340758578851819,0.05405796691775322,0.09974169731140137,0.22694749385118484,5.138914871215816,20.633033008575445,39.72417068481445,122596,0.01481572538614273,0.03746644966304302,0.06349374540150166,0.11543567478656769,0.2477044202387333,3.200243294239044,16.87921485900883,40.295204162597656,,59.77269439448441,-52.85781138668115,1.3689846904391774,0.2962414193605574
373,131072,126172,4900,0,4900,125109,124848,0,261,90,973,0,120678,4170,0,0,1.1714286804199219,5.254211163520813,7.237288594245911,10.106292724609375,17.005680084228516,33.93663234710693,46.32188869476318,95.3209228515625,3.2766878604888916,5.257097244262695,7.216780424118042,10.05695915222168,16.83003568649292,33.12935199737548,41.22254459381102,49.950653076171875,0.001714285695925355,0.024857142940163612,0.081142857670784,0.17342856526374817,0.37714284658432007,0.6945714354515076,0.9117971640825253,1.6297142505645752,0.001714285695925355,0.026000000536441803,0.08314285427331924,0.17571428418159485,0.37942856550216675,0.6959999799728394,0.9125714302062988,1.6297142505645752,0,0,0.001714285695925355,1.5962857007980347,0.00020837783813476562,0,8.10415570540532e-08,1.9989575911390843e-05,0.0001074559740058098,0.00030217389400891896,0.000801340783149266,0.002805345130126497,0.004766494456832007,0.013612867192107289,123351,0.01966656744480133,0.03420497104525566,0.05407186038792133,0.10022858530282974,0.22921139746904373,5.118865251541138,20.573174476623535,41.31210708618164,122606,0.015156732872128487,0.03719165362417698,0.06371885165572166,0.11528709530830383,0.2485976554453373,3.2446007132530212,16.857788276672363,38.4822998046875,,59.98166831284402,-53.06158677856244,1.3750303338846046,0.2919435882077451
374,131072,126141,4931,0,4931,125111,124863,0,248,87,943,0,120621,4242,0,0,1.17753267288208,5.272521495819092,7.259421348571777,10.127571105957031,17.069547653198242,33.921478271484375,46.0426742553711,95.60692596435547,3.3576819896698,5.276904058456421,7.244538307189941,10.071521759033203,16.890563011169434,33.11610031127929,41.200268096923836,49.993629455566406,0.0014285714132711291,0.023714285343885422,0.08057142794132233,0.1720000058412552,0.37599998712539673,0.6945714354515076,0.9110285878181474,1.631428599357605,0.0014285714132711291,0.024857142940163612,0.08228571712970734,0.17428570985794067,0.3782857060432434,0.6962857246398926,0.9125714302062988,1.631428599357605,0,0,0.001714285695925355,1.4725713729858398,0.00020837783813476562,0,3.7357721917542355e-08,1.9738140394950226e-05,0.00010616084594469,0.0003018711120070635,0.0007984562239813908,0.002779131875327952,0.004771921385803574,0.01383185198459015,123365,0.020223727449774742,0.034163082391023634,0.054103266447782516,0.10002195835113525,0.2301751673221588,5.16719274520874,20.849239730834963,39.573219299316406,122628,0.01564321666955948,0.036908302642405036,0.0638683158904314,0.11598953604698181,0.2510296478867531,3.3217284202575588,17.55961946487426,43.25314712524414,,60.199784581486,-53.264444932775916,1.3788445112002738,0.2978937483831982
375,131072,125909,5163,0,5163,124888,124649,0,239,88,933,0,120301,4348,0,0,1.168990135192871,5.281212711334229,7.276853561401367,10.154662132263184,17.12303924560547,33.90016479492187,45.43695419311519,132.98719787597656,3.463921546936035,5.285615158081055,7.258084297180176,10.0858793258667,16.93218421936035,33.04739074707031,40.866232910156285,49.94462585449219,0.0014285714132711291,0.023428572341799736,0.08028571307659149,0.17114286124706268,0.37599998712539673,0.6959999799728394,0.911142885684967,1.6248571872711182,0.0014285714132711291,0.02428571507334709,0.0820000022649765,0.17314285039901733,0.37857142090797424,0.6971428394317627,0.9122856855392456,1.6248571872711182,0,0,0.0011428571306169033,1.5479999780654907,0.0002079010009765625,0,4.529002927285902e-08,1.9561550135449844e-05,0.00010470377551914097,0.000300944834685154,0.0007898669893396014,0.00274966652997819,0.004785616298763124,0.013869842386756438,123163,0.020788822323083878,0.03415705896914005,0.05397495999932289,0.09906528890132904,0.22811610996723175,5.211104011535638,21.35592735290532,41.700172424316406,122433,0.01597941666841507,0.036732117831707004,0.06393156200647354,0.115209199488163,0.2499026507139206,3.3026827335357614,17.28330497741697,38.17530059814453,,60.41701731765061,-53.46623118844966,1.3883284496500847,0.2966440623523645
376,131072,125946,5126,0,5126,124915,124657,0,258,90,941,0,120249,4408,0,0,1.1664319038391113,5.279619812965393,7.263054370880127,10.160789489746094,17.225609302520752,33.826677322387695,45.20258884429932,96.21548461914062,3.604135751724243,5.28204116821289,7.24342155456543,10.09369945526123,17.00590705871582,32.603851318359375,40.839158325195335,49.97462463378906,0.001714285695925355,0.02257142774760723,0.07999999821186066,0.17085714638233185,0.3765714168548584,0.6974285840988159,0.9157142639160156,1.6351428031921387,0.001714285695925355,0.023428572341799736,0.08171428740024567,0.17342856526374817,0.3791428506374359,0.6991428732872009,0.9166971397399909,1.6351428031921387,0,0,0.0014285714132711291,1.5734286308288574,0.0002079010009765625,0,3.154431743843768e-08,1.9675908182401983e-05,0.00010418047917312201,0.0003007217669292743,0.0007879421632326763,0.002717072870923392,0.004799986218386146,0.013927567392248097,123192,0.021499469876289368,0.03418579697608948,0.054234654642641544,0.09885944426059723,0.22936340421438217,5.166167664527889,21.385437812805165,39.713157653808594,122375,0.016651727259159088,0.03642179854214192,0.06381416693329811,0.11482888460159302,0.25154195725917816,3.2774917840957563,17.039131317138672,40.255157470703125,,60.63389096926919,-53.67243749977581,1.384743029232829,0.2992792656310843
377,131072,125969,5103,0,5103,124959,124690,0,269,87,923,0,120277,4413,0,0,1.1765332221984863,5.254837512969971,7.202422142028809,10.107007026672363,17.27554702758789,33.577079772949205,45.231792755126925,96.50448608398438,3.736591339111328,5.257080554962158,7.176675200462341,10.018924713134766,17.04540729522705,31.924409198760966,40.406029853820804,49.98539733886719,0.0020000000949949026,0.02199999988079071,0.07914285361766815,0.17000000178813934,0.3757142722606659,0.6985714435577393,0.9054285883903503,1.6317143440246582,0.0020000000949949026,0.0231428574770689,0.08085714280605316,0.17257143557071686,0.3782857060432434,0.7002857327461243,0.9062857031822205,1.6317143440246582,0,0,0.0014285714132711291,1.5485714673995972,0.00020837783813476562,0,4.91483496532893e-08,1.9437909438955933e-05,0.00010331994537703733,0.0002987766278320885,0.0007810755344088648,0.0026817099789948067,0.004776017603520227,0.013964985765334434,123318,0.02256198599934578,0.034135115891695024,0.05406056996434927,0.09808269143104553,0.22842399403452873,5.202298545837401,21.377833023071293,42.990108489990234,122425,0.017232580110430717,0.035941445082426075,0.06366823613643646,0.1144169270992279,0.2524646520614624,3.3546892166137634,17.298404235839783,42.27910232543945,,60.8628679980933,-53.887164862481804,1.3833572983382685,0.3139111980702525
378,131072,125931,5141,0,5141,124909,124643,0,266,89,933,0,120239,4404,0,0,1.1512041091918945,5.216768741607666,7.143608093261719,10.028521537780762,17.339797019958496,33.327070236206055,45.486707305908205,96.85169219970703,3.9080729484558105,5.21829080581665,7.125141382217407,9.943609237670898,17.11107063293457,31.528253364562985,40.534442214965836,49.99989318847656,0.001714285695925355,0.02199999988079071,0.07885714620351791,0.17028571665287018,0.37371429800987244,0.7008571624755859,0.9039999842643738,1.6285713911056519,0.001714285695925355,0.022857142612338066,0.08085714280605316,0.17257143557071686,0.37628570199012756,0.7022857069969177,0.9050228559970861,1.6285713911056519,0,0,0.001714285695925355,1.450857162475586,0.0002079010009765625,0,5.02903248673092e-08,1.866302501867523e-05,0.00010226885820015149,0.00029733886806532044,0.0007766073043374243,0.0026446234465835046,0.004798227537115246,0.014024458464151991,123252,0.023297108709812164,0.0340770673006773,0.054112812504172325,0.09777460247278214,0.2309773601591587,5.242720484733579,21.60033676147461,43.110107421875,122391,0.017935428768396378,0.035550760105252266,0.06280301511287689,0.11381250619888306,0.2535761445760727,3.3448249101638794,17.443889617920096,42.57909393310547,,61.09142033977728,-54.09919534957718,1.3849343373460268,0.3117620685701916
379,131072,125746,5326,0,5326,124719,124422,0,297,89,938,0,119970,4452,0,0,1.1335612535476685,5.178656220436096,7.097673177719116,9.953195571899414,17.33903217315674,32.81997013092041,45.78218727111817,97.11592102050781,3.8662874698638916,5.18077712059021,7.077733755111694,9.884138107299805,17.16371440887451,31.21049280166626,40.86167701721183,49.976654052734375,0.001714285695925355,0.021714285016059875,0.07885714620351791,0.17000000178813934,0.37057143449783325,0.7008571624755859,0.9018714249134072,1.6202857494354248,0.001714285695925355,0.02257142774760723,0.08085714280605316,0.17228572070598602,0.3734285831451416,0.7022857069969177,0.9030828630924207,1.6202857494354248,0,0,0.0014285714132711291,1.593999981880188,0.00020742416381835938,0,7.874977283386746e-09,1.8118413161644777e-05,0.00010206975298105818,0.00029588166613740794,0.0007679909002518643,0.002616611039130496,0.004820382624683967,0.014066960546243434,123036,0.023106034845113754,0.0339340977370739,0.0542532354593277,0.09672445058822632,0.2296641655266285,5.170320272445679,21.391039943695016,44.234100341796875,122255,0.017485829070210457,0.03543608821928501,0.06236147880554199,0.11288406699895859,0.25256748497486115,3.3276595830917226,17.278337631225547,39.991188049316406,,61.316589141964094,-54.32455500232032,1.382124259321845,0.3185841475988003
380,131072,125776,5296,0,5296,124804,124515,0,289,88,884,0,120027,4488,0,0,1.1804230213165283,5.15065598487854,7.04918909072876,9.918102264404297,17.307855129241943,32.67962837219238,45.926568031311035,97.43292999267578,3.825349807739258,5.15191969871521,7.030108213424683,9.873006820678711,17.132746696472168,31.066676139831515,41.48134338378907,49.98137664794922,0.0014285714132711291,0.022285714745521545,0.07885714620351791,0.16942857205867767,0.3659999966621399,0.7031428813934326,0.906000018119812,1.6262856721878052,0.0014285714132711291,0.0231428574770689,0.08085714280605316,0.17171429097652435,0.3691428601741791,0.704285740852356,0.9065714478492737,1.6262856721878052,0,0,0.001714285695925355,1.5119999647140503,0.0002079010009765625,0,3.729804801059702e-08,1.7661446586414176e-05,0.00010223248556001503,0.00029421003861176037,0.0007642978095081321,0.002598357506909968,0.004816516246260973,0.014120202884192202,123187,0.022925039753317833,0.033874762058258054,0.05461420491337776,0.0954035297036171,0.22895610332489014,5.2396899223327615,21.517210731506346,44.35110092163086,122385,0.017497574910521507,0.03506039381027222,0.06165661662817001,0.11258219927549362,0.2540903389453888,3.4269766807555953,17.598659973144535,44.58309555053711,,61.554177576364275,-54.53726940618477,1.3826714942643898,0.3188980734313408
381,131072,125610,5462,0,5462,124685,124380,0,305,86,839,0,119893,4487,0,0,1.126684546470642,5.112507748603821,6.985682845115662,9.86935806274414,17.288190841674805,32.233617973327625,46.092503128051774,97.76192474365234,3.8830745220184326,5.113879060745239,6.968484163284302,9.824111938476562,17.083916187286377,30.853229618072508,41.42501216888419,49.989646911621094,0.001714285695925355,0.022699999436736316,0.07971428334712982,0.17085714638233185,0.3651428520679474,0.7054286003112793,0.9088571667671204,1.6302857398986816,0.001714285695925355,0.023428572341799736,0.08142857253551483,0.17328570783138275,0.3677142858505249,0.7065714001655579,0.9097742879390693,1.6302857398986816,0,0,0.0014285714132711291,1.5434285402297974,0.00020837783813476562,0,3.926972774780915e-08,1.7342564376936415e-05,0.00010310994095786868,0.0002913471606545983,0.0007557660049178467,0.0025625209944892167,0.004764489376106823,0.014170533089255432,123066,0.02306186594069004,0.03365929052233696,0.05454732570797205,0.09532058238983154,0.2278520204126835,5.372020721435547,21.803392028808645,44.57509994506836,122247,0.01788768544793129,0.03468765579164028,0.06121058017015457,0.11167340725660324,0.2526455521583557,3.5070550441741926,17.360832595825176,39.52027130126953,,61.79834321793001,-54.76047313435339,1.3820569320044056,0.33081285113542724
382,131072,125514,5558,0,5558,124635,124341,0,294,89,790,0,119847,4494,0,0,1.1645410060882568,5.088268303871155,6.90394127368927,9.807334899902344,17.266098022460938,31.632225227355917,46.35957290649413,98.0906753540039,3.865523099899292,5.089311599731445,6.888940811157227,9.767794609069824,17.04493522644043,30.582782745361328,41.36219635009769,49.996891021728516,0.0014285714132711291,0.022857142612338066,0.08085714280605316,0.17028571665287018,0.3628571331501007,0.7075285643339132,0.9088571667671204,1.6260000467300415,0.0014285714132711291,0.023714285343885422,0.08228571712970734,0.17228572070598602,0.3651428520679474,0.7088571190834045,0.909428596496582,1.6260000467300415,0,0,0.001714285695925355,1.573714256286621,0.00020837783813476562,0,2.146921800611475e-08,1.77857503578165e-05,0.00010283738673736027,0.0002899797789966945,0.0007500025063389014,0.002535371636324705,0.00475625085535809,0.014222046487311265,123004,0.023048272356390953,0.03353885430842638,0.054492147639393806,0.09387089312076569,0.22596997767686844,5.392388629913313,21.815214462280284,39.57816696166992,122194,0.017636645585298538,0.03440054561942816,0.0605703666806221,0.11107848584651947,0.2527884691953659,3.5401503920555104,17.0202230644225,43.34406280517578,,62.02236679440573,-54.98096023664785,1.3783756865007952,0.3143480183866884
383,131072,125407,5665,0,5665,124561,124254,0,307,91,755,0,119767,4487,0,0,1.1544395685195923,5.080859184265137,6.863783121109009,9.762763977050781,17.24699592590332,31.49925251007079,46.68447700500489,98.4152603149414,3.8067874908447266,5.083376479148865,6.8505775928497314,9.729391098022461,16.996869564056396,30.490003395080503,41.71706886291504,49.80974197387695,0.001714285695925355,0.023428572341799736,0.08257143199443817,0.17257143557071686,0.36171427369117737,0.7111428380012512,0.9102857112884521,1.6274285316467285,0.001714285695925355,0.024000000208616257,0.08428571373224258,0.1745714247226715,0.36399999260902405,0.7128571271896362,0.9105714559555054,1.6274285316467285,0,0,0.001714285695925355,1.5985714197158813,0.0002079010009765625,0,9.506116507536147e-08,1.879056976230285e-05,0.00010354369893503551,0.00028942922012785996,0.0007446125326504929,0.0025251074279510908,0.004796725743235622,0.014271236163074652,122922,0.02282576821744442,0.033302927203476426,0.054108492098748684,0.09345042705535889,0.22421884164214134,5.333400702476501,22.031879558563194,38.09314727783203,122104,0.01739330030977726,0.03410244919359684,0.06003766134381294,0.11044752597808838,0.2531639412045479,3.605026698112481,17.89605537414551,38.12514114379883,,62.26319614606441,-55.213925902995584,1.375715707289017,0.33508036917520345
384,131072,125278,5794,0,5794,124470,124135,0,335,88,720,0,119689,4446,0,0,1.1336798667907715,5.061419415473938,6.766822695732117,9.723268508911133,17.190322399139404,31.425952434539788,46.8163258743286,98.73426818847656,3.797788381576538,5.064053535461426,6.7557532787323,9.68879508972168,16.982550621032715,30.37075939178466,41.87866836547853,49.825294494628906,0.001714285695925355,0.024000000208616257,0.08399999886751175,0.17342856526374817,0.3611428439617157,0.7094285488128662,0.9088571667671204,1.6319999694824219,0.001714285695925355,0.024857142940163612,0.08571428805589676,0.17514285445213318,0.3634285628795624,0.7108571529388428,0.9088571667671204,1.6319999694824219,0,0,0.001714285695925355,1.5954285860061646,0.0002079010009765625,0,1.986059409848307e-08,1.9075841319798306e-05,0.00010382057495552512,0.00028879420717084427,0.000741530260744418,0.0025252327801997304,0.004768917924424862,0.013671189040029265,122685,0.022593984380364418,0.03294228091835976,0.053384702652692795,0.09340643882751465,0.22559252381324768,5.4916971206665,21.665724563598648,37.28116226196289,121921,0.017753617838025093,0.033962707966566086,0.05966957286000252,0.11000701040029526,0.2527531087398529,3.6522045135498047,17.862338638305708,37.111228942871094,,62.477715517746596,-55.460997585883476,1.3771058555079108,0.32720774719441725
385,131072,125258,5814,0,5814,124449,124121,0,328,87,722,0,119602,4519,0,0,1.1375585794448853,5.045339632034302,6.711026549339294,9.697115898132324,17.109110355377197,31.26626148223875,46.99772460937491,99.08792877197266,3.8005270957946777,5.046746730804443,6.696309566497803,9.6602144241333,16.917903900146484,30.104293823242188,41.90358734130863,49.93899154663086,0.0011428571306169033,0.024857142940163612,0.0860000029206276,0.17485713958740234,0.35771429538726807,0.7103285759687407,0.9074285626411438,1.6339999437332153,0.0011428571306169033,0.025714285671710968,0.087714284658432,0.1768571436405182,0.3597142994403839,0.7117142677307129,0.9076571583747872,1.6339999437332153,0,0,0.001714285695925355,1.5645713806152344,0.00020837783813476562,0,2.3291856719196023e-08,1.9147528545143218e-05,0.00010423197972774491,0.0002885875077902546,0.0007375581485400415,0.0025121477336300002,0.004744067543082744,0.014375397603641782,122758,0.022658860310912132,0.03283146936446428,0.05308019369840622,0.09299317002296448,0.22316733747720718,5.57142031192779,21.661380729675273,37.6840934753418,121982,0.017262836918234825,0.03380802124738693,0.059354365803301334,0.10937415063381195,0.2506471052765846,3.718539333343504,18.076303825378456,37.22919464111328,,62.710867065843196,-55.68924487255751,1.3830393233849922,0.32633062114203776
386,131072,125126,5946,0,5946,124368,124037,0,331,89,669,0,119546,4491,0,0,1.1686570644378662,5.026007652282715,6.651101469993591,9.660441398620605,17.046213150024414,31.0748872756958,46.53771495819092,99.6956787109375,3.8335251808166504,5.027617931365967,6.635488510131836,9.620054244995117,16.81332778930664,29.922520065307616,41.86245239257812,49.891876220703125,0.0014285714132711291,0.025428570806980133,0.08742856979370117,0.17514285445213318,0.35514286160469055,0.7111428380012512,0.9108571410179138,1.6234285831451416,0.0014285714132711291,0.02628571353852749,0.08914285898208618,0.1768571436405182,0.3571428656578064,0.7117142677307129,0.911142885684967,1.6234285831451416,0,0,0.0014285714132711291,1.5082857608795166,0.00020837783813476562,0,6.001516093170428e-08,1.9210776969526095e-05,0.00010441896223866036,0.0002874411039610638,0.0007306620958614262,0.002469491277612732,0.004684952960279175,0.014414538211761292,122728,0.022827517241239548,0.032576303370296954,0.0523824505507946,0.09267595410346985,0.2233552783727646,5.724534368515003,21.69161762237548,38.24720764160156,121938,0.01740291714668274,0.03368646595627069,0.059062182903289795,0.10957533121109009,0.2536405175924301,3.9141722679138136,18.52544574737555,38.37519454956055,,62.944068943849906,-55.92483890897993,1.3837433073299847,0.33149383327154025
387,131072,125005,6067,0,6067,124267,123957,0,310,86,652,0,119459,4498,0,0,1.163196325302124,4.9709696769714355,6.59163236618042,9.623526573181152,17.00004005432129,30.8679058074951,46.25697158813476,100.00468444824219,3.88348126411438,4.974149322509765,6.578727722167969,9.587526321411133,16.751354217529297,29.68456649780272,41.915529632568365,49.92787551879883,0.0020000000949949026,0.025714285671710968,0.08799999952316284,0.175428569316864,0.3548571467399597,0.7122856974601746,0.9079999923706055,1.6214286088943481,0.0020000000949949026,0.026571428403258324,0.08971428871154785,0.17714285850524902,0.35685715079307556,0.7132000088691703,0.9085714221000671,1.6214286088943481,0,0,0.0014285714132711291,1.4031428098678589,0.00020837783813476562,0,5.0037277953296e-08,1.9267245630683677e-05,0.00010410194030694757,0.0002858784495552534,0.0007225176365986825,0.0024567217116417345,0.004643085767229269,0.014479717911068404,122685,0.023127734661102295,0.032474758476018904,0.051609933376312256,0.0921267420053482,0.22596748173236847,5.629590129852261,21.90209632873537,39.33309555053711,121912,0.01777203381061554,0.033384085074067114,0.05845970939844847,0.10894300043582916,0.2506643012166023,3.864675998687741,18.01387876510619,38.356109619140625,,63.17881818891176,-56.154452863691,1.3802652764522965,0.3283928637378631
388,131072,124740,6332,0,6332,123989,123705,0,284,88,663,0,119238,4467,0,0,1.1565461158752441,4.912623167037964,6.548257350921631,9.588156700134277,16.9762921333313,30.64177217483513,46.43546726226807,100.35567474365234,3.829679489135742,4.91801176071167,6.537633895874023,9.547393798828125,16.682241439819336,29.4746612548828,42.04615280151361,49.997169494628906,0.0020000000949949026,0.025428570806980133,0.08799999952316284,0.175428569316864,0.35600000619888306,0.7125714421272278,0.9034285545349121,1.628857135772705,0.0020000000949949026,0.02628571353852749,0.08971428871154785,0.17714285850524902,0.35771429538726807,0.7134285569190979,0.9037142992019653,1.628857135772705,0,0,0.0011428571306169033,1.3622857332229614,0.00020837783813476562,0,3.1874918679847046e-08,1.906733750292126e-05,0.00010444109712939013,0.00028234794099003655,0.0007147003858311398,0.0024598347037374634,0.004654267313474715,0.014529621030651522,122393,0.023664910346269608,0.032439178228378295,0.05044327303767204,0.09109312295913696,0.22476522624492645,5.6933658599853345,21.941225357055664,38.464195251464844,121576,0.01806284673511982,0.03312899637967348,0.05784482974559069,0.10822327435016632,0.2496780902147293,3.8692222833633423,17.74544334411621,38.43718719482422,,63.41192748115721,-56.372596688648194,1.3803719995936814,0.3192595838623431
389,131072,124677,6395,0,6395,123939,123637,0,302,91,647,0,119136,4501,0,0,1.168538212776184,4.854030609130859,6.492100715637207,9.543683052062988,16.831405639648438,30.470145797729494,46.06050247192387,100.66167449951172,3.836679458618164,4.85986852645874,6.4814910888671875,9.502610206604004,16.59993553161621,29.19131050109863,41.94738235473633,49.979774475097656,0.001714285695925355,0.025714285671710968,0.08828571438789368,0.17485713958740234,0.35828572511672974,0.7105714082717896,0.9034285545349121,1.6311428546905518,0.001714285695925355,0.026571428403258324,0.08971428871154785,0.17657142877578735,0.36000001430511475,0.7114285826683044,0.9034285545349121,1.6311428546905518,0,0,0.0014285714132711291,1.3562856912612915,0.0002079010009765625,0,8.125608289299201e-09,1.9543289582578493e-05,0.00010541677786765144,0.00027888677261894387,0.0007090205044285511,0.0024540402658559906,0.004604102002039043,0.013926865250455295,122301,0.02366974949836731,0.03238504007458687,0.04920145124197006,0.08972430229187012,0.22346724569797516,5.712239742279053,21.530948638916016,38.23310089111328,121473,0.018066823482513428,0.032915849983692166,0.05721098929643631,0.10728313773870468,0.2493356615304947,3.9298713684082007,17.991032485961895,40.96609878540039,,63.63385216263669,-56.62366638500254,1.3762554394032303,0.3351171477931777
390,131072,124447,6625,0,6625,123692,123397,0,295,85,670,0,118872,4525,0,0,1.1655402183532715,4.780246353149414,6.451267242431641,9.468989372253418,16.668625831604004,30.213582992553704,46.33290573120095,197.06268310546875,3.832240104675293,4.786955451965332,6.438305377960205,9.417394638061523,16.440105438232422,28.99455299377441,41.97215423583984,49.9368896484375,0.0020000000949949026,0.026000000536441803,0.08914285898208618,0.17514285445213318,0.35828572511672974,0.7102857232093811,0.9014285802841187,1.628000020980835,0.0020000000949949026,0.027142856270074844,0.0908571407198906,0.1768571436405182,0.36000001430511475,0.7111428380012512,0.9014400076866131,1.628000020980835,0,0,0.001714285695925355,1.3282856941223145,0.00020837783813476562,0,4.3039350998077065e-08,1.9966331077018724e-05,0.00010597939196989778,0.0002762138537540438,0.0006989077096887814,0.002458537864787811,0.004541772970442349,0.013969626339767682,122051,0.02339496649801731,0.032347531989216805,0.04831574112176895,0.08815428614616394,0.22224275767803192,5.695709943771362,21.463501930236816,38.585105895996094,121180,0.017980055883526802,0.03272208571434021,0.056479318998754025,0.10699565708637238,0.2464951053261757,3.809212779998763,17.642951011657683,38.94113540649414,,63.854425667444616,-56.845411574196035,1.3744082409860896,0.31277310001933306
391,131072,124293,6779,0,6779,123540,123252,0,288,85,668,0,118701,4551,0,0,1.1665395498275757,4.720684146881103,6.417314052581787,9.311576843261719,16.59547233581543,29.891350555419876,46.53728317260747,101.33769989013672,3.7758781909942627,4.725289750099182,6.408359527587891,9.258532524108887,16.34554624557495,28.698000431060787,41.914998359680204,49.9965705871582,0.001714285695925355,0.026000000536441803,0.0908571407198906,0.17800000309944153,0.35857143998146057,0.7045714259147644,0.8983085465431219,1.625428557395935,0.001714285695925355,0.027142856270074844,0.09228571504354477,0.17957143485546112,0.36057141423225403,0.7051428556442261,0.8980000019073486,1.625428557395935,0,0,0.0014285714132711291,1.3271428346633911,0.00020837783813476562,0,4.529135759576519e-08,2.017454698066189e-05,0.00010679931005906057,0.00027620592485219707,0.0006883183986493591,0.0024594011439658466,0.004518839514187216,0.014023345909220894,121910,0.022793276235461235,0.03237825371325016,0.047462969087064266,0.08597512543201447,0.21904835104942322,5.570885419845553,21.497875289917022,41.564170837402344,121099,0.017704270780086517,0.032586723938584326,0.055763889104127884,0.10623384267091751,0.24507170170545578,3.8326498031615865,17.315274047851588,41.74009323120117,,64.07481424686722,-57.079497369027074,1.3726129131585023,0.32151284341935865
392,131072,124197,6875,0,6875,123321,123060,0,261,86,790,0,118435,4625,0,0,1.163196325302124,4.668445491790772,6.3484039306640625,9.0704984664917,16.561338424682617,29.110279083251946,46.56632934570302,101.66969299316406,3.7545297145843506,4.671781539916992,6.340122222900391,8.998321533203125,16.254375457763672,28.270643138885497,41.23512756347657,49.99864196777344,0.0020000000949949026,0.026571428403258324,0.0925714299082756,0.17885714769363403,0.36057141423225403,0.6985714435577393,0.8971428275108337,1.6239999532699585,0.0020000000949949026,0.027714285999536514,0.09428571164608002,0.18057142198085785,0.3628571331501007,0.699999988079071,0.8978314125537882,1.6239999532699585,0,0,0.0014285714132711291,1.3234286308288574,0.0002079010009765625,0,5.25138837546682e-08,2.0263484506396133e-05,0.00010705649285248345,0.0002764038514598884,0.0006762314841477986,0.0024466890673167842,0.004424354391928318,0.014070381490561406,121733,0.022670302540063858,0.03222699984908104,0.04650052636861801,0.08348608016967773,0.21450527012348175,5.635373401641844,21.197798461914054,38.710166931152344,120890,0.017721837386488914,0.03240686058998108,0.05486161448061466,0.1053706631064415,0.24220222979784012,3.877742826938619,17.597129707336435,38.3481559753418,,64.29411713752538,-57.31317667280795,1.374388808618163,0.32047297650694523
393,131072,124080,6992,0,6992,123060,122779,0,281,86,934,0,118220,4559,0,0,1.1697567701339722,4.640700840950013,6.248401522636414,8.829765319824219,16.63942289352417,29.064853477478017,46.81748676300036,101.94868469238281,3.7486984729766846,4.642999649047852,6.240372896194458,8.773773193359375,16.248888969421387,28.219973373413076,39.89754608154297,49.99503707885742,0.0020000000949949026,0.026571428403258324,0.09200000017881393,0.17914286255836487,0.36085712909698486,0.6928571462631226,0.8882856965065002,1.624571442604065,0.0020000000949949026,0.02800000086426735,0.09399999678134918,0.18114285171031952,0.36314284801483154,0.6937142610549927,0.8880000114440918,1.624571442604065,0,0,0.001714285695925355,1.4885714054107666,0.00020837783813476562,0,6.335115057885848e-08,2.0442683951120283e-05,0.0001061443186363459,0.00027880192790831444,0.0006717817544529778,0.0024580650028605683,0.0044093104648650515,0.01478949641785827,121437,0.023356987163424492,0.032138562947511676,0.04569849371910095,0.08178815990686417,0.2076781839132309,5.65227813720703,20.99277130126953,43.96010208129883,120540,0.017871340736746788,0.032277793250977994,0.05358145572245121,0.10467183589935303,0.2375779151916504,3.6968895912170394,17.445084037780763,42.30013656616211,,64.50484312455644,-57.56097451019861,1.3837574901784417,0.32541816485851827
394,131072,123969,7103,0,7103,122877,122601,0,276,88,1004,0,118076,4525,0,0,1.1717556715011597,4.613143539428711,6.135875701904297,8.603873252868652,16.64754867553711,29.06618423461913,46.98594192504879,102.27169036865234,3.7818779945373535,4.615705490112305,6.126956939697266,8.538925170898438,16.2910213470459,28.142637252807617,38.6687126159668,49.98530197143555,0.0020000000949949026,0.026571428403258324,0.09200000017881393,0.1785714328289032,0.35914286971092224,0.6837142705917358,0.8748571276664734,1.632857084274292,0.0020000000949949026,0.027714285999536514,0.09371428936719894,0.18057142198085785,0.36142855882644653,0.6845714449882507,0.8757143020629883,1.632857084274292,0,0,0.0014285714132711291,1.3411428928375244,0.00020837783813476562,0,9.019550380702276e-08,2.0155305186984414e-05,0.00010554445555732025,0.00027982141500489945,0.000664685191731038,0.002453439562341604,0.004375258433580365,0.01483497431105617,121341,0.02327127754688263,0.03197021037340164,0.04488687217235565,0.08018270879983902,0.20883217453956604,5.767178058624268,20.850282669067415,38.944087982177734,120440,0.018140356987714767,0.032104353047907354,0.05200703348964453,0.10372938960790634,0.23717138171195984,3.7962354302406247,17.65343185424805,37.97726058959961,,64.71033933085896,-57.78911065948991,1.3770736815626123,0.30711474519436227
395,131072,123803,7269,0,7269,122671,122424,0,247,87,1045,0,117943,4481,0,0,1.1510016918182373,4.598208570480347,6.040408611297607,8.401752471923828,16.6184720993042,29.09388484954834,47.2105578613281,102.56968688964844,3.7909305095672607,4.599418139457702,6.032876491546631,8.341323852539062,16.2718448638916,28.139340496063223,38.149634399414104,49.99903869628906,0.001714285695925355,0.026000000536441803,0.09142857044935226,0.1777142882347107,0.3588571548461914,0.6697142720222473,0.8677085721492755,1.6291428804397583,0.001714285695925355,0.02742857113480568,0.09371428936719894,0.18000000715255737,0.3611428439617157,0.6711428761482239,0.8688571453094482,1.6291428804397583,0,0,0.001714285695925355,1.5931428670883179,0.00020837783813476562,0,4.544319796582063e-08,2.0318229939371252e-05,0.00010466241860178267,0.000278601791231127,0.0006566205811742252,0.0024529104110012166,0.004360788986171111,0.014875568083511042,121134,0.023259053006768227,0.031854336336255076,0.044288601726293564,0.07863873243331909,0.20518652722239494,5.5601175785064685,21.026530094146693,42.641090393066406,120234,0.01792023703455925,0.03197663761675358,0.05078525561839342,0.10266110301017761,0.23339056596159935,3.631873297691338,18.02043897628784,44.39913558959961,,64.92424328005919,-58.016835309848666,1.374296689243086,0.3124437990276271
396,131072,123812,7260,0,7260,122695,122451,0,244,86,1031,0,118008,4443,0,0,1.1765333414077759,4.600295066833496,5.943294882774353,8.229328155517578,16.680559635162354,29.179514694213868,47.24018852233887,102.84967803955078,3.7634530067443848,4.6017842292785645,5.933324813842773,8.167804718017578,16.28152561187744,28.277615547180176,37.90438652038574,49.991455078125,0.0020000000949949026,0.02628571353852749,0.0917142853140831,0.17742857336997986,0.35742858052253723,0.6554285883903503,0.8562856912612915,1.6248571872711182,0.0020000000949949026,0.027714285999536514,0.09371428936719894,0.17971429228782654,0.3594285845756531,0.6565714478492737,0.8571428656578064,1.6248571872711182,0,0,0.001714285695925355,1.569428563117981,0.0002079010009765625,0,4.867448986232073e-08,2.0703631128928068e-05,0.00010520928651817861,0.0002775373945317642,0.0006520491743561968,0.0024714417262161844,0.004277110578030574,0.014933157677595761,121238,0.02325875498354435,0.03180371690541506,0.043781958520412445,0.07739375531673431,0.2036060430109501,5.601354432106012,20.876237201690685,44.639102935791016,120315,0.018515272065997124,0.03183688893914223,0.049761347472667694,0.10154721140861511,0.22966017574071884,3.4513359308242775,17.334578361511237,41.96113586425781,,65.10739390180468,-58.24287734322866,1.3818001653586112,0.29102483271044444
397,131072,123698,7374,0,7374,122565,122313,0,252,87,1046,0,117955,4358,0,0,1.163541555404663,4.597678160667419,5.814173340797424,8.067505836486816,16.680326461791992,29.21273679733276,47.39161891937254,103.16267395019531,3.773228645324707,4.601255130767822,5.805273532867432,8.002920150756836,16.105031967163086,28.38009757995605,37.92532974243164,49.9782600402832,0.0014285714132711291,0.02628571353852749,0.0917142853140831,0.17800000309944153,0.3531428575515747,0.6417142748832703,0.8534285426139832,1.6217142343521118,0.0014285714132711291,0.027714285999536514,0.09399999678134918,0.18028570711612701,0.3554285764694214,0.6428571343421936,0.854251427650453,1.6217142343521118,0,0,0.001714285695925355,1.3614286184310913,0.00020837783813476562,0,4.433072458248834e-08,2.070059841559274e-05,0.00010577648227553752,0.0002760336576518415,0.000646043381472096,0.002471329013380384,0.004242876851909728,0.014963469633795978,121058,0.023244183510541916,0.03169084601104259,0.04336924571543932,0.07650772482156754,0.20138274505734444,5.504253673553467,20.885352897644022,44.642086029052734,120159,0.01803605630993843,0.03171717487275601,0.049180928617715836,0.10088687390089035,0.22696755826473236,3.489125728607168,17.991783027648896,39.561214447021484,,65.28320202513582,-58.45880721017098,1.3650905028446276,0.2789505628032945
398,131072,123611,7461,0,7461,122476,122204,0,272,87,1048,0,117915,4289,0,0,1.1665395498275757,4.592336654663086,5.71153712272644,7.925822734832764,16.62046241760254,29.363566398620605,47.577500915527125,103.39148712158203,3.746354341506958,4.594111227989197,5.701654076576233,7.86982536315918,15.825491905212402,28.580053424835196,37.96790313720703,49.99833297729492,0.0020000000949949026,0.026571428403258324,0.09200000017881393,0.17800000309944153,0.349142849445343,0.6302857398986816,0.8554285764694214,1.6345714330673218,0.0020000000949949026,0.02800000086426735,0.09399999678134918,0.18028570711612701,0.35114285349845886,0.6311428546905518,0.8562771207094196,1.6345714330673218,0,0,0.001714285695925355,1.5925713777542114,0.00020837783813476562,0,3.156062389182152e-08,2.0403264067603092e-05,0.00010695475884170365,0.0002755821434702575,0.0006397196116157639,0.002486839744147499,0.004264055871113191,0.01502198003867852,120916,0.023170173168182373,0.03159131109714508,0.04297247249633074,0.0756029486656189,0.20211100205779076,5.730175495147705,21.185950183868453,44.62208557128906,120000,0.01799507811665535,0.03146148510277271,0.04828656651079655,0.09964929521083832,0.22479134798049927,3.452392113208759,18.14939113616937,44.85213851928711,,65.45953321114068,-58.67487043437085,1.368437205139207,0.27890357549836553
399,131072,123440,7632,0,7632,122339,122067,0,272,85,1016,0,117732,4335,0,0,1.144773006439209,4.557855725288391,5.6340426206588745,7.833492279052734,16.29388189315796,29.324313735961912,47.18587718963624,103.69868469238281,3.787189483642578,4.559133911132813,5.624573230743408,7.7785868644714355,15.45231580734253,28.636210441589352,37.89039352416991,49.98469924926758,0.0022857142612338066,0.027142856270074844,0.09142857044935226,0.1785714328289032,0.34371429681777954,0.621157148480412,0.8674286007881165,1.6257143020629883,0.0022857142612338066,0.02857142873108387,0.09342857450246811,0.18085713684558868,0.34542858600616455,0.6219142735004417,0.8675257337093343,1.6257143020629883,0,0,0.001714285695925355,1.5725713968276978,0.0002079010009765625,0,8.835881630810164e-09,2.018469050249148e-05,0.00010708255293144389,0.0002724037394682535,0.0006313028604165796,0.002481486281274394,0.004251739943757384,0.015060611229968239,120803,0.022924944758415222,0.03142734281718731,0.04241396114230156,0.0749378353357315,0.19816379994153976,5.664734125137327,21.0160517501831,43.26509094238281,119887,0.018153754994273186,0.031242613308131696,0.04784056171774864,0.09827884286642075,0.22093334048986435,3.3873081922531085,17.883316955566407,39.95026779174805,,65.61698081359938,-58.86982179677572,1.3729362804033007,0.25063124885324783
400,131072,123349,7723,0,7723,122240,122022,0,218,84,1025,0,117823,4199,0,0,1.1465524435043335,4.502657127380371,5.559006690979004,7.731537818908691,15.855234146118164,29.289393234252923,47.175569305419934,103.89068603515625,3.7641468048095703,4.503411030769348,5.547235012054443,7.680011749267578,15.078461408615112,28.50572700500488,37.84189174652097,49.907474517822266,0.001714285695925355,0.027714285999536514,0.09114285558462143,0.17885714769363403,0.33799999952316284,0.6177142858505249,0.8765714168548584,1.6262856721878052,0.001714285695925355,0.028857143595814705,0.09285714477300644,0.18114285171031952,0.3400000035762787,0.6191428303718567,0.877940014600752,1.6262856721878052,0,0,0.001714285695925355,1.4028571844100952,0.00020837783813476562,0,2.0955293242700435e-08,1.9939523530674948e-05,0.00010710643933553583,0.00026922376592074503,0.0006282488252113357,0.002456542862409438,0.0042111223605133755,0.015101300875275591,120735,0.02338367886841297,0.031239946931600572,0.04195527918636799,0.0739545226097107,0.19653738290071487,5.609865236282342,21.19508113861089,40.278160095214844,119876,0.01857353001832962,0.03087951196357608,0.046998897567391396,0.0962880402803421,0.21780095621943474,3.305292785167694,17.97116470336914,38.912235260009766,,65.77648068847775,-59.05149012819529,1.3711939561221815,0.24175737511167272
401,131072,123299,7773,0,7773,122188,121962,0,226,87,1024,0,117881,4081,0,0,1.1649926900863647,4.421232748031616,5.501968860626221,7.672591686248779,15.547176837921143,29.39049015045165,46.88959838867198,104.07425689697266,3.743539810180664,4.42233898639679,5.4935325384140015,7.627786159515381,14.875335454940796,28.48731317520141,37.91766281127929,49.99611282348633,0.0022857142612338066,0.02742857113480568,0.09028571099042892,0.1794285774230957,0.3334285616874695,0.6142857074737549,0.8791428804397583,1.6225714683532715,0.0022857142612338066,0.028585714474320463,0.09228571504354477,0.1817142814397812,0.3351428508758545,0.615414282679557,0.8799371677637097,1.6225714683532715,0,0,0.001714285695925355,1.4354286193847656,0.00020837783813476562,0,2.0651398369298896e-08,1.9969965904765542e-05,0.00010764726430993117,0.0002668180678153736,0.0006282077411895487,0.0024545456254758766,0.004222026042159699,0.015136308435131345,120672,0.023170026019215584,0.03096029767766595,0.04157954268157482,0.0731615200638771,0.19427375122904778,5.607150030136103,20.860097141265868,37.25508499145508,119804,0.017306456342339516,0.03058003205806017,0.04658721201121807,0.09511321783065796,0.21870075538754463,3.2581020593643117,17.506985816955574,39.127235412597656,,65.91570116277916,-59.23041494317899,1.3724042218603414,0.22671103772163084
402,131072,123229,7843,0,7843,122097,121847,0,250,87,1045,0,117833,4014,0,0,1.1142290830612183,4.338752937316895,5.4549736976623535,7.635351181030273,15.337027549743652,29.5352970123291,46.78513946533206,104.3017349243164,3.6245453357696533,4.339813947677612,5.445608854293823,7.587759017944336,14.689065933227539,28.51221694946289,37.8716384887695,49.98468017578125,0.0020000000949949026,0.027714285999536514,0.08942857384681702,0.17885714769363403,0.3302857279777527,0.6131428480148315,0.8830628371238712,1.6305714845657349,0.0020000000949949026,0.028857143595814705,0.0917142853140831,0.18114285171031952,0.3317142724990845,0.6137142777442932,0.8820000290870667,1.6305714845657349,0,0,0.001714285695925355,1.434571385383606,0.0002079010009765625,0,1.7961277474817524e-08,1.9980111727401553e-05,0.00010819008976537607,0.00026549489865423817,0.0006308838653979905,0.002475174178303156,0.00424283533681917,0.01516660845979024,120529,0.02243097871541977,0.03070542961359024,0.04116159677505493,0.07228221744298935,0.19230158627033234,5.580718421936031,20.766281356811525,40.611175537109375,119670,0.018564816564321518,0.030161584727466106,0.04609175119549036,0.09391453862190247,0.21847296878695488,3.212155652046193,17.718071975708,40.11520767211914,,66.03253098211424,-59.40111066784371,1.3708566337828638,0.2068541325029266
403,131072,123090,7982,0,7982,121982,121721,0,261,85,1023,0,117859,3862,0,0,1.1657593250274658,4.248799800872803,5.415760159492493,7.603886604309082,15.133013725280762,29.6150366783142,45.76546833038332,104.46968078613281,3.4510250091552734,4.249464511871338,5.406351089477539,7.559088230133057,14.521647453308105,28.471158981323242,37.81665191650391,49.99549865722656,0.0022857142612338066,0.027714285999536514,0.08942857384681702,0.17914286255836487,0.32771429419517517,0.6117143034934998,0.8862857222557068,1.6302857398986816,0.0022857142612338066,0.02914285659790039,0.09142857044935226,0.1817142814397812,0.32914286851882935,0.6122857332229614,0.885371410846711,1.6302857398986816,0,0,0.001714285695925355,1.5828571319580078,0.00020837783813476562,0,6.03021936941876e-08,2.0241370749497222e-05,0.00010851987372189702,0.00026417283858783244,0.0006327400914656443,0.002466311208216121,0.004185988050064978,0.015197874872560736,120431,0.02171211503446102,0.030295686796307564,0.040821366012096405,0.07174079120159149,0.19088884443044662,5.516161918640137,20.768325996398918,40.29616928100586,119483,0.01805618405342102,0.029796766862273217,0.045700592920184135,0.09279623627662659,0.21691778302192688,3.239960503578173,17.82379959106439,39.3232421875,,66.14421590729748,-59.54747577668895,1.3720116928668509,0.18411301355947635
404,131072,123107,7965,0,7965,122014,121766,0,248,81,1012,0,117979,3787,0,0,1.141555905342102,4.1512915134429935,5.382327079772949,7.573451995849609,14.921886920928955,29.532877159118648,44.979533462524586,166.8603057861328,3.4002466201782227,4.152040958404541,5.37199330329895,7.526925086975098,14.37521481513977,28.47281312942505,37.875046920776406,49.997459411621094,0.0020000000949949026,0.02800000086426735,0.08971428871154785,0.1794285774230957,0.3271428644657135,0.6105714440345764,0.8785714507102966,1.6311428546905518,0.0020000000949949026,0.02914285659790039,0.0917142853140831,0.1817142814397812,0.3288571536540985,0.6119285672903061,0.8799143105745348,1.6311428546905518,0,0,0.0014285714132711291,1.5877143144607544,0.00020837783813476562,0,3.017125696606668e-08,2.039930868914605e-05,0.00010824019115315845,0.00026354271101160893,0.0006345962601666069,0.0024543854895098596,0.004199675906002675,0.02670168322058464,120501,0.020652122795581818,0.030006563290953636,0.04037357121706009,0.07130161672830582,0.18967746198177338,5.56242561340332,21.00111961364746,41.7301139831543,119605,0.01798817329108715,0.029414621740579606,0.04543335735797882,0.09155268222093582,0.2169182151556015,3.2645863533019974,17.504633331298713,39.75815200805664,,66.2462338409948,-59.68158032729474,1.364535245687402,0.1686641234865322
405,131072,123102,7970,0,7970,122002,121766,0,236,83,1017,0,118082,3684,0,0,1.170655608177185,4.054969429969788,5.3512349128723145,7.559168815612793,14.806487321853638,29.49222440719604,44.99385272979781,104.76348114013672,3.29083251953125,4.055821180343628,5.339977025985718,7.514867782592773,14.27133846282959,28.481821060180664,37.903188705444414,49.97385787963867,0.001714285695925355,0.02800000086426735,0.08942857384681702,0.18000000715255737,0.3271428644657135,0.6094285845756531,0.8748571276664734,1.6299999952316284,0.001714285695925355,0.029428571462631226,0.0917142853140831,0.18228571116924286,0.3288571536540985,0.6105714440345764,0.8755285680294054,1.6299999952316284,0,0,0.0011428571306169033,1.5925713777542114,0.00020837783813476562,0,6.385644087147162e-08,2.0312979992350305e-05,0.0001087413659594299,0.00026387783149315485,0.0006370819330910752,0.0024569679345246547,0.004201931032000938,0.0152520967823425,120541,0.02075217291712761,0.029824741184711456,0.040182702243328094,0.07060308009386063,0.18824706971645355,5.465232849121094,20.633692550659216,41.24613571166992,119612,0.01769792102277279,0.028976816125214102,0.04498325381428003,0.09040108323097229,0.2139623872935772,3.183873879909515,17.380055961608875,40.33113479614258,,66.33304400514822,-59.81082008623683,1.3692151934822923,0.15575885786406007
406,131072,123170,7902,0,7902,122057,121804,0,253,85,1028,0,118183,3621,0,0,1.130455493927002,3.9647483468055724,5.322975397109985,7.542008399963379,14.612589597702026,29.444319820404036,44.8585349655151,104.91567993164062,3.172839879989624,3.966889524459839,5.312542676925659,7.501510143280029,14.12844204902649,28.44594612121582,37.800800514221194,49.97952651977539,0.0020000000949949026,0.027714285999536514,0.08942857384681702,0.18085713684558868,0.32828572392463684,0.6062856912612915,0.8718914371728884,1.6282857656478882,0.0020000000949949026,0.029428571462631226,0.0917142853140831,0.18314285576343536,0.329714298248291,0.6074285507202148,0.8737056976556782,1.6282857656478882,0,0,0.001714285695925355,1.4117143154144287,0.00020694732666015625,0,5.6069598364886146e-08,2.0460744244715563e-05,0.00010891972862157125,0.0002632274506747253,0.0006368750610713619,0.002450943686784955,0.004181371599711611,0.015277201403117115,120560,0.019742801785469055,0.029640910122543572,0.0399556178599596,0.07048913836479187,0.18751920759677887,5.259883832931482,20.455513191223158,39.126155853271484,119642,0.016739964485168457,0.028720166813582183,0.04493692982941866,0.08979635685682297,0.21234622597694397,3.202256178855896,16.91388868331908,41.067134857177734,,66.40403231167097,-59.9250737388572,1.3688061631304307,0.13451172478967338
407,131072,123137,7935,0,7935,122023,121776,0,247,85,1029,0,118207,3569,0,0,1.151667833328247,3.8856483936309814,5.301397800445557,7.5456156730651855,14.480344772338867,29.375833129882814,44.54550094604491,105.0042724609375,3.118206024169922,3.8885735273361206,5.2914265394210815,7.504289627075195,14.00217056274414,28.36067247390747,37.71947956085205,49.993682861328125,0.001714285695925355,0.02800000086426735,0.08971428871154785,0.18142856657505035,0.33000001311302185,0.6088571548461914,0.8731428384780884,1.628857135772705,0.001714285695925355,0.029428571462631226,0.09200000017881393,0.18371428549289703,0.33142855763435364,0.6102856993675232,0.8740714341402054,1.628857135772705,0,0,0.001714285695925355,1.5874285697937012,0.0002079010009765625,0,5.220565168750229e-08,2.0570022028137423e-05,0.00010954088061535932,0.00026435117159630804,0.0006387316221443828,0.002444127923062582,0.00415786964874159,0.01529529272567795,120502,0.019149258732795715,0.029377842880785467,0.03984936699271202,0.07020324468612671,0.18630405142903328,5.178924369812008,20.28804964065554,41.207088470458984,119598,0.01692108064889908,0.028582629468291997,0.044936164282262325,0.08940312266349792,0.2119831219315529,3.208437108993525,16.733638095855692,39.15724182128906,,66.47693229474146,-60.02373581428324,1.3733803575923749,0.12275803808316008
408,131072,123197,7875,0,7875,122078,121737,0,341,84,1035,0,118251,3486,0,0,1.177187442779541,3.812488842010498,5.280016899108887,7.5390706062316895,14.403888702392578,29.388652038574218,44.60407119750974,120.18215942382812,3.0652096271514893,3.8182848930358886,5.2729268074035645,7.500149726867676,13.913871765136719,28.38782577514648,37.826438293457024,49.95608139038086,0.001714285695925355,0.02800000086426735,0.09000000357627869,0.18199999630451202,0.33142855763435364,0.6108571290969849,0.8757143020629883,1.6302857398986816,0.001714285695925355,0.029428571462631226,0.09200000017881393,0.1842857152223587,0.3328571319580078,0.6117143034934998,0.8759999871253967,1.6302857398986816,0,0,0.0014285714132711291,1.5859999656677246,0.00020837783813476562,0,4.4598217887617035e-08,2.0707911220537342e-05,0.00010986484068851518,0.00026469476901273565,0.0006421393487012283,0.0024447561790128195,0.004152111004514714,0.01531641859286149,120480,0.01900295540690422,0.02922523943707347,0.0397568279877305,0.06995609402656555,0.18650701642036438,5.312887763977047,20.586013450622524,41.341102600097656,119536,0.016397565603256226,0.028311706613749266,0.04469393007457256,0.08910764753818512,0.21221643313765526,3.2352499961853027,16.833396339416343,41.33816146850586,,66.52825378056178,-60.1089091406975,1.3743212792584372,0.09944483783916042
409,131072,123213,7859,0,7859,122061,121564,0,497,84,1068,0,118120,3444,0,0,1.1754261255264282,3.7522480964660643,5.268179893493652,7.545849323272705,14.401893615722656,29.419051361083984,44.98214843750004,105.1526870727539,3.0258498191833496,3.767756187915802,5.265305519104004,7.51330041885376,13.913716316223145,28.411370372772215,37.87286376953125,49.984859466552734,0.0020000000949949026,0.02800000086426735,0.08971428871154785,0.1825714260339737,0.3328571319580078,0.6117143034934998,0.8676800036430372,1.6271429061889648,0.0020000000949949026,0.029428571462631226,0.09200000017881393,0.18457143008708954,0.3337142765522003,0.6128571629524231,0.868571400642395,1.6271429061889648,0,0,0.0011428571306169033,1.5691428184509277,0.00020837783813476562,0,4.329585853252228e-08,2.0811130199288574e-05,0.00011005307800488453,0.0002658880695552915,0.0006445278211146386,0.002447647487572144,0.004178715760049835,0.015322550955586696,120248,0.018736431375145912,0.029175200033932924,0.03975501097738743,0.0700325220823288,0.18578983843326569,5.067361831665029,20.05539825439453,41.34210205078125,119316,0.016198014840483665,0.028402986004948616,0.04473118856549263,0.08829057216644287,0.21113835275173187,3.188401222229004,16.42827043533329,41.34113693237305,,66.57709942949553,-60.16612893101888,1.374463158839193,0.07523311740183049
410,131072,123207,7865,0,7865,122077,121455,0,622,84,1046,0,118028,3427,0,0,1.1745344400405884,3.7053449153900146,5.256043910980225,7.5336785316467285,14.345270156860352,29.45566215515135,44.99530044555668,105.20174407958984,2.9898524284362793,3.7291280508041385,5.256683588027954,7.513181686401367,13.89656114578247,28.47044162750242,38.14174507141109,49.79659652709961,0.0020000000949949026,0.02800000086426735,0.08971428871154785,0.18228571116924286,0.3345714211463928,0.6137142777442932,0.8691085445880903,1.6217142343521118,0.0020000000949949026,0.029428571462631226,0.0917142853140831,0.18371428549289703,0.3351428508758545,0.6148571372032166,0.8698457026481605,1.6217142343521118,0,0,0.0014285714132711291,1.4800000190734863,0.00020837783813476562,0,1.7961277474817524e-08,2.088059566965746e-05,0.00011003676711560929,0.0002668864509635219,0.0006465023652438166,0.002450058924738056,0.004228326857958998,0.015339064834327492,120179,0.018560834228992462,0.029075529798865317,0.03968576155602932,0.06992902606725693,0.1862996518611908,5.26851029396057,20.242867851257326,41.4021110534668,119194,0.01626593805849552,0.028132067527621984,0.044534504413604736,0.08787387609481812,0.20987919345498085,3.220805335044855,16.636409072875953,41.37815856933594,,66.60715272669098,-60.21751227842594,1.373221344507429,0.05953982840004987
411,131072,123206,7866,0,7866,122088,121460,0,628,86,1032,0,118036,3424,0,0,1.145445466041565,3.677735686302185,5.246343016624451,7.537849426269531,14.291616439819336,29.440346717834473,44.3652954101562,105.22248840332031,2.9990620613098145,3.700206756591797,5.247666954994202,7.51740837097168,13.851049900054932,28.47882432937622,38.10715080261231,49.946598052978516,0.001714285695925355,0.02800000086426735,0.08942857384681702,0.18228571116924286,0.3351428508758545,0.6122857332229614,0.8705714344978333,1.6294286251068115,0.001714285695925355,0.029428571462631226,0.09142857044935226,0.18371428549289703,0.33571428060531616,0.6140000224113464,0.8722857236862183,1.6294286251068115,0,0,0.001714285695925355,1.4160000085830688,0.00020837783813476562,0,1.0449790435447168e-08,2.080068073280492e-05,0.0001102394690891293,0.0002674513370763428,0.0006476076317954193,0.0024415001965950164,0.00419082869054342,0.015343699207766149,120181,0.01840067096054554,0.02899518981575966,0.03957388922572136,0.06993558257818222,0.1849210560321808,5.138357162475586,20.23756828308102,41.48410415649414,119209,0.015964247286319733,0.028067480027675628,0.044626325368881226,0.08795034140348434,0.20867377519607544,3.1881350040435756,16.56214111328125,41.21315383911133,,66.62267371308373,-60.23981955202208,1.3726549987547492,0.027181541924771107
412,131072,123327,7745,0,7745,122173,121505,0,668,89,1065,0,118158,3347,0,0,1.1764254570007324,3.6689959287643434,5.24039101600647,7.533417224884033,14.251776695251465,29.44021492004394,45.15006919860841,105.21868133544922,2.9818530082702637,3.690406322479248,5.242306709289551,7.510616302490234,13.817512512207031,28.45020866394043,38.13675598144531,49.886268615722656,0.0022857142612338066,0.027714285999536514,0.08942857384681702,0.1825714260339737,0.33657142519950867,0.6134285926818848,0.871999979019165,1.6239999532699585,0.0022857142612338066,0.02914285659790039,0.09142857044935226,0.1842857152223587,0.3368571400642395,0.6148000001907316,0.8719885516166663,1.6239999532699585,0,0,0.0011428571306169033,1.5848571062088013,0.00020837783813476562,0,2.911896543827284e-08,2.091363169877568e-05,0.00011011131323807106,0.00026645656518217286,0.0006460929851760443,0.002444247633607694,0.004198273754543577,0.015344952147018533,120228,0.01849684678018093,0.029028477147221565,0.039612787775695324,0.0700257420539856,0.18607284128665924,5.165422511100757,20.31342105865477,41.4071044921875,119291,0.015873989090323448,0.028064432553946972,0.04460796341300011,0.08801279962062836,0.2086109071969986,3.1846362352371216,16.667440223693866,41.2951545715332,,66.63265832981243,-60.263670453192624,1.376311259981155,0.026113718693859003
413,131072,123208,7864,0,7864,122100,121411,0,689,84,1024,0,118041,3370,0,0,1.1735351085662842,3.6742980599403383,5.244205117225647,7.541945934295654,14.301375150680542,29.458062362670898,44.76798061370824,105.2337417602539,2.9908523559570312,3.6959822177886963,5.245522499084473,7.520778179168701,13.86381721496582,28.511258125305176,38.30060882568356,49.83859634399414,0.0025714286603033543,0.02800000086426735,0.08971428871154785,0.1825714260339737,0.33571428060531616,0.6142857074737549,0.8711028641462286,1.6228570938110352,0.0025714286603033543,0.029428571462631226,0.09142857044935226,0.1842857152223587,0.335999995470047,0.6154285669326782,0.8702571213245375,1.6228570938110352,0,0,0.001714285695925355,1.5931428670883179,0.00020837783813476562,0,1.6051347303249208e-08,2.0895842568997112e-05,0.00011049155126392348,0.0002673673086390318,0.0006474092270338217,0.002448744641884396,0.00422021753221775,0.015344164503312673,120096,0.018185777589678764,0.029010809492319822,0.039600002579391,0.07009190320968628,0.18668820708990097,5.275252938270569,20.23397722244264,41.40410614013672,119160,0.015861084684729576,0.02802521986886859,0.04454787354916334,0.08758635073900223,0.20850745216012,3.162315201759338,16.550044555664087,41.34415817260742,,66.62621642842073,-60.25775795503803,1.3786593848587663,0.009053696394802729
414,131072,123248,7824,0,7824,122126,121463,0,663,86,1036,0,118082,3381,0,0,1.160543441772461,3.678259789943695,5.2556633949279785,7.539885520935059,14.330540418624878,29.476782321929928,45.06994426727295,115.33663940429688,2.9678540229797363,3.6999332666397096,5.257216930389404,7.517156600952148,13.879337310791016,28.473294067382813,38.17200592041017,49.824134826660156,0.0020000000949949026,0.02800000086426735,0.08942857384681702,0.18199999630451202,0.3354285657405853,0.6125714182853699,0.8664371544122692,1.6188571453094482,0.0020000000949949026,0.029428571462631226,0.09142857044935226,0.18371428549289703,0.33571428060531616,0.6140000224113464,0.8677142858505249,1.6188571453094482,0,0,0.001714285695925355,1.5937142372131348,0.00020837783813476562,0,6.446680008002322e-08,2.0773019096107805e-05,0.00011077713718138284,0.000267287200711742,0.0006484723545343647,0.0024534884156939443,0.004198027968904923,0.017939573418855645,120172,0.01828616112470627,0.029008623119443654,0.03960871323943138,0.06986379623413086,0.18530239164829254,5.15189154148101,20.2557258987425,41.368106842041016,119197,0.01609959825873375,0.028154248744249342,0.04459850490093231,0.08761885017156601,0.20879799127578735,3.1841383934020993,16.723600158691323,41.3111572265625,,66.63374869351733,-60.24012321140973,1.3774270370887842,0.01921556351886384
415,131072,123377,7695,0,7695,122262,121594,0,668,89,1026,0,118225,3369,0,0,1.1700968742370605,3.680531072616577,5.260080814361572,7.540863513946533,14.410892486572266,29.470882415771484,45.05424224853525,105.24967193603516,2.9568545818328857,3.702951765060425,5.2616270780563354,7.520168304443359,13.930599212646484,28.462506484985347,38.2174373245239,49.865135192871094,0.0020000000949949026,0.02800000086426735,0.08971428871154785,0.18199999630451202,0.3351428508758545,0.6134285926818848,0.8688571453094482,1.6222857236862183,0.0020000000949949026,0.02971428632736206,0.0917142853140831,0.1834285706281662,0.3354285657405853,0.6148571372032166,0.8697142601013184,1.6222857236862183,0,0,0.001714285695925355,1.5882856845855713,0.00020837783813476562,0,1.0270071076006301e-07,2.0862590403006033e-05,0.00011118836686979785,0.00026709265178422617,0.0006498874858041028,0.00245402682133578,0.004223960605267258,0.015343024036872828,120340,0.018270691856741905,0.02916656183078885,0.03969442192465067,0.07004327327013016,0.18507520854473114,5.154212284088123,20.24052606582642,41.24811553955078,119348,0.015916265547275543,0.028184887766838074,0.04454804863780737,0.08818544447422028,0.21083111688494682,3.221756780147551,16.77182886123655,41.217159271240234,,66.6358472260563,-60.24614373972294,1.372887923570513,0.007826503147574177
416,131072,123359,7713,0,7713,122227,121566,0,661,86,1046,0,118174,3392,0,0,1.1474441289901733,3.679926085472107,5.2583417892456055,7.542967796325684,14.402567386627197,29.499687576293944,45.20394821166992,105.2376708984375,2.9908523559570312,3.70139342546463,5.260004878044128,7.521013259887695,13.912514448165894,28.48664426803589,38.25748558044434,49.83134841918945,0.0020000000949949026,0.027714285999536514,0.08914285898208618,0.18228571116924286,0.3354285657405853,0.6134285926818848,0.8648571372032166,1.6285713911056519,0.0020000000949949026,0.02914285659790039,0.09114285558462143,0.18400000035762787,0.335999995470047,0.6147857159376144,0.8652428716421144,1.6285713911056519,0,0,0.0014285714132711291,1.569428563117981,0.00020837783813476562,0,7.743729873437116e-08,2.079152793225847e-05,0.00011157289925185609,0.0002672470575811837,0.0006498315608804013,0.0024599692408474065,0.004236688208403207,0.015339773675749024,120308,0.018460791558027267,0.02916483227163553,0.03961601946502924,0.06996215879917145,0.1863272823393345,5.25621280670166,20.167680492401068,41.075111389160156,119329,0.015895862132310867,0.02811996601521969,0.04461956024169922,0.08805477619171143,0.2096259742975235,3.2017139911651586,16.49410049438477,41.50115966796875,,66.63671347211611,-60.24941671382217,1.3685162186912636,0.0055294253988676075
417,131072,123383,7689,0,7689,122241,121581,0,660,90,1052,0,118198,3383,0,0,1.160435676574707,3.6813873291015624,5.254733085632324,7.540012359619141,14.407747745513916,29.519532012939454,45.45911140441881,105.2216796875,2.976853132247925,3.704059362411499,5.255966663360596,7.517410755157471,13.903779029846191,28.492883682250977,38.32121353149414,49.97749328613281,0.001714285695925355,0.02742857113480568,0.08942857384681702,0.18228571116924286,0.3345714211463928,0.6128571629524231,0.8674286007881165,1.6271429061889648,0.001714285695925355,0.02914285659790039,0.09142857044935226,0.18400000035762787,0.3351428508758545,0.6142857074737549,0.8674857378005973,1.6271429061889648,0,0,0.001714285695925355,1.5225714445114136,0.0002079010009765625,0,2.7967995929416944e-08,2.078116206269238e-05,0.0001115386098124633,0.00026738598219800015,0.0006503138035173644,0.00245594909840519,0.004246466930552567,0.015344952147018533,120331,0.018442930653691292,0.029107977636158466,0.03955304063856602,0.0699610635638237,0.18640365451574326,5.284545183181763,20.18004455566405,41.150108337402344,119360,0.015844156965613365,0.02806063098832965,0.04455576930195093,0.0882439911365509,0.2105674035847187,3.210325646400447,16.437830619812026,41.544158935546875,,66.63549588697045,-60.248198071847426,1.3640883663263195,0.004751155482122444
418,131072,123509,7563,0,7563,122338,121679,0,659,85,1086,0,118288,3391,0,0,1.153548002243042,3.6825142383575438,5.254683494567871,7.544012069702148,14.411046981811523,29.539209365844716,45.925539398193315,156.84170532226562,2.9888522624969482,3.704822540283203,5.2555224895477295,7.518399238586426,13.899187088012695,28.494452095031736,38.25812446594238,49.85713577270508,0.001714285695925355,0.027714285999536514,0.08914285898208618,0.18199999630451202,0.3345714211463928,0.6119999885559082,0.8657143115997314,1.6268571615219116,0.001714285695925355,0.02914285659790039,0.09142857044935226,0.18400000035762787,0.3351428508758545,0.6137142777442932,0.8668571710586548,1.6268571615219116,0,0,0.001714285695925355,1.5951428413391113,0.00020837783813476562,0,2.7816887242660372e-08,2.073726797474816e-05,0.00011122662480205047,0.00026733952046510755,0.0006501623022644035,0.0024617306315017785,0.0042574063472280484,0.01534388057177372,120476,0.01832684874534607,0.029026495292782784,0.039548035711050034,0.06983251869678497,0.1868351772427559,5.297677040100098,20.37127923965454,41.097110748291016,119487,0.015896961092948914,0.027997658029198645,0.04463750496506691,0.08777301758527756,0.20886051654815674,3.201444792747497,16.53904209136963,41.53215789794922,,66.63361693463558,-60.24532380488316,1.3665952127235097,0.004251605734035617
419,131072,123496,7576,0,7576,122335,121667,0,668,90,1071,0,118265,3402,0,0,1.163541555404663,3.6805588006973267,5.2545249462127686,7.541878700256348,14.430917501449585,29.551405906677246,45.706033706665046,105.21868133544922,2.992852210998535,3.7032615661621096,5.255540370941162,7.517411231994629,13.928420543670654,28.50179500579834,38.37173004150388,49.976497650146484,0.0020000000949949026,0.02742857113480568,0.08914285898208618,0.18228571116924286,0.33485713601112366,0.6137142777442932,0.8665714263916016,1.6248571872711182,0.0020000000949949026,0.028857143595814705,0.09114285558462143,0.1842857152223587,0.3351428508758545,0.6148571372032166,0.8672400093078604,1.6248571872711182,0,0,0.001714285695925355,1.5925713777542114,0.0002079010009765625,0,6.03021936941876e-08,2.0749168704756427e-05,0.00011145856279861505,0.00026746703030196414,0.0006503420425176456,0.002464202131587234,0.004283935394803218,0.01534547875907586,120470,0.01839783601462841,0.028959682304412128,0.03957497142255306,0.07013638317584991,0.1873006746172905,5.4043110609054335,20.47764934539794,41.4531135559082,119479,0.015995601192116737,0.02801388595253229,0.04469616524875164,0.08789345622062683,0.2110675647854805,3.2028446197509717,16.481141510009817,41.42216110229492,,66.63247295731466,-60.24387979584275,1.3690804090915702,0.0030935492896310124
420,131072,123506,7566,0,7566,122353,121688,0,665,84,1069,0,118283,3405,0,0,1.1861817836761475,3.680091977119446,5.254066348075867,7.543553352355957,14.43192982673645,29.5737624168396,45.63576335906979,105.19525909423828,2.971853733062744,3.701549768447876,5.255007982254028,7.520678520202637,13.933615684509277,28.517839717864987,38.33691795349123,49.77989196777344,0.0022857142612338066,0.02742857113480568,0.08914285898208618,0.18199999630451202,0.33485713601112366,0.6105714440345764,0.8679999709129333,1.6242856979370117,0.0022857142612338066,0.02914285659790039,0.09142857044935226,0.1834285706281662,0.3354285657405853,0.6121857225894911,0.8682857155799866,1.6242856979370117,0,0,0.0014285714132711291,1.5977143049240112,0.00020837783813476562,0,1.601674696507874e-08,2.0882605320197166e-05,0.00011133204984166061,0.000267684568822491,0.000650646241622815,0.0024660111268742253,0.004260148387278322,0.01534415485097776,120494,0.018396878615021706,0.029071064852178096,0.039655908942222595,0.07009883224964142,0.18721610307693481,5.332899737358076,20.22818407058705,41.61410903930664,119478,0.01599903404712677,0.028095989022403955,0.044543552212417126,0.08783131837844849,0.20959902927279472,3.2102676033973694,16.684508228301976,41.5721549987793,,66.63065624464687,-60.2486410392142,1.3704987515470257,0.005289761684651652
421,131072,123549,7523,0,7523,122377,121714,0,663,85,1087,0,118301,3413,0,0,1.1655402183532715,3.6803215980529784,5.254971027374268,7.541474342346191,14.444562911987305,29.56939430236816,45.803852996826194,105.2106704711914,2.954854965209961,3.7036018133163453,5.255695104598999,7.51793098449707,13.92873477935791,28.511677646636937,38.30576564788817,49.83113479614258,0.0020000000949949026,0.02742857113480568,0.08914285898208618,0.18199999630451202,0.3345714211463928,0.6122857332229614,0.8671428561210632,1.6260000467300415,0.0020000000949949026,0.02914285659790039,0.09114285558462143,0.18371428549289703,0.3351428508758545,0.6137142777442932,0.8679628318548189,1.6260000467300415,0,0,0.001714285695925355,1.5911428928375244,0.00020837783813476562,0,2.7816887242660372e-08,2.0753928666583306e-05,0.00011130310576891546,0.00026758445268007704,0.0006503349976617352,0.002470131802428254,0.004271946115605916,0.015344023532747723,120531,0.018436172977089882,0.02912554983049631,0.03964646905660629,0.07028419524431229,0.1872287318110466,5.359243631362915,20.36773433685301,41.253108978271484,119532,0.01586952805519104,0.028085311967879535,0.044610701501369476,0.08788740634918213,0.2107996977865696,3.2306566119194007,16.78252847671511,41.194156646728516,,66.62824492380861,-60.2427393692325,1.3731509521362097,0.006904950740097072
422,131072,123557,7515,0,7515,122381,121731,0,650,87,1089,0,118333,3398,0,0,1.1488946676254272,3.6800230026245115,5.255237102508545,7.542630672454834,14.444562911987305,29.5943359375,45.95103668212894,193.1176300048828,2.9858524799346924,3.7040045261383057,5.25600790977478,7.5184173583984375,13.92417049407959,28.534567832946777,38.47745056152341,49.901344299316406,0.0025714286603033543,0.02742857113480568,0.08914285898208618,0.18199999630451202,0.33485713601112366,0.6128571629524231,0.8678399872779853,1.6251428127288818,0.0025714286603033543,0.028857143595814705,0.09114285558462143,0.18400000035762787,0.3351428508758545,0.6140000224113464,0.8682857155799866,1.6251428127288818,0,0,0.0014285714132711291,1.5714285373687744,0.00020837783813476562,0,6.334020109104953e-08,2.0751118947093997e-05,0.00011118473175146821,0.0002675772134161932,0.0006511960152127141,0.0024664129494889804,0.004275878377549387,0.030868531271886556,120554,0.018412725999951363,0.02910252194851637,0.03958747535943985,0.07014493644237518,0.1872183158993721,5.373319220542905,20.430687847137452,41.584110260009766,119541,0.015995146706700325,0.028035715222358704,0.04454062134027481,0.08793330937623978,0.21073748171329498,3.205021619796753,16.49165191650402,41.52815628051758,,66.63478692056377,-60.246886248875484,1.3703859604902906,0.008224324356438332
423,131072,123554,7518,0,7518,122379,121721,0,658,89,1086,0,118315,3406,0,0,1.1717554330825806,3.679582977294922,5.254278779029846,7.543724536895752,14.459841012954712,29.579026889801003,45.99501373291017,105.20147705078125,3.0018515586853027,3.702549695968628,5.255109786987305,7.5190887451171875,13.938335418701172,28.52800178527832,38.385434722900406,49.84813690185547,0.0020000000949949026,0.02742857113480568,0.08914285898208618,0.18199999630451202,0.33485713601112366,0.6131428480148315,0.8681342709064487,1.6205713748931885,0.0020000000949949026,0.02914285659790039,0.09142857044935226,0.18371428549289703,0.3354285657405853,0.6142857074737549,0.8690856933593758,1.6205713748931885,0,0,0.0014285714132711291,1.5774285793304443,0.00020837783813476562,0,5.8607584357533306e-08,2.083018217318401e-05,0.0001114826768991897,0.0002682775701027733,0.0006514741869194872,0.002467326007832634,0.004278307991295144,0.015341809170968,120554,0.018276235088706017,0.02903743414208293,0.03956861235201359,0.06992056965827942,0.18703174591064453,5.379885554313642,20.346499214172372,41.55910873413086,119522,0.015764374285936356,0.028053243923932315,0.04458611458539963,0.08794044703245163,0.21087780967354774,3.2066991209983824,16.52694993972778,41.52615737915039,,66.6367956427949,-60.246711981216166,1.368362109934254,0.0028567998340920647
424,131072,123608,7464,0,7464,122419,121762,0,657,85,1104,0,118350,3412,0,0,1.1392120122909546,3.679540526866913,5.253551363945007,7.544707298278809,14.452403783798218,29.606999683380113,46.06633148193349,105.2226791381836,2.9868526458740234,3.701403021812439,5.2537713050842285,7.51970100402832,13.925414323806763,28.52037649154663,38.407046623229974,49.81113815307617,0.0020000000949949026,0.02742857113480568,0.08914285898208618,0.1817142814397812,0.33485713601112366,0.6119999885559082,0.8679999709129333,1.6231428384780884,0.0020000000949949026,0.02914285659790039,0.09114285558462143,0.18371428549289703,0.3351428508758545,0.6131428480148315,0.8690800029039379,1.6231428384780884,0,0,0.001714285695925355,1.5859999656677246,0.00020837783813476562,0,1.0449790435447168e-08,2.0863474575299645e-05,0.00011134808025696052,0.00026761138608882406,0.0006506775412616328,0.00246485659275881,0.004282924062572409,0.015340181346284974,120599,0.018318159505724907,0.029154751636087894,0.03965771570801735,0.07016044110059738,0.1868211328983307,5.346192693710327,20.470209007263197,41.51111602783203,119588,0.015879308804869652,0.02797972969710827,0.04466064088046551,0.08799026906490326,0.21076134219765663,3.199082076549527,16.724764118194624,41.43415832519531,,66.62884350722202,-60.245750061566156,1.3700894163579804,0.008194225836768447
425,131072,123527,7545,0,7545,122348,121685,0,663,83,1096,0,118279,3406,0,0,1.146207332611084,3.6798500299453734,5.253413677215576,7.540678024291992,14.44217586517334,29.585399627685536,45.8996508026124,105.20125579833984,2.9598543643951416,3.7017929553985596,5.254101276397705,7.516723155975342,13.912895202636719,28.520520782470697,38.321904602050786,49.83988952636719,0.0020000000949949026,0.027714285999536514,0.08914285898208618,0.18199999630451202,0.33485713601112366,0.6131428480148315,0.8664971482753768,1.6262856721878052,0.0022857142612338066,0.02914285659790039,0.09114285558462143,0.18371428549289703,0.3354285657405853,0.6140000224113464,0.8665714263916016,1.6262856721878052,0,0,0.0014285714132711291,1.5917142629623413,0.0002079010009765625,0,5.010546647927011e-08,2.076389233509113e-05,0.00011139570570837051,0.0002671607970212326,0.000651059603530501,0.0024683677422963645,0.0042759696662817235,0.015344952147018533,120503,0.018468400463461876,0.029081838391721248,0.03962847404181957,0.0700080469250679,0.18784108012914658,5.3874134540557845,20.470729408264155,41.575111389160156,119481,0.01527921948581934,0.02804240770637989,0.04445139691233635,0.08782855421304703,0.2102774828672409,3.2126424312591553,16.5226306915283,41.55815887451172,,66.63371165578137,-60.24836224707542,1.3689920256810715,0.005632641461029605
426,131072,123497,7575,0,7575,122331,121680,0,651,88,1078,0,118289,3391,0,0,1.153548002243042,3.6801572322845457,5.253005027770996,7.5390801429748535,14.41182804107666,29.545294189453124,45.73236938476562,105.20447540283203,2.9908523559570312,3.7028773546218874,5.253974199295044,7.516111373901367,13.89452862739563,28.49753837585449,38.31350719451901,49.87334442138672,0.001714285695925355,0.02742857113480568,0.08914285898208618,0.18199999630451202,0.334285706281662,0.6128571629524231,0.8628571629524231,1.6231428384780884,0.001714285695925355,0.02914285659790039,0.09114285558462143,0.18371428549289703,0.33485713601112366,0.6142857074737549,0.8640000224113464,1.6231428384780884,0,0,0.0014285714132711291,1.5951428413391113,0.00020837783813476562,0,1.4150836896637433e-08,2.07024597067107e-05,0.00011139765789628594,0.0002672365638682735,0.0006507586022447904,0.002468984148030681,0.004264296826334492,0.015345926672584725,120495,0.018288547173142433,0.02909231074154377,0.039609966799616814,0.07005760818719864,0.18730365484952927,5.388827371597267,20.49814743041992,41.10110855102539,119484,0.015794863924384117,0.028015679959207774,0.044478186406195164,0.08768090605735779,0.20990896597504616,3.1788850665092405,16.414774169921873,41.18412399291992,,66.63298773333226,-60.24421241694273,1.3641322766178576,0.0064313540409399505
427,131072,123557,7515,0,7515,122384,121723,0,661,86,1087,0,118312,3411,0,0,1.1635414361953735,3.68025918006897,5.254576206207275,7.540398597717285,14.427888870239258,29.566234207153318,45.77463470458987,105.21968078613281,2.978853225708008,3.70220205783844,5.255476236343384,7.516678333282471,13.905339241027832,28.51973438262939,38.301439666748045,49.837345123291016,0.0020000000949949026,0.02742857113480568,0.08914285898208618,0.18228571116924286,0.33485713601112366,0.6125714182853699,0.8671428561210632,1.6202857494354248,0.0020000000949949026,0.028857143595814705,0.09142857044935226,0.18400000035762787,0.3354285657405853,0.6140000224113464,0.8674286007881165,1.6202857494354248,0,0,0.001714285695925355,1.5834286212921143,0.00020837783813476562,0,6.681214349887909e-08,2.077396465336641e-05,0.00011137717698417282,0.0002673299948136606,0.0006507575431865246,0.0024697463875777755,0.004270132986669433,0.015342848117824825,120547,0.018436800688505173,0.029064543545246124,0.03951859660446644,0.07004386186599731,0.18746385723352432,5.419239616394039,20.51277908325193,41.106109619140625,119541,0.015926359221339226,0.02809303067624569,0.04455875605344772,0.08790910243988037,0.21009688079357147,3.208341598510742,16.39645881652833,41.52615737915039,,66.63611223540909,-60.246193744174064,1.3619384851498044,0.004301266305524694
428,131072,123590,7482,0,7482,122429,121775,0,654,86,1075,0,118371,3404,0,0,1.152000904083252,3.6813350319862366,5.25364089012146,7.5403571128845215,14.422350883483887,29.566400527954098,45.79652923583985,105.18597412109375,2.9858524799346924,3.7012925863265993,5.254522800445557,7.5174174308776855,13.906156063079834,28.51915416717529,38.368242187499995,49.880496978759766,0.001714285695925355,0.02742857113480568,0.08914285898208618,0.18228571116924286,0.334285706281662,0.6128571629524231,0.8631428480148315,1.6239999532699585,0.0020000000949949026,0.028857143595814705,0.09114285558462143,0.18371428549289703,0.33485713601112366,0.6140000224113464,0.8640000224113464,1.6239999532699585,0,0,0.0020000000949949026,1.5851428508758545,0.00020837783813476562,0,2.7816887242660372e-08,2.0752742182226152e-05,0.00011127689332367287,0.00026709495377499946,0.0006510715903339679,0.002464982279168873,0.004269129018196897,0.015344588548161304,120604,0.01838119886815548,0.029038073029369116,0.03956794086843729,0.06991003453731537,0.18740647286176682,5.379112482070916,20.56012145996094,41.189109802246094,119601,0.0159439854323864,0.028065545484423637,0.04449401795864105,0.08788197487592697,0.21039526164531708,3.1932621002197266,16.43228530883789,41.60416030883789,,66.63246910623478,-60.24328849349495,1.366113816257121,0.006256697335248034
429,131072,123542,7530,0,7530,122345,121695,0,650,84,1113,0,118296,3399,0,0,1.1575454473495483,3.6810317277908324,5.255080699920654,7.5391106605529785,14.438792943954468,29.59943332672119,46.08976081848144,105.20567321777344,2.9992141723632812,3.7036694288253784,5.2554285526275635,7.513850212097168,13.907113075256348,28.522903060913077,38.43434745788573,49.8948860168457,0.0020000000949949026,0.02742857113480568,0.08914285898208618,0.18228571116924286,0.33485713601112366,0.6134285926818848,0.8655971562862387,1.6217142343521118,0.0020000000949949026,0.02914285659790039,0.09114285558462143,0.18400000035762787,0.3354285657405853,0.6148571372032166,0.8665714263916016,1.6217142343521118,0,0,0.001714285695925355,1.5954285860061646,0.00020837783813476562,0,3.6311727424619314e-08,2.081753180749294e-05,0.00011155392451642988,0.0002674708735550833,0.0006511210947153436,0.0024747104234999627,0.0042921996934354644,0.015345095098425951,120512,0.01839796081185341,0.029015269689261915,0.03953683655709028,0.06991289556026459,0.18739287182688713,5.382659959793088,20.55089883804321,41.088111877441406,119479,0.015918731689453125,0.028069191612303257,0.04454743303358555,0.08783037960529327,0.21089908480644226,3.203105330467223,16.387769966125493,41.14712142944336,,66.63796203239148,-60.24444907336287,1.3618247459756039,0.0070650765935434115
430,131072,123535,7537,0,7537,122359,121707,0,652,85,1091,0,118296,3411,0,0,1.1805306673049927,3.67988498210907,5.254677772521973,7.540416717529297,14.424238204956055,29.579138946533188,45.89541160583498,105.2076644897461,2.970853805541992,3.7020845890045164,5.255779266357422,7.51647424697876,13.904294967651367,28.53151168823242,38.38301399230961,49.895347595214844,0.0022857142612338066,0.027142856270074844,0.08914285898208618,0.18199999630451202,0.33485713601112366,0.6128571629524231,0.8651428818702698,1.6299999952316284,0.0022857142612338066,0.028857143595814705,0.09114285558462143,0.18371428549289703,0.3354285657405853,0.6145714521408081,0.8654285669326782,1.6299999952316284,0,0,0.0011428571306169033,1.585714340209961,0.00020837783813476562,0,4.8611418369030085e-08,2.0685984601606876e-05,0.00011133751611499054,0.000267204834320403,0.0006509278443716758,0.0024732573858476997,0.0042885644215449594,0.01534268159691061,120500,0.01833006739616394,0.029110557679086924,0.0395694226026535,0.07001391798257828,0.1877100132405758,5.358279943466183,20.440253715515126,41.65911102294922,119490,0.015905680134892464,0.02807051530107856,0.04448100831359625,0.08783049881458282,0.2094988264143467,3.1714743614196736,16.292724857330324,41.56715774536133,,66.63793999733515,-60.24740824504405,1.3644567539576713,0.003960384905542817
431,131072,123559,7513,0,7513,122367,121698,0,669,88,1104,0,118291,3407,0,0,1.1541072130203247,3.680366778373718,5.255141019821167,7.541296005249023,14.437889099121094,29.610260772705065,46.024642028808586,105.19066619873047,2.974853515625,3.7021339774131774,5.255727648735046,7.517376899719238,13.910220384597778,28.54252824783325,38.46371730804443,49.81134796142578,0.0020000000949949026,0.02742857113480568,0.08885714411735535,0.18199999630451202,0.3345714211463928,0.6134285926818848,0.8651428818702698,1.6260000467300415,0.0020000000949949026,0.028857143595814705,0.0908571407198906,0.18371428549289703,0.3351428508758545,0.6148571372032166,0.86458002269268,1.6260000467300415,0,0,0.001714285695925355,1.5888571739196777,0.00020837783813476562,0,7.604814286820548e-08,2.0827320766085845e-05,0.00011139275750876075,0.0002674144735816865,0.0006515435973802706,0.002470483380400265,0.004294973543982206,0.015342707301507321,120524,0.018276255577802658,0.029013664275407792,0.03961667791008949,0.070074662566185,0.18732639774680138,5.397101140022269,20.562267398834244,41.47511291503906,119501,0.01532975398004055,0.028009913861751556,0.04451318830251694,0.08794009685516357,0.20983253419399261,3.185582399368286,16.399063110351562,41.38315963745117,,66.63385726380706,-60.24941716427615,1.3640870077249145,0.004565214323465549
432,131072,123529,7543,0,7543,122346,121688,0,658,90,1093,0,118301,3387,0,0,1.1401163339614868,3.6817939281463623,5.254980564117432,7.540920734405518,14.42889404296875,29.577319335937492,45.99129928588867,105.21668243408203,2.9688539505004883,3.704833996295929,5.256388306617737,7.5166335105896,13.911235094070435,28.529986286163325,38.34026767730713,49.927345275878906,0.001714285695925355,0.02742857113480568,0.08942857384681702,0.18228571116924286,0.3351428508758545,0.6128571629524231,0.8674286007881165,1.6234285831451416,0.001714285695925355,0.02914285659790039,0.09142857044935226,0.18400000035762787,0.33571428060531616,0.6140000224113464,0.8674286007881165,1.6234285831451416,0,0,0.001714285695925355,1.593999981880188,0.00020837783813476562,0,5.042610759077266e-08,2.0840245945076574e-05,0.00011131678047808247,0.00026742836007923433,0.0006505493002659816,0.002464781349139101,0.004279130736708778,0.015342579953294758,120508,0.01831214688718319,0.02914062337949872,0.03959020785987377,0.07000897824764252,0.18704667314887047,5.378054118156429,20.50704877853393,41.478111267089844,119472,0.01603579893708229,0.02802586080506444,0.044505756348371506,0.08803388476371765,0.20934690907597542,3.193265700340271,16.43001548767086,41.398162841796875,,66.63304052469013,-60.24753527183226,1.3662204681119898,0.0029597694468845863
433,131072,123546,7526,0,7526,122362,121711,0,651,85,1099,0,118274,3437,0,0,1.1615427732467651,3.686491310596466,5.257297515869141,7.5421929359436035,14.426673412322998,29.58579444885254,46.03036899566654,105.20468139648438,2.9868526458740234,3.707760214805603,5.257577896118164,7.515697002410889,13.91617488861084,28.51100730895996,38.32234191894531,49.869346618652344,0.001714285695925355,0.02742857113480568,0.08914285898208618,0.18199999630451202,0.3351428508758545,0.6125714182853699,0.8691428303718567,1.6231428384780884,0.001714285695925355,0.02914285659790039,0.09142857044935226,0.18371428549289703,0.3354285657405853,0.6140000224113464,0.87028568983078,1.6231428384780884,0,0,0.001714285695925355,1.5982856750488281,0.0002079010009765625,0,6.639104700305926e-08,2.0598438603600808e-05,0.00011127919833189953,0.0002674770877518536,0.0006501153225094325,0.00246687796407663,0.004303068754888097,0.015339588767386766,120522,0.018420064821839333,0.0291318672709167,0.03961114306002855,0.06991758942604065,0.18631799891591072,5.364679527282713,20.43335115432739,41.44511032104492,119506,0.015895316377282143,0.02807552646845579,0.04449594859033823,0.08815623819828033,0.2104603350162506,3.184267222881317,16.576908588409413,41.38916015625,,66.6344477637525,-60.24356280413273,1.3657500100339672,0.004240536782729725
434,131072,123508,7564,0,7564,122318,121669,0,649,86,1104,0,118270,3399,0,0,1.172428011894226,3.6880240440368652,5.259036064147949,7.544168472290039,14.43476390838623,29.612950325012207,46.03295162200923,105.190673828125,2.999851703643799,3.7110117435455323,5.260080337524414,7.517759323120117,13.925986289978027,28.517126464843745,38.32984603881835,49.77713394165039,0.001714285695925355,0.027714285999536514,0.08914285898208618,0.18199999630451202,0.3351428508758545,0.6128571629524231,0.8714285492897034,1.625428557395935,0.001714285695925355,0.02914285659790039,0.09114285558462143,0.18371428549289703,0.33571428060531616,0.6140000224113464,0.8718057131767252,1.625428557395935,0,0,0.0011428571306169033,1.5682857036590576,0.00020837783813476562,0,4.392802791793471e-08,2.078921781014042e-05,0.00011137254209385165,0.00026795274557929005,0.0006501450325983799,0.0024640203201344783,0.004292962648607569,0.0153439734190879,120443,0.01845468021929264,0.02916921265423298,0.039722032845020294,0.07025901228189468,0.18682162463665009,5.340931844711286,20.374223442077636,41.38911056518555,119465,0.016202112659811974,0.02819257751107216,0.044640373438596725,0.08813849091529846,0.21063551306724548,3.1971499443054148,16.35627555847168,41.36215591430664,,66.62872750236669,-60.23643504685481,1.37014889618643,0.010142805998211995
435,131072,123451,7621,0,7621,122256,121621,0,635,85,1110,0,118170,3451,0,0,1.1655402183532715,3.6926004886627197,5.260021686553955,7.553232669830322,14.443204879760742,29.57618808746338,46.005929946899414,142.3146209716797,3.0112130641937256,3.714148998260498,5.2601704597473145,7.5252227783203125,13.926334381103516,28.48544692993164,38.29888763427735,49.82213592529297,0.0022857142612338066,0.027571428567171097,0.08942857384681702,0.18228571116924286,0.3345714211463928,0.6117143034934998,0.8700000047683716,1.6274285316467285,0.0025714286603033543,0.02914285659790039,0.0917142853140831,0.18400000035762787,0.3351428508758545,0.6134285926818848,0.87028568983078,1.6274285316467285,0,0,0.0014285714132711291,1.5777143239974976,0.00020837783813476562,0,3.539781919331462e-08,2.08301068317899e-05,0.00011126199954707245,0.0002680109419016292,0.0006496613071631698,0.0024667376034780038,0.0042895632314428256,0.017888347092228616,120361,0.018342867493629456,0.02916422300040722,0.03962945565581322,0.07045285403728485,0.18693837523460388,5.2275519371032715,20.32434577941881,41.31409454345703,119368,0.0161944217979908,0.028221913985908034,0.04476598836481571,0.08861716091632843,0.21090512350201607,3.1981182098388645,16.32956258773805,41.01810073852539,,66.62225071960037,-60.23427011381957,1.367560866659268,0.007302982054102546
436,131072,123546,7526,0,7526,122363,121736,0,627,84,1099,0,118342,3394,0,0,1.1485512256622314,3.7007725834846497,5.262297868728638,7.542867660522461,14.40464448928833,29.578073024749756,46.04507617950442,142.45762634277344,2.996851921081543,3.723683774471283,5.262267351150513,7.516913890838623,13.903867721557617,28.47206163406372,38.3321901321411,49.77713394165039,0.001714285695925355,0.02742857113480568,0.08942857384681702,0.1817142814397812,0.3345714211463928,0.6111428737640381,0.8694285750389099,1.6305714845657349,0.001714285695925355,0.02914285659790039,0.0917142853140831,0.1834285706281662,0.3351428508758545,0.6131428480148315,0.8700000047683716,1.6305714845657349,0,0,0.0014285714132711291,1.594857096672058,0.0002079010009765625,0,7.49891263740893e-08,2.06861585912855e-05,0.00011070904094773667,0.0002669151360762433,0.0006483350455713836,0.0024641664701282955,0.0042976980823146264,0.017907710176741285,120531,0.018725546076893806,0.029147809371352196,0.03970494866371155,0.0700560212135315,0.18638161569833755,5.296152830123901,20.41159076690673,41.30609130859375,119513,0.015918748453259468,0.028235480189323425,0.044725824147462845,0.08843667805194855,0.2102331817150116,3.217258834838867,16.405870132446303,41.07809066772461,,66.6151464692718,-60.22317892925644,1.371550894098615,0.013762451333648675
437,131072,123467,7605,0,7605,122296,121669,0,627,84,1087,0,118239,3430,0,0,1.1597630977630615,3.7106529235839845,5.266249656677246,7.553410530090332,14.483560562133789,29.59934253692627,46.00142570495598,142.5176239013672,2.9898521900177,3.732491445541382,5.265305519104004,7.526181221008301,13.972063064575195,28.509531402587886,38.378449554443314,49.72313690185547,0.0022857142612338066,0.02742857113480568,0.08942857384681702,0.1825714260339737,0.334285706281662,0.6097142696380615,0.8659999966621399,1.6317143440246582,0.0022857142612338066,0.02914285659790039,0.0917142853140831,0.1842857152223587,0.33485713601112366,0.6111428737640381,0.8657143115997314,1.6317143440246582,0,0,0.001714285695925355,1.5882856845855713,0.00020837783813476562,0,6.639104700305926e-08,2.0802828153551725e-05,0.0001109283161612497,0.00026719945535212696,0.0006491456434658568,0.0024712419506922054,0.004294774395608243,0.01791511405225379,120397,0.018515238538384438,0.029152341187000275,0.039782654494047165,0.0701386034488678,0.18712370097637177,5.253435611724852,20.377219772338847,37.796077728271484,119408,0.01596231944859028,0.028242210764437916,0.04470818117260933,0.08861593902111053,0.21103619784116745,3.2022921204566956,16.334234695434525,41.24010467529297,,66.60444597795907,-60.213855517754446,1.371129296920414,0.014198741512897291
438,131072,123467,7605,0,7605,122301,121714,0,587,85,1081,0,118326,3388,0,0,1.1595441102981567,3.7248080253601072,5.271427869796753,7.547088623046875,14.4700608253479,29.541733741760254,45.81531921386717,105.18768310546875,2.9988512992858887,3.74547837972641,5.269580960273743,7.5197248458862305,13.958404541015625,28.46444931030273,38.34935279846191,49.97871017456055,0.0014285714132711291,0.02742857113480568,0.08942857384681702,0.18199999630451202,0.33399999141693115,0.6130571424961082,0.8672400093078604,1.624571442604065,0.0014285714132711291,0.02914285659790039,0.09149999916553497,0.18385714292526245,0.3345714211463928,0.6140000224113464,0.8668200242519365,1.624571442604065,0,0,0.001714285695925355,1.5925713777542114,0.00020837783813476562,0,6.145266880271641e-08,2.0834328558898696e-05,0.00011091187023363672,0.00026700096857149903,0.0006474934229493585,0.0024639132263598066,0.004289667152316214,0.015336558222525618,120461,0.018702011555433273,0.029310772195458412,0.03974452242255211,0.07025689631700516,0.1866997629404068,5.227921485900879,20.306555175781217,41.36909103393555,119466,0.016088880598545074,0.02820541989058256,0.04480723384767771,0.08866317570209503,0.21285388991236687,3.2261043190956116,16.971029567718524,41.678157806396484,,66.59464494655455,-60.20030657965004,1.3721324446107945,0.016752320604566096
439,131072,123443,7629,0,7629,122269,121719,0,550,86,1088,0,118249,3470,0,0,1.168538212776184,3.7453901767730713,5.275821924209595,7.547181129455566,14.476232051849365,29.488163566589353,45.68556198120118,105.10447692871094,3.0048511028289795,3.7623492002487184,5.272759914398193,7.5186967849731445,13.966360569000244,28.415040588378904,38.194360198974536,49.96070861816406,0.0020000000949949026,0.02742857113480568,0.08942857384681702,0.1817142814397812,0.33314284682273865,0.6085714101791382,0.8678799831867223,1.6271429061889648,0.0020000000949949026,0.02914285659790039,0.0917142853140831,0.18371428549289703,0.33399999141693115,0.6097142696380615,0.8665200030803659,1.6271429061889648,0,0,0.001714285695925355,1.5828571319580078,0.00020837783813476562,0,4.52501083226039e-08,2.0624311236507765e-05,0.00011068302757636774,0.00026619124252692626,0.0006468675558695477,0.0024616498011509075,0.004245163373076942,0.015328753853265487,120424,0.018767327070236206,0.02925803940743208,0.039737261831760406,0.06999319791793823,0.1869654431939125,5.160101318359373,20.394589557647723,41.67011260986328,119480,0.016171885654330254,0.028244510758668188,0.04471332300454378,0.0886358767747879,0.2115735560655594,3.1785850048065045,16.409799938201797,41.644161224365234,,66.57767789610341,-60.181615487490255,1.3705126914660948,0.02529548037470222
440,131072,123338,7734,0,7734,122178,121694,0,484,84,1076,0,118273,3421,0,0,1.1664317846298218,3.767231798171997,5.279478907585144,7.544453144073486,14.469165563583374,29.454915809631345,45.51717758178716,105.1089859008789,3.0612666606903076,3.778962898254395,5.274925112724304,7.509329319000244,13.954854488372803,28.431656551361076,38.088280830383276,49.9810791015625,0.0020000000949949026,0.02742857113480568,0.08971428871154785,0.18199999630451202,0.332571417093277,0.6088571548461914,0.8662857413291931,1.6271429061889648,0.0020000000949949026,0.028857143595814705,0.0917142853140831,0.18371428549289703,0.3334285616874695,0.6094285845756531,0.8648771393299081,1.6271429061889648,0,0,0.0014285714132711291,1.5954285860061646,0.0002079010009765625,0,5.157736434600011e-08,2.0618267974493058e-05,0.00011061661200856195,0.0002659723922420105,0.0006448934624207013,0.0024517257141432503,0.004245795263163449,0.015332103975868783,120377,0.01877269335091114,0.029309466108679773,0.0397239550948143,0.07013474404811859,0.186416357755661,5.119267749786374,20.39685203552248,41.79011154174805,119422,0.01621955633163452,0.028339201118797064,0.044711523689329624,0.08856526017189026,0.2106126844882965,3.1893439888954163,16.854137935638377,41.769161224365234,,66.55963012468945,-60.15154761800615,1.3694878489686773,0.03508345949971854
441,131072,123359,7713,0,7713,122197,121806,0,391,83,1079,0,118315,3491,0,0,1.126684546470642,3.7950201988220216,5.2867350578308105,7.540968894958496,14.54606008529663,29.44536628723144,45.606050872802705,105.07467651367188,3.0488481521606445,3.8018665313720703,5.279026031494141,7.5017409324646,14.000776529312134,28.444169998168945,38.07461166381835,49.99152374267578,0.0022857142612338066,0.02742857113480568,0.08971428871154785,0.18199999630451202,0.3317142724990845,0.6077142953872681,0.8708571195602417,1.628000020980835,0.0022857142612338066,0.02914285659790039,0.0917142853140831,0.18400000035762787,0.33314284682273865,0.6085714101791382,0.8705571472644797,1.628000020980835,0,0,0.001714285695925355,1.5874285697937012,0.00020837783813476562,0,5.288605032559095e-08,2.0723191160189333e-05,0.0001110236101498564,0.0002667284223426086,0.000644743822767738,0.0024502356132373444,0.004236846054460412,0.015320826331749844,120547,0.018972324207425117,0.029254972003400326,0.0398302897810936,0.07008558511734009,0.1861625462770462,5.14770970344542,20.272405090332008,41.321102142333984,119583,0.015816789120435715,0.02838951479643583,0.044712379574775696,0.08890307694673538,0.21009539812803268,3.1562802076339693,16.552267646789527,38.860225677490234,,66.54568579122957,-60.12330975032801,1.3702069566208404,0.03150140826159253
442,131072,123330,7742,0,7742,122196,121832,0,364,83,1051,0,118327,3505,0,0,1.1452080011367798,3.82236624956131,5.2915343046188354,7.543032646179199,14.540752172470093,29.457825851440425,45.144209060668885,105.00997924804688,3.066209554672241,3.8274149775505064,5.28381621837616,7.50225830078125,14.014488697052002,28.46350555419922,38.03077266693117,49.95785903930664,0.0020000000949949026,0.027557142823934764,0.08914285898208618,0.1817142814397812,0.3311428427696228,0.6088571548461914,0.8716314280033088,1.6265714168548584,0.0020000000949949026,0.02914285659790039,0.09114285558462143,0.18400000035762787,0.332571417093277,0.6094285845756531,0.8694285750389099,1.6265714168548584,0,0,0.001714285695925355,1.4102857112884521,0.00020742416381835938,0,2.9773132510488057e-08,2.0689925391907747e-05,0.00011075140646722187,0.0002659423084636636,0.0006421149876634621,0.0024509848649298636,0.004219968924387231,0.015316475340668193,120601,0.019308149814605713,0.029315605759620667,0.03980160132050514,0.07006567716598511,0.18664655089378357,5.228316307067871,20.37830352783203,43.9801025390625,119649,0.01644122414290905,0.02839978300035,0.0446460135281086,0.08883519470691681,0.21107709407806396,3.1687716960906913,16.58711929321292,43.983055114746094,,66.52353863028979,-60.09756283820277,1.3751420370559628,0.034318438784109326
443,131072,123385,7687,0,7687,122235,121912,0,323,86,1064,0,118344,3568,0,0,1.1325619220733643,3.856278657913208,5.299776077270508,7.555933952331543,14.61219596862793,29.5074851989746,45.554641418457045,104.98298645019531,3.099313974380493,3.860379922389984,5.290874242782593,7.514507293701172,14.081880569458008,28.46205472946167,38.013415870666506,49.987083435058594,0.0014285714132711291,0.02742857113480568,0.08914285898208618,0.18142856657505035,0.3305714428424835,0.6070857167243924,0.8703314089775095,1.6339999437332153,0.0014285714132711291,0.028857143595814705,0.09114285558462143,0.18371428549289703,0.3319999873638153,0.6077142953872681,0.8699685728549955,1.6339999437332153,0,0,0.001714285695925355,1.593999981880188,0.00020837783813476562,0,1.8151262820004916e-08,2.0657463420330233e-05,0.00011076178127809271,0.0002660604316971914,0.0006415810665914141,0.0024572414165330452,0.004217623218490096,0.01531225341080682,120712,0.019221646711230278,0.029349761828780175,0.03979972377419472,0.07059457898139954,0.18732962384819984,5.2216507434844965,20.195589637756342,37.67210006713867,119741,0.01675652153789997,0.028524257242679596,0.04478810355067253,0.08923676609992981,0.21082499623298645,3.181316614151001,16.736145782470732,44.00405502319336,,66.49670343286623,-60.05495319070426,1.3684003513308296,0.0508051198908671
444,131072,123406,7666,0,7666,122244,121954,0,290,86,1076,0,118399,3555,0,0,1.1296825408935547,3.8947235345840454,5.310763716697693,7.557255744934082,14.676803588867188,29.495704174041748,45.958649635314906,104.91197967529297,3.14026141166687,3.896479916572571,5.299827694892883,7.515110969543457,14.13508677482605,28.427984523773183,38.07000148773195,49.95508575439453,0.0022857142612338066,0.027142856270074844,0.08914285898208618,0.18114285171031952,0.329714298248291,0.6082857251167297,0.8682857155799866,1.6231428384780884,0.0022857142612338066,0.028857143595814705,0.09142857044935226,0.18371428549289703,0.33085715770721436,0.6088571548461914,0.8682857155799866,1.6231428384780884,0,0,0.001714285695925355,1.5748571157455444,0.00020837783813476562,0,6.577877496098758e-08,2.0497452235265997e-05,0.00011041862972681818,0.00026534919351445024,0.0006404870924238569,0.0024550733329106993,0.004249391218369289,0.015301181673802898,120741,0.0192075427621603,0.029421307146549225,0.03982338309288025,0.07047174870967865,0.1870471090078354,5.141412258148193,20.617397308349652,41.29608917236328,119807,0.016712864860892296,0.028600121848285198,0.04476904682815075,0.08906260877847672,0.2110513374209404,3.10568258762359,16.551244621276854,41.76316452026367,,66.46753921021116,-60.01181023567202,1.3725439927313592,0.05224017817776204
445,131072,123363,7709,0,7709,122197,121954,0,243,84,1082,0,118376,3578,0,0,1.1615428924560547,3.9370254755020144,5.321078777313232,7.553788185119629,14.743243217468262,29.513797760009766,46.161787719726675,104.85398864746094,3.150841236114502,3.9382016539573668,5.3096054792404175,7.512090682983398,14.172275304794312,28.45231428146362,37.987807312011725,49.98808288574219,0.0014285714132711291,0.02742857113480568,0.08942857384681702,0.1817142814397812,0.3288571536540985,0.6074285507202148,0.868571400642395,1.6268571615219116,0.0014285714132711291,0.028857143595814705,0.0917142853140831,0.1842857152223587,0.3302857279777527,0.6091428399085999,0.8698485600948337,1.6268571615219116,0,0,0.0014285714132711291,1.583142876625061,0.00020837783813476562,0,3.419382484794475e-08,2.0476937319330023e-05,0.00011038704735561507,0.00026572658668484647,0.0006390713348736867,0.0024564996468060206,0.004244759616194925,0.015292198269098127,120717,0.019487464800477028,0.029533983394503593,0.04001030698418617,0.07054664939641953,0.18734605610370636,5.162407207489011,20.606040725708002,41.24310302734375,119792,0.01755346544086933,0.028625876642763615,0.044880274683237076,0.08970940113067627,0.21038960292935371,3.127968490123747,16.624665107727033,41.74816131591797,,66.43938852204298,-59.95567208927534,1.373158446470194,0.06280390337068956
446,131072,123287,7785,0,7785,122124,121875,0,249,84,1079,0,118250,3625,0,0,1.1685383319854736,3.9767781019210817,5.333210468292236,7.5587239265441895,14.800132751464844,29.540047073364253,46.2964665222168,104.80099487304688,3.2058377265930176,3.9780035972595216,5.321103572845459,7.514759063720703,14.209069728851318,28.475616836547815,38.013018341064445,49.998329162597656,0.0020000000949949026,0.027714285999536514,0.08971428871154785,0.18114285171031952,0.328000009059906,0.6060000061988831,0.8717542898654936,1.6308571100234985,0.0020000000949949026,0.02914285659790039,0.0917142853140831,0.1834285706281662,0.3294285833835602,0.6069428443908658,0.8734285831451416,1.6308571100234985,0,0,0.001714285695925355,1.5648571252822876,0.00020837783813476562,0,3.017125696606668e-08,2.052021560082239e-05,0.00011061910332571908,0.00026622670550624847,0.0006392983241479409,0.0024608978964566555,0.004256726438970867,0.015284388920250719,120665,0.019661912694573402,0.029598130285739897,0.04009613022208214,0.07058417797088623,0.18735188245773315,5.241001987457263,20.417295074462892,42.749107360839844,119705,0.017390212044119835,0.028819123283028603,0.04489562660455704,0.08997763693332672,0.2120402753353119,3.1586956024169863,16.75579421997061,42.70705795288086,,66.41140807828336,-59.9116450953043,1.3773919392406855,0.05233740433140214
447,131072,123285,7787,0,7787,122131,121858,0,273,88,1066,0,118204,3654,0,0,1.174534559249878,4.0228166580200195,5.345788955688477,7.565788269042969,14.864984512329102,29.540961456298803,46.214880371093834,104.72698974609375,3.225836753845215,4.023520183563233,5.335953235626221,7.519656181335449,14.255979776382446,28.518112182617188,38.099939117431624,49.99307632446289,0.0020000000949949026,0.027714285999536514,0.08971428871154785,0.18085713684558868,0.32742857933044434,0.6062856912612915,0.8759999871253967,1.621999979019165,0.0020000000949949026,0.029428571462631226,0.09200000017881393,0.18314285576343536,0.3288571536540985,0.607185718417166,0.8761228573322276,1.621999979019165,0,0,0.001714285695925355,1.5854285955429077,0.00020837783813476562,0,2.606553640803681e-08,2.0355858518578647e-05,0.0001102521713791998,0.0002658901677252642,0.0006380687705695165,0.0024662135681451395,0.004259383819246688,0.015271303144196962,120604,0.02001209370791912,0.029733726289123297,0.04024060629308224,0.07059347629547119,0.18870287016034126,5.404113459587094,20.669232711791995,41.045127868652344,119653,0.016980664804577827,0.028980886191129686,0.045164044946432114,0.09066509455442429,0.21135345101356506,3.168451738357536,17.183601150512473,39.0322265625,,66.37406317372717,-59.86026529934197,1.3676601855143873,0.06425910332420964
448,131072,123321,7751,0,7751,122184,121897,0,287,83,1054,0,118191,3706,0,0,1.1475518941879272,4.069108486175537,5.360379695892334,7.57717752456665,14.877983093261719,29.541168212890625,46.21708679199226,104.66697692871094,3.26483416557312,4.069810676574707,5.35051965713501,7.533246994018555,14.298917770385742,28.51640205383301,38.19370956420891,49.966331481933594,0.0020000000949949026,0.027714285999536514,0.08971428871154785,0.18114285171031952,0.32685714960098267,0.6071428656578064,0.8788571357727051,1.6248571872711182,0.0020000000949949026,0.029428571462631226,0.09200000017881393,0.1834285706281662,0.32828572392463684,0.6074285507202148,0.8765714168548584,1.6248571872711182,0,0,0.001714285695925355,1.402571439743042,0.00020837783813476562,0,2.2153435597260272e-08,2.044105537221614e-05,0.00010976446028092221,0.00026548433696521503,0.0006362930319218556,0.0024646808608226895,0.004262921186966771,0.015262382133786005,120661,0.02029009908437729,0.029933292418718338,0.04032815992832184,0.07083208113908768,0.18806080520153046,5.341201305389404,20.907100296020477,41.206138610839844,119746,0.017763523384928703,0.029073120094835758,0.04519281629472971,0.09112852066755295,0.21234700828790665,3.1259812712669373,17.14374332427982,41.196136474609375,,66.32208053195794,-59.80875859340977,1.3738849346473585,0.07344306164003707
